listingAddress/full,listingAddress/street,listingAddress/city,listingAddress/state,homeStatus,listingStatus,bedrooms,livingArea,price,listingPrice/amount,daysOnZillow,propertyUrl,hdpUrl,lastSoldPrice,listingPriceHistory/0/date,listingPriceHistory/0/event,listingPriceHistory/1/date,listingPriceHistory/1/event,listingPriceHistory/2/date,listingPriceHistory/2/event,listingPriceHistory/3/date,listingPriceHistory/3/event,listingPriceHistory/4/date,listingPriceHistory/4/event,listingPriceHistory/5/date,listingPriceHistory/5/event
"165 Bighorn Trl, Maumelle, AR 72113",165 Bighorn Trl,Maumelle,AR,,other,4,1533,,246100,75,https://www.zillow.com/homedetails/165-Bighorn-Trl-Maumelle-AR-72113/461212840_zpid/,,,2026-07-10T00:00:00.000Z,Listed for rent,2026-06-24T00:00:00.000Z,Contingent,2026-03-22T00:00:00.000Z,Listed for sale,,,,,,
"170 Bighorn Trl, Maumelle, AR 72113",170 Bighorn Trl,Maumelle,AR,,other,3,1382,,234200,32,https://www.zillow.com/homedetails/170-Bighorn-Trl-Maumelle-AR-72113/461017693_zpid/,,,2026-07-11T00:00:00.000Z,Listed for rent,2026-06-24T00:00:00.000Z,Contingent,2026-03-13T00:00:00.000Z,Listed for sale,,,,,,
"160 Bighorn Trl, Maumelle, AR 72113",160 Bighorn Trl,Maumelle,AR,,other,5,1884,,264300,74,https://www.zillow.com/homedetails/160-Bighorn-Trl-Maumelle-AR-72113/461212873_zpid/,,,2026-07-11T00:00:00.000Z,Listed for rent,2026-06-24T00:00:00.000Z,Contingent,2026-03-22T00:00:00.000Z,Listed for sale,,,,,,
"50 Swayze Rhys Ln, Cabot, AR 72023",50 Swayze Rhys Ln,Cabot,AR,,sold,4,1652,,217825,756,https://www.zillow.com/homedetails/50-Swayze-Rhys-Ln-Cabot-AR-72023/350308169_zpid/,,217825,2026-08-15T00:00:00.000Z,Listed for rent,2026-06-16T00:00:00.000Z,Listed for sale,2024-08-29T00:00:00.000Z,Sold,,,,,,
"714 S Spring St, Jacksonville, AR 72076",714 S Spring St,Jacksonville,AR,,forRent,2,1028,,1200,24,https://www.zillow.com/homedetails/714-S-Spring-St-Jacksonville-AR-72076/267071_zpid/,,15000,2026-08-30T00:00:00.000Z,Listed for rent,2024-10-04T00:00:00.000Z,Sold,,,,,,,,
"607 Timberline Rd, Jacksonville, AR 72076",607 Timberline Rd,Jacksonville,AR,,forRent,3,1305,,1700,18,https://www.zillow.com/homedetails/607-Timberline-Rd-Jacksonville-AR-72076/447645046_zpid/,,,2026-09-05T00:00:00.000Z,Listed for rent,,,,,,,,,,
"832 Pine Tree Rd, Jacksonville, AR 72076",832 Pine Tree Rd,Jacksonville,AR,,forRent,4,1559,,1995,63,https://www.zillow.com/homedetails/832-Pine-Tree-Rd-Jacksonville-AR-72076/463641836_zpid/,,,2026-07-22T00:00:00.000Z,Listed for rent,,,,,,,,,,
"821 Pine Tree Rd, Jacksonville, AR 72076",821 Pine Tree Rd,Jacksonville,AR,,forRent,3,1305,,1725,36,https://www.zillow.com/homedetails/821-Pine-Tree-Rd-Jacksonville-AR-72076/456373818_zpid/,,,2026-08-18T00:00:00.000Z,Listed for rent,,,,,,,,,,
"70 Kinley Brook Ln, Cabot, AR 72023",70 Kinley Brook Ln,Cabot,AR,,forRent,3,1012,,1550,43,https://www.zillow.com/homedetails/70-Kinley-Brook-Ln-Cabot-AR-72023/2055560788_zpid/,,175775,2026-08-11T00:00:00.000Z,Listed for rent,2024-02-27T00:00:00.000Z,Sold,,,,,,,,
"35 Foster Louis Ln, Cabot, AR 72023",35 Foster Louis Ln,Cabot,AR,,forRent,3,1234,,1455,26,https://www.zillow.com/homedetails/35-Foster-Louis-Ln-Cabot-AR-72023/349183675_zpid/,,,2026-08-28T00:00:00.000Z,Listed for rent,,,,,,,,,,
"100 Nona Ruth Ln, Cabot, AR 72023",100 Nona Ruth Ln,Cabot,AR,,forRent,4,1459,,1460,15,https://www.zillow.com/homedetails/100-Nona-Ruth-Ln-Cabot-AR-72023/463333811_zpid/,,,2026-09-09T00:00:00.000Z,Listed for rent,,,,,,,,,,
"140 Nona Ruth Ln, Cabot, AR 72023",140 Nona Ruth Ln,Cabot,AR,,forRent,3,1402,,1410,9,https://www.zillow.com/homedetails/140-Nona-Ruth-Ln-Cabot-AR-72023/464348901_zpid/,,,2026-09-14T00:00:00.000Z,Listed for rent,,,,,,,,,,
"115 Maddison Rachael, Cabot, AR 72023",115 Maddison Rachael,Cabot,AR,,forRent,3,1373,,1410,15,https://www.zillow.com/homedetails/115-Maddison-Rachael-Cabot-AR-72023/463940284_zpid/,,,2026-09-09T00:00:00.000Z,Listed for rent,,,,,,,,,,
"60 Leruss Blvd, Cabot, AR 72023",60 Leruss Blvd,Cabot,AR,,forRent,3,1422,,1399,50,https://www.zillow.com/homedetails/60-Leruss-Blvd-Cabot-AR-72023/342062290_zpid/,,203000,2026-08-04T00:00:00.000Z,Listed for rent,2024-06-11T00:00:00.000Z,Sold,,,,,,,,
"155 Maddison Dr, Cabot, AR 72023",155 Maddison Dr,Cabot,AR,,forRent,4,1600,,1535,9,https://www.zillow.com/homedetails/155-Maddison-Dr-Cabot-AR-72023/465236137_zpid/,,,2026-09-14T00:00:00.000Z,Listed for rent,,,,,,,,,,
"15 Vineyard Dr, Mayflower, AR 72106",15 Vineyard Dr,Mayflower,AR,,forRent,5,1867,,1855,14,https://www.zillow.com/homedetails/15-Vineyard-Dr-Mayflower-AR-72106/460693101_zpid/,,222000,2026-09-09T00:00:00.000Z,Listed for rent,2026-08-24T00:00:00.000Z,Sold,,,,,,,,
"105 Maddison Rachael, Cabot, AR 72023",105 Maddison Rachael,Cabot,AR,,forRent,4,1459,,1460,15,https://www.zillow.com/homedetails/105-Maddison-Rachael-Cabot-AR-72023/463333812_zpid/,,,2026-09-09T00:00:00.000Z,Listed for rent,,,,,,,,,,
"7 Cabernet Way, Mayflower, AR 72106",7 Cabernet Way,Mayflower,AR,,forRent,3,1290,,1550,21,https://www.zillow.com/homedetails/7-Cabernet-Way-Mayflower-AR-72106/463057997_zpid/,,208300,2026-09-02T00:00:00.000Z,Listed for rent,2026-08-28T00:00:00.000Z,Sold,,,,,,,,
"120 Nona Ruth Ln, Cabot, AR 72023",120 Nona Ruth Ln,Cabot,AR,,forRent,3,1402,,1410,15,https://www.zillow.com/homedetails/120-Nona-Ruth-Ln-Cabot-AR-72023/464079221_zpid/,,,2026-09-09T00:00:00.000Z,Listed for rent,,,,,,,,,,
"15 Cabernet Way, Mayflower, AR 72106",15 Cabernet Way,Mayflower,AR,,forRent,4,1810,,1845,13,https://www.zillow.com/homedetails/15-Cabernet-Way-Mayflower-AR-72106/464353000_zpid/,,,2026-09-10T00:00:00.000Z,Listed for rent,,,,,,,,,,
"110 Nona Ruth Ln, Cabot, AR 72023",110 Nona Ruth Ln,Cabot,AR,,forRent,3,1248,,1310,15,https://www.zillow.com/homedetails/110-Nona-Ruth-Ln-Cabot-AR-72023/463333813_zpid/,,,2026-09-09T00:00:00.000Z,Listed for rent,,,,,,,,,,
"6005 Coywolf, Maumelle, AR 72113",6005 Coywolf,Maumelle,AR,,forRent,4,1955,,2300,7,https://www.zillow.com/homedetails/6005-Coywolf-Maumelle-AR-72113/465322717_zpid/,,,2026-09-16T00:00:00.000Z,Listed for rent,,,,,,,,,,
"113 Lucy Ln, Maumelle, AR 72113",113 Lucy Ln,Maumelle,AR,,forRent,3,1051,,1460,15,https://www.zillow.com/homedetails/113-Lucy-Ln-Maumelle-AR-72113/463057776_zpid/,,,2026-06-09T00:00:00.000Z,Listed for sale,,,,,,,,,,
"2400 SW Ednruance Way #2, Maumelle, AR 72113",2400 SW Ednruance Way #2,Maumelle,AR,,forRent,3,1200,,1995,92,https://www.zillow.com/homedetails/2400-SW-Ednruance-Way-2-Maumelle-AR-72113/463401793_zpid/,,,2026-06-23T00:00:00.000Z,Listed for rent,,,,,,,,,,
"10700 Mason Dr, North Little Rock, AR 72113",10700 Mason Dr,North Little Rock,AR,,forRent,3,1248,,1700,15,https://www.zillow.com/homedetails/10700-Mason-Dr-North-Little-Rock-AR-72113/457082284_zpid/,,204325,2026-09-08T00:00:00.000Z,Listed for rent,2026-03-11T00:00:00.000Z,Sold,,,,,,,,
"65 Swayze Rhys Ln, Cabot, AR 72023",65 Swayze Rhys Ln,Cabot,AR,,forRent,3,1633,,1675,41,https://www.zillow.com/homedetails/65-Swayze-Rhys-Ln-Cabot-AR-72023/2052994194_zpid/,,213925,2026-08-13T00:00:00.000Z,Listed for rent,2024-05-01T00:00:00.000Z,Sold,,,,,,,,
"5102 Stanford Ct, Maumelle, AR 72113",5102 Stanford Ct,Maumelle,AR,,forRent,4,2584,,3300,1,https://www.zillow.com/homedetails/5102-Stanford-Ct-Maumelle-AR-72113/2066797167_zpid/,,,2026-09-23T00:00:00.000Z,Listed for rent,,,,,,,,,,
"3802 Pinecrest Ln, Maumelle, AR 72113",3802 Pinecrest Ln,Maumelle,AR,,forRent,4,2435,,2550,20,https://www.zillow.com/homedetails/3802-Pinecrest-Ln-Maumelle-AR-72113/465038347_zpid/,,,2026-09-03T00:00:00.000Z,Listed for rent,,,,,,,,,,
"25 Maddison Rachael, Cabot, AR 72023",25 Maddison Rachael,Cabot,AR,,forRent,3,1248,,1310,15,https://www.zillow.com/homedetails/25-Maddison-Rachael-Cabot-AR-72023/460872609_zpid/,,,2026-09-09T00:00:00.000Z,Listed for rent,,,,,,,,,,
"113 Lucy Ln, Maumelle, AR 72113",113 Lucy Ln,Maumelle,AR,,forRent,3,1051,,1460,15,https://www.zillow.com/homedetails/113-Lucy-Ln-Maumelle-AR-72113/463057776_zpid/,,,2026-06-09T00:00:00.000Z,Listed for sale,,,,,,,,,,
"2400 SW Ednruance Way #2, Maumelle, AR 72113",2400 SW Ednruance Way #2,Maumelle,AR,,forRent,3,1200,,1995,92,https://www.zillow.com/homedetails/2400-SW-Ednruance-Way-2-Maumelle-AR-72113/463401793_zpid/,,,2026-06-23T00:00:00.000Z,Listed for rent,,,,,,,,,,
"3802 Pinecrest Ln, Maumelle, AR 72113",3802 Pinecrest Ln,Maumelle,AR,,forRent,4,2435,,2550,20,https://www.zillow.com/homedetails/3802-Pinecrest-Ln-Maumelle-AR-72113/465038347_zpid/,,,2026-09-03T00:00:00.000Z,Listed for rent,,,,,,,,,,
"6005 Coywolf, Maumelle, AR 72113",6005 Coywolf,Maumelle,AR,,forRent,4,1955,,2300,7,https://www.zillow.com/homedetails/6005-Coywolf-Maumelle-AR-72113/465322717_zpid/,,,2026-09-16T00:00:00.000Z,Listed for rent,,,,,,,,,,
"10700 Mason Dr, North Little Rock, AR 72113",10700 Mason Dr,North Little Rock,AR,,forRent,3,1248,,1700,15,https://www.zillow.com/homedetails/10700-Mason-Dr-North-Little-Rock-AR-72113/457082284_zpid/,,204325,2026-09-08T00:00:00.000Z,Listed for rent,2026-03-11T00:00:00.000Z,Sold,,,,,,,,
"5102 Stanford Ct, Maumelle, AR 72113",5102 Stanford Ct,Maumelle,AR,,forRent,4,2584,,3300,1,https://www.zillow.com/homedetails/5102-Stanford-Ct-Maumelle-AR-72113/2066797167_zpid/,,,2026-09-23T00:00:00.000Z,Listed for rent,,,,,,,,,,
"205 Logan Dr, Maumelle, AR 72113",205 Logan Dr,Maumelle,AR,,forRent,3,1472,,1835,68,https://www.zillow.com/homedetails/205-Logan-Dr-Maumelle-AR-72113/2057186361_zpid/,,,2026-07-17T00:00:00.000Z,Listed for rent,,,,,,,,,,
"2400 SW Ednruance Way, Maumelle, AR 72113",2400 SW Ednruance Way,Maumelle,AR,,other,,,,,,"https://www.zillow.com/b/2400-sw-ednruance-way-maumelle-ar/34.87126275998,-92.450398671503_ll/",,,,,,,,,,,,,,
"203 Logan Dr, Maumelle, AR 72113",203 Logan Dr,Maumelle,AR,,forRent,3,1472,,1835,54,https://www.zillow.com/homedetails/203-Logan-Dr-Maumelle-AR-72113/2057186362_zpid/,,,2026-07-31T00:00:00.000Z,Listed for rent,,,,,,,,,,
"117 Logan Dr, Maumelle, AR 72113",117 Logan Dr,Maumelle,AR,,forRent,3,1472,,1835,78,https://www.zillow.com/homedetails/117-Logan-Dr-Maumelle-AR-72113/2057186355_zpid/,,,2026-07-07T00:00:00.000Z,Listed for rent,,,,,,,,,,
"158 Ridgeland Dr, Maumelle, AR 72113",158 Ridgeland Dr,Maumelle,AR,,forRent,3,1835,,1975,15,https://www.zillow.com/homedetails/158-Ridgeland-Dr-Maumelle-AR-72113/325729_zpid/,,188900,2026-09-08T00:00:00.000Z,Listed for rent,2018-03-09T00:00:00.000Z,Sold,,,,,,,,
"9 Oak Forest Dr, Maumelle, AR 72113",9 Oak Forest Dr,Maumelle,AR,,forRent,3,1176,,1675,8,https://www.zillow.com/homedetails/9-Oak-Forest-Dr-Maumelle-AR-72113/326498_zpid/,,785000,2026-09-15T00:00:00.000Z,Listed for rent,2015-05-29T00:00:00.000Z,Sold,,,,,,,,
"110 River Valley Loop, Maumelle, AR 72113",110 River Valley Loop,Maumelle,AR,,forRent,4,2670,,2600,14,https://www.zillow.com/homedetails/110-River-Valley-Loop-Maumelle-AR-72113/79782764_zpid/,,340000,2026-09-10T00:00:00.000Z,Listed for rent,2021-06-15T00:00:00.000Z,Sold,,,,,,,,
"11 Page Cv, Maumelle, AR 72113",11 Page Cv,Maumelle,AR,,forRent,3,1294,,1695,21,https://www.zillow.com/homedetails/11-Page-Cv-Maumelle-AR-72113/326629_zpid/,,222125,2026-09-02T00:00:00.000Z,Listed for rent,2014-01-01T00:00:00.000Z,Sold,,,,,,,,
"111 Miramar Dr, Maumelle, AR 72113",111 Miramar Dr,Maumelle,AR,,forRent,3,2404,,2390,19,https://www.zillow.com/homedetails/111-Miramar-Dr-Maumelle-AR-72113/328081_zpid/,,240000,2026-09-04T00:00:00.000Z,Listed for rent,2022-01-04T00:00:00.000Z,Sold,,,,,,,,
"21 Pin Oak Loop, Maumelle, AR 72113",21 Pin Oak Loop,Maumelle,AR,,forRent,3,1270,,1500,7,https://www.zillow.com/homedetails/21-Pin-Oak-Loop-Maumelle-AR-72113/326790_zpid/,,177000,2026-09-16T00:00:00.000Z,Listed for rent,2025-04-11T00:00:00.000Z,Sold,,,,,,,,
"61 Pin Oak Loop, Maumelle, AR 72113",61 Pin Oak Loop,Maumelle,AR,,forRent,3,1173,,1495,82,https://www.zillow.com/homedetails/61-Pin-Oak-Loop-Maumelle-AR-72113/326810_zpid/,,175000,2026-07-03T00:00:00.000Z,Listed for rent,2022-09-30T00:00:00.000Z,Sold,,,,,,,,
"20 Edgehill Cv, Maumelle, AR 72113",20 Edgehill Cv,Maumelle,AR,,forRent,3,1520,,1095,0,https://www.zillow.com/homedetails/20-Edgehill-Cv-Maumelle-AR-72113/79781400_zpid/,,357500,2026-09-23T00:00:00.000Z,Listed for rent,2013-12-23T00:00:00.000Z,Sold,,,,,,,,
"24 Oak Ridge Dr, Maumelle, AR 72113",24 Oak Ridge Dr,Maumelle,AR,,forRent,3,1176,,1650,2,https://www.zillow.com/homedetails/24-Oak-Ridge-Dr-Maumelle-AR-72113/326760_zpid/,,97231,2026-09-22T00:00:00.000Z,Listed for rent,2014-04-14T00:00:00.000Z,Sold,,,,,,,,
"10413 Cypress Knee Dr, Maumelle, AR 72113",10413 Cypress Knee Dr,Maumelle,AR,,forRent,3,1480,,1800,84,https://www.zillow.com/homedetails/10413-Cypress-Knee-Dr-Maumelle-AR-72113/2060938533_zpid/,,,2026-07-01T00:00:00.000Z,Listed for rent,,,,,,,,,,
"57 Stoneledge Dr, Maumelle, AR 72113",57 Stoneledge Dr,Maumelle,AR,,forRent,4,1961,,1950,33,https://www.zillow.com/homedetails/57-Stoneledge-Dr-Maumelle-AR-72113/326028_zpid/,,145000,2026-08-21T00:00:00.000Z,Listed for rent,2024-04-23T00:00:00.000Z,Sold,,,,,,,,
"2 Corbet Ln, Maumelle, AR 72113",2 Corbet Ln,Maumelle,AR,,forRent,3,1523,,2300,33,https://www.zillow.com/homedetails/2-Corbet-Ln-Maumelle-AR-72113/122005820_zpid/,,,2026-08-21T00:00:00.000Z,Listed for rent,,,,,,,,,,
"81 Oak Forest Loop, Maumelle, AR 72113",81 Oak Forest Loop,Maumelle,AR,,forRent,3,1300,,1700,65,https://www.zillow.com/homedetails/81-Oak-Forest-Loop-Maumelle-AR-72113/326542_zpid/,,145000,2026-07-20T00:00:00.000Z,Listed for rent,2021-01-15T00:00:00.000Z,Sold,,,,,,,,
"127 Chambery Dr, Maumelle, AR 72113",127 Chambery Dr,Maumelle,AR,,forRent,4,1651,,2500,20,https://www.zillow.com/homedetails/127-Chambery-Dr-Maumelle-AR-72113/122006196_zpid/,,,2026-07-24T00:00:00.000Z,Listed for rent,,,,,,,,,,
"127 Rolling Oaks Dr, Maumelle, AR 72113",127 Rolling Oaks Dr,Maumelle,AR,,forRent,3,1240,,1475,23,https://www.zillow.com/homedetails/127-Rolling-Oaks-Dr-Maumelle-AR-72113/326438_zpid/,,79500,2026-08-31T00:00:00.000Z,Listed for rent,2014-05-01T00:00:00.000Z,Sold,,,,,,,,
"5 Stoneledge Dr, Maumelle, AR 72113",5 Stoneledge Dr,Maumelle,AR,,forRent,3,1755,,1795,40,https://www.zillow.com/homedetails/5-Stoneledge-Dr-Maumelle-AR-72113/326005_zpid/,,240000,2026-08-14T00:00:00.000Z,Listed for rent,2025-02-06T00:00:00.000Z,Sold,,,,,,,,
"106 Jo Park Ln, Maumelle, AR 72113",106 Jo Park Ln,Maumelle,AR,,forRent,4,1640,,2000,48,https://www.zillow.com/homedetails/106-Jo-Park-Ln-Maumelle-AR-72113/2056841941_zpid/,,,2026-08-06T00:00:00.000Z,Listed for rent,,,,,,,,,,
"32 Cinderwood Cv, Maumelle, AR 72113",32 Cinderwood Cv,Maumelle,AR,,forRent,3,2467,,1895,24,https://www.zillow.com/homedetails/32-Cinderwood-Cv-Maumelle-AR-72113/343619_zpid/,,505000,2026-08-30T00:00:00.000Z,Listed for rent,2015-09-30T00:00:00.000Z,Sold,,,,,,,,
"2169 Bentwood Dr, Alexander, AR 72002",2169 Bentwood Dr,Alexander,AR,,forRent,4,1477,,1900,2,https://www.zillow.com/homedetails/2169-Bentwood-Dr-Alexander-AR-72002/2064742947_zpid/,,223785,2026-09-21T00:00:00.000Z,Listed for rent,2022-06-29T00:00:00.000Z,Sold,,,,,,,,
"2344 Bassett St, Benton, AR 72019",2344 Bassett St,Benton,AR,,forRent,3,1523,,1545,15,https://www.zillow.com/homedetails/2344-Bassett-St-Benton-AR-72019/463059714_zpid/,,,2026-09-09T00:00:00.000Z,Listed for rent,,,,,,,,,,
"4340 Sloan Dr, Alexander, AR 72002",4340 Sloan Dr,Alexander,AR,,forRent,4,1850,,2140,60,https://www.zillow.com/homedetails/4340-Sloan-Dr-Alexander-AR-72002/442183331_zpid/,,267480,2026-08-09T00:00:00.000Z,Listed for rent,2025-03-25T00:00:00.000Z,Sold,,,,,,,,
"802 Gussy Ln, Benton, AR 72019",802 Gussy Ln,Benton,AR,,forRent,4,1459,,1650,0,https://www.zillow.com/homedetails/802-Gussy-Ln-Benton-AR-72019/460667108_zpid/,,222900,2026-08-21T00:00:00.000Z,Listed for rent,2026-08-11T00:00:00.000Z,Sold,,,,,,,,
"8065 Chesapeake Trl, Bauxite, AR 72011",8065 Chesapeake Trl,Bauxite,AR,,forRent,4,1699,,1595,15,https://www.zillow.com/homedetails/8065-Chesapeake-Trl-Bauxite-AR-72011/462191986_zpid/,,,2026-09-09T00:00:00.000Z,Listed for rent,,,,,,,,,,
"8072 Chesapeake Trl, Bauxite, AR 72011",8072 Chesapeake Trl,Bauxite,AR,,forRent,4,1492,,1650,12,https://www.zillow.com/homedetails/8072-Chesapeake-Trl-Bauxite-AR-72011/457082278_zpid/,,208600,2026-09-12T00:00:00.000Z,Listed for rent,2026-07-30T00:00:00.000Z,Sold,,,,,,,,
"3008 Emerald Park Trl, Bauxite, AR 72011",3008 Emerald Park Trl,Bauxite,AR,,forRent,3,1528,,1500,22,https://www.zillow.com/homedetails/3008-Emerald-Park-Trl-Bauxite-AR-72011/2070250448_zpid/,,181875,2026-09-05T00:00:00.000Z,Listed for rent,2021-08-31T00:00:00.000Z,Sold,,,,,,,,
"8056 Chesapeake Trl, Bauxite, AR 72011",8056 Chesapeake Trl,Bauxite,AR,,forRent,3,1651,,1545,15,https://www.zillow.com/homedetails/8056-Chesapeake-Trl-Bauxite-AR-72011/457082351_zpid/,,,2026-09-09T00:00:00.000Z,Listed for rent,,,,,,,,,,
"754 Gussy Ln, Benton, AR 72019",754 Gussy Ln,Benton,AR,,forRent,3,1523,,1600,12,https://www.zillow.com/homedetails/754-Gussy-Ln-Benton-AR-72019/464376472_zpid/,,220900,2026-09-11T00:00:00.000Z,Listed for rent,2026-08-27T00:00:00.000Z,Sold,,,,,,,,
"8073 Chesapeake Trl, Bauxite, AR 72011",8073 Chesapeake Trl,Bauxite,AR,,forRent,3,1442,,1495,15,https://www.zillow.com/homedetails/8073-Chesapeake-Trl-Bauxite-AR-72011/460744961_zpid/,,,2026-09-09T00:00:00.000Z,Listed for rent,,,,,,,,,,
"8016 Chesapeake Trl, Bauxite, AR 72011",8016 Chesapeake Trl,Bauxite,AR,,forRent,3,1442,,1495,15,https://www.zillow.com/homedetails/8016-Chesapeake-Trl-Bauxite-AR-72011/457082295_zpid/,,,2026-09-09T00:00:00.000Z,Listed for rent,,,,,,,,,,
"7001 Potomac Trl, Bauxite, AR 72011",7001 Potomac Trl,Bauxite,AR,,forRent,3,1051,,1295,15,https://www.zillow.com/homedetails/7001-Potomac-Trl-Bauxite-AR-72011/461516494_zpid/,,,2026-09-09T00:00:00.000Z,Listed for rent,,,,,,,,,,
"8000 Chesapeake Trl, Bauxite, AR 72011",8000 Chesapeake Trl,Bauxite,AR,,forRent,3,1373,,1445,15,https://www.zillow.com/homedetails/8000-Chesapeake-Trl-Bauxite-AR-72011/464083308_zpid/,,,2026-09-09T00:00:00.000Z,Listed for rent,,,,,,,,,,
"8049 Chesapeake Trl, Bauxite, AR 72011",8049 Chesapeake Trl,Bauxite,AR,,forRent,3,1301,,1395,15,https://www.zillow.com/homedetails/8049-Chesapeake-Trl-Bauxite-AR-72011/463059708_zpid/,,,2026-09-09T00:00:00.000Z,Listed for rent,,,,,,,,,,
"2352 Bassett St, Benton, AR 72019",2352 Bassett St,Benton,AR,,forRent,4,1852,,1695,15,https://www.zillow.com/homedetails/2352-Bassett-St-Benton-AR-72019/461516492_zpid/,,,2026-09-09T00:00:00.000Z,Listed for rent,,,,,,,,,,
"8040 Chesapeake Trl, Bauxite, AR 72011",8040 Chesapeake Trl,Bauxite,AR,,forRent,4,1496,,1495,15,https://www.zillow.com/homedetails/8040-Chesapeake-Trl-Bauxite-AR-72011/457082335_zpid/,,,2026-09-09T00:00:00.000Z,Listed for rent,,,,,,,,,,
"8057 Chesapeake Trl, Bauxite, AR 72011",8057 Chesapeake Trl,Bauxite,AR,,forRent,4,1496,,1545,15,https://www.zillow.com/homedetails/8057-Chesapeake-Trl-Bauxite-AR-72011/462191990_zpid/,,,2026-09-09T00:00:00.000Z,Listed for rent,,,,,,,,,,
"8024 Chesapeake Trl, Bauxite, AR 72011",8024 Chesapeake Trl,Bauxite,AR,,forRent,3,1248,,1345,15,https://www.zillow.com/homedetails/8024-Chesapeake-Trl-Bauxite-AR-72011/457082320_zpid/,,,2026-09-09T00:00:00.000Z,Listed for rent,,,,,,,,,,
"1628 Rambling Brook Dr, Benton, AR 72015",1628 Rambling Brook Dr,Benton,AR,,forRent,3,1216,,1850,13,https://www.zillow.com/homedetails/1628-Rambling-Brook-Dr-Benton-AR-72015/463057763_zpid/,,200900,2026-09-10T00:00:00.000Z,Listed for rent,2026-08-28T00:00:00.000Z,Sold,,,,,,,,
"113 Lucy Ln, Maumelle, AR 72113",113 Lucy Ln,Maumelle,AR,,forRent,3,1051,,1460,15,https://www.zillow.com/homedetails/113-Lucy-Ln-Maumelle-AR-72113/463057776_zpid/,,,2026-06-09T00:00:00.000Z,Listed for sale,,,,,,,,,,
"4332 Sloan Dr, Alexander, AR 72002",4332 Sloan Dr,Alexander,AR,,other,4,2112,,310600,57,https://www.zillow.com/homedetails/4332-Sloan-Dr-Alexander-AR-72002/464195265_zpid/,,,2026-08-09T00:00:00.000Z,Listed for rent,,,,,,,,,,
"4340 Sloan Dr, Alexander, AR 72002",4340 Sloan Dr,Alexander,AR,,forRent,4,1850,,2140,60,https://www.zillow.com/homedetails/4340-Sloan-Dr-Alexander-AR-72002/442183331_zpid/,,267480,2026-08-09T00:00:00.000Z,Listed for rent,2025-03-25T00:00:00.000Z,Sold,,,,,,,,
"1620 Rambling Brook Dr, Benton, AR 72015",1620 Rambling Brook Dr,Benton,AR,,forRent,3,1355,,1850,13,https://www.zillow.com/homedetails/1620-Rambling-Brook-Dr-Benton-AR-72015/463057732_zpid/,,206900,2026-09-10T00:00:00.000Z,Listed for rent,2026-08-28T00:00:00.000Z,Sold,,,,,,,,
"144 Jonathan Dr, Maumelle, AR 72113",144 Jonathan Dr,Maumelle,AR,,sold,3,1402,,225150,55,https://www.zillow.com/homedetails/144-Jonathan-Dr-Maumelle-AR-72113/462538135_zpid/,,225150,2026-08-02T00:00:00.000Z,Listed for rent,2026-07-31T00:00:00.000Z,Sold,,,,,,,,
"(Undisclosed Address), Maumelle, AR 72113",(Undisclosed Address),Maumelle,AR,,sold,4,1470,,222925,1094,https://www.zillow.com/homedetails/Maumelle-AR-72113/2056969175_zpid/,,222925,2026-07-06T00:00:00.000Z,Listed for rent,2023-09-26T00:00:00.000Z,Sold,,,,,,,,
"22530 Sam Tillery Dr, Alexander, AR 72002",22530 Sam Tillery Dr,Alexander,AR,,forRent,3,1633,,1995,1,https://www.zillow.com/homedetails/22530-Sam-Tillery-Dr-Alexander-AR-72002/465489014_zpid/,,,2026-09-22T00:00:00.000Z,Listed for rent,,,,,,,,,,
"22930 Sam Tillery Dr, Alexander, AR 72002",22930 Sam Tillery Dr,Alexander,AR,,forRent,4,1640,,2000,30,https://www.zillow.com/homedetails/22930-Sam-Tillery-Dr-Alexander-AR-72002/464786376_zpid/,,,2026-08-24T00:00:00.000Z,Listed for rent,,,,,,,,,,
"6099 Meridian Dr, Alexander, AR 72002",6099 Meridian Dr,Alexander,AR,,forRent,4,1824,,2195,13,https://www.zillow.com/homedetails/6099-Meridian-Dr-Alexander-AR-72002/456178536_zpid/,,,2025-12-23T00:00:00.000Z,Listed for rent,2025-08-22T00:00:00.000Z,Listed for sale,,,,,,,,
"6312 Warwick Dr, Bryant, AR 72002",6312 Warwick Dr,Bryant,AR,,sold,4,1849,,267000,87,https://www.zillow.com/homedetails/6312-Warwick-Dr-Bryant-AR-72002/460975832_zpid/,,267000,2026-06-17T00:00:00.000Z,Listed for rent,2026-06-29T00:00:00.000Z,Sold,,,,,,,,
"6316 Warwick Dr, Alexander, AR 72002",6316 Warwick Dr,Alexander,AR,,forRent,4,1884,,2300,54,https://www.zillow.com/homedetails/6316-Warwick-Dr-Alexander-AR-72002/461049113_zpid/,,277000,2026-07-31T00:00:00.000Z,Listed for rent,2026-06-29T00:00:00.000Z,Sold,,,,,,,,
"2277 Sam Tillery Dr, Alexander, AR 72002",2277 Sam Tillery Dr,Alexander,AR,,sold,4,1439,,222900,30,https://www.zillow.com/homedetails/2277-Sam-Tillery-Dr-Alexander-AR-72002/462316857_zpid/,,222900,2026-08-27T00:00:00.000Z,Listed for rent,2026-08-25T00:00:00.000Z,Sold,,,,,,,,
"2333 Sam Tillery Dr, Alexander, AR 72002",2333 Sam Tillery Dr,Alexander,AR,,sold,3,1472,,226900,56,https://www.zillow.com/homedetails/2333-Sam-Tillery-Dr-Alexander-AR-72002/462538267_zpid/,,226900,2026-07-31T00:00:00.000Z,Listed for rent,2026-07-30T00:00:00.000Z,Sold,,,,,,,,
"802 Gussy Ln, Benton, AR 72019",802 Gussy Ln,Benton,AR,,forRent,4,1459,,1650,0,https://www.zillow.com/homedetails/802-Gussy-Ln-Benton-AR-72019/460667108_zpid/,,222900,2026-08-21T00:00:00.000Z,Listed for rent,2026-08-11T00:00:00.000Z,Sold,,,,,,,,
"754 Gussy Ln, Benton, AR 72019",754 Gussy Ln,Benton,AR,,forRent,3,1523,,1600,12,https://www.zillow.com/homedetails/754-Gussy-Ln-Benton-AR-72019/464376472_zpid/,,220900,2026-09-11T00:00:00.000Z,Listed for rent,2026-08-27T00:00:00.000Z,Sold,,,,,,,,
"102 Southfork Dr, Beebe, AR 72012",102 Southfork Dr,Beebe,AR,,forRent,3,1472,,1375,15,https://www.zillow.com/homedetails/102-Southfork-Dr-Beebe-AR-72012/458613273_zpid/,,,2026-09-09T00:00:00.000Z,Listed for rent,,,,,,,,,,
"101 King Ranch Dr, Beebe, AR 72012",101 King Ranch Dr,Beebe,AR,,forRent,3,1413,,1325,15,https://www.zillow.com/homedetails/101-King-Ranch-Dr-Beebe-AR-72012/463785355_zpid/,,,2026-09-09T00:00:00.000Z,Listed for rent,,,,,,,,,,
"102 Powder River Dr, Beebe, AR 72012",102 Powder River Dr,Beebe,AR,,sold,4,1613,,201000,76,https://www.zillow.com/homedetails/102-Powder-River-Dr-Beebe-AR-72012/460485262_zpid/,,201000,2026-07-31T00:00:00.000Z,Listed for rent,2026-07-10T00:00:00.000Z,Sold,,,,,,,,
"4101 Red Maple Ln, Alexander, AR 72002",4101 Red Maple Ln,Alexander,AR,,sold,3,1523,,230000,59,https://www.zillow.com/homedetails/4101-Red-Maple-Ln-Alexander-AR-72002/461650523_zpid/,,230000,2026-08-05T00:00:00.000Z,Listed for rent,2026-07-27T00:00:00.000Z,Sold,,,,,,,,
"2349 Sam Tillery Dr, Alexander, AR 72002",2349 Sam Tillery Dr,Alexander,AR,,sold,3,1446,,223900,86,https://www.zillow.com/homedetails/2349-Sam-Tillery-Dr-Alexander-AR-72002/461266492_zpid/,,223900,2026-07-14T00:00:00.000Z,Listed for rent,2026-06-30T00:00:00.000Z,Sold,,,,,,,,
"126 Powder River Dr, Beebe, AR 72012",126 Powder River Dr,Beebe,AR,,forRent,4,1496,,1420,15,https://www.zillow.com/homedetails/126-Powder-River-Dr-Beebe-AR-72012/463467372_zpid/,,,2026-09-09T00:00:00.000Z,Listed for rent,,,,,,,,,,
"105 King Ranch Dr, Beebe, AR 72012",105 King Ranch Dr,Beebe,AR,,forRent,3,1569,,1420,15,https://www.zillow.com/homedetails/105-King-Ranch-Dr-Beebe-AR-72012/463785363_zpid/,,,2026-09-09T00:00:00.000Z,Listed for rent,,,,,,,,,,
"15088 Thompson Branch Trl, Hensley, AR 72065",15088 Thompson Branch Trl,Hensley,AR,,forRent,3,1523,,1505,15,https://www.zillow.com/homedetails/15088-Thompson-Branch-Trl-Hensley-AR-72065/461413231_zpid/,,,2026-09-09T00:00:00.000Z,Listed for rent,,,,,,,,,,
"128 Powder River Dr, Beebe, AR 72012",128 Powder River Dr,Beebe,AR,,forRent,4,1496,,1420,15,https://www.zillow.com/homedetails/128-Powder-River-Dr-Beebe-AR-72012/463057955_zpid/,,,2026-09-09T00:00:00.000Z,Listed for rent,,,,,,,,,,
"103 Powder River Dr, Beebe, AR 72012",103 Powder River Dr,Beebe,AR,,forRent,4,1496,,1195,64,https://www.zillow.com/homedetails/103-Powder-River-Dr-Beebe-AR-72012/457323671_zpid/,,,2026-06-05T00:00:00.000Z,Listed for rent,,,,,,,,,,
"125 Powder River Dr, Beebe, AR 72012",125 Powder River Dr,Beebe,AR,,sold,4,1640,,188900,62,https://www.zillow.com/homedetails/125-Powder-River-Dr-Beebe-AR-72012/458967504_zpid/,,188900,2026-09-07T00:00:00.000Z,Listed for rent,2026-07-24T00:00:00.000Z,Sold,,,,,,,,
"118 Powder River Dr, Beebe, AR 72012",118 Powder River Dr,Beebe,AR,,sold,3,1301,,183825,62,https://www.zillow.com/homedetails/118-Powder-River-Dr-Beebe-AR-72012/460485207_zpid/,,183825,2026-09-07T00:00:00.000Z,Listed for rent,2026-07-24T00:00:00.000Z,Sold,,,,,,,,
"15105 Thompson Branch Trl, Hensley, AR 72065",15105 Thompson Branch Trl,Hensley,AR,,forRent,3,1446,,1460,15,https://www.zillow.com/homedetails/15105-Thompson-Branch-Trl-Hensley-AR-72065/462191989_zpid/,,,2026-09-09T00:00:00.000Z,Listed for rent,,,,,,,,,,
"15104 Thompson Branch Trl, Hensley, AR 72065",15104 Thompson Branch Trl,Hensley,AR,,forRent,4,1442,,1460,15,https://www.zillow.com/homedetails/15104-Thompson-Branch-Trl-Hensley-AR-72065/463333815_zpid/,,,2026-09-09T00:00:00.000Z,Listed for rent,,,,,,,,,,
"15128 Thompson Branch Trl, Hensley, AR 72065",15128 Thompson Branch Trl,Hensley,AR,,forRent,3,1612,,1555,15,https://www.zillow.com/homedetails/15128-Thompson-Branch-Trl-Hensley-AR-72065/463866341_zpid/,,,2026-09-09T00:00:00.000Z,Listed for rent,,,,,,,,,,
"100 Nona Ruth Ln, Cabot, AR 72023",100 Nona Ruth Ln,Cabot,AR,,forRent,4,1459,,1460,15,https://www.zillow.com/homedetails/100-Nona-Ruth-Ln-Cabot-AR-72023/463333811_zpid/,,,2026-09-09T00:00:00.000Z,Listed for rent,,,,,,,,,,
"15112 Thompson Branch Trl, Hensley, AR 72065",15112 Thompson Branch Trl,Hensley,AR,,forRent,3,1612,,1555,15,https://www.zillow.com/homedetails/15112-Thompson-Branch-Trl-Hensley-AR-72065/463333808_zpid/,,,2026-09-09T00:00:00.000Z,Listed for rent,,,,,,,,,,
"15120 Thompson Branch Trl, Hensley, AR 72065",15120 Thompson Branch Trl,Hensley,AR,,forRent,3,1355,,1460,15,https://www.zillow.com/homedetails/15120-Thompson-Branch-Trl-Hensley-AR-72065/463333816_zpid/,,,2026-09-09T00:00:00.000Z,Listed for rent,,,,,,,,,,
"15096 Thompson Branch Trl, Hensley, AR 72065",15096 Thompson Branch Trl,Hensley,AR,,forRent,4,1699,,1605,15,https://www.zillow.com/homedetails/15096-Thompson-Branch-Trl-Hensley-AR-72065/463333814_zpid/,,,2026-09-09T00:00:00.000Z,Listed for rent,,,,,,,,,,
"115 Maddison Rachael, Cabot, AR 72023",115 Maddison Rachael,Cabot,AR,,forRent,3,1373,,1410,15,https://www.zillow.com/homedetails/115-Maddison-Rachael-Cabot-AR-72023/463940284_zpid/,,,2026-09-09T00:00:00.000Z,Listed for rent,,,,,,,,,,
"105 Maddison Rachael, Cabot, AR 72023",105 Maddison Rachael,Cabot,AR,,forRent,4,1459,,1460,15,https://www.zillow.com/homedetails/105-Maddison-Rachael-Cabot-AR-72023/463333812_zpid/,,,2026-09-09T00:00:00.000Z,Listed for rent,,,,,,,,,,
"25 Maddison Rachael, Cabot, AR 72023",25 Maddison Rachael,Cabot,AR,,forRent,3,1248,,1310,15,https://www.zillow.com/homedetails/25-Maddison-Rachael-Cabot-AR-72023/460872609_zpid/,,,2026-09-09T00:00:00.000Z,Listed for rent,,,,,,,,,,
"140 Nona Ruth Ln, Cabot, AR 72023",140 Nona Ruth Ln,Cabot,AR,,forRent,3,1402,,1410,9,https://www.zillow.com/homedetails/140-Nona-Ruth-Ln-Cabot-AR-72023/464348901_zpid/,,,2026-09-14T00:00:00.000Z,Listed for rent,,,,,,,,,,
"120 Nona Ruth Ln, Cabot, AR 72023",120 Nona Ruth Ln,Cabot,AR,,forRent,3,1402,,1410,15,https://www.zillow.com/homedetails/120-Nona-Ruth-Ln-Cabot-AR-72023/464079221_zpid/,,,2026-09-09T00:00:00.000Z,Listed for rent,,,,,,,,,,
"110 Nona Ruth Ln, Cabot, AR 72023",110 Nona Ruth Ln,Cabot,AR,,forRent,3,1248,,1310,15,https://www.zillow.com/homedetails/110-Nona-Ruth-Ln-Cabot-AR-72023/463333813_zpid/,,,2026-09-09T00:00:00.000Z,Listed for rent,,,,,,,,,,
"55 Maddison Rachael, Cabot, AR 72023",55 Maddison Rachael,Cabot,AR,,sold,4,1459,,212900,62,https://www.zillow.com/homedetails/55-Maddison-Rachael-Cabot-AR-72023/461972684_zpid/,,212900,2026-07-31T00:00:00.000Z,Listed for rent,2026-07-24T00:00:00.000Z,Sold,,,,,,,,
"14611 Parkway Meadows Dr, Alexander, AR 72002",14611 Parkway Meadows Dr,Alexander,AR,,forRent,3,1500,,1625,6,https://www.zillow.com/homedetails/14611-Parkway-Meadows-Dr-Alexander-AR-72002/112089546_zpid/,,192000,2026-09-17T00:00:00.000Z,Listed for rent,2022-03-09T00:00:00.000Z,Sold,,,,,,,,
"70 Kinley Brook Ln, Cabot, AR 72023",70 Kinley Brook Ln,Cabot,AR,,forRent,3,1012,,1550,43,https://www.zillow.com/homedetails/70-Kinley-Brook-Ln-Cabot-AR-72023/2055560788_zpid/,,175775,2026-08-11T00:00:00.000Z,Listed for rent,2024-02-27T00:00:00.000Z,Sold,,,,,,,,
"60 Leruss Blvd, Cabot, AR 72023",60 Leruss Blvd,Cabot,AR,,forRent,3,1422,,1399,50,https://www.zillow.com/homedetails/60-Leruss-Blvd-Cabot-AR-72023/342062290_zpid/,,203000,2026-08-04T00:00:00.000Z,Listed for rent,2024-06-11T00:00:00.000Z,Sold,,,,,,,,
"1111 Green Meadows Dr, Beebe, AR 72012",1111 Green Meadows Dr,Beebe,AR,,forRent,3,1050,,1195,14,https://www.zillow.com/homedetails/1111-Green-Meadows-Dr-Beebe-AR-72012/112947926_zpid/,,,2026-09-09T00:00:00.000Z,Listed for rent,,,,,,,,,,
"65 Swayze Rhys Ln, Cabot, AR 72023",65 Swayze Rhys Ln,Cabot,AR,,forRent,3,1633,,1675,41,https://www.zillow.com/homedetails/65-Swayze-Rhys-Ln-Cabot-AR-72023/2052994194_zpid/,,213925,2026-08-13T00:00:00.000Z,Listed for rent,2024-05-01T00:00:00.000Z,Sold,,,,,,,,
"85 Kyndall Lauren Ln, Cabot, AR 72023",85 Kyndall Lauren Ln,Cabot,AR,,sold,3,1249,,179900,521,https://www.zillow.com/homedetails/85-Kyndall-Lauren-Ln-Cabot-AR-72023/442588183_zpid/,,179900,2026-07-28T00:00:00.000Z,Listed for rent,2025-04-21T00:00:00.000Z,Sold,,,,,,,,
"1067 Huntington Dr, Benton, AR 72019",1067 Huntington Dr,Benton,AR,,forRent,4,1459,,1495,41,https://www.zillow.com/homedetails/1067-Huntington-Dr-Benton-AR-72019/2061767452_zpid/,,,2026-08-13T00:00:00.000Z,Listed for rent,,,,,,,,,,
"14815 Parkway Meadows Dr, Alexander, AR 72002",14815 Parkway Meadows Dr,Alexander,AR,,forRent,3,1243,,1495,25,https://www.zillow.com/homedetails/14815-Parkway-Meadows-Dr-Alexander-AR-72002/114165875_zpid/,,187500,2026-08-29T00:00:00.000Z,Listed for rent,2023-04-06T00:00:00.000Z,Sold,,,,,,,,
"15 Vineyard Dr, Mayflower, AR 72106",15 Vineyard Dr,Mayflower,AR,,forRent,5,1867,,1855,14,https://www.zillow.com/homedetails/15-Vineyard-Dr-Mayflower-AR-72106/460693101_zpid/,,222000,2026-09-09T00:00:00.000Z,Listed for rent,2026-08-24T00:00:00.000Z,Sold,,,,,,,,
"832 Pine Tree Rd, Jacksonville, AR 72076",832 Pine Tree Rd,Jacksonville,AR,,forRent,4,1559,,1995,63,https://www.zillow.com/homedetails/832-Pine-Tree-Rd-Jacksonville-AR-72076/463641836_zpid/,,,2026-07-22T00:00:00.000Z,Listed for rent,,,,,,,,,,
"714 S Spring St, Jacksonville, AR 72076",714 S Spring St,Jacksonville,AR,,forRent,2,1028,,1200,24,https://www.zillow.com/homedetails/714-S-Spring-St-Jacksonville-AR-72076/267071_zpid/,,15000,2026-08-30T00:00:00.000Z,Listed for rent,2024-10-04T00:00:00.000Z,Sold,,,,,,,,
"607 Timberline Rd, Jacksonville, AR 72076",607 Timberline Rd,Jacksonville,AR,,forRent,3,1305,,1700,18,https://www.zillow.com/homedetails/607-Timberline-Rd-Jacksonville-AR-72076/447645046_zpid/,,,2026-09-05T00:00:00.000Z,Listed for rent,,,,,,,,,,
"15 Cabernet Way, Mayflower, AR 72106",15 Cabernet Way,Mayflower,AR,,forRent,4,1810,,1845,13,https://www.zillow.com/homedetails/15-Cabernet-Way-Mayflower-AR-72106/464353000_zpid/,,,2026-09-10T00:00:00.000Z,Listed for rent,,,,,,,,,,
"7 Cabernet Way, Mayflower, AR 72106",7 Cabernet Way,Mayflower,AR,,forRent,3,1290,,1550,21,https://www.zillow.com/homedetails/7-Cabernet-Way-Mayflower-AR-72106/463057997_zpid/,,208300,2026-09-02T00:00:00.000Z,Listed for rent,2026-08-28T00:00:00.000Z,Sold,,,,,,,,
"105 Maddison Rachael, Cabot, AR 72023",105 Maddison Rachael,Cabot,AR,,forRent,4,1459,,1460,15,https://www.zillow.com/homedetails/105-Maddison-Rachael-Cabot-AR-72023/463333812_zpid/,,,2026-09-09T00:00:00.000Z,Listed for rent,,,,,,,,,,
"155 Maddison Dr, Cabot, AR 72023",155 Maddison Dr,Cabot,AR,,forRent,4,1600,,1535,9,https://www.zillow.com/homedetails/155-Maddison-Dr-Cabot-AR-72023/465236137_zpid/,,,2026-09-14T00:00:00.000Z,Listed for rent,,,,,,,,,,
"65 Swayze Rhys Ln, Cabot, AR 72023",65 Swayze Rhys Ln,Cabot,AR,,forRent,3,1633,,1675,41,https://www.zillow.com/homedetails/65-Swayze-Rhys-Ln-Cabot-AR-72023/2052994194_zpid/,,213925,2026-08-13T00:00:00.000Z,Listed for rent,2024-05-01T00:00:00.000Z,Sold,,,,,,,,
"70 Kinley Brook Ln, Cabot, AR 72023",70 Kinley Brook Ln,Cabot,AR,,forRent,3,1012,,1550,44,https://www.zillow.com/homedetails/70-Kinley-Brook-Ln-Cabot-AR-72023/2055560788_zpid/,,175775,2026-08-11T00:00:00.000Z,Listed for rent,2024-02-27T00:00:00.000Z,Sold,,,,,,,,
"821 Pine Tree Rd, Jacksonville, AR 72076",821 Pine Tree Rd,Jacksonville,AR,,forRent,3,1305,,1725,36,https://www.zillow.com/homedetails/821-Pine-Tree-Rd-Jacksonville-AR-72076/456373818_zpid/,,,2026-08-18T00:00:00.000Z,Listed for rent,,,,,,,,,,
"115 Maddison Rachael, Cabot, AR 72023",115 Maddison Rachael,Cabot,AR,,forRent,3,1373,,1410,15,https://www.zillow.com/homedetails/115-Maddison-Rachael-Cabot-AR-72023/463940284_zpid/,,,2026-09-09T00:00:00.000Z,Listed for rent,,,,,,,,,,
"140 Nona Ruth Ln, Cabot, AR 72023",140 Nona Ruth Ln,Cabot,AR,,forRent,3,1402,,1410,9,https://www.zillow.com/homedetails/140-Nona-Ruth-Ln-Cabot-AR-72023/464348901_zpid/,,,2026-09-14T00:00:00.000Z,Listed for rent,,,,,,,,,,
"35 Foster Louis Ln, Cabot, AR 72023",35 Foster Louis Ln,Cabot,AR,,forRent,3,1234,,1455,26,https://www.zillow.com/homedetails/35-Foster-Louis-Ln-Cabot-AR-72023/349183675_zpid/,,,2026-08-28T00:00:00.000Z,Listed for rent,,,,,,,,,,
"100 Nona Ruth Ln, Cabot, AR 72023",100 Nona Ruth Ln,Cabot,AR,,forRent,4,1459,,1460,15,https://www.zillow.com/homedetails/100-Nona-Ruth-Ln-Cabot-AR-72023/463333811_zpid/,,,2026-09-09T00:00:00.000Z,Listed for rent,,,,,,,,,,
"3802 Pinecrest Ln, Maumelle, AR 72113",3802 Pinecrest Ln,Maumelle,AR,,forRent,4,2435,,2550,20,https://www.zillow.com/homedetails/3802-Pinecrest-Ln-Maumelle-AR-72113/465038347_zpid/,,,2026-09-03T00:00:00.000Z,Listed for rent,,,,,,,,,,
"6005 Coywolf, Maumelle, AR 72113",6005 Coywolf,Maumelle,AR,,forRent,4,1955,,2300,7,https://www.zillow.com/homedetails/6005-Coywolf-Maumelle-AR-72113/465322717_zpid/,,,2026-09-16T00:00:00.000Z,Listed for rent,,,,,,,,,,
"120 Nona Ruth Ln, Cabot, AR 72023",120 Nona Ruth Ln,Cabot,AR,,forRent,3,1402,,1410,15,https://www.zillow.com/homedetails/120-Nona-Ruth-Ln-Cabot-AR-72023/464079221_zpid/,,,2026-09-09T00:00:00.000Z,Listed for rent,,,,,,,,,,
"110 Nona Ruth Ln, Cabot, AR 72023",110 Nona Ruth Ln,Cabot,AR,,forRent,3,1248,,1310,15,https://www.zillow.com/homedetails/110-Nona-Ruth-Ln-Cabot-AR-72023/463333813_zpid/,,,2026-09-09T00:00:00.000Z,Listed for rent,,,,,,,,,,
"113 Lucy Ln, Maumelle, AR 72113",113 Lucy Ln,Maumelle,AR,,forRent,3,1051,,1460,15,https://www.zillow.com/homedetails/113-Lucy-Ln-Maumelle-AR-72113/463057776_zpid/,,,2026-06-09T00:00:00.000Z,Listed for sale,,,,,,,,,,
"60 Leruss Blvd, Cabot, AR 72023",60 Leruss Blvd,Cabot,AR,,forRent,3,1422,,1399,50,https://www.zillow.com/homedetails/60-Leruss-Blvd-Cabot-AR-72023/342062290_zpid/,,203000,2026-08-04T00:00:00.000Z,Listed for rent,2024-06-11T00:00:00.000Z,Sold,,,,,,,,
"2400 SW Ednruance Way #2, Maumelle, AR 72113",2400 SW Ednruance Way #2,Maumelle,AR,,forRent,3,1200,,1995,93,https://www.zillow.com/homedetails/2400-SW-Ednruance-Way-2-Maumelle-AR-72113/463401793_zpid/,,,2026-06-23T00:00:00.000Z,Listed for rent,,,,,,,,,,
"25 Maddison Rachael, Cabot, AR 72023",25 Maddison Rachael,Cabot,AR,,forRent,3,1248,,1310,15,https://www.zillow.com/homedetails/25-Maddison-Rachael-Cabot-AR-72023/460872609_zpid/,,,2026-09-09T00:00:00.000Z,Listed for rent,,,,,,,,,,
"5102 Stanford Ct, Maumelle, AR 72113",5102 Stanford Ct,Maumelle,AR,,forRent,4,2584,,3300,1,https://www.zillow.com/homedetails/5102-Stanford-Ct-Maumelle-AR-72113/2066797167_zpid/,,,2026-09-23T00:00:00.000Z,Listed for rent,,,,,,,,,,
"10700 Mason Dr, North Little Rock, AR 72113",10700 Mason Dr,North Little Rock,AR,,forRent,3,1248,,1700,15,https://www.zillow.com/homedetails/10700-Mason-Dr-North-Little-Rock-AR-72113/457082284_zpid/,,204325,2026-09-08T00:00:00.000Z,Listed for rent,2026-03-11T00:00:00.000Z,Sold,,,,,,,,
"3802 Pinecrest Ln, Maumelle, AR 72113",3802 Pinecrest Ln,Maumelle,AR,,forRent,4,2435,,2550,20,https://www.zillow.com/homedetails/3802-Pinecrest-Ln-Maumelle-AR-72113/465038347_zpid/,,,2026-09-03T00:00:00.000Z,Listed for rent,,,,,,,,,,
"5102 Stanford Ct, Maumelle, AR 72113",5102 Stanford Ct,Maumelle,AR,,forRent,4,2584,,3300,1,https://www.zillow.com/homedetails/5102-Stanford-Ct-Maumelle-AR-72113/2066797167_zpid/,,,2026-09-23T00:00:00.000Z,Listed for rent,,,,,,,,,,
"2400 SW Ednruance Way #2, Maumelle, AR 72113",2400 SW Ednruance Way #2,Maumelle,AR,,forRent,3,1200,,1995,93,https://www.zillow.com/homedetails/2400-SW-Ednruance-Way-2-Maumelle-AR-72113/463401793_zpid/,,,2026-06-23T00:00:00.000Z,Listed for rent,,,,,,,,,,
"6005 Coywolf, Maumelle, AR 72113",6005 Coywolf,Maumelle,AR,,forRent,4,1955,,2300,7,https://www.zillow.com/homedetails/6005-Coywolf-Maumelle-AR-72113/465322717_zpid/,,,2026-09-16T00:00:00.000Z,Listed for rent,,,,,,,,,,
"113 Lucy Ln, Maumelle, AR 72113",113 Lucy Ln,Maumelle,AR,,forRent,3,1051,,1460,15,https://www.zillow.com/homedetails/113-Lucy-Ln-Maumelle-AR-72113/463057776_zpid/,,,2026-09-09T00:00:00.000Z,Listed for rent,,,,,,,,,,
"10700 Mason Dr, North Little Rock, AR 72113",10700 Mason Dr,North Little Rock,AR,,forRent,3,1248,,1700,15,https://www.zillow.com/homedetails/10700-Mason-Dr-North-Little-Rock-AR-72113/457082284_zpid/,,204325,2026-09-08T00:00:00.000Z,Listed for rent,2026-03-11T00:00:00.000Z,Sold,,,,,,,,
"106 Jo Park Ln, Maumelle, AR 72113",106 Jo Park Ln,Maumelle,AR,,forRent,4,1640,,2000,48,https://www.zillow.com/homedetails/106-Jo-Park-Ln-Maumelle-AR-72113/2056841941_zpid/,,,2026-08-06T00:00:00.000Z,Listed for rent,,,,,,,,,,
"117 Logan Dr, Maumelle, AR 72113",117 Logan Dr,Maumelle,AR,,forRent,3,1472,,1835,78,https://www.zillow.com/homedetails/117-Logan-Dr-Maumelle-AR-72113/2057186355_zpid/,,,2026-07-07T00:00:00.000Z,Listed for rent,,,,,,,,,,
"20 Edgehill Cv, Maumelle, AR 72113",20 Edgehill Cv,Maumelle,AR,,forRent,3,1520,,1095,0,https://www.zillow.com/homedetails/20-Edgehill-Cv-Maumelle-AR-72113/79781400_zpid/,,357500,2026-09-23T00:00:00.000Z,Listed for rent,2013-12-23T00:00:00.000Z,Sold,,,,,,,,
"205 Logan Dr, Maumelle, AR 72113",205 Logan Dr,Maumelle,AR,,forRent,3,1472,,1835,68,https://www.zillow.com/homedetails/205-Logan-Dr-Maumelle-AR-72113/2057186361_zpid/,,,2026-07-17T00:00:00.000Z,Listed for rent,,,,,,,,,,
"158 Ridgeland Dr, Maumelle, AR 72113",158 Ridgeland Dr,Maumelle,AR,,forRent,3,1835,,1975,15,https://www.zillow.com/homedetails/158-Ridgeland-Dr-Maumelle-AR-72113/325729_zpid/,,188900,2026-09-08T00:00:00.000Z,Listed for rent,2018-03-09T00:00:00.000Z,Sold,,,,,,,,
"203 Logan Dr, Maumelle, AR 72113",203 Logan Dr,Maumelle,AR,,forRent,3,1472,,1835,54,https://www.zillow.com/homedetails/203-Logan-Dr-Maumelle-AR-72113/2057186362_zpid/,,,2026-07-31T00:00:00.000Z,Listed for rent,,,,,,,,,,
"2400 SW Ednruance Way, Maumelle, AR 72113",2400 SW Ednruance Way,Maumelle,AR,,other,,,,,,"https://www.zillow.com/b/2400-sw-ednruance-way-maumelle-ar/34.87126275998,-92.450398671503_ll/",,,,,,,,,,,,,,
"21 Pin Oak Loop, Maumelle, AR 72113",21 Pin Oak Loop,Maumelle,AR,,forRent,3,1270,,1500,7,https://www.zillow.com/homedetails/21-Pin-Oak-Loop-Maumelle-AR-72113/326790_zpid/,,177000,2026-09-16T00:00:00.000Z,Listed for rent,2025-04-11T00:00:00.000Z,Sold,,,,,,,,
"111 Miramar Dr, Maumelle, AR 72113",111 Miramar Dr,Maumelle,AR,,forRent,3,2404,,2390,19,https://www.zillow.com/homedetails/111-Miramar-Dr-Maumelle-AR-72113/328081_zpid/,,240000,2026-09-04T00:00:00.000Z,Listed for rent,2022-01-04T00:00:00.000Z,Sold,,,,,,,,
"10413 Cypress Knee Dr, Maumelle, AR 72113",10413 Cypress Knee Dr,Maumelle,AR,,forRent,3,1480,,1800,84,https://www.zillow.com/homedetails/10413-Cypress-Knee-Dr-Maumelle-AR-72113/2060938533_zpid/,,,2026-07-01T00:00:00.000Z,Listed for rent,,,,,,,,,,
"61 Pin Oak Loop, Maumelle, AR 72113",61 Pin Oak Loop,Maumelle,AR,,forRent,3,1173,,1495,82,https://www.zillow.com/homedetails/61-Pin-Oak-Loop-Maumelle-AR-72113/326810_zpid/,,175000,2026-07-03T00:00:00.000Z,Listed for rent,2022-09-30T00:00:00.000Z,Sold,,,,,,,,
"2 Corbet Ln, Maumelle, AR 72113",2 Corbet Ln,Maumelle,AR,,forRent,3,1523,,2300,33,https://www.zillow.com/homedetails/2-Corbet-Ln-Maumelle-AR-72113/122005820_zpid/,,,2026-08-21T00:00:00.000Z,Listed for rent,,,,,,,,,,
"11 Page Cv, Maumelle, AR 72113",11 Page Cv,Maumelle,AR,,forRent,3,1294,,1695,21,https://www.zillow.com/homedetails/11-Page-Cv-Maumelle-AR-72113/326629_zpid/,,222125,2026-09-02T00:00:00.000Z,Listed for rent,2014-01-01T00:00:00.000Z,Sold,,,,,,,,
"9 Oak Forest Dr, Maumelle, AR 72113",9 Oak Forest Dr,Maumelle,AR,,forRent,3,1176,,1675,8,https://www.zillow.com/homedetails/9-Oak-Forest-Dr-Maumelle-AR-72113/326498_zpid/,,785000,2026-09-15T00:00:00.000Z,Listed for rent,2015-05-29T00:00:00.000Z,Sold,,,,,,,,
"57 Stoneledge Dr, Maumelle, AR 72113",57 Stoneledge Dr,Maumelle,AR,,forRent,4,1961,,1950,34,https://www.zillow.com/homedetails/57-Stoneledge-Dr-Maumelle-AR-72113/326028_zpid/,,145000,2026-08-21T00:00:00.000Z,Listed for rent,2024-04-23T00:00:00.000Z,Sold,,,,,,,,
"81 Oak Forest Loop, Maumelle, AR 72113",81 Oak Forest Loop,Maumelle,AR,,forRent,3,1300,,1700,65,https://www.zillow.com/homedetails/81-Oak-Forest-Loop-Maumelle-AR-72113/326542_zpid/,,145000,2026-07-20T00:00:00.000Z,Listed for rent,2021-01-15T00:00:00.000Z,Sold,,,,,,,,
"24 Oak Ridge Dr, Maumelle, AR 72113",24 Oak Ridge Dr,Maumelle,AR,,forRent,3,1176,,1650,2,https://www.zillow.com/homedetails/24-Oak-Ridge-Dr-Maumelle-AR-72113/326760_zpid/,,97231,2026-09-22T00:00:00.000Z,Listed for rent,2014-04-14T00:00:00.000Z,Sold,,,,,,,,
"127 Rolling Oaks Dr, Maumelle, AR 72113",127 Rolling Oaks Dr,Maumelle,AR,,forRent,3,1240,,1475,23,https://www.zillow.com/homedetails/127-Rolling-Oaks-Dr-Maumelle-AR-72113/326438_zpid/,,79500,2026-08-31T00:00:00.000Z,Listed for rent,2014-05-01T00:00:00.000Z,Sold,,,,,,,,
"127 Chambery Dr, Maumelle, AR 72113",127 Chambery Dr,Maumelle,AR,,forRent,4,1651,,2500,20,https://www.zillow.com/homedetails/127-Chambery-Dr-Maumelle-AR-72113/122006196_zpid/,,,2026-07-24T00:00:00.000Z,Listed for rent,,,,,,,,,,
"110 River Valley Loop, Maumelle, AR 72113",110 River Valley Loop,Maumelle,AR,,forRent,4,2670,,2600,14,https://www.zillow.com/homedetails/110-River-Valley-Loop-Maumelle-AR-72113/79782764_zpid/,,340000,2026-09-10T00:00:00.000Z,Listed for rent,2021-06-15T00:00:00.000Z,Sold,,,,,,,,
"5 Stoneledge Dr, Maumelle, AR 72113",5 Stoneledge Dr,Maumelle,AR,,forRent,3,1755,,1795,40,https://www.zillow.com/homedetails/5-Stoneledge-Dr-Maumelle-AR-72113/326005_zpid/,,240000,2026-08-14T00:00:00.000Z,Listed for rent,2025-02-06T00:00:00.000Z,Sold,,,,,,,,
"32 Cinderwood Cv, Maumelle, AR 72113",32 Cinderwood Cv,Maumelle,AR,,forRent,3,2467,,1895,24,https://www.zillow.com/homedetails/32-Cinderwood-Cv-Maumelle-AR-72113/343619_zpid/,,505000,2026-08-30T00:00:00.000Z,Listed for rent,2015-09-30T00:00:00.000Z,Sold,,,,,,,,
"754 Gussy Ln, Benton, AR 72019",754 Gussy Ln,Benton,AR,,forRent,3,1523,,1600,12,https://www.zillow.com/homedetails/754-Gussy-Ln-Benton-AR-72019/464376472_zpid/,,220900,2026-09-11T00:00:00.000Z,Listed for rent,,,,,,,,,,
"4340 Sloan Dr, Alexander, AR 72002",4340 Sloan Dr,Alexander,AR,,forRent,4,1850,,2140,60,https://www.zillow.com/homedetails/4340-Sloan-Dr-Alexander-AR-72002/442183331_zpid/,,267480,2026-08-09T00:00:00.000Z,Listed for rent,,,,,,,,,,
"2352 Bassett St, Benton, AR 72019",2352 Bassett St,Benton,AR,,forRent,4,1852,,1695,15,https://www.zillow.com/homedetails/2352-Bassett-St-Benton-AR-72019/461516492_zpid/,,,2026-09-09T00:00:00.000Z,Listed for rent,,,,,,,,,,
"2344 Bassett St, Benton, AR 72019",2344 Bassett St,Benton,AR,,forRent,3,1523,,1545,15,https://www.zillow.com/homedetails/2344-Bassett-St-Benton-AR-72019/463059714_zpid/,,,2026-09-09T00:00:00.000Z,Listed for rent,,,,,,,,,,
"7001 Potomac Trl, Bauxite, AR 72011",7001 Potomac Trl,Bauxite,AR,,forRent,3,1051,,1295,15,https://www.zillow.com/homedetails/7001-Potomac-Trl-Bauxite-AR-72011/461516494_zpid/,,,2026-09-09T00:00:00.000Z,Listed for rent,,,,,,,,,,
"8040 Chesapeake Trl, Bauxite, AR 72011",8040 Chesapeake Trl,Bauxite,AR,,forRent,4,1496,,1495,15,https://www.zillow.com/homedetails/8040-Chesapeake-Trl-Bauxite-AR-72011/457082335_zpid/,,,2026-09-09T00:00:00.000Z,Listed for rent,,,,,,,,,,
"8049 Chesapeake Trl, Bauxite, AR 72011",8049 Chesapeake Trl,Bauxite,AR,,forRent,3,1301,,1395,15,https://www.zillow.com/homedetails/8049-Chesapeake-Trl-Bauxite-AR-72011/463059708_zpid/,,,2026-09-09T00:00:00.000Z,Listed for rent,,,,,,,,,,
"8016 Chesapeake Trl, Bauxite, AR 72011",8016 Chesapeake Trl,Bauxite,AR,,forRent,3,1442,,1495,15,https://www.zillow.com/homedetails/8016-Chesapeake-Trl-Bauxite-AR-72011/457082295_zpid/,,,2026-09-09T00:00:00.000Z,Listed for rent,,,,,,,,,,
"8073 Chesapeake Trl, Bauxite, AR 72011",8073 Chesapeake Trl,Bauxite,AR,,forRent,3,1442,,1495,15,https://www.zillow.com/homedetails/8073-Chesapeake-Trl-Bauxite-AR-72011/460744961_zpid/,,,2026-09-09T00:00:00.000Z,Listed for rent,,,,,,,,,,
"8000 Chesapeake Trl, Bauxite, AR 72011",8000 Chesapeake Trl,Bauxite,AR,,forRent,3,1373,,1445,15,https://www.zillow.com/homedetails/8000-Chesapeake-Trl-Bauxite-AR-72011/464083308_zpid/,,,2026-09-09T00:00:00.000Z,Listed for rent,,,,,,,,,,
"8024 Chesapeake Trl, Bauxite, AR 72011",8024 Chesapeake Trl,Bauxite,AR,,forRent,3,1248,,1345,15,https://www.zillow.com/homedetails/8024-Chesapeake-Trl-Bauxite-AR-72011/457082320_zpid/,,,2026-09-09T00:00:00.000Z,Listed for rent,,,,,,,,,,
"802 Gussy Ln, Benton, AR 72019",802 Gussy Ln,Benton,AR,,forRent,4,1459,,1650,0,https://www.zillow.com/homedetails/802-Gussy-Ln-Benton-AR-72019/460667108_zpid/,,222900,2026-08-21T00:00:00.000Z,Listed for rent,,,,,,,,,,
"8065 Chesapeake Trl, Bauxite, AR 72011",8065 Chesapeake Trl,Bauxite,AR,,forRent,4,1699,,1595,15,https://www.zillow.com/homedetails/8065-Chesapeake-Trl-Bauxite-AR-72011/462191986_zpid/,,,2026-09-09T00:00:00.000Z,Listed for rent,,,,,,,,,,
"8056 Chesapeake Trl, Bauxite, AR 72011",8056 Chesapeake Trl,Bauxite,AR,,forRent,3,1651,,1545,15,https://www.zillow.com/homedetails/8056-Chesapeake-Trl-Bauxite-AR-72011/457082351_zpid/,,,2026-09-09T00:00:00.000Z,Listed for rent,,,,,,,,,,
"8057 Chesapeake Trl, Bauxite, AR 72011",8057 Chesapeake Trl,Bauxite,AR,,forRent,4,1496,,1545,15,https://www.zillow.com/homedetails/8057-Chesapeake-Trl-Bauxite-AR-72011/462191990_zpid/,,,2026-09-09T00:00:00.000Z,Listed for rent,,,,,,,,,,
"8072 Chesapeake Trl, Bauxite, AR 72011",8072 Chesapeake Trl,Bauxite,AR,,forRent,4,1492,,1650,12,https://www.zillow.com/homedetails/8072-Chesapeake-Trl-Bauxite-AR-72011/457082278_zpid/,,208600,2026-09-12T00:00:00.000Z,Listed for rent,,,,,,,,,,
"3008 Emerald Park Trl, Bauxite, AR 72011",3008 Emerald Park Trl,Bauxite,AR,,forRent,3,1528,,1500,23,https://www.zillow.com/homedetails/3008-Emerald-Park-Trl-Bauxite-AR-72011/2070250448_zpid/,,181875,2026-09-05T00:00:00.000Z,Listed for rent,,,,,,,,,,
"2169 Bentwood Dr, Alexander, AR 72002",2169 Bentwood Dr,Alexander,AR,,forRent,4,1477,,1900,2,https://www.zillow.com/homedetails/2169-Bentwood-Dr-Alexander-AR-72002/2064742947_zpid/,,223785,2026-09-21T00:00:00.000Z,Listed for rent,,,,,,,,,,
"4340 Sloan Dr, Alexander, AR 72002",4340 Sloan Dr,Alexander,AR,,forRent,4,1850,,2140,60,https://www.zillow.com/homedetails/4340-Sloan-Dr-Alexander-AR-72002/442183331_zpid/,,267480,2026-08-09T00:00:00.000Z,Listed for rent,,,,,,,,,,
"113 Lucy Ln, Maumelle, AR 72113",113 Lucy Ln,Maumelle,AR,,forRent,3,1051,,1460,15,https://www.zillow.com/homedetails/113-Lucy-Ln-Maumelle-AR-72113/463057776_zpid/,,,2026-09-09T00:00:00.000Z,Listed for rent,,,,,,,,,,
"1628 Rambling Brook Dr, Benton, AR 72015",1628 Rambling Brook Dr,Benton,AR,,forRent,3,1216,,1850,13,https://www.zillow.com/homedetails/1628-Rambling-Brook-Dr-Benton-AR-72015/463057763_zpid/,,200900,2026-09-10T00:00:00.000Z,Listed for rent,,,,,,,,,,
"1620 Rambling Brook Dr, Benton, AR 72015",1620 Rambling Brook Dr,Benton,AR,,forRent,3,1355,,1850,13,https://www.zillow.com/homedetails/1620-Rambling-Brook-Dr-Benton-AR-72015/463057732_zpid/,,206900,2026-09-10T00:00:00.000Z,Listed for rent,,,,,,,,,,
"6316 Warwick Dr, Alexander, AR 72002",6316 Warwick Dr,Alexander,AR,,forRent,4,1884,,2300,54,https://www.zillow.com/homedetails/6316-Warwick-Dr-Alexander-AR-72002/461049113_zpid/,,277000,2026-09-18T00:00:00.000Z,Price change,,,,,,,,,,
"6099 Meridian Dr, Alexander, AR 72002",6099 Meridian Dr,Alexander,AR,,forRent,4,1824,,2195,13,https://www.zillow.com/homedetails/6099-Meridian-Dr-Alexander-AR-72002/456178536_zpid/,,,2026-09-10T00:00:00.000Z,Listed for rent,,,,,,,,,,
"102 Southfork Dr, Beebe, AR 72012",102 Southfork Dr,Beebe,AR,,forRent,3,1472,,1375,15,https://www.zillow.com/homedetails/102-Southfork-Dr-Beebe-AR-72012/458613273_zpid/,,,2026-09-09T00:00:00.000Z,Listed for rent,,,,,,,,,,
"754 Gussy Ln, Benton, AR 72019",754 Gussy Ln,Benton,AR,,forRent,3,1523,,1600,12,https://www.zillow.com/homedetails/754-Gussy-Ln-Benton-AR-72019/464376472_zpid/,,220900,2026-09-11T00:00:00.000Z,Listed for rent,,,,,,,,,,
"22530 Sam Tillery Dr, Alexander, AR 72002",22530 Sam Tillery Dr,Alexander,AR,,forRent,3,1633,,1995,1,https://www.zillow.com/homedetails/22530-Sam-Tillery-Dr-Alexander-AR-72002/465489014_zpid/,,,2026-09-22T00:00:00.000Z,Listed for rent,,,,,,,,,,
"101 King Ranch Dr, Beebe, AR 72012",101 King Ranch Dr,Beebe,AR,,forRent,3,1413,,1325,15,https://www.zillow.com/homedetails/101-King-Ranch-Dr-Beebe-AR-72012/463785355_zpid/,,,2026-09-09T00:00:00.000Z,Listed for rent,,,,,,,,,,
"802 Gussy Ln, Benton, AR 72019",802 Gussy Ln,Benton,AR,,forRent,4,1459,,1650,0,https://www.zillow.com/homedetails/802-Gussy-Ln-Benton-AR-72019/460667108_zpid/,,222900,2026-08-21T00:00:00.000Z,Listed for rent,,,,,,,,,,
"103 Powder River Dr, Beebe, AR 72012",103 Powder River Dr,Beebe,AR,,forRent,4,1496,,1195,64,https://www.zillow.com/homedetails/103-Powder-River-Dr-Beebe-AR-72012/457323671_zpid/,,,2026-09-16T00:00:00.000Z,Price change,,,,,,,,,,
"22930 Sam Tillery Dr, Alexander, AR 72002",22930 Sam Tillery Dr,Alexander,AR,,forRent,4,1640,,2000,30,https://www.zillow.com/homedetails/22930-Sam-Tillery-Dr-Alexander-AR-72002/464786376_zpid/,,,2026-09-10T00:00:00.000Z,Price change,,,,,,,,,,
"105 King Ranch Dr, Beebe, AR 72012",105 King Ranch Dr,Beebe,AR,,forRent,3,1569,,1420,15,https://www.zillow.com/homedetails/105-King-Ranch-Dr-Beebe-AR-72012/463785363_zpid/,,,2026-09-09T00:00:00.000Z,Listed for rent,,,,,,,,,,
"126 Powder River Dr, Beebe, AR 72012",126 Powder River Dr,Beebe,AR,,forRent,4,1496,,1420,15,https://www.zillow.com/homedetails/126-Powder-River-Dr-Beebe-AR-72012/463467372_zpid/,,,2026-09-09T00:00:00.000Z,Listed for rent,,,,,,,,,,
"15096 Thompson Branch Trl, Hensley, AR 72065",15096 Thompson Branch Trl,Hensley,AR,,forRent,4,1699,,1605,15,https://www.zillow.com/homedetails/15096-Thompson-Branch-Trl-Hensley-AR-72065/463333814_zpid/,,,2026-09-09T00:00:00.000Z,Listed for rent,,,,,,,,,,
"128 Powder River Dr, Beebe, AR 72012",128 Powder River Dr,Beebe,AR,,forRent,4,1496,,1420,15,https://www.zillow.com/homedetails/128-Powder-River-Dr-Beebe-AR-72012/463057955_zpid/,,,2026-09-09T00:00:00.000Z,Listed for rent,,,,,,,,,,
"15104 Thompson Branch Trl, Hensley, AR 72065",15104 Thompson Branch Trl,Hensley,AR,,forRent,4,1442,,1460,15,https://www.zillow.com/homedetails/15104-Thompson-Branch-Trl-Hensley-AR-72065/463333815_zpid/,,,2026-09-09T00:00:00.000Z,Listed for rent,,,,,,,,,,
"15105 Thompson Branch Trl, Hensley, AR 72065",15105 Thompson Branch Trl,Hensley,AR,,forRent,3,1446,,1460,15,https://www.zillow.com/homedetails/15105-Thompson-Branch-Trl-Hensley-AR-72065/462191989_zpid/,,,2026-09-09T00:00:00.000Z,Listed for rent,,,,,,,,,,
"15088 Thompson Branch Trl, Hensley, AR 72065",15088 Thompson Branch Trl,Hensley,AR,,forRent,3,1523,,1505,15,https://www.zillow.com/homedetails/15088-Thompson-Branch-Trl-Hensley-AR-72065/461413231_zpid/,,,2026-09-09T00:00:00.000Z,Listed for rent,,,,,,,,,,
"15120 Thompson Branch Trl, Hensley, AR 72065",15120 Thompson Branch Trl,Hensley,AR,,forRent,3,1355,,1460,15,https://www.zillow.com/homedetails/15120-Thompson-Branch-Trl-Hensley-AR-72065/463333816_zpid/,,,2026-09-09T00:00:00.000Z,Listed for rent,,,,,,,,,,
"100 Nona Ruth Ln, Cabot, AR 72023",100 Nona Ruth Ln,Cabot,AR,,forRent,4,1459,,1460,15,https://www.zillow.com/homedetails/100-Nona-Ruth-Ln-Cabot-AR-72023/463333811_zpid/,,,2026-09-09T00:00:00.000Z,Listed for rent,,,,,,,,,,
"15112 Thompson Branch Trl, Hensley, AR 72065",15112 Thompson Branch Trl,Hensley,AR,,forRent,3,1612,,1555,15,https://www.zillow.com/homedetails/15112-Thompson-Branch-Trl-Hensley-AR-72065/463333808_zpid/,,,2026-09-09T00:00:00.000Z,Listed for rent,,,,,,,,,,
"115 Maddison Rachael, Cabot, AR 72023",115 Maddison Rachael,Cabot,AR,,forRent,3,1373,,1410,15,https://www.zillow.com/homedetails/115-Maddison-Rachael-Cabot-AR-72023/463940284_zpid/,,,2026-09-09T00:00:00.000Z,Listed for rent,,,,,,,,,,
"15128 Thompson Branch Trl, Hensley, AR 72065",15128 Thompson Branch Trl,Hensley,AR,,forRent,3,1612,,1555,15,https://www.zillow.com/homedetails/15128-Thompson-Branch-Trl-Hensley-AR-72065/463866341_zpid/,,,2026-09-09T00:00:00.000Z,Listed for rent,,,,,,,,,,
"105 Maddison Rachael, Cabot, AR 72023",105 Maddison Rachael,Cabot,AR,,forRent,4,1459,,1460,15,https://www.zillow.com/homedetails/105-Maddison-Rachael-Cabot-AR-72023/463333812_zpid/,,,2026-09-09T00:00:00.000Z,Listed for rent,,,,,,,,,,
"110 Nona Ruth Ln, Cabot, AR 72023",110 Nona Ruth Ln,Cabot,AR,,forRent,3,1248,,1310,15,https://www.zillow.com/homedetails/110-Nona-Ruth-Ln-Cabot-AR-72023/463333813_zpid/,,,2026-09-09T00:00:00.000Z,Listed for rent,,,,,,,,,,
"1067 Huntington Dr, Benton, AR 72019",1067 Huntington Dr,Benton,AR,,forRent,4,1459,,1495,41,https://www.zillow.com/homedetails/1067-Huntington-Dr-Benton-AR-72019/2061767452_zpid/,,,2026-09-17T00:00:00.000Z,Price change,,,,,,,,,,
"25 Maddison Rachael, Cabot, AR 72023",25 Maddison Rachael,Cabot,AR,,forRent,3,1248,,1310,15,https://www.zillow.com/homedetails/25-Maddison-Rachael-Cabot-AR-72023/460872609_zpid/,,,2026-09-09T00:00:00.000Z,Listed for rent,,,,,,,,,,
"140 Nona Ruth Ln, Cabot, AR 72023",140 Nona Ruth Ln,Cabot,AR,,forRent,3,1402,,1410,9,https://www.zillow.com/homedetails/140-Nona-Ruth-Ln-Cabot-AR-72023/464348901_zpid/,,,2026-09-14T00:00:00.000Z,Listed for rent,,,,,,,,,,
"60 Leruss Blvd, Cabot, AR 72023",60 Leruss Blvd,Cabot,AR,,forRent,3,1422,,1399,50,https://www.zillow.com/homedetails/60-Leruss-Blvd-Cabot-AR-72023/342062290_zpid/,,203000,2026-09-14T00:00:00.000Z,Price change,,,,,,,,,,
"120 Nona Ruth Ln, Cabot, AR 72023",120 Nona Ruth Ln,Cabot,AR,,forRent,3,1402,,1410,15,https://www.zillow.com/homedetails/120-Nona-Ruth-Ln-Cabot-AR-72023/464079221_zpid/,,,2026-09-09T00:00:00.000Z,Listed for rent,,,,,,,,,,
"70 Kinley Brook Ln, Cabot, AR 72023",70 Kinley Brook Ln,Cabot,AR,,forRent,3,1012,,1550,44,https://www.zillow.com/homedetails/70-Kinley-Brook-Ln-Cabot-AR-72023/2055560788_zpid/,,175775,2026-09-23T00:00:00.000Z,Price change,,,,,,,,,,
"65 Swayze Rhys Ln, Cabot, AR 72023",65 Swayze Rhys Ln,Cabot,AR,,forRent,3,1633,,1675,41,https://www.zillow.com/homedetails/65-Swayze-Rhys-Ln-Cabot-AR-72023/2052994194_zpid/,,213925,2026-09-08T00:00:00.000Z,Price change,,,,,,,,,,
"2344 Bassett St, Benton, AR 72019",2344 Bassett St,Benton,AR,,forRent,3,1523,,1545,15,https://www.zillow.com/homedetails/2344-Bassett-St-Benton-AR-72019/463059714_zpid/,,,2026-09-09T00:00:00.000Z,Listed for rent,,,,,,,,,,
"1111 Green Meadows Dr, Beebe, AR 72012",1111 Green Meadows Dr,Beebe,AR,,forRent,3,1050,,1195,14,https://www.zillow.com/homedetails/1111-Green-Meadows-Dr-Beebe-AR-72012/112947926_zpid/,,,2026-09-09T00:00:00.000Z,Listed for rent,,,,,,,,,,
"2352 Bassett St, Benton, AR 72019",2352 Bassett St,Benton,AR,,forRent,4,1852,,1695,15,https://www.zillow.com/homedetails/2352-Bassett-St-Benton-AR-72019/461516492_zpid/,,,2026-09-09T00:00:00.000Z,Listed for rent,,,,,,,,,,
"4409 Olympic Dr, Benton, AR 72019",4409 Olympic Dr,Benton,AR,,forRent,4,1566,,1600,2,https://www.zillow.com/homedetails/4409-Olympic-Dr-Benton-AR-72019/446361230_zpid/,,182600,2026-09-21T00:00:00.000Z,Listed for rent,,,,,,,,,,
"14611 Parkway Meadows Dr, Alexander, AR 72002",14611 Parkway Meadows Dr,Alexander,AR,,forRent,3,1500,,1625,6,https://www.zillow.com/homedetails/14611-Parkway-Meadows-Dr-Alexander-AR-72002/112089546_zpid/,,192000,2026-09-17T00:00:00.000Z,Listed for rent,,,,,,,,,,
"14815 Parkway Meadows Dr, Alexander, AR 72002",14815 Parkway Meadows Dr,Alexander,AR,,forRent,3,1243,,1495,25,https://www.zillow.com/homedetails/14815-Parkway-Meadows-Dr-Alexander-AR-72002/114165875_zpid/,,187500,2026-09-14T00:00:00.000Z,Price change,,,,,,,,,,
"3008 Emerald Park Trl, Bauxite, AR 72011",3008 Emerald Park Trl,Bauxite,AR,,forRent,3,1528,,1500,23,https://www.zillow.com/homedetails/3008-Emerald-Park-Trl-Bauxite-AR-72011/2070250448_zpid/,,181875,2026-09-05T00:00:00.000Z,Listed for rent,,,,,,,,,,
"6634 Hollywood Ave, Benton, AR 72019",6634 Hollywood Ave,Benton,AR,,forRent,3,1051,,1195,15,https://www.zillow.com/homedetails/6634-Hollywood-Ave-Benton-AR-72019/459936342_zpid/,,,2026-09-09T00:00:00.000Z,Listed for rent,,,,,,,,,,
"6065 Discovery Trl, Bauxite, AR 72011",6065 Discovery Trl,Bauxite,AR,,forRent,4,1459,,1595,8,https://www.zillow.com/homedetails/6065-Discovery-Trl-Bauxite-AR-72011/442588179_zpid/,,192660,2026-09-15T00:00:00.000Z,Listed for rent,,,,,,,,,,
"6688 Hollywood Ave, Benton, AR 72019",6688 Hollywood Ave,Benton,AR,,forRent,3,1051,,1595,19,https://www.zillow.com/homedetails/6688-Hollywood-Ave-Benton-AR-72019/460744960_zpid/,,183900,2026-09-04T00:00:00.000Z,Listed for rent,,,,,,,,,,
"7001 Potomac Trl, Bauxite, AR 72011",7001 Potomac Trl,Bauxite,AR,,forRent,3,1051,,1295,15,https://www.zillow.com/homedetails/7001-Potomac-Trl-Bauxite-AR-72011/461516494_zpid/,,,2026-09-09T00:00:00.000Z,Listed for rent,,,,,,,,,,
"8000 Chesapeake Trl, Bauxite, AR 72011",8000 Chesapeake Trl,Bauxite,AR,,forRent,3,1373,,1445,15,https://www.zillow.com/homedetails/8000-Chesapeake-Trl-Bauxite-AR-72011/464083308_zpid/,,,2026-09-09T00:00:00.000Z,Listed for rent,,,,,,,,,,
"294 Stone Mountain Rd, Conway, AR 72032",294 Stone Mountain Rd,Conway,AR,,forRent,3,1216,,1650,10,https://www.zillow.com/homedetails/294-Stone-Mountain-Rd-Conway-AR-72032/122006123_zpid/,,42300,2026-09-13T00:00:00.000Z,Listed for rent,2025-04-17T00:00:00.000Z,Sold,2025-03-26T00:00:00.000Z,Contingent,2025-03-22T00:00:00.000Z,Listed for sale,,,,
"1804 Clara Dr, Conway, AR 72034",1804 Clara Dr,Conway,AR,,forRent,3,2000,,1695,19,https://www.zillow.com/homedetails/1804-Clara-Dr-Conway-AR-72034/235007_zpid/,,20000,2026-09-04T00:00:00.000Z,Listed for rent,2024-07-11T00:00:00.000Z,Listing removed,2024-06-26T00:00:00.000Z,Listed for rent,2023-06-13T00:00:00.000Z,Listing removed,2023-05-30T00:00:00.000Z,Listed for rent,2022-05-04T00:00:00.000Z,Listing removed
"2007 Arkansas Ave, Conway, AR 72034",2007 Arkansas Ave,Conway,AR,,forRent,3,1301,,1495,21,https://www.zillow.com/homedetails/2007-Arkansas-Ave-Conway-AR-72034/234341_zpid/,,90000,2026-09-02T00:00:00.000Z,Listed for rent,2026-08-26T00:00:00.000Z,Sold,2026-08-25T00:00:00.000Z,Contingent,2026-07-20T00:00:00.000Z,Price change,2026-05-19T00:00:00.000Z,Listed for sale,2026-05-19T00:00:00.000Z,Listing removed
"804 Drake Dr, Conway, AR 72034",804 Drake Dr,Conway,AR,,forRent,3,1663,,1650,12,https://www.zillow.com/homedetails/804-Drake-Dr-Conway-AR-72034/243037_zpid/,,164500,2026-09-11T00:00:00.000Z,Listed for rent,2024-04-20T00:00:00.000Z,Listing removed,2024-04-09T00:00:00.000Z,Listed for rent,2023-09-11T00:00:00.000Z,Listing removed,2023-09-10T00:00:00.000Z,Listed for rent,2023-09-10T00:00:00.000Z,Listing removed
"2103 Arkansas Ave, Conway, AR 72034",2103 Arkansas Ave,Conway,AR,,forRent,4,1300,,1425,19,https://www.zillow.com/homedetails/2103-Arkansas-Ave-Conway-AR-72034/235083_zpid/,,87000,2026-09-04T00:00:00.000Z,Listed for rent,2025-10-17T00:00:00.000Z,Listing removed,2025-09-19T00:00:00.000Z,Listed for rent,2015-02-13T00:00:00.000Z,Sold,,,,
"1655 Duke St, Conway, AR 72032",1655 Duke St,Conway,AR,,forRent,3,1369,,1675,4,https://www.zillow.com/homedetails/1655-Duke-St-Conway-AR-72032/71713063_zpid/,,185000,2026-09-19T00:00:00.000Z,Listed for rent,2024-10-01T00:00:00.000Z,Listing removed,2024-09-11T00:00:00.000Z,Listed for rent,2023-08-01T00:00:00.000Z,Sold,2023-05-18T00:00:00.000Z,Contingent,2023-04-23T00:00:00.000Z,Listed for sale
"9 Summer Breeze Rd, Conway, AR 72032",9 Summer Breeze Rd,Conway,AR,,forRent,4,1537,,1750,13,https://www.zillow.com/homedetails/9-Summer-Breeze-Rd-Conway-AR-72032/2078228526_zpid/,,195000,2026-09-10T00:00:00.000Z,Listed for rent,2025-08-12T00:00:00.000Z,Listing removed,2025-06-24T00:00:00.000Z,Listed for rent,2025-05-30T00:00:00.000Z,Sold,2025-04-24T00:00:00.000Z,Contingent,2025-03-29T00:00:00.000Z,Listed for sale
"5417 Temperance, Jacksonville, AR 72076",5417 Temperance,Jacksonville,AR,,forRent,,,,,,https://www.zillow.com/b/5417-temperance-jacksonville-ar-CYrkNG/,,,,,,,,,,,,,,
"5210 Stockton Rd, Conway, AR 72034",5210 Stockton Rd,Conway,AR,,forRent,3,1245,,1400,19,https://www.zillow.com/homedetails/5210-Stockton-Rd-Conway-AR-72034/63265504_zpid/,,,2026-09-04T00:00:00.000Z,Listed for rent,,,,,,,,,,
"1948 Cambridge Village Dr, Conway, AR 72032",1948 Cambridge Village Dr,Conway,AR,,forRent,3,1502,,1500,11,https://www.zillow.com/homedetails/1948-Cambridge-Village-Dr-Conway-AR-72032/203896115_zpid/,,,2026-09-12T00:00:00.000Z,Listed for rent,2026-08-06T00:00:00.000Z,Listing removed,2026-05-25T00:00:00.000Z,Price change,2026-05-06T00:00:00.000Z,Listed for rent,2025-04-16T00:00:00.000Z,Listing removed,2025-03-18T00:00:00.000Z,Listed for rent
"1505 Hathaway Dr, Conway, AR 72034",1505 Hathaway Dr,Conway,AR,,forRent,3,1207,,1475,20,https://www.zillow.com/homedetails/1505-Hathaway-Dr-Conway-AR-72034/241555_zpid/,,70000,2026-09-03T00:00:00.000Z,Listed for rent,2024-01-31T00:00:00.000Z,Listing removed,2024-01-30T00:00:00.000Z,Listed for rent,2024-01-29T00:00:00.000Z,Listing removed,2024-01-27T00:00:00.000Z,Listed for rent,2016-01-09T00:00:00.000Z,Listing removed
"831 Watkins St, Conway, AR 72034",831 Watkins St,Conway,AR,,forRent,3,1176,,1175,27,https://www.zillow.com/homedetails/831-Watkins-St-Conway-AR-72034/237666_zpid/,,85000,2026-08-27T00:00:00.000Z,Listed for rent,2025-12-01T00:00:00.000Z,Listing removed,2025-10-29T00:00:00.000Z,Listed for rent,2019-08-02T00:00:00.000Z,Listing removed,2019-07-17T00:00:00.000Z,Price change,2019-07-13T00:00:00.000Z,Listed for rent
"600 S Davis St, Conway, AR 72034",600 S Davis St,Conway,AR,,forRent,3,1728,,1500,93,https://www.zillow.com/homedetails/600-S-Davis-St-Conway-AR-72034/235022_zpid/,,108500,2026-09-02T00:00:00.000Z,Price change,2026-07-20T00:00:00.000Z,Price change,2026-07-06T00:00:00.000Z,Price change,2026-06-22T00:00:00.000Z,Listed for rent,2022-10-20T00:00:00.000Z,Listing removed,2022-10-11T00:00:00.000Z,Price change
"2500 Gibby Dr, Conway, AR 72032",2500 Gibby Dr,Conway,AR,,forRent,3,1221,,1350,19,https://www.zillow.com/homedetails/2500-Gibby-Dr-Conway-AR-72032/239939_zpid/,,123000,2026-09-04T00:00:00.000Z,Listed for rent,2021-03-24T00:00:00.000Z,Listing removed,2021-03-12T00:00:00.000Z,Sold,2015-06-30T00:00:00.000Z,Sold,2015-03-29T00:00:00.000Z,Listing removed,2015-03-15T00:00:00.000Z,Listed for sale
"1609 Rushing Cir, Conway, AR 72032",1609 Rushing Cir,Conway,AR,,forRent,3,1400,,1475,23,https://www.zillow.com/homedetails/1609-Rushing-Cir-Conway-AR-72032/235792_zpid/,,116000,2026-08-31T00:00:00.000Z,Listed for rent,2024-09-13T00:00:00.000Z,Listing removed,2024-06-19T00:00:00.000Z,Listed for rent,2024-06-19T00:00:00.000Z,Listing removed,2024-05-25T00:00:00.000Z,Listed for rent,2023-03-31T00:00:00.000Z,Listing removed
"3915 Ledbetter Dr, Conway, AR 72034",3915 Ledbetter Dr,Conway,AR,,forRent,3,1052,,1100,11,https://www.zillow.com/homedetails/3915-Ledbetter-Dr-Conway-AR-72034/242880_zpid/,,134000,2026-01-14T00:00:00.000Z,Listed for rent,2026-01-14T00:00:00.000Z,Listing removed,2026-01-08T00:00:00.000Z,Listed for rent,2024-12-09T00:00:00.000Z,Listing removed,2024-10-16T00:00:00.000Z,Price change,2024-08-16T00:00:00.000Z,Listed for rent
"1425 Joyner Dr, Conway, AR 72034",1425 Joyner Dr,Conway,AR,,forRent,3,1157,,1450,40,https://www.zillow.com/homedetails/1425-Joyner-Dr-Conway-AR-72034/35730195_zpid/,,155000,2026-08-14T00:00:00.000Z,Listed for rent,2025-10-28T00:00:00.000Z,Listing removed,2025-08-29T00:00:00.000Z,Price change,2025-08-12T00:00:00.000Z,Listed for rent,2024-09-13T00:00:00.000Z,Listing removed,2024-08-16T00:00:00.000Z,Listed for rent
"121 Shamrock Dr, Conway, AR 72034",121 Shamrock Dr,Conway,AR,,forRent,4,1950,,2000,11,https://www.zillow.com/homedetails/121-Shamrock-Dr-Conway-AR-72034/238690_zpid/,,142000,2026-01-20T00:00:00.000Z,Listed for rent,2025-08-31T00:00:00.000Z,Listing removed,2025-08-25T00:00:00.000Z,Listed for rent,2025-08-25T00:00:00.000Z,Listing removed,2025-08-04T00:00:00.000Z,Price change,2025-06-29T00:00:00.000Z,Listed for rent
"640 Cherub Dr, Conway, AR 72034",640 Cherub Dr,Conway,AR,,forRent,3,1144,,1500,10,https://www.zillow.com/homedetails/640-Cherub-Dr-Conway-AR-72034/242932_zpid/,,180000,2026-09-13T00:00:00.000Z,Listed for rent,2026-08-28T00:00:00.000Z,Sold,2026-08-27T00:00:00.000Z,Contingent,2026-07-26T00:00:00.000Z,Listed for sale,2018-04-26T00:00:00.000Z,Sold,2013-10-04T00:00:00.000Z,Sold
"2230 Matthews Ln, Conway, AR 72032",2230 Matthews Ln,Conway,AR,,forRent,4,1661,,1800,5,https://www.zillow.com/homedetails/2230-Matthews-Ln-Conway-AR-72032/2076025311_zpid/,,,2026-09-18T00:00:00.000Z,Listed for rent,,,,,,,,,,
"2230 Linda Dr, Conway, AR 72032",2230 Linda Dr,Conway,AR,,forRent,3,1348,,1650,2,https://www.zillow.com/homedetails/2230-Linda-Dr-Conway-AR-72032/102994419_zpid/,,205000,2026-09-21T00:00:00.000Z,Listed for rent,2023-11-10T00:00:00.000Z,Listing removed,2023-10-17T00:00:00.000Z,Listed for rent,2023-10-03T00:00:00.000Z,Sold,2021-03-24T00:00:00.000Z,Listing removed,2017-09-25T00:00:00.000Z,Listing removed
"15 Vineyard Dr, Mayflower, AR 72106",15 Vineyard Dr,Mayflower,AR,,forRent,,,,,,"https://www.zillow.com/b/15-vineyard-dr-mayflower-ar/34.970715,-92.48699_ll/",,,,,,,,,,,,,,
"2765 Archer Ln, Conway, AR 72034",2765 Archer Ln,Conway,AR,,forRent,3,1560,,1700,40,https://www.zillow.com/homedetails/2765-Archer-Ln-Conway-AR-72034/241241_zpid/,,154500,2026-08-14T00:00:00.000Z,Listed for rent,2025-09-17T00:00:00.000Z,Listing removed,2025-08-12T00:00:00.000Z,Listed for rent,2024-05-31T00:00:00.000Z,Listing removed,2024-05-16T00:00:00.000Z,Listed for rent,2023-06-05T00:00:00.000Z,Listing removed
"175 Southerland Rd, Conway, AR 72032",175 Southerland Rd,Conway,AR,,forRent,3,1532,,1650,21,https://www.zillow.com/homedetails/175-Southerland-Rd-Conway-AR-72032/35730518_zpid/,,165000,2026-09-02T00:00:00.000Z,Listed for rent,2025-07-03T00:00:00.000Z,Listing removed,2025-06-23T00:00:00.000Z,Listed for rent,2024-06-07T00:00:00.000Z,Listing removed,2024-05-25T00:00:00.000Z,Listed for rent,2022-05-09T00:00:00.000Z,Listing removed
"1315 Fairlane Dr, Conway, AR 72034",1315 Fairlane Dr,Conway,AR,,forRent,3,1288,,1300,2,https://www.zillow.com/homedetails/1315-Fairlane-Dr-Conway-AR-72034/234174_zpid/,,77000,2026-09-21T00:00:00.000Z,Listed for rent,2021-06-18T00:00:00.000Z,Sold,2014-11-12T00:00:00.000Z,Sold,1999-09-27T00:00:00.000Z,Sold,,,,
"110 Fredonia Ct, Mayflower, AR 72106",110 Fredonia Ct,Mayflower,AR,,forRent,4,1858,,1895,9,https://www.zillow.com/homedetails/110-Fredonia-Ct-Mayflower-AR-72106/453583162_zpid/,,,2026-09-14T00:00:00.000Z,Listed for rent,2025-08-22T00:00:00.000Z,Listing removed,2025-07-28T00:00:00.000Z,Price change,2025-07-18T00:00:00.000Z,Price change,2025-07-17T00:00:00.000Z,Price change,2025-07-11T00:00:00.000Z,Price change
"1306 Bellemeade Dr, Conway, AR 72034",1306 Bellemeade Dr,Conway,AR,,forRent,3,2220,,1775,41,https://www.zillow.com/homedetails/1306-Bellemeade-Dr-Conway-AR-72034/234155_zpid/,,89090,2026-08-13T00:00:00.000Z,Listed for rent,2025-06-20T00:00:00.000Z,Listing removed,2025-05-09T00:00:00.000Z,Listed for rent,2017-12-01T00:00:00.000Z,Listing removed,2017-08-20T00:00:00.000Z,Price change,2017-05-31T00:00:00.000Z,Listed for sale
"1155 Mimosa Dr, Conway, AR 72034",1155 Mimosa Dr,Conway,AR,,forRent,3,1236,,1400,19,https://www.zillow.com/homedetails/1155-Mimosa-Dr-Conway-AR-72034/35730018_zpid/,,78000,2026-09-04T00:00:00.000Z,Listed for rent,2025-06-19T00:00:00.000Z,Listing removed,2025-06-16T00:00:00.000Z,Listed for rent,2023-09-26T00:00:00.000Z,Listing removed,2023-09-11T00:00:00.000Z,Listed for rent,2019-06-13T00:00:00.000Z,Listing removed
"2400 SW Ednruance Way, Maumelle, AR 72113",2400 SW Ednruance Way,Maumelle,AR,,other,,,,,,"https://www.zillow.com/b/2400-sw-ednruance-way-maumelle-ar/34.87126275998,-92.450398671503_ll/",,,,,,,,,,,,,,
"1610 Raden St, Conway, AR 72032",1610 Raden St,Conway,AR,,forRent,3,1243,,1650,42,https://www.zillow.com/homedetails/1610-Raden-St-Conway-AR-72032/2066419442_zpid/,,,2026-08-12T00:00:00.000Z,Listed for rent,2025-10-04T00:00:00.000Z,Listing removed,2025-10-03T00:00:00.000Z,Listed for rent,2025-10-03T00:00:00.000Z,Listing removed,2025-07-18T00:00:00.000Z,Listed for rent,2023-12-30T00:00:00.000Z,Listing removed
"103 E Concord Rd, Mayflower, AR 72106",103 E Concord Rd,Mayflower,AR,,forRent,3,1413,,1660,15,https://www.zillow.com/homedetails/103-E-Concord-Rd-Mayflower-AR-72106/463058000_zpid/,,,2026-09-09T00:00:00.000Z,Listed for rent,2026-08-14T00:00:00.000Z,Listing removed,2026-07-20T00:00:00.000Z,Price change,2026-06-09T00:00:00.000Z,Listed for sale,,,,
"1740 Raden St, Conway, AR 72032",1740 Raden St,Conway,AR,,forRent,3,1243,,1650,14,https://www.zillow.com/homedetails/1740-Raden-St-Conway-AR-72032/2061816633_zpid/,,,2026-09-09T00:00:00.000Z,Listed for rent,2026-05-19T00:00:00.000Z,Listing removed,2026-02-27T00:00:00.000Z,Price change,2022-11-09T00:00:00.000Z,Price change,2022-10-11T00:00:00.000Z,Price change,2022-08-22T00:00:00.000Z,Listed for rent
"1810 Rich Smith Ln, Conway, AR 72032",1810 Rich Smith Ln,Conway,AR,,forRent,3,2310,,2500,58,https://www.zillow.com/homedetails/1810-Rich-Smith-Ln-Conway-AR-72032/102992676_zpid/,,,2026-07-27T00:00:00.000Z,Price change,2026-06-22T00:00:00.000Z,Price change,2026-04-22T00:00:00.000Z,Price change,2026-01-07T00:00:00.000Z,Listed for rent,,,,
"4555 Graham Dr, Conway, AR 72034",4555 Graham Dr,Conway,AR,,forRent,3,1192,,1400,41,https://www.zillow.com/homedetails/4555-Graham-Dr-Conway-AR-72034/59917944_zpid/,,185000,2026-08-13T00:00:00.000Z,Listed for rent,2024-10-02T00:00:00.000Z,Listing removed,2024-09-23T00:00:00.000Z,Listed for rent,2023-07-28T00:00:00.000Z,Sold,2023-06-28T00:00:00.000Z,Contingent,2023-06-28T00:00:00.000Z,Listed for sale
"4540 Thompson St, Conway, AR 72034",4540 Thompson St,Conway,AR,,forRent,3,1195,,1450,28,https://www.zillow.com/homedetails/4540-Thompson-St-Conway-AR-72034/52392329_zpid/,,110000,2026-08-26T00:00:00.000Z,Listed for rent,2024-05-02T00:00:00.000Z,Listing removed,2024-04-25T00:00:00.000Z,Listed for rent,2022-08-10T00:00:00.000Z,Listing removed,2022-07-30T00:00:00.000Z,Listed for rent,2021-08-09T00:00:00.000Z,Listing removed
"1267 Hamilton St, Conway, AR 72032",1267 Hamilton St,Conway,AR,,forRent,3,1056,,1158,35,https://www.zillow.com/homedetails/1267-Hamilton-St-Conway-AR-72032/234905_zpid/,,52000,2026-09-16T00:00:00.000Z,Price change,2026-09-14T00:00:00.000Z,Price change,2026-08-20T00:00:00.000Z,Listed for rent,2024-09-19T00:00:00.000Z,Listing removed,2024-09-17T00:00:00.000Z,Price change,2024-09-15T00:00:00.000Z,Price change
"2255 Rainbow Rd, Conway, AR 72032",2255 Rainbow Rd,Conway,AR,,forRent,3,1254,,1600,7,https://www.zillow.com/homedetails/2255-Rainbow-Rd-Conway-AR-72032/240098_zpid/,,203000,2026-09-16T00:00:00.000Z,Listed for rent,2026-09-15T00:00:00.000Z,Sold,2026-08-14T00:00:00.000Z,Contingent,2026-08-12T00:00:00.000Z,Listed for sale,2024-08-23T00:00:00.000Z,Listing removed,2024-07-31T00:00:00.000Z,Listed for rent
"4955 Westin Park Dr, Conway, AR 72034",4955 Westin Park Dr,Conway,AR,,forRent,4,2275,,2300,3,https://www.zillow.com/homedetails/4955-Westin-Park-Dr-Conway-AR-72034/68021234_zpid/,,231500,2026-09-20T00:00:00.000Z,Listed for rent,2018-01-18T00:00:00.000Z,Sold,2017-11-16T00:00:00.000Z,Listed for sale,,,,,,
"2804 Bruce St, Conway, AR 72034",2804 Bruce St,Conway,AR,,forRent,3,1232,,1375,16,https://www.zillow.com/homedetails/2804-Bruce-St-Conway-AR-72034/238249_zpid/,,115000,2026-09-07T00:00:00.000Z,Listed for rent,2017-11-12T00:00:00.000Z,Listing removed,2017-11-01T00:00:00.000Z,Listed for rent,2016-07-19T00:00:00.000Z,Listing removed,2016-07-19T00:00:00.000Z,Listed for sale,2016-07-18T00:00:00.000Z,Sold
"225 Shiloh Dr, Conway, AR 72032",225 Shiloh Dr,Conway,AR,,forRent,3,1228,,1450,14,https://www.zillow.com/homedetails/225-Shiloh-Dr-Conway-AR-72032/82281664_zpid/,,125000,2026-09-09T00:00:00.000Z,Listed for rent,2026-08-22T00:00:00.000Z,Listing removed,2026-08-07T00:00:00.000Z,Listed for rent,2026-02-26T00:00:00.000Z,Listing removed,2026-02-19T00:00:00.000Z,Price change,2026-02-13T00:00:00.000Z,Listed for rent
"1015 Wineberry, Conway, AR 72034",1015 Wineberry,Conway,AR,,forRent,4,1606,,1700,78,https://www.zillow.com/homedetails/1015-Wineberry-Conway-AR-72034/82271419_zpid/,,222270,2026-07-22T00:00:00.000Z,Listed for rent,2026-07-15T00:00:00.000Z,Listing removed,2026-07-13T00:00:00.000Z,Price change,2026-07-07T00:00:00.000Z,Listed for rent,2022-05-27T00:00:00.000Z,Sold,2010-09-03T00:00:00.000Z,Sold
"20 Summer Breeze Rd, Conway, AR 72032",20 Summer Breeze Rd,Conway,AR,,forRent,3,1592,,1600,18,https://www.zillow.com/homedetails/20-Summer-Breeze-Rd-Conway-AR-72032/2076495598_zpid/,,207000,2026-09-05T00:00:00.000Z,Listed for rent,2024-04-17T00:00:00.000Z,Listing removed,2024-03-28T00:00:00.000Z,Listed for rent,2024-03-08T00:00:00.000Z,Sold,2024-02-22T00:00:00.000Z,Contingent,2024-02-21T00:00:00.000Z,Price change
"2230 Cedar Oaks Dr, Conway, AR 72032",2230 Cedar Oaks Dr,Conway,AR,,forRent,3,1200,,1500,10,https://www.zillow.com/homedetails/2230-Cedar-Oaks-Dr-Conway-AR-72032/239909_zpid/,,640000,2026-09-13T00:00:00.000Z,Listed for rent,2014-10-22T00:00:00.000Z,Sold,2006-05-30T00:00:00.000Z,Sold,,,,,,
"1906 Dave Ward Dr, Conway, AR 72034",1906 Dave Ward Dr,Conway,AR,,forRent,3,1335,,1000,43,https://www.zillow.com/homedetails/1906-Dave-Ward-Dr-Conway-AR-72034/2061771487_zpid/,,,2026-08-11T00:00:00.000Z,Listed for rent,2025-12-18T00:00:00.000Z,Listing removed,2025-11-11T00:00:00.000Z,Price change,2025-10-28T00:00:00.000Z,Price change,2025-10-03T00:00:00.000Z,Price change,2025-06-27T00:00:00.000Z,Listed for rent
"202 Skunk Hollow Rd, Conway, AR 72032",202 Skunk Hollow Rd,Conway,AR,,forRent,3,1120,,1425,35,https://www.zillow.com/homedetails/202-Skunk-Hollow-Rd-Conway-AR-72032/228041_zpid/,,116083,2026-09-09T00:00:00.000Z,Listed for rent,2026-08-20T00:00:00.000Z,Listing removed,2026-08-19T00:00:00.000Z,Listed for rent,2026-07-20T00:00:00.000Z,Sold,2026-05-18T00:00:00.000Z,Contingent,2026-05-08T00:00:00.000Z,Listed for sale
"608 S Baridon St, Conway, AR 72034",608 S Baridon St,Conway,AR,,forRent,3,1997,,1650,5,https://www.zillow.com/homedetails/608-S-Baridon-St-Conway-AR-72034/236173_zpid/,,132500,2026-09-19T00:00:00.000Z,Price change,2026-09-18T00:00:00.000Z,Listed for rent,2026-08-31T00:00:00.000Z,Listing removed,2026-08-18T00:00:00.000Z,Price change,2026-08-08T00:00:00.000Z,Listed for rent,2026-07-28T00:00:00.000Z,Listing removed
"(Undisclosed Address), Conway, AR 72034",(Undisclosed Address),Conway,AR,,forRent,3,1689,,1750,22,https://www.zillow.com/homedetails/Conway-AR-72034/241235_zpid/,,131000,2026-09-01T00:00:00.000Z,Price change,2026-07-12T00:00:00.000Z,Listed for rent,2026-06-15T00:00:00.000Z,Listing removed,2026-05-25T00:00:00.000Z,Listed for rent,2026-05-16T00:00:00.000Z,Listing removed,2026-04-25T00:00:00.000Z,Listed for rent
"3 Honeysuckle Ln, Conway, AR 72034",3 Honeysuckle Ln,Conway,AR,,forRent,4,1717,,1600,30,https://www.zillow.com/homedetails/3-Honeysuckle-Ln-Conway-AR-72034/234793_zpid/,,115000,2026-08-24T00:00:00.000Z,Listed for rent,2025-08-22T00:00:00.000Z,Listing removed,2025-07-25T00:00:00.000Z,Listed for sale,2025-04-15T00:00:00.000Z,Listing removed,2025-01-16T00:00:00.000Z,Pending sale,2025-01-13T00:00:00.000Z,Price change
"2128 Duncan St, Conway, AR 72034",2128 Duncan St,Conway,AR,,forRent,4,1450,,1495,11,https://www.zillow.com/homedetails/2128-Duncan-St-Conway-AR-72034/236832_zpid/,,80000,2026-09-12T00:00:00.000Z,Listed for rent,2025-09-05T00:00:00.000Z,Listing removed,2025-08-14T00:00:00.000Z,Listed for rent,2015-10-02T00:00:00.000Z,Sold,2014-06-30T00:00:00.000Z,Sold,,
"1845 Arden Ln, Conway, AR 72034",1845 Arden Ln,Conway,AR,,forRent,3,1205,,1575,9,https://www.zillow.com/homedetails/1845-Arden-Ln-Conway-AR-72034/71714882_zpid/,,139000,2026-08-30T00:00:00.000Z,Price change,2026-07-17T00:00:00.000Z,Listed for rent,2024-07-03T00:00:00.000Z,Listing removed,2024-06-25T00:00:00.000Z,Listed for rent,2023-02-27T00:00:00.000Z,Listing removed,2023-02-22T00:00:00.000Z,Listed for rent
"405 S Ash St, Conway, AR 72034",405 S Ash St,Conway,AR,,forRent,3,1100,,1200,13,https://www.zillow.com/homedetails/405-S-Ash-St-Conway-AR-72034/238063_zpid/,,75000,2026-09-10T00:00:00.000Z,Listed for rent,2021-02-23T00:00:00.000Z,Listing removed,2020-06-04T00:00:00.000Z,Listing removed,2020-06-02T00:00:00.000Z,Listed for rent,2020-04-30T00:00:00.000Z,Sold,2020-04-14T00:00:00.000Z,Listed for sale
"4605 Valiant Dr, Conway, AR 72034",4605 Valiant Dr,Conway,AR,,forRent,3,1324,,1500,72,https://www.zillow.com/homedetails/4605-Valiant-Dr-Conway-AR-72034/52392383_zpid/,,122000,2026-08-01T00:00:00.000Z,Price change,2026-07-13T00:00:00.000Z,Listed for rent,2023-05-19T00:00:00.000Z,Listing removed,2023-05-02T00:00:00.000Z,Listed for rent,2022-04-11T00:00:00.000Z,Listing removed,2022-04-06T00:00:00.000Z,Listed for rent
"2220 Chase Dr, Conway, AR 72034",2220 Chase Dr,Conway,AR,,forRent,3,1582,,1850,69,https://www.zillow.com/homedetails/2220-Chase-Dr-Conway-AR-72034/35730147_zpid/,,141000,2026-07-16T00:00:00.000Z,Listed for rent,2025-04-11T00:00:00.000Z,Listing removed,2025-04-06T00:00:00.000Z,Listed for rent,2025-03-29T00:00:00.000Z,Listing removed,2025-01-19T00:00:00.000Z,Price change,2025-01-18T00:00:00.000Z,Listed for rent
"1512 College Ave, Conway, AR 72034",1512 College Ave,Conway,AR,,forRent,4,1612,,1600,57,https://www.zillow.com/homedetails/1512-College-Ave-Conway-AR-72034/237453_zpid/,,119000,2026-09-15T00:00:00.000Z,Price change,2026-09-10T00:00:00.000Z,Price change,2026-08-03T00:00:00.000Z,Price change,2026-07-28T00:00:00.000Z,Listed for rent,2022-07-25T00:00:00.000Z,Listing removed,2022-07-18T00:00:00.000Z,Listed for rent
"4420 Oregon Trl, Conway, AR 72034",4420 Oregon Trl,Conway,AR,,forRent,3,1300,,1600,4,https://www.zillow.com/homedetails/4420-Oregon-Trl-Conway-AR-72034/35730660_zpid/,,149100,2026-09-19T00:00:00.000Z,Listed for rent,2025-09-09T00:00:00.000Z,Listing removed,2025-08-11T00:00:00.000Z,Price change,2025-08-08T00:00:00.000Z,Listed for rent,2024-07-04T00:00:00.000Z,Listing removed,2024-06-29T00:00:00.000Z,Listed for rent
"2013 Creekwood Dr, Conway, AR 72032",2013 Creekwood Dr,Conway,AR,,forRent,5,2608,,2950,58,https://www.zillow.com/homedetails/2013-Creekwood-Dr-Conway-AR-72032/235364_zpid/,,289000,2026-09-11T00:00:00.000Z,Price change,2026-08-24T00:00:00.000Z,Price change,2026-07-29T00:00:00.000Z,Price change,2026-07-27T00:00:00.000Z,Listed for rent,2026-07-06T00:00:00.000Z,Sold,2026-04-16T00:00:00.000Z,Price change
"1117 Weems St, Conway, AR 72034",1117 Weems St,Conway,AR,,forRent,4,1932,,2050,40,https://www.zillow.com/homedetails/1117-Weems-St-Conway-AR-72034/450684409_zpid/,,,2026-09-03T00:00:00.000Z,Price change,2026-08-22T00:00:00.000Z,Listing removed,2026-08-14T00:00:00.000Z,Listed for rent,2026-08-02T00:00:00.000Z,Listed for sale,2026-08-01T00:00:00.000Z,Listing removed,2026-07-28T00:00:00.000Z,Price change
"2 Hawthorne Dr, Conway, AR 72034",2 Hawthorne Dr,Conway,AR,,forRent,3,1408,,1600,61,https://www.zillow.com/homedetails/2-Hawthorne-Dr-Conway-AR-72034/237001_zpid/,,102000,2026-09-22T00:00:00.000Z,Price change,2026-09-06T00:00:00.000Z,Price change,2026-08-27T00:00:00.000Z,Price change,2026-07-24T00:00:00.000Z,Listed for rent,2014-07-29T00:00:00.000Z,Sold,2014-05-16T00:00:00.000Z,Price change
"2530 Peabody Dr, Conway, AR 72032",2530 Peabody Dr,Conway,AR,,forRent,3,1271,,1500,39,https://www.zillow.com/homedetails/2530-Peabody-Dr-Conway-AR-72032/239829_zpid/,,199000,2026-08-15T00:00:00.000Z,Listed for rent,2025-07-28T00:00:00.000Z,Sold,2025-06-29T00:00:00.000Z,Contingent,2025-06-28T00:00:00.000Z,Listed for sale,2014-12-23T00:00:00.000Z,Sold,2013-09-19T00:00:00.000Z,Sold
"1380 Sena Dr, Conway, AR 72034",1380 Sena Dr,Conway,AR,,forRent,4,1817,,1900,51,https://www.zillow.com/homedetails/1380-Sena-Dr-Conway-AR-72034/118483994_zpid/,,270000,2026-08-03T00:00:00.000Z,Listed for rent,2026-01-09T00:00:00.000Z,Listing removed,2025-12-18T00:00:00.000Z,Listed for rent,2024-11-06T00:00:00.000Z,Listing removed,2024-10-16T00:00:00.000Z,Listed for rent,2024-03-05T00:00:00.000Z,Listing removed
"1955 Bellingrath Gdns, Conway, AR 72034",1955 Bellingrath Gdns,Conway,AR,,forRent,3,1752,,2000,22,https://www.zillow.com/homedetails/1955-Bellingrath-Gdns-Conway-AR-72034/119403911_zpid/,,199900,2026-09-01T00:00:00.000Z,Listed for rent,2025-09-17T00:00:00.000Z,Listing removed,2025-09-05T00:00:00.000Z,Price change,2025-08-27T00:00:00.000Z,Listed for rent,2025-05-28T00:00:00.000Z,Listing removed,2025-05-09T00:00:00.000Z,Listed for rent
"15 Leruss Blvd, Cabot, AR 72023",15 Leruss Blvd,Cabot,AR,,forRent,,,,,,https://www.zillow.com/b/15-leruss-blvd-cabot-ar-CkhJp8/,,,,,,,,,,,,,,
"40 Ridge Trl, Sherwood, AR 72120",40 Ridge Trl,Sherwood,AR,,forRent,3,2200,,2100,33,https://www.zillow.com/homedetails/40-Ridge-Trl-Sherwood-AR-72120/232839_zpid/,,230600,2026-08-31T00:00:00.000Z,Price change,2026-08-21T00:00:00.000Z,Listed for rent,2026-08-12T00:00:00.000Z,Listing removed,2026-07-20T00:00:00.000Z,Listed for rent,2026-06-17T00:00:00.000Z,Listing removed,2026-06-02T00:00:00.000Z,Price change
"27 Emerald Cir, Cabot, AR 72023",27 Emerald Cir,Cabot,AR,,forRent,3,1688,,1700,11,https://www.zillow.com/homedetails/27-Emerald-Cir-Cabot-AR-72023/254457_zpid/,,400000,2026-09-12T00:00:00.000Z,Listed for rent,2026-07-24T00:00:00.000Z,Listing removed,2026-07-22T00:00:00.000Z,Listed for rent,2026-07-10T00:00:00.000Z,Listing removed,2026-07-01T00:00:00.000Z,Listed for rent,2025-07-17T00:00:00.000Z,Listing removed
"26 Alexis Dr, Cabot, AR 72023",26 Alexis Dr,Cabot,AR,,forRent,3,1288,,1425,21,https://www.zillow.com/homedetails/26-Alexis-Dr-Cabot-AR-72023/255240_zpid/,,152900,2026-08-11T00:00:00.000Z,Price change,2026-07-29T00:00:00.000Z,Price change,2026-07-14T00:00:00.000Z,Listed for rent,2023-05-31T00:00:00.000Z,Listing removed,2023-05-17T00:00:00.000Z,Listed for rent,2023-03-10T00:00:00.000Z,Sold
"102 Rosebud Cir, Cabot, AR 72023",102 Rosebud Cir,Cabot,AR,,forRent,3,1277,,1375,54,https://www.zillow.com/homedetails/102-Rosebud-Cir-Cabot-AR-72023/63160774_zpid/,,199000,2026-09-15T00:00:00.000Z,Price change,2026-07-31T00:00:00.000Z,Listed for rent,2024-10-10T00:00:00.000Z,Listing removed,2024-10-09T00:00:00.000Z,Price change,2024-09-26T00:00:00.000Z,Listed for rent,2024-08-23T00:00:00.000Z,Sold
"21 Willard St, Ward, AR 72176",21 Willard St,Ward,AR,,forRent,3,1301,,1350,40,https://www.zillow.com/homedetails/21-Willard-St-Ward-AR-72176/55151159_zpid/,,165000,2026-09-19T00:00:00.000Z,Price change,2026-08-14T00:00:00.000Z,Listed for rent,2022-08-08T00:00:00.000Z,Sold,2014-12-24T00:00:00.000Z,Listing removed,2014-11-06T00:00:00.000Z,Price change,2014-10-02T00:00:00.000Z,Listed for rent
"22 Birchwood Dr, Ward, AR 72176",22 Birchwood Dr,Ward,AR,,forRent,4,1650,,1600,5,https://www.zillow.com/homedetails/22-Birchwood-Dr-Ward-AR-72176/99409604_zpid/,,149900,2026-09-23T00:00:00.000Z,Listing removed,2026-09-21T00:00:00.000Z,Price change,2026-09-18T00:00:00.000Z,Listed for rent,2026-09-05T00:00:00.000Z,Price change,2026-07-24T00:00:00.000Z,Listed for sale,2026-02-11T00:00:00.000Z,Listing removed
"211 Rodney Guthrie Dr, Cabot, AR 72023",211 Rodney Guthrie Dr,Cabot,AR,,forRent,3,1268,,1345,48,https://www.zillow.com/homedetails/211-Rodney-Guthrie-Dr-Cabot-AR-72023/256835_zpid/,,155000,2026-08-06T00:00:00.000Z,Listed for rent,2025-09-22T00:00:00.000Z,Listing removed,2025-08-26T00:00:00.000Z,Price change,2025-07-29T00:00:00.000Z,Listed for rent,2023-07-27T00:00:00.000Z,Listing removed,2023-07-06T00:00:00.000Z,Listed for rent
"37 Saint John St, Cabot, AR 72023",37 Saint John St,Cabot,AR,,forRent,3,1188,,1295,85,https://www.zillow.com/homedetails/37-Saint-John-St-Cabot-AR-72023/253499_zpid/,,81500,2026-09-03T00:00:00.000Z,Price change,2026-03-31T00:00:00.000Z,Listed for rent,2026-03-26T00:00:00.000Z,Sold,2026-03-19T00:00:00.000Z,Contingent,2026-03-14T00:00:00.000Z,Price change,2026-02-27T00:00:00.000Z,Price change
"36 Stonehaven Dr, Cabot, AR 72023",36 Stonehaven Dr,Cabot,AR,,forRent,3,1360,,1350,2,https://www.zillow.com/homedetails/36-Stonehaven-Dr-Cabot-AR-72023/72176066_zpid/,,,2026-09-21T00:00:00.000Z,Listed for rent,2024-09-13T00:00:00.000Z,Listing removed,2024-07-31T00:00:00.000Z,Listed for rent,2023-04-21T00:00:00.000Z,Listing removed,2023-04-16T00:00:00.000Z,Listed for rent,2023-03-23T00:00:00.000Z,Listing removed
"11 W Plaza Blvd, Cabot, AR 72023",11 W Plaza Blvd,Cabot,AR,,forRent,3,1487,,1525,30,https://www.zillow.com/homedetails/11-W-Plaza-Blvd-Cabot-AR-72023/256262_zpid/,,229049,2026-08-24T00:00:00.000Z,Listed for rent,2024-09-13T00:00:00.000Z,Listing removed,2024-07-02T00:00:00.000Z,Listed for rent,2013-02-26T00:00:00.000Z,Sold,,,,
"44 Kirkland Dr, Cabot, AR 72023",44 Kirkland Dr,Cabot,AR,,forRent,3,2077,,1900,173,https://www.zillow.com/homedetails/44-Kirkland-Dr-Cabot-AR-72023/52495420_zpid/,,,2026-04-03T00:00:00.000Z,Listed for rent,2026-04-03T00:00:00.000Z,Listing removed,2026-02-11T00:00:00.000Z,Listed for rent,2025-09-22T00:00:00.000Z,Listing removed,2025-08-19T00:00:00.000Z,Listing removed,2025-08-17T00:00:00.000Z,Listed for rent
"20 Magnolia Dr, Ward, AR 72176",20 Magnolia Dr,Ward,AR,,forRent,4,1380,,1550,7,https://www.zillow.com/homedetails/20-Magnolia-Dr-Ward-AR-72176/2087659368_zpid/,,,2026-09-16T00:00:00.000Z,Listed for rent,2025-08-19T00:00:00.000Z,Listing removed,2025-08-15T00:00:00.000Z,Listed for rent,2025-08-14T00:00:00.000Z,Listing removed,2025-07-28T00:00:00.000Z,Listed for rent,2020-06-02T00:00:00.000Z,Listing removed
"35 G St, Cabot, AR 72023",35 G St,Cabot,AR,,forRent,3,1849,,1825,77,https://www.zillow.com/homedetails/35-G-St-Cabot-AR-72023/254255_zpid/,,230000,2026-07-25T00:00:00.000Z,Price change,2026-07-09T00:00:00.000Z,Price change,2026-05-03T00:00:00.000Z,Listed for rent,2025-05-25T00:00:00.000Z,Listing removed,2025-05-14T00:00:00.000Z,Price change,2025-05-01T00:00:00.000Z,Listed for rent
"29 Mattie Lene Dr, Ward, AR 72176",29 Mattie Lene Dr,Ward,AR,,forRent,3,1301,,1350,13,https://www.zillow.com/homedetails/29-Mattie-Lene-Dr-Ward-AR-72176/35732499_zpid/,,80000,2026-09-10T00:00:00.000Z,Listed for rent,2026-03-20T00:00:00.000Z,Listing removed,2026-01-05T00:00:00.000Z,Listed for rent,2024-10-09T00:00:00.000Z,Listing removed,2024-09-16T00:00:00.000Z,Listed for rent,2009-05-16T00:00:00.000Z,Listing removed
"26 High Plains Dr, Cabot, AR 72023",26 High Plains Dr,Cabot,AR,,forRent,4,1631,,1995,106,https://www.zillow.com/homedetails/26-High-Plains-Dr-Cabot-AR-72023/99445170_zpid/,,264500,2026-08-28T00:00:00.000Z,Price change,2026-06-09T00:00:00.000Z,Listed for rent,2024-05-23T00:00:00.000Z,Listing removed,2024-05-21T00:00:00.000Z,Price change,2024-05-15T00:00:00.000Z,Price change,2024-04-30T00:00:00.000Z,Price change
"87 Sycamore Cir, Cabot, AR 72023",87 Sycamore Cir,Cabot,AR,,forRent,3,1252,,1350,40,https://www.zillow.com/homedetails/87-Sycamore-Cir-Cabot-AR-72023/256430_zpid/,,151500,2026-09-14T00:00:00.000Z,Price change,2026-08-29T00:00:00.000Z,Price change,2026-08-14T00:00:00.000Z,Listed for rent,2026-07-17T00:00:00.000Z,Sold,2026-06-05T00:00:00.000Z,Listed for sale,2026-05-27T00:00:00.000Z,Listing removed
"43 Meadowlark Dr, Cabot, AR 72023",43 Meadowlark Dr,Cabot,AR,,forRent,4,1248,,1450,50,https://www.zillow.com/homedetails/43-Meadowlark-Dr-Cabot-AR-72023/255202_zpid/,,135000,2026-09-19T00:00:00.000Z,Price change,2026-09-12T00:00:00.000Z,Price change,2026-09-04T00:00:00.000Z,Price change,2026-08-29T00:00:00.000Z,Price change,2026-06-25T00:00:00.000Z,Listed for rent,2020-10-05T00:00:00.000Z,Sold
"28 Burns Dr, Cabot, AR 72023",28 Burns Dr,Cabot,AR,,forRent,3,1288,,1350,64,https://www.zillow.com/homedetails/28-Burns-Dr-Cabot-AR-72023/255699_zpid/,,146000,2026-08-31T00:00:00.000Z,Price change,2026-07-21T00:00:00.000Z,Listed for rent,2025-08-07T00:00:00.000Z,Listing removed,2025-07-14T00:00:00.000Z,Price change,2025-07-03T00:00:00.000Z,Listed for rent,2022-06-28T00:00:00.000Z,Sold
"302 N Lincoln St, Cabot, AR 72023",302 N Lincoln St,Cabot,AR,,forRent,3,1318,,1500,1,https://www.zillow.com/homedetails/302-N-Lincoln-St-Cabot-AR-72023/253236_zpid/,,119000,2026-09-22T00:00:00.000Z,Listed for rent,2014-02-28T00:00:00.000Z,Sold,,,,,,,,
"209 N Madison St, Cabot, AR 72023",209 N Madison St,Cabot,AR,,forRent,3,1524,,1895,75,https://www.zillow.com/homedetails/209-N-Madison-St-Cabot-AR-72023/439267452_zpid/,,,2026-07-10T00:00:00.000Z,Listed for rent,2025-06-24T00:00:00.000Z,Listing removed,2025-06-19T00:00:00.000Z,Listed for rent,2025-06-19T00:00:00.000Z,Listing removed,2025-04-10T00:00:00.000Z,Price change,2025-03-05T00:00:00.000Z,Listed for rent
"26 Deerfield Dr, Ward, AR 72176",26 Deerfield Dr,Ward,AR,,forRent,3,1309,,1550,1,https://www.zillow.com/homedetails/26-Deerfield-Dr-Ward-AR-72176/261138_zpid/,,125000,2026-09-22T00:00:00.000Z,Listed for rent,2026-09-14T00:00:00.000Z,Listing removed,2026-09-10T00:00:00.000Z,Price change,2026-09-04T00:00:00.000Z,Listed for sale,2013-05-29T00:00:00.000Z,Sold,,
"27 Trinity Dr, Cabot, AR 72023",27 Trinity Dr,Cabot,AR,,forRent,3,1442,,1525,33,https://www.zillow.com/homedetails/27-Trinity-Dr-Cabot-AR-72023/113948501_zpid/,,,2026-08-21T00:00:00.000Z,Listed for rent,2025-09-11T00:00:00.000Z,Listing removed,2025-07-29T00:00:00.000Z,Price change,2025-07-03T00:00:00.000Z,Listed for rent,,,,
"18 Lilly Ann Ct, Ward, AR 72176",18 Lilly Ann Ct,Ward,AR,,forRent,3,1355,,0,8,https://www.zillow.com/homedetails/18-Lilly-Ann-Ct-Ward-AR-72176/445792648_zpid/,,18000,2026-09-15T00:00:00.000Z,Listed for rent,2022-10-25T00:00:00.000Z,Listing removed,2022-10-07T00:00:00.000Z,Listed for sale,2017-08-16T00:00:00.000Z,Sold,,,,
"125 Old Red Rd, Ward, AR 72176",125 Old Red Rd,Ward,AR,,forRent,3,1280,,1000,20,https://www.zillow.com/homedetails/125-Old-Red-Rd-Ward-AR-72176/99434787_zpid/,,,2026-09-03T00:00:00.000Z,Listed for rent,2026-06-01T00:00:00.000Z,Listing removed,2026-05-19T00:00:00.000Z,Listed for rent,2026-04-20T00:00:00.000Z,Listing removed,2026-03-26T00:00:00.000Z,Listed for rent,2025-10-29T00:00:00.000Z,Listing removed
"104 Herald Pl, Cabot, AR 72023",104 Herald Pl,Cabot,AR,,forRent,3,1232,,1095,51,https://www.zillow.com/homedetails/104-Herald-Pl-Cabot-AR-72023/252206_zpid/,,155000,2026-08-03T00:00:00.000Z,Listed for rent,2024-11-23T00:00:00.000Z,Listing removed,2024-11-14T00:00:00.000Z,Listed for rent,2023-12-28T00:00:00.000Z,Listing removed,2023-11-10T00:00:00.000Z,Price change,2023-10-18T00:00:00.000Z,Listed for rent
"22 Kirkland St, Ward, AR 72176",22 Kirkland St,Ward,AR,,forRent,3,1185,,1350,22,https://www.zillow.com/homedetails/22-Kirkland-St-Ward-AR-72176/261280_zpid/,,84000,2026-07-15T00:00:00.000Z,Listed for rent,2026-06-16T00:00:00.000Z,Sold,2026-06-14T00:00:00.000Z,Contingent,2026-06-02T00:00:00.000Z,Price change,2026-05-28T00:00:00.000Z,Listed for sale,2014-10-30T00:00:00.000Z,Sold
"34 Woodhaven Dr, Cabot, AR 72023",34 Woodhaven Dr,Cabot,AR,,forRent,3,1305,,1550,47,https://www.zillow.com/homedetails/34-Woodhaven-Dr-Cabot-AR-72023/338206710_zpid/,,165000,2026-09-19T00:00:00.000Z,Price change,2026-09-12T00:00:00.000Z,Price change,2026-08-07T00:00:00.000Z,Listed for rent,2025-04-03T00:00:00.000Z,Listing removed,2025-03-15T00:00:00.000Z,Price change,2025-02-13T00:00:00.000Z,Price change
"38 Robinson St, Cabot, AR 72023",38 Robinson St,Cabot,AR,,forRent,4,1848,,1550,13,https://www.zillow.com/homedetails/38-Robinson-St-Cabot-AR-72023/256100_zpid/,,208000,2026-09-10T00:00:00.000Z,Listed for rent,2025-01-09T00:00:00.000Z,Sold,2024-10-05T00:00:00.000Z,Listing removed,2024-08-06T00:00:00.000Z,Listed for rent,2024-07-29T00:00:00.000Z,Sold,2023-12-20T00:00:00.000Z,Sold
"26 Stonewood Dr, Cabot, AR 72023",26 Stonewood Dr,Cabot,AR,,forRent,3,1698,,1900,30,https://www.zillow.com/homedetails/26-Stonewood-Dr-Cabot-AR-72023/55151081_zpid/,,157000,2026-08-24T00:00:00.000Z,Listed for rent,2026-04-27T00:00:00.000Z,Sold,2025-11-06T00:00:00.000Z,Listing removed,2025-10-20T00:00:00.000Z,Price change,2025-09-18T00:00:00.000Z,Listed for sale,2018-02-05T00:00:00.000Z,Listing removed
"32 Fortson Dr, Cabot, AR 72023",32 Fortson Dr,Cabot,AR,,forRent,3,1064,,875,32,https://www.zillow.com/homedetails/32-Fortson-Dr-Cabot-AR-72023/63161011_zpid/,,750000,2026-08-22T00:00:00.000Z,Listed for rent,2024-02-17T00:00:00.000Z,Listing removed,2024-02-03T00:00:00.000Z,Listed for rent,2004-08-10T00:00:00.000Z,Sold,,,,
"53 Bent Tree Dr, Cabot, AR 72023",53 Bent Tree Dr,Cabot,AR,,forRent,3,1645,,1495,63,https://www.zillow.com/homedetails/53-Bent-Tree-Dr-Cabot-AR-72023/256157_zpid/,,10000,2026-09-01T00:00:00.000Z,Price change,2026-07-22T00:00:00.000Z,Listed for rent,2002-07-18T00:00:00.000Z,Sold,1993-11-12T00:00:00.000Z,Sold,,,,
"46 Meadowlark Dr, Cabot, AR 72023",46 Meadowlark Dr,Cabot,AR,,forRent,4,1600,,1595,0,https://www.zillow.com/homedetails/46-Meadowlark-Dr-Cabot-AR-72023/255182_zpid/,,179900,2026-09-23T00:00:00.000Z,Listed for rent,2024-03-19T00:00:00.000Z,Sold,2024-01-11T00:00:00.000Z,Contingent,2023-09-16T00:00:00.000Z,Listing removed,2023-08-24T00:00:00.000Z,Listed for sale,2023-08-18T00:00:00.000Z,Price change
"21 Meadowlark Dr, Cabot, AR 72023",21 Meadowlark Dr,Cabot,AR,,forRent,3,1013,,1395,42,https://www.zillow.com/homedetails/21-Meadowlark-Dr-Cabot-AR-72023/255213_zpid/,,147900,2026-08-12T00:00:00.000Z,Listed for rent,2024-01-16T00:00:00.000Z,Listing removed,2024-01-04T00:00:00.000Z,Sold,2023-08-22T00:00:00.000Z,Sold,2023-07-17T00:00:00.000Z,Contingent,2023-05-12T00:00:00.000Z,Listed for sale
"15 Silverado Ct, Cabot, AR 72023",15 Silverado Ct,Cabot,AR,,forRent,3,1382,,1350,34,https://www.zillow.com/homedetails/15-Silverado-Ct-Cabot-AR-72023/35732243_zpid/,,150000,2026-08-20T00:00:00.000Z,Listed for rent,2024-11-11T00:00:00.000Z,Listing removed,2024-09-27T00:00:00.000Z,Listed for rent,2022-10-26T00:00:00.000Z,Sold,2020-12-16T00:00:00.000Z,Listing removed,2020-12-08T00:00:00.000Z,Listed for rent
"2107 S 2nd St, Cabot, AR 72023",2107 S 2nd St,Cabot,AR,,forRent,4,2096,,2050,44,https://www.zillow.com/homedetails/2107-S-2nd-St-Cabot-AR-72023/256030_zpid/,,255000,2026-09-14T00:00:00.000Z,Price change,2026-08-10T00:00:00.000Z,Listed for rent,2025-04-28T00:00:00.000Z,Sold,2025-01-24T00:00:00.000Z,Listed for sale,2019-10-04T00:00:00.000Z,Sold,2015-03-18T00:00:00.000Z,Sold
"32 Thunderbird Dr, Cabot, AR 72023",32 Thunderbird Dr,Cabot,AR,,forRent,3,1444,,1475,20,https://www.zillow.com/homedetails/32-Thunderbird-Dr-Cabot-AR-72023/67447424_zpid/,,,2026-09-03T00:00:00.000Z,Listed for rent,2021-03-24T00:00:00.000Z,Listing removed,2017-03-08T00:00:00.000Z,Listing removed,2017-02-06T00:00:00.000Z,Listed for rent,,,,
"16 Mustang Dr, Cabot, AR 72023",16 Mustang Dr,Cabot,AR,,forRent,3,1494,,1450,47,https://www.zillow.com/homedetails/16-Mustang-Dr-Cabot-AR-72023/63160974_zpid/,,2988,2026-08-07T00:00:00.000Z,Listed for rent,2020-02-08T00:00:00.000Z,Listing removed,2020-01-25T00:00:00.000Z,Listed for rent,2018-12-12T00:00:00.000Z,Listing removed,2018-11-14T00:00:00.000Z,Listed for rent,2012-08-23T00:00:00.000Z,Sold
"1155 Jackson Rd, Ward, AR 72176",1155 Jackson Rd,Ward,AR,,forRent,3,1280,,1300,13,https://www.zillow.com/homedetails/1155-Jackson-Rd-Ward-AR-72176/99441054_zpid/,,,2026-09-10T00:00:00.000Z,Listed for rent,2026-03-18T00:00:00.000Z,Listing removed,2026-03-13T00:00:00.000Z,Price change,2026-02-24T00:00:00.000Z,Listed for rent,2026-01-12T00:00:00.000Z,Listing removed,2025-11-14T00:00:00.000Z,Price change
"45 Foster Louis Ln, Cabot, AR 72023",45 Foster Louis Ln,Cabot,AR,,forRent,4,1470,,1650,62,https://www.zillow.com/homedetails/45-Foster-Louis-Ln-Cabot-AR-72023/347215122_zpid/,,,2026-07-23T00:00:00.000Z,Listed for rent,2025-09-28T00:00:00.000Z,Listing removed,2025-09-27T00:00:00.000Z,Listed for rent,2025-09-27T00:00:00.000Z,Listing removed,2025-07-22T00:00:00.000Z,Listed for rent,2024-04-25T00:00:00.000Z,Listing removed
"18 War Eagle Dr, Cabot, AR 72023",18 War Eagle Dr,Cabot,AR,,forRent,3,1278,,1300,1,https://www.zillow.com/homedetails/18-War-Eagle-Dr-Cabot-AR-72023/35732196_zpid/,,130000,2026-09-23T00:00:00.000Z,Listing removed,2026-09-22T00:00:00.000Z,Listed for rent,2026-08-28T00:00:00.000Z,Listed for sale,2026-08-25T00:00:00.000Z,Listing removed,2026-08-18T00:00:00.000Z,Price change,2026-08-01T00:00:00.000Z,Listed for sale
"15 Jennifer Cv, Ward, AR 72176",15 Jennifer Cv,Ward,AR,,forRent,3,1328,,1550,47,https://www.zillow.com/homedetails/15-Jennifer-Cv-Ward-AR-72176/2063023920_zpid/,,210000,2026-09-19T00:00:00.000Z,Price change,2026-09-12T00:00:00.000Z,Price change,2026-08-07T00:00:00.000Z,Listed for rent,2023-12-19T00:00:00.000Z,Sold,2022-06-21T00:00:00.000Z,Listing removed,2022-06-07T00:00:00.000Z,Price change
"509 E Elm St, Cabot, AR 72023",509 E Elm St,Cabot,AR,,forRent,3,1056,,1450,76,https://www.zillow.com/homedetails/509-E-Elm-St-Cabot-AR-72023/257181_zpid/,,185000,2026-08-20T00:00:00.000Z,Price change,2026-07-23T00:00:00.000Z,Price change,2026-07-09T00:00:00.000Z,Listed for rent,2026-07-09T00:00:00.000Z,Listing removed,2026-05-02T00:00:00.000Z,Listed for rent,2026-04-16T00:00:00.000Z,Listing removed
"17 Farrah St, Ward, AR 72176",17 Farrah St,Ward,AR,,forRent,3,1563,,1250,106,https://www.zillow.com/homedetails/17-Farrah-St-Ward-AR-72176/52495486_zpid/,,,2026-06-09T00:00:00.000Z,Listed for rent,2025-05-24T00:00:00.000Z,Listing removed,2025-05-06T00:00:00.000Z,Price change,2025-04-20T00:00:00.000Z,Listed for rent,2017-02-23T00:00:00.000Z,Listing removed,2017-02-17T00:00:00.000Z,Listed for rent
"831 Richfield Rd, Jacksonville, AR 72076",831 Richfield Rd,Jacksonville,AR,,forRent,3,,,1400,4,https://www.zillow.com/homedetails/831-Richfield-Rd-Jacksonville-AR-72076/250171_zpid/,,0,2026-09-19T00:00:00.000Z,Listed for rent,2014-08-18T00:00:00.000Z,Sold,,,,,,,,
"42 Winners Cir, Cabot, AR 72023",42 Winners Cir,Cabot,AR,,forRent,3,1521,,1850,13,https://www.zillow.com/homedetails/42-Winners-Cir-Cabot-AR-72023/72176611_zpid/,,196500,2026-08-07T00:00:00.000Z,Listed for rent,2025-10-07T00:00:00.000Z,Listing removed,2025-09-15T00:00:00.000Z,Listed for rent,2025-07-09T00:00:00.000Z,Sold,2025-04-28T00:00:00.000Z,Price change,2025-04-14T00:00:00.000Z,Price change
"2114 Richland Park Dr, Bryant, AR 72022",2114 Richland Park Dr,Bryant,AR,,forRent,3,1595,,1575,15,https://www.zillow.com/homedetails/2114-Richland-Park-Dr-Bryant-AR-72022/71716425_zpid/,,5656,2026-09-08T00:00:00.000Z,Listed for rent,2025-07-05T00:00:00.000Z,Listing removed,2025-07-04T00:00:00.000Z,Listed for rent,2025-07-04T00:00:00.000Z,Listing removed,2025-07-02T00:00:00.000Z,Listed for rent,2023-05-02T00:00:00.000Z,Listing removed
"313 S Neeley St, Benton, AR 72015",313 S Neeley St,Benton,AR,,forRent,3,1800,,1545,37,https://www.zillow.com/homedetails/313-S-Neeley-St-Benton-AR-72015/2067919637_zpid/,,205000,2026-09-23T00:00:00.000Z,Price change,2026-09-10T00:00:00.000Z,Price change,2026-08-17T00:00:00.000Z,Listed for rent,2025-09-14T00:00:00.000Z,Listing removed,2025-09-02T00:00:00.000Z,Listed for rent,2023-02-17T00:00:00.000Z,Listing removed
"414 Newcomb Cv, Benton, AR 72015",414 Newcomb Cv,Benton,AR,,forRent,3,1384,,1600,4,https://www.zillow.com/homedetails/414-Newcomb-Cv-Benton-AR-72015/384931_zpid/,,65531,2026-07-17T00:00:00.000Z,Listed for rent,2010-11-30T00:00:00.000Z,Sold,2005-03-03T00:00:00.000Z,Sold,,,,,,
"905 Pheasant Cv, Benton, AR 72019",905 Pheasant Cv,Benton,AR,,forRent,3,1415,,1595,20,https://www.zillow.com/homedetails/905-Pheasant-Cv-Benton-AR-72019/385747_zpid/,,158000,2026-09-03T00:00:00.000Z,Listed for rent,2022-05-16T00:00:00.000Z,Listing removed,2022-04-20T00:00:00.000Z,Price change,2022-04-14T00:00:00.000Z,Price change,2022-04-06T00:00:00.000Z,Price change,2022-03-22T00:00:00.000Z,Listed for rent
"4326 Glenda Ln, Benton, AR 72019",4326 Glenda Ln,Benton,AR,,forRent,3,1398,,1495,50,https://www.zillow.com/homedetails/4326-Glenda-Ln-Benton-AR-72019/68021994_zpid/,,157000,2026-09-17T00:00:00.000Z,Price change,2026-08-04T00:00:00.000Z,Listed for rent,2025-07-11T00:00:00.000Z,Listing removed,2025-07-01T00:00:00.000Z,Listed for rent,2025-06-26T00:00:00.000Z,Listing removed,2025-06-12T00:00:00.000Z,Price change
"6587 Westminster, Benton, AR 72019",6587 Westminster,Benton,AR,,forRent,4,3650,,3558,58,https://www.zillow.com/homedetails/6587-Westminster-Benton-AR-72019/120554683_zpid/,,555000,2026-09-17T00:00:00.000Z,Price change,2026-09-02T00:00:00.000Z,Price change,2026-08-25T00:00:00.000Z,Price change,2026-07-27T00:00:00.000Z,Listed for rent,2025-06-03T00:00:00.000Z,Listing removed,2025-05-23T00:00:00.000Z,Listed for rent
"13757 Cedar Glen Cv, Alexander, AR 72002",13757 Cedar Glen Cv,Alexander,AR,,forRent,3,1408,,1575,28,https://www.zillow.com/homedetails/13757-Cedar-Glen-Cv-Alexander-AR-72002/92432562_zpid/,,124900,2026-08-26T00:00:00.000Z,Listed for rent,2017-02-19T00:00:00.000Z,Listing removed,2017-01-26T00:00:00.000Z,Listed for rent,2007-07-18T00:00:00.000Z,Sold,2007-01-31T00:00:00.000Z,Sold,,
"1294 Ridge Rd, Benton, AR 72015",1294 Ridge Rd,Benton,AR,,forRent,3,1108,,1145,17,https://www.zillow.com/homedetails/1294-Ridge-Rd-Benton-AR-72015/114182952_zpid/,,2000,2026-09-06T00:00:00.000Z,Listed for rent,2022-08-12T00:00:00.000Z,Listing removed,2022-08-01T00:00:00.000Z,Price change,2022-07-27T00:00:00.000Z,Listed for rent,2013-02-01T00:00:00.000Z,Sold,,
"5399 Heritage Valley Dr, Benton, AR 72019",5399 Heritage Valley Dr,Benton,AR,,forRent,4,1790,,1800,58,https://www.zillow.com/homedetails/5399-Heritage-Valley-Dr-Benton-AR-72019/2062299989_zpid/,,245000,2026-09-10T00:00:00.000Z,Price change,2026-08-31T00:00:00.000Z,Price change,2026-07-27T00:00:00.000Z,Listed for rent,2026-07-15T00:00:00.000Z,Listing removed,2026-05-22T00:00:00.000Z,Price change,2026-04-02T00:00:00.000Z,Listed for sale
"17 Greenbrier Dr, Benton, AR 72015",17 Greenbrier Dr,Benton,AR,,forRent,3,1460,,1545,51,https://www.zillow.com/homedetails/17-Greenbrier-Dr-Benton-AR-72015/386172_zpid/,,143000,2026-09-17T00:00:00.000Z,Price change,2026-08-27T00:00:00.000Z,Price change,2026-08-03T00:00:00.000Z,Listed for rent,2026-02-23T00:00:00.000Z,Listing removed,2026-02-19T00:00:00.000Z,Price change,2026-01-29T00:00:00.000Z,Price change
"3264 Sidell Estates Dr, Benton, AR 72015",3264 Sidell Estates Dr,Benton,AR,,forRent,4,1652,,1795,40,https://www.zillow.com/homedetails/3264-Sidell-Estates-Dr-Benton-AR-72015/2063496322_zpid/,,,2026-08-14T00:00:00.000Z,Listed for rent,2022-07-02T00:00:00.000Z,Listing removed,2022-06-10T00:00:00.000Z,Price change,2022-04-28T00:00:00.000Z,Listed for sale,,,,
"3225 Jean Cv, Alexander, AR 72002",3225 Jean Cv,Alexander,AR,,forRent,3,2827,,2600,169,https://www.zillow.com/homedetails/3225-Jean-Cv-Alexander-AR-72002/378862_zpid/,,,2026-07-27T00:00:00.000Z,Price change,2026-04-07T00:00:00.000Z,Listed for rent,,,,,,,,
"1067 Huntington Dr, Benton, AR 72019",1067 Huntington Dr,Benton,AR,,forRent,4,1459,,1495,41,https://www.zillow.com/homedetails/1067-Huntington-Dr-Benton-AR-72019/2061767452_zpid/,,,2026-09-17T00:00:00.000Z,Price change,2026-08-13T00:00:00.000Z,Listed for rent,2024-11-08T00:00:00.000Z,Listing removed,2024-11-05T00:00:00.000Z,Listed for rent,2024-03-22T00:00:00.000Z,Listing removed,2024-02-27T00:00:00.000Z,Listed for rent
"4056 Kings River Trl, Bauxite, AR 72011",4056 Kings River Trl,Bauxite,AR,,forRent,3,1480,,1345,57,https://www.zillow.com/homedetails/4056-Kings-River-Trl-Bauxite-AR-72011/2062403626_zpid/,,200660,2026-09-22T00:00:00.000Z,Price change,2026-08-27T00:00:00.000Z,Price change,2026-08-20T00:00:00.000Z,Price change,2026-08-13T00:00:00.000Z,Price change,2026-07-29T00:00:00.000Z,Listed for rent,2023-02-11T00:00:00.000Z,Listing removed
"17024 Congo Ferndale Rd, Little Rock, AR 72210",17024 Congo Ferndale Rd,Little Rock,AR,,forRent,4,1590,,1675,105,https://www.zillow.com/homedetails/17024-Congo-Ferndale-Rd-Little-Rock-AR-72210/370120_zpid/,,279500,2026-06-10T00:00:00.000Z,Listed for rent,2020-09-11T00:00:00.000Z,Listing removed,2020-07-23T00:00:00.000Z,Listed for rent,2018-05-13T00:00:00.000Z,Listing removed,2018-01-31T00:00:00.000Z,Listed for rent,2017-03-29T00:00:00.000Z,Sold
"308 McCright St, Benton, AR 72015",308 McCright St,Benton,AR,,forRent,3,1850,,1600,2,https://www.zillow.com/homedetails/308-McCright-St-Benton-AR-72015/387313_zpid/,,75000,2026-09-21T00:00:00.000Z,Listed for rent,2025-11-20T00:00:00.000Z,Listing removed,2025-11-07T00:00:00.000Z,Price change,2025-09-16T00:00:00.000Z,Listed for rent,2023-12-21T00:00:00.000Z,Listing removed,2023-12-19T00:00:00.000Z,Listed for rent
"5017 Windflower Cv, Alexander, AR 72002",5017 Windflower Cv,Alexander,AR,,forRent,4,1470,,1800,13,https://www.zillow.com/homedetails/5017-Windflower-Cv-Alexander-AR-72002/346557333_zpid/,,220375,2026-09-10T00:00:00.000Z,Listed for rent,2024-07-08T00:00:00.000Z,Listing removed,2024-07-01T00:00:00.000Z,Listed for rent,2024-06-28T00:00:00.000Z,Sold,2024-06-13T00:00:00.000Z,Contingent,2024-03-30T00:00:00.000Z,Listed for sale
"5813 Heritage Heights Dr, Benton, AR 72019",5813 Heritage Heights Dr,Benton,AR,,forRent,4,1792,,1695,111,https://www.zillow.com/homedetails/5813-Heritage-Heights-Dr-Benton-AR-72019/71715692_zpid/,,199000,2026-08-27T00:00:00.000Z,Price change,2026-08-12T00:00:00.000Z,Price change,2026-07-29T00:00:00.000Z,Price change,2026-07-15T00:00:00.000Z,Price change,2026-06-04T00:00:00.000Z,Listed for rent,2024-04-06T00:00:00.000Z,Listing removed
"6056 Orange Valley Cv, Mabelvale, AR 72103",6056 Orange Valley Cv,Mabelvale,AR,,forRent,4,1537,,1675,16,https://www.zillow.com/homedetails/6056-Orange-Valley-Cv-Mabelvale-AR-72103/463591455_zpid/,,,2026-07-01T00:00:00.000Z,Listed for rent,,,,,,,,,,
"1105 River Oaks Dr, Benton, AR 72019",1105 River Oaks Dr,Benton,AR,,forRent,4,2350,,2600,50,https://www.zillow.com/homedetails/1105-River-Oaks-Dr-Benton-AR-72019/453260567_zpid/,,,2026-08-04T00:00:00.000Z,Listed for rent,2025-07-28T00:00:00.000Z,Listing removed,2025-07-04T00:00:00.000Z,Price change,2025-06-21T00:00:00.000Z,Price change,2025-06-12T00:00:00.000Z,Listed for rent,,
"351 Meadow Creek Dr, Haskell, AR 72015",351 Meadow Creek Dr,Haskell,AR,,forRent,3,1625,,1650,47,https://www.zillow.com/homedetails/351-Meadow-Creek-Dr-Haskell-AR-72015/92428597_zpid/,,139900,2026-08-07T00:00:00.000Z,Listed for rent,2024-09-13T00:00:00.000Z,Listing removed,2024-07-17T00:00:00.000Z,Listed for rent,2022-10-26T00:00:00.000Z,Listing removed,2022-10-15T00:00:00.000Z,Price change,2022-10-04T00:00:00.000Z,Price change
"2925 Gillis Dr, Benton, AR 72015",2925 Gillis Dr,Benton,AR,,forRent,4,2021,,2350,16,https://www.zillow.com/homedetails/2925-Gillis-Dr-Benton-AR-72015/2068772088_zpid/,,,2026-09-07T00:00:00.000Z,Listed for rent,2025-02-28T00:00:00.000Z,Listing removed,2025-02-07T00:00:00.000Z,Listed for rent,2021-10-21T00:00:00.000Z,Listing removed,2021-08-19T00:00:00.000Z,Listed for sale,,
"1021 Circle Dr, Benton, AR 72015",1021 Circle Dr,Benton,AR,,forRent,3,1256,,1350,3,https://www.zillow.com/homedetails/1021-Circle-Dr-Benton-AR-72015/386718_zpid/,,50000,2026-09-20T00:00:00.000Z,Listed for rent,2023-03-06T00:00:00.000Z,Listing removed,2023-02-25T00:00:00.000Z,Listed for rent,2020-07-30T00:00:00.000Z,Sold,,,,
"13900 Ridgecrest Dr, Alexander, AR 72002",13900 Ridgecrest Dr,Alexander,AR,,forRent,3,1088,,1595,29,https://www.zillow.com/homedetails/13900-Ridgecrest-Dr-Alexander-AR-72002/49814165_zpid/,,100000,2026-08-31T00:00:00.000Z,Sold,2026-08-25T00:00:00.000Z,Listed for rent,,,,,,,,
"13808 Cherry Hill Dr, Alexander, AR 72002",13808 Cherry Hill Dr,Alexander,AR,,forRent,3,1247,,1550,6,https://www.zillow.com/homedetails/13808-Cherry-Hill-Dr-Alexander-AR-72002/49814136_zpid/,,91000,2026-09-17T00:00:00.000Z,Listed for rent,2008-05-22T00:00:00.000Z,Sold,2007-01-05T00:00:00.000Z,Sold,,,,,,
"911 James Madison Dr, Benton, AR 72019",911 James Madison Dr,Benton,AR,,forRent,3,2014,,1700,7,https://www.zillow.com/homedetails/911-James-Madison-Dr-Benton-AR-72019/82278084_zpid/,,175000,2026-09-16T00:00:00.000Z,Listed for rent,2024-07-26T00:00:00.000Z,Sold,2021-07-01T00:00:00.000Z,Sold,2014-03-12T00:00:00.000Z,Sold,,,,
"6634 Hollywood Ave, Benton, AR 72019",6634 Hollywood Ave,Benton,AR,,forRent,3,1051,,1195,15,https://www.zillow.com/homedetails/6634-Hollywood-Ave-Benton-AR-72019/459936342_zpid/,,,2026-09-09T00:00:00.000Z,Listed for rent,2026-08-14T00:00:00.000Z,Listing removed,2026-06-25T00:00:00.000Z,Price change,2026-06-17T00:00:00.000Z,Price change,2026-06-08T00:00:00.000Z,Price change,2026-05-28T00:00:00.000Z,Price change
"2714 Gage Dr, Benton, AR 72019",2714 Gage Dr,Benton,AR,,forRent,3,1303,,1500,23,https://www.zillow.com/homedetails/2714-Gage-Dr-Benton-AR-72019/92431557_zpid/,,122580,2026-08-31T00:00:00.000Z,Listed for rent,2022-03-04T00:00:00.000Z,Sold,2018-05-12T00:00:00.000Z,Listing removed,2018-04-07T00:00:00.000Z,Listed for rent,2018-02-11T00:00:00.000Z,Listing removed,2018-01-21T00:00:00.000Z,Price change
"2933 Gillis Dr, Benton, AR 72015",2933 Gillis Dr,Benton,AR,,forRent,5,2500,,2500,16,https://www.zillow.com/homedetails/2933-Gillis-Dr-Benton-AR-72015/443098023_zpid/,,,2026-09-07T00:00:00.000Z,Listed for rent,2025-02-28T00:00:00.000Z,Listing removed,2025-02-18T00:00:00.000Z,Listed for rent,,,,,,
"2906 Pamela, Benton, AR 72015",2906 Pamela,Benton,AR,,forRent,3,1372,,1495,29,https://www.zillow.com/homedetails/2906-Pamela-Benton-AR-72015/385308_zpid/,,,2026-08-25T00:00:00.000Z,Listed for rent,2025-08-04T00:00:00.000Z,Listing removed,2025-07-29T00:00:00.000Z,Price change,2025-07-08T00:00:00.000Z,Price change,2025-03-05T00:00:00.000Z,Listed for rent,2025-02-27T00:00:00.000Z,Listing removed
"3369 Garden Club Dr, Benton, AR 72022",3369 Garden Club Dr,Benton,AR,,forRent,3,1305,,1700,10,https://www.zillow.com/homedetails/3369-Garden-Club-Dr-Benton-AR-72022/118174164_zpid/,,172500,2026-09-14T00:00:00.000Z,Listed for rent,2025-06-21T00:00:00.000Z,Listing removed,2025-05-20T00:00:00.000Z,Listed for rent,2025-02-04T00:00:00.000Z,Listing removed,2025-01-07T00:00:00.000Z,Listed for rent,2024-09-03T00:00:00.000Z,Listing removed
"1411 Oak Glenn Ct, Bryant, AR 72022",1411 Oak Glenn Ct,Bryant,AR,,forRent,3,1400,,1650,8,https://www.zillow.com/homedetails/1411-Oak-Glenn-Ct-Bryant-AR-72022/199778685_zpid/,,,2026-09-15T00:00:00.000Z,Listed for rent,2026-05-28T00:00:00.000Z,Listing removed,2026-05-06T00:00:00.000Z,Listed for rent,2025-11-06T00:00:00.000Z,Listing removed,2025-09-18T00:00:00.000Z,Listed for rent,2024-02-16T00:00:00.000Z,Listing removed
"1602 Harmon Dr, Benton, AR 72015",1602 Harmon Dr,Benton,AR,,forRent,4,1881,,1595,5,https://www.zillow.com/homedetails/1602-Harmon-Dr-Benton-AR-72015/384937_zpid/,,100000,2026-09-18T00:00:00.000Z,Listed for rent,2025-09-12T00:00:00.000Z,Listing removed,2025-06-03T00:00:00.000Z,Listed for rent,2025-05-27T00:00:00.000Z,Listing removed,2025-05-22T00:00:00.000Z,Listed for sale,2025-05-13T00:00:00.000Z,Sold
"605 Valley Vista Dr, Benton, AR 72019",605 Valley Vista Dr,Benton,AR,,forRent,4,1942,,1875,78,https://www.zillow.com/homedetails/605-Valley-Vista-Dr-Benton-AR-72019/387089_zpid/,,,2026-07-07T00:00:00.000Z,Listed for rent,,,,,,,,,,
"2225 Redwood, Benton, AR 72015",2225 Redwood,Benton,AR,,forRent,3,1758,,1800,114,https://www.zillow.com/homedetails/2225-Redwood-Benton-AR-72015/52934068_zpid/,,132000,2026-09-03T00:00:00.000Z,Price change,2026-08-17T00:00:00.000Z,Price change,2026-07-13T00:00:00.000Z,Price change,2026-06-01T00:00:00.000Z,Listed for rent,2025-05-31T00:00:00.000Z,Listing removed,2025-05-17T00:00:00.000Z,Listed for rent
"4903 Natalie Dr, Bryant, AR 72022",4903 Natalie Dr,Bryant,AR,,forRent,4,1990,,1860,30,https://www.zillow.com/homedetails/4903-Natalie-Dr-Bryant-AR-72022/82281136_zpid/,,38000,2026-08-24T00:00:00.000Z,Listed for rent,2007-08-22T00:00:00.000Z,Sold,,,,,,,,
"3509 Terrace Hill Ct, Benton, AR 72019",3509 Terrace Hill Ct,Benton,AR,,forRent,3,1500,,1400,23,https://www.zillow.com/homedetails/3509-Terrace-Hill-Ct-Benton-AR-72019/124735446_zpid/,,122580,2026-09-08T00:00:00.000Z,Price change,2026-08-31T00:00:00.000Z,Listed for rent,2023-07-09T00:00:00.000Z,Listing removed,2023-07-06T00:00:00.000Z,Listed for rent,2022-03-04T00:00:00.000Z,Sold,2014-09-04T00:00:00.000Z,Sold
"416 Jackman St, Benton, AR 72015",416 Jackman St,Benton,AR,,forRent,3,1200,,1600,4,https://www.zillow.com/homedetails/416-Jackman-St-Benton-AR-72015/389112_zpid/,,140000,2026-09-19T00:00:00.000Z,Listed for rent,2025-10-31T00:00:00.000Z,Sold,2025-10-13T00:00:00.000Z,Contingent,2025-10-04T00:00:00.000Z,Price change,2025-09-26T00:00:00.000Z,Listed for sale,2017-01-05T00:00:00.000Z,Sold
"1116 Kenwood Cv, Bryant, AR 72022",1116 Kenwood Cv,Bryant,AR,,forRent,4,1931,,2100,34,https://www.zillow.com/homedetails/1116-Kenwood-Cv-Bryant-AR-72022/52934559_zpid/,,120000,2026-08-20T00:00:00.000Z,Listed for rent,2025-07-26T00:00:00.000Z,Listing removed,2025-07-22T00:00:00.000Z,Listed for rent,2024-01-18T00:00:00.000Z,Listing removed,2023-10-26T00:00:00.000Z,Listed for rent,2022-06-08T00:00:00.000Z,Listing removed
"14457 Skyline Dr, Alexander, AR 72002",14457 Skyline Dr,Alexander,AR,,forRent,3,1974,,1950,8,https://www.zillow.com/homedetails/14457-Skyline-Dr-Alexander-AR-72002/120792053_zpid/,,210000,2026-09-15T00:00:00.000Z,Listed for rent,2021-11-05T00:00:00.000Z,Sold,2015-12-17T00:00:00.000Z,Sold,,,,,,
"1519 Mulberry Salem Rd, Benton, AR 72019",1519 Mulberry Salem Rd,Benton,AR,,forRent,3,1712,,1700,22,https://www.zillow.com/homedetails/1519-Mulberry-Salem-Rd-Benton-AR-72019/376849_zpid/,,340000,2026-09-05T00:00:00.000Z,Listed for rent,2026-02-25T00:00:00.000Z,Listing removed,2026-02-19T00:00:00.000Z,Listed for rent,2025-11-07T00:00:00.000Z,Sold,2024-09-15T00:00:00.000Z,Listing removed,2024-06-17T00:00:00.000Z,Listed for sale
"154 Roman Heights Ave, Alexander, AR 72002",154 Roman Heights Ave,Alexander,AR,,forRent,,,,,,https://www.zillow.com/b/154-roman-heights-ave-alexander-ar-Cdzchh/,,,,,,,,,,,,,,
"830 Gussy Ln, Benton, AR 72019",830 Gussy Ln,Benton,AR,,forRent,,,,,,https://www.zillow.com/b/830-gussy-ln-benton-ar-CqYvFB/,,,,,,,,,,,,,,
"5096 Woodstream Dr, Alexander, AR 72002",5096 Woodstream Dr,Alexander,AR,,forRent,3,1594,,2600,19,https://www.zillow.com/homedetails/5096-Woodstream-Dr-Alexander-AR-72002/2077881150_zpid/,,180150,2026-09-05T00:00:00.000Z,Listed for rent,2024-10-14T00:00:00.000Z,Listing removed,2023-08-19T00:00:00.000Z,Listing removed,2023-07-23T00:00:00.000Z,Listed for rent,2023-03-09T00:00:00.000Z,Listing removed,2023-02-12T00:00:00.000Z,Listed for rent
"5137 Woodstream Dr, Alexander, AR 72002",5137 Woodstream Dr,Alexander,AR,,forRent,3,1460,,1600,5,https://www.zillow.com/homedetails/5137-Woodstream-Dr-Alexander-AR-72002/2078172293_zpid/,,167825,2026-09-18T00:00:00.000Z,Listed for rent,2026-04-27T00:00:00.000Z,Listing removed,2026-04-01T00:00:00.000Z,Listed for rent,2022-11-20T00:00:00.000Z,Listing removed,2022-10-04T00:00:00.000Z,Listed for rent,2020-12-04T00:00:00.000Z,Sold
"6316 Warwick Dr, Alexander, AR 72002",6316 Warwick Dr,Alexander,AR,,forRent,4,1884,,2300,54,https://www.zillow.com/homedetails/6316-Warwick-Dr-Alexander-AR-72002/461049113_zpid/,,277000,2026-09-18T00:00:00.000Z,Price change,2026-07-31T00:00:00.000Z,Listed for rent,2026-06-29T00:00:00.000Z,Sold,2026-05-29T00:00:00.000Z,Contingent,2026-05-29T00:00:00.000Z,Price change,2026-03-14T00:00:00.000Z,Listed for sale
"7125 Anderson St, Alexander, AR 72002",7125 Anderson St,Alexander,AR,,forRent,3,1906,,1650,0,https://www.zillow.com/homedetails/7125-Anderson-St-Alexander-AR-72002/368443_zpid/,,167000,2026-09-23T00:00:00.000Z,Listed for rent,2023-09-08T00:00:00.000Z,Listing removed,2023-07-24T00:00:00.000Z,Price change,2023-07-21T00:00:00.000Z,Listed for rent,2022-08-08T00:00:00.000Z,Listing removed,2022-07-27T00:00:00.000Z,Listed for rent
"1710 Cedarhurst Dr, Benton, AR 72015",1710 Cedarhurst Dr,Benton,AR,,forRent,3,1680,,1550,62,https://www.zillow.com/homedetails/1710-Cedarhurst-Dr-Benton-AR-72015/384477_zpid/,,127500,2026-09-19T00:00:00.000Z,Price change,2026-09-12T00:00:00.000Z,Price change,2026-09-04T00:00:00.000Z,Price change,2026-08-29T00:00:00.000Z,Price change,2026-06-23T00:00:00.000Z,Listed for rent,2024-05-13T00:00:00.000Z,Listing removed
"2615 Stivers Blvd, Bryant, AR 72022",2615 Stivers Blvd,Bryant,AR,,forRent,3,1736,,1700,11,https://www.zillow.com/homedetails/2615-Stivers-Blvd-Bryant-AR-72022/391919_zpid/,,190000,2026-09-16T00:00:00.000Z,Price change,2026-09-12T00:00:00.000Z,Listed for rent,2025-04-04T00:00:00.000Z,Sold,2025-03-05T00:00:00.000Z,Contingent,2025-03-01T00:00:00.000Z,Listed for sale,2022-06-13T00:00:00.000Z,Listing removed
"14611 Parkway Meadows Dr, Alexander, AR 72002",14611 Parkway Meadows Dr,Alexander,AR,,forRent,3,1500,,1625,6,https://www.zillow.com/homedetails/14611-Parkway-Meadows-Dr-Alexander-AR-72002/112089546_zpid/,,192000,2026-09-17T00:00:00.000Z,Listed for rent,2025-09-08T00:00:00.000Z,Listing removed,2025-08-28T00:00:00.000Z,Listed for rent,2024-09-13T00:00:00.000Z,Listing removed,2024-08-05T00:00:00.000Z,Listed for rent,2024-07-24T00:00:00.000Z,Listing removed
"2248 Centennial Valley Dr, Benton, AR 72019",2248 Centennial Valley Dr,Benton,AR,,forRent,3,1480,,1595,0,https://www.zillow.com/homedetails/2248-Centennial-Valley-Dr-Benton-AR-72019/2071964933_zpid/,,203315,2026-09-23T00:00:00.000Z,Listed for rent,2025-09-12T00:00:00.000Z,Listing removed,2025-09-10T00:00:00.000Z,Price change,2025-08-18T00:00:00.000Z,Listed for rent,2021-10-28T00:00:00.000Z,Sold,2021-07-30T00:00:00.000Z,Pending sale
"6065 Discovery Trl, Bauxite, AR 72011",6065 Discovery Trl,Bauxite,AR,,forRent,4,1459,,1595,8,https://www.zillow.com/homedetails/6065-Discovery-Trl-Bauxite-AR-72011/442588179_zpid/,,192660,2026-09-15T00:00:00.000Z,Listed for rent,2026-08-11T00:00:00.000Z,Listing removed,2026-08-03T00:00:00.000Z,Listed for rent,2025-07-01T00:00:00.000Z,Listing removed,2025-05-23T00:00:00.000Z,Listed for rent,2025-05-09T00:00:00.000Z,Sold
"22930 Sam Tillery Dr, Alexander, AR 72002",22930 Sam Tillery Dr,Alexander,AR,,forRent,4,1640,,2000,30,https://www.zillow.com/homedetails/22930-Sam-Tillery-Dr-Alexander-AR-72002/464786376_zpid/,,,2026-09-10T00:00:00.000Z,Price change,2026-09-08T00:00:00.000Z,Price change,2026-08-24T00:00:00.000Z,Listed for rent,,,,,,
"2705 Timbermist Cir, Benton, AR 72015",2705 Timbermist Cir,Benton,AR,,forRent,3,1200,,1575,6,https://www.zillow.com/homedetails/2705-Timbermist-Cir-Benton-AR-72015/386796_zpid/,,151000,2026-09-17T00:00:00.000Z,Listed for rent,2025-09-02T00:00:00.000Z,Listing removed,2025-08-27T00:00:00.000Z,Price change,2025-08-14T00:00:00.000Z,Price change,2025-06-30T00:00:00.000Z,Listed for rent,2022-08-30T00:00:00.000Z,Listing removed
"4541 Western Woods Dr, Benton, AR 72015",4541 Western Woods Dr,Benton,AR,,forRent,4,2000,,1895,8,https://www.zillow.com/homedetails/4541-Western-Woods-Dr-Benton-AR-72015/2061302075_zpid/,,313100,2026-09-15T00:00:00.000Z,Listed for rent,2023-03-31T00:00:00.000Z,Sold,2022-11-05T00:00:00.000Z,Listing removed,2022-09-30T00:00:00.000Z,Listed for rent,,,,
"6413 Amalie Dr, Alexander, AR 72002",6413 Amalie Dr,Alexander,AR,,forRent,3,1485,,1675,15,https://www.zillow.com/homedetails/6413-Amalie-Dr-Alexander-AR-72002/247595729_zpid/,,198000,2026-09-08T00:00:00.000Z,Listed for rent,2025-08-18T00:00:00.000Z,Listing removed,2025-08-06T00:00:00.000Z,Listed for rent,2022-05-12T00:00:00.000Z,Listing removed,2022-05-04T00:00:00.000Z,Price change,2022-04-27T00:00:00.000Z,Price change
"8512 Highway 5 N, Benton, AR 72019",8512 Highway 5 N,Benton,AR,,forRent,4,1533,,1895,9,https://www.zillow.com/homedetails/8512-Highway-5-N-Benton-AR-72019/394628139_zpid/,,,2026-09-14T00:00:00.000Z,Listed for rent,2024-09-13T00:00:00.000Z,Listing removed,2024-07-15T00:00:00.000Z,Listed for rent,,,,,,
"402 Stone Creek Dr, Benton, AR 72015",402 Stone Creek Dr,Benton,AR,,forRent,4,1762,,1895,15,https://www.zillow.com/homedetails/402-Stone-Creek-Dr-Benton-AR-72015/71716020_zpid/,,178000,2026-09-08T00:00:00.000Z,Listed for rent,2023-09-17T00:00:00.000Z,Listing removed,2023-07-18T00:00:00.000Z,Listing removed,2023-06-14T00:00:00.000Z,Price change,2023-06-06T00:00:00.000Z,Listed for rent,2021-09-16T00:00:00.000Z,Sold
"1008 Santa Fe Trl, Bauxite, AR 72011",1008 Santa Fe Trl,Bauxite,AR,,forRent,,,,,,https://www.zillow.com/b/1008-santa-fe-trl-bauxite-ar-BqKjfx/,,,,,,,,,,,,,,
"6688 Hollywood Ave, Benton, AR 72019",6688 Hollywood Ave,Benton,AR,,forRent,3,1051,,1595,19,https://www.zillow.com/homedetails/6688-Hollywood-Ave-Benton-AR-72019/460744960_zpid/,,183900,2026-09-04T00:00:00.000Z,Listed for rent,2026-08-28T00:00:00.000Z,Sold,2026-08-10T00:00:00.000Z,Contingent,2026-06-25T00:00:00.000Z,Price change,2026-06-18T00:00:00.000Z,Price change,2026-06-09T00:00:00.000Z,Price change
"821 Church, Benton, AR 72015",821 Church,Benton,AR,,forRent,4,1540,,1675,19,https://www.zillow.com/homedetails/821-Church-Benton-AR-72015/387634_zpid/,,155000,2026-09-04T00:00:00.000Z,Listed for rent,2021-08-04T00:00:00.000Z,Listing removed,2021-07-27T00:00:00.000Z,Listed for rent,2021-06-04T00:00:00.000Z,Sold,2020-12-14T00:00:00.000Z,Sold,2020-10-24T00:00:00.000Z,Listed for sale
"227 Iris St, Haskell, AR 72015",227 Iris St,Haskell,AR,,forRent,3,1420,,1625,58,https://www.zillow.com/homedetails/227-Iris-St-Haskell-AR-72015/2060765172_zpid/,,195000,2026-09-23T00:00:00.000Z,Price change,2026-09-10T00:00:00.000Z,Price change,2026-08-27T00:00:00.000Z,Price change,2026-07-27T00:00:00.000Z,Listed for rent,2023-02-16T00:00:00.000Z,Listing removed,2023-02-08T00:00:00.000Z,Price change
"3002 Forest Dr, Bryant, AR 72022",3002 Forest Dr,Bryant,AR,,forRent,3,1409,,1650,14,https://www.zillow.com/homedetails/3002-Forest-Dr-Bryant-AR-72022/390575_zpid/,,213000,2026-09-10T00:00:00.000Z,Listed for rent,2026-08-24T00:00:00.000Z,Sold,2026-06-30T00:00:00.000Z,Listed for sale,2018-03-05T00:00:00.000Z,Sold,2011-03-18T00:00:00.000Z,Sold,2011-02-13T00:00:00.000Z,Listed for sale
"14095 Magnolia Glen Dr, Alexander, AR 72002",14095 Magnolia Glen Dr,Alexander,AR,,forRent,3,1228,,1530,22,https://www.zillow.com/homedetails/14095-Magnolia-Glen-Dr-Alexander-AR-72002/88906053_zpid/,,119500,2026-09-01T00:00:00.000Z,Listed for rent,2020-12-08T00:00:00.000Z,Listing removed,2020-12-02T00:00:00.000Z,Listed for rent,2016-09-27T00:00:00.000Z,Sold,2016-06-29T00:00:00.000Z,Price change,2016-06-06T00:00:00.000Z,Listed for sale
"3001 Wild Berry Dr, Benton, AR 72015",3001 Wild Berry Dr,Benton,AR,,forRent,3,1486,,1725,33,https://www.zillow.com/homedetails/3001-Wild-Berry-Dr-Benton-AR-72015/71716346_zpid/,,184900,2026-08-21T00:00:00.000Z,Listed for rent,2024-07-31T00:00:00.000Z,Listing removed,2024-07-05T00:00:00.000Z,Listed for rent,2023-04-21T00:00:00.000Z,Listing removed,2023-04-19T00:00:00.000Z,Listed for rent,2022-03-28T00:00:00.000Z,Listing removed
"4825 Coronell Way, Bryant, AR 72022",4825 Coronell Way,Bryant,AR,,forRent,4,2060,,3050,37,https://www.zillow.com/homedetails/4825-Coronell-Way-Bryant-AR-72022/453104565_zpid/,,,2026-07-13T00:00:00.000Z,Listed for rent,,,,,,,,,,
"2721 Timbermist Dr, Benton, AR 72015",2721 Timbermist Dr,Benton,AR,,forRent,3,1200,,1600,24,https://www.zillow.com/homedetails/2721-Timbermist-Dr-Benton-AR-72015/386806_zpid/,,83000,2026-08-30T00:00:00.000Z,Listed for rent,2025-09-01T00:00:00.000Z,Listing removed,2025-06-30T00:00:00.000Z,Price change,2025-03-03T00:00:00.000Z,Price change,2024-12-20T00:00:00.000Z,Listed for rent,2024-12-06T00:00:00.000Z,Listing removed
"2064 Fern Valley Dr, Alexander, AR 72002",2064 Fern Valley Dr,Alexander,AR,,forRent,3,1394,,1595,7,https://www.zillow.com/homedetails/2064-Fern-Valley-Dr-Alexander-AR-72002/247595904_zpid/,,169000,2026-09-16T00:00:00.000Z,Listed for rent,2025-12-24T00:00:00.000Z,Listing removed,2025-11-13T00:00:00.000Z,Listed for rent,2023-05-30T00:00:00.000Z,Listing removed,2023-05-15T00:00:00.000Z,Listed for rent,2021-06-30T00:00:00.000Z,Listing removed
"508 SW 4th St, Bryant, AR 72022",508 SW 4th St,Bryant,AR,,forRent,3,1510,,1950,16,https://www.zillow.com/homedetails/508-SW-4th-St-Bryant-AR-72022/391129_zpid/,,231000,2026-09-07T00:00:00.000Z,Listed for rent,2026-07-02T00:00:00.000Z,Listing removed,2026-06-18T00:00:00.000Z,Sold,2026-06-18T00:00:00.000Z,Listed for rent,2026-05-27T00:00:00.000Z,Contingent,2026-05-22T00:00:00.000Z,Price change
"307 S 4th St, Benton, AR 72015",307 S 4th St,Benton,AR,,forRent,3,1051,,1550,24,https://www.zillow.com/homedetails/307-S-4th-St-Benton-AR-72015/386521_zpid/,,161000,2026-09-21T00:00:00.000Z,Price change,2026-08-31T00:00:00.000Z,Listed for rent,2025-05-30T00:00:00.000Z,Listing removed,2025-05-20T00:00:00.000Z,Sold,2025-05-20T00:00:00.000Z,Listed for rent,2025-04-19T00:00:00.000Z,Contingent
"21051 Natalie Ln, Little Rock, AR 72206",21051 Natalie Ln,Little Rock,AR,,forRent,3,1550,,1700,13,https://www.zillow.com/homedetails/21051-Natalie-Ln-Little-Rock-AR-72206/64691031_zpid/,,,2026-09-10T00:00:00.000Z,Listed for rent,,,,,,,,,,
"418 S Main, Benton, AR 72015",418 S Main,Benton,AR,,forRent,3,1096,,1300,37,https://www.zillow.com/homedetails/418-S-Main-Benton-AR-72015/71708118_zpid/,,99500,2026-09-08T00:00:00.000Z,Listed for rent,2026-09-01T00:00:00.000Z,Listing removed,2026-08-17T00:00:00.000Z,Listed for rent,2018-08-10T00:00:00.000Z,Sold,2018-06-20T00:00:00.000Z,Sold,2018-04-03T00:00:00.000Z,Listed for sale
"153 Harwill, Hensley, AR 72065",153 Harwill,Hensley,AR,,forRent,4,2359,,2500,44,https://www.zillow.com/homedetails/153-Harwill-Hensley-AR-72065/2082362397_zpid/,,,2026-08-10T00:00:00.000Z,Listed for rent,2025-08-04T00:00:00.000Z,Listing removed,2025-07-01T00:00:00.000Z,Listed for rent,2025-06-30T00:00:00.000Z,Listing removed,2025-06-09T00:00:00.000Z,Listed for rent,2019-11-13T00:00:00.000Z,Listing removed
"1961 Auburn Hills Dr, Benton, AR 72015",1961 Auburn Hills Dr,Benton,AR,,forRent,3,1470,,1850,51,https://www.zillow.com/homedetails/1961-Auburn-Hills-Dr-Benton-AR-72015/2061982521_zpid/,,210000,2026-08-04T00:00:00.000Z,Sold,2026-08-04T00:00:00.000Z,Listed for rent,2026-08-04T00:00:00.000Z,Contingent,2026-06-22T00:00:00.000Z,Price change,2026-05-30T00:00:00.000Z,Price change,2026-05-06T00:00:00.000Z,Price change
"721 S Richards, Benton, AR 72015",721 S Richards,Benton,AR,,forRent,3,1544,,1650,40,https://www.zillow.com/homedetails/721-S-Richards-Benton-AR-72015/389133_zpid/,,29900,2026-08-14T00:00:00.000Z,Listed for rent,2026-08-07T00:00:00.000Z,Listing removed,2026-08-03T00:00:00.000Z,Price change,2026-07-22T00:00:00.000Z,Listed for rent,2023-07-28T00:00:00.000Z,Sold,2023-07-09T00:00:00.000Z,Contingent
"6099 Meridian Dr, Alexander, AR 72002",6099 Meridian Dr,Alexander,AR,,forRent,4,1824,,2195,13,https://www.zillow.com/homedetails/6099-Meridian-Dr-Alexander-AR-72002/456178536_zpid/,,,2026-09-10T00:00:00.000Z,Listed for rent,2026-01-22T00:00:00.000Z,Listing removed,2025-12-23T00:00:00.000Z,Listed for rent,2025-11-27T00:00:00.000Z,Listing removed,2025-08-22T00:00:00.000Z,Listed for sale,,
"918 Cedar Haskell St, Haskell, AR 72015",918 Cedar Haskell St,Haskell,AR,,forRent,3,1088,,1150,35,https://www.zillow.com/homedetails/918-Cedar-Haskell-St-Haskell-AR-72015/61187359_zpid/,,,2026-07-13T00:00:00.000Z,Listed for rent,,,,,,,,,,
"5845 Heritage Heights Dr, Benton, AR 72019",5845 Heritage Heights Dr,Benton,AR,,forRent,4,1725,,1700,37,https://www.zillow.com/homedetails/5845-Heritage-Heights-Dr-Benton-AR-72019/440162513_zpid/,,,2026-09-21T00:00:00.000Z,Price change,2026-08-17T00:00:00.000Z,Listed for rent,2024-09-13T00:00:00.000Z,Listing removed,2024-09-10T00:00:00.000Z,Listed for rent,,,,
"3123 Lori Lake Rd, Benton, AR 72019",3123 Lori Lake Rd,Benton,AR,,forRent,3,1280,,1000,202,https://www.zillow.com/homedetails/3123-Lori-Lake-Rd-Benton-AR-72019/453026788_zpid/,,,2025-06-07T00:00:00.000Z,Listed for rent,,,,,,,,,,
"14815 Parkway Meadows Dr, Alexander, AR 72002",14815 Parkway Meadows Dr,Alexander,AR,,forRent,3,1243,,1495,25,https://www.zillow.com/homedetails/14815-Parkway-Meadows-Dr-Alexander-AR-72002/114165875_zpid/,,187500,2026-09-14T00:00:00.000Z,Price change,2026-08-29T00:00:00.000Z,Listed for rent,2025-08-21T00:00:00.000Z,Listing removed,2025-08-07T00:00:00.000Z,Price change,2025-07-31T00:00:00.000Z,Price change,2025-07-24T00:00:00.000Z,Listed for rent
"1709 Durwood St, Benton, AR 72015",1709 Durwood St,Benton,AR,,forRent,3,1281,,1545,1,https://www.zillow.com/homedetails/1709-Durwood-St-Benton-AR-72015/382073_zpid/,,7000,2026-09-22T00:00:00.000Z,Listed for rent,1996-01-02T00:00:00.000Z,Sold,,,,,,,,
"1422 Saw Grass Cv, Benton, AR 72019",1422 Saw Grass Cv,Benton,AR,,forRent,3,1400,,1500,2,https://www.zillow.com/homedetails/1422-Saw-Grass-Cv-Benton-AR-72019/82268083_zpid/,,133000,2026-09-21T00:00:00.000Z,Listed for rent,2024-07-17T00:00:00.000Z,Listing removed,2024-06-20T00:00:00.000Z,Listed for rent,2020-11-20T00:00:00.000Z,Sold,2013-06-06T00:00:00.000Z,Sold,2013-04-26T00:00:00.000Z,Pending sale
"1620 Rambling Brook Dr, Benton, AR 72015",1620 Rambling Brook Dr,Benton,AR,,forRent,3,1355,,1850,13,https://www.zillow.com/homedetails/1620-Rambling-Brook-Dr-Benton-AR-72015/463057732_zpid/,,206900,2026-09-10T00:00:00.000Z,Listed for rent,2026-08-28T00:00:00.000Z,Sold,2026-08-05T00:00:00.000Z,Contingent,2026-07-20T00:00:00.000Z,Price change,2026-07-09T00:00:00.000Z,Price change,2026-06-09T00:00:00.000Z,Listed for sale
"4409 Olympic Dr, Benton, AR 72019",4409 Olympic Dr,Benton,AR,,forRent,4,1566,,1600,2,https://www.zillow.com/homedetails/4409-Olympic-Dr-Benton-AR-72019/446361230_zpid/,,182600,2026-09-21T00:00:00.000Z,Listed for rent,2024-07-09T00:00:00.000Z,Listing removed,2024-06-13T00:00:00.000Z,Listed for rent,2021-04-21T00:00:00.000Z,Sold,,,,
"300 Jefferson St, Benton, AR 72015",300 Jefferson St,Benton,AR,,forRent,3,1300,,1500,4,https://www.zillow.com/homedetails/300-Jefferson-St-Benton-AR-72015/114167718_zpid/,,,2026-09-19T00:00:00.000Z,Listed for rent,,,,,,,,,,
"1510 Bennett, Benton, AR 72015",1510 Bennett,Benton,AR,,forRent,3,1312,,1450,1,https://www.zillow.com/homedetails/1510-Bennett-Benton-AR-72015/52934431_zpid/,,,2026-09-22T00:00:00.000Z,Listed for rent,,,,,,,,,,
"5719 Heritage Heights Dr, Benton, AR 72019",5719 Heritage Heights Dr,Benton,AR,,forRent,4,1650,,1800,40,https://www.zillow.com/homedetails/5719-Heritage-Heights-Dr-Benton-AR-72019/71715729_zpid/,,22000,2026-08-14T00:00:00.000Z,Listed for rent,2025-04-01T00:00:00.000Z,Listing removed,2025-03-06T00:00:00.000Z,Listed for rent,2023-10-30T00:00:00.000Z,Listing removed,2023-10-23T00:00:00.000Z,Listed for rent,2022-10-27T00:00:00.000Z,Listing removed
"3264 Sidell Rd, Benton, AR 72015",3264 Sidell Rd,Benton,AR,,forRent,4,1652,,1795,5,https://www.zillow.com/homedetails/3264-Sidell-Rd-Benton-AR-72015/465427229_zpid/,,,2026-09-18T00:00:00.000Z,Listed for rent,,,,,,,,,,
"1628 Rambling Brook Dr, Benton, AR 72015",1628 Rambling Brook Dr,Benton,AR,,forRent,3,1216,,1850,13,https://www.zillow.com/homedetails/1628-Rambling-Brook-Dr-Benton-AR-72015/463057763_zpid/,,200900,2026-09-10T00:00:00.000Z,Listed for rent,2026-08-28T00:00:00.000Z,Sold,2026-08-05T00:00:00.000Z,Contingent,2026-07-20T00:00:00.000Z,Price change,2026-07-09T00:00:00.000Z,Price change,2026-06-09T00:00:00.000Z,Listed for sale
"22530 Sam Tillery Dr, Alexander, AR 72002",22530 Sam Tillery Dr,Alexander,AR,,forRent,3,1633,,1995,1,https://www.zillow.com/homedetails/22530-Sam-Tillery-Dr-Alexander-AR-72002/465489014_zpid/,,,2026-09-22T00:00:00.000Z,Listed for rent,,,,,,,,,,
"1219 N Parker Haskell St, Benton, AR 72015",1219 N Parker Haskell St,Benton,AR,,forRent,3,1680,,1400,7,https://www.zillow.com/homedetails/1219-N-Parker-Haskell-St-Benton-AR-72015/392830_zpid/,,35564,2026-08-31T00:00:00.000Z,Price change,2026-08-06T00:00:00.000Z,Price change,2026-07-09T00:00:00.000Z,Listed for rent,2025-12-12T00:00:00.000Z,Listing removed,2025-11-20T00:00:00.000Z,Listed for rent,2025-05-09T00:00:00.000Z,Listing removed
"2255 Rainbow Rd, Conway, AR 72032",2255 Rainbow Rd,Conway,AR,,forRent,3,1254,,1600,7,https://www.zillow.com/homedetails/2255-Rainbow-Rd-Conway-AR-72032/240098_zpid/,,203000,2026-09-16T00:00:00.000Z,Listed for rent,2026-09-15T00:00:00.000Z,Sold,2026-08-14T00:00:00.000Z,Contingent,2026-08-12T00:00:00.000Z,Listed for sale,2024-08-23T00:00:00.000Z,Listing removed,2024-07-31T00:00:00.000Z,Listed for rent
"202 Skunk Hollow Rd, Conway, AR 72032",202 Skunk Hollow Rd,Conway,AR,,forRent,3,1120,,1425,35,https://www.zillow.com/homedetails/202-Skunk-Hollow-Rd-Conway-AR-72032/228041_zpid/,,116083,2026-09-09T00:00:00.000Z,Listed for rent,2026-08-20T00:00:00.000Z,Listing removed,2026-08-19T00:00:00.000Z,Listed for rent,2026-07-20T00:00:00.000Z,Sold,2026-05-18T00:00:00.000Z,Contingent,2026-05-08T00:00:00.000Z,Listed for sale
"608 S Baridon St, Conway, AR 72034",608 S Baridon St,Conway,AR,,forRent,3,1997,,1650,5,https://www.zillow.com/homedetails/608-S-Baridon-St-Conway-AR-72034/236173_zpid/,,132500,2026-09-19T00:00:00.000Z,Price change,2026-09-18T00:00:00.000Z,Listed for rent,2026-08-31T00:00:00.000Z,Listing removed,2026-08-18T00:00:00.000Z,Price change,2026-08-08T00:00:00.000Z,Listed for rent,2026-07-28T00:00:00.000Z,Listing removed
"2804 Bruce St, Conway, AR 72034",2804 Bruce St,Conway,AR,,forRent,3,1232,,1375,16,https://www.zillow.com/homedetails/2804-Bruce-St-Conway-AR-72034/238249_zpid/,,115000,2026-09-07T00:00:00.000Z,Listed for rent,2017-11-12T00:00:00.000Z,Listing removed,2017-11-01T00:00:00.000Z,Listed for rent,2016-07-19T00:00:00.000Z,Listing removed,2016-07-19T00:00:00.000Z,Listed for sale,2016-07-18T00:00:00.000Z,Sold
"2230 Cedar Oaks Dr, Conway, AR 72032",2230 Cedar Oaks Dr,Conway,AR,,forRent,3,1200,,1500,10,https://www.zillow.com/homedetails/2230-Cedar-Oaks-Dr-Conway-AR-72032/239909_zpid/,,640000,2026-09-13T00:00:00.000Z,Listed for rent,2014-10-22T00:00:00.000Z,Sold,2006-05-30T00:00:00.000Z,Sold,,,,,,
"4540 Thompson St, Conway, AR 72034",4540 Thompson St,Conway,AR,,forRent,3,1195,,1450,28,https://www.zillow.com/homedetails/4540-Thompson-St-Conway-AR-72034/52392329_zpid/,,110000,2026-08-26T00:00:00.000Z,Listed for rent,2024-05-02T00:00:00.000Z,Listing removed,2024-04-25T00:00:00.000Z,Listed for rent,2022-08-10T00:00:00.000Z,Listing removed,2022-07-30T00:00:00.000Z,Listed for rent,2021-08-09T00:00:00.000Z,Listing removed
"2128 Duncan St, Conway, AR 72034",2128 Duncan St,Conway,AR,,forRent,4,1450,,1495,11,https://www.zillow.com/homedetails/2128-Duncan-St-Conway-AR-72034/236832_zpid/,,80000,2026-09-12T00:00:00.000Z,Listed for rent,2025-09-05T00:00:00.000Z,Listing removed,2025-08-14T00:00:00.000Z,Listed for rent,2015-10-02T00:00:00.000Z,Sold,2014-06-30T00:00:00.000Z,Sold,,
"(Undisclosed Address), Conway, AR 72034",(Undisclosed Address),Conway,AR,,forRent,3,1689,,1750,22,https://www.zillow.com/homedetails/Conway-AR-72034/241235_zpid/,,131000,2026-09-01T00:00:00.000Z,Price change,2026-07-12T00:00:00.000Z,Listed for rent,2026-06-15T00:00:00.000Z,Listing removed,2026-05-25T00:00:00.000Z,Listed for rent,2026-05-16T00:00:00.000Z,Listing removed,2026-04-25T00:00:00.000Z,Listed for rent
"1845 Arden Ln, Conway, AR 72034",1845 Arden Ln,Conway,AR,,forRent,3,1205,,1575,9,https://www.zillow.com/homedetails/1845-Arden-Ln-Conway-AR-72034/71714882_zpid/,,139000,2026-08-30T00:00:00.000Z,Price change,2026-07-17T00:00:00.000Z,Listed for rent,2024-07-03T00:00:00.000Z,Listing removed,2024-06-25T00:00:00.000Z,Listed for rent,2023-02-27T00:00:00.000Z,Listing removed,2023-02-22T00:00:00.000Z,Listed for rent
"20 Summer Breeze Rd, Conway, AR 72032",20 Summer Breeze Rd,Conway,AR,,forRent,3,1592,,1600,18,https://www.zillow.com/homedetails/20-Summer-Breeze-Rd-Conway-AR-72032/2076495598_zpid/,,207000,2026-09-05T00:00:00.000Z,Listed for rent,2024-04-17T00:00:00.000Z,Listing removed,2024-03-28T00:00:00.000Z,Listed for rent,2024-03-08T00:00:00.000Z,Sold,2024-02-22T00:00:00.000Z,Contingent,2024-02-21T00:00:00.000Z,Price change
"7115 Mabelvale Cut Off Rd, Little Rock, AR 72209",7115 Mabelvale Cut Off Rd,Little Rock,AR,,forRent,3,1465,,1495,35,https://www.zillow.com/homedetails/7115-Mabelvale-Cut-Off-Rd-Little-Rock-AR-72209/2060689031_zpid/,,79500,2026-09-22T00:00:00.000Z,Listing removed,2026-08-20T00:00:00.000Z,Listed for rent,2026-08-04T00:00:00.000Z,Price change,2026-07-15T00:00:00.000Z,Price change,2026-07-07T00:00:00.000Z,Listed for sale,2025-09-26T00:00:00.000Z,Listing removed
"109 Maryland Ln, Jacksonville, AR 72076",109 Maryland Ln,Jacksonville,AR,,forRent,3,1201,,1169,41,https://www.zillow.com/homedetails/109-Maryland-Ln-Jacksonville-AR-72076/464516793_zpid/,,,2026-08-13T00:00:00.000Z,Listed for rent,,,,,,,,,,
"1955 Bellingrath Gdns, Conway, AR 72034",1955 Bellingrath Gdns,Conway,AR,,forRent,3,1752,,2000,22,https://www.zillow.com/homedetails/1955-Bellingrath-Gdns-Conway-AR-72034/119403911_zpid/,,199900,2026-09-01T00:00:00.000Z,Listed for rent,2025-09-17T00:00:00.000Z,Listing removed,2025-09-05T00:00:00.000Z,Price change,2025-08-27T00:00:00.000Z,Listed for rent,2025-05-28T00:00:00.000Z,Listing removed,2025-05-09T00:00:00.000Z,Listed for rent
"225 Shiloh Dr, Conway, AR 72032",225 Shiloh Dr,Conway,AR,,forRent,3,1228,,1450,14,https://www.zillow.com/homedetails/225-Shiloh-Dr-Conway-AR-72032/82281664_zpid/,,125000,2026-09-09T00:00:00.000Z,Listed for rent,2026-08-22T00:00:00.000Z,Listing removed,2026-08-07T00:00:00.000Z,Listed for rent,2026-02-26T00:00:00.000Z,Listing removed,2026-02-19T00:00:00.000Z,Price change,2026-02-13T00:00:00.000Z,Listed for rent
"16318 Lamarche Dr, Little Rock, AR 72223",16318 Lamarche Dr,Little Rock,AR,,forRent,3,1500,,2095,42,https://www.zillow.com/homedetails/16318-Lamarche-Dr-Little-Rock-AR-72223/446823205_zpid/,,,2026-09-17T00:00:00.000Z,Price change,2026-08-12T00:00:00.000Z,Listed for rent,2025-04-25T00:00:00.000Z,Listing removed,2025-04-23T00:00:00.000Z,Price change,2025-04-17T00:00:00.000Z,Price change,2025-03-22T00:00:00.000Z,Listed for rent
"2221 E Washington Ave, North Little Rock, AR 72114",2221 E Washington Ave,North Little Rock,AR,,forRent,4,1157,,1550,72,https://www.zillow.com/homedetails/2221-E-Washington-Ave-North-Little-Rock-AR-72114/305415_zpid/,,2500,2026-08-19T00:00:00.000Z,Price change,2026-07-13T00:00:00.000Z,Listed for rent,2025-08-08T00:00:00.000Z,Sold,2024-04-26T00:00:00.000Z,Sold,2021-01-15T00:00:00.000Z,Listing removed,2020-10-25T00:00:00.000Z,Listed for sale
"612 Brookhaven Ct, Jacksonville, AR 72076",612 Brookhaven Ct,Jacksonville,AR,,forRent,3,1200,,1450,54,https://www.zillow.com/homedetails/612-Brookhaven-Ct-Jacksonville-AR-72076/269803_zpid/,,124900,2026-07-31T00:00:00.000Z,Listed for rent,2023-03-27T00:00:00.000Z,Listing removed,2023-03-21T00:00:00.000Z,Price change,2023-03-14T00:00:00.000Z,Price change,2023-03-09T00:00:00.000Z,Price change,2023-03-02T00:00:00.000Z,Listed for rent
"3 Honeysuckle Ln, Conway, AR 72034",3 Honeysuckle Ln,Conway,AR,,forRent,4,1717,,1600,30,https://www.zillow.com/homedetails/3-Honeysuckle-Ln-Conway-AR-72034/234793_zpid/,,115000,2026-08-24T00:00:00.000Z,Listed for rent,2025-08-22T00:00:00.000Z,Listing removed,2025-07-25T00:00:00.000Z,Listed for sale,2025-04-15T00:00:00.000Z,Listing removed,2025-01-16T00:00:00.000Z,Pending sale,2025-01-13T00:00:00.000Z,Price change
"1239 W 11th St, North Little Rock, AR 72114",1239 W 11th St,North Little Rock,AR,,forRent,3,1035,,995,0,https://www.zillow.com/homedetails/1239-W-11th-St-North-Little-Rock-AR-72114/304526_zpid/,,500000,2026-09-23T00:00:00.000Z,Listed for rent,2025-08-19T00:00:00.000Z,Listing removed,2025-07-23T00:00:00.000Z,Price change,2025-07-17T00:00:00.000Z,Listed for rent,2025-01-24T00:00:00.000Z,Listing removed,2024-12-17T00:00:00.000Z,Price change
"6 Dee Dee Cir, Little Rock, AR 72223",6 Dee Dee Cir,Little Rock,AR,,forRent,4,1754,,2495,29,https://www.zillow.com/homedetails/6-Dee-Dee-Cir-Little-Rock-AR-72223/363293_zpid/,,150000,2026-09-23T00:00:00.000Z,Listing removed,2026-09-03T00:00:00.000Z,Price change,2026-09-02T00:00:00.000Z,Listed for sale,2026-08-25T00:00:00.000Z,Listing removed,2026-08-25T00:00:00.000Z,Listed for rent,2026-08-07T00:00:00.000Z,Price change
"2222 Scott St, Little Rock, AR 72206",2222 Scott St,Little Rock,AR,,forRent,3,1316,,1700,8,https://www.zillow.com/homedetails/2222-Scott-St-Little-Rock-AR-72206/445791417_zpid/,,80000,2026-09-15T00:00:00.000Z,Listed for rent,2023-05-25T00:00:00.000Z,Sold,2023-04-28T00:00:00.000Z,Contingent,2023-04-18T00:00:00.000Z,Listed for sale,,,,
"2914 Jadestone Dr, Sherwood, AR 72120",2914 Jadestone Dr,Sherwood,AR,,forRent,3,1400,,1745,2,https://www.zillow.com/homedetails/2914-Jadestone-Dr-Sherwood-AR-72120/79786298_zpid/,,123000,2026-09-21T00:00:00.000Z,Listed for rent,2012-02-23T00:00:00.000Z,Sold,2011-09-28T00:00:00.000Z,Price change,2011-08-10T00:00:00.000Z,Listed for sale,2011-04-15T00:00:00.000Z,Listing removed,2010-08-05T00:00:00.000Z,Sold
"920 Healy St, North Little Rock, AR 72117",920 Healy St,North Little Rock,AR,,forRent,3,988,,1150,1,https://www.zillow.com/homedetails/920-Healy-St-North-Little-Rock-AR-72117/275967_zpid/,,108500,2026-09-22T00:00:00.000Z,Listed for rent,2025-08-15T00:00:00.000Z,Listing removed,2025-07-23T00:00:00.000Z,Listed for rent,2025-07-23T00:00:00.000Z,Listing removed,2025-07-08T00:00:00.000Z,Price change,2025-05-20T00:00:00.000Z,Price change
"203 Glenview Ln, North Little Rock, AR 72117",203 Glenview Ln,North Little Rock,AR,,forRent,4,1157,,1595,1,https://www.zillow.com/homedetails/203-Glenview-Ln-North-Little-Rock-AR-72117/276570_zpid/,,3500,2026-09-22T00:00:00.000Z,Listed for rent,2026-02-02T00:00:00.000Z,Sold,2021-01-15T00:00:00.000Z,Listing removed,2020-12-13T00:00:00.000Z,Price change,2020-10-06T00:00:00.000Z,Listed for sale,2013-06-26T00:00:00.000Z,Sold
"405 S Ash St, Conway, AR 72034",405 S Ash St,Conway,AR,,forRent,3,1100,,1200,13,https://www.zillow.com/homedetails/405-S-Ash-St-Conway-AR-72034/238063_zpid/,,75000,2026-09-10T00:00:00.000Z,Listed for rent,2021-02-23T00:00:00.000Z,Listing removed,2020-06-04T00:00:00.000Z,Listing removed,2020-06-02T00:00:00.000Z,Listed for rent,2020-04-30T00:00:00.000Z,Sold,2020-04-14T00:00:00.000Z,Listed for sale
"400 Redbud Ct, Jacksonville, AR 72076",400 Redbud Ct,Jacksonville,AR,,forRent,,,,,,"https://www.zillow.com/b/400-redbud-ct-jacksonville-ar/34.867172,-92.097824_ll/",,,,,,,,,,,,,,
"4605 Valiant Dr, Conway, AR 72034",4605 Valiant Dr,Conway,AR,,forRent,3,1324,,1500,72,https://www.zillow.com/homedetails/4605-Valiant-Dr-Conway-AR-72034/52392383_zpid/,,122000,2026-08-01T00:00:00.000Z,Price change,2026-07-13T00:00:00.000Z,Listed for rent,2023-05-19T00:00:00.000Z,Listing removed,2023-05-02T00:00:00.000Z,Listed for rent,2022-04-11T00:00:00.000Z,Listing removed,2022-04-06T00:00:00.000Z,Listed for rent
"4311 W 19th St, Little Rock, AR 72204",4311 W 19th St,Little Rock,AR,,forRent,3,1332,,1050,1,https://www.zillow.com/homedetails/4311-W-19th-St-Little-Rock-AR-72204/313641_zpid/,,15000,2026-09-22T00:00:00.000Z,Listed for rent,2025-10-23T00:00:00.000Z,Listing removed,2025-08-28T00:00:00.000Z,Price change,2025-08-15T00:00:00.000Z,Price change,2025-08-05T00:00:00.000Z,Price change,2025-07-29T00:00:00.000Z,Price change
"46 Meadowlark Dr, Cabot, AR 72023",46 Meadowlark Dr,Cabot,AR,,forRent,4,1600,,1595,0,https://www.zillow.com/homedetails/46-Meadowlark-Dr-Cabot-AR-72023/255182_zpid/,,179900,2026-09-23T00:00:00.000Z,Listed for rent,2024-03-19T00:00:00.000Z,Sold,2024-01-11T00:00:00.000Z,Contingent,2023-09-16T00:00:00.000Z,Listing removed,2023-08-24T00:00:00.000Z,Listed for sale,2023-08-18T00:00:00.000Z,Price change
"4300 West Dr, Little Rock, AR 72209",4300 West Dr,Little Rock,AR,,forRent,4,1223,,1695,1,https://www.zillow.com/homedetails/4300-West-Dr-Little-Rock-AR-72209/2068849124_zpid/,,,2026-09-22T00:00:00.000Z,Listed for rent,2025-09-08T00:00:00.000Z,Listing removed,2022-02-07T00:00:00.000Z,Contingent,2022-01-28T00:00:00.000Z,Price change,2021-12-08T00:00:00.000Z,Listed for sale,2021-08-27T00:00:00.000Z,Contingent
"32 Fortson Dr, Cabot, AR 72023",32 Fortson Dr,Cabot,AR,,forRent,3,1064,,875,32,https://www.zillow.com/homedetails/32-Fortson-Dr-Cabot-AR-72023/63161011_zpid/,,750000,2026-08-22T00:00:00.000Z,Listed for rent,2024-02-17T00:00:00.000Z,Listing removed,2024-02-03T00:00:00.000Z,Listed for rent,2004-08-10T00:00:00.000Z,Sold,,,,
"53 Bent Tree Dr, Cabot, AR 72023",53 Bent Tree Dr,Cabot,AR,,forRent,3,1645,,1495,63,https://www.zillow.com/homedetails/53-Bent-Tree-Dr-Cabot-AR-72023/256157_zpid/,,10000,2026-09-01T00:00:00.000Z,Price change,2026-07-22T00:00:00.000Z,Listed for rent,2002-07-18T00:00:00.000Z,Sold,1993-11-12T00:00:00.000Z,Sold,,,,
"2107 S 2nd St, Cabot, AR 72023",2107 S 2nd St,Cabot,AR,,forRent,4,2096,,2050,44,https://www.zillow.com/homedetails/2107-S-2nd-St-Cabot-AR-72023/256030_zpid/,,255000,2026-09-14T00:00:00.000Z,Price change,2026-08-10T00:00:00.000Z,Listed for rent,2025-04-28T00:00:00.000Z,Sold,2025-01-24T00:00:00.000Z,Listed for sale,2019-10-04T00:00:00.000Z,Sold,2015-03-18T00:00:00.000Z,Sold
"21 Meadowlark Dr, Cabot, AR 72023",21 Meadowlark Dr,Cabot,AR,,forRent,3,1013,,1395,42,https://www.zillow.com/homedetails/21-Meadowlark-Dr-Cabot-AR-72023/255213_zpid/,,147900,2026-08-12T00:00:00.000Z,Listed for rent,2024-01-16T00:00:00.000Z,Listing removed,2024-01-04T00:00:00.000Z,Sold,2023-08-22T00:00:00.000Z,Sold,2023-07-17T00:00:00.000Z,Contingent,2023-05-12T00:00:00.000Z,Listed for sale
"15 Silverado Ct, Cabot, AR 72023",15 Silverado Ct,Cabot,AR,,forRent,3,1382,,1350,34,https://www.zillow.com/homedetails/15-Silverado-Ct-Cabot-AR-72023/35732243_zpid/,,150000,2026-08-20T00:00:00.000Z,Listed for rent,2024-11-11T00:00:00.000Z,Listing removed,2024-09-27T00:00:00.000Z,Listed for rent,2022-10-26T00:00:00.000Z,Sold,2020-12-16T00:00:00.000Z,Listing removed,2020-12-08T00:00:00.000Z,Listed for rent
"16 Mustang Dr, Cabot, AR 72023",16 Mustang Dr,Cabot,AR,,forRent,3,1494,,1450,47,https://www.zillow.com/homedetails/16-Mustang-Dr-Cabot-AR-72023/63160974_zpid/,,2988,2026-08-07T00:00:00.000Z,Listed for rent,2020-02-08T00:00:00.000Z,Listing removed,2020-01-25T00:00:00.000Z,Listed for rent,2018-12-12T00:00:00.000Z,Listing removed,2018-11-14T00:00:00.000Z,Listed for rent,2012-08-23T00:00:00.000Z,Sold
"23 Baltimore St, Little Rock, AR 72206",23 Baltimore St,Little Rock,AR,,forRent,3,1149,,1197,0,https://www.zillow.com/homedetails/23-Baltimore-St-Little-Rock-AR-72206/35734086_zpid/,,38000,2026-09-23T00:00:00.000Z,Listed for rent,2025-12-01T00:00:00.000Z,Listing removed,2025-11-25T00:00:00.000Z,Price change,2025-11-18T00:00:00.000Z,Price change,2025-11-14T00:00:00.000Z,Price change,2025-11-12T00:00:00.000Z,Price change
"32 Thunderbird Dr, Cabot, AR 72023",32 Thunderbird Dr,Cabot,AR,,forRent,3,1444,,1475,20,https://www.zillow.com/homedetails/32-Thunderbird-Dr-Cabot-AR-72023/67447424_zpid/,,,2026-09-03T00:00:00.000Z,Listed for rent,2021-03-24T00:00:00.000Z,Listing removed,2017-03-08T00:00:00.000Z,Listing removed,2017-02-06T00:00:00.000Z,Listed for rent,,,,
"509 E Elm St, Cabot, AR 72023",509 E Elm St,Cabot,AR,,forRent,3,1056,,1450,76,https://www.zillow.com/homedetails/509-E-Elm-St-Cabot-AR-72023/257181_zpid/,,185000,2026-08-20T00:00:00.000Z,Price change,2026-07-23T00:00:00.000Z,Price change,2026-07-09T00:00:00.000Z,Listed for rent,2026-07-09T00:00:00.000Z,Listing removed,2026-05-02T00:00:00.000Z,Listed for rent,2026-04-16T00:00:00.000Z,Listing removed
"45 Foster Louis Ln, Cabot, AR 72023",45 Foster Louis Ln,Cabot,AR,,forRent,4,1470,,1650,62,https://www.zillow.com/homedetails/45-Foster-Louis-Ln-Cabot-AR-72023/347215122_zpid/,,,2026-07-23T00:00:00.000Z,Listed for rent,2025-09-28T00:00:00.000Z,Listing removed,2025-09-27T00:00:00.000Z,Listed for rent,2025-09-27T00:00:00.000Z,Listing removed,2025-07-22T00:00:00.000Z,Listed for rent,2024-04-25T00:00:00.000Z,Listing removed
"6601 Bluebird Dr, Little Rock, AR 72205",6601 Bluebird Dr,Little Rock,AR,,forRent,3,1609,,1495,105,https://www.zillow.com/homedetails/6601-Bluebird-Dr-Little-Rock-AR-72205/344893_zpid/,,149500,2026-09-11T00:00:00.000Z,Price change,2026-09-04T00:00:00.000Z,Price change,2026-06-24T00:00:00.000Z,Price change,2026-06-10T00:00:00.000Z,Listed for rent,2026-04-15T00:00:00.000Z,Sold,2026-03-23T00:00:00.000Z,Listing removed
"2230 Linda Dr, Conway, AR 72032",2230 Linda Dr,Conway,AR,,forRent,3,1348,,1650,2,https://www.zillow.com/homedetails/2230-Linda-Dr-Conway-AR-72032/102994419_zpid/,,205000,2026-09-21T00:00:00.000Z,Listed for rent,2023-11-10T00:00:00.000Z,Listing removed,2023-10-17T00:00:00.000Z,Listed for rent,2023-10-03T00:00:00.000Z,Sold,2021-03-24T00:00:00.000Z,Listing removed,2017-09-25T00:00:00.000Z,Listing removed
"15 Leruss Blvd, Cabot, AR 72023",15 Leruss Blvd,Cabot,AR,,forRent,,,,,,https://www.zillow.com/b/15-leruss-blvd-cabot-ar-CkhJp8/,,,,,,,,,,,,,,
"640 Cherub Dr, Conway, AR 72034",640 Cherub Dr,Conway,AR,,forRent,3,1144,,1500,10,https://www.zillow.com/homedetails/640-Cherub-Dr-Conway-AR-72034/242932_zpid/,,180000,2026-09-13T00:00:00.000Z,Listed for rent,2026-08-28T00:00:00.000Z,Sold,2026-08-27T00:00:00.000Z,Contingent,2026-07-26T00:00:00.000Z,Listed for sale,2018-04-26T00:00:00.000Z,Sold,2013-10-04T00:00:00.000Z,Sold
"1315 Fairlane Dr, Conway, AR 72034",1315 Fairlane Dr,Conway,AR,,forRent,3,1288,,1300,2,https://www.zillow.com/homedetails/1315-Fairlane-Dr-Conway-AR-72034/234174_zpid/,,77000,2026-09-21T00:00:00.000Z,Listed for rent,2021-06-18T00:00:00.000Z,Sold,2014-11-12T00:00:00.000Z,Sold,1999-09-27T00:00:00.000Z,Sold,,,,
"1740 Raden St, Conway, AR 72032",1740 Raden St,Conway,AR,,forRent,3,1243,,1650,14,https://www.zillow.com/homedetails/1740-Raden-St-Conway-AR-72032/2061816633_zpid/,,,2026-09-09T00:00:00.000Z,Listed for rent,2026-05-19T00:00:00.000Z,Listing removed,2026-02-27T00:00:00.000Z,Price change,2022-11-09T00:00:00.000Z,Price change,2022-10-11T00:00:00.000Z,Price change,2022-08-22T00:00:00.000Z,Listed for rent
"110 Fredonia Ct, Mayflower, AR 72106",110 Fredonia Ct,Mayflower,AR,,forRent,4,1858,,1895,9,https://www.zillow.com/homedetails/110-Fredonia-Ct-Mayflower-AR-72106/453583162_zpid/,,,2026-09-14T00:00:00.000Z,Listed for rent,2025-08-22T00:00:00.000Z,Listing removed,2025-07-28T00:00:00.000Z,Price change,2025-07-18T00:00:00.000Z,Price change,2025-07-17T00:00:00.000Z,Price change,2025-07-11T00:00:00.000Z,Price change
"175 Southerland Rd, Conway, AR 72032",175 Southerland Rd,Conway,AR,,forRent,3,1532,,1650,21,https://www.zillow.com/homedetails/175-Southerland-Rd-Conway-AR-72032/35730518_zpid/,,165000,2026-09-02T00:00:00.000Z,Listed for rent,2025-07-03T00:00:00.000Z,Listing removed,2025-06-23T00:00:00.000Z,Listed for rent,2024-06-07T00:00:00.000Z,Listing removed,2024-05-25T00:00:00.000Z,Listed for rent,2022-05-09T00:00:00.000Z,Listing removed
"621-623 Cosmos St, Maumelle, AR 72113",621-623 Cosmos St,Maumelle,AR,,other,,,,,,https://www.zillow.com/b/621-623-cosmos-st-maumelle-ar-CpNTTZ/,,,,,,,,,,,,,,
"15 Vineyard Dr, Mayflower, AR 72106",15 Vineyard Dr,Mayflower,AR,,forRent,,,,,,"https://www.zillow.com/b/15-vineyard-dr-mayflower-ar/34.970715,-92.48699_ll/",,,,,,,,,,,,,,
"1155 Mimosa Dr, Conway, AR 72034",1155 Mimosa Dr,Conway,AR,,forRent,3,1236,,1400,19,https://www.zillow.com/homedetails/1155-Mimosa-Dr-Conway-AR-72034/35730018_zpid/,,78000,2026-09-04T00:00:00.000Z,Listed for rent,2025-06-19T00:00:00.000Z,Listing removed,2025-06-16T00:00:00.000Z,Listed for rent,2023-09-26T00:00:00.000Z,Listing removed,2023-09-11T00:00:00.000Z,Listed for rent,2019-06-13T00:00:00.000Z,Listing removed
"103 E Concord Rd, Mayflower, AR 72106",103 E Concord Rd,Mayflower,AR,,forRent,3,1413,,1660,15,https://www.zillow.com/homedetails/103-E-Concord-Rd-Mayflower-AR-72106/463058000_zpid/,,,2026-09-09T00:00:00.000Z,Listed for rent,2026-08-14T00:00:00.000Z,Listing removed,2026-07-20T00:00:00.000Z,Price change,2026-06-09T00:00:00.000Z,Listed for sale,,,,
"1267 Hamilton St, Conway, AR 72032",1267 Hamilton St,Conway,AR,,forRent,3,1056,,1158,35,https://www.zillow.com/homedetails/1267-Hamilton-St-Conway-AR-72032/234905_zpid/,,52000,2026-09-16T00:00:00.000Z,Price change,2026-09-14T00:00:00.000Z,Price change,2026-08-20T00:00:00.000Z,Listed for rent,2024-09-19T00:00:00.000Z,Listing removed,2024-09-17T00:00:00.000Z,Price change,2024-09-15T00:00:00.000Z,Price change
"1810 Rich Smith Ln, Conway, AR 72032",1810 Rich Smith Ln,Conway,AR,,forRent,3,2310,,2500,58,https://www.zillow.com/homedetails/1810-Rich-Smith-Ln-Conway-AR-72032/102992676_zpid/,,,2026-07-27T00:00:00.000Z,Price change,2026-06-22T00:00:00.000Z,Price change,2026-04-22T00:00:00.000Z,Price change,2026-01-07T00:00:00.000Z,Listed for rent,,,,
"18 War Eagle Dr, Cabot, AR 72023",18 War Eagle Dr,Cabot,AR,,forRent,3,1278,,1300,1,https://www.zillow.com/homedetails/18-War-Eagle-Dr-Cabot-AR-72023/35732196_zpid/,,130000,2026-09-23T00:00:00.000Z,Listing removed,2026-09-22T00:00:00.000Z,Listed for rent,2026-08-28T00:00:00.000Z,Listed for sale,2026-08-25T00:00:00.000Z,Listing removed,2026-08-18T00:00:00.000Z,Price change,2026-08-01T00:00:00.000Z,Listed for sale
"1610 Raden St, Conway, AR 72032",1610 Raden St,Conway,AR,,forRent,3,1243,,1650,42,https://www.zillow.com/homedetails/1610-Raden-St-Conway-AR-72032/2066419442_zpid/,,,2026-08-12T00:00:00.000Z,Listed for rent,2025-10-04T00:00:00.000Z,Listing removed,2025-10-03T00:00:00.000Z,Listed for rent,2025-10-03T00:00:00.000Z,Listing removed,2025-07-18T00:00:00.000Z,Listed for rent,2023-12-30T00:00:00.000Z,Listing removed
"1306 Bellemeade Dr, Conway, AR 72034",1306 Bellemeade Dr,Conway,AR,,forRent,3,2220,,1775,41,https://www.zillow.com/homedetails/1306-Bellemeade-Dr-Conway-AR-72034/234155_zpid/,,89090,2026-08-13T00:00:00.000Z,Listed for rent,2025-06-20T00:00:00.000Z,Listing removed,2025-05-09T00:00:00.000Z,Listed for rent,2017-12-01T00:00:00.000Z,Listing removed,2017-08-20T00:00:00.000Z,Price change,2017-05-31T00:00:00.000Z,Listed for sale
"1906 Dave Ward Dr, Conway, AR 72034",1906 Dave Ward Dr,Conway,AR,,forRent,3,1335,,1000,43,https://www.zillow.com/homedetails/1906-Dave-Ward-Dr-Conway-AR-72034/2061771487_zpid/,,,2026-08-11T00:00:00.000Z,Listed for rent,2025-12-18T00:00:00.000Z,Listing removed,2025-11-11T00:00:00.000Z,Price change,2025-10-28T00:00:00.000Z,Price change,2025-10-03T00:00:00.000Z,Price change,2025-06-27T00:00:00.000Z,Listed for rent
"719 Reichardt St, Little Rock, AR 72202",719 Reichardt St,Little Rock,AR,,forRent,3,1857,,2900,9,https://www.zillow.com/homedetails/719-Reichardt-St-Little-Rock-AR-72202/465244951_zpid/,,,2026-09-14T00:00:00.000Z,Listed for rent,,,,,,,,,,
"1015 Wineberry, Conway, AR 72034",1015 Wineberry,Conway,AR,,forRent,4,1606,,1700,78,https://www.zillow.com/homedetails/1015-Wineberry-Conway-AR-72034/82271419_zpid/,,222270,2026-07-22T00:00:00.000Z,Listed for rent,2026-07-15T00:00:00.000Z,Listing removed,2026-07-13T00:00:00.000Z,Price change,2026-07-07T00:00:00.000Z,Listed for rent,2022-05-27T00:00:00.000Z,Sold,2010-09-03T00:00:00.000Z,Sold
"31 Rosemoor Dr, Little Rock, AR 72209",31 Rosemoor Dr,Little Rock,AR,,forRent,4,1250,,1275,49,https://www.zillow.com/homedetails/31-Rosemoor-Dr-Little-Rock-AR-72209/319262_zpid/,,92000,2026-08-05T00:00:00.000Z,Listed for rent,2023-12-12T00:00:00.000Z,Listing removed,2023-11-24T00:00:00.000Z,Listed for rent,2023-10-10T00:00:00.000Z,Sold,2023-10-10T00:00:00.000Z,Contingent,2023-08-22T00:00:00.000Z,Listed for sale
"4555 Graham Dr, Conway, AR 72034",4555 Graham Dr,Conway,AR,,forRent,3,1192,,1400,41,https://www.zillow.com/homedetails/4555-Graham-Dr-Conway-AR-72034/59917944_zpid/,,185000,2026-08-13T00:00:00.000Z,Listed for rent,2024-10-02T00:00:00.000Z,Listing removed,2024-09-23T00:00:00.000Z,Listed for rent,2023-07-28T00:00:00.000Z,Sold,2023-06-28T00:00:00.000Z,Contingent,2023-06-28T00:00:00.000Z,Listed for sale
"2201 Westover Dr, Little Rock, AR 72207",2201 Westover Dr,Little Rock,AR,,forRent,3,1951,,2200,15,https://www.zillow.com/homedetails/2201-Westover-Dr-Little-Rock-AR-72207/335147_zpid/,,165000,2026-09-08T00:00:00.000Z,Listed for rent,2026-07-19T00:00:00.000Z,Listing removed,2026-06-28T00:00:00.000Z,Listed for rent,2024-06-01T00:00:00.000Z,Listing removed,2024-05-21T00:00:00.000Z,Listed for rent,2023-01-24T00:00:00.000Z,Listing removed
"4955 Westin Park Dr, Conway, AR 72034",4955 Westin Park Dr,Conway,AR,,forRent,4,2275,,2300,3,https://www.zillow.com/homedetails/4955-Westin-Park-Dr-Conway-AR-72034/68021234_zpid/,,231500,2026-09-20T00:00:00.000Z,Listed for rent,2018-01-18T00:00:00.000Z,Sold,2017-11-16T00:00:00.000Z,Listed for sale,,,,,,
"2913 S Cross St, Little Rock, AR 72206",2913 S Cross St,Little Rock,AR,,forRent,3,1088,,995,8,https://www.zillow.com/homedetails/2913-S-Cross-St-Little-Rock-AR-72206/318068_zpid/,,62000,2026-09-15T00:00:00.000Z,Listed for rent,2026-04-29T00:00:00.000Z,Listing removed,2026-02-26T00:00:00.000Z,Listed for sale,2026-01-12T00:00:00.000Z,Listing removed,2025-05-03T00:00:00.000Z,Price change,2025-03-20T00:00:00.000Z,Listed for sale
"16 Springridge Dr, Little Rock, AR 72211",16 Springridge Dr,Little Rock,AR,,forRent,3,1613,,2000,14,https://www.zillow.com/homedetails/16-Springridge-Dr-Little-Rock-AR-72211/348511_zpid/,,0,2026-09-09T00:00:00.000Z,Listed for rent,2026-03-06T00:00:00.000Z,Listing removed,2025-11-24T00:00:00.000Z,Listed for rent,2024-04-21T00:00:00.000Z,Listing removed,2024-03-15T00:00:00.000Z,Listed for rent,2023-12-08T00:00:00.000Z,Listing removed
"4512 Rogers St, North Little Rock, AR 72117",4512 Rogers St,North Little Rock,AR,,forRent,3,948,,850,15,https://www.zillow.com/homedetails/4512-Rogers-St-North-Little-Rock-AR-72117/275733_zpid/,,43000,2026-08-20T00:00:00.000Z,Price change,2026-07-16T00:00:00.000Z,Listed for rent,2024-02-28T00:00:00.000Z,Listing removed,2024-01-31T00:00:00.000Z,Listed for rent,2024-01-11T00:00:00.000Z,Listing removed,2023-12-20T00:00:00.000Z,Listed for rent
"1006 S Cross St, Little Rock, AR 72202",1006 S Cross St,Little Rock,AR,,forRent,3,1550,,1900,15,https://www.zillow.com/homedetails/1006-S-Cross-St-Little-Rock-AR-72202/307228_zpid/,,60000,2026-09-15T00:00:00.000Z,Price change,2026-09-08T00:00:00.000Z,Listed for rent,2026-09-08T00:00:00.000Z,Listing removed,2026-09-04T00:00:00.000Z,Price change,2026-08-25T00:00:00.000Z,Price change,2026-08-10T00:00:00.000Z,Listed for sale
"5013 Longview Dr, North Little Rock, AR 72118",5013 Longview Dr,North Little Rock,AR,,forRent,3,1000,,1275,79,https://www.zillow.com/homedetails/5013-Longview-Dr-North-Little-Rock-AR-72118/298964_zpid/,,129500,2026-08-27T00:00:00.000Z,Price change,2026-07-06T00:00:00.000Z,Listed for rent,2013-08-22T00:00:00.000Z,Sold,,,,,,
"2412 Loop Acres Rd, Jacksonville, AR 72076",2412 Loop Acres Rd,Jacksonville,AR,,forRent,4,1150,,1525,76,https://www.zillow.com/homedetails/2412-Loop-Acres-Rd-Jacksonville-AR-72076/2055940720_zpid/,,214000,2026-07-09T00:00:00.000Z,Listed for rent,2025-01-23T00:00:00.000Z,Listing removed,2024-10-23T00:00:00.000Z,Listed for rent,2023-12-29T00:00:00.000Z,Sold,2023-08-22T00:00:00.000Z,Listing removed,2023-08-18T00:00:00.000Z,Listed for rent
"110 East Blvd, Jacksonville, AR 72076",110 East Blvd,Jacksonville,AR,,forRent,4,1138,,1450,35,https://www.zillow.com/homedetails/110-East-Blvd-Jacksonville-AR-72076/266328_zpid/,,8000,2026-09-22T00:00:00.000Z,Price change,2026-08-19T00:00:00.000Z,Listed for rent,2026-08-10T00:00:00.000Z,Listing removed,2026-05-27T00:00:00.000Z,Listed for rent,2025-10-15T00:00:00.000Z,Listing removed,2025-08-23T00:00:00.000Z,Listed for rent
"7 Pleasant Cv, Little Rock, AR 72211",7 Pleasant Cv,Little Rock,AR,,forRent,4,1824,,2650,11,https://www.zillow.com/homedetails/7-Pleasant-Cv-Little-Rock-AR-72211/339378_zpid/,,310000,2026-09-12T00:00:00.000Z,Listed for rent,2025-04-08T00:00:00.000Z,Sold,2025-03-27T00:00:00.000Z,Contingent,2025-03-06T00:00:00.000Z,Listing removed,2025-02-12T00:00:00.000Z,Listed for sale,2025-02-06T00:00:00.000Z,Price change
"2708 S Chester St, Little Rock, AR 72206",2708 S Chester St,Little Rock,AR,,forRent,3,1840,,1450,35,https://www.zillow.com/homedetails/2708-S-Chester-St-Little-Rock-AR-72206/317615_zpid/,,39750,2026-08-19T00:00:00.000Z,Listed for rent,2026-08-19T00:00:00.000Z,Listing removed,2026-04-10T00:00:00.000Z,Listed for rent,2020-07-31T00:00:00.000Z,Sold,2020-06-25T00:00:00.000Z,Listed for sale,2019-12-26T00:00:00.000Z,Sold
"5909 Flight Ct, Jacksonville, AR 72076",5909 Flight Ct,Jacksonville,AR,,forRent,3,1650,,1950,1,https://www.zillow.com/homedetails/5909-Flight-Ct-Jacksonville-AR-72076/99434199_zpid/,,24000,2026-09-22T00:00:00.000Z,Price change,2026-08-04T00:00:00.000Z,Listed for rent,2026-02-06T00:00:00.000Z,Listing removed,2025-11-29T00:00:00.000Z,Price change,2025-09-26T00:00:00.000Z,Listed for rent,2025-09-26T00:00:00.000Z,Listing removed
"13503 Teton Dr, Little Rock, AR 72211",13503 Teton Dr,Little Rock,AR,,forRent,,,,,,"https://www.zillow.com/b/13503-teton-dr-little-rock-ar/34.737568,-92.42088_ll/",,,,,,,,,,,,,,
"1900 S Pulaski St, Little Rock, AR 72206",1900 S Pulaski St,Little Rock,AR,,forRent,3,1354,,1150,75,https://www.zillow.com/homedetails/1900-S-Pulaski-St-Little-Rock-AR-72206/315916_zpid/,,149500,2026-09-18T00:00:00.000Z,Price change,2026-07-10T00:00:00.000Z,Listed for rent,2026-06-26T00:00:00.000Z,Listing removed,2026-04-15T00:00:00.000Z,Listed for sale,2025-09-30T00:00:00.000Z,Listing removed,2025-08-29T00:00:00.000Z,Price change
"2400 W Daisy L Gatson Bates Dr, Little Rock, AR 72202",2400 W Daisy L Gatson Bates Dr,Little Rock,AR,,forRent,3,1674,,1975,3,https://www.zillow.com/homedetails/2400-W-Daisy-L-Gatson-Bates-Dr-Little-Rock-AR-72202/314885_zpid/,,265000,2026-07-08T00:00:00.000Z,Listed for rent,2024-10-03T00:00:00.000Z,Sold,2023-09-23T00:00:00.000Z,Listing removed,2023-06-09T00:00:00.000Z,Listed for sale,2016-05-09T00:00:00.000Z,Sold,2004-10-26T00:00:00.000Z,Sold
"8620 Northgate Dr, Sherwood, AR 72120",8620 Northgate Dr,Sherwood,AR,,forRent,3,1250,,1425,24,https://www.zillow.com/homedetails/8620-Northgate-Dr-Sherwood-AR-72120/278909_zpid/,,142000,2026-08-30T00:00:00.000Z,Listed for rent,2024-09-13T00:00:00.000Z,Listing removed,2024-08-13T00:00:00.000Z,Listed for rent,2022-08-29T00:00:00.000Z,Listing removed,2022-08-02T00:00:00.000Z,Price change,2022-07-30T00:00:00.000Z,Listed for rent
"2801 Circlewood Rd, Little Rock, AR 72207",2801 Circlewood Rd,Little Rock,AR,,forRent,3,1401,,1980,75,https://www.zillow.com/homedetails/2801-Circlewood-Rd-Little-Rock-AR-72207/334475_zpid/,,267500,2026-09-09T00:00:00.000Z,Price change,2026-08-05T00:00:00.000Z,Price change,2026-07-10T00:00:00.000Z,Listed for rent,2026-06-09T00:00:00.000Z,Listing removed,2026-05-10T00:00:00.000Z,Listed for rent,2025-05-16T00:00:00.000Z,Sold
"128 Ricky Raccoon Dr, Jacksonville, AR 72076",128 Ricky Raccoon Dr,Jacksonville,AR,,forRent,3,1608,,1600,0,https://www.zillow.com/homedetails/128-Ricky-Raccoon-Dr-Jacksonville-AR-72076/270187_zpid/,,193000,2026-09-23T00:00:00.000Z,Listed for rent,2023-03-02T00:00:00.000Z,Sold,2023-02-22T00:00:00.000Z,Contingent,2023-01-25T00:00:00.000Z,Price change,2023-01-14T00:00:00.000Z,Listed for sale,2022-09-15T00:00:00.000Z,Sold
"4816 W 28th St, Little Rock, AR 72204",4816 W 28th St,Little Rock,AR,,forRent,3,1052,,1225,75,https://www.zillow.com/homedetails/4816-W-28th-St-Little-Rock-AR-72204/312384_zpid/,,144000,2026-07-20T00:00:00.000Z,Price change,2026-07-10T00:00:00.000Z,Listed for rent,2026-07-10T00:00:00.000Z,Listing removed,2026-05-16T00:00:00.000Z,Listed for rent,2024-02-12T00:00:00.000Z,Sold,2023-08-31T00:00:00.000Z,Listing removed
"7 Fernhill Pl, Searcy, AR 72143",7 Fernhill Pl,Searcy,AR,,forRent,5,2110,,1650,5,https://www.zillow.com/homedetails/7-Fernhill-Pl-Searcy-AR-72143/76259228_zpid/,,57000,2026-09-18T00:00:00.000Z,Listed for rent,2025-11-21T00:00:00.000Z,Listing removed,2025-10-17T00:00:00.000Z,Listed for rent,2022-04-23T00:00:00.000Z,Listing removed,2022-04-20T00:00:00.000Z,Listed for rent,2021-08-19T00:00:00.000Z,Listing removed
"127 Dugger Rd, Beebe, AR 72012",127 Dugger Rd,Beebe,AR,,forRent,4,1996,,1750,34,https://www.zillow.com/homedetails/127-Dugger-Rd-Beebe-AR-72012/98932700_zpid/,,115000,2026-08-20T00:00:00.000Z,Listed for rent,2026-06-01T00:00:00.000Z,Listing removed,2026-03-27T00:00:00.000Z,Price change,2026-02-27T00:00:00.000Z,Price change,2026-02-13T00:00:00.000Z,Price change,2026-01-30T00:00:00.000Z,Price change
"100 E Lauren Rd, Searcy, AR 72143",100 E Lauren Rd,Searcy,AR,,forRent,3,1341,,1350,71,https://www.zillow.com/homedetails/100-E-Lauren-Rd-Searcy-AR-72143/456761161_zpid/,,134000,2026-09-10T00:00:00.000Z,Price change,2026-08-04T00:00:00.000Z,Price change,2026-07-14T00:00:00.000Z,Listed for rent,2026-03-02T00:00:00.000Z,Sold,2025-11-03T00:00:00.000Z,Price change,2025-10-16T00:00:00.000Z,Price change
"4713 Marlborough St, Little Rock, AR 72204",4713 Marlborough St,Little Rock,AR,,forRent,3,1392,,1300,6,https://www.zillow.com/homedetails/4713-Marlborough-St-Little-Rock-AR-72204/354675_zpid/,,207000,2026-09-17T00:00:00.000Z,Listed for rent,2026-07-28T00:00:00.000Z,Listing removed,2026-05-29T00:00:00.000Z,Price change,2026-05-08T00:00:00.000Z,Price change,2026-03-19T00:00:00.000Z,Listed for rent,2021-03-24T00:00:00.000Z,Listing removed
"2211 Westport Loop, Little Rock, AR 72212",2211 Westport Loop,Little Rock,AR,,forRent,5,3530,,2900,21,https://www.zillow.com/homedetails/2211-Westport-Loop-Little-Rock-AR-72212/79784721_zpid/,,444000,2026-09-02T00:00:00.000Z,Listed for rent,2026-09-01T00:00:00.000Z,Listing removed,2026-07-08T00:00:00.000Z,Price change,2026-04-12T00:00:00.000Z,Price change,2026-02-25T00:00:00.000Z,Listed for sale,2022-06-29T00:00:00.000Z,Sold
"111 Miramar Dr, Maumelle, AR 72113",111 Miramar Dr,Maumelle,AR,,forRent,3,2404,,2390,19,https://www.zillow.com/homedetails/111-Miramar-Dr-Maumelle-AR-72113/328081_zpid/,,240000,2026-09-04T00:00:00.000Z,Listed for rent,2025-04-03T00:00:00.000Z,Listing removed,2025-03-18T00:00:00.000Z,Listed for rent,2024-02-23T00:00:00.000Z,Listing removed,2024-01-18T00:00:00.000Z,Listed for rent,2022-02-23T00:00:00.000Z,Listing removed
"102 Southfork Dr, Beebe, AR 72012",102 Southfork Dr,Beebe,AR,,forRent,,,,,,https://www.zillow.com/b/102-southfork-dr-beebe-ar-CnyDXg/,,,,,,,,,,,,,,
"1304 Springvine Dr, Searcy, AR 72143",1304 Springvine Dr,Searcy,AR,,forRent,,,,,,https://www.zillow.com/b/1304-springvine-dr-searcy-ar-CbNbn7/,,,,,,,,,,,,,,
"4112 W 21st St, Little Rock, AR 72204",4112 W 21st St,Little Rock,AR,,forRent,3,1027,,995,0,https://www.zillow.com/homedetails/4112-W-21st-St-Little-Rock-AR-72204/313830_zpid/,,0,2026-09-23T00:00:00.000Z,Listed for rent,2024-07-15T00:00:00.000Z,Listing removed,2024-06-28T00:00:00.000Z,Listed for rent,2024-05-21T00:00:00.000Z,Listing removed,2024-05-17T00:00:00.000Z,Listed for rent,2024-05-09T00:00:00.000Z,Listing removed
"28 Maywood Dr, Little Rock, AR 72223",28 Maywood Dr,Little Rock,AR,,forRent,3,1564,,1850,15,https://www.zillow.com/homedetails/28-Maywood-Dr-Little-Rock-AR-72223/363289_zpid/,,110000,2026-09-21T00:00:00.000Z,Price change,2026-09-15T00:00:00.000Z,Price change,2026-09-10T00:00:00.000Z,Price change,2026-09-08T00:00:00.000Z,Listed for rent,2016-02-12T00:00:00.000Z,Sold,2006-08-03T00:00:00.000Z,Sold
"1403 Doris Dr, Searcy, AR 72143",1403 Doris Dr,Searcy,AR,,forRent,3,1540,,1560,6,https://www.zillow.com/homedetails/1403-Doris-Dr-Searcy-AR-72143/76257200_zpid/,,182000,2026-09-17T00:00:00.000Z,Listed for rent,2024-01-25T00:00:00.000Z,Listing removed,2024-01-16T00:00:00.000Z,Price change,2023-12-09T00:00:00.000Z,Listed for rent,2022-06-21T00:00:00.000Z,Sold,2022-05-12T00:00:00.000Z,Listed for sale
"7301 Fairfield Dr, Little Rock, AR 72209",7301 Fairfield Dr,Little Rock,AR,,forRent,4,1200,,1395,6,https://www.zillow.com/homedetails/7301-Fairfield-Dr-Little-Rock-AR-72209/358018_zpid/,,64900,2026-09-17T00:00:00.000Z,Listed for rent,2017-05-04T00:00:00.000Z,Listing removed,2017-04-17T00:00:00.000Z,Listed for rent,2015-09-04T00:00:00.000Z,Sold,2013-06-05T00:00:00.000Z,Sold,2012-12-11T00:00:00.000Z,Sold
"1111 Green Meadows Dr, Beebe, AR 72012",1111 Green Meadows Dr,Beebe,AR,,forRent,3,1050,,1195,14,https://www.zillow.com/homedetails/1111-Green-Meadows-Dr-Beebe-AR-72012/112947926_zpid/,,5000,2026-09-09T00:00:00.000Z,Listed for rent,2024-07-29T00:00:00.000Z,Listing removed,2024-07-10T00:00:00.000Z,Listed for rent,2021-12-03T00:00:00.000Z,Sold,2009-05-08T00:00:00.000Z,Sold,2009-03-18T00:00:00.000Z,Sold
"107 Redbud Ct, Jacksonville, AR 72076",107 Redbud Ct,Jacksonville,AR,,forRent,3,1305,,1695,12,https://www.zillow.com/homedetails/107-Redbud-Ct-Jacksonville-AR-72076/353556221_zpid/,,239900,2026-09-11T00:00:00.000Z,Listed for rent,2026-04-07T00:00:00.000Z,Listing removed,2026-03-24T00:00:00.000Z,Listed for rent,2026-03-24T00:00:00.000Z,Listing removed,2026-02-05T00:00:00.000Z,Listed for rent,2025-08-01T00:00:00.000Z,Listing removed
"12019 Pleasant Forest Dr, Little Rock, AR 72212",12019 Pleasant Forest Dr,Little Rock,AR,,forRent,4,1780,,2500,7,https://www.zillow.com/homedetails/12019-Pleasant-Forest-Dr-Little-Rock-AR-72212/332347_zpid/,,166000,2026-09-17T00:00:00.000Z,Listed for rent,2020-07-14T00:00:00.000Z,Sold,2020-05-29T00:00:00.000Z,Listed for sale,2015-09-03T00:00:00.000Z,Sold,,,,
"16 Meadowbrook Dr, Little Rock, AR 72205",16 Meadowbrook Dr,Little Rock,AR,,forRent,3,1633,,1800,7,https://www.zillow.com/homedetails/16-Meadowbrook-Dr-Little-Rock-AR-72205/346081_zpid/,,175600,2026-09-16T00:00:00.000Z,Listed for rent,2026-01-27T00:00:00.000Z,Listing removed,2025-12-15T00:00:00.000Z,Price change,2025-12-04T00:00:00.000Z,Price change,2025-12-01T00:00:00.000Z,Listed for rent,2023-09-18T00:00:00.000Z,Listing removed
"805 Maple St, North Little Rock, AR 72114",805 Maple St,North Little Rock,AR,,forRent,3,1062,,1595,33,https://www.zillow.com/homedetails/805-Maple-St-North-Little-Rock-AR-72114/305032_zpid/,,50000,2026-09-22T00:00:00.000Z,Price change,2026-09-10T00:00:00.000Z,Price change,2026-06-02T00:00:00.000Z,Listed for rent,2024-04-18T00:00:00.000Z,Listing removed,2024-03-25T00:00:00.000Z,Price change,2024-02-17T00:00:00.000Z,Listed for rent
"110 Sunland Dr, Beebe, AR 72012",110 Sunland Dr,Beebe,AR,,forRent,4,1800,,1500,2,https://www.zillow.com/homedetails/110-Sunland-Dr-Beebe-AR-72012/2063501308_zpid/,,178200,2026-09-21T00:00:00.000Z,Price change,2026-08-25T00:00:00.000Z,Price change,2026-08-19T00:00:00.000Z,Sold,2026-08-19T00:00:00.000Z,Listed for rent,2022-07-25T00:00:00.000Z,Sold,2022-06-04T00:00:00.000Z,Contingent
"1202 N Holly St, Beebe, AR 72012",1202 N Holly St,Beebe,AR,,forRent,3,1485,,1250,36,https://www.zillow.com/homedetails/1202-N-Holly-St-Beebe-AR-72012/76264927_zpid/,,92000,2026-08-18T00:00:00.000Z,Listed for rent,2025-10-07T00:00:00.000Z,Listing removed,2025-06-03T00:00:00.000Z,Listed for rent,2023-12-22T00:00:00.000Z,Listing removed,2023-12-09T00:00:00.000Z,Price change,2023-11-28T00:00:00.000Z,Price change
"1105 W 24th St, Little Rock, AR 72206",1105 W 24th St,Little Rock,AR,,forRent,3,2216,,2200,2,https://www.zillow.com/homedetails/1105-W-24th-St-Little-Rock-AR-72206/315966_zpid/,,288500,2026-09-21T00:00:00.000Z,Listed for rent,2026-08-04T00:00:00.000Z,Listing removed,2026-07-09T00:00:00.000Z,Price change,2026-07-01T00:00:00.000Z,Price change,2026-06-22T00:00:00.000Z,Listed for rent,2026-05-29T00:00:00.000Z,Sold
"1000 Silver Creek Dr, Sherwood, AR 72120",1000 Silver Creek Dr,Sherwood,AR,,forRent,3,2382,,2000,53,https://www.zillow.com/homedetails/1000-Silver-Creek-Dr-Sherwood-AR-72120/282338_zpid/,,350000,2026-08-01T00:00:00.000Z,Listed for rent,2025-04-08T00:00:00.000Z,Listing removed,2025-03-31T00:00:00.000Z,Listed for rent,2024-03-18T00:00:00.000Z,Listing removed,2024-03-15T00:00:00.000Z,Listed for rent,2020-07-01T00:00:00.000Z,Listing removed
"97 Lelia Ln, Searcy, AR 72143",97 Lelia Ln,Searcy,AR,,forRent,3,1472,,1385,27,https://www.zillow.com/homedetails/97-Lelia-Ln-Searcy-AR-72143/76256799_zpid/,,125000,2026-09-22T00:00:00.000Z,Price change,2026-08-27T00:00:00.000Z,Listed for rent,2020-07-27T00:00:00.000Z,Sold,2005-07-01T00:00:00.000Z,Sold,,,,
"42 Winners Cir, Cabot, AR 72023",42 Winners Cir,Cabot,AR,,forRent,3,1521,,1850,13,https://www.zillow.com/homedetails/42-Winners-Cir-Cabot-AR-72023/72176611_zpid/,,196500,2026-08-07T00:00:00.000Z,Listed for rent,2025-10-07T00:00:00.000Z,Listing removed,2025-09-15T00:00:00.000Z,Listed for rent,2025-07-09T00:00:00.000Z,Sold,2025-04-28T00:00:00.000Z,Price change,2025-04-14T00:00:00.000Z,Price change
"2508 Grist Mill Rd, Little Rock, AR 72227",2508 Grist Mill Rd,Little Rock,AR,,forRent,3,1858,,2100,19,https://www.zillow.com/homedetails/2508-Grist-Mill-Rd-Little-Rock-AR-72227/337061_zpid/,,173700,2026-09-16T00:00:00.000Z,Price change,2026-09-04T00:00:00.000Z,Listed for rent,2022-03-10T00:00:00.000Z,Listing removed,2022-03-09T00:00:00.000Z,Listed for rent,2022-02-03T00:00:00.000Z,Listing removed,2022-01-31T00:00:00.000Z,Listed for rent
"145 Jasmine Ct, Beebe, AR 72012",145 Jasmine Ct,Beebe,AR,,forRent,3,1633,,1345,64,https://www.zillow.com/homedetails/145-Jasmine-Ct-Beebe-AR-72012/457996827_zpid/,,,2026-09-01T00:00:00.000Z,Price change,2026-08-21T00:00:00.000Z,Price change,2026-07-16T00:00:00.000Z,Price change,2026-06-05T00:00:00.000Z,Listed for rent,2026-05-01T00:00:00.000Z,Listing removed,2026-04-15T00:00:00.000Z,Listed for rent
"36 Stonehaven Dr, Cabot, AR 72023",36 Stonehaven Dr,Cabot,AR,,forRent,3,1360,,1350,2,https://www.zillow.com/homedetails/36-Stonehaven-Dr-Cabot-AR-72023/72176066_zpid/,,,2026-09-21T00:00:00.000Z,Listed for rent,2024-09-13T00:00:00.000Z,Listing removed,2024-07-31T00:00:00.000Z,Listed for rent,2023-04-21T00:00:00.000Z,Listing removed,2023-04-16T00:00:00.000Z,Listed for rent,2023-03-23T00:00:00.000Z,Listing removed
"103 Powder River Dr, Beebe, AR 72012",103 Powder River Dr,Beebe,AR,,forRent,4,1496,,1195,64,https://www.zillow.com/homedetails/103-Powder-River-Dr-Beebe-AR-72012/457323671_zpid/,,,2026-09-16T00:00:00.000Z,Price change,2026-09-01T00:00:00.000Z,Price change,2026-08-21T00:00:00.000Z,Price change,2026-08-03T00:00:00.000Z,Price change,2026-07-16T00:00:00.000Z,Price change,2026-06-05T00:00:00.000Z,Listed for rent
"1500 Coolhurst Ave, Sherwood, AR 72120",1500 Coolhurst Ave,Sherwood,AR,,forRent,4,2200,,1925,4,https://www.zillow.com/homedetails/1500-Coolhurst-Ave-Sherwood-AR-72120/282021_zpid/,,85900,2026-09-19T00:00:00.000Z,Listed for rent,2025-06-03T00:00:00.000Z,Listing removed,2025-05-16T00:00:00.000Z,Listed for rent,2021-02-23T00:00:00.000Z,Listing removed,2020-06-24T00:00:00.000Z,Listing removed,2020-06-17T00:00:00.000Z,Listed for rent
"9420 Brittany Point Dr, Little Rock, AR 72206",9420 Brittany Point Dr,Little Rock,AR,,forRent,4,2090,,2250,3,https://www.zillow.com/homedetails/9420-Brittany-Point-Dr-Little-Rock-AR-72206/79780542_zpid/,,32000,2026-09-20T00:00:00.000Z,Listed for rent,2026-08-10T00:00:00.000Z,Listing removed,2026-05-14T00:00:00.000Z,Price change,2026-01-02T00:00:00.000Z,Listed for rent,2009-05-01T00:00:00.000Z,Sold,2001-03-20T00:00:00.000Z,Sold
"19 Del Tara Dr, Jacksonville, AR 72076",19 Del Tara Dr,Jacksonville,AR,,forRent,3,1500,,4200,947,https://www.zillow.com/homedetails/19-Del-Tara-Dr-Jacksonville-AR-72076/269696_zpid/,,172000,2026-09-22T00:00:00.000Z,Price change,2026-09-18T00:00:00.000Z,Price change,2026-08-21T00:00:00.000Z,Price change,2026-07-28T00:00:00.000Z,Price change,2026-07-03T00:00:00.000Z,Price change,2026-06-30T00:00:00.000Z,Price change
"831 Richfield Rd, Jacksonville, AR 72076",831 Richfield Rd,Jacksonville,AR,,forRent,3,,,1400,4,https://www.zillow.com/homedetails/831-Richfield-Rd-Jacksonville-AR-72076/250171_zpid/,,0,2026-09-19T00:00:00.000Z,Listed for rent,2014-08-18T00:00:00.000Z,Sold,,,,,,,,
"17 Farrah St, Ward, AR 72176",17 Farrah St,Ward,AR,,forRent,3,1563,,1250,106,https://www.zillow.com/homedetails/17-Farrah-St-Ward-AR-72176/52495486_zpid/,,,2026-06-09T00:00:00.000Z,Listed for rent,2025-05-24T00:00:00.000Z,Listing removed,2025-05-06T00:00:00.000Z,Price change,2025-04-20T00:00:00.000Z,Listed for rent,2017-02-23T00:00:00.000Z,Listing removed,2017-02-17T00:00:00.000Z,Listed for rent
"513 Joyce St, Searcy, AR 72143",513 Joyce St,Searcy,AR,,forRent,3,1340,,1400,15,https://www.zillow.com/homedetails/513-Joyce-St-Searcy-AR-72143/76257268_zpid/,,80000,2026-09-08T00:00:00.000Z,Listed for rent,2025-08-12T00:00:00.000Z,Sold,2025-07-11T00:00:00.000Z,Contingent,2025-06-30T00:00:00.000Z,Listed for sale,,,,
"11 W Plaza Blvd, Cabot, AR 72023",11 W Plaza Blvd,Cabot,AR,,forRent,3,1487,,1525,30,https://www.zillow.com/homedetails/11-W-Plaza-Blvd-Cabot-AR-72023/256262_zpid/,,229049,2026-08-24T00:00:00.000Z,Listed for rent,2024-09-13T00:00:00.000Z,Listing removed,2024-07-02T00:00:00.000Z,Listed for rent,2013-02-26T00:00:00.000Z,Sold,,,,
"25 Cedar Loop, Beebe, AR 72012",25 Cedar Loop,Beebe,AR,,forRent,3,1243,,1200,2,https://www.zillow.com/homedetails/25-Cedar-Loop-Beebe-AR-72012/91001015_zpid/,,249000,2026-09-21T00:00:00.000Z,Listed for rent,2026-07-06T00:00:00.000Z,Listing removed,2026-06-25T00:00:00.000Z,Listed for rent,2013-04-17T00:00:00.000Z,Sold,2013-03-05T00:00:00.000Z,Listed for sale,2005-09-06T00:00:00.000Z,Sold
"9 Oak Forest Dr, Maumelle, AR 72113",9 Oak Forest Dr,Maumelle,AR,,forRent,3,1176,,1675,8,https://www.zillow.com/homedetails/9-Oak-Forest-Dr-Maumelle-AR-72113/326498_zpid/,,785000,2026-09-15T00:00:00.000Z,Listed for rent,2026-01-10T00:00:00.000Z,Listing removed,2025-12-01T00:00:00.000Z,Listed for rent,2015-05-29T00:00:00.000Z,Sold,2008-09-12T00:00:00.000Z,Sold,,
"29 Del Tara Dr, Jacksonville, AR 72076",29 Del Tara Dr,Jacksonville,AR,,forRent,3,1545,,1560,49,https://www.zillow.com/homedetails/29-Del-Tara-Dr-Jacksonville-AR-72076/269701_zpid/,,145000,2026-08-05T00:00:00.000Z,Listed for rent,2024-09-13T00:00:00.000Z,Sold,2024-08-19T00:00:00.000Z,Listed for sale,2015-07-31T00:00:00.000Z,Listing removed,2015-06-21T00:00:00.000Z,Price change,2015-06-08T00:00:00.000Z,Price change
"21 Cattail Rd, Searcy, AR 72143",21 Cattail Rd,Searcy,AR,,forRent,3,1450,,1325,10,https://www.zillow.com/homedetails/21-Cattail-Rd-Searcy-AR-72143/98931598_zpid/,,56000,2026-09-13T00:00:00.000Z,Listed for rent,2021-07-14T00:00:00.000Z,Listing removed,2021-06-01T00:00:00.000Z,Price change,2021-04-20T00:00:00.000Z,Listed for sale,1999-02-08T00:00:00.000Z,Sold,,
"2121 S Park St, Little Rock, AR 72202",2121 S Park St,Little Rock,AR,,forRent,3,1120,,1150,40,https://www.zillow.com/homedetails/2121-S-Park-St-Little-Rock-AR-72202/315464_zpid/,,107000,2026-09-10T00:00:00.000Z,Listed for rent,2026-08-31T00:00:00.000Z,Listing removed,2026-07-28T00:00:00.000Z,Price change,2026-07-01T00:00:00.000Z,Listed for rent,2024-11-27T00:00:00.000Z,Sold,2024-10-10T00:00:00.000Z,Listed for sale
"508 W 33rd St, North Little Rock, AR 72118",508 W 33rd St,North Little Rock,AR,,forRent,3,1629,,1300,22,https://www.zillow.com/homedetails/508-W-33rd-St-North-Little-Rock-AR-72118/301739_zpid/,,129900,2026-09-11T00:00:00.000Z,Price change,2026-09-05T00:00:00.000Z,Price change,2026-09-01T00:00:00.000Z,Listed for rent,2026-08-31T00:00:00.000Z,Listing removed,2026-07-14T00:00:00.000Z,Listed for sale,2026-07-03T00:00:00.000Z,Listing removed
"24 Edgemont Dr, Little Rock, AR 72209",24 Edgemont Dr,Little Rock,AR,,forRent,3,1008,,1150,106,https://www.zillow.com/homedetails/24-Edgemont-Dr-Little-Rock-AR-72209/355455_zpid/,,99900,2026-05-06T00:00:00.000Z,Listed for rent,2024-03-25T00:00:00.000Z,Listing removed,2024-01-12T00:00:00.000Z,Listed for rent,2023-11-13T00:00:00.000Z,Sold,2023-05-25T00:00:00.000Z,Listed for sale,2023-05-19T00:00:00.000Z,Contingent
"20 Magnolia Dr, Ward, AR 72176",20 Magnolia Dr,Ward,AR,,forRent,4,1380,,1550,7,https://www.zillow.com/homedetails/20-Magnolia-Dr-Ward-AR-72176/2087659368_zpid/,,,2026-09-16T00:00:00.000Z,Listed for rent,2025-08-19T00:00:00.000Z,Listing removed,2025-08-15T00:00:00.000Z,Listed for rent,2025-08-14T00:00:00.000Z,Listing removed,2025-07-28T00:00:00.000Z,Listed for rent,2020-06-02T00:00:00.000Z,Listing removed
"87 Sycamore Cir, Cabot, AR 72023",87 Sycamore Cir,Cabot,AR,,forRent,3,1252,,1350,40,https://www.zillow.com/homedetails/87-Sycamore-Cir-Cabot-AR-72023/256430_zpid/,,151500,2026-09-14T00:00:00.000Z,Price change,2026-08-29T00:00:00.000Z,Price change,2026-08-14T00:00:00.000Z,Listed for rent,2026-07-17T00:00:00.000Z,Sold,2026-06-05T00:00:00.000Z,Listed for sale,2026-05-27T00:00:00.000Z,Listing removed
"38 Southern Oaks Dr, Little Rock, AR 72209",38 Southern Oaks Dr,Little Rock,AR,,forRent,3,1100,,1350,21,https://www.zillow.com/homedetails/38-Southern-Oaks-Dr-Little-Rock-AR-72209/320062_zpid/,,60000,2026-09-02T00:00:00.000Z,Listed for rent,2025-10-23T00:00:00.000Z,Listing removed,2025-10-06T00:00:00.000Z,Listed for rent,2025-02-27T00:00:00.000Z,Sold,2025-02-06T00:00:00.000Z,Contingent,2024-12-09T00:00:00.000Z,Price change
"5717 Cypress Ln, North Little Rock, AR 72117",5717 Cypress Ln,North Little Rock,AR,,forRent,3,1284,,1550,12,https://www.zillow.com/homedetails/5717-Cypress-Ln-North-Little-Rock-AR-72117/305398903_zpid/,,192500,2026-09-11T00:00:00.000Z,Listed for rent,2025-07-30T00:00:00.000Z,Sold,2025-07-30T00:00:00.000Z,Contingent,2025-06-21T00:00:00.000Z,Listed for sale,2020-05-26T00:00:00.000Z,Sold,2020-03-09T00:00:00.000Z,Sold
"2717 Martin Luther King Dr, Little Rock, AR 72206",2717 Martin Luther King Dr,Little Rock,AR,,forRent,3,1180,,1400,4,https://www.zillow.com/homedetails/2717-Martin-Luther-King-Dr-Little-Rock-AR-72206/317842_zpid/,,1402,2026-09-19T00:00:00.000Z,Listed for rent,2026-03-25T00:00:00.000Z,Listing removed,2026-03-25T00:00:00.000Z,Price change,2026-01-31T00:00:00.000Z,Listed for rent,2024-10-30T00:00:00.000Z,Listing removed,2024-10-26T00:00:00.000Z,Price change
"112 Central Ave, Jacksonville, AR 72076",112 Central Ave,Jacksonville,AR,,forRent,3,792,,1000,71,https://www.zillow.com/homedetails/112-Central-Ave-Jacksonville-AR-72076/266518_zpid/,,160000,2026-07-14T00:00:00.000Z,Listed for rent,2026-06-23T00:00:00.000Z,Listing removed,2026-06-06T00:00:00.000Z,Price change,2026-06-04T00:00:00.000Z,Listed for rent,2014-05-15T00:00:00.000Z,Sold,1986-02-01T00:00:00.000Z,Sold
"29 Mattie Lene Dr, Ward, AR 72176",29 Mattie Lene Dr,Ward,AR,,forRent,3,1301,,1350,13,https://www.zillow.com/homedetails/29-Mattie-Lene-Dr-Ward-AR-72176/35732499_zpid/,,80000,2026-09-10T00:00:00.000Z,Listed for rent,2026-03-20T00:00:00.000Z,Listing removed,2026-01-05T00:00:00.000Z,Listed for rent,2024-10-09T00:00:00.000Z,Listing removed,2024-09-16T00:00:00.000Z,Listed for rent,2009-05-16T00:00:00.000Z,Listing removed
"312 Warren St, Jacksonville, AR 72076",312 Warren St,Jacksonville,AR,,forRent,4,1900,,3400,708,https://www.zillow.com/homedetails/312-Warren-St-Jacksonville-AR-72076/267134_zpid/,,120000,2026-09-18T00:00:00.000Z,Price change,2026-09-03T00:00:00.000Z,Price change,2026-07-09T00:00:00.000Z,Price change,2026-07-03T00:00:00.000Z,Price change,2026-06-30T00:00:00.000Z,Price change,2026-06-19T00:00:00.000Z,Price change
"1400 Gum Springs Rd, Searcy, AR 72143",1400 Gum Springs Rd,Searcy,AR,,forRent,3,1793,,1450,43,https://www.zillow.com/homedetails/1400-Gum-Springs-Rd-Searcy-AR-72143/76257849_zpid/,,90000,2026-09-03T00:00:00.000Z,Price change,2026-08-12T00:00:00.000Z,Listed for rent,2008-01-04T00:00:00.000Z,Sold,,,,,,
"44 Kirkland Dr, Cabot, AR 72023",44 Kirkland Dr,Cabot,AR,,forRent,3,2077,,1900,173,https://www.zillow.com/homedetails/44-Kirkland-Dr-Cabot-AR-72023/52495420_zpid/,,,2026-04-03T00:00:00.000Z,Listed for rent,2026-04-03T00:00:00.000Z,Listing removed,2026-02-11T00:00:00.000Z,Listed for rent,2025-09-22T00:00:00.000Z,Listing removed,2025-08-19T00:00:00.000Z,Listing removed,2025-08-17T00:00:00.000Z,Listed for rent
"27 Trinity Dr, Cabot, AR 72023",27 Trinity Dr,Cabot,AR,,forRent,3,1442,,1525,33,https://www.zillow.com/homedetails/27-Trinity-Dr-Cabot-AR-72023/113948501_zpid/,,,2026-08-21T00:00:00.000Z,Listed for rent,2025-09-11T00:00:00.000Z,Listing removed,2025-07-29T00:00:00.000Z,Price change,2025-07-03T00:00:00.000Z,Listed for rent,,,,
"2918 W 15th St, Little Rock, AR 72204",2918 W 15th St,Little Rock,AR,,forRent,3,1162,,850,8,https://www.zillow.com/homedetails/2918-W-15th-St-Little-Rock-AR-72204/312838_zpid/,,260000,2026-09-16T00:00:00.000Z,Listed for rent,2026-08-22T00:00:00.000Z,Listing removed,2026-05-21T00:00:00.000Z,Price change,2026-02-21T00:00:00.000Z,Listed for sale,2014-07-11T00:00:00.000Z,Sold,2007-12-21T00:00:00.000Z,Sold
"26 High Plains Dr, Cabot, AR 72023",26 High Plains Dr,Cabot,AR,,forRent,4,1631,,1995,106,https://www.zillow.com/homedetails/26-High-Plains-Dr-Cabot-AR-72023/99445170_zpid/,,264500,2026-08-28T00:00:00.000Z,Price change,2026-06-09T00:00:00.000Z,Listed for rent,2024-05-23T00:00:00.000Z,Listing removed,2024-05-21T00:00:00.000Z,Price change,2024-05-15T00:00:00.000Z,Price change,2024-04-30T00:00:00.000Z,Price change
"21 Pin Oak Loop, Maumelle, AR 72113",21 Pin Oak Loop,Maumelle,AR,,forRent,3,1270,,1500,7,https://www.zillow.com/homedetails/21-Pin-Oak-Loop-Maumelle-AR-72113/326790_zpid/,,177000,2026-09-16T00:00:00.000Z,Listed for rent,2025-06-29T00:00:00.000Z,Listing removed,2025-06-19T00:00:00.000Z,Listed for rent,2025-04-11T00:00:00.000Z,Sold,2025-04-11T00:00:00.000Z,Contingent,2025-02-24T00:00:00.000Z,Price change
"31 Rosemont Dr, Little Rock, AR 72204",31 Rosemont Dr,Little Rock,AR,,forRent,5,1660,,1595,8,https://www.zillow.com/homedetails/31-Rosemont-Dr-Little-Rock-AR-72204/350782_zpid/,,175200,2026-09-15T00:00:00.000Z,Listed for rent,2026-06-12T00:00:00.000Z,Listing removed,2026-05-20T00:00:00.000Z,Listed for rent,2025-03-13T00:00:00.000Z,Sold,2025-01-25T00:00:00.000Z,Listing removed,2025-01-03T00:00:00.000Z,Listed for rent
"28 Burns Dr, Cabot, AR 72023",28 Burns Dr,Cabot,AR,,forRent,3,1288,,1350,64,https://www.zillow.com/homedetails/28-Burns-Dr-Cabot-AR-72023/255699_zpid/,,146000,2026-08-31T00:00:00.000Z,Price change,2026-07-21T00:00:00.000Z,Listed for rent,2025-08-07T00:00:00.000Z,Listing removed,2025-07-14T00:00:00.000Z,Price change,2025-07-03T00:00:00.000Z,Listed for rent,2022-06-28T00:00:00.000Z,Sold
"209 N Madison St, Cabot, AR 72023",209 N Madison St,Cabot,AR,,forRent,3,1524,,1895,75,https://www.zillow.com/homedetails/209-N-Madison-St-Cabot-AR-72023/439267452_zpid/,,,2026-07-10T00:00:00.000Z,Listed for rent,2025-06-24T00:00:00.000Z,Listing removed,2025-06-19T00:00:00.000Z,Listed for rent,2025-06-19T00:00:00.000Z,Listing removed,2025-04-10T00:00:00.000Z,Price change,2025-03-05T00:00:00.000Z,Listed for rent
"3200 Mossy Creek Dr, Little Rock, AR 72211",3200 Mossy Creek Dr,Little Rock,AR,,forRent,4,2500,,2900,1,https://www.zillow.com/homedetails/3200-Mossy-Creek-Dr-Little-Rock-AR-72211/79789714_zpid/,,255000,2026-09-22T00:00:00.000Z,Listed for rent,2026-09-12T00:00:00.000Z,Listing removed,2026-08-10T00:00:00.000Z,Listed for rent,2025-09-08T00:00:00.000Z,Listing removed,2025-09-01T00:00:00.000Z,Listed for rent,2025-09-01T00:00:00.000Z,Listing removed
"4224 Sugar Maple Ln, Little Rock, AR 72223",4224 Sugar Maple Ln,Little Rock,AR,,forRent,3,1648,,2100,9,https://www.zillow.com/homedetails/4224-Sugar-Maple-Ln-Little-Rock-AR-72223/332265_zpid/,,236000,2026-09-14T00:00:00.000Z,Listed for rent,2024-09-13T00:00:00.000Z,Listing removed,2024-09-04T00:00:00.000Z,Listed for rent,2024-08-23T00:00:00.000Z,Listing removed,2024-08-13T00:00:00.000Z,Listed for rent,2023-12-08T00:00:00.000Z,Listing removed
"(Undisclosed Address), Searcy, AR 72143",(Undisclosed Address),Searcy,AR,,forRent,3,1320,,1350,9,https://www.zillow.com/homedetails/Searcy-AR-72143/76258783_zpid/,,70000,2026-09-15T00:00:00.000Z,Listed for rent,2026-03-13T00:00:00.000Z,Listing removed,2026-03-06T00:00:00.000Z,Listed for rent,2023-07-11T00:00:00.000Z,Listing removed,2023-06-20T00:00:00.000Z,Listed for rent,2021-03-24T00:00:00.000Z,Listing removed
"26 Deerfield Dr, Ward, AR 72176",26 Deerfield Dr,Ward,AR,,forRent,3,1309,,1550,1,https://www.zillow.com/homedetails/26-Deerfield-Dr-Ward-AR-72176/261138_zpid/,,125000,2026-09-22T00:00:00.000Z,Listed for rent,2026-09-14T00:00:00.000Z,Listing removed,2026-09-10T00:00:00.000Z,Price change,2026-09-04T00:00:00.000Z,Listed for sale,2013-05-29T00:00:00.000Z,Sold,,
"11201 Birchwood Dr, Little Rock, AR 72211",11201 Birchwood Dr,Little Rock,AR,,forRent,3,1500,,1750,30,https://www.zillow.com/homedetails/11201-Birchwood-Dr-Little-Rock-AR-72211/346389_zpid/,,23500,2026-08-25T00:00:00.000Z,Listed for rent,2025-04-25T00:00:00.000Z,Listing removed,2025-04-01T00:00:00.000Z,Listed for rent,2023-04-28T00:00:00.000Z,Listing removed,2023-04-23T00:00:00.000Z,Listed for rent,2015-10-09T00:00:00.000Z,Sold
"1025 Hope Ln, Searcy, AR 72143",1025 Hope Ln,Searcy,AR,,forRent,3,1492,,1350,15,https://www.zillow.com/homedetails/1025-Hope-Ln-Searcy-AR-72143/243655022_zpid/,,,2026-09-08T00:00:00.000Z,Listed for rent,,,,,,,,,,
"404 N Lemon St, Beebe, AR 72012",404 N Lemon St,Beebe,AR,,forRent,3,1120,,1400,50,https://www.zillow.com/homedetails/404-N-Lemon-St-Beebe-AR-72012/91000477_zpid/,,135000,2026-09-03T00:00:00.000Z,Price change,2026-08-28T00:00:00.000Z,Price change,2026-08-06T00:00:00.000Z,Price change,2026-08-04T00:00:00.000Z,Listed for rent,2023-12-07T00:00:00.000Z,Sold,2023-11-08T00:00:00.000Z,Contingent
"5521 Green Valley Ave, North Little Rock, AR 72118",5521 Green Valley Ave,North Little Rock,AR,,forRent,3,1332,,1400,40,https://www.zillow.com/homedetails/5521-Green-Valley-Ave-North-Little-Rock-AR-72118/298794_zpid/,,129600,2026-09-02T00:00:00.000Z,Price change,2026-08-14T00:00:00.000Z,Listed for rent,2026-07-28T00:00:00.000Z,Listing removed,2026-03-01T00:00:00.000Z,Price change,2026-02-13T00:00:00.000Z,Listed for rent,2025-07-30T00:00:00.000Z,Listing removed
"9200 Woodbine St, Sherwood, AR 72120",9200 Woodbine St,Sherwood,AR,,forRent,3,1200,,1395,36,https://www.zillow.com/homedetails/9200-Woodbine-St-Sherwood-AR-72120/463827086_zpid/,,,2026-09-17T00:00:00.000Z,Price change,2026-09-09T00:00:00.000Z,Price change,2026-07-31T00:00:00.000Z,Price change,2026-07-13T00:00:00.000Z,Listed for rent,,,,
"18 Overlook Rd, Searcy, AR 72143",18 Overlook Rd,Searcy,AR,,forRent,3,1533,,1350,2,https://www.zillow.com/homedetails/18-Overlook-Rd-Searcy-AR-72143/76260332_zpid/,,135000,2026-09-21T00:00:00.000Z,Listed for rent,2024-02-28T00:00:00.000Z,Listing removed,2022-11-03T00:00:00.000Z,Listing removed,2022-10-25T00:00:00.000Z,Listed for rent,2022-09-20T00:00:00.000Z,Sold,2021-02-24T00:00:00.000Z,Listing removed
"302 N Lincoln St, Cabot, AR 72023",302 N Lincoln St,Cabot,AR,,forRent,3,1318,,1500,1,https://www.zillow.com/homedetails/302-N-Lincoln-St-Cabot-AR-72023/253236_zpid/,,119000,2026-09-22T00:00:00.000Z,Listed for rent,2014-02-28T00:00:00.000Z,Sold,,,,,,,,
"(Undisclosed Address), North Little Rock, AR 72117",(Undisclosed Address),North Little Rock,AR,,forRent,3,1600,,1350,28,https://www.zillow.com/homedetails/North-Little-Rock-AR-72117/274655_zpid/,,36000,2026-09-21T00:00:00.000Z,Price change,2026-08-26T00:00:00.000Z,Listed for rent,2005-09-29T00:00:00.000Z,Sold,2002-04-29T00:00:00.000Z,Sold,,,,
"154 Hayden Dr, Beebe, AR 72012",154 Hayden Dr,Beebe,AR,,forRent,4,1825,,1900,23,https://www.zillow.com/homedetails/154-Hayden-Dr-Beebe-AR-72012/2067739333_zpid/,,25000,2026-08-31T00:00:00.000Z,Listed for rent,2026-05-06T00:00:00.000Z,Listing removed,2026-04-07T00:00:00.000Z,Listed for rent,2025-04-07T00:00:00.000Z,Listing removed,2025-04-03T00:00:00.000Z,Listed for rent,2023-03-14T00:00:00.000Z,Listing removed
"40 Springridge Dr, Little Rock, AR 72211",40 Springridge Dr,Little Rock,AR,,forRent,3,1639,,2000,52,https://www.zillow.com/homedetails/40-Springridge-Dr-Little-Rock-AR-72211/348523_zpid/,,182000,2026-08-02T00:00:00.000Z,Listed for rent,2025-04-06T00:00:00.000Z,Listing removed,2025-03-10T00:00:00.000Z,Listed for rent,2025-02-17T00:00:00.000Z,Listing removed,2025-02-09T00:00:00.000Z,Listed for rent,2022-02-24T00:00:00.000Z,Listing removed
"18 Lilly Ann Ct, Ward, AR 72176",18 Lilly Ann Ct,Ward,AR,,forRent,3,1355,,0,8,https://www.zillow.com/homedetails/18-Lilly-Ann-Ct-Ward-AR-72176/445792648_zpid/,,18000,2026-09-15T00:00:00.000Z,Listed for rent,2022-10-25T00:00:00.000Z,Listing removed,2022-10-07T00:00:00.000Z,Listed for sale,2017-08-16T00:00:00.000Z,Sold,,,,
"2 Hawthorne Dr, Conway, AR 72034",2 Hawthorne Dr,Conway,AR,,forRent,3,1408,,1600,61,https://www.zillow.com/homedetails/2-Hawthorne-Dr-Conway-AR-72034/237001_zpid/,,102000,2026-09-22T00:00:00.000Z,Price change,2026-09-06T00:00:00.000Z,Price change,2026-08-27T00:00:00.000Z,Price change,2026-07-24T00:00:00.000Z,Listed for rent,2014-07-29T00:00:00.000Z,Sold,2014-05-16T00:00:00.000Z,Price change
"1500 W Short 17th St, North Little Rock, AR 72114",1500 W Short 17th St,North Little Rock,AR,,forRent,3,1100,,1050,35,https://www.zillow.com/homedetails/1500-W-Short-17th-St-North-Little-Rock-AR-72114/303378_zpid/,,80000,2026-09-14T00:00:00.000Z,Listed for rent,2026-09-03T00:00:00.000Z,Listing removed,2026-08-26T00:00:00.000Z,Price change,2026-06-09T00:00:00.000Z,Listed for rent,2025-03-04T00:00:00.000Z,Listing removed,2025-01-17T00:00:00.000Z,Listed for rent
"3001 Wild Berry Dr, Benton, AR 72015",3001 Wild Berry Dr,Benton,AR,,forRent,3,1486,,1725,33,https://www.zillow.com/homedetails/3001-Wild-Berry-Dr-Benton-AR-72015/71716346_zpid/,,184900,2026-08-21T00:00:00.000Z,Listed for rent,2024-07-31T00:00:00.000Z,Listing removed,2024-07-05T00:00:00.000Z,Listed for rent,2023-04-21T00:00:00.000Z,Listing removed,2023-04-19T00:00:00.000Z,Listed for rent,2022-03-28T00:00:00.000Z,Listing removed
"5399 Heritage Valley Dr, Benton, AR 72019",5399 Heritage Valley Dr,Benton,AR,,forRent,4,1790,,1800,58,https://www.zillow.com/homedetails/5399-Heritage-Valley-Dr-Benton-AR-72019/2062299989_zpid/,,245000,2026-09-10T00:00:00.000Z,Price change,2026-08-31T00:00:00.000Z,Price change,2026-07-27T00:00:00.000Z,Listed for rent,2026-07-15T00:00:00.000Z,Listing removed,2026-05-22T00:00:00.000Z,Price change,2026-04-02T00:00:00.000Z,Listed for sale
"3264 Sidell Estates Dr, Benton, AR 72015",3264 Sidell Estates Dr,Benton,AR,,forRent,4,1652,,1795,40,https://www.zillow.com/homedetails/3264-Sidell-Estates-Dr-Benton-AR-72015/2063496322_zpid/,,,2026-08-14T00:00:00.000Z,Listed for rent,2022-07-02T00:00:00.000Z,Listing removed,2022-06-10T00:00:00.000Z,Price change,2022-04-28T00:00:00.000Z,Listed for sale,,,,
"1117 Weems St, Conway, AR 72034",1117 Weems St,Conway,AR,,forRent,4,1932,,2050,40,https://www.zillow.com/homedetails/1117-Weems-St-Conway-AR-72034/450684409_zpid/,,,2026-09-03T00:00:00.000Z,Price change,2026-08-22T00:00:00.000Z,Listing removed,2026-08-14T00:00:00.000Z,Listed for rent,2026-08-02T00:00:00.000Z,Listed for sale,2026-08-01T00:00:00.000Z,Listing removed,2026-07-28T00:00:00.000Z,Price change
"22 Birchwood Dr, Ward, AR 72176",22 Birchwood Dr,Ward,AR,,forRent,4,1650,,1600,5,https://www.zillow.com/homedetails/22-Birchwood-Dr-Ward-AR-72176/99409604_zpid/,,149900,2026-09-23T00:00:00.000Z,Listing removed,2026-09-21T00:00:00.000Z,Price change,2026-09-18T00:00:00.000Z,Listed for rent,2026-09-05T00:00:00.000Z,Price change,2026-07-24T00:00:00.000Z,Listed for sale,2026-02-11T00:00:00.000Z,Listing removed
"106 Willow Grove Ct, Sherwood, AR 72120",106 Willow Grove Ct,Sherwood,AR,,forRent,3,1350,,3900,305,https://www.zillow.com/homedetails/106-Willow-Grove-Ct-Sherwood-AR-72120/278717_zpid/,,170000,2026-09-22T00:00:00.000Z,Price change,2026-09-18T00:00:00.000Z,Price change,2026-09-07T00:00:00.000Z,Price change,2026-09-03T00:00:00.000Z,Price change,2026-07-09T00:00:00.000Z,Price change,2026-07-03T00:00:00.000Z,Price change
"313 S Neeley St, Benton, AR 72015",313 S Neeley St,Benton,AR,,forRent,3,1800,,1545,37,https://www.zillow.com/homedetails/313-S-Neeley-St-Benton-AR-72015/2067919637_zpid/,,205000,2026-09-23T00:00:00.000Z,Price change,2026-09-10T00:00:00.000Z,Price change,2026-08-17T00:00:00.000Z,Listed for rent,2025-09-14T00:00:00.000Z,Listing removed,2025-09-02T00:00:00.000Z,Listed for rent,2023-02-17T00:00:00.000Z,Listing removed
"119 Texas Ave, North Little Rock, AR 72118",119 Texas Ave,North Little Rock,AR,,forRent,3,1550,,1425,163,https://www.zillow.com/homedetails/119-Texas-Ave-North-Little-Rock-AR-72118/299543_zpid/,,139900,2026-04-13T00:00:00.000Z,Listed for rent,2013-04-13T00:00:00.000Z,Listing removed,2013-04-08T00:00:00.000Z,Listed for rent,2012-07-12T00:00:00.000Z,Sold,,,,
"1380 Sena Dr, Conway, AR 72034",1380 Sena Dr,Conway,AR,,forRent,4,1817,,1900,51,https://www.zillow.com/homedetails/1380-Sena-Dr-Conway-AR-72034/118483994_zpid/,,270000,2026-08-03T00:00:00.000Z,Listed for rent,2026-01-09T00:00:00.000Z,Listing removed,2025-12-18T00:00:00.000Z,Listed for rent,2024-11-06T00:00:00.000Z,Listing removed,2024-10-16T00:00:00.000Z,Listed for rent,2024-03-05T00:00:00.000Z,Listing removed
"2114 Richland Park Dr, Bryant, AR 72022",2114 Richland Park Dr,Bryant,AR,,forRent,3,1595,,1575,15,https://www.zillow.com/homedetails/2114-Richland-Park-Dr-Bryant-AR-72022/71716425_zpid/,,5656,2026-09-08T00:00:00.000Z,Listed for rent,2025-07-05T00:00:00.000Z,Listing removed,2025-07-04T00:00:00.000Z,Listed for rent,2025-07-04T00:00:00.000Z,Listing removed,2025-07-02T00:00:00.000Z,Listed for rent,2023-05-02T00:00:00.000Z,Listing removed
"17 Greenbrier Dr, Benton, AR 72015",17 Greenbrier Dr,Benton,AR,,forRent,3,1460,,1545,51,https://www.zillow.com/homedetails/17-Greenbrier-Dr-Benton-AR-72015/386172_zpid/,,143000,2026-09-17T00:00:00.000Z,Price change,2026-08-27T00:00:00.000Z,Price change,2026-08-03T00:00:00.000Z,Listed for rent,2026-02-23T00:00:00.000Z,Listing removed,2026-02-19T00:00:00.000Z,Price change,2026-01-29T00:00:00.000Z,Price change
"6587 Westminster, Benton, AR 72019",6587 Westminster,Benton,AR,,forRent,4,3650,,3558,58,https://www.zillow.com/homedetails/6587-Westminster-Benton-AR-72019/120554683_zpid/,,555000,2026-09-17T00:00:00.000Z,Price change,2026-09-02T00:00:00.000Z,Price change,2026-08-25T00:00:00.000Z,Price change,2026-07-27T00:00:00.000Z,Listed for rent,2025-06-03T00:00:00.000Z,Listing removed,2025-05-23T00:00:00.000Z,Listed for rent
"7518 Twin Oaks Rd, Little Rock, AR 72209",7518 Twin Oaks Rd,Little Rock,AR,,forRent,3,884,,995,42,https://www.zillow.com/homedetails/7518-Twin-Oaks-Rd-Little-Rock-AR-72209/358127_zpid/,,60000,2026-08-12T00:00:00.000Z,Listed for rent,2025-11-02T00:00:00.000Z,Listing removed,2025-10-11T00:00:00.000Z,Price change,2025-08-12T00:00:00.000Z,Listing removed,2025-05-30T00:00:00.000Z,Listed for sale,2025-04-17T00:00:00.000Z,Price change
"4420 Oregon Trl, Conway, AR 72034",4420 Oregon Trl,Conway,AR,,forRent,3,1300,,1600,4,https://www.zillow.com/homedetails/4420-Oregon-Trl-Conway-AR-72034/35730660_zpid/,,149100,2026-09-19T00:00:00.000Z,Listed for rent,2025-09-09T00:00:00.000Z,Listing removed,2025-08-11T00:00:00.000Z,Price change,2025-08-08T00:00:00.000Z,Listed for rent,2024-07-04T00:00:00.000Z,Listing removed,2024-06-29T00:00:00.000Z,Listed for rent
"2220 Chase Dr, Conway, AR 72034",2220 Chase Dr,Conway,AR,,forRent,3,1582,,1850,69,https://www.zillow.com/homedetails/2220-Chase-Dr-Conway-AR-72034/35730147_zpid/,,141000,2026-07-16T00:00:00.000Z,Listed for rent,2025-04-11T00:00:00.000Z,Listing removed,2025-04-06T00:00:00.000Z,Listed for rent,2025-03-29T00:00:00.000Z,Listing removed,2025-01-19T00:00:00.000Z,Price change,2025-01-18T00:00:00.000Z,Listed for rent
"5417 Temperance, Jacksonville, AR 72076",5417 Temperance,Jacksonville,AR,,forRent,,,,,,https://www.zillow.com/b/5417-temperance-jacksonville-ar-CYrkNG/,,,,,,,,,,,,,,
"2013 Creekwood Dr, Conway, AR 72032",2013 Creekwood Dr,Conway,AR,,forRent,5,2608,,2950,58,https://www.zillow.com/homedetails/2013-Creekwood-Dr-Conway-AR-72032/235364_zpid/,,289000,2026-09-11T00:00:00.000Z,Price change,2026-08-24T00:00:00.000Z,Price change,2026-07-29T00:00:00.000Z,Price change,2026-07-27T00:00:00.000Z,Listed for rent,2026-07-06T00:00:00.000Z,Sold,2026-04-16T00:00:00.000Z,Price change
"34 Brookridge Dr, Little Rock, AR 72205",34 Brookridge Dr,Little Rock,AR,,forRent,3,1842,,1795,78,https://www.zillow.com/homedetails/34-Brookridge-Dr-Little-Rock-AR-72205/345730_zpid/,,162800,2026-09-17T00:00:00.000Z,Price change,2026-08-27T00:00:00.000Z,Price change,2026-07-07T00:00:00.000Z,Listed for rent,2024-10-14T00:00:00.000Z,Listing removed,2024-10-10T00:00:00.000Z,Listed for rent,2024-10-09T00:00:00.000Z,Listing removed
"2530 Peabody Dr, Conway, AR 72032",2530 Peabody Dr,Conway,AR,,forRent,3,1271,,1500,39,https://www.zillow.com/homedetails/2530-Peabody-Dr-Conway-AR-72032/239829_zpid/,,199000,2026-08-15T00:00:00.000Z,Listed for rent,2025-07-28T00:00:00.000Z,Sold,2025-06-29T00:00:00.000Z,Contingent,2025-06-28T00:00:00.000Z,Listed for sale,2014-12-23T00:00:00.000Z,Sold,2013-09-19T00:00:00.000Z,Sold
"5129 W 10th St, Little Rock, AR 72204",5129 W 10th St,Little Rock,AR,,forRent,3,1610,,1295,123,https://www.zillow.com/homedetails/5129-W-10th-St-Little-Rock-AR-72204/310859_zpid/,,102900,2026-05-23T00:00:00.000Z,Listed for rent,2021-04-07T00:00:00.000Z,Sold,2020-05-21T00:00:00.000Z,Sold,2013-02-18T00:00:00.000Z,Sold,,,,
"414 Newcomb Cv, Benton, AR 72015",414 Newcomb Cv,Benton,AR,,forRent,3,1384,,1600,4,https://www.zillow.com/homedetails/414-Newcomb-Cv-Benton-AR-72015/384931_zpid/,,65531,2026-07-17T00:00:00.000Z,Listed for rent,2010-11-30T00:00:00.000Z,Sold,2005-03-03T00:00:00.000Z,Sold,,,,,,
"1801 W Long 17th St, North Little Rock, AR 72114",1801 W Long 17th St,North Little Rock,AR,,forRent,3,988,,900,105,https://www.zillow.com/homedetails/1801-W-Long-17th-St-North-Little-Rock-AR-72114/303359_zpid/,,35000,2026-07-29T00:00:00.000Z,Price change,2026-06-10T00:00:00.000Z,Listed for rent,2026-05-01T00:00:00.000Z,Listing removed,2026-01-14T00:00:00.000Z,Listed for sale,2026-01-14T00:00:00.000Z,Listing removed,2025-10-24T00:00:00.000Z,Price change
"905 Pheasant Cv, Benton, AR 72019",905 Pheasant Cv,Benton,AR,,forRent,3,1415,,1595,20,https://www.zillow.com/homedetails/905-Pheasant-Cv-Benton-AR-72019/385747_zpid/,,158000,2026-09-03T00:00:00.000Z,Listed for rent,2022-05-16T00:00:00.000Z,Listing removed,2022-04-20T00:00:00.000Z,Price change,2022-04-14T00:00:00.000Z,Price change,2022-04-06T00:00:00.000Z,Price change,2022-03-22T00:00:00.000Z,Listed for rent
"13757 Cedar Glen Cv, Alexander, AR 72002",13757 Cedar Glen Cv,Alexander,AR,,forRent,3,1408,,1575,28,https://www.zillow.com/homedetails/13757-Cedar-Glen-Cv-Alexander-AR-72002/92432562_zpid/,,124900,2026-08-26T00:00:00.000Z,Listed for rent,2017-02-19T00:00:00.000Z,Listing removed,2017-01-26T00:00:00.000Z,Listed for rent,2007-07-18T00:00:00.000Z,Sold,2007-01-31T00:00:00.000Z,Sold,,
"1512 College Ave, Conway, AR 72034",1512 College Ave,Conway,AR,,forRent,4,1612,,1600,57,https://www.zillow.com/homedetails/1512-College-Ave-Conway-AR-72034/237453_zpid/,,119000,2026-09-15T00:00:00.000Z,Price change,2026-09-10T00:00:00.000Z,Price change,2026-08-03T00:00:00.000Z,Price change,2026-07-28T00:00:00.000Z,Listed for rent,2022-07-25T00:00:00.000Z,Listing removed,2022-07-18T00:00:00.000Z,Listed for rent
"294 Stone Mountain Rd, Conway, AR 72032",294 Stone Mountain Rd,Conway,AR,,forRent,3,1216,,1650,10,https://www.zillow.com/homedetails/294-Stone-Mountain-Rd-Conway-AR-72032/122006123_zpid/,,42300,2026-09-13T00:00:00.000Z,Listed for rent,2025-04-17T00:00:00.000Z,Sold,2025-03-26T00:00:00.000Z,Contingent,2025-03-22T00:00:00.000Z,Listed for sale,,,,
"1804 Clara Dr, Conway, AR 72034",1804 Clara Dr,Conway,AR,,forRent,3,2000,,1695,19,https://www.zillow.com/homedetails/1804-Clara-Dr-Conway-AR-72034/235007_zpid/,,20000,2026-09-04T00:00:00.000Z,Listed for rent,2024-07-11T00:00:00.000Z,Listing removed,2024-06-26T00:00:00.000Z,Listed for rent,2023-06-13T00:00:00.000Z,Listing removed,2023-05-30T00:00:00.000Z,Listed for rent,2022-05-04T00:00:00.000Z,Listing removed
"1923 Biscayne Dr, Little Rock, AR 72227",1923 Biscayne Dr,Little Rock,AR,,forRent,3,1918,,1600,61,https://www.zillow.com/homedetails/1923-Biscayne-Dr-Little-Rock-AR-72227/335694_zpid/,,380000,2026-09-22T00:00:00.000Z,Price change,2026-09-10T00:00:00.000Z,Price change,2026-08-24T00:00:00.000Z,Price change,2026-08-20T00:00:00.000Z,Price change,2026-08-06T00:00:00.000Z,Price change,2026-07-24T00:00:00.000Z,Listed for rent
"40 Ridge Trl, Sherwood, AR 72120",40 Ridge Trl,Sherwood,AR,,forRent,3,2200,,2100,33,https://www.zillow.com/homedetails/40-Ridge-Trl-Sherwood-AR-72120/232839_zpid/,,230600,2026-08-31T00:00:00.000Z,Price change,2026-08-21T00:00:00.000Z,Listed for rent,2026-08-12T00:00:00.000Z,Listing removed,2026-07-20T00:00:00.000Z,Listed for rent,2026-06-17T00:00:00.000Z,Listing removed,2026-06-02T00:00:00.000Z,Price change
"11 Rosemont Dr, Little Rock, AR 72204",11 Rosemont Dr,Little Rock,AR,,forRent,4,2077,,1975,120,https://www.zillow.com/homedetails/11-Rosemont-Dr-Little-Rock-AR-72204/350773_zpid/,,69000,2026-07-17T00:00:00.000Z,Price change,2026-06-22T00:00:00.000Z,Price change,2026-05-26T00:00:00.000Z,Listed for rent,2025-04-10T00:00:00.000Z,Listing removed,2025-03-21T00:00:00.000Z,Price change,2025-02-19T00:00:00.000Z,Listed for rent
"4056 Kings River Trl, Bauxite, AR 72011",4056 Kings River Trl,Bauxite,AR,,forRent,3,1480,,1345,57,https://www.zillow.com/homedetails/4056-Kings-River-Trl-Bauxite-AR-72011/2062403626_zpid/,,200660,2026-09-22T00:00:00.000Z,Price change,2026-08-27T00:00:00.000Z,Price change,2026-08-20T00:00:00.000Z,Price change,2026-08-13T00:00:00.000Z,Price change,2026-07-29T00:00:00.000Z,Listed for rent,2023-02-11T00:00:00.000Z,Listing removed
"3915 Ledbetter Dr, Conway, AR 72034",3915 Ledbetter Dr,Conway,AR,,forRent,3,1052,,1100,11,https://www.zillow.com/homedetails/3915-Ledbetter-Dr-Conway-AR-72034/242880_zpid/,,134000,2026-01-14T00:00:00.000Z,Listed for rent,2026-01-14T00:00:00.000Z,Listing removed,2026-01-08T00:00:00.000Z,Listed for rent,2024-12-09T00:00:00.000Z,Listing removed,2024-10-16T00:00:00.000Z,Price change,2024-08-16T00:00:00.000Z,Listed for rent
"2223 S Maple St, Little Rock, AR 72204",2223 S Maple St,Little Rock,AR,,forRent,4,1223,,1495,27,https://www.zillow.com/homedetails/2223-S-Maple-St-Little-Rock-AR-72204/463521604_zpid/,,,2026-08-27T00:00:00.000Z,Price change,2026-08-10T00:00:00.000Z,Price change,2026-07-22T00:00:00.000Z,Price change,2026-06-29T00:00:00.000Z,Listed for rent,,,,
"6056 Orange Valley Cv, Mabelvale, AR 72103",6056 Orange Valley Cv,Mabelvale,AR,,forRent,4,1537,,1675,16,https://www.zillow.com/homedetails/6056-Orange-Valley-Cv-Mabelvale-AR-72103/463591455_zpid/,,,2026-07-01T00:00:00.000Z,Listed for rent,,,,,,,,,,
"2405 Linda Ln, Jacksonville, AR 72076",2405 Linda Ln,Jacksonville,AR,,forRent,4,1300,,1245,36,https://www.zillow.com/homedetails/2405-Linda-Ln-Jacksonville-AR-72076/263024_zpid/,,92000,2026-08-18T00:00:00.000Z,Listed for rent,2025-06-27T00:00:00.000Z,Listing removed,2025-06-26T00:00:00.000Z,Price change,2025-06-24T00:00:00.000Z,Listed for rent,2025-06-11T00:00:00.000Z,Listing removed,2025-06-06T00:00:00.000Z,Price change
"2230 Matthews Ln, Conway, AR 72032",2230 Matthews Ln,Conway,AR,,forRent,4,1661,,1800,5,https://www.zillow.com/homedetails/2230-Matthews-Ln-Conway-AR-72032/2076025311_zpid/,,,2026-09-18T00:00:00.000Z,Listed for rent,,,,,,,,,,
"519 E 17th St, Little Rock, AR 72206",519 E 17th St,Little Rock,AR,,forRent,3,1515,,2500,126,https://www.zillow.com/homedetails/519-E-17th-St-Little-Rock-AR-72206/306964_zpid/,,375000,2026-07-13T00:00:00.000Z,Price change,2026-05-20T00:00:00.000Z,Listed for rent,2023-09-08T00:00:00.000Z,Sold,2023-07-28T00:00:00.000Z,Listed for sale,2022-12-07T00:00:00.000Z,Listing removed,2022-11-09T00:00:00.000Z,Listed for sale
"3225 Jean Cv, Alexander, AR 72002",3225 Jean Cv,Alexander,AR,,forRent,3,2827,,2600,169,https://www.zillow.com/homedetails/3225-Jean-Cv-Alexander-AR-72002/378862_zpid/,,,2026-07-27T00:00:00.000Z,Price change,2026-04-07T00:00:00.000Z,Listed for rent,,,,,,,,
"1710 Cedarhurst Dr, Benton, AR 72015",1710 Cedarhurst Dr,Benton,AR,,forRent,3,1680,,1550,62,https://www.zillow.com/homedetails/1710-Cedarhurst-Dr-Benton-AR-72015/384477_zpid/,,127500,2026-09-19T00:00:00.000Z,Price change,2026-09-12T00:00:00.000Z,Price change,2026-09-04T00:00:00.000Z,Price change,2026-08-29T00:00:00.000Z,Price change,2026-06-23T00:00:00.000Z,Listed for rent,2024-05-13T00:00:00.000Z,Listing removed
"820 N Shackleford Rd, Little Rock, AR 72211",820 N Shackleford Rd,Little Rock,AR,,forRent,3,1700,,1800,89,https://www.zillow.com/homedetails/820-N-Shackleford-Rd-Little-Rock-AR-72211/339681_zpid/,,51500,2026-06-26T00:00:00.000Z,Listed for rent,2026-02-01T00:00:00.000Z,Listing removed,2026-01-01T00:00:00.000Z,Listed for rent,2025-08-13T00:00:00.000Z,Listing removed,2025-08-08T00:00:00.000Z,Listed for rent,2025-07-25T00:00:00.000Z,Listing removed
"1655 Duke St, Conway, AR 72032",1655 Duke St,Conway,AR,,forRent,3,1369,,1675,4,https://www.zillow.com/homedetails/1655-Duke-St-Conway-AR-72032/71713063_zpid/,,185000,2026-09-19T00:00:00.000Z,Listed for rent,2024-10-01T00:00:00.000Z,Listing removed,2024-09-11T00:00:00.000Z,Listed for rent,2023-08-01T00:00:00.000Z,Sold,2023-05-18T00:00:00.000Z,Contingent,2023-04-23T00:00:00.000Z,Listed for sale
"4326 Glenda Ln, Benton, AR 72019",4326 Glenda Ln,Benton,AR,,forRent,3,1398,,1495,50,https://www.zillow.com/homedetails/4326-Glenda-Ln-Benton-AR-72019/68021994_zpid/,,157000,2026-09-17T00:00:00.000Z,Price change,2026-08-04T00:00:00.000Z,Listed for rent,2025-07-11T00:00:00.000Z,Listing removed,2025-07-01T00:00:00.000Z,Listed for rent,2025-06-26T00:00:00.000Z,Listing removed,2025-06-12T00:00:00.000Z,Price change
"13 Dawn Ct, Little Rock, AR 72209",13 Dawn Ct,Little Rock,AR,,forRent,3,1435,,1295,71,https://www.zillow.com/homedetails/13-Dawn-Ct-Little-Rock-AR-72209/361799_zpid/,,50000,2026-09-10T00:00:00.000Z,Price change,2026-07-14T00:00:00.000Z,Listed for rent,2024-07-15T00:00:00.000Z,Listing removed,2024-07-02T00:00:00.000Z,Price change,2024-05-17T00:00:00.000Z,Listed for rent,2022-12-15T00:00:00.000Z,Sold
"9 Summer Breeze Rd, Conway, AR 72032",9 Summer Breeze Rd,Conway,AR,,forRent,4,1537,,1750,13,https://www.zillow.com/homedetails/9-Summer-Breeze-Rd-Conway-AR-72032/2078228526_zpid/,,195000,2026-09-10T00:00:00.000Z,Listed for rent,2025-08-12T00:00:00.000Z,Listing removed,2025-06-24T00:00:00.000Z,Listed for rent,2025-05-30T00:00:00.000Z,Sold,2025-04-24T00:00:00.000Z,Contingent,2025-03-29T00:00:00.000Z,Listed for sale
"2103 Arkansas Ave, Conway, AR 72034",2103 Arkansas Ave,Conway,AR,,forRent,4,1300,,1425,19,https://www.zillow.com/homedetails/2103-Arkansas-Ave-Conway-AR-72034/235083_zpid/,,87000,2026-09-04T00:00:00.000Z,Listed for rent,2025-10-17T00:00:00.000Z,Listing removed,2025-09-19T00:00:00.000Z,Listed for rent,2015-02-13T00:00:00.000Z,Sold,,,,
"830 Gussy Ln, Benton, AR 72019",830 Gussy Ln,Benton,AR,,forRent,,,,,,https://www.zillow.com/b/830-gussy-ln-benton-ar-CqYvFB/,,,,,,,,,,,,,,
"2500 Durwood Rd, Little Rock, AR 72207",2500 Durwood Rd,Little Rock,AR,,forRent,4,1514,,1975,102,https://www.zillow.com/homedetails/2500-Durwood-Rd-Little-Rock-AR-72207/334375_zpid/,,195000,2026-08-25T00:00:00.000Z,Price change,2026-08-05T00:00:00.000Z,Price change,2026-06-13T00:00:00.000Z,Listed for rent,2025-05-20T00:00:00.000Z,Listing removed,2025-04-15T00:00:00.000Z,Listed for rent,2025-01-31T00:00:00.000Z,Sold
"416 Smart St, Jacksonville, AR 72076",416 Smart St,Jacksonville,AR,,forRent,3,912,,1195,69,https://www.zillow.com/homedetails/416-Smart-St-Jacksonville-AR-72076/266636_zpid/,,92000,2026-08-28T00:00:00.000Z,Price change,2026-07-16T00:00:00.000Z,Listed for rent,2021-12-27T00:00:00.000Z,Sold,2021-11-14T00:00:00.000Z,Contingent,2021-10-29T00:00:00.000Z,Listed for sale,2021-10-25T00:00:00.000Z,Listing removed
"22530 Sam Tillery Dr, Alexander, AR 72002",22530 Sam Tillery Dr,Alexander,AR,,forRent,3,1633,,1995,1,https://www.zillow.com/homedetails/22530-Sam-Tillery-Dr-Alexander-AR-72002/465489014_zpid/,,,2026-09-22T00:00:00.000Z,Listed for rent,,,,,,,,,,
"7520 W Markham St, Little Rock, AR 72205",7520 W Markham St,Little Rock,AR,,forRent,3,2433,,1995,78,https://www.zillow.com/homedetails/7520-W-Markham-St-Little-Rock-AR-72205/344070_zpid/,,205000,2026-07-07T00:00:00.000Z,Listed for rent,2025-07-18T00:00:00.000Z,Listing removed,2025-07-16T00:00:00.000Z,Listed for rent,2024-06-13T00:00:00.000Z,Sold,2017-07-26T00:00:00.000Z,Listing removed,2017-07-10T00:00:00.000Z,Price change
"1294 Ridge Rd, Benton, AR 72015",1294 Ridge Rd,Benton,AR,,forRent,3,1108,,1145,17,https://www.zillow.com/homedetails/1294-Ridge-Rd-Benton-AR-72015/114182952_zpid/,,2000,2026-09-06T00:00:00.000Z,Listed for rent,2022-08-12T00:00:00.000Z,Listing removed,2022-08-01T00:00:00.000Z,Price change,2022-07-27T00:00:00.000Z,Listed for rent,2013-02-01T00:00:00.000Z,Sold,,
"1067 Huntington Dr, Benton, AR 72019",1067 Huntington Dr,Benton,AR,,forRent,4,1459,,1495,41,https://www.zillow.com/homedetails/1067-Huntington-Dr-Benton-AR-72019/2061767452_zpid/,,,2026-09-17T00:00:00.000Z,Price change,2026-08-13T00:00:00.000Z,Listed for rent,2024-11-08T00:00:00.000Z,Listing removed,2024-11-05T00:00:00.000Z,Listed for rent,2024-03-22T00:00:00.000Z,Listing removed,2024-02-27T00:00:00.000Z,Listed for rent
"1104 S Park St, Little Rock, AR 72202",1104 S Park St,Little Rock,AR,,forRent,3,1024,,1195,106,https://www.zillow.com/homedetails/1104-S-Park-St-Little-Rock-AR-72202/307917_zpid/,,85000,2026-09-04T00:00:00.000Z,Price change,2026-07-15T00:00:00.000Z,Price change,2026-06-09T00:00:00.000Z,Listed for rent,2026-05-12T00:00:00.000Z,Sold,2026-02-03T00:00:00.000Z,Pending sale,2026-02-03T00:00:00.000Z,Listing removed
"804 Drake Dr, Conway, AR 72034",804 Drake Dr,Conway,AR,,forRent,3,1663,,1650,12,https://www.zillow.com/homedetails/804-Drake-Dr-Conway-AR-72034/243037_zpid/,,164500,2026-09-11T00:00:00.000Z,Listed for rent,2024-04-20T00:00:00.000Z,Listing removed,2024-04-09T00:00:00.000Z,Listed for rent,2023-09-11T00:00:00.000Z,Listing removed,2023-09-10T00:00:00.000Z,Listed for rent,2023-09-10T00:00:00.000Z,Listing removed
"5907 C St, Little Rock, AR 72205",5907 C St,Little Rock,AR,,forRent,6,2600,,2300,6,https://www.zillow.com/homedetails/5907-C-St-Little-Rock-AR-72205/310128_zpid/,,299900,2026-07-27T00:00:00.000Z,Listed for rent,2022-12-05T00:00:00.000Z,Sold,2022-12-05T00:00:00.000Z,Contingent,2022-10-07T00:00:00.000Z,Price change,2022-09-30T00:00:00.000Z,Listed for sale,,
"5116 Lynch Dr, North Little Rock, AR 72117",5116 Lynch Dr,North Little Rock,AR,,forRent,3,1698,,1225,69,https://www.zillow.com/homedetails/5116-Lynch-Dr-North-Little-Rock-AR-72117/276855_zpid/,,63000,2026-09-16T00:00:00.000Z,Price change,2026-07-16T00:00:00.000Z,Listed for rent,2021-05-17T00:00:00.000Z,Listing removed,2021-05-12T00:00:00.000Z,Listed for rent,2020-12-10T00:00:00.000Z,Sold,2020-11-05T00:00:00.000Z,Listed for sale
"17024 Congo Ferndale Rd, Little Rock, AR 72210",17024 Congo Ferndale Rd,Little Rock,AR,,forRent,4,1590,,1675,105,https://www.zillow.com/homedetails/17024-Congo-Ferndale-Rd-Little-Rock-AR-72210/370120_zpid/,,279500,2026-06-10T00:00:00.000Z,Listed for rent,2020-09-11T00:00:00.000Z,Listing removed,2020-07-23T00:00:00.000Z,Listed for rent,2018-05-13T00:00:00.000Z,Listing removed,2018-01-31T00:00:00.000Z,Listed for rent,2017-03-29T00:00:00.000Z,Sold
"5137 Woodstream Dr, Alexander, AR 72002",5137 Woodstream Dr,Alexander,AR,,forRent,3,1460,,1600,5,https://www.zillow.com/homedetails/5137-Woodstream-Dr-Alexander-AR-72002/2078172293_zpid/,,167825,2026-09-18T00:00:00.000Z,Listed for rent,2026-04-27T00:00:00.000Z,Listing removed,2026-04-01T00:00:00.000Z,Listed for rent,2022-11-20T00:00:00.000Z,Listing removed,2022-10-04T00:00:00.000Z,Listed for rent,2020-12-04T00:00:00.000Z,Sold
"1505 Hathaway Dr, Conway, AR 72034",1505 Hathaway Dr,Conway,AR,,forRent,3,1207,,1475,20,https://www.zillow.com/homedetails/1505-Hathaway-Dr-Conway-AR-72034/241555_zpid/,,70000,2026-09-03T00:00:00.000Z,Listed for rent,2024-01-31T00:00:00.000Z,Listing removed,2024-01-30T00:00:00.000Z,Listed for rent,2024-01-29T00:00:00.000Z,Listing removed,2024-01-27T00:00:00.000Z,Listed for rent,2016-01-09T00:00:00.000Z,Listing removed
"3119 S Izard St, Little Rock, AR 72206",3119 S Izard St,Little Rock,AR,,forRent,3,1100,,995,1,https://www.zillow.com/homedetails/3119-S-Izard-St-Little-Rock-AR-72206/318104_zpid/,,119500,2026-09-08T00:00:00.000Z,Price change,2026-08-28T00:00:00.000Z,Price change,2026-07-13T00:00:00.000Z,Listed for rent,2023-05-12T00:00:00.000Z,Sold,2023-03-24T00:00:00.000Z,Listing removed,2023-03-10T00:00:00.000Z,Price change
"5096 Woodstream Dr, Alexander, AR 72002",5096 Woodstream Dr,Alexander,AR,,forRent,3,1594,,2600,19,https://www.zillow.com/homedetails/5096-Woodstream-Dr-Alexander-AR-72002/2077881150_zpid/,,180150,2026-09-05T00:00:00.000Z,Listed for rent,2024-10-14T00:00:00.000Z,Listing removed,2023-08-19T00:00:00.000Z,Listing removed,2023-07-23T00:00:00.000Z,Listed for rent,2023-03-09T00:00:00.000Z,Listing removed,2023-02-12T00:00:00.000Z,Listed for rent
"10413 Cypress Knee Dr, Maumelle, AR 72113",10413 Cypress Knee Dr,Maumelle,AR,,forRent,3,1480,,1800,84,https://www.zillow.com/homedetails/10413-Cypress-Knee-Dr-Maumelle-AR-72113/2060938533_zpid/,,,2026-07-01T00:00:00.000Z,Listed for rent,2025-04-22T00:00:00.000Z,Listing removed,2025-04-04T00:00:00.000Z,Listed for rent,2022-11-13T00:00:00.000Z,Listing removed,2022-10-25T00:00:00.000Z,Listed for rent,,
"2007 Arkansas Ave, Conway, AR 72034",2007 Arkansas Ave,Conway,AR,,forRent,3,1301,,1495,21,https://www.zillow.com/homedetails/2007-Arkansas-Ave-Conway-AR-72034/234341_zpid/,,90000,2026-09-02T00:00:00.000Z,Listed for rent,2026-08-26T00:00:00.000Z,Sold,2026-08-25T00:00:00.000Z,Contingent,2026-07-20T00:00:00.000Z,Price change,2026-05-19T00:00:00.000Z,Listed for sale,2026-05-19T00:00:00.000Z,Listing removed
"913 Brewer St, Jacksonville, AR 72076",913 Brewer St,Jacksonville,AR,,forRent,3,1566,,1295,12,https://www.zillow.com/homedetails/913-Brewer-St-Jacksonville-AR-72076/264006_zpid/,,0,2026-09-11T00:00:00.000Z,Listed for rent,2024-07-22T00:00:00.000Z,Listing removed,2024-06-25T00:00:00.000Z,Listed for rent,2020-11-09T00:00:00.000Z,Listing removed,2020-10-27T00:00:00.000Z,Listed for rent,2020-01-01T00:00:00.000Z,Listing removed
"4700 N Vine St, North Little Rock, AR 72116",4700 N Vine St,North Little Rock,AR,,forRent,4,2200,,1800,128,https://www.zillow.com/homedetails/4700-N-Vine-St-North-Little-Rock-AR-72116/294008_zpid/,,130000,2026-09-08T00:00:00.000Z,Price change,2026-09-06T00:00:00.000Z,Listing removed,2026-09-01T00:00:00.000Z,Price change,2026-08-13T00:00:00.000Z,Price change,2026-07-31T00:00:00.000Z,Price change,2026-07-24T00:00:00.000Z,Price change
"22930 Sam Tillery Dr, Alexander, AR 72002",22930 Sam Tillery Dr,Alexander,AR,,forRent,4,1640,,2000,30,https://www.zillow.com/homedetails/22930-Sam-Tillery-Dr-Alexander-AR-72002/464786376_zpid/,,,2026-09-10T00:00:00.000Z,Price change,2026-09-08T00:00:00.000Z,Price change,2026-08-24T00:00:00.000Z,Listed for rent,,,,,,
"5210 Stockton Rd, Conway, AR 72034",5210 Stockton Rd,Conway,AR,,forRent,3,1245,,1400,19,https://www.zillow.com/homedetails/5210-Stockton-Rd-Conway-AR-72034/63265504_zpid/,,,2026-09-04T00:00:00.000Z,Listed for rent,,,,,,,,,,
"1948 Cambridge Village Dr, Conway, AR 72032",1948 Cambridge Village Dr,Conway,AR,,forRent,3,1502,,1500,11,https://www.zillow.com/homedetails/1948-Cambridge-Village-Dr-Conway-AR-72032/203896115_zpid/,,,2026-09-12T00:00:00.000Z,Listed for rent,2026-08-06T00:00:00.000Z,Listing removed,2026-05-25T00:00:00.000Z,Price change,2026-05-06T00:00:00.000Z,Listed for rent,2025-04-16T00:00:00.000Z,Listing removed,2025-03-18T00:00:00.000Z,Listed for rent
"11423 Birchwood Dr, Little Rock, AR 72211",11423 Birchwood Dr,Little Rock,AR,,forRent,3,1834,,1695,138,https://www.zillow.com/homedetails/11423-Birchwood-Dr-Little-Rock-AR-72211/346415_zpid/,,100000,2026-09-03T00:00:00.000Z,Price change,2026-07-27T00:00:00.000Z,Price change,2026-05-08T00:00:00.000Z,Listed for rent,2022-10-05T00:00:00.000Z,Listing removed,2022-05-11T00:00:00.000Z,Listed for rent,2021-04-01T00:00:00.000Z,Listing removed
"1425 Joyner Dr, Conway, AR 72034",1425 Joyner Dr,Conway,AR,,forRent,3,1157,,1450,40,https://www.zillow.com/homedetails/1425-Joyner-Dr-Conway-AR-72034/35730195_zpid/,,155000,2026-08-14T00:00:00.000Z,Listed for rent,2025-10-28T00:00:00.000Z,Listing removed,2025-08-29T00:00:00.000Z,Price change,2025-08-12T00:00:00.000Z,Listed for rent,2024-09-13T00:00:00.000Z,Listing removed,2024-08-16T00:00:00.000Z,Listed for rent
"4 Delrose Dr, Little Rock, AR 72209",4 Delrose Dr,Little Rock,AR,,forRent,3,1008,,1050,34,https://www.zillow.com/homedetails/4-Delrose-Dr-Little-Rock-AR-72209/355137_zpid/,,92000,2026-08-20T00:00:00.000Z,Listed for rent,2023-05-04T00:00:00.000Z,Listing removed,2023-04-19T00:00:00.000Z,Listed for rent,2022-08-09T00:00:00.000Z,Listing removed,2022-08-04T00:00:00.000Z,Listed for rent,2019-07-03T00:00:00.000Z,Sold
"2500 Gibby Dr, Conway, AR 72032",2500 Gibby Dr,Conway,AR,,forRent,3,1221,,1350,19,https://www.zillow.com/homedetails/2500-Gibby-Dr-Conway-AR-72032/239939_zpid/,,123000,2026-09-04T00:00:00.000Z,Listed for rent,2021-03-24T00:00:00.000Z,Listing removed,2021-03-12T00:00:00.000Z,Sold,2015-06-30T00:00:00.000Z,Sold,2015-03-29T00:00:00.000Z,Listing removed,2015-03-15T00:00:00.000Z,Listed for sale
"7518 F St, Little Rock, AR 72205",7518 F St,Little Rock,AR,,forRent,3,1225,,1475,140,https://www.zillow.com/homedetails/7518-F-St-Little-Rock-AR-72205/342775_zpid/,,213000,2026-05-06T00:00:00.000Z,Listed for rent,2025-05-22T00:00:00.000Z,Listing removed,2025-02-12T00:00:00.000Z,Listed for rent,2022-02-15T00:00:00.000Z,Listing removed,2022-01-29T00:00:00.000Z,Listed for rent,2020-12-01T00:00:00.000Z,Listing removed
"2765 Archer Ln, Conway, AR 72034",2765 Archer Ln,Conway,AR,,forRent,3,1560,,1700,40,https://www.zillow.com/homedetails/2765-Archer-Ln-Conway-AR-72034/241241_zpid/,,154500,2026-08-14T00:00:00.000Z,Listed for rent,2025-09-17T00:00:00.000Z,Listing removed,2025-08-12T00:00:00.000Z,Listed for rent,2024-05-31T00:00:00.000Z,Listing removed,2024-05-16T00:00:00.000Z,Listed for rent,2023-06-05T00:00:00.000Z,Listing removed
"14457 Skyline Dr, Alexander, AR 72002",14457 Skyline Dr,Alexander,AR,,forRent,3,1974,,1950,8,https://www.zillow.com/homedetails/14457-Skyline-Dr-Alexander-AR-72002/120792053_zpid/,,210000,2026-09-15T00:00:00.000Z,Listed for rent,2021-11-05T00:00:00.000Z,Sold,2015-12-17T00:00:00.000Z,Sold,,,,,,
"8 Dunfrettin Pl, Sherwood, AR 72120",8 Dunfrettin Pl,Sherwood,AR,,forRent,3,1466,,1500,0,https://www.zillow.com/homedetails/8-Dunfrettin-Pl-Sherwood-AR-72120/273796_zpid/,,317500,2026-09-24T00:00:00.000Z,Listed for rent,2026-09-24T00:00:00.000Z,Listing removed,2026-09-18T00:00:00.000Z,Price change,2026-09-08T00:00:00.000Z,Price change,2026-08-23T00:00:00.000Z,Price change,2026-07-17T00:00:00.000Z,Listed for rent
"7125 Anderson St, Alexander, AR 72002",7125 Anderson St,Alexander,AR,,forRent,3,1906,,1650,0,https://www.zillow.com/homedetails/7125-Anderson-St-Alexander-AR-72002/368443_zpid/,,167000,2026-09-23T00:00:00.000Z,Listed for rent,2023-09-08T00:00:00.000Z,Listing removed,2023-07-24T00:00:00.000Z,Price change,2023-07-21T00:00:00.000Z,Listed for rent,2022-08-08T00:00:00.000Z,Listing removed,2022-07-27T00:00:00.000Z,Listed for rent
"1609 Rushing Cir, Conway, AR 72032",1609 Rushing Cir,Conway,AR,,forRent,3,1400,,1475,23,https://www.zillow.com/homedetails/1609-Rushing-Cir-Conway-AR-72032/235792_zpid/,,116000,2026-08-31T00:00:00.000Z,Listed for rent,2024-09-13T00:00:00.000Z,Listing removed,2024-06-19T00:00:00.000Z,Listed for rent,2024-06-19T00:00:00.000Z,Listing removed,2024-05-25T00:00:00.000Z,Listed for rent,2023-03-31T00:00:00.000Z,Listing removed
"1008 Santa Fe Trl, Bauxite, AR 72011",1008 Santa Fe Trl,Bauxite,AR,,forRent,,,,,,https://www.zillow.com/b/1008-santa-fe-trl-bauxite-ar-BqKjfx/,,,,,,,,,,,,,,
"5425 Randolph Rd, North Little Rock, AR 72116",5425 Randolph Rd,North Little Rock,AR,,forRent,4,2300,,1875,41,https://www.zillow.com/homedetails/5425-Randolph-Rd-North-Little-Rock-AR-72116/292249_zpid/,,153800,2026-09-17T00:00:00.000Z,Price change,2026-08-24T00:00:00.000Z,Price change,2026-08-14T00:00:00.000Z,Price change,2026-08-13T00:00:00.000Z,Listed for rent,2026-07-30T00:00:00.000Z,Listing removed,2026-05-29T00:00:00.000Z,Price change
"2248 Centennial Valley Dr, Benton, AR 72019",2248 Centennial Valley Dr,Benton,AR,,forRent,3,1480,,1595,0,https://www.zillow.com/homedetails/2248-Centennial-Valley-Dr-Benton-AR-72019/2071964933_zpid/,,203315,2026-09-23T00:00:00.000Z,Listed for rent,2025-09-12T00:00:00.000Z,Listing removed,2025-09-10T00:00:00.000Z,Price change,2025-08-18T00:00:00.000Z,Listed for rent,2021-10-28T00:00:00.000Z,Sold,2021-07-30T00:00:00.000Z,Pending sale
"310 Kanis Ridge Dr, Little Rock, AR 72223",310 Kanis Ridge Dr,Little Rock,AR,,forRent,3,2020,,2800,120,https://www.zillow.com/homedetails/310-Kanis-Ridge-Dr-Little-Rock-AR-72223/2080960143_zpid/,,,2026-09-01T00:00:00.000Z,Price change,2026-07-17T00:00:00.000Z,Price change,2026-05-26T00:00:00.000Z,Listed for rent,2025-06-02T00:00:00.000Z,Listing removed,2025-05-08T00:00:00.000Z,Listed for rent,2024-04-27T00:00:00.000Z,Listing removed
"831 Watkins St, Conway, AR 72034",831 Watkins St,Conway,AR,,forRent,3,1176,,1175,27,https://www.zillow.com/homedetails/831-Watkins-St-Conway-AR-72034/237666_zpid/,,85000,2026-08-27T00:00:00.000Z,Listed for rent,2025-12-01T00:00:00.000Z,Listing removed,2025-10-29T00:00:00.000Z,Listed for rent,2019-08-02T00:00:00.000Z,Listing removed,2019-07-17T00:00:00.000Z,Price change,2019-07-13T00:00:00.000Z,Listed for rent
"5 Oakview Dr, North Little Rock, AR 72118",5 Oakview Dr,North Little Rock,AR,,forRent,3,884,,995,42,https://www.zillow.com/homedetails/5-Oakview-Dr-North-Little-Rock-AR-72118/290597_zpid/,,124900,2026-08-21T00:00:00.000Z,Sold,2026-07-11T00:00:00.000Z,Listed for rent,2026-06-13T00:00:00.000Z,Listing removed,2026-05-23T00:00:00.000Z,Price change,2025-12-16T00:00:00.000Z,Price change,2025-08-15T00:00:00.000Z,Listed for rent
"6065 Discovery Trl, Bauxite, AR 72011",6065 Discovery Trl,Bauxite,AR,,forRent,4,1459,,1595,8,https://www.zillow.com/homedetails/6065-Discovery-Trl-Bauxite-AR-72011/442588179_zpid/,,192660,2026-09-15T00:00:00.000Z,Listed for rent,2026-08-11T00:00:00.000Z,Listing removed,2026-08-03T00:00:00.000Z,Listed for rent,2025-07-01T00:00:00.000Z,Listing removed,2025-05-23T00:00:00.000Z,Listed for rent,2025-05-09T00:00:00.000Z,Sold
"14611 Parkway Meadows Dr, Alexander, AR 72002",14611 Parkway Meadows Dr,Alexander,AR,,forRent,3,1500,,1625,6,https://www.zillow.com/homedetails/14611-Parkway-Meadows-Dr-Alexander-AR-72002/112089546_zpid/,,192000,2026-09-17T00:00:00.000Z,Listed for rent,2025-09-08T00:00:00.000Z,Listing removed,2025-08-28T00:00:00.000Z,Listed for rent,2024-09-13T00:00:00.000Z,Listing removed,2024-08-05T00:00:00.000Z,Listed for rent,2024-07-24T00:00:00.000Z,Listing removed
"1423 Northwick Ct, Little Rock, AR 72227",1423 Northwick Ct,Little Rock,AR,,forRent,3,1601,,1525,56,https://www.zillow.com/homedetails/1423-Northwick-Ct-Little-Rock-AR-72227/340379_zpid/,,127000,2026-08-21T00:00:00.000Z,Price change,2026-07-29T00:00:00.000Z,Listed for rent,2023-11-30T00:00:00.000Z,Listing removed,2023-11-09T00:00:00.000Z,Price change,2023-10-13T00:00:00.000Z,Price change,2023-09-13T00:00:00.000Z,Price change
"6413 Amalie Dr, Alexander, AR 72002",6413 Amalie Dr,Alexander,AR,,forRent,3,1485,,1675,15,https://www.zillow.com/homedetails/6413-Amalie-Dr-Alexander-AR-72002/247595729_zpid/,,198000,2026-09-08T00:00:00.000Z,Listed for rent,2025-08-18T00:00:00.000Z,Listing removed,2025-08-06T00:00:00.000Z,Listed for rent,2022-05-12T00:00:00.000Z,Listing removed,2022-05-04T00:00:00.000Z,Price change,2022-04-27T00:00:00.000Z,Price change
"4541 Western Woods Dr, Benton, AR 72015",4541 Western Woods Dr,Benton,AR,,forRent,4,2000,,1895,8,https://www.zillow.com/homedetails/4541-Western-Woods-Dr-Benton-AR-72015/2061302075_zpid/,,313100,2026-09-15T00:00:00.000Z,Listed for rent,2023-03-31T00:00:00.000Z,Sold,2022-11-05T00:00:00.000Z,Listing removed,2022-09-30T00:00:00.000Z,Listed for rent,,,,
"2064 Fern Valley Dr, Alexander, AR 72002",2064 Fern Valley Dr,Alexander,AR,,forRent,3,1394,,1595,7,https://www.zillow.com/homedetails/2064-Fern-Valley-Dr-Alexander-AR-72002/247595904_zpid/,,169000,2026-09-16T00:00:00.000Z,Listed for rent,2025-12-24T00:00:00.000Z,Listing removed,2025-11-13T00:00:00.000Z,Listed for rent,2023-05-30T00:00:00.000Z,Listing removed,2023-05-15T00:00:00.000Z,Listed for rent,2021-06-30T00:00:00.000Z,Listing removed
"2705 Timbermist Cir, Benton, AR 72015",2705 Timbermist Cir,Benton,AR,,forRent,3,1200,,1575,6,https://www.zillow.com/homedetails/2705-Timbermist-Cir-Benton-AR-72015/386796_zpid/,,151000,2026-09-17T00:00:00.000Z,Listed for rent,2025-09-02T00:00:00.000Z,Listing removed,2025-08-27T00:00:00.000Z,Price change,2025-08-14T00:00:00.000Z,Price change,2025-06-30T00:00:00.000Z,Listed for rent,2022-08-30T00:00:00.000Z,Listing removed
"227 Iris St, Haskell, AR 72015",227 Iris St,Haskell,AR,,forRent,3,1420,,1625,58,https://www.zillow.com/homedetails/227-Iris-St-Haskell-AR-72015/2060765172_zpid/,,195000,2026-09-23T00:00:00.000Z,Price change,2026-09-10T00:00:00.000Z,Price change,2026-08-27T00:00:00.000Z,Price change,2026-07-27T00:00:00.000Z,Listed for rent,2023-02-16T00:00:00.000Z,Listing removed,2023-02-08T00:00:00.000Z,Price change
"8512 Highway 5 N, Benton, AR 72019",8512 Highway 5 N,Benton,AR,,forRent,4,1533,,1895,9,https://www.zillow.com/homedetails/8512-Highway-5-N-Benton-AR-72019/394628139_zpid/,,,2026-09-14T00:00:00.000Z,Listed for rent,2024-09-13T00:00:00.000Z,Listing removed,2024-07-15T00:00:00.000Z,Listed for rent,,,,,,
"14095 Magnolia Glen Dr, Alexander, AR 72002",14095 Magnolia Glen Dr,Alexander,AR,,forRent,3,1228,,1530,22,https://www.zillow.com/homedetails/14095-Magnolia-Glen-Dr-Alexander-AR-72002/88906053_zpid/,,119500,2026-09-01T00:00:00.000Z,Listed for rent,2020-12-08T00:00:00.000Z,Listing removed,2020-12-02T00:00:00.000Z,Listed for rent,2016-09-27T00:00:00.000Z,Sold,2016-06-29T00:00:00.000Z,Price change,2016-06-06T00:00:00.000Z,Listed for sale
"821 Church, Benton, AR 72015",821 Church,Benton,AR,,forRent,4,1540,,1675,19,https://www.zillow.com/homedetails/821-Church-Benton-AR-72015/387634_zpid/,,155000,2026-09-04T00:00:00.000Z,Listed for rent,2021-08-04T00:00:00.000Z,Listing removed,2021-07-27T00:00:00.000Z,Listed for rent,2021-06-04T00:00:00.000Z,Sold,2020-12-14T00:00:00.000Z,Sold,2020-10-24T00:00:00.000Z,Listed for sale
"508 SW 4th St, Bryant, AR 72022",508 SW 4th St,Bryant,AR,,forRent,3,1510,,1950,16,https://www.zillow.com/homedetails/508-SW-4th-St-Bryant-AR-72022/391129_zpid/,,231000,2026-09-07T00:00:00.000Z,Listed for rent,2026-07-02T00:00:00.000Z,Listing removed,2026-06-18T00:00:00.000Z,Sold,2026-06-18T00:00:00.000Z,Listed for rent,2026-05-27T00:00:00.000Z,Contingent,2026-05-22T00:00:00.000Z,Price change
"3002 Forest Dr, Bryant, AR 72022",3002 Forest Dr,Bryant,AR,,forRent,3,1409,,1650,14,https://www.zillow.com/homedetails/3002-Forest-Dr-Bryant-AR-72022/390575_zpid/,,213000,2026-09-10T00:00:00.000Z,Listed for rent,2026-08-24T00:00:00.000Z,Sold,2026-06-30T00:00:00.000Z,Listed for sale,2018-03-05T00:00:00.000Z,Sold,2011-03-18T00:00:00.000Z,Sold,2011-02-13T00:00:00.000Z,Listed for sale
"1917 S Pulaski St, Little Rock, AR 72206",1917 S Pulaski St,Little Rock,AR,,forRent,4,1223,,1595,82,https://www.zillow.com/homedetails/1917-S-Pulaski-St-Little-Rock-AR-72206/315887_zpid/,,213,2026-09-23T00:00:00.000Z,Price change,2026-08-10T00:00:00.000Z,Price change,2026-07-03T00:00:00.000Z,Listed for rent,2017-05-24T00:00:00.000Z,Sold,2014-07-31T00:00:00.000Z,Sold,2008-04-10T00:00:00.000Z,Sold
"6688 Hollywood Ave, Benton, AR 72019",6688 Hollywood Ave,Benton,AR,,forRent,3,1051,,1595,19,https://www.zillow.com/homedetails/6688-Hollywood-Ave-Benton-AR-72019/460744960_zpid/,,183900,2026-09-04T00:00:00.000Z,Listed for rent,2026-08-28T00:00:00.000Z,Sold,2026-08-10T00:00:00.000Z,Contingent,2026-06-25T00:00:00.000Z,Price change,2026-06-18T00:00:00.000Z,Price change,2026-06-09T00:00:00.000Z,Price change
"600 S Davis St, Conway, AR 72034",600 S Davis St,Conway,AR,,forRent,3,1728,,1500,93,https://www.zillow.com/homedetails/600-S-Davis-St-Conway-AR-72034/235022_zpid/,,108500,2026-09-02T00:00:00.000Z,Price change,2026-07-20T00:00:00.000Z,Price change,2026-07-06T00:00:00.000Z,Price change,2026-06-22T00:00:00.000Z,Listed for rent,2022-10-20T00:00:00.000Z,Listing removed,2022-10-11T00:00:00.000Z,Price change
"620 Brookhaven Ct, Jacksonville, AR 72076",620 Brookhaven Ct,Jacksonville,AR,,forRent,3,1265,,1295,18,https://www.zillow.com/homedetails/620-Brookhaven-Ct-Jacksonville-AR-72076/269801_zpid/,,0,2026-09-05T00:00:00.000Z,Listed for rent,2026-02-27T00:00:00.000Z,Listing removed,2025-12-27T00:00:00.000Z,Listed for rent,2014-12-09T00:00:00.000Z,Sold,1992-02-01T00:00:00.000Z,Sold,,
"1916 Peony St, North Little Rock, AR 72117",1916 Peony St,North Little Rock,AR,,forRent,3,1248,,1550,83,https://www.zillow.com/homedetails/1916-Peony-St-North-Little-Rock-AR-72117/2061199268_zpid/,,,2026-07-02T00:00:00.000Z,Listed for rent,2025-11-24T00:00:00.000Z,Listing removed,2025-09-12T00:00:00.000Z,Listed for rent,2025-06-07T00:00:00.000Z,Listing removed,2025-06-01T00:00:00.000Z,Listed for rent,2025-02-06T00:00:00.000Z,Listing removed
"21051 Natalie Ln, Little Rock, AR 72206",21051 Natalie Ln,Little Rock,AR,,forRent,3,1550,,1700,13,https://www.zillow.com/homedetails/21051-Natalie-Ln-Little-Rock-AR-72206/64691031_zpid/,,,2026-09-10T00:00:00.000Z,Listed for rent,,,,,,,,,,
"402 Stone Creek Dr, Benton, AR 72015",402 Stone Creek Dr,Benton,AR,,forRent,4,1762,,1895,15,https://www.zillow.com/homedetails/402-Stone-Creek-Dr-Benton-AR-72015/71716020_zpid/,,178000,2026-09-08T00:00:00.000Z,Listed for rent,2023-09-17T00:00:00.000Z,Listing removed,2023-07-18T00:00:00.000Z,Listing removed,2023-06-14T00:00:00.000Z,Price change,2023-06-06T00:00:00.000Z,Listed for rent,2021-09-16T00:00:00.000Z,Sold
"1219 W 49th St, North Little Rock, AR 72118",1219 W 49th St,North Little Rock,AR,,forRent,3,896,,806,43,https://www.zillow.com/homedetails/1219-W-49th-St-North-Little-Rock-AR-72118/299125_zpid/,,42500,2026-09-17T00:00:00.000Z,Price change,2026-09-14T00:00:00.000Z,Price change,2026-09-10T00:00:00.000Z,Price change,2026-08-27T00:00:00.000Z,Price change,2026-08-25T00:00:00.000Z,Price change,2026-08-22T00:00:00.000Z,Price change
"721 S Richards, Benton, AR 72015",721 S Richards,Benton,AR,,forRent,3,1544,,1650,40,https://www.zillow.com/homedetails/721-S-Richards-Benton-AR-72015/389133_zpid/,,29900,2026-08-14T00:00:00.000Z,Listed for rent,2026-08-07T00:00:00.000Z,Listing removed,2026-08-03T00:00:00.000Z,Price change,2026-07-22T00:00:00.000Z,Listed for rent,2023-07-28T00:00:00.000Z,Sold,2023-07-09T00:00:00.000Z,Contingent
"1961 Auburn Hills Dr, Benton, AR 72015",1961 Auburn Hills Dr,Benton,AR,,forRent,3,1470,,1850,51,https://www.zillow.com/homedetails/1961-Auburn-Hills-Dr-Benton-AR-72015/2061982521_zpid/,,210000,2026-08-04T00:00:00.000Z,Sold,2026-08-04T00:00:00.000Z,Listed for rent,2026-08-04T00:00:00.000Z,Contingent,2026-06-22T00:00:00.000Z,Price change,2026-05-30T00:00:00.000Z,Price change,2026-05-06T00:00:00.000Z,Price change
"12710 Pleasant View Dr, Little Rock, AR 72212",12710 Pleasant View Dr,Little Rock,AR,,forRent,3,1939,,1845,61,https://www.zillow.com/homedetails/12710-Pleasant-View-Dr-Little-Rock-AR-72212/331844_zpid/,,140000,2026-09-17T00:00:00.000Z,Price change,2026-08-27T00:00:00.000Z,Price change,2026-07-28T00:00:00.000Z,Price change,2026-07-15T00:00:00.000Z,Price change,2026-05-27T00:00:00.000Z,Listed for rent,2024-05-14T00:00:00.000Z,Listing removed
"121 Shamrock Dr, Conway, AR 72034",121 Shamrock Dr,Conway,AR,,forRent,4,1950,,2000,11,https://www.zillow.com/homedetails/121-Shamrock-Dr-Conway-AR-72034/238690_zpid/,,142000,2026-01-20T00:00:00.000Z,Listed for rent,2025-08-31T00:00:00.000Z,Listing removed,2025-08-25T00:00:00.000Z,Listed for rent,2025-08-25T00:00:00.000Z,Listing removed,2025-08-04T00:00:00.000Z,Price change,2025-06-29T00:00:00.000Z,Listed for rent
"5719 Heritage Heights Dr, Benton, AR 72019",5719 Heritage Heights Dr,Benton,AR,,forRent,4,1650,,1800,40,https://www.zillow.com/homedetails/5719-Heritage-Heights-Dr-Benton-AR-72019/71715729_zpid/,,22000,2026-08-14T00:00:00.000Z,Listed for rent,2025-04-01T00:00:00.000Z,Listing removed,2025-03-06T00:00:00.000Z,Listed for rent,2023-10-30T00:00:00.000Z,Listing removed,2023-10-23T00:00:00.000Z,Listed for rent,2022-10-27T00:00:00.000Z,Listing removed
"209 Sparrow Rd, Jacksonville, AR 72076",209 Sparrow Rd,Jacksonville,AR,,forRent,3,1275,,1750,91,https://www.zillow.com/homedetails/209-Sparrow-Rd-Jacksonville-AR-72076/99427899_zpid/,,229000,2026-09-04T00:00:00.000Z,Price change,2026-07-22T00:00:00.000Z,Price change,2026-06-24T00:00:00.000Z,Listed for rent,2024-06-04T00:00:00.000Z,Sold,2024-02-26T00:00:00.000Z,Listing removed,2024-01-31T00:00:00.000Z,Price change
"3123 S Arch St, Little Rock, AR 72206",3123 S Arch St,Little Rock,AR,,forRent,5,1683,,1395,16,https://www.zillow.com/homedetails/3123-S-Arch-St-Little-Rock-AR-72206/317259_zpid/,,60000,2026-09-07T00:00:00.000Z,Listed for rent,2026-04-16T00:00:00.000Z,Listing removed,2026-04-15T00:00:00.000Z,Price change,2026-04-08T00:00:00.000Z,Price change,2026-04-01T00:00:00.000Z,Price change,2026-03-17T00:00:00.000Z,Price change
"1411 Old Forge Dr, Little Rock, AR 72227",1411 Old Forge Dr,Little Rock,AR,,forRent,4,1990,,1900,104,https://www.zillow.com/homedetails/1411-Old-Forge-Dr-Little-Rock-AR-72227/336714_zpid/,,242000,2026-06-11T00:00:00.000Z,Listed for rent,2022-07-28T00:00:00.000Z,Listing removed,2022-07-07T00:00:00.000Z,Listed for rent,2021-10-20T00:00:00.000Z,Sold,2021-09-17T00:00:00.000Z,Listed for sale,2014-02-26T00:00:00.000Z,Sold
"14815 Parkway Meadows Dr, Alexander, AR 72002",14815 Parkway Meadows Dr,Alexander,AR,,forRent,3,1243,,1495,25,https://www.zillow.com/homedetails/14815-Parkway-Meadows-Dr-Alexander-AR-72002/114165875_zpid/,,187500,2026-09-14T00:00:00.000Z,Price change,2026-08-29T00:00:00.000Z,Listed for rent,2025-08-21T00:00:00.000Z,Listing removed,2025-08-07T00:00:00.000Z,Price change,2025-07-31T00:00:00.000Z,Price change,2025-07-24T00:00:00.000Z,Listed for rent
"418 S Main, Benton, AR 72015",418 S Main,Benton,AR,,forRent,3,1096,,1300,37,https://www.zillow.com/homedetails/418-S-Main-Benton-AR-72015/71708118_zpid/,,99500,2026-09-08T00:00:00.000Z,Listed for rent,2026-09-01T00:00:00.000Z,Listing removed,2026-08-17T00:00:00.000Z,Listed for rent,2018-08-10T00:00:00.000Z,Sold,2018-06-20T00:00:00.000Z,Sold,2018-04-03T00:00:00.000Z,Listed for sale
"2912 Dorset Dr, Little Rock, AR 72204",2912 Dorset Dr,Little Rock,AR,,forRent,4,1640,,1575,48,https://www.zillow.com/homedetails/2912-Dorset-Dr-Little-Rock-AR-72204/353562_zpid/,,250000,2026-08-06T00:00:00.000Z,Listed for rent,2019-02-22T00:00:00.000Z,Listing removed,2019-01-08T00:00:00.000Z,Listed for rent,2015-10-02T00:00:00.000Z,Sold,2014-01-02T00:00:00.000Z,Sold,2013-10-18T00:00:00.000Z,Price change
"1219 N Parker Haskell St, Benton, AR 72015",1219 N Parker Haskell St,Benton,AR,,forRent,3,1680,,1400,7,https://www.zillow.com/homedetails/1219-N-Parker-Haskell-St-Benton-AR-72015/392830_zpid/,,35564,2026-08-31T00:00:00.000Z,Price change,2026-08-06T00:00:00.000Z,Price change,2026-07-09T00:00:00.000Z,Listed for rent,2025-12-12T00:00:00.000Z,Listing removed,2025-11-20T00:00:00.000Z,Listed for rent,2025-05-09T00:00:00.000Z,Listing removed
"307 S 4th St, Benton, AR 72015",307 S 4th St,Benton,AR,,forRent,3,1051,,1550,24,https://www.zillow.com/homedetails/307-S-4th-St-Benton-AR-72015/386521_zpid/,,161000,2026-09-21T00:00:00.000Z,Price change,2026-08-31T00:00:00.000Z,Listed for rent,2025-05-30T00:00:00.000Z,Listing removed,2025-05-20T00:00:00.000Z,Sold,2025-05-20T00:00:00.000Z,Listed for rent,2025-04-19T00:00:00.000Z,Contingent
"1418 Division St, North Little Rock, AR 72114",1418 Division St,North Little Rock,AR,,forRent,4,1342,,1122,34,https://www.zillow.com/homedetails/1418-Division-St-North-Little-Rock-AR-72114/304371_zpid/,,29000,2026-09-17T00:00:00.000Z,Price change,2026-09-15T00:00:00.000Z,Price change,2026-09-13T00:00:00.000Z,Price change,2026-08-28T00:00:00.000Z,Price change,2026-08-25T00:00:00.000Z,Price change,2026-08-22T00:00:00.000Z,Price change
"500 Hill St, Jacksonville, AR 72076",500 Hill St,Jacksonville,AR,,forRent,3,1228,,1145,36,https://www.zillow.com/homedetails/500-Hill-St-Jacksonville-AR-72076/263576_zpid/,,375000,2026-08-18T00:00:00.000Z,Listed for rent,2025-04-24T00:00:00.000Z,Listing removed,2025-04-02T00:00:00.000Z,Listed for rent,2023-03-14T00:00:00.000Z,Listing removed,2023-03-09T00:00:00.000Z,Listed for rent,2014-01-13T00:00:00.000Z,Sold
"154 Roman Heights Ave, Alexander, AR 72002",154 Roman Heights Ave,Alexander,AR,,forRent,,,,,,https://www.zillow.com/b/154-roman-heights-ave-alexander-ar-Cdzchh/,,,,,,,,,,,,,,
"7910 Burnelle Dr, Little Rock, AR 72209",7910 Burnelle Dr,Little Rock,AR,,forRent,4,1250,,1800,49,https://www.zillow.com/homedetails/7910-Burnelle-Dr-Little-Rock-AR-72209/359397_zpid/,,50000,2026-08-05T00:00:00.000Z,Listed for rent,2020-10-29T00:00:00.000Z,Sold,2018-03-27T00:00:00.000Z,Sold,2015-12-21T00:00:00.000Z,Sold,2015-01-29T00:00:00.000Z,Sold,2005-05-10T00:00:00.000Z,Sold
"219 Copper Way, Little Rock, AR 72223",219 Copper Way,Little Rock,AR,,forRent,4,2420,,2999,63,https://www.zillow.com/homedetails/219-Copper-Way-Little-Rock-AR-72223/2062574264_zpid/,,470000,2026-08-21T00:00:00.000Z,Price change,2026-08-03T00:00:00.000Z,Price change,2026-07-22T00:00:00.000Z,Listed for rent,2023-05-31T00:00:00.000Z,Sold,2023-04-07T00:00:00.000Z,Contingent,2023-03-09T00:00:00.000Z,Listed for sale
"3405 Malloy St, Little Rock, AR 72204",3405 Malloy St,Little Rock,AR,,forRent,3,1143,,1150,139,https://www.zillow.com/homedetails/3405-Malloy-St-Little-Rock-AR-72204/352890_zpid/,,76000,2026-08-06T00:00:00.000Z,Price change,2026-05-07T00:00:00.000Z,Listed for rent,2024-11-23T00:00:00.000Z,Listing removed,2024-11-04T00:00:00.000Z,Listed for rent,2024-10-26T00:00:00.000Z,Listing removed,2024-02-07T00:00:00.000Z,Listed for rent
"1300 Adams St, Little Rock, AR 72204",1300 Adams St,Little Rock,AR,,forRent,3,1233,,1325,20,https://www.zillow.com/homedetails/1300-Adams-St-Little-Rock-AR-72204/35734059_zpid/,,,2026-09-03T00:00:00.000Z,Listed for rent,2025-08-29T00:00:00.000Z,Listing removed,2025-08-05T00:00:00.000Z,Price change,2025-07-20T00:00:00.000Z,Price change,2025-07-14T00:00:00.000Z,Price change,2025-07-02T00:00:00.000Z,Listed for rent
"918 Cedar Haskell St, Haskell, AR 72015",918 Cedar Haskell St,Haskell,AR,,forRent,3,1088,,1150,35,https://www.zillow.com/homedetails/918-Cedar-Haskell-St-Haskell-AR-72015/61187359_zpid/,,,2026-07-13T00:00:00.000Z,Listed for rent,,,,,,,,,,
"34 Woodhaven Dr, Cabot, AR 72023",34 Woodhaven Dr,Cabot,AR,,forRent,3,1305,,1550,47,https://www.zillow.com/homedetails/34-Woodhaven-Dr-Cabot-AR-72023/338206710_zpid/,,165000,2026-09-19T00:00:00.000Z,Price change,2026-09-12T00:00:00.000Z,Price change,2026-08-07T00:00:00.000Z,Listed for rent,2025-04-03T00:00:00.000Z,Listing removed,2025-03-15T00:00:00.000Z,Price change,2025-02-13T00:00:00.000Z,Price change
"5845 Heritage Heights Dr, Benton, AR 72019",5845 Heritage Heights Dr,Benton,AR,,forRent,4,1725,,1700,37,https://www.zillow.com/homedetails/5845-Heritage-Heights-Dr-Benton-AR-72019/440162513_zpid/,,,2026-09-21T00:00:00.000Z,Price change,2026-08-17T00:00:00.000Z,Listed for rent,2024-09-13T00:00:00.000Z,Listing removed,2024-09-10T00:00:00.000Z,Listed for rent,,,,
"38 Robinson St, Cabot, AR 72023",38 Robinson St,Cabot,AR,,forRent,4,1848,,1550,13,https://www.zillow.com/homedetails/38-Robinson-St-Cabot-AR-72023/256100_zpid/,,208000,2026-09-10T00:00:00.000Z,Listed for rent,2025-01-09T00:00:00.000Z,Sold,2024-10-05T00:00:00.000Z,Listing removed,2024-08-06T00:00:00.000Z,Listed for rent,2024-07-29T00:00:00.000Z,Sold,2023-12-20T00:00:00.000Z,Sold
"8 Barbara Dr, Little Rock, AR 72204",8 Barbara Dr,Little Rock,AR,,forRent,3,1030,,945,36,https://www.zillow.com/homedetails/8-Barbara-Dr-Little-Rock-AR-72204/350916_zpid/,,75333,2026-09-22T00:00:00.000Z,Price change,2026-09-03T00:00:00.000Z,Price change,2026-08-18T00:00:00.000Z,Listed for rent,2023-07-20T00:00:00.000Z,Listing removed,2023-07-12T00:00:00.000Z,Listed for rent,2023-02-21T00:00:00.000Z,Listing removed
"26 Alexis Dr, Cabot, AR 72023",26 Alexis Dr,Cabot,AR,,forRent,3,1288,,1425,21,https://www.zillow.com/homedetails/26-Alexis-Dr-Cabot-AR-72023/255240_zpid/,,152900,2026-08-11T00:00:00.000Z,Price change,2026-07-29T00:00:00.000Z,Price change,2026-07-14T00:00:00.000Z,Listed for rent,2023-05-31T00:00:00.000Z,Listing removed,2023-05-17T00:00:00.000Z,Listed for rent,2023-03-10T00:00:00.000Z,Sold
"2714 Gage Dr, Benton, AR 72019",2714 Gage Dr,Benton,AR,,forRent,3,1303,,1500,23,https://www.zillow.com/homedetails/2714-Gage-Dr-Benton-AR-72019/92431557_zpid/,,122580,2026-08-31T00:00:00.000Z,Listed for rent,2022-03-04T00:00:00.000Z,Sold,2018-05-12T00:00:00.000Z,Listing removed,2018-04-07T00:00:00.000Z,Listed for rent,2018-02-11T00:00:00.000Z,Listing removed,2018-01-21T00:00:00.000Z,Price change
"190 Pike Ave, Jacksonville, AR 72076",190 Pike Ave,Jacksonville,AR,,forRent,4,1223,,1525,53,https://www.zillow.com/homedetails/190-Pike-Ave-Jacksonville-AR-72076/266479_zpid/,,910000,2026-09-02T00:00:00.000Z,Price change,2026-08-26T00:00:00.000Z,Price change,2026-08-01T00:00:00.000Z,Listed for rent,2012-04-12T00:00:00.000Z,Sold,2000-08-11T00:00:00.000Z,Sold,1997-11-18T00:00:00.000Z,Sold
"5 Westbrook Cv, Little Rock, AR 72205",5 Westbrook Cv,Little Rock,AR,,forRent,3,1650,,1600,15,https://www.zillow.com/homedetails/5-Westbrook-Cv-Little-Rock-AR-72205/345424_zpid/,,345000,2026-09-08T00:00:00.000Z,Listed for rent,2015-09-18T00:00:00.000Z,Sold,2012-11-28T00:00:00.000Z,Sold,2012-09-13T00:00:00.000Z,Listed for sale,1999-02-03T00:00:00.000Z,Sold,,
"6099 Meridian Dr, Alexander, AR 72002",6099 Meridian Dr,Alexander,AR,,forRent,4,1824,,2195,13,https://www.zillow.com/homedetails/6099-Meridian-Dr-Alexander-AR-72002/456178536_zpid/,,,2026-09-10T00:00:00.000Z,Listed for rent,2026-01-22T00:00:00.000Z,Listing removed,2025-12-23T00:00:00.000Z,Listed for rent,2025-11-27T00:00:00.000Z,Listing removed,2025-08-22T00:00:00.000Z,Listed for sale,,
"43 Meadowlark Dr, Cabot, AR 72023",43 Meadowlark Dr,Cabot,AR,,forRent,4,1248,,1450,50,https://www.zillow.com/homedetails/43-Meadowlark-Dr-Cabot-AR-72023/255202_zpid/,,135000,2026-09-19T00:00:00.000Z,Price change,2026-09-12T00:00:00.000Z,Price change,2026-09-04T00:00:00.000Z,Price change,2026-08-29T00:00:00.000Z,Price change,2026-06-25T00:00:00.000Z,Listed for rent,2020-10-05T00:00:00.000Z,Sold
"1510 Bennett, Benton, AR 72015",1510 Bennett,Benton,AR,,forRent,3,1312,,1450,1,https://www.zillow.com/homedetails/1510-Bennett-Benton-AR-72015/52934431_zpid/,,,2026-09-22T00:00:00.000Z,Listed for rent,,,,,,,,,,
"1709 Durwood St, Benton, AR 72015",1709 Durwood St,Benton,AR,,forRent,3,1281,,1545,1,https://www.zillow.com/homedetails/1709-Durwood-St-Benton-AR-72015/382073_zpid/,,7000,2026-09-22T00:00:00.000Z,Listed for rent,1996-01-02T00:00:00.000Z,Sold,,,,,,,,
"129 Saunders Dr, North Little Rock, AR 72117",129 Saunders Dr,North Little Rock,AR,,forRent,3,1025,,890,28,https://www.zillow.com/homedetails/129-Saunders-Dr-North-Little-Rock-AR-72117/283578_zpid/,,42500,2026-08-26T00:00:00.000Z,Listed for rent,2025-09-15T00:00:00.000Z,Listing removed,2025-09-02T00:00:00.000Z,Price change,2025-08-27T00:00:00.000Z,Price change,2025-06-30T00:00:00.000Z,Listed for rent,2020-10-07T00:00:00.000Z,Sold
"19 Portsmouth Dr, Little Rock, AR 72209",19 Portsmouth Dr,Little Rock,AR,,forRent,3,864,,945,28,https://www.zillow.com/homedetails/19-Portsmouth-Dr-Little-Rock-AR-72209/321296_zpid/,,55000,2026-08-26T00:00:00.000Z,Listed for rent,2022-07-22T00:00:00.000Z,Listing removed,2022-07-01T00:00:00.000Z,Listed for rent,2022-04-29T00:00:00.000Z,Sold,2022-04-15T00:00:00.000Z,Contingent,2022-04-08T00:00:00.000Z,Listed for sale
"3123 Lori Lake Rd, Benton, AR 72019",3123 Lori Lake Rd,Benton,AR,,forRent,3,1280,,1000,202,https://www.zillow.com/homedetails/3123-Lori-Lake-Rd-Benton-AR-72019/453026788_zpid/,,,2025-06-07T00:00:00.000Z,Listed for rent,,,,,,,,,,
"2615 Stivers Blvd, Bryant, AR 72022",2615 Stivers Blvd,Bryant,AR,,forRent,3,1736,,1700,11,https://www.zillow.com/homedetails/2615-Stivers-Blvd-Bryant-AR-72022/391919_zpid/,,190000,2026-09-16T00:00:00.000Z,Price change,2026-09-12T00:00:00.000Z,Listed for rent,2025-04-04T00:00:00.000Z,Sold,2025-03-05T00:00:00.000Z,Contingent,2025-03-01T00:00:00.000Z,Listed for sale,2022-06-13T00:00:00.000Z,Listing removed
"73 Tournay Cir, Little Rock, AR 72223",73 Tournay Cir,Little Rock,AR,,forRent,5,3180,,3800,63,https://www.zillow.com/homedetails/73-Tournay-Cir-Little-Rock-AR-72223/122006933_zpid/,,639200,2026-09-03T00:00:00.000Z,Price change,2026-08-12T00:00:00.000Z,Price change,2026-07-22T00:00:00.000Z,Listed for rent,2023-05-08T00:00:00.000Z,Sold,2021-01-15T00:00:00.000Z,Listing removed,2018-05-24T00:00:00.000Z,Listed for sale
"27 Emerald Cir, Cabot, AR 72023",27 Emerald Cir,Cabot,AR,,forRent,3,1688,,1700,11,https://www.zillow.com/homedetails/27-Emerald-Cir-Cabot-AR-72023/254457_zpid/,,400000,2026-09-12T00:00:00.000Z,Listed for rent,2026-07-24T00:00:00.000Z,Listing removed,2026-07-22T00:00:00.000Z,Listed for rent,2026-07-10T00:00:00.000Z,Listing removed,2026-07-01T00:00:00.000Z,Listed for rent,2025-07-17T00:00:00.000Z,Listing removed
"4409 Olympic Dr, Benton, AR 72019",4409 Olympic Dr,Benton,AR,,forRent,4,1566,,1600,2,https://www.zillow.com/homedetails/4409-Olympic-Dr-Benton-AR-72019/446361230_zpid/,,182600,2026-09-21T00:00:00.000Z,Listed for rent,2024-07-09T00:00:00.000Z,Listing removed,2024-06-13T00:00:00.000Z,Listed for rent,2021-04-21T00:00:00.000Z,Sold,,,,
"2301 W 17th St, Little Rock, AR 72202",2301 W 17th St,Little Rock,AR,,forRent,3,1732,,1150,97,https://www.zillow.com/homedetails/2301-W-17th-St-Little-Rock-AR-72202/314924_zpid/,,80830,2026-09-09T00:00:00.000Z,Price change,2026-06-18T00:00:00.000Z,Listed for rent,2025-06-20T00:00:00.000Z,Listing removed,2025-06-04T00:00:00.000Z,Listed for rent,2023-03-02T00:00:00.000Z,Listing removed,2023-02-18T00:00:00.000Z,Listed for rent
"106 Jo Park Ln, Maumelle, AR 72113",106 Jo Park Ln,Maumelle,AR,,forRent,4,1640,,2000,48,https://www.zillow.com/homedetails/106-Jo-Park-Ln-Maumelle-AR-72113/2056841941_zpid/,,,2026-08-06T00:00:00.000Z,Listed for rent,2023-10-04T00:00:00.000Z,Listing removed,2023-10-03T00:00:00.000Z,Listed for rent,2023-10-03T00:00:00.000Z,Listing removed,2023-06-29T00:00:00.000Z,Listed for rent,,
"21 Willard St, Ward, AR 72176",21 Willard St,Ward,AR,,forRent,3,1301,,1350,40,https://www.zillow.com/homedetails/21-Willard-St-Ward-AR-72176/55151159_zpid/,,165000,2026-09-19T00:00:00.000Z,Price change,2026-08-14T00:00:00.000Z,Listed for rent,2022-08-08T00:00:00.000Z,Sold,2014-12-24T00:00:00.000Z,Listing removed,2014-11-06T00:00:00.000Z,Price change,2014-10-02T00:00:00.000Z,Listed for rent
"1812 S Woodrow St, Little Rock, AR 72204",1812 S Woodrow St,Little Rock,AR,,forRent,4,1223,,1595,65,https://www.zillow.com/homedetails/1812-S-Woodrow-St-Little-Rock-AR-72204/99428741_zpid/,,6500,2026-09-23T00:00:00.000Z,Price change,2026-08-28T00:00:00.000Z,Price change,2026-08-19T00:00:00.000Z,Price change,2026-07-20T00:00:00.000Z,Listed for rent,2025-10-21T00:00:00.000Z,Sold,2018-05-03T00:00:00.000Z,Sold
"2906 Pamela, Benton, AR 72015",2906 Pamela,Benton,AR,,forRent,3,1372,,1495,29,https://www.zillow.com/homedetails/2906-Pamela-Benton-AR-72015/385308_zpid/,,,2026-08-25T00:00:00.000Z,Listed for rent,2025-08-04T00:00:00.000Z,Listing removed,2025-07-29T00:00:00.000Z,Price change,2025-07-08T00:00:00.000Z,Price change,2025-03-05T00:00:00.000Z,Listed for rent,2025-02-27T00:00:00.000Z,Listing removed
"605 Valley Vista Dr, Benton, AR 72019",605 Valley Vista Dr,Benton,AR,,forRent,4,1942,,1875,78,https://www.zillow.com/homedetails/605-Valley-Vista-Dr-Benton-AR-72019/387089_zpid/,,,2026-07-07T00:00:00.000Z,Listed for rent,,,,,,,,,,
"4903 Natalie Dr, Bryant, AR 72022",4903 Natalie Dr,Bryant,AR,,forRent,4,1990,,1860,30,https://www.zillow.com/homedetails/4903-Natalie-Dr-Bryant-AR-72022/82281136_zpid/,,38000,2026-08-24T00:00:00.000Z,Listed for rent,2007-08-22T00:00:00.000Z,Sold,,,,,,,,
"1620 Rambling Brook Dr, Benton, AR 72015",1620 Rambling Brook Dr,Benton,AR,,forRent,3,1355,,1850,13,https://www.zillow.com/homedetails/1620-Rambling-Brook-Dr-Benton-AR-72015/463057732_zpid/,,206900,2026-09-10T00:00:00.000Z,Listed for rent,2026-08-28T00:00:00.000Z,Sold,2026-08-05T00:00:00.000Z,Contingent,2026-07-20T00:00:00.000Z,Price change,2026-07-09T00:00:00.000Z,Price change,2026-06-09T00:00:00.000Z,Listed for sale
"16 Short Leaf Ln, Little Rock, AR 72223",16 Short Leaf Ln,Little Rock,AR,,forRent,3,1900,,2600,28,https://www.zillow.com/homedetails/16-Short-Leaf-Ln-Little-Rock-AR-72223/338321597_zpid/,,,2026-08-26T00:00:00.000Z,Listed for rent,2023-07-08T00:00:00.000Z,Listing removed,2023-06-19T00:00:00.000Z,Price change,2023-06-13T00:00:00.000Z,Listed for rent,,,,
"203 Logan Dr, Maumelle, AR 72113",203 Logan Dr,Maumelle,AR,,forRent,3,1472,,1835,54,https://www.zillow.com/homedetails/203-Logan-Dr-Maumelle-AR-72113/2057186362_zpid/,,,2026-08-05T00:00:00.000Z,Price change,2026-07-31T00:00:00.000Z,Listed for rent,2024-08-27T00:00:00.000Z,Listing removed,2024-08-01T00:00:00.000Z,Listed for rent,2023-06-19T00:00:00.000Z,Listing removed,2023-06-10T00:00:00.000Z,Listed for rent
"918 W 23rd St, North Little Rock, AR 72114",918 W 23rd St,North Little Rock,AR,,forRent,4,1223,,1550,49,https://www.zillow.com/homedetails/918-W-23rd-St-North-Little-Rock-AR-72114/302951_zpid/,,5500,2026-09-03T00:00:00.000Z,Price change,2026-08-05T00:00:00.000Z,Listed for rent,2025-07-30T00:00:00.000Z,Sold,2015-01-09T00:00:00.000Z,Sold,2008-02-14T00:00:00.000Z,Sold,2000-04-19T00:00:00.000Z,Sold
"6316 Warwick Dr, Alexander, AR 72002",6316 Warwick Dr,Alexander,AR,,forRent,4,1884,,2300,54,https://www.zillow.com/homedetails/6316-Warwick-Dr-Alexander-AR-72002/461049113_zpid/,,277000,2026-09-18T00:00:00.000Z,Price change,2026-07-31T00:00:00.000Z,Listed for rent,2026-06-29T00:00:00.000Z,Sold,2026-05-29T00:00:00.000Z,Contingent,2026-05-29T00:00:00.000Z,Price change,2026-03-14T00:00:00.000Z,Listed for sale
"3101 W 11th St, Little Rock, AR 72204",3101 W 11th St,Little Rock,AR,,forRent,4,1223,,1595,43,https://www.zillow.com/homedetails/3101-W-11th-St-Little-Rock-AR-72204/309914_zpid/,,300,2026-09-23T00:00:00.000Z,Price change,2026-09-03T00:00:00.000Z,Price change,2026-08-11T00:00:00.000Z,Listed for rent,2019-03-20T00:00:00.000Z,Listing removed,2016-11-22T00:00:00.000Z,Listed for sale,2016-05-13T00:00:00.000Z,Listing removed
"1519 Mulberry Salem Rd, Benton, AR 72019",1519 Mulberry Salem Rd,Benton,AR,,forRent,3,1712,,1700,22,https://www.zillow.com/homedetails/1519-Mulberry-Salem-Rd-Benton-AR-72019/376849_zpid/,,340000,2026-09-05T00:00:00.000Z,Listed for rent,2026-02-25T00:00:00.000Z,Listing removed,2026-02-19T00:00:00.000Z,Listed for rent,2025-11-07T00:00:00.000Z,Sold,2024-09-15T00:00:00.000Z,Listing removed,2024-06-17T00:00:00.000Z,Listed for sale
"2225 Redwood, Benton, AR 72015",2225 Redwood,Benton,AR,,forRent,3,1758,,1800,114,https://www.zillow.com/homedetails/2225-Redwood-Benton-AR-72015/52934068_zpid/,,132000,2026-09-03T00:00:00.000Z,Price change,2026-08-17T00:00:00.000Z,Price change,2026-07-13T00:00:00.000Z,Price change,2026-06-01T00:00:00.000Z,Listed for rent,2025-05-31T00:00:00.000Z,Listing removed,2025-05-17T00:00:00.000Z,Listed for rent
"300 Jefferson St, Benton, AR 72015",300 Jefferson St,Benton,AR,,forRent,3,1300,,1500,4,https://www.zillow.com/homedetails/300-Jefferson-St-Benton-AR-72015/114167718_zpid/,,,2026-09-19T00:00:00.000Z,Listed for rent,,,,,,,,,,
"1602 Harmon Dr, Benton, AR 72015",1602 Harmon Dr,Benton,AR,,forRent,4,1881,,1595,5,https://www.zillow.com/homedetails/1602-Harmon-Dr-Benton-AR-72015/384937_zpid/,,100000,2026-09-18T00:00:00.000Z,Listed for rent,2025-09-12T00:00:00.000Z,Listing removed,2025-06-03T00:00:00.000Z,Listed for rent,2025-05-27T00:00:00.000Z,Listing removed,2025-05-22T00:00:00.000Z,Listed for sale,2025-05-13T00:00:00.000Z,Sold
"211 Rodney Guthrie Dr, Cabot, AR 72023",211 Rodney Guthrie Dr,Cabot,AR,,forRent,3,1268,,1345,48,https://www.zillow.com/homedetails/211-Rodney-Guthrie-Dr-Cabot-AR-72023/256835_zpid/,,155000,2026-08-06T00:00:00.000Z,Listed for rent,2025-09-22T00:00:00.000Z,Listing removed,2025-08-26T00:00:00.000Z,Price change,2025-07-29T00:00:00.000Z,Listed for rent,2023-07-27T00:00:00.000Z,Listing removed,2023-07-06T00:00:00.000Z,Listed for rent
"35 G St, Cabot, AR 72023",35 G St,Cabot,AR,,forRent,3,1849,,1825,77,https://www.zillow.com/homedetails/35-G-St-Cabot-AR-72023/254255_zpid/,,230000,2026-07-25T00:00:00.000Z,Price change,2026-07-09T00:00:00.000Z,Price change,2026-05-03T00:00:00.000Z,Listed for rent,2025-05-25T00:00:00.000Z,Listing removed,2025-05-14T00:00:00.000Z,Price change,2025-05-01T00:00:00.000Z,Listed for rent
"1600 Grove Hill Rd, North Little Rock, AR 72116",1600 Grove Hill Rd,North Little Rock,AR,,forRent,3,1814,,1695,72,https://www.zillow.com/homedetails/1600-Grove-Hill-Rd-North-Little-Rock-AR-72116/295537_zpid/,,135000,2026-09-23T00:00:00.000Z,Price change,2026-09-10T00:00:00.000Z,Price change,2026-08-14T00:00:00.000Z,Price change,2026-07-13T00:00:00.000Z,Listed for rent,2025-07-01T00:00:00.000Z,Listing removed,2025-05-22T00:00:00.000Z,Listed for rent
"3264 Sidell Rd, Benton, AR 72015",3264 Sidell Rd,Benton,AR,,forRent,4,1652,,1795,5,https://www.zillow.com/homedetails/3264-Sidell-Rd-Benton-AR-72015/465427229_zpid/,,,2026-09-18T00:00:00.000Z,Listed for rent,,,,,,,,,,
"2925 Gillis Dr, Benton, AR 72015",2925 Gillis Dr,Benton,AR,,forRent,4,2021,,2350,16,https://www.zillow.com/homedetails/2925-Gillis-Dr-Benton-AR-72015/2068772088_zpid/,,,2026-09-07T00:00:00.000Z,Listed for rent,2025-02-28T00:00:00.000Z,Listing removed,2025-02-07T00:00:00.000Z,Listed for rent,2021-10-21T00:00:00.000Z,Listing removed,2021-08-19T00:00:00.000Z,Listed for sale,,
"2009 Brown St, Little Rock, AR 72204",2009 Brown St,Little Rock,AR,,forRent,3,910,,1095,32,https://www.zillow.com/homedetails/2009-Brown-St-Little-Rock-AR-72204/314216_zpid/,,0,2026-08-26T00:00:00.000Z,Price change,2026-08-22T00:00:00.000Z,Listed for rent,2025-05-17T00:00:00.000Z,Listing removed,2025-04-17T00:00:00.000Z,Price change,2024-11-18T00:00:00.000Z,Listed for rent,2024-11-07T00:00:00.000Z,Listing removed
"1155 Jackson Rd, Ward, AR 72176",1155 Jackson Rd,Ward,AR,,forRent,3,1280,,1300,13,https://www.zillow.com/homedetails/1155-Jackson-Rd-Ward-AR-72176/99441054_zpid/,,,2026-09-10T00:00:00.000Z,Listed for rent,2026-03-18T00:00:00.000Z,Listing removed,2026-03-13T00:00:00.000Z,Price change,2026-02-24T00:00:00.000Z,Listed for rent,2026-01-12T00:00:00.000Z,Listing removed,2025-11-14T00:00:00.000Z,Price change
"205 Logan Dr, Maumelle, AR 72113",205 Logan Dr,Maumelle,AR,,forRent,3,1472,,1835,68,https://www.zillow.com/homedetails/205-Logan-Dr-Maumelle-AR-72113/2057186361_zpid/,,,2026-08-05T00:00:00.000Z,Price change,2026-07-17T00:00:00.000Z,Listed for rent,2025-09-04T00:00:00.000Z,Listing removed,2025-09-03T00:00:00.000Z,Listed for rent,2025-09-03T00:00:00.000Z,Listing removed,2025-08-29T00:00:00.000Z,Price change
"37 Saint John St, Cabot, AR 72023",37 Saint John St,Cabot,AR,,forRent,3,1188,,1295,85,https://www.zillow.com/homedetails/37-Saint-John-St-Cabot-AR-72023/253499_zpid/,,81500,2026-09-03T00:00:00.000Z,Price change,2026-03-31T00:00:00.000Z,Listed for rent,2026-03-26T00:00:00.000Z,Sold,2026-03-19T00:00:00.000Z,Contingent,2026-03-14T00:00:00.000Z,Price change,2026-02-27T00:00:00.000Z,Price change
"102 Rosebud Cir, Cabot, AR 72023",102 Rosebud Cir,Cabot,AR,,forRent,3,1277,,1375,54,https://www.zillow.com/homedetails/102-Rosebud-Cir-Cabot-AR-72023/63160774_zpid/,,199000,2026-09-15T00:00:00.000Z,Price change,2026-07-31T00:00:00.000Z,Listed for rent,2024-10-10T00:00:00.000Z,Listing removed,2024-10-09T00:00:00.000Z,Price change,2024-09-26T00:00:00.000Z,Listed for rent,2024-08-23T00:00:00.000Z,Sold
"3509 Terrace Hill Ct, Benton, AR 72019",3509 Terrace Hill Ct,Benton,AR,,forRent,3,1500,,1400,23,https://www.zillow.com/homedetails/3509-Terrace-Hill-Ct-Benton-AR-72019/124735446_zpid/,,122580,2026-09-08T00:00:00.000Z,Price change,2026-08-31T00:00:00.000Z,Listed for rent,2023-07-09T00:00:00.000Z,Listing removed,2023-07-06T00:00:00.000Z,Listed for rent,2022-03-04T00:00:00.000Z,Sold,2014-09-04T00:00:00.000Z,Sold
"5813 Heritage Heights Dr, Benton, AR 72019",5813 Heritage Heights Dr,Benton,AR,,forRent,4,1792,,1695,111,https://www.zillow.com/homedetails/5813-Heritage-Heights-Dr-Benton-AR-72019/71715692_zpid/,,199000,2026-08-27T00:00:00.000Z,Price change,2026-08-12T00:00:00.000Z,Price change,2026-07-29T00:00:00.000Z,Price change,2026-07-15T00:00:00.000Z,Price change,2026-06-04T00:00:00.000Z,Listed for rent,2024-04-06T00:00:00.000Z,Listing removed
"26 Stonewood Dr, Cabot, AR 72023",26 Stonewood Dr,Cabot,AR,,forRent,3,1698,,1900,30,https://www.zillow.com/homedetails/26-Stonewood-Dr-Cabot-AR-72023/55151081_zpid/,,157000,2026-08-24T00:00:00.000Z,Listed for rent,2026-04-27T00:00:00.000Z,Sold,2025-11-06T00:00:00.000Z,Listing removed,2025-10-20T00:00:00.000Z,Price change,2025-09-18T00:00:00.000Z,Listed for sale,2018-02-05T00:00:00.000Z,Listing removed
"117 Logan Dr, Maumelle, AR 72113",117 Logan Dr,Maumelle,AR,,forRent,3,1472,,1835,78,https://www.zillow.com/homedetails/117-Logan-Dr-Maumelle-AR-72113/2057186355_zpid/,,,2026-07-07T00:00:00.000Z,Listed for rent,2023-07-30T00:00:00.000Z,Listing removed,2023-07-29T00:00:00.000Z,Listed for rent,2023-07-29T00:00:00.000Z,Listing removed,2023-06-10T00:00:00.000Z,Listed for rent,,
"125 Old Red Rd, Ward, AR 72176",125 Old Red Rd,Ward,AR,,forRent,3,1280,,1000,20,https://www.zillow.com/homedetails/125-Old-Red-Rd-Ward-AR-72176/99434787_zpid/,,,2026-09-03T00:00:00.000Z,Listed for rent,2026-06-01T00:00:00.000Z,Listing removed,2026-05-19T00:00:00.000Z,Listed for rent,2026-04-20T00:00:00.000Z,Listing removed,2026-03-26T00:00:00.000Z,Listed for rent,2025-10-29T00:00:00.000Z,Listing removed
"1422 Saw Grass Cv, Benton, AR 72019",1422 Saw Grass Cv,Benton,AR,,forRent,3,1400,,1500,2,https://www.zillow.com/homedetails/1422-Saw-Grass-Cv-Benton-AR-72019/82268083_zpid/,,133000,2026-09-21T00:00:00.000Z,Listed for rent,2024-07-17T00:00:00.000Z,Listing removed,2024-06-20T00:00:00.000Z,Listed for rent,2020-11-20T00:00:00.000Z,Sold,2013-06-06T00:00:00.000Z,Sold,2013-04-26T00:00:00.000Z,Pending sale
"1628 Rambling Brook Dr, Benton, AR 72015",1628 Rambling Brook Dr,Benton,AR,,forRent,3,1216,,1850,13,https://www.zillow.com/homedetails/1628-Rambling-Brook-Dr-Benton-AR-72015/463057763_zpid/,,200900,2026-09-10T00:00:00.000Z,Listed for rent,2026-08-28T00:00:00.000Z,Sold,2026-08-05T00:00:00.000Z,Contingent,2026-07-20T00:00:00.000Z,Price change,2026-07-09T00:00:00.000Z,Price change,2026-06-09T00:00:00.000Z,Listed for sale
"308 McCright St, Benton, AR 72015",308 McCright St,Benton,AR,,forRent,3,1850,,1600,2,https://www.zillow.com/homedetails/308-McCright-St-Benton-AR-72015/387313_zpid/,,75000,2026-09-21T00:00:00.000Z,Listed for rent,2025-11-20T00:00:00.000Z,Listing removed,2025-11-07T00:00:00.000Z,Price change,2025-09-16T00:00:00.000Z,Listed for rent,2023-12-21T00:00:00.000Z,Listing removed,2023-12-19T00:00:00.000Z,Listed for rent
"104 Herald Pl, Cabot, AR 72023",104 Herald Pl,Cabot,AR,,forRent,3,1232,,1095,51,https://www.zillow.com/homedetails/104-Herald-Pl-Cabot-AR-72023/252206_zpid/,,155000,2026-08-03T00:00:00.000Z,Listed for rent,2024-11-23T00:00:00.000Z,Listing removed,2024-11-14T00:00:00.000Z,Listed for rent,2023-12-28T00:00:00.000Z,Listing removed,2023-11-10T00:00:00.000Z,Price change,2023-10-18T00:00:00.000Z,Listed for rent
"22 Kirkland St, Ward, AR 72176",22 Kirkland St,Ward,AR,,forRent,3,1185,,1350,22,https://www.zillow.com/homedetails/22-Kirkland-St-Ward-AR-72176/261280_zpid/,,84000,2026-07-15T00:00:00.000Z,Listed for rent,2026-06-16T00:00:00.000Z,Sold,2026-06-14T00:00:00.000Z,Contingent,2026-06-02T00:00:00.000Z,Price change,2026-05-28T00:00:00.000Z,Listed for sale,2014-10-30T00:00:00.000Z,Sold
"3908 American Manor Dr, Little Rock, AR 72209",3908 American Manor Dr,Little Rock,AR,,forRent,3,1343,,1295,14,https://www.zillow.com/homedetails/3908-American-Manor-Dr-Little-Rock-AR-72209/322152_zpid/,,195000,2026-09-09T00:00:00.000Z,Listed for rent,2026-02-13T00:00:00.000Z,Listing removed,2025-10-02T00:00:00.000Z,Listed for rent,2014-01-31T00:00:00.000Z,Sold,,,,
"1318 W 13th St, Little Rock, AR 72202",1318 W 13th St,Little Rock,AR,,forRent,3,1045,,895,12,https://www.zillow.com/homedetails/1318-W-13th-St-Little-Rock-AR-72202/2087471919_zpid/,,,2026-09-11T00:00:00.000Z,Listed for rent,2025-06-20T00:00:00.000Z,Listing removed,2025-06-04T00:00:00.000Z,Price change,2025-05-23T00:00:00.000Z,Listed for rent,2025-05-21T00:00:00.000Z,Listing removed,2025-04-16T00:00:00.000Z,Price change
"141 Minnesota Cir, Jacksonville, AR 72076",141 Minnesota Cir,Jacksonville,AR,,forRent,4,2151,,1959,41,https://www.zillow.com/homedetails/141-Minnesota-Cir-Jacksonville-AR-72076/464514120_zpid/,,,2026-08-13T00:00:00.000Z,Listed for rent,,,,,,,,,,
"13808 Cherry Hill Dr, Alexander, AR 72002",13808 Cherry Hill Dr,Alexander,AR,,forRent,3,1247,,1550,6,https://www.zillow.com/homedetails/13808-Cherry-Hill-Dr-Alexander-AR-72002/49814136_zpid/,,91000,2026-09-17T00:00:00.000Z,Listed for rent,2008-05-22T00:00:00.000Z,Sold,2007-01-05T00:00:00.000Z,Sold,,,,,,
"1105 River Oaks Dr, Benton, AR 72019",1105 River Oaks Dr,Benton,AR,,forRent,4,2350,,2600,50,https://www.zillow.com/homedetails/1105-River-Oaks-Dr-Benton-AR-72019/453260567_zpid/,,,2026-08-04T00:00:00.000Z,Listed for rent,2025-07-28T00:00:00.000Z,Listing removed,2025-07-04T00:00:00.000Z,Price change,2025-06-21T00:00:00.000Z,Price change,2025-06-12T00:00:00.000Z,Listed for rent,,
"6634 Hollywood Ave, Benton, AR 72019",6634 Hollywood Ave,Benton,AR,,forRent,3,1051,,1195,15,https://www.zillow.com/homedetails/6634-Hollywood-Ave-Benton-AR-72019/459936342_zpid/,,,2026-09-09T00:00:00.000Z,Listed for rent,2026-08-14T00:00:00.000Z,Listing removed,2026-06-25T00:00:00.000Z,Price change,2026-06-17T00:00:00.000Z,Price change,2026-06-08T00:00:00.000Z,Price change,2026-05-28T00:00:00.000Z,Price change
"1021 Circle Dr, Benton, AR 72015",1021 Circle Dr,Benton,AR,,forRent,3,1256,,1350,3,https://www.zillow.com/homedetails/1021-Circle-Dr-Benton-AR-72015/386718_zpid/,,50000,2026-09-20T00:00:00.000Z,Listed for rent,2023-03-06T00:00:00.000Z,Listing removed,2023-02-25T00:00:00.000Z,Listed for rent,2020-07-30T00:00:00.000Z,Sold,,,,
"911 James Madison Dr, Benton, AR 72019",911 James Madison Dr,Benton,AR,,forRent,3,2014,,1700,7,https://www.zillow.com/homedetails/911-James-Madison-Dr-Benton-AR-72019/82278084_zpid/,,175000,2026-09-16T00:00:00.000Z,Listed for rent,2024-07-26T00:00:00.000Z,Sold,2021-07-01T00:00:00.000Z,Sold,2014-03-12T00:00:00.000Z,Sold,,,,
"153 Harwill, Hensley, AR 72065",153 Harwill,Hensley,AR,,forRent,4,2359,,2500,44,https://www.zillow.com/homedetails/153-Harwill-Hensley-AR-72065/2082362397_zpid/,,,2026-08-10T00:00:00.000Z,Listed for rent,2025-08-04T00:00:00.000Z,Listing removed,2025-07-01T00:00:00.000Z,Listed for rent,2025-06-30T00:00:00.000Z,Listing removed,2025-06-09T00:00:00.000Z,Listed for rent,2019-11-13T00:00:00.000Z,Listing removed
"12805 Bell Flower Dr, North Little Rock, AR 72117",12805 Bell Flower Dr,North Little Rock,AR,,forRent,3,1264,,1545,44,https://www.zillow.com/homedetails/12805-Bell-Flower-Dr-North-Little-Rock-AR-72117/122005743_zpid/,,160000,2026-09-17T00:00:00.000Z,Price change,2026-09-02T00:00:00.000Z,Price change,2026-08-11T00:00:00.000Z,Listed for rent,2024-05-26T00:00:00.000Z,Listing removed,2024-05-15T00:00:00.000Z,Price change,2024-05-09T00:00:00.000Z,Price change
"351 Meadow Creek Dr, Haskell, AR 72015",351 Meadow Creek Dr,Haskell,AR,,forRent,3,1625,,1650,47,https://www.zillow.com/homedetails/351-Meadow-Creek-Dr-Haskell-AR-72015/92428597_zpid/,,139900,2026-08-07T00:00:00.000Z,Listed for rent,2024-09-13T00:00:00.000Z,Listing removed,2024-07-17T00:00:00.000Z,Listed for rent,2022-10-26T00:00:00.000Z,Listing removed,2022-10-15T00:00:00.000Z,Price change,2022-10-04T00:00:00.000Z,Price change
"4825 Coronell Way, Bryant, AR 72022",4825 Coronell Way,Bryant,AR,,forRent,4,2060,,3050,37,https://www.zillow.com/homedetails/4825-Coronell-Way-Bryant-AR-72022/453104565_zpid/,,,2026-07-13T00:00:00.000Z,Listed for rent,,,,,,,,,,
"2933 Gillis Dr, Benton, AR 72015",2933 Gillis Dr,Benton,AR,,forRent,5,2500,,2500,16,https://www.zillow.com/homedetails/2933-Gillis-Dr-Benton-AR-72015/443098023_zpid/,,,2026-09-07T00:00:00.000Z,Listed for rent,2025-02-28T00:00:00.000Z,Listing removed,2025-02-18T00:00:00.000Z,Listed for rent,,,,,,
"13900 Ridgecrest Dr, Alexander, AR 72002",13900 Ridgecrest Dr,Alexander,AR,,forRent,3,1088,,1595,29,https://www.zillow.com/homedetails/13900-Ridgecrest-Dr-Alexander-AR-72002/49814165_zpid/,,100000,2026-08-31T00:00:00.000Z,Sold,2026-08-25T00:00:00.000Z,Listed for rent,,,,,,,,
"5017 Windflower Cv, Alexander, AR 72002",5017 Windflower Cv,Alexander,AR,,forRent,4,1470,,1800,13,https://www.zillow.com/homedetails/5017-Windflower-Cv-Alexander-AR-72002/346557333_zpid/,,220375,2026-09-10T00:00:00.000Z,Listed for rent,2024-07-08T00:00:00.000Z,Listing removed,2024-07-01T00:00:00.000Z,Listed for rent,2024-06-28T00:00:00.000Z,Sold,2024-06-13T00:00:00.000Z,Contingent,2024-03-30T00:00:00.000Z,Listed for sale
"1116 Kenwood Cv, Bryant, AR 72022",1116 Kenwood Cv,Bryant,AR,,forRent,4,1931,,2100,34,https://www.zillow.com/homedetails/1116-Kenwood-Cv-Bryant-AR-72022/52934559_zpid/,,120000,2026-08-20T00:00:00.000Z,Listed for rent,2025-07-26T00:00:00.000Z,Listing removed,2025-07-22T00:00:00.000Z,Listed for rent,2024-01-18T00:00:00.000Z,Listing removed,2023-10-26T00:00:00.000Z,Listed for rent,2022-06-08T00:00:00.000Z,Listing removed
"3369 Garden Club Dr, Benton, AR 72022",3369 Garden Club Dr,Benton,AR,,forRent,3,1305,,1700,10,https://www.zillow.com/homedetails/3369-Garden-Club-Dr-Benton-AR-72022/118174164_zpid/,,172500,2026-09-14T00:00:00.000Z,Listed for rent,2025-06-21T00:00:00.000Z,Listing removed,2025-05-20T00:00:00.000Z,Listed for rent,2025-02-04T00:00:00.000Z,Listing removed,2025-01-07T00:00:00.000Z,Listed for rent,2024-09-03T00:00:00.000Z,Listing removed
"1304 S Taylor St, Little Rock, AR 72204",1304 S Taylor St,Little Rock,AR,,forRent,4,1501,,1395,2,https://www.zillow.com/homedetails/1304-S-Taylor-St-Little-Rock-AR-72204/311353_zpid/,,67000,2026-09-21T00:00:00.000Z,Listed for rent,2026-05-05T00:00:00.000Z,Listing removed,2026-04-28T00:00:00.000Z,Listed for rent,2022-11-18T00:00:00.000Z,Sold,2022-11-09T00:00:00.000Z,Listed for sale,2015-05-21T00:00:00.000Z,Sold
"1411 Oak Glenn Ct, Bryant, AR 72022",1411 Oak Glenn Ct,Bryant,AR,,forRent,3,1400,,1650,8,https://www.zillow.com/homedetails/1411-Oak-Glenn-Ct-Bryant-AR-72022/199778685_zpid/,,,2026-09-15T00:00:00.000Z,Listed for rent,2026-05-28T00:00:00.000Z,Listing removed,2026-05-06T00:00:00.000Z,Listed for rent,2025-11-06T00:00:00.000Z,Listing removed,2025-09-18T00:00:00.000Z,Listed for rent,2024-02-16T00:00:00.000Z,Listing removed
"2721 Timbermist Dr, Benton, AR 72015",2721 Timbermist Dr,Benton,AR,,forRent,3,1200,,1600,24,https://www.zillow.com/homedetails/2721-Timbermist-Dr-Benton-AR-72015/386806_zpid/,,83000,2026-08-30T00:00:00.000Z,Listed for rent,2025-09-01T00:00:00.000Z,Listing removed,2025-06-30T00:00:00.000Z,Price change,2025-03-03T00:00:00.000Z,Price change,2024-12-20T00:00:00.000Z,Listed for rent,2024-12-06T00:00:00.000Z,Listing removed
"3711 W Markham St, Little Rock, AR 72205",3711 W Markham St,Little Rock,AR,,forRent,3,1400,,1395,5,https://www.zillow.com/homedetails/3711-W-Markham-St-Little-Rock-AR-72205/309054_zpid/,,283000,2026-09-18T00:00:00.000Z,Listed for rent,2023-08-05T00:00:00.000Z,Listing removed,2023-07-24T00:00:00.000Z,Price change,2023-07-22T00:00:00.000Z,Price change,2023-06-29T00:00:00.000Z,Price change,2023-06-21T00:00:00.000Z,Price change
"2512 S Booker St, Little Rock, AR 72204",2512 S Booker St,Little Rock,AR,,forRent,4,1223,,1595,43,https://www.zillow.com/homedetails/2512-S-Booker-St-Little-Rock-AR-72204/464448875_zpid/,,,2026-09-23T00:00:00.000Z,Price change,2026-09-03T00:00:00.000Z,Price change,2026-08-11T00:00:00.000Z,Listed for rent,,,,,,
"416 Jackman St, Benton, AR 72015",416 Jackman St,Benton,AR,,forRent,3,1200,,1600,4,https://www.zillow.com/homedetails/416-Jackman-St-Benton-AR-72015/389112_zpid/,,140000,2026-09-19T00:00:00.000Z,Listed for rent,2025-10-31T00:00:00.000Z,Sold,2025-10-13T00:00:00.000Z,Contingent,2025-10-04T00:00:00.000Z,Price change,2025-09-26T00:00:00.000Z,Listed for sale,2017-01-05T00:00:00.000Z,Sold
"294 Stone Mountain Rd, Conway, AR 72032",294 Stone Mountain Rd,Conway,AR,,forRent,3,1216,,1650,10,https://www.zillow.com/homedetails/294-Stone-Mountain-Rd-Conway-AR-72032/122006123_zpid/,,42300,2026-09-13T00:00:00.000Z,Listed for rent,2025-04-17T00:00:00.000Z,Sold,2025-03-26T00:00:00.000Z,Contingent,2025-03-22T00:00:00.000Z,Listed for sale,,,,
"1804 Clara Dr, Conway, AR 72034",1804 Clara Dr,Conway,AR,,forRent,3,2000,,1695,19,https://www.zillow.com/homedetails/1804-Clara-Dr-Conway-AR-72034/235007_zpid/,,20000,2026-09-04T00:00:00.000Z,Listed for rent,2024-07-11T00:00:00.000Z,Listing removed,2024-06-26T00:00:00.000Z,Listed for rent,2023-06-13T00:00:00.000Z,Listing removed,2023-05-30T00:00:00.000Z,Listed for rent,2022-05-04T00:00:00.000Z,Listing removed
"2007 Arkansas Ave, Conway, AR 72034",2007 Arkansas Ave,Conway,AR,,forRent,3,1301,,1495,22,https://www.zillow.com/homedetails/2007-Arkansas-Ave-Conway-AR-72034/234341_zpid/,,90000,2026-09-02T00:00:00.000Z,Listed for rent,2026-08-26T00:00:00.000Z,Sold,2026-08-25T00:00:00.000Z,Contingent,2026-07-20T00:00:00.000Z,Price change,2026-05-19T00:00:00.000Z,Listed for sale,2026-05-19T00:00:00.000Z,Listing removed
"1655 Duke St, Conway, AR 72032",1655 Duke St,Conway,AR,,forRent,3,1369,,1675,4,https://www.zillow.com/homedetails/1655-Duke-St-Conway-AR-72032/71713063_zpid/,,185000,2026-09-19T00:00:00.000Z,Listed for rent,2024-10-01T00:00:00.000Z,Listing removed,2024-09-11T00:00:00.000Z,Listed for rent,2023-08-01T00:00:00.000Z,Sold,2023-05-18T00:00:00.000Z,Contingent,2023-04-23T00:00:00.000Z,Listed for sale
"804 Drake Dr, Conway, AR 72034",804 Drake Dr,Conway,AR,,forRent,3,1663,,1650,13,https://www.zillow.com/homedetails/804-Drake-Dr-Conway-AR-72034/243037_zpid/,,164500,2026-09-11T00:00:00.000Z,Listed for rent,2024-04-20T00:00:00.000Z,Listing removed,2024-04-09T00:00:00.000Z,Listed for rent,2023-09-11T00:00:00.000Z,Listing removed,2023-09-10T00:00:00.000Z,Listed for rent,2023-09-10T00:00:00.000Z,Listing removed
"2230 Matthews Ln, Conway, AR 72032",2230 Matthews Ln,Conway,AR,,forRent,4,1661,,1800,5,https://www.zillow.com/homedetails/2230-Matthews-Ln-Conway-AR-72032/2076025311_zpid/,,,2026-09-18T00:00:00.000Z,Listed for rent,,,,,,,,,,
"2103 Arkansas Ave, Conway, AR 72034",2103 Arkansas Ave,Conway,AR,,forRent,4,1300,,1425,19,https://www.zillow.com/homedetails/2103-Arkansas-Ave-Conway-AR-72034/235083_zpid/,,87000,2026-09-04T00:00:00.000Z,Listed for rent,2025-10-17T00:00:00.000Z,Listing removed,2025-09-19T00:00:00.000Z,Listed for rent,2015-02-13T00:00:00.000Z,Sold,,,,
"1505 Hathaway Dr, Conway, AR 72034",1505 Hathaway Dr,Conway,AR,,forRent,3,1207,,1475,20,https://www.zillow.com/homedetails/1505-Hathaway-Dr-Conway-AR-72034/241555_zpid/,,70000,2026-09-03T00:00:00.000Z,Listed for rent,2024-01-31T00:00:00.000Z,Listing removed,2024-01-30T00:00:00.000Z,Listed for rent,2024-01-29T00:00:00.000Z,Listing removed,2024-01-27T00:00:00.000Z,Listed for rent,2016-01-09T00:00:00.000Z,Listing removed
"1948 Cambridge Village Dr, Conway, AR 72032",1948 Cambridge Village Dr,Conway,AR,,forRent,3,1502,,1500,11,https://www.zillow.com/homedetails/1948-Cambridge-Village-Dr-Conway-AR-72032/203896115_zpid/,,,2026-09-12T00:00:00.000Z,Listed for rent,2026-08-06T00:00:00.000Z,Listing removed,2026-05-25T00:00:00.000Z,Price change,2026-05-06T00:00:00.000Z,Listed for rent,2025-04-16T00:00:00.000Z,Listing removed,2025-03-18T00:00:00.000Z,Listed for rent
"1609 Rushing Cir, Conway, AR 72032",1609 Rushing Cir,Conway,AR,,forRent,3,1400,,1475,23,https://www.zillow.com/homedetails/1609-Rushing-Cir-Conway-AR-72032/235792_zpid/,,116000,2026-08-31T00:00:00.000Z,Listed for rent,2024-09-13T00:00:00.000Z,Listing removed,2024-06-19T00:00:00.000Z,Listed for rent,2024-06-19T00:00:00.000Z,Listing removed,2024-05-25T00:00:00.000Z,Listed for rent,2023-03-31T00:00:00.000Z,Listing removed
"5417 Temperance, Jacksonville, AR 72076",5417 Temperance,Jacksonville,AR,,forRent,,,,,,https://www.zillow.com/b/5417-temperance-jacksonville-ar-CYrkNG/,,,,,,,,,,,,,,
"1425 Joyner Dr, Conway, AR 72034",1425 Joyner Dr,Conway,AR,,forRent,3,1157,,1450,40,https://www.zillow.com/homedetails/1425-Joyner-Dr-Conway-AR-72034/35730195_zpid/,,155000,2026-08-14T00:00:00.000Z,Listed for rent,2025-10-28T00:00:00.000Z,Listing removed,2025-08-29T00:00:00.000Z,Price change,2025-08-12T00:00:00.000Z,Listed for rent,2024-09-13T00:00:00.000Z,Listing removed,2024-08-16T00:00:00.000Z,Listed for rent
"5210 Stockton Rd, Conway, AR 72034",5210 Stockton Rd,Conway,AR,,forRent,3,1245,,1400,19,https://www.zillow.com/homedetails/5210-Stockton-Rd-Conway-AR-72034/63265504_zpid/,,,2026-09-04T00:00:00.000Z,Listed for rent,,,,,,,,,,
"121 Shamrock Dr, Conway, AR 72034",121 Shamrock Dr,Conway,AR,,forRent,4,1950,,2000,11,https://www.zillow.com/homedetails/121-Shamrock-Dr-Conway-AR-72034/238690_zpid/,,142000,2026-01-20T00:00:00.000Z,Listed for rent,2025-08-31T00:00:00.000Z,Listing removed,2025-08-25T00:00:00.000Z,Listed for rent,2025-08-25T00:00:00.000Z,Listing removed,2025-08-04T00:00:00.000Z,Price change,2025-06-29T00:00:00.000Z,Listed for rent
"600 S Davis St, Conway, AR 72034",600 S Davis St,Conway,AR,,forRent,3,1728,,1500,93,https://www.zillow.com/homedetails/600-S-Davis-St-Conway-AR-72034/235022_zpid/,,108500,2026-09-02T00:00:00.000Z,Price change,2026-07-20T00:00:00.000Z,Price change,2026-07-06T00:00:00.000Z,Price change,2026-06-22T00:00:00.000Z,Listed for rent,2022-10-20T00:00:00.000Z,Listing removed,2022-10-11T00:00:00.000Z,Price change
"9 Summer Breeze Rd, Conway, AR 72032",9 Summer Breeze Rd,Conway,AR,,forRent,4,1537,,1750,13,https://www.zillow.com/homedetails/9-Summer-Breeze-Rd-Conway-AR-72032/2078228526_zpid/,,195000,2026-09-10T00:00:00.000Z,Listed for rent,2025-08-12T00:00:00.000Z,Listing removed,2025-06-24T00:00:00.000Z,Listed for rent,2025-05-30T00:00:00.000Z,Sold,2025-04-24T00:00:00.000Z,Contingent,2025-03-29T00:00:00.000Z,Listed for sale
"831 Watkins St, Conway, AR 72034",831 Watkins St,Conway,AR,,forRent,3,1176,,1175,28,https://www.zillow.com/homedetails/831-Watkins-St-Conway-AR-72034/237666_zpid/,,85000,2026-08-27T00:00:00.000Z,Listed for rent,2025-12-01T00:00:00.000Z,Listing removed,2025-10-29T00:00:00.000Z,Listed for rent,2019-08-02T00:00:00.000Z,Listing removed,2019-07-17T00:00:00.000Z,Price change,2019-07-13T00:00:00.000Z,Listed for rent
"225 Shiloh Dr, Conway, AR 72032",225 Shiloh Dr,Conway,AR,,forRent,3,1228,,1450,14,https://www.zillow.com/homedetails/225-Shiloh-Dr-Conway-AR-72032/82281664_zpid/,,125000,2026-09-09T00:00:00.000Z,Listed for rent,2026-08-22T00:00:00.000Z,Listing removed,2026-08-07T00:00:00.000Z,Listed for rent,2026-02-26T00:00:00.000Z,Listing removed,2026-02-19T00:00:00.000Z,Price change,2026-02-13T00:00:00.000Z,Listed for rent
"2765 Archer Ln, Conway, AR 72034",2765 Archer Ln,Conway,AR,,forRent,3,1560,,1700,40,https://www.zillow.com/homedetails/2765-Archer-Ln-Conway-AR-72034/241241_zpid/,,154500,2026-08-14T00:00:00.000Z,Listed for rent,2025-09-17T00:00:00.000Z,Listing removed,2025-08-12T00:00:00.000Z,Listed for rent,2024-05-31T00:00:00.000Z,Listing removed,2024-05-16T00:00:00.000Z,Listed for rent,2023-06-05T00:00:00.000Z,Listing removed
"2255 Rainbow Rd, Conway, AR 72032",2255 Rainbow Rd,Conway,AR,,forRent,3,1254,,1600,7,https://www.zillow.com/homedetails/2255-Rainbow-Rd-Conway-AR-72032/240098_zpid/,,203000,2026-09-16T00:00:00.000Z,Listed for rent,2026-09-15T00:00:00.000Z,Sold,2026-08-14T00:00:00.000Z,Contingent,2026-08-12T00:00:00.000Z,Listed for sale,2024-08-23T00:00:00.000Z,Listing removed,2024-07-31T00:00:00.000Z,Listed for rent
"3915 Ledbetter Dr, Conway, AR 72034",3915 Ledbetter Dr,Conway,AR,,forRent,3,1052,,1100,11,https://www.zillow.com/homedetails/3915-Ledbetter-Dr-Conway-AR-72034/242880_zpid/,,134000,2026-01-14T00:00:00.000Z,Listed for rent,2026-01-14T00:00:00.000Z,Listing removed,2026-01-08T00:00:00.000Z,Listed for rent,2024-12-09T00:00:00.000Z,Listing removed,2024-10-16T00:00:00.000Z,Price change,2024-08-16T00:00:00.000Z,Listed for rent
"608 S Baridon St, Conway, AR 72034",608 S Baridon St,Conway,AR,,forRent,3,1997,,1650,5,https://www.zillow.com/homedetails/608-S-Baridon-St-Conway-AR-72034/236173_zpid/,,132500,2026-09-19T00:00:00.000Z,Price change,2026-09-18T00:00:00.000Z,Listed for rent,2026-08-31T00:00:00.000Z,Listing removed,2026-08-18T00:00:00.000Z,Price change,2026-08-08T00:00:00.000Z,Listed for rent,2026-07-28T00:00:00.000Z,Listing removed
"1955 Bellingrath Gdns, Conway, AR 72034",1955 Bellingrath Gdns,Conway,AR,,forRent,3,1752,,2000,22,https://www.zillow.com/homedetails/1955-Bellingrath-Gdns-Conway-AR-72034/119403911_zpid/,,199900,2026-09-01T00:00:00.000Z,Listed for rent,2025-09-17T00:00:00.000Z,Listing removed,2025-09-05T00:00:00.000Z,Price change,2025-08-27T00:00:00.000Z,Listed for rent,2025-05-28T00:00:00.000Z,Listing removed,2025-05-09T00:00:00.000Z,Listed for rent
"4540 Thompson St, Conway, AR 72034",4540 Thompson St,Conway,AR,,forRent,3,1195,,1450,28,https://www.zillow.com/homedetails/4540-Thompson-St-Conway-AR-72034/52392329_zpid/,,110000,2026-08-26T00:00:00.000Z,Listed for rent,2024-05-02T00:00:00.000Z,Listing removed,2024-04-25T00:00:00.000Z,Listed for rent,2022-08-10T00:00:00.000Z,Listing removed,2022-07-30T00:00:00.000Z,Listed for rent,2021-08-09T00:00:00.000Z,Listing removed
"202 Skunk Hollow Rd, Conway, AR 72032",202 Skunk Hollow Rd,Conway,AR,,forRent,3,1120,,1425,35,https://www.zillow.com/homedetails/202-Skunk-Hollow-Rd-Conway-AR-72032/228041_zpid/,,116083,2026-09-09T00:00:00.000Z,Listed for rent,2026-08-20T00:00:00.000Z,Listing removed,2026-08-19T00:00:00.000Z,Listed for rent,2026-07-20T00:00:00.000Z,Sold,2026-05-18T00:00:00.000Z,Contingent,2026-05-08T00:00:00.000Z,Listed for sale
"2230 Cedar Oaks Dr, Conway, AR 72032",2230 Cedar Oaks Dr,Conway,AR,,forRent,3,1200,,1500,10,https://www.zillow.com/homedetails/2230-Cedar-Oaks-Dr-Conway-AR-72032/239909_zpid/,,640000,2026-09-13T00:00:00.000Z,Listed for rent,2014-10-22T00:00:00.000Z,Sold,2006-05-30T00:00:00.000Z,Sold,,,,,,
"3 Honeysuckle Ln, Conway, AR 72034",3 Honeysuckle Ln,Conway,AR,,forRent,4,1717,,1600,30,https://www.zillow.com/homedetails/3-Honeysuckle-Ln-Conway-AR-72034/234793_zpid/,,115000,2026-08-24T00:00:00.000Z,Listed for rent,2025-08-22T00:00:00.000Z,Listing removed,2025-07-25T00:00:00.000Z,Listed for sale,2025-04-15T00:00:00.000Z,Listing removed,2025-01-16T00:00:00.000Z,Pending sale,2025-01-13T00:00:00.000Z,Price change
"1845 Arden Ln, Conway, AR 72034",1845 Arden Ln,Conway,AR,,forRent,3,1205,,1575,9,https://www.zillow.com/homedetails/1845-Arden-Ln-Conway-AR-72034/71714882_zpid/,,139000,2026-08-30T00:00:00.000Z,Price change,2026-07-17T00:00:00.000Z,Listed for rent,2024-07-03T00:00:00.000Z,Listing removed,2024-06-25T00:00:00.000Z,Listed for rent,2023-02-27T00:00:00.000Z,Listing removed,2023-02-22T00:00:00.000Z,Listed for rent
"(Undisclosed Address), Conway, AR 72034",(Undisclosed Address),Conway,AR,,forRent,3,1689,,1750,23,https://www.zillow.com/homedetails/Conway-AR-72034/241235_zpid/,,131000,2026-09-01T00:00:00.000Z,Price change,2026-07-12T00:00:00.000Z,Listed for rent,2026-06-15T00:00:00.000Z,Listing removed,2026-05-25T00:00:00.000Z,Listed for rent,2026-05-16T00:00:00.000Z,Listing removed,2026-04-25T00:00:00.000Z,Listed for rent
"20 Summer Breeze Rd, Conway, AR 72032",20 Summer Breeze Rd,Conway,AR,,forRent,3,1592,,1600,18,https://www.zillow.com/homedetails/20-Summer-Breeze-Rd-Conway-AR-72032/2076495598_zpid/,,207000,2026-09-05T00:00:00.000Z,Listed for rent,2024-04-17T00:00:00.000Z,Listing removed,2024-03-28T00:00:00.000Z,Listed for rent,2024-03-08T00:00:00.000Z,Sold,2024-02-22T00:00:00.000Z,Contingent,2024-02-21T00:00:00.000Z,Price change
"1512 College Ave, Conway, AR 72034",1512 College Ave,Conway,AR,,forRent,4,1612,,1600,57,https://www.zillow.com/homedetails/1512-College-Ave-Conway-AR-72034/237453_zpid/,,119000,2026-09-15T00:00:00.000Z,Price change,2026-09-10T00:00:00.000Z,Price change,2026-08-03T00:00:00.000Z,Price change,2026-07-28T00:00:00.000Z,Listed for rent,2022-07-25T00:00:00.000Z,Listing removed,2022-07-18T00:00:00.000Z,Listed for rent
"405 S Ash St, Conway, AR 72034",405 S Ash St,Conway,AR,,forRent,3,1100,,1200,13,https://www.zillow.com/homedetails/405-S-Ash-St-Conway-AR-72034/238063_zpid/,,75000,2026-09-10T00:00:00.000Z,Listed for rent,2021-02-23T00:00:00.000Z,Listing removed,2020-06-04T00:00:00.000Z,Listing removed,2020-06-02T00:00:00.000Z,Listed for rent,2020-04-30T00:00:00.000Z,Sold,2020-04-14T00:00:00.000Z,Listed for sale
"2 Hawthorne Dr, Conway, AR 72034",2 Hawthorne Dr,Conway,AR,,forRent,3,1408,,1600,61,https://www.zillow.com/homedetails/2-Hawthorne-Dr-Conway-AR-72034/237001_zpid/,,102000,2026-09-22T00:00:00.000Z,Price change,2026-09-06T00:00:00.000Z,Price change,2026-08-27T00:00:00.000Z,Price change,2026-07-24T00:00:00.000Z,Listed for rent,2014-07-29T00:00:00.000Z,Sold,2014-05-16T00:00:00.000Z,Price change
"1380 Sena Dr, Conway, AR 72034",1380 Sena Dr,Conway,AR,,forRent,4,1817,,1900,51,https://www.zillow.com/homedetails/1380-Sena-Dr-Conway-AR-72034/118483994_zpid/,,270000,2026-08-03T00:00:00.000Z,Listed for rent,2026-01-09T00:00:00.000Z,Listing removed,2025-12-18T00:00:00.000Z,Listed for rent,2024-11-06T00:00:00.000Z,Listing removed,2024-10-16T00:00:00.000Z,Listed for rent,2024-03-05T00:00:00.000Z,Listing removed
"1117 Weems St, Conway, AR 72034",1117 Weems St,Conway,AR,,forRent,4,1932,,2050,40,https://www.zillow.com/homedetails/1117-Weems-St-Conway-AR-72034/450684409_zpid/,,,2026-09-03T00:00:00.000Z,Price change,2026-08-22T00:00:00.000Z,Listing removed,2026-08-14T00:00:00.000Z,Listed for rent,2026-08-02T00:00:00.000Z,Listed for sale,2026-08-01T00:00:00.000Z,Listing removed,2026-07-28T00:00:00.000Z,Price change
"2220 Chase Dr, Conway, AR 72034",2220 Chase Dr,Conway,AR,,forRent,3,1582,,1850,69,https://www.zillow.com/homedetails/2220-Chase-Dr-Conway-AR-72034/35730147_zpid/,,141000,2026-07-16T00:00:00.000Z,Listed for rent,2025-04-11T00:00:00.000Z,Listing removed,2025-04-06T00:00:00.000Z,Listed for rent,2025-03-29T00:00:00.000Z,Listing removed,2025-01-19T00:00:00.000Z,Price change,2025-01-18T00:00:00.000Z,Listed for rent
"4420 Oregon Trl, Conway, AR 72034",4420 Oregon Trl,Conway,AR,,forRent,3,1300,,1600,4,https://www.zillow.com/homedetails/4420-Oregon-Trl-Conway-AR-72034/35730660_zpid/,,149100,2026-09-19T00:00:00.000Z,Listed for rent,2025-09-09T00:00:00.000Z,Listing removed,2025-08-11T00:00:00.000Z,Price change,2025-08-08T00:00:00.000Z,Listed for rent,2024-07-04T00:00:00.000Z,Listing removed,2024-06-29T00:00:00.000Z,Listed for rent
"40 Ridge Trl, Sherwood, AR 72120",40 Ridge Trl,Sherwood,AR,,forRent,3,2200,,2100,33,https://www.zillow.com/homedetails/40-Ridge-Trl-Sherwood-AR-72120/232839_zpid/,,230600,2026-08-31T00:00:00.000Z,Price change,2026-08-21T00:00:00.000Z,Listed for rent,2026-08-12T00:00:00.000Z,Listing removed,2026-07-20T00:00:00.000Z,Listed for rent,2026-06-17T00:00:00.000Z,Listing removed,2026-06-02T00:00:00.000Z,Price change
"2013 Creekwood Dr, Conway, AR 72032",2013 Creekwood Dr,Conway,AR,,forRent,5,2608,,2950,59,https://www.zillow.com/homedetails/2013-Creekwood-Dr-Conway-AR-72032/235364_zpid/,,289000,2026-09-11T00:00:00.000Z,Price change,2026-08-24T00:00:00.000Z,Price change,2026-07-29T00:00:00.000Z,Price change,2026-07-27T00:00:00.000Z,Listed for rent,2026-07-06T00:00:00.000Z,Sold,2026-04-16T00:00:00.000Z,Price change
"640 Cherub Dr, Conway, AR 72034",640 Cherub Dr,Conway,AR,,forRent,3,1144,,1500,10,https://www.zillow.com/homedetails/640-Cherub-Dr-Conway-AR-72034/242932_zpid/,,180000,2026-09-13T00:00:00.000Z,Listed for rent,2026-08-28T00:00:00.000Z,Sold,2026-08-27T00:00:00.000Z,Contingent,2026-07-26T00:00:00.000Z,Listed for sale,2018-04-26T00:00:00.000Z,Sold,2013-10-04T00:00:00.000Z,Sold
"175 Southerland Rd, Conway, AR 72032",175 Southerland Rd,Conway,AR,,forRent,3,1532,,1650,21,https://www.zillow.com/homedetails/175-Southerland-Rd-Conway-AR-72032/35730518_zpid/,,165000,2026-09-02T00:00:00.000Z,Listed for rent,2025-07-03T00:00:00.000Z,Listing removed,2025-06-23T00:00:00.000Z,Listed for rent,2024-06-07T00:00:00.000Z,Listing removed,2024-05-25T00:00:00.000Z,Listed for rent,2022-05-09T00:00:00.000Z,Listing removed
"15 Vineyard Dr, Mayflower, AR 72106",15 Vineyard Dr,Mayflower,AR,,forRent,,,,,,"https://www.zillow.com/b/15-vineyard-dr-mayflower-ar/34.970715,-92.48699_ll/",,,,,,,,,,,,,,
"15 Leruss Blvd, Cabot, AR 72023",15 Leruss Blvd,Cabot,AR,,forRent,,,,,,https://www.zillow.com/b/15-leruss-blvd-cabot-ar-CkhJp8/,,,,,,,,,,,,,,
"103 E Concord Rd, Mayflower, AR 72106",103 E Concord Rd,Mayflower,AR,,forRent,3,1413,,1660,15,https://www.zillow.com/homedetails/103-E-Concord-Rd-Mayflower-AR-72106/463058000_zpid/,,,2026-09-09T00:00:00.000Z,Listed for rent,2026-08-14T00:00:00.000Z,Listing removed,2026-07-20T00:00:00.000Z,Price change,2026-06-09T00:00:00.000Z,Listed for sale,,,,
"2804 Bruce St, Conway, AR 72034",2804 Bruce St,Conway,AR,,forRent,3,1232,,1375,16,https://www.zillow.com/homedetails/2804-Bruce-St-Conway-AR-72034/238249_zpid/,,115000,2026-09-07T00:00:00.000Z,Listed for rent,2017-11-12T00:00:00.000Z,Listing removed,2017-11-01T00:00:00.000Z,Listed for rent,2016-07-19T00:00:00.000Z,Listing removed,2016-07-19T00:00:00.000Z,Listed for sale,2016-07-18T00:00:00.000Z,Sold
"110 Fredonia Ct, Mayflower, AR 72106",110 Fredonia Ct,Mayflower,AR,,forRent,4,1858,,1895,9,https://www.zillow.com/homedetails/110-Fredonia-Ct-Mayflower-AR-72106/453583162_zpid/,,,2026-09-14T00:00:00.000Z,Listed for rent,2025-08-22T00:00:00.000Z,Listing removed,2025-07-28T00:00:00.000Z,Price change,2025-07-18T00:00:00.000Z,Price change,2025-07-17T00:00:00.000Z,Price change,2025-07-11T00:00:00.000Z,Price change
"2230 Linda Dr, Conway, AR 72032",2230 Linda Dr,Conway,AR,,forRent,3,1348,,1650,2,https://www.zillow.com/homedetails/2230-Linda-Dr-Conway-AR-72032/102994419_zpid/,,205000,2026-09-21T00:00:00.000Z,Listed for rent,2023-11-10T00:00:00.000Z,Listing removed,2023-10-17T00:00:00.000Z,Listed for rent,2023-10-03T00:00:00.000Z,Sold,2021-03-24T00:00:00.000Z,Listing removed,2017-09-25T00:00:00.000Z,Listing removed
"1740 Raden St, Conway, AR 72032",1740 Raden St,Conway,AR,,forRent,3,1243,,1650,14,https://www.zillow.com/homedetails/1740-Raden-St-Conway-AR-72032/2061816633_zpid/,,,2026-09-09T00:00:00.000Z,Listed for rent,2026-05-19T00:00:00.000Z,Listing removed,2026-02-27T00:00:00.000Z,Price change,2022-11-09T00:00:00.000Z,Price change,2022-10-11T00:00:00.000Z,Price change,2022-08-22T00:00:00.000Z,Listed for rent
"2400 SW Ednruance Way, Maumelle, AR 72113",2400 SW Ednruance Way,Maumelle,AR,,other,,,,,,"https://www.zillow.com/b/2400-sw-ednruance-way-maumelle-ar/34.87126275998,-92.450398671503_ll/",,,,,,,,,,,,,,
"2530 Peabody Dr, Conway, AR 72032",2530 Peabody Dr,Conway,AR,,forRent,3,1271,,1500,39,https://www.zillow.com/homedetails/2530-Peabody-Dr-Conway-AR-72032/239829_zpid/,,199000,2026-08-15T00:00:00.000Z,Listed for rent,2025-07-28T00:00:00.000Z,Sold,2025-06-29T00:00:00.000Z,Contingent,2025-06-28T00:00:00.000Z,Listed for sale,2014-12-23T00:00:00.000Z,Sold,2013-09-19T00:00:00.000Z,Sold
"1610 Raden St, Conway, AR 72032",1610 Raden St,Conway,AR,,forRent,3,1243,,1650,42,https://www.zillow.com/homedetails/1610-Raden-St-Conway-AR-72032/2066419442_zpid/,,,2026-08-12T00:00:00.000Z,Listed for rent,2025-10-04T00:00:00.000Z,Listing removed,2025-10-03T00:00:00.000Z,Listed for rent,2025-10-03T00:00:00.000Z,Listing removed,2025-07-18T00:00:00.000Z,Listed for rent,2023-12-30T00:00:00.000Z,Listing removed
"1306 Bellemeade Dr, Conway, AR 72034",1306 Bellemeade Dr,Conway,AR,,forRent,3,2220,,1775,41,https://www.zillow.com/homedetails/1306-Bellemeade-Dr-Conway-AR-72034/234155_zpid/,,89090,2026-08-13T00:00:00.000Z,Listed for rent,2025-06-20T00:00:00.000Z,Listing removed,2025-05-09T00:00:00.000Z,Listed for rent,2017-12-01T00:00:00.000Z,Listing removed,2017-08-20T00:00:00.000Z,Price change,2017-05-31T00:00:00.000Z,Listed for sale
"1155 Mimosa Dr, Conway, AR 72034",1155 Mimosa Dr,Conway,AR,,forRent,3,1236,,1400,19,https://www.zillow.com/homedetails/1155-Mimosa-Dr-Conway-AR-72034/35730018_zpid/,,78000,2026-09-04T00:00:00.000Z,Listed for rent,2025-06-19T00:00:00.000Z,Listing removed,2025-06-16T00:00:00.000Z,Listed for rent,2023-09-26T00:00:00.000Z,Listing removed,2023-09-11T00:00:00.000Z,Listed for rent,2019-06-13T00:00:00.000Z,Listing removed
"4555 Graham Dr, Conway, AR 72034",4555 Graham Dr,Conway,AR,,forRent,3,1192,,1400,41,https://www.zillow.com/homedetails/4555-Graham-Dr-Conway-AR-72034/59917944_zpid/,,185000,2026-08-13T00:00:00.000Z,Listed for rent,2024-10-02T00:00:00.000Z,Listing removed,2024-09-23T00:00:00.000Z,Listed for rent,2023-07-28T00:00:00.000Z,Sold,2023-06-28T00:00:00.000Z,Contingent,2023-06-28T00:00:00.000Z,Listed for sale
"4605 Valiant Dr, Conway, AR 72034",4605 Valiant Dr,Conway,AR,,forRent,3,1324,,1500,73,https://www.zillow.com/homedetails/4605-Valiant-Dr-Conway-AR-72034/52392383_zpid/,,122000,2026-08-01T00:00:00.000Z,Price change,2026-07-13T00:00:00.000Z,Listed for rent,2023-05-19T00:00:00.000Z,Listing removed,2023-05-02T00:00:00.000Z,Listed for rent,2022-04-11T00:00:00.000Z,Listing removed,2022-04-06T00:00:00.000Z,Listed for rent
"1810 Rich Smith Ln, Conway, AR 72032",1810 Rich Smith Ln,Conway,AR,,forRent,3,2310,,2500,58,https://www.zillow.com/homedetails/1810-Rich-Smith-Ln-Conway-AR-72032/102992676_zpid/,,,2026-07-27T00:00:00.000Z,Price change,2026-06-22T00:00:00.000Z,Price change,2026-04-22T00:00:00.000Z,Price change,2026-01-07T00:00:00.000Z,Listed for rent,,,,
"1315 Fairlane Dr, Conway, AR 72034",1315 Fairlane Dr,Conway,AR,,forRent,3,1288,,1300,2,https://www.zillow.com/homedetails/1315-Fairlane-Dr-Conway-AR-72034/234174_zpid/,,77000,2026-09-21T00:00:00.000Z,Listed for rent,2021-06-18T00:00:00.000Z,Sold,2014-11-12T00:00:00.000Z,Sold,1999-09-27T00:00:00.000Z,Sold,,,,
"1267 Hamilton St, Conway, AR 72032",1267 Hamilton St,Conway,AR,,forRent,3,1056,,1158,35,https://www.zillow.com/homedetails/1267-Hamilton-St-Conway-AR-72032/234905_zpid/,,52000,2026-09-16T00:00:00.000Z,Price change,2026-09-14T00:00:00.000Z,Price change,2026-08-20T00:00:00.000Z,Listed for rent,2024-09-19T00:00:00.000Z,Listing removed,2024-09-17T00:00:00.000Z,Price change,2024-09-15T00:00:00.000Z,Price change
"4955 Westin Park Dr, Conway, AR 72034",4955 Westin Park Dr,Conway,AR,,forRent,4,2275,,2300,3,https://www.zillow.com/homedetails/4955-Westin-Park-Dr-Conway-AR-72034/68021234_zpid/,,231500,2026-09-20T00:00:00.000Z,Listed for rent,2018-01-18T00:00:00.000Z,Sold,2017-11-16T00:00:00.000Z,Listed for sale,,,,,,
"1015 Wineberry, Conway, AR 72034",1015 Wineberry,Conway,AR,,forRent,4,1606,,1700,78,https://www.zillow.com/homedetails/1015-Wineberry-Conway-AR-72034/82271419_zpid/,,222270,2026-07-22T00:00:00.000Z,Listed for rent,2026-07-15T00:00:00.000Z,Listing removed,2026-07-13T00:00:00.000Z,Price change,2026-07-07T00:00:00.000Z,Listed for rent,2022-05-27T00:00:00.000Z,Sold,2010-09-03T00:00:00.000Z,Sold
"2128 Duncan St, Conway, AR 72034",2128 Duncan St,Conway,AR,,forRent,4,1450,,1495,11,https://www.zillow.com/homedetails/2128-Duncan-St-Conway-AR-72034/236832_zpid/,,80000,2026-09-12T00:00:00.000Z,Listed for rent,2025-09-05T00:00:00.000Z,Listing removed,2025-08-14T00:00:00.000Z,Listed for rent,2015-10-02T00:00:00.000Z,Sold,2014-06-30T00:00:00.000Z,Sold,,
"1906 Dave Ward Dr, Conway, AR 72034",1906 Dave Ward Dr,Conway,AR,,forRent,3,1335,,1000,43,https://www.zillow.com/homedetails/1906-Dave-Ward-Dr-Conway-AR-72034/2061771487_zpid/,,,2026-08-11T00:00:00.000Z,Listed for rent,2025-12-18T00:00:00.000Z,Listing removed,2025-11-11T00:00:00.000Z,Price change,2025-10-28T00:00:00.000Z,Price change,2025-10-03T00:00:00.000Z,Price change,2025-06-27T00:00:00.000Z,Listed for rent
"2500 Gibby Dr, Conway, AR 72032",2500 Gibby Dr,Conway,AR,,forRent,3,1221,,1350,19,https://www.zillow.com/homedetails/2500-Gibby-Dr-Conway-AR-72032/239939_zpid/,,123000,2026-09-04T00:00:00.000Z,Listed for rent,2021-03-24T00:00:00.000Z,Listing removed,2021-03-12T00:00:00.000Z,Sold,2015-06-30T00:00:00.000Z,Sold,2015-03-29T00:00:00.000Z,Listing removed,2015-03-15T00:00:00.000Z,Listed for sale
"21 Willard St, Ward, AR 72176",21 Willard St,Ward,AR,,forRent,3,1301,,1350,40,https://www.zillow.com/homedetails/21-Willard-St-Ward-AR-72176/55151159_zpid/,,165000,2026-09-19T00:00:00.000Z,Price change,2026-08-14T00:00:00.000Z,Listed for rent,2022-08-08T00:00:00.000Z,Sold,2014-12-24T00:00:00.000Z,Listing removed,2014-11-06T00:00:00.000Z,Price change,2014-10-02T00:00:00.000Z,Listed for rent
"35 G St, Cabot, AR 72023",35 G St,Cabot,AR,,forRent,3,1849,,1825,77,https://www.zillow.com/homedetails/35-G-St-Cabot-AR-72023/254255_zpid/,,230000,2026-07-25T00:00:00.000Z,Price change,2026-07-09T00:00:00.000Z,Price change,2026-05-03T00:00:00.000Z,Listed for rent,2025-05-25T00:00:00.000Z,Listing removed,2025-05-14T00:00:00.000Z,Price change,2025-05-01T00:00:00.000Z,Listed for rent
"102 Rosebud Cir, Cabot, AR 72023",102 Rosebud Cir,Cabot,AR,,forRent,3,1277,,1375,54,https://www.zillow.com/homedetails/102-Rosebud-Cir-Cabot-AR-72023/63160774_zpid/,,199000,2026-09-15T00:00:00.000Z,Price change,2026-07-31T00:00:00.000Z,Listed for rent,2024-10-10T00:00:00.000Z,Listing removed,2024-10-09T00:00:00.000Z,Price change,2024-09-26T00:00:00.000Z,Listed for rent,2024-08-23T00:00:00.000Z,Sold
"36 Stonehaven Dr, Cabot, AR 72023",36 Stonehaven Dr,Cabot,AR,,forRent,3,1360,,1350,2,https://www.zillow.com/homedetails/36-Stonehaven-Dr-Cabot-AR-72023/72176066_zpid/,,,2026-09-21T00:00:00.000Z,Listed for rent,2024-09-13T00:00:00.000Z,Listing removed,2024-07-31T00:00:00.000Z,Listed for rent,2023-04-21T00:00:00.000Z,Listing removed,2023-04-16T00:00:00.000Z,Listed for rent,2023-03-23T00:00:00.000Z,Listing removed
"37 Saint John St, Cabot, AR 72023",37 Saint John St,Cabot,AR,,forRent,3,1188,,1295,85,https://www.zillow.com/homedetails/37-Saint-John-St-Cabot-AR-72023/253499_zpid/,,81500,2026-09-03T00:00:00.000Z,Price change,2026-03-31T00:00:00.000Z,Listed for rent,2026-03-26T00:00:00.000Z,Sold,2026-03-19T00:00:00.000Z,Contingent,2026-03-14T00:00:00.000Z,Price change,2026-02-27T00:00:00.000Z,Price change
"43 Meadowlark Dr, Cabot, AR 72023",43 Meadowlark Dr,Cabot,AR,,forRent,4,1248,,1450,50,https://www.zillow.com/homedetails/43-Meadowlark-Dr-Cabot-AR-72023/255202_zpid/,,135000,2026-09-19T00:00:00.000Z,Price change,2026-09-12T00:00:00.000Z,Price change,2026-09-04T00:00:00.000Z,Price change,2026-08-29T00:00:00.000Z,Price change,2026-06-25T00:00:00.000Z,Listed for rent,2020-10-05T00:00:00.000Z,Sold
"211 Rodney Guthrie Dr, Cabot, AR 72023",211 Rodney Guthrie Dr,Cabot,AR,,forRent,3,1268,,1345,48,https://www.zillow.com/homedetails/211-Rodney-Guthrie-Dr-Cabot-AR-72023/256835_zpid/,,155000,2026-08-06T00:00:00.000Z,Listed for rent,2025-09-22T00:00:00.000Z,Listing removed,2025-08-26T00:00:00.000Z,Price change,2025-07-29T00:00:00.000Z,Listed for rent,2023-07-27T00:00:00.000Z,Listing removed,2023-07-06T00:00:00.000Z,Listed for rent
"27 Emerald Cir, Cabot, AR 72023",27 Emerald Cir,Cabot,AR,,forRent,3,1688,,1700,11,https://www.zillow.com/homedetails/27-Emerald-Cir-Cabot-AR-72023/254457_zpid/,,400000,2026-09-12T00:00:00.000Z,Listed for rent,2026-07-24T00:00:00.000Z,Listing removed,2026-07-22T00:00:00.000Z,Listed for rent,2026-07-10T00:00:00.000Z,Listing removed,2026-07-01T00:00:00.000Z,Listed for rent,2025-07-17T00:00:00.000Z,Listing removed
"29 Mattie Lene Dr, Ward, AR 72176",29 Mattie Lene Dr,Ward,AR,,forRent,3,1301,,1350,13,https://www.zillow.com/homedetails/29-Mattie-Lene-Dr-Ward-AR-72176/35732499_zpid/,,80000,2026-09-10T00:00:00.000Z,Listed for rent,2026-03-20T00:00:00.000Z,Listing removed,2026-01-05T00:00:00.000Z,Listed for rent,2024-10-09T00:00:00.000Z,Listing removed,2024-09-16T00:00:00.000Z,Listed for rent,2009-05-16T00:00:00.000Z,Listing removed
"27 Trinity Dr, Cabot, AR 72023",27 Trinity Dr,Cabot,AR,,forRent,3,1442,,1525,33,https://www.zillow.com/homedetails/27-Trinity-Dr-Cabot-AR-72023/113948501_zpid/,,,2026-08-21T00:00:00.000Z,Listed for rent,2025-09-11T00:00:00.000Z,Listing removed,2025-07-29T00:00:00.000Z,Price change,2025-07-03T00:00:00.000Z,Listed for rent,,,,
"87 Sycamore Cir, Cabot, AR 72023",87 Sycamore Cir,Cabot,AR,,forRent,3,1252,,1350,40,https://www.zillow.com/homedetails/87-Sycamore-Cir-Cabot-AR-72023/256430_zpid/,,151500,2026-09-14T00:00:00.000Z,Price change,2026-08-29T00:00:00.000Z,Price change,2026-08-14T00:00:00.000Z,Listed for rent,2026-07-17T00:00:00.000Z,Sold,2026-06-05T00:00:00.000Z,Listed for sale,2026-05-27T00:00:00.000Z,Listing removed
"44 Kirkland Dr, Cabot, AR 72023",44 Kirkland Dr,Cabot,AR,,forRent,3,2077,,1900,173,https://www.zillow.com/homedetails/44-Kirkland-Dr-Cabot-AR-72023/52495420_zpid/,,,2026-04-03T00:00:00.000Z,Listed for rent,2026-04-03T00:00:00.000Z,Listing removed,2026-02-11T00:00:00.000Z,Listed for rent,2025-09-22T00:00:00.000Z,Listing removed,2025-08-19T00:00:00.000Z,Listing removed,2025-08-17T00:00:00.000Z,Listed for rent
"11 W Plaza Blvd, Cabot, AR 72023",11 W Plaza Blvd,Cabot,AR,,forRent,3,1487,,1525,30,https://www.zillow.com/homedetails/11-W-Plaza-Blvd-Cabot-AR-72023/256262_zpid/,,229049,2026-08-24T00:00:00.000Z,Listed for rent,2024-09-13T00:00:00.000Z,Listing removed,2024-07-02T00:00:00.000Z,Listed for rent,2013-02-26T00:00:00.000Z,Sold,,,,
"26 High Plains Dr, Cabot, AR 72023",26 High Plains Dr,Cabot,AR,,forRent,4,1631,,1995,106,https://www.zillow.com/homedetails/26-High-Plains-Dr-Cabot-AR-72023/99445170_zpid/,,264500,2026-08-28T00:00:00.000Z,Price change,2026-06-09T00:00:00.000Z,Listed for rent,2024-05-23T00:00:00.000Z,Listing removed,2024-05-21T00:00:00.000Z,Price change,2024-05-15T00:00:00.000Z,Price change,2024-04-30T00:00:00.000Z,Price change
"20 Magnolia Dr, Ward, AR 72176",20 Magnolia Dr,Ward,AR,,forRent,4,1380,,1550,7,https://www.zillow.com/homedetails/20-Magnolia-Dr-Ward-AR-72176/2087659368_zpid/,,,2026-09-16T00:00:00.000Z,Listed for rent,2025-08-19T00:00:00.000Z,Listing removed,2025-08-15T00:00:00.000Z,Listed for rent,2025-08-14T00:00:00.000Z,Listing removed,2025-07-28T00:00:00.000Z,Listed for rent,2020-06-02T00:00:00.000Z,Listing removed
"22 Birchwood Dr, Ward, AR 72176",22 Birchwood Dr,Ward,AR,,forRent,4,1650,,1600,5,https://www.zillow.com/homedetails/22-Birchwood-Dr-Ward-AR-72176/99409604_zpid/,,149900,2026-09-23T00:00:00.000Z,Listing removed,2026-09-21T00:00:00.000Z,Price change,2026-09-18T00:00:00.000Z,Listed for rent,2026-09-05T00:00:00.000Z,Price change,2026-07-24T00:00:00.000Z,Listed for sale,2026-02-11T00:00:00.000Z,Listing removed
"209 N Madison St, Cabot, AR 72023",209 N Madison St,Cabot,AR,,forRent,3,1524,,1895,75,https://www.zillow.com/homedetails/209-N-Madison-St-Cabot-AR-72023/439267452_zpid/,,,2026-07-10T00:00:00.000Z,Listed for rent,2025-06-24T00:00:00.000Z,Listing removed,2025-06-19T00:00:00.000Z,Listed for rent,2025-06-19T00:00:00.000Z,Listing removed,2025-04-10T00:00:00.000Z,Price change,2025-03-05T00:00:00.000Z,Listed for rent
"1155 Jackson Rd, Ward, AR 72176",1155 Jackson Rd,Ward,AR,,forRent,3,1280,,1300,13,https://www.zillow.com/homedetails/1155-Jackson-Rd-Ward-AR-72176/99441054_zpid/,,,2026-09-10T00:00:00.000Z,Listed for rent,2026-03-18T00:00:00.000Z,Listing removed,2026-03-13T00:00:00.000Z,Price change,2026-02-24T00:00:00.000Z,Listed for rent,2026-01-12T00:00:00.000Z,Listing removed,2025-11-14T00:00:00.000Z,Price change
"26 Deerfield Dr, Ward, AR 72176",26 Deerfield Dr,Ward,AR,,forRent,3,1309,,1550,2,https://www.zillow.com/homedetails/26-Deerfield-Dr-Ward-AR-72176/261138_zpid/,,125000,2026-09-22T00:00:00.000Z,Listed for rent,2026-09-14T00:00:00.000Z,Listing removed,2026-09-10T00:00:00.000Z,Price change,2026-09-04T00:00:00.000Z,Listed for sale,2013-05-29T00:00:00.000Z,Sold,,
"28 Burns Dr, Cabot, AR 72023",28 Burns Dr,Cabot,AR,,forRent,3,1288,,1350,64,https://www.zillow.com/homedetails/28-Burns-Dr-Cabot-AR-72023/255699_zpid/,,146000,2026-08-31T00:00:00.000Z,Price change,2026-07-21T00:00:00.000Z,Listed for rent,2025-08-07T00:00:00.000Z,Listing removed,2025-07-14T00:00:00.000Z,Price change,2025-07-03T00:00:00.000Z,Listed for rent,2022-06-28T00:00:00.000Z,Sold
"125 Old Red Rd, Ward, AR 72176",125 Old Red Rd,Ward,AR,,forRent,3,1280,,1000,20,https://www.zillow.com/homedetails/125-Old-Red-Rd-Ward-AR-72176/99434787_zpid/,,,2026-09-03T00:00:00.000Z,Listed for rent,2026-06-01T00:00:00.000Z,Listing removed,2026-05-19T00:00:00.000Z,Listed for rent,2026-04-20T00:00:00.000Z,Listing removed,2026-03-26T00:00:00.000Z,Listed for rent,2025-10-29T00:00:00.000Z,Listing removed
"26 Stonewood Dr, Cabot, AR 72023",26 Stonewood Dr,Cabot,AR,,forRent,3,1698,,1900,30,https://www.zillow.com/homedetails/26-Stonewood-Dr-Cabot-AR-72023/55151081_zpid/,,157000,2026-08-24T00:00:00.000Z,Listed for rent,2026-04-27T00:00:00.000Z,Sold,2025-11-06T00:00:00.000Z,Listing removed,2025-10-20T00:00:00.000Z,Price change,2025-09-18T00:00:00.000Z,Listed for sale,2018-02-05T00:00:00.000Z,Listing removed
"18 Lilly Ann Ct, Ward, AR 72176",18 Lilly Ann Ct,Ward,AR,,forRent,3,1355,,0,8,https://www.zillow.com/homedetails/18-Lilly-Ann-Ct-Ward-AR-72176/445792648_zpid/,,18000,2026-09-15T00:00:00.000Z,Listed for rent,2022-10-25T00:00:00.000Z,Listing removed,2022-10-07T00:00:00.000Z,Listed for sale,2017-08-16T00:00:00.000Z,Sold,,,,
"104 Herald Pl, Cabot, AR 72023",104 Herald Pl,Cabot,AR,,forRent,3,1232,,1095,51,https://www.zillow.com/homedetails/104-Herald-Pl-Cabot-AR-72023/252206_zpid/,,155000,2026-08-03T00:00:00.000Z,Listed for rent,2024-11-23T00:00:00.000Z,Listing removed,2024-11-14T00:00:00.000Z,Listed for rent,2023-12-28T00:00:00.000Z,Listing removed,2023-11-10T00:00:00.000Z,Price change,2023-10-18T00:00:00.000Z,Listed for rent
"302 N Lincoln St, Cabot, AR 72023",302 N Lincoln St,Cabot,AR,,forRent,3,1318,,1500,1,https://www.zillow.com/homedetails/302-N-Lincoln-St-Cabot-AR-72023/253236_zpid/,,119000,2026-09-22T00:00:00.000Z,Listed for rent,2014-02-28T00:00:00.000Z,Sold,,,,,,,,
"34 Woodhaven Dr, Cabot, AR 72023",34 Woodhaven Dr,Cabot,AR,,forRent,3,1305,,1550,48,https://www.zillow.com/homedetails/34-Woodhaven-Dr-Cabot-AR-72023/338206710_zpid/,,165000,2026-09-19T00:00:00.000Z,Price change,2026-09-12T00:00:00.000Z,Price change,2026-08-07T00:00:00.000Z,Listed for rent,2025-04-03T00:00:00.000Z,Listing removed,2025-03-15T00:00:00.000Z,Price change,2025-02-13T00:00:00.000Z,Price change
"22 Kirkland St, Ward, AR 72176",22 Kirkland St,Ward,AR,,forRent,3,1185,,1350,22,https://www.zillow.com/homedetails/22-Kirkland-St-Ward-AR-72176/261280_zpid/,,84000,2026-07-15T00:00:00.000Z,Listed for rent,2026-06-16T00:00:00.000Z,Sold,2026-06-14T00:00:00.000Z,Contingent,2026-06-02T00:00:00.000Z,Price change,2026-05-28T00:00:00.000Z,Listed for sale,2014-10-30T00:00:00.000Z,Sold
"26 Alexis Dr, Cabot, AR 72023",26 Alexis Dr,Cabot,AR,,forRent,3,1288,,1425,21,https://www.zillow.com/homedetails/26-Alexis-Dr-Cabot-AR-72023/255240_zpid/,,152900,2026-08-11T00:00:00.000Z,Price change,2026-07-29T00:00:00.000Z,Price change,2026-07-14T00:00:00.000Z,Listed for rent,2023-05-31T00:00:00.000Z,Listing removed,2023-05-17T00:00:00.000Z,Listed for rent,2023-03-10T00:00:00.000Z,Sold
"32 Fortson Dr, Cabot, AR 72023",32 Fortson Dr,Cabot,AR,,forRent,3,1064,,875,32,https://www.zillow.com/homedetails/32-Fortson-Dr-Cabot-AR-72023/63161011_zpid/,,750000,2026-08-22T00:00:00.000Z,Listed for rent,2024-02-17T00:00:00.000Z,Listing removed,2024-02-03T00:00:00.000Z,Listed for rent,2004-08-10T00:00:00.000Z,Sold,,,,
"38 Robinson St, Cabot, AR 72023",38 Robinson St,Cabot,AR,,forRent,4,1848,,1550,14,https://www.zillow.com/homedetails/38-Robinson-St-Cabot-AR-72023/256100_zpid/,,208000,2026-09-10T00:00:00.000Z,Listed for rent,2025-01-09T00:00:00.000Z,Sold,2024-10-05T00:00:00.000Z,Listing removed,2024-08-06T00:00:00.000Z,Listed for rent,2024-07-29T00:00:00.000Z,Sold,2023-12-20T00:00:00.000Z,Sold
"53 Bent Tree Dr, Cabot, AR 72023",53 Bent Tree Dr,Cabot,AR,,forRent,3,1645,,1495,63,https://www.zillow.com/homedetails/53-Bent-Tree-Dr-Cabot-AR-72023/256157_zpid/,,10000,2026-09-01T00:00:00.000Z,Price change,2026-07-22T00:00:00.000Z,Listed for rent,2002-07-18T00:00:00.000Z,Sold,1993-11-12T00:00:00.000Z,Sold,,,,
"15 Silverado Ct, Cabot, AR 72023",15 Silverado Ct,Cabot,AR,,forRent,3,1382,,1350,34,https://www.zillow.com/homedetails/15-Silverado-Ct-Cabot-AR-72023/35732243_zpid/,,150000,2026-08-20T00:00:00.000Z,Listed for rent,2024-11-11T00:00:00.000Z,Listing removed,2024-09-27T00:00:00.000Z,Listed for rent,2022-10-26T00:00:00.000Z,Sold,2020-12-16T00:00:00.000Z,Listing removed,2020-12-08T00:00:00.000Z,Listed for rent
"21 Meadowlark Dr, Cabot, AR 72023",21 Meadowlark Dr,Cabot,AR,,forRent,3,1013,,1395,43,https://www.zillow.com/homedetails/21-Meadowlark-Dr-Cabot-AR-72023/255213_zpid/,,147900,2026-08-12T00:00:00.000Z,Listed for rent,2024-01-16T00:00:00.000Z,Listing removed,2024-01-04T00:00:00.000Z,Sold,2023-08-22T00:00:00.000Z,Sold,2023-07-17T00:00:00.000Z,Contingent,2023-05-12T00:00:00.000Z,Listed for sale
"2107 S 2nd St, Cabot, AR 72023",2107 S 2nd St,Cabot,AR,,forRent,4,2096,,2050,44,https://www.zillow.com/homedetails/2107-S-2nd-St-Cabot-AR-72023/256030_zpid/,,255000,2026-09-14T00:00:00.000Z,Price change,2026-08-10T00:00:00.000Z,Listed for rent,2025-04-28T00:00:00.000Z,Sold,2025-01-24T00:00:00.000Z,Listed for sale,2019-10-04T00:00:00.000Z,Sold,2015-03-18T00:00:00.000Z,Sold
"18 War Eagle Dr, Cabot, AR 72023",18 War Eagle Dr,Cabot,AR,,forRent,3,1278,,1300,1,https://www.zillow.com/homedetails/18-War-Eagle-Dr-Cabot-AR-72023/35732196_zpid/,,130000,2026-09-23T00:00:00.000Z,Listing removed,2026-09-22T00:00:00.000Z,Listed for rent,2026-08-28T00:00:00.000Z,Listed for sale,2026-08-25T00:00:00.000Z,Listing removed,2026-08-18T00:00:00.000Z,Price change,2026-08-01T00:00:00.000Z,Listed for sale
"509 E Elm St, Cabot, AR 72023",509 E Elm St,Cabot,AR,,forRent,3,1056,,1450,76,https://www.zillow.com/homedetails/509-E-Elm-St-Cabot-AR-72023/257181_zpid/,,185000,2026-08-20T00:00:00.000Z,Price change,2026-07-23T00:00:00.000Z,Price change,2026-07-09T00:00:00.000Z,Listed for rent,2026-07-09T00:00:00.000Z,Listing removed,2026-05-02T00:00:00.000Z,Listed for rent,2026-04-16T00:00:00.000Z,Listing removed
"46 Meadowlark Dr, Cabot, AR 72023",46 Meadowlark Dr,Cabot,AR,,forRent,4,1600,,1595,1,https://www.zillow.com/homedetails/46-Meadowlark-Dr-Cabot-AR-72023/255182_zpid/,,179900,2026-09-23T00:00:00.000Z,Listed for rent,2024-03-19T00:00:00.000Z,Sold,2024-01-11T00:00:00.000Z,Contingent,2023-09-16T00:00:00.000Z,Listing removed,2023-08-24T00:00:00.000Z,Listed for sale,2023-08-18T00:00:00.000Z,Price change
"16 Mustang Dr, Cabot, AR 72023",16 Mustang Dr,Cabot,AR,,forRent,3,1494,,1450,47,https://www.zillow.com/homedetails/16-Mustang-Dr-Cabot-AR-72023/63160974_zpid/,,2988,2026-08-07T00:00:00.000Z,Listed for rent,2020-02-08T00:00:00.000Z,Listing removed,2020-01-25T00:00:00.000Z,Listed for rent,2018-12-12T00:00:00.000Z,Listing removed,2018-11-14T00:00:00.000Z,Listed for rent,2012-08-23T00:00:00.000Z,Sold
"32 Thunderbird Dr, Cabot, AR 72023",32 Thunderbird Dr,Cabot,AR,,forRent,3,1444,,1475,20,https://www.zillow.com/homedetails/32-Thunderbird-Dr-Cabot-AR-72023/67447424_zpid/,,,2026-09-03T00:00:00.000Z,Listed for rent,2021-03-24T00:00:00.000Z,Listing removed,2017-03-08T00:00:00.000Z,Listing removed,2017-02-06T00:00:00.000Z,Listed for rent,,,,
"831 Richfield Rd, Jacksonville, AR 72076",831 Richfield Rd,Jacksonville,AR,,forRent,3,,,1400,4,https://www.zillow.com/homedetails/831-Richfield-Rd-Jacksonville-AR-72076/250171_zpid/,,0,2026-09-19T00:00:00.000Z,Listed for rent,2014-08-18T00:00:00.000Z,Sold,,,,,,,,
"45 Foster Louis Ln, Cabot, AR 72023",45 Foster Louis Ln,Cabot,AR,,forRent,4,1470,,1650,62,https://www.zillow.com/homedetails/45-Foster-Louis-Ln-Cabot-AR-72023/347215122_zpid/,,,2026-07-23T00:00:00.000Z,Listed for rent,2025-09-28T00:00:00.000Z,Listing removed,2025-09-27T00:00:00.000Z,Listed for rent,2025-09-27T00:00:00.000Z,Listing removed,2025-07-22T00:00:00.000Z,Listed for rent,2024-04-25T00:00:00.000Z,Listing removed
"17 Farrah St, Ward, AR 72176",17 Farrah St,Ward,AR,,forRent,3,1563,,1250,106,https://www.zillow.com/homedetails/17-Farrah-St-Ward-AR-72176/52495486_zpid/,,,2026-06-09T00:00:00.000Z,Listed for rent,2025-05-24T00:00:00.000Z,Listing removed,2025-05-06T00:00:00.000Z,Price change,2025-04-20T00:00:00.000Z,Listed for rent,2017-02-23T00:00:00.000Z,Listing removed,2017-02-17T00:00:00.000Z,Listed for rent
"42 Winners Cir, Cabot, AR 72023",42 Winners Cir,Cabot,AR,,forRent,3,1521,,1850,13,https://www.zillow.com/homedetails/42-Winners-Cir-Cabot-AR-72023/72176611_zpid/,,196500,2026-08-07T00:00:00.000Z,Listed for rent,2025-10-07T00:00:00.000Z,Listing removed,2025-09-15T00:00:00.000Z,Listed for rent,2025-07-09T00:00:00.000Z,Sold,2025-04-28T00:00:00.000Z,Price change,2025-04-14T00:00:00.000Z,Price change
"4409 Olympic Dr, Benton, AR 72019",4409 Olympic Dr,Benton,AR,,forRent,4,1566,,1600,2,https://www.zillow.com/homedetails/4409-Olympic-Dr-Benton-AR-72019/446361230_zpid/,,182600,2026-09-21T00:00:00.000Z,Listed for rent,2024-07-09T00:00:00.000Z,Listing removed,2024-06-13T00:00:00.000Z,Listed for rent,2021-04-21T00:00:00.000Z,Sold,,,,
"3264 Sidell Rd, Benton, AR 72015",3264 Sidell Rd,Benton,AR,,forRent,4,1652,,1795,5,https://www.zillow.com/homedetails/3264-Sidell-Rd-Benton-AR-72015/465427229_zpid/,,,2026-09-18T00:00:00.000Z,Listed for rent,,,,,,,,,,
"1620 Rambling Brook Dr, Benton, AR 72015",1620 Rambling Brook Dr,Benton,AR,,forRent,3,1355,,1850,13,https://www.zillow.com/homedetails/1620-Rambling-Brook-Dr-Benton-AR-72015/463057732_zpid/,,206900,2026-09-10T00:00:00.000Z,Listed for rent,2026-08-28T00:00:00.000Z,Sold,2026-08-05T00:00:00.000Z,Contingent,2026-07-20T00:00:00.000Z,Price change,2026-07-09T00:00:00.000Z,Price change,2026-06-09T00:00:00.000Z,Listed for sale
"1628 Rambling Brook Dr, Benton, AR 72015",1628 Rambling Brook Dr,Benton,AR,,forRent,3,1216,,1850,13,https://www.zillow.com/homedetails/1628-Rambling-Brook-Dr-Benton-AR-72015/463057763_zpid/,,200900,2026-09-10T00:00:00.000Z,Listed for rent,2026-08-28T00:00:00.000Z,Sold,2026-08-05T00:00:00.000Z,Contingent,2026-07-20T00:00:00.000Z,Price change,2026-07-09T00:00:00.000Z,Price change,2026-06-09T00:00:00.000Z,Listed for sale
"2925 Gillis Dr, Benton, AR 72015",2925 Gillis Dr,Benton,AR,,forRent,4,2021,,2350,16,https://www.zillow.com/homedetails/2925-Gillis-Dr-Benton-AR-72015/2068772088_zpid/,,,2026-09-07T00:00:00.000Z,Listed for rent,2025-02-28T00:00:00.000Z,Listing removed,2025-02-07T00:00:00.000Z,Listed for rent,2021-10-21T00:00:00.000Z,Listing removed,2021-08-19T00:00:00.000Z,Listed for sale,,
"911 James Madison Dr, Benton, AR 72019",911 James Madison Dr,Benton,AR,,forRent,3,2014,,1700,7,https://www.zillow.com/homedetails/911-James-Madison-Dr-Benton-AR-72019/82278084_zpid/,,175000,2026-09-16T00:00:00.000Z,Listed for rent,2024-07-26T00:00:00.000Z,Sold,2021-07-01T00:00:00.000Z,Sold,2014-03-12T00:00:00.000Z,Sold,,,,
"2714 Gage Dr, Benton, AR 72019",2714 Gage Dr,Benton,AR,,forRent,3,1303,,1500,23,https://www.zillow.com/homedetails/2714-Gage-Dr-Benton-AR-72019/92431557_zpid/,,122580,2026-08-31T00:00:00.000Z,Listed for rent,2022-03-04T00:00:00.000Z,Sold,2018-05-12T00:00:00.000Z,Listing removed,2018-04-07T00:00:00.000Z,Listed for rent,2018-02-11T00:00:00.000Z,Listing removed,2018-01-21T00:00:00.000Z,Price change
"416 Jackman St, Benton, AR 72015",416 Jackman St,Benton,AR,,forRent,3,1200,,1600,4,https://www.zillow.com/homedetails/416-Jackman-St-Benton-AR-72015/389112_zpid/,,140000,2026-09-19T00:00:00.000Z,Listed for rent,2025-10-31T00:00:00.000Z,Sold,2025-10-13T00:00:00.000Z,Contingent,2025-10-04T00:00:00.000Z,Price change,2025-09-26T00:00:00.000Z,Listed for sale,2017-01-05T00:00:00.000Z,Sold
"2906 Pamela, Benton, AR 72015",2906 Pamela,Benton,AR,,forRent,3,1372,,1495,30,https://www.zillow.com/homedetails/2906-Pamela-Benton-AR-72015/385308_zpid/,,,2026-08-25T00:00:00.000Z,Listed for rent,2025-08-04T00:00:00.000Z,Listing removed,2025-07-29T00:00:00.000Z,Price change,2025-07-08T00:00:00.000Z,Price change,2025-03-05T00:00:00.000Z,Listed for rent,2025-02-27T00:00:00.000Z,Listing removed
"6316 Warwick Dr, Alexander, AR 72002",6316 Warwick Dr,Alexander,AR,,forRent,4,1884,,2300,54,https://www.zillow.com/homedetails/6316-Warwick-Dr-Alexander-AR-72002/461049113_zpid/,,277000,2026-09-18T00:00:00.000Z,Price change,2026-07-31T00:00:00.000Z,Listed for rent,2026-06-29T00:00:00.000Z,Sold,2026-05-29T00:00:00.000Z,Contingent,2026-05-29T00:00:00.000Z,Price change,2026-03-14T00:00:00.000Z,Listed for sale
"830 Gussy Ln, Benton, AR 72019",830 Gussy Ln,Benton,AR,,forRent,,,,,,https://www.zillow.com/b/830-gussy-ln-benton-ar-CqYvFB/,,,,,,,,,,,,,,
"13900 Ridgecrest Dr, Alexander, AR 72002",13900 Ridgecrest Dr,Alexander,AR,,forRent,3,1088,,1595,29,https://www.zillow.com/homedetails/13900-Ridgecrest-Dr-Alexander-AR-72002/49814165_zpid/,,100000,2026-08-31T00:00:00.000Z,Sold,2026-08-25T00:00:00.000Z,Listed for rent,,,,,,,,
"2933 Gillis Dr, Benton, AR 72015",2933 Gillis Dr,Benton,AR,,forRent,5,2500,,2500,16,https://www.zillow.com/homedetails/2933-Gillis-Dr-Benton-AR-72015/443098023_zpid/,,,2026-09-07T00:00:00.000Z,Listed for rent,2025-02-28T00:00:00.000Z,Listing removed,2025-02-18T00:00:00.000Z,Listed for rent,,,,,,
"3369 Garden Club Dr, Benton, AR 72022",3369 Garden Club Dr,Benton,AR,,forRent,3,1305,,1700,10,https://www.zillow.com/homedetails/3369-Garden-Club-Dr-Benton-AR-72022/118174164_zpid/,,172500,2026-09-14T00:00:00.000Z,Listed for rent,2025-06-21T00:00:00.000Z,Listing removed,2025-05-20T00:00:00.000Z,Listed for rent,2025-02-04T00:00:00.000Z,Listing removed,2025-01-07T00:00:00.000Z,Listed for rent,2024-09-03T00:00:00.000Z,Listing removed
"1116 Kenwood Cv, Bryant, AR 72022",1116 Kenwood Cv,Bryant,AR,,forRent,4,1931,,2100,34,https://www.zillow.com/homedetails/1116-Kenwood-Cv-Bryant-AR-72022/52934559_zpid/,,120000,2026-08-20T00:00:00.000Z,Listed for rent,2025-07-26T00:00:00.000Z,Listing removed,2025-07-22T00:00:00.000Z,Listed for rent,2024-01-18T00:00:00.000Z,Listing removed,2023-10-26T00:00:00.000Z,Listed for rent,2022-06-08T00:00:00.000Z,Listing removed
"22530 Sam Tillery Dr, Alexander, AR 72002",22530 Sam Tillery Dr,Alexander,AR,,forRent,3,1633,,1995,1,https://www.zillow.com/homedetails/22530-Sam-Tillery-Dr-Alexander-AR-72002/465489014_zpid/,,,2026-09-22T00:00:00.000Z,Listed for rent,,,,,,,,,,
"14457 Skyline Dr, Alexander, AR 72002",14457 Skyline Dr,Alexander,AR,,forRent,3,1974,,1950,9,https://www.zillow.com/homedetails/14457-Skyline-Dr-Alexander-AR-72002/120792053_zpid/,,210000,2026-09-15T00:00:00.000Z,Listed for rent,2021-11-05T00:00:00.000Z,Sold,2015-12-17T00:00:00.000Z,Sold,,,,,,
"154 Roman Heights Ave, Alexander, AR 72002",154 Roman Heights Ave,Alexander,AR,,forRent,,,,,,https://www.zillow.com/b/154-roman-heights-ave-alexander-ar-Cdzchh/,,,,,,,,,,,,,,
"2248 Centennial Valley Dr, Benton, AR 72019",2248 Centennial Valley Dr,Benton,AR,,forRent,3,1480,,1595,0,https://www.zillow.com/homedetails/2248-Centennial-Valley-Dr-Benton-AR-72019/2071964933_zpid/,,203315,2026-09-23T00:00:00.000Z,Listed for rent,2025-09-12T00:00:00.000Z,Listing removed,2025-09-10T00:00:00.000Z,Price change,2025-08-18T00:00:00.000Z,Listed for rent,2021-10-28T00:00:00.000Z,Sold,2021-07-30T00:00:00.000Z,Pending sale
"1008 Santa Fe Trl, Bauxite, AR 72011",1008 Santa Fe Trl,Bauxite,AR,,forRent,,,,,,https://www.zillow.com/b/1008-santa-fe-trl-bauxite-ar-BqKjfx/,,,,,,,,,,,,,,
"6065 Discovery Trl, Bauxite, AR 72011",6065 Discovery Trl,Bauxite,AR,,forRent,4,1459,,1595,8,https://www.zillow.com/homedetails/6065-Discovery-Trl-Bauxite-AR-72011/442588179_zpid/,,192660,2026-09-15T00:00:00.000Z,Listed for rent,2026-08-11T00:00:00.000Z,Listing removed,2026-08-03T00:00:00.000Z,Listed for rent,2025-07-01T00:00:00.000Z,Listing removed,2025-05-23T00:00:00.000Z,Listed for rent,2025-05-09T00:00:00.000Z,Sold
"7125 Anderson St, Alexander, AR 72002",7125 Anderson St,Alexander,AR,,forRent,3,1906,,1650,0,https://www.zillow.com/homedetails/7125-Anderson-St-Alexander-AR-72002/368443_zpid/,,167000,2026-09-23T00:00:00.000Z,Listed for rent,2023-09-08T00:00:00.000Z,Listing removed,2023-07-24T00:00:00.000Z,Price change,2023-07-21T00:00:00.000Z,Listed for rent,2022-08-08T00:00:00.000Z,Listing removed,2022-07-27T00:00:00.000Z,Listed for rent
"5096 Woodstream Dr, Alexander, AR 72002",5096 Woodstream Dr,Alexander,AR,,forRent,3,1594,,2600,19,https://www.zillow.com/homedetails/5096-Woodstream-Dr-Alexander-AR-72002/2077881150_zpid/,,180150,2026-09-05T00:00:00.000Z,Listed for rent,2024-10-14T00:00:00.000Z,Listing removed,2023-08-19T00:00:00.000Z,Listing removed,2023-07-23T00:00:00.000Z,Listed for rent,2023-03-09T00:00:00.000Z,Listing removed,2023-02-12T00:00:00.000Z,Listed for rent
"14611 Parkway Meadows Dr, Alexander, AR 72002",14611 Parkway Meadows Dr,Alexander,AR,,forRent,3,1500,,1625,6,https://www.zillow.com/homedetails/14611-Parkway-Meadows-Dr-Alexander-AR-72002/112089546_zpid/,,192000,2026-09-17T00:00:00.000Z,Listed for rent,2025-09-08T00:00:00.000Z,Listing removed,2025-08-28T00:00:00.000Z,Listed for rent,2024-09-13T00:00:00.000Z,Listing removed,2024-08-05T00:00:00.000Z,Listed for rent,2024-07-24T00:00:00.000Z,Listing removed
"4541 Western Woods Dr, Benton, AR 72015",4541 Western Woods Dr,Benton,AR,,forRent,4,2000,,1895,8,https://www.zillow.com/homedetails/4541-Western-Woods-Dr-Benton-AR-72015/2061302075_zpid/,,313100,2026-09-15T00:00:00.000Z,Listed for rent,2023-03-31T00:00:00.000Z,Sold,2022-11-05T00:00:00.000Z,Listing removed,2022-09-30T00:00:00.000Z,Listed for rent,,,,
"22930 Sam Tillery Dr, Alexander, AR 72002",22930 Sam Tillery Dr,Alexander,AR,,forRent,4,1640,,2000,30,https://www.zillow.com/homedetails/22930-Sam-Tillery-Dr-Alexander-AR-72002/464786376_zpid/,,,2026-09-10T00:00:00.000Z,Price change,2026-09-08T00:00:00.000Z,Price change,2026-08-24T00:00:00.000Z,Listed for rent,,,,,,
"2064 Fern Valley Dr, Alexander, AR 72002",2064 Fern Valley Dr,Alexander,AR,,forRent,3,1394,,1595,7,https://www.zillow.com/homedetails/2064-Fern-Valley-Dr-Alexander-AR-72002/247595904_zpid/,,169000,2026-09-16T00:00:00.000Z,Listed for rent,2025-12-24T00:00:00.000Z,Listing removed,2025-11-13T00:00:00.000Z,Listed for rent,2023-05-30T00:00:00.000Z,Listing removed,2023-05-15T00:00:00.000Z,Listed for rent,2021-06-30T00:00:00.000Z,Listing removed
"6413 Amalie Dr, Alexander, AR 72002",6413 Amalie Dr,Alexander,AR,,forRent,3,1485,,1675,15,https://www.zillow.com/homedetails/6413-Amalie-Dr-Alexander-AR-72002/247595729_zpid/,,198000,2026-09-08T00:00:00.000Z,Listed for rent,2025-08-18T00:00:00.000Z,Listing removed,2025-08-06T00:00:00.000Z,Listed for rent,2022-05-12T00:00:00.000Z,Listing removed,2022-05-04T00:00:00.000Z,Price change,2022-04-27T00:00:00.000Z,Price change
"821 Church, Benton, AR 72015",821 Church,Benton,AR,,forRent,4,1540,,1675,19,https://www.zillow.com/homedetails/821-Church-Benton-AR-72015/387634_zpid/,,155000,2026-09-04T00:00:00.000Z,Listed for rent,2021-08-04T00:00:00.000Z,Listing removed,2021-07-27T00:00:00.000Z,Listed for rent,2021-06-04T00:00:00.000Z,Sold,2020-12-14T00:00:00.000Z,Sold,2020-10-24T00:00:00.000Z,Listed for sale
"8512 Highway 5 N, Benton, AR 72019",8512 Highway 5 N,Benton,AR,,forRent,4,1533,,1895,9,https://www.zillow.com/homedetails/8512-Highway-5-N-Benton-AR-72019/394628139_zpid/,,,2026-09-14T00:00:00.000Z,Listed for rent,2024-09-13T00:00:00.000Z,Listing removed,2024-07-15T00:00:00.000Z,Listed for rent,,,,,,
"402 Stone Creek Dr, Benton, AR 72015",402 Stone Creek Dr,Benton,AR,,forRent,4,1762,,1895,15,https://www.zillow.com/homedetails/402-Stone-Creek-Dr-Benton-AR-72015/71716020_zpid/,,178000,2026-09-08T00:00:00.000Z,Listed for rent,2023-09-17T00:00:00.000Z,Listing removed,2023-07-18T00:00:00.000Z,Listing removed,2023-06-14T00:00:00.000Z,Price change,2023-06-06T00:00:00.000Z,Listed for rent,2021-09-16T00:00:00.000Z,Sold
"6688 Hollywood Ave, Benton, AR 72019",6688 Hollywood Ave,Benton,AR,,forRent,3,1051,,1595,19,https://www.zillow.com/homedetails/6688-Hollywood-Ave-Benton-AR-72019/460744960_zpid/,,183900,2026-09-04T00:00:00.000Z,Listed for rent,2026-08-28T00:00:00.000Z,Sold,2026-08-10T00:00:00.000Z,Contingent,2026-06-25T00:00:00.000Z,Price change,2026-06-18T00:00:00.000Z,Price change,2026-06-09T00:00:00.000Z,Price change
"3264 Sidell Estates Dr, Benton, AR 72015",3264 Sidell Estates Dr,Benton,AR,,forRent,4,1652,,1795,40,https://www.zillow.com/homedetails/3264-Sidell-Estates-Dr-Benton-AR-72015/2063496322_zpid/,,,2026-08-14T00:00:00.000Z,Listed for rent,2022-07-02T00:00:00.000Z,Listing removed,2022-06-10T00:00:00.000Z,Price change,2022-04-28T00:00:00.000Z,Listed for sale,,,,
"308 McCright St, Benton, AR 72015",308 McCright St,Benton,AR,,forRent,3,1850,,1600,2,https://www.zillow.com/homedetails/308-McCright-St-Benton-AR-72015/387313_zpid/,,75000,2026-09-21T00:00:00.000Z,Listed for rent,2025-11-20T00:00:00.000Z,Listing removed,2025-11-07T00:00:00.000Z,Price change,2025-09-16T00:00:00.000Z,Listed for rent,2023-12-21T00:00:00.000Z,Listing removed,2023-12-19T00:00:00.000Z,Listed for rent
"227 Iris St, Haskell, AR 72015",227 Iris St,Haskell,AR,,forRent,3,1420,,1625,58,https://www.zillow.com/homedetails/227-Iris-St-Haskell-AR-72015/2060765172_zpid/,,195000,2026-09-23T00:00:00.000Z,Price change,2026-09-10T00:00:00.000Z,Price change,2026-08-27T00:00:00.000Z,Price change,2026-07-27T00:00:00.000Z,Listed for rent,2023-02-16T00:00:00.000Z,Listing removed,2023-02-08T00:00:00.000Z,Price change
"13808 Cherry Hill Dr, Alexander, AR 72002",13808 Cherry Hill Dr,Alexander,AR,,forRent,3,1247,,1550,7,https://www.zillow.com/homedetails/13808-Cherry-Hill-Dr-Alexander-AR-72002/49814136_zpid/,,91000,2026-09-17T00:00:00.000Z,Listed for rent,2008-05-22T00:00:00.000Z,Sold,2007-01-05T00:00:00.000Z,Sold,,,,,,
"2705 Timbermist Cir, Benton, AR 72015",2705 Timbermist Cir,Benton,AR,,forRent,3,1200,,1575,6,https://www.zillow.com/homedetails/2705-Timbermist-Cir-Benton-AR-72015/386796_zpid/,,151000,2026-09-17T00:00:00.000Z,Listed for rent,2025-09-02T00:00:00.000Z,Listing removed,2025-08-27T00:00:00.000Z,Price change,2025-08-14T00:00:00.000Z,Price change,2025-06-30T00:00:00.000Z,Listed for rent,2022-08-30T00:00:00.000Z,Listing removed
"14095 Magnolia Glen Dr, Alexander, AR 72002",14095 Magnolia Glen Dr,Alexander,AR,,forRent,3,1228,,1530,22,https://www.zillow.com/homedetails/14095-Magnolia-Glen-Dr-Alexander-AR-72002/88906053_zpid/,,119500,2026-09-01T00:00:00.000Z,Listed for rent,2020-12-08T00:00:00.000Z,Listing removed,2020-12-02T00:00:00.000Z,Listed for rent,2016-09-27T00:00:00.000Z,Sold,2016-06-29T00:00:00.000Z,Price change,2016-06-06T00:00:00.000Z,Listed for sale
"153 Harwill, Hensley, AR 72065",153 Harwill,Hensley,AR,,forRent,4,2359,,2500,44,https://www.zillow.com/homedetails/153-Harwill-Hensley-AR-72065/2082362397_zpid/,,,2026-08-10T00:00:00.000Z,Listed for rent,2025-08-04T00:00:00.000Z,Listing removed,2025-07-01T00:00:00.000Z,Listed for rent,2025-06-30T00:00:00.000Z,Listing removed,2025-06-09T00:00:00.000Z,Listed for rent,2019-11-13T00:00:00.000Z,Listing removed
"2721 Timbermist Dr, Benton, AR 72015",2721 Timbermist Dr,Benton,AR,,forRent,3,1200,,1600,24,https://www.zillow.com/homedetails/2721-Timbermist-Dr-Benton-AR-72015/386806_zpid/,,83000,2026-08-30T00:00:00.000Z,Listed for rent,2025-09-01T00:00:00.000Z,Listing removed,2025-06-30T00:00:00.000Z,Price change,2025-03-03T00:00:00.000Z,Price change,2024-12-20T00:00:00.000Z,Listed for rent,2024-12-06T00:00:00.000Z,Listing removed
"3001 Wild Berry Dr, Benton, AR 72015",3001 Wild Berry Dr,Benton,AR,,forRent,3,1486,,1725,33,https://www.zillow.com/homedetails/3001-Wild-Berry-Dr-Benton-AR-72015/71716346_zpid/,,184900,2026-08-21T00:00:00.000Z,Listed for rent,2024-07-31T00:00:00.000Z,Listing removed,2024-07-05T00:00:00.000Z,Listed for rent,2023-04-21T00:00:00.000Z,Listing removed,2023-04-19T00:00:00.000Z,Listed for rent,2022-03-28T00:00:00.000Z,Listing removed
"1105 River Oaks Dr, Benton, AR 72019",1105 River Oaks Dr,Benton,AR,,forRent,4,2350,,2600,50,https://www.zillow.com/homedetails/1105-River-Oaks-Dr-Benton-AR-72019/453260567_zpid/,,,2026-08-04T00:00:00.000Z,Listed for rent,2025-07-28T00:00:00.000Z,Listing removed,2025-07-04T00:00:00.000Z,Price change,2025-06-21T00:00:00.000Z,Price change,2025-06-12T00:00:00.000Z,Listed for rent,,
"307 S 4th St, Benton, AR 72015",307 S 4th St,Benton,AR,,forRent,3,1051,,1550,24,https://www.zillow.com/homedetails/307-S-4th-St-Benton-AR-72015/386521_zpid/,,161000,2026-09-21T00:00:00.000Z,Price change,2026-08-31T00:00:00.000Z,Listed for rent,2025-05-30T00:00:00.000Z,Listing removed,2025-05-20T00:00:00.000Z,Sold,2025-05-20T00:00:00.000Z,Listed for rent,2025-04-19T00:00:00.000Z,Contingent
"508 SW 4th St, Bryant, AR 72022",508 SW 4th St,Bryant,AR,,forRent,3,1510,,1950,16,https://www.zillow.com/homedetails/508-SW-4th-St-Bryant-AR-72022/391129_zpid/,,231000,2026-09-07T00:00:00.000Z,Listed for rent,2026-07-02T00:00:00.000Z,Listing removed,2026-06-18T00:00:00.000Z,Sold,2026-06-18T00:00:00.000Z,Listed for rent,2026-05-27T00:00:00.000Z,Contingent,2026-05-22T00:00:00.000Z,Price change
"4825 Coronell Way, Bryant, AR 72022",4825 Coronell Way,Bryant,AR,,forRent,4,2060,,3050,37,https://www.zillow.com/homedetails/4825-Coronell-Way-Bryant-AR-72022/453104565_zpid/,,,2026-07-13T00:00:00.000Z,Listed for rent,,,,,,,,,,
"5137 Woodstream Dr, Alexander, AR 72002",5137 Woodstream Dr,Alexander,AR,,forRent,3,1460,,1600,5,https://www.zillow.com/homedetails/5137-Woodstream-Dr-Alexander-AR-72002/2078172293_zpid/,,167825,2026-09-18T00:00:00.000Z,Listed for rent,2026-04-27T00:00:00.000Z,Listing removed,2026-04-01T00:00:00.000Z,Listed for rent,2022-11-20T00:00:00.000Z,Listing removed,2022-10-04T00:00:00.000Z,Listed for rent,2020-12-04T00:00:00.000Z,Sold
"418 S Main, Benton, AR 72015",418 S Main,Benton,AR,,forRent,3,1096,,1300,37,https://www.zillow.com/homedetails/418-S-Main-Benton-AR-72015/71708118_zpid/,,99500,2026-09-08T00:00:00.000Z,Listed for rent,2026-09-01T00:00:00.000Z,Listing removed,2026-08-17T00:00:00.000Z,Listed for rent,2018-08-10T00:00:00.000Z,Sold,2018-06-20T00:00:00.000Z,Sold,2018-04-03T00:00:00.000Z,Listed for sale
"3002 Forest Dr, Bryant, AR 72022",3002 Forest Dr,Bryant,AR,,forRent,3,1409,,1650,14,https://www.zillow.com/homedetails/3002-Forest-Dr-Bryant-AR-72022/390575_zpid/,,213000,2026-09-10T00:00:00.000Z,Listed for rent,2026-08-24T00:00:00.000Z,Sold,2026-06-30T00:00:00.000Z,Listed for sale,2018-03-05T00:00:00.000Z,Sold,2011-03-18T00:00:00.000Z,Sold,2011-02-13T00:00:00.000Z,Listed for sale
"721 S Richards, Benton, AR 72015",721 S Richards,Benton,AR,,forRent,3,1544,,1650,40,https://www.zillow.com/homedetails/721-S-Richards-Benton-AR-72015/389133_zpid/,,29900,2026-08-14T00:00:00.000Z,Listed for rent,2026-08-07T00:00:00.000Z,Listing removed,2026-08-03T00:00:00.000Z,Price change,2026-07-22T00:00:00.000Z,Listed for rent,2023-07-28T00:00:00.000Z,Sold,2023-07-09T00:00:00.000Z,Contingent
"1021 Circle Dr, Benton, AR 72015",1021 Circle Dr,Benton,AR,,forRent,3,1256,,1350,3,https://www.zillow.com/homedetails/1021-Circle-Dr-Benton-AR-72015/386718_zpid/,,50000,2026-09-20T00:00:00.000Z,Listed for rent,2023-03-06T00:00:00.000Z,Listing removed,2023-02-25T00:00:00.000Z,Listed for rent,2020-07-30T00:00:00.000Z,Sold,,,,
"5845 Heritage Heights Dr, Benton, AR 72019",5845 Heritage Heights Dr,Benton,AR,,forRent,4,1725,,1700,37,https://www.zillow.com/homedetails/5845-Heritage-Heights-Dr-Benton-AR-72019/440162513_zpid/,,,2026-09-21T00:00:00.000Z,Price change,2026-08-17T00:00:00.000Z,Listed for rent,2024-09-13T00:00:00.000Z,Listing removed,2024-09-10T00:00:00.000Z,Listed for rent,,,,
"21051 Natalie Ln, Little Rock, AR 72206",21051 Natalie Ln,Little Rock,AR,,forRent,3,1550,,1700,13,https://www.zillow.com/homedetails/21051-Natalie-Ln-Little-Rock-AR-72206/64691031_zpid/,,,2026-09-10T00:00:00.000Z,Listed for rent,,,,,,,,,,
"5719 Heritage Heights Dr, Benton, AR 72019",5719 Heritage Heights Dr,Benton,AR,,forRent,4,1650,,1800,40,https://www.zillow.com/homedetails/5719-Heritage-Heights-Dr-Benton-AR-72019/71715729_zpid/,,22000,2026-08-14T00:00:00.000Z,Listed for rent,2025-04-01T00:00:00.000Z,Listing removed,2025-03-06T00:00:00.000Z,Listed for rent,2023-10-30T00:00:00.000Z,Listing removed,2023-10-23T00:00:00.000Z,Listed for rent,2022-10-27T00:00:00.000Z,Listing removed
"1219 N Parker Haskell St, Benton, AR 72015",1219 N Parker Haskell St,Benton,AR,,forRent,3,1680,,1400,7,https://www.zillow.com/homedetails/1219-N-Parker-Haskell-St-Benton-AR-72015/392830_zpid/,,35564,2026-08-31T00:00:00.000Z,Price change,2026-08-06T00:00:00.000Z,Price change,2026-07-09T00:00:00.000Z,Listed for rent,2025-12-12T00:00:00.000Z,Listing removed,2025-11-20T00:00:00.000Z,Listed for rent,2025-05-09T00:00:00.000Z,Listing removed
"3123 Lori Lake Rd, Benton, AR 72019",3123 Lori Lake Rd,Benton,AR,,forRent,3,1280,,1000,202,https://www.zillow.com/homedetails/3123-Lori-Lake-Rd-Benton-AR-72019/453026788_zpid/,,,2025-06-07T00:00:00.000Z,Listed for rent,,,,,,,,,,
"14815 Parkway Meadows Dr, Alexander, AR 72002",14815 Parkway Meadows Dr,Alexander,AR,,forRent,3,1243,,1495,25,https://www.zillow.com/homedetails/14815-Parkway-Meadows-Dr-Alexander-AR-72002/114165875_zpid/,,187500,2026-09-14T00:00:00.000Z,Price change,2026-08-29T00:00:00.000Z,Listed for rent,2025-08-21T00:00:00.000Z,Listing removed,2025-08-07T00:00:00.000Z,Price change,2025-07-31T00:00:00.000Z,Price change,2025-07-24T00:00:00.000Z,Listed for rent
"1709 Durwood St, Benton, AR 72015",1709 Durwood St,Benton,AR,,forRent,3,1281,,1545,1,https://www.zillow.com/homedetails/1709-Durwood-St-Benton-AR-72015/382073_zpid/,,7000,2026-09-22T00:00:00.000Z,Listed for rent,1996-01-02T00:00:00.000Z,Sold,,,,,,,,
"918 Cedar Haskell St, Haskell, AR 72015",918 Cedar Haskell St,Haskell,AR,,forRent,3,1088,,1150,35,https://www.zillow.com/homedetails/918-Cedar-Haskell-St-Haskell-AR-72015/61187359_zpid/,,,2026-07-13T00:00:00.000Z,Listed for rent,,,,,,,,,,
"1422 Saw Grass Cv, Benton, AR 72019",1422 Saw Grass Cv,Benton,AR,,forRent,3,1400,,1500,2,https://www.zillow.com/homedetails/1422-Saw-Grass-Cv-Benton-AR-72019/82268083_zpid/,,133000,2026-09-21T00:00:00.000Z,Listed for rent,2024-07-17T00:00:00.000Z,Listing removed,2024-06-20T00:00:00.000Z,Listed for rent,2020-11-20T00:00:00.000Z,Sold,2013-06-06T00:00:00.000Z,Sold,2013-04-26T00:00:00.000Z,Pending sale
"1510 Bennett, Benton, AR 72015",1510 Bennett,Benton,AR,,forRent,3,1312,,1450,1,https://www.zillow.com/homedetails/1510-Bennett-Benton-AR-72015/52934431_zpid/,,,2026-09-22T00:00:00.000Z,Listed for rent,,,,,,,,,,
"351 Meadow Creek Dr, Haskell, AR 72015",351 Meadow Creek Dr,Haskell,AR,,forRent,3,1625,,1650,47,https://www.zillow.com/homedetails/351-Meadow-Creek-Dr-Haskell-AR-72015/92428597_zpid/,,139900,2026-08-07T00:00:00.000Z,Listed for rent,2024-09-13T00:00:00.000Z,Listing removed,2024-07-17T00:00:00.000Z,Listed for rent,2022-10-26T00:00:00.000Z,Listing removed,2022-10-15T00:00:00.000Z,Price change,2022-10-04T00:00:00.000Z,Price change
"5399 Heritage Valley Dr, Benton, AR 72019",5399 Heritage Valley Dr,Benton,AR,,forRent,4,1790,,1800,58,https://www.zillow.com/homedetails/5399-Heritage-Valley-Dr-Benton-AR-72019/2062299989_zpid/,,245000,2026-09-10T00:00:00.000Z,Price change,2026-08-31T00:00:00.000Z,Price change,2026-07-27T00:00:00.000Z,Listed for rent,2026-07-15T00:00:00.000Z,Listing removed,2026-05-22T00:00:00.000Z,Price change,2026-04-02T00:00:00.000Z,Listed for sale
"13757 Cedar Glen Cv, Alexander, AR 72002",13757 Cedar Glen Cv,Alexander,AR,,forRent,3,1408,,1575,28,https://www.zillow.com/homedetails/13757-Cedar-Glen-Cv-Alexander-AR-72002/92432562_zpid/,,124900,2026-08-26T00:00:00.000Z,Listed for rent,2017-02-19T00:00:00.000Z,Listing removed,2017-01-26T00:00:00.000Z,Listed for rent,2007-07-18T00:00:00.000Z,Sold,2007-01-31T00:00:00.000Z,Sold,,
"6587 Westminster, Benton, AR 72019",6587 Westminster,Benton,AR,,forRent,4,3650,,3558,58,https://www.zillow.com/homedetails/6587-Westminster-Benton-AR-72019/120554683_zpid/,,555000,2026-09-17T00:00:00.000Z,Price change,2026-09-02T00:00:00.000Z,Price change,2026-08-25T00:00:00.000Z,Price change,2026-07-27T00:00:00.000Z,Listed for rent,2025-06-03T00:00:00.000Z,Listing removed,2025-05-23T00:00:00.000Z,Listed for rent
"905 Pheasant Cv, Benton, AR 72019",905 Pheasant Cv,Benton,AR,,forRent,3,1415,,1595,20,https://www.zillow.com/homedetails/905-Pheasant-Cv-Benton-AR-72019/385747_zpid/,,158000,2026-09-03T00:00:00.000Z,Listed for rent,2022-05-16T00:00:00.000Z,Listing removed,2022-04-20T00:00:00.000Z,Price change,2022-04-14T00:00:00.000Z,Price change,2022-04-06T00:00:00.000Z,Price change,2022-03-22T00:00:00.000Z,Listed for rent
"414 Newcomb Cv, Benton, AR 72015",414 Newcomb Cv,Benton,AR,,forRent,3,1384,,1600,4,https://www.zillow.com/homedetails/414-Newcomb-Cv-Benton-AR-72015/384931_zpid/,,65531,2026-07-17T00:00:00.000Z,Listed for rent,2010-11-30T00:00:00.000Z,Sold,2005-03-03T00:00:00.000Z,Sold,,,,,,
"313 S Neeley St, Benton, AR 72015",313 S Neeley St,Benton,AR,,forRent,3,1800,,1545,37,https://www.zillow.com/homedetails/313-S-Neeley-St-Benton-AR-72015/2067919637_zpid/,,205000,2026-09-23T00:00:00.000Z,Price change,2026-09-10T00:00:00.000Z,Price change,2026-08-17T00:00:00.000Z,Listed for rent,2025-09-14T00:00:00.000Z,Listing removed,2025-09-02T00:00:00.000Z,Listed for rent,2023-02-17T00:00:00.000Z,Listing removed
"17 Greenbrier Dr, Benton, AR 72015",17 Greenbrier Dr,Benton,AR,,forRent,3,1460,,1545,51,https://www.zillow.com/homedetails/17-Greenbrier-Dr-Benton-AR-72015/386172_zpid/,,143000,2026-09-17T00:00:00.000Z,Price change,2026-08-27T00:00:00.000Z,Price change,2026-08-03T00:00:00.000Z,Listed for rent,2026-02-23T00:00:00.000Z,Listing removed,2026-02-19T00:00:00.000Z,Price change,2026-01-29T00:00:00.000Z,Price change
"1067 Huntington Dr, Benton, AR 72019",1067 Huntington Dr,Benton,AR,,forRent,4,1459,,1495,41,https://www.zillow.com/homedetails/1067-Huntington-Dr-Benton-AR-72019/2061767452_zpid/,,,2026-09-17T00:00:00.000Z,Price change,2026-08-13T00:00:00.000Z,Listed for rent,2024-11-08T00:00:00.000Z,Listing removed,2024-11-05T00:00:00.000Z,Listed for rent,2024-03-22T00:00:00.000Z,Listing removed,2024-02-27T00:00:00.000Z,Listed for rent
"3225 Jean Cv, Alexander, AR 72002",3225 Jean Cv,Alexander,AR,,forRent,3,2827,,2600,169,https://www.zillow.com/homedetails/3225-Jean-Cv-Alexander-AR-72002/378862_zpid/,,,2026-07-27T00:00:00.000Z,Price change,2026-04-07T00:00:00.000Z,Listed for rent,,,,,,,,
"17024 Congo Ferndale Rd, Little Rock, AR 72210",17024 Congo Ferndale Rd,Little Rock,AR,,forRent,4,1590,,1675,105,https://www.zillow.com/homedetails/17024-Congo-Ferndale-Rd-Little-Rock-AR-72210/370120_zpid/,,279500,2026-06-10T00:00:00.000Z,Listed for rent,2020-09-11T00:00:00.000Z,Listing removed,2020-07-23T00:00:00.000Z,Listed for rent,2018-05-13T00:00:00.000Z,Listing removed,2018-01-31T00:00:00.000Z,Listed for rent,2017-03-29T00:00:00.000Z,Sold
"6056 Orange Valley Cv, Mabelvale, AR 72103",6056 Orange Valley Cv,Mabelvale,AR,,forRent,4,1537,,1675,16,https://www.zillow.com/homedetails/6056-Orange-Valley-Cv-Mabelvale-AR-72103/463591455_zpid/,,,2026-07-01T00:00:00.000Z,Listed for rent,,,,,,,,,,
"1602 Harmon Dr, Benton, AR 72015",1602 Harmon Dr,Benton,AR,,forRent,4,1881,,1595,6,https://www.zillow.com/homedetails/1602-Harmon-Dr-Benton-AR-72015/384937_zpid/,,100000,2026-09-18T00:00:00.000Z,Listed for rent,2025-09-12T00:00:00.000Z,Listing removed,2025-06-03T00:00:00.000Z,Listed for rent,2025-05-27T00:00:00.000Z,Listing removed,2025-05-22T00:00:00.000Z,Listed for sale,2025-05-13T00:00:00.000Z,Sold
"5813 Heritage Heights Dr, Benton, AR 72019",5813 Heritage Heights Dr,Benton,AR,,forRent,4,1792,,1695,111,https://www.zillow.com/homedetails/5813-Heritage-Heights-Dr-Benton-AR-72019/71715692_zpid/,,199000,2026-08-27T00:00:00.000Z,Price change,2026-08-12T00:00:00.000Z,Price change,2026-07-29T00:00:00.000Z,Price change,2026-07-15T00:00:00.000Z,Price change,2026-06-04T00:00:00.000Z,Listed for rent,2024-04-06T00:00:00.000Z,Listing removed
"2114 Richland Park Dr, Bryant, AR 72022",2114 Richland Park Dr,Bryant,AR,,forRent,3,1595,,1575,15,https://www.zillow.com/homedetails/2114-Richland-Park-Dr-Bryant-AR-72022/71716425_zpid/,,5656,2026-09-08T00:00:00.000Z,Listed for rent,2025-07-05T00:00:00.000Z,Listing removed,2025-07-04T00:00:00.000Z,Listed for rent,2025-07-04T00:00:00.000Z,Listing removed,2025-07-02T00:00:00.000Z,Listed for rent,2023-05-02T00:00:00.000Z,Listing removed
"1294 Ridge Rd, Benton, AR 72015",1294 Ridge Rd,Benton,AR,,forRent,3,1108,,1145,17,https://www.zillow.com/homedetails/1294-Ridge-Rd-Benton-AR-72015/114182952_zpid/,,2000,2026-09-06T00:00:00.000Z,Listed for rent,2022-08-12T00:00:00.000Z,Listing removed,2022-08-01T00:00:00.000Z,Price change,2022-07-27T00:00:00.000Z,Listed for rent,2013-02-01T00:00:00.000Z,Sold,,
"1710 Cedarhurst Dr, Benton, AR 72015",1710 Cedarhurst Dr,Benton,AR,,forRent,3,1680,,1550,62,https://www.zillow.com/homedetails/1710-Cedarhurst-Dr-Benton-AR-72015/384477_zpid/,,127500,2026-09-19T00:00:00.000Z,Price change,2026-09-12T00:00:00.000Z,Price change,2026-09-04T00:00:00.000Z,Price change,2026-08-29T00:00:00.000Z,Price change,2026-06-23T00:00:00.000Z,Listed for rent,2024-05-13T00:00:00.000Z,Listing removed
"2615 Stivers Blvd, Bryant, AR 72022",2615 Stivers Blvd,Bryant,AR,,forRent,3,1736,,1700,11,https://www.zillow.com/homedetails/2615-Stivers-Blvd-Bryant-AR-72022/391919_zpid/,,190000,2026-09-16T00:00:00.000Z,Price change,2026-09-12T00:00:00.000Z,Listed for rent,2025-04-04T00:00:00.000Z,Sold,2025-03-05T00:00:00.000Z,Contingent,2025-03-01T00:00:00.000Z,Listed for sale,2022-06-13T00:00:00.000Z,Listing removed
"1519 Mulberry Salem Rd, Benton, AR 72019",1519 Mulberry Salem Rd,Benton,AR,,forRent,3,1712,,1700,23,https://www.zillow.com/homedetails/1519-Mulberry-Salem-Rd-Benton-AR-72019/376849_zpid/,,340000,2026-09-05T00:00:00.000Z,Listed for rent,2026-02-25T00:00:00.000Z,Listing removed,2026-02-19T00:00:00.000Z,Listed for rent,2025-11-07T00:00:00.000Z,Sold,2024-09-15T00:00:00.000Z,Listing removed,2024-06-17T00:00:00.000Z,Listed for sale
"4903 Natalie Dr, Bryant, AR 72022",4903 Natalie Dr,Bryant,AR,,forRent,4,1990,,1860,30,https://www.zillow.com/homedetails/4903-Natalie-Dr-Bryant-AR-72022/82281136_zpid/,,38000,2026-08-24T00:00:00.000Z,Listed for rent,2007-08-22T00:00:00.000Z,Sold,,,,,,,,
"1961 Auburn Hills Dr, Benton, AR 72015",1961 Auburn Hills Dr,Benton,AR,,forRent,3,1470,,1850,51,https://www.zillow.com/homedetails/1961-Auburn-Hills-Dr-Benton-AR-72015/2061982521_zpid/,,210000,2026-08-04T00:00:00.000Z,Sold,2026-08-04T00:00:00.000Z,Listed for rent,2026-08-04T00:00:00.000Z,Contingent,2026-06-22T00:00:00.000Z,Price change,2026-05-30T00:00:00.000Z,Price change,2026-05-06T00:00:00.000Z,Price change
"4326 Glenda Ln, Benton, AR 72019",4326 Glenda Ln,Benton,AR,,forRent,3,1398,,1495,50,https://www.zillow.com/homedetails/4326-Glenda-Ln-Benton-AR-72019/68021994_zpid/,,157000,2026-09-17T00:00:00.000Z,Price change,2026-08-04T00:00:00.000Z,Listed for rent,2025-07-11T00:00:00.000Z,Listing removed,2025-07-01T00:00:00.000Z,Listed for rent,2025-06-26T00:00:00.000Z,Listing removed,2025-06-12T00:00:00.000Z,Price change
"605 Valley Vista Dr, Benton, AR 72019",605 Valley Vista Dr,Benton,AR,,forRent,4,1942,,1875,78,https://www.zillow.com/homedetails/605-Valley-Vista-Dr-Benton-AR-72019/387089_zpid/,,,2026-07-07T00:00:00.000Z,Listed for rent,,,,,,,,,,
"6634 Hollywood Ave, Benton, AR 72019",6634 Hollywood Ave,Benton,AR,,forRent,3,1051,,1195,15,https://www.zillow.com/homedetails/6634-Hollywood-Ave-Benton-AR-72019/459936342_zpid/,,,2026-09-09T00:00:00.000Z,Listed for rent,2026-08-14T00:00:00.000Z,Listing removed,2026-06-25T00:00:00.000Z,Price change,2026-06-17T00:00:00.000Z,Price change,2026-06-08T00:00:00.000Z,Price change,2026-05-28T00:00:00.000Z,Price change
"300 Jefferson St, Benton, AR 72015",300 Jefferson St,Benton,AR,,forRent,3,1300,,1500,4,https://www.zillow.com/homedetails/300-Jefferson-St-Benton-AR-72015/114167718_zpid/,,,2026-09-19T00:00:00.000Z,Listed for rent,,,,,,,,,,
"4056 Kings River Trl, Bauxite, AR 72011",4056 Kings River Trl,Bauxite,AR,,forRent,3,1480,,1345,57,https://www.zillow.com/homedetails/4056-Kings-River-Trl-Bauxite-AR-72011/2062403626_zpid/,,200660,2026-09-22T00:00:00.000Z,Price change,2026-08-27T00:00:00.000Z,Price change,2026-08-20T00:00:00.000Z,Price change,2026-08-13T00:00:00.000Z,Price change,2026-07-29T00:00:00.000Z,Listed for rent,2023-02-11T00:00:00.000Z,Listing removed
"6099 Meridian Dr, Alexander, AR 72002",6099 Meridian Dr,Alexander,AR,,forRent,4,1824,,2195,13,https://www.zillow.com/homedetails/6099-Meridian-Dr-Alexander-AR-72002/456178536_zpid/,,,2026-09-10T00:00:00.000Z,Listed for rent,2026-01-22T00:00:00.000Z,Listing removed,2025-12-23T00:00:00.000Z,Listed for rent,2025-11-27T00:00:00.000Z,Listing removed,2025-08-22T00:00:00.000Z,Listed for sale,,
"3509 Terrace Hill Ct, Benton, AR 72019",3509 Terrace Hill Ct,Benton,AR,,forRent,3,1500,,1400,23,https://www.zillow.com/homedetails/3509-Terrace-Hill-Ct-Benton-AR-72019/124735446_zpid/,,122580,2026-09-08T00:00:00.000Z,Price change,2026-08-31T00:00:00.000Z,Listed for rent,2023-07-09T00:00:00.000Z,Listing removed,2023-07-06T00:00:00.000Z,Listed for rent,2022-03-04T00:00:00.000Z,Sold,2014-09-04T00:00:00.000Z,Sold
"2225 Redwood, Benton, AR 72015",2225 Redwood,Benton,AR,,forRent,3,1758,,1800,114,https://www.zillow.com/homedetails/2225-Redwood-Benton-AR-72015/52934068_zpid/,,132000,2026-09-03T00:00:00.000Z,Price change,2026-08-17T00:00:00.000Z,Price change,2026-07-13T00:00:00.000Z,Price change,2026-06-01T00:00:00.000Z,Listed for rent,2025-05-31T00:00:00.000Z,Listing removed,2025-05-17T00:00:00.000Z,Listed for rent
"5207 Glenmere Rd, North Little Rock, AR 72116",5207 Glenmere Rd,North Little Rock,AR,,forRent,3,1286,,1350,0,https://www.zillow.com/homedetails/5207-Glenmere-Rd-North-Little-Rock-AR-72116/295501_zpid/,,150000,2026-09-24T00:00:00.000Z,Listed for rent,2022-02-05T00:00:00.000Z,Listing removed,2022-01-21T00:00:00.000Z,Listed for rent,2021-12-30T00:00:00.000Z,Sold,2015-02-20T00:00:00.000Z,Sold,2014-12-24T00:00:00.000Z,Listed for sale
"717 Annelle St, North Little Rock, AR 72117",717 Annelle St,North Little Rock,AR,,forRent,3,910,,995,149,https://www.zillow.com/homedetails/717-Annelle-St-North-Little-Rock-AR-72117/274821_zpid/,,107500,2026-07-30T00:00:00.000Z,Sold,2026-06-05T00:00:00.000Z,Price change,2026-05-08T00:00:00.000Z,Price change,2026-04-28T00:00:00.000Z,Listed for rent,2026-04-17T00:00:00.000Z,Listing removed,2026-04-15T00:00:00.000Z,Listed for sale
"9220 Ricky Ln, Little Rock, AR 72209",9220 Ricky Ln,Little Rock,AR,,forRent,3,954,,1095,194,https://www.zillow.com/homedetails/9220-Ricky-Ln-Little-Rock-AR-72209/322631_zpid/,,121900,2026-09-05T00:00:00.000Z,Price change,2026-08-07T00:00:00.000Z,Price change,2026-03-14T00:00:00.000Z,Listed for rent,2024-01-11T00:00:00.000Z,Sold,2024-01-11T00:00:00.000Z,Contingent,2023-10-04T00:00:00.000Z,Listing removed
"1216 W 41st St, North Little Rock, AR 72118",1216 W 41st St,North Little Rock,AR,,forRent,3,1353,,1097,64,https://www.zillow.com/homedetails/1216-W-41st-St-North-Little-Rock-AR-72118/300593_zpid/,,31450,2026-08-12T00:00:00.000Z,Price change,2026-07-22T00:00:00.000Z,Listed for rent,2025-09-08T00:00:00.000Z,Listing removed,2025-08-21T00:00:00.000Z,Price change,2025-08-11T00:00:00.000Z,Price change,2025-08-09T00:00:00.000Z,Price change
"3117 S Pulaski St, Little Rock, AR 72206",3117 S Pulaski St,Little Rock,AR,,forRent,3,985,,925,0,https://www.zillow.com/homedetails/3117-S-Pulaski-St-Little-Rock-AR-72206/317941_zpid/,,59000,2026-09-23T00:00:00.000Z,Listed for rent,2024-01-07T00:00:00.000Z,Listing removed,2023-12-26T00:00:00.000Z,Price change,2023-12-10T00:00:00.000Z,Price change,2023-10-19T00:00:00.000Z,Listed for rent,2023-10-10T00:00:00.000Z,Sold
"13015 Arthur Ln, Little Rock, AR 72211",13015 Arthur Ln,Little Rock,AR,,forRent,3,1650,,2500,1,https://www.zillow.com/homedetails/13015-Arthur-Ln-Little-Rock-AR-72211/79791081_zpid/,,55000,2026-09-22T00:00:00.000Z,Listed for rent,2006-08-16T00:00:00.000Z,Sold,,,,,,,,
"7305 Ohio St, Little Rock, AR 72207",7305 Ohio St,Little Rock,AR,,forRent,3,1066,,1350,0,https://www.zillow.com/homedetails/7305-Ohio-St-Little-Rock-AR-72207/342111_zpid/,,99000,2026-09-24T00:00:00.000Z,Listed for rent,2026-08-07T00:00:00.000Z,Sold,2015-09-17T00:00:00.000Z,Sold,1999-05-20T00:00:00.000Z,Sold,,,,
"7120 Yorkwood Dr, Little Rock, AR 72209",7120 Yorkwood Dr,Little Rock,AR,,forRent,3,1472,,1150,13,https://www.zillow.com/homedetails/7120-Yorkwood-Dr-Little-Rock-AR-72209/361671_zpid/,,97500,2026-09-10T00:00:00.000Z,Listed for rent,2020-05-12T00:00:00.000Z,Listing removed,2020-04-30T00:00:00.000Z,Listed for rent,2019-08-21T00:00:00.000Z,Listing removed,2019-08-09T00:00:00.000Z,Sold,2019-08-05T00:00:00.000Z,Listed for rent
"14503 Baucum Rd, North Little Rock, AR 72117",14503 Baucum Rd,North Little Rock,AR,,forRent,3,1305,,1725,1,https://www.zillow.com/homedetails/14503-Baucum-Rd-North-Little-Rock-AR-72117/450865257_zpid/,,,2026-09-22T00:00:00.000Z,Listed for rent,2026-09-01T00:00:00.000Z,Listing removed,2026-08-14T00:00:00.000Z,Listed for rent,2025-09-26T00:00:00.000Z,Listing removed,2025-08-23T00:00:00.000Z,Listed for rent,2025-08-13T00:00:00.000Z,Listing removed
"5805 Wisteria Ct, North Little Rock, AR 72118",5805 Wisteria Ct,North Little Rock,AR,,forRent,3,910,,1195,117,https://www.zillow.com/homedetails/5805-Wisteria-Ct-North-Little-Rock-AR-72118/298007_zpid/,,50000,2026-05-30T00:00:00.000Z,Listed for rent,2026-02-17T00:00:00.000Z,Sold,2013-05-17T00:00:00.000Z,Sold,,,,,,
"5807 Hutsell Rd, Little Rock, AR 72209",5807 Hutsell Rd,Little Rock,AR,,forRent,3,1080,,1200,2,https://www.zillow.com/homedetails/5807-Hutsell-Rd-Little-Rock-AR-72209/320141_zpid/,,9950,2026-09-21T00:00:00.000Z,Listed for rent,2026-09-19T00:00:00.000Z,Listing removed,2026-08-22T00:00:00.000Z,Price change,2026-08-10T00:00:00.000Z,Price change,2026-07-25T00:00:00.000Z,Price change,2026-06-14T00:00:00.000Z,Listed for sale
"5103 Timber Creek Cir, North Little Rock, AR 72116",5103 Timber Creek Cir,North Little Rock,AR,,forRent,3,2331,,2750,2,https://www.zillow.com/homedetails/5103-Timber-Creek-Cir-North-Little-Rock-AR-72116/274314_zpid/,,270000,2026-09-21T00:00:00.000Z,Listed for rent,2026-06-29T00:00:00.000Z,Sold,2026-06-29T00:00:00.000Z,Contingent,2026-06-03T00:00:00.000Z,Price change,2026-05-14T00:00:00.000Z,Price change,2026-05-01T00:00:00.000Z,Listed for sale
"501 Hemphill Rd, Sherwood, AR 72120",501 Hemphill Rd,Sherwood,AR,,forRent,3,1550,,1900,2,https://www.zillow.com/homedetails/501-Hemphill-Rd-Sherwood-AR-72120/278581_zpid/,,325500,2026-09-21T00:00:00.000Z,Listed for rent,2021-03-24T00:00:00.000Z,Listing removed,2015-04-29T00:00:00.000Z,Listing removed,2015-04-25T00:00:00.000Z,Price change,2015-04-17T00:00:00.000Z,Price change,2015-04-09T00:00:00.000Z,Listed for rent
"301 Latona Ln, North Little Rock, AR 72118",301 Latona Ln,North Little Rock,AR,,forRent,3,1344,,2695,3,https://www.zillow.com/homedetails/301-Latona-Ln-North-Little-Rock-AR-72118/290398_zpid/,,52000,2026-09-21T00:00:00.000Z,Listed for rent,2025-11-09T00:00:00.000Z,Listing removed,2025-09-29T00:00:00.000Z,Listed for rent,2025-05-12T00:00:00.000Z,Listing removed,2025-04-28T00:00:00.000Z,Price change,2025-04-07T00:00:00.000Z,Price change
"522 Water St, North Little Rock, AR 72117",522 Water St,North Little Rock,AR,,forRent,3,1100,,844,99,https://www.zillow.com/homedetails/522-Water-St-North-Little-Rock-AR-72117/276658_zpid/,,200000,2026-08-22T00:00:00.000Z,Price change,2026-08-20T00:00:00.000Z,Price change,2026-06-29T00:00:00.000Z,Price change,2026-06-16T00:00:00.000Z,Listed for rent,2025-10-13T00:00:00.000Z,Listing removed,2025-09-22T00:00:00.000Z,Price change
"22 Pennwood Dr, Sherwood, AR 72120",22 Pennwood Dr,Sherwood,AR,,forRent,3,1639,,1750,2,https://www.zillow.com/homedetails/22-Pennwood-Dr-Sherwood-AR-72120/280596_zpid/,,145000,2026-09-21T00:00:00.000Z,Listed for rent,2026-09-04T00:00:00.000Z,Listing removed,2026-08-19T00:00:00.000Z,Price change,2026-08-04T00:00:00.000Z,Price change,2026-07-03T00:00:00.000Z,Listed for sale,2026-07-03T00:00:00.000Z,Listing removed
"1317 Puritan Dr, Jacksonville, AR 72076",1317 Puritan Dr,Jacksonville,AR,,forRent,3,1706,,1995,17,https://www.zillow.com/homedetails/1317-Puritan-Dr-Jacksonville-AR-72076/122005430_zpid/,,160000,2026-09-07T00:00:00.000Z,Listed for rent,2026-08-31T00:00:00.000Z,Listing removed,2026-07-16T00:00:00.000Z,Listed for rent,2026-03-02T00:00:00.000Z,Listing removed,2026-01-09T00:00:00.000Z,Listed for rent,2025-03-24T00:00:00.000Z,Listing removed
"1320 Abigail St, Little Rock, AR 72204",1320 Abigail St,Little Rock,AR,,forRent,4,1344,,1395,138,https://www.zillow.com/homedetails/1320-Abigail-St-Little-Rock-AR-72204/313477_zpid/,,2970,2026-05-09T00:00:00.000Z,Listed for rent,2025-12-05T00:00:00.000Z,Listing removed,2025-08-15T00:00:00.000Z,Listed for sale,2025-08-15T00:00:00.000Z,Contingent,2025-06-07T00:00:00.000Z,Listed for sale,2025-03-22T00:00:00.000Z,Listing removed
"205 Wisteria Dr, North Little Rock, AR 72118",205 Wisteria Dr,North Little Rock,AR,,forRent,3,900,,1100,15,https://www.zillow.com/homedetails/205-Wisteria-Dr-North-Little-Rock-AR-72118/297278_zpid/,,62000,2026-09-08T00:00:00.000Z,Listed for rent,2026-03-27T00:00:00.000Z,Listing removed,2026-03-13T00:00:00.000Z,Listed for rent,2026-01-22T00:00:00.000Z,Sold,2023-06-05T00:00:00.000Z,Sold,2014-12-30T00:00:00.000Z,Sold
"217 Raney Pl, Jacksonville, AR 72076",217 Raney Pl,Jacksonville,AR,,forRent,3,1480,,1300,3,https://www.zillow.com/homedetails/217-Raney-Pl-Jacksonville-AR-72076/267279_zpid/,,57500,2026-09-21T00:00:00.000Z,Listed for rent,2025-03-11T00:00:00.000Z,Listing removed,2025-02-27T00:00:00.000Z,Listed for rent,2024-02-20T00:00:00.000Z,Listing removed,2024-01-11T00:00:00.000Z,Price change,2024-01-03T00:00:00.000Z,Price change
"158 Ridgeland Dr, Maumelle, AR 72113",158 Ridgeland Dr,Maumelle,AR,,forRent,3,1835,,1975,15,https://www.zillow.com/homedetails/158-Ridgeland-Dr-Maumelle-AR-72113/325729_zpid/,,188900,2026-09-08T00:00:00.000Z,Listed for rent,2025-04-11T00:00:00.000Z,Listing removed,2024-12-03T00:00:00.000Z,Listed for rent,2023-01-20T00:00:00.000Z,Listing removed,2023-01-06T00:00:00.000Z,Listed for rent,2019-11-19T00:00:00.000Z,Listing removed
"2940 Marble Cv, Sherwood, AR 72120",2940 Marble Cv,Sherwood,AR,,forRent,4,3000,,3000,5,https://www.zillow.com/homedetails/2940-Marble-Cv-Sherwood-AR-72120/99415202_zpid/,,465000,2026-09-20T00:00:00.000Z,Price change,2026-09-19T00:00:00.000Z,Listed for rent,2026-06-10T00:00:00.000Z,Listing removed,2026-05-15T00:00:00.000Z,Listed for rent,2024-09-13T00:00:00.000Z,Sold,2024-07-12T00:00:00.000Z,Price change
"110 River Valley Loop, Maumelle, AR 72113",110 River Valley Loop,Maumelle,AR,,forRent,4,2670,,2600,14,https://www.zillow.com/homedetails/110-River-Valley-Loop-Maumelle-AR-72113/79782764_zpid/,,340000,2026-09-10T00:00:00.000Z,Listed for rent,2026-08-14T00:00:00.000Z,Listing removed,2026-06-10T00:00:00.000Z,Listed for sale,2021-06-15T00:00:00.000Z,Sold,2014-12-02T00:00:00.000Z,Sold,2014-11-16T00:00:00.000Z,Listed for sale
"203 Logan Dr, Maumelle, AR 72113",203 Logan Dr,Maumelle,AR,,forRent,3,1472,,1835,54,https://www.zillow.com/homedetails/203-Logan-Dr-Maumelle-AR-72113/2057186362_zpid/,,,2026-08-05T00:00:00.000Z,Price change,2026-07-31T00:00:00.000Z,Listed for rent,2024-08-27T00:00:00.000Z,Listing removed,2024-08-01T00:00:00.000Z,Listed for rent,2023-06-19T00:00:00.000Z,Listing removed,2023-06-10T00:00:00.000Z,Listed for rent
"20 Edgehill Cv, Maumelle, AR 72113",20 Edgehill Cv,Maumelle,AR,,forRent,3,1520,,1095,0,https://www.zillow.com/homedetails/20-Edgehill-Cv-Maumelle-AR-72113/79781400_zpid/,,357500,2026-09-23T00:00:00.000Z,Listed for rent,2026-07-24T00:00:00.000Z,Listing removed,2026-07-15T00:00:00.000Z,Listed for rent,2025-11-11T00:00:00.000Z,Listing removed,2025-08-29T00:00:00.000Z,Price change,2025-08-15T00:00:00.000Z,Price change
"10413 Cypress Knee Dr, Maumelle, AR 72113",10413 Cypress Knee Dr,Maumelle,AR,,forRent,3,1480,,1800,84,https://www.zillow.com/homedetails/10413-Cypress-Knee-Dr-Maumelle-AR-72113/2060938533_zpid/,,,2026-07-01T00:00:00.000Z,Listed for rent,2025-04-22T00:00:00.000Z,Listing removed,2025-04-04T00:00:00.000Z,Listed for rent,2022-11-13T00:00:00.000Z,Listing removed,2022-10-25T00:00:00.000Z,Listed for rent,,
"106 Jo Park Ln, Maumelle, AR 72113",106 Jo Park Ln,Maumelle,AR,,forRent,4,1640,,2000,48,https://www.zillow.com/homedetails/106-Jo-Park-Ln-Maumelle-AR-72113/2056841941_zpid/,,,2026-08-06T00:00:00.000Z,Listed for rent,2023-10-04T00:00:00.000Z,Listing removed,2023-10-03T00:00:00.000Z,Listed for rent,2023-10-03T00:00:00.000Z,Listing removed,2023-06-29T00:00:00.000Z,Listed for rent,,
"205 Logan Dr, Maumelle, AR 72113",205 Logan Dr,Maumelle,AR,,forRent,3,1472,,1835,68,https://www.zillow.com/homedetails/205-Logan-Dr-Maumelle-AR-72113/2057186361_zpid/,,,2026-08-05T00:00:00.000Z,Price change,2026-07-17T00:00:00.000Z,Listed for rent,2025-09-04T00:00:00.000Z,Listing removed,2025-09-03T00:00:00.000Z,Listed for rent,2025-09-03T00:00:00.000Z,Listing removed,2025-08-29T00:00:00.000Z,Price change
"61 Pin Oak Loop, Maumelle, AR 72113",61 Pin Oak Loop,Maumelle,AR,,forRent,3,1173,,1495,82,https://www.zillow.com/homedetails/61-Pin-Oak-Loop-Maumelle-AR-72113/326810_zpid/,,175000,2026-08-14T00:00:00.000Z,Price change,2026-08-12T00:00:00.000Z,Price change,2026-07-03T00:00:00.000Z,Listed for rent,2024-04-25T00:00:00.000Z,Listing removed,2024-04-09T00:00:00.000Z,Listed for rent,2023-02-09T00:00:00.000Z,Listing removed
"117 Logan Dr, Maumelle, AR 72113",117 Logan Dr,Maumelle,AR,,forRent,3,1472,,1835,78,https://www.zillow.com/homedetails/117-Logan-Dr-Maumelle-AR-72113/2057186355_zpid/,,,2026-07-07T00:00:00.000Z,Listed for rent,2023-07-30T00:00:00.000Z,Listing removed,2023-07-29T00:00:00.000Z,Listed for rent,2023-07-29T00:00:00.000Z,Listing removed,2023-06-10T00:00:00.000Z,Listed for rent,,
"21 Pin Oak Loop, Maumelle, AR 72113",21 Pin Oak Loop,Maumelle,AR,,forRent,3,1270,,1500,7,https://www.zillow.com/homedetails/21-Pin-Oak-Loop-Maumelle-AR-72113/326790_zpid/,,177000,2026-09-16T00:00:00.000Z,Listed for rent,2025-06-29T00:00:00.000Z,Listing removed,2025-06-19T00:00:00.000Z,Listed for rent,2025-04-11T00:00:00.000Z,Sold,2025-04-11T00:00:00.000Z,Contingent,2025-02-24T00:00:00.000Z,Price change
"111 Miramar Dr, Maumelle, AR 72113",111 Miramar Dr,Maumelle,AR,,forRent,3,2404,,2390,19,https://www.zillow.com/homedetails/111-Miramar-Dr-Maumelle-AR-72113/328081_zpid/,,240000,2026-09-04T00:00:00.000Z,Listed for rent,2025-04-03T00:00:00.000Z,Listing removed,2025-03-18T00:00:00.000Z,Listed for rent,2024-02-23T00:00:00.000Z,Listing removed,2024-01-18T00:00:00.000Z,Listed for rent,2022-02-23T00:00:00.000Z,Listing removed
"708 Neal St, Jacksonville, AR 72076",708 Neal St,Jacksonville,AR,,forRent,3,1160,,900,26,https://www.zillow.com/homedetails/708-Neal-St-Jacksonville-AR-72076/263529_zpid/,,5650,2026-08-28T00:00:00.000Z,Listed for rent,2026-03-25T00:00:00.000Z,Listing removed,2026-03-23T00:00:00.000Z,Listed for rent,2021-02-24T00:00:00.000Z,Sold,2019-01-09T00:00:00.000Z,Listing removed,2019-01-02T00:00:00.000Z,Listed for rent
"621-623 Cosmos St, Maumelle, AR 72113",621-623 Cosmos St,Maumelle,AR,,other,,,,,,https://www.zillow.com/b/621-623-cosmos-st-maumelle-ar-CpNTTZ/,,,,,,,,,,,,,,
"11 Page Cv, Maumelle, AR 72113",11 Page Cv,Maumelle,AR,,forRent,3,1294,,1695,21,https://www.zillow.com/homedetails/11-Page-Cv-Maumelle-AR-72113/326629_zpid/,,222125,2026-09-02T00:00:00.000Z,Listed for rent,2019-05-21T00:00:00.000Z,Listing removed,2019-02-11T00:00:00.000Z,Listed for rent,2017-11-18T00:00:00.000Z,Listing removed,2017-10-06T00:00:00.000Z,Price change,2017-09-16T00:00:00.000Z,Price change
"127 Chambery Dr, Maumelle, AR 72113",127 Chambery Dr,Maumelle,AR,,forRent,4,1651,,2500,20,https://www.zillow.com/homedetails/127-Chambery-Dr-Maumelle-AR-72113/122006196_zpid/,,,2026-09-03T00:00:00.000Z,Price change,2026-07-24T00:00:00.000Z,Listed for rent,2019-06-07T00:00:00.000Z,Listing removed,2019-03-21T00:00:00.000Z,Price change,2019-02-14T00:00:00.000Z,Listed for rent,2017-11-15T00:00:00.000Z,Listing removed
"9 Oak Forest Dr, Maumelle, AR 72113",9 Oak Forest Dr,Maumelle,AR,,forRent,3,1176,,1675,8,https://www.zillow.com/homedetails/9-Oak-Forest-Dr-Maumelle-AR-72113/326498_zpid/,,785000,2026-09-15T00:00:00.000Z,Listed for rent,2026-01-10T00:00:00.000Z,Listing removed,2025-12-01T00:00:00.000Z,Listed for rent,2015-05-29T00:00:00.000Z,Sold,2008-09-12T00:00:00.000Z,Sold,,
"57 Stoneledge Dr, Maumelle, AR 72113",57 Stoneledge Dr,Maumelle,AR,,forRent,4,1961,,1950,34,https://www.zillow.com/homedetails/57-Stoneledge-Dr-Maumelle-AR-72113/326028_zpid/,,145000,2026-08-21T00:00:00.000Z,Listed for rent,2024-06-09T00:00:00.000Z,Listing removed,2024-05-08T00:00:00.000Z,Listed for rent,2024-04-23T00:00:00.000Z,Sold,2024-04-06T00:00:00.000Z,Listed for sale,2013-09-20T00:00:00.000Z,Sold
"2 Corbet Ln, Maumelle, AR 72113",2 Corbet Ln,Maumelle,AR,,forRent,3,1523,,2300,33,https://www.zillow.com/homedetails/2-Corbet-Ln-Maumelle-AR-72113/122005820_zpid/,,,2026-08-21T00:00:00.000Z,Listed for rent,2025-04-21T00:00:00.000Z,Listing removed,2025-03-25T00:00:00.000Z,Price change,2025-03-04T00:00:00.000Z,Listed for rent,2025-01-27T00:00:00.000Z,Listing removed,2025-01-14T00:00:00.000Z,Price change
"127 Rolling Oaks Dr, Maumelle, AR 72113",127 Rolling Oaks Dr,Maumelle,AR,,forRent,3,1240,,1475,23,https://www.zillow.com/homedetails/127-Rolling-Oaks-Dr-Maumelle-AR-72113/326438_zpid/,,79500,2026-08-31T00:00:00.000Z,Listed for rent,2024-06-10T00:00:00.000Z,Listing removed,2024-06-07T00:00:00.000Z,Listed for rent,2024-06-06T00:00:00.000Z,Listing removed,2024-06-05T00:00:00.000Z,Listed for rent,2019-10-17T00:00:00.000Z,Listing removed
"32 Cinderwood Cv, Maumelle, AR 72113",32 Cinderwood Cv,Maumelle,AR,,forRent,3,2467,,1895,24,https://www.zillow.com/homedetails/32-Cinderwood-Cv-Maumelle-AR-72113/343619_zpid/,,505000,2026-08-30T00:00:00.000Z,Listed for rent,2025-10-09T00:00:00.000Z,Listing removed,2025-09-04T00:00:00.000Z,Price change,2025-08-30T00:00:00.000Z,Listed for rent,2016-07-22T00:00:00.000Z,Listing removed,2016-07-21T00:00:00.000Z,Price change
"109 Maryland Ln, Jacksonville, AR 72076",109 Maryland Ln,Jacksonville,AR,,forRent,3,1201,,1169,41,https://www.zillow.com/homedetails/109-Maryland-Ln-Jacksonville-AR-72076/464516793_zpid/,,,2026-08-13T00:00:00.000Z,Listed for rent,,,,,,,,,,
"24 Oak Ridge Dr, Maumelle, AR 72113",24 Oak Ridge Dr,Maumelle,AR,,forRent,3,1176,,1650,2,https://www.zillow.com/homedetails/24-Oak-Ridge-Dr-Maumelle-AR-72113/326760_zpid/,,97231,2026-09-22T00:00:00.000Z,Listed for rent,2022-08-31T00:00:00.000Z,Listing removed,2022-08-23T00:00:00.000Z,Listed for sale,2020-03-22T00:00:00.000Z,Listing removed,2020-01-27T00:00:00.000Z,Price change,2020-01-01T00:00:00.000Z,Price change
"5 Stoneledge Dr, Maumelle, AR 72113",5 Stoneledge Dr,Maumelle,AR,,forRent,3,1755,,1795,40,https://www.zillow.com/homedetails/5-Stoneledge-Dr-Maumelle-AR-72113/326005_zpid/,,240000,2026-09-19T00:00:00.000Z,Price change,2026-08-14T00:00:00.000Z,Listed for rent,2025-04-10T00:00:00.000Z,Listing removed,2025-03-28T00:00:00.000Z,Listed for rent,2025-02-06T00:00:00.000Z,Sold,2024-11-23T00:00:00.000Z,Listing removed
"81 Oak Forest Loop, Maumelle, AR 72113",81 Oak Forest Loop,Maumelle,AR,,forRent,3,1300,,1700,65,https://www.zillow.com/homedetails/81-Oak-Forest-Loop-Maumelle-AR-72113/326542_zpid/,,145000,2026-07-20T00:00:00.000Z,Listed for rent,2021-01-15T00:00:00.000Z,Sold,2012-10-11T00:00:00.000Z,Sold,1997-04-16T00:00:00.000Z,Sold,,,,
"13503 Teton Dr, Little Rock, AR 72211",13503 Teton Dr,Little Rock,AR,,forRent,,,,,,"https://www.zillow.com/b/13503-teton-dr-little-rock-ar/34.737568,-92.42088_ll/",,,,,,,,,,,,,,
"2400 W Daisy L Gatson Bates Dr, Little Rock, AR 72202",2400 W Daisy L Gatson Bates Dr,Little Rock,AR,,forRent,3,1674,,1975,3,https://www.zillow.com/homedetails/2400-W-Daisy-L-Gatson-Bates-Dr-Little-Rock-AR-72202/314885_zpid/,,265000,2026-07-08T00:00:00.000Z,Listed for rent,2024-10-03T00:00:00.000Z,Sold,2023-09-23T00:00:00.000Z,Listing removed,2023-06-09T00:00:00.000Z,Listed for sale,2016-05-09T00:00:00.000Z,Sold,2004-10-26T00:00:00.000Z,Sold
"612 Brookhaven Ct, Jacksonville, AR 72076",612 Brookhaven Ct,Jacksonville,AR,,forRent,3,1200,,1450,55,https://www.zillow.com/homedetails/612-Brookhaven-Ct-Jacksonville-AR-72076/269803_zpid/,,124900,2026-07-31T00:00:00.000Z,Listed for rent,2023-03-27T00:00:00.000Z,Listing removed,2023-03-21T00:00:00.000Z,Price change,2023-03-14T00:00:00.000Z,Price change,2023-03-09T00:00:00.000Z,Price change,2023-03-02T00:00:00.000Z,Listed for rent
"2708 S Chester St, Little Rock, AR 72206",2708 S Chester St,Little Rock,AR,,forRent,3,1840,,1450,35,https://www.zillow.com/homedetails/2708-S-Chester-St-Little-Rock-AR-72206/317615_zpid/,,39750,2026-08-19T00:00:00.000Z,Listed for rent,2026-08-19T00:00:00.000Z,Listing removed,2026-04-10T00:00:00.000Z,Listed for rent,2020-07-31T00:00:00.000Z,Sold,2020-06-25T00:00:00.000Z,Listed for sale,2019-12-26T00:00:00.000Z,Sold
"805 Maple St, North Little Rock, AR 72114",805 Maple St,North Little Rock,AR,,forRent,3,1062,,1595,33,https://www.zillow.com/homedetails/805-Maple-St-North-Little-Rock-AR-72114/305032_zpid/,,50000,2026-09-22T00:00:00.000Z,Price change,2026-09-10T00:00:00.000Z,Price change,2026-06-02T00:00:00.000Z,Listed for rent,2024-04-18T00:00:00.000Z,Listing removed,2024-03-25T00:00:00.000Z,Price change,2024-02-17T00:00:00.000Z,Listed for rent
"2801 Circlewood Rd, Little Rock, AR 72207",2801 Circlewood Rd,Little Rock,AR,,forRent,3,1401,,1980,75,https://www.zillow.com/homedetails/2801-Circlewood-Rd-Little-Rock-AR-72207/334475_zpid/,,267500,2026-09-09T00:00:00.000Z,Price change,2026-08-05T00:00:00.000Z,Price change,2026-07-10T00:00:00.000Z,Listed for rent,2026-06-09T00:00:00.000Z,Listing removed,2026-05-10T00:00:00.000Z,Listed for rent,2025-05-16T00:00:00.000Z,Sold
"4311 W 19th St, Little Rock, AR 72204",4311 W 19th St,Little Rock,AR,,forRent,3,1332,,1050,1,https://www.zillow.com/homedetails/4311-W-19th-St-Little-Rock-AR-72204/313641_zpid/,,15000,2026-09-22T00:00:00.000Z,Listed for rent,2025-10-23T00:00:00.000Z,Listing removed,2025-08-28T00:00:00.000Z,Price change,2025-08-15T00:00:00.000Z,Price change,2025-08-05T00:00:00.000Z,Price change,2025-07-29T00:00:00.000Z,Price change
"128 Ricky Raccoon Dr, Jacksonville, AR 72076",128 Ricky Raccoon Dr,Jacksonville,AR,,forRent,3,1608,,1600,0,https://www.zillow.com/homedetails/128-Ricky-Raccoon-Dr-Jacksonville-AR-72076/270187_zpid/,,193000,2026-09-23T00:00:00.000Z,Listed for rent,2023-03-02T00:00:00.000Z,Sold,2023-02-22T00:00:00.000Z,Contingent,2023-01-25T00:00:00.000Z,Price change,2023-01-14T00:00:00.000Z,Listed for sale,2022-09-15T00:00:00.000Z,Sold
"203 Glenview Ln, North Little Rock, AR 72117",203 Glenview Ln,North Little Rock,AR,,forRent,4,1157,,1595,2,https://www.zillow.com/homedetails/203-Glenview-Ln-North-Little-Rock-AR-72117/276570_zpid/,,3500,2026-09-22T00:00:00.000Z,Listed for rent,2026-02-02T00:00:00.000Z,Sold,2021-01-15T00:00:00.000Z,Listing removed,2020-12-13T00:00:00.000Z,Price change,2020-10-06T00:00:00.000Z,Listed for sale,2013-06-26T00:00:00.000Z,Sold
"7115 Mabelvale Cut Off Rd, Little Rock, AR 72209",7115 Mabelvale Cut Off Rd,Little Rock,AR,,forRent,3,1465,,1495,36,https://www.zillow.com/homedetails/7115-Mabelvale-Cut-Off-Rd-Little-Rock-AR-72209/2060689031_zpid/,,79500,2026-09-22T00:00:00.000Z,Listing removed,2026-08-20T00:00:00.000Z,Listed for rent,2026-08-04T00:00:00.000Z,Price change,2026-07-15T00:00:00.000Z,Price change,2026-07-07T00:00:00.000Z,Listed for sale,2025-09-26T00:00:00.000Z,Listing removed
"400 Redbud Ct, Jacksonville, AR 72076",400 Redbud Ct,Jacksonville,AR,,forRent,,,,,,"https://www.zillow.com/b/400-redbud-ct-jacksonville-ar/34.867172,-92.097824_ll/",,,,,,,,,,,,,,
"23 Baltimore St, Little Rock, AR 72206",23 Baltimore St,Little Rock,AR,,forRent,3,1149,,1197,0,https://www.zillow.com/homedetails/23-Baltimore-St-Little-Rock-AR-72206/35734086_zpid/,,38000,2026-09-23T00:00:00.000Z,Listed for rent,2025-12-01T00:00:00.000Z,Listing removed,2025-11-25T00:00:00.000Z,Price change,2025-11-18T00:00:00.000Z,Price change,2025-11-14T00:00:00.000Z,Price change,2025-11-12T00:00:00.000Z,Price change
"127 Indian Trl, Little Rock, AR 72227",127 Indian Trl,Little Rock,AR,,forRent,3,1200,,1250,5,https://www.zillow.com/homedetails/127-Indian-Trl-Little-Rock-AR-72227/335484_zpid/,,145000,2026-09-18T00:00:00.000Z,Listed for rent,2026-09-04T00:00:00.000Z,Listing removed,2026-08-18T00:00:00.000Z,Price change,2026-07-30T00:00:00.000Z,Price change,2026-07-08T00:00:00.000Z,Listed for rent,2024-03-18T00:00:00.000Z,Listing removed
"1016 Roseclair Dr, North Little Rock, AR 72117",1016 Roseclair Dr,North Little Rock,AR,,forRent,3,1024,,1100,84,https://www.zillow.com/homedetails/1016-Roseclair-Dr-North-Little-Rock-AR-72117/276036_zpid/,,55000,2026-03-26T00:00:00.000Z,Listed for rent,2025-10-29T00:00:00.000Z,Sold,2014-03-10T00:00:00.000Z,Sold,2008-07-15T00:00:00.000Z,Sold,,,,
"1239 W 11th St, North Little Rock, AR 72114",1239 W 11th St,North Little Rock,AR,,forRent,3,1035,,995,0,https://www.zillow.com/homedetails/1239-W-11th-St-North-Little-Rock-AR-72114/304526_zpid/,,500000,2026-09-23T00:00:00.000Z,Listed for rent,2025-08-19T00:00:00.000Z,Listing removed,2025-07-23T00:00:00.000Z,Price change,2025-07-17T00:00:00.000Z,Listed for rent,2025-01-24T00:00:00.000Z,Listing removed,2024-12-17T00:00:00.000Z,Price change
"6904 Dahlia Dr, Little Rock, AR 72209",6904 Dahlia Dr,Little Rock,AR,,forRent,3,1200,,1225,162,https://www.zillow.com/homedetails/6904-Dahlia-Dr-Little-Rock-AR-72209/356969_zpid/,,217000,2026-04-14T00:00:00.000Z,Listed for rent,2024-06-21T00:00:00.000Z,Listing removed,2024-04-02T00:00:00.000Z,Listed for rent,2023-04-28T00:00:00.000Z,Listing removed,2023-03-23T00:00:00.000Z,Price change,2023-01-19T00:00:00.000Z,Listed for rent
"5007 Lochridge Rd, North Little Rock, AR 72116",5007 Lochridge Rd,North Little Rock,AR,,forRent,3,1673,,1425,104,https://www.zillow.com/homedetails/5007-Lochridge-Rd-North-Little-Rock-AR-72116/295107_zpid/,,49000,2026-06-11T00:00:00.000Z,Listed for rent,2024-08-12T00:00:00.000Z,Listing removed,2024-07-31T00:00:00.000Z,Listed for rent,2021-08-11T00:00:00.000Z,Listing removed,2021-07-30T00:00:00.000Z,Listed for rent,2021-07-12T00:00:00.000Z,Listing removed
"5806 Southwick Dr, Little Rock, AR 72209",5806 Southwick Dr,Little Rock,AR,,forRent,3,1116,,1195,153,https://www.zillow.com/homedetails/5806-Southwick-Dr-Little-Rock-AR-72209/322848_zpid/,,127900,2026-08-07T00:00:00.000Z,Price change,2026-04-24T00:00:00.000Z,Listed for rent,2025-02-14T00:00:00.000Z,Listing removed,2024-11-18T00:00:00.000Z,Listed for rent,2024-11-07T00:00:00.000Z,Listing removed,2024-10-17T00:00:00.000Z,Listed for rent
"900 W 23rd St, North Little Rock, AR 72114",900 W 23rd St,North Little Rock,AR,,forRent,3,1250,,1395,43,https://www.zillow.com/homedetails/900-W-23rd-St-North-Little-Rock-AR-72114/82842227_zpid/,,176290,2026-08-11T00:00:00.000Z,Listed for rent,2025-06-03T00:00:00.000Z,Listing removed,2025-05-14T00:00:00.000Z,Price change,2025-04-17T00:00:00.000Z,Price change,2025-04-11T00:00:00.000Z,Price change,2025-04-03T00:00:00.000Z,Listed for rent
"920 Healy St, North Little Rock, AR 72117",920 Healy St,North Little Rock,AR,,forRent,3,988,,1150,1,https://www.zillow.com/homedetails/920-Healy-St-North-Little-Rock-AR-72117/275967_zpid/,,108500,2026-09-22T00:00:00.000Z,Listed for rent,2025-08-15T00:00:00.000Z,Listing removed,2025-07-23T00:00:00.000Z,Listed for rent,2025-07-23T00:00:00.000Z,Listing removed,2025-07-08T00:00:00.000Z,Price change,2025-05-20T00:00:00.000Z,Price change
"224 Rice St, Little Rock, AR 72205",224 Rice St,Little Rock,AR,,forRent,3,1194,,1495,80,https://www.zillow.com/homedetails/224-Rice-St-Little-Rock-AR-72205/307819_zpid/,,170000,2026-07-06T00:00:00.000Z,Listed for rent,2025-08-08T00:00:00.000Z,Listing removed,2025-07-18T00:00:00.000Z,Listed for rent,2022-09-22T00:00:00.000Z,Listing removed,2022-09-14T00:00:00.000Z,Listed for rent,2019-08-22T00:00:00.000Z,Sold
"5500 Parker St, North Little Rock, AR 72118",5500 Parker St,North Little Rock,AR,,forRent,3,986,,1072,71,https://www.zillow.com/homedetails/5500-Parker-St-North-Little-Rock-AR-72118/298526_zpid/,,40000,2026-08-01T00:00:00.000Z,Price change,2026-07-28T00:00:00.000Z,Price change,2026-07-26T00:00:00.000Z,Price change,2026-07-24T00:00:00.000Z,Price change,2026-07-21T00:00:00.000Z,Price change,2026-07-19T00:00:00.000Z,Price change
"2222 Scott St, Little Rock, AR 72206",2222 Scott St,Little Rock,AR,,forRent,3,1316,,1700,8,https://www.zillow.com/homedetails/2222-Scott-St-Little-Rock-AR-72206/445791417_zpid/,,80000,2026-09-15T00:00:00.000Z,Listed for rent,2023-05-25T00:00:00.000Z,Sold,2023-04-28T00:00:00.000Z,Contingent,2023-04-18T00:00:00.000Z,Listed for sale,,,,
"6601 Bluebird Dr, Little Rock, AR 72205",6601 Bluebird Dr,Little Rock,AR,,forRent,3,1609,,1495,105,https://www.zillow.com/homedetails/6601-Bluebird-Dr-Little-Rock-AR-72205/344893_zpid/,,149500,2026-09-11T00:00:00.000Z,Price change,2026-09-04T00:00:00.000Z,Price change,2026-06-24T00:00:00.000Z,Price change,2026-06-10T00:00:00.000Z,Listed for rent,2026-04-15T00:00:00.000Z,Sold,2026-03-23T00:00:00.000Z,Listing removed
"20 Creekdale Dr, Sherwood, AR 72120",20 Creekdale Dr,Sherwood,AR,,forRent,4,1400,,1250,47,https://www.zillow.com/homedetails/20-Creekdale-Dr-Sherwood-AR-72120/271532_zpid/,,100000,2026-09-09T00:00:00.000Z,Price change,2026-08-07T00:00:00.000Z,Listed for rent,2023-06-02T00:00:00.000Z,Listing removed,2023-05-22T00:00:00.000Z,Listed for rent,2022-04-26T00:00:00.000Z,Listing removed,2022-04-22T00:00:00.000Z,Price change
"4112 W 21st St, Little Rock, AR 72204",4112 W 21st St,Little Rock,AR,,forRent,3,1027,,995,0,https://www.zillow.com/homedetails/4112-W-21st-St-Little-Rock-AR-72204/313830_zpid/,,0,2026-09-23T00:00:00.000Z,Listed for rent,2024-07-15T00:00:00.000Z,Listing removed,2024-06-28T00:00:00.000Z,Listed for rent,2024-05-21T00:00:00.000Z,Listing removed,2024-05-17T00:00:00.000Z,Listed for rent,2024-05-09T00:00:00.000Z,Listing removed
"719 Reichardt St, Little Rock, AR 72202",719 Reichardt St,Little Rock,AR,,forRent,3,1857,,2900,9,https://www.zillow.com/homedetails/719-Reichardt-St-Little-Rock-AR-72202/465244951_zpid/,,,2026-09-14T00:00:00.000Z,Listed for rent,,,,,,,,,,
"6 Dee Dee Cir, Little Rock, AR 72223",6 Dee Dee Cir,Little Rock,AR,,forRent,4,1754,,2495,29,https://www.zillow.com/homedetails/6-Dee-Dee-Cir-Little-Rock-AR-72223/363293_zpid/,,150000,2026-09-23T00:00:00.000Z,Listing removed,2026-09-03T00:00:00.000Z,Price change,2026-09-02T00:00:00.000Z,Listed for sale,2026-08-25T00:00:00.000Z,Listing removed,2026-08-25T00:00:00.000Z,Listed for rent,2026-08-07T00:00:00.000Z,Price change
"2914 Jadestone Dr, Sherwood, AR 72120",2914 Jadestone Dr,Sherwood,AR,,forRent,3,1400,,1745,2,https://www.zillow.com/homedetails/2914-Jadestone-Dr-Sherwood-AR-72120/79786298_zpid/,,123000,2026-09-21T00:00:00.000Z,Listed for rent,2012-02-23T00:00:00.000Z,Sold,2011-09-28T00:00:00.000Z,Price change,2011-08-10T00:00:00.000Z,Listed for sale,2011-04-15T00:00:00.000Z,Listing removed,2010-08-05T00:00:00.000Z,Sold
"2201 Westover Dr, Little Rock, AR 72207",2201 Westover Dr,Little Rock,AR,,forRent,3,1951,,2200,16,https://www.zillow.com/homedetails/2201-Westover-Dr-Little-Rock-AR-72207/335147_zpid/,,165000,2026-09-08T00:00:00.000Z,Listed for rent,2026-07-19T00:00:00.000Z,Listing removed,2026-06-28T00:00:00.000Z,Listed for rent,2024-06-01T00:00:00.000Z,Listing removed,2024-05-21T00:00:00.000Z,Listed for rent,2023-01-24T00:00:00.000Z,Listing removed
"6 Norton Rd, Little Rock, AR 72223",6 Norton Rd,Little Rock,AR,,forRent,4,2600,,2900,23,https://www.zillow.com/homedetails/6-Norton-Rd-Little-Rock-AR-72223/98976137_zpid/,,225000,2026-09-17T00:00:00.000Z,Price change,2026-08-31T00:00:00.000Z,Listed for rent,2025-08-06T00:00:00.000Z,Listing removed,2024-08-05T00:00:00.000Z,Listed for sale,2024-04-06T00:00:00.000Z,Listing removed,2023-04-09T00:00:00.000Z,Listing removed
"8620 Northgate Dr, Sherwood, AR 72120",8620 Northgate Dr,Sherwood,AR,,forRent,3,1250,,1425,24,https://www.zillow.com/homedetails/8620-Northgate-Dr-Sherwood-AR-72120/278909_zpid/,,142000,2026-08-30T00:00:00.000Z,Listed for rent,2024-09-13T00:00:00.000Z,Listing removed,2024-08-13T00:00:00.000Z,Listed for rent,2022-08-29T00:00:00.000Z,Listing removed,2022-08-02T00:00:00.000Z,Price change,2022-07-30T00:00:00.000Z,Listed for rent
"2221 E Washington Ave, North Little Rock, AR 72114",2221 E Washington Ave,North Little Rock,AR,,forRent,4,1157,,1550,72,https://www.zillow.com/homedetails/2221-E-Washington-Ave-North-Little-Rock-AR-72114/305415_zpid/,,2500,2026-08-19T00:00:00.000Z,Price change,2026-07-13T00:00:00.000Z,Listed for rent,2025-08-08T00:00:00.000Z,Sold,2024-04-26T00:00:00.000Z,Sold,2021-01-15T00:00:00.000Z,Listing removed,2020-10-25T00:00:00.000Z,Listed for sale
"7 Pleasant Cv, Little Rock, AR 72211",7 Pleasant Cv,Little Rock,AR,,forRent,4,1824,,2650,11,https://www.zillow.com/homedetails/7-Pleasant-Cv-Little-Rock-AR-72211/339378_zpid/,,310000,2026-09-12T00:00:00.000Z,Listed for rent,2025-04-08T00:00:00.000Z,Sold,2025-03-27T00:00:00.000Z,Contingent,2025-03-06T00:00:00.000Z,Listing removed,2025-02-12T00:00:00.000Z,Listed for sale,2025-02-06T00:00:00.000Z,Price change
"3711 W Markham St, Little Rock, AR 72205",3711 W Markham St,Little Rock,AR,,forRent,3,1400,,1395,5,https://www.zillow.com/homedetails/3711-W-Markham-St-Little-Rock-AR-72205/309054_zpid/,,283000,2026-09-18T00:00:00.000Z,Listed for rent,2023-08-05T00:00:00.000Z,Listing removed,2023-07-24T00:00:00.000Z,Price change,2023-07-22T00:00:00.000Z,Price change,2023-06-29T00:00:00.000Z,Price change,2023-06-21T00:00:00.000Z,Price change
"1304 S Taylor St, Little Rock, AR 72204",1304 S Taylor St,Little Rock,AR,,forRent,4,1501,,1395,2,https://www.zillow.com/homedetails/1304-S-Taylor-St-Little-Rock-AR-72204/311353_zpid/,,67000,2026-09-21T00:00:00.000Z,Listed for rent,2026-05-05T00:00:00.000Z,Listing removed,2026-04-28T00:00:00.000Z,Listed for rent,2022-11-18T00:00:00.000Z,Sold,2022-11-09T00:00:00.000Z,Listed for sale,2015-05-21T00:00:00.000Z,Sold
"1006 S Cross St, Little Rock, AR 72202",1006 S Cross St,Little Rock,AR,,forRent,3,1550,,1900,15,https://www.zillow.com/homedetails/1006-S-Cross-St-Little-Rock-AR-72202/307228_zpid/,,60000,2026-09-15T00:00:00.000Z,Price change,2026-09-08T00:00:00.000Z,Listed for rent,2026-09-08T00:00:00.000Z,Listing removed,2026-09-04T00:00:00.000Z,Price change,2026-08-25T00:00:00.000Z,Price change,2026-08-10T00:00:00.000Z,Listed for sale
"31 Rosemoor Dr, Little Rock, AR 72209",31 Rosemoor Dr,Little Rock,AR,,forRent,4,1250,,1275,49,https://www.zillow.com/homedetails/31-Rosemoor-Dr-Little-Rock-AR-72209/319262_zpid/,,92000,2026-08-05T00:00:00.000Z,Listed for rent,2023-12-12T00:00:00.000Z,Listing removed,2023-11-24T00:00:00.000Z,Listed for rent,2023-10-10T00:00:00.000Z,Sold,2023-10-10T00:00:00.000Z,Contingent,2023-08-22T00:00:00.000Z,Listed for sale
"4512 Rogers St, North Little Rock, AR 72117",4512 Rogers St,North Little Rock,AR,,forRent,3,948,,850,15,https://www.zillow.com/homedetails/4512-Rogers-St-North-Little-Rock-AR-72117/275733_zpid/,,43000,2026-08-20T00:00:00.000Z,Price change,2026-07-16T00:00:00.000Z,Listed for rent,2024-02-28T00:00:00.000Z,Listing removed,2024-01-31T00:00:00.000Z,Listed for rent,2024-01-11T00:00:00.000Z,Listing removed,2023-12-20T00:00:00.000Z,Listed for rent
"16318 Lamarche Dr, Little Rock, AR 72223",16318 Lamarche Dr,Little Rock,AR,,forRent,3,1500,,2095,42,https://www.zillow.com/homedetails/16318-Lamarche-Dr-Little-Rock-AR-72223/446823205_zpid/,,,2026-09-17T00:00:00.000Z,Price change,2026-08-12T00:00:00.000Z,Listed for rent,2025-04-25T00:00:00.000Z,Listing removed,2025-04-23T00:00:00.000Z,Price change,2025-04-17T00:00:00.000Z,Price change,2025-03-22T00:00:00.000Z,Listed for rent
"1515 Wolfe St, Little Rock, AR 72202",1515 Wolfe St,Little Rock,AR,,forRent,3,1386,,950,181,https://www.zillow.com/homedetails/1515-Wolfe-St-Little-Rock-AR-72202/314654_zpid/,,17000,2026-09-03T00:00:00.000Z,Price change,2026-07-29T00:00:00.000Z,Price change,2026-03-27T00:00:00.000Z,Listed for rent,2025-03-14T00:00:00.000Z,Listing removed,2025-01-28T00:00:00.000Z,Listed for rent,2023-02-03T00:00:00.000Z,Listing removed
"4816 W 28th St, Little Rock, AR 72204",4816 W 28th St,Little Rock,AR,,forRent,3,1052,,1225,75,https://www.zillow.com/homedetails/4816-W-28th-St-Little-Rock-AR-72204/312384_zpid/,,144000,2026-07-20T00:00:00.000Z,Price change,2026-07-10T00:00:00.000Z,Listed for rent,2026-07-10T00:00:00.000Z,Listing removed,2026-05-16T00:00:00.000Z,Listed for rent,2024-02-12T00:00:00.000Z,Sold,2023-08-31T00:00:00.000Z,Listing removed
"110 East Blvd, Jacksonville, AR 72076",110 East Blvd,Jacksonville,AR,,forRent,4,1138,,1450,36,https://www.zillow.com/homedetails/110-East-Blvd-Jacksonville-AR-72076/266328_zpid/,,8000,2026-09-22T00:00:00.000Z,Price change,2026-08-19T00:00:00.000Z,Listed for rent,2026-08-10T00:00:00.000Z,Listing removed,2026-05-27T00:00:00.000Z,Listed for rent,2025-10-15T00:00:00.000Z,Listing removed,2025-08-23T00:00:00.000Z,Listed for rent
"414 Newcomb Cv, Benton, AR 72015",414 Newcomb Cv,Benton,AR,,forRent,3,1384,,1600,4,https://www.zillow.com/homedetails/414-Newcomb-Cv-Benton-AR-72015/384931_zpid/,,65531,2026-07-17T00:00:00.000Z,Listed for rent,2010-11-30T00:00:00.000Z,Sold,2005-03-03T00:00:00.000Z,Sold,,,,,,
"1900 S Pulaski St, Little Rock, AR 72206",1900 S Pulaski St,Little Rock,AR,,forRent,3,1354,,1150,75,https://www.zillow.com/homedetails/1900-S-Pulaski-St-Little-Rock-AR-72206/315916_zpid/,,149500,2026-09-18T00:00:00.000Z,Price change,2026-07-10T00:00:00.000Z,Listed for rent,2026-06-26T00:00:00.000Z,Listing removed,2026-04-15T00:00:00.000Z,Listed for sale,2025-09-30T00:00:00.000Z,Listing removed,2025-08-29T00:00:00.000Z,Price change
"16 Springridge Dr, Little Rock, AR 72211",16 Springridge Dr,Little Rock,AR,,forRent,3,1613,,2000,14,https://www.zillow.com/homedetails/16-Springridge-Dr-Little-Rock-AR-72211/348511_zpid/,,0,2026-09-09T00:00:00.000Z,Listed for rent,2026-03-06T00:00:00.000Z,Listing removed,2025-11-24T00:00:00.000Z,Listed for rent,2024-04-21T00:00:00.000Z,Listing removed,2024-03-15T00:00:00.000Z,Listed for rent,2023-12-08T00:00:00.000Z,Listing removed
"2412 Loop Acres Rd, Jacksonville, AR 72076",2412 Loop Acres Rd,Jacksonville,AR,,forRent,4,1150,,1525,76,https://www.zillow.com/homedetails/2412-Loop-Acres-Rd-Jacksonville-AR-72076/2055940720_zpid/,,214000,2026-07-09T00:00:00.000Z,Listed for rent,2025-01-23T00:00:00.000Z,Listing removed,2024-10-23T00:00:00.000Z,Listed for rent,2023-12-29T00:00:00.000Z,Sold,2023-08-22T00:00:00.000Z,Listing removed,2023-08-18T00:00:00.000Z,Listed for rent
"2913 S Cross St, Little Rock, AR 72206",2913 S Cross St,Little Rock,AR,,forRent,3,1088,,995,8,https://www.zillow.com/homedetails/2913-S-Cross-St-Little-Rock-AR-72206/318068_zpid/,,62000,2026-09-15T00:00:00.000Z,Listed for rent,2026-04-29T00:00:00.000Z,Listing removed,2026-02-26T00:00:00.000Z,Listed for sale,2026-01-12T00:00:00.000Z,Listing removed,2025-05-03T00:00:00.000Z,Price change,2025-03-20T00:00:00.000Z,Listed for sale
"4326 Glenda Ln, Benton, AR 72019",4326 Glenda Ln,Benton,AR,,forRent,3,1398,,1495,50,https://www.zillow.com/homedetails/4326-Glenda-Ln-Benton-AR-72019/68021994_zpid/,,157000,2026-09-17T00:00:00.000Z,Price change,2026-08-04T00:00:00.000Z,Listed for rent,2025-07-11T00:00:00.000Z,Listing removed,2025-07-01T00:00:00.000Z,Listed for rent,2025-06-26T00:00:00.000Z,Listing removed,2025-06-12T00:00:00.000Z,Price change
"32 Fortson Dr, Cabot, AR 72023",32 Fortson Dr,Cabot,AR,,forRent,3,1064,,875,32,https://www.zillow.com/homedetails/32-Fortson-Dr-Cabot-AR-72023/63161011_zpid/,,750000,2026-08-22T00:00:00.000Z,Listed for rent,2024-02-17T00:00:00.000Z,Listing removed,2024-02-03T00:00:00.000Z,Listed for rent,2004-08-10T00:00:00.000Z,Sold,,,,
"1294 Ridge Rd, Benton, AR 72015",1294 Ridge Rd,Benton,AR,,forRent,3,1108,,1145,17,https://www.zillow.com/homedetails/1294-Ridge-Rd-Benton-AR-72015/114182952_zpid/,,2000,2026-09-06T00:00:00.000Z,Listed for rent,2022-08-12T00:00:00.000Z,Listing removed,2022-08-01T00:00:00.000Z,Price change,2022-07-27T00:00:00.000Z,Listed for rent,2013-02-01T00:00:00.000Z,Sold,,
"5013 Longview Dr, North Little Rock, AR 72118",5013 Longview Dr,North Little Rock,AR,,forRent,3,1000,,1275,79,https://www.zillow.com/homedetails/5013-Longview-Dr-North-Little-Rock-AR-72118/298964_zpid/,,129500,2026-08-27T00:00:00.000Z,Price change,2026-07-06T00:00:00.000Z,Listed for rent,2013-08-22T00:00:00.000Z,Sold,,,,,,
"5909 Flight Ct, Jacksonville, AR 72076",5909 Flight Ct,Jacksonville,AR,,forRent,3,1650,,1950,1,https://www.zillow.com/homedetails/5909-Flight-Ct-Jacksonville-AR-72076/99434199_zpid/,,24000,2026-09-22T00:00:00.000Z,Price change,2026-08-04T00:00:00.000Z,Listed for rent,2026-02-06T00:00:00.000Z,Listing removed,2025-11-29T00:00:00.000Z,Price change,2025-09-26T00:00:00.000Z,Listed for rent,2025-09-26T00:00:00.000Z,Listing removed
"905 Pheasant Cv, Benton, AR 72019",905 Pheasant Cv,Benton,AR,,forRent,3,1415,,1595,20,https://www.zillow.com/homedetails/905-Pheasant-Cv-Benton-AR-72019/385747_zpid/,,158000,2026-09-03T00:00:00.000Z,Listed for rent,2022-05-16T00:00:00.000Z,Listing removed,2022-04-20T00:00:00.000Z,Price change,2022-04-14T00:00:00.000Z,Price change,2022-04-06T00:00:00.000Z,Price change,2022-03-22T00:00:00.000Z,Listed for rent
"17 Farrah St, Ward, AR 72176",17 Farrah St,Ward,AR,,forRent,3,1563,,1250,106,https://www.zillow.com/homedetails/17-Farrah-St-Ward-AR-72176/52495486_zpid/,,,2026-06-09T00:00:00.000Z,Listed for rent,2025-05-24T00:00:00.000Z,Listing removed,2025-05-06T00:00:00.000Z,Price change,2025-04-20T00:00:00.000Z,Listed for rent,2017-02-23T00:00:00.000Z,Listing removed,2017-02-17T00:00:00.000Z,Listed for rent
"1067 Huntington Dr, Benton, AR 72019",1067 Huntington Dr,Benton,AR,,forRent,4,1459,,1495,41,https://www.zillow.com/homedetails/1067-Huntington-Dr-Benton-AR-72019/2061767452_zpid/,,,2026-09-17T00:00:00.000Z,Price change,2026-08-13T00:00:00.000Z,Listed for rent,2024-11-08T00:00:00.000Z,Listing removed,2024-11-05T00:00:00.000Z,Listed for rent,2024-03-22T00:00:00.000Z,Listing removed,2024-02-27T00:00:00.000Z,Listed for rent
"4056 Kings River Trl, Bauxite, AR 72011",4056 Kings River Trl,Bauxite,AR,,forRent,3,1480,,1345,57,https://www.zillow.com/homedetails/4056-Kings-River-Trl-Bauxite-AR-72011/2062403626_zpid/,,200660,2026-09-22T00:00:00.000Z,Price change,2026-08-27T00:00:00.000Z,Price change,2026-08-20T00:00:00.000Z,Price change,2026-08-13T00:00:00.000Z,Price change,2026-07-29T00:00:00.000Z,Listed for rent,2023-02-11T00:00:00.000Z,Listing removed
"53 Bent Tree Dr, Cabot, AR 72023",53 Bent Tree Dr,Cabot,AR,,forRent,3,1645,,1495,63,https://www.zillow.com/homedetails/53-Bent-Tree-Dr-Cabot-AR-72023/256157_zpid/,,10000,2026-09-01T00:00:00.000Z,Price change,2026-07-22T00:00:00.000Z,Listed for rent,2002-07-18T00:00:00.000Z,Sold,1993-11-12T00:00:00.000Z,Sold,,,,
"16 Meadowbrook Dr, Little Rock, AR 72205",16 Meadowbrook Dr,Little Rock,AR,,forRent,3,1633,,1800,8,https://www.zillow.com/homedetails/16-Meadowbrook-Dr-Little-Rock-AR-72205/346081_zpid/,,175600,2026-09-16T00:00:00.000Z,Listed for rent,2026-01-27T00:00:00.000Z,Listing removed,2025-12-15T00:00:00.000Z,Price change,2025-12-04T00:00:00.000Z,Price change,2025-12-01T00:00:00.000Z,Listed for rent,2023-09-18T00:00:00.000Z,Listing removed
"46 Meadowlark Dr, Cabot, AR 72023",46 Meadowlark Dr,Cabot,AR,,forRent,4,1600,,1595,1,https://www.zillow.com/homedetails/46-Meadowlark-Dr-Cabot-AR-72023/255182_zpid/,,179900,2026-09-23T00:00:00.000Z,Listed for rent,2024-03-19T00:00:00.000Z,Sold,2024-01-11T00:00:00.000Z,Contingent,2023-09-16T00:00:00.000Z,Listing removed,2023-08-24T00:00:00.000Z,Listed for sale,2023-08-18T00:00:00.000Z,Price change
"509 E Elm St, Cabot, AR 72023",509 E Elm St,Cabot,AR,,forRent,3,1056,,1450,76,https://www.zillow.com/homedetails/509-E-Elm-St-Cabot-AR-72023/257181_zpid/,,185000,2026-08-20T00:00:00.000Z,Price change,2026-07-23T00:00:00.000Z,Price change,2026-07-09T00:00:00.000Z,Listed for rent,2026-07-09T00:00:00.000Z,Listing removed,2026-05-02T00:00:00.000Z,Listed for rent,2026-04-16T00:00:00.000Z,Listing removed
"3225 Jean Cv, Alexander, AR 72002",3225 Jean Cv,Alexander,AR,,forRent,3,2827,,2600,169,https://www.zillow.com/homedetails/3225-Jean-Cv-Alexander-AR-72002/378862_zpid/,,,2026-07-27T00:00:00.000Z,Price change,2026-04-07T00:00:00.000Z,Listed for rent,,,,,,,,
"22 Birchwood Dr, Ward, AR 72176",22 Birchwood Dr,Ward,AR,,forRent,4,1650,,1600,5,https://www.zillow.com/homedetails/22-Birchwood-Dr-Ward-AR-72176/99409604_zpid/,,149900,2026-09-23T00:00:00.000Z,Listing removed,2026-09-21T00:00:00.000Z,Price change,2026-09-18T00:00:00.000Z,Listed for rent,2026-09-05T00:00:00.000Z,Price change,2026-07-24T00:00:00.000Z,Listed for sale,2026-02-11T00:00:00.000Z,Listing removed
"17024 Congo Ferndale Rd, Little Rock, AR 72210",17024 Congo Ferndale Rd,Little Rock,AR,,forRent,4,1590,,1675,105,https://www.zillow.com/homedetails/17024-Congo-Ferndale-Rd-Little-Rock-AR-72210/370120_zpid/,,279500,2026-06-10T00:00:00.000Z,Listed for rent,2020-09-11T00:00:00.000Z,Listing removed,2020-07-23T00:00:00.000Z,Listed for rent,2018-05-13T00:00:00.000Z,Listing removed,2018-01-31T00:00:00.000Z,Listed for rent,2017-03-29T00:00:00.000Z,Sold
"6056 Orange Valley Cv, Mabelvale, AR 72103",6056 Orange Valley Cv,Mabelvale,AR,,forRent,4,1537,,1675,16,https://www.zillow.com/homedetails/6056-Orange-Valley-Cv-Mabelvale-AR-72103/463591455_zpid/,,,2026-07-01T00:00:00.000Z,Listed for rent,,,,,,,,,,
"42 Winners Cir, Cabot, AR 72023",42 Winners Cir,Cabot,AR,,forRent,3,1521,,1850,13,https://www.zillow.com/homedetails/42-Winners-Cir-Cabot-AR-72023/72176611_zpid/,,196500,2026-08-07T00:00:00.000Z,Listed for rent,2025-10-07T00:00:00.000Z,Listing removed,2025-09-15T00:00:00.000Z,Listed for rent,2025-07-09T00:00:00.000Z,Sold,2025-04-28T00:00:00.000Z,Price change,2025-04-14T00:00:00.000Z,Price change
"4300 West Dr, Little Rock, AR 72209",4300 West Dr,Little Rock,AR,,forRent,4,1223,,1695,2,https://www.zillow.com/homedetails/4300-West-Dr-Little-Rock-AR-72209/2068849124_zpid/,,,2026-09-22T00:00:00.000Z,Listed for rent,2025-09-08T00:00:00.000Z,Listing removed,2022-02-07T00:00:00.000Z,Contingent,2022-01-28T00:00:00.000Z,Price change,2021-12-08T00:00:00.000Z,Listed for sale,2021-08-27T00:00:00.000Z,Contingent
"11 W Plaza Blvd, Cabot, AR 72023",11 W Plaza Blvd,Cabot,AR,,forRent,3,1487,,1525,30,https://www.zillow.com/homedetails/11-W-Plaza-Blvd-Cabot-AR-72023/256262_zpid/,,229049,2026-08-24T00:00:00.000Z,Listed for rent,2024-09-13T00:00:00.000Z,Listing removed,2024-07-02T00:00:00.000Z,Listed for rent,2013-02-26T00:00:00.000Z,Sold,,,,
"36 Stonehaven Dr, Cabot, AR 72023",36 Stonehaven Dr,Cabot,AR,,forRent,3,1360,,1350,2,https://www.zillow.com/homedetails/36-Stonehaven-Dr-Cabot-AR-72023/72176066_zpid/,,,2026-09-21T00:00:00.000Z,Listed for rent,2024-09-13T00:00:00.000Z,Listing removed,2024-07-31T00:00:00.000Z,Listed for rent,2023-04-21T00:00:00.000Z,Listing removed,2023-04-16T00:00:00.000Z,Listed for rent,2023-03-23T00:00:00.000Z,Listing removed
"29 Mattie Lene Dr, Ward, AR 72176",29 Mattie Lene Dr,Ward,AR,,forRent,3,1301,,1350,13,https://www.zillow.com/homedetails/29-Mattie-Lene-Dr-Ward-AR-72176/35732499_zpid/,,80000,2026-09-10T00:00:00.000Z,Listed for rent,2026-03-20T00:00:00.000Z,Listing removed,2026-01-05T00:00:00.000Z,Listed for rent,2024-10-09T00:00:00.000Z,Listing removed,2024-09-16T00:00:00.000Z,Listed for rent,2009-05-16T00:00:00.000Z,Listing removed
"1314 W Charles Bussey Ave, Little Rock, AR 72206",1314 W Charles Bussey Ave,Little Rock,AR,,forRent,4,1223,,1595,2,https://www.zillow.com/homedetails/1314-W-Charles-Bussey-Ave-Little-Rock-AR-72206/465474407_zpid/,,,2026-09-22T00:00:00.000Z,Listed for rent,,,,,,,,,,
"2107 S 2nd St, Cabot, AR 72023",2107 S 2nd St,Cabot,AR,,forRent,4,2096,,2050,44,https://www.zillow.com/homedetails/2107-S-2nd-St-Cabot-AR-72023/256030_zpid/,,255000,2026-09-14T00:00:00.000Z,Price change,2026-08-10T00:00:00.000Z,Listed for rent,2025-04-28T00:00:00.000Z,Sold,2025-01-24T00:00:00.000Z,Listed for sale,2019-10-04T00:00:00.000Z,Sold,2015-03-18T00:00:00.000Z,Sold
"512 Middle St, North Little Rock, AR 72117",512 Middle St,North Little Rock,AR,,forRent,3,924,,1150,27,https://www.zillow.com/homedetails/512-Middle-St-North-Little-Rock-AR-72117/276793_zpid/,,0,2026-08-27T00:00:00.000Z,Listed for rent,2026-08-27T00:00:00.000Z,Listing removed,2026-07-08T00:00:00.000Z,Listed for rent,2020-03-03T00:00:00.000Z,Listing removed,2020-02-04T00:00:00.000Z,Listed for rent,2019-11-05T00:00:00.000Z,Listing removed
"12321 Vernonia Dr, North Little Rock, AR 72117",12321 Vernonia Dr,North Little Rock,AR,,forRent,4,1481,,1795,1,https://www.zillow.com/homedetails/12321-Vernonia-Dr-North-Little-Rock-AR-72117/338321673_zpid/,,193440,2026-09-22T00:00:00.000Z,Listed for rent,2024-09-13T00:00:00.000Z,Listing removed,2024-08-20T00:00:00.000Z,Listed for rent,2021-11-23T00:00:00.000Z,Sold,2021-10-12T00:00:00.000Z,Contingent,2021-10-07T00:00:00.000Z,Listed for sale
"87 Sycamore Cir, Cabot, AR 72023",87 Sycamore Cir,Cabot,AR,,forRent,3,1252,,1350,40,https://www.zillow.com/homedetails/87-Sycamore-Cir-Cabot-AR-72023/256430_zpid/,,151500,2026-09-14T00:00:00.000Z,Price change,2026-08-29T00:00:00.000Z,Price change,2026-08-14T00:00:00.000Z,Listed for rent,2026-07-17T00:00:00.000Z,Sold,2026-06-05T00:00:00.000Z,Listed for sale,2026-05-27T00:00:00.000Z,Listing removed
"20 Magnolia Dr, Ward, AR 72176",20 Magnolia Dr,Ward,AR,,forRent,4,1380,,1550,7,https://www.zillow.com/homedetails/20-Magnolia-Dr-Ward-AR-72176/2087659368_zpid/,,,2026-09-16T00:00:00.000Z,Listed for rent,2025-08-19T00:00:00.000Z,Listing removed,2025-08-15T00:00:00.000Z,Listed for rent,2025-08-14T00:00:00.000Z,Listing removed,2025-07-28T00:00:00.000Z,Listed for rent,2020-06-02T00:00:00.000Z,Listing removed
"15 Silverado Ct, Cabot, AR 72023",15 Silverado Ct,Cabot,AR,,forRent,3,1382,,1350,34,https://www.zillow.com/homedetails/15-Silverado-Ct-Cabot-AR-72023/35732243_zpid/,,150000,2026-08-20T00:00:00.000Z,Listed for rent,2024-11-11T00:00:00.000Z,Listing removed,2024-09-27T00:00:00.000Z,Listed for rent,2022-10-26T00:00:00.000Z,Sold,2020-12-16T00:00:00.000Z,Listing removed,2020-12-08T00:00:00.000Z,Listed for rent
"21 Meadowlark Dr, Cabot, AR 72023",21 Meadowlark Dr,Cabot,AR,,forRent,3,1013,,1395,43,https://www.zillow.com/homedetails/21-Meadowlark-Dr-Cabot-AR-72023/255213_zpid/,,147900,2026-08-12T00:00:00.000Z,Listed for rent,2024-01-16T00:00:00.000Z,Listing removed,2024-01-04T00:00:00.000Z,Sold,2023-08-22T00:00:00.000Z,Sold,2023-07-17T00:00:00.000Z,Contingent,2023-05-12T00:00:00.000Z,Listed for sale
"5813 Heritage Heights Dr, Benton, AR 72019",5813 Heritage Heights Dr,Benton,AR,,forRent,4,1792,,1695,111,https://www.zillow.com/homedetails/5813-Heritage-Heights-Dr-Benton-AR-72019/71715692_zpid/,,199000,2026-08-27T00:00:00.000Z,Price change,2026-08-12T00:00:00.000Z,Price change,2026-07-29T00:00:00.000Z,Price change,2026-07-15T00:00:00.000Z,Price change,2026-06-04T00:00:00.000Z,Listed for rent,2024-04-06T00:00:00.000Z,Listing removed
"1508 Elaine Dr, Jacksonville, AR 72076",1508 Elaine Dr,Jacksonville,AR,,forRent,3,1328,,1500,15,https://www.zillow.com/homedetails/1508-Elaine-Dr-Jacksonville-AR-72076/269602_zpid/,,150000,2026-09-10T00:00:00.000Z,Price change,2026-09-09T00:00:00.000Z,Listed for rent,2022-10-05T00:00:00.000Z,Sold,2022-08-30T00:00:00.000Z,Listed for sale,2022-08-24T00:00:00.000Z,Listing removed,2022-08-10T00:00:00.000Z,Price change
"14 Feldspar Ct, Little Rock, AR 72212",14 Feldspar Ct,Little Rock,AR,,forRent,3,1600,,1725,0,https://www.zillow.com/homedetails/14-Feldspar-Ct-Little-Rock-AR-72212/331884_zpid/,,650000,2026-09-23T00:00:00.000Z,Listed for rent,2022-06-19T00:00:00.000Z,Listing removed,2022-06-13T00:00:00.000Z,Listed for rent,2019-11-27T00:00:00.000Z,Listing removed,2019-10-18T00:00:00.000Z,Listed for rent,2014-08-24T00:00:00.000Z,Sold
"44 Kirkland Dr, Cabot, AR 72023",44 Kirkland Dr,Cabot,AR,,forRent,3,2077,,1900,173,https://www.zillow.com/homedetails/44-Kirkland-Dr-Cabot-AR-72023/52495420_zpid/,,,2026-04-03T00:00:00.000Z,Listed for rent,2026-04-03T00:00:00.000Z,Listing removed,2026-02-11T00:00:00.000Z,Listed for rent,2025-09-22T00:00:00.000Z,Listing removed,2025-08-19T00:00:00.000Z,Listing removed,2025-08-17T00:00:00.000Z,Listed for rent
"120 Alabama Dr, Jacksonville, AR 72076",120 Alabama Dr,Jacksonville,AR,,forRent,4,1612,,1419,6,https://www.zillow.com/homedetails/120-Alabama-Dr-Jacksonville-AR-72076/465360264_zpid/,,,2026-09-17T00:00:00.000Z,Listed for rent,,,,,,,,,,
"32 Thunderbird Dr, Cabot, AR 72023",32 Thunderbird Dr,Cabot,AR,,forRent,3,1444,,1475,20,https://www.zillow.com/homedetails/32-Thunderbird-Dr-Cabot-AR-72023/67447424_zpid/,,,2026-09-03T00:00:00.000Z,Listed for rent,2021-03-24T00:00:00.000Z,Listing removed,2017-03-08T00:00:00.000Z,Listing removed,2017-02-06T00:00:00.000Z,Listed for rent,,,,
"27 Trinity Dr, Cabot, AR 72023",27 Trinity Dr,Cabot,AR,,forRent,3,1442,,1525,33,https://www.zillow.com/homedetails/27-Trinity-Dr-Cabot-AR-72023/113948501_zpid/,,,2026-08-21T00:00:00.000Z,Listed for rent,2025-09-11T00:00:00.000Z,Listing removed,2025-07-29T00:00:00.000Z,Price change,2025-07-03T00:00:00.000Z,Listed for rent,,,,
"26 High Plains Dr, Cabot, AR 72023",26 High Plains Dr,Cabot,AR,,forRent,4,1631,,1995,106,https://www.zillow.com/homedetails/26-High-Plains-Dr-Cabot-AR-72023/99445170_zpid/,,264500,2026-08-28T00:00:00.000Z,Price change,2026-06-09T00:00:00.000Z,Listed for rent,2024-05-23T00:00:00.000Z,Listing removed,2024-05-21T00:00:00.000Z,Price change,2024-05-15T00:00:00.000Z,Price change,2024-04-30T00:00:00.000Z,Price change
"28 Burns Dr, Cabot, AR 72023",28 Burns Dr,Cabot,AR,,forRent,3,1288,,1350,64,https://www.zillow.com/homedetails/28-Burns-Dr-Cabot-AR-72023/255699_zpid/,,146000,2026-08-31T00:00:00.000Z,Price change,2026-07-21T00:00:00.000Z,Listed for rent,2025-08-07T00:00:00.000Z,Listing removed,2025-07-14T00:00:00.000Z,Price change,2025-07-03T00:00:00.000Z,Listed for rent,2022-06-28T00:00:00.000Z,Sold
"7125 Anderson St, Alexander, AR 72002",7125 Anderson St,Alexander,AR,,forRent,3,1906,,1650,0,https://www.zillow.com/homedetails/7125-Anderson-St-Alexander-AR-72002/368443_zpid/,,167000,2026-09-23T00:00:00.000Z,Listed for rent,2023-09-08T00:00:00.000Z,Listing removed,2023-07-24T00:00:00.000Z,Price change,2023-07-21T00:00:00.000Z,Listed for rent,2022-08-08T00:00:00.000Z,Listing removed,2022-07-27T00:00:00.000Z,Listed for rent
"45 Foster Louis Ln, Cabot, AR 72023",45 Foster Louis Ln,Cabot,AR,,forRent,4,1470,,1650,62,https://www.zillow.com/homedetails/45-Foster-Louis-Ln-Cabot-AR-72023/347215122_zpid/,,,2026-07-23T00:00:00.000Z,Listed for rent,2025-09-28T00:00:00.000Z,Listing removed,2025-09-27T00:00:00.000Z,Listed for rent,2025-09-27T00:00:00.000Z,Listing removed,2025-07-22T00:00:00.000Z,Listed for rent,2024-04-25T00:00:00.000Z,Listing removed
"4315 W 18th St, Little Rock, AR 72204",4315 W 18th St,Little Rock,AR,,forRent,4,1223,,1595,7,https://www.zillow.com/homedetails/4315-W-18th-St-Little-Rock-AR-72204/465317284_zpid/,,,2026-09-16T00:00:00.000Z,Listed for rent,,,,,,,,,,
"16 Mustang Dr, Cabot, AR 72023",16 Mustang Dr,Cabot,AR,,forRent,3,1494,,1450,47,https://www.zillow.com/homedetails/16-Mustang-Dr-Cabot-AR-72023/63160974_zpid/,,2988,2026-08-07T00:00:00.000Z,Listed for rent,2020-02-08T00:00:00.000Z,Listing removed,2020-01-25T00:00:00.000Z,Listed for rent,2018-12-12T00:00:00.000Z,Listing removed,2018-11-14T00:00:00.000Z,Listed for rent,2012-08-23T00:00:00.000Z,Sold
"2248 Centennial Valley Dr, Benton, AR 72019",2248 Centennial Valley Dr,Benton,AR,,forRent,3,1480,,1595,0,https://www.zillow.com/homedetails/2248-Centennial-Valley-Dr-Benton-AR-72019/2071964933_zpid/,,203315,2026-09-23T00:00:00.000Z,Listed for rent,2025-09-12T00:00:00.000Z,Listing removed,2025-09-10T00:00:00.000Z,Price change,2025-08-18T00:00:00.000Z,Listed for rent,2021-10-28T00:00:00.000Z,Sold,2021-07-30T00:00:00.000Z,Pending sale
"128 Minnesota Cir, Jacksonville, AR 72076",128 Minnesota Cir,Jacksonville,AR,,forRent,3,1708,,1959,6,https://www.zillow.com/homedetails/128-Minnesota-Cir-Jacksonville-AR-72076/2107273473_zpid/,,,2026-09-17T00:00:00.000Z,Listed for rent,2014-05-07T00:00:00.000Z,Listing removed,2014-05-02T00:00:00.000Z,Listed for rent,,,,,,
"209 N Madison St, Cabot, AR 72023",209 N Madison St,Cabot,AR,,forRent,3,1524,,1895,75,https://www.zillow.com/homedetails/209-N-Madison-St-Cabot-AR-72023/439267452_zpid/,,,2026-07-10T00:00:00.000Z,Listed for rent,2025-06-24T00:00:00.000Z,Listing removed,2025-06-19T00:00:00.000Z,Listed for rent,2025-06-19T00:00:00.000Z,Listing removed,2025-04-10T00:00:00.000Z,Price change,2025-03-05T00:00:00.000Z,Listed for rent
"7207 Valley Dr, Little Rock, AR 72209",7207 Valley Dr,Little Rock,AR,,forRent,4,1138,,1595,3,https://www.zillow.com/homedetails/7207-Valley-Dr-Little-Rock-AR-72209/358382_zpid/,,105,2026-09-21T00:00:00.000Z,Listed for rent,2026-02-06T00:00:00.000Z,Listing removed,2026-01-30T00:00:00.000Z,Listed for rent,2020-08-17T00:00:00.000Z,Sold,2016-01-08T00:00:00.000Z,Sold,,
"1510 Park Ln, Little Rock, AR 72202",1510 Park Ln,Little Rock,AR,,forRent,3,1284,,1800,7,https://www.zillow.com/homedetails/1510-Park-Ln-Little-Rock-AR-72202/306938_zpid/,,75000,2026-09-16T00:00:00.000Z,Listed for rent,2026-09-16T00:00:00.000Z,Listing removed,2026-09-16T00:00:00.000Z,Price change,2026-08-14T00:00:00.000Z,Price change,2026-07-14T00:00:00.000Z,Listed for rent,2023-03-15T00:00:00.000Z,Listing removed
"113 Missouri Cir, Jacksonville, AR 72076",113 Missouri Cir,Jacksonville,AR,,forRent,3,1889,,1959,6,https://www.zillow.com/homedetails/113-Missouri-Cir-Jacksonville-AR-72076/465360088_zpid/,,,2026-09-17T00:00:00.000Z,Listed for rent,,,,,,,,,,
"26 Deerfield Dr, Ward, AR 72176",26 Deerfield Dr,Ward,AR,,forRent,3,1309,,1550,2,https://www.zillow.com/homedetails/26-Deerfield-Dr-Ward-AR-72176/261138_zpid/,,125000,2026-09-22T00:00:00.000Z,Listed for rent,2026-09-14T00:00:00.000Z,Listing removed,2026-09-10T00:00:00.000Z,Price change,2026-09-04T00:00:00.000Z,Listed for sale,2013-05-29T00:00:00.000Z,Sold,,
"2705 Timbermist Cir, Benton, AR 72015",2705 Timbermist Cir,Benton,AR,,forRent,3,1200,,1575,6,https://www.zillow.com/homedetails/2705-Timbermist-Cir-Benton-AR-72015/386796_zpid/,,151000,2026-09-17T00:00:00.000Z,Listed for rent,2025-09-02T00:00:00.000Z,Listing removed,2025-08-27T00:00:00.000Z,Price change,2025-08-14T00:00:00.000Z,Price change,2025-06-30T00:00:00.000Z,Listed for rent,2022-08-30T00:00:00.000Z,Listing removed
"14611 Parkway Meadows Dr, Alexander, AR 72002",14611 Parkway Meadows Dr,Alexander,AR,,forRent,3,1500,,1625,6,https://www.zillow.com/homedetails/14611-Parkway-Meadows-Dr-Alexander-AR-72002/112089546_zpid/,,192000,2026-09-17T00:00:00.000Z,Listed for rent,2025-09-08T00:00:00.000Z,Listing removed,2025-08-28T00:00:00.000Z,Listed for rent,2024-09-13T00:00:00.000Z,Listing removed,2024-08-05T00:00:00.000Z,Listed for rent,2024-07-24T00:00:00.000Z,Listing removed
"6065 Discovery Trl, Bauxite, AR 72011",6065 Discovery Trl,Bauxite,AR,,forRent,4,1459,,1595,8,https://www.zillow.com/homedetails/6065-Discovery-Trl-Bauxite-AR-72011/442588179_zpid/,,192660,2026-09-15T00:00:00.000Z,Listed for rent,2026-08-11T00:00:00.000Z,Listing removed,2026-08-03T00:00:00.000Z,Listed for rent,2025-07-01T00:00:00.000Z,Listing removed,2025-05-23T00:00:00.000Z,Listed for rent,2025-05-09T00:00:00.000Z,Sold
"1204 S Fillmore St, Little Rock, AR 72204",1204 S Fillmore St,Little Rock,AR,,forRent,3,1342,,1500,22,https://www.zillow.com/homedetails/1204-S-Fillmore-St-Little-Rock-AR-72204/311467_zpid/,,69000,2026-09-01T00:00:00.000Z,Listed for rent,2022-08-31T00:00:00.000Z,Listing removed,2022-08-18T00:00:00.000Z,Listed for rent,2021-11-11T00:00:00.000Z,Listing removed,2021-09-24T00:00:00.000Z,Listed for sale,2021-03-18T00:00:00.000Z,Listing removed
"18 War Eagle Dr, Cabot, AR 72023",18 War Eagle Dr,Cabot,AR,,forRent,3,1278,,1300,1,https://www.zillow.com/homedetails/18-War-Eagle-Dr-Cabot-AR-72023/35732196_zpid/,,130000,2026-09-23T00:00:00.000Z,Listing removed,2026-09-22T00:00:00.000Z,Listed for rent,2026-08-28T00:00:00.000Z,Listed for sale,2026-08-25T00:00:00.000Z,Listing removed,2026-08-18T00:00:00.000Z,Price change,2026-08-01T00:00:00.000Z,Listed for sale
"2064 Fern Valley Dr, Alexander, AR 72002",2064 Fern Valley Dr,Alexander,AR,,forRent,3,1394,,1595,7,https://www.zillow.com/homedetails/2064-Fern-Valley-Dr-Alexander-AR-72002/247595904_zpid/,,169000,2026-09-16T00:00:00.000Z,Listed for rent,2025-12-24T00:00:00.000Z,Listing removed,2025-11-13T00:00:00.000Z,Listed for rent,2023-05-30T00:00:00.000Z,Listing removed,2023-05-15T00:00:00.000Z,Listed for rent,2021-06-30T00:00:00.000Z,Listing removed
"1008 Santa Fe Trl, Bauxite, AR 72011",1008 Santa Fe Trl,Bauxite,AR,,forRent,,,,,,https://www.zillow.com/b/1008-santa-fe-trl-bauxite-ar-BqKjfx/,,,,,,,,,,,,,,
"11 British Colonial Dr, Little Rock, AR 72206",11 British Colonial Dr,Little Rock,AR,,forRent,4,1559,,2150,10,https://www.zillow.com/homedetails/11-British-Colonial-Dr-Little-Rock-AR-72206/99436999_zpid/,,1500,2026-09-23T00:00:00.000Z,Price change,2026-09-14T00:00:00.000Z,Listed for rent,2021-09-28T00:00:00.000Z,Sold,2016-08-30T00:00:00.000Z,Sold,2008-03-28T00:00:00.000Z,Sold,2003-04-30T00:00:00.000Z,Sold
"22930 Sam Tillery Dr, Alexander, AR 72002",22930 Sam Tillery Dr,Alexander,AR,,forRent,4,1640,,2000,30,https://www.zillow.com/homedetails/22930-Sam-Tillery-Dr-Alexander-AR-72002/464786376_zpid/,,,2026-09-10T00:00:00.000Z,Price change,2026-09-08T00:00:00.000Z,Price change,2026-08-24T00:00:00.000Z,Listed for rent,,,,,,
"830 Gussy Ln, Benton, AR 72019",830 Gussy Ln,Benton,AR,,forRent,,,,,,https://www.zillow.com/b/830-gussy-ln-benton-ar-CqYvFB/,,,,,,,,,,,,,,
"16 Irving Dr, Little Rock, AR 72204",16 Irving Dr,Little Rock,AR,,forRent,3,1192,,1250,15,https://www.zillow.com/homedetails/16-Irving-Dr-Little-Rock-AR-72204/350640_zpid/,,59900,2026-09-09T00:00:00.000Z,Listed for rent,2025-06-05T00:00:00.000Z,Listing removed,2025-05-21T00:00:00.000Z,Price change,2025-04-17T00:00:00.000Z,Price change,2025-01-17T00:00:00.000Z,Listed for rent,2024-11-21T00:00:00.000Z,Sold
"18 Lilly Ann Ct, Ward, AR 72176",18 Lilly Ann Ct,Ward,AR,,forRent,3,1355,,0,8,https://www.zillow.com/homedetails/18-Lilly-Ann-Ct-Ward-AR-72176/445792648_zpid/,,18000,2026-09-15T00:00:00.000Z,Listed for rent,2022-10-25T00:00:00.000Z,Listing removed,2022-10-07T00:00:00.000Z,Listed for sale,2017-08-16T00:00:00.000Z,Sold,,,,
"5137 Woodstream Dr, Alexander, AR 72002",5137 Woodstream Dr,Alexander,AR,,forRent,3,1460,,1600,5,https://www.zillow.com/homedetails/5137-Woodstream-Dr-Alexander-AR-72002/2078172293_zpid/,,167825,2026-09-18T00:00:00.000Z,Listed for rent,2026-04-27T00:00:00.000Z,Listing removed,2026-04-01T00:00:00.000Z,Listed for rent,2022-11-20T00:00:00.000Z,Listing removed,2022-10-04T00:00:00.000Z,Listed for rent,2020-12-04T00:00:00.000Z,Sold
"22530 Sam Tillery Dr, Alexander, AR 72002",22530 Sam Tillery Dr,Alexander,AR,,forRent,3,1633,,1995,1,https://www.zillow.com/homedetails/22530-Sam-Tillery-Dr-Alexander-AR-72002/465489014_zpid/,,,2026-09-22T00:00:00.000Z,Listed for rent,,,,,,,,,,
"402 Stone Creek Dr, Benton, AR 72015",402 Stone Creek Dr,Benton,AR,,forRent,4,1762,,1895,15,https://www.zillow.com/homedetails/402-Stone-Creek-Dr-Benton-AR-72015/71716020_zpid/,,178000,2026-09-08T00:00:00.000Z,Listed for rent,2023-09-17T00:00:00.000Z,Listing removed,2023-07-18T00:00:00.000Z,Listing removed,2023-06-14T00:00:00.000Z,Price change,2023-06-06T00:00:00.000Z,Listed for rent,2021-09-16T00:00:00.000Z,Sold
"4541 Western Woods Dr, Benton, AR 72015",4541 Western Woods Dr,Benton,AR,,forRent,4,2000,,1895,8,https://www.zillow.com/homedetails/4541-Western-Woods-Dr-Benton-AR-72015/2061302075_zpid/,,313100,2026-09-15T00:00:00.000Z,Listed for rent,2023-03-31T00:00:00.000Z,Sold,2022-11-05T00:00:00.000Z,Listing removed,2022-09-30T00:00:00.000Z,Listed for rent,,,,
"3015 W 16th St, Little Rock, AR 72204",3015 W 16th St,Little Rock,AR,,forRent,4,1157,,1595,7,https://www.zillow.com/homedetails/3015-W-16th-St-Little-Rock-AR-72204/99413613_zpid/,,2544,2026-09-16T00:00:00.000Z,Listed for rent,2024-02-10T00:00:00.000Z,Listing removed,2023-09-29T00:00:00.000Z,Contingent,2023-09-11T00:00:00.000Z,Price change,2023-08-13T00:00:00.000Z,Listed for sale,2023-07-28T00:00:00.000Z,Sold
"6413 Amalie Dr, Alexander, AR 72002",6413 Amalie Dr,Alexander,AR,,forRent,3,1485,,1675,15,https://www.zillow.com/homedetails/6413-Amalie-Dr-Alexander-AR-72002/247595729_zpid/,,198000,2026-09-08T00:00:00.000Z,Listed for rent,2025-08-18T00:00:00.000Z,Listing removed,2025-08-06T00:00:00.000Z,Listed for rent,2022-05-12T00:00:00.000Z,Listing removed,2022-05-04T00:00:00.000Z,Price change,2022-04-27T00:00:00.000Z,Price change
"3002 Forest Dr, Bryant, AR 72022",3002 Forest Dr,Bryant,AR,,forRent,3,1409,,1650,14,https://www.zillow.com/homedetails/3002-Forest-Dr-Bryant-AR-72022/390575_zpid/,,213000,2026-09-10T00:00:00.000Z,Listed for rent,2026-08-24T00:00:00.000Z,Sold,2026-06-30T00:00:00.000Z,Listed for sale,2018-03-05T00:00:00.000Z,Sold,2011-03-18T00:00:00.000Z,Sold,2011-02-13T00:00:00.000Z,Listed for sale
"5096 Woodstream Dr, Alexander, AR 72002",5096 Woodstream Dr,Alexander,AR,,forRent,3,1594,,2600,19,https://www.zillow.com/homedetails/5096-Woodstream-Dr-Alexander-AR-72002/2077881150_zpid/,,180150,2026-09-05T00:00:00.000Z,Listed for rent,2024-10-14T00:00:00.000Z,Listing removed,2023-08-19T00:00:00.000Z,Listing removed,2023-07-23T00:00:00.000Z,Listed for rent,2023-03-09T00:00:00.000Z,Listing removed,2023-02-12T00:00:00.000Z,Listed for rent
"821 Church, Benton, AR 72015",821 Church,Benton,AR,,forRent,4,1540,,1675,19,https://www.zillow.com/homedetails/821-Church-Benton-AR-72015/387634_zpid/,,155000,2026-09-04T00:00:00.000Z,Listed for rent,2021-08-04T00:00:00.000Z,Listing removed,2021-07-27T00:00:00.000Z,Listed for rent,2021-06-04T00:00:00.000Z,Sold,2020-12-14T00:00:00.000Z,Sold,2020-10-24T00:00:00.000Z,Listed for sale
"5399 Heritage Valley Dr, Benton, AR 72019",5399 Heritage Valley Dr,Benton,AR,,forRent,4,1790,,1800,58,https://www.zillow.com/homedetails/5399-Heritage-Valley-Dr-Benton-AR-72019/2062299989_zpid/,,245000,2026-09-10T00:00:00.000Z,Price change,2026-08-31T00:00:00.000Z,Price change,2026-07-27T00:00:00.000Z,Listed for rent,2026-07-15T00:00:00.000Z,Listing removed,2026-05-22T00:00:00.000Z,Price change,2026-04-02T00:00:00.000Z,Listed for sale
"14457 Skyline Dr, Alexander, AR 72002",14457 Skyline Dr,Alexander,AR,,forRent,3,1974,,1950,9,https://www.zillow.com/homedetails/14457-Skyline-Dr-Alexander-AR-72002/120792053_zpid/,,210000,2026-09-15T00:00:00.000Z,Listed for rent,2021-11-05T00:00:00.000Z,Sold,2015-12-17T00:00:00.000Z,Sold,,,,,,
"7001 Bluebird Dr, Little Rock, AR 72205",7001 Bluebird Dr,Little Rock,AR,,forRent,3,1572,,3000,8,https://www.zillow.com/homedetails/7001-Bluebird-Dr-Little-Rock-AR-72205/344777_zpid/,,205000,2026-09-15T00:00:00.000Z,Listed for rent,2026-08-01T00:00:00.000Z,Listing removed,2026-02-24T00:00:00.000Z,Price change,2026-01-22T00:00:00.000Z,Listed for rent,2025-08-13T00:00:00.000Z,Listing removed,2025-07-09T00:00:00.000Z,Listed for rent
"14095 Magnolia Glen Dr, Alexander, AR 72002",14095 Magnolia Glen Dr,Alexander,AR,,forRent,3,1228,,1530,22,https://www.zillow.com/homedetails/14095-Magnolia-Glen-Dr-Alexander-AR-72002/88906053_zpid/,,119500,2026-09-01T00:00:00.000Z,Listed for rent,2020-12-08T00:00:00.000Z,Listing removed,2020-12-02T00:00:00.000Z,Listed for rent,2016-09-27T00:00:00.000Z,Sold,2016-06-29T00:00:00.000Z,Price change,2016-06-06T00:00:00.000Z,Listed for sale
"6688 Hollywood Ave, Benton, AR 72019",6688 Hollywood Ave,Benton,AR,,forRent,3,1051,,1595,19,https://www.zillow.com/homedetails/6688-Hollywood-Ave-Benton-AR-72019/460744960_zpid/,,183900,2026-09-04T00:00:00.000Z,Listed for rent,2026-08-28T00:00:00.000Z,Sold,2026-08-10T00:00:00.000Z,Contingent,2026-06-25T00:00:00.000Z,Price change,2026-06-18T00:00:00.000Z,Price change,2026-06-09T00:00:00.000Z,Price change
"154 Roman Heights Ave, Alexander, AR 72002",154 Roman Heights Ave,Alexander,AR,,forRent,,,,,,https://www.zillow.com/b/154-roman-heights-ave-alexander-ar-Cdzchh/,,,,,,,,,,,,,,
"1707 Parker St, North Little Rock, AR 72114",1707 Parker St,North Little Rock,AR,,forRent,3,1008,,995,6,https://www.zillow.com/homedetails/1707-Parker-St-North-Little-Rock-AR-72114/303561_zpid/,,45000,2026-09-17T00:00:00.000Z,Listed for rent,2025-01-17T00:00:00.000Z,Listing removed,2025-01-11T00:00:00.000Z,Listed for rent,2022-03-08T00:00:00.000Z,Listing removed,2022-03-03T00:00:00.000Z,Price change,2021-12-16T00:00:00.000Z,Listed for rent
"2114 Richland Park Dr, Bryant, AR 72022",2114 Richland Park Dr,Bryant,AR,,forRent,3,1595,,1575,15,https://www.zillow.com/homedetails/2114-Richland-Park-Dr-Bryant-AR-72022/71716425_zpid/,,5656,2026-09-08T00:00:00.000Z,Listed for rent,2025-07-05T00:00:00.000Z,Listing removed,2025-07-04T00:00:00.000Z,Listed for rent,2025-07-04T00:00:00.000Z,Listing removed,2025-07-02T00:00:00.000Z,Listed for rent,2023-05-02T00:00:00.000Z,Listing removed
"1601 Garland Ave, North Little Rock, AR 72116",1601 Garland Ave,North Little Rock,AR,,forRent,3,1949,,1675,14,https://www.zillow.com/homedetails/1601-Garland-Ave-North-Little-Rock-AR-72116/294448_zpid/,,75000,2026-09-10T00:00:00.000Z,Listed for rent,2026-06-26T00:00:00.000Z,Listing removed,2026-05-13T00:00:00.000Z,Listed for rent,2024-06-18T00:00:00.000Z,Listing removed,2024-06-15T00:00:00.000Z,Listed for rent,2024-06-15T00:00:00.000Z,Listing removed
"6587 Westminster, Benton, AR 72019",6587 Westminster,Benton,AR,,forRent,4,3650,,3558,58,https://www.zillow.com/homedetails/6587-Westminster-Benton-AR-72019/120554683_zpid/,,555000,2026-09-17T00:00:00.000Z,Price change,2026-09-02T00:00:00.000Z,Price change,2026-08-25T00:00:00.000Z,Price change,2026-07-27T00:00:00.000Z,Listed for rent,2025-06-03T00:00:00.000Z,Listing removed,2025-05-23T00:00:00.000Z,Listed for rent
"313 S Neeley St, Benton, AR 72015",313 S Neeley St,Benton,AR,,forRent,3,1800,,1545,37,https://www.zillow.com/homedetails/313-S-Neeley-St-Benton-AR-72015/2067919637_zpid/,,205000,2026-09-23T00:00:00.000Z,Price change,2026-09-10T00:00:00.000Z,Price change,2026-08-17T00:00:00.000Z,Listed for rent,2025-09-14T00:00:00.000Z,Listing removed,2025-09-02T00:00:00.000Z,Listed for rent,2023-02-17T00:00:00.000Z,Listing removed
"831 Richfield Rd, Jacksonville, AR 72076",831 Richfield Rd,Jacksonville,AR,,forRent,3,,,1400,4,https://www.zillow.com/homedetails/831-Richfield-Rd-Jacksonville-AR-72076/250171_zpid/,,0,2026-09-19T00:00:00.000Z,Listed for rent,2014-08-18T00:00:00.000Z,Sold,,,,,,,,
"11101 Birchwood Dr, Little Rock, AR 72211",11101 Birchwood Dr,Little Rock,AR,,forRent,3,1292,,1375,5,https://www.zillow.com/homedetails/11101-Birchwood-Dr-Little-Rock-AR-72211/346371_zpid/,,130000,2026-09-18T00:00:00.000Z,Listed for rent,2024-08-27T00:00:00.000Z,Listing removed,2024-08-14T00:00:00.000Z,Price change,2024-07-18T00:00:00.000Z,Listed for rent,2024-07-02T00:00:00.000Z,Listing removed,2024-07-01T00:00:00.000Z,Price change
"3001 Wild Berry Dr, Benton, AR 72015",3001 Wild Berry Dr,Benton,AR,,forRent,3,1486,,1725,33,https://www.zillow.com/homedetails/3001-Wild-Berry-Dr-Benton-AR-72015/71716346_zpid/,,184900,2026-08-21T00:00:00.000Z,Listed for rent,2024-07-31T00:00:00.000Z,Listing removed,2024-07-05T00:00:00.000Z,Listed for rent,2023-04-21T00:00:00.000Z,Listing removed,2023-04-19T00:00:00.000Z,Listed for rent,2022-03-28T00:00:00.000Z,Listing removed
"13757 Cedar Glen Cv, Alexander, AR 72002",13757 Cedar Glen Cv,Alexander,AR,,forRent,3,1408,,1575,28,https://www.zillow.com/homedetails/13757-Cedar-Glen-Cv-Alexander-AR-72002/92432562_zpid/,,124900,2026-08-26T00:00:00.000Z,Listed for rent,2017-02-19T00:00:00.000Z,Listing removed,2017-01-26T00:00:00.000Z,Listed for rent,2007-07-18T00:00:00.000Z,Sold,2007-01-31T00:00:00.000Z,Sold,,
"227 Iris St, Haskell, AR 72015",227 Iris St,Haskell,AR,,forRent,3,1420,,1625,58,https://www.zillow.com/homedetails/227-Iris-St-Haskell-AR-72015/2060765172_zpid/,,195000,2026-09-23T00:00:00.000Z,Price change,2026-09-10T00:00:00.000Z,Price change,2026-08-27T00:00:00.000Z,Price change,2026-07-27T00:00:00.000Z,Listed for rent,2023-02-16T00:00:00.000Z,Listing removed,2023-02-08T00:00:00.000Z,Price change
"1909 Parker St, North Little Rock, AR 72114",1909 Parker St,North Little Rock,AR,,forRent,4,1472,,1395,14,https://www.zillow.com/homedetails/1909-Parker-St-North-Little-Rock-AR-72114/303184_zpid/,,,2026-09-10T00:00:00.000Z,Listed for rent,2026-08-19T00:00:00.000Z,Listing removed,2026-07-20T00:00:00.000Z,Listed for rent,,,,,,
"522 W 15th St, North Little Rock, AR 72114",522 W 15th St,North Little Rock,AR,,forRent,4,1157,,1595,14,https://www.zillow.com/homedetails/522-W-15th-St-North-Little-Rock-AR-72114/302372_zpid/,,149900,2026-09-09T00:00:00.000Z,Listed for rent,2014-11-07T00:00:00.000Z,Sold,2012-01-31T00:00:00.000Z,Listing removed,2011-08-06T00:00:00.000Z,Price change,2011-07-21T00:00:00.000Z,Listed for sale,,
"17 Greenbrier Dr, Benton, AR 72015",17 Greenbrier Dr,Benton,AR,,forRent,3,1460,,1545,51,https://www.zillow.com/homedetails/17-Greenbrier-Dr-Benton-AR-72015/386172_zpid/,,143000,2026-09-17T00:00:00.000Z,Price change,2026-08-27T00:00:00.000Z,Price change,2026-08-03T00:00:00.000Z,Listed for rent,2026-02-23T00:00:00.000Z,Listing removed,2026-02-19T00:00:00.000Z,Price change,2026-01-29T00:00:00.000Z,Price change
"8512 Highway 5 N, Benton, AR 72019",8512 Highway 5 N,Benton,AR,,forRent,4,1533,,1895,9,https://www.zillow.com/homedetails/8512-Highway-5-N-Benton-AR-72019/394628139_zpid/,,,2026-09-14T00:00:00.000Z,Listed for rent,2024-09-13T00:00:00.000Z,Listing removed,2024-07-15T00:00:00.000Z,Listed for rent,,,,,,
"1608 Johnson St, Jacksonville, AR 72076",1608 Johnson St,Jacksonville,AR,,forRent,3,1421,,1375,6,https://www.zillow.com/homedetails/1608-Johnson-St-Jacksonville-AR-72076/263484_zpid/,,97500,2026-09-17T00:00:00.000Z,Listed for rent,2025-09-18T00:00:00.000Z,Listing removed,2025-09-10T00:00:00.000Z,Price change,2025-09-03T00:00:00.000Z,Price change,2025-08-27T00:00:00.000Z,Price change,2025-08-20T00:00:00.000Z,Price change
"3315 Green Dr, Little Rock, AR 72209",3315 Green Dr,Little Rock,AR,,forRent,3,888,,1045,13,https://www.zillow.com/homedetails/3315-Green-Dr-Little-Rock-AR-72209/322360_zpid/,,21000,2026-09-11T00:00:00.000Z,Listed for rent,2023-05-30T00:00:00.000Z,Listing removed,2023-04-08T00:00:00.000Z,Listed for rent,2015-04-23T00:00:00.000Z,Sold,,,,
"4713 Marlborough St, Little Rock, AR 72204",4713 Marlborough St,Little Rock,AR,,forRent,3,1392,,1300,6,https://www.zillow.com/homedetails/4713-Marlborough-St-Little-Rock-AR-72204/354675_zpid/,,207000,2026-09-17T00:00:00.000Z,Listed for rent,2026-07-28T00:00:00.000Z,Listing removed,2026-05-29T00:00:00.000Z,Price change,2026-05-08T00:00:00.000Z,Price change,2026-03-19T00:00:00.000Z,Listed for rent,2021-03-24T00:00:00.000Z,Listing removed
"107 Redbud Ct, Jacksonville, AR 72076",107 Redbud Ct,Jacksonville,AR,,forRent,3,1305,,1695,12,https://www.zillow.com/homedetails/107-Redbud-Ct-Jacksonville-AR-72076/353556221_zpid/,,239900,2026-09-11T00:00:00.000Z,Listed for rent,2026-04-07T00:00:00.000Z,Listing removed,2026-03-24T00:00:00.000Z,Listed for rent,2026-03-24T00:00:00.000Z,Listing removed,2026-02-05T00:00:00.000Z,Listed for rent,2025-08-01T00:00:00.000Z,Listing removed
"28 Maywood Dr, Little Rock, AR 72223",28 Maywood Dr,Little Rock,AR,,forRent,3,1564,,1850,15,https://www.zillow.com/homedetails/28-Maywood-Dr-Little-Rock-AR-72223/363289_zpid/,,110000,2026-09-21T00:00:00.000Z,Price change,2026-09-15T00:00:00.000Z,Price change,2026-09-10T00:00:00.000Z,Price change,2026-09-08T00:00:00.000Z,Listed for rent,2016-02-12T00:00:00.000Z,Sold,2006-08-03T00:00:00.000Z,Sold
"1105 W 24th St, Little Rock, AR 72206",1105 W 24th St,Little Rock,AR,,forRent,3,2216,,2200,2,https://www.zillow.com/homedetails/1105-W-24th-St-Little-Rock-AR-72206/315966_zpid/,,288500,2026-09-21T00:00:00.000Z,Listed for rent,2026-08-04T00:00:00.000Z,Listing removed,2026-07-09T00:00:00.000Z,Price change,2026-07-01T00:00:00.000Z,Price change,2026-06-22T00:00:00.000Z,Listed for rent,2026-05-29T00:00:00.000Z,Sold
"7301 Fairfield Dr, Little Rock, AR 72209",7301 Fairfield Dr,Little Rock,AR,,forRent,4,1200,,1395,6,https://www.zillow.com/homedetails/7301-Fairfield-Dr-Little-Rock-AR-72209/358018_zpid/,,64900,2026-09-17T00:00:00.000Z,Listed for rent,2017-05-04T00:00:00.000Z,Listing removed,2017-04-17T00:00:00.000Z,Listed for rent,2015-09-04T00:00:00.000Z,Sold,2013-06-05T00:00:00.000Z,Sold,2012-12-11T00:00:00.000Z,Sold
"2211 Westport Loop, Little Rock, AR 72212",2211 Westport Loop,Little Rock,AR,,forRent,5,3530,,2900,21,https://www.zillow.com/homedetails/2211-Westport-Loop-Little-Rock-AR-72212/79784721_zpid/,,444000,2026-09-02T00:00:00.000Z,Listed for rent,2026-09-01T00:00:00.000Z,Listing removed,2026-07-08T00:00:00.000Z,Price change,2026-04-12T00:00:00.000Z,Price change,2026-02-25T00:00:00.000Z,Listed for sale,2022-06-29T00:00:00.000Z,Sold
"625 Captain St, Jacksonville, AR 72076",625 Captain St,Jacksonville,AR,,forRent,4,1490,,1245,7,https://www.zillow.com/homedetails/625-Captain-St-Jacksonville-AR-72076/266127_zpid/,,97000,2026-09-16T00:00:00.000Z,Listed for rent,2024-07-26T00:00:00.000Z,Listing removed,2024-07-16T00:00:00.000Z,Listed for rent,2024-04-02T00:00:00.000Z,Listing removed,2024-03-12T00:00:00.000Z,Listed for rent,2024-02-20T00:00:00.000Z,Listing removed
"11201 Birchwood Dr, Little Rock, AR 72211",11201 Birchwood Dr,Little Rock,AR,,forRent,3,1500,,1750,30,https://www.zillow.com/homedetails/11201-Birchwood-Dr-Little-Rock-AR-72211/346389_zpid/,,23500,2026-08-25T00:00:00.000Z,Listed for rent,2025-04-25T00:00:00.000Z,Listing removed,2025-04-01T00:00:00.000Z,Listed for rent,2023-04-28T00:00:00.000Z,Listing removed,2023-04-23T00:00:00.000Z,Listed for rent,2015-10-09T00:00:00.000Z,Sold
"3200 Mossy Creek Dr, Little Rock, AR 72211",3200 Mossy Creek Dr,Little Rock,AR,,forRent,4,2500,,2900,1,https://www.zillow.com/homedetails/3200-Mossy-Creek-Dr-Little-Rock-AR-72211/79789714_zpid/,,255000,2026-09-22T00:00:00.000Z,Listed for rent,2026-09-12T00:00:00.000Z,Listing removed,2026-08-10T00:00:00.000Z,Listed for rent,2025-09-08T00:00:00.000Z,Listing removed,2025-09-01T00:00:00.000Z,Listed for rent,2025-09-01T00:00:00.000Z,Listing removed
"404 N Lemon St, Beebe, AR 72012",404 N Lemon St,Beebe,AR,,forRent,3,1120,,1400,50,https://www.zillow.com/homedetails/404-N-Lemon-St-Beebe-AR-72012/91000477_zpid/,,135000,2026-09-03T00:00:00.000Z,Price change,2026-08-28T00:00:00.000Z,Price change,2026-08-06T00:00:00.000Z,Price change,2026-08-04T00:00:00.000Z,Listed for rent,2023-12-07T00:00:00.000Z,Sold,2023-11-08T00:00:00.000Z,Contingent
"12019 Pleasant Forest Dr, Little Rock, AR 72212",12019 Pleasant Forest Dr,Little Rock,AR,,forRent,4,1780,,2500,7,https://www.zillow.com/homedetails/12019-Pleasant-Forest-Dr-Little-Rock-AR-72212/332347_zpid/,,166000,2026-09-17T00:00:00.000Z,Listed for rent,2020-07-14T00:00:00.000Z,Sold,2020-05-29T00:00:00.000Z,Listed for sale,2015-09-03T00:00:00.000Z,Sold,,,,
"605 E 21st St, Little Rock, AR 72206",605 E 21st St,Little Rock,AR,,forRent,3,1552,,1900,26,https://www.zillow.com/homedetails/605-E-21st-St-Little-Rock-AR-72206/316599_zpid/,,135000,2026-09-22T00:00:00.000Z,Listing removed,2026-08-28T00:00:00.000Z,Listed for rent,2026-08-19T00:00:00.000Z,Price change,2026-05-20T00:00:00.000Z,Price change,2026-04-21T00:00:00.000Z,Listed for sale,2022-11-23T00:00:00.000Z,Sold
"4224 Sugar Maple Ln, Little Rock, AR 72223",4224 Sugar Maple Ln,Little Rock,AR,,forRent,3,1648,,2100,9,https://www.zillow.com/homedetails/4224-Sugar-Maple-Ln-Little-Rock-AR-72223/332265_zpid/,,236000,2026-09-14T00:00:00.000Z,Listed for rent,2024-09-13T00:00:00.000Z,Listing removed,2024-09-04T00:00:00.000Z,Listed for rent,2024-08-23T00:00:00.000Z,Listing removed,2024-08-13T00:00:00.000Z,Listed for rent,2023-12-08T00:00:00.000Z,Listing removed
"1000 Silver Creek Dr, Sherwood, AR 72120",1000 Silver Creek Dr,Sherwood,AR,,forRent,3,2382,,2000,53,https://www.zillow.com/homedetails/1000-Silver-Creek-Dr-Sherwood-AR-72120/282338_zpid/,,350000,2026-08-01T00:00:00.000Z,Listed for rent,2025-04-08T00:00:00.000Z,Listing removed,2025-03-31T00:00:00.000Z,Listed for rent,2024-03-18T00:00:00.000Z,Listing removed,2024-03-15T00:00:00.000Z,Listed for rent,2020-07-01T00:00:00.000Z,Listing removed
"18 Overlook Rd, Searcy, AR 72143",18 Overlook Rd,Searcy,AR,,forRent,3,1533,,1350,2,https://www.zillow.com/homedetails/18-Overlook-Rd-Searcy-AR-72143/76260332_zpid/,,135000,2026-09-21T00:00:00.000Z,Listed for rent,2024-02-28T00:00:00.000Z,Listing removed,2022-11-03T00:00:00.000Z,Listing removed,2022-10-25T00:00:00.000Z,Listed for rent,2022-09-20T00:00:00.000Z,Sold,2021-02-24T00:00:00.000Z,Listing removed
"16300 Lamarche Dr, Little Rock, AR 72223",16300 Lamarche Dr,Little Rock,AR,,forRent,3,1500,,2175,15,https://www.zillow.com/homedetails/16300-Lamarche-Dr-Little-Rock-AR-72223/338321690_zpid/,,4408000,2026-09-17T00:00:00.000Z,Price change,2026-09-08T00:00:00.000Z,Listed for rent,2025-01-21T00:00:00.000Z,Sold,2024-12-06T00:00:00.000Z,Listing removed,2024-11-06T00:00:00.000Z,Price change,2024-07-09T00:00:00.000Z,Listed for rent
"154 Hayden Dr, Beebe, AR 72012",154 Hayden Dr,Beebe,AR,,forRent,4,1825,,1900,23,https://www.zillow.com/homedetails/154-Hayden-Dr-Beebe-AR-72012/2067739333_zpid/,,25000,2026-08-31T00:00:00.000Z,Listed for rent,2026-05-06T00:00:00.000Z,Listing removed,2026-04-07T00:00:00.000Z,Listed for rent,2025-04-07T00:00:00.000Z,Listing removed,2025-04-03T00:00:00.000Z,Listed for rent,2023-03-14T00:00:00.000Z,Listing removed
"6609 Sandpiper Dr, Little Rock, AR 72205",6609 Sandpiper Dr,Little Rock,AR,,forRent,3,1502,,1525,20,https://www.zillow.com/homedetails/6609-Sandpiper-Dr-Little-Rock-AR-72205/344854_zpid/,,106000,2026-09-08T00:00:00.000Z,Listing removed,2026-09-03T00:00:00.000Z,Listed for rent,2026-08-14T00:00:00.000Z,Listing removed,2026-08-10T00:00:00.000Z,Listed for sale,2026-07-22T00:00:00.000Z,Listed for rent,2024-12-10T00:00:00.000Z,Listing removed
"102 Southfork Dr, Beebe, AR 72012",102 Southfork Dr,Beebe,AR,,forRent,,,,,,https://www.zillow.com/b/102-southfork-dr-beebe-ar-CnyDXg/,,,,,,,,,,,,,,
"408 E Trickey Ln, Jacksonville, AR 72076",408 E Trickey Ln,Jacksonville,AR,,forRent,3,1378,,1195,7,https://www.zillow.com/homedetails/408-E-Trickey-Ln-Jacksonville-AR-72076/267116_zpid/,,45000,2026-09-16T00:00:00.000Z,Listed for rent,2026-03-13T00:00:00.000Z,Listing removed,2025-12-19T00:00:00.000Z,Listed for rent,2022-04-07T00:00:00.000Z,Listing removed,2022-03-25T00:00:00.000Z,Listed for rent,2020-05-27T00:00:00.000Z,Sold
"2508 Grist Mill Rd, Little Rock, AR 72227",2508 Grist Mill Rd,Little Rock,AR,,forRent,3,1858,,2100,19,https://www.zillow.com/homedetails/2508-Grist-Mill-Rd-Little-Rock-AR-72227/337061_zpid/,,173700,2026-09-16T00:00:00.000Z,Price change,2026-09-04T00:00:00.000Z,Listed for rent,2022-03-10T00:00:00.000Z,Listing removed,2022-03-09T00:00:00.000Z,Listed for rent,2022-02-03T00:00:00.000Z,Listing removed,2022-01-31T00:00:00.000Z,Listed for rent
"2414 Franklin St, North Little Rock, AR 72114",2414 Franklin St,North Little Rock,AR,,forRent,3,1050,,1195,22,https://www.zillow.com/homedetails/2414-Franklin-St-North-Little-Rock-AR-72114/303010_zpid/,,11000,2026-09-01T00:00:00.000Z,Listed for rent,2024-06-28T00:00:00.000Z,Listing removed,2024-06-19T00:00:00.000Z,Price change,2024-05-17T00:00:00.000Z,Listed for rent,2023-03-17T00:00:00.000Z,Listing removed,2023-02-28T00:00:00.000Z,Price change
"521 Dorothy Dr, North Little Rock, AR 72117",521 Dorothy Dr,North Little Rock,AR,,forRent,3,884,,895,5,https://www.zillow.com/homedetails/521-Dorothy-Dr-North-Little-Rock-AR-72117/274991_zpid/,,96000,2026-09-18T00:00:00.000Z,Listed for rent,2025-02-03T00:00:00.000Z,Listing removed,2025-01-13T00:00:00.000Z,Listed for rent,2024-05-03T00:00:00.000Z,Listing removed,2024-03-29T00:00:00.000Z,Listed for rent,2023-07-18T00:00:00.000Z,Listing removed
"4617 W 21st St, Little Rock, AR 72204",4617 W 21st St,Little Rock,AR,,forRent,3,1008,,1395,9,https://www.zillow.com/homedetails/4617-W-21st-St-Little-Rock-AR-72204/312315_zpid/,,16000,2026-09-15T00:00:00.000Z,Listed for rent,2026-04-14T00:00:00.000Z,Listing removed,2026-04-08T00:00:00.000Z,Price change,2026-04-01T00:00:00.000Z,Price change,2026-02-16T00:00:00.000Z,Listed for rent,2022-04-05T00:00:00.000Z,Sold
"8520 Shiloh Dr, Mabelvale, AR 72103",8520 Shiloh Dr,Mabelvale,AR,,forRent,3,1442,,1350,2,https://www.zillow.com/homedetails/8520-Shiloh-Dr-Mabelvale-AR-72103/361155_zpid/,,135900,2026-09-21T00:00:00.000Z,Listed for rent,2024-04-30T00:00:00.000Z,Listing removed,2024-04-24T00:00:00.000Z,Listed for rent,2024-04-16T00:00:00.000Z,Listing removed,2024-04-12T00:00:00.000Z,Listed for rent,2022-09-16T00:00:00.000Z,Sold
"7 Fernhill Pl, Searcy, AR 72143",7 Fernhill Pl,Searcy,AR,,forRent,5,2110,,1650,6,https://www.zillow.com/homedetails/7-Fernhill-Pl-Searcy-AR-72143/76259228_zpid/,,57000,2026-09-18T00:00:00.000Z,Listed for rent,2025-11-21T00:00:00.000Z,Listing removed,2025-10-17T00:00:00.000Z,Listed for rent,2022-04-23T00:00:00.000Z,Listing removed,2022-04-20T00:00:00.000Z,Listed for rent,2021-08-19T00:00:00.000Z,Listing removed
"508 W 33rd St, North Little Rock, AR 72118",508 W 33rd St,North Little Rock,AR,,forRent,3,1629,,1300,22,https://www.zillow.com/homedetails/508-W-33rd-St-North-Little-Rock-AR-72118/301739_zpid/,,129900,2026-09-11T00:00:00.000Z,Price change,2026-09-05T00:00:00.000Z,Price change,2026-09-01T00:00:00.000Z,Listed for rent,2026-08-31T00:00:00.000Z,Listing removed,2026-07-14T00:00:00.000Z,Listed for sale,2026-07-03T00:00:00.000Z,Listing removed
"3812 Walker St, Little Rock, AR 72204",3812 Walker St,Little Rock,AR,,forRent,4,1556,,1195,7,https://www.zillow.com/homedetails/3812-Walker-St-Little-Rock-AR-72204/352360_zpid/,,88000,2026-09-16T00:00:00.000Z,Listed for rent,2025-03-27T00:00:00.000Z,Listing removed,2025-03-20T00:00:00.000Z,Price change,2025-03-13T00:00:00.000Z,Price change,2025-02-28T00:00:00.000Z,Price change,2025-02-14T00:00:00.000Z,Listed for rent
"1500 Coolhurst Ave, Sherwood, AR 72120",1500 Coolhurst Ave,Sherwood,AR,,forRent,4,2200,,1925,5,https://www.zillow.com/homedetails/1500-Coolhurst-Ave-Sherwood-AR-72120/282021_zpid/,,85900,2026-09-19T00:00:00.000Z,Listed for rent,2025-06-03T00:00:00.000Z,Listing removed,2025-05-16T00:00:00.000Z,Listed for rent,2021-02-23T00:00:00.000Z,Listing removed,2020-06-24T00:00:00.000Z,Listing removed,2020-06-17T00:00:00.000Z,Listed for rent
"12610 Timber Hill Dr, Little Rock, AR 72211",12610 Timber Hill Dr,Little Rock,AR,,forRent,3,1420,,1595,5,https://www.zillow.com/homedetails/12610-Timber-Hill-Dr-Little-Rock-AR-72211/347241_zpid/,,0,2026-09-18T00:00:00.000Z,Listed for rent,2024-02-16T00:00:00.000Z,Listing removed,2024-01-15T00:00:00.000Z,Price change,2023-11-22T00:00:00.000Z,Listed for rent,2023-04-06T00:00:00.000Z,Listing removed,2023-03-16T00:00:00.000Z,Listed for rent
"1304 Springvine Dr, Searcy, AR 72143",1304 Springvine Dr,Searcy,AR,,forRent,,,,,,https://www.zillow.com/b/1304-springvine-dr-searcy-ar-CbNbn7/,,,,,,,,,,,,,,
"1403 Doris Dr, Searcy, AR 72143",1403 Doris Dr,Searcy,AR,,forRent,3,1540,,1560,6,https://www.zillow.com/homedetails/1403-Doris-Dr-Searcy-AR-72143/76257200_zpid/,,182000,2026-09-17T00:00:00.000Z,Listed for rent,2024-01-25T00:00:00.000Z,Listing removed,2024-01-16T00:00:00.000Z,Price change,2023-12-09T00:00:00.000Z,Listed for rent,2022-06-21T00:00:00.000Z,Sold,2022-05-12T00:00:00.000Z,Listed for sale
"19 Del Tara Dr, Jacksonville, AR 72076",19 Del Tara Dr,Jacksonville,AR,,forRent,3,1500,,4200,947,https://www.zillow.com/homedetails/19-Del-Tara-Dr-Jacksonville-AR-72076/269696_zpid/,,172000,2026-09-22T00:00:00.000Z,Price change,2026-09-18T00:00:00.000Z,Price change,2026-08-21T00:00:00.000Z,Price change,2026-07-28T00:00:00.000Z,Price change,2026-07-03T00:00:00.000Z,Price change,2026-06-30T00:00:00.000Z,Price change
"100 E Lauren Rd, Searcy, AR 72143",100 E Lauren Rd,Searcy,AR,,forRent,3,1341,,1350,71,https://www.zillow.com/homedetails/100-E-Lauren-Rd-Searcy-AR-72143/456761161_zpid/,,134000,2026-09-10T00:00:00.000Z,Price change,2026-08-04T00:00:00.000Z,Price change,2026-07-14T00:00:00.000Z,Listed for rent,2026-03-02T00:00:00.000Z,Sold,2025-11-03T00:00:00.000Z,Price change,2025-10-16T00:00:00.000Z,Price change
"127 Dugger Rd, Beebe, AR 72012",127 Dugger Rd,Beebe,AR,,forRent,4,1996,,1750,34,https://www.zillow.com/homedetails/127-Dugger-Rd-Beebe-AR-72012/98932700_zpid/,,115000,2026-08-20T00:00:00.000Z,Listed for rent,2026-06-01T00:00:00.000Z,Listing removed,2026-03-27T00:00:00.000Z,Price change,2026-02-27T00:00:00.000Z,Price change,2026-02-13T00:00:00.000Z,Price change,2026-01-30T00:00:00.000Z,Price change
"38 Southern Oaks Dr, Little Rock, AR 72209",38 Southern Oaks Dr,Little Rock,AR,,forRent,3,1100,,1350,21,https://www.zillow.com/homedetails/38-Southern-Oaks-Dr-Little-Rock-AR-72209/320062_zpid/,,60000,2026-09-02T00:00:00.000Z,Listed for rent,2025-10-23T00:00:00.000Z,Listing removed,2025-10-06T00:00:00.000Z,Listed for rent,2025-02-27T00:00:00.000Z,Sold,2025-02-06T00:00:00.000Z,Contingent,2024-12-09T00:00:00.000Z,Price change
"1111 Green Meadows Dr, Beebe, AR 72012",1111 Green Meadows Dr,Beebe,AR,,forRent,3,1050,,1195,14,https://www.zillow.com/homedetails/1111-Green-Meadows-Dr-Beebe-AR-72012/112947926_zpid/,,5000,2026-09-09T00:00:00.000Z,Listed for rent,2024-07-29T00:00:00.000Z,Listing removed,2024-07-10T00:00:00.000Z,Listed for rent,2021-12-03T00:00:00.000Z,Sold,2009-05-08T00:00:00.000Z,Sold,2009-03-18T00:00:00.000Z,Sold
"110 Sunland Dr, Beebe, AR 72012",110 Sunland Dr,Beebe,AR,,forRent,4,1800,,1500,2,https://www.zillow.com/homedetails/110-Sunland-Dr-Beebe-AR-72012/2063501308_zpid/,,178200,2026-09-21T00:00:00.000Z,Price change,2026-08-25T00:00:00.000Z,Price change,2026-08-19T00:00:00.000Z,Sold,2026-08-19T00:00:00.000Z,Listed for rent,2022-07-25T00:00:00.000Z,Sold,2022-06-04T00:00:00.000Z,Contingent
"1202 N Holly St, Beebe, AR 72012",1202 N Holly St,Beebe,AR,,forRent,3,1485,,1250,36,https://www.zillow.com/homedetails/1202-N-Holly-St-Beebe-AR-72012/76264927_zpid/,,92000,2026-08-18T00:00:00.000Z,Listed for rent,2025-10-07T00:00:00.000Z,Listing removed,2025-06-03T00:00:00.000Z,Listed for rent,2023-12-22T00:00:00.000Z,Listing removed,2023-12-09T00:00:00.000Z,Price change,2023-11-28T00:00:00.000Z,Price change
"2121 S Park St, Little Rock, AR 72202",2121 S Park St,Little Rock,AR,,forRent,3,1120,,1150,40,https://www.zillow.com/homedetails/2121-S-Park-St-Little-Rock-AR-72202/315464_zpid/,,107000,2026-09-10T00:00:00.000Z,Listed for rent,2026-08-31T00:00:00.000Z,Listing removed,2026-07-28T00:00:00.000Z,Price change,2026-07-01T00:00:00.000Z,Listed for rent,2024-11-27T00:00:00.000Z,Sold,2024-10-10T00:00:00.000Z,Listed for sale
"312 Warren St, Jacksonville, AR 72076",312 Warren St,Jacksonville,AR,,forRent,4,1900,,3400,708,https://www.zillow.com/homedetails/312-Warren-St-Jacksonville-AR-72076/267134_zpid/,,120000,2026-09-18T00:00:00.000Z,Price change,2026-09-03T00:00:00.000Z,Price change,2026-07-09T00:00:00.000Z,Price change,2026-07-03T00:00:00.000Z,Price change,2026-06-30T00:00:00.000Z,Price change,2026-06-19T00:00:00.000Z,Price change
"2918 W 15th St, Little Rock, AR 72204",2918 W 15th St,Little Rock,AR,,forRent,3,1162,,850,8,https://www.zillow.com/homedetails/2918-W-15th-St-Little-Rock-AR-72204/312838_zpid/,,260000,2026-09-16T00:00:00.000Z,Listed for rent,2026-08-22T00:00:00.000Z,Listing removed,2026-05-21T00:00:00.000Z,Price change,2026-02-21T00:00:00.000Z,Listed for sale,2014-07-11T00:00:00.000Z,Sold,2007-12-21T00:00:00.000Z,Sold
"2615 Stivers Blvd, Bryant, AR 72022",2615 Stivers Blvd,Bryant,AR,,forRent,3,1736,,1700,11,https://www.zillow.com/homedetails/2615-Stivers-Blvd-Bryant-AR-72022/391919_zpid/,,190000,2026-09-16T00:00:00.000Z,Price change,2026-09-12T00:00:00.000Z,Listed for rent,2025-04-04T00:00:00.000Z,Sold,2025-03-05T00:00:00.000Z,Contingent,2025-03-01T00:00:00.000Z,Listed for sale,2022-06-13T00:00:00.000Z,Listing removed
"1506 Alberta Dr, Little Rock, AR 72227",1506 Alberta Dr,Little Rock,AR,,forRent,3,2430,,1850,13,https://www.zillow.com/homedetails/1506-Alberta-Dr-Little-Rock-AR-72227/340998_zpid/,,300004,2026-09-15T00:00:00.000Z,Listing removed,2026-09-10T00:00:00.000Z,Listed for rent,2026-09-09T00:00:00.000Z,Listing removed,2026-07-14T00:00:00.000Z,Listed for sale,2026-07-12T00:00:00.000Z,Listing removed,2026-06-17T00:00:00.000Z,Listed for rent
"3321 S Broadway St, Little Rock, AR 72206",3321 S Broadway St,Little Rock,AR,,forRent,4,1223,,1595,14,https://www.zillow.com/homedetails/3321-S-Broadway-St-Little-Rock-AR-72206/465127352_zpid/,,,2026-09-09T00:00:00.000Z,Listed for rent,,,,,,,,,,
"1602 Harmon Dr, Benton, AR 72015",1602 Harmon Dr,Benton,AR,,forRent,4,1881,,1595,6,https://www.zillow.com/homedetails/1602-Harmon-Dr-Benton-AR-72015/384937_zpid/,,100000,2026-09-18T00:00:00.000Z,Listed for rent,2025-09-12T00:00:00.000Z,Listing removed,2025-06-03T00:00:00.000Z,Listed for rent,2025-05-27T00:00:00.000Z,Listing removed,2025-05-22T00:00:00.000Z,Listed for sale,2025-05-13T00:00:00.000Z,Sold
"145 Jasmine Ct, Beebe, AR 72012",145 Jasmine Ct,Beebe,AR,,forRent,3,1633,,1345,64,https://www.zillow.com/homedetails/145-Jasmine-Ct-Beebe-AR-72012/457996827_zpid/,,,2026-09-01T00:00:00.000Z,Price change,2026-08-21T00:00:00.000Z,Price change,2026-07-16T00:00:00.000Z,Price change,2026-06-05T00:00:00.000Z,Listed for rent,2026-05-01T00:00:00.000Z,Listing removed,2026-04-15T00:00:00.000Z,Listed for rent
"9420 Brittany Point Dr, Little Rock, AR 72206",9420 Brittany Point Dr,Little Rock,AR,,forRent,4,2090,,2250,3,https://www.zillow.com/homedetails/9420-Brittany-Point-Dr-Little-Rock-AR-72206/79780542_zpid/,,32000,2026-09-20T00:00:00.000Z,Listed for rent,2026-08-10T00:00:00.000Z,Listing removed,2026-05-14T00:00:00.000Z,Price change,2026-01-02T00:00:00.000Z,Listed for rent,2009-05-01T00:00:00.000Z,Sold,2001-03-20T00:00:00.000Z,Sold
"24 Edgemont Dr, Little Rock, AR 72209",24 Edgemont Dr,Little Rock,AR,,forRent,3,1008,,1150,106,https://www.zillow.com/homedetails/24-Edgemont-Dr-Little-Rock-AR-72209/355455_zpid/,,99900,2026-05-06T00:00:00.000Z,Listed for rent,2024-03-25T00:00:00.000Z,Listing removed,2024-01-12T00:00:00.000Z,Listed for rent,2023-11-13T00:00:00.000Z,Sold,2023-05-25T00:00:00.000Z,Listed for sale,2023-05-19T00:00:00.000Z,Contingent
"3616 Arapaho Trl, Little Rock, AR 72209",3616 Arapaho Trl,Little Rock,AR,,forRent,3,1008,,1095,5,https://www.zillow.com/homedetails/3616-Arapaho-Trl-Little-Rock-AR-72209/322528_zpid/,,61850,2026-09-18T00:00:00.000Z,Listed for rent,2024-12-10T00:00:00.000Z,Listing removed,2024-12-05T00:00:00.000Z,Listed for rent,2022-10-28T00:00:00.000Z,Listing removed,2022-10-19T00:00:00.000Z,Listed for rent,2021-01-26T00:00:00.000Z,Sold
"1215 W 25th St, North Little Rock, AR 72114",1215 W 25th St,North Little Rock,AR,,forRent,3,1341,,1195,16,https://www.zillow.com/homedetails/1215-W-25th-St-North-Little-Rock-AR-72114/303035_zpid/,,3500,2026-09-07T00:00:00.000Z,Listed for rent,2024-02-22T00:00:00.000Z,Listing removed,2024-02-07T00:00:00.000Z,Price change,2024-01-04T00:00:00.000Z,Listed for rent,2023-04-14T00:00:00.000Z,Listing removed,2023-04-07T00:00:00.000Z,Price change
"2717 Martin Luther King Dr, Little Rock, AR 72206",2717 Martin Luther King Dr,Little Rock,AR,,forRent,3,1180,,1400,4,https://www.zillow.com/homedetails/2717-Martin-Luther-King-Dr-Little-Rock-AR-72206/317842_zpid/,,1402,2026-09-19T00:00:00.000Z,Listed for rent,2026-03-25T00:00:00.000Z,Listing removed,2026-03-25T00:00:00.000Z,Price change,2026-01-31T00:00:00.000Z,Listed for rent,2024-10-30T00:00:00.000Z,Listing removed,2024-10-26T00:00:00.000Z,Price change
"605 Valley Vista Dr, Benton, AR 72019",605 Valley Vista Dr,Benton,AR,,forRent,4,1942,,1875,78,https://www.zillow.com/homedetails/605-Valley-Vista-Dr-Benton-AR-72019/387089_zpid/,,,2026-07-07T00:00:00.000Z,Listed for rent,,,,,,,,,,
"1710 Cedarhurst Dr, Benton, AR 72015",1710 Cedarhurst Dr,Benton,AR,,forRent,3,1680,,1550,62,https://www.zillow.com/homedetails/1710-Cedarhurst-Dr-Benton-AR-72015/384477_zpid/,,127500,2026-09-19T00:00:00.000Z,Price change,2026-09-12T00:00:00.000Z,Price change,2026-09-04T00:00:00.000Z,Price change,2026-08-29T00:00:00.000Z,Price change,2026-06-23T00:00:00.000Z,Listed for rent,2024-05-13T00:00:00.000Z,Listing removed
"1155 Jackson Rd, Ward, AR 72176",1155 Jackson Rd,Ward,AR,,forRent,3,1280,,1300,13,https://www.zillow.com/homedetails/1155-Jackson-Rd-Ward-AR-72176/99441054_zpid/,,,2026-09-10T00:00:00.000Z,Listed for rent,2026-03-18T00:00:00.000Z,Listing removed,2026-03-13T00:00:00.000Z,Price change,2026-02-24T00:00:00.000Z,Listed for rent,2026-01-12T00:00:00.000Z,Listing removed,2025-11-14T00:00:00.000Z,Price change
"29 Del Tara Dr, Jacksonville, AR 72076",29 Del Tara Dr,Jacksonville,AR,,forRent,3,1545,,1560,49,https://www.zillow.com/homedetails/29-Del-Tara-Dr-Jacksonville-AR-72076/269701_zpid/,,145000,2026-08-05T00:00:00.000Z,Listed for rent,2024-09-13T00:00:00.000Z,Sold,2024-08-19T00:00:00.000Z,Listed for sale,2015-07-31T00:00:00.000Z,Listing removed,2015-06-21T00:00:00.000Z,Price change,2015-06-08T00:00:00.000Z,Price change
"3509 Terrace Hill Ct, Benton, AR 72019",3509 Terrace Hill Ct,Benton,AR,,forRent,3,1500,,1400,23,https://www.zillow.com/homedetails/3509-Terrace-Hill-Ct-Benton-AR-72019/124735446_zpid/,,122580,2026-09-08T00:00:00.000Z,Price change,2026-08-31T00:00:00.000Z,Listed for rent,2023-07-09T00:00:00.000Z,Listing removed,2023-07-06T00:00:00.000Z,Listed for rent,2022-03-04T00:00:00.000Z,Sold,2014-09-04T00:00:00.000Z,Sold
"4903 Natalie Dr, Bryant, AR 72022",4903 Natalie Dr,Bryant,AR,,forRent,4,1990,,1860,30,https://www.zillow.com/homedetails/4903-Natalie-Dr-Bryant-AR-72022/82281136_zpid/,,38000,2026-08-24T00:00:00.000Z,Listed for rent,2007-08-22T00:00:00.000Z,Sold,,,,,,,,
"1519 Mulberry Salem Rd, Benton, AR 72019",1519 Mulberry Salem Rd,Benton,AR,,forRent,3,1712,,1700,23,https://www.zillow.com/homedetails/1519-Mulberry-Salem-Rd-Benton-AR-72019/376849_zpid/,,340000,2026-09-05T00:00:00.000Z,Listed for rent,2026-02-25T00:00:00.000Z,Listing removed,2026-02-19T00:00:00.000Z,Listed for rent,2025-11-07T00:00:00.000Z,Sold,2024-09-15T00:00:00.000Z,Listing removed,2024-06-17T00:00:00.000Z,Listed for sale
"112 Central Ave, Jacksonville, AR 72076",112 Central Ave,Jacksonville,AR,,forRent,3,792,,1000,72,https://www.zillow.com/homedetails/112-Central-Ave-Jacksonville-AR-72076/266518_zpid/,,160000,2026-07-14T00:00:00.000Z,Listed for rent,2026-06-23T00:00:00.000Z,Listing removed,2026-06-06T00:00:00.000Z,Price change,2026-06-04T00:00:00.000Z,Listed for rent,2014-05-15T00:00:00.000Z,Sold,1986-02-01T00:00:00.000Z,Sold
"513 Joyce St, Searcy, AR 72143",513 Joyce St,Searcy,AR,,forRent,3,1340,,1400,15,https://www.zillow.com/homedetails/513-Joyce-St-Searcy-AR-72143/76257268_zpid/,,80000,2026-09-08T00:00:00.000Z,Listed for rent,2025-08-12T00:00:00.000Z,Sold,2025-07-11T00:00:00.000Z,Contingent,2025-06-30T00:00:00.000Z,Listed for sale,,,,
"21 Cattail Rd, Searcy, AR 72143",21 Cattail Rd,Searcy,AR,,forRent,3,1450,,1325,10,https://www.zillow.com/homedetails/21-Cattail-Rd-Searcy-AR-72143/98931598_zpid/,,56000,2026-09-13T00:00:00.000Z,Listed for rent,2021-07-14T00:00:00.000Z,Listing removed,2021-06-01T00:00:00.000Z,Price change,2021-04-20T00:00:00.000Z,Listed for sale,1999-02-08T00:00:00.000Z,Sold,,
"25 Cedar Loop, Beebe, AR 72012",25 Cedar Loop,Beebe,AR,,forRent,3,1243,,1200,2,https://www.zillow.com/homedetails/25-Cedar-Loop-Beebe-AR-72012/91001015_zpid/,,249000,2026-09-21T00:00:00.000Z,Listed for rent,2026-07-06T00:00:00.000Z,Listing removed,2026-06-25T00:00:00.000Z,Listed for rent,2013-04-17T00:00:00.000Z,Sold,2013-03-05T00:00:00.000Z,Listed for sale,2005-09-06T00:00:00.000Z,Sold
"31 Rosemont Dr, Little Rock, AR 72204",31 Rosemont Dr,Little Rock,AR,,forRent,5,1660,,1595,8,https://www.zillow.com/homedetails/31-Rosemont-Dr-Little-Rock-AR-72204/350782_zpid/,,175200,2026-09-15T00:00:00.000Z,Listed for rent,2026-06-12T00:00:00.000Z,Listing removed,2026-05-20T00:00:00.000Z,Listed for rent,2025-03-13T00:00:00.000Z,Sold,2025-01-25T00:00:00.000Z,Listing removed,2025-01-03T00:00:00.000Z,Listed for rent
"103 Powder River Dr, Beebe, AR 72012",103 Powder River Dr,Beebe,AR,,forRent,4,1496,,1195,64,https://www.zillow.com/homedetails/103-Powder-River-Dr-Beebe-AR-72012/457323671_zpid/,,,2026-09-16T00:00:00.000Z,Price change,2026-09-01T00:00:00.000Z,Price change,2026-08-21T00:00:00.000Z,Price change,2026-08-03T00:00:00.000Z,Price change,2026-07-16T00:00:00.000Z,Price change,2026-06-05T00:00:00.000Z,Listed for rent
"125 Old Red Rd, Ward, AR 72176",125 Old Red Rd,Ward,AR,,forRent,3,1280,,1000,20,https://www.zillow.com/homedetails/125-Old-Red-Rd-Ward-AR-72176/99434787_zpid/,,,2026-09-03T00:00:00.000Z,Listed for rent,2026-06-01T00:00:00.000Z,Listing removed,2026-05-19T00:00:00.000Z,Listed for rent,2026-04-20T00:00:00.000Z,Listing removed,2026-03-26T00:00:00.000Z,Listed for rent,2025-10-29T00:00:00.000Z,Listing removed
"104 Herald Pl, Cabot, AR 72023",104 Herald Pl,Cabot,AR,,forRent,3,1232,,1095,51,https://www.zillow.com/homedetails/104-Herald-Pl-Cabot-AR-72023/252206_zpid/,,155000,2026-08-03T00:00:00.000Z,Listed for rent,2024-11-23T00:00:00.000Z,Listing removed,2024-11-14T00:00:00.000Z,Listed for rent,2023-12-28T00:00:00.000Z,Listing removed,2023-11-10T00:00:00.000Z,Price change,2023-10-18T00:00:00.000Z,Listed for rent
"1025 Hope Ln, Searcy, AR 72143",1025 Hope Ln,Searcy,AR,,forRent,3,1492,,1350,15,https://www.zillow.com/homedetails/1025-Hope-Ln-Searcy-AR-72143/243655022_zpid/,,,2026-09-08T00:00:00.000Z,Listed for rent,,,,,,,,,,
"38 Robinson St, Cabot, AR 72023",38 Robinson St,Cabot,AR,,forRent,4,1848,,1550,14,https://www.zillow.com/homedetails/38-Robinson-St-Cabot-AR-72023/256100_zpid/,,208000,2026-09-10T00:00:00.000Z,Listed for rent,2025-01-09T00:00:00.000Z,Sold,2024-10-05T00:00:00.000Z,Listing removed,2024-08-06T00:00:00.000Z,Listed for rent,2024-07-29T00:00:00.000Z,Sold,2023-12-20T00:00:00.000Z,Sold
"(Undisclosed Address), Searcy, AR 72143",(Undisclosed Address),Searcy,AR,,forRent,3,1320,,1350,9,https://www.zillow.com/homedetails/Searcy-AR-72143/76258783_zpid/,,70000,2026-09-15T00:00:00.000Z,Listed for rent,2026-03-13T00:00:00.000Z,Listing removed,2026-03-06T00:00:00.000Z,Listed for rent,2023-07-11T00:00:00.000Z,Listing removed,2023-06-20T00:00:00.000Z,Listed for rent,2021-03-24T00:00:00.000Z,Listing removed
"1400 Gum Springs Rd, Searcy, AR 72143",1400 Gum Springs Rd,Searcy,AR,,forRent,3,1793,,1450,43,https://www.zillow.com/homedetails/1400-Gum-Springs-Rd-Searcy-AR-72143/76257849_zpid/,,90000,2026-09-03T00:00:00.000Z,Price change,2026-08-12T00:00:00.000Z,Listed for rent,2008-01-04T00:00:00.000Z,Sold,,,,,,
"21 Willard St, Ward, AR 72176",21 Willard St,Ward,AR,,forRent,3,1301,,1350,40,https://www.zillow.com/homedetails/21-Willard-St-Ward-AR-72176/55151159_zpid/,,165000,2026-09-19T00:00:00.000Z,Price change,2026-08-14T00:00:00.000Z,Listed for rent,2022-08-08T00:00:00.000Z,Sold,2014-12-24T00:00:00.000Z,Listing removed,2014-11-06T00:00:00.000Z,Price change,2014-10-02T00:00:00.000Z,Listed for rent
"26 Stonewood Dr, Cabot, AR 72023",26 Stonewood Dr,Cabot,AR,,forRent,3,1698,,1900,30,https://www.zillow.com/homedetails/26-Stonewood-Dr-Cabot-AR-72023/55151081_zpid/,,157000,2026-08-24T00:00:00.000Z,Listed for rent,2026-04-27T00:00:00.000Z,Sold,2025-11-06T00:00:00.000Z,Listing removed,2025-10-20T00:00:00.000Z,Price change,2025-09-18T00:00:00.000Z,Listed for sale,2018-02-05T00:00:00.000Z,Listing removed
"43 Meadowlark Dr, Cabot, AR 72023",43 Meadowlark Dr,Cabot,AR,,forRent,4,1248,,1450,50,https://www.zillow.com/homedetails/43-Meadowlark-Dr-Cabot-AR-72023/255202_zpid/,,135000,2026-09-19T00:00:00.000Z,Price change,2026-09-12T00:00:00.000Z,Price change,2026-09-04T00:00:00.000Z,Price change,2026-08-29T00:00:00.000Z,Price change,2026-06-25T00:00:00.000Z,Listed for rent,2020-10-05T00:00:00.000Z,Sold
"27 Emerald Cir, Cabot, AR 72023",27 Emerald Cir,Cabot,AR,,forRent,3,1688,,1700,11,https://www.zillow.com/homedetails/27-Emerald-Cir-Cabot-AR-72023/254457_zpid/,,400000,2026-09-12T00:00:00.000Z,Listed for rent,2026-07-24T00:00:00.000Z,Listing removed,2026-07-22T00:00:00.000Z,Listed for rent,2026-07-10T00:00:00.000Z,Listing removed,2026-07-01T00:00:00.000Z,Listed for rent,2025-07-17T00:00:00.000Z,Listing removed
"22 Kirkland St, Ward, AR 72176",22 Kirkland St,Ward,AR,,forRent,3,1185,,1350,22,https://www.zillow.com/homedetails/22-Kirkland-St-Ward-AR-72176/261280_zpid/,,84000,2026-07-15T00:00:00.000Z,Listed for rent,2026-06-16T00:00:00.000Z,Sold,2026-06-14T00:00:00.000Z,Contingent,2026-06-02T00:00:00.000Z,Price change,2026-05-28T00:00:00.000Z,Listed for sale,2014-10-30T00:00:00.000Z,Sold
"34 Woodhaven Dr, Cabot, AR 72023",34 Woodhaven Dr,Cabot,AR,,forRent,3,1305,,1550,48,https://www.zillow.com/homedetails/34-Woodhaven-Dr-Cabot-AR-72023/338206710_zpid/,,165000,2026-09-19T00:00:00.000Z,Price change,2026-09-12T00:00:00.000Z,Price change,2026-08-07T00:00:00.000Z,Listed for rent,2025-04-03T00:00:00.000Z,Listing removed,2025-03-15T00:00:00.000Z,Price change,2025-02-13T00:00:00.000Z,Price change
"5717 Cypress Ln, North Little Rock, AR 72117",5717 Cypress Ln,North Little Rock,AR,,forRent,3,1284,,1550,12,https://www.zillow.com/homedetails/5717-Cypress-Ln-North-Little-Rock-AR-72117/305398903_zpid/,,192500,2026-09-11T00:00:00.000Z,Listed for rent,2025-07-30T00:00:00.000Z,Sold,2025-07-30T00:00:00.000Z,Contingent,2025-06-21T00:00:00.000Z,Listed for sale,2020-05-26T00:00:00.000Z,Sold,2020-03-09T00:00:00.000Z,Sold
"2714 Gage Dr, Benton, AR 72019",2714 Gage Dr,Benton,AR,,forRent,3,1303,,1500,23,https://www.zillow.com/homedetails/2714-Gage-Dr-Benton-AR-72019/92431557_zpid/,,122580,2026-08-31T00:00:00.000Z,Listed for rent,2022-03-04T00:00:00.000Z,Sold,2018-05-12T00:00:00.000Z,Listing removed,2018-04-07T00:00:00.000Z,Listed for rent,2018-02-11T00:00:00.000Z,Listing removed,2018-01-21T00:00:00.000Z,Price change
"211 Rodney Guthrie Dr, Cabot, AR 72023",211 Rodney Guthrie Dr,Cabot,AR,,forRent,3,1268,,1345,48,https://www.zillow.com/homedetails/211-Rodney-Guthrie-Dr-Cabot-AR-72023/256835_zpid/,,155000,2026-08-06T00:00:00.000Z,Listed for rent,2025-09-22T00:00:00.000Z,Listing removed,2025-08-26T00:00:00.000Z,Price change,2025-07-29T00:00:00.000Z,Listed for rent,2023-07-27T00:00:00.000Z,Listing removed,2023-07-06T00:00:00.000Z,Listed for rent
"6316 Warwick Dr, Alexander, AR 72002",6316 Warwick Dr,Alexander,AR,,forRent,4,1884,,2300,54,https://www.zillow.com/homedetails/6316-Warwick-Dr-Alexander-AR-72002/461049113_zpid/,,277000,2026-09-18T00:00:00.000Z,Price change,2026-07-31T00:00:00.000Z,Listed for rent,2026-06-29T00:00:00.000Z,Sold,2026-05-29T00:00:00.000Z,Contingent,2026-05-29T00:00:00.000Z,Price change,2026-03-14T00:00:00.000Z,Listed for sale
"1961 Auburn Hills Dr, Benton, AR 72015",1961 Auburn Hills Dr,Benton,AR,,forRent,3,1470,,1850,51,https://www.zillow.com/homedetails/1961-Auburn-Hills-Dr-Benton-AR-72015/2061982521_zpid/,,210000,2026-08-04T00:00:00.000Z,Sold,2026-08-04T00:00:00.000Z,Listed for rent,2026-08-04T00:00:00.000Z,Contingent,2026-06-22T00:00:00.000Z,Price change,2026-05-30T00:00:00.000Z,Price change,2026-05-06T00:00:00.000Z,Price change
"12 Penny Ln, Alexander, AR 72002",12 Penny Ln,Alexander,AR,,forRent,3,1270,,1549,7,https://www.zillow.com/homedetails/12-Penny-Ln-Alexander-AR-72002/99405863_zpid/,,879,2026-09-16T00:00:00.000Z,Listed for rent,2024-10-14T00:00:00.000Z,Listing removed,2024-10-11T00:00:00.000Z,Price change,2024-09-28T00:00:00.000Z,Price change,2024-09-24T00:00:00.000Z,Listed for rent,2022-07-22T00:00:00.000Z,Listing removed
"721 S Richards, Benton, AR 72015",721 S Richards,Benton,AR,,forRent,3,1544,,1650,40,https://www.zillow.com/homedetails/721-S-Richards-Benton-AR-72015/389133_zpid/,,29900,2026-08-14T00:00:00.000Z,Listed for rent,2026-08-07T00:00:00.000Z,Listing removed,2026-08-03T00:00:00.000Z,Price change,2026-07-22T00:00:00.000Z,Listed for rent,2023-07-28T00:00:00.000Z,Sold,2023-07-09T00:00:00.000Z,Contingent
"5719 Heritage Heights Dr, Benton, AR 72019",5719 Heritage Heights Dr,Benton,AR,,forRent,4,1650,,1800,40,https://www.zillow.com/homedetails/5719-Heritage-Heights-Dr-Benton-AR-72019/71715729_zpid/,,22000,2026-08-14T00:00:00.000Z,Listed for rent,2025-04-01T00:00:00.000Z,Listing removed,2025-03-06T00:00:00.000Z,Listed for rent,2023-10-30T00:00:00.000Z,Listing removed,2023-10-23T00:00:00.000Z,Listed for rent,2022-10-27T00:00:00.000Z,Listing removed
"640 Cherub Dr, Conway, AR 72034",640 Cherub Dr,Conway,AR,,forRent,3,1144,,1500,10,https://www.zillow.com/homedetails/640-Cherub-Dr-Conway-AR-72034/242932_zpid/,,180000,2026-09-13T00:00:00.000Z,Listed for rent,2026-08-28T00:00:00.000Z,Sold,2026-08-27T00:00:00.000Z,Contingent,2026-07-26T00:00:00.000Z,Listed for sale,2018-04-26T00:00:00.000Z,Sold,2013-10-04T00:00:00.000Z,Sold
"102 Rosebud Cir, Cabot, AR 72023",102 Rosebud Cir,Cabot,AR,,forRent,3,1277,,1375,54,https://www.zillow.com/homedetails/102-Rosebud-Cir-Cabot-AR-72023/63160774_zpid/,,199000,2026-09-15T00:00:00.000Z,Price change,2026-07-31T00:00:00.000Z,Listed for rent,2024-10-10T00:00:00.000Z,Listing removed,2024-10-09T00:00:00.000Z,Price change,2024-09-26T00:00:00.000Z,Listed for rent,2024-08-23T00:00:00.000Z,Sold
"14815 Parkway Meadows Dr, Alexander, AR 72002",14815 Parkway Meadows Dr,Alexander,AR,,forRent,3,1243,,1495,25,https://www.zillow.com/homedetails/14815-Parkway-Meadows-Dr-Alexander-AR-72002/114165875_zpid/,,187500,2026-09-14T00:00:00.000Z,Price change,2026-08-29T00:00:00.000Z,Listed for rent,2025-08-21T00:00:00.000Z,Listing removed,2025-08-07T00:00:00.000Z,Price change,2025-07-31T00:00:00.000Z,Price change,2025-07-24T00:00:00.000Z,Listed for rent
"6634 Hollywood Ave, Benton, AR 72019",6634 Hollywood Ave,Benton,AR,,forRent,3,1051,,1195,15,https://www.zillow.com/homedetails/6634-Hollywood-Ave-Benton-AR-72019/459936342_zpid/,,,2026-09-09T00:00:00.000Z,Listed for rent,2026-08-14T00:00:00.000Z,Listing removed,2026-06-25T00:00:00.000Z,Price change,2026-06-17T00:00:00.000Z,Price change,2026-06-08T00:00:00.000Z,Price change,2026-05-28T00:00:00.000Z,Price change
"26 Alexis Dr, Cabot, AR 72023",26 Alexis Dr,Cabot,AR,,forRent,3,1288,,1425,21,https://www.zillow.com/homedetails/26-Alexis-Dr-Cabot-AR-72023/255240_zpid/,,152900,2026-08-11T00:00:00.000Z,Price change,2026-07-29T00:00:00.000Z,Price change,2026-07-14T00:00:00.000Z,Listed for rent,2023-05-31T00:00:00.000Z,Listing removed,2023-05-17T00:00:00.000Z,Listed for rent,2023-03-10T00:00:00.000Z,Sold
"37 Saint John St, Cabot, AR 72023",37 Saint John St,Cabot,AR,,forRent,3,1188,,1295,85,https://www.zillow.com/homedetails/37-Saint-John-St-Cabot-AR-72023/253499_zpid/,,81500,2026-09-03T00:00:00.000Z,Price change,2026-03-31T00:00:00.000Z,Listed for rent,2026-03-26T00:00:00.000Z,Sold,2026-03-19T00:00:00.000Z,Contingent,2026-03-14T00:00:00.000Z,Price change,2026-02-27T00:00:00.000Z,Price change
"15 Vineyard Dr, Mayflower, AR 72106",15 Vineyard Dr,Mayflower,AR,,forRent,,,,,,"https://www.zillow.com/b/15-vineyard-dr-mayflower-ar/34.970715,-92.48699_ll/",,,,,,,,,,,,,,
"13808 Cherry Hill Dr, Alexander, AR 72002",13808 Cherry Hill Dr,Alexander,AR,,forRent,3,1247,,1550,7,https://www.zillow.com/homedetails/13808-Cherry-Hill-Dr-Alexander-AR-72002/49814136_zpid/,,91000,2026-09-17T00:00:00.000Z,Listed for rent,2008-05-22T00:00:00.000Z,Sold,2007-01-05T00:00:00.000Z,Sold,,,,,,
"35 G St, Cabot, AR 72023",35 G St,Cabot,AR,,forRent,3,1849,,1825,77,https://www.zillow.com/homedetails/35-G-St-Cabot-AR-72023/254255_zpid/,,230000,2026-07-25T00:00:00.000Z,Price change,2026-07-09T00:00:00.000Z,Price change,2026-05-03T00:00:00.000Z,Listed for rent,2025-05-25T00:00:00.000Z,Listing removed,2025-05-14T00:00:00.000Z,Price change,2025-05-01T00:00:00.000Z,Listed for rent
"1315 Fairlane Dr, Conway, AR 72034",1315 Fairlane Dr,Conway,AR,,forRent,3,1288,,1300,2,https://www.zillow.com/homedetails/1315-Fairlane-Dr-Conway-AR-72034/234174_zpid/,,77000,2026-09-21T00:00:00.000Z,Listed for rent,2021-06-18T00:00:00.000Z,Sold,2014-11-12T00:00:00.000Z,Sold,1999-09-27T00:00:00.000Z,Sold,,,,
"15 Leruss Blvd, Cabot, AR 72023",15 Leruss Blvd,Cabot,AR,,forRent,,,,,,https://www.zillow.com/b/15-leruss-blvd-cabot-ar-CkhJp8/,,,,,,,,,,,,,,
"3123 Lori Lake Rd, Benton, AR 72019",3123 Lori Lake Rd,Benton,AR,,forRent,3,1280,,1000,202,https://www.zillow.com/homedetails/3123-Lori-Lake-Rd-Benton-AR-72019/453026788_zpid/,,,2025-06-07T00:00:00.000Z,Listed for rent,,,,,,,,,,
"175 Southerland Rd, Conway, AR 72032",175 Southerland Rd,Conway,AR,,forRent,3,1532,,1650,21,https://www.zillow.com/homedetails/175-Southerland-Rd-Conway-AR-72032/35730518_zpid/,,165000,2026-09-02T00:00:00.000Z,Listed for rent,2025-07-03T00:00:00.000Z,Listing removed,2025-06-23T00:00:00.000Z,Listed for rent,2024-06-07T00:00:00.000Z,Listing removed,2024-05-25T00:00:00.000Z,Listed for rent,2022-05-09T00:00:00.000Z,Listing removed
"918 Cedar Haskell St, Haskell, AR 72015",918 Cedar Haskell St,Haskell,AR,,forRent,3,1088,,1150,35,https://www.zillow.com/homedetails/918-Cedar-Haskell-St-Haskell-AR-72015/61187359_zpid/,,,2026-07-13T00:00:00.000Z,Listed for rent,,,,,,,,,,
"97 Lelia Ln, Searcy, AR 72143",97 Lelia Ln,Searcy,AR,,forRent,3,1472,,1385,27,https://www.zillow.com/homedetails/97-Lelia-Ln-Searcy-AR-72143/76256799_zpid/,,125000,2026-09-22T00:00:00.000Z,Price change,2026-08-27T00:00:00.000Z,Listed for rent,2020-07-27T00:00:00.000Z,Sold,2005-07-01T00:00:00.000Z,Sold,,,,
"1740 Raden St, Conway, AR 72032",1740 Raden St,Conway,AR,,forRent,3,1243,,1650,14,https://www.zillow.com/homedetails/1740-Raden-St-Conway-AR-72032/2061816633_zpid/,,,2026-09-09T00:00:00.000Z,Listed for rent,2026-05-19T00:00:00.000Z,Listing removed,2026-02-27T00:00:00.000Z,Price change,2022-11-09T00:00:00.000Z,Price change,2022-10-11T00:00:00.000Z,Price change,2022-08-22T00:00:00.000Z,Listed for rent
"1021 Circle Dr, Benton, AR 72015",1021 Circle Dr,Benton,AR,,forRent,3,1256,,1350,3,https://www.zillow.com/homedetails/1021-Circle-Dr-Benton-AR-72015/386718_zpid/,,50000,2026-09-20T00:00:00.000Z,Listed for rent,2023-03-06T00:00:00.000Z,Listing removed,2023-02-25T00:00:00.000Z,Listed for rent,2020-07-30T00:00:00.000Z,Sold,,,,
"2230 Linda Dr, Conway, AR 72032",2230 Linda Dr,Conway,AR,,forRent,3,1348,,1650,2,https://www.zillow.com/homedetails/2230-Linda-Dr-Conway-AR-72032/102994419_zpid/,,205000,2026-09-21T00:00:00.000Z,Listed for rent,2023-11-10T00:00:00.000Z,Listing removed,2023-10-17T00:00:00.000Z,Listed for rent,2023-10-03T00:00:00.000Z,Sold,2021-03-24T00:00:00.000Z,Listing removed,2017-09-25T00:00:00.000Z,Listing removed
"1105 River Oaks Dr, Benton, AR 72019",1105 River Oaks Dr,Benton,AR,,forRent,4,2350,,2600,50,https://www.zillow.com/homedetails/1105-River-Oaks-Dr-Benton-AR-72019/453260567_zpid/,,,2026-08-04T00:00:00.000Z,Listed for rent,2025-07-28T00:00:00.000Z,Listing removed,2025-07-04T00:00:00.000Z,Price change,2025-06-21T00:00:00.000Z,Price change,2025-06-12T00:00:00.000Z,Listed for rent,,
"6099 Meridian Dr, Alexander, AR 72002",6099 Meridian Dr,Alexander,AR,,forRent,4,1824,,2195,13,https://www.zillow.com/homedetails/6099-Meridian-Dr-Alexander-AR-72002/456178536_zpid/,,,2026-09-10T00:00:00.000Z,Listed for rent,2026-01-22T00:00:00.000Z,Listing removed,2025-12-23T00:00:00.000Z,Listed for rent,2025-11-27T00:00:00.000Z,Listing removed,2025-08-22T00:00:00.000Z,Listed for sale,,
"5845 Heritage Heights Dr, Benton, AR 72019",5845 Heritage Heights Dr,Benton,AR,,forRent,4,1725,,1700,37,https://www.zillow.com/homedetails/5845-Heritage-Heights-Dr-Benton-AR-72019/440162513_zpid/,,,2026-09-21T00:00:00.000Z,Price change,2026-08-17T00:00:00.000Z,Listed for rent,2024-09-13T00:00:00.000Z,Listing removed,2024-09-10T00:00:00.000Z,Listed for rent,,,,
"1306 Bellemeade Dr, Conway, AR 72034",1306 Bellemeade Dr,Conway,AR,,forRent,3,2220,,1775,41,https://www.zillow.com/homedetails/1306-Bellemeade-Dr-Conway-AR-72034/234155_zpid/,,89090,2026-08-13T00:00:00.000Z,Listed for rent,2025-06-20T00:00:00.000Z,Listing removed,2025-05-09T00:00:00.000Z,Listed for rent,2017-12-01T00:00:00.000Z,Listing removed,2017-08-20T00:00:00.000Z,Price change,2017-05-31T00:00:00.000Z,Listed for sale
"1709 Durwood St, Benton, AR 72015",1709 Durwood St,Benton,AR,,forRent,3,1281,,1545,1,https://www.zillow.com/homedetails/1709-Durwood-St-Benton-AR-72015/382073_zpid/,,7000,2026-09-22T00:00:00.000Z,Listed for rent,1996-01-02T00:00:00.000Z,Sold,,,,,,,,
"2721 Timbermist Dr, Benton, AR 72015",2721 Timbermist Dr,Benton,AR,,forRent,3,1200,,1600,24,https://www.zillow.com/homedetails/2721-Timbermist-Dr-Benton-AR-72015/386806_zpid/,,83000,2026-08-30T00:00:00.000Z,Listed for rent,2025-09-01T00:00:00.000Z,Listing removed,2025-06-30T00:00:00.000Z,Price change,2025-03-03T00:00:00.000Z,Price change,2024-12-20T00:00:00.000Z,Listed for rent,2024-12-06T00:00:00.000Z,Listing removed
"1510 Bennett, Benton, AR 72015",1510 Bennett,Benton,AR,,forRent,3,1312,,1450,1,https://www.zillow.com/homedetails/1510-Bennett-Benton-AR-72015/52934431_zpid/,,,2026-09-22T00:00:00.000Z,Listed for rent,,,,,,,,,,
"4825 Coronell Way, Bryant, AR 72022",4825 Coronell Way,Bryant,AR,,forRent,4,2060,,3050,37,https://www.zillow.com/homedetails/4825-Coronell-Way-Bryant-AR-72022/453104565_zpid/,,,2026-07-13T00:00:00.000Z,Listed for rent,,,,,,,,,,
"1810 Rich Smith Ln, Conway, AR 72032",1810 Rich Smith Ln,Conway,AR,,forRent,3,2310,,2500,58,https://www.zillow.com/homedetails/1810-Rich-Smith-Ln-Conway-AR-72032/102992676_zpid/,,,2026-07-27T00:00:00.000Z,Price change,2026-06-22T00:00:00.000Z,Price change,2026-04-22T00:00:00.000Z,Price change,2026-01-07T00:00:00.000Z,Listed for rent,,,,
"110 Fredonia Ct, Mayflower, AR 72106",110 Fredonia Ct,Mayflower,AR,,forRent,4,1858,,1895,9,https://www.zillow.com/homedetails/110-Fredonia-Ct-Mayflower-AR-72106/453583162_zpid/,,,2026-09-14T00:00:00.000Z,Listed for rent,2025-08-22T00:00:00.000Z,Listing removed,2025-07-28T00:00:00.000Z,Price change,2025-07-18T00:00:00.000Z,Price change,2025-07-17T00:00:00.000Z,Price change,2025-07-11T00:00:00.000Z,Price change
"1155 Mimosa Dr, Conway, AR 72034",1155 Mimosa Dr,Conway,AR,,forRent,3,1236,,1400,19,https://www.zillow.com/homedetails/1155-Mimosa-Dr-Conway-AR-72034/35730018_zpid/,,78000,2026-09-04T00:00:00.000Z,Listed for rent,2025-06-19T00:00:00.000Z,Listing removed,2025-06-16T00:00:00.000Z,Listed for rent,2023-09-26T00:00:00.000Z,Listing removed,2023-09-11T00:00:00.000Z,Listed for rent,2019-06-13T00:00:00.000Z,Listing removed
"1422 Saw Grass Cv, Benton, AR 72019",1422 Saw Grass Cv,Benton,AR,,forRent,3,1400,,1500,2,https://www.zillow.com/homedetails/1422-Saw-Grass-Cv-Benton-AR-72019/82268083_zpid/,,133000,2026-09-21T00:00:00.000Z,Listed for rent,2024-07-17T00:00:00.000Z,Listing removed,2024-06-20T00:00:00.000Z,Listed for rent,2020-11-20T00:00:00.000Z,Sold,2013-06-06T00:00:00.000Z,Sold,2013-04-26T00:00:00.000Z,Pending sale
"307 S 4th St, Benton, AR 72015",307 S 4th St,Benton,AR,,forRent,3,1051,,1550,24,https://www.zillow.com/homedetails/307-S-4th-St-Benton-AR-72015/386521_zpid/,,161000,2026-09-21T00:00:00.000Z,Price change,2026-08-31T00:00:00.000Z,Listed for rent,2025-05-30T00:00:00.000Z,Listing removed,2025-05-20T00:00:00.000Z,Sold,2025-05-20T00:00:00.000Z,Listed for rent,2025-04-19T00:00:00.000Z,Contingent
"1610 Raden St, Conway, AR 72032",1610 Raden St,Conway,AR,,forRent,3,1243,,1650,42,https://www.zillow.com/homedetails/1610-Raden-St-Conway-AR-72032/2066419442_zpid/,,,2026-08-12T00:00:00.000Z,Listed for rent,2025-10-04T00:00:00.000Z,Listing removed,2025-10-03T00:00:00.000Z,Listed for rent,2025-10-03T00:00:00.000Z,Listing removed,2025-07-18T00:00:00.000Z,Listed for rent,2023-12-30T00:00:00.000Z,Listing removed
"103 E Concord Rd, Mayflower, AR 72106",103 E Concord Rd,Mayflower,AR,,forRent,3,1413,,1660,15,https://www.zillow.com/homedetails/103-E-Concord-Rd-Mayflower-AR-72106/463058000_zpid/,,,2026-09-09T00:00:00.000Z,Listed for rent,2026-08-14T00:00:00.000Z,Listing removed,2026-07-20T00:00:00.000Z,Price change,2026-06-09T00:00:00.000Z,Listed for sale,,,,
"4555 Graham Dr, Conway, AR 72034",4555 Graham Dr,Conway,AR,,forRent,3,1192,,1400,41,https://www.zillow.com/homedetails/4555-Graham-Dr-Conway-AR-72034/59917944_zpid/,,185000,2026-08-13T00:00:00.000Z,Listed for rent,2024-10-02T00:00:00.000Z,Listing removed,2024-09-23T00:00:00.000Z,Listed for rent,2023-07-28T00:00:00.000Z,Sold,2023-06-28T00:00:00.000Z,Contingent,2023-06-28T00:00:00.000Z,Listed for sale
"4540 Thompson St, Conway, AR 72034",4540 Thompson St,Conway,AR,,forRent,3,1195,,1450,28,https://www.zillow.com/homedetails/4540-Thompson-St-Conway-AR-72034/52392329_zpid/,,110000,2026-08-26T00:00:00.000Z,Listed for rent,2024-05-02T00:00:00.000Z,Listing removed,2024-04-25T00:00:00.000Z,Listed for rent,2022-08-10T00:00:00.000Z,Listing removed,2022-07-30T00:00:00.000Z,Listed for rent,2021-08-09T00:00:00.000Z,Listing removed
"351 Meadow Creek Dr, Haskell, AR 72015",351 Meadow Creek Dr,Haskell,AR,,forRent,3,1625,,1650,47,https://www.zillow.com/homedetails/351-Meadow-Creek-Dr-Haskell-AR-72015/92428597_zpid/,,139900,2026-08-07T00:00:00.000Z,Listed for rent,2024-09-13T00:00:00.000Z,Listing removed,2024-07-17T00:00:00.000Z,Listed for rent,2022-10-26T00:00:00.000Z,Listing removed,2022-10-15T00:00:00.000Z,Price change,2022-10-04T00:00:00.000Z,Price change
"308 McCright St, Benton, AR 72015",308 McCright St,Benton,AR,,forRent,3,1850,,1600,2,https://www.zillow.com/homedetails/308-McCright-St-Benton-AR-72015/387313_zpid/,,75000,2026-09-21T00:00:00.000Z,Listed for rent,2025-11-20T00:00:00.000Z,Listing removed,2025-11-07T00:00:00.000Z,Price change,2025-09-16T00:00:00.000Z,Listed for rent,2023-12-21T00:00:00.000Z,Listing removed,2023-12-19T00:00:00.000Z,Listed for rent
"153 Harwill, Hensley, AR 72065",153 Harwill,Hensley,AR,,forRent,4,2359,,2500,44,https://www.zillow.com/homedetails/153-Harwill-Hensley-AR-72065/2082362397_zpid/,,,2026-08-10T00:00:00.000Z,Listed for rent,2025-08-04T00:00:00.000Z,Listing removed,2025-07-01T00:00:00.000Z,Listed for rent,2025-06-30T00:00:00.000Z,Listing removed,2025-06-09T00:00:00.000Z,Listed for rent,2019-11-13T00:00:00.000Z,Listing removed
"416 Jackman St, Benton, AR 72015",416 Jackman St,Benton,AR,,forRent,3,1200,,1600,4,https://www.zillow.com/homedetails/416-Jackman-St-Benton-AR-72015/389112_zpid/,,140000,2026-09-19T00:00:00.000Z,Listed for rent,2025-10-31T00:00:00.000Z,Sold,2025-10-13T00:00:00.000Z,Contingent,2025-10-04T00:00:00.000Z,Price change,2025-09-26T00:00:00.000Z,Listed for sale,2017-01-05T00:00:00.000Z,Sold
"300 Jefferson St, Benton, AR 72015",300 Jefferson St,Benton,AR,,forRent,3,1300,,1500,4,https://www.zillow.com/homedetails/300-Jefferson-St-Benton-AR-72015/114167718_zpid/,,,2026-09-19T00:00:00.000Z,Listed for rent,,,,,,,,,,
"1628 Rambling Brook Dr, Benton, AR 72015",1628 Rambling Brook Dr,Benton,AR,,forRent,3,1216,,1850,13,https://www.zillow.com/homedetails/1628-Rambling-Brook-Dr-Benton-AR-72015/463057763_zpid/,,200900,2026-09-10T00:00:00.000Z,Listed for rent,2026-08-28T00:00:00.000Z,Sold,2026-08-05T00:00:00.000Z,Contingent,2026-07-20T00:00:00.000Z,Price change,2026-07-09T00:00:00.000Z,Price change,2026-06-09T00:00:00.000Z,Listed for sale
"2255 Rainbow Rd, Conway, AR 72032",2255 Rainbow Rd,Conway,AR,,forRent,3,1254,,1600,7,https://www.zillow.com/homedetails/2255-Rainbow-Rd-Conway-AR-72032/240098_zpid/,,203000,2026-09-16T00:00:00.000Z,Listed for rent,2026-09-15T00:00:00.000Z,Sold,2026-08-14T00:00:00.000Z,Contingent,2026-08-12T00:00:00.000Z,Listed for sale,2024-08-23T00:00:00.000Z,Listing removed,2024-07-31T00:00:00.000Z,Listed for rent
"508 SW 4th St, Bryant, AR 72022",508 SW 4th St,Bryant,AR,,forRent,3,1510,,1950,16,https://www.zillow.com/homedetails/508-SW-4th-St-Bryant-AR-72022/391129_zpid/,,231000,2026-09-07T00:00:00.000Z,Listed for rent,2026-07-02T00:00:00.000Z,Listing removed,2026-06-18T00:00:00.000Z,Sold,2026-06-18T00:00:00.000Z,Listed for rent,2026-05-27T00:00:00.000Z,Contingent,2026-05-22T00:00:00.000Z,Price change
"1620 Rambling Brook Dr, Benton, AR 72015",1620 Rambling Brook Dr,Benton,AR,,forRent,3,1355,,1850,13,https://www.zillow.com/homedetails/1620-Rambling-Brook-Dr-Benton-AR-72015/463057732_zpid/,,206900,2026-09-10T00:00:00.000Z,Listed for rent,2026-08-28T00:00:00.000Z,Sold,2026-08-05T00:00:00.000Z,Contingent,2026-07-20T00:00:00.000Z,Price change,2026-07-09T00:00:00.000Z,Price change,2026-06-09T00:00:00.000Z,Listed for sale
"1015 Wineberry, Conway, AR 72034",1015 Wineberry,Conway,AR,,forRent,4,1606,,1700,78,https://www.zillow.com/homedetails/1015-Wineberry-Conway-AR-72034/82271419_zpid/,,222270,2026-07-22T00:00:00.000Z,Listed for rent,2026-07-15T00:00:00.000Z,Listing removed,2026-07-13T00:00:00.000Z,Price change,2026-07-07T00:00:00.000Z,Listed for rent,2022-05-27T00:00:00.000Z,Sold,2010-09-03T00:00:00.000Z,Sold
"1955 Bellingrath Gdns, Conway, AR 72034",1955 Bellingrath Gdns,Conway,AR,,forRent,3,1752,,2000,22,https://www.zillow.com/homedetails/1955-Bellingrath-Gdns-Conway-AR-72034/119403911_zpid/,,199900,2026-09-01T00:00:00.000Z,Listed for rent,2025-09-17T00:00:00.000Z,Listing removed,2025-09-05T00:00:00.000Z,Price change,2025-08-27T00:00:00.000Z,Listed for rent,2025-05-28T00:00:00.000Z,Listing removed,2025-05-09T00:00:00.000Z,Listed for rent
"1219 N Parker Haskell St, Benton, AR 72015",1219 N Parker Haskell St,Benton,AR,,forRent,3,1680,,1400,7,https://www.zillow.com/homedetails/1219-N-Parker-Haskell-St-Benton-AR-72015/392830_zpid/,,35564,2026-08-31T00:00:00.000Z,Price change,2026-08-06T00:00:00.000Z,Price change,2026-07-09T00:00:00.000Z,Listed for rent,2025-12-12T00:00:00.000Z,Listing removed,2025-11-20T00:00:00.000Z,Listed for rent,2025-05-09T00:00:00.000Z,Listing removed
"21051 Natalie Ln, Little Rock, AR 72206",21051 Natalie Ln,Little Rock,AR,,forRent,3,1550,,1700,13,https://www.zillow.com/homedetails/21051-Natalie-Ln-Little-Rock-AR-72206/64691031_zpid/,,,2026-09-10T00:00:00.000Z,Listed for rent,,,,,,,,,,
"2804 Bruce St, Conway, AR 72034",2804 Bruce St,Conway,AR,,forRent,3,1232,,1375,16,https://www.zillow.com/homedetails/2804-Bruce-St-Conway-AR-72034/238249_zpid/,,115000,2026-09-07T00:00:00.000Z,Listed for rent,2017-11-12T00:00:00.000Z,Listing removed,2017-11-01T00:00:00.000Z,Listed for rent,2016-07-19T00:00:00.000Z,Listing removed,2016-07-19T00:00:00.000Z,Listed for sale,2016-07-18T00:00:00.000Z,Sold
"202 Skunk Hollow Rd, Conway, AR 72032",202 Skunk Hollow Rd,Conway,AR,,forRent,3,1120,,1425,35,https://www.zillow.com/homedetails/202-Skunk-Hollow-Rd-Conway-AR-72032/228041_zpid/,,116083,2026-09-09T00:00:00.000Z,Listed for rent,2026-08-20T00:00:00.000Z,Listing removed,2026-08-19T00:00:00.000Z,Listed for rent,2026-07-20T00:00:00.000Z,Sold,2026-05-18T00:00:00.000Z,Contingent,2026-05-08T00:00:00.000Z,Listed for sale
"1906 Dave Ward Dr, Conway, AR 72034",1906 Dave Ward Dr,Conway,AR,,forRent,3,1335,,1000,43,https://www.zillow.com/homedetails/1906-Dave-Ward-Dr-Conway-AR-72034/2061771487_zpid/,,,2026-08-11T00:00:00.000Z,Listed for rent,2025-12-18T00:00:00.000Z,Listing removed,2025-11-11T00:00:00.000Z,Price change,2025-10-28T00:00:00.000Z,Price change,2025-10-03T00:00:00.000Z,Price change,2025-06-27T00:00:00.000Z,Listed for rent
"608 S Baridon St, Conway, AR 72034",608 S Baridon St,Conway,AR,,forRent,3,1997,,1650,5,https://www.zillow.com/homedetails/608-S-Baridon-St-Conway-AR-72034/236173_zpid/,,132500,2026-09-19T00:00:00.000Z,Price change,2026-09-18T00:00:00.000Z,Listed for rent,2026-08-31T00:00:00.000Z,Listing removed,2026-08-18T00:00:00.000Z,Price change,2026-08-08T00:00:00.000Z,Listed for rent,2026-07-28T00:00:00.000Z,Listing removed
"13900 Ridgecrest Dr, Alexander, AR 72002",13900 Ridgecrest Dr,Alexander,AR,,forRent,3,1088,,1595,29,https://www.zillow.com/homedetails/13900-Ridgecrest-Dr-Alexander-AR-72002/49814165_zpid/,,100000,2026-08-31T00:00:00.000Z,Sold,2026-08-25T00:00:00.000Z,Listed for rent,,,,,,,,
"1267 Hamilton St, Conway, AR 72032",1267 Hamilton St,Conway,AR,,forRent,3,1056,,1158,35,https://www.zillow.com/homedetails/1267-Hamilton-St-Conway-AR-72032/234905_zpid/,,52000,2026-09-16T00:00:00.000Z,Price change,2026-09-14T00:00:00.000Z,Price change,2026-08-20T00:00:00.000Z,Listed for rent,2024-09-19T00:00:00.000Z,Listing removed,2024-09-17T00:00:00.000Z,Price change,2024-09-15T00:00:00.000Z,Price change
"3264 Sidell Rd, Benton, AR 72015",3264 Sidell Rd,Benton,AR,,forRent,4,1652,,1795,5,https://www.zillow.com/homedetails/3264-Sidell-Rd-Benton-AR-72015/465427229_zpid/,,,2026-09-18T00:00:00.000Z,Listed for rent,,,,,,,,,,
"2925 Gillis Dr, Benton, AR 72015",2925 Gillis Dr,Benton,AR,,forRent,4,2021,,2350,16,https://www.zillow.com/homedetails/2925-Gillis-Dr-Benton-AR-72015/2068772088_zpid/,,,2026-09-07T00:00:00.000Z,Listed for rent,2025-02-28T00:00:00.000Z,Listing removed,2025-02-07T00:00:00.000Z,Listed for rent,2021-10-21T00:00:00.000Z,Listing removed,2021-08-19T00:00:00.000Z,Listed for sale,,
"4955 Westin Park Dr, Conway, AR 72034",4955 Westin Park Dr,Conway,AR,,forRent,4,2275,,2300,3,https://www.zillow.com/homedetails/4955-Westin-Park-Dr-Conway-AR-72034/68021234_zpid/,,231500,2026-09-20T00:00:00.000Z,Listed for rent,2018-01-18T00:00:00.000Z,Sold,2017-11-16T00:00:00.000Z,Listed for sale,,,,,,
"2933 Gillis Dr, Benton, AR 72015",2933 Gillis Dr,Benton,AR,,forRent,5,2500,,2500,16,https://www.zillow.com/homedetails/2933-Gillis-Dr-Benton-AR-72015/443098023_zpid/,,,2026-09-07T00:00:00.000Z,Listed for rent,2025-02-28T00:00:00.000Z,Listing removed,2025-02-18T00:00:00.000Z,Listed for rent,,,,,,
"1845 Arden Ln, Conway, AR 72034",1845 Arden Ln,Conway,AR,,forRent,3,1205,,1575,9,https://www.zillow.com/homedetails/1845-Arden-Ln-Conway-AR-72034/71714882_zpid/,,139000,2026-08-30T00:00:00.000Z,Price change,2026-07-17T00:00:00.000Z,Listed for rent,2024-07-03T00:00:00.000Z,Listing removed,2024-06-25T00:00:00.000Z,Listed for rent,2023-02-27T00:00:00.000Z,Listing removed,2023-02-22T00:00:00.000Z,Listed for rent
"(Undisclosed Address), Conway, AR 72034",(Undisclosed Address),Conway,AR,,forRent,3,1689,,1750,23,https://www.zillow.com/homedetails/Conway-AR-72034/241235_zpid/,,131000,2026-09-01T00:00:00.000Z,Price change,2026-07-12T00:00:00.000Z,Listed for rent,2026-06-15T00:00:00.000Z,Listing removed,2026-05-25T00:00:00.000Z,Listed for rent,2026-05-16T00:00:00.000Z,Listing removed,2026-04-25T00:00:00.000Z,Listed for rent
"2906 Pamela, Benton, AR 72015",2906 Pamela,Benton,AR,,forRent,3,1372,,1495,30,https://www.zillow.com/homedetails/2906-Pamela-Benton-AR-72015/385308_zpid/,,,2026-08-25T00:00:00.000Z,Listed for rent,2025-08-04T00:00:00.000Z,Listing removed,2025-07-29T00:00:00.000Z,Price change,2025-07-08T00:00:00.000Z,Price change,2025-03-05T00:00:00.000Z,Listed for rent,2025-02-27T00:00:00.000Z,Listing removed
"1380 Sena Dr, Conway, AR 72034",1380 Sena Dr,Conway,AR,,forRent,4,1817,,1900,51,https://www.zillow.com/homedetails/1380-Sena-Dr-Conway-AR-72034/118483994_zpid/,,270000,2026-08-03T00:00:00.000Z,Listed for rent,2026-01-09T00:00:00.000Z,Listing removed,2025-12-18T00:00:00.000Z,Listed for rent,2024-11-06T00:00:00.000Z,Listing removed,2024-10-16T00:00:00.000Z,Listed for rent,2024-03-05T00:00:00.000Z,Listing removed
"4409 Olympic Dr, Benton, AR 72019",4409 Olympic Dr,Benton,AR,,forRent,4,1566,,1600,2,https://www.zillow.com/homedetails/4409-Olympic-Dr-Benton-AR-72019/446361230_zpid/,,182600,2026-09-21T00:00:00.000Z,Listed for rent,2024-07-09T00:00:00.000Z,Listing removed,2024-06-13T00:00:00.000Z,Listed for rent,2021-04-21T00:00:00.000Z,Sold,,,,
"3 Honeysuckle Ln, Conway, AR 72034",3 Honeysuckle Ln,Conway,AR,,forRent,4,1717,,1600,30,https://www.zillow.com/homedetails/3-Honeysuckle-Ln-Conway-AR-72034/234793_zpid/,,115000,2026-08-24T00:00:00.000Z,Listed for rent,2025-08-22T00:00:00.000Z,Listing removed,2025-07-25T00:00:00.000Z,Listed for sale,2025-04-15T00:00:00.000Z,Listing removed,2025-01-16T00:00:00.000Z,Pending sale,2025-01-13T00:00:00.000Z,Price change
"225 Shiloh Dr, Conway, AR 72032",225 Shiloh Dr,Conway,AR,,forRent,3,1228,,1450,14,https://www.zillow.com/homedetails/225-Shiloh-Dr-Conway-AR-72032/82281664_zpid/,,125000,2026-09-09T00:00:00.000Z,Listed for rent,2026-08-22T00:00:00.000Z,Listing removed,2026-08-07T00:00:00.000Z,Listed for rent,2026-02-26T00:00:00.000Z,Listing removed,2026-02-19T00:00:00.000Z,Price change,2026-02-13T00:00:00.000Z,Listed for rent
"1512 College Ave, Conway, AR 72034",1512 College Ave,Conway,AR,,forRent,4,1612,,1600,57,https://www.zillow.com/homedetails/1512-College-Ave-Conway-AR-72034/237453_zpid/,,119000,2026-09-15T00:00:00.000Z,Price change,2026-09-10T00:00:00.000Z,Price change,2026-08-03T00:00:00.000Z,Price change,2026-07-28T00:00:00.000Z,Listed for rent,2022-07-25T00:00:00.000Z,Listing removed,2022-07-18T00:00:00.000Z,Listed for rent
"2128 Duncan St, Conway, AR 72034",2128 Duncan St,Conway,AR,,forRent,4,1450,,1495,11,https://www.zillow.com/homedetails/2128-Duncan-St-Conway-AR-72034/236832_zpid/,,80000,2026-09-12T00:00:00.000Z,Listed for rent,2025-09-05T00:00:00.000Z,Listing removed,2025-08-14T00:00:00.000Z,Listed for rent,2015-10-02T00:00:00.000Z,Sold,2014-06-30T00:00:00.000Z,Sold,,
"20 Summer Breeze Rd, Conway, AR 72032",20 Summer Breeze Rd,Conway,AR,,forRent,3,1592,,1600,18,https://www.zillow.com/homedetails/20-Summer-Breeze-Rd-Conway-AR-72032/2076495598_zpid/,,207000,2026-09-05T00:00:00.000Z,Listed for rent,2024-04-17T00:00:00.000Z,Listing removed,2024-03-28T00:00:00.000Z,Listed for rent,2024-03-08T00:00:00.000Z,Sold,2024-02-22T00:00:00.000Z,Contingent,2024-02-21T00:00:00.000Z,Price change
"2530 Peabody Dr, Conway, AR 72032",2530 Peabody Dr,Conway,AR,,forRent,3,1271,,1500,39,https://www.zillow.com/homedetails/2530-Peabody-Dr-Conway-AR-72032/239829_zpid/,,199000,2026-08-15T00:00:00.000Z,Listed for rent,2025-07-28T00:00:00.000Z,Sold,2025-06-29T00:00:00.000Z,Contingent,2025-06-28T00:00:00.000Z,Listed for sale,2014-12-23T00:00:00.000Z,Sold,2013-09-19T00:00:00.000Z,Sold
"3369 Garden Club Dr, Benton, AR 72022",3369 Garden Club Dr,Benton,AR,,forRent,3,1305,,1700,10,https://www.zillow.com/homedetails/3369-Garden-Club-Dr-Benton-AR-72022/118174164_zpid/,,172500,2026-09-14T00:00:00.000Z,Listed for rent,2025-06-21T00:00:00.000Z,Listing removed,2025-05-20T00:00:00.000Z,Listed for rent,2025-02-04T00:00:00.000Z,Listing removed,2025-01-07T00:00:00.000Z,Listed for rent,2024-09-03T00:00:00.000Z,Listing removed
"2013 Creekwood Dr, Conway, AR 72032",2013 Creekwood Dr,Conway,AR,,forRent,5,2608,,2950,59,https://www.zillow.com/homedetails/2013-Creekwood-Dr-Conway-AR-72032/235364_zpid/,,289000,2026-09-11T00:00:00.000Z,Price change,2026-08-24T00:00:00.000Z,Price change,2026-07-29T00:00:00.000Z,Price change,2026-07-27T00:00:00.000Z,Listed for rent,2026-07-06T00:00:00.000Z,Sold,2026-04-16T00:00:00.000Z,Price change
"294 Stone Mountain Rd, Conway, AR 72032",294 Stone Mountain Rd,Conway,AR,,forRent,3,1216,,1650,10,https://www.zillow.com/homedetails/294-Stone-Mountain-Rd-Conway-AR-72032/122006123_zpid/,,42300,2026-09-13T00:00:00.000Z,Listed for rent,2025-04-17T00:00:00.000Z,Sold,2025-03-26T00:00:00.000Z,Contingent,2025-03-22T00:00:00.000Z,Listed for sale,,,,
"1116 Kenwood Cv, Bryant, AR 72022",1116 Kenwood Cv,Bryant,AR,,forRent,4,1931,,2100,34,https://www.zillow.com/homedetails/1116-Kenwood-Cv-Bryant-AR-72022/52934559_zpid/,,120000,2026-08-20T00:00:00.000Z,Listed for rent,2025-07-26T00:00:00.000Z,Listing removed,2025-07-22T00:00:00.000Z,Listed for rent,2024-01-18T00:00:00.000Z,Listing removed,2023-10-26T00:00:00.000Z,Listed for rent,2022-06-08T00:00:00.000Z,Listing removed
"1117 Weems St, Conway, AR 72034",1117 Weems St,Conway,AR,,forRent,4,1932,,2050,40,https://www.zillow.com/homedetails/1117-Weems-St-Conway-AR-72034/450684409_zpid/,,,2026-09-03T00:00:00.000Z,Price change,2026-08-22T00:00:00.000Z,Listing removed,2026-08-14T00:00:00.000Z,Listed for rent,2026-08-02T00:00:00.000Z,Listed for sale,2026-08-01T00:00:00.000Z,Listing removed,2026-07-28T00:00:00.000Z,Price change
"405 S Ash St, Conway, AR 72034",405 S Ash St,Conway,AR,,forRent,3,1100,,1200,13,https://www.zillow.com/homedetails/405-S-Ash-St-Conway-AR-72034/238063_zpid/,,75000,2026-09-10T00:00:00.000Z,Listed for rent,2021-02-23T00:00:00.000Z,Listing removed,2020-06-04T00:00:00.000Z,Listing removed,2020-06-02T00:00:00.000Z,Listed for rent,2020-04-30T00:00:00.000Z,Sold,2020-04-14T00:00:00.000Z,Listed for sale
"1804 Clara Dr, Conway, AR 72034",1804 Clara Dr,Conway,AR,,forRent,3,2000,,1695,19,https://www.zillow.com/homedetails/1804-Clara-Dr-Conway-AR-72034/235007_zpid/,,20000,2026-09-04T00:00:00.000Z,Listed for rent,2024-07-11T00:00:00.000Z,Listing removed,2024-06-26T00:00:00.000Z,Listed for rent,2023-06-13T00:00:00.000Z,Listing removed,2023-05-30T00:00:00.000Z,Listed for rent,2022-05-04T00:00:00.000Z,Listing removed
"4605 Valiant Dr, Conway, AR 72034",4605 Valiant Dr,Conway,AR,,forRent,3,1324,,1500,73,https://www.zillow.com/homedetails/4605-Valiant-Dr-Conway-AR-72034/52392383_zpid/,,122000,2026-08-01T00:00:00.000Z,Price change,2026-07-13T00:00:00.000Z,Listed for rent,2023-05-19T00:00:00.000Z,Listing removed,2023-05-02T00:00:00.000Z,Listed for rent,2022-04-11T00:00:00.000Z,Listing removed,2022-04-06T00:00:00.000Z,Listed for rent
"2230 Matthews Ln, Conway, AR 72032",2230 Matthews Ln,Conway,AR,,forRent,4,1661,,1800,5,https://www.zillow.com/homedetails/2230-Matthews-Ln-Conway-AR-72032/2076025311_zpid/,,,2026-09-18T00:00:00.000Z,Listed for rent,,,,,,,,,,
"2007 Arkansas Ave, Conway, AR 72034",2007 Arkansas Ave,Conway,AR,,forRent,3,1301,,1495,22,https://www.zillow.com/homedetails/2007-Arkansas-Ave-Conway-AR-72034/234341_zpid/,,90000,2026-09-02T00:00:00.000Z,Listed for rent,2026-08-26T00:00:00.000Z,Sold,2026-08-25T00:00:00.000Z,Contingent,2026-07-20T00:00:00.000Z,Price change,2026-05-19T00:00:00.000Z,Listed for sale,2026-05-19T00:00:00.000Z,Listing removed
"911 James Madison Dr, Benton, AR 72019",911 James Madison Dr,Benton,AR,,forRent,3,2014,,1700,7,https://www.zillow.com/homedetails/911-James-Madison-Dr-Benton-AR-72019/82278084_zpid/,,175000,2026-09-16T00:00:00.000Z,Listed for rent,2024-07-26T00:00:00.000Z,Sold,2021-07-01T00:00:00.000Z,Sold,2014-03-12T00:00:00.000Z,Sold,,,,
"1655 Duke St, Conway, AR 72032",1655 Duke St,Conway,AR,,forRent,3,1369,,1675,4,https://www.zillow.com/homedetails/1655-Duke-St-Conway-AR-72032/71713063_zpid/,,185000,2026-09-19T00:00:00.000Z,Listed for rent,2024-10-01T00:00:00.000Z,Listing removed,2024-09-11T00:00:00.000Z,Listed for rent,2023-08-01T00:00:00.000Z,Sold,2023-05-18T00:00:00.000Z,Contingent,2023-04-23T00:00:00.000Z,Listed for sale
"5417 Temperance, Jacksonville, AR 72076",5417 Temperance,Jacksonville,AR,,forRent,,,,,,https://www.zillow.com/b/5417-temperance-jacksonville-ar-CYrkNG/,,,,,,,,,,,,,,
"1609 Rushing Cir, Conway, AR 72032",1609 Rushing Cir,Conway,AR,,forRent,3,1400,,1475,23,https://www.zillow.com/homedetails/1609-Rushing-Cir-Conway-AR-72032/235792_zpid/,,116000,2026-08-31T00:00:00.000Z,Listed for rent,2024-09-13T00:00:00.000Z,Listing removed,2024-06-19T00:00:00.000Z,Listed for rent,2024-06-19T00:00:00.000Z,Listing removed,2024-05-25T00:00:00.000Z,Listed for rent,2023-03-31T00:00:00.000Z,Listing removed
"40 Ridge Trl, Sherwood, AR 72120",40 Ridge Trl,Sherwood,AR,,forRent,3,2200,,2100,33,https://www.zillow.com/homedetails/40-Ridge-Trl-Sherwood-AR-72120/232839_zpid/,,230600,2026-08-31T00:00:00.000Z,Price change,2026-08-21T00:00:00.000Z,Listed for rent,2026-08-12T00:00:00.000Z,Listing removed,2026-07-20T00:00:00.000Z,Listed for rent,2026-06-17T00:00:00.000Z,Listing removed,2026-06-02T00:00:00.000Z,Price change
"2220 Chase Dr, Conway, AR 72034",2220 Chase Dr,Conway,AR,,forRent,3,1582,,1850,69,https://www.zillow.com/homedetails/2220-Chase-Dr-Conway-AR-72034/35730147_zpid/,,141000,2026-07-16T00:00:00.000Z,Listed for rent,2025-04-11T00:00:00.000Z,Listing removed,2025-04-06T00:00:00.000Z,Listed for rent,2025-03-29T00:00:00.000Z,Listing removed,2025-01-19T00:00:00.000Z,Price change,2025-01-18T00:00:00.000Z,Listed for rent
"1505 Hathaway Dr, Conway, AR 72034",1505 Hathaway Dr,Conway,AR,,forRent,3,1207,,1475,20,https://www.zillow.com/homedetails/1505-Hathaway-Dr-Conway-AR-72034/241555_zpid/,,70000,2026-09-03T00:00:00.000Z,Listed for rent,2024-01-31T00:00:00.000Z,Listing removed,2024-01-30T00:00:00.000Z,Listed for rent,2024-01-29T00:00:00.000Z,Listing removed,2024-01-27T00:00:00.000Z,Listed for rent,2016-01-09T00:00:00.000Z,Listing removed
"4420 Oregon Trl, Conway, AR 72034",4420 Oregon Trl,Conway,AR,,forRent,3,1300,,1600,4,https://www.zillow.com/homedetails/4420-Oregon-Trl-Conway-AR-72034/35730660_zpid/,,149100,2026-09-19T00:00:00.000Z,Listed for rent,2025-09-09T00:00:00.000Z,Listing removed,2025-08-11T00:00:00.000Z,Price change,2025-08-08T00:00:00.000Z,Listed for rent,2024-07-04T00:00:00.000Z,Listing removed,2024-06-29T00:00:00.000Z,Listed for rent
"831 Watkins St, Conway, AR 72034",831 Watkins St,Conway,AR,,forRent,3,1176,,1175,28,https://www.zillow.com/homedetails/831-Watkins-St-Conway-AR-72034/237666_zpid/,,85000,2026-08-27T00:00:00.000Z,Listed for rent,2025-12-01T00:00:00.000Z,Listing removed,2025-10-29T00:00:00.000Z,Listed for rent,2019-08-02T00:00:00.000Z,Listing removed,2019-07-17T00:00:00.000Z,Price change,2019-07-13T00:00:00.000Z,Listed for rent
"2230 Cedar Oaks Dr, Conway, AR 72032",2230 Cedar Oaks Dr,Conway,AR,,forRent,3,1200,,1500,10,https://www.zillow.com/homedetails/2230-Cedar-Oaks-Dr-Conway-AR-72032/239909_zpid/,,640000,2026-09-13T00:00:00.000Z,Listed for rent,2014-10-22T00:00:00.000Z,Sold,2006-05-30T00:00:00.000Z,Sold,,,,,,
"804 Drake Dr, Conway, AR 72034",804 Drake Dr,Conway,AR,,forRent,3,1663,,1650,13,https://www.zillow.com/homedetails/804-Drake-Dr-Conway-AR-72034/243037_zpid/,,164500,2026-09-11T00:00:00.000Z,Listed for rent,2024-04-20T00:00:00.000Z,Listing removed,2024-04-09T00:00:00.000Z,Listed for rent,2023-09-11T00:00:00.000Z,Listing removed,2023-09-10T00:00:00.000Z,Listed for rent,2023-09-10T00:00:00.000Z,Listing removed
"2 Hawthorne Dr, Conway, AR 72034",2 Hawthorne Dr,Conway,AR,,forRent,3,1408,,1600,61,https://www.zillow.com/homedetails/2-Hawthorne-Dr-Conway-AR-72034/237001_zpid/,,102000,2026-09-22T00:00:00.000Z,Price change,2026-09-06T00:00:00.000Z,Price change,2026-08-27T00:00:00.000Z,Price change,2026-07-24T00:00:00.000Z,Listed for rent,2014-07-29T00:00:00.000Z,Sold,2014-05-16T00:00:00.000Z,Price change
"4417 W 26th St, Little Rock, AR 72204",4417 W 26th St,Little Rock,AR,,forRent,3,1197,,1100,2,https://www.zillow.com/homedetails/4417-W-26th-St-Little-Rock-AR-72204/314146_zpid/,,100000,2026-09-21T00:00:00.000Z,Listed for rent,2025-02-03T00:00:00.000Z,Listing removed,2025-01-29T00:00:00.000Z,Price change,2024-12-17T00:00:00.000Z,Price change,2024-11-26T00:00:00.000Z,Price change,2024-11-02T00:00:00.000Z,Listed for rent
"121 Shamrock Dr, Conway, AR 72034",121 Shamrock Dr,Conway,AR,,forRent,4,1950,,2000,11,https://www.zillow.com/homedetails/121-Shamrock-Dr-Conway-AR-72034/238690_zpid/,,142000,2026-01-20T00:00:00.000Z,Listed for rent,2025-08-31T00:00:00.000Z,Listing removed,2025-08-25T00:00:00.000Z,Listed for rent,2025-08-25T00:00:00.000Z,Listing removed,2025-08-04T00:00:00.000Z,Price change,2025-06-29T00:00:00.000Z,Listed for rent
"1948 Cambridge Village Dr, Conway, AR 72032",1948 Cambridge Village Dr,Conway,AR,,forRent,3,1502,,1500,11,https://www.zillow.com/homedetails/1948-Cambridge-Village-Dr-Conway-AR-72032/203896115_zpid/,,,2026-09-12T00:00:00.000Z,Listed for rent,2026-08-06T00:00:00.000Z,Listing removed,2026-05-25T00:00:00.000Z,Price change,2026-05-06T00:00:00.000Z,Listed for rent,2025-04-16T00:00:00.000Z,Listing removed,2025-03-18T00:00:00.000Z,Listed for rent
"2500 Gibby Dr, Conway, AR 72032",2500 Gibby Dr,Conway,AR,,forRent,3,1221,,1350,19,https://www.zillow.com/homedetails/2500-Gibby-Dr-Conway-AR-72032/239939_zpid/,,123000,2026-09-04T00:00:00.000Z,Listed for rent,2021-03-24T00:00:00.000Z,Listing removed,2021-03-12T00:00:00.000Z,Sold,2015-06-30T00:00:00.000Z,Sold,2015-03-29T00:00:00.000Z,Listing removed,2015-03-15T00:00:00.000Z,Listed for sale
"2765 Archer Ln, Conway, AR 72034",2765 Archer Ln,Conway,AR,,forRent,3,1560,,1700,40,https://www.zillow.com/homedetails/2765-Archer-Ln-Conway-AR-72034/241241_zpid/,,154500,2026-08-14T00:00:00.000Z,Listed for rent,2025-09-17T00:00:00.000Z,Listing removed,2025-08-12T00:00:00.000Z,Listed for rent,2024-05-31T00:00:00.000Z,Listing removed,2024-05-16T00:00:00.000Z,Listed for rent,2023-06-05T00:00:00.000Z,Listing removed
"600 S Davis St, Conway, AR 72034",600 S Davis St,Conway,AR,,forRent,3,1728,,1500,93,https://www.zillow.com/homedetails/600-S-Davis-St-Conway-AR-72034/235022_zpid/,,108500,2026-09-02T00:00:00.000Z,Price change,2026-07-20T00:00:00.000Z,Price change,2026-07-06T00:00:00.000Z,Price change,2026-06-22T00:00:00.000Z,Listed for rent,2022-10-20T00:00:00.000Z,Listing removed,2022-10-11T00:00:00.000Z,Price change
"5210 Stockton Rd, Conway, AR 72034",5210 Stockton Rd,Conway,AR,,forRent,3,1245,,1400,19,https://www.zillow.com/homedetails/5210-Stockton-Rd-Conway-AR-72034/63265504_zpid/,,,2026-09-04T00:00:00.000Z,Listed for rent,,,,,,,,,,
"3264 Sidell Estates Dr, Benton, AR 72015",3264 Sidell Estates Dr,Benton,AR,,forRent,4,1652,,1795,40,https://www.zillow.com/homedetails/3264-Sidell-Estates-Dr-Benton-AR-72015/2063496322_zpid/,,,2026-08-14T00:00:00.000Z,Listed for rent,2022-07-02T00:00:00.000Z,Listing removed,2022-06-10T00:00:00.000Z,Price change,2022-04-28T00:00:00.000Z,Listed for sale,,,,
"9 Summer Breeze Rd, Conway, AR 72032",9 Summer Breeze Rd,Conway,AR,,forRent,4,1537,,1750,13,https://www.zillow.com/homedetails/9-Summer-Breeze-Rd-Conway-AR-72032/2078228526_zpid/,,195000,2026-09-10T00:00:00.000Z,Listed for rent,2025-08-12T00:00:00.000Z,Listing removed,2025-06-24T00:00:00.000Z,Listed for rent,2025-05-30T00:00:00.000Z,Sold,2025-04-24T00:00:00.000Z,Contingent,2025-03-29T00:00:00.000Z,Listed for sale
"418 S Main, Benton, AR 72015",418 S Main,Benton,AR,,forRent,3,1096,,1300,37,https://www.zillow.com/homedetails/418-S-Main-Benton-AR-72015/71708118_zpid/,,99500,2026-09-08T00:00:00.000Z,Listed for rent,2026-09-01T00:00:00.000Z,Listing removed,2026-08-17T00:00:00.000Z,Listed for rent,2018-08-10T00:00:00.000Z,Sold,2018-06-20T00:00:00.000Z,Sold,2018-04-03T00:00:00.000Z,Listed for sale
"302 N Lincoln St, Cabot, AR 72023",302 N Lincoln St,Cabot,AR,,forRent,3,1318,,1500,1,https://www.zillow.com/homedetails/302-N-Lincoln-St-Cabot-AR-72023/253236_zpid/,,119000,2026-09-22T00:00:00.000Z,Listed for rent,2014-02-28T00:00:00.000Z,Sold,,,,,,,,
"3915 Ledbetter Dr, Conway, AR 72034",3915 Ledbetter Dr,Conway,AR,,forRent,3,1052,,1100,11,https://www.zillow.com/homedetails/3915-Ledbetter-Dr-Conway-AR-72034/242880_zpid/,,134000,2026-01-14T00:00:00.000Z,Listed for rent,2026-01-14T00:00:00.000Z,Listing removed,2026-01-08T00:00:00.000Z,Listed for rent,2024-12-09T00:00:00.000Z,Listing removed,2024-10-16T00:00:00.000Z,Price change,2024-08-16T00:00:00.000Z,Listed for rent
"1425 Joyner Dr, Conway, AR 72034",1425 Joyner Dr,Conway,AR,,forRent,3,1157,,1450,40,https://www.zillow.com/homedetails/1425-Joyner-Dr-Conway-AR-72034/35730195_zpid/,,155000,2026-08-14T00:00:00.000Z,Listed for rent,2025-10-28T00:00:00.000Z,Listing removed,2025-08-29T00:00:00.000Z,Price change,2025-08-12T00:00:00.000Z,Listed for rent,2024-09-13T00:00:00.000Z,Listing removed,2024-08-16T00:00:00.000Z,Listed for rent
"2103 Arkansas Ave, Conway, AR 72034",2103 Arkansas Ave,Conway,AR,,forRent,4,1300,,1425,19,https://www.zillow.com/homedetails/2103-Arkansas-Ave-Conway-AR-72034/235083_zpid/,,87000,2026-09-04T00:00:00.000Z,Listed for rent,2025-10-17T00:00:00.000Z,Listing removed,2025-09-19T00:00:00.000Z,Listed for rent,2015-02-13T00:00:00.000Z,Sold,,,,
"2225 Redwood, Benton, AR 72015",2225 Redwood,Benton,AR,,forRent,3,1758,,1800,114,https://www.zillow.com/homedetails/2225-Redwood-Benton-AR-72015/52934068_zpid/,,132000,2026-09-03T00:00:00.000Z,Price change,2026-08-17T00:00:00.000Z,Price change,2026-07-13T00:00:00.000Z,Price change,2026-06-01T00:00:00.000Z,Listed for rent,2025-05-31T00:00:00.000Z,Listing removed,2025-05-17T00:00:00.000Z,Listed for rent
"1250 5th St NE, Hickory, NC 28601",1250 5th St NE,Hickory,NC,,forRent,,,,,,https://www.zillow.com/apartments/hickory-nc/hickory-trace-village-apartments/5XhwK5/,,,,,,,,,,,,,,
"2354 Mosteller Estate Ave SE, Hickory, NC 28602",2354 Mosteller Estate Ave SE,Hickory,NC,,forRent,,,,,,https://www.zillow.com/apartments/hickory-nc/the-estates-at-legends/CgHqZd/,,,,,,,,,,,,,,
"330 3rd St NW, Hickory, NC 28601",330 3rd St NW,Hickory,NC,,other,,,,,,https://www.zillow.com/apartments/hickory-nc/330-triplex/9Pnvv8/,,,,,,,,,,,,,,
"2778 2nd St NE, Hickory, NC 28601",2778 2nd St NE,Hickory,NC,,forRent,,,,,,https://www.zillow.com/apartments/hickory-nc/hawks-landing/CkWS4r/,,,,,,,,,,,,,,
"1009 22nd St NE, Hickory, NC 28601",1009 22nd St NE,Hickory,NC,,forRent,,,,,,https://www.zillow.com/apartments/hickory-nc/collins-management-llc-1009-22nd-street-northeast/9PnqKK/,,,,,,,,,,,,,,
"2290 Liberty Church Rd, Hickory, NC 28601",2290 Liberty Church Rd,Hickory,NC,,forRent,,,,,,https://www.zillow.com/apartments/hickory-nc/liberty-church-mhc/B5mtBZ/,,,,,,,,,,,,,,
"3062 12th Ave SE, Hickory, NC 28602",3062 12th Ave SE,Hickory,NC,,forRent,,,,,,https://www.zillow.com/apartments/hickory-nc/redwood-hickory/ChZKXj/,,,,,,,,,,,,,,
"1445 4th Street Dr NW, Hickory, NC 28601",1445 4th Street Dr NW,Hickory,NC,,forRent,,,,,,https://www.zillow.com/apartments/hickory-nc/the-townhomes-at-viewmont/5j8D4k/,,,,,,,,,,,,,,
"4054 Oxford Glen Dr, Claremont, NC 28610",4054 Oxford Glen Dr,Claremont,NC,,forRent,3,1665,,1800,16,https://www.zillow.com/homedetails/4054-Oxford-Glen-Dr-Claremont-NC-28610/465094281_zpid/,,,2026-09-08T00:00:00.000Z,Listed for rent,,,,,,,,,,
"2130 10th St SE, Hickory, NC 28602",2130 10th St SE,Hickory,NC,,forRent,4,2174,,2250,47,https://www.zillow.com/homedetails/2130-10th-St-SE-Hickory-NC-28602/463122074_zpid/,,,2026-08-07T00:00:00.000Z,Listed for rent,,,,,,,,,,
"2098 10th St SE, Hickory, NC 28601",2098 10th St SE,Hickory,NC,,forRent,4,2174,,2295,21,https://www.zillow.com/homedetails/2098-10th-St-SE-Hickory-NC-28601/461180979_zpid/,,309000,2026-09-02T00:00:00.000Z,Listed for rent,2026-08-20T00:00:00.000Z,Sold,,,,,,,,
"4075 Oxford Glen Dr, Claremont, NC 28610",4075 Oxford Glen Dr,Claremont,NC,,forRent,5,2578,,2135,16,https://www.zillow.com/homedetails/4075-Oxford-Glen-Dr-Claremont-NC-28610/465094286_zpid/,,,2026-09-08T00:00:00.000Z,Listed for rent,,,,,,,,,,
"4066 Oxford Glen Dr, Claremont, NC 28610",4066 Oxford Glen Dr,Claremont,NC,,forRent,4,1956,,1945,16,https://www.zillow.com/homedetails/4066-Oxford-Glen-Dr-Claremont-NC-28610/465094292_zpid/,,,2026-09-08T00:00:00.000Z,Listed for rent,,,,,,,,,,
"4072 Oxford Glen Dr, Claremont, NC 28610",4072 Oxford Glen Dr,Claremont,NC,,forRent,4,2307,,1990,16,https://www.zillow.com/homedetails/4072-Oxford-Glen-Dr-Claremont-NC-28610/465094284_zpid/,,,2026-09-08T00:00:00.000Z,Listed for rent,,,,,,,,,,
"3755 Charles St NW, Conover, NC 28613",3755 Charles St NW,Conover,NC,,forRent,4,2565,,2400,82,https://www.zillow.com/homedetails/3755-Charles-St-NW-Conover-NC-28613/345078496_zpid/,,359000,2026-07-05T00:00:00.000Z,Listed for rent,2024-10-15T00:00:00.000Z,Sold,,,,,,,,
"4078 Oxford Glen Dr, Claremont, NC 28610",4078 Oxford Glen Dr,Claremont,NC,,forRent,5,2578,,2135,16,https://www.zillow.com/homedetails/4078-Oxford-Glen-Dr-Claremont-NC-28610/465094289_zpid/,,,2026-09-08T00:00:00.000Z,Listed for rent,,,,,,,,,,
"4090 Oxford Glen Dr, Claremont, NC 28610",4090 Oxford Glen Dr,Claremont,NC,,forRent,4,1956,,1945,16,https://www.zillow.com/homedetails/4090-Oxford-Glen-Dr-Claremont-NC-28610/465094288_zpid/,,,2026-09-08T00:00:00.000Z,Listed for rent,,,,,,,,,,
"4096 Oxford Glen Dr, Claremont, NC 28610",4096 Oxford Glen Dr,Claremont,NC,,forRent,4,2307,,1990,16,https://www.zillow.com/homedetails/4096-Oxford-Glen-Dr-Claremont-NC-28610/465094295_zpid/,,,2026-09-08T00:00:00.000Z,Listed for rent,,,,,,,,,,
"4093 Oxford Glen Dr, Claremont, NC 28610",4093 Oxford Glen Dr,Claremont,NC,,forRent,4,2213,,1990,16,https://www.zillow.com/homedetails/4093-Oxford-Glen-Dr-Claremont-NC-28610/464050697_zpid/,,,2026-09-08T00:00:00.000Z,Listed for rent,2026-07-22T00:00:00.000Z,Listed for sale,,,,,,,,
"4087 Oxford Glen Dr, Claremont, NC 28610",4087 Oxford Glen Dr,Claremont,NC,,forRent,5,2578,,2135,16,https://www.zillow.com/homedetails/4087-Oxford-Glen-Dr-Claremont-NC-28610/465094282_zpid/,,,2026-09-08T00:00:00.000Z,Listed for rent,,,,,,,,,,
"4084 Oxford Glen Dr, Claremont, NC 28610",4084 Oxford Glen Dr,Claremont,NC,,forRent,3,1665,,1800,16,https://www.zillow.com/homedetails/4084-Oxford-Glen-Dr-Claremont-NC-28610/465094279_zpid/,,,2026-09-08T00:00:00.000Z,Listed for rent,,,,,,,,,,
"4081 Oxford Glen Dr, Claremont, NC 28610",4081 Oxford Glen Dr,Claremont,NC,,forRent,4,2307,,1990,16,https://www.zillow.com/homedetails/4081-Oxford-Glen-Dr-Claremont-NC-28610/465094290_zpid/,,,2026-09-08T00:00:00.000Z,Listed for rent,,,,,,,,,,
"4108 Oxford Glen Dr, Claremont, NC 28610",4108 Oxford Glen Dr,Claremont,NC,,forRent,5,2578,,2135,16,https://www.zillow.com/homedetails/4108-Oxford-Glen-Dr-Claremont-NC-28610/465094285_zpid/,,,2026-09-08T00:00:00.000Z,Listed for rent,,,,,,,,,,
"4126 Oxford Glen Dr, Claremont, NC 28610",4126 Oxford Glen Dr,Claremont,NC,,forRent,5,2578,,2135,16,https://www.zillow.com/homedetails/4126-Oxford-Glen-Dr-Claremont-NC-28610/465094293_zpid/,,,2026-09-08T00:00:00.000Z,Listed for rent,,,,,,,,,,
"4117 Oxford Glen Dr, Claremont, NC 28610",4117 Oxford Glen Dr,Claremont,NC,,forRent,3,1665,,1800,16,https://www.zillow.com/homedetails/4117-Oxford-Glen-Dr-Claremont-NC-28610/465094291_zpid/,,,2026-09-08T00:00:00.000Z,Listed for rent,,,,,,,,,,
"4114 Oxford Glen Dr, Claremont, NC 28610",4114 Oxford Glen Dr,Claremont,NC,,forRent,4,2307,,1990,16,https://www.zillow.com/homedetails/4114-Oxford-Glen-Dr-Claremont-NC-28610/465094287_zpid/,,,2026-09-08T00:00:00.000Z,Listed for rent,,,,,,,,,,
"4099 Oxford Glen Dr, Claremont, NC 28610",4099 Oxford Glen Dr,Claremont,NC,,forRent,4,1956,,1945,16,https://www.zillow.com/homedetails/4099-Oxford-Glen-Dr-Claremont-NC-28610/465094294_zpid/,,,2026-09-08T00:00:00.000Z,Listed for rent,,,,,,,,,,
"4105 Oxford Glen Dr, Claremont, NC 28610",4105 Oxford Glen Dr,Claremont,NC,,forRent,5,2578,,2135,16,https://www.zillow.com/homedetails/4105-Oxford-Glen-Dr-Claremont-NC-28610/465094283_zpid/,,,2026-09-08T00:00:00.000Z,Listed for rent,,,,,,,,,,
"4102 Oxford Glen Dr, Claremont, NC 28610",4102 Oxford Glen Dr,Claremont,NC,,forRent,3,1665,,1800,16,https://www.zillow.com/homedetails/4102-Oxford-Glen-Dr-Claremont-NC-28610/465094280_zpid/,,,2026-09-08T00:00:00.000Z,Listed for rent,,,,,,,,,,
"1415 Mammoth Rd, Hickory, NC 28602",1415 Mammoth Rd,Hickory,NC,,forRent,4,1927,,2145,21,https://www.zillow.com/homedetails/1415-Mammoth-Rd-Hickory-NC-28602/461722523_zpid/,,272500,2026-09-02T00:00:00.000Z,Listed for rent,2026-08-20T00:00:00.000Z,Sold,,,,,,,,
"1406 Mammoth Rd, Hickory, NC 28602",1406 Mammoth Rd,Hickory,NC,,forRent,3,1749,,2025,21,https://www.zillow.com/homedetails/1406-Mammoth-Rd-Hickory-NC-28602/460650036_zpid/,,258000,2026-09-02T00:00:00.000Z,Listed for rent,2026-08-20T00:00:00.000Z,Sold,,,,,,,,
"7083 Juneberry Way, Maiden, NC 28650",7083 Juneberry Way,Maiden,NC,,forRent,4,2628,,2349,28,https://www.zillow.com/homedetails/7083-Juneberry-Way-Maiden-NC-28650/464846943_zpid/,,,2026-08-26T00:00:00.000Z,Listed for rent,,,,,,,,,,
"422 Janie Cir, Hickory, NC 28601",422 Janie Cir,Hickory,NC,,forRent,4,2800,,2500,23,https://www.zillow.com/homedetails/422-Janie-Cir-Hickory-NC-28601/460859494_zpid/,,,2026-03-05T00:00:00.000Z,Listed for rent,,,,,,,,,,
"1411 Mammoth Rd, Hickory, NC 28602",1411 Mammoth Rd,Hickory,NC,,forRent,5,2368,,2255,21,https://www.zillow.com/homedetails/1411-Mammoth-Rd-Hickory-NC-28602/463736170_zpid/,,292400,2026-09-02T00:00:00.000Z,Listed for rent,2026-08-20T00:00:00.000Z,Sold,,,,,,,,
"7119 Juneberry Way, Maiden, NC 28650",7119 Juneberry Way,Maiden,NC,,forRent,4,2931,,2599,46,https://www.zillow.com/homedetails/7119-Juneberry-Way-Maiden-NC-28650/464413264_zpid/,,,2026-08-08T00:00:00.000Z,Listed for rent,,,,,,,,,,
"7137 Juneberry Way, Maiden, NC 28650",7137 Juneberry Way,Maiden,NC,,forRent,4,2931,,2599,46,https://www.zillow.com/homedetails/7137-Juneberry-Way-Maiden-NC-28650/464413261_zpid/,,,2026-08-08T00:00:00.000Z,Listed for rent,,,,,,,,,,
"1431 Mammoth Rd, Hickory, NC 28602",1431 Mammoth Rd,Hickory,NC,,forRent,5,2368,,2245,22,https://www.zillow.com/homedetails/1431-Mammoth-Rd-Hickory-NC-28602/455924046_zpid/,,307679,2026-09-01T00:00:00.000Z,Listed for rent,2026-08-31T00:00:00.000Z,Sold,,,,,,,,
"1423 Mammoth Rd, Hickory, NC 28602",1423 Mammoth Rd,Hickory,NC,,forRent,4,1927,,2095,72,https://www.zillow.com/homedetails/1423-Mammoth-Rd-Hickory-NC-28602/461722831_zpid/,,,2026-07-14T00:00:00.000Z,Listed for rent,,,,,,,,,,
"1419 Mammoth Rd, Hickory, NC 28602",1419 Mammoth Rd,Hickory,NC,,forRent,5,2368,,2275,21,https://www.zillow.com/homedetails/1419-Mammoth-Rd-Hickory-NC-28602/461722721_zpid/,,292400,2026-09-02T00:00:00.000Z,Listed for rent,2026-08-20T00:00:00.000Z,Sold,,,,,,,,
"7083 Juneberry Way, Maiden, NC 28650",7083 Juneberry Way,Maiden,NC,,forRent,4,2628,,2349,28,https://www.zillow.com/homedetails/7083-Juneberry-Way-Maiden-NC-28650/464846943_zpid/,,,2026-09-10T00:00:00.000Z,Price change,2026-08-26T00:00:00.000Z,Listed for rent,,,,,,,,
"7137 Juneberry Way, Maiden, NC 28650",7137 Juneberry Way,Maiden,NC,,forRent,4,2931,,2599,46,https://www.zillow.com/homedetails/7137-Juneberry-Way-Maiden-NC-28650/464413261_zpid/,,,2026-09-10T00:00:00.000Z,Price change,2026-08-08T00:00:00.000Z,Listed for rent,,,,,,,,
"1415 Mammoth Rd, Hickory, NC 28602",1415 Mammoth Rd,Hickory,NC,,forRent,4,1927,,2145,21,https://www.zillow.com/homedetails/1415-Mammoth-Rd-Hickory-NC-28602/461722523_zpid/,,272500,2026-09-02T00:00:00.000Z,Listed for rent,2026-08-20T00:00:00.000Z,Sold,,,,,,,,
"7119 Juneberry Way, Maiden, NC 28650",7119 Juneberry Way,Maiden,NC,,forRent,4,2931,,2599,46,https://www.zillow.com/homedetails/7119-Juneberry-Way-Maiden-NC-28650/464413264_zpid/,,,2026-09-10T00:00:00.000Z,Price change,,,,,,,,,,
"422 Janie Cir, Hickory, NC 28601",422 Janie Cir,Hickory,NC,,forRent,4,2800,,2500,23,https://www.zillow.com/homedetails/422-Janie-Cir-Hickory-NC-28601/460859494_zpid/,,,2026-09-01T00:00:00.000Z,Listed for rent,,,,,,,,,,
"1406 Mammoth Rd, Hickory, NC 28602",1406 Mammoth Rd,Hickory,NC,,forRent,3,1749,,2025,21,https://www.zillow.com/homedetails/1406-Mammoth-Rd-Hickory-NC-28602/460650036_zpid/,,258000,2026-09-02T00:00:00.000Z,Listed for rent,,,,,,,,,,
"1411 Mammoth Rd, Hickory, NC 28602",1411 Mammoth Rd,Hickory,NC,,forRent,5,2368,,2255,21,https://www.zillow.com/homedetails/1411-Mammoth-Rd-Hickory-NC-28602/463736170_zpid/,,292400,2026-09-02T00:00:00.000Z,Listed for rent,,,,,,,,,,
"1431 Mammoth Rd, Hickory, NC 28602",1431 Mammoth Rd,Hickory,NC,,forRent,5,2368,,2245,22,https://www.zillow.com/homedetails/1431-Mammoth-Rd-Hickory-NC-28602/455924046_zpid/,,307679,2026-09-11T00:00:00.000Z,Price change,,,,,,,,,,
"1423 Mammoth Rd, Hickory, NC 28602",1423 Mammoth Rd,Hickory,NC,,forRent,4,1927,,2095,72,https://www.zillow.com/homedetails/1423-Mammoth-Rd-Hickory-NC-28602/461722831_zpid/,,,2026-09-11T00:00:00.000Z,Price change,,,,,,,,,,
"1419 Mammoth Rd, Hickory, NC 28602",1419 Mammoth Rd,Hickory,NC,,forRent,5,2368,,2275,21,https://www.zillow.com/homedetails/1419-Mammoth-Rd-Hickory-NC-28602/461722721_zpid/,,292400,2026-09-02T00:00:00.000Z,Listed for rent,,,,,,,,,,
"1406 Mammoth Rd, Hickory, NC 28602",1406 Mammoth Rd,Hickory,NC,,forRent,3,1749,,2025,21,https://www.zillow.com/homedetails/1406-Mammoth-Rd-Hickory-NC-28602/460650036_zpid/,,258000,2026-09-02T00:00:00.000Z,Listed for rent,,,,,,,,,,
"1411 Mammoth Rd, Hickory, NC 28602",1411 Mammoth Rd,Hickory,NC,,forRent,5,2368,,2255,21,https://www.zillow.com/homedetails/1411-Mammoth-Rd-Hickory-NC-28602/463736170_zpid/,,292400,2026-09-02T00:00:00.000Z,Listed for rent,,,,,,,,,,
"1419 Mammoth Rd, Hickory, NC 28602",1419 Mammoth Rd,Hickory,NC,,forRent,5,2368,,2275,21,https://www.zillow.com/homedetails/1419-Mammoth-Rd-Hickory-NC-28602/461722721_zpid/,,292400,2026-09-02T00:00:00.000Z,Listed for rent,,,,,,,,,,
"1431 Mammoth Rd, Hickory, NC 28602",1431 Mammoth Rd,Hickory,NC,,forRent,5,2368,,2245,22,https://www.zillow.com/homedetails/1431-Mammoth-Rd-Hickory-NC-28602/455924046_zpid/,,307679,2026-09-11T00:00:00.000Z,Price change,,,,,,,,,,
"1415 Mammoth Rd, Hickory, NC 28602",1415 Mammoth Rd,Hickory,NC,,forRent,4,1927,,2145,21,https://www.zillow.com/homedetails/1415-Mammoth-Rd-Hickory-NC-28602/461722523_zpid/,,272500,2026-09-02T00:00:00.000Z,Listed for rent,,,,,,,,,,
"4054 Oxford Glen Dr, Claremont, NC 28610",4054 Oxford Glen Dr,Claremont,NC,,forRent,3,1665,,1800,16,https://www.zillow.com/homedetails/4054-Oxford-Glen-Dr-Claremont-NC-28610/465094281_zpid/,,,2026-09-08T00:00:00.000Z,Listed for rent,,,,,,,,,,
"2130 10th St SE, Hickory, NC 28602",2130 10th St SE,Hickory,NC,,forRent,4,2174,,2250,47,https://www.zillow.com/homedetails/2130-10th-St-SE-Hickory-NC-28602/463122074_zpid/,,,2026-08-07T00:00:00.000Z,Listed for rent,,,,,,,,,,
"4066 Oxford Glen Dr, Claremont, NC 28610",4066 Oxford Glen Dr,Claremont,NC,,forRent,4,1956,,1945,16,https://www.zillow.com/homedetails/4066-Oxford-Glen-Dr-Claremont-NC-28610/465094292_zpid/,,,2026-09-08T00:00:00.000Z,Listed for rent,,,,,,,,,,
"4075 Oxford Glen Dr, Claremont, NC 28610",4075 Oxford Glen Dr,Claremont,NC,,forRent,5,2578,,2135,16,https://www.zillow.com/homedetails/4075-Oxford-Glen-Dr-Claremont-NC-28610/465094286_zpid/,,,2026-09-08T00:00:00.000Z,Listed for rent,,,,,,,,,,
"2098 10th St SE, Hickory, NC 28601",2098 10th St SE,Hickory,NC,,forRent,4,2174,,2295,21,https://www.zillow.com/homedetails/2098-10th-St-SE-Hickory-NC-28601/461180979_zpid/,,309000,2026-09-22T00:00:00.000Z,Price change,,,,,,,,,,
"3755 Charles St NW, Conover, NC 28613",3755 Charles St NW,Conover,NC,,forRent,4,2565,,2400,82,https://www.zillow.com/homedetails/3755-Charles-St-NW-Conover-NC-28613/345078496_zpid/,,359000,2026-08-05T00:00:00.000Z,Price change,,,,,,,,,,
"4072 Oxford Glen Dr, Claremont, NC 28610",4072 Oxford Glen Dr,Claremont,NC,,forRent,4,2307,,1990,16,https://www.zillow.com/homedetails/4072-Oxford-Glen-Dr-Claremont-NC-28610/465094284_zpid/,,,2026-09-08T00:00:00.000Z,Listed for rent,,,,,,,,,,
"4093 Oxford Glen Dr, Claremont, NC 28610",4093 Oxford Glen Dr,Claremont,NC,,forRent,4,2213,,1990,16,https://www.zillow.com/homedetails/4093-Oxford-Glen-Dr-Claremont-NC-28610/464050697_zpid/,,,2026-09-08T00:00:00.000Z,Listed for rent,,,,,,,,,,
"4081 Oxford Glen Dr, Claremont, NC 28610",4081 Oxford Glen Dr,Claremont,NC,,forRent,4,2307,,1990,16,https://www.zillow.com/homedetails/4081-Oxford-Glen-Dr-Claremont-NC-28610/465094290_zpid/,,,2026-09-08T00:00:00.000Z,Listed for rent,,,,,,,,,,
"4096 Oxford Glen Dr, Claremont, NC 28610",4096 Oxford Glen Dr,Claremont,NC,,forRent,4,2307,,1990,16,https://www.zillow.com/homedetails/4096-Oxford-Glen-Dr-Claremont-NC-28610/465094295_zpid/,,,2026-09-08T00:00:00.000Z,Listed for rent,,,,,,,,,,
"4078 Oxford Glen Dr, Claremont, NC 28610",4078 Oxford Glen Dr,Claremont,NC,,forRent,5,2578,,2135,16,https://www.zillow.com/homedetails/4078-Oxford-Glen-Dr-Claremont-NC-28610/465094289_zpid/,,,2026-09-08T00:00:00.000Z,Listed for rent,,,,,,,,,,
"4084 Oxford Glen Dr, Claremont, NC 28610",4084 Oxford Glen Dr,Claremont,NC,,forRent,3,1665,,1800,16,https://www.zillow.com/homedetails/4084-Oxford-Glen-Dr-Claremont-NC-28610/465094279_zpid/,,,2026-09-08T00:00:00.000Z,Listed for rent,,,,,,,,,,
"4090 Oxford Glen Dr, Claremont, NC 28610",4090 Oxford Glen Dr,Claremont,NC,,forRent,4,1956,,1945,16,https://www.zillow.com/homedetails/4090-Oxford-Glen-Dr-Claremont-NC-28610/465094288_zpid/,,,2026-09-08T00:00:00.000Z,Listed for rent,,,,,,,,,,
"4087 Oxford Glen Dr, Claremont, NC 28610",4087 Oxford Glen Dr,Claremont,NC,,forRent,5,2578,,2135,16,https://www.zillow.com/homedetails/4087-Oxford-Glen-Dr-Claremont-NC-28610/465094282_zpid/,,,2026-09-08T00:00:00.000Z,Listed for rent,,,,,,,,,,
"4099 Oxford Glen Dr, Claremont, NC 28610",4099 Oxford Glen Dr,Claremont,NC,,forRent,4,1956,,1945,16,https://www.zillow.com/homedetails/4099-Oxford-Glen-Dr-Claremont-NC-28610/465094294_zpid/,,,2026-09-08T00:00:00.000Z,Listed for rent,,,,,,,,,,
"4102 Oxford Glen Dr, Claremont, NC 28610",4102 Oxford Glen Dr,Claremont,NC,,forRent,3,1665,,1800,16,https://www.zillow.com/homedetails/4102-Oxford-Glen-Dr-Claremont-NC-28610/465094280_zpid/,,,2026-09-08T00:00:00.000Z,Listed for rent,,,,,,,,,,
"4108 Oxford Glen Dr, Claremont, NC 28610",4108 Oxford Glen Dr,Claremont,NC,,forRent,5,2578,,2135,16,https://www.zillow.com/homedetails/4108-Oxford-Glen-Dr-Claremont-NC-28610/465094285_zpid/,,,2026-09-08T00:00:00.000Z,Listed for rent,,,,,,,,,,
"4117 Oxford Glen Dr, Claremont, NC 28610",4117 Oxford Glen Dr,Claremont,NC,,forRent,3,1665,,1800,16,https://www.zillow.com/homedetails/4117-Oxford-Glen-Dr-Claremont-NC-28610/465094291_zpid/,,,2026-09-08T00:00:00.000Z,Listed for rent,,,,,,,,,,
"4126 Oxford Glen Dr, Claremont, NC 28610",4126 Oxford Glen Dr,Claremont,NC,,forRent,5,2578,,2135,16,https://www.zillow.com/homedetails/4126-Oxford-Glen-Dr-Claremont-NC-28610/465094293_zpid/,,,2026-09-08T00:00:00.000Z,Listed for rent,,,,,,,,,,
"4105 Oxford Glen Dr, Claremont, NC 28610",4105 Oxford Glen Dr,Claremont,NC,,forRent,5,2578,,2135,16,https://www.zillow.com/homedetails/4105-Oxford-Glen-Dr-Claremont-NC-28610/465094283_zpid/,,,2026-09-08T00:00:00.000Z,Listed for rent,,,,,,,,,,
"4114 Oxford Glen Dr, Claremont, NC 28610",4114 Oxford Glen Dr,Claremont,NC,,forRent,4,2307,,1990,16,https://www.zillow.com/homedetails/4114-Oxford-Glen-Dr-Claremont-NC-28610/465094287_zpid/,,,2026-09-08T00:00:00.000Z,Listed for rent,,,,,,,,,,
"24759 Raynagua Blvd, Loxley, AL 36551",24759 Raynagua Blvd,Loxley,AL,,forRent,4,2142,,2090,20,https://www.zillow.com/homedetails/24759-Raynagua-Blvd-Loxley-AL-36551/463510991_zpid/,,,2026-09-04T00:00:00.000Z,Listed for rent,,,,,,,,,,
"16404 Apricot Dr, Loxley, AL 36551",16404 Apricot Dr,Loxley,AL,,forRent,3,1550,,1750,20,https://www.zillow.com/homedetails/16404-Apricot-Dr-Loxley-AL-36551/462793552_zpid/,,,2026-09-04T00:00:00.000Z,Listed for rent,,,,,,,,,,
"19135 Pagoda Ln, Summerdale, AL 36580",19135 Pagoda Ln,Summerdale,AL,,forRent,4,1504,,2100,21,https://www.zillow.com/homedetails/19135-Pagoda-Ln-Summerdale-AL-36580/465006855_zpid/,,,2026-09-03T00:00:00.000Z,Listed for rent,,,,,,,,,,
"24743 Raynagua Blvd, Loxley, AL 36551",24743 Raynagua Blvd,Loxley,AL,,forRent,3,1891,,1945,12,https://www.zillow.com/homedetails/24743-Raynagua-Blvd-Loxley-AL-36551/465215409_zpid/,,,2026-09-12T00:00:00.000Z,Listed for rent,,,,,,,,,,
"24775 Raynagua Blvd, Loxley, AL 36551",24775 Raynagua Blvd,Loxley,AL,,forRent,4,2000,,1995,20,https://www.zillow.com/homedetails/24775-Raynagua-Blvd-Loxley-AL-36551/463944561_zpid/,,,2026-09-04T00:00:00.000Z,Listed for rent,,,,,,,,,,
"21914 Aleutian Ave, Foley, AL 36535",21914 Aleutian Ave,Foley,AL,,forRent,3,1300,,2000,6,https://www.zillow.com/homedetails/21914-Aleutian-Ave-Foley-AL-36535/402599824_zpid/,,290744,2026-09-17T00:00:00.000Z,Listed for rent,,,,,,,,,,
"16363 Apricot Dr, Loxley, AL 36551",16363 Apricot Dr,Loxley,AL,,forRent,4,2142,,2090,20,https://www.zillow.com/homedetails/16363-Apricot-Dr-Loxley-AL-36551/465041459_zpid/,,,2026-09-04T00:00:00.000Z,Listed for rent,,,,,,,,,,
"25128 Citrus Ct, Loxley, AL 36551",25128 Citrus Ct,Loxley,AL,,forRent,4,2000,,1995,12,https://www.zillow.com/homedetails/25128-Citrus-Ct-Loxley-AL-36551/465209730_zpid/,,,2026-09-11T00:00:00.000Z,Listed for rent,,,,,,,,,,
"19161 Pagoda Ln, Summerdale, AL 36580",19161 Pagoda Ln,Summerdale,AL,,forRent,4,1504,,2300,7,https://www.zillow.com/homedetails/19161-Pagoda-Ln-Summerdale-AL-36580/465337465_zpid/,,,2026-09-17T00:00:00.000Z,Listed for rent,,,,,,,,,,
"10305 Buffalo St, Foley, AL 36535",10305 Buffalo St,Foley,AL,,forRent,3,1413,,1755,12,https://www.zillow.com/homedetails/10305-Buffalo-St-Foley-AL-36535/464140308_zpid/,,,2026-09-11T00:00:00.000Z,Listed for rent,,,,,,,,,,
"20040 Clover Field Ln, Summerdale, AL 36580",20040 Clover Field Ln,Summerdale,AL,,forRent,4,1810,,2045,20,https://www.zillow.com/homedetails/20040-Clover-Field-Ln-Summerdale-AL-36580/465041436_zpid/,,,2026-09-04T00:00:00.000Z,Listed for rent,,,,,,,,,,
"20018 Clover Field Ln, Summerdale, AL 36580",20018 Clover Field Ln,Summerdale,AL,,forRent,4,1732,,1995,20,https://www.zillow.com/homedetails/20018-Clover-Field-Ln-Summerdale-AL-36580/465041468_zpid/,,,2026-09-04T00:00:00.000Z,Listed for rent,,,,,,,,,,
"19135 Pagoda Ln, Summerdale, AL 36580",19135 Pagoda Ln,Summerdale,AL,,forRent,4,1504,,2100,21,https://www.zillow.com/homedetails/19135-Pagoda-Ln-Summerdale-AL-36580/465006855_zpid/,,,2026-09-03T00:00:00.000Z,Listed for rent,,,,,,,,,,
"19976 Clover Field Ln, Summerdale, AL 36580",19976 Clover Field Ln,Summerdale,AL,,forRent,3,1569,,1845,12,https://www.zillow.com/homedetails/19976-Clover-Field-Ln-Summerdale-AL-36580/465209719_zpid/,,,2026-09-11T00:00:00.000Z,Listed for rent,,,,,,,,,,
"20052 Clover Field Ln, Summerdale, AL 36580",20052 Clover Field Ln,Summerdale,AL,,forRent,3,1413,,1795,20,https://www.zillow.com/homedetails/20052-Clover-Field-Ln-Summerdale-AL-36580/465041471_zpid/,,,2026-09-04T00:00:00.000Z,Listed for rent,,,,,,,,,,
"10375 Buffalo St, Foley, AL 36535",10375 Buffalo St,Foley,AL,,forRent,4,1732,,1895,20,https://www.zillow.com/homedetails/10375-Buffalo-St-Foley-AL-36535/463944498_zpid/,,,2026-09-04T00:00:00.000Z,Listed for rent,,,,,,,,,,
"18883 Zoysia Loop, Foley, AL 36535",18883 Zoysia Loop,Foley,AL,,forRent,4,1707,,1895,20,https://www.zillow.com/homedetails/18883-Zoysia-Loop-Foley-AL-36535/465041447_zpid/,,,2026-09-04T00:00:00.000Z,Listed for rent,,,,,,,,,,
"18864 Zoysia Loop, Foley, AL 36535",18864 Zoysia Loop,Foley,AL,,forRent,4,1707,,1895,20,https://www.zillow.com/homedetails/18864-Zoysia-Loop-Foley-AL-36535/463866352_zpid/,,,2026-09-04T00:00:00.000Z,Listed for rent,,,,,,,,,,
"18156 Zoysia Loop, Foley, AL 36535",18156 Zoysia Loop,Foley,AL,,forRent,4,1810,,1945,20,https://www.zillow.com/homedetails/18156-Zoysia-Loop-Foley-AL-36535/464376380_zpid/,,,2026-09-04T00:00:00.000Z,Listed for rent,,,,,,,,,,
"10387 Buffalo St, Foley, AL 36535",10387 Buffalo St,Foley,AL,,forRent,4,1810,,1945,20,https://www.zillow.com/homedetails/10387-Buffalo-St-Foley-AL-36535/465041450_zpid/,,,2026-09-04T00:00:00.000Z,Listed for rent,,,,,,,,,,
"10341 Buffalo St, Foley, AL 36535",10341 Buffalo St,Foley,AL,,forRent,3,1569,,1800,20,https://www.zillow.com/homedetails/10341-Buffalo-St-Foley-AL-36535/463944491_zpid/,,,2026-09-04T00:00:00.000Z,Listed for rent,,,,,,,,,,
"14531 Dayton Cir, Foley, AL 36535",14531 Dayton Cir,Foley,AL,,forRent,4,2031,,2400,8,https://www.zillow.com/homedetails/14531-Dayton-Cir-Foley-AL-36535/462698096_zpid/,,324000,2026-09-21T00:00:00.000Z,Price change,,,,,,,,,,
"24759 Raynagua Blvd, Loxley, AL 36551",24759 Raynagua Blvd,Loxley,AL,,forRent,4,2142,,2090,20,https://www.zillow.com/homedetails/24759-Raynagua-Blvd-Loxley-AL-36551/463510991_zpid/,,,2026-09-04T00:00:00.000Z,Listed for rent,,,,,,,,,,
"24743 Raynagua Blvd, Loxley, AL 36551",24743 Raynagua Blvd,Loxley,AL,,forRent,3,1891,,1945,12,https://www.zillow.com/homedetails/24743-Raynagua-Blvd-Loxley-AL-36551/465215409_zpid/,,,2026-09-12T00:00:00.000Z,Listed for rent,,,,,,,,,,
"14578 Dayton Cir, Foley, AL 36535",14578 Dayton Cir,Foley,AL,,forRent,4,2031,,2400,8,https://www.zillow.com/homedetails/14578-Dayton-Cir-Foley-AL-36535/447119813_zpid/,,322000,2026-09-21T00:00:00.000Z,Price change,,,,,,,,,,
"16404 Apricot Dr, Loxley, AL 36551",16404 Apricot Dr,Loxley,AL,,forRent,3,1550,,1750,20,https://www.zillow.com/homedetails/16404-Apricot-Dr-Loxley-AL-36551/462793552_zpid/,,,2026-09-04T00:00:00.000Z,Listed for rent,,,,,,,,,,
"14627 Dayton Cir, Foley, AL 36535",14627 Dayton Cir,Foley,AL,,forRent,4,1770,,2400,35,https://www.zillow.com/homedetails/14627-Dayton-Cir-Foley-AL-36535/401863597_zpid/,,,2026-09-18T00:00:00.000Z,Price change,,,,,,,,,,
"11006 Secretariat Blvd, Daphne, AL 36526",11006 Secretariat Blvd,Daphne,AL,,forRent,4,2945,,2950,22,https://www.zillow.com/homedetails/11006-Secretariat-Blvd-Daphne-AL-36526/451113420_zpid/,,465000,2026-09-01T00:00:00.000Z,Listed for rent,,,,,,,,,,
"16363 Apricot Dr, Loxley, AL 36551",16363 Apricot Dr,Loxley,AL,,forRent,4,2142,,2090,20,https://www.zillow.com/homedetails/16363-Apricot-Dr-Loxley-AL-36551/465041459_zpid/,,,2026-09-04T00:00:00.000Z,Listed for rent,,,,,,,,,,
"24775 Raynagua Blvd, Loxley, AL 36551",24775 Raynagua Blvd,Loxley,AL,,forRent,4,2000,,1995,20,https://www.zillow.com/homedetails/24775-Raynagua-Blvd-Loxley-AL-36551/463944561_zpid/,,,2026-09-04T00:00:00.000Z,Listed for rent,,,,,,,,,,
"4148 Lost Bay Dr #1, Orange Beach, AL 36561",4148 Lost Bay Dr #1,Orange Beach,AL,,forRent,3,1437,,2250,76,https://www.zillow.com/homedetails/4148-Lost-Bay-Dr-1-Orange-Beach-AL-36561/463764832_zpid/,,,2026-07-09T00:00:00.000Z,Listed for rent,,,,,,,,,,
"25128 Citrus Ct, Loxley, AL 36551",25128 Citrus Ct,Loxley,AL,,forRent,4,2000,,1995,12,https://www.zillow.com/homedetails/25128-Citrus-Ct-Loxley-AL-36551/465209730_zpid/,,,2026-09-11T00:00:00.000Z,Listed for rent,,,,,,,,,,
"4246 Lost Bay Dr #Id1541221p, Orange Beach, AL 36561",4246 Lost Bay Dr #Id1541221p,Orange Beach,AL,,forRent,3,1797,,2596,54,https://www.zillow.com/homedetails/4246-Lost-Bay-Dr-ID1541221P-Orange-Beach-AL-36561/462641758_zpid/,,,2026-09-24T00:00:00.000Z,Price change,,,,,,,,,,
"4246 Lost Bay Dr #Id1541220p, Orange Beach, AL 36561",4246 Lost Bay Dr #Id1541220p,Orange Beach,AL,,forRent,6,3595,,5090,54,https://www.zillow.com/homedetails/4246-Lost-Bay-Dr-ID1541220P-Orange-Beach-AL-36561/462641711_zpid/,,,2026-09-24T00:00:00.000Z,Price change,,,,,,,,,,
"4242 Lost Bay Dr #4242, Orange Beach, AL 36561",4242 Lost Bay Dr #4242,Orange Beach,AL,,forRent,3,1437,,3250,10,https://www.zillow.com/homedetails/4242-Lost-Bay-Dr-4242-Orange-Beach-AL-36561/464334412_zpid/,,,2026-09-14T00:00:00.000Z,Listed for rent,,,,,,,,,,
"4144 Lost Bay Dr, Orange Beach, AL 36561",4144 Lost Bay Dr,Orange Beach,AL,,forRent,3,1437,,2200,30,https://www.zillow.com/homedetails/4144-Lost-Bay-Dr-Orange-Beach-AL-36561/461657857_zpid/,,,2026-07-14T00:00:00.000Z,Price change,,,,,,,,,,
"4246 Lost Bay Dr #Id1541223p, Orange Beach, AL 36561",4246 Lost Bay Dr #Id1541223p,Orange Beach,AL,,forRent,3,1797,,2508,65,https://www.zillow.com/homedetails/4246-Lost-Bay-Dr-ID1541223P-Orange-Beach-AL-36561/462641751_zpid/,,,2026-09-24T00:00:00.000Z,Price change,,,,,,,,,,
"13330 Shea Cir, Foley, AL 36535",13330 Shea Cir,Foley,AL,,forRent,3,1430,,2100,44,https://www.zillow.com/homedetails/13330-Shea-Cir-Foley-AL-36535/462523648_zpid/,,,2026-09-04T00:00:00.000Z,Price change,,,,,,,,,,
"4302 Lost Bay Dr #1, Orange Beach, AL 36561",4302 Lost Bay Dr #1,Orange Beach,AL,,forRent,3,,,2300,24,https://www.zillow.com/homedetails/4302-Lost-Bay-Dr-1-Orange-Beach-AL-36561/464932718_zpid/,,,2026-08-30T00:00:00.000Z,Listed for rent,,,,,,,,,,
"13765 Shea Cir, Foley, AL 36535",13765 Shea Cir,Foley,AL,,forRent,4,1410,,1800,7,https://www.zillow.com/homedetails/13765-Shea-Cir-Foley-AL-36535/449370625_zpid/,,250000,2026-09-16T00:00:00.000Z,Listed for rent,,,,,,,,,,
"13390 Shea Cir, Foley, AL 36535",13390 Shea Cir,Foley,AL,,other,4,1500,,278400,51,https://www.zillow.com/homedetails/13390-Shea-Cir-Foley-AL-36535/462651141_zpid/,,,2026-08-26T00:00:00.000Z,Listing removed,,,,,,,,,,
"4306 Lost Bay Dr #1, Orange Beach, AL 36561",4306 Lost Bay Dr #1,Orange Beach,AL,,forRent,3,,,2300,5,https://www.zillow.com/homedetails/4306-Lost-Bay-Dr-1-Orange-Beach-AL-36561/459688316_zpid/,,,2026-09-24T00:00:00.000Z,Listed for rent,,,,,,,,,,
"4310 Lost Bay Dr #4310, Orange Beach, AL 36561",4310 Lost Bay Dr #4310,Orange Beach,AL,,forRent,3,1437,,3250,10,https://www.zillow.com/homedetails/4310-Lost-Bay-Dr-4310-Orange-Beach-AL-36561/464334411_zpid/,,,2026-09-14T00:00:00.000Z,Listed for rent,,,,,,,,,,
"15375 Planters Ln, Foley, AL 36535",15375 Planters Ln,Foley,AL,,forRent,4,1891,,1995,20,https://www.zillow.com/homedetails/15375-Planters-Ln-Foley-AL-36535/463785362_zpid/,,,2026-09-04T00:00:00.000Z,Listed for rent,,,,,,,,,,
"22360 Aleutian Ave, Foley, AL 36535",22360 Aleutian Ave,Foley,AL,,forRent,4,1800,,2000,33,https://www.zillow.com/homedetails/22360-Aleutian-Ave-Foley-AL-36535/2057095002_zpid/,,309900,2026-09-21T00:00:00.000Z,Price change,,,,,,,,,,
"3911 Camino St, Foley, AL 36535",3911 Camino St,Foley,AL,,forRent,4,2000,,2045,20,https://www.zillow.com/homedetails/3911-Camino-St-Foley-AL-36535/463785339_zpid/,,,2026-09-04T00:00:00.000Z,Listed for rent,,,,,,,,,,
"15361 Planters Ln, Foley, AL 36535",15361 Planters Ln,Foley,AL,,forRent,4,1732,,1945,20,https://www.zillow.com/homedetails/15361-Planters-Ln-Foley-AL-36535/465041462_zpid/,,,2026-09-04T00:00:00.000Z,Listed for rent,,,,,,,,,,
"3892 Camino St, Foley, AL 36535",3892 Camino St,Foley,AL,,forRent,4,2000,,2045,20,https://www.zillow.com/homedetails/3892-Camino-St-Foley-AL-36535/465041452_zpid/,,,2026-09-04T00:00:00.000Z,Listed for rent,,,,,,,,,,
"21914 Aleutian Ave, Foley, AL 36535",21914 Aleutian Ave,Foley,AL,,forRent,3,1300,,2000,6,https://www.zillow.com/homedetails/21914-Aleutian-Ave-Foley-AL-36535/402599824_zpid/,,290744,2026-09-17T00:00:00.000Z,Listed for rent,,,,,,,,,,
"22257 Seabrooke Ave, Foley, AL 36535",22257 Seabrooke Ave,Foley,AL,,forRent,4,1924,,2400,7,https://www.zillow.com/homedetails/22257-Seabrooke-Ave-Foley-AL-36535/341947469_zpid/,,354558,2026-09-16T00:00:00.000Z,Listed for rent,,,,,,,,,,
"18661 Facet Rd, Summerdale, AL 36580",18661 Facet Rd,Summerdale,AL,,forRent,4,1810,,1850,20,https://www.zillow.com/homedetails/18661-Facet-Rd-Summerdale-AL-36580/465041464_zpid/,,,2026-09-04T00:00:00.000Z,Listed for rent,,,,,,,,,,
"18685 Facet Rd, Summerdale, AL 36580",18685 Facet Rd,Summerdale,AL,,forRent,3,1569,,1755,20,https://www.zillow.com/homedetails/18685-Facet-Rd-Summerdale-AL-36580/465041482_zpid/,,,2026-09-04T00:00:00.000Z,Listed for rent,,,,,,,,,,
"13437 Antler Hill Rd, Spanish Fort, AL 36527",13437 Antler Hill Rd,Spanish Fort,AL,,forRent,4,1931,,2350,27,https://www.zillow.com/homedetails/13437-Antler-Hill-Rd-Spanish-Fort-AL-36527/2058500497_zpid/,,319950,2026-08-27T00:00:00.000Z,Listed for rent,,,,,,,,,,
"18639 Facet Rd, Summerdale, AL 36580",18639 Facet Rd,Summerdale,AL,,forRent,3,1569,,1755,20,https://www.zillow.com/homedetails/18639-Facet-Rd-Summerdale-AL-36580/465041485_zpid/,,,2026-09-04T00:00:00.000Z,Listed for rent,,,,,,,,,,
"31543 Lyon Rd, Daphne, AL 36527",31543 Lyon Rd,Daphne,AL,,forRent,5,,,2600,46,https://www.zillow.com/homedetails/31543-Lyon-Rd-Daphne-AL-36527/456321716_zpid/,,354500,2026-08-07T00:00:00.000Z,Listed for rent,,,,,,,,,,
"31436 Memphis Loop, Spanish Fort, AL 36527",31436 Memphis Loop,Spanish Fort,AL,,other,4,1948,,381700,1394,https://www.zillow.com/homedetails/31436-Memphis-Loop-Spanish-Fort-AL-36527/2067469020_zpid/,,359800,2026-09-14T00:00:00.000Z,Listing removed,,,,,,,,,,
"31468 Memphis Loop, Spanish Fort, AL 36527",31468 Memphis Loop,Spanish Fort,AL,,forRent,4,1846,,2250,40,https://www.zillow.com/homedetails/31468-Memphis-Loop-Spanish-Fort-AL-36527/2068386238_zpid/,,317000,2026-08-26T00:00:00.000Z,Price change,,,,,,,,,,
"18697 Facet Rd, Summerdale, AL 36580",18697 Facet Rd,Summerdale,AL,,forRent,4,1810,,1850,20,https://www.zillow.com/homedetails/18697-Facet-Rd-Summerdale-AL-36580/465041476_zpid/,,,2026-09-04T00:00:00.000Z,Listed for rent,,,,,,,,,,
"25128 Citrus Ct, Loxley, AL 36551",25128 Citrus Ct,Loxley,AL,,forRent,4,2000,,1995,11,https://www.zillow.com/homedetails/25128-Citrus-Ct-Loxley-AL-36551/465209730_zpid/,,,2026-09-11T00:00:00.000Z,Listed for rent,,,,,,,,,,
"24759 Raynagua Blvd, Loxley, AL 36551",24759 Raynagua Blvd,Loxley,AL,,forRent,4,2142,,2090,19,https://www.zillow.com/homedetails/24759-Raynagua-Blvd-Loxley-AL-36551/463510991_zpid/,,,2026-09-04T00:00:00.000Z,Listed for rent,,,,,,,,,,
"16363 Apricot Dr, Loxley, AL 36551",16363 Apricot Dr,Loxley,AL,,forRent,4,2142,,2090,19,https://www.zillow.com/homedetails/16363-Apricot-Dr-Loxley-AL-36551/465041459_zpid/,,,2026-09-04T00:00:00.000Z,Listed for rent,,,,,,,,,,
"16404 Apricot Dr, Loxley, AL 36551",16404 Apricot Dr,Loxley,AL,,forRent,3,1550,,1750,19,https://www.zillow.com/homedetails/16404-Apricot-Dr-Loxley-AL-36551/462793552_zpid/,,,2026-09-04T00:00:00.000Z,Listed for rent,,,,,,,,,,
"24743 Raynagua Blvd, Loxley, AL 36551",24743 Raynagua Blvd,Loxley,AL,,forRent,3,1891,,1945,11,https://www.zillow.com/homedetails/24743-Raynagua-Blvd-Loxley-AL-36551/465215409_zpid/,,,2026-09-12T00:00:00.000Z,Listed for rent,,,,,,,,,,
"21914 Aleutian Ave, Foley, AL 36535",21914 Aleutian Ave,Foley,AL,,forRent,3,1300,,2000,5,https://www.zillow.com/homedetails/21914-Aleutian-Ave-Foley-AL-36535/402599824_zpid/,,290744,2026-09-17T00:00:00.000Z,Listed for rent,,,,,,,,,,
"19135 Pagoda Ln, Summerdale, AL 36580",19135 Pagoda Ln,Summerdale,AL,,forRent,4,1504,,2100,20,https://www.zillow.com/homedetails/19135-Pagoda-Ln-Summerdale-AL-36580/465006855_zpid/,,,2026-09-03T00:00:00.000Z,Listed for rent,,,,,,,,,,
"24775 Raynagua Blvd, Loxley, AL 36551",24775 Raynagua Blvd,Loxley,AL,,forRent,4,2000,,1995,19,https://www.zillow.com/homedetails/24775-Raynagua-Blvd-Loxley-AL-36551/463944561_zpid/,,,2026-09-04T00:00:00.000Z,Listed for rent,,,,,,,,,,
"14627 Dayton Cir, Foley, AL 36535",14627 Dayton Cir,Foley,AL,,forRent,4,1770,,2400,34,https://www.zillow.com/homedetails/14627-Dayton-Cir-Foley-AL-36535/401863597_zpid/,,,2026-09-18T00:00:00.000Z,Price change,,,,,,,,,,
"31543 Lyon Rd, Daphne, AL 36527",31543 Lyon Rd,Daphne,AL,,forRent,5,,,2600,45,https://www.zillow.com/homedetails/31543-Lyon-Rd-Daphne-AL-36527/456321716_zpid/,,354500,2026-08-07T00:00:00.000Z,Listed for rent,,,,,,,,,,
"4144 Lost Bay Dr, Orange Beach, AL 36561",4144 Lost Bay Dr,Orange Beach,AL,,forRent,3,1437,,2200,29,https://www.zillow.com/homedetails/4144-Lost-Bay-Dr-Orange-Beach-AL-36561/461657857_zpid/,,,2026-07-14T00:00:00.000Z,Price change,,,,,,,,,,
"13765 Shea Cir, Foley, AL 36535",13765 Shea Cir,Foley,AL,,forRent,4,1410,,1800,6,https://www.zillow.com/homedetails/13765-Shea-Cir-Foley-AL-36535/449370625_zpid/,,250000,2026-09-16T00:00:00.000Z,Listed for rent,,,,,,,,,,
"11006 Secretariat Blvd, Daphne, AL 36526",11006 Secretariat Blvd,Daphne,AL,,forRent,4,2945,,2950,21,https://www.zillow.com/homedetails/11006-Secretariat-Blvd-Daphne-AL-36526/451113420_zpid/,,465000,2026-09-01T00:00:00.000Z,Listed for rent,,,,,,,,,,
"20040 Clover Field Ln, Summerdale, AL 36580",20040 Clover Field Ln,Summerdale,AL,,forRent,4,1810,,2045,19,https://www.zillow.com/homedetails/20040-Clover-Field-Ln-Summerdale-AL-36580/465041436_zpid/,,,2026-09-04T00:00:00.000Z,Listed for rent,,,,,,,,,,
"10341 Buffalo St, Foley, AL 36535",10341 Buffalo St,Foley,AL,,forRent,3,1569,,1800,19,https://www.zillow.com/homedetails/10341-Buffalo-St-Foley-AL-36535/463944491_zpid/,,,2026-09-04T00:00:00.000Z,Listed for rent,,,,,,,,,,
"10305 Buffalo St, Foley, AL 36535",10305 Buffalo St,Foley,AL,,forRent,3,1413,,1755,11,https://www.zillow.com/homedetails/10305-Buffalo-St-Foley-AL-36535/464140308_zpid/,,,2026-09-11T00:00:00.000Z,Listed for rent,,,,,,,,,,
"20018 Clover Field Ln, Summerdale, AL 36580",20018 Clover Field Ln,Summerdale,AL,,forRent,4,1732,,1995,19,https://www.zillow.com/homedetails/20018-Clover-Field-Ln-Summerdale-AL-36580/465041468_zpid/,,,2026-09-04T00:00:00.000Z,Listed for rent,,,,,,,,,,
"19161 Pagoda Ln, Summerdale, AL 36580",19161 Pagoda Ln,Summerdale,AL,,forRent,4,1504,,2300,6,https://www.zillow.com/homedetails/19161-Pagoda-Ln-Summerdale-AL-36580/465337465_zpid/,,,2026-09-17T00:00:00.000Z,Listed for rent,,,,,,,,,,
"19976 Clover Field Ln, Summerdale, AL 36580",19976 Clover Field Ln,Summerdale,AL,,forRent,3,1569,,1845,11,https://www.zillow.com/homedetails/19976-Clover-Field-Ln-Summerdale-AL-36580/465209719_zpid/,,,2026-09-11T00:00:00.000Z,Listed for rent,,,,,,,,,,
"20052 Clover Field Ln, Summerdale, AL 36580",20052 Clover Field Ln,Summerdale,AL,,forRent,3,1413,,1795,19,https://www.zillow.com/homedetails/20052-Clover-Field-Ln-Summerdale-AL-36580/465041471_zpid/,,,2026-09-04T00:00:00.000Z,Listed for rent,,,,,,,,,,
"18864 Zoysia Loop, Foley, AL 36535",18864 Zoysia Loop,Foley,AL,,forRent,4,1707,,1895,19,https://www.zillow.com/homedetails/18864-Zoysia-Loop-Foley-AL-36535/463866352_zpid/,,,2026-09-04T00:00:00.000Z,Listed for rent,,,,,,,,,,
"10387 Buffalo St, Foley, AL 36535",10387 Buffalo St,Foley,AL,,forRent,4,1810,,1945,19,https://www.zillow.com/homedetails/10387-Buffalo-St-Foley-AL-36535/465041450_zpid/,,,2026-09-04T00:00:00.000Z,Listed for rent,,,,,,,,,,
"10375 Buffalo St, Foley, AL 36535",10375 Buffalo St,Foley,AL,,forRent,4,1732,,1895,19,https://www.zillow.com/homedetails/10375-Buffalo-St-Foley-AL-36535/463944498_zpid/,,,2026-09-04T00:00:00.000Z,Listed for rent,,,,,,,,,,
"14531 Dayton Cir, Foley, AL 36535",14531 Dayton Cir,Foley,AL,,forRent,4,2031,,2400,7,https://www.zillow.com/homedetails/14531-Dayton-Cir-Foley-AL-36535/462698096_zpid/,,324000,2026-09-21T00:00:00.000Z,Price change,,,,,,,,,,
"18156 Zoysia Loop, Foley, AL 36535",18156 Zoysia Loop,Foley,AL,,forRent,4,1810,,1945,19,https://www.zillow.com/homedetails/18156-Zoysia-Loop-Foley-AL-36535/464376380_zpid/,,,2026-09-04T00:00:00.000Z,Listed for rent,,,,,,,,,,
"18883 Zoysia Loop, Foley, AL 36535",18883 Zoysia Loop,Foley,AL,,forRent,4,1707,,1895,19,https://www.zillow.com/homedetails/18883-Zoysia-Loop-Foley-AL-36535/465041447_zpid/,,,2026-09-04T00:00:00.000Z,Listed for rent,,,,,,,,,,
"14578 Dayton Cir, Foley, AL 36535",14578 Dayton Cir,Foley,AL,,forRent,4,2031,,2400,7,https://www.zillow.com/homedetails/14578-Dayton-Cir-Foley-AL-36535/447119813_zpid/,,322000,2026-09-21T00:00:00.000Z,Price change,,,,,,,,,,
"4148 Lost Bay Dr #1, Orange Beach, AL 36561",4148 Lost Bay Dr #1,Orange Beach,AL,,forRent,3,1437,,2250,75,https://www.zillow.com/homedetails/4148-Lost-Bay-Dr-1-Orange-Beach-AL-36561/463764832_zpid/,,,2026-07-09T00:00:00.000Z,Listed for rent,,,,,,,,,,
"4246 Lost Bay Dr #Id1541223p, Orange Beach, AL 36561",4246 Lost Bay Dr #Id1541223p,Orange Beach,AL,,forRent,3,1797,,2513,64,https://www.zillow.com/homedetails/4246-Lost-Bay-Dr-ID1541223P-Orange-Beach-AL-36561/462641751_zpid/,,,2026-09-23T00:00:00.000Z,Price change,,,,,,,,,,
"4302 Lost Bay Dr #1, Orange Beach, AL 36561",4302 Lost Bay Dr #1,Orange Beach,AL,,forRent,3,,,2300,23,https://www.zillow.com/homedetails/4302-Lost-Bay-Dr-1-Orange-Beach-AL-36561/464932718_zpid/,,,2026-08-30T00:00:00.000Z,Listed for rent,,,,,,,,,,
"4242 Lost Bay Dr #4242, Orange Beach, AL 36561",4242 Lost Bay Dr #4242,Orange Beach,AL,,forRent,3,1437,,3250,9,https://www.zillow.com/homedetails/4242-Lost-Bay-Dr-4242-Orange-Beach-AL-36561/464334412_zpid/,,,2026-09-14T00:00:00.000Z,Listed for rent,,,,,,,,,,
"4246 Lost Bay Dr #Id1541220p, Orange Beach, AL 36561",4246 Lost Bay Dr #Id1541220p,Orange Beach,AL,,forRent,6,3595,,5129,53,https://www.zillow.com/homedetails/4246-Lost-Bay-Dr-ID1541220P-Orange-Beach-AL-36561/462641711_zpid/,,,2026-09-23T00:00:00.000Z,Price change,,,,,,,,,,
"4246 Lost Bay Dr #Id1541221p, Orange Beach, AL 36561",4246 Lost Bay Dr #Id1541221p,Orange Beach,AL,,forRent,3,1797,,2592,53,https://www.zillow.com/homedetails/4246-Lost-Bay-Dr-ID1541221P-Orange-Beach-AL-36561/462641758_zpid/,,,2026-09-23T00:00:00.000Z,Price change,,,,,,,,,,
"4294 Lost Bay Dr, Orange Beach, AL 36561",4294 Lost Bay Dr,Orange Beach,AL,,sold,3,1437,,370000,271,https://www.zillow.com/homedetails/4294-Lost-Bay-Dr-Orange-Beach-AL-36561/457020516_zpid/,,370000,2026-09-22T00:00:00.000Z,Listing removed,,,,,,,,,,
"4306 Lost Bay Dr #1, Orange Beach, AL 36561",4306 Lost Bay Dr #1,Orange Beach,AL,,forRent,3,,,2300,4,https://www.zillow.com/homedetails/4306-Lost-Bay-Dr-1-Orange-Beach-AL-36561/459688316_zpid/,,,2026-09-23T00:00:00.000Z,Listed for rent,,,,,,,,,,
"22360 Aleutian Ave, Foley, AL 36535",22360 Aleutian Ave,Foley,AL,,forRent,4,1800,,2000,32,https://www.zillow.com/homedetails/22360-Aleutian-Ave-Foley-AL-36535/2057095002_zpid/,,309900,2026-09-21T00:00:00.000Z,Price change,,,,,,,,,,
"22396 Aleutian Ave, Foley, AL 36535",22396 Aleutian Ave,Foley,AL,,sold,4,1387,,300000,1000,https://www.zillow.com/homedetails/22396-Aleutian-Ave-Foley-AL-36535/2057095001_zpid/,,300000,2026-09-22T00:00:00.000Z,Listing removed,,,,,,,,,,
"13824 Shea Cir, Foley, AL 36535",13824 Shea Cir,Foley,AL,,other,3,1200,,0,65,https://www.zillow.com/homedetails/13824-Shea-Cir-Foley-AL-36535/456892388_zpid/,,,2026-09-15T00:00:00.000Z,Listing removed,,,,,,,,,,
"4310 Lost Bay Dr #4310, Orange Beach, AL 36561",4310 Lost Bay Dr #4310,Orange Beach,AL,,forRent,3,1437,,3250,9,https://www.zillow.com/homedetails/4310-Lost-Bay-Dr-4310-Orange-Beach-AL-36561/464334411_zpid/,,,2026-09-14T00:00:00.000Z,Listed for rent,,,,,,,,,,
"22257 Seabrooke Ave, Foley, AL 36535",22257 Seabrooke Ave,Foley,AL,,forRent,4,1924,,2400,6,https://www.zillow.com/homedetails/22257-Seabrooke-Ave-Foley-AL-36535/341947469_zpid/,,354558,2026-09-16T00:00:00.000Z,Listed for rent,,,,,,,,,,
"13330 Shea Cir, Foley, AL 36535",13330 Shea Cir,Foley,AL,,forRent,3,1430,,2100,43,https://www.zillow.com/homedetails/13330-Shea-Cir-Foley-AL-36535/462523648_zpid/,,,2026-09-04T00:00:00.000Z,Price change,,,,,,,,,,
"15361 Planters Ln, Foley, AL 36535",15361 Planters Ln,Foley,AL,,forRent,4,1732,,1945,19,https://www.zillow.com/homedetails/15361-Planters-Ln-Foley-AL-36535/465041462_zpid/,,,2026-09-04T00:00:00.000Z,Listed for rent,,,,,,,,,,
"13437 Antler Hill Rd, Spanish Fort, AL 36527",13437 Antler Hill Rd,Spanish Fort,AL,,forRent,4,1931,,2350,26,https://www.zillow.com/homedetails/13437-Antler-Hill-Rd-Spanish-Fort-AL-36527/2058500497_zpid/,,319950,2026-08-27T00:00:00.000Z,Listed for rent,,,,,,,,,,
"3911 Camino St, Foley, AL 36535",3911 Camino St,Foley,AL,,forRent,4,2000,,2045,19,https://www.zillow.com/homedetails/3911-Camino-St-Foley-AL-36535/463785339_zpid/,,,2026-09-04T00:00:00.000Z,Listed for rent,,,,,,,,,,
"31436 Memphis Loop, Spanish Fort, AL 36527",31436 Memphis Loop,Spanish Fort,AL,,other,4,1948,,381700,1393,https://www.zillow.com/homedetails/31436-Memphis-Loop-Spanish-Fort-AL-36527/2067469020_zpid/,,359800,2026-09-14T00:00:00.000Z,Listing removed,,,,,,,,,,
"15375 Planters Ln, Foley, AL 36535",15375 Planters Ln,Foley,AL,,forRent,4,1891,,1995,19,https://www.zillow.com/homedetails/15375-Planters-Ln-Foley-AL-36535/463785362_zpid/,,,2026-09-04T00:00:00.000Z,Listed for rent,,,,,,,,,,
"3892 Camino St, Foley, AL 36535",3892 Camino St,Foley,AL,,forRent,4,2000,,2045,19,https://www.zillow.com/homedetails/3892-Camino-St-Foley-AL-36535/465041452_zpid/,,,2026-09-04T00:00:00.000Z,Listed for rent,,,,,,,,,,
"13898 Antler Hill Rd, Spanish Fort, AL 36527",13898 Antler Hill Rd,Spanish Fort,AL,,sold,4,1948,,360400,665,https://www.zillow.com/homedetails/13898-Antler-Hill-Rd-Spanish-Fort-AL-36527/405553127_zpid/,,360400,2026-09-07T00:00:00.000Z,Listing removed,,,,,,,,,,
"18639 Facet Rd, Summerdale, AL 36580",18639 Facet Rd,Summerdale,AL,,forRent,3,1569,,1755,19,https://www.zillow.com/homedetails/18639-Facet-Rd-Summerdale-AL-36580/465041485_zpid/,,,2026-09-04T00:00:00.000Z,Listed for rent,,,,,,,,,,
"18685 Facet Rd, Summerdale, AL 36580",18685 Facet Rd,Summerdale,AL,,forRent,3,1569,,1755,19,https://www.zillow.com/homedetails/18685-Facet-Rd-Summerdale-AL-36580/465041482_zpid/,,,2026-09-04T00:00:00.000Z,Listed for rent,,,,,,,,,,
"18661 Facet Rd, Summerdale, AL 36580",18661 Facet Rd,Summerdale,AL,,forRent,4,1810,,1850,19,https://www.zillow.com/homedetails/18661-Facet-Rd-Summerdale-AL-36580/465041464_zpid/,,,2026-09-04T00:00:00.000Z,Listed for rent,,,,,,,,,,
"31468 Memphis Loop, Spanish Fort, AL 36527",31468 Memphis Loop,Spanish Fort,AL,,forRent,4,1846,,2250,40,https://www.zillow.com/homedetails/31468-Memphis-Loop-Spanish-Fort-AL-36527/2068386238_zpid/,,317000,2026-08-26T00:00:00.000Z,Price change,,,,,,,,,,
"18697 Facet Rd, Summerdale, AL 36580",18697 Facet Rd,Summerdale,AL,,forRent,4,1810,,1850,19,https://www.zillow.com/homedetails/18697-Facet-Rd-Summerdale-AL-36580/465041476_zpid/,,,2026-09-04T00:00:00.000Z,Listed for rent,,,,,,,,,,
