listingAddress/full,listingAddress/street,listingAddress/city,listingAddress/state,homeStatus,listingStatus,bedrooms,livingArea,price,listingPrice/amount,daysOnZillow,propertyUrl,hdpUrl,lastSoldPrice,listingPriceHistory/0/date,listingPriceHistory/0/event,listingPriceHistory/1/date,listingPriceHistory/1/event,listingPriceHistory/2/date,listingPriceHistory/2/event,listingPriceHistory/3/date,listingPriceHistory/3/event,listingPriceHistory/4/date,listingPriceHistory/4/event,listingPriceHistory/5/date,listingPriceHistory/5/event,listingPriceHistory/6/date,listingPriceHistory/6/event,listingPriceHistory/7/date,listingPriceHistory/7/event,listingPriceHistory/8/date,listingPriceHistory/8/event,listingPriceHistory/9/date,listingPriceHistory/9/event,listingPriceHistory/10/date,listingPriceHistory/10/event,listingPriceHistory/11/date,listingPriceHistory/11/event,listingPriceHistory/12/date,listingPriceHistory/12/event,listingPriceHistory/13/date,listingPriceHistory/13/event,listingPriceHistory/14/date,listingPriceHistory/14/event,listingPriceHistory/15/date,listingPriceHistory/15/event,listingPriceHistory/16/date,listingPriceHistory/16/event,listingPriceHistory/17/date,listingPriceHistory/17/event,listingPriceHistory/18/date,listingPriceHistory/18/event,listingPriceHistory/19/date,listingPriceHistory/19/event,listingPriceHistory/20/date,listingPriceHistory/20/event,listingPriceHistory/21/date,listingPriceHistory/21/event,listingPriceHistory/22/date,listingPriceHistory/22/event,listingPriceHistory/23/date,listingPriceHistory/23/event,listingPriceHistory/24/date,listingPriceHistory/24/event,listingPriceHistory/25/date,listingPriceHistory/25/event,listingPriceHistory/26/date,listingPriceHistory/26/event,listingPriceHistory/27/date,listingPriceHistory/27/event,listingPriceHistory/28/date,listingPriceHistory/28/event,listingPriceHistory/29/date,listingPriceHistory/29/event
"33 Narragansett Pl, Sherwood, AR 72120",33 Narragansett Pl,Sherwood,AR,,forRent,5,3250,,3500,1,https://www.zillow.com/homedetails/33-Narragansett-Pl-Sherwood-AR-72120/274035_zpid/,,161000,2026-09-26T00:00:00.000Z,Listed for rent,2026-09-16T00:00:00.000Z,Listing removed,2026-08-26T00:00:00.000Z,Listed for rent,2026-08-26T00:00:00.000Z,Listing removed,2026-08-08T00:00:00.000Z,Listed for sale,2026-07-15T00:00:00.000Z,Listing removed,2026-07-06T00:00:00.000Z,Price change,2026-06-15T00:00:00.000Z,Price change,2026-05-15T00:00:00.000Z,Listed for sale,2026-04-29T00:00:00.000Z,Listing removed,2026-04-21T00:00:00.000Z,Price change,2026-04-06T00:00:00.000Z,Listed for sale,2026-04-03T00:00:00.000Z,Listing removed,2026-03-02T00:00:00.000Z,Price change,2026-02-17T00:00:00.000Z,Price change,2026-02-02T00:00:00.000Z,Listed for sale,2026-02-01T00:00:00.000Z,Listing removed,2026-01-06T00:00:00.000Z,Price change,2025-12-11T00:00:00.000Z,Listed for sale,2024-05-16T00:00:00.000Z,Sold,2024-03-21T00:00:00.000Z,Sold,2015-03-04T00:00:00.000Z,Sold,,,,,,,,,,,,,,,,
"13503 Teton Dr, Little Rock, AR 72211",13503 Teton Dr,Little Rock,AR,,forRent,,,,,,"https://www.zillow.com/b/13503-teton-dr-little-rock-ar/34.737568,-92.42088_ll/",,,,,,,,,,,,,,,,,,,,,,,,,,,,,,,,,,,,,,,,,,,,,,,,,,,,,,,,,,,,,,
"105 Magnolia Ct, Jacksonville, AR 72076",105 Magnolia Ct,Jacksonville,AR,,forRent,3,1305,,1700,3,https://www.zillow.com/homedetails/105-Magnolia-Ct-Jacksonville-AR-72076/2053921612_zpid/,,239900,2026-09-24T00:00:00.000Z,Price change,2026-08-20T00:00:00.000Z,Listed for rent,2026-08-19T00:00:00.000Z,Listing removed,2026-06-03T00:00:00.000Z,Listed for rent,2024-07-24T00:00:00.000Z,Sold,2024-02-19T00:00:00.000Z,Listing removed,2024-02-17T00:00:00.000Z,Listed for rent,2024-02-16T00:00:00.000Z,Listing removed,2024-01-24T00:00:00.000Z,Price change,2023-12-13T00:00:00.000Z,Listed for rent,,,,,,,,,,,,,,,,,,,,,,,,,,,,,,,,,,,,,,,,
"1006 S Cross St, Little Rock, AR 72202",1006 S Cross St,Little Rock,AR,,forRent,3,1550,,1900,19,https://www.zillow.com/homedetails/1006-S-Cross-St-Little-Rock-AR-72202/307228_zpid/,,60000,2026-09-15T00:00:00.000Z,Price change,2026-09-08T00:00:00.000Z,Listed for rent,2026-09-08T00:00:00.000Z,Listing removed,2026-09-04T00:00:00.000Z,Price change,2026-08-25T00:00:00.000Z,Price change,2026-08-10T00:00:00.000Z,Listed for sale,2026-08-10T00:00:00.000Z,Listing removed,2026-07-28T00:00:00.000Z,Price change,2026-07-23T00:00:00.000Z,Price change,2026-07-16T00:00:00.000Z,Price change,2026-07-06T00:00:00.000Z,Price change,2026-06-23T00:00:00.000Z,Price change,2026-06-08T00:00:00.000Z,Price change,2026-05-26T00:00:00.000Z,Price change,2026-05-16T00:00:00.000Z,Price change,2026-04-28T00:00:00.000Z,Price change,2026-04-18T00:00:00.000Z,Listed for sale,2025-02-27T00:00:00.000Z,Sold,2025-02-01T00:00:00.000Z,Contingent,2025-01-10T00:00:00.000Z,Price change,2024-11-08T00:00:00.000Z,Price change,2024-09-13T00:00:00.000Z,Price change,2024-08-12T00:00:00.000Z,Price change,2024-07-10T00:00:00.000Z,Listed for sale,2024-05-30T00:00:00.000Z,Listing removed,2024-02-29T00:00:00.000Z,Listed for rent,2022-04-11T00:00:00.000Z,Sold,2015-04-02T00:00:00.000Z,Sold,2001-09-13T00:00:00.000Z,Sold,1997-03-10T00:00:00.000Z,Sold
"110 East Blvd, Jacksonville, AR 72076",110 East Blvd,Jacksonville,AR,,forRent,4,1138,,1450,40,https://www.zillow.com/homedetails/110-East-Blvd-Jacksonville-AR-72076/266328_zpid/,,8000,2026-09-22T00:00:00.000Z,Price change,2026-08-19T00:00:00.000Z,Listed for rent,2026-08-10T00:00:00.000Z,Listing removed,2026-05-27T00:00:00.000Z,Listed for rent,2025-10-15T00:00:00.000Z,Listing removed,2025-08-23T00:00:00.000Z,Listed for rent,2025-07-30T00:00:00.000Z,Listing removed,2025-07-17T00:00:00.000Z,Price change,2025-06-20T00:00:00.000Z,Price change,2025-05-15T00:00:00.000Z,Listed for rent,2023-08-03T00:00:00.000Z,Sold,2021-04-26T00:00:00.000Z,Listing removed,2021-03-03T00:00:00.000Z,Price change,2021-01-28T00:00:00.000Z,Price change,2020-12-07T00:00:00.000Z,Price change,2020-10-05T00:00:00.000Z,Price change,2020-09-15T00:00:00.000Z,Price change,2020-09-13T00:00:00.000Z,Price change,2020-09-07T00:00:00.000Z,Price change,2020-09-05T00:00:00.000Z,Price change,2020-05-15T00:00:00.000Z,Listed for sale,2020-04-14T00:00:00.000Z,Listing removed,2020-01-23T00:00:00.000Z,Price change,2020-01-18T00:00:00.000Z,Price change,2019-10-20T00:00:00.000Z,Listed for sale,2012-06-08T00:00:00.000Z,Listing removed,2010-08-19T00:00:00.000Z,Sold,,,,,,
"1900 S Pulaski St, Little Rock, AR 72206",1900 S Pulaski St,Little Rock,AR,,forRent,3,1354,,1150,79,https://www.zillow.com/homedetails/1900-S-Pulaski-St-Little-Rock-AR-72206/315916_zpid/,,149500,2026-09-18T00:00:00.000Z,Price change,2026-07-10T00:00:00.000Z,Listed for rent,2026-06-26T00:00:00.000Z,Listing removed,2026-04-15T00:00:00.000Z,Listed for sale,2025-09-30T00:00:00.000Z,Listing removed,2025-08-29T00:00:00.000Z,Price change,2025-08-20T00:00:00.000Z,Price change,2025-03-06T00:00:00.000Z,Listed for sale,2024-10-10T00:00:00.000Z,Listing removed,2024-09-13T00:00:00.000Z,Listing removed,2024-08-30T00:00:00.000Z,Listed for rent,2024-08-15T00:00:00.000Z,Price change,2024-07-17T00:00:00.000Z,Price change,2024-05-20T00:00:00.000Z,Listed for sale,2024-04-30T00:00:00.000Z,Listing removed,2024-04-10T00:00:00.000Z,Price change,2024-03-08T00:00:00.000Z,Price change,2024-02-16T00:00:00.000Z,Listed for rent,2023-07-19T00:00:00.000Z,Listing removed,2023-06-16T00:00:00.000Z,Listed for rent,2023-05-16T00:00:00.000Z,Sold,2023-04-25T00:00:00.000Z,Listing removed,2023-04-05T00:00:00.000Z,Listed for rent,2023-03-23T00:00:00.000Z,Contingent,2023-03-23T00:00:00.000Z,Listed for sale,2020-11-23T00:00:00.000Z,Sold,2020-02-14T00:00:00.000Z,Sold,2018-01-18T00:00:00.000Z,Sold,2017-05-02T00:00:00.000Z,Sold,2016-06-02T00:00:00.000Z,Sold
"4812 Lochridge Rd, N Little Rock, AR 72116",4812 Lochridge Rd,N Little Rock,AR,,forRent,3,1250,,1500,17,https://www.zillow.com/homedetails/4812-Lochridge-Rd-N-Little-Rock-AR-72116/295208_zpid/,,125000,2026-09-10T00:00:00.000Z,Listed for rent,2026-05-09T00:00:00.000Z,Listing removed,2026-04-22T00:00:00.000Z,Listing removed,2026-04-22T00:00:00.000Z,Price change,2026-04-09T00:00:00.000Z,Listed for rent,2026-03-31T00:00:00.000Z,Listed for sale,2026-03-31T00:00:00.000Z,Listing removed,2026-03-19T00:00:00.000Z,Price change,2026-02-24T00:00:00.000Z,Price change,2026-02-12T00:00:00.000Z,Listed for sale,2026-01-29T00:00:00.000Z,Listing removed,2026-01-15T00:00:00.000Z,Price change,2026-01-08T00:00:00.000Z,Listed for rent,2025-05-05T00:00:00.000Z,Sold,2016-05-19T00:00:00.000Z,Sold,2013-08-29T00:00:00.000Z,Sold,,,,,,,,,,,,,,,,,,,,,,,,,,,,
"4816 W 28th St, Little Rock, AR 72204",4816 W 28th St,Little Rock,AR,,forRent,3,1052,,1215,79,https://www.zillow.com/homedetails/4816-W-28th-St-Little-Rock-AR-72204/312384_zpid/,,144000,2026-09-24T00:00:00.000Z,Price change,2026-07-20T00:00:00.000Z,Price change,2026-07-10T00:00:00.000Z,Listed for rent,2026-07-10T00:00:00.000Z,Listing removed,2026-05-16T00:00:00.000Z,Listed for rent,2024-02-12T00:00:00.000Z,Sold,2023-08-31T00:00:00.000Z,Listing removed,2023-08-16T00:00:00.000Z,Listed for rent,2012-12-28T00:00:00.000Z,Sold,,,,,,,,,,,,,,,,,,,,,,,,,,,,,,,,,,,,,,,,,,
"2708 S Chester St, Little Rock, AR 72206",2708 S Chester St,Little Rock,AR,,forRent,3,1840,,1400,39,https://www.zillow.com/homedetails/2708-S-Chester-St-Little-Rock-AR-72206/317615_zpid/,,39750,2026-09-24T00:00:00.000Z,Price change,2026-08-19T00:00:00.000Z,Listed for rent,2026-08-19T00:00:00.000Z,Listing removed,2026-04-10T00:00:00.000Z,Listed for rent,2020-07-31T00:00:00.000Z,Sold,2020-06-25T00:00:00.000Z,Listed for sale,2019-12-26T00:00:00.000Z,Sold,2019-12-14T00:00:00.000Z,Price change,2019-12-08T00:00:00.000Z,Price change,2019-12-06T00:00:00.000Z,Price change,2019-12-04T00:00:00.000Z,Price change,2019-12-02T00:00:00.000Z,Price change,2019-12-01T00:00:00.000Z,Price change,2019-11-28T00:00:00.000Z,Price change,2019-11-26T00:00:00.000Z,Listed for sale,2014-10-10T00:00:00.000Z,Sold,2011-11-09T00:00:00.000Z,Sold,2011-08-28T00:00:00.000Z,Pending sale,2011-08-16T00:00:00.000Z,Price change,2011-07-14T00:00:00.000Z,Price change,2011-05-29T00:00:00.000Z,Price change,2011-03-25T00:00:00.000Z,Price change,2011-02-17T00:00:00.000Z,Listed for sale,2007-05-10T00:00:00.000Z,Sold,,,,,,,,,,,,
"208 Sierra Madre Dr, North Little Rock, AR 72118",208 Sierra Madre Dr,North Little Rock,AR,,forRent,3,1760,,995,3,https://www.zillow.com/homedetails/208-Sierra-Madre-Dr-North-Little-Rock-AR-72118/82843924_zpid/,,109900,2026-09-25T00:00:00.000Z,Listed for rent,2024-06-08T00:00:00.000Z,Listing removed,2024-05-10T00:00:00.000Z,Listed for rent,2019-09-27T00:00:00.000Z,Sold,,,,,,,,,,,,,,,,,,,,,,,,,,,,,,,,,,,,,,,,,,,,,,,,,,,,
"2400 W Daisy L Gatson Bates Dr, Little Rock, AR 72202",2400 W Daisy L Gatson Bates Dr,Little Rock,AR,,forRent,3,1674,,1975,8,https://www.zillow.com/homedetails/2400-W-Daisy-L-Gatson-Bates-Dr-Little-Rock-AR-72202/314885_zpid/,,265000,2026-07-08T00:00:00.000Z,Listed for rent,2024-10-03T00:00:00.000Z,Sold,2023-09-23T00:00:00.000Z,Listing removed,2023-06-09T00:00:00.000Z,Listed for sale,2016-05-09T00:00:00.000Z,Sold,2004-10-26T00:00:00.000Z,Sold,1999-04-28T00:00:00.000Z,Sold,,,,,,,,,,,,,,,,,,,,,,,,,,,,,,,,,,,,,,,,,,,,,,
"805 Maple St, North Little Rock, AR 72114",805 Maple St,North Little Rock,AR,,forRent,3,1062,,1595,37,https://www.zillow.com/homedetails/805-Maple-St-North-Little-Rock-AR-72114/305032_zpid/,,50000,2026-09-22T00:00:00.000Z,Price change,2026-09-10T00:00:00.000Z,Price change,2026-06-02T00:00:00.000Z,Listed for rent,2024-04-18T00:00:00.000Z,Listing removed,2024-03-25T00:00:00.000Z,Price change,2024-02-17T00:00:00.000Z,Listed for rent,2022-10-20T00:00:00.000Z,Sold,2014-11-26T00:00:00.000Z,Sold,2012-02-03T00:00:00.000Z,Sold,,,,,,,,,,,,,,,,,,,,,,,,,,,,,,,,,,,,,,,,,,
"1414 W 11th St, Little Rock, AR 72202",1414 W 11th St,Little Rock,AR,,forRent,3,1356,,1095,2,https://www.zillow.com/homedetails/1414-W-11th-St-Little-Rock-AR-72202/180199288_zpid/,,23292,2026-09-25T00:00:00.000Z,Listed for rent,2024-11-07T00:00:00.000Z,Listing removed,2024-10-17T00:00:00.000Z,Listed for rent,2023-07-13T00:00:00.000Z,Listing removed,2023-06-28T00:00:00.000Z,Listed for rent,2023-06-16T00:00:00.000Z,Listing removed,2023-06-02T00:00:00.000Z,Listed for rent,2018-07-10T00:00:00.000Z,Listing removed,2018-06-05T00:00:00.000Z,Price change,2018-05-02T00:00:00.000Z,Price change,2018-04-05T00:00:00.000Z,Listed for rent,2009-02-20T00:00:00.000Z,Sold,,,,,,,,,,,,,,,,,,,,,,,,,,,,,,,,,,,,
"2521 S Maple St, Little Rock, AR 72204",2521 S Maple St,Little Rock,AR,,forRent,4,1600,,1425,3,https://www.zillow.com/homedetails/2521-S-Maple-St-Little-Rock-AR-72204/312789_zpid/,,50000,2026-09-24T00:00:00.000Z,Listed for rent,2026-06-03T00:00:00.000Z,Sold,2026-04-15T00:00:00.000Z,Contingent,2026-03-11T00:00:00.000Z,Price change,2026-02-17T00:00:00.000Z,Listed for sale,2018-08-06T00:00:00.000Z,Sold,2015-04-18T00:00:00.000Z,Sold,2014-07-17T00:00:00.000Z,Sold,,,,,,,,,,,,,,,,,,,,,,,,,,,,,,,,,,,,,,,,,,,,
"402 Redbud Ct, Jacksonville, AR 72076",402 Redbud Ct,Jacksonville,AR,,forRent,,,,,,"https://www.zillow.com/b/402-redbud-ct-jacksonville-ar/34.867172,-92.097824_ll/",,,,,,,,,,,,,,,,,,,,,,,,,,,,,,,,,,,,,,,,,,,,,,,,,,,,,,,,,,,,,,
"74 Lakeland Dr, Cabot, AR 72023",74 Lakeland Dr,Cabot,AR,,forRent,3,2477,,2100,3,https://www.zillow.com/homedetails/74-Lakeland-Dr-Cabot-AR-72023/72179771_zpid/,,,2026-09-24T00:00:00.000Z,Listed for rent,2026-01-27T00:00:00.000Z,Listing removed,2026-01-12T00:00:00.000Z,Listed for rent,2025-03-14T00:00:00.000Z,Listing removed,2025-03-10T00:00:00.000Z,Listed for rent,2025-03-10T00:00:00.000Z,Listing removed,2025-02-25T00:00:00.000Z,Listed for rent,2024-03-13T00:00:00.000Z,Listing removed,2024-03-12T00:00:00.000Z,Listed for rent,2024-03-11T00:00:00.000Z,Listing removed,2024-03-08T00:00:00.000Z,Price change,2024-01-27T00:00:00.000Z,Price change,2023-12-19T00:00:00.000Z,Listed for rent,2022-11-30T00:00:00.000Z,Listing removed,2022-11-01T00:00:00.000Z,Listed for rent,2019-09-05T00:00:00.000Z,Listing removed,2019-09-03T00:00:00.000Z,Listed for rent,2019-09-03T00:00:00.000Z,Listing removed,2019-08-16T00:00:00.000Z,Price change,2019-08-07T00:00:00.000Z,Pending sale,2019-07-11T00:00:00.000Z,Price change,2019-06-21T00:00:00.000Z,Price change,2019-06-10T00:00:00.000Z,Price change,2019-06-04T00:00:00.000Z,Price change,2019-05-28T00:00:00.000Z,Listed for sale,,,,,,,,,,
"39 Fletcher Dr, Austin, AR 72007",39 Fletcher Dr,Austin,AR,,forRent,4,1960,,1845,6,https://www.zillow.com/homedetails/39-Fletcher-Dr-Austin-AR-72007/305901313_zpid/,,280000,2026-09-21T00:00:00.000Z,Listed for rent,2022-03-02T00:00:00.000Z,Sold,2022-01-29T00:00:00.000Z,Listed for sale,2020-02-27T00:00:00.000Z,Sold,,,,,,,,,,,,,,,,,,,,,,,,,,,,,,,,,,,,,,,,,,,,,,,,,,,,
"128 Ricky Raccoon Dr, Jacksonville, AR 72076",128 Ricky Raccoon Dr,Jacksonville,AR,,forRent,3,1608,,1600,4,https://www.zillow.com/homedetails/128-Ricky-Raccoon-Dr-Jacksonville-AR-72076/270187_zpid/,,193000,2026-09-23T00:00:00.000Z,Listed for rent,2023-03-02T00:00:00.000Z,Sold,2023-02-22T00:00:00.000Z,Contingent,2023-01-25T00:00:00.000Z,Price change,2023-01-14T00:00:00.000Z,Listed for sale,2022-09-15T00:00:00.000Z,Sold,2011-03-10T00:00:00.000Z,Sold,,,,,,,,,,,,,,,,,,,,,,,,,,,,,,,,,,,,,,,,,,,,,,
"32 Fortson Dr, Cabot, AR 72023",32 Fortson Dr,Cabot,AR,,forRent,3,1064,,875,36,https://www.zillow.com/homedetails/32-Fortson-Dr-Cabot-AR-72023/63161011_zpid/,,750000,2026-08-22T00:00:00.000Z,Listed for rent,2024-02-17T00:00:00.000Z,Listing removed,2024-02-03T00:00:00.000Z,Listed for rent,2004-08-10T00:00:00.000Z,Sold,,,,,,,,,,,,,,,,,,,,,,,,,,,,,,,,,,,,,,,,,,,,,,,,,,,,
"21 Dunnaway Dr, Austin, AR 72007",21 Dunnaway Dr,Austin,AR,,forRent,,,,,,https://www.zillow.com/b/21-dunnaway-dr-austin-ar-BsgKQM/,,,,,,,,,,,,,,,,,,,,,,,,,,,,,,,,,,,,,,,,,,,,,,,,,,,,,,,,,,,,,,
"21 Meadowlark Dr, Cabot, AR 72023",21 Meadowlark Dr,Cabot,AR,,forRent,3,1013,,1395,47,https://www.zillow.com/homedetails/21-Meadowlark-Dr-Cabot-AR-72023/255213_zpid/,,147900,2026-08-12T00:00:00.000Z,Listed for rent,2024-01-16T00:00:00.000Z,Listing removed,2024-01-04T00:00:00.000Z,Sold,2023-08-22T00:00:00.000Z,Sold,2023-07-17T00:00:00.000Z,Contingent,2023-05-12T00:00:00.000Z,Listed for sale,2023-04-19T00:00:00.000Z,Listing removed,2023-03-17T00:00:00.000Z,Listed for rent,2022-03-21T00:00:00.000Z,Sold,,,,,,,,,,,,,,,,,,,,,,,,,,,,,,,,,,,,,,,,,,
"100 E Lauren Rd, Searcy, AR 72143",100 E Lauren Rd,Searcy,AR,,forRent,3,1341,,1350,75,https://www.zillow.com/homedetails/100-E-Lauren-Rd-Searcy-AR-72143/456761161_zpid/,,134000,2026-09-10T00:00:00.000Z,Price change,2026-08-04T00:00:00.000Z,Price change,2026-07-14T00:00:00.000Z,Listed for rent,2026-03-02T00:00:00.000Z,Sold,2025-11-03T00:00:00.000Z,Price change,2025-10-16T00:00:00.000Z,Price change,2025-09-17T00:00:00.000Z,Listed for sale,,,,,,,,,,,,,,,,,,,,,,,,,,,,,,,,,,,,,,,,,,,,,,
"109 Maryland Ln, Jacksonville, AR 72076",109 Maryland Ln,Jacksonville,AR,,forRent,3,1201,,1169,45,https://www.zillow.com/homedetails/109-Maryland-Ln-Jacksonville-AR-72076/464516793_zpid/,,,2026-08-13T00:00:00.000Z,Listed for rent,,,,,,,,,,,,,,,,,,,,,,,,,,,,,,,,,,,,,,,,,,,,,,,,,,,,,,,,,,
"612 Brookhaven Ct, Jacksonville, AR 72076",612 Brookhaven Ct,Jacksonville,AR,,forRent,3,1200,,1450,59,https://www.zillow.com/homedetails/612-Brookhaven-Ct-Jacksonville-AR-72076/269803_zpid/,,124900,2026-07-31T00:00:00.000Z,Listed for rent,2023-03-27T00:00:00.000Z,Listing removed,2023-03-21T00:00:00.000Z,Price change,2023-03-14T00:00:00.000Z,Price change,2023-03-09T00:00:00.000Z,Price change,2023-03-02T00:00:00.000Z,Listed for rent,2019-11-19T00:00:00.000Z,Sold,2019-11-07T00:00:00.000Z,Listing removed,2019-10-29T00:00:00.000Z,Price change,2019-09-20T00:00:00.000Z,Price change,2019-06-05T00:00:00.000Z,Listed for rent,2019-05-30T00:00:00.000Z,Sold,2019-04-03T00:00:00.000Z,Price change,2019-02-05T00:00:00.000Z,Listed for sale,2014-02-03T00:00:00.000Z,Sold,2007-09-19T00:00:00.000Z,Sold,2003-07-08T00:00:00.000Z,Sold,,,,,,,,,,,,,,,,,,,,,,,,,,
"102 Oklahoma Ave, Jacksonville, AR 72076",102 Oklahoma Ave,Jacksonville,AR,,forRent,4,1391,,1419,34,https://www.zillow.com/homedetails/102-Oklahoma-Ave-Jacksonville-AR-72076/2107029774_zpid/,,,2026-08-24T00:00:00.000Z,Listed for rent,2024-08-05T00:00:00.000Z,Listing removed,2024-07-01T00:00:00.000Z,Price change,2024-06-25T00:00:00.000Z,Listed for rent,2014-06-12T00:00:00.000Z,Listing removed,2014-05-15T00:00:00.000Z,Listed for rent,,,,,,,,,,,,,,,,,,,,,,,,,,,,,,,,,,,,,,,,,,,,,,,,
"7115 Mabelvale Cut Off Rd, Little Rock, AR 72209",7115 Mabelvale Cut Off Rd,Little Rock,AR,,forRent,3,1465,,1495,40,https://www.zillow.com/homedetails/7115-Mabelvale-Cut-Off-Rd-Little-Rock-AR-72209/2060689031_zpid/,,79500,2026-09-22T00:00:00.000Z,Listing removed,2026-08-20T00:00:00.000Z,Listed for rent,2026-08-04T00:00:00.000Z,Price change,2026-07-15T00:00:00.000Z,Price change,2026-07-07T00:00:00.000Z,Listed for sale,2025-09-26T00:00:00.000Z,Listing removed,2025-09-05T00:00:00.000Z,Listed for rent,2023-02-21T00:00:00.000Z,Sold,2023-02-07T00:00:00.000Z,Contingent,2023-02-01T00:00:00.000Z,Listed for sale,2022-12-16T00:00:00.000Z,Listing removed,2022-11-17T00:00:00.000Z,Price change,2022-09-28T00:00:00.000Z,Price change,2022-08-16T00:00:00.000Z,Price change,2022-06-10T00:00:00.000Z,Listed for sale,,,,,,,,,,,,,,,,,,,,,,,,,,,,,,
"16318 Lamarche Dr, Little Rock, AR 72223",16318 Lamarche Dr,Little Rock,AR,,forRent,3,1500,,2095,46,https://www.zillow.com/homedetails/16318-Lamarche-Dr-Little-Rock-AR-72223/446823205_zpid/,,,2026-09-17T00:00:00.000Z,Price change,2026-08-12T00:00:00.000Z,Listed for rent,2025-04-25T00:00:00.000Z,Listing removed,2025-04-23T00:00:00.000Z,Price change,2025-04-17T00:00:00.000Z,Price change,2025-03-22T00:00:00.000Z,Listed for rent,2025-03-04T00:00:00.000Z,Listing removed,2025-02-01T00:00:00.000Z,Listed for rent,,,,,,,,,,,,,,,,,,,,,,,,,,,,,,,,,,,,,,,,,,,,
"509 E Elm St, Cabot, AR 72023",509 E Elm St,Cabot,AR,,forRent,3,1056,,1450,80,https://www.zillow.com/homedetails/509-E-Elm-St-Cabot-AR-72023/257181_zpid/,,185000,2026-08-20T00:00:00.000Z,Price change,2026-07-23T00:00:00.000Z,Price change,2026-07-09T00:00:00.000Z,Listed for rent,2026-07-09T00:00:00.000Z,Listing removed,2026-05-02T00:00:00.000Z,Listed for rent,2026-04-16T00:00:00.000Z,Listing removed,2026-02-18T00:00:00.000Z,Price change,2026-02-04T00:00:00.000Z,Listed for rent,2023-04-10T00:00:00.000Z,Sold,2023-01-19T00:00:00.000Z,Listing removed,2023-01-18T00:00:00.000Z,Listed for rent,2023-01-06T00:00:00.000Z,Listing removed,2022-10-26T00:00:00.000Z,Listed for sale,2021-05-28T00:00:00.000Z,Sold,2015-07-27T00:00:00.000Z,Sold,2012-10-07T00:00:00.000Z,Listing removed,2012-09-20T00:00:00.000Z,Price change,2012-06-20T00:00:00.000Z,Listed for sale,,,,,,,,,,,,,,,,,,,,,,,,
"2221 E Washington Ave, North Little Rock, AR 72114",2221 E Washington Ave,North Little Rock,AR,,forRent,4,1157,,1550,76,https://www.zillow.com/homedetails/2221-E-Washington-Ave-North-Little-Rock-AR-72114/305415_zpid/,,2500,2026-08-19T00:00:00.000Z,Price change,2026-07-13T00:00:00.000Z,Listed for rent,2025-08-08T00:00:00.000Z,Sold,2024-04-26T00:00:00.000Z,Sold,2021-01-15T00:00:00.000Z,Listing removed,2020-10-25T00:00:00.000Z,Listed for sale,2015-10-07T00:00:00.000Z,Sold,2011-03-01T00:00:00.000Z,Sold,2007-08-29T00:00:00.000Z,Sold,1998-09-25T00:00:00.000Z,Sold,,,,,,,,,,,,,,,,,,,,,,,,,,,,,,,,,,,,,,,,
"6 Dee Dee Cir, Little Rock, AR 72223",6 Dee Dee Cir,Little Rock,AR,,forRent,4,1754,,2495,33,https://www.zillow.com/homedetails/6-Dee-Dee-Cir-Little-Rock-AR-72223/363293_zpid/,,150000,2026-09-23T00:00:00.000Z,Listing removed,2026-09-03T00:00:00.000Z,Price change,2026-09-02T00:00:00.000Z,Listed for sale,2026-08-25T00:00:00.000Z,Listing removed,2026-08-25T00:00:00.000Z,Listed for rent,2026-08-07T00:00:00.000Z,Price change,2026-07-24T00:00:00.000Z,Price change,2026-07-14T00:00:00.000Z,Price change,2026-07-03T00:00:00.000Z,Listed for sale,2026-06-27T00:00:00.000Z,Sold,2018-12-31T00:00:00.000Z,Sold,2015-10-13T00:00:00.000Z,Sold,,,,,,,,,,,,,,,,,,,,,,,,,,,,,,,,,,,,
"405 Tyndale Ln, Searcy, AR 72143",405 Tyndale Ln,Searcy,AR,,forRent,3,1375,,1250,0,https://www.zillow.com/homedetails/405-Tyndale-Ln-Searcy-AR-72143/112946851_zpid/,,23000,2026-09-28T00:00:00.000Z,Listed for rent,2021-03-24T00:00:00.000Z,Listing removed,2019-08-08T00:00:00.000Z,Listing removed,2019-08-03T00:00:00.000Z,Listed for rent,2009-12-10T00:00:00.000Z,Sold,,,,,,,,,,,,,,,,,,,,,,,,,,,,,,,,,,,,,,,,,,,,,,,,,,
"6601 Bluebird Dr, Little Rock, AR 72205",6601 Bluebird Dr,Little Rock,AR,,forRent,3,1609,,1495,109,https://www.zillow.com/homedetails/6601-Bluebird-Dr-Little-Rock-AR-72205/344893_zpid/,,149500,2026-09-11T00:00:00.000Z,Price change,2026-09-04T00:00:00.000Z,Price change,2026-06-24T00:00:00.000Z,Price change,2026-06-10T00:00:00.000Z,Listed for rent,2026-04-15T00:00:00.000Z,Sold,2026-03-23T00:00:00.000Z,Listing removed,2026-03-10T00:00:00.000Z,Listed for rent,2025-04-22T00:00:00.000Z,Listing removed,2025-04-02T00:00:00.000Z,Listed for rent,2024-06-20T00:00:00.000Z,Listing removed,2024-06-18T00:00:00.000Z,Listed for rent,2020-09-22T00:00:00.000Z,Listing removed,2020-07-07T00:00:00.000Z,Listed for rent,2018-12-11T00:00:00.000Z,Listing removed,2018-10-10T00:00:00.000Z,Price change,2018-08-06T00:00:00.000Z,Price change,2018-07-09T00:00:00.000Z,Price change,2018-06-13T00:00:00.000Z,Price change,2018-05-04T00:00:00.000Z,Price change,2018-04-24T00:00:00.000Z,Listed for rent,2018-04-23T00:00:00.000Z,Sold,2018-03-16T00:00:00.000Z,Listed for sale,2015-09-30T00:00:00.000Z,Sold,2013-09-24T00:00:00.000Z,Sold,2013-07-31T00:00:00.000Z,Listed for sale,2009-02-12T00:00:00.000Z,Sold,2009-01-28T00:00:00.000Z,Listed for sale,,,,,,
"7316 Illinois St, Little Rock, AR 72207",7316 Illinois St,Little Rock,AR,,forRent,3,1194,,1350,3,https://www.zillow.com/homedetails/7316-Illinois-St-Little-Rock-AR-72207/342140_zpid/,,50000,2026-09-24T00:00:00.000Z,Listed for rent,2023-09-15T00:00:00.000Z,Listing removed,2023-08-30T00:00:00.000Z,Listed for rent,2019-07-27T00:00:00.000Z,Listing removed,2019-07-17T00:00:00.000Z,Price change,2019-07-01T00:00:00.000Z,Listed for rent,2019-04-12T00:00:00.000Z,Sold,2019-03-12T00:00:00.000Z,Listed for sale,2015-07-17T00:00:00.000Z,Sold,,,,,,,,,,,,,,,,,,,,,,,,,,,,,,,,,,,,,,,,,,
"3117 S Pulaski St, Little Rock, AR 72206",3117 S Pulaski St,Little Rock,AR,,forRent,3,985,,925,4,https://www.zillow.com/homedetails/3117-S-Pulaski-St-Little-Rock-AR-72206/317941_zpid/,,59000,2026-09-23T00:00:00.000Z,Listed for rent,2024-01-07T00:00:00.000Z,Listing removed,2023-12-26T00:00:00.000Z,Price change,2023-12-10T00:00:00.000Z,Price change,2023-10-19T00:00:00.000Z,Listed for rent,2023-10-10T00:00:00.000Z,Sold,2023-10-05T00:00:00.000Z,Contingent,2023-08-10T00:00:00.000Z,Listed for sale,2023-08-07T00:00:00.000Z,Contingent,2023-06-20T00:00:00.000Z,Listed for sale,2015-02-23T00:00:00.000Z,Sold,,,,,,,,,,,,,,,,,,,,,,,,,,,,,,,,,,,,,,
"2222 Scott St, Little Rock, AR 72206",2222 Scott St,Little Rock,AR,,forRent,3,1316,,1700,12,https://www.zillow.com/homedetails/2222-Scott-St-Little-Rock-AR-72206/445791417_zpid/,,80000,2026-09-15T00:00:00.000Z,Listed for rent,2023-05-25T00:00:00.000Z,Sold,2023-04-28T00:00:00.000Z,Contingent,2023-04-18T00:00:00.000Z,Listed for sale,,,,,,,,,,,,,,,,,,,,,,,,,,,,,,,,,,,,,,,,,,,,,,,,,,,,
"31 Rosemoor Dr, Little Rock, AR 72209",31 Rosemoor Dr,Little Rock,AR,,forRent,4,1250,,1250,53,https://www.zillow.com/homedetails/31-Rosemoor-Dr-Little-Rock-AR-72209/319262_zpid/,,92000,2026-09-26T00:00:00.000Z,Price change,2026-08-05T00:00:00.000Z,Listed for rent,2023-12-12T00:00:00.000Z,Listing removed,2023-11-24T00:00:00.000Z,Listed for rent,2023-10-10T00:00:00.000Z,Sold,2023-10-10T00:00:00.000Z,Contingent,2023-08-22T00:00:00.000Z,Listed for sale,2023-08-15T00:00:00.000Z,Contingent,2023-08-11T00:00:00.000Z,Price change,2023-07-26T00:00:00.000Z,Listed for sale,2010-12-28T00:00:00.000Z,Sold,,,,,,,,,,,,,,,,,,,,,,,,,,,,,,,,,,,,,,
"2913 S Cross St, Little Rock, AR 72206",2913 S Cross St,Little Rock,AR,,forRent,3,1088,,975,12,https://www.zillow.com/homedetails/2913-S-Cross-St-Little-Rock-AR-72206/318068_zpid/,,62000,2026-09-26T00:00:00.000Z,Price change,2026-09-15T00:00:00.000Z,Listed for rent,2026-04-29T00:00:00.000Z,Listing removed,2026-02-26T00:00:00.000Z,Listed for sale,2026-01-12T00:00:00.000Z,Listing removed,2025-05-03T00:00:00.000Z,Price change,2025-03-20T00:00:00.000Z,Listed for sale,2025-03-17T00:00:00.000Z,Listing removed,2025-03-15T00:00:00.000Z,Listed for sale,2024-12-07T00:00:00.000Z,Listing removed,2024-08-02T00:00:00.000Z,Price change,2024-07-20T00:00:00.000Z,Price change,2024-07-07T00:00:00.000Z,Listed for sale,2023-03-21T00:00:00.000Z,Listing removed,2023-03-08T00:00:00.000Z,Listed for rent,2023-01-31T00:00:00.000Z,Sold,2022-12-19T00:00:00.000Z,Contingent,2022-12-09T00:00:00.000Z,Price change,2022-10-15T00:00:00.000Z,Listed for sale,2019-07-18T00:00:00.000Z,Sold,2014-08-27T00:00:00.000Z,Sold,,,,,,,,,,,,,,,,,,
"8620 Northgate Dr, Sherwood, AR 72120",8620 Northgate Dr,Sherwood,AR,,forRent,3,1250,,1425,28,https://www.zillow.com/homedetails/8620-Northgate-Dr-Sherwood-AR-72120/278909_zpid/,,142000,2026-08-30T00:00:00.000Z,Listed for rent,2024-09-13T00:00:00.000Z,Listing removed,2024-08-13T00:00:00.000Z,Listed for rent,2022-08-29T00:00:00.000Z,Listing removed,2022-08-02T00:00:00.000Z,Price change,2022-07-30T00:00:00.000Z,Listed for rent,2022-05-06T00:00:00.000Z,Sold,2022-03-31T00:00:00.000Z,Listed for sale,2016-05-03T00:00:00.000Z,Sold,2013-11-25T00:00:00.000Z,Sold,2003-10-17T00:00:00.000Z,Sold,,,,,,,,,,,,,,,,,,,,,,,,,,,,,,,,,,,,,,
"7 Pleasant Cv, Little Rock, AR 72211",7 Pleasant Cv,Little Rock,AR,,forRent,4,1824,,2650,15,https://www.zillow.com/homedetails/7-Pleasant-Cv-Little-Rock-AR-72211/339378_zpid/,,310000,2026-09-12T00:00:00.000Z,Listed for rent,2025-04-08T00:00:00.000Z,Sold,2025-03-27T00:00:00.000Z,Contingent,2025-03-06T00:00:00.000Z,Listing removed,2025-02-12T00:00:00.000Z,Listed for sale,2025-02-06T00:00:00.000Z,Price change,2024-05-24T00:00:00.000Z,Sold,2022-11-18T00:00:00.000Z,Listed for rent,2022-11-02T00:00:00.000Z,Sold,2022-10-01T00:00:00.000Z,Contingent,2022-09-30T00:00:00.000Z,Price change,2022-09-08T00:00:00.000Z,Listed for sale,2019-08-20T00:00:00.000Z,Listing removed,2019-08-09T00:00:00.000Z,Price change,2019-06-25T00:00:00.000Z,Listed for rent,2015-06-26T00:00:00.000Z,Sold,2014-04-08T00:00:00.000Z,Listing removed,2014-01-25T00:00:00.000Z,Price change,2014-01-20T00:00:00.000Z,Listed for rent,2013-12-30T00:00:00.000Z,Listing removed,2013-09-14T00:00:00.000Z,Listed for sale,2007-02-02T00:00:00.000Z,Sold,2005-05-02T00:00:00.000Z,Sold,,,,,,,,,,,,,,
"4512 Rogers St, North Little Rock, AR 72117",4512 Rogers St,North Little Rock,AR,,forRent,3,948,,850,19,https://www.zillow.com/homedetails/4512-Rogers-St-North-Little-Rock-AR-72117/275733_zpid/,,43000,2026-08-20T00:00:00.000Z,Price change,2026-07-16T00:00:00.000Z,Listed for rent,2024-02-28T00:00:00.000Z,Listing removed,2024-01-31T00:00:00.000Z,Listed for rent,2024-01-11T00:00:00.000Z,Listing removed,2023-12-20T00:00:00.000Z,Listed for rent,2022-09-02T00:00:00.000Z,Sold,2021-12-14T00:00:00.000Z,Listing removed,2021-11-11T00:00:00.000Z,Listed for sale,2019-02-05T00:00:00.000Z,Sold,2019-01-02T00:00:00.000Z,Price change,2018-11-20T00:00:00.000Z,Listed for sale,2017-01-05T00:00:00.000Z,Listing removed,2016-12-29T00:00:00.000Z,Listed for sale,2016-10-12T00:00:00.000Z,Sold,2016-09-14T00:00:00.000Z,Listed for sale,2011-11-04T00:00:00.000Z,Sold,2005-02-18T00:00:00.000Z,Sold,,,,,,,,,,,,,,,,,,,,,,,,
"1304 S Taylor St, Little Rock, AR 72204",1304 S Taylor St,Little Rock,AR,,forRent,4,1501,,1395,6,https://www.zillow.com/homedetails/1304-S-Taylor-St-Little-Rock-AR-72204/311353_zpid/,,67000,2026-09-21T00:00:00.000Z,Listed for rent,2026-05-05T00:00:00.000Z,Listing removed,2026-04-28T00:00:00.000Z,Listed for rent,2022-11-18T00:00:00.000Z,Sold,2022-11-09T00:00:00.000Z,Listed for sale,2015-05-21T00:00:00.000Z,Sold,,,,,,,,,,,,,,,,,,,,,,,,,,,,,,,,,,,,,,,,,,,,,,,,
"16 Springridge Dr, Little Rock, AR 72211",16 Springridge Dr,Little Rock,AR,,forRent,3,1613,,2000,18,https://www.zillow.com/homedetails/16-Springridge-Dr-Little-Rock-AR-72211/348511_zpid/,,0,2026-09-09T00:00:00.000Z,Listed for rent,2026-03-06T00:00:00.000Z,Listing removed,2025-11-24T00:00:00.000Z,Listed for rent,2024-04-21T00:00:00.000Z,Listing removed,2024-03-15T00:00:00.000Z,Listed for rent,2023-12-08T00:00:00.000Z,Listing removed,2023-11-30T00:00:00.000Z,Listed for rent,2023-03-17T00:00:00.000Z,Listing removed,2023-03-02T00:00:00.000Z,Listed for rent,2021-03-16T00:00:00.000Z,Listing removed,2021-03-11T00:00:00.000Z,Listed for rent,2020-03-12T00:00:00.000Z,Listing removed,2019-12-31T00:00:00.000Z,Listed for rent,2018-08-31T00:00:00.000Z,Listing removed,2018-08-08T00:00:00.000Z,Listed for rent,2017-03-31T00:00:00.000Z,Listing removed,2017-03-15T00:00:00.000Z,Listed for rent,2015-09-03T00:00:00.000Z,Sold,2013-07-19T00:00:00.000Z,Listing removed,2013-05-17T00:00:00.000Z,Listed for sale,2005-06-15T00:00:00.000Z,Sold,2000-05-03T00:00:00.000Z,Sold,1999-09-13T00:00:00.000Z,Sold,1998-01-12T00:00:00.000Z,Sold,,,,,,,,,,,,
"2914 Jadestone Dr, Sherwood, AR 72120",2914 Jadestone Dr,Sherwood,AR,,forRent,3,1400,,1745,6,https://www.zillow.com/homedetails/2914-Jadestone-Dr-Sherwood-AR-72120/79786298_zpid/,,123000,2026-09-21T00:00:00.000Z,Listed for rent,2012-02-23T00:00:00.000Z,Sold,2011-09-28T00:00:00.000Z,Price change,2011-08-10T00:00:00.000Z,Listed for sale,2011-04-15T00:00:00.000Z,Listing removed,2010-08-05T00:00:00.000Z,Sold,2010-07-01T00:00:00.000Z,Listed for sale,2004-11-30T00:00:00.000Z,Sold,2004-02-18T00:00:00.000Z,Sold,,,,,,,,,,,,,,,,,,,,,,,,,,,,,,,,,,,,,,,,,,
"5013 Longview Dr, North Little Rock, AR 72118",5013 Longview Dr,North Little Rock,AR,,forRent,3,1000,,1275,83,https://www.zillow.com/homedetails/5013-Longview-Dr-North-Little-Rock-AR-72118/298964_zpid/,,129500,2026-08-27T00:00:00.000Z,Price change,2026-07-06T00:00:00.000Z,Listed for rent,2013-08-22T00:00:00.000Z,Sold,,,,,,,,,,,,,,,,,,,,,,,,,,,,,,,,,,,,,,,,,,,,,,,,,,,,,,
"22 Edgehill Cv, Maumelle, AR 72113",22 Edgehill Cv,Maumelle,AR,,forRent,3,1520,,1175,3,https://www.zillow.com/homedetails/22-Edgehill-Cv-Maumelle-AR-72113/79790227_zpid/,,357500,2026-09-24T00:00:00.000Z,Listed for rent,2026-09-23T00:00:00.000Z,Listing removed,2026-05-27T00:00:00.000Z,Listed for sale,2013-12-23T00:00:00.000Z,Sold,2013-11-13T00:00:00.000Z,Listed for sale,1998-03-10T00:00:00.000Z,Sold,,,,,,,,,,,,,,,,,,,,,,,,,,,,,,,,,,,,,,,,,,,,,,,,
"719 Reichardt St, Little Rock, AR 72202",719 Reichardt St,Little Rock,AR,,forRent,3,1857,,2900,13,https://www.zillow.com/homedetails/719-Reichardt-St-Little-Rock-AR-72202/465244951_zpid/,,,2026-09-14T00:00:00.000Z,Listed for rent,,,,,,,,,,,,,,,,,,,,,,,,,,,,,,,,,,,,,,,,,,,,,,,,,,,,,,,,,,
"46 Meadowlark Dr, Cabot, AR 72023",46 Meadowlark Dr,Cabot,AR,,forRent,4,1600,,1595,5,https://www.zillow.com/homedetails/46-Meadowlark-Dr-Cabot-AR-72023/255182_zpid/,,179900,2026-09-23T00:00:00.000Z,Listed for rent,2024-03-19T00:00:00.000Z,Sold,2024-01-11T00:00:00.000Z,Contingent,2023-09-16T00:00:00.000Z,Listing removed,2023-08-24T00:00:00.000Z,Listed for sale,2023-08-18T00:00:00.000Z,Price change,2023-07-18T00:00:00.000Z,Listed for rent,2022-01-11T00:00:00.000Z,Sold,2015-07-31T00:00:00.000Z,Sold,2013-06-11T00:00:00.000Z,Sold,,,,,,,,,,,,,,,,,,,,,,,,,,,,,,,,,,,,,,,,
"20 Edgehill Cv, Maumelle, AR 72113",20 Edgehill Cv,Maumelle,AR,,forRent,3,1520,,1095,4,https://www.zillow.com/homedetails/20-Edgehill-Cv-Maumelle-AR-72113/79781400_zpid/,,357500,2026-09-23T00:00:00.000Z,Listed for rent,2026-07-24T00:00:00.000Z,Listing removed,2026-07-15T00:00:00.000Z,Listed for rent,2025-11-11T00:00:00.000Z,Listing removed,2025-08-29T00:00:00.000Z,Price change,2025-08-15T00:00:00.000Z,Price change,2025-08-01T00:00:00.000Z,Listed for rent,2025-07-30T00:00:00.000Z,Listing removed,2025-04-28T00:00:00.000Z,Price change,2025-03-28T00:00:00.000Z,Price change,2025-03-01T00:00:00.000Z,Listed for sale,2023-12-15T00:00:00.000Z,Listing removed,2023-11-11T00:00:00.000Z,Price change,2023-10-11T00:00:00.000Z,Price change,2023-10-04T00:00:00.000Z,Listed for rent,2020-04-18T00:00:00.000Z,Listing removed,2020-01-27T00:00:00.000Z,Listed for rent,2016-10-16T00:00:00.000Z,Listing removed,2014-04-08T00:00:00.000Z,Listing removed,2014-01-31T00:00:00.000Z,Listed for rent,2013-12-23T00:00:00.000Z,Sold,2013-11-13T00:00:00.000Z,Listed for sale,1998-03-10T00:00:00.000Z,Sold,,,,,,,,,,,,,,
"6 Norton Rd, Little Rock, AR 72223",6 Norton Rd,Little Rock,AR,,forRent,4,2600,,2900,27,https://www.zillow.com/homedetails/6-Norton-Rd-Little-Rock-AR-72223/98976137_zpid/,,225000,2026-09-17T00:00:00.000Z,Price change,2026-08-31T00:00:00.000Z,Listed for rent,2025-08-06T00:00:00.000Z,Listing removed,2024-08-05T00:00:00.000Z,Listed for sale,2024-04-06T00:00:00.000Z,Listing removed,2023-04-09T00:00:00.000Z,Listing removed,2022-04-08T00:00:00.000Z,Listed for sale,2022-04-08T00:00:00.000Z,Listing removed,2021-05-03T00:00:00.000Z,Listed for sale,2021-04-07T00:00:00.000Z,Listing removed,2020-08-13T00:00:00.000Z,Price change,2018-04-15T00:00:00.000Z,Listed for sale,2000-11-27T00:00:00.000Z,Sold,,,,,,,,,,,,,,,,,,,,,,,,,,,,,,,,,,
"158 Ridgeland Dr, Maumelle, AR 72113",158 Ridgeland Dr,Maumelle,AR,,forRent,3,1835,,1975,19,https://www.zillow.com/homedetails/158-Ridgeland-Dr-Maumelle-AR-72113/325729_zpid/,,188900,2026-09-08T00:00:00.000Z,Listed for rent,2025-04-11T00:00:00.000Z,Listing removed,2024-12-03T00:00:00.000Z,Listed for rent,2023-01-20T00:00:00.000Z,Listing removed,2023-01-06T00:00:00.000Z,Listed for rent,2019-11-19T00:00:00.000Z,Listing removed,2019-09-17T00:00:00.000Z,Listed for rent,2018-03-09T00:00:00.000Z,Sold,2018-01-24T00:00:00.000Z,Listed for sale,2014-07-14T00:00:00.000Z,Sold,2014-05-25T00:00:00.000Z,Price change,2014-05-10T00:00:00.000Z,Price change,2014-04-14T00:00:00.000Z,Price change,2014-03-29T00:00:00.000Z,Listed for sale,2013-06-27T00:00:00.000Z,Sold,2001-02-05T00:00:00.000Z,Sold,2000-07-13T00:00:00.000Z,Sold,,,,,,,,,,,,,,,,,,,,,,,,,,
"110 River Valley Loop, Maumelle, AR 72113",110 River Valley Loop,Maumelle,AR,,forRent,4,2670,,2600,18,https://www.zillow.com/homedetails/110-River-Valley-Loop-Maumelle-AR-72113/79782764_zpid/,,340000,2026-09-10T00:00:00.000Z,Listed for rent,2026-08-14T00:00:00.000Z,Listing removed,2026-06-10T00:00:00.000Z,Listed for sale,2021-06-15T00:00:00.000Z,Sold,2014-12-02T00:00:00.000Z,Sold,2014-11-16T00:00:00.000Z,Listed for sale,2014-09-09T00:00:00.000Z,Listing removed,2014-07-17T00:00:00.000Z,Price change,2014-04-29T00:00:00.000Z,Price change,2014-03-21T00:00:00.000Z,Listed for sale,,,,,,,,,,,,,,,,,,,,,,,,,,,,,,,,,,,,,,,,
"621-623 Cosmos St, Maumelle, AR 72113",621-623 Cosmos St,Maumelle,AR,,other,,,,,,https://www.zillow.com/b/621-623-cosmos-st-maumelle-ar-CpNTTZ/,,,,,,,,,,,,,,,,,,,,,,,,,,,,,,,,,,,,,,,,,,,,,,,,,,,,,,,,,,,,,,
"117 Logan Dr, Maumelle, AR 72113",117 Logan Dr,Maumelle,AR,,forRent,3,1472,,1835,82,https://www.zillow.com/homedetails/117-Logan-Dr-Maumelle-AR-72113/2057186355_zpid/,,,2026-07-07T00:00:00.000Z,Listed for rent,2023-07-30T00:00:00.000Z,Listing removed,2023-07-29T00:00:00.000Z,Listed for rent,2023-07-29T00:00:00.000Z,Listing removed,2023-06-10T00:00:00.000Z,Listed for rent,,,,,,,,,,,,,,,,,,,,,,,,,,,,,,,,,,,,,,,,,,,,,,,,,,
"61 Pin Oak Loop, Maumelle, AR 72113",61 Pin Oak Loop,Maumelle,AR,,forRent,3,1173,,1495,86,https://www.zillow.com/homedetails/61-Pin-Oak-Loop-Maumelle-AR-72113/326810_zpid/,,175000,2026-08-14T00:00:00.000Z,Price change,2026-08-12T00:00:00.000Z,Price change,2026-07-03T00:00:00.000Z,Listed for rent,2024-04-25T00:00:00.000Z,Listing removed,2024-04-09T00:00:00.000Z,Listed for rent,2023-02-09T00:00:00.000Z,Listing removed,2022-12-28T00:00:00.000Z,Price change,2022-10-26T00:00:00.000Z,Listed for rent,2022-09-30T00:00:00.000Z,Sold,2022-08-28T00:00:00.000Z,Contingent,2022-08-26T00:00:00.000Z,Listed for sale,2018-04-24T00:00:00.000Z,Sold,2018-03-07T00:00:00.000Z,Price change,2018-02-07T00:00:00.000Z,Listed for sale,2017-06-08T00:00:00.000Z,Listing removed,2017-05-10T00:00:00.000Z,Listed for sale,2014-05-05T00:00:00.000Z,Sold,2011-07-04T00:00:00.000Z,Listing removed,2011-06-09T00:00:00.000Z,Listed for sale,2006-08-02T00:00:00.000Z,Sold,2003-05-01T00:00:00.000Z,Sold,2000-09-22T00:00:00.000Z,Sold,,,,,,,,,,,,,,,,
"106 Jo Park Ln, Maumelle, AR 72113",106 Jo Park Ln,Maumelle,AR,,forRent,4,1640,,2000,52,https://www.zillow.com/homedetails/106-Jo-Park-Ln-Maumelle-AR-72113/2056841941_zpid/,,,2026-08-06T00:00:00.000Z,Listed for rent,2023-10-04T00:00:00.000Z,Listing removed,2023-10-03T00:00:00.000Z,Listed for rent,2023-10-03T00:00:00.000Z,Listing removed,2023-06-29T00:00:00.000Z,Listed for rent,,,,,,,,,,,,,,,,,,,,,,,,,,,,,,,,,,,,,,,,,,,,,,,,,,
"10413 Cypress Knee Dr, Maumelle, AR 72113",10413 Cypress Knee Dr,Maumelle,AR,,forRent,3,1480,,1800,88,https://www.zillow.com/homedetails/10413-Cypress-Knee-Dr-Maumelle-AR-72113/2060938533_zpid/,,,2026-07-01T00:00:00.000Z,Listed for rent,2025-04-22T00:00:00.000Z,Listing removed,2025-04-04T00:00:00.000Z,Listed for rent,2022-11-13T00:00:00.000Z,Listing removed,2022-10-25T00:00:00.000Z,Listed for rent,,,,,,,,,,,,,,,,,,,,,,,,,,,,,,,,,,,,,,,,,,,,,,,,,,
"9 Oak Forest Dr, Maumelle, AR 72113",9 Oak Forest Dr,Maumelle,AR,,forRent,3,1176,,1675,12,https://www.zillow.com/homedetails/9-Oak-Forest-Dr-Maumelle-AR-72113/326498_zpid/,,785000,2026-09-15T00:00:00.000Z,Listed for rent,2026-01-10T00:00:00.000Z,Listing removed,2025-12-01T00:00:00.000Z,Listed for rent,2015-05-29T00:00:00.000Z,Sold,2008-09-12T00:00:00.000Z,Sold,,,,,,,,,,,,,,,,,,,,,,,,,,,,,,,,,,,,,,,,,,,,,,,,,,
"203 Logan Dr, Maumelle, AR 72113",203 Logan Dr,Maumelle,AR,,forRent,3,1472,,1835,58,https://www.zillow.com/homedetails/203-Logan-Dr-Maumelle-AR-72113/2057186362_zpid/,,,2026-08-05T00:00:00.000Z,Price change,2026-07-31T00:00:00.000Z,Listed for rent,2024-08-27T00:00:00.000Z,Listing removed,2024-08-01T00:00:00.000Z,Listed for rent,2023-06-19T00:00:00.000Z,Listing removed,2023-06-10T00:00:00.000Z,Listed for rent,,,,,,,,,,,,,,,,,,,,,,,,,,,,,,,,,,,,,,,,,,,,,,,,
"3711 W Markham St, Little Rock, AR 72205",3711 W Markham St,Little Rock,AR,,forRent,3,1400,,1295,9,https://www.zillow.com/homedetails/3711-W-Markham-St-Little-Rock-AR-72205/309054_zpid/,,283000,2026-09-27T00:00:00.000Z,Price change,2026-09-18T00:00:00.000Z,Listed for rent,2023-08-05T00:00:00.000Z,Listing removed,2023-07-24T00:00:00.000Z,Price change,2023-07-22T00:00:00.000Z,Price change,2023-06-29T00:00:00.000Z,Price change,2023-06-21T00:00:00.000Z,Price change,2023-05-26T00:00:00.000Z,Price change,2023-05-24T00:00:00.000Z,Listed for rent,2021-06-14T00:00:00.000Z,Listing removed,2021-06-09T00:00:00.000Z,Listed for rent,2021-05-05T00:00:00.000Z,Listing removed,2021-04-23T00:00:00.000Z,Price change,2021-04-14T00:00:00.000Z,Listed for rent,2020-10-13T00:00:00.000Z,Listing removed,2020-09-21T00:00:00.000Z,Listed for rent,2015-04-13T00:00:00.000Z,Listing removed,2015-04-04T00:00:00.000Z,Listed for rent,2013-07-31T00:00:00.000Z,Sold,2009-06-05T00:00:00.000Z,Sold,2004-06-04T00:00:00.000Z,Sold,,,,,,,,,,,,,,,,,,
"11 Page Cv, Maumelle, AR 72113",11 Page Cv,Maumelle,AR,,forRent,3,1294,,1695,25,https://www.zillow.com/homedetails/11-Page-Cv-Maumelle-AR-72113/326629_zpid/,,222125,2026-09-02T00:00:00.000Z,Listed for rent,2019-05-21T00:00:00.000Z,Listing removed,2019-02-11T00:00:00.000Z,Listed for rent,2017-11-18T00:00:00.000Z,Listing removed,2017-10-06T00:00:00.000Z,Price change,2017-09-16T00:00:00.000Z,Price change,2017-08-12T00:00:00.000Z,Listed for rent,2017-04-01T00:00:00.000Z,Listing removed,2017-02-23T00:00:00.000Z,Listed for rent,2016-01-29T00:00:00.000Z,Listing removed,2016-01-13T00:00:00.000Z,Listed for rent,2014-01-01T00:00:00.000Z,Sold,1983-10-01T00:00:00.000Z,Sold,,,,,,,,,,,,,,,,,,,,,,,,,,,,,,,,,,
"127 Chambery Dr, Maumelle, AR 72113",127 Chambery Dr,Maumelle,AR,,forRent,4,1651,,2500,24,https://www.zillow.com/homedetails/127-Chambery-Dr-Maumelle-AR-72113/122006196_zpid/,,,2026-09-03T00:00:00.000Z,Price change,2026-07-24T00:00:00.000Z,Listed for rent,2019-06-07T00:00:00.000Z,Listing removed,2019-03-21T00:00:00.000Z,Price change,2019-02-14T00:00:00.000Z,Listed for rent,2017-11-15T00:00:00.000Z,Listing removed,2017-08-30T00:00:00.000Z,Price change,2017-08-08T00:00:00.000Z,Price change,2017-04-27T00:00:00.000Z,Listed for rent,,,,,,,,,,,,,,,,,,,,,,,,,,,,,,,,,,,,,,,,,,
"57 Stoneledge Dr, Maumelle, AR 72113",57 Stoneledge Dr,Maumelle,AR,,forRent,4,1961,,1895,38,https://www.zillow.com/homedetails/57-Stoneledge-Dr-Maumelle-AR-72113/326028_zpid/,,145000,2026-09-26T00:00:00.000Z,Price change,2026-08-21T00:00:00.000Z,Listed for rent,2024-06-09T00:00:00.000Z,Listing removed,2024-05-08T00:00:00.000Z,Listed for rent,2024-04-23T00:00:00.000Z,Sold,2024-04-06T00:00:00.000Z,Listed for sale,2013-09-20T00:00:00.000Z,Sold,,,,,,,,,,,,,,,,,,,,,,,,,,,,,,,,,,,,,,,,,,,,,,
"154 Hayden Dr, Beebe, AR 72012",154 Hayden Dr,Beebe,AR,,forRent,4,1825,,1900,27,https://www.zillow.com/homedetails/154-Hayden-Dr-Beebe-AR-72012/2067739333_zpid/,,25000,2026-08-31T00:00:00.000Z,Listed for rent,2026-05-06T00:00:00.000Z,Listing removed,2026-04-07T00:00:00.000Z,Listed for rent,2025-04-07T00:00:00.000Z,Listing removed,2025-04-03T00:00:00.000Z,Listed for rent,2023-03-14T00:00:00.000Z,Listing removed,2023-03-09T00:00:00.000Z,Listed for rent,2022-05-25T00:00:00.000Z,Sold,2022-04-05T00:00:00.000Z,Contingent,2021-10-29T00:00:00.000Z,Listed for sale,,,,,,,,,,,,,,,,,,,,,,,,,,,,,,,,,,,,,,,,
"2 Corbet Ln, Maumelle, AR 72113",2 Corbet Ln,Maumelle,AR,,forRent,3,1523,,2300,37,https://www.zillow.com/homedetails/2-Corbet-Ln-Maumelle-AR-72113/122005820_zpid/,,,2026-08-21T00:00:00.000Z,Listed for rent,2025-04-21T00:00:00.000Z,Listing removed,2025-03-25T00:00:00.000Z,Price change,2025-03-04T00:00:00.000Z,Listed for rent,2025-01-27T00:00:00.000Z,Listing removed,2025-01-14T00:00:00.000Z,Price change,2025-01-13T00:00:00.000Z,Listed for rent,2022-11-11T00:00:00.000Z,Listing removed,2022-10-11T00:00:00.000Z,Listed for rent,2017-10-06T00:00:00.000Z,Listing removed,2017-08-30T00:00:00.000Z,Price change,2017-08-08T00:00:00.000Z,Price change,2017-06-26T00:00:00.000Z,Listed for rent,,,,,,,,,,,,,,,,,,,,,,,,,,,,,,,,,,
"5 Stoneledge Dr, Maumelle, AR 72113",5 Stoneledge Dr,Maumelle,AR,,forRent,3,1755,,1750,44,https://www.zillow.com/homedetails/5-Stoneledge-Dr-Maumelle-AR-72113/326005_zpid/,,240000,2026-09-26T00:00:00.000Z,Price change,2026-09-19T00:00:00.000Z,Price change,2026-08-14T00:00:00.000Z,Listed for rent,2025-04-10T00:00:00.000Z,Listing removed,2025-03-28T00:00:00.000Z,Listed for rent,2025-02-06T00:00:00.000Z,Sold,2024-11-23T00:00:00.000Z,Listing removed,2024-07-30T00:00:00.000Z,Listed for rent,2015-02-24T00:00:00.000Z,Sold,,,,,,,,,,,,,,,,,,,,,,,,,,,,,,,,,,,,,,,,,,
"127 Rolling Oaks Dr, Maumelle, AR 72113",127 Rolling Oaks Dr,Maumelle,AR,,forRent,3,1240,,1475,27,https://www.zillow.com/homedetails/127-Rolling-Oaks-Dr-Maumelle-AR-72113/326438_zpid/,,79500,2026-08-31T00:00:00.000Z,Listed for rent,2024-06-10T00:00:00.000Z,Listing removed,2024-06-07T00:00:00.000Z,Listed for rent,2024-06-06T00:00:00.000Z,Listing removed,2024-06-05T00:00:00.000Z,Listed for rent,2019-10-17T00:00:00.000Z,Listing removed,2019-10-01T00:00:00.000Z,Listed for rent,2015-09-28T00:00:00.000Z,Listing removed,2015-07-30T00:00:00.000Z,Listed for rent,2014-05-01T00:00:00.000Z,Sold,2009-07-14T00:00:00.000Z,Sold,2009-03-20T00:00:00.000Z,Sold,2000-08-25T00:00:00.000Z,Sold,1999-01-05T00:00:00.000Z,Sold,,,,,,,,,,,,,,,,,,,,,,,,,,,,,,,,
"129 Coal Mountain Rd, El Paso, AR 72045",129 Coal Mountain Rd,El Paso,AR,,forRent,4,1559,,2095,18,https://www.zillow.com/homedetails/129-Coal-Mountain-Rd-El-Paso-AR-72045/465131395_zpid/,,,2026-09-09T00:00:00.000Z,Listed for rent,,,,,,,,,,,,,,,,,,,,,,,,,,,,,,,,,,,,,,,,,,,,,,,,,,,,,,,,,,
"205 Logan Dr, Maumelle, AR 72113",205 Logan Dr,Maumelle,AR,,forRent,3,1472,,1835,72,https://www.zillow.com/homedetails/205-Logan-Dr-Maumelle-AR-72113/2057186361_zpid/,,,2026-08-05T00:00:00.000Z,Price change,2026-07-17T00:00:00.000Z,Listed for rent,2025-09-04T00:00:00.000Z,Listing removed,2025-09-03T00:00:00.000Z,Listed for rent,2025-09-03T00:00:00.000Z,Listing removed,2025-08-29T00:00:00.000Z,Price change,2025-07-15T00:00:00.000Z,Listed for rent,2023-09-10T00:00:00.000Z,Listing removed,2023-09-09T00:00:00.000Z,Listed for rent,2023-09-08T00:00:00.000Z,Listing removed,2023-06-10T00:00:00.000Z,Listed for rent,,,,,,,,,,,,,,,,,,,,,,,,,,,,,,,,,,,,,,
"21 Pin Oak Loop, Maumelle, AR 72113",21 Pin Oak Loop,Maumelle,AR,,forRent,3,1270,,1500,11,https://www.zillow.com/homedetails/21-Pin-Oak-Loop-Maumelle-AR-72113/326790_zpid/,,177000,2026-09-16T00:00:00.000Z,Listed for rent,2025-06-29T00:00:00.000Z,Listing removed,2025-06-19T00:00:00.000Z,Listed for rent,2025-04-11T00:00:00.000Z,Sold,2025-04-11T00:00:00.000Z,Contingent,2025-02-24T00:00:00.000Z,Price change,2025-01-22T00:00:00.000Z,Price change,2025-01-03T00:00:00.000Z,Listed for sale,2023-03-17T00:00:00.000Z,Sold,2023-02-13T00:00:00.000Z,Contingent,2023-02-10T00:00:00.000Z,Listed for sale,2012-07-26T00:00:00.000Z,Sold,2012-03-29T00:00:00.000Z,Listing removed,2011-10-07T00:00:00.000Z,Price change,2011-04-16T00:00:00.000Z,Listed for sale,2009-03-04T00:00:00.000Z,Sold,1998-11-03T00:00:00.000Z,Sold,,,,,,,,,,,,,,,,,,,,,,,,,,
"102 Southfork Dr, Beebe, AR 72012",102 Southfork Dr,Beebe,AR,,forRent,,,,,,https://www.zillow.com/b/102-southfork-dr-beebe-ar-CnyDXg/,,,,,,,,,,,,,,,,,,,,,,,,,,,,,,,,,,,,,,,,,,,,,,,,,,,,,,,,,,,,,,
"1304 Springvine Dr, Searcy, AR 72143",1304 Springvine Dr,Searcy,AR,,forRent,,,,,,https://www.zillow.com/b/1304-springvine-dr-searcy-ar-CbNbn7/,,,,,,,,,,,,,,,,,,,,,,,,,,,,,,,,,,,,,,,,,,,,,,,,,,,,,,,,,,,,,,
"1403 Doris Dr, Searcy, AR 72143",1403 Doris Dr,Searcy,AR,,forRent,3,1540,,1560,10,https://www.zillow.com/homedetails/1403-Doris-Dr-Searcy-AR-72143/76257200_zpid/,,182000,2026-09-17T00:00:00.000Z,Listed for rent,2024-01-25T00:00:00.000Z,Listing removed,2024-01-16T00:00:00.000Z,Price change,2023-12-09T00:00:00.000Z,Listed for rent,2022-06-21T00:00:00.000Z,Sold,2022-05-12T00:00:00.000Z,Listed for sale,2022-05-03T00:00:00.000Z,Contingent,2022-05-03T00:00:00.000Z,Listed for sale,2022-05-01T00:00:00.000Z,Contingent,2022-04-26T00:00:00.000Z,Listed for sale,2018-07-16T00:00:00.000Z,Sold,2018-05-03T00:00:00.000Z,Listed for sale,,,,,,,,,,,,,,,,,,,,,,,,,,,,,,,,,,,,
"110 Sunland Dr, Beebe, AR 72012",110 Sunland Dr,Beebe,AR,,forRent,4,1800,,1500,6,https://www.zillow.com/homedetails/110-Sunland-Dr-Beebe-AR-72012/2063501308_zpid/,,178200,2026-09-21T00:00:00.000Z,Price change,2026-08-25T00:00:00.000Z,Price change,2026-08-19T00:00:00.000Z,Sold,2026-08-19T00:00:00.000Z,Listed for rent,2022-07-25T00:00:00.000Z,Sold,2022-06-04T00:00:00.000Z,Contingent,2022-04-28T00:00:00.000Z,Listed for sale,,,,,,,,,,,,,,,,,,,,,,,,,,,,,,,,,,,,,,,,,,,,,,
"1111 Green Meadows Dr, Beebe, AR 72012",1111 Green Meadows Dr,Beebe,AR,,forRent,3,1050,,1195,18,https://www.zillow.com/homedetails/1111-Green-Meadows-Dr-Beebe-AR-72012/112947926_zpid/,,5000,2026-09-09T00:00:00.000Z,Listed for rent,2024-07-29T00:00:00.000Z,Listing removed,2024-07-10T00:00:00.000Z,Listed for rent,2021-12-03T00:00:00.000Z,Sold,2009-05-08T00:00:00.000Z,Sold,2009-03-18T00:00:00.000Z,Sold,2005-12-20T00:00:00.000Z,Sold,,,,,,,,,,,,,,,,,,,,,,,,,,,,,,,,,,,,,,,,,,,,,,
"1202 N Holly St, Beebe, AR 72012",1202 N Holly St,Beebe,AR,,forRent,3,1485,,1250,40,https://www.zillow.com/homedetails/1202-N-Holly-St-Beebe-AR-72012/76264927_zpid/,,92000,2026-08-18T00:00:00.000Z,Listed for rent,2025-10-07T00:00:00.000Z,Listing removed,2025-06-03T00:00:00.000Z,Listed for rent,2023-12-22T00:00:00.000Z,Listing removed,2023-12-09T00:00:00.000Z,Price change,2023-11-28T00:00:00.000Z,Price change,2023-11-17T00:00:00.000Z,Listed for rent,2021-05-10T00:00:00.000Z,Sold,2021-03-16T00:00:00.000Z,Listed for sale,2017-06-23T00:00:00.000Z,Sold,,,,,,,,,,,,,,,,,,,,,,,,,,,,,,,,,,,,,,,,
"4623cr 745th, El Paso, AR 72045",4623cr 745th,El Paso,AR,,forRent,,,,,,https://www.zillow.com/b/4623cr-745th-el-paso-ar-CnGXZ5/,,,,,,,,,,,,,,,,,,,,,,,,,,,,,,,,,,,,,,,,,,,,,,,,,,,,,,,,,,,,,,
"1710 Waycross Dr, Searcy, AR 72143",1710 Waycross Dr,Searcy,AR,,forRent,4,1559,,1850,0,https://www.zillow.com/homedetails/1710-Waycross-Dr-Searcy-AR-72143/349466619_zpid/,,218750,2026-09-28T00:00:00.000Z,Listed for rent,2025-07-24T00:00:00.000Z,Listing removed,2025-06-12T00:00:00.000Z,Listed for rent,2024-10-29T00:00:00.000Z,Listing removed,2024-08-23T00:00:00.000Z,Listed for rent,2024-08-14T00:00:00.000Z,Sold,2024-06-04T00:00:00.000Z,Listing removed,2024-05-07T00:00:00.000Z,Listed for sale,,,,,,,,,,,,,,,,,,,,,,,,,,,,,,,,,,,,,,,,,,,,
"103 Powder River Dr, Beebe, AR 72012",103 Powder River Dr,Beebe,AR,,forRent,4,1496,,1195,68,https://www.zillow.com/homedetails/103-Powder-River-Dr-Beebe-AR-72012/457323671_zpid/,,,2026-09-16T00:00:00.000Z,Price change,2026-09-01T00:00:00.000Z,Price change,2026-08-21T00:00:00.000Z,Price change,2026-08-03T00:00:00.000Z,Price change,2026-07-16T00:00:00.000Z,Price change,2026-06-05T00:00:00.000Z,Listed for rent,2026-05-01T00:00:00.000Z,Listing removed,2026-04-17T00:00:00.000Z,Listed for rent,2026-02-28T00:00:00.000Z,Listing removed,2026-02-26T00:00:00.000Z,Price change,2026-02-24T00:00:00.000Z,Listed for sale,2026-02-24T00:00:00.000Z,Listing removed,2026-02-09T00:00:00.000Z,Contingent,2026-02-03T00:00:00.000Z,Price change,2026-01-30T00:00:00.000Z,Price change,2026-01-26T00:00:00.000Z,Price change,2026-01-20T00:00:00.000Z,Price change,2026-01-12T00:00:00.000Z,Price change,2025-12-30T00:00:00.000Z,Price change,2025-12-16T00:00:00.000Z,Price change,2025-11-06T00:00:00.000Z,Price change,2025-11-05T00:00:00.000Z,Price change,2025-10-11T00:00:00.000Z,Listed for sale,,,,,,,,,,,,,,
"97 Lelia Ln, Searcy, AR 72143",97 Lelia Ln,Searcy,AR,,forRent,3,1472,,1385,31,https://www.zillow.com/homedetails/97-Lelia-Ln-Searcy-AR-72143/76256799_zpid/,,125000,2026-09-22T00:00:00.000Z,Price change,2026-08-27T00:00:00.000Z,Listed for rent,2020-07-27T00:00:00.000Z,Sold,2005-07-01T00:00:00.000Z,Sold,,,,,,,,,,,,,,,,,,,,,,,,,,,,,,,,,,,,,,,,,,,,,,,,,,,,
"25 Cedar Loop, Beebe, AR 72012",25 Cedar Loop,Beebe,AR,,forRent,3,1243,,1200,6,https://www.zillow.com/homedetails/25-Cedar-Loop-Beebe-AR-72012/91001015_zpid/,,249000,2026-09-21T00:00:00.000Z,Listed for rent,2026-07-06T00:00:00.000Z,Listing removed,2026-06-25T00:00:00.000Z,Listed for rent,2013-04-17T00:00:00.000Z,Sold,2013-03-05T00:00:00.000Z,Listed for sale,2005-09-06T00:00:00.000Z,Sold,,,,,,,,,,,,,,,,,,,,,,,,,,,,,,,,,,,,,,,,,,,,,,,,
"1400 Gum Springs Rd, Searcy, AR 72143",1400 Gum Springs Rd,Searcy,AR,,forRent,3,1793,,1450,47,https://www.zillow.com/homedetails/1400-Gum-Springs-Rd-Searcy-AR-72143/76257849_zpid/,,90000,2026-09-03T00:00:00.000Z,Price change,2026-08-12T00:00:00.000Z,Listed for rent,2008-01-04T00:00:00.000Z,Sold,,,,,,,,,,,,,,,,,,,,,,,,,,,,,,,,,,,,,,,,,,,,,,,,,,,,,,
"145 Jasmine Ct, Beebe, AR 72012",145 Jasmine Ct,Beebe,AR,,forRent,3,1633,,1245,68,https://www.zillow.com/homedetails/145-Jasmine-Ct-Beebe-AR-72012/457996827_zpid/,,,2026-09-24T00:00:00.000Z,Price change,2026-09-01T00:00:00.000Z,Price change,2026-08-21T00:00:00.000Z,Price change,2026-07-16T00:00:00.000Z,Price change,2026-06-05T00:00:00.000Z,Listed for rent,2026-05-01T00:00:00.000Z,Listing removed,2026-04-15T00:00:00.000Z,Listed for rent,2026-02-28T00:00:00.000Z,Listing removed,2026-02-20T00:00:00.000Z,Price change,2026-02-11T00:00:00.000Z,Price change,2026-02-03T00:00:00.000Z,Price change,2026-01-30T00:00:00.000Z,Price change,2025-12-30T00:00:00.000Z,Price change,2025-12-15T00:00:00.000Z,Price change,2025-11-06T00:00:00.000Z,Listed for sale,,,,,,,,,,,,,,,,,,,,,,,,,,,,,,
"712 W Barnett St, Kensett, AR 72082",712 W Barnett St,Kensett,AR,,forRent,3,1314,,950,50,https://www.zillow.com/homedetails/712-W-Barnett-St-Kensett-AR-72082/76259109_zpid/,,,2026-09-18T00:00:00.000Z,Price change,2026-08-27T00:00:00.000Z,Price change,2026-08-08T00:00:00.000Z,Listed for rent,2019-09-27T00:00:00.000Z,Listing removed,2019-08-05T00:00:00.000Z,Price change,2019-07-29T00:00:00.000Z,Price change,2019-05-07T00:00:00.000Z,Listed for sale,,,,,,,,,,,,,,,,,,,,,,,,,,,,,,,,,,,,,,,,,,,,,,
"18 Overlook Rd, Searcy, AR 72143",18 Overlook Rd,Searcy,AR,,forRent,3,1533,,1350,6,https://www.zillow.com/homedetails/18-Overlook-Rd-Searcy-AR-72143/76260332_zpid/,,135000,2026-09-21T00:00:00.000Z,Listed for rent,2024-02-28T00:00:00.000Z,Listing removed,2022-11-03T00:00:00.000Z,Listing removed,2022-10-25T00:00:00.000Z,Listed for rent,2022-09-20T00:00:00.000Z,Sold,2021-02-24T00:00:00.000Z,Listing removed,2021-01-12T00:00:00.000Z,Price change,2020-09-23T00:00:00.000Z,Price change,2020-09-11T00:00:00.000Z,Listed for sale,2016-09-30T00:00:00.000Z,Sold,,,,,,,,,,,,,,,,,,,,,,,,,,,,,,,,,,,,,,,,
"202 E 2nd St, Mc Rae, AR 72102",202 E 2nd St,Mc Rae,AR,,forRent,4,1828,,1300,18,https://www.zillow.com/homedetails/202-E-2nd-St-Mc-Rae-AR-72102/90994799_zpid/,,20400,2026-09-09T00:00:00.000Z,Listed for rent,2026-02-27T00:00:00.000Z,Listing removed,2026-02-23T00:00:00.000Z,Listed for rent,2006-06-14T00:00:00.000Z,Sold,,,,,,,,,,,,,,,,,,,,,,,,,,,,,,,,,,,,,,,,,,,,,,,,,,,,
"81 Oak Forest Loop, Maumelle, AR 72113",81 Oak Forest Loop,Maumelle,AR,,forRent,3,1300,,1700,69,https://www.zillow.com/homedetails/81-Oak-Forest-Loop-Maumelle-AR-72113/326542_zpid/,,145000,2026-07-20T00:00:00.000Z,Listed for rent,2021-01-15T00:00:00.000Z,Sold,2012-10-11T00:00:00.000Z,Sold,1997-04-16T00:00:00.000Z,Sold,,,,,,,,,,,,,,,,,,,,,,,,,,,,,,,,,,,,,,,,,,,,,,,,,,,,
"24 Oak Ridge Dr, Maumelle, AR 72113",24 Oak Ridge Dr,Maumelle,AR,,forRent,3,1176,,1650,6,https://www.zillow.com/homedetails/24-Oak-Ridge-Dr-Maumelle-AR-72113/326760_zpid/,,97231,2026-09-22T00:00:00.000Z,Listed for rent,2022-08-31T00:00:00.000Z,Listing removed,2022-08-23T00:00:00.000Z,Listed for sale,2020-03-22T00:00:00.000Z,Listing removed,2020-01-27T00:00:00.000Z,Price change,2020-01-01T00:00:00.000Z,Price change,2019-11-25T00:00:00.000Z,Listed for rent,2017-07-21T00:00:00.000Z,Listing removed,2017-06-26T00:00:00.000Z,Listed for rent,2014-06-10T00:00:00.000Z,Listing removed,2014-04-17T00:00:00.000Z,Listed for sale,2014-04-14T00:00:00.000Z,Sold,2013-05-02T00:00:00.000Z,Sold,2007-02-06T00:00:00.000Z,Sold,2003-12-31T00:00:00.000Z,Sold,,,,,,,,,,,,,,,,,,,,,,,,,,,,,,
"404 N Lemon St, Beebe, AR 72012",404 N Lemon St,Beebe,AR,,forRent,3,1120,,1400,54,https://www.zillow.com/homedetails/404-N-Lemon-St-Beebe-AR-72012/91000477_zpid/,,135000,2026-09-03T00:00:00.000Z,Price change,2026-08-28T00:00:00.000Z,Price change,2026-08-06T00:00:00.000Z,Price change,2026-08-04T00:00:00.000Z,Listed for rent,2023-12-07T00:00:00.000Z,Sold,2023-11-08T00:00:00.000Z,Contingent,2023-10-16T00:00:00.000Z,Listed for sale,2023-06-30T00:00:00.000Z,Sold,2023-06-05T00:00:00.000Z,Contingent,2023-06-01T00:00:00.000Z,Listed for sale,2005-02-22T00:00:00.000Z,Sold,,,,,,,,,,,,,,,,,,,,,,,,,,,,,,,,,,,,,,
"117 Coal Mountain Rd, El Paso, AR 72045",117 Coal Mountain Rd,El Paso,AR,,forRent,3,1504,,1995,58,https://www.zillow.com/homedetails/117-Coal-Mountain-Rd-El-Paso-AR-72045/464262634_zpid/,,,2026-07-31T00:00:00.000Z,Listed for rent,,,,,,,,,,,,,,,,,,,,,,,,,,,,,,,,,,,,,,,,,,,,,,,,,,,,,,,,,,
"698 Highway 367 S, Judsonia, AR 72081",698 Highway 367 S,Judsonia,AR,,forRent,6,4635,,3000,47,https://www.zillow.com/homedetails/698-Highway-367-S-Judsonia-AR-72081/464478906_zpid/,,,2026-08-18T00:00:00.000Z,Price change,2026-08-11T00:00:00.000Z,Listed for rent,,,,,,,,,,,,,,,,,,,,,,,,,,,,,,,,,,,,,,,,,,,,,,,,,,,,,,,,
"(Undisclosed Address), Searcy, AR 72143",(Undisclosed Address),Searcy,AR,,forRent,3,1320,,1350,13,https://www.zillow.com/homedetails/Searcy-AR-72143/76258783_zpid/,,70000,2026-09-15T00:00:00.000Z,Listed for rent,2026-03-13T00:00:00.000Z,Listing removed,2026-03-06T00:00:00.000Z,Listed for rent,2023-07-11T00:00:00.000Z,Listing removed,2023-06-20T00:00:00.000Z,Listed for rent,2021-03-24T00:00:00.000Z,Listing removed,2019-07-27T00:00:00.000Z,Listing removed,2019-06-13T00:00:00.000Z,Listed for rent,2018-10-01T00:00:00.000Z,Listing removed,2018-09-17T00:00:00.000Z,Listed for rent,2017-07-07T00:00:00.000Z,Listing removed,2017-07-05T00:00:00.000Z,Listed for rent,2014-01-10T00:00:00.000Z,Sold,,,,,,,,,,,,,,,,,,,,,,,,,,,,,,,,,,
"125 Coal Mountain Rd, El Paso, AR 72045",125 Coal Mountain Rd,El Paso,AR,,forRent,3,1504,,1995,58,https://www.zillow.com/homedetails/125-Coal-Mountain-Rd-El-Paso-AR-72045/464262651_zpid/,,,2026-07-31T00:00:00.000Z,Listed for rent,,,,,,,,,,,,,,,,,,,,,,,,,,,,,,,,,,,,,,,,,,,,,,,,,,,,,,,,,,
"601 W Wilbur D Mills Ave, Kensett, AR 72082",601 W Wilbur D Mills Ave,Kensett,AR,,forRent,3,,,1095,25,https://www.zillow.com/homedetails/601-W-Wilbur-D-Mills-Ave-Kensett-AR-72082/453583501_zpid/,,,2026-09-02T00:00:00.000Z,Listed for rent,2025-09-26T00:00:00.000Z,Listing removed,2025-09-06T00:00:00.000Z,Listed for rent,2025-08-29T00:00:00.000Z,Listing removed,2025-08-26T00:00:00.000Z,Price change,2025-08-07T00:00:00.000Z,Price change,2025-06-20T00:00:00.000Z,Listed for rent,,,,,,,,,,,,,,,,,,,,,,,,,,,,,,,,,,,,,,,,,,,,,,
"1025 Hope Ln, Searcy, AR 72143",1025 Hope Ln,Searcy,AR,,forRent,3,1492,,1350,19,https://www.zillow.com/homedetails/1025-Hope-Ln-Searcy-AR-72143/243655022_zpid/,,,2026-09-08T00:00:00.000Z,Listed for rent,,,,,,,,,,,,,,,,,,,,,,,,,,,,,,,,,,,,,,,,,,,,,,,,,,,,,,,,,,
"127 Dugger Rd, Beebe, AR 72012",127 Dugger Rd,Beebe,AR,,forRent,4,1996,,1750,38,https://www.zillow.com/homedetails/127-Dugger-Rd-Beebe-AR-72012/98932700_zpid/,,115000,2026-08-20T00:00:00.000Z,Listed for rent,2026-06-01T00:00:00.000Z,Listing removed,2026-03-27T00:00:00.000Z,Price change,2026-02-27T00:00:00.000Z,Price change,2026-02-13T00:00:00.000Z,Price change,2026-01-30T00:00:00.000Z,Price change,2026-01-05T00:00:00.000Z,Price change,2025-12-02T00:00:00.000Z,Listed for sale,2014-11-26T00:00:00.000Z,Sold,2014-10-02T00:00:00.000Z,Price change,2014-08-26T00:00:00.000Z,Price change,2014-07-02T00:00:00.000Z,Price change,2014-06-23T00:00:00.000Z,Price change,2014-02-13T00:00:00.000Z,Listed for sale,2012-12-15T00:00:00.000Z,Listing removed,2012-12-06T00:00:00.000Z,Listed for sale,2012-08-17T00:00:00.000Z,Listing removed,2012-06-16T00:00:00.000Z,Listed for sale,2009-06-25T00:00:00.000Z,Sold,,,,,,,,,,,,,,,,,,,,,,
"1515 Wolfe St, Little Rock, AR 72202",1515 Wolfe St,Little Rock,AR,,forRent,3,1386,,950,185,https://www.zillow.com/homedetails/1515-Wolfe-St-Little-Rock-AR-72202/314654_zpid/,,17000,2026-09-03T00:00:00.000Z,Price change,2026-07-29T00:00:00.000Z,Price change,2026-03-27T00:00:00.000Z,Listed for rent,2025-03-14T00:00:00.000Z,Listing removed,2025-01-28T00:00:00.000Z,Listed for rent,2023-02-03T00:00:00.000Z,Listing removed,2022-12-08T00:00:00.000Z,Listed for rent,2022-10-19T00:00:00.000Z,Listing removed,2022-05-03T00:00:00.000Z,Listed for rent,2020-05-01T00:00:00.000Z,Listing removed,2020-02-27T00:00:00.000Z,Listed for rent,2018-05-25T00:00:00.000Z,Listing removed,2018-04-24T00:00:00.000Z,Price change,2018-03-16T00:00:00.000Z,Listed for rent,2017-12-03T00:00:00.000Z,Listing removed,2017-11-02T00:00:00.000Z,Price change,2017-09-07T00:00:00.000Z,Price change,2017-04-04T00:00:00.000Z,Listed for rent,2016-04-17T00:00:00.000Z,Listing removed,2016-03-01T00:00:00.000Z,Price change,2016-01-11T00:00:00.000Z,Price change,2015-11-19T00:00:00.000Z,Price change,2015-09-15T00:00:00.000Z,Listed for rent,2015-04-30T00:00:00.000Z,Listing removed,2015-04-25T00:00:00.000Z,Listed for rent,2015-01-07T00:00:00.000Z,Sold,2014-11-24T00:00:00.000Z,Sold,2013-09-23T00:00:00.000Z,Sold,,,,
"5500 Parker St, North Little Rock, AR 72118",5500 Parker St,North Little Rock,AR,,forRent,3,986,,1072,75,https://www.zillow.com/homedetails/5500-Parker-St-North-Little-Rock-AR-72118/298526_zpid/,,40000,2026-08-01T00:00:00.000Z,Price change,2026-07-28T00:00:00.000Z,Price change,2026-07-26T00:00:00.000Z,Price change,2026-07-24T00:00:00.000Z,Price change,2026-07-21T00:00:00.000Z,Price change,2026-07-19T00:00:00.000Z,Price change,2026-07-17T00:00:00.000Z,Price change,2026-07-15T00:00:00.000Z,Listed for rent,2022-07-30T00:00:00.000Z,Listing removed,2022-07-06T00:00:00.000Z,Listed for rent,2021-06-09T00:00:00.000Z,Sold,2014-06-06T00:00:00.000Z,Sold,,,,,,,,,,,,,,,,,,,,,,,,,,,,,,,,,,,,
"182 Round Mountain Rd, El Paso, AR 72045",182 Round Mountain Rd,El Paso,AR,,forRent,4,,,2050,19,https://www.zillow.com/homedetails/182-Round-Mountain-Rd-El-Paso-AR-72045/348427181_zpid/,,,2026-09-09T00:00:00.000Z,Listed for rent,2024-09-18T00:00:00.000Z,Listing removed,2024-09-12T00:00:00.000Z,Listing removed,2024-08-15T00:00:00.000Z,Price change,2024-07-15T00:00:00.000Z,Listed for sale,2024-06-25T00:00:00.000Z,Price change,2024-06-24T00:00:00.000Z,Listed for rent,2024-06-24T00:00:00.000Z,Listing removed,2024-05-07T00:00:00.000Z,Price change,2024-05-01T00:00:00.000Z,Price change,2024-04-29T00:00:00.000Z,Price change,2024-04-23T00:00:00.000Z,Listed for rent,,,,,,,,,,,,,,,,,,,,,,,,,,,,,,,,,,,,
"2107 S 2nd St, Cabot, AR 72023",2107 S 2nd St,Cabot,AR,,forRent,4,2096,,2050,48,https://www.zillow.com/homedetails/2107-S-2nd-St-Cabot-AR-72023/256030_zpid/,,255000,2026-09-14T00:00:00.000Z,Price change,2026-08-10T00:00:00.000Z,Listed for rent,2025-04-28T00:00:00.000Z,Sold,2025-01-24T00:00:00.000Z,Listed for sale,2019-10-04T00:00:00.000Z,Sold,2015-03-18T00:00:00.000Z,Sold,,,,,,,,,,,,,,,,,,,,,,,,,,,,,,,,,,,,,,,,,,,,,,,,
"18 Shadow Creek Dr, Austin, AR 72007",18 Shadow Creek Dr,Austin,AR,,forRent,4,2334,,2200,31,https://www.zillow.com/homedetails/18-Shadow-Creek-Dr-Austin-AR-72007/99418619_zpid/,,243500,2026-09-24T00:00:00.000Z,Price change,2026-08-27T00:00:00.000Z,Listed for rent,2023-07-15T00:00:00.000Z,Listing removed,2023-07-07T00:00:00.000Z,Listed for rent,2018-05-24T00:00:00.000Z,Listing removed,2018-05-23T00:00:00.000Z,Listing removed,2018-05-21T00:00:00.000Z,Price change,2018-05-18T00:00:00.000Z,Listed for rent,2018-03-16T00:00:00.000Z,Listed for sale,2016-05-06T00:00:00.000Z,Sold,2015-12-03T00:00:00.000Z,Listed for sale,2015-08-10T00:00:00.000Z,Sold,,,,,,,,,,,,,,,,,,,,,,,,,,,,,,,,,,,,
"3914 Susan Cir, N Little Rock, AR 72118",3914 Susan Cir,N Little Rock,AR,,forRent,3,1268,,1045,157,https://www.zillow.com/homedetails/3914-Susan-Cir-N-Little-Rock-AR-72118/300486_zpid/,,38000,2026-08-25T00:00:00.000Z,Price change,2026-07-16T00:00:00.000Z,Price change,2026-04-24T00:00:00.000Z,Listed for rent,2023-11-08T00:00:00.000Z,Listing removed,2023-08-29T00:00:00.000Z,Listed for rent,2022-05-26T00:00:00.000Z,Sold,2022-05-05T00:00:00.000Z,Listing removed,2022-04-29T00:00:00.000Z,Listed for rent,2021-06-22T00:00:00.000Z,Listing removed,2021-06-18T00:00:00.000Z,Pending sale,2021-06-14T00:00:00.000Z,Price change,2021-06-12T00:00:00.000Z,Price change,2021-06-10T00:00:00.000Z,Listed for sale,2014-09-30T00:00:00.000Z,Sold,,,,,,,,,,,,,,,,,,,,,,,,,,,,,,,,
"20 Creekdale Dr, Sherwood, AR 72120",20 Creekdale Dr,Sherwood,AR,,forRent,4,1400,,1200,51,https://www.zillow.com/homedetails/20-Creekdale-Dr-Sherwood-AR-72120/271532_zpid/,,100000,2026-09-25T00:00:00.000Z,Price change,2026-09-09T00:00:00.000Z,Price change,2026-08-07T00:00:00.000Z,Listed for rent,2023-06-02T00:00:00.000Z,Listing removed,2023-05-22T00:00:00.000Z,Listed for rent,2022-04-26T00:00:00.000Z,Listing removed,2022-04-22T00:00:00.000Z,Price change,2022-04-11T00:00:00.000Z,Listed for rent,2021-07-30T00:00:00.000Z,Sold,2021-02-23T00:00:00.000Z,Listing removed,2014-04-28T00:00:00.000Z,Sold,2014-02-12T00:00:00.000Z,Listed for sale,2013-08-19T00:00:00.000Z,Listing removed,2013-05-03T00:00:00.000Z,Price change,2013-03-28T00:00:00.000Z,Price change,2013-02-21T00:00:00.000Z,Listed for sale,2011-11-13T00:00:00.000Z,Listing removed,2011-10-16T00:00:00.000Z,Listed for sale,2011-09-16T00:00:00.000Z,Sold,2011-07-19T00:00:00.000Z,Price change,2011-02-02T00:00:00.000Z,Listed for sale,2009-03-23T00:00:00.000Z,Sold,,,,,,,,,,,,,,,,
"11 Garden Dr, Searcy, AR 72143",11 Garden Dr,Searcy,AR,,forRent,3,1402,,1350,25,https://www.zillow.com/homedetails/11-Garden-Dr-Searcy-AR-72143/98931300_zpid/,,130000,2026-09-24T00:00:00.000Z,Listed for rent,2026-09-17T00:00:00.000Z,Listing removed,2026-09-02T00:00:00.000Z,Listed for rent,2021-02-24T00:00:00.000Z,Sold,2019-08-30T00:00:00.000Z,Listing removed,2019-08-16T00:00:00.000Z,Listed for rent,2008-12-10T00:00:00.000Z,Sold,,,,,,,,,,,,,,,,,,,,,,,,,,,,,,,,,,,,,,,,,,,,,,
"9220 Ricky Ln, Little Rock, AR 72209",9220 Ricky Ln,Little Rock,AR,,forRent,3,954,,1095,198,https://www.zillow.com/homedetails/9220-Ricky-Ln-Little-Rock-AR-72209/322631_zpid/,,121900,2026-09-05T00:00:00.000Z,Price change,2026-08-07T00:00:00.000Z,Price change,2026-03-14T00:00:00.000Z,Listed for rent,2024-01-11T00:00:00.000Z,Sold,2024-01-11T00:00:00.000Z,Contingent,2023-10-04T00:00:00.000Z,Listing removed,2023-08-24T00:00:00.000Z,Listed for sale,2023-07-22T00:00:00.000Z,Listed for rent,2023-05-31T00:00:00.000Z,Sold,2023-05-19T00:00:00.000Z,Contingent,2023-05-11T00:00:00.000Z,Listed for sale,2018-06-27T00:00:00.000Z,Listing removed,2018-06-25T00:00:00.000Z,Price change,2018-06-19T00:00:00.000Z,Listed for rent,2013-08-02T00:00:00.000Z,Sold,,,,,,,,,,,,,,,,,,,,,,,,,,,,,,
"16 Mustang Dr, Cabot, AR 72023",16 Mustang Dr,Cabot,AR,,forRent,3,1494,,1450,51,https://www.zillow.com/homedetails/16-Mustang-Dr-Cabot-AR-72023/63160974_zpid/,,2988,2026-08-07T00:00:00.000Z,Listed for rent,2020-02-08T00:00:00.000Z,Listing removed,2020-01-25T00:00:00.000Z,Listed for rent,2018-12-12T00:00:00.000Z,Listing removed,2018-11-14T00:00:00.000Z,Listed for rent,2012-08-23T00:00:00.000Z,Sold,2004-02-25T00:00:00.000Z,Sold,,,,,,,,,,,,,,,,,,,,,,,,,,,,,,,,,,,,,,,,,,,,,,
"219 Copper Way, Little Rock, AR 72223",219 Copper Way,Little Rock,AR,,forRent,4,2420,,2999,67,https://www.zillow.com/homedetails/219-Copper-Way-Little-Rock-AR-72223/2062574264_zpid/,,470000,2026-08-21T00:00:00.000Z,Price change,2026-08-03T00:00:00.000Z,Price change,2026-07-22T00:00:00.000Z,Listed for rent,2023-05-31T00:00:00.000Z,Sold,2023-04-07T00:00:00.000Z,Contingent,2023-03-09T00:00:00.000Z,Listed for sale,2023-03-02T00:00:00.000Z,Listing removed,2023-01-12T00:00:00.000Z,Price change,2023-01-06T00:00:00.000Z,Listed for sale,2022-12-14T00:00:00.000Z,Listing removed,2022-11-17T00:00:00.000Z,Listed for sale,2022-11-14T00:00:00.000Z,Listing removed,2022-08-15T00:00:00.000Z,Sold,2022-06-30T00:00:00.000Z,Listed for sale,2022-01-03T00:00:00.000Z,Sold,,,,,,,,,,,,,,,,,,,,,,,,,,,,,,
"15 Silverado Ct, Cabot, AR 72023",15 Silverado Ct,Cabot,AR,,forRent,3,1382,,1350,38,https://www.zillow.com/homedetails/15-Silverado-Ct-Cabot-AR-72023/35732243_zpid/,,150000,2026-08-20T00:00:00.000Z,Listed for rent,2024-11-11T00:00:00.000Z,Listing removed,2024-09-27T00:00:00.000Z,Listed for rent,2022-10-26T00:00:00.000Z,Sold,2020-12-16T00:00:00.000Z,Listing removed,2020-12-08T00:00:00.000Z,Listed for rent,2020-05-16T00:00:00.000Z,Listing removed,2020-04-22T00:00:00.000Z,Listed for rent,2020-04-17T00:00:00.000Z,Sold,,,,,,,,,,,,,,,,,,,,,,,,,,,,,,,,,,,,,,,,,,
"45 Foster Louis Ln, Cabot, AR 72023",45 Foster Louis Ln,Cabot,AR,,forRent,4,1470,,1650,66,https://www.zillow.com/homedetails/45-Foster-Louis-Ln-Cabot-AR-72023/347215122_zpid/,,,2026-07-23T00:00:00.000Z,Listed for rent,2025-09-28T00:00:00.000Z,Listing removed,2025-09-27T00:00:00.000Z,Listed for rent,2025-09-27T00:00:00.000Z,Listing removed,2025-07-22T00:00:00.000Z,Listed for rent,2024-04-25T00:00:00.000Z,Listing removed,2024-04-05T00:00:00.000Z,Listed for rent,,,,,,,,,,,,,,,,,,,,,,,,,,,,,,,,,,,,,,,,,,,,,,
"32 Thunderbird Dr, Cabot, AR 72023",32 Thunderbird Dr,Cabot,AR,,forRent,3,1444,,1475,24,https://www.zillow.com/homedetails/32-Thunderbird-Dr-Cabot-AR-72023/67447424_zpid/,,,2026-09-03T00:00:00.000Z,Listed for rent,2021-03-24T00:00:00.000Z,Listing removed,2017-03-08T00:00:00.000Z,Listing removed,2017-02-06T00:00:00.000Z,Listed for rent,,,,,,,,,,,,,,,,,,,,,,,,,,,,,,,,,,,,,,,,,,,,,,,,,,,,
"7910 Burnelle Dr, Little Rock, AR 72209",7910 Burnelle Dr,Little Rock,AR,,forRent,4,1250,,1800,53,https://www.zillow.com/homedetails/7910-Burnelle-Dr-Little-Rock-AR-72209/359397_zpid/,,50000,2026-08-05T00:00:00.000Z,Listed for rent,2020-10-29T00:00:00.000Z,Sold,2018-03-27T00:00:00.000Z,Sold,2015-12-21T00:00:00.000Z,Sold,2015-01-29T00:00:00.000Z,Sold,2005-05-10T00:00:00.000Z,Sold,2003-12-05T00:00:00.000Z,Sold,1998-08-19T00:00:00.000Z,Sold,,,,,,,,,,,,,,,,,,,,,,,,,,,,,,,,,,,,,,,,,,,,
"1216 W 41st St, North Little Rock, AR 72118",1216 W 41st St,North Little Rock,AR,,forRent,3,1353,,1097,68,https://www.zillow.com/homedetails/1216-W-41st-St-North-Little-Rock-AR-72118/300593_zpid/,,31450,2026-08-12T00:00:00.000Z,Price change,2026-07-22T00:00:00.000Z,Listed for rent,2025-09-08T00:00:00.000Z,Listing removed,2025-08-21T00:00:00.000Z,Price change,2025-08-11T00:00:00.000Z,Price change,2025-08-09T00:00:00.000Z,Price change,2025-08-07T00:00:00.000Z,Price change,2025-08-04T00:00:00.000Z,Price change,2025-07-29T00:00:00.000Z,Listed for rent,2024-09-19T00:00:00.000Z,Listing removed,2024-09-16T00:00:00.000Z,Listed for rent,2023-08-19T00:00:00.000Z,Listing removed,2023-08-11T00:00:00.000Z,Price change,2023-07-25T00:00:00.000Z,Price change,2023-07-07T00:00:00.000Z,Price change,2023-06-05T00:00:00.000Z,Listed for rent,2022-09-13T00:00:00.000Z,Listing removed,2022-09-07T00:00:00.000Z,Listed for rent,2022-08-30T00:00:00.000Z,Listing removed,2022-08-17T00:00:00.000Z,Listed for sale,2020-09-18T00:00:00.000Z,Sold,2018-11-26T00:00:00.000Z,Sold,2013-08-28T00:00:00.000Z,Sold,,,,,,,,,,,,,,
"711 Greendale Dr, N Little Rock, AR 72117",711 Greendale Dr,N Little Rock,AR,,forRent,3,1614,,995,80,https://www.zillow.com/homedetails/711-Greendale-Dr-N-Little-Rock-AR-72117/276059_zpid/,,65000,2026-08-06T00:00:00.000Z,Price change,2026-08-02T00:00:00.000Z,Price change,2026-07-29T00:00:00.000Z,Price change,2026-07-26T00:00:00.000Z,Price change,2026-07-21T00:00:00.000Z,Price change,2026-07-18T00:00:00.000Z,Price change,2026-07-16T00:00:00.000Z,Price change,2026-07-14T00:00:00.000Z,Price change,2026-07-11T00:00:00.000Z,Price change,2026-07-09T00:00:00.000Z,Listed for rent,2024-12-20T00:00:00.000Z,Listing removed,2024-12-18T00:00:00.000Z,Price change,2024-12-15T00:00:00.000Z,Price change,2024-12-13T00:00:00.000Z,Price change,2022-11-15T00:00:00.000Z,Price change,2022-11-04T00:00:00.000Z,Price change,2022-10-23T00:00:00.000Z,Price change,2022-10-04T00:00:00.000Z,Price change,2022-09-22T00:00:00.000Z,Price change,2022-09-13T00:00:00.000Z,Listed for rent,2022-09-03T00:00:00.000Z,Listing removed,2022-08-26T00:00:00.000Z,Listed for sale,2022-03-03T00:00:00.000Z,Sold,2016-07-18T00:00:00.000Z,Sold,2014-08-26T00:00:00.000Z,Sold,,,,,,,,,,
"5806 Southwick Dr, Little Rock, AR 72209",5806 Southwick Dr,Little Rock,AR,,forRent,3,1116,,1195,157,https://www.zillow.com/homedetails/5806-Southwick-Dr-Little-Rock-AR-72209/322848_zpid/,,127900,2026-08-07T00:00:00.000Z,Price change,2026-04-24T00:00:00.000Z,Listed for rent,2025-02-14T00:00:00.000Z,Listing removed,2024-11-18T00:00:00.000Z,Listed for rent,2024-11-07T00:00:00.000Z,Listing removed,2024-10-17T00:00:00.000Z,Listed for rent,2023-07-27T00:00:00.000Z,Listing removed,2023-07-11T00:00:00.000Z,Listed for rent,2022-12-08T00:00:00.000Z,Sold,2022-11-15T00:00:00.000Z,Listing removed,2022-10-22T00:00:00.000Z,Listed for rent,2015-08-07T00:00:00.000Z,Sold,2008-11-24T00:00:00.000Z,Sold,2006-05-08T00:00:00.000Z,Sold,,,,,,,,,,,,,,,,,,,,,,,,,,,,,,,,
"5805 Wisteria Ct, North Little Rock, AR 72118",5805 Wisteria Ct,North Little Rock,AR,,forRent,3,910,,1195,121,https://www.zillow.com/homedetails/5805-Wisteria-Ct-North-Little-Rock-AR-72118/298007_zpid/,,50000,2026-05-30T00:00:00.000Z,Listed for rent,2026-02-17T00:00:00.000Z,Sold,2013-05-17T00:00:00.000Z,Sold,,,,,,,,,,,,,,,,,,,,,,,,,,,,,,,,,,,,,,,,,,,,,,,,,,,,,,
"1300 Adams St, Little Rock, AR 72204",1300 Adams St,Little Rock,AR,,forRent,3,1233,,1325,25,https://www.zillow.com/homedetails/1300-Adams-St-Little-Rock-AR-72204/35734059_zpid/,,,2026-09-03T00:00:00.000Z,Listed for rent,2025-08-29T00:00:00.000Z,Listing removed,2025-08-05T00:00:00.000Z,Price change,2025-07-20T00:00:00.000Z,Price change,2025-07-14T00:00:00.000Z,Price change,2025-07-02T00:00:00.000Z,Listed for rent,2021-02-16T00:00:00.000Z,Listing removed,2021-02-09T00:00:00.000Z,Listed for rent,,,,,,,,,,,,,,,,,,,,,,,,,,,,,,,,,,,,,,,,,,,,
"28 Burns Dr, Cabot, AR 72023",28 Burns Dr,Cabot,AR,,forRent,3,1288,,1350,68,https://www.zillow.com/homedetails/28-Burns-Dr-Cabot-AR-72023/255699_zpid/,,146000,2026-08-31T00:00:00.000Z,Price change,2026-07-21T00:00:00.000Z,Listed for rent,2025-08-07T00:00:00.000Z,Listing removed,2025-07-14T00:00:00.000Z,Price change,2025-07-03T00:00:00.000Z,Listed for rent,2022-06-28T00:00:00.000Z,Sold,2014-11-26T00:00:00.000Z,Sold,2012-06-24T00:00:00.000Z,Listing removed,2012-06-08T00:00:00.000Z,Listed for rent,2011-04-29T00:00:00.000Z,Listing removed,2011-01-27T00:00:00.000Z,Listed for sale,2010-06-04T00:00:00.000Z,Sold,2010-04-29T00:00:00.000Z,Listed for sale,,,,,,,,,,,,,,,,,,,,,,,,,,,,,,,,,,
"203 Lynn Ln, Lonoke, AR 72086",203 Lynn Ln,Lonoke,AR,,forRent,3,1200,,1195,104,https://www.zillow.com/homedetails/203-Lynn-Ln-Lonoke-AR-72086/260453_zpid/,,105000,2026-09-02T00:00:00.000Z,Price change,2026-06-30T00:00:00.000Z,Price change,2026-06-15T00:00:00.000Z,Listed for rent,2026-06-01T00:00:00.000Z,Listing removed,2026-05-14T00:00:00.000Z,Listed for rent,2022-05-19T00:00:00.000Z,Sold,2022-05-13T00:00:00.000Z,Contingent,2022-05-05T00:00:00.000Z,Listed for sale,2014-05-30T00:00:00.000Z,Sold,2014-02-20T00:00:00.000Z,Sold,2014-01-11T00:00:00.000Z,Listed for sale,,,,,,,,,,,,,,,,,,,,,,,,,,,,,,,,,,,,,,
"1600 Grove Hill Rd, North Little Rock, AR 72116",1600 Grove Hill Rd,North Little Rock,AR,,forRent,3,1814,,1695,76,https://www.zillow.com/homedetails/1600-Grove-Hill-Rd-North-Little-Rock-AR-72116/295537_zpid/,,135000,2026-09-23T00:00:00.000Z,Price change,2026-09-10T00:00:00.000Z,Price change,2026-08-14T00:00:00.000Z,Price change,2026-07-13T00:00:00.000Z,Listed for rent,2025-07-01T00:00:00.000Z,Listing removed,2025-05-22T00:00:00.000Z,Listed for rent,2024-07-06T00:00:00.000Z,Listing removed,2024-06-26T00:00:00.000Z,Price change,2024-04-30T00:00:00.000Z,Listed for rent,2023-05-02T00:00:00.000Z,Listing removed,2023-04-26T00:00:00.000Z,Listed for rent,2021-11-16T00:00:00.000Z,Listing removed,2021-11-02T00:00:00.000Z,Price change,2021-10-26T00:00:00.000Z,Price change,2021-10-14T00:00:00.000Z,Listed for rent,2021-06-18T00:00:00.000Z,Sold,2018-12-07T00:00:00.000Z,Listing removed,2018-11-19T00:00:00.000Z,Price change,2018-11-09T00:00:00.000Z,Listed for rent,2017-03-29T00:00:00.000Z,Listing removed,2017-02-23T00:00:00.000Z,Listed for rent,2013-05-24T00:00:00.000Z,Listing removed,2013-05-02T00:00:00.000Z,Listed for rent,2013-04-30T00:00:00.000Z,Sold,2002-05-28T00:00:00.000Z,Sold,,,,,,,,,,
"55 Lakeland Dr, Cabot, AR 72023",55 Lakeland Dr,Cabot,AR,,forRent,3,1823,,1800,2,https://www.zillow.com/homedetails/55-Lakeland-Dr-Cabot-AR-72023/99433505_zpid/,,207000,2026-09-25T00:00:00.000Z,Listed for rent,2021-04-16T00:00:00.000Z,Sold,2021-03-12T00:00:00.000Z,Listed for sale,2018-03-16T00:00:00.000Z,Sold,2018-02-02T00:00:00.000Z,Listed for sale,,,,,,,,,,,,,,,,,,,,,,,,,,,,,,,,,,,,,,,,,,,,,,,,,,
"4612 N Cypress St, N Little Rock, AR 72116",4612 N Cypress St,N Little Rock,AR,,forRent,3,1636,,1495,50,https://www.zillow.com/homedetails/4612-N-Cypress-St-N-Little-Rock-AR-72116/294088_zpid/,,39000,2026-09-25T00:00:00.000Z,Price change,2026-09-09T00:00:00.000Z,Price change,2026-08-10T00:00:00.000Z,Price change,2026-08-08T00:00:00.000Z,Listed for rent,2026-07-13T00:00:00.000Z,Listing removed,2026-04-16T00:00:00.000Z,Listed for rent,2023-08-11T00:00:00.000Z,Listing removed,2023-08-10T00:00:00.000Z,Listed for rent,2023-08-10T00:00:00.000Z,Listing removed,2023-07-26T00:00:00.000Z,Listed for rent,2022-06-15T00:00:00.000Z,Listing removed,2022-06-08T00:00:00.000Z,Listed for rent,2019-04-11T00:00:00.000Z,Listing removed,2019-03-14T00:00:00.000Z,Listed for rent,2018-03-14T00:00:00.000Z,Listing removed,2018-03-03T00:00:00.000Z,Listing removed,2018-03-03T00:00:00.000Z,Listed for rent,2017-11-14T00:00:00.000Z,Price change,2017-10-09T00:00:00.000Z,Price change,2017-08-30T00:00:00.000Z,Price change,2017-07-09T00:00:00.000Z,Price change,2017-06-23T00:00:00.000Z,Listed for sale,2017-06-14T00:00:00.000Z,Listing removed,2017-05-05T00:00:00.000Z,Listed for rent,2017-03-13T00:00:00.000Z,Listing removed,2013-09-13T00:00:00.000Z,Sold,2012-05-23T00:00:00.000Z,Sold,,,,,,
"209 N Madison St, Cabot, AR 72023",209 N Madison St,Cabot,AR,,forRent,3,1524,,1895,80,https://www.zillow.com/homedetails/209-N-Madison-St-Cabot-AR-72023/439267452_zpid/,,,2026-07-10T00:00:00.000Z,Listed for rent,2025-06-24T00:00:00.000Z,Listing removed,2025-06-19T00:00:00.000Z,Listed for rent,2025-06-19T00:00:00.000Z,Listing removed,2025-04-10T00:00:00.000Z,Price change,2025-03-05T00:00:00.000Z,Listed for rent,2025-03-05T00:00:00.000Z,Listing removed,2025-03-04T00:00:00.000Z,Listed for rent,2025-03-03T00:00:00.000Z,Listing removed,2025-02-28T00:00:00.000Z,Listed for rent,2024-12-28T00:00:00.000Z,Listing removed,2024-12-04T00:00:00.000Z,Price change,2024-09-23T00:00:00.000Z,Listing removed,2024-09-21T00:00:00.000Z,Price change,2024-09-17T00:00:00.000Z,Price change,2024-09-11T00:00:00.000Z,Listed for rent,2024-08-21T00:00:00.000Z,Listed for sale,,,,,,,,,,,,,,,,,,,,,,,,,,
"1418 Division St, North Little Rock, AR 72114",1418 Division St,North Little Rock,AR,,forRent,4,1342,,1122,39,https://www.zillow.com/homedetails/1418-Division-St-North-Little-Rock-AR-72114/304371_zpid/,,29000,2026-09-17T00:00:00.000Z,Price change,2026-09-15T00:00:00.000Z,Price change,2026-09-13T00:00:00.000Z,Price change,2026-08-28T00:00:00.000Z,Price change,2026-08-25T00:00:00.000Z,Price change,2026-08-22T00:00:00.000Z,Price change,2026-08-20T00:00:00.000Z,Listed for rent,2026-04-30T00:00:00.000Z,Listing removed,2026-04-22T00:00:00.000Z,Price change,2026-04-17T00:00:00.000Z,Listed for rent,2023-09-12T00:00:00.000Z,Listing removed,2023-08-15T00:00:00.000Z,Price change,2023-08-04T00:00:00.000Z,Price change,2023-07-19T00:00:00.000Z,Price change,2023-06-15T00:00:00.000Z,Listed for rent,2023-06-08T00:00:00.000Z,Listing removed,2023-05-31T00:00:00.000Z,Price change,2023-05-24T00:00:00.000Z,Listed for sale,2022-06-01T00:00:00.000Z,Sold,2013-10-08T00:00:00.000Z,Sold,,,,,,,,,,,,,,,,,,,,
"7120 Yorkwood Dr, Little Rock, AR 72209",7120 Yorkwood Dr,Little Rock,AR,,forRent,3,1472,,1150,17,https://www.zillow.com/homedetails/7120-Yorkwood-Dr-Little-Rock-AR-72209/361671_zpid/,,97500,2026-09-10T00:00:00.000Z,Listed for rent,2020-05-12T00:00:00.000Z,Listing removed,2020-04-30T00:00:00.000Z,Listed for rent,2019-08-21T00:00:00.000Z,Listing removed,2019-08-09T00:00:00.000Z,Sold,2019-08-05T00:00:00.000Z,Listed for rent,2019-04-08T00:00:00.000Z,Sold,2016-02-12T00:00:00.000Z,Sold,,,,,,,,,,,,,,,,,,,,,,,,,,,,,,,,,,,,,,,,,,,,
"454 Maple Tree Cv, Lonoke, AR 72086",454 Maple Tree Cv,Lonoke,AR,,forRent,3,1344,,1400,13,https://www.zillow.com/homedetails/454-Maple-Tree-Cv-Lonoke-AR-72086/67448696_zpid/,,,2026-09-14T00:00:00.000Z,Listed for rent,,,,,,,,,,,,,,,,,,,,,,,,,,,,,,,,,,,,,,,,,,,,,,,,,,,,,,,,,,
"1701 S Pine St, Cabot, AR 72023",1701 S Pine St,Cabot,AR,,forRent,4,2056,,1800,2,https://www.zillow.com/homedetails/1701-S-Pine-St-Cabot-AR-72023/257281_zpid/,,280000,2026-09-25T00:00:00.000Z,Listed for rent,2026-09-08T00:00:00.000Z,Listing removed,2026-01-07T00:00:00.000Z,Listed for rent,2024-04-05T00:00:00.000Z,Listing removed,2024-03-16T00:00:00.000Z,Listed for rent,2014-07-31T00:00:00.000Z,Sold,,,,,,,,,,,,,,,,,,,,,,,,,,,,,,,,,,,,,,,,,,,,,,,,
"140 Dolphin Rd, Humnoke, AR 72072",140 Dolphin Rd,Humnoke,AR,,forRent,3,1577,,900,11,https://www.zillow.com/homedetails/140-Dolphin-Rd-Humnoke-AR-72072/2077399951_zpid/,,,2026-09-17T00:00:00.000Z,Listed for rent,2026-06-01T00:00:00.000Z,Listing removed,2026-03-04T00:00:00.000Z,Listed for rent,2025-09-10T00:00:00.000Z,Listing removed,2025-08-12T00:00:00.000Z,Listed for rent,2023-08-28T00:00:00.000Z,Listing removed,2023-08-14T00:00:00.000Z,Listed for rent,2023-08-04T00:00:00.000Z,Listing removed,2023-06-20T00:00:00.000Z,Listed for rent,2022-07-10T00:00:00.000Z,Listing removed,2022-07-01T00:00:00.000Z,Price change,2022-06-25T00:00:00.000Z,Listed for rent,2020-10-29T00:00:00.000Z,Listing removed,2020-10-22T00:00:00.000Z,Listed for rent,,,,,,,,,,,,,,,,,,,,,,,,,,,,,,,,
"20 Ponderosa Dr, Lonoke, AR 72086",20 Ponderosa Dr,Lonoke,AR,,forRent,3,2256,,2300,9,https://www.zillow.com/homedetails/20-Ponderosa-Dr-Lonoke-AR-72086/260773_zpid/,,215000,2026-09-18T00:00:00.000Z,Listed for rent,2025-09-05T00:00:00.000Z,Listing removed,2025-08-22T00:00:00.000Z,Listed for rent,2022-08-05T00:00:00.000Z,Sold,2022-06-21T00:00:00.000Z,Contingent,2022-06-17T00:00:00.000Z,Listed for sale,2017-02-26T00:00:00.000Z,Listing removed,2016-11-07T00:00:00.000Z,Listed for sale,2015-11-04T00:00:00.000Z,Listing removed,2015-08-21T00:00:00.000Z,Listed for sale,2014-12-19T00:00:00.000Z,Sold,,,,,,,,,,,,,,,,,,,,,,,,,,,,,,,,,,,,,,
"17 Patti Cv, Ward, AR 72176",17 Patti Cv,Ward,AR,,forRent,3,1330,,1795,3,https://www.zillow.com/homedetails/17-Patti-Cv-Ward-AR-72176/338981618_zpid/,,210000,2026-09-25T00:00:00.000Z,Listed for rent,2022-07-27T00:00:00.000Z,Sold,,,,,,,,,,,,,,,,,,,,,,,,,,,,,,,,,,,,,,,,,,,,,,,,,,,,,,,,
"831 Richfield Rd, Jacksonville, AR 72076",831 Richfield Rd,Jacksonville,AR,,forRent,3,,,1400,8,https://www.zillow.com/homedetails/831-Richfield-Rd-Jacksonville-AR-72076/250171_zpid/,,0,2026-09-19T00:00:00.000Z,Listed for rent,2014-08-18T00:00:00.000Z,Sold,,,,,,,,,,,,,,,,,,,,,,,,,,,,,,,,,,,,,,,,,,,,,,,,,,,,,,,,
"4612 Puckett St, North Little Rock, AR 72117",4612 Puckett St,North Little Rock,AR,,forRent,3,984,,1095,37,https://www.zillow.com/homedetails/4612-Puckett-St-North-Little-Rock-AR-72117/275116_zpid/,,121000,2026-08-22T00:00:00.000Z,Listed for rent,2024-02-01T00:00:00.000Z,Listing removed,2023-12-13T00:00:00.000Z,Listed for rent,2021-12-22T00:00:00.000Z,Sold,2021-12-02T00:00:00.000Z,Listing removed,2021-11-10T00:00:00.000Z,Listed for rent,2013-11-26T00:00:00.000Z,Sold,2012-07-03T00:00:00.000Z,Sold,2004-04-23T00:00:00.000Z,Sold,,,,,,,,,,,,,,,,,,,,,,,,,,,,,,,,,,,,,,,,,,
"5532 Trammel Estates Dr, North Little Rock, AR 72117",5532 Trammel Estates Dr,North Little Rock,AR,,forRent,3,1848,,1820,93,https://www.zillow.com/homedetails/5532-Trammel-Estates-Dr-North-Little-Rock-AR-72117/119584667_zpid/,,173300,2026-09-16T00:00:00.000Z,Price change,2026-06-26T00:00:00.000Z,Listed for rent,2025-08-12T00:00:00.000Z,Listing removed,2025-07-21T00:00:00.000Z,Listed for rent,2025-07-21T00:00:00.000Z,Listing removed,2025-07-14T00:00:00.000Z,Listed for rent,2024-06-20T00:00:00.000Z,Listing removed,2024-05-02T00:00:00.000Z,Listed for rent,2023-05-12T00:00:00.000Z,Listing removed,2023-04-21T00:00:00.000Z,Listed for rent,2022-08-26T00:00:00.000Z,Listing removed,2022-07-28T00:00:00.000Z,Listed for rent,2019-08-30T00:00:00.000Z,Sold,2013-10-15T00:00:00.000Z,Sold,,,,,,,,,,,,,,,,,,,,,,,,,,,,,,,,
"520 Valmar St, Little Rock, AR 72205",520 Valmar St,Little Rock,AR,,forRent,3,1400,,1425,40,https://www.zillow.com/homedetails/520-Valmar-St-Little-Rock-AR-72205/309670_zpid/,,195000,2026-08-18T00:00:00.000Z,Listed for rent,2025-09-15T00:00:00.000Z,Listing removed,2025-07-22T00:00:00.000Z,Price change,2025-05-04T00:00:00.000Z,Listed for rent,2023-02-18T00:00:00.000Z,Listing removed,2022-12-29T00:00:00.000Z,Price change,2022-12-11T00:00:00.000Z,Price change,2022-12-01T00:00:00.000Z,Sold,2022-11-30T00:00:00.000Z,Listed for rent,2021-05-21T00:00:00.000Z,Sold,2020-01-29T00:00:00.000Z,Listing removed,2020-01-20T00:00:00.000Z,Price change,2020-01-20T00:00:00.000Z,Listing removed,2019-12-20T00:00:00.000Z,Listed for rent,2019-12-04T00:00:00.000Z,Price change,2019-11-04T00:00:00.000Z,Price change,2019-10-04T00:00:00.000Z,Price change,2019-09-16T00:00:00.000Z,Listed for sale,2019-09-11T00:00:00.000Z,Listing removed,2019-08-07T00:00:00.000Z,Price change,2019-06-17T00:00:00.000Z,Listed for rent,2018-11-10T00:00:00.000Z,Listing removed,2018-10-16T00:00:00.000Z,Listed for rent,2015-12-08T00:00:00.000Z,Listing removed,2015-11-25T00:00:00.000Z,Price change,2014-12-08T00:00:00.000Z,Sold,2010-07-16T00:00:00.000Z,Sold,2006-11-09T00:00:00.000Z,Sold,2006-01-13T00:00:00.000Z,Sold,,
"16 Dunnaway Dr, Austin, AR 72007",16 Dunnaway Dr,Austin,AR,,forRent,4,1672,,1700,26,https://www.zillow.com/homedetails/16-Dunnaway-Dr-Austin-AR-72007/452017713_zpid/,,220000,2026-09-01T00:00:00.000Z,Listed for rent,2025-07-26T00:00:00.000Z,Listing removed,2025-07-22T00:00:00.000Z,Price change,2025-07-15T00:00:00.000Z,Listed for rent,2025-07-03T00:00:00.000Z,Sold,2025-05-14T00:00:00.000Z,Listed for sale,,,,,,,,,,,,,,,,,,,,,,,,,,,,,,,,,,,,,,,,,,,,,,,,
"6604 Tulip Rd, Little Rock, AR 72209",6604 Tulip Rd,Little Rock,AR,,forRent,3,1120,,1395,1,https://www.zillow.com/homedetails/6604-Tulip-Rd-Little-Rock-AR-72209/357055_zpid/,,7200000,2026-09-26T00:00:00.000Z,Listed for rent,2026-06-19T00:00:00.000Z,Listing removed,2026-06-11T00:00:00.000Z,Listed for rent,2026-05-31T00:00:00.000Z,Listing removed,2026-05-30T00:00:00.000Z,Listed for rent,2026-04-03T00:00:00.000Z,Listing removed,2026-01-20T00:00:00.000Z,Listed for rent,2025-05-22T00:00:00.000Z,Listing removed,2025-05-17T00:00:00.000Z,Listed for rent,2025-05-16T00:00:00.000Z,Listing removed,2025-04-25T00:00:00.000Z,Listed for rent,2017-09-05T00:00:00.000Z,Listing removed,2017-05-25T00:00:00.000Z,Listed for rent,2015-12-16T00:00:00.000Z,Sold,2014-06-11T00:00:00.000Z,Sold,2014-02-25T00:00:00.000Z,Listing removed,2014-02-14T00:00:00.000Z,Pending sale,2014-02-14T00:00:00.000Z,Listed for sale,2014-01-29T00:00:00.000Z,Sold,2005-06-21T00:00:00.000Z,Sold,2005-04-12T00:00:00.000Z,Sold,2004-06-08T00:00:00.000Z,Sold,,,,,,,,,,,,,,,,
"50 Buena Vista Dr, Cabot, AR 72023",50 Buena Vista Dr,Cabot,AR,,forRent,3,1361,,1450,3,https://www.zillow.com/homedetails/50-Buena-Vista-Dr-Cabot-AR-72023/452178369_zpid/,,182000,2026-09-25T00:00:00.000Z,Listed for rent,2026-01-31T00:00:00.000Z,Listing removed,2026-01-24T00:00:00.000Z,Price change,2026-01-17T00:00:00.000Z,Price change,2026-01-10T00:00:00.000Z,Price change,2026-01-03T00:00:00.000Z,Price change,2025-11-11T00:00:00.000Z,Listed for rent,2021-08-23T00:00:00.000Z,Sold,,,,,,,,,,,,,,,,,,,,,,,,,,,,,,,,,,,,,,,,,,,,
"26 Deerfield Dr, Ward, AR 72176",26 Deerfield Dr,Ward,AR,,forRent,3,1309,,1550,6,https://www.zillow.com/homedetails/26-Deerfield-Dr-Ward-AR-72176/261138_zpid/,,125000,2026-09-22T00:00:00.000Z,Listed for rent,2026-09-14T00:00:00.000Z,Listing removed,2026-09-10T00:00:00.000Z,Price change,2026-09-04T00:00:00.000Z,Listed for sale,2013-05-29T00:00:00.000Z,Sold,,,,,,,,,,,,,,,,,,,,,,,,,,,,,,,,,,,,,,,,,,,,,,,,,,
"3123 S Arch St, Little Rock, AR 72206",3123 S Arch St,Little Rock,AR,,forRent,5,1683,,1395,21,https://www.zillow.com/homedetails/3123-S-Arch-St-Little-Rock-AR-72206/317259_zpid/,,60000,2026-09-07T00:00:00.000Z,Listed for rent,2026-04-16T00:00:00.000Z,Listing removed,2026-04-15T00:00:00.000Z,Price change,2026-04-08T00:00:00.000Z,Price change,2026-04-01T00:00:00.000Z,Price change,2026-03-17T00:00:00.000Z,Price change,2026-03-03T00:00:00.000Z,Price change,2026-02-06T00:00:00.000Z,Listed for rent,2025-04-10T00:00:00.000Z,Listing removed,2025-04-03T00:00:00.000Z,Price change,2025-02-08T00:00:00.000Z,Listed for rent,2024-03-29T00:00:00.000Z,Sold,2024-01-17T00:00:00.000Z,Listed for sale,2023-04-20T00:00:00.000Z,Listing removed,2023-02-27T00:00:00.000Z,Price change,2023-01-20T00:00:00.000Z,Price change,2023-01-09T00:00:00.000Z,Price change,2022-11-21T00:00:00.000Z,Price change,2022-09-07T00:00:00.000Z,Listed for sale,2022-08-10T00:00:00.000Z,Sold,2022-05-27T00:00:00.000Z,Listed for sale,2022-05-17T00:00:00.000Z,Contingent,2022-05-10T00:00:00.000Z,Listed for sale,2015-04-02T00:00:00.000Z,Sold,2014-12-17T00:00:00.000Z,Listing removed,2014-08-21T00:00:00.000Z,Listed for sale,2014-05-02T00:00:00.000Z,Sold,,,,,,
"302 N Lincoln St, Cabot, AR 72023",302 N Lincoln St,Cabot,AR,,forRent,3,1318,,1500,5,https://www.zillow.com/homedetails/302-N-Lincoln-St-Cabot-AR-72023/253236_zpid/,,119000,2026-09-22T00:00:00.000Z,Listed for rent,2014-02-28T00:00:00.000Z,Sold,,,,,,,,,,,,,,,,,,,,,,,,,,,,,,,,,,,,,,,,,,,,,,,,,,,,,,,,
"72 Branchwood Ln, Austin, AR 72007",72 Branchwood Ln,Austin,AR,,forRent,3,1216,,1200,31,https://www.zillow.com/homedetails/72-Branchwood-Ln-Austin-AR-72007/252707_zpid/,,1710000,2026-08-27T00:00:00.000Z,Price change,2022-12-04T00:00:00.000Z,Listed for rent,2021-02-23T00:00:00.000Z,Listing removed,2020-08-27T00:00:00.000Z,Listing removed,2020-08-03T00:00:00.000Z,Listed for rent,2019-06-08T00:00:00.000Z,Listing removed,2019-06-05T00:00:00.000Z,Listed for rent,2018-11-12T00:00:00.000Z,Listing removed,2018-11-09T00:00:00.000Z,Listed for rent,2015-01-30T00:00:00.000Z,Sold,2009-07-17T00:00:00.000Z,Sold,,,,,,,,,,,,,,,,,,,,,,,,,,,,,,,,,,,,,,
"104 Palm St, Jacksonville, AR 72076",104 Palm St,Jacksonville,AR,,forRent,3,1264,,1470,13,https://www.zillow.com/homedetails/104-Palm-St-Jacksonville-AR-72076/247729260_zpid/,,,2026-08-11T00:00:00.000Z,Price change,2026-06-03T00:00:00.000Z,Listed for rent,2024-03-21T00:00:00.000Z,Listing removed,2024-01-17T00:00:00.000Z,Price change,2023-12-16T00:00:00.000Z,Listed for rent,,,,,,,,,,,,,,,,,,,,,,,,,,,,,,,,,,,,,,,,,,,,,,,,,,
"17 Farrah St, Ward, AR 72176",17 Farrah St,Ward,AR,,forRent,3,1563,,1250,110,https://www.zillow.com/homedetails/17-Farrah-St-Ward-AR-72176/52495486_zpid/,,,2026-06-09T00:00:00.000Z,Listed for rent,2025-05-24T00:00:00.000Z,Listing removed,2025-05-06T00:00:00.000Z,Price change,2025-04-20T00:00:00.000Z,Listed for rent,2017-02-23T00:00:00.000Z,Listing removed,2017-02-17T00:00:00.000Z,Listed for rent,2014-02-28T00:00:00.000Z,Listing removed,2014-02-05T00:00:00.000Z,Price change,2014-01-29T00:00:00.000Z,Price change,2013-12-14T00:00:00.000Z,Price change,2013-11-30T00:00:00.000Z,Listed for sale,2013-10-25T00:00:00.000Z,Listing removed,2013-09-19T00:00:00.000Z,Price change,2013-09-18T00:00:00.000Z,Price change,2013-06-29T00:00:00.000Z,Listed for sale,,,,,,,,,,,,,,,,,,,,,,,,,,,,,,
"38 Baltimore St, Little Rock, AR 72206",38 Baltimore St,Little Rock,AR,,forRent,3,1218,,975,25,https://www.zillow.com/homedetails/38-Baltimore-St-Little-Rock-AR-72206/316900_zpid/,,26000,2026-09-19T00:00:00.000Z,Price change,2026-09-16T00:00:00.000Z,Price change,2026-09-03T00:00:00.000Z,Listed for rent,2023-02-18T00:00:00.000Z,Listing removed,2023-02-17T00:00:00.000Z,Price change,2023-01-20T00:00:00.000Z,Price change,2022-12-22T00:00:00.000Z,Price change,2022-12-10T00:00:00.000Z,Price change,2022-11-30T00:00:00.000Z,Listed for rent,2021-07-26T00:00:00.000Z,Listing removed,2021-07-10T00:00:00.000Z,Listed for sale,2020-09-25T00:00:00.000Z,Sold,2015-12-01T00:00:00.000Z,Sold,2014-10-10T00:00:00.000Z,Sold,2002-04-16T00:00:00.000Z,Sold,2001-06-18T00:00:00.000Z,Sold,,,,,,,,,,,,,,,,,,,,,,,,,,,,
"6522 Farmstead Rd, North Little Rock, AR 72117",6522 Farmstead Rd,North Little Rock,AR,,forRent,3,1630,,1450,48,https://www.zillow.com/homedetails/6522-Farmstead-Rd-North-Little-Rock-AR-72117/283389_zpid/,,37500,2026-09-23T00:00:00.000Z,Price change,2026-09-18T00:00:00.000Z,Price change,2026-09-04T00:00:00.000Z,Price change,2026-08-11T00:00:00.000Z,Listed for rent,2018-02-12T00:00:00.000Z,Sold,2017-09-29T00:00:00.000Z,Sold,2017-08-25T00:00:00.000Z,Listed for sale,2016-05-01T00:00:00.000Z,Listing removed,2015-11-03T00:00:00.000Z,Listed for sale,2002-08-09T00:00:00.000Z,Sold,,,,,,,,,,,,,,,,,,,,,,,,,,,,,,,,,,,,,,,,
"1411 S Highway 161, Jacksonville, AR 72076",1411 S Highway 161,Jacksonville,AR,,forRent,3,936,,575,0,https://www.zillow.com/homedetails/1411-S-Highway-161-Jacksonville-AR-72076/267108_zpid/,,35000,2026-09-28T00:00:00.000Z,Listed for rent,2025-09-08T00:00:00.000Z,Listing removed,2025-08-20T00:00:00.000Z,Listed for rent,2023-12-18T00:00:00.000Z,Sold,2023-10-10T00:00:00.000Z,Listed for sale,2014-06-05T00:00:00.000Z,Sold,,,,,,,,,,,,,,,,,,,,,,,,,,,,,,,,,,,,,,,,,,,,,,,,
"1521 S Pierce St, Little Rock, AR 72204",1521 S Pierce St,Little Rock,AR,,forRent,3,1602,,1095,52,https://www.zillow.com/homedetails/1521-S-Pierce-St-Little-Rock-AR-72204/311530_zpid/,,98500,2026-09-22T00:00:00.000Z,Price change,2026-08-06T00:00:00.000Z,Listed for rent,2024-11-24T00:00:00.000Z,Listing removed,2024-10-23T00:00:00.000Z,Listed for rent,2020-01-22T00:00:00.000Z,Listing removed,2019-12-30T00:00:00.000Z,Listed for rent,2019-03-08T00:00:00.000Z,Listing removed,2019-02-11T00:00:00.000Z,Sold,2019-02-05T00:00:00.000Z,Listed for rent,2018-11-23T00:00:00.000Z,Sold,2018-10-31T00:00:00.000Z,Price change,2018-10-31T00:00:00.000Z,Pending sale,2018-06-05T00:00:00.000Z,Price change,2018-04-25T00:00:00.000Z,Listed for sale,2014-10-11T00:00:00.000Z,Listing removed,2014-09-10T00:00:00.000Z,Price change,2014-07-09T00:00:00.000Z,Listed for rent,2010-04-16T00:00:00.000Z,Sold,,,,,,,,,,,,,,,,,,,,,,,,
"73 Tournay Cir, Little Rock, AR 72223",73 Tournay Cir,Little Rock,AR,,forRent,5,3180,,3500,67,https://www.zillow.com/homedetails/73-Tournay-Cir-Little-Rock-AR-72223/122006933_zpid/,,639200,2026-09-25T00:00:00.000Z,Price change,2026-09-03T00:00:00.000Z,Price change,2026-08-12T00:00:00.000Z,Price change,2026-07-22T00:00:00.000Z,Listed for rent,2023-05-08T00:00:00.000Z,Sold,2021-01-15T00:00:00.000Z,Listing removed,2018-05-24T00:00:00.000Z,Listed for sale,,,,,,,,,,,,,,,,,,,,,,,,,,,,,,,,,,,,,,,,,,,,,,
"6 Woodmere Pl, Sherwood, AR 72120",6 Woodmere Pl,Sherwood,AR,,forRent,3,1254,,1350,11,https://www.zillow.com/homedetails/6-Woodmere-Pl-Sherwood-AR-72120/278879_zpid/,,143000,2026-09-16T00:00:00.000Z,Listed for rent,2026-09-16T00:00:00.000Z,Listing removed,2026-07-20T00:00:00.000Z,Listed for rent,2023-03-18T00:00:00.000Z,Listing removed,2023-02-23T00:00:00.000Z,Listed for rent,2023-02-10T00:00:00.000Z,Sold,2023-02-01T00:00:00.000Z,Contingent,2023-01-28T00:00:00.000Z,Listed for sale,2014-07-30T00:00:00.000Z,Sold,,,,,,,,,,,,,,,,,,,,,,,,,,,,,,,,,,,,,,,,,,
"18 War Eagle Dr, Cabot, AR 72023",18 War Eagle Dr,Cabot,AR,,forRent,3,1278,,1300,5,https://www.zillow.com/homedetails/18-War-Eagle-Dr-Cabot-AR-72023/35732196_zpid/,,130000,2026-09-23T00:00:00.000Z,Listing removed,2026-09-22T00:00:00.000Z,Listed for rent,2026-08-28T00:00:00.000Z,Listed for sale,2026-08-25T00:00:00.000Z,Listing removed,2026-08-18T00:00:00.000Z,Price change,2026-08-01T00:00:00.000Z,Listed for sale,2026-02-02T00:00:00.000Z,Sold,,,,,,,,,,,,,,,,,,,,,,,,,,,,,,,,,,,,,,,,,,,,,,
"1320 Abigail St, Little Rock, AR 72204",1320 Abigail St,Little Rock,AR,,forRent,4,1344,,1395,142,https://www.zillow.com/homedetails/1320-Abigail-St-Little-Rock-AR-72204/313477_zpid/,,2970,2026-05-09T00:00:00.000Z,Listed for rent,2025-12-05T00:00:00.000Z,Listing removed,2025-08-15T00:00:00.000Z,Listed for sale,2025-08-15T00:00:00.000Z,Contingent,2025-06-07T00:00:00.000Z,Listed for sale,2025-03-22T00:00:00.000Z,Listing removed,2025-02-04T00:00:00.000Z,Listed for rent,2019-04-01T00:00:00.000Z,Sold,2016-02-17T00:00:00.000Z,Sold,2014-12-15T00:00:00.000Z,Sold,2013-09-10T00:00:00.000Z,Listing removed,2013-06-08T00:00:00.000Z,Price change,2013-01-25T00:00:00.000Z,Listed for sale,,,,,,,,,,,,,,,,,,,,,,,,,,,,,,,,,,
"7518 Redwood Dr, Little Rock, AR 72209",7518 Redwood Dr,Little Rock,AR,,forRent,4,1150,,1450,1,https://www.zillow.com/homedetails/7518-Redwood-Dr-Little-Rock-AR-72209/358085_zpid/,,505000,2026-09-26T00:00:00.000Z,Listed for rent,2025-08-15T00:00:00.000Z,Listing removed,2025-07-06T00:00:00.000Z,Listed for rent,2025-07-06T00:00:00.000Z,Listing removed,2025-06-26T00:00:00.000Z,Price change,2024-12-26T00:00:00.000Z,Listed for rent,2024-12-12T00:00:00.000Z,Listing removed,2024-12-02T00:00:00.000Z,Listed for rent,2024-11-19T00:00:00.000Z,Listing removed,2024-11-14T00:00:00.000Z,Price change,2024-10-24T00:00:00.000Z,Listed for rent,2022-09-14T00:00:00.000Z,Listing removed,2022-08-15T00:00:00.000Z,Price change,2022-07-07T00:00:00.000Z,Price change,2022-06-29T00:00:00.000Z,Listed for rent,2022-04-01T00:00:00.000Z,Sold,2018-11-08T00:00:00.000Z,Listing removed,2018-10-15T00:00:00.000Z,Listed for rent,2018-01-27T00:00:00.000Z,Listing removed,2018-01-13T00:00:00.000Z,Listed for rent,2017-07-06T00:00:00.000Z,Listing removed,2017-05-17T00:00:00.000Z,Listed for rent,2015-11-16T00:00:00.000Z,Listing removed,2015-10-17T00:00:00.000Z,Listed for rent,2013-11-23T00:00:00.000Z,Listing removed,2013-07-25T00:00:00.000Z,Sold,2013-02-10T00:00:00.000Z,Listed for sale,2010-12-03T00:00:00.000Z,Sold,,,,
"9215 Cloverhill Rd, Little Rock, AR 72205",9215 Cloverhill Rd,Little Rock,AR,,forRent,3,1179,,1425,53,https://www.zillow.com/homedetails/9215-Cloverhill-Rd-Little-Rock-AR-72205/346200_zpid/,,70000,2026-08-05T00:00:00.000Z,Listed for rent,2024-01-22T00:00:00.000Z,Listing removed,2024-01-04T00:00:00.000Z,Price change,2023-12-20T00:00:00.000Z,Price change,2023-12-06T00:00:00.000Z,Listed for rent,2023-10-17T00:00:00.000Z,Sold,2023-10-11T00:00:00.000Z,Contingent,2023-09-11T00:00:00.000Z,Listed for sale,2019-02-05T00:00:00.000Z,Listing removed,2018-10-30T00:00:00.000Z,Price change,2018-10-20T00:00:00.000Z,Price change,2018-08-27T00:00:00.000Z,Listed for rent,2018-02-06T00:00:00.000Z,Listing removed,2017-12-27T00:00:00.000Z,Price change,2017-10-10T00:00:00.000Z,Listed for rent,2015-05-29T00:00:00.000Z,Sold,,,,,,,,,,,,,,,,,,,,,,,,,,,,
"42 Winners Cir, Cabot, AR 72023",42 Winners Cir,Cabot,AR,,forRent,3,1521,,1850,17,https://www.zillow.com/homedetails/42-Winners-Cir-Cabot-AR-72023/72176611_zpid/,,196500,2026-08-07T00:00:00.000Z,Listed for rent,2025-10-07T00:00:00.000Z,Listing removed,2025-09-15T00:00:00.000Z,Listed for rent,2025-07-09T00:00:00.000Z,Sold,2025-04-28T00:00:00.000Z,Price change,2025-04-14T00:00:00.000Z,Price change,2025-04-03T00:00:00.000Z,Price change,2025-03-27T00:00:00.000Z,Listed for sale,,,,,,,,,,,,,,,,,,,,,,,,,,,,,,,,,,,,,,,,,,,,
"703 W 4th St, Lonoke, AR 72086",703 W 4th St,Lonoke,AR,,forRent,4,2312,,1900,38,https://www.zillow.com/homedetails/703-W-4th-St-Lonoke-AR-72086/260219_zpid/,,69900,2026-09-23T00:00:00.000Z,Listing removed,2026-09-07T00:00:00.000Z,Listed for sale,2026-08-28T00:00:00.000Z,Price change,2026-08-20T00:00:00.000Z,Listed for rent,2026-06-10T00:00:00.000Z,Sold,2026-05-10T00:00:00.000Z,Contingent,2026-05-07T00:00:00.000Z,Listed for sale,2026-05-07T00:00:00.000Z,Listing removed,2026-03-18T00:00:00.000Z,Price change,2026-01-10T00:00:00.000Z,Listed for sale,2014-02-19T00:00:00.000Z,Listing removed,2014-01-17T00:00:00.000Z,Listed for sale,2013-08-24T00:00:00.000Z,Sold,,,,,,,,,,,,,,,,,,,,,,,,,,,,,,,,,,
"11621 Chipwood Dr, Little Rock, AR 72211",11621 Chipwood Dr,Little Rock,AR,,forRent,3,957,,1375,75,https://www.zillow.com/homedetails/11621-Chipwood-Dr-Little-Rock-AR-72211/346447_zpid/,,135000,2026-07-14T00:00:00.000Z,Listed for rent,2025-06-18T00:00:00.000Z,Listing removed,2025-06-16T00:00:00.000Z,Listing removed,2025-06-10T00:00:00.000Z,Listed for sale,2025-05-23T00:00:00.000Z,Listed for rent,2024-12-19T00:00:00.000Z,Listing removed,2024-11-18T00:00:00.000Z,Price change,2024-11-01T00:00:00.000Z,Price change,2024-10-24T00:00:00.000Z,Listed for rent,2021-08-21T00:00:00.000Z,Listing removed,2021-08-19T00:00:00.000Z,Listed for rent,2021-08-18T00:00:00.000Z,Sold,2021-07-24T00:00:00.000Z,Contingent,2021-07-22T00:00:00.000Z,Listed for sale,2020-02-20T00:00:00.000Z,Listing removed,2020-02-07T00:00:00.000Z,Listed for rent,2015-09-09T00:00:00.000Z,Sold,2008-04-08T00:00:00.000Z,Sold,2008-03-09T00:00:00.000Z,Listed for sale,,,,,,,,,,,,,,,,,,,,,,
"9010 Tedburn Cir, Little Rock, AR 72209",9010 Tedburn Cir,Little Rock,AR,,forRent,3,1091,,1195,57,https://www.zillow.com/homedetails/9010-Tedburn-Cir-Little-Rock-AR-72209/359312_zpid/,,114900,2026-08-02T00:00:00.000Z,Listed for rent,2025-10-11T00:00:00.000Z,Listing removed,2025-09-05T00:00:00.000Z,Price change,2025-06-18T00:00:00.000Z,Listed for rent,2023-12-12T00:00:00.000Z,Sold,2023-09-06T00:00:00.000Z,Listing removed,2023-08-24T00:00:00.000Z,Listed for sale,2023-07-22T00:00:00.000Z,Listed for rent,2023-04-20T00:00:00.000Z,Sold,2015-12-04T00:00:00.000Z,Sold,,,,,,,,,,,,,,,,,,,,,,,,,,,,,,,,,,,,,,,,
"717 Annelle St, North Little Rock, AR 72117",717 Annelle St,North Little Rock,AR,,forRent,3,910,,995,153,https://www.zillow.com/homedetails/717-Annelle-St-North-Little-Rock-AR-72117/274821_zpid/,,107500,2026-07-30T00:00:00.000Z,Sold,2026-06-05T00:00:00.000Z,Price change,2026-05-08T00:00:00.000Z,Price change,2026-04-28T00:00:00.000Z,Listed for rent,2026-04-17T00:00:00.000Z,Listing removed,2026-04-15T00:00:00.000Z,Listed for sale,2026-01-24T00:00:00.000Z,Price change,2025-12-24T00:00:00.000Z,Price change,2025-10-16T00:00:00.000Z,Listed for rent,2023-02-08T00:00:00.000Z,Sold,2022-12-02T00:00:00.000Z,Listing removed,2022-10-22T00:00:00.000Z,Listed for rent,2022-04-07T00:00:00.000Z,Sold,2015-11-03T00:00:00.000Z,Listing removed,2015-08-25T00:00:00.000Z,Listed for rent,2014-10-15T00:00:00.000Z,Sold,2014-07-07T00:00:00.000Z,Listing removed,2014-06-05T00:00:00.000Z,Listed for rent,2007-12-11T00:00:00.000Z,Sold,,,,,,,,,,,,,,,,,,,,,,
"115 Pulaski Dr, Jacksonville, AR 72076",115 Pulaski Dr,Jacksonville,AR,,forRent,3,840,,1000,0,https://www.zillow.com/homedetails/115-Pulaski-Dr-Jacksonville-AR-72076/266500_zpid/,,0,2026-09-28T00:00:00.000Z,Listed for rent,2026-03-06T00:00:00.000Z,Listing removed,2026-02-25T00:00:00.000Z,Listed for rent,2026-02-16T00:00:00.000Z,Listing removed,2025-12-17T00:00:00.000Z,Listed for rent,2025-10-05T00:00:00.000Z,Listing removed,2025-09-25T00:00:00.000Z,Price change,2025-09-10T00:00:00.000Z,Price change,2025-08-19T00:00:00.000Z,Listed for rent,2014-04-28T00:00:00.000Z,Sold,1993-02-01T00:00:00.000Z,Sold,,,,,,,,,,,,,,,,,,,,,,,,,,,,,,,,,,,,,,
"1309 W 19th St, Little Rock, AR 72206",1309 W 19th St,Little Rock,AR,,forRent,5,1408,,1995,6,https://www.zillow.com/homedetails/1309-W-19th-St-Little-Rock-AR-72206/315290_zpid/,,3500,2026-08-22T00:00:00.000Z,Listed for rent,2025-08-29T00:00:00.000Z,Sold,2025-07-25T00:00:00.000Z,Contingent,2025-07-02T00:00:00.000Z,Listed for sale,2025-07-01T00:00:00.000Z,Listing removed,2025-04-05T00:00:00.000Z,Price change,2025-01-21T00:00:00.000Z,Price change,2024-12-13T00:00:00.000Z,Listed for sale,2023-10-11T00:00:00.000Z,Sold,2014-05-30T00:00:00.000Z,Sold,1998-05-18T00:00:00.000Z,Sold,,,,,,,,,,,,,,,,,,,,,,,,,,,,,,,,,,,,,,
"1521 Alberta Dr, Little Rock, AR 72227",1521 Alberta Dr,Little Rock,AR,,forRent,3,1689,,1895,2,https://www.zillow.com/homedetails/1521-Alberta-Dr-Little-Rock-AR-72227/340986_zpid/,,818000,2026-09-25T00:00:00.000Z,Listed for rent,2026-03-19T00:00:00.000Z,Listing removed,2026-03-12T00:00:00.000Z,Price change,2026-03-11T00:00:00.000Z,Listed for sale,2026-03-05T00:00:00.000Z,Price change,2026-01-23T00:00:00.000Z,Listed for rent,2015-08-20T00:00:00.000Z,Sold,2009-09-01T00:00:00.000Z,Sold,,,,,,,,,,,,,,,,,,,,,,,,,,,,,,,,,,,,,,,,,,,,
"9241 Cliffside Dr, Sherwood, AR 72120",9241 Cliffside Dr,Sherwood,AR,,forRent,4,2116,,2500,1,https://www.zillow.com/homedetails/9241-Cliffside-Dr-Sherwood-AR-72120/251243528_zpid/,,266000,2026-09-27T00:00:00.000Z,Listed for rent,2024-09-28T00:00:00.000Z,Listing removed,2024-09-24T00:00:00.000Z,Listed for rent,2019-09-16T00:00:00.000Z,Sold,2019-04-02T00:00:00.000Z,Sold,,,,,,,,,,,,,,,,,,,,,,,,,,,,,,,,,,,,,,,,,,,,,,,,,,
"22 Birchwood Dr, Ward, AR 72176",22 Birchwood Dr,Ward,AR,,forRent,4,1650,,1600,9,https://www.zillow.com/homedetails/22-Birchwood-Dr-Ward-AR-72176/99409604_zpid/,,149900,2026-09-23T00:00:00.000Z,Listing removed,2026-09-21T00:00:00.000Z,Price change,2026-09-18T00:00:00.000Z,Listed for rent,2026-09-05T00:00:00.000Z,Price change,2026-07-24T00:00:00.000Z,Listed for sale,2026-02-11T00:00:00.000Z,Listing removed,2026-01-09T00:00:00.000Z,Listed for rent,2019-07-03T00:00:00.000Z,Listing removed,2019-06-05T00:00:00.000Z,Listed for rent,2018-07-03T00:00:00.000Z,Listing removed,2018-05-10T00:00:00.000Z,Listed for rent,2016-12-25T00:00:00.000Z,Listing removed,2016-08-08T00:00:00.000Z,Listed for sale,2014-05-22T00:00:00.000Z,Sold,2014-04-12T00:00:00.000Z,Listed for sale,,,,,,,,,,,,,,,,,,,,,,,,,,,,,,
"6423 Kenwood Rd, Cammack Village, AR 72207",6423 Kenwood Rd,Cammack Village,AR,,forRent,3,1380,,1975,1,https://www.zillow.com/homedetails/6423-Kenwood-Rd-Cammack-Village-AR-72207/329620_zpid/,,265000,2026-09-26T00:00:00.000Z,Listed for rent,2022-04-06T00:00:00.000Z,Listing removed,2022-03-23T00:00:00.000Z,Listed for rent,2022-03-15T00:00:00.000Z,Sold,2022-02-13T00:00:00.000Z,Listed for sale,2021-02-23T00:00:00.000Z,Listing removed,2020-10-25T00:00:00.000Z,Listing removed,2020-10-13T00:00:00.000Z,Listed for rent,2020-05-15T00:00:00.000Z,Listing removed,2020-04-11T00:00:00.000Z,Price change,2020-03-19T00:00:00.000Z,Price change,2020-01-29T00:00:00.000Z,Price change,2020-01-10T00:00:00.000Z,Listed for rent,2016-02-09T00:00:00.000Z,Sold,2016-02-09T00:00:00.000Z,Listed for sale,2015-12-06T00:00:00.000Z,Pending sale,2015-11-28T00:00:00.000Z,Listed for sale,2015-08-21T00:00:00.000Z,Sold,2013-09-09T00:00:00.000Z,Sold,2013-08-16T00:00:00.000Z,Pending sale,2013-07-20T00:00:00.000Z,Listed for sale,,,,,,,,,,,,,,,,,,
"18107 Mac Arthur Dr, North Little Rock, AR 72118",18107 Mac Arthur Dr,North Little Rock,AR,,forRent,3,1758,,1600,2,https://www.zillow.com/homedetails/18107-Mac-Arthur-Dr-North-Little-Rock-AR-72118/329107_zpid/,,2195000,2026-09-25T00:00:00.000Z,Listed for rent,2026-04-27T00:00:00.000Z,Listing removed,2026-04-17T00:00:00.000Z,Price change,2026-03-05T00:00:00.000Z,Listed for rent,2015-01-30T00:00:00.000Z,Sold,,,,,,,,,,,,,,,,,,,,,,,,,,,,,,,,,,,,,,,,,,,,,,,,,,
"4002 Virginia Dr, North Little Rock, AR 72118",4002 Virginia Dr,North Little Rock,AR,,forRent,3,999,,895,75,https://www.zillow.com/homedetails/4002-Virginia-Dr-North-Little-Rock-AR-72118/300393_zpid/,,55500,2026-09-17T00:00:00.000Z,Price change,2026-09-10T00:00:00.000Z,Price change,2026-09-03T00:00:00.000Z,Price change,2026-07-14T00:00:00.000Z,Listed for rent,2021-07-01T00:00:00.000Z,Listing removed,2021-06-17T00:00:00.000Z,Listed for rent,2020-10-28T00:00:00.000Z,Sold,2020-10-15T00:00:00.000Z,Listed for sale,2017-01-11T00:00:00.000Z,Sold,2016-09-16T00:00:00.000Z,Price change,2015-10-21T00:00:00.000Z,Listed for sale,2014-09-10T00:00:00.000Z,Sold,2012-08-01T00:00:00.000Z,Sold,2012-07-19T00:00:00.000Z,Listed for sale,2007-12-03T00:00:00.000Z,Sold,2007-09-06T00:00:00.000Z,Sold,2005-10-25T00:00:00.000Z,Sold,2004-09-23T00:00:00.000Z,Sold,,,,,,,,,,,,,,,,,,,,,,,,
"3215 Ludwig St #B, Little Rock, AR 72204",3215 Ludwig St #B,Little Rock,AR,,forRent,3,1100,,790,34,https://www.zillow.com/homedetails/3215-Ludwig-St-B-Little-Rock-AR-72204/2081620793_zpid/,,,2026-08-24T00:00:00.000Z,Listed for rent,2026-07-21T00:00:00.000Z,Listing removed,2026-05-06T00:00:00.000Z,Listed for rent,2020-06-04T00:00:00.000Z,Listing removed,2019-12-30T00:00:00.000Z,Listed for rent,,,,,,,,,,,,,,,,,,,,,,,,,,,,,,,,,,,,,,,,,,,,,,,,,,
"209 Chalamont Ln, Little Rock, AR 72223",209 Chalamont Ln,Little Rock,AR,,forRent,4,2685,,2900,87,https://www.zillow.com/homedetails/209-Chalamont-Ln-Little-Rock-AR-72223/55493348_zpid/,,372500,2026-09-23T00:00:00.000Z,Price change,2026-07-02T00:00:00.000Z,Listed for rent,2025-10-28T00:00:00.000Z,Listing removed,2025-08-27T00:00:00.000Z,Listed for rent,2023-04-25T00:00:00.000Z,Listing removed,2023-03-31T00:00:00.000Z,Listed for rent,2022-05-04T00:00:00.000Z,Listing removed,2022-03-28T00:00:00.000Z,Listed for rent,2022-03-21T00:00:00.000Z,Sold,2022-03-21T00:00:00.000Z,Contingent,2022-02-24T00:00:00.000Z,Listed for sale,2017-02-17T00:00:00.000Z,Sold,2016-12-01T00:00:00.000Z,Price change,2016-10-26T00:00:00.000Z,Price change,2016-08-12T00:00:00.000Z,Price change,2016-06-24T00:00:00.000Z,Listed for sale,2012-04-16T00:00:00.000Z,Sold,2011-10-07T00:00:00.000Z,Price change,2011-08-31T00:00:00.000Z,Price change,2011-08-04T00:00:00.000Z,Price change,2011-07-07T00:00:00.000Z,Price change,2011-06-22T00:00:00.000Z,Listed for sale,2007-04-19T00:00:00.000Z,Sold,2005-09-14T00:00:00.000Z,Sold,2004-06-30T00:00:00.000Z,Sold,2002-05-09T00:00:00.000Z,Sold,2001-08-29T00:00:00.000Z,Sold,,,,,,
"7300 Evergreen Dr, Little Rock, AR 72207",7300 Evergreen Dr,Little Rock,AR,,forRent,4,2080,,1650,23,https://www.zillow.com/homedetails/7300-Evergreen-Dr-Little-Rock-AR-72207/342685_zpid/,,204500,2026-09-04T00:00:00.000Z,Listed for rent,2024-09-13T00:00:00.000Z,Listing removed,2024-08-01T00:00:00.000Z,Listed for rent,2015-09-28T00:00:00.000Z,Sold,2014-06-30T00:00:00.000Z,Sold,,,,,,,,,,,,,,,,,,,,,,,,,,,,,,,,,,,,,,,,,,,,,,,,,,
"2300 S Pulaski St, Little Rock, AR 72206",2300 S Pulaski St,Little Rock,AR,,forRent,3,1340,,1195,37,https://www.zillow.com/homedetails/2300-S-Pulaski-St-Little-Rock-AR-72206/316037_zpid/,,78500,2026-08-22T00:00:00.000Z,Listed for rent,2024-05-16T00:00:00.000Z,Listing removed,2024-03-29T00:00:00.000Z,Listed for rent,2024-03-25T00:00:00.000Z,Listing removed,2024-02-23T00:00:00.000Z,Listing removed,2024-02-19T00:00:00.000Z,Listed for sale,2024-02-14T00:00:00.000Z,Listed for rent,2023-12-13T00:00:00.000Z,Sold,2023-10-06T00:00:00.000Z,Sold,2015-02-24T00:00:00.000Z,Sold,,,,,,,,,,,,,,,,,,,,,,,,,,,,,,,,,,,,,,,,
"29 Mattie Lene Dr, Ward, AR 72176",29 Mattie Lene Dr,Ward,AR,,forRent,3,1301,,1350,17,https://www.zillow.com/homedetails/29-Mattie-Lene-Dr-Ward-AR-72176/35732499_zpid/,,80000,2026-09-10T00:00:00.000Z,Listed for rent,2026-03-20T00:00:00.000Z,Listing removed,2026-01-05T00:00:00.000Z,Listed for rent,2024-10-09T00:00:00.000Z,Listing removed,2024-09-16T00:00:00.000Z,Listed for rent,2009-05-16T00:00:00.000Z,Listing removed,2009-01-18T00:00:00.000Z,Listed for sale,2005-09-22T00:00:00.000Z,Sold,2004-02-23T00:00:00.000Z,Sold,2003-01-24T00:00:00.000Z,Sold,,,,,,,,,,,,,,,,,,,,,,,,,,,,,,,,,,,,,,,,
"5 Westbrook Cv, Little Rock, AR 72205",5 Westbrook Cv,Little Rock,AR,,forRent,3,1650,,1600,19,https://www.zillow.com/homedetails/5-Westbrook-Cv-Little-Rock-AR-72205/345424_zpid/,,345000,2026-09-08T00:00:00.000Z,Listed for rent,2015-09-18T00:00:00.000Z,Sold,2012-11-28T00:00:00.000Z,Sold,2012-09-13T00:00:00.000Z,Listed for sale,1999-02-03T00:00:00.000Z,Sold,,,,,,,,,,,,,,,,,,,,,,,,,,,,,,,,,,,,,,,,,,,,,,,,,,
"36 Stonehaven Dr, Cabot, AR 72023",36 Stonehaven Dr,Cabot,AR,,forRent,3,1360,,1350,6,https://www.zillow.com/homedetails/36-Stonehaven-Dr-Cabot-AR-72023/72176066_zpid/,,,2026-09-21T00:00:00.000Z,Listed for rent,2024-09-13T00:00:00.000Z,Listing removed,2024-07-31T00:00:00.000Z,Listed for rent,2023-04-21T00:00:00.000Z,Listing removed,2023-04-16T00:00:00.000Z,Listed for rent,2023-03-23T00:00:00.000Z,Listing removed,2023-03-18T00:00:00.000Z,Listed for rent,2021-02-27T00:00:00.000Z,Listing removed,2020-04-24T00:00:00.000Z,Listing removed,2020-04-17T00:00:00.000Z,Listed for rent,2019-03-05T00:00:00.000Z,Listing removed,2019-02-05T00:00:00.000Z,Price change,2018-11-07T00:00:00.000Z,Listed for sale,,,,,,,,,,,,,,,,,,,,,,,,,,,,,,,,,,
"3 Catalina Ct, Little Rock, AR 72211",3 Catalina Ct,Little Rock,AR,,forRent,3,1701,,1550,2,https://www.zillow.com/homedetails/3-Catalina-Ct-Little-Rock-AR-72211/346320_zpid/,,260000,2026-09-25T00:00:00.000Z,Listed for rent,2015-06-23T00:00:00.000Z,Sold,2014-07-17T00:00:00.000Z,Sold,2014-05-29T00:00:00.000Z,Price change,2014-04-29T00:00:00.000Z,Listed for sale,2009-04-02T00:00:00.000Z,Sold,,,,,,,,,,,,,,,,,,,,,,,,,,,,,,,,,,,,,,,,,,,,,,,,
"20 Magnolia Dr, Ward, AR 72176",20 Magnolia Dr,Ward,AR,,forRent,4,1380,,1550,11,https://www.zillow.com/homedetails/20-Magnolia-Dr-Ward-AR-72176/2087659368_zpid/,,,2026-09-16T00:00:00.000Z,Listed for rent,2025-08-19T00:00:00.000Z,Listing removed,2025-08-15T00:00:00.000Z,Listed for rent,2025-08-14T00:00:00.000Z,Listing removed,2025-07-28T00:00:00.000Z,Listed for rent,2020-06-02T00:00:00.000Z,Listing removed,2020-05-12T00:00:00.000Z,Listed for rent,2018-12-10T00:00:00.000Z,Listing removed,2018-11-06T00:00:00.000Z,Price change,2018-09-28T00:00:00.000Z,Listed for rent,,,,,,,,,,,,,,,,,,,,,,,,,,,,,,,,,,,,,,,,
"11 W Plaza Blvd, Cabot, AR 72023",11 W Plaza Blvd,Cabot,AR,,forRent,3,1487,,1525,34,https://www.zillow.com/homedetails/11-W-Plaza-Blvd-Cabot-AR-72023/256262_zpid/,,229049,2026-08-24T00:00:00.000Z,Listed for rent,2024-09-13T00:00:00.000Z,Listing removed,2024-07-02T00:00:00.000Z,Listed for rent,2013-02-26T00:00:00.000Z,Sold,,,,,,,,,,,,,,,,,,,,,,,,,,,,,,,,,,,,,,,,,,,,,,,,,,,,
"2940 Marble Cv, Sherwood, AR 72120",2940 Marble Cv,Sherwood,AR,,forRent,4,3000,,3000,9,https://www.zillow.com/homedetails/2940-Marble-Cv-Sherwood-AR-72120/99415202_zpid/,,465000,2026-09-20T00:00:00.000Z,Price change,2026-09-19T00:00:00.000Z,Listed for rent,2026-06-10T00:00:00.000Z,Listing removed,2026-05-15T00:00:00.000Z,Listed for rent,2024-09-13T00:00:00.000Z,Sold,2024-07-12T00:00:00.000Z,Price change,2024-06-27T00:00:00.000Z,Listed for sale,2021-08-19T00:00:00.000Z,Sold,2021-03-24T00:00:00.000Z,Listing removed,2020-07-24T00:00:00.000Z,Sold,2020-05-07T00:00:00.000Z,Listed for sale,2016-03-02T00:00:00.000Z,Sold,,,,,,,,,,,,,,,,,,,,,,,,,,,,,,,,,,,,
"6601 Kavanaugh Pl, Little Rock, AR 72207",6601 Kavanaugh Pl,Little Rock,AR,,forRent,3,1850,,1550,75,https://www.zillow.com/homedetails/6601-Kavanaugh-Pl-Little-Rock-AR-72207/341877_zpid/,,314900,2026-07-14T00:00:00.000Z,Price change,2022-11-28T00:00:00.000Z,Price change,2022-11-04T00:00:00.000Z,Price change,2022-08-31T00:00:00.000Z,Price change,2022-07-15T00:00:00.000Z,Listed for rent,2022-02-25T00:00:00.000Z,Listing removed,2022-02-08T00:00:00.000Z,Listed for rent,2021-05-21T00:00:00.000Z,Listing removed,2021-03-30T00:00:00.000Z,Listed for rent,2021-03-06T00:00:00.000Z,Listing removed,2021-02-03T00:00:00.000Z,Listed for rent,2015-09-22T00:00:00.000Z,Sold,,,,,,,,,,,,,,,,,,,,,,,,,,,,,,,,,,,,
"27 Trinity Dr, Cabot, AR 72023",27 Trinity Dr,Cabot,AR,,forRent,3,1442,,1525,37,https://www.zillow.com/homedetails/27-Trinity-Dr-Cabot-AR-72023/113948501_zpid/,,,2026-08-21T00:00:00.000Z,Listed for rent,2025-09-11T00:00:00.000Z,Listing removed,2025-07-29T00:00:00.000Z,Price change,2025-07-03T00:00:00.000Z,Listed for rent,,,,,,,,,,,,,,,,,,,,,,,,,,,,,,,,,,,,,,,,,,,,,,,,,,,,
"301 Latona Ln, North Little Rock, AR 72118",301 Latona Ln,North Little Rock,AR,,forRent,3,1344,,2695,7,https://www.zillow.com/homedetails/301-Latona-Ln-North-Little-Rock-AR-72118/290398_zpid/,,52000,2026-09-21T00:00:00.000Z,Listed for rent,2025-11-09T00:00:00.000Z,Listing removed,2025-09-29T00:00:00.000Z,Listed for rent,2025-05-12T00:00:00.000Z,Listing removed,2025-04-28T00:00:00.000Z,Price change,2025-04-07T00:00:00.000Z,Price change,2025-04-02T00:00:00.000Z,Price change,2025-02-26T00:00:00.000Z,Listed for rent,2025-02-16T00:00:00.000Z,Listing removed,2025-01-17T00:00:00.000Z,Price change,2025-01-07T00:00:00.000Z,Listed for rent,2024-09-13T00:00:00.000Z,Listing removed,2024-09-02T00:00:00.000Z,Listed for rent,2024-06-26T00:00:00.000Z,Listing removed,2024-06-12T00:00:00.000Z,Price change,2024-05-29T00:00:00.000Z,Listed for rent,2024-01-03T00:00:00.000Z,Listing removed,2023-12-27T00:00:00.000Z,Price change,2023-12-13T00:00:00.000Z,Listed for rent,2021-02-23T00:00:00.000Z,Listing removed,2020-11-02T00:00:00.000Z,Listing removed,2020-10-22T00:00:00.000Z,Listed for rent,2020-04-15T00:00:00.000Z,Sold,,,,,,,,,,,,,,
"129 Saunders Dr, North Little Rock, AR 72117",129 Saunders Dr,North Little Rock,AR,,forRent,3,1025,,890,32,https://www.zillow.com/homedetails/129-Saunders-Dr-North-Little-Rock-AR-72117/283578_zpid/,,42500,2026-08-26T00:00:00.000Z,Listed for rent,2025-09-15T00:00:00.000Z,Listing removed,2025-09-02T00:00:00.000Z,Price change,2025-08-27T00:00:00.000Z,Price change,2025-06-30T00:00:00.000Z,Listed for rent,2020-10-07T00:00:00.000Z,Sold,2019-12-01T00:00:00.000Z,Listing removed,2019-09-11T00:00:00.000Z,Listed for sale,2012-01-26T00:00:00.000Z,Listing removed,2011-11-20T00:00:00.000Z,Listed for sale,,,,,,,,,,,,,,,,,,,,,,,,,,,,,,,,,,,,,,,,
"1016 Roseclair Dr, North Little Rock, AR 72117",1016 Roseclair Dr,North Little Rock,AR,,forRent,3,1024,,1100,88,https://www.zillow.com/homedetails/1016-Roseclair-Dr-North-Little-Rock-AR-72117/276036_zpid/,,55000,2026-03-26T00:00:00.000Z,Listed for rent,2025-10-29T00:00:00.000Z,Sold,2014-03-10T00:00:00.000Z,Sold,2008-07-15T00:00:00.000Z,Sold,,,,,,,,,,,,,,,,,,,,,,,,,,,,,,,,,,,,,,,,,,,,,,,,,,,,
"87 Sycamore Cir, Cabot, AR 72023",87 Sycamore Cir,Cabot,AR,,forRent,3,1252,,1350,44,https://www.zillow.com/homedetails/87-Sycamore-Cir-Cabot-AR-72023/256430_zpid/,,151500,2026-09-14T00:00:00.000Z,Price change,2026-08-29T00:00:00.000Z,Price change,2026-08-14T00:00:00.000Z,Listed for rent,2026-07-17T00:00:00.000Z,Sold,2026-06-05T00:00:00.000Z,Listed for sale,2026-05-27T00:00:00.000Z,Listing removed,2026-05-15T00:00:00.000Z,Listed for rent,2020-06-03T00:00:00.000Z,Sold,2020-02-28T00:00:00.000Z,Sold,2013-03-25T00:00:00.000Z,Sold,,,,,,,,,,,,,,,,,,,,,,,,,,,,,,,,,,,,,,,,
"3101 W 11th St, Little Rock, AR 72204",3101 W 11th St,Little Rock,AR,,forRent,4,1223,,1595,48,https://www.zillow.com/homedetails/3101-W-11th-St-Little-Rock-AR-72204/309914_zpid/,,300,2026-09-23T00:00:00.000Z,Price change,2026-09-03T00:00:00.000Z,Price change,2026-08-11T00:00:00.000Z,Listed for rent,2019-03-20T00:00:00.000Z,Listing removed,2016-11-22T00:00:00.000Z,Listed for sale,2016-05-13T00:00:00.000Z,Listing removed,2016-05-04T00:00:00.000Z,Listed for sale,2015-08-25T00:00:00.000Z,Sold,2014-08-01T00:00:00.000Z,Sold,2011-03-31T00:00:00.000Z,Sold,2008-09-16T00:00:00.000Z,Sold,2001-02-27T00:00:00.000Z,Sold,2000-02-28T00:00:00.000Z,Sold,,,,,,,,,,,,,,,,,,,,,,,,,,,,,,,,,,
"2512 S Booker St, Little Rock, AR 72204",2512 S Booker St,Little Rock,AR,,forRent,4,1223,,1595,48,https://www.zillow.com/homedetails/2512-S-Booker-St-Little-Rock-AR-72204/464448875_zpid/,,,2026-09-23T00:00:00.000Z,Price change,2026-09-03T00:00:00.000Z,Price change,2026-08-11T00:00:00.000Z,Listed for rent,,,,,,,,,,,,,,,,,,,,,,,,,,,,,,,,,,,,,,,,,,,,,,,,,,,,,,
"500 Hill St, Jacksonville, AR 72076",500 Hill St,Jacksonville,AR,,forRent,3,1228,,1145,40,https://www.zillow.com/homedetails/500-Hill-St-Jacksonville-AR-72076/263576_zpid/,,375000,2026-08-18T00:00:00.000Z,Listed for rent,2025-04-24T00:00:00.000Z,Listing removed,2025-04-02T00:00:00.000Z,Listed for rent,2023-03-14T00:00:00.000Z,Listing removed,2023-03-09T00:00:00.000Z,Listed for rent,2014-01-13T00:00:00.000Z,Sold,1992-06-01T00:00:00.000Z,Sold,,,,,,,,,,,,,,,,,,,,,,,,,,,,,,,,,,,,,,,,,,,,,,
"44 Kirkland Dr, Cabot, AR 72023",44 Kirkland Dr,Cabot,AR,,forRent,3,2077,,1900,177,https://www.zillow.com/homedetails/44-Kirkland-Dr-Cabot-AR-72023/52495420_zpid/,,,2026-04-03T00:00:00.000Z,Listed for rent,2026-04-03T00:00:00.000Z,Listing removed,2026-02-11T00:00:00.000Z,Listed for rent,2025-09-22T00:00:00.000Z,Listing removed,2025-08-19T00:00:00.000Z,Listing removed,2025-08-17T00:00:00.000Z,Listed for rent,2025-01-03T00:00:00.000Z,Price change,2024-11-04T00:00:00.000Z,Price change,2024-10-10T00:00:00.000Z,Price change,2024-09-24T00:00:00.000Z,Listed for sale,2015-02-21T00:00:00.000Z,Listing removed,2015-01-28T00:00:00.000Z,Price change,2014-11-18T00:00:00.000Z,Price change,2014-08-30T00:00:00.000Z,Listed for rent,2013-05-18T00:00:00.000Z,Listing removed,2013-04-17T00:00:00.000Z,Listed for rent,2012-10-25T00:00:00.000Z,Listing removed,2012-09-25T00:00:00.000Z,Listed for rent,2012-07-12T00:00:00.000Z,Listing removed,2012-06-12T00:00:00.000Z,Price change,2012-05-25T00:00:00.000Z,Listed for rent,2011-08-23T00:00:00.000Z,Listing removed,2010-10-08T00:00:00.000Z,Listed for sale,,,,,,,,,,,,,,
"1812 S Woodrow St, Little Rock, AR 72204",1812 S Woodrow St,Little Rock,AR,,forRent,4,1223,,1595,70,https://www.zillow.com/homedetails/1812-S-Woodrow-St-Little-Rock-AR-72204/99428741_zpid/,,6500,2026-09-23T00:00:00.000Z,Price change,2026-08-28T00:00:00.000Z,Price change,2026-08-19T00:00:00.000Z,Price change,2026-07-20T00:00:00.000Z,Listed for rent,2025-10-21T00:00:00.000Z,Sold,2018-05-03T00:00:00.000Z,Sold,2006-09-07T00:00:00.000Z,Sold,,,,,,,,,,,,,,,,,,,,,,,,,,,,,,,,,,,,,,,,,,,,,,
"224 Rice St, Little Rock, AR 72205",224 Rice St,Little Rock,AR,,forRent,3,1194,,1495,84,https://www.zillow.com/homedetails/224-Rice-St-Little-Rock-AR-72205/307819_zpid/,,170000,2026-07-06T00:00:00.000Z,Listed for rent,2025-08-08T00:00:00.000Z,Listing removed,2025-07-18T00:00:00.000Z,Listed for rent,2022-09-22T00:00:00.000Z,Listing removed,2022-09-14T00:00:00.000Z,Listed for rent,2019-08-22T00:00:00.000Z,Sold,2019-07-09T00:00:00.000Z,Listed for sale,2017-01-25T00:00:00.000Z,Sold,2016-11-21T00:00:00.000Z,Price change,2016-11-10T00:00:00.000Z,Listed for sale,2013-11-21T00:00:00.000Z,Sold,2013-05-24T00:00:00.000Z,Sold,2013-03-23T00:00:00.000Z,Listed for sale,2012-12-18T00:00:00.000Z,Listing removed,2012-06-17T00:00:00.000Z,Price change,2012-04-13T00:00:00.000Z,Listed for sale,2011-03-31T00:00:00.000Z,Sold,2011-02-24T00:00:00.000Z,Listed for sale,2008-05-23T00:00:00.000Z,Sold,2007-08-20T00:00:00.000Z,Sold,,,,,,,,,,,,,,,,,,,,
"2009 Brown St, Little Rock, AR 72204",2009 Brown St,Little Rock,AR,,forRent,3,910,,1095,37,https://www.zillow.com/homedetails/2009-Brown-St-Little-Rock-AR-72204/314216_zpid/,,0,2026-08-26T00:00:00.000Z,Price change,2026-08-22T00:00:00.000Z,Listed for rent,2025-05-17T00:00:00.000Z,Listing removed,2025-04-17T00:00:00.000Z,Price change,2024-11-18T00:00:00.000Z,Listed for rent,2024-11-07T00:00:00.000Z,Listing removed,2024-11-06T00:00:00.000Z,Listed for rent,2015-02-20T00:00:00.000Z,Sold,2004-11-09T00:00:00.000Z,Sold,2004-01-30T00:00:00.000Z,Sold,1997-07-01T00:00:00.000Z,Sold,,,,,,,,,,,,,,,,,,,,,,,,,,,,,,,,,,,,,,
"7 N Meadowcliff Cir, Little Rock, AR 72209",7 N Meadowcliff Cir,Little Rock,AR,,forRent,3,1008,,1200,18,https://www.zillow.com/homedetails/7-N-Meadowcliff-Cir-Little-Rock-AR-72209/355255_zpid/,,43000,2026-09-10T00:00:00.000Z,Listed for rent,2024-09-06T00:00:00.000Z,Listing removed,2024-06-27T00:00:00.000Z,Listed for rent,2023-08-01T00:00:00.000Z,Sold,2015-11-25T00:00:00.000Z,Sold,,,,,,,,,,,,,,,,,,,,,,,,,,,,,,,,,,,,,,,,,,,,,,,,,,
"302 Calloway Ave, Sherwood, AR 72120",302 Calloway Ave,Sherwood,AR,,forRent,3,1164,,1500,3,https://www.zillow.com/homedetails/302-Calloway-Ave-Sherwood-AR-72120/278397_zpid/,,166000,2026-09-24T00:00:00.000Z,Listed for rent,2024-04-20T00:00:00.000Z,Listing removed,2024-04-16T00:00:00.000Z,Listed for rent,2021-03-13T00:00:00.000Z,Listing removed,2021-03-09T00:00:00.000Z,Listed for rent,2021-02-26T00:00:00.000Z,Listing removed,2020-12-16T00:00:00.000Z,Price change,2020-12-14T00:00:00.000Z,Listed for sale,2013-09-30T00:00:00.000Z,Sold,2000-03-09T00:00:00.000Z,Sold,,,,,,,,,,,,,,,,,,,,,,,,,,,,,,,,,,,,,,,,
"620 Brookhaven Ct, Jacksonville, AR 72076",620 Brookhaven Ct,Jacksonville,AR,,forRent,3,1265,,1295,23,https://www.zillow.com/homedetails/620-Brookhaven-Ct-Jacksonville-AR-72076/269801_zpid/,,0,2026-09-05T00:00:00.000Z,Listed for rent,2026-02-27T00:00:00.000Z,Listing removed,2025-12-27T00:00:00.000Z,Listed for rent,2014-12-09T00:00:00.000Z,Sold,1992-02-01T00:00:00.000Z,Sold,,,,,,,,,,,,,,,,,,,,,,,,,,,,,,,,,,,,,,,,,,,,,,,,,,
"6501 Ridgemist Ln, North Little Rock, AR 72117",6501 Ridgemist Ln,North Little Rock,AR,,forRent,3,1374,,1585,20,https://www.zillow.com/homedetails/6501-Ridgemist-Ln-North-Little-Rock-AR-72117/99414534_zpid/,,,2026-08-03T00:00:00.000Z,Listed for rent,2022-04-13T00:00:00.000Z,Listing removed,2022-03-08T00:00:00.000Z,Listed for rent,2019-04-25T00:00:00.000Z,Listing removed,2019-04-05T00:00:00.000Z,Listed for rent,2019-01-12T00:00:00.000Z,Listing removed,2018-11-02T00:00:00.000Z,Listed for rent,,,,,,,,,,,,,,,,,,,,,,,,,,,,,,,,,,,,,,,,,,,,,,
"209 Sparrow Rd, Jacksonville, AR 72076",209 Sparrow Rd,Jacksonville,AR,,forRent,3,1275,,1750,95,https://www.zillow.com/homedetails/209-Sparrow-Rd-Jacksonville-AR-72076/99427899_zpid/,,229000,2026-09-04T00:00:00.000Z,Price change,2026-07-22T00:00:00.000Z,Price change,2026-06-24T00:00:00.000Z,Listed for rent,2024-06-04T00:00:00.000Z,Sold,2024-02-26T00:00:00.000Z,Listing removed,2024-01-31T00:00:00.000Z,Price change,2024-01-18T00:00:00.000Z,Listed for rent,2022-06-17T00:00:00.000Z,Listing removed,2022-01-07T00:00:00.000Z,Listed for sale,,,,,,,,,,,,,,,,,,,,,,,,,,,,,,,,,,,,,,,,,,
"3031 Trelon Cv, Alexander, AR 72002",3031 Trelon Cv,Alexander,AR,,forRent,3,1640,,1645,3,https://www.zillow.com/homedetails/3031-Trelon-Cv-Alexander-AR-72002/2062143982_zpid/,,,2026-09-25T00:00:00.000Z,Listed for rent,2023-12-15T00:00:00.000Z,Listing removed,2023-12-05T00:00:00.000Z,Price change,2023-10-26T00:00:00.000Z,Listed for rent,2023-04-19T00:00:00.000Z,Listing removed,2023-03-24T00:00:00.000Z,Price change,2023-02-17T00:00:00.000Z,Price change,2023-01-26T00:00:00.000Z,Listed for rent,2022-12-15T00:00:00.000Z,Listing removed,2022-11-30T00:00:00.000Z,Price change,2022-11-16T00:00:00.000Z,Price change,2022-11-03T00:00:00.000Z,Price change,2022-09-20T00:00:00.000Z,Price change,2022-09-03T00:00:00.000Z,Price change,2022-08-23T00:00:00.000Z,Price change,2022-08-04T00:00:00.000Z,Listed for sale,,,,,,,,,,,,,,,,,,,,,,,,,,,,
"3908 American Manor Dr, Little Rock, AR 72209",3908 American Manor Dr,Little Rock,AR,,forRent,3,1343,,1295,19,https://www.zillow.com/homedetails/3908-American-Manor-Dr-Little-Rock-AR-72209/322152_zpid/,,195000,2026-09-09T00:00:00.000Z,Listed for rent,2026-02-13T00:00:00.000Z,Listing removed,2025-10-02T00:00:00.000Z,Listed for rent,2014-01-31T00:00:00.000Z,Sold,,,,,,,,,,,,,,,,,,,,,,,,,,,,,,,,,,,,,,,,,,,,,,,,,,,,
"19 Portsmouth Dr, Little Rock, AR 72209",19 Portsmouth Dr,Little Rock,AR,,forRent,3,864,,945,32,https://www.zillow.com/homedetails/19-Portsmouth-Dr-Little-Rock-AR-72209/321296_zpid/,,55000,2026-08-26T00:00:00.000Z,Listed for rent,2022-07-22T00:00:00.000Z,Listing removed,2022-07-01T00:00:00.000Z,Listed for rent,2022-04-29T00:00:00.000Z,Sold,2022-04-15T00:00:00.000Z,Contingent,2022-04-08T00:00:00.000Z,Listed for sale,2015-06-17T00:00:00.000Z,Sold,2007-07-20T00:00:00.000Z,Sold,,,,,,,,,,,,,,,,,,,,,,,,,,,,,,,,,,,,,,,,,,,,
"7016 Pearl Valley Cv, Alexander, AR 72002",7016 Pearl Valley Cv,Alexander,AR,,forRent,3,1262,,1515,2,https://www.zillow.com/homedetails/7016-Pearl-Valley-Cv-Alexander-AR-72002/2092458994_zpid/,,,2026-09-25T00:00:00.000Z,Listed for rent,2023-05-29T00:00:00.000Z,Listing removed,2023-05-22T00:00:00.000Z,Listed for rent,2019-01-04T00:00:00.000Z,Listing removed,2018-12-15T00:00:00.000Z,Listed for rent,2017-12-02T00:00:00.000Z,Listing removed,2017-10-31T00:00:00.000Z,Price change,2017-10-10T00:00:00.000Z,Listed for rent,,,,,,,,,,,,,,,,,,,,,,,,,,,,,,,,,,,,,,,,,,,,
"900 W 23rd St, North Little Rock, AR 72114",900 W 23rd St,North Little Rock,AR,,forRent,3,1250,,1350,47,https://www.zillow.com/homedetails/900-W-23rd-St-North-Little-Rock-AR-72114/82842227_zpid/,,176290,2026-09-25T00:00:00.000Z,Price change,2026-08-11T00:00:00.000Z,Listed for rent,2025-06-03T00:00:00.000Z,Listing removed,2025-05-14T00:00:00.000Z,Price change,2025-04-17T00:00:00.000Z,Price change,2025-04-11T00:00:00.000Z,Price change,2025-04-03T00:00:00.000Z,Listed for rent,2023-04-13T00:00:00.000Z,Listing removed,2023-04-06T00:00:00.000Z,Price change,2023-04-04T00:00:00.000Z,Listed for rent,2023-03-28T00:00:00.000Z,Sold,2023-03-22T00:00:00.000Z,Pending sale,2023-03-22T00:00:00.000Z,Contingent,2023-02-21T00:00:00.000Z,Listed for sale,,,,,,,,,,,,,,,,,,,,,,,,,,,,,,,,
"1281 Meadows Dr, Benton, AR 72019",1281 Meadows Dr,Benton,AR,,forRent,3,1523,,1595,3,https://www.zillow.com/homedetails/1281-Meadows-Dr-Benton-AR-72019/440544514_zpid/,,198850,2026-09-24T00:00:00.000Z,Listed for rent,2025-04-25T00:00:00.000Z,Listing removed,2025-04-01T00:00:00.000Z,Price change,2025-03-07T00:00:00.000Z,Listed for rent,2025-02-18T00:00:00.000Z,Sold,2025-01-23T00:00:00.000Z,Contingent,2025-01-20T00:00:00.000Z,Price change,2024-12-27T00:00:00.000Z,Price change,2024-12-20T00:00:00.000Z,Price change,2024-12-12T00:00:00.000Z,Price change,2024-12-05T00:00:00.000Z,Price change,2024-09-18T00:00:00.000Z,Listed for sale,,,,,,,,,,,,,,,,,,,,,,,,,,,,,,,,,,,,
"5103 Timber Creek Cir, North Little Rock, AR 72116",5103 Timber Creek Cir,North Little Rock,AR,,forRent,3,2331,,2750,6,https://www.zillow.com/homedetails/5103-Timber-Creek-Cir-North-Little-Rock-AR-72116/274314_zpid/,,270000,2026-09-21T00:00:00.000Z,Listed for rent,2026-06-29T00:00:00.000Z,Sold,2026-06-29T00:00:00.000Z,Contingent,2026-06-03T00:00:00.000Z,Price change,2026-05-14T00:00:00.000Z,Price change,2026-05-01T00:00:00.000Z,Listed for sale,2013-08-23T00:00:00.000Z,Sold,,,,,,,,,,,,,,,,,,,,,,,,,,,,,,,,,,,,,,,,,,,,,,
"711 N Coolidge St, Little Rock, AR 72205",711 N Coolidge St,Little Rock,AR,,forRent,3,1192,,1400,3,https://www.zillow.com/homedetails/711-N-Coolidge-St-Little-Rock-AR-72205/342593_zpid/,,177000,2026-09-24T00:00:00.000Z,Listed for rent,2023-08-19T00:00:00.000Z,Listing removed,2023-05-23T00:00:00.000Z,Listed for rent,2023-04-06T00:00:00.000Z,Sold,2015-09-28T00:00:00.000Z,Sold,,,,,,,,,,,,,,,,,,,,,,,,,,,,,,,,,,,,,,,,,,,,,,,,,,
"14503 Baucum Rd, North Little Rock, AR 72117",14503 Baucum Rd,North Little Rock,AR,,forRent,3,1305,,1725,5,https://www.zillow.com/homedetails/14503-Baucum-Rd-North-Little-Rock-AR-72117/450865257_zpid/,,,2026-09-22T00:00:00.000Z,Listed for rent,2026-09-01T00:00:00.000Z,Listing removed,2026-08-14T00:00:00.000Z,Listed for rent,2025-09-26T00:00:00.000Z,Listing removed,2025-08-23T00:00:00.000Z,Listed for rent,2025-08-13T00:00:00.000Z,Listing removed,2025-05-07T00:00:00.000Z,Listed for rent,,,,,,,,,,,,,,,,,,,,,,,,,,,,,,,,,,,,,,,,,,,,,,
"1816 Osage Dr, North Little Rock, AR 72116",1816 Osage Dr,North Little Rock,AR,,forRent,3,1396,,2650,25,https://www.zillow.com/homedetails/1816-Osage-Dr-North-Little-Rock-AR-72116/291622_zpid/,,130000,2026-09-02T00:00:00.000Z,Listed for rent,2026-02-13T00:00:00.000Z,Listing removed,2025-11-07T00:00:00.000Z,Listed for rent,2025-09-23T00:00:00.000Z,Listing removed,2025-08-07T00:00:00.000Z,Price change,2025-07-30T00:00:00.000Z,Listed for rent,2025-07-11T00:00:00.000Z,Listing removed,2025-06-24T00:00:00.000Z,Listed for rent,2025-05-29T00:00:00.000Z,Listing removed,2025-02-10T00:00:00.000Z,Listed for rent,2025-02-01T00:00:00.000Z,Listing removed,2025-01-15T00:00:00.000Z,Listed for rent,2023-11-01T00:00:00.000Z,Listing removed,2023-08-19T00:00:00.000Z,Listed for rent,2023-03-27T00:00:00.000Z,Sold,2023-02-22T00:00:00.000Z,Price change,2023-01-18T00:00:00.000Z,Listed for sale,2013-07-12T00:00:00.000Z,Sold,2005-07-12T00:00:00.000Z,Sold,,,,,,,,,,,,,,,,,,,,,,
"2710 Lavern St, Bryant, AR 72022",2710 Lavern St,Bryant,AR,,forRent,3,1281,,1375,2,https://www.zillow.com/homedetails/2710-Lavern-St-Bryant-AR-72022/391293_zpid/,,131000,2026-09-25T00:00:00.000Z,Listed for rent,2024-09-13T00:00:00.000Z,Listing removed,2024-07-12T00:00:00.000Z,Price change,2024-05-17T00:00:00.000Z,Price change,2024-04-05T00:00:00.000Z,Listed for rent,2024-03-25T00:00:00.000Z,Listing removed,2024-03-15T00:00:00.000Z,Listed for rent,2022-03-22T00:00:00.000Z,Listing removed,2022-03-10T00:00:00.000Z,Listed for rent,2020-10-22T00:00:00.000Z,Listing removed,2020-10-13T00:00:00.000Z,Listed for rent,2018-03-15T00:00:00.000Z,Listing removed,2018-02-14T00:00:00.000Z,Sold,2018-01-15T00:00:00.000Z,Listed for rent,2017-12-10T00:00:00.000Z,Listed for sale,2017-08-06T00:00:00.000Z,Sold,2017-05-28T00:00:00.000Z,Price change,2017-04-21T00:00:00.000Z,Listed for sale,2017-03-17T00:00:00.000Z,Sold,2017-02-16T00:00:00.000Z,Listed for sale,,,,,,,,,,,,,,,,,,,,
"17 Greenbrier Dr, Benton, AR 72015",17 Greenbrier Dr,Benton,AR,,forRent,3,1460,,1545,55,https://www.zillow.com/homedetails/17-Greenbrier-Dr-Benton-AR-72015/386172_zpid/,,143000,2026-09-17T00:00:00.000Z,Price change,2026-08-27T00:00:00.000Z,Price change,2026-08-03T00:00:00.000Z,Listed for rent,2026-02-23T00:00:00.000Z,Listing removed,2026-02-19T00:00:00.000Z,Price change,2026-01-29T00:00:00.000Z,Price change,2026-01-15T00:00:00.000Z,Price change,2025-12-30T00:00:00.000Z,Price change,2025-11-24T00:00:00.000Z,Listed for rent,2024-10-01T00:00:00.000Z,Listing removed,2024-08-29T00:00:00.000Z,Listed for rent,2022-03-07T00:00:00.000Z,Listing removed,2021-12-31T00:00:00.000Z,Listed for rent,2021-11-19T00:00:00.000Z,Sold,2014-09-17T00:00:00.000Z,Listing removed,2014-07-15T00:00:00.000Z,Listed for rent,2007-07-20T00:00:00.000Z,Sold,2006-08-01T00:00:00.000Z,Sold,,,,,,,,,,,,,,,,,,,,,,,,
"13015 Arthur Ln, Little Rock, AR 72211",13015 Arthur Ln,Little Rock,AR,,forRent,3,1650,,2500,5,https://www.zillow.com/homedetails/13015-Arthur-Ln-Little-Rock-AR-72211/79791081_zpid/,,55000,2026-09-22T00:00:00.000Z,Listed for rent,2006-08-16T00:00:00.000Z,Sold,,,,,,,,,,,,,,,,,,,,,,,,,,,,,,,,,,,,,,,,,,,,,,,,,,,,,,,,
"7125 Anderson St, Alexander, AR 72002",7125 Anderson St,Alexander,AR,,forRent,3,1906,,1650,4,https://www.zillow.com/homedetails/7125-Anderson-St-Alexander-AR-72002/368443_zpid/,,167000,2026-09-23T00:00:00.000Z,Listed for rent,2023-09-08T00:00:00.000Z,Listing removed,2023-07-24T00:00:00.000Z,Price change,2023-07-21T00:00:00.000Z,Listed for rent,2022-08-08T00:00:00.000Z,Listing removed,2022-07-27T00:00:00.000Z,Listed for rent,2021-04-26T00:00:00.000Z,Sold,2021-03-22T00:00:00.000Z,Listed for sale,2017-04-18T00:00:00.000Z,Listing removed,2017-04-07T00:00:00.000Z,Listed for sale,2016-10-05T00:00:00.000Z,Sold,,,,,,,,,,,,,,,,,,,,,,,,,,,,,,,,,,,,,,
"19 Del Tara Dr, Jacksonville, AR 72076",19 Del Tara Dr,Jacksonville,AR,,forRent,3,1500,,4200,951,https://www.zillow.com/homedetails/19-Del-Tara-Dr-Jacksonville-AR-72076/269696_zpid/,,172000,2026-09-22T00:00:00.000Z,Price change,2026-09-18T00:00:00.000Z,Price change,2026-08-21T00:00:00.000Z,Price change,2026-07-28T00:00:00.000Z,Price change,2026-07-03T00:00:00.000Z,Price change,2026-06-30T00:00:00.000Z,Price change,2026-06-19T00:00:00.000Z,Price change,2026-06-17T00:00:00.000Z,Price change,2026-04-24T00:00:00.000Z,Price change,2026-03-23T00:00:00.000Z,Price change,2026-02-27T00:00:00.000Z,Price change,2026-01-29T00:00:00.000Z,Price change,2026-01-22T00:00:00.000Z,Price change,2026-01-02T00:00:00.000Z,Price change,2025-12-20T00:00:00.000Z,Price change,2025-06-03T00:00:00.000Z,Price change,2025-05-22T00:00:00.000Z,Price change,2025-05-16T00:00:00.000Z,Price change,2025-05-06T00:00:00.000Z,Price change,2025-04-16T00:00:00.000Z,Price change,2025-04-11T00:00:00.000Z,Price change,2025-04-08T00:00:00.000Z,Price change,2025-04-07T00:00:00.000Z,Price change,2025-04-03T00:00:00.000Z,Price change,2025-03-25T00:00:00.000Z,Listed for rent,2022-06-21T00:00:00.000Z,Sold,2014-08-22T00:00:00.000Z,Sold,2006-11-02T00:00:00.000Z,Sold,2004-07-23T00:00:00.000Z,Sold,,
"1008 Santa Fe Trl, Bauxite, AR 72011",1008 Santa Fe Trl,Bauxite,AR,,forRent,,,,,,https://www.zillow.com/b/1008-santa-fe-trl-bauxite-ar-BqKjfx/,,,,,,,,,,,,,,,,,,,,,,,,,,,,,,,,,,,,,,,,,,,,,,,,,,,,,,,,,,,,,,
"17024 Congo Ferndale Rd, Little Rock, AR 72210",17024 Congo Ferndale Rd,Little Rock,AR,,forRent,4,1590,,1675,109,https://www.zillow.com/homedetails/17024-Congo-Ferndale-Rd-Little-Rock-AR-72210/370120_zpid/,,279500,2026-06-10T00:00:00.000Z,Listed for rent,2020-09-11T00:00:00.000Z,Listing removed,2020-07-23T00:00:00.000Z,Listed for rent,2018-05-13T00:00:00.000Z,Listing removed,2018-01-31T00:00:00.000Z,Listed for rent,2017-03-29T00:00:00.000Z,Sold,,,,,,,,,,,,,,,,,,,,,,,,,,,,,,,,,,,,,,,,,,,,,,,,
"217 Raney Pl, Jacksonville, AR 72076",217 Raney Pl,Jacksonville,AR,,forRent,3,1480,,1200,7,https://www.zillow.com/homedetails/217-Raney-Pl-Jacksonville-AR-72076/267279_zpid/,,57500,2026-09-26T00:00:00.000Z,Price change,2026-09-21T00:00:00.000Z,Listed for rent,2025-03-11T00:00:00.000Z,Listing removed,2025-02-27T00:00:00.000Z,Listed for rent,2024-02-20T00:00:00.000Z,Listing removed,2024-01-11T00:00:00.000Z,Price change,2024-01-03T00:00:00.000Z,Price change,2023-09-12T00:00:00.000Z,Listed for rent,2023-08-29T00:00:00.000Z,Listing removed,2023-08-10T00:00:00.000Z,Listed for rent,2022-05-11T00:00:00.000Z,Listing removed,2022-05-09T00:00:00.000Z,Listed for rent,2021-05-08T00:00:00.000Z,Listing removed,2021-04-29T00:00:00.000Z,Listed for rent,2021-03-24T00:00:00.000Z,Listing removed,2020-02-22T00:00:00.000Z,Listing removed,2019-12-07T00:00:00.000Z,Listed for rent,2019-09-20T00:00:00.000Z,Sold,2019-06-05T00:00:00.000Z,Sold,2016-09-16T00:00:00.000Z,Sold,2016-06-07T00:00:00.000Z,Listed for sale,2016-03-23T00:00:00.000Z,Listing removed,2015-09-17T00:00:00.000Z,Price change,2015-08-26T00:00:00.000Z,Price change,2015-07-18T00:00:00.000Z,Listed for sale,2013-07-19T00:00:00.000Z,Sold,2006-09-18T00:00:00.000Z,Sold,,,,,,
"501 Hemphill Rd, Sherwood, AR 72120",501 Hemphill Rd,Sherwood,AR,,forRent,3,1550,,1900,6,https://www.zillow.com/homedetails/501-Hemphill-Rd-Sherwood-AR-72120/278581_zpid/,,325500,2026-09-21T00:00:00.000Z,Listed for rent,2021-03-24T00:00:00.000Z,Listing removed,2015-04-29T00:00:00.000Z,Listing removed,2015-04-25T00:00:00.000Z,Price change,2015-04-17T00:00:00.000Z,Price change,2015-04-09T00:00:00.000Z,Listed for rent,2013-10-10T00:00:00.000Z,Sold,2011-01-26T00:00:00.000Z,Sold,1996-10-01T00:00:00.000Z,Sold,,,,,,,,,,,,,,,,,,,,,,,,,,,,,,,,,,,,,,,,,,
"522 Water St, North Little Rock, AR 72117",522 Water St,North Little Rock,AR,,forRent,3,1100,,844,103,https://www.zillow.com/homedetails/522-Water-St-North-Little-Rock-AR-72117/276658_zpid/,,200000,2026-08-22T00:00:00.000Z,Price change,2026-08-20T00:00:00.000Z,Price change,2026-06-29T00:00:00.000Z,Price change,2026-06-16T00:00:00.000Z,Listed for rent,2025-10-13T00:00:00.000Z,Listing removed,2025-09-22T00:00:00.000Z,Price change,2025-09-19T00:00:00.000Z,Price change,2025-08-30T00:00:00.000Z,Price change,2025-08-27T00:00:00.000Z,Price change,2025-08-25T00:00:00.000Z,Price change,2025-08-22T00:00:00.000Z,Listed for rent,2025-04-02T00:00:00.000Z,Listing removed,2025-03-21T00:00:00.000Z,Price change,2025-03-18T00:00:00.000Z,Price change,2025-03-15T00:00:00.000Z,Price change,2025-03-11T00:00:00.000Z,Listed for rent,2023-03-17T00:00:00.000Z,Listing removed,2023-03-14T00:00:00.000Z,Price change,2023-03-02T00:00:00.000Z,Price change,2023-02-17T00:00:00.000Z,Price change,2023-01-25T00:00:00.000Z,Price change,2022-12-01T00:00:00.000Z,Price change,2022-11-18T00:00:00.000Z,Price change,2022-10-29T00:00:00.000Z,Listed for rent,2022-10-27T00:00:00.000Z,Listing removed,2013-06-21T00:00:00.000Z,Sold,2004-08-25T00:00:00.000Z,Sold,1997-07-15T00:00:00.000Z,Sold,,,,
"5207 Glenmere Rd, North Little Rock, AR 72116",5207 Glenmere Rd,North Little Rock,AR,,forRent,3,1286,,1350,4,https://www.zillow.com/homedetails/5207-Glenmere-Rd-North-Little-Rock-AR-72116/295501_zpid/,,150000,2026-09-24T00:00:00.000Z,Listed for rent,2022-02-05T00:00:00.000Z,Listing removed,2022-01-21T00:00:00.000Z,Listed for rent,2021-12-30T00:00:00.000Z,Sold,2015-02-20T00:00:00.000Z,Sold,2014-12-24T00:00:00.000Z,Listed for sale,2013-10-17T00:00:00.000Z,Sold,1997-03-28T00:00:00.000Z,Sold,,,,,,,,,,,,,,,,,,,,,,,,,,,,,,,,,,,,,,,,,,,,
"414 Newcomb Cv, Benton, AR 72015",414 Newcomb Cv,Benton,AR,,forRent,3,1384,,1600,8,https://www.zillow.com/homedetails/414-Newcomb-Cv-Benton-AR-72015/384931_zpid/,,65531,2026-07-17T00:00:00.000Z,Listed for rent,2010-11-30T00:00:00.000Z,Sold,2005-03-03T00:00:00.000Z,Sold,,,,,,,,,,,,,,,,,,,,,,,,,,,,,,,,,,,,,,,,,,,,,,,,,,,,,,
"1067 Huntington Dr, Benton, AR 72019",1067 Huntington Dr,Benton,AR,,forRent,4,1459,,1445,45,https://www.zillow.com/homedetails/1067-Huntington-Dr-Benton-AR-72019/2061767452_zpid/,,,2026-09-24T00:00:00.000Z,Price change,2026-09-17T00:00:00.000Z,Price change,2026-08-13T00:00:00.000Z,Listed for rent,2024-11-08T00:00:00.000Z,Listing removed,2024-11-05T00:00:00.000Z,Listed for rent,2024-03-22T00:00:00.000Z,Listing removed,2024-02-27T00:00:00.000Z,Listed for rent,2023-02-14T00:00:00.000Z,Listing removed,2023-01-26T00:00:00.000Z,Listed for rent,2022-12-17T00:00:00.000Z,Listing removed,2022-12-01T00:00:00.000Z,Price change,2022-11-11T00:00:00.000Z,Price change,2022-08-26T00:00:00.000Z,Listed for sale,,,,,,,,,,,,,,,,,,,,,,,,,,,,,,,,,,
"5717 Cypress Ln, North Little Rock, AR 72117",5717 Cypress Ln,North Little Rock,AR,,forRent,3,1284,,1550,16,https://www.zillow.com/homedetails/5717-Cypress-Ln-North-Little-Rock-AR-72117/305398903_zpid/,,192500,2026-09-11T00:00:00.000Z,Listed for rent,2025-07-30T00:00:00.000Z,Sold,2025-07-30T00:00:00.000Z,Contingent,2025-06-21T00:00:00.000Z,Listed for sale,2020-05-26T00:00:00.000Z,Sold,2020-03-09T00:00:00.000Z,Sold,,,,,,,,,,,,,,,,,,,,,,,,,,,,,,,,,,,,,,,,,,,,,,,,
"2248 Centennial Valley Dr, Benton, AR 72019",2248 Centennial Valley Dr,Benton,AR,,forRent,3,1480,,1595,4,https://www.zillow.com/homedetails/2248-Centennial-Valley-Dr-Benton-AR-72019/2071964933_zpid/,,203315,2026-09-23T00:00:00.000Z,Listed for rent,2025-09-12T00:00:00.000Z,Listing removed,2025-09-10T00:00:00.000Z,Price change,2025-08-18T00:00:00.000Z,Listed for rent,2021-10-28T00:00:00.000Z,Sold,2021-07-30T00:00:00.000Z,Pending sale,2021-06-04T00:00:00.000Z,Price change,2021-04-30T00:00:00.000Z,Price change,2021-04-07T00:00:00.000Z,Listed for sale,,,,,,,,,,,,,,,,,,,,,,,,,,,,,,,,,,,,,,,,,,
"905 Pheasant Cv, Benton, AR 72019",905 Pheasant Cv,Benton,AR,,forRent,3,1415,,1595,24,https://www.zillow.com/homedetails/905-Pheasant-Cv-Benton-AR-72019/385747_zpid/,,158000,2026-09-03T00:00:00.000Z,Listed for rent,2022-05-16T00:00:00.000Z,Listing removed,2022-04-20T00:00:00.000Z,Price change,2022-04-14T00:00:00.000Z,Price change,2022-04-06T00:00:00.000Z,Price change,2022-03-22T00:00:00.000Z,Listed for rent,2022-02-01T00:00:00.000Z,Sold,2022-01-21T00:00:00.000Z,Contingent,2022-01-19T00:00:00.000Z,Listed for sale,,,,,,,,,,,,,,,,,,,,,,,,,,,,,,,,,,,,,,,,,,
"2121 S Park St, Little Rock, AR 72202",2121 S Park St,Little Rock,AR,,forRent,3,1120,,1100,0,https://www.zillow.com/homedetails/2121-S-Park-St-Little-Rock-AR-72202/315464_zpid/,,107000,2026-09-27T00:00:00.000Z,Price change,2026-09-10T00:00:00.000Z,Listed for rent,2026-08-31T00:00:00.000Z,Listing removed,2026-07-28T00:00:00.000Z,Price change,2026-07-01T00:00:00.000Z,Listed for rent,2024-11-27T00:00:00.000Z,Sold,2024-10-10T00:00:00.000Z,Listed for sale,2023-06-27T00:00:00.000Z,Listing removed,2023-06-13T00:00:00.000Z,Listed for rent,2019-06-21T00:00:00.000Z,Listing removed,2019-05-29T00:00:00.000Z,Listed for rent,2018-10-10T00:00:00.000Z,Sold,2018-07-10T00:00:00.000Z,Listed for sale,2018-04-16T00:00:00.000Z,Listing removed,2018-04-07T00:00:00.000Z,Price change,2018-03-14T00:00:00.000Z,Listed for sale,2018-01-29T00:00:00.000Z,Sold,2015-06-26T00:00:00.000Z,Sold,2010-06-24T00:00:00.000Z,Sold,2008-04-25T00:00:00.000Z,Sold,,,,,,,,,,,,,,,,,,,,
"7301 Fairfield Dr, Little Rock, AR 72209",7301 Fairfield Dr,Little Rock,AR,,forRent,4,1200,,1395,10,https://www.zillow.com/homedetails/7301-Fairfield-Dr-Little-Rock-AR-72209/358018_zpid/,,64900,2026-09-17T00:00:00.000Z,Listed for rent,2017-05-04T00:00:00.000Z,Listing removed,2017-04-17T00:00:00.000Z,Listed for rent,2015-09-04T00:00:00.000Z,Sold,2013-06-05T00:00:00.000Z,Sold,2012-12-11T00:00:00.000Z,Sold,2012-11-28T00:00:00.000Z,Price change,2012-11-11T00:00:00.000Z,Price change,2012-10-27T00:00:00.000Z,Listed for sale,2006-11-30T00:00:00.000Z,Sold,1999-02-25T00:00:00.000Z,Sold,,,,,,,,,,,,,,,,,,,,,,,,,,,,,,,,,,,,,,
"3414 N Magnolia St, North Little Rock, AR 72116",3414 N Magnolia St,North Little Rock,AR,,forRent,3,934,,2300,25,https://www.zillow.com/homedetails/3414-N-Magnolia-St-North-Little-Rock-AR-72116/293542_zpid/,,85000,2026-09-02T00:00:00.000Z,Listed for rent,2026-03-18T00:00:00.000Z,Listing removed,2026-02-19T00:00:00.000Z,Price change,2025-11-07T00:00:00.000Z,Listed for rent,2025-09-23T00:00:00.000Z,Listing removed,2025-07-30T00:00:00.000Z,Listed for rent,2025-07-14T00:00:00.000Z,Listing removed,2025-06-13T00:00:00.000Z,Price change,2025-02-10T00:00:00.000Z,Listed for rent,2025-02-03T00:00:00.000Z,Listing removed,2025-01-15T00:00:00.000Z,Listed for rent,2024-11-23T00:00:00.000Z,Listing removed,2024-11-08T00:00:00.000Z,Listed for rent,2024-10-25T00:00:00.000Z,Listing removed,2024-10-15T00:00:00.000Z,Listed for rent,2024-07-22T00:00:00.000Z,Listing removed,2024-06-26T00:00:00.000Z,Price change,2024-01-18T00:00:00.000Z,Listed for rent,2023-11-28T00:00:00.000Z,Listing removed,2023-08-19T00:00:00.000Z,Listed for rent,2022-12-21T00:00:00.000Z,Sold,2022-12-21T00:00:00.000Z,Contingent,2022-11-15T00:00:00.000Z,Listed for sale,2014-07-18T00:00:00.000Z,Sold,,,,,,,,,,,,
"14611 Parkway Meadows Dr, Alexander, AR 72002",14611 Parkway Meadows Dr,Alexander,AR,,forRent,3,1500,,1625,10,https://www.zillow.com/homedetails/14611-Parkway-Meadows-Dr-Alexander-AR-72002/112089546_zpid/,,192000,2026-09-17T00:00:00.000Z,Listed for rent,2025-09-08T00:00:00.000Z,Listing removed,2025-08-28T00:00:00.000Z,Listed for rent,2024-09-13T00:00:00.000Z,Listing removed,2024-08-05T00:00:00.000Z,Listed for rent,2024-07-24T00:00:00.000Z,Listing removed,2024-06-28T00:00:00.000Z,Listed for rent,2022-05-19T00:00:00.000Z,Listing removed,2022-05-04T00:00:00.000Z,Price change,2022-04-15T00:00:00.000Z,Listed for rent,2022-03-09T00:00:00.000Z,Sold,2022-02-17T00:00:00.000Z,Contingent,2022-02-15T00:00:00.000Z,Listed for sale,2019-11-19T00:00:00.000Z,Sold,2019-09-16T00:00:00.000Z,Price change,2019-08-19T00:00:00.000Z,Listed for sale,2013-07-11T00:00:00.000Z,Sold,2013-03-06T00:00:00.000Z,Price change,2013-01-31T00:00:00.000Z,Price change,2013-01-19T00:00:00.000Z,Listed for sale,2010-04-21T00:00:00.000Z,Sold,,,,,,,,,,,,,,,,,,
"7305 Ohio St, Little Rock, AR 72207",7305 Ohio St,Little Rock,AR,,forRent,3,1066,,1350,4,https://www.zillow.com/homedetails/7305-Ohio-St-Little-Rock-AR-72207/342111_zpid/,,99000,2026-09-24T00:00:00.000Z,Listed for rent,2026-08-07T00:00:00.000Z,Sold,2015-09-17T00:00:00.000Z,Sold,1999-05-20T00:00:00.000Z,Sold,,,,,,,,,,,,,,,,,,,,,,,,,,,,,,,,,,,,,,,,,,,,,,,,,,,,
"205 Wisteria Dr, North Little Rock, AR 72118",205 Wisteria Dr,North Little Rock,AR,,forRent,3,900,,1100,19,https://www.zillow.com/homedetails/205-Wisteria-Dr-North-Little-Rock-AR-72118/297278_zpid/,,62000,2026-09-08T00:00:00.000Z,Listed for rent,2026-03-27T00:00:00.000Z,Listing removed,2026-03-13T00:00:00.000Z,Listed for rent,2026-01-22T00:00:00.000Z,Sold,2023-06-05T00:00:00.000Z,Sold,2014-12-30T00:00:00.000Z,Sold,2000-03-29T00:00:00.000Z,Sold,,,,,,,,,,,,,,,,,,,,,,,,,,,,,,,,,,,,,,,,,,,,,,
"512 Middle St, North Little Rock, AR 72117",512 Middle St,North Little Rock,AR,,forRent,3,924,,1150,31,https://www.zillow.com/homedetails/512-Middle-St-North-Little-Rock-AR-72117/276793_zpid/,,0,2026-08-27T00:00:00.000Z,Listed for rent,2026-08-27T00:00:00.000Z,Listing removed,2026-07-08T00:00:00.000Z,Listed for rent,2020-03-03T00:00:00.000Z,Listing removed,2020-02-04T00:00:00.000Z,Listed for rent,2019-11-05T00:00:00.000Z,Listing removed,2019-10-29T00:00:00.000Z,Listed for rent,2011-04-28T00:00:00.000Z,Sold,,,,,,,,,,,,,,,,,,,,,,,,,,,,,,,,,,,,,,,,,,,,
"2508 Grist Mill Rd, Little Rock, AR 72227",2508 Grist Mill Rd,Little Rock,AR,,forRent,3,1858,,2100,23,https://www.zillow.com/homedetails/2508-Grist-Mill-Rd-Little-Rock-AR-72227/337061_zpid/,,173700,2026-09-16T00:00:00.000Z,Price change,2026-09-04T00:00:00.000Z,Listed for rent,2022-03-10T00:00:00.000Z,Listing removed,2022-03-09T00:00:00.000Z,Listed for rent,2022-02-03T00:00:00.000Z,Listing removed,2022-01-31T00:00:00.000Z,Listed for rent,2017-12-29T00:00:00.000Z,Sold,2017-12-05T00:00:00.000Z,Listed for sale,2015-08-26T00:00:00.000Z,Sold,2012-07-25T00:00:00.000Z,Sold,2012-06-23T00:00:00.000Z,Pending sale,2012-06-18T00:00:00.000Z,Listed for sale,2006-01-09T00:00:00.000Z,Sold,,,,,,,,,,,,,,,,,,,,,,,,,,,,,,,,,,
"4056 Kings River Trl, Bauxite, AR 72011",4056 Kings River Trl,Bauxite,AR,,forRent,3,1480,,1345,61,https://www.zillow.com/homedetails/4056-Kings-River-Trl-Bauxite-AR-72011/2062403626_zpid/,,200660,2026-09-22T00:00:00.000Z,Price change,2026-08-27T00:00:00.000Z,Price change,2026-08-20T00:00:00.000Z,Price change,2026-08-13T00:00:00.000Z,Price change,2026-07-29T00:00:00.000Z,Listed for rent,2023-02-11T00:00:00.000Z,Listing removed,2023-02-03T00:00:00.000Z,Price change,2023-01-11T00:00:00.000Z,Price change,2022-12-14T00:00:00.000Z,Price change,2022-11-22T00:00:00.000Z,Price change,2022-11-10T00:00:00.000Z,Listed for rent,2022-10-28T00:00:00.000Z,Sold,2022-10-08T00:00:00.000Z,Contingent,2022-08-24T00:00:00.000Z,Price change,2022-08-04T00:00:00.000Z,Price change,2022-07-26T00:00:00.000Z,Price change,2022-07-21T00:00:00.000Z,Listed for sale,2022-07-18T00:00:00.000Z,Listing removed,2022-07-13T00:00:00.000Z,Listed for sale,,,,,,,,,,,,,,,,,,,,,,
"4417 W 26th St, Little Rock, AR 72204",4417 W 26th St,Little Rock,AR,,forRent,3,1197,,1100,6,https://www.zillow.com/homedetails/4417-W-26th-St-Little-Rock-AR-72204/314146_zpid/,,100000,2026-09-21T00:00:00.000Z,Listed for rent,2025-02-03T00:00:00.000Z,Listing removed,2025-01-29T00:00:00.000Z,Price change,2024-12-17T00:00:00.000Z,Price change,2024-11-26T00:00:00.000Z,Price change,2024-11-02T00:00:00.000Z,Listed for rent,2024-10-29T00:00:00.000Z,Sold,2024-08-14T00:00:00.000Z,Price change,2024-07-31T00:00:00.000Z,Price change,2024-07-19T00:00:00.000Z,Listed for sale,2018-11-02T00:00:00.000Z,Sold,2018-10-28T00:00:00.000Z,Price change,2018-10-11T00:00:00.000Z,Listed for sale,2018-08-17T00:00:00.000Z,Listing removed,2018-08-06T00:00:00.000Z,Listed for sale,,,,,,,,,,,,,,,,,,,,,,,,,,,,,,
"508 W 33rd St, North Little Rock, AR 72118",508 W 33rd St,North Little Rock,AR,,forRent,3,1629,,1300,26,https://www.zillow.com/homedetails/508-W-33rd-St-North-Little-Rock-AR-72118/301739_zpid/,,129900,2026-09-11T00:00:00.000Z,Price change,2026-09-05T00:00:00.000Z,Price change,2026-09-01T00:00:00.000Z,Listed for rent,2026-08-31T00:00:00.000Z,Listing removed,2026-07-14T00:00:00.000Z,Listed for sale,2026-07-03T00:00:00.000Z,Listing removed,2026-02-20T00:00:00.000Z,Price change,2026-02-05T00:00:00.000Z,Listed for sale,2023-05-24T00:00:00.000Z,Sold,2023-03-04T00:00:00.000Z,Price change,2023-02-15T00:00:00.000Z,Listed for sale,2019-01-01T00:00:00.000Z,Listing removed,2018-07-26T00:00:00.000Z,Price change,2018-06-29T00:00:00.000Z,Price change,2018-06-04T00:00:00.000Z,Listed for sale,2018-02-21T00:00:00.000Z,Sold,2014-08-21T00:00:00.000Z,Sold,,,,,,,,,,,,,,,,,,,,,,,,,,
"6413 Amalie Dr, Alexander, AR 72002",6413 Amalie Dr,Alexander,AR,,forRent,3,1485,,1675,19,https://www.zillow.com/homedetails/6413-Amalie-Dr-Alexander-AR-72002/247595729_zpid/,,198000,2026-09-08T00:00:00.000Z,Listed for rent,2025-08-18T00:00:00.000Z,Listing removed,2025-08-06T00:00:00.000Z,Listed for rent,2022-05-12T00:00:00.000Z,Listing removed,2022-05-04T00:00:00.000Z,Price change,2022-04-27T00:00:00.000Z,Price change,2022-04-12T00:00:00.000Z,Listed for rent,2022-03-01T00:00:00.000Z,Sold,2022-01-18T00:00:00.000Z,Listed for sale,2018-09-21T00:00:00.000Z,Sold,2018-08-07T00:00:00.000Z,Listed for sale,2018-06-21T00:00:00.000Z,Listing removed,2018-05-23T00:00:00.000Z,Price change,2018-05-11T00:00:00.000Z,Listed for sale,,,,,,,,,,,,,,,,,,,,,,,,,,,,,,,,
"8512 Highway 5 N, Benton, AR 72019",8512 Highway 5 N,Benton,AR,,forRent,4,1533,,1895,13,https://www.zillow.com/homedetails/8512-Highway-5-N-Benton-AR-72019/394628139_zpid/,,,2026-09-14T00:00:00.000Z,Listed for rent,2024-09-13T00:00:00.000Z,Listing removed,2024-07-15T00:00:00.000Z,Listed for rent,,,,,,,,,,,,,,,,,,,,,,,,,,,,,,,,,,,,,,,,,,,,,,,,,,,,,,
"402 Stone Creek Dr, Benton, AR 72015",402 Stone Creek Dr,Benton,AR,,forRent,4,1762,,1895,19,https://www.zillow.com/homedetails/402-Stone-Creek-Dr-Benton-AR-72015/71716020_zpid/,,178000,2026-09-08T00:00:00.000Z,Listed for rent,2023-09-17T00:00:00.000Z,Listing removed,2023-07-18T00:00:00.000Z,Listing removed,2023-06-14T00:00:00.000Z,Price change,2023-06-06T00:00:00.000Z,Listed for rent,2021-09-16T00:00:00.000Z,Sold,2016-08-06T00:00:00.000Z,Listing removed,2016-07-13T00:00:00.000Z,Listed for sale,2016-05-27T00:00:00.000Z,Listing removed,2016-04-15T00:00:00.000Z,Listed for sale,2006-07-11T00:00:00.000Z,Sold,,,,,,,,,,,,,,,,,,,,,,,,,,,,,,,,,,,,,,
"38 Southern Oaks Dr, Little Rock, AR 72209",38 Southern Oaks Dr,Little Rock,AR,,forRent,3,1100,,1350,25,https://www.zillow.com/homedetails/38-Southern-Oaks-Dr-Little-Rock-AR-72209/320062_zpid/,,60000,2026-09-02T00:00:00.000Z,Listed for rent,2025-10-23T00:00:00.000Z,Listing removed,2025-10-06T00:00:00.000Z,Listed for rent,2025-02-27T00:00:00.000Z,Sold,2025-02-06T00:00:00.000Z,Contingent,2024-12-09T00:00:00.000Z,Price change,2024-11-27T00:00:00.000Z,Listed for sale,2014-05-30T00:00:00.000Z,Sold,2001-06-04T00:00:00.000Z,Sold,,,,,,,,,,,,,,,,,,,,,,,,,,,,,,,,,,,,,,,,,,
"1294 Ridge Rd, Benton, AR 72015",1294 Ridge Rd,Benton,AR,,forRent,3,1108,,1120,21,https://www.zillow.com/homedetails/1294-Ridge-Rd-Benton-AR-72015/114182952_zpid/,,2000,2026-09-24T00:00:00.000Z,Price change,2026-09-06T00:00:00.000Z,Listed for rent,2022-08-12T00:00:00.000Z,Listing removed,2022-08-01T00:00:00.000Z,Price change,2022-07-27T00:00:00.000Z,Listed for rent,2013-02-01T00:00:00.000Z,Sold,,,,,,,,,,,,,,,,,,,,,,,,,,,,,,,,,,,,,,,,,,,,,,,,
"821 Church, Benton, AR 72015",821 Church,Benton,AR,,forRent,4,1540,,1675,23,https://www.zillow.com/homedetails/821-Church-Benton-AR-72015/387634_zpid/,,155000,2026-09-04T00:00:00.000Z,Listed for rent,2021-08-04T00:00:00.000Z,Listing removed,2021-07-27T00:00:00.000Z,Listed for rent,2021-06-04T00:00:00.000Z,Sold,2020-12-14T00:00:00.000Z,Sold,2020-10-24T00:00:00.000Z,Listed for sale,,,,,,,,,,,,,,,,,,,,,,,,,,,,,,,,,,,,,,,,,,,,,,,,
"6065 Discovery Trl, Bauxite, AR 72011",6065 Discovery Trl,Bauxite,AR,,forRent,4,1459,,1595,12,https://www.zillow.com/homedetails/6065-Discovery-Trl-Bauxite-AR-72011/442588179_zpid/,,192660,2026-09-15T00:00:00.000Z,Listed for rent,2026-08-11T00:00:00.000Z,Listing removed,2026-08-03T00:00:00.000Z,Listed for rent,2025-07-01T00:00:00.000Z,Listing removed,2025-05-23T00:00:00.000Z,Listed for rent,2025-05-09T00:00:00.000Z,Sold,2025-05-01T00:00:00.000Z,Contingent,2025-04-15T00:00:00.000Z,Price change,2025-04-04T00:00:00.000Z,Price change,2025-03-07T00:00:00.000Z,Price change,2025-02-28T00:00:00.000Z,Price change,2025-01-30T00:00:00.000Z,Price change,2024-12-14T00:00:00.000Z,Listed for sale,2024-11-22T00:00:00.000Z,Listing removed,2024-11-14T00:00:00.000Z,Listed for sale,,,,,,,,,,,,,,,,,,,,,,,,,,,,,,
"2705 Timbermist Cir, Benton, AR 72015",2705 Timbermist Cir,Benton,AR,,forRent,3,1200,,1575,10,https://www.zillow.com/homedetails/2705-Timbermist-Cir-Benton-AR-72015/386796_zpid/,,151000,2026-09-17T00:00:00.000Z,Listed for rent,2025-09-02T00:00:00.000Z,Listing removed,2025-08-27T00:00:00.000Z,Price change,2025-08-14T00:00:00.000Z,Price change,2025-06-30T00:00:00.000Z,Listed for rent,2022-08-30T00:00:00.000Z,Listing removed,2022-08-24T00:00:00.000Z,Listed for rent,2021-08-09T00:00:00.000Z,Listing removed,2021-08-05T00:00:00.000Z,Listed for rent,2021-07-07T00:00:00.000Z,Sold,2021-07-07T00:00:00.000Z,Contingent,2021-06-05T00:00:00.000Z,Listed for sale,2021-03-24T00:00:00.000Z,Listing removed,2018-12-27T00:00:00.000Z,Listing removed,2018-09-29T00:00:00.000Z,Listed for sale,2008-06-20T00:00:00.000Z,Sold,,,,,,,,,,,,,,,,,,,,,,,,,,,,
"2211 Westport Loop, Little Rock, AR 72212",2211 Westport Loop,Little Rock,AR,,forRent,5,3530,,2900,25,https://www.zillow.com/homedetails/2211-Westport-Loop-Little-Rock-AR-72212/79784721_zpid/,,444000,2026-09-02T00:00:00.000Z,Listed for rent,2026-09-01T00:00:00.000Z,Listing removed,2026-07-08T00:00:00.000Z,Price change,2026-04-12T00:00:00.000Z,Price change,2026-02-25T00:00:00.000Z,Listed for sale,2022-06-29T00:00:00.000Z,Sold,2022-03-05T00:00:00.000Z,Listed for sale,2004-07-22T00:00:00.000Z,Sold,,,,,,,,,,,,,,,,,,,,,,,,,,,,,,,,,,,,,,,,,,,,
"2064 Fern Valley Dr, Alexander, AR 72002",2064 Fern Valley Dr,Alexander,AR,,forRent,3,1394,,1595,11,https://www.zillow.com/homedetails/2064-Fern-Valley-Dr-Alexander-AR-72002/247595904_zpid/,,169000,2026-09-16T00:00:00.000Z,Listed for rent,2025-12-24T00:00:00.000Z,Listing removed,2025-11-13T00:00:00.000Z,Listed for rent,2023-05-30T00:00:00.000Z,Listing removed,2023-05-15T00:00:00.000Z,Listed for rent,2021-06-30T00:00:00.000Z,Listing removed,2021-06-22T00:00:00.000Z,Listed for rent,2021-06-14T00:00:00.000Z,Sold,2021-06-13T00:00:00.000Z,Contingent,2021-05-13T00:00:00.000Z,Listed for sale,2016-12-16T00:00:00.000Z,Sold,,,,,,,,,,,,,,,,,,,,,,,,,,,,,,,,,,,,,,
"1618 E 31st St, N Little Rock, AR 72116",1618 E 31st St,N Little Rock,AR,,forRent,4,2140,,2000,5,https://www.zillow.com/homedetails/1618-E-31st-St-N-Little-Rock-AR-72116/180180432_zpid/,,139000,2026-09-22T00:00:00.000Z,Listed for rent,2025-12-09T00:00:00.000Z,Listing removed,2025-12-08T00:00:00.000Z,Listed for rent,2025-03-14T00:00:00.000Z,Listing removed,2025-02-21T00:00:00.000Z,Listed for rent,2025-02-05T00:00:00.000Z,Listing removed,2024-12-11T00:00:00.000Z,Listed for rent,2024-11-06T00:00:00.000Z,Listing removed,2024-10-20T00:00:00.000Z,Listed for rent,2024-10-12T00:00:00.000Z,Listing removed,2024-09-30T00:00:00.000Z,Listed for rent,2023-03-17T00:00:00.000Z,Listing removed,2023-03-07T00:00:00.000Z,Listed for rent,2008-02-14T00:00:00.000Z,Sold,2006-02-24T00:00:00.000Z,Sold,1998-09-03T00:00:00.000Z,Sold,,,,,,,,,,,,,,,,,,,,,,,,,,,,
"112 Central Ave, Jacksonville, AR 72076",112 Central Ave,Jacksonville,AR,,forRent,3,792,,1000,76,https://www.zillow.com/homedetails/112-Central-Ave-Jacksonville-AR-72076/266518_zpid/,,160000,2026-07-14T00:00:00.000Z,Listed for rent,2026-06-23T00:00:00.000Z,Listing removed,2026-06-06T00:00:00.000Z,Price change,2026-06-04T00:00:00.000Z,Listed for rent,2014-05-15T00:00:00.000Z,Sold,1986-02-01T00:00:00.000Z,Sold,,,,,,,,,,,,,,,,,,,,,,,,,,,,,,,,,,,,,,,,,,,,,,,,
"15 Leruss Blvd, Cabot, AR 72023",15 Leruss Blvd,Cabot,AR,,forRent,,,,,,https://www.zillow.com/b/15-leruss-blvd-cabot-ar-CkhJp8/,,,,,,,,,,,,,,,,,,,,,,,,,,,,,,,,,,,,,,,,,,,,,,,,,,,,,,,,,,,,,,
"640 Cherub Dr, Conway, AR 72034",640 Cherub Dr,Conway,AR,,forRent,3,1144,,1500,14,https://www.zillow.com/homedetails/640-Cherub-Dr-Conway-AR-72034/242932_zpid/,,180000,2026-09-13T00:00:00.000Z,Listed for rent,2026-08-28T00:00:00.000Z,Sold,2026-08-27T00:00:00.000Z,Contingent,2026-07-26T00:00:00.000Z,Listed for sale,2018-04-26T00:00:00.000Z,Sold,2013-10-04T00:00:00.000Z,Sold,2010-09-24T00:00:00.000Z,Sold,,,,,,,,,,,,,,,,,,,,,,,,,,,,,,,,,,,,,,,,,,,,,,
"4713 Marlborough St, Little Rock, AR 72204",4713 Marlborough St,Little Rock,AR,,forRent,3,1392,,1300,10,https://www.zillow.com/homedetails/4713-Marlborough-St-Little-Rock-AR-72204/354675_zpid/,,207000,2026-09-17T00:00:00.000Z,Listed for rent,2026-07-28T00:00:00.000Z,Listing removed,2026-05-29T00:00:00.000Z,Price change,2026-05-08T00:00:00.000Z,Price change,2026-03-19T00:00:00.000Z,Listed for rent,2021-03-24T00:00:00.000Z,Listing removed,2015-08-20T00:00:00.000Z,Sold,2014-06-09T00:00:00.000Z,Listing removed,2014-04-25T00:00:00.000Z,Listed for rent,2012-06-30T00:00:00.000Z,Listing removed,2012-02-09T00:00:00.000Z,Listed for rent,,,,,,,,,,,,,,,,,,,,,,,,,,,,,,,,,,,,,,
"24 Edgemont Dr, Little Rock, AR 72209",24 Edgemont Dr,Little Rock,AR,,forRent,3,1008,,1150,110,https://www.zillow.com/homedetails/24-Edgemont-Dr-Little-Rock-AR-72209/355455_zpid/,,99900,2026-05-06T00:00:00.000Z,Listed for rent,2024-03-25T00:00:00.000Z,Listing removed,2024-01-12T00:00:00.000Z,Listed for rent,2023-11-13T00:00:00.000Z,Sold,2023-05-25T00:00:00.000Z,Listed for sale,2023-05-19T00:00:00.000Z,Contingent,2023-04-29T00:00:00.000Z,Listed for sale,2020-04-20T00:00:00.000Z,Sold,2015-11-30T00:00:00.000Z,Sold,2010-12-30T00:00:00.000Z,Sold,2010-06-22T00:00:00.000Z,Listing removed,2010-04-07T00:00:00.000Z,Price change,2010-03-28T00:00:00.000Z,Listed for sale,2010-01-30T00:00:00.000Z,Listing removed,2010-01-16T00:00:00.000Z,Price change,2009-11-28T00:00:00.000Z,Price change,2009-10-25T00:00:00.000Z,Price change,2009-09-13T00:00:00.000Z,Listed for sale,2009-07-15T00:00:00.000Z,Sold,2008-09-16T00:00:00.000Z,Listing removed,2008-08-30T00:00:00.000Z,Price change,2008-07-12T00:00:00.000Z,Price change,2008-02-26T00:00:00.000Z,Listed for sale,,,,,,,,,,,,,,
"2230 Linda Dr, Conway, AR 72032",2230 Linda Dr,Conway,AR,,forRent,3,1348,,1650,6,https://www.zillow.com/homedetails/2230-Linda-Dr-Conway-AR-72032/102994419_zpid/,,205000,2026-09-21T00:00:00.000Z,Listed for rent,2023-11-10T00:00:00.000Z,Listing removed,2023-10-17T00:00:00.000Z,Listed for rent,2023-10-03T00:00:00.000Z,Sold,2021-03-24T00:00:00.000Z,Listing removed,2017-09-25T00:00:00.000Z,Listing removed,2017-06-27T00:00:00.000Z,Pending sale,2017-06-20T00:00:00.000Z,Listed for sale,2013-01-17T00:00:00.000Z,Sold,,,,,,,,,,,,,,,,,,,,,,,,,,,,,,,,,,,,,,,,,,
"7 Cabernet Way, Mayflower, AR 72106",7 Cabernet Way,Mayflower,AR,,forRent,,,,,,"https://www.zillow.com/b/7-cabernet-way-mayflower-ar/34.970715,-92.48699_ll/",,,,,,,,,,,,,,,,,,,,,,,,,,,,,,,,,,,,,,,,,,,,,,,,,,,,,,,,,,,,,,
"29 Del Tara Dr, Jacksonville, AR 72076",29 Del Tara Dr,Jacksonville,AR,,forRent,3,1545,,1560,53,https://www.zillow.com/homedetails/29-Del-Tara-Dr-Jacksonville-AR-72076/269701_zpid/,,145000,2026-08-05T00:00:00.000Z,Listed for rent,2024-09-13T00:00:00.000Z,Sold,2024-08-19T00:00:00.000Z,Listed for sale,2015-07-31T00:00:00.000Z,Listing removed,2015-06-21T00:00:00.000Z,Price change,2015-06-08T00:00:00.000Z,Price change,2015-05-24T00:00:00.000Z,Price change,2015-04-19T00:00:00.000Z,Price change,2015-04-12T00:00:00.000Z,Price change,2015-03-16T00:00:00.000Z,Price change,2015-03-01T00:00:00.000Z,Price change,2015-02-06T00:00:00.000Z,Listed for sale,2015-01-14T00:00:00.000Z,Sold,2014-06-28T00:00:00.000Z,Listing removed,2014-05-07T00:00:00.000Z,Price change,2014-02-05T00:00:00.000Z,Price change,2013-09-17T00:00:00.000Z,Price change,2013-07-31T00:00:00.000Z,Listed for sale,2006-03-01T00:00:00.000Z,Sold,,,,,,,,,,,,,,,,,,,,,,
"4541 Western Woods Dr, Benton, AR 72015",4541 Western Woods Dr,Benton,AR,,forRent,4,2000,,1895,12,https://www.zillow.com/homedetails/4541-Western-Woods-Dr-Benton-AR-72015/2061302075_zpid/,,313100,2026-09-15T00:00:00.000Z,Listed for rent,2023-03-31T00:00:00.000Z,Sold,2022-11-05T00:00:00.000Z,Listing removed,2022-09-30T00:00:00.000Z,Listed for rent,,,,,,,,,,,,,,,,,,,,,,,,,,,,,,,,,,,,,,,,,,,,,,,,,,,,
"14095 Magnolia Glen Dr, Alexander, AR 72002",14095 Magnolia Glen Dr,Alexander,AR,,forRent,3,1228,,1530,26,https://www.zillow.com/homedetails/14095-Magnolia-Glen-Dr-Alexander-AR-72002/88906053_zpid/,,119500,2026-09-01T00:00:00.000Z,Listed for rent,2020-12-08T00:00:00.000Z,Listing removed,2020-12-02T00:00:00.000Z,Listed for rent,2016-10-13T00:00:00.000Z,Sold,2016-06-29T00:00:00.000Z,Price change,2016-06-06T00:00:00.000Z,Listed for sale,2015-07-08T00:00:00.000Z,Listing removed,2015-06-13T00:00:00.000Z,Listed for rent,2014-07-19T00:00:00.000Z,Listing removed,2014-06-20T00:00:00.000Z,Listed for rent,2013-07-17T00:00:00.000Z,Listing removed,2013-07-03T00:00:00.000Z,Price change,2013-06-14T00:00:00.000Z,Price change,2013-05-17T00:00:00.000Z,Listed for rent,2009-11-06T00:00:00.000Z,Sold,,,,,,,,,,,,,,,,,,,,,,,,,,,,,,
"1105 W 24th St, Little Rock, AR 72206",1105 W 24th St,Little Rock,AR,,forRent,3,2216,,1800,6,https://www.zillow.com/homedetails/1105-W-24th-St-Little-Rock-AR-72206/315966_zpid/,,288500,2026-09-25T00:00:00.000Z,Price change,2026-09-21T00:00:00.000Z,Listed for rent,2026-08-04T00:00:00.000Z,Listing removed,2026-07-09T00:00:00.000Z,Price change,2026-07-01T00:00:00.000Z,Price change,2026-06-22T00:00:00.000Z,Listed for rent,2026-05-29T00:00:00.000Z,Sold,2026-04-23T00:00:00.000Z,Listed for sale,2026-04-23T00:00:00.000Z,Listing removed,2026-04-09T00:00:00.000Z,Price change,2026-03-24T00:00:00.000Z,Price change,2026-03-03T00:00:00.000Z,Listed for sale,2024-12-20T00:00:00.000Z,Sold,2015-05-22T00:00:00.000Z,Sold,2011-09-28T00:00:00.000Z,Sold,,,,,,,,,,,,,,,,,,,,,,,,,,,,,,
"6056 Orange Valley Cv, Mabelvale, AR 72103",6056 Orange Valley Cv,Mabelvale,AR,,forRent,4,1537,,1675,20,https://www.zillow.com/homedetails/6056-Orange-Valley-Cv-Mabelvale-AR-72103/463591455_zpid/,,,2026-07-01T00:00:00.000Z,Listed for rent,,,,,,,,,,,,,,,,,,,,,,,,,,,,,,,,,,,,,,,,,,,,,,,,,,,,,,,,,,
"15 Vineyard Dr, Mayflower, AR 72106",15 Vineyard Dr,Mayflower,AR,,forRent,5,1867,,1855,18,https://www.zillow.com/homedetails/15-Vineyard-Dr-Mayflower-AR-72106/460693101_zpid/,,222000,2026-09-09T00:00:00.000Z,Listed for rent,2026-08-24T00:00:00.000Z,Sold,2026-07-26T00:00:00.000Z,Contingent,2026-05-11T00:00:00.000Z,Price change,2026-04-30T00:00:00.000Z,Listed for sale,2026-03-31T00:00:00.000Z,Contingent,2026-02-25T00:00:00.000Z,Listed for sale,,,,,,,,,,,,,,,,,,,,,,,,,,,,,,,,,,,,,,,,,,,,,,
"2918 W 15th St, Little Rock, AR 72204",2918 W 15th St,Little Rock,AR,,forRent,3,1162,,850,12,https://www.zillow.com/homedetails/2918-W-15th-St-Little-Rock-AR-72204/312838_zpid/,,260000,2026-09-16T00:00:00.000Z,Listed for rent,2026-08-22T00:00:00.000Z,Listing removed,2026-05-21T00:00:00.000Z,Price change,2026-02-21T00:00:00.000Z,Listed for sale,2014-07-11T00:00:00.000Z,Sold,2007-12-21T00:00:00.000Z,Sold,2004-07-22T00:00:00.000Z,Sold,1998-11-19T00:00:00.000Z,Sold,,,,,,,,,,,,,,,,,,,,,,,,,,,,,,,,,,,,,,,,,,,,
"6688 Hollywood Ave, Benton, AR 72019",6688 Hollywood Ave,Benton,AR,,forRent,3,1051,,1595,23,https://www.zillow.com/homedetails/6688-Hollywood-Ave-Benton-AR-72019/460744960_zpid/,,183900,2026-09-04T00:00:00.000Z,Listed for rent,2026-08-28T00:00:00.000Z,Sold,2026-08-10T00:00:00.000Z,Contingent,2026-06-25T00:00:00.000Z,Price change,2026-06-18T00:00:00.000Z,Price change,2026-06-09T00:00:00.000Z,Price change,2026-05-02T00:00:00.000Z,Price change,2026-03-31T00:00:00.000Z,Price change,2026-03-03T00:00:00.000Z,Price change,2026-02-27T00:00:00.000Z,Listed for sale,,,,,,,,,,,,,,,,,,,,,,,,,,,,,,,,,,,,,,,,
"3002 Forest Dr, Bryant, AR 72022",3002 Forest Dr,Bryant,AR,,forRent,3,1409,,1650,18,https://www.zillow.com/homedetails/3002-Forest-Dr-Bryant-AR-72022/390575_zpid/,,213000,2026-09-10T00:00:00.000Z,Listed for rent,2026-08-24T00:00:00.000Z,Sold,2026-06-30T00:00:00.000Z,Listed for sale,2018-03-05T00:00:00.000Z,Sold,2011-03-18T00:00:00.000Z,Sold,2011-02-13T00:00:00.000Z,Listed for sale,2006-08-16T00:00:00.000Z,Sold,,,,,,,,,,,,,,,,,,,,,,,,,,,,,,,,,,,,,,,,,,,,,,
"3010 Marshall St, Little Rock, AR 72206",3010 Marshall St,Little Rock,AR,,forRent,3,1320,,900,26,https://www.zillow.com/homedetails/3010-Marshall-St-Little-Rock-AR-72206/318463_zpid/,,239900,2026-09-01T00:00:00.000Z,Listed for rent,2013-05-29T00:00:00.000Z,Sold,2012-02-27T00:00:00.000Z,Sold,2011-12-13T00:00:00.000Z,Price change,2011-10-29T00:00:00.000Z,Listed for sale,2011-05-11T00:00:00.000Z,Sold,2007-02-16T00:00:00.000Z,Sold,,,,,,,,,,,,,,,,,,,,,,,,,,,,,,,,,,,,,,,,,,,,,,
"3225 Jean Cv, Alexander, AR 72002",3225 Jean Cv,Alexander,AR,,forRent,3,2827,,2600,173,https://www.zillow.com/homedetails/3225-Jean-Cv-Alexander-AR-72002/378862_zpid/,,,2026-07-27T00:00:00.000Z,Price change,2026-04-07T00:00:00.000Z,Listed for rent,,,,,,,,,,,,,,,,,,,,,,,,,,,,,,,,,,,,,,,,,,,,,,,,,,,,,,,,
"103 E Concord Rd, Mayflower, AR 72106",103 E Concord Rd,Mayflower,AR,,forRent,3,1413,,1660,19,https://www.zillow.com/homedetails/103-E-Concord-Rd-Mayflower-AR-72106/463058000_zpid/,,,2026-09-09T00:00:00.000Z,Listed for rent,2026-08-14T00:00:00.000Z,Listing removed,2026-07-20T00:00:00.000Z,Price change,2026-06-09T00:00:00.000Z,Listed for sale,,,,,,,,,,,,,,,,,,,,,,,,,,,,,,,,,,,,,,,,,,,,,,,,,,,,
"5807 Hutsell Rd, Little Rock, AR 72209",5807 Hutsell Rd,Little Rock,AR,,forRent,3,1080,,1200,6,https://www.zillow.com/homedetails/5807-Hutsell-Rd-Little-Rock-AR-72209/320141_zpid/,,9950,2026-09-21T00:00:00.000Z,Listed for rent,2026-09-19T00:00:00.000Z,Listing removed,2026-08-22T00:00:00.000Z,Price change,2026-08-10T00:00:00.000Z,Price change,2026-07-25T00:00:00.000Z,Price change,2026-06-14T00:00:00.000Z,Listed for sale,2026-04-07T00:00:00.000Z,Listing removed,2026-02-02T00:00:00.000Z,Listed for rent,2024-09-12T00:00:00.000Z,Listing removed,2024-09-11T00:00:00.000Z,Listing removed,2024-07-10T00:00:00.000Z,Listed for sale,2024-06-28T00:00:00.000Z,Listed for rent,2024-06-28T00:00:00.000Z,Listing removed,2024-06-07T00:00:00.000Z,Listed for rent,2024-06-07T00:00:00.000Z,Listing removed,2024-01-31T00:00:00.000Z,Listed for rent,2024-01-31T00:00:00.000Z,Listing removed,2024-01-09T00:00:00.000Z,Price change,2023-12-21T00:00:00.000Z,Listed for rent,2014-12-17T00:00:00.000Z,Sold,,,,,,,,,,,,,,,,,,,,
"1315 Fairlane Dr, Conway, AR 72034",1315 Fairlane Dr,Conway,AR,,forRent,3,1288,,1300,6,https://www.zillow.com/homedetails/1315-Fairlane-Dr-Conway-AR-72034/234174_zpid/,,77000,2026-09-21T00:00:00.000Z,Listed for rent,2021-06-18T00:00:00.000Z,Sold,2014-11-12T00:00:00.000Z,Sold,1999-09-27T00:00:00.000Z,Sold,,,,,,,,,,,,,,,,,,,,,,,,,,,,,,,,,,,,,,,,,,,,,,,,,,,,
"1116 Parkway Dr, N Little Rock, AR 72118",1116 Parkway Dr,N Little Rock,AR,,forRent,4,1438,,1695,42,https://www.zillow.com/homedetails/1116-Parkway-Dr-N-Little-Rock-AR-72118/301125_zpid/,,48500,2026-09-25T00:00:00.000Z,Price change,2026-08-16T00:00:00.000Z,Listed for rent,2026-07-28T00:00:00.000Z,Listing removed,2026-07-14T00:00:00.000Z,Listed for rent,2026-07-14T00:00:00.000Z,Listing removed,2026-05-24T00:00:00.000Z,Price change,2026-05-23T00:00:00.000Z,Price change,2026-05-08T00:00:00.000Z,Price change,2026-04-28T00:00:00.000Z,Price change,2026-04-15T00:00:00.000Z,Listed for rent,2026-01-20T00:00:00.000Z,Sold,2013-08-22T00:00:00.000Z,Listing removed,2013-08-05T00:00:00.000Z,Sold,2013-04-30T00:00:00.000Z,Sold,2013-03-17T00:00:00.000Z,Listed for sale,2012-10-29T00:00:00.000Z,Listing removed,2012-10-21T00:00:00.000Z,Listed for sale,2012-08-21T00:00:00.000Z,Sold,2006-11-07T00:00:00.000Z,Sold,,,,,,,,,,,,,,,,,,,,,,
"9420 Brittany Point Dr, Little Rock, AR 72206",9420 Brittany Point Dr,Little Rock,AR,,forRent,4,2090,,2250,7,https://www.zillow.com/homedetails/9420-Brittany-Point-Dr-Little-Rock-AR-72206/79780542_zpid/,,32000,2026-09-20T00:00:00.000Z,Listed for rent,2026-08-10T00:00:00.000Z,Listing removed,2026-05-14T00:00:00.000Z,Price change,2026-01-02T00:00:00.000Z,Listed for rent,2009-05-01T00:00:00.000Z,Sold,2001-03-20T00:00:00.000Z,Sold,,,,,,,,,,,,,,,,,,,,,,,,,,,,,,,,,,,,,,,,,,,,,,,,
"106 Willow Grove Ct, Sherwood, AR 72120",106 Willow Grove Ct,Sherwood,AR,,forRent,3,1350,,3900,310,https://www.zillow.com/homedetails/106-Willow-Grove-Ct-Sherwood-AR-72120/278717_zpid/,,170000,2026-09-22T00:00:00.000Z,Price change,2026-09-18T00:00:00.000Z,Price change,2026-09-07T00:00:00.000Z,Price change,2026-09-03T00:00:00.000Z,Price change,2026-07-09T00:00:00.000Z,Price change,2026-07-03T00:00:00.000Z,Price change,2026-06-30T00:00:00.000Z,Price change,2026-06-19T00:00:00.000Z,Price change,2026-05-29T00:00:00.000Z,Price change,2026-05-05T00:00:00.000Z,Price change,2026-04-15T00:00:00.000Z,Price change,2026-04-01T00:00:00.000Z,Price change,2026-01-22T00:00:00.000Z,Price change,2026-01-19T00:00:00.000Z,Price change,2026-01-14T00:00:00.000Z,Price change,2026-01-02T00:00:00.000Z,Price change,2025-12-30T00:00:00.000Z,Price change,2025-12-06T00:00:00.000Z,Price change,2025-12-02T00:00:00.000Z,Price change,2025-11-22T00:00:00.000Z,Price change,2025-11-17T00:00:00.000Z,Price change,2025-10-31T00:00:00.000Z,Price change,2025-10-27T00:00:00.000Z,Price change,2025-10-13T00:00:00.000Z,Price change,2025-10-06T00:00:00.000Z,Listed for rent,2022-06-30T00:00:00.000Z,Sold,2012-01-26T00:00:00.000Z,Sold,2007-05-11T00:00:00.000Z,Sold,2004-08-12T00:00:00.000Z,Sold,,
"107 Redbud Ct, Jacksonville, AR 72076",107 Redbud Ct,Jacksonville,AR,,forRent,3,1305,,1695,16,https://www.zillow.com/homedetails/107-Redbud-Ct-Jacksonville-AR-72076/353556221_zpid/,,239900,2026-09-11T00:00:00.000Z,Listed for rent,2026-04-07T00:00:00.000Z,Listing removed,2026-03-24T00:00:00.000Z,Listed for rent,2026-03-24T00:00:00.000Z,Listing removed,2026-02-05T00:00:00.000Z,Listed for rent,2025-08-01T00:00:00.000Z,Listing removed,2025-04-11T00:00:00.000Z,Listed for rent,2024-12-02T00:00:00.000Z,Sold,2024-09-02T00:00:00.000Z,Listing removed,2024-08-22T00:00:00.000Z,Listed for rent,2024-08-14T00:00:00.000Z,Listing removed,2024-08-14T00:00:00.000Z,Listed for rent,,,,,,,,,,,,,,,,,,,,,,,,,,,,,,,,,,,,
"5399 Heritage Valley Dr, Benton, AR 72019",5399 Heritage Valley Dr,Benton,AR,,forRent,4,1790,,1800,62,https://www.zillow.com/homedetails/5399-Heritage-Valley-Dr-Benton-AR-72019/2062299989_zpid/,,245000,2026-09-10T00:00:00.000Z,Price change,2026-08-31T00:00:00.000Z,Price change,2026-07-27T00:00:00.000Z,Listed for rent,2026-07-15T00:00:00.000Z,Listing removed,2026-05-22T00:00:00.000Z,Price change,2026-04-02T00:00:00.000Z,Listed for sale,2026-04-01T00:00:00.000Z,Listing removed,2025-11-06T00:00:00.000Z,Price change,2025-10-13T00:00:00.000Z,Price change,2025-10-04T00:00:00.000Z,Listed for sale,2025-02-24T00:00:00.000Z,Sold,2025-02-05T00:00:00.000Z,Contingent,2024-11-30T00:00:00.000Z,Price change,2024-10-04T00:00:00.000Z,Price change,2024-09-29T00:00:00.000Z,Price change,2024-09-07T00:00:00.000Z,Listed for sale,2022-08-29T00:00:00.000Z,Sold,,,,,,,,,,,,,,,,,,,,,,,,,,
"11201 Birchwood Dr, Little Rock, AR 72211",11201 Birchwood Dr,Little Rock,AR,,forRent,3,1500,,1750,34,https://www.zillow.com/homedetails/11201-Birchwood-Dr-Little-Rock-AR-72211/346389_zpid/,,23500,2026-08-25T00:00:00.000Z,Listed for rent,2025-04-25T00:00:00.000Z,Listing removed,2025-04-01T00:00:00.000Z,Listed for rent,2023-04-28T00:00:00.000Z,Listing removed,2023-04-23T00:00:00.000Z,Listed for rent,2015-10-09T00:00:00.000Z,Sold,,,,,,,,,,,,,,,,,,,,,,,,,,,,,,,,,,,,,,,,,,,,,,,,
"3001 Wild Berry Dr, Benton, AR 72015",3001 Wild Berry Dr,Benton,AR,,forRent,3,1486,,1725,37,https://www.zillow.com/homedetails/3001-Wild-Berry-Dr-Benton-AR-72015/71716346_zpid/,,184900,2026-08-21T00:00:00.000Z,Listed for rent,2024-07-31T00:00:00.000Z,Listing removed,2024-07-05T00:00:00.000Z,Listed for rent,2023-04-21T00:00:00.000Z,Listing removed,2023-04-19T00:00:00.000Z,Listed for rent,2022-03-28T00:00:00.000Z,Listing removed,2022-03-24T00:00:00.000Z,Price change,2022-03-11T00:00:00.000Z,Listed for rent,2022-02-01T00:00:00.000Z,Sold,2022-02-01T00:00:00.000Z,Contingent,2022-01-06T00:00:00.000Z,Listed for sale,2020-08-31T00:00:00.000Z,Sold,2020-07-10T00:00:00.000Z,Listed for sale,2008-07-11T00:00:00.000Z,Sold,,,,,,,,,,,,,,,,,,,,,,,,,,,,,,,,
"1740 Raden St, Conway, AR 72032",1740 Raden St,Conway,AR,,forRent,3,1243,,1650,18,https://www.zillow.com/homedetails/1740-Raden-St-Conway-AR-72032/2061816633_zpid/,,,2026-09-09T00:00:00.000Z,Listed for rent,2026-05-19T00:00:00.000Z,Listing removed,2026-02-27T00:00:00.000Z,Price change,2022-11-09T00:00:00.000Z,Price change,2022-10-11T00:00:00.000Z,Price change,2022-08-22T00:00:00.000Z,Listed for rent,,,,,,,,,,,,,,,,,,,,,,,,,,,,,,,,,,,,,,,,,,,,,,,,
"1610 Raden St, Conway, AR 72032",1610 Raden St,Conway,AR,,forRent,3,1243,,1650,46,https://www.zillow.com/homedetails/1610-Raden-St-Conway-AR-72032/2066419442_zpid/,,,2026-08-12T00:00:00.000Z,Listed for rent,2025-10-04T00:00:00.000Z,Listing removed,2025-10-03T00:00:00.000Z,Listed for rent,2025-10-03T00:00:00.000Z,Listing removed,2025-07-18T00:00:00.000Z,Listed for rent,2023-12-30T00:00:00.000Z,Listing removed,2023-12-29T00:00:00.000Z,Listed for rent,2023-12-28T00:00:00.000Z,Listing removed,2023-12-01T00:00:00.000Z,Price change,2023-09-08T00:00:00.000Z,Listed for rent,2023-04-19T00:00:00.000Z,Listing removed,2023-03-28T00:00:00.000Z,Listed for rent,2022-04-21T00:00:00.000Z,Listing removed,2022-02-16T00:00:00.000Z,Listed for rent,,,,,,,,,,,,,,,,,,,,,,,,,,,,,,,,
"22530 Sam Tillery Dr, Alexander, AR 72002",22530 Sam Tillery Dr,Alexander,AR,,forRent,3,1633,,1995,5,https://www.zillow.com/homedetails/22530-Sam-Tillery-Dr-Alexander-AR-72002/465489014_zpid/,,,2026-09-22T00:00:00.000Z,Listed for rent,,,,,,,,,,,,,,,,,,,,,,,,,,,,,,,,,,,,,,,,,,,,,,,,,,,,,,,,,,
"227 Iris St, Haskell, AR 72015",227 Iris St,Haskell,AR,,forRent,3,1420,,1625,62,https://www.zillow.com/homedetails/227-Iris-St-Haskell-AR-72015/2060765172_zpid/,,195000,2026-09-23T00:00:00.000Z,Price change,2026-09-10T00:00:00.000Z,Price change,2026-08-27T00:00:00.000Z,Price change,2026-07-27T00:00:00.000Z,Listed for rent,2023-02-16T00:00:00.000Z,Listing removed,2023-02-08T00:00:00.000Z,Price change,2023-01-26T00:00:00.000Z,Price change,2022-12-09T00:00:00.000Z,Listed for rent,2022-11-10T00:00:00.000Z,Sold,,,,,,,,,,,,,,,,,,,,,,,,,,,,,,,,,,,,,,,,,,
"1000 Silver Creek Dr, Sherwood, AR 72120",1000 Silver Creek Dr,Sherwood,AR,,forRent,3,2382,,2000,57,https://www.zillow.com/homedetails/1000-Silver-Creek-Dr-Sherwood-AR-72120/282338_zpid/,,350000,2026-08-01T00:00:00.000Z,Listed for rent,2025-04-08T00:00:00.000Z,Listing removed,2025-03-31T00:00:00.000Z,Listed for rent,2024-03-18T00:00:00.000Z,Listing removed,2024-03-15T00:00:00.000Z,Listed for rent,2020-07-01T00:00:00.000Z,Listing removed,2020-03-03T00:00:00.000Z,Listed for sale,2018-01-24T00:00:00.000Z,Listing removed,2017-11-03T00:00:00.000Z,Listed for sale,2016-10-07T00:00:00.000Z,Listing removed,2015-07-14T00:00:00.000Z,Listing removed,2015-05-19T00:00:00.000Z,Listed for rent,2015-02-18T00:00:00.000Z,Listing removed,2014-09-12T00:00:00.000Z,Price change,2014-08-21T00:00:00.000Z,Listed for sale,2014-07-31T00:00:00.000Z,Sold,2005-04-07T00:00:00.000Z,Sold,,,,,,,,,,,,,,,,,,,,,,,,,,
"3264 Sidell Estates Dr, Benton, AR 72015",3264 Sidell Estates Dr,Benton,AR,,forRent,4,1652,,1795,44,https://www.zillow.com/homedetails/3264-Sidell-Estates-Dr-Benton-AR-72015/2063496322_zpid/,,,2026-08-14T00:00:00.000Z,Listed for rent,2022-07-02T00:00:00.000Z,Listing removed,2022-06-10T00:00:00.000Z,Price change,2022-04-28T00:00:00.000Z,Listed for sale,,,,,,,,,,,,,,,,,,,,,,,,,,,,,,,,,,,,,,,,,,,,,,,,,,,,
"830 Gussy Ln, Benton, AR 72019",830 Gussy Ln,Benton,AR,,forRent,,,,,,https://www.zillow.com/b/830-gussy-ln-benton-ar-CqYvFB/,,,,,,,,,,,,,,,,,,,,,,,,,,,,,,,,,,,,,,,,,,,,,,,,,,,,,,,,,,,,,,
"13757 Cedar Glen Cv, Alexander, AR 72002",13757 Cedar Glen Cv,Alexander,AR,,forRent,3,1408,,1575,32,https://www.zillow.com/homedetails/13757-Cedar-Glen-Cv-Alexander-AR-72002/92432562_zpid/,,124900,2026-08-26T00:00:00.000Z,Listed for rent,2017-02-19T00:00:00.000Z,Listing removed,2017-01-26T00:00:00.000Z,Listed for rent,2007-07-18T00:00:00.000Z,Sold,2007-01-31T00:00:00.000Z,Sold,,,,,,,,,,,,,,,,,,,,,,,,,,,,,,,,,,,,,,,,,,,,,,,,,,
"1155 Mimosa Dr, Conway, AR 72034",1155 Mimosa Dr,Conway,AR,,forRent,3,1236,,1400,23,https://www.zillow.com/homedetails/1155-Mimosa-Dr-Conway-AR-72034/35730018_zpid/,,78000,2026-09-04T00:00:00.000Z,Listed for rent,2025-06-19T00:00:00.000Z,Listing removed,2025-06-16T00:00:00.000Z,Listed for rent,2023-09-26T00:00:00.000Z,Listing removed,2023-09-11T00:00:00.000Z,Listed for rent,2019-06-13T00:00:00.000Z,Listing removed,2019-06-05T00:00:00.000Z,Listed for rent,2001-06-27T00:00:00.000Z,Sold,,,,,,,,,,,,,,,,,,,,,,,,,,,,,,,,,,,,,,,,,,,,
"14457 Skyline Dr, Alexander, AR 72002",14457 Skyline Dr,Alexander,AR,,forRent,3,1974,,1950,13,https://www.zillow.com/homedetails/14457-Skyline-Dr-Alexander-AR-72002/120792053_zpid/,,210000,2026-09-15T00:00:00.000Z,Listed for rent,2021-11-05T00:00:00.000Z,Sold,2015-12-17T00:00:00.000Z,Sold,,,,,,,,,,,,,,,,,,,,,,,,,,,,,,,,,,,,,,,,,,,,,,,,,,,,,,
"313 S Neeley St, Benton, AR 72015",313 S Neeley St,Benton,AR,,forRent,3,1800,,1545,41,https://www.zillow.com/homedetails/313-S-Neeley-St-Benton-AR-72015/2067919637_zpid/,,205000,2026-09-23T00:00:00.000Z,Price change,2026-09-10T00:00:00.000Z,Price change,2026-08-17T00:00:00.000Z,Listed for rent,2025-09-14T00:00:00.000Z,Listing removed,2025-09-02T00:00:00.000Z,Listed for rent,2023-02-17T00:00:00.000Z,Listing removed,2023-01-29T00:00:00.000Z,Listed for rent,2021-11-03T00:00:00.000Z,Listing removed,2021-10-25T00:00:00.000Z,Price change,2021-10-19T00:00:00.000Z,Price change,2021-10-12T00:00:00.000Z,Listed for rent,2021-08-20T00:00:00.000Z,Sold,,,,,,,,,,,,,,,,,,,,,,,,,,,,,,,,,,,,
"6408 Windhill Dr, N Little Rock, AR 72118",6408 Windhill Dr,N Little Rock,AR,,forRent,3,1700,,1500,20,https://www.zillow.com/homedetails/6408-Windhill-Dr-N-Little-Rock-AR-72118/290518_zpid/,,185000,2026-09-10T00:00:00.000Z,Price change,2026-09-07T00:00:00.000Z,Listed for rent,2026-08-14T00:00:00.000Z,Sold,2026-07-13T00:00:00.000Z,Listed for sale,2016-04-22T00:00:00.000Z,Sold,2015-10-10T00:00:00.000Z,Listed for sale,2010-07-23T00:00:00.000Z,Sold,,,,,,,,,,,,,,,,,,,,,,,,,,,,,,,,,,,,,,,,,,,,,,
"30 C L Fowler Loop, Greenbrier, AR 72058",30 C L Fowler Loop,Greenbrier,AR,,forRent,4,1823,,1900,137,https://www.zillow.com/homedetails/30-C-L-Fowler-Loop-Greenbrier-AR-72058/352031500_zpid/,,,2026-05-13T00:00:00.000Z,Listed for rent,,,,,,,,,,,,,,,,,,,,,,,,,,,,,,,,,,,,,,,,,,,,,,,,,,,,,,,,,,
"22930 Sam Tillery Dr, Alexander, AR 72002",22930 Sam Tillery Dr,Alexander,AR,,forRent,4,1640,,2000,34,https://www.zillow.com/homedetails/22930-Sam-Tillery-Dr-Alexander-AR-72002/464786376_zpid/,,,2026-09-10T00:00:00.000Z,Price change,2026-09-08T00:00:00.000Z,Price change,2026-08-24T00:00:00.000Z,Listed for rent,,,,,,,,,,,,,,,,,,,,,,,,,,,,,,,,,,,,,,,,,,,,,,,,,,,,,,
"1306 Bellemeade Dr, Conway, AR 72034",1306 Bellemeade Dr,Conway,AR,,forRent,3,2220,,1775,45,https://www.zillow.com/homedetails/1306-Bellemeade-Dr-Conway-AR-72034/234155_zpid/,,89090,2026-08-13T00:00:00.000Z,Listed for rent,2025-06-20T00:00:00.000Z,Listing removed,2025-05-09T00:00:00.000Z,Listed for rent,2017-12-01T00:00:00.000Z,Listing removed,2017-08-20T00:00:00.000Z,Price change,2017-05-31T00:00:00.000Z,Listed for sale,2013-10-16T00:00:00.000Z,Listing removed,2013-07-18T00:00:00.000Z,Listed for sale,2013-04-01T00:00:00.000Z,Sold,2012-06-28T00:00:00.000Z,Sold,,,,,,,,,,,,,,,,,,,,,,,,,,,,,,,,,,,,,,,,
"37 C L Fowler Loop, Greenbrier, AR 72058",37 C L Fowler Loop,Greenbrier,AR,,forRent,4,1736,,1800,137,https://www.zillow.com/homedetails/37-C-L-Fowler-Loop-Greenbrier-AR-72058/349901512_zpid/,,,2026-05-13T00:00:00.000Z,Listed for rent,2024-07-08T00:00:00.000Z,Listing removed,2024-05-13T00:00:00.000Z,Listed for rent,,,,,,,,,,,,,,,,,,,,,,,,,,,,,,,,,,,,,,,,,,,,,,,,,,,,,,
"6316 Warwick Dr, Alexander, AR 72002",6316 Warwick Dr,Alexander,AR,,forRent,4,1884,,2300,58,https://www.zillow.com/homedetails/6316-Warwick-Dr-Alexander-AR-72002/461049113_zpid/,,277000,2026-09-18T00:00:00.000Z,Price change,2026-07-31T00:00:00.000Z,Listed for rent,2026-06-29T00:00:00.000Z,Sold,2026-05-29T00:00:00.000Z,Contingent,2026-05-29T00:00:00.000Z,Price change,2026-03-14T00:00:00.000Z,Listed for sale,,,,,,,,,,,,,,,,,,,,,,,,,,,,,,,,,,,,,,,,,,,,,,,,
"16 Meadowbrook Dr, Little Rock, AR 72205",16 Meadowbrook Dr,Little Rock,AR,,forRent,3,1633,,1800,12,https://www.zillow.com/homedetails/16-Meadowbrook-Dr-Little-Rock-AR-72205/346081_zpid/,,175600,2026-09-16T00:00:00.000Z,Listed for rent,2026-01-27T00:00:00.000Z,Listing removed,2025-12-15T00:00:00.000Z,Price change,2025-12-04T00:00:00.000Z,Price change,2025-12-01T00:00:00.000Z,Listed for rent,2023-09-18T00:00:00.000Z,Listing removed,2023-09-12T00:00:00.000Z,Sold,2023-09-05T00:00:00.000Z,Listed for rent,2021-03-08T00:00:00.000Z,Sold,2021-01-18T00:00:00.000Z,Price change,2020-10-19T00:00:00.000Z,Listed for sale,2019-04-29T00:00:00.000Z,Sold,2019-04-04T00:00:00.000Z,Pending sale,2019-03-28T00:00:00.000Z,Listed for sale,2019-03-23T00:00:00.000Z,Pending sale,2019-03-03T00:00:00.000Z,Listed for sale,2015-10-02T00:00:00.000Z,Sold,1997-07-01T00:00:00.000Z,Sold,,,,,,,,,,,,,,,,,,,,,,,,
"37 Saint John St, Cabot, AR 72023",37 Saint John St,Cabot,AR,,forRent,3,1188,,1295,89,https://www.zillow.com/homedetails/37-Saint-John-St-Cabot-AR-72023/253499_zpid/,,81500,2026-09-03T00:00:00.000Z,Price change,2026-03-31T00:00:00.000Z,Listed for rent,2026-03-26T00:00:00.000Z,Sold,2026-03-19T00:00:00.000Z,Contingent,2026-03-14T00:00:00.000Z,Price change,2026-02-27T00:00:00.000Z,Price change,2026-01-28T00:00:00.000Z,Listed for sale,2016-05-26T00:00:00.000Z,Sold,2016-04-08T00:00:00.000Z,Listed for sale,2013-05-16T00:00:00.000Z,Sold,,,,,,,,,,,,,,,,,,,,,,,,,,,,,,,,,,,,,,,,
"2906 Pamela, Benton, AR 72015",2906 Pamela,Benton,AR,,forRent,3,1372,,1450,34,https://www.zillow.com/homedetails/2906-Pamela-Benton-AR-72015/385308_zpid/,,,2026-09-26T00:00:00.000Z,Price change,2026-08-25T00:00:00.000Z,Listed for rent,2025-08-04T00:00:00.000Z,Listing removed,2025-07-29T00:00:00.000Z,Price change,2025-07-08T00:00:00.000Z,Price change,2025-03-05T00:00:00.000Z,Listed for rent,2025-02-27T00:00:00.000Z,Listing removed,2025-02-24T00:00:00.000Z,Price change,2025-02-14T00:00:00.000Z,Listed for sale,,,,,,,,,,,,,,,,,,,,,,,,,,,,,,,,,,,,,,,,,,
"154 Roman Heights Ave, Alexander, AR 72002",154 Roman Heights Ave,Alexander,AR,,forRent,,,,,,https://www.zillow.com/b/154-roman-heights-ave-alexander-ar-Cdzchh/,,,,,,,,,,,,,,,,,,,,,,,,,,,,,,,,,,,,,,,,,,,,,,,,,,,,,,,,,,,,,,
"2615 Stivers Blvd, Bryant, AR 72022",2615 Stivers Blvd,Bryant,AR,,forRent,3,1736,,1700,15,https://www.zillow.com/homedetails/2615-Stivers-Blvd-Bryant-AR-72022/391919_zpid/,,190000,2026-09-16T00:00:00.000Z,Price change,2026-09-12T00:00:00.000Z,Listed for rent,2025-04-04T00:00:00.000Z,Sold,2025-03-05T00:00:00.000Z,Contingent,2025-03-01T00:00:00.000Z,Listed for sale,2022-06-13T00:00:00.000Z,Listing removed,2022-06-05T00:00:00.000Z,Listed for rent,2022-06-02T00:00:00.000Z,Listing removed,2022-04-24T00:00:00.000Z,Listed for sale,2022-04-04T00:00:00.000Z,Listing removed,2022-03-29T00:00:00.000Z,Listed for rent,2021-02-23T00:00:00.000Z,Listing removed,2020-11-10T00:00:00.000Z,Listing removed,2020-11-09T00:00:00.000Z,Listed for rent,2019-09-04T00:00:00.000Z,Listing removed,2019-09-03T00:00:00.000Z,Listing removed,2019-08-20T00:00:00.000Z,Listed for rent,2019-08-04T00:00:00.000Z,Price change,2019-06-28T00:00:00.000Z,Price change,2019-06-22T00:00:00.000Z,Price change,2019-06-15T00:00:00.000Z,Listed for sale,2019-02-11T00:00:00.000Z,Sold,,,,,,,,,,,,,,,,
"31 Haley Renee Dr, Greenbrier, AR 72058",31 Haley Renee Dr,Greenbrier,AR,,forRent,3,1527,,1400,53,https://www.zillow.com/homedetails/31-Haley-Renee-Dr-Greenbrier-AR-72058/464349852_zpid/,,,2026-08-05T00:00:00.000Z,Listed for rent,,,,,,,,,,,,,,,,,,,,,,,,,,,,,,,,,,,,,,,,,,,,,,,,,,,,,,,,,,
"605 Valley Vista Dr, Benton, AR 72019",605 Valley Vista Dr,Benton,AR,,forRent,4,1942,,1875,82,https://www.zillow.com/homedetails/605-Valley-Vista-Dr-Benton-AR-72019/387089_zpid/,,,2026-07-07T00:00:00.000Z,Listed for rent,,,,,,,,,,,,,,,,,,,,,,,,,,,,,,,,,,,,,,,,,,,,,,,,,,,,,,,,,,
"2912 Highway 319 W, Austin, AR 72007",2912 Highway 319 W,Austin,AR,,forRent,3,1992,,1695,319,https://www.zillow.com/homedetails/2912-Highway-319-W-Austin-AR-72007/249702_zpid/,,640000,2026-08-19T00:00:00.000Z,Price change,2026-07-25T00:00:00.000Z,Price change,2026-05-29T00:00:00.000Z,Price change,2026-03-06T00:00:00.000Z,Price change,2026-02-18T00:00:00.000Z,Price change,2026-02-03T00:00:00.000Z,Price change,2025-11-12T00:00:00.000Z,Listed for rent,2013-09-27T00:00:00.000Z,Sold,1991-10-10T00:00:00.000Z,Sold,,,,,,,,,,,,,,,,,,,,,,,,,,,,,,,,,,,,,,,,,,
"2120 Justus Loop, Bryant, AR 72022",2120 Justus Loop,Bryant,AR,,forRent,3,1440,,1500,2,https://www.zillow.com/homedetails/2120-Justus-Loop-Bryant-AR-72022/391757_zpid/,,96000,2026-09-25T00:00:00.000Z,Listed for rent,2023-05-08T00:00:00.000Z,Listing removed,2023-01-27T00:00:00.000Z,Listed for rent,2022-03-04T00:00:00.000Z,Listing removed,2022-02-05T00:00:00.000Z,Listed for rent,2019-04-04T00:00:00.000Z,Listing removed,2019-03-12T00:00:00.000Z,Price change,2018-12-21T00:00:00.000Z,Listed for rent,2018-10-24T00:00:00.000Z,Sold,2018-08-15T00:00:00.000Z,Listed for sale,2018-07-27T00:00:00.000Z,Sold,2018-05-27T00:00:00.000Z,Listed for sale,2018-05-26T00:00:00.000Z,Pending sale,2018-05-26T00:00:00.000Z,Listed for sale,2015-09-10T00:00:00.000Z,Listing removed,2015-08-12T00:00:00.000Z,Listed for sale,2006-05-03T00:00:00.000Z,Sold,,,,,,,,,,,,,,,,,,,,,,,,,,
"4903 Natalie Dr, Bryant, AR 72022",4903 Natalie Dr,Bryant,AR,,forRent,4,1990,,1860,34,https://www.zillow.com/homedetails/4903-Natalie-Dr-Bryant-AR-72022/82281136_zpid/,,38000,2026-08-24T00:00:00.000Z,Listed for rent,2007-08-22T00:00:00.000Z,Sold,,,,,,,,,,,,,,,,,,,,,,,,,,,,,,,,,,,,,,,,,,,,,,,,,,,,,,,,
"405 S Ash St, Conway, AR 72034",405 S Ash St,Conway,AR,,forRent,3,1100,,1200,17,https://www.zillow.com/homedetails/405-S-Ash-St-Conway-AR-72034/238063_zpid/,,75000,2026-09-10T00:00:00.000Z,Listed for rent,2021-02-23T00:00:00.000Z,Listing removed,2020-06-04T00:00:00.000Z,Listing removed,2020-06-02T00:00:00.000Z,Listed for rent,2020-04-30T00:00:00.000Z,Sold,2020-04-14T00:00:00.000Z,Listed for sale,2013-09-25T00:00:00.000Z,Sold,2006-03-23T00:00:00.000Z,Sold,,,,,,,,,,,,,,,,,,,,,,,,,,,,,,,,,,,,,,,,,,,,
"4605 Valiant Dr, Conway, AR 72034",4605 Valiant Dr,Conway,AR,,forRent,3,1324,,1500,77,https://www.zillow.com/homedetails/4605-Valiant-Dr-Conway-AR-72034/52392383_zpid/,,122000,2026-08-01T00:00:00.000Z,Price change,2026-07-13T00:00:00.000Z,Listed for rent,2023-05-19T00:00:00.000Z,Listing removed,2023-05-02T00:00:00.000Z,Listed for rent,2022-04-11T00:00:00.000Z,Listing removed,2022-04-06T00:00:00.000Z,Listed for rent,2011-09-02T00:00:00.000Z,Sold,2011-06-12T00:00:00.000Z,Listed for sale,2008-09-08T00:00:00.000Z,Sold,,,,,,,,,,,,,,,,,,,,,,,,,,,,,,,,,,,,,,,,,,
"1015 Wineberry, Conway, AR 72034",1015 Wineberry,Conway,AR,,forRent,4,1606,,1700,82,https://www.zillow.com/homedetails/1015-Wineberry-Conway-AR-72034/82271419_zpid/,,222270,2026-07-22T00:00:00.000Z,Listed for rent,2026-07-15T00:00:00.000Z,Listing removed,2026-07-13T00:00:00.000Z,Price change,2026-07-07T00:00:00.000Z,Listed for rent,2022-05-27T00:00:00.000Z,Sold,2010-09-03T00:00:00.000Z,Sold,2009-08-20T00:00:00.000Z,Sold,,,,,,,,,,,,,,,,,,,,,,,,,,,,,,,,,,,,,,,,,,,,,,
"110 Fredonia Ct, Mayflower, AR 72106",110 Fredonia Ct,Mayflower,AR,,forRent,4,1858,,1895,13,https://www.zillow.com/homedetails/110-Fredonia-Ct-Mayflower-AR-72106/453583162_zpid/,,,2026-09-14T00:00:00.000Z,Listed for rent,2025-08-22T00:00:00.000Z,Listing removed,2025-07-28T00:00:00.000Z,Price change,2025-07-18T00:00:00.000Z,Price change,2025-07-17T00:00:00.000Z,Price change,2025-07-11T00:00:00.000Z,Price change,2025-07-03T00:00:00.000Z,Price change,2025-06-27T00:00:00.000Z,Price change,2025-06-20T00:00:00.000Z,Listed for rent,,,,,,,,,,,,,,,,,,,,,,,,,,,,,,,,,,,,,,,,,,
"1267 Hamilton St, Conway, AR 72032",1267 Hamilton St,Conway,AR,,forRent,3,1056,,1158,39,https://www.zillow.com/homedetails/1267-Hamilton-St-Conway-AR-72032/234905_zpid/,,52000,2026-09-16T00:00:00.000Z,Price change,2026-09-14T00:00:00.000Z,Price change,2026-08-20T00:00:00.000Z,Listed for rent,2024-09-19T00:00:00.000Z,Listing removed,2024-09-17T00:00:00.000Z,Price change,2024-09-15T00:00:00.000Z,Price change,2024-09-13T00:00:00.000Z,Listed for rent,2022-12-30T00:00:00.000Z,Listing removed,2022-12-17T00:00:00.000Z,Price change,2022-12-03T00:00:00.000Z,Price change,2022-11-22T00:00:00.000Z,Price change,2022-11-08T00:00:00.000Z,Listed for rent,2022-11-04T00:00:00.000Z,Listing removed,2022-10-28T00:00:00.000Z,Price change,2022-09-30T00:00:00.000Z,Listed for sale,2021-12-14T00:00:00.000Z,Sold,2015-03-20T00:00:00.000Z,Sold,,,,,,,,,,,,,,,,,,,,,,,,,,
"5137 Woodstream Dr, Alexander, AR 72002",5137 Woodstream Dr,Alexander,AR,,forRent,3,1460,,1600,9,https://www.zillow.com/homedetails/5137-Woodstream-Dr-Alexander-AR-72002/2078172293_zpid/,,167825,2026-09-18T00:00:00.000Z,Listed for rent,2026-04-27T00:00:00.000Z,Listing removed,2026-04-01T00:00:00.000Z,Listed for rent,2022-11-20T00:00:00.000Z,Listing removed,2022-10-04T00:00:00.000Z,Listed for rent,2020-12-04T00:00:00.000Z,Sold,2020-08-25T00:00:00.000Z,Listing removed,2020-08-20T00:00:00.000Z,Listed for sale,,,,,,,,,,,,,,,,,,,,,,,,,,,,,,,,,,,,,,,,,,,,
"1602 Harmon Dr, Benton, AR 72015",1602 Harmon Dr,Benton,AR,,forRent,4,1881,,1595,10,https://www.zillow.com/homedetails/1602-Harmon-Dr-Benton-AR-72015/384937_zpid/,,100000,2026-09-18T00:00:00.000Z,Listed for rent,2025-09-12T00:00:00.000Z,Listing removed,2025-06-03T00:00:00.000Z,Listed for rent,2025-05-27T00:00:00.000Z,Listing removed,2025-05-22T00:00:00.000Z,Listed for sale,2025-05-13T00:00:00.000Z,Sold,2025-05-13T00:00:00.000Z,Listed for sale,,,,,,,,,,,,,,,,,,,,,,,,,,,,,,,,,,,,,,,,,,,,,,
"295 Niagra Fls, Conway, AR 72032",295 Niagra Fls,Conway,AR,,forRent,3,1148,,1550,0,https://www.zillow.com/homedetails/295-Niagra-Fls-Conway-AR-72032/35730544_zpid/,,189500,2026-09-27T00:00:00.000Z,Listed for rent,2026-08-31T00:00:00.000Z,Sold,2026-07-20T00:00:00.000Z,Listed for sale,2023-05-31T00:00:00.000Z,Sold,2023-04-23T00:00:00.000Z,Pending sale,2023-04-21T00:00:00.000Z,Listed for sale,2016-05-24T00:00:00.000Z,Listing removed,2016-05-24T00:00:00.000Z,Pending sale,2016-04-29T00:00:00.000Z,Sold,2016-03-13T00:00:00.000Z,Listed for sale,2010-08-10T00:00:00.000Z,Sold,,,,,,,,,,,,,,,,,,,,,,,,,,,,,,,,,,,,,,
"1380 Sena Dr, Conway, AR 72034",1380 Sena Dr,Conway,AR,,forRent,4,1817,,1900,55,https://www.zillow.com/homedetails/1380-Sena-Dr-Conway-AR-72034/118483994_zpid/,,270000,2026-08-03T00:00:00.000Z,Listed for rent,2026-01-09T00:00:00.000Z,Listing removed,2025-12-18T00:00:00.000Z,Listed for rent,2024-11-06T00:00:00.000Z,Listing removed,2024-10-16T00:00:00.000Z,Listed for rent,2024-03-05T00:00:00.000Z,Listing removed,2024-02-29T00:00:00.000Z,Listed for rent,2024-02-05T00:00:00.000Z,Listing removed,2024-01-27T00:00:00.000Z,Listed for rent,2023-11-27T00:00:00.000Z,Listing removed,2023-11-22T00:00:00.000Z,Listed for rent,2023-11-11T00:00:00.000Z,Listing removed,2023-10-28T00:00:00.000Z,Price change,2023-10-05T00:00:00.000Z,Listed for rent,2022-08-04T00:00:00.000Z,Listing removed,2022-08-02T00:00:00.000Z,Listed for rent,2022-08-01T00:00:00.000Z,Sold,2013-06-14T00:00:00.000Z,Sold,,,,,,,,,,,,,,,,,,,,,,,,
"2635 Clover Ln, Conway, AR 72032",2635 Clover Ln,Conway,AR,,forRent,3,1242,,1400,3,https://www.zillow.com/homedetails/2635-Clover-Ln-Conway-AR-72032/102993152_zpid/,,135000,2026-09-24T00:00:00.000Z,Listed for rent,2024-05-15T00:00:00.000Z,Listing removed,2024-05-08T00:00:00.000Z,Listed for rent,2021-03-24T00:00:00.000Z,Listing removed,2018-11-21T00:00:00.000Z,Listing removed,2018-10-26T00:00:00.000Z,Listed for rent,2018-09-08T00:00:00.000Z,Listing removed,2018-09-06T00:00:00.000Z,Listed for rent,2017-09-15T00:00:00.000Z,Sold,2017-08-24T00:00:00.000Z,Price change,2017-08-05T00:00:00.000Z,Price change,2017-07-28T00:00:00.000Z,Listed for sale,2016-07-05T00:00:00.000Z,Sold,2016-03-30T00:00:00.000Z,Price change,2016-03-20T00:00:00.000Z,Listed for sale,2013-05-23T00:00:00.000Z,Sold,,,,,,,,,,,,,,,,,,,,,,,,,,,,
"40 Ridge Trl, Sherwood, AR 72120",40 Ridge Trl,Sherwood,AR,,forRent,3,2200,,2100,37,https://www.zillow.com/homedetails/40-Ridge-Trl-Sherwood-AR-72120/232839_zpid/,,230600,2026-08-31T00:00:00.000Z,Price change,2026-08-21T00:00:00.000Z,Listed for rent,2026-08-12T00:00:00.000Z,Listing removed,2026-07-20T00:00:00.000Z,Listed for rent,2026-06-17T00:00:00.000Z,Listing removed,2026-06-02T00:00:00.000Z,Price change,2025-09-19T00:00:00.000Z,Price change,2025-07-22T00:00:00.000Z,Price change,2025-06-24T00:00:00.000Z,Price change,2025-04-15T00:00:00.000Z,Price change,2025-03-14T00:00:00.000Z,Price change,2025-02-27T00:00:00.000Z,Listed for rent,2014-10-03T00:00:00.000Z,Sold,2001-09-05T00:00:00.000Z,Sold,,,,,,,,,,,,,,,,,,,,,,,,,,,,,,,,
"1906 Dave Ward Dr, Conway, AR 72034",1906 Dave Ward Dr,Conway,AR,,forRent,3,1335,,1000,47,https://www.zillow.com/homedetails/1906-Dave-Ward-Dr-Conway-AR-72034/2061771487_zpid/,,,2026-08-11T00:00:00.000Z,Listed for rent,2025-12-18T00:00:00.000Z,Listing removed,2025-11-11T00:00:00.000Z,Price change,2025-10-28T00:00:00.000Z,Price change,2025-10-03T00:00:00.000Z,Price change,2025-06-27T00:00:00.000Z,Listed for rent,2024-05-29T00:00:00.000Z,Listing removed,2024-05-14T00:00:00.000Z,Price change,2024-04-23T00:00:00.000Z,Price change,2024-04-15T00:00:00.000Z,Price change,2024-03-18T00:00:00.000Z,Price change,2024-02-16T00:00:00.000Z,Price change,2024-02-13T00:00:00.000Z,Price change,2024-01-31T00:00:00.000Z,Listed for rent,2023-11-30T00:00:00.000Z,Listing removed,2023-11-15T00:00:00.000Z,Listed for rent,2022-10-25T00:00:00.000Z,Listing removed,2022-10-18T00:00:00.000Z,Price change,2022-10-02T00:00:00.000Z,Price change,2022-08-26T00:00:00.000Z,Listed for rent,,,,,,,,,,,,,,,,,,,,
"1175 Gallery Dr, Conway, AR 72032",1175 Gallery Dr,Conway,AR,,forRent,4,1709,,1800,27,https://www.zillow.com/homedetails/1175-Gallery-Dr-Conway-AR-72032/2055357068_zpid/,,211050,2026-09-24T00:00:00.000Z,Listed for rent,2026-09-11T00:00:00.000Z,Listing removed,2026-08-31T00:00:00.000Z,Listed for rent,2026-08-05T00:00:00.000Z,Listing removed,2026-07-20T00:00:00.000Z,Price change,2026-06-22T00:00:00.000Z,Listed for rent,2024-05-29T00:00:00.000Z,Listing removed,2024-04-30T00:00:00.000Z,Listed for rent,2023-05-25T00:00:00.000Z,Listing removed,2023-05-02T00:00:00.000Z,Listed for rent,2023-04-19T00:00:00.000Z,Sold,,,,,,,,,,,,,,,,,,,,,,,,,,,,,,,,,,,,,,
"56 Razorback Cv, Austin, AR 72007",56 Razorback Cv,Austin,AR,,forRent,3,1250,,1595,10,https://www.zillow.com/homedetails/56-Razorback-Cv-Austin-AR-72007/99434828_zpid/,,195000,2026-09-18T00:00:00.000Z,Listed for rent,2022-09-27T00:00:00.000Z,Sold,2022-07-29T00:00:00.000Z,Sold,2020-03-01T00:00:00.000Z,Listing removed,2019-10-07T00:00:00.000Z,Listed for sale,2019-08-01T00:00:00.000Z,Listing removed,2018-04-05T00:00:00.000Z,Listed for sale,,,,,,,,,,,,,,,,,,,,,,,,,,,,,,,,,,,,,,,,,,,,,,
"3509 Terrace Hill Ct, Benton, AR 72019",3509 Terrace Hill Ct,Benton,AR,,forRent,3,1500,,1400,27,https://www.zillow.com/homedetails/3509-Terrace-Hill-Ct-Benton-AR-72019/124735446_zpid/,,122580,2026-09-08T00:00:00.000Z,Price change,2026-08-31T00:00:00.000Z,Listed for rent,2023-07-09T00:00:00.000Z,Listing removed,2023-07-06T00:00:00.000Z,Listed for rent,2022-03-04T00:00:00.000Z,Sold,2014-09-04T00:00:00.000Z,Sold,,,,,,,,,,,,,,,,,,,,,,,,,,,,,,,,,,,,,,,,,,,,,,,,
"2013 Creekwood Dr, Conway, AR 72032",2013 Creekwood Dr,Conway,AR,,forRent,5,2608,,2950,63,https://www.zillow.com/homedetails/2013-Creekwood-Dr-Conway-AR-72032/235364_zpid/,,289000,2026-09-11T00:00:00.000Z,Price change,2026-08-24T00:00:00.000Z,Price change,2026-07-29T00:00:00.000Z,Price change,2026-07-27T00:00:00.000Z,Listed for rent,2026-07-06T00:00:00.000Z,Sold,2026-04-16T00:00:00.000Z,Price change,2025-09-16T00:00:00.000Z,Price change,2025-09-09T00:00:00.000Z,Price change,2025-09-04T00:00:00.000Z,Price change,2025-08-27T00:00:00.000Z,Price change,2025-02-05T00:00:00.000Z,Price change,2025-01-16T00:00:00.000Z,Listed for sale,2013-08-12T00:00:00.000Z,Sold,2012-06-22T00:00:00.000Z,Listing removed,2012-03-22T00:00:00.000Z,Sold,2011-10-16T00:00:00.000Z,Listed for sale,,,,,,,,,,,,,,,,,,,,,,,,,,,,
"2 Hawthorne Dr, Conway, AR 72034",2 Hawthorne Dr,Conway,AR,,forRent,3,1408,,1600,65,https://www.zillow.com/homedetails/2-Hawthorne-Dr-Conway-AR-72034/237001_zpid/,,102000,2026-09-22T00:00:00.000Z,Price change,2026-09-06T00:00:00.000Z,Price change,2026-08-27T00:00:00.000Z,Price change,2026-07-24T00:00:00.000Z,Listed for rent,2014-07-29T00:00:00.000Z,Sold,2014-05-16T00:00:00.000Z,Price change,2014-02-28T00:00:00.000Z,Listed for sale,2014-01-01T00:00:00.000Z,Listing removed,2013-10-29T00:00:00.000Z,Price change,2013-10-04T00:00:00.000Z,Price change,2013-08-08T00:00:00.000Z,Listed for sale,2011-08-31T00:00:00.000Z,Sold,,,,,,,,,,,,,,,,,,,,,,,,,,,,,,,,,,,,
"2225 Redwood, Benton, AR 72015",2225 Redwood,Benton,AR,,forRent,3,1758,,1800,118,https://www.zillow.com/homedetails/2225-Redwood-Benton-AR-72015/52934068_zpid/,,132000,2026-09-03T00:00:00.000Z,Price change,2026-08-17T00:00:00.000Z,Price change,2026-07-13T00:00:00.000Z,Price change,2026-06-01T00:00:00.000Z,Listed for rent,2025-05-31T00:00:00.000Z,Listing removed,2025-05-17T00:00:00.000Z,Listed for rent,2025-05-16T00:00:00.000Z,Listing removed,2025-04-17T00:00:00.000Z,Listed for rent,2025-04-16T00:00:00.000Z,Listing removed,2024-10-29T00:00:00.000Z,Listed for rent,2023-07-19T00:00:00.000Z,Listing removed,2023-06-20T00:00:00.000Z,Listed for rent,2022-03-04T00:00:00.000Z,Listing removed,2022-02-12T00:00:00.000Z,Listed for rent,2020-08-15T00:00:00.000Z,Listing removed,2020-08-04T00:00:00.000Z,Listed for rent,2019-06-13T00:00:00.000Z,Listing removed,2019-06-04T00:00:00.000Z,Listed for rent,2018-10-16T00:00:00.000Z,Listing removed,2018-08-10T00:00:00.000Z,Price change,2018-08-07T00:00:00.000Z,Listed for rent,2015-07-18T00:00:00.000Z,Listing removed,2015-06-11T00:00:00.000Z,Listed for rent,2014-04-25T00:00:00.000Z,Listing removed,2014-02-22T00:00:00.000Z,Listed for rent,2013-10-18T00:00:00.000Z,Sold,2011-11-01T00:00:00.000Z,Sold,2009-01-13T00:00:00.000Z,Sold,,,,
"1609 Rushing Cir, Conway, AR 72032",1609 Rushing Cir,Conway,AR,,forRent,3,1400,,1475,27,https://www.zillow.com/homedetails/1609-Rushing-Cir-Conway-AR-72032/235792_zpid/,,116000,2026-08-31T00:00:00.000Z,Listed for rent,2024-09-13T00:00:00.000Z,Listing removed,2024-06-19T00:00:00.000Z,Listed for rent,2024-06-19T00:00:00.000Z,Listing removed,2024-05-25T00:00:00.000Z,Listed for rent,2023-03-31T00:00:00.000Z,Listing removed,2023-03-22T00:00:00.000Z,Listed for rent,2022-08-11T00:00:00.000Z,Listing removed,2022-08-02T00:00:00.000Z,Listed for rent,2019-02-28T00:00:00.000Z,Listing removed,2019-01-02T00:00:00.000Z,Listed for rent,2015-07-25T00:00:00.000Z,Listing removed,2015-07-03T00:00:00.000Z,Listed for rent,2014-10-30T00:00:00.000Z,Sold,2013-09-22T00:00:00.000Z,Listing removed,2013-09-13T00:00:00.000Z,Price change,2013-08-03T00:00:00.000Z,Listed for rent,2010-01-13T00:00:00.000Z,Sold,2009-12-04T00:00:00.000Z,Listed for sale,,,,,,,,,,,,,,,,,,,,,,
"18 Lilly Ann Ct, Ward, AR 72176",18 Lilly Ann Ct,Ward,AR,,forRent,3,1355,,0,12,https://www.zillow.com/homedetails/18-Lilly-Ann-Ct-Ward-AR-72176/445792648_zpid/,,18000,2026-09-15T00:00:00.000Z,Listed for rent,2022-10-25T00:00:00.000Z,Listing removed,2022-10-07T00:00:00.000Z,Listed for sale,2017-08-16T00:00:00.000Z,Sold,,,,,,,,,,,,,,,,,,,,,,,,,,,,,,,,,,,,,,,,,,,,,,,,,,,,
"195 Peach St, Conway, AR 72034",195 Peach St,Conway,AR,,forRent,3,1445,,1650,3,https://www.zillow.com/homedetails/195-Peach-St-Conway-AR-72034/240792_zpid/,,375000,2026-09-24T00:00:00.000Z,Listed for rent,2025-05-04T00:00:00.000Z,Listing removed,2025-04-23T00:00:00.000Z,Listed for rent,2023-02-12T00:00:00.000Z,Listing removed,2023-02-03T00:00:00.000Z,Listed for rent,2021-02-23T00:00:00.000Z,Listing removed,2020-04-28T00:00:00.000Z,Listing removed,2020-04-16T00:00:00.000Z,Listed for rent,2018-05-14T00:00:00.000Z,Listing removed,2018-04-25T00:00:00.000Z,Price change,2018-04-14T00:00:00.000Z,Listed for rent,2013-04-29T00:00:00.000Z,Sold,,,,,,,,,,,,,,,,,,,,,,,,,,,,,,,,,,,,
"19 Turtle Pond N, Greenbrier, AR 72058",19 Turtle Pond N,Greenbrier,AR,,forRent,4,3404,,4500,6,https://www.zillow.com/homedetails/19-Turtle-Pond-N-Greenbrier-AR-72058/228530_zpid/,,230550,2026-09-21T00:00:00.000Z,Listed for rent,2025-12-22T00:00:00.000Z,Sold,2025-09-07T00:00:00.000Z,Price change,2025-08-22T00:00:00.000Z,Price change,2025-08-06T00:00:00.000Z,Listed for sale,2025-08-02T00:00:00.000Z,Listing removed,2025-08-01T00:00:00.000Z,Listed for sale,2025-05-19T00:00:00.000Z,Listing removed,2025-04-13T00:00:00.000Z,Price change,2025-03-08T00:00:00.000Z,Listed for sale,2024-12-21T00:00:00.000Z,Listing removed,2024-07-29T00:00:00.000Z,Listed for sale,2023-06-03T00:00:00.000Z,Listing removed,2023-05-22T00:00:00.000Z,Price change,2023-05-17T00:00:00.000Z,Price change,2023-05-09T00:00:00.000Z,Price change,2023-05-01T00:00:00.000Z,Price change,2023-04-25T00:00:00.000Z,Price change,2023-04-17T00:00:00.000Z,Listed for sale,2018-03-17T00:00:00.000Z,Listing removed,2018-01-25T00:00:00.000Z,Price change,2017-12-14T00:00:00.000Z,Price change,2017-10-03T00:00:00.000Z,Price change,2017-09-01T00:00:00.000Z,Listed for sale,2014-05-29T00:00:00.000Z,Sold,2010-07-23T00:00:00.000Z,Sold,2010-05-05T00:00:00.000Z,Listed for sale,,,,,,
"2765 Archer Ln, Conway, AR 72034",2765 Archer Ln,Conway,AR,,forRent,3,1560,,1700,44,https://www.zillow.com/homedetails/2765-Archer-Ln-Conway-AR-72034/241241_zpid/,,154500,2026-08-14T00:00:00.000Z,Listed for rent,2025-09-17T00:00:00.000Z,Listing removed,2025-08-12T00:00:00.000Z,Listed for rent,2024-05-31T00:00:00.000Z,Listing removed,2024-05-16T00:00:00.000Z,Listed for rent,2023-06-05T00:00:00.000Z,Listing removed,2023-06-02T00:00:00.000Z,Listed for rent,2019-12-17T00:00:00.000Z,Sold,2019-11-19T00:00:00.000Z,Price change,2019-09-30T00:00:00.000Z,Listed for sale,2014-10-14T00:00:00.000Z,Sold,,,,,,,,,,,,,,,,,,,,,,,,,,,,,,,,,,,,,,
"22 Marshall Rd N, Vilonia, AR 72173",22 Marshall Rd N,Vilonia,AR,,forRent,3,1500,,1350,22,https://www.zillow.com/homedetails/22-Marshall-Rd-N-Vilonia-AR-72173/52392644_zpid/,,,2026-09-17T00:00:00.000Z,Price change,2026-09-06T00:00:00.000Z,Listed for rent,2025-12-21T00:00:00.000Z,Listing removed,2025-11-17T00:00:00.000Z,Price change,2025-11-12T00:00:00.000Z,Price change,2025-10-27T00:00:00.000Z,Listed for rent,2024-09-06T00:00:00.000Z,Listing removed,2024-08-28T00:00:00.000Z,Price change,2024-08-13T00:00:00.000Z,Price change,2024-07-23T00:00:00.000Z,Listed for rent,,,,,,,,,,,,,,,,,,,,,,,,,,,,,,,,,,,,,,,,
"600 S Davis St, Conway, AR 72034",600 S Davis St,Conway,AR,,forRent,3,1728,,1500,97,https://www.zillow.com/homedetails/600-S-Davis-St-Conway-AR-72034/235022_zpid/,,108500,2026-09-02T00:00:00.000Z,Price change,2026-07-20T00:00:00.000Z,Price change,2026-07-06T00:00:00.000Z,Price change,2026-06-22T00:00:00.000Z,Listed for rent,2022-10-20T00:00:00.000Z,Listing removed,2022-10-11T00:00:00.000Z,Price change,2022-09-22T00:00:00.000Z,Listed for rent,2017-06-15T00:00:00.000Z,Sold,2017-05-06T00:00:00.000Z,Listed for sale,2015-04-17T00:00:00.000Z,Sold,2005-07-22T00:00:00.000Z,Sold,,,,,,,,,,,,,,,,,,,,,,,,,,,,,,,,,,,,,,
"2004 Hairston Ave, Conway, AR 72034",2004 Hairston Ave,Conway,AR,,forRent,3,1703,,2800,25,https://www.zillow.com/homedetails/2004-Hairston-Ave-Conway-AR-72034/444384959_zpid/,,,2026-09-02T00:00:00.000Z,Listed for rent,2026-02-25T00:00:00.000Z,Listing removed,2026-01-13T00:00:00.000Z,Listed for rent,2025-12-29T00:00:00.000Z,Listing removed,2025-11-07T00:00:00.000Z,Listed for rent,2025-06-27T00:00:00.000Z,Listing removed,2025-06-10T00:00:00.000Z,Listed for rent,2025-05-29T00:00:00.000Z,Listing removed,2025-03-24T00:00:00.000Z,Price change,2025-01-29T00:00:00.000Z,Price change,2025-01-15T00:00:00.000Z,Listed for rent,2024-11-29T00:00:00.000Z,Listing removed,2024-10-16T00:00:00.000Z,Listed for rent,,,,,,,,,,,,,,,,,,,,,,,,,,,,,,,,,,
"1155 Jackson Rd, Ward, AR 72176",1155 Jackson Rd,Ward,AR,,forRent,3,1280,,1300,17,https://www.zillow.com/homedetails/1155-Jackson-Rd-Ward-AR-72176/99441054_zpid/,,,2026-09-10T00:00:00.000Z,Listed for rent,2026-03-18T00:00:00.000Z,Listing removed,2026-03-13T00:00:00.000Z,Price change,2026-02-24T00:00:00.000Z,Listed for rent,2026-01-12T00:00:00.000Z,Listing removed,2025-11-14T00:00:00.000Z,Price change,2025-10-06T00:00:00.000Z,Price change,2025-01-16T00:00:00.000Z,Listed for rent,2015-10-08T00:00:00.000Z,Listing removed,2015-09-18T00:00:00.000Z,Listed for rent,,,,,,,,,,,,,,,,,,,,,,,,,,,,,,,,,,,,,,,,
"89 Solomon Grove Rd, Damascus, AR 72039",89 Solomon Grove Rd,Damascus,AR,,forRent,3,1456,,1025,18,https://www.zillow.com/homedetails/89-Solomon-Grove-Rd-Damascus-AR-72039/244831_zpid/,,241000,2026-09-09T00:00:00.000Z,Listed for rent,2023-11-27T00:00:00.000Z,Listing removed,2023-11-20T00:00:00.000Z,Price change,2023-10-24T00:00:00.000Z,Listed for rent,2014-10-30T00:00:00.000Z,Sold,,,,,,,,,,,,,,,,,,,,,,,,,,,,,,,,,,,,,,,,,,,,,,,,,,
"2530 Peabody Dr, Conway, AR 72032",2530 Peabody Dr,Conway,AR,,forRent,3,1271,,1500,43,https://www.zillow.com/homedetails/2530-Peabody-Dr-Conway-AR-72032/239829_zpid/,,199000,2026-08-15T00:00:00.000Z,Listed for rent,2025-07-28T00:00:00.000Z,Sold,2025-06-29T00:00:00.000Z,Contingent,2025-06-28T00:00:00.000Z,Listed for sale,2014-12-23T00:00:00.000Z,Sold,2013-09-19T00:00:00.000Z,Sold,2013-06-28T00:00:00.000Z,Listed for sale,2012-12-14T00:00:00.000Z,Listing removed,2012-10-15T00:00:00.000Z,Listed for sale,,,,,,,,,,,,,,,,,,,,,,,,,,,,,,,,,,,,,,,,,,
"4420 Oregon Trl, Conway, AR 72034",4420 Oregon Trl,Conway,AR,,forRent,3,1300,,1600,8,https://www.zillow.com/homedetails/4420-Oregon-Trl-Conway-AR-72034/35730660_zpid/,,149100,2026-09-19T00:00:00.000Z,Listed for rent,2025-09-09T00:00:00.000Z,Listing removed,2025-08-11T00:00:00.000Z,Price change,2025-08-08T00:00:00.000Z,Listed for rent,2024-07-04T00:00:00.000Z,Listing removed,2024-06-29T00:00:00.000Z,Listed for rent,2024-04-01T00:00:00.000Z,Listing removed,2024-03-08T00:00:00.000Z,Price change,2024-02-20T00:00:00.000Z,Listed for rent,2022-12-31T00:00:00.000Z,Listing removed,2022-12-22T00:00:00.000Z,Listed for rent,2021-07-26T00:00:00.000Z,Listing removed,2021-07-20T00:00:00.000Z,Listed for rent,2021-03-24T00:00:00.000Z,Listing removed,2020-01-29T00:00:00.000Z,Listing removed,2020-01-25T00:00:00.000Z,Price change,2019-12-27T00:00:00.000Z,Sold,2019-12-27T00:00:00.000Z,Price change,2019-12-13T00:00:00.000Z,Listed for rent,2012-05-29T00:00:00.000Z,Sold,2012-04-12T00:00:00.000Z,Listed for sale,2006-08-11T00:00:00.000Z,Sold,,,,,,,,,,,,,,,,
"1930 College Ave, Conway, AR 72034",1930 College Ave,Conway,AR,,forRent,3,1926,,3100,25,https://www.zillow.com/homedetails/1930-College-Ave-Conway-AR-72034/237634_zpid/,,160268,2026-09-02T00:00:00.000Z,Listed for rent,2026-03-18T00:00:00.000Z,Listing removed,2026-02-19T00:00:00.000Z,Price change,2026-02-05T00:00:00.000Z,Listed for rent,2026-01-28T00:00:00.000Z,Listing removed,2026-01-13T00:00:00.000Z,Listed for rent,2025-09-23T00:00:00.000Z,Listing removed,2025-08-26T00:00:00.000Z,Price change,2025-08-07T00:00:00.000Z,Price change,2025-07-30T00:00:00.000Z,Listed for rent,2025-06-27T00:00:00.000Z,Listing removed,2025-06-10T00:00:00.000Z,Listed for rent,2025-05-29T00:00:00.000Z,Listing removed,2025-03-22T00:00:00.000Z,Price change,2025-02-10T00:00:00.000Z,Listed for rent,2025-02-01T00:00:00.000Z,Listing removed,2025-01-15T00:00:00.000Z,Listed for rent,2024-12-10T00:00:00.000Z,Listing removed,2024-11-30T00:00:00.000Z,Listed for rent,2024-11-23T00:00:00.000Z,Listing removed,2024-10-16T00:00:00.000Z,Listed for rent,2023-05-02T00:00:00.000Z,Sold,2023-02-20T00:00:00.000Z,Price change,2023-01-29T00:00:00.000Z,Listed for sale,2013-08-23T00:00:00.000Z,Sold,,,,,,,,,,
"5417 Temperance, Jacksonville, AR 72076",5417 Temperance,Jacksonville,AR,,forRent,,,,,,https://www.zillow.com/b/5417-temperance-jacksonville-ar-CYrkNG/,,,,,,,,,,,,,,,,,,,,,,,,,,,,,,,,,,,,,,,,,,,,,,,,,,,,,,,,,,,,,,
"104 Herald Pl, Cabot, AR 72023",104 Herald Pl,Cabot,AR,,forRent,3,1232,,1095,55,https://www.zillow.com/homedetails/104-Herald-Pl-Cabot-AR-72023/252206_zpid/,,155000,2026-08-03T00:00:00.000Z,Listed for rent,2024-11-23T00:00:00.000Z,Listing removed,2024-11-14T00:00:00.000Z,Listed for rent,2023-12-28T00:00:00.000Z,Listing removed,2023-11-10T00:00:00.000Z,Price change,2023-10-18T00:00:00.000Z,Listed for rent,2022-04-09T00:00:00.000Z,Listing removed,2022-02-16T00:00:00.000Z,Listed for rent,2019-06-20T00:00:00.000Z,Listing removed,2019-05-08T00:00:00.000Z,Listed for rent,2018-08-24T00:00:00.000Z,Listing removed,2018-08-16T00:00:00.000Z,Price change,2018-08-01T00:00:00.000Z,Listed for rent,2017-12-07T00:00:00.000Z,Listing removed,2017-10-14T00:00:00.000Z,Listed for rent,2013-01-30T00:00:00.000Z,Sold,2008-01-10T00:00:00.000Z,Sold,1988-08-30T00:00:00.000Z,Sold,,,,,,,,,,,,,,,,,,,,,,,,
"2908 Turnberry Dr, Benton, AR 72019",2908 Turnberry Dr,Benton,AR,,forRent,5,2600,,2700,1,https://www.zillow.com/homedetails/2908-Turnberry-Dr-Benton-AR-72019/52934327_zpid/,,50000,2026-09-26T00:00:00.000Z,Listed for rent,2022-12-03T00:00:00.000Z,Listing removed,2022-12-01T00:00:00.000Z,Listed for rent,2006-03-17T00:00:00.000Z,Sold,,,,,,,,,,,,,,,,,,,,,,,,,,,,,,,,,,,,,,,,,,,,,,,,,,,,
"4540 Thompson St, Conway, AR 72034",4540 Thompson St,Conway,AR,,forRent,3,1195,,1450,32,https://www.zillow.com/homedetails/4540-Thompson-St-Conway-AR-72034/52392329_zpid/,,110000,2026-08-26T00:00:00.000Z,Listed for rent,2024-05-02T00:00:00.000Z,Listing removed,2024-04-25T00:00:00.000Z,Listed for rent,2022-08-10T00:00:00.000Z,Listing removed,2022-07-30T00:00:00.000Z,Listed for rent,2021-08-09T00:00:00.000Z,Listing removed,2021-08-04T00:00:00.000Z,Listed for rent,2012-06-11T00:00:00.000Z,Sold,2011-02-21T00:00:00.000Z,Sold,2003-05-13T00:00:00.000Z,Sold,,,,,,,,,,,,,,,,,,,,,,,,,,,,,,,,,,,,,,,,
"125 Old Red Rd, Ward, AR 72176",125 Old Red Rd,Ward,AR,,forRent,3,1280,,1000,24,https://www.zillow.com/homedetails/125-Old-Red-Rd-Ward-AR-72176/99434787_zpid/,,,2026-09-03T00:00:00.000Z,Listed for rent,2026-06-01T00:00:00.000Z,Listing removed,2026-05-19T00:00:00.000Z,Listed for rent,2026-04-20T00:00:00.000Z,Listing removed,2026-03-26T00:00:00.000Z,Listed for rent,2025-10-29T00:00:00.000Z,Listing removed,2025-10-06T00:00:00.000Z,Price change,2025-01-16T00:00:00.000Z,Listed for rent,2021-03-24T00:00:00.000Z,Listing removed,2018-02-28T00:00:00.000Z,Listing removed,2018-02-26T00:00:00.000Z,Listed for rent,,,,,,,,,,,,,,,,,,,,,,,,,,,,,,,,,,,,,,
"1117 Weems St, Conway, AR 72034",1117 Weems St,Conway,AR,,forRent,4,1932,,2050,44,https://www.zillow.com/homedetails/1117-Weems-St-Conway-AR-72034/450684409_zpid/,,,2026-09-03T00:00:00.000Z,Price change,2026-08-22T00:00:00.000Z,Listing removed,2026-08-14T00:00:00.000Z,Listed for rent,2026-08-02T00:00:00.000Z,Listed for sale,2026-08-01T00:00:00.000Z,Listing removed,2026-07-28T00:00:00.000Z,Price change,2026-07-16T00:00:00.000Z,Price change,2026-05-22T00:00:00.000Z,Price change,2026-04-30T00:00:00.000Z,Listed for sale,2023-08-14T00:00:00.000Z,Listing removed,2023-07-31T00:00:00.000Z,Price change,2023-07-13T00:00:00.000Z,Listed for sale,2022-08-12T00:00:00.000Z,Listing removed,2022-07-28T00:00:00.000Z,Price change,2022-06-16T00:00:00.000Z,Listed for sale,,,,,,,,,,,,,,,,,,,,,,,,,,,,,,
"2501 Janet, Benton, AR 72015",2501 Janet,Benton,AR,,forRent,3,1830,,2150,1,https://www.zillow.com/homedetails/2501-Janet-Benton-AR-72015/350531195_zpid/,,299900,2026-09-26T00:00:00.000Z,Listed for rent,2026-07-22T00:00:00.000Z,Listing removed,2026-06-14T00:00:00.000Z,Listed for sale,2025-02-21T00:00:00.000Z,Sold,2025-01-21T00:00:00.000Z,Contingent,2024-12-12T00:00:00.000Z,Price change,2024-12-10T00:00:00.000Z,Price change,2024-11-08T00:00:00.000Z,Listed for sale,,,,,,,,,,,,,,,,,,,,,,,,,,,,,,,,,,,,,,,,,,,,
"22 Kirkland St, Ward, AR 72176",22 Kirkland St,Ward,AR,,forRent,3,1185,,1350,26,https://www.zillow.com/homedetails/22-Kirkland-St-Ward-AR-72176/261280_zpid/,,84000,2026-07-15T00:00:00.000Z,Listed for rent,2026-06-16T00:00:00.000Z,Sold,2026-06-14T00:00:00.000Z,Contingent,2026-06-02T00:00:00.000Z,Price change,2026-05-28T00:00:00.000Z,Listed for sale,2014-10-30T00:00:00.000Z,Sold,,,,,,,,,,,,,,,,,,,,,,,,,,,,,,,,,,,,,,,,,,,,,,,,
"5813 Heritage Heights Dr, Benton, AR 72019",5813 Heritage Heights Dr,Benton,AR,,forRent,4,1792,,1695,115,https://www.zillow.com/homedetails/5813-Heritage-Heights-Dr-Benton-AR-72019/71715692_zpid/,,199000,2026-08-27T00:00:00.000Z,Price change,2026-08-12T00:00:00.000Z,Price change,2026-07-29T00:00:00.000Z,Price change,2026-07-15T00:00:00.000Z,Price change,2026-06-04T00:00:00.000Z,Listed for rent,2024-04-06T00:00:00.000Z,Listing removed,2024-03-28T00:00:00.000Z,Listed for rent,2023-07-05T00:00:00.000Z,Listing removed,2023-06-23T00:00:00.000Z,Listed for rent,2022-05-23T00:00:00.000Z,Listing removed,2022-05-17T00:00:00.000Z,Listed for rent,2022-02-23T00:00:00.000Z,Listing removed,2022-02-04T00:00:00.000Z,Price change,2021-12-21T00:00:00.000Z,Listed for rent,2021-11-17T00:00:00.000Z,Sold,2021-11-12T00:00:00.000Z,Contingent,2021-10-13T00:00:00.000Z,Listed for sale,2016-02-17T00:00:00.000Z,Sold,2014-10-06T00:00:00.000Z,Listing removed,2014-07-21T00:00:00.000Z,Price change,2013-10-18T00:00:00.000Z,Listed for sale,,,,,,,,,,,,,,,,,,
"2804 Bruce St, Conway, AR 72034",2804 Bruce St,Conway,AR,,forRent,3,1232,,1375,20,https://www.zillow.com/homedetails/2804-Bruce-St-Conway-AR-72034/238249_zpid/,,115000,2026-09-07T00:00:00.000Z,Listed for rent,2017-11-12T00:00:00.000Z,Listing removed,2017-11-01T00:00:00.000Z,Listed for rent,2016-07-19T00:00:00.000Z,Listing removed,2016-07-19T00:00:00.000Z,Listed for sale,2016-07-18T00:00:00.000Z,Sold,2016-06-22T00:00:00.000Z,Pending sale,2016-06-09T00:00:00.000Z,Listed for sale,2011-06-20T00:00:00.000Z,Sold,2006-12-04T00:00:00.000Z,Sold,,,,,,,,,,,,,,,,,,,,,,,,,,,,,,,,,,,,,,,,
"2708 Eden Rd, Benton, AR 72015",2708 Eden Rd,Benton,AR,,forRent,3,1514,,1850,2,https://www.zillow.com/homedetails/2708-Eden-Rd-Benton-AR-72015/338992901_zpid/,,,2026-09-25T00:00:00.000Z,Listed for rent,2026-07-22T00:00:00.000Z,Listing removed,2026-07-01T00:00:00.000Z,Listed for rent,,,,,,,,,,,,,,,,,,,,,,,,,,,,,,,,,,,,,,,,,,,,,,,,,,,,,,
"103 E Scott St, Carlisle, AR 72024",103 E Scott St,Carlisle,AR,,forRent,3,1556,,1250,15,https://www.zillow.com/homedetails/103-E-Scott-St-Carlisle-AR-72024/258138_zpid/,,75000,2026-09-13T00:00:00.000Z,Price change,2026-08-09T00:00:00.000Z,Listed for rent,2025-05-14T00:00:00.000Z,Sold,2025-03-28T00:00:00.000Z,Sold,2024-12-02T00:00:00.000Z,Listed for sale,2014-01-15T00:00:00.000Z,Sold,2013-07-17T00:00:00.000Z,Sold,2013-06-26T00:00:00.000Z,Price change,2013-05-17T00:00:00.000Z,Price change,2013-02-20T00:00:00.000Z,Price change,2013-01-27T00:00:00.000Z,Listed for sale,,,,,,,,,,,,,,,,,,,,,,,,,,,,,,,,,,,,,,
"1235 Tsar Rd, Conway, AR 72034",1235 Tsar Rd,Conway,AR,,forRent,4,1564,,1650,3,https://www.zillow.com/homedetails/1235-Tsar-Rd-Conway-AR-72034/2057979230_zpid/,,210075,2026-09-24T00:00:00.000Z,Listed for rent,2023-07-14T00:00:00.000Z,Listing removed,2023-07-12T00:00:00.000Z,Listed for rent,2023-07-12T00:00:00.000Z,Listing removed,2023-07-06T00:00:00.000Z,Listed for rent,2023-06-29T00:00:00.000Z,Sold,,,,,,,,,,,,,,,,,,,,,,,,,,,,,,,,,,,,,,,,,,,,,,,,
"6634 Hollywood Ave, Benton, AR 72019",6634 Hollywood Ave,Benton,AR,,forRent,3,1051,,1195,19,https://www.zillow.com/homedetails/6634-Hollywood-Ave-Benton-AR-72019/459936342_zpid/,,,2026-09-09T00:00:00.000Z,Listed for rent,2026-08-14T00:00:00.000Z,Listing removed,2026-06-25T00:00:00.000Z,Price change,2026-06-17T00:00:00.000Z,Price change,2026-06-08T00:00:00.000Z,Price change,2026-05-28T00:00:00.000Z,Price change,2026-05-07T00:00:00.000Z,Price change,2026-05-06T00:00:00.000Z,Price change,2026-05-05T00:00:00.000Z,Price change,2026-05-02T00:00:00.000Z,Listed for sale,2026-04-23T00:00:00.000Z,Contingent,2026-03-31T00:00:00.000Z,Price change,2026-03-18T00:00:00.000Z,Price change,2026-03-03T00:00:00.000Z,Price change,2026-02-14T00:00:00.000Z,Price change,2026-02-03T00:00:00.000Z,Price change,2026-01-23T00:00:00.000Z,Listed for sale,,,,,,,,,,,,,,,,,,,,,,,,,,
"26 Stonewood Dr, Cabot, AR 72023",26 Stonewood Dr,Cabot,AR,,forRent,3,1698,,1900,34,https://www.zillow.com/homedetails/26-Stonewood-Dr-Cabot-AR-72023/55151081_zpid/,,157000,2026-08-24T00:00:00.000Z,Listed for rent,2026-04-27T00:00:00.000Z,Sold,2025-11-06T00:00:00.000Z,Listing removed,2025-10-20T00:00:00.000Z,Price change,2025-09-18T00:00:00.000Z,Listed for sale,2018-02-05T00:00:00.000Z,Listing removed,2017-09-28T00:00:00.000Z,Price change,2017-09-12T00:00:00.000Z,Listed for sale,2014-11-09T00:00:00.000Z,Listing removed,2014-08-01T00:00:00.000Z,Listed for sale,2012-03-12T00:00:00.000Z,Listing removed,2012-02-02T00:00:00.000Z,Listed for sale,,,,,,,,,,,,,,,,,,,,,,,,,,,,,,,,,,,,
"38 Robinson St, Cabot, AR 72023",38 Robinson St,Cabot,AR,,forRent,4,1848,,1550,18,https://www.zillow.com/homedetails/38-Robinson-St-Cabot-AR-72023/256100_zpid/,,208000,2026-09-10T00:00:00.000Z,Listed for rent,2025-01-09T00:00:00.000Z,Sold,2024-10-05T00:00:00.000Z,Listing removed,2024-08-06T00:00:00.000Z,Listed for rent,2024-07-29T00:00:00.000Z,Sold,2023-12-20T00:00:00.000Z,Sold,2022-10-11T00:00:00.000Z,Sold,2014-11-13T00:00:00.000Z,Sold,,,,,,,,,,,,,,,,,,,,,,,,,,,,,,,,,,,,,,,,,,,,
"63 Autumn Hills Rd, Greenbrier, AR 72058",63 Autumn Hills Rd,Greenbrier,AR,,forRent,3,1420,,1450,12,https://www.zillow.com/homedetails/63-Autumn-Hills-Rd-Greenbrier-AR-72058/82246957_zpid/,,,2026-09-15T00:00:00.000Z,Listed for rent,2025-01-21T00:00:00.000Z,Listing removed,2025-01-17T00:00:00.000Z,Listed for rent,,,,,,,,,,,,,,,,,,,,,,,,,,,,,,,,,,,,,,,,,,,,,,,,,,,,,,
"1955 Bellingrath Gdns, Conway, AR 72034",1955 Bellingrath Gdns,Conway,AR,,forRent,3,1752,,2000,26,https://www.zillow.com/homedetails/1955-Bellingrath-Gdns-Conway-AR-72034/119403911_zpid/,,199900,2026-09-01T00:00:00.000Z,Listed for rent,2025-09-17T00:00:00.000Z,Listing removed,2025-09-05T00:00:00.000Z,Price change,2025-08-27T00:00:00.000Z,Listed for rent,2025-05-28T00:00:00.000Z,Listing removed,2025-05-09T00:00:00.000Z,Listed for rent,2024-01-01T00:00:00.000Z,Listing removed,2023-12-15T00:00:00.000Z,Listed for rent,2018-04-02T00:00:00.000Z,Sold,2018-02-03T00:00:00.000Z,Listed for sale,2016-07-01T00:00:00.000Z,Listing removed,2015-10-23T00:00:00.000Z,Price change,2015-09-29T00:00:00.000Z,Listed for sale,,,,,,,,,,,,,,,,,,,,,,,,,,,,,,,,,,
"7418 Russwood Ln E, Mabelvale, AR 72103",7418 Russwood Ln E,Mabelvale,AR,,forRent,4,2800,,1600,2,https://www.zillow.com/homedetails/7418-Russwood-Ln-E-Mabelvale-AR-72103/377629_zpid/,,90000,2026-09-25T00:00:00.000Z,Listed for rent,2021-03-24T00:00:00.000Z,Listing removed,2019-01-08T00:00:00.000Z,Listing removed,2019-01-03T00:00:00.000Z,Price change,2018-12-17T00:00:00.000Z,Listed for rent,2007-10-10T00:00:00.000Z,Sold,2007-05-15T00:00:00.000Z,Sold,,,,,,,,,,,,,,,,,,,,,,,,,,,,,,,,,,,,,,,,,,,,,,
"1804 Clara Dr, Conway, AR 72034",1804 Clara Dr,Conway,AR,,forRent,3,2000,,1695,23,https://www.zillow.com/homedetails/1804-Clara-Dr-Conway-AR-72034/235007_zpid/,,20000,2026-09-04T00:00:00.000Z,Listed for rent,2024-07-11T00:00:00.000Z,Listing removed,2024-06-26T00:00:00.000Z,Listed for rent,2023-06-13T00:00:00.000Z,Listing removed,2023-05-30T00:00:00.000Z,Listed for rent,2022-05-04T00:00:00.000Z,Listing removed,2022-04-06T00:00:00.000Z,Listed for rent,2019-05-17T00:00:00.000Z,Listing removed,2019-05-15T00:00:00.000Z,Listed for rent,2015-12-07T00:00:00.000Z,Listing removed,2015-09-23T00:00:00.000Z,Listed for rent,2014-06-21T00:00:00.000Z,Listing removed,2014-05-12T00:00:00.000Z,Listed for rent,2013-05-06T00:00:00.000Z,Sold,2013-04-25T00:00:00.000Z,Listing removed,2013-04-24T00:00:00.000Z,Price change,2013-03-24T00:00:00.000Z,Listed for rent,2012-03-18T00:00:00.000Z,Listing removed,2012-03-15T00:00:00.000Z,Price change,2012-03-05T00:00:00.000Z,Listed for rent,,,,,,,,,,,,,,,,,,,,
"18 Kimberly Dr, Vilonia, AR 72173",18 Kimberly Dr,Vilonia,AR,,forRent,3,1954,,1945,11,https://www.zillow.com/homedetails/18-Kimberly-Dr-Vilonia-AR-72173/245526_zpid/,,270000,2026-08-26T00:00:00.000Z,Price change,2026-05-04T00:00:00.000Z,Listed for rent,2026-01-05T00:00:00.000Z,Sold,2025-11-20T00:00:00.000Z,Listed for sale,2025-11-20T00:00:00.000Z,Listing removed,2025-09-18T00:00:00.000Z,Listed for sale,2015-07-09T00:00:00.000Z,Sold,2000-03-15T00:00:00.000Z,Sold,,,,,,,,,,,,,,,,,,,,,,,,,,,,,,,,,,,,,,,,,,,,
"2517 Garden Dr, Benton, AR 72015",2517 Garden Dr,Benton,AR,,forRent,3,1685,,1850,2,https://www.zillow.com/homedetails/2517-Garden-Dr-Benton-AR-72015/348624677_zpid/,,,2026-09-25T00:00:00.000Z,Listed for rent,2026-09-01T00:00:00.000Z,Listing removed,2026-08-11T00:00:00.000Z,Listed for rent,2024-05-09T00:00:00.000Z,Listing removed,2024-04-26T00:00:00.000Z,Listed for rent,,,,,,,,,,,,,,,,,,,,,,,,,,,,,,,,,,,,,,,,,,,,,,,,,,
"13808 Cherry Hill Dr, Alexander, AR 72002",13808 Cherry Hill Dr,Alexander,AR,,forRent,3,1247,,1550,11,https://www.zillow.com/homedetails/13808-Cherry-Hill-Dr-Alexander-AR-72002/49814136_zpid/,,91000,2026-09-17T00:00:00.000Z,Listed for rent,2008-05-22T00:00:00.000Z,Sold,2007-01-05T00:00:00.000Z,Sold,,,,,,,,,,,,,,,,,,,,,,,,,,,,,,,,,,,,,,,,,,,,,,,,,,,,,,
"4955 Westin Park Dr, Conway, AR 72034",4955 Westin Park Dr,Conway,AR,,forRent,4,2275,,2300,7,https://www.zillow.com/homedetails/4955-Westin-Park-Dr-Conway-AR-72034/68021234_zpid/,,231500,2026-09-20T00:00:00.000Z,Listed for rent,2018-01-18T00:00:00.000Z,Sold,2017-11-16T00:00:00.000Z,Listed for sale,,,,,,,,,,,,,,,,,,,,,,,,,,,,,,,,,,,,,,,,,,,,,,,,,,,,,,
"2210 Remington Rd, Conway, AR 72032",2210 Remington Rd,Conway,AR,,forRent,3,1264,,1425,2,https://www.zillow.com/homedetails/2210-Remington-Rd-Conway-AR-72032/239869_zpid/,,120000,2026-09-25T00:00:00.000Z,Listed for rent,2020-05-21T00:00:00.000Z,Listing removed,2020-05-06T00:00:00.000Z,Listed for rent,2018-05-11T00:00:00.000Z,Listing removed,2018-05-04T00:00:00.000Z,Listed for rent,2017-04-19T00:00:00.000Z,Sold,2017-02-08T00:00:00.000Z,Listed for sale,2012-04-27T00:00:00.000Z,Sold,2008-09-03T00:00:00.000Z,Sold,,,,,,,,,,,,,,,,,,,,,,,,,,,,,,,,,,,,,,,,,,
"2007 Arkansas Ave, Conway, AR 72034",2007 Arkansas Ave,Conway,AR,,forRent,3,1301,,1495,26,https://www.zillow.com/homedetails/2007-Arkansas-Ave-Conway-AR-72034/234341_zpid/,,90000,2026-09-02T00:00:00.000Z,Listed for rent,2026-08-26T00:00:00.000Z,Sold,2026-08-25T00:00:00.000Z,Contingent,2026-07-20T00:00:00.000Z,Price change,2026-05-19T00:00:00.000Z,Listed for sale,2026-05-19T00:00:00.000Z,Listing removed,2026-04-17T00:00:00.000Z,Price change,2026-03-09T00:00:00.000Z,Price change,2025-11-18T00:00:00.000Z,Listed for sale,2015-02-18T00:00:00.000Z,Sold,2012-05-07T00:00:00.000Z,Sold,,,,,,,,,,,,,,,,,,,,,,,,,,,,,,,,,,,,,,
"34 Woodhaven Dr, Cabot, AR 72023",34 Woodhaven Dr,Cabot,AR,,forRent,3,1305,,1495,52,https://www.zillow.com/homedetails/34-Woodhaven-Dr-Cabot-AR-72023/338206710_zpid/,,165000,2026-09-26T00:00:00.000Z,Price change,2026-09-19T00:00:00.000Z,Price change,2026-09-12T00:00:00.000Z,Price change,2026-08-07T00:00:00.000Z,Listed for rent,2025-04-03T00:00:00.000Z,Listing removed,2025-03-15T00:00:00.000Z,Price change,2025-02-13T00:00:00.000Z,Price change,2025-02-11T00:00:00.000Z,Listed for rent,2020-11-30T00:00:00.000Z,Sold,2020-10-19T00:00:00.000Z,Sold,,,,,,,,,,,,,,,,,,,,,,,,,,,,,,,,,,,,,,,,
"43 Meadowlark Dr, Cabot, AR 72023",43 Meadowlark Dr,Cabot,AR,,forRent,4,1248,,1395,54,https://www.zillow.com/homedetails/43-Meadowlark-Dr-Cabot-AR-72023/255202_zpid/,,135000,2026-09-26T00:00:00.000Z,Price change,2026-09-19T00:00:00.000Z,Price change,2026-09-12T00:00:00.000Z,Price change,2026-09-04T00:00:00.000Z,Price change,2026-08-29T00:00:00.000Z,Price change,2026-06-25T00:00:00.000Z,Listed for rent,2020-10-05T00:00:00.000Z,Sold,2020-06-25T00:00:00.000Z,Sold,2020-06-17T00:00:00.000Z,Price change,2020-05-12T00:00:00.000Z,Listed for sale,2015-01-30T00:00:00.000Z,Sold,2013-06-02T00:00:00.000Z,Listing removed,2013-05-09T00:00:00.000Z,Price change,2013-03-28T00:00:00.000Z,Listed for sale,2011-08-24T00:00:00.000Z,Listing removed,2011-05-08T00:00:00.000Z,Listed for sale,,,,,,,,,,,,,,,,,,,,,,,,,,,,
"26 Alexis Dr, Cabot, AR 72023",26 Alexis Dr,Cabot,AR,,forRent,3,1288,,1425,25,https://www.zillow.com/homedetails/26-Alexis-Dr-Cabot-AR-72023/255240_zpid/,,152900,2026-08-11T00:00:00.000Z,Price change,2026-07-29T00:00:00.000Z,Price change,2026-07-14T00:00:00.000Z,Listed for rent,2023-05-31T00:00:00.000Z,Listing removed,2023-05-17T00:00:00.000Z,Listed for rent,2023-03-10T00:00:00.000Z,Sold,2023-02-09T00:00:00.000Z,Contingent,2023-02-07T00:00:00.000Z,Listed for sale,2014-11-14T00:00:00.000Z,Sold,,,,,,,,,,,,,,,,,,,,,,,,,,,,,,,,,,,,,,,,,,
"351 Meadow Creek Dr, Haskell, AR 72015",351 Meadow Creek Dr,Haskell,AR,,forRent,3,1625,,1650,51,https://www.zillow.com/homedetails/351-Meadow-Creek-Dr-Haskell-AR-72015/92428597_zpid/,,139900,,,,,,,,,,,,,,,,,,,,,,,,,,,,,,,,,,,,,,,,,,,,,,,,,,,,,,,,,,,,
"202 Skunk Hollow Rd, Conway, AR 72032",202 Skunk Hollow Rd,Conway,AR,,forRent,3,1120,,1425,39,https://www.zillow.com/homedetails/202-Skunk-Hollow-Rd-Conway-AR-72032/228041_zpid/,,116083,2026-09-09T00:00:00.000Z,Listed for rent,2026-08-20T00:00:00.000Z,Listing removed,2026-08-19T00:00:00.000Z,Listed for rent,2026-07-20T00:00:00.000Z,Sold,2026-05-18T00:00:00.000Z,Contingent,2026-05-08T00:00:00.000Z,Listed for sale,2014-12-02T00:00:00.000Z,Sold,,,,,,,,,,,,,,,,,,,,,,,,,,,,,,,,,,,,,,,,,,,,,,
"294 Stone Mountain Rd, Conway, AR 72032",294 Stone Mountain Rd,Conway,AR,,forRent,3,1216,,1650,14,https://www.zillow.com/homedetails/294-Stone-Mountain-Rd-Conway-AR-72032/122006123_zpid/,,42300,2026-09-13T00:00:00.000Z,Listed for rent,2025-04-17T00:00:00.000Z,Sold,2025-03-26T00:00:00.000Z,Contingent,2025-03-22T00:00:00.000Z,Listed for sale,,,,,,,,,,,,,,,,,,,,,,,,,,,,,,,,,,,,,,,,,,,,,,,,,,,,
"1655 Duke St, Conway, AR 72032",1655 Duke St,Conway,AR,,forRent,3,1369,,1675,8,https://www.zillow.com/homedetails/1655-Duke-St-Conway-AR-72032/71713063_zpid/,,185000,2026-09-19T00:00:00.000Z,Listed for rent,2024-10-01T00:00:00.000Z,Listing removed,2024-09-11T00:00:00.000Z,Listed for rent,2023-08-01T00:00:00.000Z,Sold,2023-05-18T00:00:00.000Z,Contingent,2023-04-23T00:00:00.000Z,Listed for sale,2005-12-07T00:00:00.000Z,Sold,,,,,,,,,,,,,,,,,,,,,,,,,,,,,,,,,,,,,,,,,,,,,,
"100 Donna Kay Dr, Greenbrier, AR 72058",100 Donna Kay Dr,Greenbrier,AR,,forRent,3,1129,,1500,2,https://www.zillow.com/homedetails/100-Donna-Kay-Dr-Greenbrier-AR-72058/35730915_zpid/,,100000,2026-09-25T00:00:00.000Z,Listed for rent,2026-08-28T00:00:00.000Z,Listing removed,2026-08-07T00:00:00.000Z,Listed for rent,2024-03-16T00:00:00.000Z,Listing removed,2024-03-12T00:00:00.000Z,Listed for rent,2013-11-05T00:00:00.000Z,Sold,2013-07-27T00:00:00.000Z,Listing removed,2013-06-23T00:00:00.000Z,Listed for sale,2008-05-05T00:00:00.000Z,Sold,2007-05-22T00:00:00.000Z,Sold,,,,,,,,,,,,,,,,,,,,,,,,,,,,,,,,,,,,,,,,
"211 Rodney Guthrie Dr, Cabot, AR 72023",211 Rodney Guthrie Dr,Cabot,AR,,forRent,3,1268,,1345,52,https://www.zillow.com/homedetails/211-Rodney-Guthrie-Dr-Cabot-AR-72023/256835_zpid/,,155000,2026-08-06T00:00:00.000Z,Listed for rent,2025-09-22T00:00:00.000Z,Listing removed,2025-08-26T00:00:00.000Z,Price change,2025-07-29T00:00:00.000Z,Listed for rent,2023-07-27T00:00:00.000Z,Listing removed,2023-07-06T00:00:00.000Z,Listed for rent,2022-03-10T00:00:00.000Z,Sold,2022-01-31T00:00:00.000Z,Listed for sale,2019-09-20T00:00:00.000Z,Sold,2019-09-11T00:00:00.000Z,Listed for sale,2019-08-26T00:00:00.000Z,Pending sale,2019-08-13T00:00:00.000Z,Price change,2019-05-31T00:00:00.000Z,Price change,2019-03-17T00:00:00.000Z,Listed for sale,2017-02-23T00:00:00.000Z,Listing removed,2017-01-02T00:00:00.000Z,Price change,2016-07-05T00:00:00.000Z,Listed for sale,2016-06-27T00:00:00.000Z,Sold,2015-11-21T00:00:00.000Z,Listed for sale,2014-09-16T00:00:00.000Z,Sold,,,,,,,,,,,,,,,,,,,,
"21 Willard St, Ward, AR 72176",21 Willard St,Ward,AR,,forRent,3,1301,,1295,44,https://www.zillow.com/homedetails/21-Willard-St-Ward-AR-72176/55151159_zpid/,,165000,2026-09-26T00:00:00.000Z,Price change,2026-09-19T00:00:00.000Z,Price change,2026-08-14T00:00:00.000Z,Listed for rent,2022-08-08T00:00:00.000Z,Sold,2014-12-24T00:00:00.000Z,Listing removed,2014-11-06T00:00:00.000Z,Price change,2014-10-02T00:00:00.000Z,Listed for rent,2014-04-10T00:00:00.000Z,Listing removed,2014-03-01T00:00:00.000Z,Listed for rent,2014-02-18T00:00:00.000Z,Listing removed,2014-02-07T00:00:00.000Z,Price change,2014-01-09T00:00:00.000Z,Price change,2013-10-25T00:00:00.000Z,Price change,2013-08-24T00:00:00.000Z,Listed for sale,2013-05-23T00:00:00.000Z,Listing removed,2013-04-18T00:00:00.000Z,Price change,2013-03-30T00:00:00.000Z,Price change,2013-03-13T00:00:00.000Z,Price change,2013-02-26T00:00:00.000Z,Price change,2013-02-10T00:00:00.000Z,Listed for sale,2012-07-04T00:00:00.000Z,Listing removed,2012-05-16T00:00:00.000Z,Price change,2012-04-12T00:00:00.000Z,Price change,2012-04-09T00:00:00.000Z,Price change,2012-03-23T00:00:00.000Z,Price change,2012-03-15T00:00:00.000Z,Listed for sale,,,,,,,,
"2230 Matthews Ln, Conway, AR 72032",2230 Matthews Ln,Conway,AR,,forRent,4,1661,,1800,9,https://www.zillow.com/homedetails/2230-Matthews-Ln-Conway-AR-72032/2076025311_zpid/,,,2026-09-18T00:00:00.000Z,Listed for rent,,,,,,,,,,,,,,,,,,,,,,,,,,,,,,,,,,,,,,,,,,,,,,,,,,,,,,,,,,
"2230 Cedar Oaks Dr, Conway, AR 72032",2230 Cedar Oaks Dr,Conway,AR,,forRent,3,1200,,1500,14,https://www.zillow.com/homedetails/2230-Cedar-Oaks-Dr-Conway-AR-72032/239909_zpid/,,640000,2026-09-13T00:00:00.000Z,Listed for rent,2014-10-22T00:00:00.000Z,Sold,2006-05-30T00:00:00.000Z,Sold,,,,,,,,,,,,,,,,,,,,,,,,,,,,,,,,,,,,,,,,,,,,,,,,,,,,,,
"9 Summer Breeze Rd, Conway, AR 72032",9 Summer Breeze Rd,Conway,AR,,forRent,4,1537,,1750,17,https://www.zillow.com/homedetails/9-Summer-Breeze-Rd-Conway-AR-72032/2078228526_zpid/,,195000,2026-09-10T00:00:00.000Z,Listed for rent,2025-08-12T00:00:00.000Z,Listing removed,2025-06-24T00:00:00.000Z,Listed for rent,2025-05-30T00:00:00.000Z,Sold,2025-04-24T00:00:00.000Z,Contingent,2025-03-29T00:00:00.000Z,Listed for sale,2020-12-04T00:00:00.000Z,Sold,2020-09-03T00:00:00.000Z,Price change,2020-08-15T00:00:00.000Z,Listed for sale,,,,,,,,,,,,,,,,,,,,,,,,,,,,,,,,,,,,,,,,,,
"1105 River Oaks Dr, Benton, AR 72019",1105 River Oaks Dr,Benton,AR,,forRent,4,2350,,2600,54,https://www.zillow.com/homedetails/1105-River-Oaks-Dr-Benton-AR-72019/453260567_zpid/,,,2026-08-04T00:00:00.000Z,Listed for rent,2025-07-28T00:00:00.000Z,Listing removed,2025-07-04T00:00:00.000Z,Price change,2025-06-21T00:00:00.000Z,Price change,2025-06-12T00:00:00.000Z,Listed for rent,,,,,,,,,,,,,,,,,,,,,,,,,,,,,,,,,,,,,,,,,,,,,,,,,,
"153 Harwill, Hensley, AR 72065",153 Harwill,Hensley,AR,,forRent,4,2359,,2500,48,https://www.zillow.com/homedetails/153-Harwill-Hensley-AR-72065/2082362397_zpid/,,,2026-08-10T00:00:00.000Z,Listed for rent,2025-08-04T00:00:00.000Z,Listing removed,2025-07-01T00:00:00.000Z,Listed for rent,2025-06-30T00:00:00.000Z,Listing removed,2025-06-09T00:00:00.000Z,Listed for rent,2019-11-13T00:00:00.000Z,Listing removed,2019-10-15T00:00:00.000Z,Listed for rent,,,,,,,,,,,,,,,,,,,,,,,,,,,,,,,,,,,,,,,,,,,,,,
"102 Rosebud Cir, Cabot, AR 72023",102 Rosebud Cir,Cabot,AR,,forRent,3,1277,,1375,58,https://www.zillow.com/homedetails/102-Rosebud-Cir-Cabot-AR-72023/63160774_zpid/,,199000,2026-09-15T00:00:00.000Z,Price change,2026-07-31T00:00:00.000Z,Listed for rent,2024-10-10T00:00:00.000Z,Listing removed,2024-10-09T00:00:00.000Z,Price change,2024-09-26T00:00:00.000Z,Listed for rent,2024-08-23T00:00:00.000Z,Sold,2024-07-15T00:00:00.000Z,Listed for sale,2019-02-08T00:00:00.000Z,Sold,2019-01-11T00:00:00.000Z,Pending sale,2018-12-01T00:00:00.000Z,Price change,2018-09-22T00:00:00.000Z,Price change,2018-08-05T00:00:00.000Z,Listed for sale,,,,,,,,,,,,,,,,,,,,,,,,,,,,,,,,,,,,
"1845 Arden Ln, Conway, AR 72034",1845 Arden Ln,Conway,AR,,forRent,3,1205,,1575,13,https://www.zillow.com/homedetails/1845-Arden-Ln-Conway-AR-72034/71714882_zpid/,,139000,2026-08-30T00:00:00.000Z,Price change,2026-07-17T00:00:00.000Z,Listed for rent,2024-07-03T00:00:00.000Z,Listing removed,2024-06-25T00:00:00.000Z,Listed for rent,2023-02-27T00:00:00.000Z,Listing removed,2023-02-22T00:00:00.000Z,Listed for rent,2021-01-19T00:00:00.000Z,Listing removed,2021-01-09T00:00:00.000Z,Listed for rent,2020-12-16T00:00:00.000Z,Sold,,,,,,,,,,,,,,,,,,,,,,,,,,,,,,,,,,,,,,,,,,
"2220 Chase Dr, Conway, AR 72034",2220 Chase Dr,Conway,AR,,forRent,3,1582,,1850,73,https://www.zillow.com/homedetails/2220-Chase-Dr-Conway-AR-72034/35730147_zpid/,,141000,2026-07-16T00:00:00.000Z,Listed for rent,2025-04-11T00:00:00.000Z,Listing removed,2025-04-06T00:00:00.000Z,Listed for rent,2025-03-29T00:00:00.000Z,Listing removed,2025-01-19T00:00:00.000Z,Price change,2025-01-18T00:00:00.000Z,Listed for rent,2012-10-25T00:00:00.000Z,Sold,2011-08-25T00:00:00.000Z,Sold,2009-07-29T00:00:00.000Z,Sold,2009-04-13T00:00:00.000Z,Sold,2006-02-08T00:00:00.000Z,Sold,,,,,,,,,,,,,,,,,,,,,,,,,,,,,,,,,,,,,,
"2721 Timbermist Dr, Benton, AR 72015",2721 Timbermist Dr,Benton,AR,,forRent,3,1200,,1600,28,https://www.zillow.com/homedetails/2721-Timbermist-Dr-Benton-AR-72015/386806_zpid/,,83000,2026-08-30T00:00:00.000Z,Listed for rent,2025-09-01T00:00:00.000Z,Listing removed,2025-06-30T00:00:00.000Z,Price change,2025-03-03T00:00:00.000Z,Price change,2024-12-20T00:00:00.000Z,Listed for rent,2024-12-06T00:00:00.000Z,Listing removed,2024-11-26T00:00:00.000Z,Price change,2024-11-20T00:00:00.000Z,Listed for rent,2024-11-12T00:00:00.000Z,Listing removed,2024-10-30T00:00:00.000Z,Price change,2024-10-23T00:00:00.000Z,Listed for rent,2023-06-20T00:00:00.000Z,Listing removed,2023-06-03T00:00:00.000Z,Listed for rent,2023-05-22T00:00:00.000Z,Listing removed,2023-05-01T00:00:00.000Z,Price change,2023-04-04T00:00:00.000Z,Listed for rent,2021-03-24T00:00:00.000Z,Listing removed,2017-08-01T00:00:00.000Z,Listing removed,2017-07-22T00:00:00.000Z,Listed for rent,2011-04-13T00:00:00.000Z,Sold,2011-02-02T00:00:00.000Z,Listed for sale,,,,,,,,,,,,,,,,,,
"2103 Arkansas Ave, Conway, AR 72034",2103 Arkansas Ave,Conway,AR,,forRent,4,1300,,1425,23,https://www.zillow.com/homedetails/2103-Arkansas-Ave-Conway-AR-72034/235083_zpid/,,87000,2026-09-04T00:00:00.000Z,Listed for rent,2025-10-17T00:00:00.000Z,Listing removed,2025-09-19T00:00:00.000Z,Listed for rent,2015-02-13T00:00:00.000Z,Sold,,,,,,,,,,,,,,,,,,,,,,,,,,,,,,,,,,,,,,,,,,,,,,,,,,,,
"(Undisclosed Address), Conway, AR 72034",(Undisclosed Address),Conway,AR,,forRent,3,1689,,1750,27,https://www.zillow.com/homedetails/Conway-AR-72034/241235_zpid/,,131000,2026-09-01T00:00:00.000Z,Price change,2026-07-12T00:00:00.000Z,Listed for rent,2026-06-15T00:00:00.000Z,Listing removed,2026-05-25T00:00:00.000Z,Listed for rent,2026-05-16T00:00:00.000Z,Listing removed,2026-04-25T00:00:00.000Z,Listed for rent,2024-05-02T00:00:00.000Z,Listing removed,2024-04-11T00:00:00.000Z,Listed for rent,2021-08-22T00:00:00.000Z,Listing removed,2021-08-02T00:00:00.000Z,Listed for rent,2013-04-18T00:00:00.000Z,Sold,2013-02-04T00:00:00.000Z,Sold,2006-01-27T00:00:00.000Z,Sold,,,,,,,,,,,,,,,,,,,,,,,,,,,,,,,,,,
"2423 S Chatfield Rd, Bauxite, AR 72011",2423 S Chatfield Rd,Bauxite,AR,,forRent,4,1802,,1700,28,https://www.zillow.com/homedetails/2423-S-Chatfield-Rd-Bauxite-AR-72011/114169056_zpid/,,99000,2026-09-27T00:00:00.000Z,Price change,2026-09-08T00:00:00.000Z,Price change,2026-08-30T00:00:00.000Z,Listed for rent,2026-07-20T00:00:00.000Z,Listing removed,2026-06-26T00:00:00.000Z,Price change,2026-06-12T00:00:00.000Z,Listed for rent,2025-11-26T00:00:00.000Z,Sold,2025-10-29T00:00:00.000Z,Contingent,2025-10-27T00:00:00.000Z,Listed for sale,2025-10-08T00:00:00.000Z,Contingent,2025-10-05T00:00:00.000Z,Listed for sale,,,,,,,,,,,,,,,,,,,,,,,,,,,,,,,,,,,,,,
"308 McCright St, Benton, AR 72015",308 McCright St,Benton,AR,,forRent,3,1850,,1600,6,https://www.zillow.com/homedetails/308-McCright-St-Benton-AR-72015/387313_zpid/,,75000,2026-09-21T00:00:00.000Z,Listed for rent,2025-11-20T00:00:00.000Z,Listing removed,2025-11-07T00:00:00.000Z,Price change,2025-09-16T00:00:00.000Z,Listed for rent,2023-12-21T00:00:00.000Z,Listing removed,2023-12-19T00:00:00.000Z,Listed for rent,2001-02-05T00:00:00.000Z,Sold,,,,,,,,,,,,,,,,,,,,,,,,,,,,,,,,,,,,,,,,,,,,,,
"35 G St, Cabot, AR 72023",35 G St,Cabot,AR,,forRent,3,1849,,1825,81,https://www.zillow.com/homedetails/35-G-St-Cabot-AR-72023/254255_zpid/,,230000,2026-07-25T00:00:00.000Z,Price change,2026-07-09T00:00:00.000Z,Price change,2026-05-03T00:00:00.000Z,Listed for rent,2025-05-25T00:00:00.000Z,Listing removed,2025-05-14T00:00:00.000Z,Price change,2025-05-01T00:00:00.000Z,Listed for rent,2021-06-07T00:00:00.000Z,Sold,2020-09-03T00:00:00.000Z,Sold,2020-06-19T00:00:00.000Z,Listed for sale,2018-06-22T00:00:00.000Z,Sold,2018-05-08T00:00:00.000Z,Listed for sale,2014-04-28T00:00:00.000Z,Sold,,,,,,,,,,,,,,,,,,,,,,,,,,,,,,,,,,,,
"345 Joyner Loop, Lonoke, AR 72086",345 Joyner Loop,Lonoke,AR,,forRent,3,1120,,1200,86,https://www.zillow.com/homedetails/345-Joyner-Loop-Lonoke-AR-72086/99446243_zpid/,,36000,2026-07-05T00:00:00.000Z,Price change,2026-07-03T00:00:00.000Z,Listed for rent,2026-06-23T00:00:00.000Z,Listing removed,2026-02-11T00:00:00.000Z,Listed for rent,2025-11-22T00:00:00.000Z,Listing removed,2025-11-15T00:00:00.000Z,Price change,2025-11-05T00:00:00.000Z,Listed for rent,2025-09-05T00:00:00.000Z,Listing removed,2025-08-06T00:00:00.000Z,Listed for rent,2007-02-20T00:00:00.000Z,Sold,,,,,,,,,,,,,,,,,,,,,,,,,,,,,,,,,,,,,,,,
"14815 Parkway Meadows Dr, Alexander, AR 72002",14815 Parkway Meadows Dr,Alexander,AR,,forRent,3,1243,,1495,29,https://www.zillow.com/homedetails/14815-Parkway-Meadows-Dr-Alexander-AR-72002/114165875_zpid/,,187500,2026-09-14T00:00:00.000Z,Price change,2026-08-29T00:00:00.000Z,Listed for rent,2025-08-21T00:00:00.000Z,Listing removed,2025-08-07T00:00:00.000Z,Price change,2025-07-31T00:00:00.000Z,Price change,2025-07-24T00:00:00.000Z,Listed for rent,2023-04-06T00:00:00.000Z,Sold,2023-03-22T00:00:00.000Z,Contingent,2023-02-17T00:00:00.000Z,Price change,2023-01-20T00:00:00.000Z,Price change,2023-01-06T00:00:00.000Z,Listed for sale,2017-05-23T00:00:00.000Z,Sold,2011-04-28T00:00:00.000Z,Sold,,,,,,,,,,,,,,,,,,,,,,,,,,,,,,,,,,
"1021 Circle Dr, Benton, AR 72015",1021 Circle Dr,Benton,AR,,forRent,3,1256,,1350,7,https://www.zillow.com/homedetails/1021-Circle-Dr-Benton-AR-72015/386718_zpid/,,50000,2026-09-20T00:00:00.000Z,Listed for rent,2023-03-06T00:00:00.000Z,Listing removed,2023-02-25T00:00:00.000Z,Listed for rent,2020-07-30T00:00:00.000Z,Sold,,,,,,,,,,,,,,,,,,,,,,,,,,,,,,,,,,,,,,,,,,,,,,,,,,,,
"21051 Natalie Ln, Little Rock, AR 72206",21051 Natalie Ln,Little Rock,AR,,forRent,3,1550,,1700,17,https://www.zillow.com/homedetails/21051-Natalie-Ln-Little-Rock-AR-72206/64691031_zpid/,,,2026-09-10T00:00:00.000Z,Listed for rent,,,,,,,,,,,,,,,,,,,,,,,,,,,,,,,,,,,,,,,,,,,,,,,,,,,,,,,,,,
"1505 Hathaway Dr, Conway, AR 72034",1505 Hathaway Dr,Conway,AR,,forRent,3,1207,,1475,24,https://www.zillow.com/homedetails/1505-Hathaway-Dr-Conway-AR-72034/241555_zpid/,,70000,2026-09-03T00:00:00.000Z,Listed for rent,2024-01-31T00:00:00.000Z,Listing removed,2024-01-30T00:00:00.000Z,Listed for rent,2024-01-29T00:00:00.000Z,Listing removed,2024-01-27T00:00:00.000Z,Listed for rent,2016-01-09T00:00:00.000Z,Listing removed,2015-12-15T00:00:00.000Z,Listed for rent,2015-09-24T00:00:00.000Z,Sold,2015-08-15T00:00:00.000Z,Listed for sale,2013-10-31T00:00:00.000Z,Sold,,,,,,,,,,,,,,,,,,,,,,,,,,,,,,,,,,,,,,,,
"804 Drake Dr, Conway, AR 72034",804 Drake Dr,Conway,AR,,forRent,3,1663,,1650,17,https://www.zillow.com/homedetails/804-Drake-Dr-Conway-AR-72034/243037_zpid/,,164500,2026-09-11T00:00:00.000Z,Listed for rent,2024-04-20T00:00:00.000Z,Listing removed,2024-04-09T00:00:00.000Z,Listed for rent,2023-09-11T00:00:00.000Z,Listing removed,2023-09-10T00:00:00.000Z,Listed for rent,2023-09-10T00:00:00.000Z,Listing removed,2023-08-29T00:00:00.000Z,Price change,2023-08-22T00:00:00.000Z,Price change,2023-08-16T00:00:00.000Z,Price change,2023-08-09T00:00:00.000Z,Price change,2023-08-02T00:00:00.000Z,Price change,2023-07-25T00:00:00.000Z,Price change,2023-07-19T00:00:00.000Z,Price change,2023-06-03T00:00:00.000Z,Listed for rent,2017-03-06T00:00:00.000Z,Sold,2016-10-17T00:00:00.000Z,Listed for sale,2015-06-05T00:00:00.000Z,Sold,,,,,,,,,,,,,,,,,,,,,,,,,,
"13900 Ridgecrest Dr, Alexander, AR 72002",13900 Ridgecrest Dr,Alexander,AR,,forRent,3,1088,,1595,2,https://www.zillow.com/homedetails/13900-Ridgecrest-Dr-Alexander-AR-72002/49814165_zpid/,,100000,2026-09-25T00:00:00.000Z,Listed for rent,2026-09-24T00:00:00.000Z,Listing removed,2026-08-31T00:00:00.000Z,Sold,2026-08-25T00:00:00.000Z,Listed for rent,,,,,,,,,,,,,,,,,,,,,,,,,,,,,,,,,,,,,,,,,,,,,,,,,,,,
"5719 Heritage Heights Dr, Benton, AR 72019",5719 Heritage Heights Dr,Benton,AR,,forRent,4,1650,,1750,44,https://www.zillow.com/homedetails/5719-Heritage-Heights-Dr-Benton-AR-72019/71715729_zpid/,,22000,2026-09-25T00:00:00.000Z,Price change,2026-08-14T00:00:00.000Z,Listed for rent,2025-04-01T00:00:00.000Z,Listing removed,2025-03-06T00:00:00.000Z,Listed for rent,2023-10-30T00:00:00.000Z,Listing removed,2023-10-23T00:00:00.000Z,Listed for rent,2022-10-27T00:00:00.000Z,Listing removed,2022-09-26T00:00:00.000Z,Price change,2022-08-22T00:00:00.000Z,Listed for rent,2021-03-24T00:00:00.000Z,Listing removed,2018-08-04T00:00:00.000Z,Listing removed,2018-07-30T00:00:00.000Z,Listed for rent,2017-02-19T00:00:00.000Z,Listing removed,2017-02-06T00:00:00.000Z,Listed for rent,2016-10-28T00:00:00.000Z,Listing removed,2014-04-08T00:00:00.000Z,Listing removed,2014-03-29T00:00:00.000Z,Listed for rent,2013-01-05T00:00:00.000Z,Listing removed,2012-10-26T00:00:00.000Z,Listed for sale,2012-10-26T00:00:00.000Z,Listing removed,2012-10-07T00:00:00.000Z,Listed for rent,2010-03-24T00:00:00.000Z,Sold,,,,,,,,,,,,,,,,
"6099 Meridian Dr, Alexander, AR 72002",6099 Meridian Dr,Alexander,AR,,forRent,4,1824,,2195,18,https://www.zillow.com/homedetails/6099-Meridian-Dr-Alexander-AR-72002/456178536_zpid/,,,2026-09-10T00:00:00.000Z,Listed for rent,2026-01-22T00:00:00.000Z,Listing removed,2025-12-23T00:00:00.000Z,Listed for rent,2025-11-27T00:00:00.000Z,Listing removed,2025-08-22T00:00:00.000Z,Listed for sale,,,,,,,,,,,,,,,,,,,,,,,,,,,,,,,,,,,,,,,,,,,,,,,,,,
"608 S Baridon St, Conway, AR 72034",608 S Baridon St,Conway,AR,,forRent,3,1997,,1650,9,https://www.zillow.com/homedetails/608-S-Baridon-St-Conway-AR-72034/236173_zpid/,,132500,2026-09-19T00:00:00.000Z,Price change,2026-09-18T00:00:00.000Z,Listed for rent,2026-08-31T00:00:00.000Z,Listing removed,2026-08-18T00:00:00.000Z,Price change,2026-08-08T00:00:00.000Z,Listed for rent,2026-07-28T00:00:00.000Z,Listing removed,2026-07-06T00:00:00.000Z,Listed for rent,2026-04-27T00:00:00.000Z,Listing removed,2026-04-01T00:00:00.000Z,Price change,2022-11-28T00:00:00.000Z,Price change,2022-11-03T00:00:00.000Z,Listed for rent,2018-10-17T00:00:00.000Z,Sold,2018-09-20T00:00:00.000Z,Pending sale,2018-08-24T00:00:00.000Z,Listed for sale,2015-07-07T00:00:00.000Z,Sold,,,,,,,,,,,,,,,,,,,,,,,,,,,,,,
"1961 Auburn Hills Dr, Benton, AR 72015",1961 Auburn Hills Dr,Benton,AR,,forRent,3,1470,,1850,55,https://www.zillow.com/homedetails/1961-Auburn-Hills-Dr-Benton-AR-72015/2061982521_zpid/,,210000,2026-08-04T00:00:00.000Z,Sold,2026-08-04T00:00:00.000Z,Listed for rent,2026-08-04T00:00:00.000Z,Contingent,2026-06-22T00:00:00.000Z,Price change,2026-05-30T00:00:00.000Z,Price change,2026-05-06T00:00:00.000Z,Price change,2026-04-27T00:00:00.000Z,Price change,2026-04-02T00:00:00.000Z,Price change,2026-03-31T00:00:00.000Z,Price change,2026-03-28T00:00:00.000Z,Listed for sale,2022-12-16T00:00:00.000Z,Sold,2022-11-18T00:00:00.000Z,Contingent,2022-11-11T00:00:00.000Z,Price change,2022-10-04T00:00:00.000Z,Price change,2022-08-23T00:00:00.000Z,Price change,2022-08-10T00:00:00.000Z,Listed for sale,,,,,,,,,,,,,,,,,,,,,,,,,,,,
"1422 Saw Grass Cv, Benton, AR 72019",1422 Saw Grass Cv,Benton,AR,,forRent,3,1400,,1500,6,https://www.zillow.com/homedetails/1422-Saw-Grass-Cv-Benton-AR-72019/82268083_zpid/,,133000,2026-09-21T00:00:00.000Z,Listed for rent,2024-07-17T00:00:00.000Z,Listing removed,2024-06-20T00:00:00.000Z,Listed for rent,2020-11-20T00:00:00.000Z,Sold,2013-06-06T00:00:00.000Z,Sold,2013-04-26T00:00:00.000Z,Pending sale,2013-02-06T00:00:00.000Z,Listed for sale,2012-11-22T00:00:00.000Z,Listing removed,2012-07-18T00:00:00.000Z,Price change,2012-04-28T00:00:00.000Z,Listed for sale,2009-06-08T00:00:00.000Z,Sold,,,,,,,,,,,,,,,,,,,,,,,,,,,,,,,,,,,,,,
"707 Oakwood Dr, Benton, AR 72015",707 Oakwood Dr,Benton,AR,,forRent,5,1770,,1800,3,https://www.zillow.com/homedetails/707-Oakwood-Dr-Benton-AR-72015/383390_zpid/,,45000,2026-09-24T00:00:00.000Z,Listed for rent,2026-04-23T00:00:00.000Z,Sold,2026-04-10T00:00:00.000Z,Contingent,2026-04-08T00:00:00.000Z,Price change,2026-03-09T00:00:00.000Z,Price change,2026-02-12T00:00:00.000Z,Listed for sale,,,,,,,,,,,,,,,,,,,,,,,,,,,,,,,,,,,,,,,,,,,,,,,,
"300 Jefferson St, Benton, AR 72015",300 Jefferson St,Benton,AR,,forRent,3,1300,,1300,8,https://www.zillow.com/homedetails/300-Jefferson-St-Benton-AR-72015/114167718_zpid/,,,2026-09-25T00:00:00.000Z,Price change,2026-09-19T00:00:00.000Z,Listed for rent,,,,,,,,,,,,,,,,,,,,,,,,,,,,,,,,,,,,,,,,,,,,,,,,,,,,,,,,
"1512 College Ave, Conway, AR 72034",1512 College Ave,Conway,AR,,forRent,4,1612,,1600,61,https://www.zillow.com/homedetails/1512-College-Ave-Conway-AR-72034/237453_zpid/,,119000,2026-09-15T00:00:00.000Z,Price change,2026-09-10T00:00:00.000Z,Price change,2026-08-03T00:00:00.000Z,Price change,2026-07-28T00:00:00.000Z,Listed for rent,2022-07-25T00:00:00.000Z,Listing removed,2022-07-18T00:00:00.000Z,Listed for rent,2021-02-23T00:00:00.000Z,Listing removed,2020-04-02T00:00:00.000Z,Listing removed,2020-03-24T00:00:00.000Z,Listed for rent,2019-03-29T00:00:00.000Z,Listing removed,2019-02-18T00:00:00.000Z,Listed for rent,2019-02-08T00:00:00.000Z,Sold,2010-12-17T00:00:00.000Z,Sold,2001-05-11T00:00:00.000Z,Sold,,,,,,,,,,,,,,,,,,,,,,,,,,,,,,,,
"307 S 4th St, Benton, AR 72015",307 S 4th St,Benton,AR,,forRent,3,1051,,1550,28,https://www.zillow.com/homedetails/307-S-4th-St-Benton-AR-72015/386521_zpid/,,161000,2026-09-21T00:00:00.000Z,Price change,2026-08-31T00:00:00.000Z,Listed for rent,2025-05-30T00:00:00.000Z,Listing removed,2025-05-20T00:00:00.000Z,Sold,2025-05-20T00:00:00.000Z,Listed for rent,2025-04-19T00:00:00.000Z,Contingent,2025-04-18T00:00:00.000Z,Listed for sale,2023-03-31T00:00:00.000Z,Sold,2023-03-02T00:00:00.000Z,Listed for sale,,,,,,,,,,,,,,,,,,,,,,,,,,,,,,,,,,,,,,,,,,
"1620 Rambling Brook Dr, Benton, AR 72015",1620 Rambling Brook Dr,Benton,AR,,forRent,3,1355,,1850,17,https://www.zillow.com/homedetails/1620-Rambling-Brook-Dr-Benton-AR-72015/463057732_zpid/,,206900,2026-09-10T00:00:00.000Z,Listed for rent,2026-08-28T00:00:00.000Z,Sold,2026-08-05T00:00:00.000Z,Contingent,2026-07-20T00:00:00.000Z,Price change,2026-07-09T00:00:00.000Z,Price change,2026-06-09T00:00:00.000Z,Listed for sale,,,,,,,,,,,,,,,,,,,,,,,,,,,,,,,,,,,,,,,,,,,,,,,,
"508 SW 4th St, Bryant, AR 72022",508 SW 4th St,Bryant,AR,,forRent,3,1510,,1750,20,https://www.zillow.com/homedetails/508-SW-4th-St-Bryant-AR-72022/391129_zpid/,,231000,2026-09-26T00:00:00.000Z,Price change,2026-09-07T00:00:00.000Z,Listed for rent,2026-07-02T00:00:00.000Z,Listing removed,2026-06-18T00:00:00.000Z,Sold,2026-06-18T00:00:00.000Z,Listed for rent,2026-05-27T00:00:00.000Z,Contingent,2026-05-22T00:00:00.000Z,Price change,2026-05-12T00:00:00.000Z,Price change,2026-05-01T00:00:00.000Z,Price change,2026-04-04T00:00:00.000Z,Listed for sale,2014-11-21T00:00:00.000Z,Sold,,,,,,,,,,,,,,,,,,,,,,,,,,,,,,,,,,,,,,
"3123 Lori Lake Rd, Benton, AR 72019",3123 Lori Lake Rd,Benton,AR,,forRent,3,1280,,1000,206,https://www.zillow.com/homedetails/3123-Lori-Lake-Rd-Benton-AR-72019/453026788_zpid/,,,2025-06-07T00:00:00.000Z,Listed for rent,,,,,,,,,,,,,,,,,,,,,,,,,,,,,,,,,,,,,,,,,,,,,,,,,,,,,,,,,,
"2925 Gillis Dr, Benton, AR 72015",2925 Gillis Dr,Benton,AR,,forRent,4,2021,,2350,20,https://www.zillow.com/homedetails/2925-Gillis-Dr-Benton-AR-72015/2068772088_zpid/,,,2026-09-07T00:00:00.000Z,Listed for rent,2025-02-28T00:00:00.000Z,Listing removed,2025-02-07T00:00:00.000Z,Listed for rent,2021-10-21T00:00:00.000Z,Listing removed,2021-08-19T00:00:00.000Z,Listed for sale,,,,,,,,,,,,,,,,,,,,,,,,,,,,,,,,,,,,,,,,,,,,,,,,,,
"1709 Durwood St, Benton, AR 72015",1709 Durwood St,Benton,AR,,forRent,3,1281,,1545,5,https://www.zillow.com/homedetails/1709-Durwood-St-Benton-AR-72015/382073_zpid/,,7000,2026-09-22T00:00:00.000Z,Listed for rent,1996-01-02T00:00:00.000Z,Sold,,,,,,,,,,,,,,,,,,,,,,,,,,,,,,,,,,,,,,,,,,,,,,,,,,,,,,,,
"1628 Rambling Brook Dr, Benton, AR 72015",1628 Rambling Brook Dr,Benton,AR,,forRent,3,1216,,1850,17,https://www.zillow.com/homedetails/1628-Rambling-Brook-Dr-Benton-AR-72015/463057763_zpid/,,200900,2026-09-10T00:00:00.000Z,Listed for rent,2026-08-28T00:00:00.000Z,Sold,2026-08-05T00:00:00.000Z,Contingent,2026-07-20T00:00:00.000Z,Price change,2026-07-09T00:00:00.000Z,Price change,2026-06-09T00:00:00.000Z,Listed for sale,,,,,,,,,,,,,,,,,,,,,,,,,,,,,,,,,,,,,,,,,,,,,,,,
"1510 Bennett, Benton, AR 72015",1510 Bennett,Benton,AR,,forRent,3,1312,,1450,5,https://www.zillow.com/homedetails/1510-Bennett-Benton-AR-72015/52934431_zpid/,,,2026-09-22T00:00:00.000Z,Listed for rent,,,,,,,,,,,,,,,,,,,,,,,,,,,,,,,,,,,,,,,,,,,,,,,,,,,,,,,,,,
"7 Fernhill Pl, Searcy, AR 72143",7 Fernhill Pl,Searcy,AR,,forRent,5,2110,,1650,10,https://www.zillow.com/homedetails/7-Fernhill-Pl-Searcy-AR-72143/76259228_zpid/,,57000,2026-09-18T00:00:00.000Z,Listed for rent,2025-11-21T00:00:00.000Z,Listing removed,2025-10-17T00:00:00.000Z,Listed for rent,2022-04-23T00:00:00.000Z,Listing removed,2022-04-20T00:00:00.000Z,Listed for rent,2021-08-19T00:00:00.000Z,Listing removed,2021-06-27T00:00:00.000Z,Listed for sale,1999-08-17T00:00:00.000Z,Sold,1992-11-01T00:00:00.000Z,Sold,,,,,,,,,,,,,,,,,,,,,,,,,,,,,,,,,,,,,,,,,,
"2714 Gage Dr, Benton, AR 72019",2714 Gage Dr,Benton,AR,,forRent,3,1303,,1500,27,https://www.zillow.com/homedetails/2714-Gage-Dr-Benton-AR-72019/92431557_zpid/,,122580,2026-08-31T00:00:00.000Z,Listed for rent,2022-03-04T00:00:00.000Z,Sold,2018-05-12T00:00:00.000Z,Listing removed,2018-04-07T00:00:00.000Z,Listed for rent,2018-02-11T00:00:00.000Z,Listing removed,2018-01-21T00:00:00.000Z,Price change,2017-11-09T00:00:00.000Z,Listed for rent,2017-04-11T00:00:00.000Z,Listing removed,2017-03-19T00:00:00.000Z,Listed for rent,2016-08-25T00:00:00.000Z,Listing removed,2015-11-21T00:00:00.000Z,Listing removed,2015-11-13T00:00:00.000Z,Listed for rent,2007-05-24T00:00:00.000Z,Sold,,,,,,,,,,,,,,,,,,,,,,,,,,,,,,,,,,
"2933 Gillis Dr, Benton, AR 72015",2933 Gillis Dr,Benton,AR,,forRent,5,2500,,2500,20,https://www.zillow.com/homedetails/2933-Gillis-Dr-Benton-AR-72015/443098023_zpid/,,,2026-09-07T00:00:00.000Z,Listed for rent,2025-02-28T00:00:00.000Z,Listing removed,2025-02-18T00:00:00.000Z,Listed for rent,,,,,,,,,,,,,,,,,,,,,,,,,,,,,,,,,,,,,,,,,,,,,,,,,,,,,,
"4409 Olympic Dr, Benton, AR 72019",4409 Olympic Dr,Benton,AR,,forRent,4,1566,,1600,6,https://www.zillow.com/homedetails/4409-Olympic-Dr-Benton-AR-72019/446361230_zpid/,,182600,2026-09-21T00:00:00.000Z,Listed for rent,2024-07-09T00:00:00.000Z,Listing removed,2024-06-13T00:00:00.000Z,Listed for rent,2021-04-21T00:00:00.000Z,Sold,,,,,,,,,,,,,,,,,,,,,,,,,,,,,,,,,,,,,,,,,,,,,,,,,,,,
"918 Cedar Haskell St, Haskell, AR 72015",918 Cedar Haskell St,Haskell,AR,,forRent,3,1088,,1150,39,https://www.zillow.com/homedetails/918-Cedar-Haskell-St-Haskell-AR-72015/61187359_zpid/,,,2026-07-13T00:00:00.000Z,Listed for rent,,,,,,,,,,,,,,,,,,,,,,,,,,,,,,,,,,,,,,,,,,,,,,,,,,,,,,,,,,
"416 Jackman St, Benton, AR 72015",416 Jackman St,Benton,AR,,forRent,3,1200,,1600,8,https://www.zillow.com/homedetails/416-Jackman-St-Benton-AR-72015/389112_zpid/,,140000,2026-09-19T00:00:00.000Z,Listed for rent,2025-10-31T00:00:00.000Z,Sold,2025-10-13T00:00:00.000Z,Contingent,2025-10-04T00:00:00.000Z,Price change,2025-09-26T00:00:00.000Z,Listed for sale,2017-01-05T00:00:00.000Z,Sold,2016-11-16T00:00:00.000Z,Price change,2016-10-08T00:00:00.000Z,Listed for sale,,,,,,,,,,,,,,,,,,,,,,,,,,,,,,,,,,,,,,,,,,,,
"911 James Madison Dr, Benton, AR 72019",911 James Madison Dr,Benton,AR,,forRent,3,2014,,1700,11,https://www.zillow.com/homedetails/911-James-Madison-Dr-Benton-AR-72019/82278084_zpid/,,175000,2026-09-16T00:00:00.000Z,Listed for rent,2024-07-26T00:00:00.000Z,Sold,2021-07-01T00:00:00.000Z,Sold,2014-03-12T00:00:00.000Z,Sold,,,,,,,,,,,,,,,,,,,,,,,,,,,,,,,,,,,,,,,,,,,,,,,,,,,,
"3369 Garden Club Dr, Benton, AR 72022",3369 Garden Club Dr,Benton,AR,,forRent,3,1305,,1700,14,https://www.zillow.com/homedetails/3369-Garden-Club-Dr-Benton-AR-72022/118174164_zpid/,,172500,2026-09-14T00:00:00.000Z,Listed for rent,2025-06-21T00:00:00.000Z,Listing removed,2025-05-20T00:00:00.000Z,Listed for rent,2025-02-04T00:00:00.000Z,Listing removed,2025-01-07T00:00:00.000Z,Listed for rent,2024-09-03T00:00:00.000Z,Listing removed,2024-08-27T00:00:00.000Z,Listed for rent,2022-08-31T00:00:00.000Z,Sold,2021-05-21T00:00:00.000Z,Sold,2018-06-22T00:00:00.000Z,Sold,,,,,,,,,,,,,,,,,,,,,,,,,,,,,,,,,,,,,,,,
"190 Pike Ave, Jacksonville, AR 72076",190 Pike Ave,Jacksonville,AR,,forRent,4,1223,,1525,58,https://www.zillow.com/homedetails/190-Pike-Ave-Jacksonville-AR-72076/266479_zpid/,,910000,2026-09-02T00:00:00.000Z,Price change,2026-08-26T00:00:00.000Z,Price change,2026-08-01T00:00:00.000Z,Listed for rent,2012-04-12T00:00:00.000Z,Sold,2000-08-11T00:00:00.000Z,Sold,1997-11-18T00:00:00.000Z,Sold,,,,,,,,,,,,,,,,,,,,,,,,,,,,,,,,,,,,,,,,,,,,,,,,
"53 Bud Grimes Rd, Ward, AR 72176",53 Bud Grimes Rd,Ward,AR,,forRent,3,1206,,1495,5,https://www.zillow.com/homedetails/53-Bud-Grimes-Rd-Ward-AR-72176/35732509_zpid/,,159000,2026-09-23T00:00:00.000Z,Listed for rent,2026-09-22T00:00:00.000Z,Sold,2026-09-09T00:00:00.000Z,Contingent,2026-09-04T00:00:00.000Z,Listed for sale,2026-08-07T00:00:00.000Z,Contingent,2026-08-01T00:00:00.000Z,Price change,2026-07-15T00:00:00.000Z,Listed for sale,2026-07-08T00:00:00.000Z,Listing removed,2026-07-07T00:00:00.000Z,Listed for sale,2019-05-20T00:00:00.000Z,Sold,2019-04-23T00:00:00.000Z,Pending sale,2019-02-21T00:00:00.000Z,Price change,2019-01-17T00:00:00.000Z,Listed for sale,2015-01-07T00:00:00.000Z,Sold,2014-09-05T00:00:00.000Z,Price change,2014-08-20T00:00:00.000Z,Price change,2014-06-27T00:00:00.000Z,Listed for sale,,,,,,,,,,,,,,,,,,,,,,,,,,
"2707 Washington St, Little Rock, AR 72204",2707 Washington St,Little Rock,AR,,forRent,4,1768,,1050,1,https://www.zillow.com/homedetails/2707-Washington-St-Little-Rock-AR-72204/314161_zpid/,,4920,2026-09-27T00:00:00.000Z,Listed for rent,2025-01-24T00:00:00.000Z,Listing removed,2025-01-11T00:00:00.000Z,Listed for rent,2024-06-22T00:00:00.000Z,Listing removed,2024-06-14T00:00:00.000Z,Listed for rent,2023-10-09T00:00:00.000Z,Listing removed,2023-10-03T00:00:00.000Z,Listed for rent,2019-09-19T00:00:00.000Z,Listing removed,2019-09-04T00:00:00.000Z,Listed for rent,2018-08-17T00:00:00.000Z,Listing removed,2018-08-15T00:00:00.000Z,Listed for rent,2018-01-17T00:00:00.000Z,Listing removed,2018-01-02T00:00:00.000Z,Price change,2017-10-27T00:00:00.000Z,Listed for rent,2013-12-20T00:00:00.000Z,Sold,2013-02-19T00:00:00.000Z,Sold,1997-10-31T00:00:00.000Z,Sold,,,,,,,,,,,,,,,,,,,,,,,,,,
"127 Indian Trl, Little Rock, AR 72227",127 Indian Trl,Little Rock,AR,,forRent,3,1200,,1250,9,https://www.zillow.com/homedetails/127-Indian-Trl-Little-Rock-AR-72227/335484_zpid/,,145000,2026-09-18T00:00:00.000Z,Listed for rent,2026-09-04T00:00:00.000Z,Listing removed,2026-08-18T00:00:00.000Z,Price change,2026-07-30T00:00:00.000Z,Price change,2026-07-08T00:00:00.000Z,Listed for rent,2024-03-18T00:00:00.000Z,Listing removed,2024-03-14T00:00:00.000Z,Price change,2024-03-08T00:00:00.000Z,Price change,2024-02-23T00:00:00.000Z,Price change,2024-02-16T00:00:00.000Z,Price change,2024-02-03T00:00:00.000Z,Price change,2024-01-26T00:00:00.000Z,Listed for rent,2024-01-04T00:00:00.000Z,Listing removed,2023-11-17T00:00:00.000Z,Listed for rent,2023-11-01T00:00:00.000Z,Sold,2023-11-01T00:00:00.000Z,Listing removed,2023-09-20T00:00:00.000Z,Listed for rent,2021-05-09T00:00:00.000Z,Listing removed,2021-04-02T00:00:00.000Z,Listed for rent,2015-08-04T00:00:00.000Z,Sold,2006-01-05T00:00:00.000Z,Sold,,,,,,,,,,,,,,,,,,
"1500 Coolhurst Ave, Sherwood, AR 72120",1500 Coolhurst Ave,Sherwood,AR,,forRent,4,2200,,1925,9,https://www.zillow.com/homedetails/1500-Coolhurst-Ave-Sherwood-AR-72120/282021_zpid/,,85900,2026-09-19T00:00:00.000Z,Listed for rent,2025-06-03T00:00:00.000Z,Listing removed,2025-05-16T00:00:00.000Z,Listed for rent,2021-02-23T00:00:00.000Z,Listing removed,2020-06-24T00:00:00.000Z,Listing removed,2020-06-17T00:00:00.000Z,Listed for rent,2015-08-04T00:00:00.000Z,Listing removed,2015-07-31T00:00:00.000Z,Listed for rent,2014-07-01T00:00:00.000Z,Listing removed,2014-06-22T00:00:00.000Z,Listed for rent,2013-12-28T00:00:00.000Z,Listing removed,2013-10-29T00:00:00.000Z,Listed for rent,2007-03-12T00:00:00.000Z,Sold,1969-12-31T00:00:00.000Z,Sold,,,,,,,,,,,,,,,,,,,,,,,,,,,,,,,,
"4555 Graham Dr, Conway, AR 72034",4555 Graham Dr,Conway,AR,,forRent,3,1192,,1400,45,https://www.zillow.com/homedetails/4555-Graham-Dr-Conway-AR-72034/59917944_zpid/,,185000,2026-08-13T00:00:00.000Z,Listed for rent,2024-10-02T00:00:00.000Z,Listing removed,2024-09-23T00:00:00.000Z,Listed for rent,2023-07-28T00:00:00.000Z,Sold,2023-06-28T00:00:00.000Z,Contingent,2023-06-28T00:00:00.000Z,Listed for sale,2021-03-24T00:00:00.000Z,Listing removed,2016-11-28T00:00:00.000Z,Listing removed,2016-11-28T00:00:00.000Z,Listed for sale,2016-09-29T00:00:00.000Z,Sold,2016-09-06T00:00:00.000Z,Pending sale,2016-07-30T00:00:00.000Z,Price change,2016-07-21T00:00:00.000Z,Listed for sale,2011-06-21T00:00:00.000Z,Sold,2005-10-20T00:00:00.000Z,Sold,,,,,,,,,,,,,,,,,,,,,,,,,,,,,,
"28 Maywood Dr, Little Rock, AR 72223",28 Maywood Dr,Little Rock,AR,,forRent,3,1564,,1850,19,https://www.zillow.com/homedetails/28-Maywood-Dr-Little-Rock-AR-72223/363289_zpid/,,110000,2026-09-21T00:00:00.000Z,Price change,2026-09-15T00:00:00.000Z,Price change,2026-09-10T00:00:00.000Z,Price change,2026-09-08T00:00:00.000Z,Listed for rent,2016-02-12T00:00:00.000Z,Sold,2006-08-03T00:00:00.000Z,Sold,2006-07-03T00:00:00.000Z,Sold,2000-02-02T00:00:00.000Z,Sold,,,,,,,,,,,,,,,,,,,,,,,,,,,,,,,,,,,,,,,,,,,,
"312 Warren St, Jacksonville, AR 72076",312 Warren St,Jacksonville,AR,,forRent,4,1900,,3800,712,https://www.zillow.com/homedetails/312-Warren-St-Jacksonville-AR-72076/267134_zpid/,,120000,2026-09-24T00:00:00.000Z,Price change,2026-09-18T00:00:00.000Z,Price change,2026-09-03T00:00:00.000Z,Price change,2026-07-09T00:00:00.000Z,Price change,2026-07-03T00:00:00.000Z,Price change,2026-06-30T00:00:00.000Z,Price change,2026-06-19T00:00:00.000Z,Price change,2026-06-04T00:00:00.000Z,Price change,2026-05-29T00:00:00.000Z,Price change,2026-05-06T00:00:00.000Z,Price change,2026-05-01T00:00:00.000Z,Price change,2026-04-10T00:00:00.000Z,Price change,2026-04-01T00:00:00.000Z,Price change,2026-03-25T00:00:00.000Z,Price change,2026-03-23T00:00:00.000Z,Price change,2026-03-16T00:00:00.000Z,Price change,2026-03-13T00:00:00.000Z,Price change,2026-03-11T00:00:00.000Z,Price change,2026-03-10T00:00:00.000Z,Price change,2026-02-18T00:00:00.000Z,Price change,2026-02-03T00:00:00.000Z,Price change,2026-01-29T00:00:00.000Z,Price change,2026-01-26T00:00:00.000Z,Price change,2026-01-22T00:00:00.000Z,Price change,2026-01-14T00:00:00.000Z,Listed for rent,2023-05-15T00:00:00.000Z,Sold,2014-12-19T00:00:00.000Z,Sold,,,,,,
"1425 Joyner Dr, Conway, AR 72034",1425 Joyner Dr,Conway,AR,,forRent,3,1157,,1450,44,https://www.zillow.com/homedetails/1425-Joyner-Dr-Conway-AR-72034/35730195_zpid/,,155000,2026-08-14T00:00:00.000Z,Listed for rent,2025-10-28T00:00:00.000Z,Listing removed,2025-08-29T00:00:00.000Z,Price change,2025-08-12T00:00:00.000Z,Listed for rent,2024-09-13T00:00:00.000Z,Listing removed,2024-08-16T00:00:00.000Z,Listed for rent,2022-04-27T00:00:00.000Z,Sold,2021-12-16T00:00:00.000Z,Listing removed,2021-10-26T00:00:00.000Z,Listed for rent,2019-05-14T00:00:00.000Z,Sold,2019-03-21T00:00:00.000Z,Listed for sale,2016-05-03T00:00:00.000Z,Sold,2016-02-17T00:00:00.000Z,Listed for sale,2011-04-01T00:00:00.000Z,Sold,2011-01-22T00:00:00.000Z,Price change,2011-01-01T00:00:00.000Z,Price change,2010-11-18T00:00:00.000Z,Listed for sale,2010-10-15T00:00:00.000Z,Listing removed,2010-10-15T00:00:00.000Z,Price change,2010-09-24T00:00:00.000Z,Listed for sale,,,,,,,,,,,,,,,,,,,,
"5845 Heritage Heights Dr, Benton, AR 72019",5845 Heritage Heights Dr,Benton,AR,,forRent,4,1725,,1700,41,https://www.zillow.com/homedetails/5845-Heritage-Heights-Dr-Benton-AR-72019/440162513_zpid/,,,2026-09-21T00:00:00.000Z,Price change,2026-08-17T00:00:00.000Z,Listed for rent,2024-09-13T00:00:00.000Z,Listing removed,2024-09-10T00:00:00.000Z,Listed for rent,,,,,,,,,,,,,,,,,,,,,,,,,,,,,,,,,,,,,,,,,,,,,,,,,,,,
"3264 Sidell Rd, Benton, AR 72015",3264 Sidell Rd,Benton,AR,,forRent,4,1652,,1795,9,https://www.zillow.com/homedetails/3264-Sidell-Rd-Benton-AR-72015/465427229_zpid/,,,2026-09-18T00:00:00.000Z,Listed for rent,,,,,,,,,,,,,,,,,,,,,,,,,,,,,,,,,,,,,,,,,,,,,,,,,,,,,,,,,,
"1116 Kenwood Cv, Bryant, AR 72022",1116 Kenwood Cv,Bryant,AR,,forRent,4,1931,,2100,38,https://www.zillow.com/homedetails/1116-Kenwood-Cv-Bryant-AR-72022/52934559_zpid/,,120000,2026-08-20T00:00:00.000Z,Listed for rent,2025-07-26T00:00:00.000Z,Listing removed,2025-07-22T00:00:00.000Z,Listed for rent,2024-01-18T00:00:00.000Z,Listing removed,2023-10-26T00:00:00.000Z,Listed for rent,2022-06-08T00:00:00.000Z,Listing removed,2022-06-02T00:00:00.000Z,Listed for rent,2022-05-25T00:00:00.000Z,Listing removed,2022-04-09T00:00:00.000Z,Listed for rent,2022-03-31T00:00:00.000Z,Listing removed,2022-02-09T00:00:00.000Z,Price change,2022-01-28T00:00:00.000Z,Listed for rent,2019-06-16T00:00:00.000Z,Listing removed,2019-05-09T00:00:00.000Z,Price change,2019-01-11T00:00:00.000Z,Listed for rent,2011-10-13T00:00:00.000Z,Listing removed,2011-08-06T00:00:00.000Z,Listed for rent,2001-12-26T00:00:00.000Z,Sold,,,,,,,,,,,,,,,,,,,,,,,,
"1810 Rich Smith Ln, Conway, AR 72032",1810 Rich Smith Ln,Conway,AR,,forRent,3,2310,,2500,62,https://www.zillow.com/homedetails/1810-Rich-Smith-Ln-Conway-AR-72032/102992676_zpid/,,,2026-07-27T00:00:00.000Z,Price change,2026-06-22T00:00:00.000Z,Price change,2026-04-22T00:00:00.000Z,Price change,2026-01-07T00:00:00.000Z,Listed for rent,,,,,,,,,,,,,,,,,,,,,,,,,,,,,,,,,,,,,,,,,,,,,,,,,,,,
"26 Alexis Dr, Cabot, AR 72023",26 Alexis Dr,Cabot,AR,,forRent,3,1288,,1425,25,https://www.zillow.com/homedetails/26-Alexis-Dr-Cabot-AR-72023/255240_zpid/,,152900,2026-08-11T00:00:00.000Z,Price change,2026-07-29T00:00:00.000Z,Price change,2026-07-14T00:00:00.000Z,Listed for rent,2023-05-31T00:00:00.000Z,Listing removed,2023-05-17T00:00:00.000Z,Listed for rent,2023-03-10T00:00:00.000Z,Sold,2023-02-09T00:00:00.000Z,Contingent,2023-02-07T00:00:00.000Z,Listed for sale,2014-11-14T00:00:00.000Z,Sold,,,,,,,,,,,,,,,,,,,,,,,,,,,,,,,,,,,,,,,,,,
"21 Willard St, Ward, AR 72176",21 Willard St,Ward,AR,,forRent,3,1301,,1295,44,https://www.zillow.com/homedetails/21-Willard-St-Ward-AR-72176/55151159_zpid/,,165000,2026-09-26T00:00:00.000Z,Price change,2026-09-19T00:00:00.000Z,Price change,2026-08-14T00:00:00.000Z,Listed for rent,2022-08-08T00:00:00.000Z,Sold,2014-12-24T00:00:00.000Z,Listing removed,2014-11-06T00:00:00.000Z,Price change,2014-10-02T00:00:00.000Z,Listed for rent,2014-04-10T00:00:00.000Z,Listing removed,2014-03-01T00:00:00.000Z,Listed for rent,2014-02-18T00:00:00.000Z,Listing removed,2014-02-07T00:00:00.000Z,Price change,2014-01-09T00:00:00.000Z,Price change,2013-10-25T00:00:00.000Z,Price change,2013-08-24T00:00:00.000Z,Listed for sale,2013-05-23T00:00:00.000Z,Listing removed,2013-04-18T00:00:00.000Z,Price change,2013-03-30T00:00:00.000Z,Price change,2013-03-13T00:00:00.000Z,Price change,2013-02-26T00:00:00.000Z,Price change,2013-02-10T00:00:00.000Z,Listed for sale,2012-07-04T00:00:00.000Z,Listing removed,2012-05-16T00:00:00.000Z,Price change,2012-04-12T00:00:00.000Z,Price change,2012-04-09T00:00:00.000Z,Price change,2012-03-23T00:00:00.000Z,Price change,2012-03-15T00:00:00.000Z,Listed for sale,,,,,,,,
"43 Meadowlark Dr, Cabot, AR 72023",43 Meadowlark Dr,Cabot,AR,,forRent,4,1248,,1395,54,https://www.zillow.com/homedetails/43-Meadowlark-Dr-Cabot-AR-72023/255202_zpid/,,135000,2026-09-26T00:00:00.000Z,Price change,2026-09-19T00:00:00.000Z,Price change,2026-09-12T00:00:00.000Z,Price change,2026-09-04T00:00:00.000Z,Price change,2026-08-29T00:00:00.000Z,Price change,2026-06-25T00:00:00.000Z,Listed for rent,2020-10-05T00:00:00.000Z,Sold,2020-06-25T00:00:00.000Z,Sold,2020-06-17T00:00:00.000Z,Price change,2020-05-12T00:00:00.000Z,Listed for sale,2015-01-30T00:00:00.000Z,Sold,2013-06-02T00:00:00.000Z,Listing removed,2013-05-09T00:00:00.000Z,Price change,2013-03-28T00:00:00.000Z,Listed for sale,2011-08-24T00:00:00.000Z,Listing removed,2011-05-08T00:00:00.000Z,Listed for sale,,,,,,,,,,,,,,,,,,,,,,,,,,,,
"35 G St, Cabot, AR 72023",35 G St,Cabot,AR,,forRent,3,1849,,1825,81,https://www.zillow.com/homedetails/35-G-St-Cabot-AR-72023/254255_zpid/,,230000,2026-07-25T00:00:00.000Z,Price change,2026-07-09T00:00:00.000Z,Price change,2026-05-03T00:00:00.000Z,Listed for rent,2025-05-25T00:00:00.000Z,Listing removed,2025-05-14T00:00:00.000Z,Price change,2025-05-01T00:00:00.000Z,Listed for rent,2021-06-07T00:00:00.000Z,Sold,2020-09-03T00:00:00.000Z,Sold,2020-06-19T00:00:00.000Z,Listed for sale,2018-06-22T00:00:00.000Z,Sold,2018-05-08T00:00:00.000Z,Listed for sale,2014-04-28T00:00:00.000Z,Sold,,,,,,,,,,,,,,,,,,,,,,,,,,,,,,,,,,,,
"102 Rosebud Cir, Cabot, AR 72023",102 Rosebud Cir,Cabot,AR,,forRent,3,1277,,1375,58,https://www.zillow.com/homedetails/102-Rosebud-Cir-Cabot-AR-72023/63160774_zpid/,,199000,2026-09-15T00:00:00.000Z,Price change,2026-07-31T00:00:00.000Z,Listed for rent,2024-10-10T00:00:00.000Z,Listing removed,2024-10-09T00:00:00.000Z,Price change,2024-09-26T00:00:00.000Z,Listed for rent,2024-08-23T00:00:00.000Z,Sold,2024-07-15T00:00:00.000Z,Listed for sale,2019-02-08T00:00:00.000Z,Sold,2019-01-11T00:00:00.000Z,Pending sale,2018-12-01T00:00:00.000Z,Price change,2018-09-22T00:00:00.000Z,Price change,2018-08-05T00:00:00.000Z,Listed for sale,,,,,,,,,,,,,,,,,,,,,,,,,,,,,,,,,,,,
"36 Stonehaven Dr, Cabot, AR 72023",36 Stonehaven Dr,Cabot,AR,,forRent,3,1360,,1350,6,https://www.zillow.com/homedetails/36-Stonehaven-Dr-Cabot-AR-72023/72176066_zpid/,,,2026-09-21T00:00:00.000Z,Listed for rent,2024-09-13T00:00:00.000Z,Listing removed,2024-07-31T00:00:00.000Z,Listed for rent,2023-04-21T00:00:00.000Z,Listing removed,2023-04-16T00:00:00.000Z,Listed for rent,2023-03-23T00:00:00.000Z,Listing removed,2023-03-18T00:00:00.000Z,Listed for rent,2021-02-27T00:00:00.000Z,Listing removed,2020-04-24T00:00:00.000Z,Listing removed,2020-04-17T00:00:00.000Z,Listed for rent,2019-03-05T00:00:00.000Z,Listing removed,2019-02-05T00:00:00.000Z,Price change,2018-11-07T00:00:00.000Z,Listed for sale,,,,,,,,,,,,,,,,,,,,,,,,,,,,,,,,,,
"34 Woodhaven Dr, Cabot, AR 72023",34 Woodhaven Dr,Cabot,AR,,forRent,3,1305,,1495,52,https://www.zillow.com/homedetails/34-Woodhaven-Dr-Cabot-AR-72023/338206710_zpid/,,165000,2026-09-26T00:00:00.000Z,Price change,2026-09-19T00:00:00.000Z,Price change,2026-09-12T00:00:00.000Z,Price change,2026-08-07T00:00:00.000Z,Listed for rent,2025-04-03T00:00:00.000Z,Listing removed,2025-03-15T00:00:00.000Z,Price change,2025-02-13T00:00:00.000Z,Price change,2025-02-11T00:00:00.000Z,Listed for rent,2020-11-30T00:00:00.000Z,Sold,2020-10-19T00:00:00.000Z,Sold,,,,,,,,,,,,,,,,,,,,,,,,,,,,,,,,,,,,,,,,
"211 Rodney Guthrie Dr, Cabot, AR 72023",211 Rodney Guthrie Dr,Cabot,AR,,forRent,3,1268,,1345,52,https://www.zillow.com/homedetails/211-Rodney-Guthrie-Dr-Cabot-AR-72023/256835_zpid/,,155000,2026-08-06T00:00:00.000Z,Listed for rent,2025-09-22T00:00:00.000Z,Listing removed,2025-08-26T00:00:00.000Z,Price change,2025-07-29T00:00:00.000Z,Listed for rent,2023-07-27T00:00:00.000Z,Listing removed,2023-07-06T00:00:00.000Z,Listed for rent,2022-03-10T00:00:00.000Z,Sold,2022-01-31T00:00:00.000Z,Listed for sale,2019-09-20T00:00:00.000Z,Sold,2019-09-11T00:00:00.000Z,Listed for sale,2019-08-26T00:00:00.000Z,Pending sale,2019-08-13T00:00:00.000Z,Price change,2019-05-31T00:00:00.000Z,Price change,2019-03-17T00:00:00.000Z,Listed for sale,2017-02-23T00:00:00.000Z,Listing removed,2017-01-02T00:00:00.000Z,Price change,2016-07-05T00:00:00.000Z,Listed for sale,2016-06-27T00:00:00.000Z,Sold,2015-11-21T00:00:00.000Z,Listed for sale,2014-09-16T00:00:00.000Z,Sold,,,,,,,,,,,,,,,,,,,,
"2912 Highway 319 W, Austin, AR 72007",2912 Highway 319 W,Austin,AR,,forRent,3,1992,,1695,319,https://www.zillow.com/homedetails/2912-Highway-319-W-Austin-AR-72007/249702_zpid/,,640000,2026-08-19T00:00:00.000Z,Price change,2026-07-25T00:00:00.000Z,Price change,2026-05-29T00:00:00.000Z,Price change,2026-03-06T00:00:00.000Z,Price change,2026-02-18T00:00:00.000Z,Price change,2026-02-03T00:00:00.000Z,Price change,2025-11-12T00:00:00.000Z,Listed for rent,2013-09-27T00:00:00.000Z,Sold,1991-10-10T00:00:00.000Z,Sold,,,,,,,,,,,,,,,,,,,,,,,,,,,,,,,,,,,,,,,,,,
"22 Birchwood Dr, Ward, AR 72176",22 Birchwood Dr,Ward,AR,,forRent,4,1650,,1600,9,https://www.zillow.com/homedetails/22-Birchwood-Dr-Ward-AR-72176/99409604_zpid/,,149900,2026-09-23T00:00:00.000Z,Listing removed,2026-09-21T00:00:00.000Z,Price change,2026-09-18T00:00:00.000Z,Listed for rent,2026-09-05T00:00:00.000Z,Price change,2026-07-24T00:00:00.000Z,Listed for sale,2026-02-11T00:00:00.000Z,Listing removed,2026-01-09T00:00:00.000Z,Listed for rent,2019-07-03T00:00:00.000Z,Listing removed,2019-06-05T00:00:00.000Z,Listed for rent,2018-07-03T00:00:00.000Z,Listing removed,2018-05-10T00:00:00.000Z,Listed for rent,2016-12-25T00:00:00.000Z,Listing removed,2016-08-08T00:00:00.000Z,Listed for sale,2014-05-22T00:00:00.000Z,Sold,2014-04-12T00:00:00.000Z,Listed for sale,,,,,,,,,,,,,,,,,,,,,,,,,,,,,,
"87 Sycamore Cir, Cabot, AR 72023",87 Sycamore Cir,Cabot,AR,,forRent,3,1252,,1350,44,https://www.zillow.com/homedetails/87-Sycamore-Cir-Cabot-AR-72023/256430_zpid/,,151500,2026-09-14T00:00:00.000Z,Price change,2026-08-29T00:00:00.000Z,Price change,2026-08-14T00:00:00.000Z,Listed for rent,2026-07-17T00:00:00.000Z,Sold,2026-06-05T00:00:00.000Z,Listed for sale,2026-05-27T00:00:00.000Z,Listing removed,2026-05-15T00:00:00.000Z,Listed for rent,2020-06-03T00:00:00.000Z,Sold,2020-02-28T00:00:00.000Z,Sold,2013-03-25T00:00:00.000Z,Sold,,,,,,,,,,,,,,,,,,,,,,,,,,,,,,,,,,,,,,,,
"20 Magnolia Dr, Ward, AR 72176",20 Magnolia Dr,Ward,AR,,forRent,4,1380,,1550,11,https://www.zillow.com/homedetails/20-Magnolia-Dr-Ward-AR-72176/2087659368_zpid/,,,2026-09-16T00:00:00.000Z,Listed for rent,2025-08-19T00:00:00.000Z,Listing removed,2025-08-15T00:00:00.000Z,Listed for rent,2025-08-14T00:00:00.000Z,Listing removed,2025-07-28T00:00:00.000Z,Listed for rent,2020-06-02T00:00:00.000Z,Listing removed,2020-05-12T00:00:00.000Z,Listed for rent,2018-12-10T00:00:00.000Z,Listing removed,2018-11-06T00:00:00.000Z,Price change,2018-09-28T00:00:00.000Z,Listed for rent,,,,,,,,,,,,,,,,,,,,,,,,,,,,,,,,,,,,,,,,
"44 Kirkland Dr, Cabot, AR 72023",44 Kirkland Dr,Cabot,AR,,forRent,3,2077,,1900,177,https://www.zillow.com/homedetails/44-Kirkland-Dr-Cabot-AR-72023/52495420_zpid/,,,2026-04-03T00:00:00.000Z,Listed for rent,2026-04-03T00:00:00.000Z,Listing removed,2026-02-11T00:00:00.000Z,Listed for rent,2025-09-22T00:00:00.000Z,Listing removed,2025-08-19T00:00:00.000Z,Listing removed,2025-08-17T00:00:00.000Z,Listed for rent,2025-01-03T00:00:00.000Z,Price change,2024-11-04T00:00:00.000Z,Price change,2024-10-10T00:00:00.000Z,Price change,2024-09-24T00:00:00.000Z,Listed for sale,2015-02-21T00:00:00.000Z,Listing removed,2015-01-28T00:00:00.000Z,Price change,2014-11-18T00:00:00.000Z,Price change,2014-08-30T00:00:00.000Z,Listed for rent,2013-05-18T00:00:00.000Z,Listing removed,2013-04-17T00:00:00.000Z,Listed for rent,2012-10-25T00:00:00.000Z,Listing removed,2012-09-25T00:00:00.000Z,Listed for rent,2012-07-12T00:00:00.000Z,Listing removed,2012-06-12T00:00:00.000Z,Price change,2012-05-25T00:00:00.000Z,Listed for rent,2011-08-23T00:00:00.000Z,Listing removed,2010-10-08T00:00:00.000Z,Listed for sale,,,,,,,,,,,,,,
"345 Joyner Loop, Lonoke, AR 72086",345 Joyner Loop,Lonoke,AR,,forRent,3,1120,,1200,86,https://www.zillow.com/homedetails/345-Joyner-Loop-Lonoke-AR-72086/99446243_zpid/,,36000,2026-07-05T00:00:00.000Z,Price change,2026-07-03T00:00:00.000Z,Listed for rent,2026-06-23T00:00:00.000Z,Listing removed,2026-02-11T00:00:00.000Z,Listed for rent,2025-11-22T00:00:00.000Z,Listing removed,2025-11-15T00:00:00.000Z,Price change,2025-11-05T00:00:00.000Z,Listed for rent,2025-09-05T00:00:00.000Z,Listing removed,2025-08-06T00:00:00.000Z,Listed for rent,2007-02-20T00:00:00.000Z,Sold,,,,,,,,,,,,,,,,,,,,,,,,,,,,,,,,,,,,,,,,
"11 W Plaza Blvd, Cabot, AR 72023",11 W Plaza Blvd,Cabot,AR,,forRent,3,1487,,1525,34,https://www.zillow.com/homedetails/11-W-Plaza-Blvd-Cabot-AR-72023/256262_zpid/,,229049,2026-08-24T00:00:00.000Z,Listed for rent,2024-09-13T00:00:00.000Z,Listing removed,2024-07-02T00:00:00.000Z,Listed for rent,2013-02-26T00:00:00.000Z,Sold,,,,,,,,,,,,,,,,,,,,,,,,,,,,,,,,,,,,,,,,,,,,,,,,,,,,
"28 Burns Dr, Cabot, AR 72023",28 Burns Dr,Cabot,AR,,forRent,3,1288,,1350,68,https://www.zillow.com/homedetails/28-Burns-Dr-Cabot-AR-72023/255699_zpid/,,146000,2026-08-31T00:00:00.000Z,Price change,2026-07-21T00:00:00.000Z,Listed for rent,2025-08-07T00:00:00.000Z,Listing removed,2025-07-14T00:00:00.000Z,Price change,2025-07-03T00:00:00.000Z,Listed for rent,2022-06-28T00:00:00.000Z,Sold,2014-11-26T00:00:00.000Z,Sold,2012-06-24T00:00:00.000Z,Listing removed,2012-06-08T00:00:00.000Z,Listed for rent,2011-04-29T00:00:00.000Z,Listing removed,2011-01-27T00:00:00.000Z,Listed for sale,2010-06-04T00:00:00.000Z,Sold,2010-04-29T00:00:00.000Z,Listed for sale,,,,,,,,,,,,,,,,,,,,,,,,,,,,,,,,,,
"209 N Madison St, Cabot, AR 72023",209 N Madison St,Cabot,AR,,forRent,3,1524,,1895,80,https://www.zillow.com/homedetails/209-N-Madison-St-Cabot-AR-72023/439267452_zpid/,,,2026-07-10T00:00:00.000Z,Listed for rent,2025-06-24T00:00:00.000Z,Listing removed,2025-06-19T00:00:00.000Z,Listed for rent,2025-06-19T00:00:00.000Z,Listing removed,2025-04-10T00:00:00.000Z,Price change,2025-03-05T00:00:00.000Z,Listed for rent,2025-03-05T00:00:00.000Z,Listing removed,2025-03-04T00:00:00.000Z,Listed for rent,2025-03-03T00:00:00.000Z,Listing removed,2025-02-28T00:00:00.000Z,Listed for rent,2024-12-28T00:00:00.000Z,Listing removed,2024-12-04T00:00:00.000Z,Price change,2024-09-23T00:00:00.000Z,Listing removed,2024-09-21T00:00:00.000Z,Price change,2024-09-17T00:00:00.000Z,Price change,2024-09-11T00:00:00.000Z,Listed for rent,2024-08-21T00:00:00.000Z,Listed for sale,,,,,,,,,,,,,,,,,,,,,,,,,,
"37 Saint John St, Cabot, AR 72023",37 Saint John St,Cabot,AR,,forRent,3,1188,,1295,89,https://www.zillow.com/homedetails/37-Saint-John-St-Cabot-AR-72023/253499_zpid/,,81500,2026-09-03T00:00:00.000Z,Price change,2026-03-31T00:00:00.000Z,Listed for rent,2026-03-26T00:00:00.000Z,Sold,2026-03-19T00:00:00.000Z,Contingent,2026-03-14T00:00:00.000Z,Price change,2026-02-27T00:00:00.000Z,Price change,2026-01-28T00:00:00.000Z,Listed for sale,2016-05-26T00:00:00.000Z,Sold,2016-04-08T00:00:00.000Z,Listed for sale,2013-05-16T00:00:00.000Z,Sold,,,,,,,,,,,,,,,,,,,,,,,,,,,,,,,,,,,,,,,,
"1701 S Pine St, Cabot, AR 72023",1701 S Pine St,Cabot,AR,,forRent,4,2056,,1800,2,https://www.zillow.com/homedetails/1701-S-Pine-St-Cabot-AR-72023/257281_zpid/,,280000,2026-09-25T00:00:00.000Z,Listed for rent,2026-09-08T00:00:00.000Z,Listing removed,2026-01-07T00:00:00.000Z,Listed for rent,2024-04-05T00:00:00.000Z,Listing removed,2024-03-16T00:00:00.000Z,Listed for rent,2014-07-31T00:00:00.000Z,Sold,,,,,,,,,,,,,,,,,,,,,,,,,,,,,,,,,,,,,,,,,,,,,,,,
"50 Buena Vista Dr, Cabot, AR 72023",50 Buena Vista Dr,Cabot,AR,,forRent,3,1361,,1450,3,https://www.zillow.com/homedetails/50-Buena-Vista-Dr-Cabot-AR-72023/452178369_zpid/,,182000,2026-09-25T00:00:00.000Z,Listed for rent,2026-01-31T00:00:00.000Z,Listing removed,2026-01-24T00:00:00.000Z,Price change,2026-01-17T00:00:00.000Z,Price change,2026-01-10T00:00:00.000Z,Price change,2026-01-03T00:00:00.000Z,Price change,2025-11-11T00:00:00.000Z,Listed for rent,2021-08-23T00:00:00.000Z,Sold,,,,,,,,,,,,,,,,,,,,,,,,,,,,,,,,,,,,,,,,,,,,
"26 Deerfield Dr, Ward, AR 72176",26 Deerfield Dr,Ward,AR,,forRent,3,1309,,1550,6,https://www.zillow.com/homedetails/26-Deerfield-Dr-Ward-AR-72176/261138_zpid/,,125000,2026-09-22T00:00:00.000Z,Listed for rent,2026-09-14T00:00:00.000Z,Listing removed,2026-09-10T00:00:00.000Z,Price change,2026-09-04T00:00:00.000Z,Listed for sale,2013-05-29T00:00:00.000Z,Sold,,,,,,,,,,,,,,,,,,,,,,,,,,,,,,,,,,,,,,,,,,,,,,,,,,
"1155 Jackson Rd, Ward, AR 72176",1155 Jackson Rd,Ward,AR,,forRent,3,1280,,1300,17,https://www.zillow.com/homedetails/1155-Jackson-Rd-Ward-AR-72176/99441054_zpid/,,,2026-09-10T00:00:00.000Z,Listed for rent,2026-03-18T00:00:00.000Z,Listing removed,2026-03-13T00:00:00.000Z,Price change,2026-02-24T00:00:00.000Z,Listed for rent,2026-01-12T00:00:00.000Z,Listing removed,2025-11-14T00:00:00.000Z,Price change,2025-10-06T00:00:00.000Z,Price change,2025-01-16T00:00:00.000Z,Listed for rent,2015-10-08T00:00:00.000Z,Listing removed,2015-09-18T00:00:00.000Z,Listed for rent,,,,,,,,,,,,,,,,,,,,,,,,,,,,,,,,,,,,,,,,
"56 Razorback Cv, Austin, AR 72007",56 Razorback Cv,Austin,AR,,forRent,3,1250,,1595,10,https://www.zillow.com/homedetails/56-Razorback-Cv-Austin-AR-72007/99434828_zpid/,,195000,2026-09-18T00:00:00.000Z,Listed for rent,2022-09-27T00:00:00.000Z,Sold,2022-07-29T00:00:00.000Z,Sold,2020-03-01T00:00:00.000Z,Listing removed,2019-10-07T00:00:00.000Z,Listed for sale,2019-08-01T00:00:00.000Z,Listing removed,2018-04-05T00:00:00.000Z,Listed for sale,,,,,,,,,,,,,,,,,,,,,,,,,,,,,,,,,,,,,,,,,,,,,,
"18 Lilly Ann Ct, Ward, AR 72176",18 Lilly Ann Ct,Ward,AR,,forRent,3,1355,,0,12,https://www.zillow.com/homedetails/18-Lilly-Ann-Ct-Ward-AR-72176/445792648_zpid/,,18000,2026-09-15T00:00:00.000Z,Listed for rent,2022-10-25T00:00:00.000Z,Listing removed,2022-10-07T00:00:00.000Z,Listed for sale,2017-08-16T00:00:00.000Z,Sold,,,,,,,,,,,,,,,,,,,,,,,,,,,,,,,,,,,,,,,,,,,,,,,,,,,,
"17 Patti Cv, Ward, AR 72176",17 Patti Cv,Ward,AR,,forRent,3,1330,,1795,3,https://www.zillow.com/homedetails/17-Patti-Cv-Ward-AR-72176/338981618_zpid/,,210000,2026-09-25T00:00:00.000Z,Listed for rent,2022-07-27T00:00:00.000Z,Sold,,,,,,,,,,,,,,,,,,,,,,,,,,,,,,,,,,,,,,,,,,,,,,,,,,,,,,,,
"302 N Lincoln St, Cabot, AR 72023",302 N Lincoln St,Cabot,AR,,forRent,3,1318,,1500,5,https://www.zillow.com/homedetails/302-N-Lincoln-St-Cabot-AR-72023/253236_zpid/,,119000,2026-09-22T00:00:00.000Z,Listed for rent,2014-02-28T00:00:00.000Z,Sold,,,,,,,,,,,,,,,,,,,,,,,,,,,,,,,,,,,,,,,,,,,,,,,,,,,,,,,,
"38 Robinson St, Cabot, AR 72023",38 Robinson St,Cabot,AR,,forRent,4,1848,,1550,18,https://www.zillow.com/homedetails/38-Robinson-St-Cabot-AR-72023/256100_zpid/,,208000,2026-09-10T00:00:00.000Z,Listed for rent,2025-01-09T00:00:00.000Z,Sold,2024-10-05T00:00:00.000Z,Listing removed,2024-08-06T00:00:00.000Z,Listed for rent,2024-07-29T00:00:00.000Z,Sold,2023-12-20T00:00:00.000Z,Sold,2022-10-11T00:00:00.000Z,Sold,2014-11-13T00:00:00.000Z,Sold,,,,,,,,,,,,,,,,,,,,,,,,,,,,,,,,,,,,,,,,,,,,
"125 Old Red Rd, Ward, AR 72176",125 Old Red Rd,Ward,AR,,forRent,3,1280,,1000,24,https://www.zillow.com/homedetails/125-Old-Red-Rd-Ward-AR-72176/99434787_zpid/,,,2026-09-03T00:00:00.000Z,Listed for rent,2026-06-01T00:00:00.000Z,Listing removed,2026-05-19T00:00:00.000Z,Listed for rent,2026-04-20T00:00:00.000Z,Listing removed,2026-03-26T00:00:00.000Z,Listed for rent,2025-10-29T00:00:00.000Z,Listing removed,2025-10-06T00:00:00.000Z,Price change,2025-01-16T00:00:00.000Z,Listed for rent,2021-03-24T00:00:00.000Z,Listing removed,2018-02-28T00:00:00.000Z,Listing removed,2018-02-26T00:00:00.000Z,Listed for rent,,,,,,,,,,,,,,,,,,,,,,,,,,,,,,,,,,,,,,
"103 E Scott St, Carlisle, AR 72024",103 E Scott St,Carlisle,AR,,forRent,3,1556,,1250,15,https://www.zillow.com/homedetails/103-E-Scott-St-Carlisle-AR-72024/258138_zpid/,,75000,2026-09-13T00:00:00.000Z,Price change,2026-08-09T00:00:00.000Z,Listed for rent,2025-05-14T00:00:00.000Z,Sold,2025-03-28T00:00:00.000Z,Sold,2024-12-02T00:00:00.000Z,Listed for sale,2014-01-15T00:00:00.000Z,Sold,2013-07-17T00:00:00.000Z,Sold,2013-06-26T00:00:00.000Z,Price change,2013-05-17T00:00:00.000Z,Price change,2013-02-20T00:00:00.000Z,Price change,2013-01-27T00:00:00.000Z,Listed for sale,,,,,,,,,,,,,,,,,,,,,,,,,,,,,,,,,,,,,,
"22 Kirkland St, Ward, AR 72176",22 Kirkland St,Ward,AR,,forRent,3,1185,,1350,26,https://www.zillow.com/homedetails/22-Kirkland-St-Ward-AR-72176/261280_zpid/,,84000,2026-07-15T00:00:00.000Z,Listed for rent,2026-06-16T00:00:00.000Z,Sold,2026-06-14T00:00:00.000Z,Contingent,2026-06-02T00:00:00.000Z,Price change,2026-05-28T00:00:00.000Z,Listed for sale,2014-10-30T00:00:00.000Z,Sold,,,,,,,,,,,,,,,,,,,,,,,,,,,,,,,,,,,,,,,,,,,,,,,,
"104 Herald Pl, Cabot, AR 72023",104 Herald Pl,Cabot,AR,,forRent,3,1232,,1095,55,https://www.zillow.com/homedetails/104-Herald-Pl-Cabot-AR-72023/252206_zpid/,,155000,2026-08-03T00:00:00.000Z,Listed for rent,2024-11-23T00:00:00.000Z,Listing removed,2024-11-14T00:00:00.000Z,Listed for rent,2023-12-28T00:00:00.000Z,Listing removed,2023-11-10T00:00:00.000Z,Price change,2023-10-18T00:00:00.000Z,Listed for rent,2022-04-09T00:00:00.000Z,Listing removed,2022-02-16T00:00:00.000Z,Listed for rent,2019-06-20T00:00:00.000Z,Listing removed,2019-05-08T00:00:00.000Z,Listed for rent,2018-08-24T00:00:00.000Z,Listing removed,2018-08-16T00:00:00.000Z,Price change,2018-08-01T00:00:00.000Z,Listed for rent,2017-12-07T00:00:00.000Z,Listing removed,2017-10-14T00:00:00.000Z,Listed for rent,2013-01-30T00:00:00.000Z,Sold,2008-01-10T00:00:00.000Z,Sold,1988-08-30T00:00:00.000Z,Sold,,,,,,,,,,,,,,,,,,,,,,,,
"29 Mattie Lene Dr, Ward, AR 72176",29 Mattie Lene Dr,Ward,AR,,forRent,3,1301,,1350,17,https://www.zillow.com/homedetails/29-Mattie-Lene-Dr-Ward-AR-72176/35732499_zpid/,,80000,2026-09-10T00:00:00.000Z,Listed for rent,2026-03-20T00:00:00.000Z,Listing removed,2026-01-05T00:00:00.000Z,Listed for rent,2024-10-09T00:00:00.000Z,Listing removed,2024-09-16T00:00:00.000Z,Listed for rent,2009-05-16T00:00:00.000Z,Listing removed,2009-01-18T00:00:00.000Z,Listed for sale,2005-09-22T00:00:00.000Z,Sold,2004-02-23T00:00:00.000Z,Sold,2003-01-24T00:00:00.000Z,Sold,,,,,,,,,,,,,,,,,,,,,,,,,,,,,,,,,,,,,,,,
"32 Fortson Dr, Cabot, AR 72023",32 Fortson Dr,Cabot,AR,,forRent,3,1064,,875,36,https://www.zillow.com/homedetails/32-Fortson-Dr-Cabot-AR-72023/63161011_zpid/,,750000,2026-08-22T00:00:00.000Z,Listed for rent,2024-02-17T00:00:00.000Z,Listing removed,2024-02-03T00:00:00.000Z,Listed for rent,2004-08-10T00:00:00.000Z,Sold,,,,,,,,,,,,,,,,,,,,,,,,,,,,,,,,,,,,,,,,,,,,,,,,,,,,
"53 Bud Grimes Rd, Ward, AR 72176",53 Bud Grimes Rd,Ward,AR,,forRent,3,1206,,1495,5,https://www.zillow.com/homedetails/53-Bud-Grimes-Rd-Ward-AR-72176/35732509_zpid/,,159000,2026-09-23T00:00:00.000Z,Listed for rent,2026-09-22T00:00:00.000Z,Sold,2026-09-09T00:00:00.000Z,Contingent,2026-09-04T00:00:00.000Z,Listed for sale,2026-08-07T00:00:00.000Z,Contingent,2026-08-01T00:00:00.000Z,Price change,2026-07-15T00:00:00.000Z,Listed for sale,2026-07-08T00:00:00.000Z,Listing removed,2026-07-07T00:00:00.000Z,Listed for sale,2019-05-20T00:00:00.000Z,Sold,2019-04-23T00:00:00.000Z,Pending sale,2019-02-21T00:00:00.000Z,Price change,2019-01-17T00:00:00.000Z,Listed for sale,2015-01-07T00:00:00.000Z,Sold,2014-09-05T00:00:00.000Z,Price change,2014-08-20T00:00:00.000Z,Price change,2014-06-27T00:00:00.000Z,Listed for sale,,,,,,,,,,,,,,,,,,,,,,,,,,
"509 E Elm St, Cabot, AR 72023",509 E Elm St,Cabot,AR,,forRent,3,1056,,1450,80,https://www.zillow.com/homedetails/509-E-Elm-St-Cabot-AR-72023/257181_zpid/,,185000,2026-08-20T00:00:00.000Z,Price change,2026-07-23T00:00:00.000Z,Price change,2026-07-09T00:00:00.000Z,Listed for rent,2026-07-09T00:00:00.000Z,Listing removed,2026-05-02T00:00:00.000Z,Listed for rent,2026-04-16T00:00:00.000Z,Listing removed,2026-02-18T00:00:00.000Z,Price change,2026-02-04T00:00:00.000Z,Listed for rent,2023-04-10T00:00:00.000Z,Sold,2023-01-19T00:00:00.000Z,Listing removed,2023-01-18T00:00:00.000Z,Listed for rent,2023-01-06T00:00:00.000Z,Listing removed,2022-10-26T00:00:00.000Z,Listed for sale,2021-05-28T00:00:00.000Z,Sold,2015-07-27T00:00:00.000Z,Sold,2012-10-07T00:00:00.000Z,Listing removed,2012-09-20T00:00:00.000Z,Price change,2012-06-20T00:00:00.000Z,Listed for sale,,,,,,,,,,,,,,,,,,,,,,,,
"46 Meadowlark Dr, Cabot, AR 72023",46 Meadowlark Dr,Cabot,AR,,forRent,4,1600,,1595,5,https://www.zillow.com/homedetails/46-Meadowlark-Dr-Cabot-AR-72023/255182_zpid/,,179900,2026-09-23T00:00:00.000Z,Listed for rent,2024-03-19T00:00:00.000Z,Sold,2024-01-11T00:00:00.000Z,Contingent,2023-09-16T00:00:00.000Z,Listing removed,2023-08-24T00:00:00.000Z,Listed for sale,2023-08-18T00:00:00.000Z,Price change,2023-07-18T00:00:00.000Z,Listed for rent,2022-01-11T00:00:00.000Z,Sold,2015-07-31T00:00:00.000Z,Sold,2013-06-11T00:00:00.000Z,Sold,,,,,,,,,,,,,,,,,,,,,,,,,,,,,,,,,,,,,,,,
"39 Fletcher Dr, Austin, AR 72007",39 Fletcher Dr,Austin,AR,,forRent,4,1960,,1845,6,https://www.zillow.com/homedetails/39-Fletcher-Dr-Austin-AR-72007/305901313_zpid/,,280000,2026-09-21T00:00:00.000Z,Listed for rent,2022-03-02T00:00:00.000Z,Sold,2022-01-29T00:00:00.000Z,Listed for sale,2020-02-27T00:00:00.000Z,Sold,,,,,,,,,,,,,,,,,,,,,,,,,,,,,,,,,,,,,,,,,,,,,,,,,,,,
"21 Dunnaway Dr, Austin, AR 72007",21 Dunnaway Dr,Austin,AR,,forRent,,,,,,https://www.zillow.com/b/21-dunnaway-dr-austin-ar-BsgKQM/,,,,,,,,,,,,,,,,,,,,,,,,,,,,,,,,,,,,,,,,,,,,,,,,,,,,,,,,,,,,,,
"2107 S 2nd St, Cabot, AR 72023",2107 S 2nd St,Cabot,AR,,forRent,4,2096,,2050,48,https://www.zillow.com/homedetails/2107-S-2nd-St-Cabot-AR-72023/256030_zpid/,,255000,2026-09-14T00:00:00.000Z,Price change,2026-08-10T00:00:00.000Z,Listed for rent,2025-04-28T00:00:00.000Z,Sold,2025-01-24T00:00:00.000Z,Listed for sale,2019-10-04T00:00:00.000Z,Sold,2015-03-18T00:00:00.000Z,Sold,,,,,,,,,,,,,,,,,,,,,,,,,,,,,,,,,,,,,,,,,,,,,,,,
"21 Meadowlark Dr, Cabot, AR 72023",21 Meadowlark Dr,Cabot,AR,,forRent,3,1013,,1395,47,https://www.zillow.com/homedetails/21-Meadowlark-Dr-Cabot-AR-72023/255213_zpid/,,147900,2026-08-12T00:00:00.000Z,Listed for rent,2024-01-16T00:00:00.000Z,Listing removed,2024-01-04T00:00:00.000Z,Sold,2023-08-22T00:00:00.000Z,Sold,2023-07-17T00:00:00.000Z,Contingent,2023-05-12T00:00:00.000Z,Listed for sale,2023-04-19T00:00:00.000Z,Listing removed,2023-03-17T00:00:00.000Z,Listed for rent,2022-03-21T00:00:00.000Z,Sold,,,,,,,,,,,,,,,,,,,,,,,,,,,,,,,,,,,,,,,,,,
"15 Silverado Ct, Cabot, AR 72023",15 Silverado Ct,Cabot,AR,,forRent,3,1382,,1350,38,https://www.zillow.com/homedetails/15-Silverado-Ct-Cabot-AR-72023/35732243_zpid/,,150000,2026-08-20T00:00:00.000Z,Listed for rent,2024-11-11T00:00:00.000Z,Listing removed,2024-09-27T00:00:00.000Z,Listed for rent,2022-10-26T00:00:00.000Z,Sold,2020-12-16T00:00:00.000Z,Listing removed,2020-12-08T00:00:00.000Z,Listed for rent,2020-05-16T00:00:00.000Z,Listing removed,2020-04-22T00:00:00.000Z,Listed for rent,2020-04-17T00:00:00.000Z,Sold,,,,,,,,,,,,,,,,,,,,,,,,,,,,,,,,,,,,,,,,,,
"32 Thunderbird Dr, Cabot, AR 72023",32 Thunderbird Dr,Cabot,AR,,forRent,3,1444,,1475,24,https://www.zillow.com/homedetails/32-Thunderbird-Dr-Cabot-AR-72023/67447424_zpid/,,,2026-09-03T00:00:00.000Z,Listed for rent,2021-03-24T00:00:00.000Z,Listing removed,2017-03-08T00:00:00.000Z,Listing removed,2017-02-06T00:00:00.000Z,Listed for rent,,,,,,,,,,,,,,,,,,,,,,,,,,,,,,,,,,,,,,,,,,,,,,,,,,,,
"18 Shadow Creek Dr, Austin, AR 72007",18 Shadow Creek Dr,Austin,AR,,forRent,4,2334,,2200,31,https://www.zillow.com/homedetails/18-Shadow-Creek-Dr-Austin-AR-72007/99418619_zpid/,,243500,2026-09-24T00:00:00.000Z,Price change,2026-08-27T00:00:00.000Z,Listed for rent,2023-07-15T00:00:00.000Z,Listing removed,2023-07-07T00:00:00.000Z,Listed for rent,2018-05-24T00:00:00.000Z,Listing removed,2018-05-23T00:00:00.000Z,Listing removed,2018-05-21T00:00:00.000Z,Price change,2018-05-18T00:00:00.000Z,Listed for rent,2018-03-16T00:00:00.000Z,Listed for sale,2016-05-06T00:00:00.000Z,Sold,2015-12-03T00:00:00.000Z,Listed for sale,2015-08-10T00:00:00.000Z,Sold,,,,,,,,,,,,,,,,,,,,,,,,,,,,,,,,,,,,
"16 Mustang Dr, Cabot, AR 72023",16 Mustang Dr,Cabot,AR,,forRent,3,1494,,1450,51,https://www.zillow.com/homedetails/16-Mustang-Dr-Cabot-AR-72023/63160974_zpid/,,2988,2026-08-07T00:00:00.000Z,Listed for rent,2020-02-08T00:00:00.000Z,Listing removed,2020-01-25T00:00:00.000Z,Listed for rent,2018-12-12T00:00:00.000Z,Listing removed,2018-11-14T00:00:00.000Z,Listed for rent,2012-08-23T00:00:00.000Z,Sold,2004-02-25T00:00:00.000Z,Sold,,,,,,,,,,,,,,,,,,,,,,,,,,,,,,,,,,,,,,,,,,,,,,
"74 Lakeland Dr, Cabot, AR 72023",74 Lakeland Dr,Cabot,AR,,forRent,3,2477,,2100,3,https://www.zillow.com/homedetails/74-Lakeland-Dr-Cabot-AR-72023/72179771_zpid/,,,2026-09-24T00:00:00.000Z,Listed for rent,2026-01-27T00:00:00.000Z,Listing removed,2026-01-12T00:00:00.000Z,Listed for rent,2025-03-14T00:00:00.000Z,Listing removed,2025-03-10T00:00:00.000Z,Listed for rent,2025-03-10T00:00:00.000Z,Listing removed,2025-02-25T00:00:00.000Z,Listed for rent,2024-03-13T00:00:00.000Z,Listing removed,2024-03-12T00:00:00.000Z,Listed for rent,2024-03-11T00:00:00.000Z,Listing removed,2024-03-08T00:00:00.000Z,Price change,2024-01-27T00:00:00.000Z,Price change,2023-12-19T00:00:00.000Z,Listed for rent,2022-11-30T00:00:00.000Z,Listing removed,2022-11-01T00:00:00.000Z,Listed for rent,2019-09-05T00:00:00.000Z,Listing removed,2019-09-03T00:00:00.000Z,Listed for rent,2019-09-03T00:00:00.000Z,Listing removed,2019-08-16T00:00:00.000Z,Price change,2019-08-07T00:00:00.000Z,Pending sale,2019-07-11T00:00:00.000Z,Price change,2019-06-21T00:00:00.000Z,Price change,2019-06-10T00:00:00.000Z,Price change,2019-06-04T00:00:00.000Z,Price change,2019-05-28T00:00:00.000Z,Listed for sale,,,,,,,,,,
"454 Maple Tree Cv, Lonoke, AR 72086",454 Maple Tree Cv,Lonoke,AR,,forRent,3,1344,,1400,13,https://www.zillow.com/homedetails/454-Maple-Tree-Cv-Lonoke-AR-72086/67448696_zpid/,,,2026-09-14T00:00:00.000Z,Listed for rent,,,,,,,,,,,,,,,,,,,,,,,,,,,,,,,,,,,,,,,,,,,,,,,,,,,,,,,,,,
"45 Foster Louis Ln, Cabot, AR 72023",45 Foster Louis Ln,Cabot,AR,,forRent,4,1470,,1650,66,https://www.zillow.com/homedetails/45-Foster-Louis-Ln-Cabot-AR-72023/347215122_zpid/,,,2026-07-23T00:00:00.000Z,Listed for rent,2025-09-28T00:00:00.000Z,Listing removed,2025-09-27T00:00:00.000Z,Listed for rent,2025-09-27T00:00:00.000Z,Listing removed,2025-07-22T00:00:00.000Z,Listed for rent,2024-04-25T00:00:00.000Z,Listing removed,2024-04-05T00:00:00.000Z,Listed for rent,,,,,,,,,,,,,,,,,,,,,,,,,,,,,,,,,,,,,,,,,,,,,,
"72 Branchwood Ln, Austin, AR 72007",72 Branchwood Ln,Austin,AR,,forRent,3,1216,,1200,31,https://www.zillow.com/homedetails/72-Branchwood-Ln-Austin-AR-72007/252707_zpid/,,1710000,2026-08-27T00:00:00.000Z,Price change,2022-12-04T00:00:00.000Z,Listed for rent,2021-02-23T00:00:00.000Z,Listing removed,2020-08-27T00:00:00.000Z,Listing removed,2020-08-03T00:00:00.000Z,Listed for rent,2019-06-08T00:00:00.000Z,Listing removed,2019-06-05T00:00:00.000Z,Listed for rent,2018-11-12T00:00:00.000Z,Listing removed,2018-11-09T00:00:00.000Z,Listed for rent,2015-01-30T00:00:00.000Z,Sold,2009-07-17T00:00:00.000Z,Sold,,,,,,,,,,,,,,,,,,,,,,,,,,,,,,,,,,,,,,
"140 Dolphin Rd, Humnoke, AR 72072",140 Dolphin Rd,Humnoke,AR,,forRent,3,1577,,900,11,https://www.zillow.com/homedetails/140-Dolphin-Rd-Humnoke-AR-72072/2077399951_zpid/,,,2026-09-17T00:00:00.000Z,Listed for rent,2026-06-01T00:00:00.000Z,Listing removed,2026-03-04T00:00:00.000Z,Listed for rent,2025-09-10T00:00:00.000Z,Listing removed,2025-08-12T00:00:00.000Z,Listed for rent,2023-08-28T00:00:00.000Z,Listing removed,2023-08-14T00:00:00.000Z,Listed for rent,2023-08-04T00:00:00.000Z,Listing removed,2023-06-20T00:00:00.000Z,Listed for rent,2022-07-10T00:00:00.000Z,Listing removed,2022-07-01T00:00:00.000Z,Price change,2022-06-25T00:00:00.000Z,Listed for rent,2020-10-29T00:00:00.000Z,Listing removed,2020-10-22T00:00:00.000Z,Listed for rent,,,,,,,,,,,,,,,,,,,,,,,,,,,,,,,,
"203 Lynn Ln, Lonoke, AR 72086",203 Lynn Ln,Lonoke,AR,,forRent,3,1200,,1195,104,https://www.zillow.com/homedetails/203-Lynn-Ln-Lonoke-AR-72086/260453_zpid/,,105000,2026-09-02T00:00:00.000Z,Price change,2026-06-30T00:00:00.000Z,Price change,2026-06-15T00:00:00.000Z,Listed for rent,2026-06-01T00:00:00.000Z,Listing removed,2026-05-14T00:00:00.000Z,Listed for rent,2022-05-19T00:00:00.000Z,Sold,2022-05-13T00:00:00.000Z,Contingent,2022-05-05T00:00:00.000Z,Listed for sale,2014-05-30T00:00:00.000Z,Sold,2014-02-20T00:00:00.000Z,Sold,2014-01-11T00:00:00.000Z,Listed for sale,,,,,,,,,,,,,,,,,,,,,,,,,,,,,,,,,,,,,,
"55 Lakeland Dr, Cabot, AR 72023",55 Lakeland Dr,Cabot,AR,,forRent,3,1823,,1800,2,https://www.zillow.com/homedetails/55-Lakeland-Dr-Cabot-AR-72023/99433505_zpid/,,207000,2026-09-25T00:00:00.000Z,Listed for rent,2021-04-16T00:00:00.000Z,Sold,2021-03-12T00:00:00.000Z,Listed for sale,2018-03-16T00:00:00.000Z,Sold,2018-02-02T00:00:00.000Z,Listed for sale,,,,,,,,,,,,,,,,,,,,,,,,,,,,,,,,,,,,,,,,,,,,,,,,,,
"16 Dunnaway Dr, Austin, AR 72007",16 Dunnaway Dr,Austin,AR,,forRent,4,1672,,1700,26,https://www.zillow.com/homedetails/16-Dunnaway-Dr-Austin-AR-72007/452017713_zpid/,,220000,2026-09-01T00:00:00.000Z,Listed for rent,2025-07-26T00:00:00.000Z,Listing removed,2025-07-22T00:00:00.000Z,Price change,2025-07-15T00:00:00.000Z,Listed for rent,2025-07-03T00:00:00.000Z,Sold,2025-05-14T00:00:00.000Z,Listed for sale,,,,,,,,,,,,,,,,,,,,,,,,,,,,,,,,,,,,,,,,,,,,,,,,
"20 Ponderosa Dr, Lonoke, AR 72086",20 Ponderosa Dr,Lonoke,AR,,forRent,3,2256,,2300,9,https://www.zillow.com/homedetails/20-Ponderosa-Dr-Lonoke-AR-72086/260773_zpid/,,215000,2026-09-18T00:00:00.000Z,Listed for rent,2025-09-05T00:00:00.000Z,Listing removed,2025-08-22T00:00:00.000Z,Listed for rent,2022-08-05T00:00:00.000Z,Sold,2022-06-21T00:00:00.000Z,Contingent,2022-06-17T00:00:00.000Z,Listed for sale,2017-02-26T00:00:00.000Z,Listing removed,2016-11-07T00:00:00.000Z,Listed for sale,2015-11-04T00:00:00.000Z,Listing removed,2015-08-21T00:00:00.000Z,Listed for sale,2014-12-19T00:00:00.000Z,Sold,,,,,,,,,,,,,,,,,,,,,,,,,,,,,,,,,,,,,,
"18 War Eagle Dr, Cabot, AR 72023",18 War Eagle Dr,Cabot,AR,,forRent,3,1278,,1300,5,https://www.zillow.com/homedetails/18-War-Eagle-Dr-Cabot-AR-72023/35732196_zpid/,,130000,2026-09-23T00:00:00.000Z,Listing removed,2026-09-22T00:00:00.000Z,Listed for rent,2026-08-28T00:00:00.000Z,Listed for sale,2026-08-25T00:00:00.000Z,Listing removed,2026-08-18T00:00:00.000Z,Price change,2026-08-01T00:00:00.000Z,Listed for sale,2026-02-02T00:00:00.000Z,Sold,,,,,,,,,,,,,,,,,,,,,,,,,,,,,,,,,,,,,,,,,,,,,,
"703 W 4th St, Lonoke, AR 72086",703 W 4th St,Lonoke,AR,,forRent,4,2312,,1900,38,https://www.zillow.com/homedetails/703-W-4th-St-Lonoke-AR-72086/260219_zpid/,,69900,2026-09-23T00:00:00.000Z,Listing removed,2026-09-07T00:00:00.000Z,Listed for sale,2026-08-28T00:00:00.000Z,Price change,2026-08-20T00:00:00.000Z,Listed for rent,2026-06-10T00:00:00.000Z,Sold,2026-05-10T00:00:00.000Z,Contingent,2026-05-07T00:00:00.000Z,Listed for sale,2026-05-07T00:00:00.000Z,Listing removed,2026-03-18T00:00:00.000Z,Price change,2026-01-10T00:00:00.000Z,Listed for sale,2014-02-19T00:00:00.000Z,Listing removed,2014-01-17T00:00:00.000Z,Listed for sale,2013-08-24T00:00:00.000Z,Sold,,,,,,,,,,,,,,,,,,,,,,,,,,,,,,,,,,
"42 Winners Cir, Cabot, AR 72023",42 Winners Cir,Cabot,AR,,forRent,3,1521,,1850,17,https://www.zillow.com/homedetails/42-Winners-Cir-Cabot-AR-72023/72176611_zpid/,,196500,2026-08-07T00:00:00.000Z,Listed for rent,2025-10-07T00:00:00.000Z,Listing removed,2025-09-15T00:00:00.000Z,Listed for rent,2025-07-09T00:00:00.000Z,Sold,2025-04-28T00:00:00.000Z,Price change,2025-04-14T00:00:00.000Z,Price change,2025-04-03T00:00:00.000Z,Price change,2025-03-27T00:00:00.000Z,Listed for sale,,,,,,,,,,,,,,,,,,,,,,,,,,,,,,,,,,,,,,,,,,,,
"17 Farrah St, Ward, AR 72176",17 Farrah St,Ward,AR,,forRent,3,1563,,1250,110,https://www.zillow.com/homedetails/17-Farrah-St-Ward-AR-72176/52495486_zpid/,,,2026-06-09T00:00:00.000Z,Listed for rent,2025-05-24T00:00:00.000Z,Listing removed,2025-05-06T00:00:00.000Z,Price change,2025-04-20T00:00:00.000Z,Listed for rent,2017-02-23T00:00:00.000Z,Listing removed,2017-02-17T00:00:00.000Z,Listed for rent,2014-02-28T00:00:00.000Z,Listing removed,2014-02-05T00:00:00.000Z,Price change,2014-01-29T00:00:00.000Z,Price change,2013-12-14T00:00:00.000Z,Price change,2013-11-30T00:00:00.000Z,Listed for sale,2013-10-25T00:00:00.000Z,Listing removed,2013-09-19T00:00:00.000Z,Price change,2013-09-18T00:00:00.000Z,Price change,2013-06-29T00:00:00.000Z,Listed for sale,,,,,,,,,,,,,,,,,,,,,,,,,,,,,,
"26 Stonewood Dr, Cabot, AR 72023",26 Stonewood Dr,Cabot,AR,,forRent,3,1698,,1900,34,https://www.zillow.com/homedetails/26-Stonewood-Dr-Cabot-AR-72023/55151081_zpid/,,157000,2026-08-24T00:00:00.000Z,Listed for rent,2026-04-27T00:00:00.000Z,Sold,2025-11-06T00:00:00.000Z,Listing removed,2025-10-20T00:00:00.000Z,Price change,2025-09-18T00:00:00.000Z,Listed for sale,2018-02-05T00:00:00.000Z,Listing removed,2017-09-28T00:00:00.000Z,Price change,2017-09-12T00:00:00.000Z,Listed for sale,2014-11-09T00:00:00.000Z,Listing removed,2014-08-01T00:00:00.000Z,Listed for sale,2012-03-12T00:00:00.000Z,Listing removed,2012-02-02T00:00:00.000Z,Listed for sale,,,,,,,,,,,,,,,,,,,,,,,,,,,,,,,,,,,,
"27 Trinity Dr, Cabot, AR 72023",27 Trinity Dr,Cabot,AR,,forRent,3,1442,,1525,37,https://www.zillow.com/homedetails/27-Trinity-Dr-Cabot-AR-72023/113948501_zpid/,,,2026-08-21T00:00:00.000Z,Listed for rent,2025-09-11T00:00:00.000Z,Listing removed,2025-07-29T00:00:00.000Z,Price change,2025-07-03T00:00:00.000Z,Listed for rent,,,,,,,,,,,,,,,,,,,,,,,,,,,,,,,,,,,,,,,,,,,,,,,,,,,,
"831 Richfield Rd, Jacksonville, AR 72076",831 Richfield Rd,Jacksonville,AR,,forRent,3,,,1400,8,https://www.zillow.com/homedetails/831-Richfield-Rd-Jacksonville-AR-72076/250171_zpid/,,0,2026-09-19T00:00:00.000Z,Listed for rent,2014-08-18T00:00:00.000Z,Sold,,,,,,,,,,,,,,,,,,,,,,,,,,,,,,,,,,,,,,,,,,,,,,,,,,,,,,,,
"830 Gussy Ln, Benton, AR 72019",830 Gussy Ln,Benton,AR,,forRent,,,,,,https://www.zillow.com/b/830-gussy-ln-benton-ar-CqYvFB/,,,,,,,,,,,,,,,,,,,,,,,,,,,,,,,,,,,,,,,,,,,,,,,,,,,,,,,,,,,,,,
"22530 Sam Tillery Dr, Alexander, AR 72002",22530 Sam Tillery Dr,Alexander,AR,,forRent,3,1633,,1995,5,https://www.zillow.com/homedetails/22530-Sam-Tillery-Dr-Alexander-AR-72002/465489014_zpid/,,,2026-09-22T00:00:00.000Z,Listed for rent,,,,,,,,,,,,,,,,,,,,,,,,,,,,,,,,,,,,,,,,,,,,,,,,,,,,,,,,,,
"22930 Sam Tillery Dr, Alexander, AR 72002",22930 Sam Tillery Dr,Alexander,AR,,forRent,4,1640,,2000,34,https://www.zillow.com/homedetails/22930-Sam-Tillery-Dr-Alexander-AR-72002/464786376_zpid/,,,2026-09-10T00:00:00.000Z,Price change,2026-09-08T00:00:00.000Z,Price change,2026-08-24T00:00:00.000Z,Listed for rent,,,,,,,,,,,,,,,,,,,,,,,,,,,,,,,,,,,,,,,,,,,,,,,,,,,,,,
"5137 Woodstream Dr, Alexander, AR 72002",5137 Woodstream Dr,Alexander,AR,,forRent,3,1460,,1600,9,https://www.zillow.com/homedetails/5137-Woodstream-Dr-Alexander-AR-72002/2078172293_zpid/,,167825,2026-09-18T00:00:00.000Z,Listed for rent,2026-04-27T00:00:00.000Z,Listing removed,2026-04-01T00:00:00.000Z,Listed for rent,2022-11-20T00:00:00.000Z,Listing removed,2022-10-04T00:00:00.000Z,Listed for rent,2020-12-04T00:00:00.000Z,Sold,2020-08-25T00:00:00.000Z,Listing removed,2020-08-20T00:00:00.000Z,Listed for sale,,,,,,,,,,,,,,,,,,,,,,,,,,,,,,,,,,,,,,,,,,,,
"154 Roman Heights Ave, Alexander, AR 72002",154 Roman Heights Ave,Alexander,AR,,forRent,,,,,,https://www.zillow.com/b/154-roman-heights-ave-alexander-ar-Cdzchh/,,,,,,,,,,,,,,,,,,,,,,,,,,,,,,,,,,,,,,,,,,,,,,,,,,,,,,,,,,,,,,
"3031 Trelon Cv, Alexander, AR 72002",3031 Trelon Cv,Alexander,AR,,forRent,3,1640,,1645,3,https://www.zillow.com/homedetails/3031-Trelon-Cv-Alexander-AR-72002/2062143982_zpid/,,,2026-09-25T00:00:00.000Z,Listed for rent,2023-12-15T00:00:00.000Z,Listing removed,2023-12-05T00:00:00.000Z,Price change,2023-10-26T00:00:00.000Z,Listed for rent,2023-04-19T00:00:00.000Z,Listing removed,2023-03-24T00:00:00.000Z,Price change,2023-02-17T00:00:00.000Z,Price change,2023-01-26T00:00:00.000Z,Listed for rent,2022-12-15T00:00:00.000Z,Listing removed,2022-11-30T00:00:00.000Z,Price change,2022-11-16T00:00:00.000Z,Price change,2022-11-03T00:00:00.000Z,Price change,2022-09-20T00:00:00.000Z,Price change,2022-09-03T00:00:00.000Z,Price change,2022-08-23T00:00:00.000Z,Price change,2022-08-04T00:00:00.000Z,Listed for sale,,,,,,,,,,,,,,,,,,,,,,,,,,,,
"7016 Pearl Valley Cv, Alexander, AR 72002",7016 Pearl Valley Cv,Alexander,AR,,forRent,3,1262,,1515,2,https://www.zillow.com/homedetails/7016-Pearl-Valley-Cv-Alexander-AR-72002/2092458994_zpid/,,,2026-09-25T00:00:00.000Z,Listed for rent,2023-05-29T00:00:00.000Z,Listing removed,2023-05-22T00:00:00.000Z,Listed for rent,2019-01-04T00:00:00.000Z,Listing removed,2018-12-15T00:00:00.000Z,Listed for rent,2017-12-02T00:00:00.000Z,Listing removed,2017-10-31T00:00:00.000Z,Price change,2017-10-10T00:00:00.000Z,Listed for rent,,,,,,,,,,,,,,,,,,,,,,,,,,,,,,,,,,,,,,,,,,,,
"2248 Centennial Valley Dr, Benton, AR 72019",2248 Centennial Valley Dr,Benton,AR,,forRent,3,1480,,1595,4,https://www.zillow.com/homedetails/2248-Centennial-Valley-Dr-Benton-AR-72019/2071964933_zpid/,,203315,2026-09-23T00:00:00.000Z,Listed for rent,2025-09-12T00:00:00.000Z,Listing removed,2025-09-10T00:00:00.000Z,Price change,2025-08-18T00:00:00.000Z,Listed for rent,2021-10-28T00:00:00.000Z,Sold,2021-07-30T00:00:00.000Z,Pending sale,2021-06-04T00:00:00.000Z,Price change,2021-04-30T00:00:00.000Z,Price change,2021-04-07T00:00:00.000Z,Listed for sale,,,,,,,,,,,,,,,,,,,,,,,,,,,,,,,,,,,,,,,,,,
"14457 Skyline Dr, Alexander, AR 72002",14457 Skyline Dr,Alexander,AR,,forRent,3,1974,,1950,13,https://www.zillow.com/homedetails/14457-Skyline-Dr-Alexander-AR-72002/120792053_zpid/,,210000,2026-09-15T00:00:00.000Z,Listed for rent,2021-11-05T00:00:00.000Z,Sold,2015-12-17T00:00:00.000Z,Sold,,,,,,,,,,,,,,,,,,,,,,,,,,,,,,,,,,,,,,,,,,,,,,,,,,,,,,
"1008 Santa Fe Trl, Bauxite, AR 72011",1008 Santa Fe Trl,Bauxite,AR,,forRent,,,,,,https://www.zillow.com/b/1008-santa-fe-trl-bauxite-ar-BqKjfx/,,,,,,,,,,,,,,,,,,,,,,,,,,,,,,,,,,,,,,,,,,,,,,,,,,,,,,,,,,,,,,
"6065 Discovery Trl, Bauxite, AR 72011",6065 Discovery Trl,Bauxite,AR,,forRent,4,1459,,1595,12,https://www.zillow.com/homedetails/6065-Discovery-Trl-Bauxite-AR-72011/442588179_zpid/,,192660,2026-09-15T00:00:00.000Z,Listed for rent,2026-08-11T00:00:00.000Z,Listing removed,2026-08-03T00:00:00.000Z,Listed for rent,2025-07-01T00:00:00.000Z,Listing removed,2025-05-23T00:00:00.000Z,Listed for rent,2025-05-09T00:00:00.000Z,Sold,2025-05-01T00:00:00.000Z,Contingent,2025-04-15T00:00:00.000Z,Price change,2025-04-04T00:00:00.000Z,Price change,2025-03-07T00:00:00.000Z,Price change,2025-02-28T00:00:00.000Z,Price change,2025-01-30T00:00:00.000Z,Price change,2024-12-14T00:00:00.000Z,Listed for sale,2024-11-22T00:00:00.000Z,Listing removed,2024-11-14T00:00:00.000Z,Listed for sale,,,,,,,,,,,,,,,,,,,,,,,,,,,,,,
"1281 Meadows Dr, Benton, AR 72019",1281 Meadows Dr,Benton,AR,,forRent,3,1523,,1595,3,https://www.zillow.com/homedetails/1281-Meadows-Dr-Benton-AR-72019/440544514_zpid/,,198850,2026-09-24T00:00:00.000Z,Listed for rent,2025-04-25T00:00:00.000Z,Listing removed,2025-04-01T00:00:00.000Z,Price change,2025-03-07T00:00:00.000Z,Listed for rent,2025-02-18T00:00:00.000Z,Sold,2025-01-23T00:00:00.000Z,Contingent,2025-01-20T00:00:00.000Z,Price change,2024-12-27T00:00:00.000Z,Price change,2024-12-20T00:00:00.000Z,Price change,2024-12-12T00:00:00.000Z,Price change,2024-12-05T00:00:00.000Z,Price change,2024-09-18T00:00:00.000Z,Listed for sale,,,,,,,,,,,,,,,,,,,,,,,,,,,,,,,,,,,,
"14611 Parkway Meadows Dr, Alexander, AR 72002",14611 Parkway Meadows Dr,Alexander,AR,,forRent,3,1500,,1625,10,https://www.zillow.com/homedetails/14611-Parkway-Meadows-Dr-Alexander-AR-72002/112089546_zpid/,,192000,2026-09-17T00:00:00.000Z,Listed for rent,2025-09-08T00:00:00.000Z,Listing removed,2025-08-28T00:00:00.000Z,Listed for rent,2024-09-13T00:00:00.000Z,Listing removed,2024-08-05T00:00:00.000Z,Listed for rent,2024-07-24T00:00:00.000Z,Listing removed,2024-06-28T00:00:00.000Z,Listed for rent,2022-05-19T00:00:00.000Z,Listing removed,2022-05-04T00:00:00.000Z,Price change,2022-04-15T00:00:00.000Z,Listed for rent,2022-03-09T00:00:00.000Z,Sold,2022-02-17T00:00:00.000Z,Contingent,2022-02-15T00:00:00.000Z,Listed for sale,2019-11-19T00:00:00.000Z,Sold,2019-09-16T00:00:00.000Z,Price change,2019-08-19T00:00:00.000Z,Listed for sale,2013-07-11T00:00:00.000Z,Sold,2013-03-06T00:00:00.000Z,Price change,2013-01-31T00:00:00.000Z,Price change,2013-01-19T00:00:00.000Z,Listed for sale,2010-04-21T00:00:00.000Z,Sold,,,,,,,,,,,,,,,,,,
"2710 Lavern St, Bryant, AR 72022",2710 Lavern St,Bryant,AR,,forRent,3,1281,,1375,2,https://www.zillow.com/homedetails/2710-Lavern-St-Bryant-AR-72022/391293_zpid/,,131000,2026-09-25T00:00:00.000Z,Listed for rent,2024-09-13T00:00:00.000Z,Listing removed,2024-07-12T00:00:00.000Z,Price change,2024-05-17T00:00:00.000Z,Price change,2024-04-05T00:00:00.000Z,Listed for rent,2024-03-25T00:00:00.000Z,Listing removed,2024-03-15T00:00:00.000Z,Listed for rent,2022-03-22T00:00:00.000Z,Listing removed,2022-03-10T00:00:00.000Z,Listed for rent,2020-10-22T00:00:00.000Z,Listing removed,2020-10-13T00:00:00.000Z,Listed for rent,2018-03-15T00:00:00.000Z,Listing removed,2018-02-14T00:00:00.000Z,Sold,2018-01-15T00:00:00.000Z,Listed for rent,2017-12-10T00:00:00.000Z,Listed for sale,2017-08-06T00:00:00.000Z,Sold,2017-05-28T00:00:00.000Z,Price change,2017-04-21T00:00:00.000Z,Listed for sale,2017-03-17T00:00:00.000Z,Sold,2017-02-16T00:00:00.000Z,Listed for sale,,,,,,,,,,,,,,,,,,,,
"6413 Amalie Dr, Alexander, AR 72002",6413 Amalie Dr,Alexander,AR,,forRent,3,1485,,1675,19,https://www.zillow.com/homedetails/6413-Amalie-Dr-Alexander-AR-72002/247595729_zpid/,,198000,2026-09-08T00:00:00.000Z,Listed for rent,2025-08-18T00:00:00.000Z,Listing removed,2025-08-06T00:00:00.000Z,Listed for rent,2022-05-12T00:00:00.000Z,Listing removed,2022-05-04T00:00:00.000Z,Price change,2022-04-27T00:00:00.000Z,Price change,2022-04-12T00:00:00.000Z,Listed for rent,2022-03-01T00:00:00.000Z,Sold,2022-01-18T00:00:00.000Z,Listed for sale,2018-09-21T00:00:00.000Z,Sold,2018-08-07T00:00:00.000Z,Listed for sale,2018-06-21T00:00:00.000Z,Listing removed,2018-05-23T00:00:00.000Z,Price change,2018-05-11T00:00:00.000Z,Listed for sale,,,,,,,,,,,,,,,,,,,,,,,,,,,,,,,,
"7125 Anderson St, Alexander, AR 72002",7125 Anderson St,Alexander,AR,,forRent,3,1906,,1650,4,https://www.zillow.com/homedetails/7125-Anderson-St-Alexander-AR-72002/368443_zpid/,,167000,2026-09-23T00:00:00.000Z,Listed for rent,2023-09-08T00:00:00.000Z,Listing removed,2023-07-24T00:00:00.000Z,Price change,2023-07-21T00:00:00.000Z,Listed for rent,2022-08-08T00:00:00.000Z,Listing removed,2022-07-27T00:00:00.000Z,Listed for rent,2021-04-26T00:00:00.000Z,Sold,2021-03-22T00:00:00.000Z,Listed for sale,2017-04-18T00:00:00.000Z,Listing removed,2017-04-07T00:00:00.000Z,Listed for sale,2016-10-05T00:00:00.000Z,Sold,,,,,,,,,,,,,,,,,,,,,,,,,,,,,,,,,,,,,,
"8512 Highway 5 N, Benton, AR 72019",8512 Highway 5 N,Benton,AR,,forRent,4,1533,,1895,13,https://www.zillow.com/homedetails/8512-Highway-5-N-Benton-AR-72019/394628139_zpid/,,,2026-09-14T00:00:00.000Z,Listed for rent,2024-09-13T00:00:00.000Z,Listing removed,2024-07-15T00:00:00.000Z,Listed for rent,,,,,,,,,,,,,,,,,,,,,,,,,,,,,,,,,,,,,,,,,,,,,,,,,,,,,,
"2064 Fern Valley Dr, Alexander, AR 72002",2064 Fern Valley Dr,Alexander,AR,,forRent,3,1394,,1595,11,https://www.zillow.com/homedetails/2064-Fern-Valley-Dr-Alexander-AR-72002/247595904_zpid/,,169000,2026-09-16T00:00:00.000Z,Listed for rent,2025-12-24T00:00:00.000Z,Listing removed,2025-11-13T00:00:00.000Z,Listed for rent,2023-05-30T00:00:00.000Z,Listing removed,2023-05-15T00:00:00.000Z,Listed for rent,2021-06-30T00:00:00.000Z,Listing removed,2021-06-22T00:00:00.000Z,Listed for rent,2021-06-14T00:00:00.000Z,Sold,2021-06-13T00:00:00.000Z,Contingent,2021-05-13T00:00:00.000Z,Listed for sale,2016-12-16T00:00:00.000Z,Sold,,,,,,,,,,,,,,,,,,,,,,,,,,,,,,,,,,,,,,
"402 Stone Creek Dr, Benton, AR 72015",402 Stone Creek Dr,Benton,AR,,forRent,4,1762,,1895,19,https://www.zillow.com/homedetails/402-Stone-Creek-Dr-Benton-AR-72015/71716020_zpid/,,178000,2026-09-08T00:00:00.000Z,Listed for rent,2023-09-17T00:00:00.000Z,Listing removed,2023-07-18T00:00:00.000Z,Listing removed,2023-06-14T00:00:00.000Z,Price change,2023-06-06T00:00:00.000Z,Listed for rent,2021-09-16T00:00:00.000Z,Sold,2016-08-06T00:00:00.000Z,Listing removed,2016-07-13T00:00:00.000Z,Listed for sale,2016-05-27T00:00:00.000Z,Listing removed,2016-04-15T00:00:00.000Z,Listed for sale,2006-07-11T00:00:00.000Z,Sold,,,,,,,,,,,,,,,,,,,,,,,,,,,,,,,,,,,,,,
"2705 Timbermist Cir, Benton, AR 72015",2705 Timbermist Cir,Benton,AR,,forRent,3,1200,,1575,10,https://www.zillow.com/homedetails/2705-Timbermist-Cir-Benton-AR-72015/386796_zpid/,,151000,2026-09-17T00:00:00.000Z,Listed for rent,2025-09-02T00:00:00.000Z,Listing removed,2025-08-27T00:00:00.000Z,Price change,2025-08-14T00:00:00.000Z,Price change,2025-06-30T00:00:00.000Z,Listed for rent,2022-08-30T00:00:00.000Z,Listing removed,2022-08-24T00:00:00.000Z,Listed for rent,2021-08-09T00:00:00.000Z,Listing removed,2021-08-05T00:00:00.000Z,Listed for rent,2021-07-07T00:00:00.000Z,Sold,2021-07-07T00:00:00.000Z,Contingent,2021-06-05T00:00:00.000Z,Listed for sale,2021-03-24T00:00:00.000Z,Listing removed,2018-12-27T00:00:00.000Z,Listing removed,2018-09-29T00:00:00.000Z,Listed for sale,2008-06-20T00:00:00.000Z,Sold,,,,,,,,,,,,,,,,,,,,,,,,,,,,
"14095 Magnolia Glen Dr, Alexander, AR 72002",14095 Magnolia Glen Dr,Alexander,AR,,forRent,3,1228,,1530,26,https://www.zillow.com/homedetails/14095-Magnolia-Glen-Dr-Alexander-AR-72002/88906053_zpid/,,119500,2026-09-01T00:00:00.000Z,Listed for rent,2020-12-08T00:00:00.000Z,Listing removed,2020-12-02T00:00:00.000Z,Listed for rent,2016-10-13T00:00:00.000Z,Sold,2016-06-29T00:00:00.000Z,Price change,2016-06-06T00:00:00.000Z,Listed for sale,2015-07-08T00:00:00.000Z,Listing removed,2015-06-13T00:00:00.000Z,Listed for rent,2014-07-19T00:00:00.000Z,Listing removed,2014-06-20T00:00:00.000Z,Listed for rent,2013-07-17T00:00:00.000Z,Listing removed,2013-07-03T00:00:00.000Z,Price change,2013-06-14T00:00:00.000Z,Price change,2013-05-17T00:00:00.000Z,Listed for rent,2009-11-06T00:00:00.000Z,Sold,,,,,,,,,,,,,,,,,,,,,,,,,,,,,,
"821 Church, Benton, AR 72015",821 Church,Benton,AR,,forRent,4,1540,,1675,23,https://www.zillow.com/homedetails/821-Church-Benton-AR-72015/387634_zpid/,,155000,2026-09-04T00:00:00.000Z,Listed for rent,2021-08-04T00:00:00.000Z,Listing removed,2021-07-27T00:00:00.000Z,Listed for rent,2021-06-04T00:00:00.000Z,Sold,2020-12-14T00:00:00.000Z,Sold,2020-10-24T00:00:00.000Z,Listed for sale,,,,,,,,,,,,,,,,,,,,,,,,,,,,,,,,,,,,,,,,,,,,,,,,
"4541 Western Woods Dr, Benton, AR 72015",4541 Western Woods Dr,Benton,AR,,forRent,4,2000,,1895,12,https://www.zillow.com/homedetails/4541-Western-Woods-Dr-Benton-AR-72015/2061302075_zpid/,,313100,2026-09-15T00:00:00.000Z,Listed for rent,2023-03-31T00:00:00.000Z,Sold,2022-11-05T00:00:00.000Z,Listing removed,2022-09-30T00:00:00.000Z,Listed for rent,,,,,,,,,,,,,,,,,,,,,,,,,,,,,,,,,,,,,,,,,,,,,,,,,,,,
"3001 Wild Berry Dr, Benton, AR 72015",3001 Wild Berry Dr,Benton,AR,,forRent,3,1486,,1725,37,https://www.zillow.com/homedetails/3001-Wild-Berry-Dr-Benton-AR-72015/71716346_zpid/,,184900,2026-08-21T00:00:00.000Z,Listed for rent,2024-07-31T00:00:00.000Z,Listing removed,2024-07-05T00:00:00.000Z,Listed for rent,2023-04-21T00:00:00.000Z,Listing removed,2023-04-19T00:00:00.000Z,Listed for rent,2022-03-28T00:00:00.000Z,Listing removed,2022-03-24T00:00:00.000Z,Price change,2022-03-11T00:00:00.000Z,Listed for rent,2022-02-01T00:00:00.000Z,Sold,2022-02-01T00:00:00.000Z,Contingent,2022-01-06T00:00:00.000Z,Listed for sale,2020-08-31T00:00:00.000Z,Sold,2020-07-10T00:00:00.000Z,Listed for sale,2008-07-11T00:00:00.000Z,Sold,,,,,,,,,,,,,,,,,,,,,,,,,,,,,,,,
"227 Iris St, Haskell, AR 72015",227 Iris St,Haskell,AR,,forRent,3,1420,,1625,62,https://www.zillow.com/homedetails/227-Iris-St-Haskell-AR-72015/2060765172_zpid/,,195000,2026-09-23T00:00:00.000Z,Price change,2026-09-10T00:00:00.000Z,Price change,2026-08-27T00:00:00.000Z,Price change,2026-07-27T00:00:00.000Z,Listed for rent,2023-02-16T00:00:00.000Z,Listing removed,2023-02-08T00:00:00.000Z,Price change,2023-01-26T00:00:00.000Z,Price change,2022-12-09T00:00:00.000Z,Listed for rent,2022-11-10T00:00:00.000Z,Sold,,,,,,,,,,,,,,,,,,,,,,,,,,,,,,,,,,,,,,,,,,
"6688 Hollywood Ave, Benton, AR 72019",6688 Hollywood Ave,Benton,AR,,forRent,3,1051,,1595,23,https://www.zillow.com/homedetails/6688-Hollywood-Ave-Benton-AR-72019/460744960_zpid/,,183900,2026-09-04T00:00:00.000Z,Listed for rent,2026-08-28T00:00:00.000Z,Sold,2026-08-10T00:00:00.000Z,Contingent,2026-06-25T00:00:00.000Z,Price change,2026-06-18T00:00:00.000Z,Price change,2026-06-09T00:00:00.000Z,Price change,2026-05-02T00:00:00.000Z,Price change,2026-03-31T00:00:00.000Z,Price change,2026-03-03T00:00:00.000Z,Price change,2026-02-27T00:00:00.000Z,Listed for sale,,,,,,,,,,,,,,,,,,,,,,,,,,,,,,,,,,,,,,,,
"3002 Forest Dr, Bryant, AR 72022",3002 Forest Dr,Bryant,AR,,forRent,3,1409,,1650,18,https://www.zillow.com/homedetails/3002-Forest-Dr-Bryant-AR-72022/390575_zpid/,,213000,2026-09-10T00:00:00.000Z,Listed for rent,2026-08-24T00:00:00.000Z,Sold,2026-06-30T00:00:00.000Z,Listed for sale,2018-03-05T00:00:00.000Z,Sold,2011-03-18T00:00:00.000Z,Sold,2011-02-13T00:00:00.000Z,Listed for sale,2006-08-16T00:00:00.000Z,Sold,,,,,,,,,,,,,,,,,,,,,,,,,,,,,,,,,,,,,,,,,,,,,,
"3264 Sidell Estates Dr, Benton, AR 72015",3264 Sidell Estates Dr,Benton,AR,,forRent,4,1652,,1795,44,https://www.zillow.com/homedetails/3264-Sidell-Estates-Dr-Benton-AR-72015/2063496322_zpid/,,,2026-08-14T00:00:00.000Z,Listed for rent,2022-07-02T00:00:00.000Z,Listing removed,2022-06-10T00:00:00.000Z,Price change,2022-04-28T00:00:00.000Z,Listed for sale,,,,,,,,,,,,,,,,,,,,,,,,,,,,,,,,,,,,,,,,,,,,,,,,,,,,
"5399 Heritage Valley Dr, Benton, AR 72019",5399 Heritage Valley Dr,Benton,AR,,forRent,4,1790,,1800,62,https://www.zillow.com/homedetails/5399-Heritage-Valley-Dr-Benton-AR-72019/2062299989_zpid/,,245000,2026-09-10T00:00:00.000Z,Price change,2026-08-31T00:00:00.000Z,Price change,2026-07-27T00:00:00.000Z,Listed for rent,2026-07-15T00:00:00.000Z,Listing removed,2026-05-22T00:00:00.000Z,Price change,2026-04-02T00:00:00.000Z,Listed for sale,2026-04-01T00:00:00.000Z,Listing removed,2025-11-06T00:00:00.000Z,Price change,2025-10-13T00:00:00.000Z,Price change,2025-10-04T00:00:00.000Z,Listed for sale,2025-02-24T00:00:00.000Z,Sold,2025-02-05T00:00:00.000Z,Contingent,2024-11-30T00:00:00.000Z,Price change,2024-10-04T00:00:00.000Z,Price change,2024-09-29T00:00:00.000Z,Price change,2024-09-07T00:00:00.000Z,Listed for sale,2022-08-29T00:00:00.000Z,Sold,,,,,,,,,,,,,,,,,,,,,,,,,,
"313 S Neeley St, Benton, AR 72015",313 S Neeley St,Benton,AR,,forRent,3,1800,,1545,41,https://www.zillow.com/homedetails/313-S-Neeley-St-Benton-AR-72015/2067919637_zpid/,,205000,2026-09-23T00:00:00.000Z,Price change,2026-09-10T00:00:00.000Z,Price change,2026-08-17T00:00:00.000Z,Listed for rent,2025-09-14T00:00:00.000Z,Listing removed,2025-09-02T00:00:00.000Z,Listed for rent,2023-02-17T00:00:00.000Z,Listing removed,2023-01-29T00:00:00.000Z,Listed for rent,2021-11-03T00:00:00.000Z,Listing removed,2021-10-25T00:00:00.000Z,Price change,2021-10-19T00:00:00.000Z,Price change,2021-10-12T00:00:00.000Z,Listed for rent,2021-08-20T00:00:00.000Z,Sold,,,,,,,,,,,,,,,,,,,,,,,,,,,,,,,,,,,,
"13757 Cedar Glen Cv, Alexander, AR 72002",13757 Cedar Glen Cv,Alexander,AR,,forRent,3,1408,,1575,32,https://www.zillow.com/homedetails/13757-Cedar-Glen-Cv-Alexander-AR-72002/92432562_zpid/,,124900,2026-08-26T00:00:00.000Z,Listed for rent,2017-02-19T00:00:00.000Z,Listing removed,2017-01-26T00:00:00.000Z,Listed for rent,2007-07-18T00:00:00.000Z,Sold,2007-01-31T00:00:00.000Z,Sold,,,,,,,,,,,,,,,,,,,,,,,,,,,,,,,,,,,,,,,,,,,,,,,,,,
"17 Greenbrier Dr, Benton, AR 72015",17 Greenbrier Dr,Benton,AR,,forRent,3,1460,,1545,55,https://www.zillow.com/homedetails/17-Greenbrier-Dr-Benton-AR-72015/386172_zpid/,,143000,2026-09-17T00:00:00.000Z,Price change,2026-08-27T00:00:00.000Z,Price change,2026-08-03T00:00:00.000Z,Listed for rent,2026-02-23T00:00:00.000Z,Listing removed,2026-02-19T00:00:00.000Z,Price change,2026-01-29T00:00:00.000Z,Price change,2026-01-15T00:00:00.000Z,Price change,2025-12-30T00:00:00.000Z,Price change,2025-11-24T00:00:00.000Z,Listed for rent,2024-10-01T00:00:00.000Z,Listing removed,2024-08-29T00:00:00.000Z,Listed for rent,2022-03-07T00:00:00.000Z,Listing removed,2021-12-31T00:00:00.000Z,Listed for rent,2021-11-19T00:00:00.000Z,Sold,2014-09-17T00:00:00.000Z,Listing removed,2014-07-15T00:00:00.000Z,Listed for rent,2007-07-20T00:00:00.000Z,Sold,2006-08-01T00:00:00.000Z,Sold,,,,,,,,,,,,,,,,,,,,,,,,
"3225 Jean Cv, Alexander, AR 72002",3225 Jean Cv,Alexander,AR,,forRent,3,2827,,2600,173,https://www.zillow.com/homedetails/3225-Jean-Cv-Alexander-AR-72002/378862_zpid/,,,2026-07-27T00:00:00.000Z,Price change,2026-04-07T00:00:00.000Z,Listed for rent,,,,,,,,,,,,,,,,,,,,,,,,,,,,,,,,,,,,,,,,,,,,,,,,,,,,,,,,
"1067 Huntington Dr, Benton, AR 72019",1067 Huntington Dr,Benton,AR,,forRent,4,1459,,1445,45,https://www.zillow.com/homedetails/1067-Huntington-Dr-Benton-AR-72019/2061767452_zpid/,,,2026-09-24T00:00:00.000Z,Price change,2026-09-17T00:00:00.000Z,Price change,2026-08-13T00:00:00.000Z,Listed for rent,2024-11-08T00:00:00.000Z,Listing removed,2024-11-05T00:00:00.000Z,Listed for rent,2024-03-22T00:00:00.000Z,Listing removed,2024-02-27T00:00:00.000Z,Listed for rent,2023-02-14T00:00:00.000Z,Listing removed,2023-01-26T00:00:00.000Z,Listed for rent,2022-12-17T00:00:00.000Z,Listing removed,2022-12-01T00:00:00.000Z,Price change,2022-11-11T00:00:00.000Z,Price change,2022-08-26T00:00:00.000Z,Listed for sale,,,,,,,,,,,,,,,,,,,,,,,,,,,,,,,,,,
"4056 Kings River Trl, Bauxite, AR 72011",4056 Kings River Trl,Bauxite,AR,,forRent,3,1480,,1345,61,https://www.zillow.com/homedetails/4056-Kings-River-Trl-Bauxite-AR-72011/2062403626_zpid/,,200660,2026-09-22T00:00:00.000Z,Price change,2026-08-27T00:00:00.000Z,Price change,2026-08-20T00:00:00.000Z,Price change,2026-08-13T00:00:00.000Z,Price change,2026-07-29T00:00:00.000Z,Listed for rent,2023-02-11T00:00:00.000Z,Listing removed,2023-02-03T00:00:00.000Z,Price change,2023-01-11T00:00:00.000Z,Price change,2022-12-14T00:00:00.000Z,Price change,2022-11-22T00:00:00.000Z,Price change,2022-11-10T00:00:00.000Z,Listed for rent,2022-10-28T00:00:00.000Z,Sold,2022-10-08T00:00:00.000Z,Contingent,2022-08-24T00:00:00.000Z,Price change,2022-08-04T00:00:00.000Z,Price change,2022-07-26T00:00:00.000Z,Price change,2022-07-21T00:00:00.000Z,Listed for sale,2022-07-18T00:00:00.000Z,Listing removed,2022-07-13T00:00:00.000Z,Listed for sale,,,,,,,,,,,,,,,,,,,,,,
"2120 Justus Loop, Bryant, AR 72022",2120 Justus Loop,Bryant,AR,,forRent,3,1440,,1500,2,https://www.zillow.com/homedetails/2120-Justus-Loop-Bryant-AR-72022/391757_zpid/,,96000,2026-09-25T00:00:00.000Z,Listed for rent,2023-05-08T00:00:00.000Z,Listing removed,2023-01-27T00:00:00.000Z,Listed for rent,2022-03-04T00:00:00.000Z,Listing removed,2022-02-05T00:00:00.000Z,Listed for rent,2019-04-04T00:00:00.000Z,Listing removed,2019-03-12T00:00:00.000Z,Price change,2018-12-21T00:00:00.000Z,Listed for rent,2018-10-24T00:00:00.000Z,Sold,2018-08-15T00:00:00.000Z,Listed for sale,2018-07-27T00:00:00.000Z,Sold,2018-05-27T00:00:00.000Z,Listed for sale,2018-05-26T00:00:00.000Z,Pending sale,2018-05-26T00:00:00.000Z,Listed for sale,2015-09-10T00:00:00.000Z,Listing removed,2015-08-12T00:00:00.000Z,Listed for sale,2006-05-03T00:00:00.000Z,Sold,,,,,,,,,,,,,,,,,,,,,,,,,,
"905 Pheasant Cv, Benton, AR 72019",905 Pheasant Cv,Benton,AR,,forRent,3,1415,,1595,24,https://www.zillow.com/homedetails/905-Pheasant-Cv-Benton-AR-72019/385747_zpid/,,158000,2026-09-03T00:00:00.000Z,Listed for rent,2022-05-16T00:00:00.000Z,Listing removed,2022-04-20T00:00:00.000Z,Price change,2022-04-14T00:00:00.000Z,Price change,2022-04-06T00:00:00.000Z,Price change,2022-03-22T00:00:00.000Z,Listed for rent,2022-02-01T00:00:00.000Z,Sold,2022-01-21T00:00:00.000Z,Contingent,2022-01-19T00:00:00.000Z,Listed for sale,,,,,,,,,,,,,,,,,,,,,,,,,,,,,,,,,,,,,,,,,,
"6056 Orange Valley Cv, Mabelvale, AR 72103",6056 Orange Valley Cv,Mabelvale,AR,,forRent,4,1537,,1675,20,https://www.zillow.com/homedetails/6056-Orange-Valley-Cv-Mabelvale-AR-72103/463591455_zpid/,,,2026-07-01T00:00:00.000Z,Listed for rent,,,,,,,,,,,,,,,,,,,,,,,,,,,,,,,,,,,,,,,,,,,,,,,,,,,,,,,,,,
"6316 Warwick Dr, Alexander, AR 72002",6316 Warwick Dr,Alexander,AR,,forRent,4,1884,,2300,58,https://www.zillow.com/homedetails/6316-Warwick-Dr-Alexander-AR-72002/461049113_zpid/,,277000,2026-09-18T00:00:00.000Z,Price change,2026-07-31T00:00:00.000Z,Listed for rent,2026-06-29T00:00:00.000Z,Sold,2026-05-29T00:00:00.000Z,Contingent,2026-05-29T00:00:00.000Z,Price change,2026-03-14T00:00:00.000Z,Listed for sale,,,,,,,,,,,,,,,,,,,,,,,,,,,,,,,,,,,,,,,,,,,,,,,,
"414 Newcomb Cv, Benton, AR 72015",414 Newcomb Cv,Benton,AR,,forRent,3,1384,,1600,8,https://www.zillow.com/homedetails/414-Newcomb-Cv-Benton-AR-72015/384931_zpid/,,65531,2026-07-17T00:00:00.000Z,Listed for rent,2010-11-30T00:00:00.000Z,Sold,2005-03-03T00:00:00.000Z,Sold,,,,,,,,,,,,,,,,,,,,,,,,,,,,,,,,,,,,,,,,,,,,,,,,,,,,,,
"2906 Pamela, Benton, AR 72015",2906 Pamela,Benton,AR,,forRent,3,1372,,1450,34,https://www.zillow.com/homedetails/2906-Pamela-Benton-AR-72015/385308_zpid/,,,2026-09-26T00:00:00.000Z,Price change,2026-08-25T00:00:00.000Z,Listed for rent,2025-08-04T00:00:00.000Z,Listing removed,2025-07-29T00:00:00.000Z,Price change,2025-07-08T00:00:00.000Z,Price change,2025-03-05T00:00:00.000Z,Listed for rent,2025-02-27T00:00:00.000Z,Listing removed,2025-02-24T00:00:00.000Z,Price change,2025-02-14T00:00:00.000Z,Listed for sale,,,,,,,,,,,,,,,,,,,,,,,,,,,,,,,,,,,,,,,,,,
"605 Valley Vista Dr, Benton, AR 72019",605 Valley Vista Dr,Benton,AR,,forRent,4,1942,,1875,82,https://www.zillow.com/homedetails/605-Valley-Vista-Dr-Benton-AR-72019/387089_zpid/,,,2026-07-07T00:00:00.000Z,Listed for rent,,,,,,,,,,,,,,,,,,,,,,,,,,,,,,,,,,,,,,,,,,,,,,,,,,,,,,,,,,
"4903 Natalie Dr, Bryant, AR 72022",4903 Natalie Dr,Bryant,AR,,forRent,4,1990,,1860,34,https://www.zillow.com/homedetails/4903-Natalie-Dr-Bryant-AR-72022/82281136_zpid/,,38000,2026-08-24T00:00:00.000Z,Listed for rent,2007-08-22T00:00:00.000Z,Sold,,,,,,,,,,,,,,,,,,,,,,,,,,,,,,,,,,,,,,,,,,,,,,,,,,,,,,,,
"1294 Ridge Rd, Benton, AR 72015",1294 Ridge Rd,Benton,AR,,forRent,3,1108,,1120,21,https://www.zillow.com/homedetails/1294-Ridge-Rd-Benton-AR-72015/114182952_zpid/,,2000,2026-09-24T00:00:00.000Z,Price change,2026-09-06T00:00:00.000Z,Listed for rent,2022-08-12T00:00:00.000Z,Listing removed,2022-08-01T00:00:00.000Z,Price change,2022-07-27T00:00:00.000Z,Listed for rent,2013-02-01T00:00:00.000Z,Sold,,,,,,,,,,,,,,,,,,,,,,,,,,,,,,,,,,,,,,,,,,,,,,,,
"5813 Heritage Heights Dr, Benton, AR 72019",5813 Heritage Heights Dr,Benton,AR,,forRent,4,1792,,1695,115,https://www.zillow.com/homedetails/5813-Heritage-Heights-Dr-Benton-AR-72019/71715692_zpid/,,199000,2026-08-27T00:00:00.000Z,Price change,2026-08-12T00:00:00.000Z,Price change,2026-07-29T00:00:00.000Z,Price change,2026-07-15T00:00:00.000Z,Price change,2026-06-04T00:00:00.000Z,Listed for rent,2024-04-06T00:00:00.000Z,Listing removed,2024-03-28T00:00:00.000Z,Listed for rent,2023-07-05T00:00:00.000Z,Listing removed,2023-06-23T00:00:00.000Z,Listed for rent,2022-05-23T00:00:00.000Z,Listing removed,2022-05-17T00:00:00.000Z,Listed for rent,2022-02-23T00:00:00.000Z,Listing removed,2022-02-04T00:00:00.000Z,Price change,2021-12-21T00:00:00.000Z,Listed for rent,2021-11-17T00:00:00.000Z,Sold,2021-11-12T00:00:00.000Z,Contingent,2021-10-13T00:00:00.000Z,Listed for sale,2016-02-17T00:00:00.000Z,Sold,2014-10-06T00:00:00.000Z,Listing removed,2014-07-21T00:00:00.000Z,Price change,2013-10-18T00:00:00.000Z,Listed for sale,,,,,,,,,,,,,,,,,,
"2225 Redwood, Benton, AR 72015",2225 Redwood,Benton,AR,,forRent,3,1758,,1800,118,https://www.zillow.com/homedetails/2225-Redwood-Benton-AR-72015/52934068_zpid/,,132000,2026-09-03T00:00:00.000Z,Price change,2026-08-17T00:00:00.000Z,Price change,2026-07-13T00:00:00.000Z,Price change,2026-06-01T00:00:00.000Z,Listed for rent,2025-05-31T00:00:00.000Z,Listing removed,2025-05-17T00:00:00.000Z,Listed for rent,2025-05-16T00:00:00.000Z,Listing removed,2025-04-17T00:00:00.000Z,Listed for rent,2025-04-16T00:00:00.000Z,Listing removed,2024-10-29T00:00:00.000Z,Listed for rent,2023-07-19T00:00:00.000Z,Listing removed,2023-06-20T00:00:00.000Z,Listed for rent,2022-03-04T00:00:00.000Z,Listing removed,2022-02-12T00:00:00.000Z,Listed for rent,2020-08-15T00:00:00.000Z,Listing removed,2020-08-04T00:00:00.000Z,Listed for rent,2019-06-13T00:00:00.000Z,Listing removed,2019-06-04T00:00:00.000Z,Listed for rent,2018-10-16T00:00:00.000Z,Listing removed,2018-08-10T00:00:00.000Z,Price change,2018-08-07T00:00:00.000Z,Listed for rent,2015-07-18T00:00:00.000Z,Listing removed,2015-06-11T00:00:00.000Z,Listed for rent,2014-04-25T00:00:00.000Z,Listing removed,2014-02-22T00:00:00.000Z,Listed for rent,2013-10-18T00:00:00.000Z,Sold,2011-11-01T00:00:00.000Z,Sold,2009-01-13T00:00:00.000Z,Sold,,,,
"2615 Stivers Blvd, Bryant, AR 72022",2615 Stivers Blvd,Bryant,AR,,forRent,3,1736,,1700,15,https://www.zillow.com/homedetails/2615-Stivers-Blvd-Bryant-AR-72022/391919_zpid/,,190000,2026-09-16T00:00:00.000Z,Price change,2026-09-12T00:00:00.000Z,Listed for rent,2025-04-04T00:00:00.000Z,Sold,2025-03-05T00:00:00.000Z,Contingent,2025-03-01T00:00:00.000Z,Listed for sale,2022-06-13T00:00:00.000Z,Listing removed,2022-06-05T00:00:00.000Z,Listed for rent,2022-06-02T00:00:00.000Z,Listing removed,2022-04-24T00:00:00.000Z,Listed for sale,2022-04-04T00:00:00.000Z,Listing removed,2022-03-29T00:00:00.000Z,Listed for rent,2021-02-23T00:00:00.000Z,Listing removed,2020-11-10T00:00:00.000Z,Listing removed,2020-11-09T00:00:00.000Z,Listed for rent,2019-09-04T00:00:00.000Z,Listing removed,2019-09-03T00:00:00.000Z,Listing removed,2019-08-20T00:00:00.000Z,Listed for rent,2019-08-04T00:00:00.000Z,Price change,2019-06-28T00:00:00.000Z,Price change,2019-06-22T00:00:00.000Z,Price change,2019-06-15T00:00:00.000Z,Listed for sale,2019-02-11T00:00:00.000Z,Sold,,,,,,,,,,,,,,,,
"1602 Harmon Dr, Benton, AR 72015",1602 Harmon Dr,Benton,AR,,forRent,4,1881,,1595,10,https://www.zillow.com/homedetails/1602-Harmon-Dr-Benton-AR-72015/384937_zpid/,,100000,2026-09-18T00:00:00.000Z,Listed for rent,2025-09-12T00:00:00.000Z,Listing removed,2025-06-03T00:00:00.000Z,Listed for rent,2025-05-27T00:00:00.000Z,Listing removed,2025-05-22T00:00:00.000Z,Listed for sale,2025-05-13T00:00:00.000Z,Sold,2025-05-13T00:00:00.000Z,Listed for sale,,,,,,,,,,,,,,,,,,,,,,,,,,,,,,,,,,,,,,,,,,,,,,
"3509 Terrace Hill Ct, Benton, AR 72019",3509 Terrace Hill Ct,Benton,AR,,forRent,3,1500,,1400,27,https://www.zillow.com/homedetails/3509-Terrace-Hill-Ct-Benton-AR-72019/124735446_zpid/,,122580,2026-09-08T00:00:00.000Z,Price change,2026-08-31T00:00:00.000Z,Listed for rent,2023-07-09T00:00:00.000Z,Listing removed,2023-07-06T00:00:00.000Z,Listed for rent,2022-03-04T00:00:00.000Z,Sold,2014-09-04T00:00:00.000Z,Sold,,,,,,,,,,,,,,,,,,,,,,,,,,,,,,,,,,,,,,,,,,,,,,,,
"7418 Russwood Ln E, Mabelvale, AR 72103",7418 Russwood Ln E,Mabelvale,AR,,forRent,4,2800,,1600,2,https://www.zillow.com/homedetails/7418-Russwood-Ln-E-Mabelvale-AR-72103/377629_zpid/,,90000,2026-09-25T00:00:00.000Z,Listed for rent,2021-03-24T00:00:00.000Z,Listing removed,2019-01-08T00:00:00.000Z,Listing removed,2019-01-03T00:00:00.000Z,Price change,2018-12-17T00:00:00.000Z,Listed for rent,2007-10-10T00:00:00.000Z,Sold,2007-05-15T00:00:00.000Z,Sold,,,,,,,,,,,,,,,,,,,,,,,,,,,,,,,,,,,,,,,,,,,,,,
"2708 Eden Rd, Benton, AR 72015",2708 Eden Rd,Benton,AR,,forRent,3,1514,,1850,2,https://www.zillow.com/homedetails/2708-Eden-Rd-Benton-AR-72015/338992901_zpid/,,,2026-09-25T00:00:00.000Z,Listed for rent,2026-07-22T00:00:00.000Z,Listing removed,2026-07-01T00:00:00.000Z,Listed for rent,,,,,,,,,,,,,,,,,,,,,,,,,,,,,,,,,,,,,,,,,,,,,,,,,,,,,,
"2908 Turnberry Dr, Benton, AR 72019",2908 Turnberry Dr,Benton,AR,,forRent,5,2600,,2700,1,https://www.zillow.com/homedetails/2908-Turnberry-Dr-Benton-AR-72019/52934327_zpid/,,50000,2026-09-26T00:00:00.000Z,Listed for rent,2022-12-03T00:00:00.000Z,Listing removed,2022-12-01T00:00:00.000Z,Listed for rent,2006-03-17T00:00:00.000Z,Sold,,,,,,,,,,,,,,,,,,,,,,,,,,,,,,,,,,,,,,,,,,,,,,,,,,,,
"2501 Janet, Benton, AR 72015",2501 Janet,Benton,AR,,forRent,3,1830,,2150,1,https://www.zillow.com/homedetails/2501-Janet-Benton-AR-72015/350531195_zpid/,,299900,2026-09-26T00:00:00.000Z,Listed for rent,2026-07-22T00:00:00.000Z,Listing removed,2026-06-14T00:00:00.000Z,Listed for sale,2025-02-21T00:00:00.000Z,Sold,2025-01-21T00:00:00.000Z,Contingent,2024-12-12T00:00:00.000Z,Price change,2024-12-10T00:00:00.000Z,Price change,2024-11-08T00:00:00.000Z,Listed for sale,,,,,,,,,,,,,,,,,,,,,,,,,,,,,,,,,,,,,,,,,,,,
"6634 Hollywood Ave, Benton, AR 72019",6634 Hollywood Ave,Benton,AR,,forRent,3,1051,,1195,19,https://www.zillow.com/homedetails/6634-Hollywood-Ave-Benton-AR-72019/459936342_zpid/,,,2026-09-09T00:00:00.000Z,Listed for rent,2026-08-14T00:00:00.000Z,Listing removed,2026-06-25T00:00:00.000Z,Price change,2026-06-17T00:00:00.000Z,Price change,2026-06-08T00:00:00.000Z,Price change,2026-05-28T00:00:00.000Z,Price change,2026-05-07T00:00:00.000Z,Price change,2026-05-06T00:00:00.000Z,Price change,2026-05-05T00:00:00.000Z,Price change,2026-05-02T00:00:00.000Z,Listed for sale,2026-04-23T00:00:00.000Z,Contingent,2026-03-31T00:00:00.000Z,Price change,2026-03-18T00:00:00.000Z,Price change,2026-03-03T00:00:00.000Z,Price change,2026-02-14T00:00:00.000Z,Price change,2026-02-03T00:00:00.000Z,Price change,2026-01-23T00:00:00.000Z,Listed for sale,,,,,,,,,,,,,,,,,,,,,,,,,,
"351 Meadow Creek Dr, Haskell, AR 72015",351 Meadow Creek Dr,Haskell,AR,,forRent,3,1625,,1650,51,https://www.zillow.com/homedetails/351-Meadow-Creek-Dr-Haskell-AR-72015/92428597_zpid/,,139900,2026-08-07T00:00:00.000Z,Listed for rent,2024-09-13T00:00:00.000Z,Listing removed,2024-07-17T00:00:00.000Z,Listed for rent,2022-10-26T00:00:00.000Z,Listing removed,2022-10-15T00:00:00.000Z,Price change,2022-10-04T00:00:00.000Z,Price change,2022-08-28T00:00:00.000Z,Price change,2022-08-25T00:00:00.000Z,Listed for rent,2018-10-05T00:00:00.000Z,Sold,2018-08-13T00:00:00.000Z,Listed for sale,2016-04-28T00:00:00.000Z,Sold,2010-02-10T00:00:00.000Z,Sold,,,,,,,,,,,,,,,,,,,,,,,,,,,,,,,,,,,,
"2517 Garden Dr, Benton, AR 72015",2517 Garden Dr,Benton,AR,,forRent,3,1685,,1850,2,https://www.zillow.com/homedetails/2517-Garden-Dr-Benton-AR-72015/348624677_zpid/,,,2026-09-25T00:00:00.000Z,Listed for rent,2026-09-01T00:00:00.000Z,Listing removed,2026-08-11T00:00:00.000Z,Listed for rent,2024-05-09T00:00:00.000Z,Listing removed,2024-04-26T00:00:00.000Z,Listed for rent,,,,,,,,,,,,,,,,,,,,,,,,,,,,,,,,,,,,,,,,,,,,,,,,,,
"2721 Timbermist Dr, Benton, AR 72015",2721 Timbermist Dr,Benton,AR,,forRent,3,1200,,1600,28,https://www.zillow.com/homedetails/2721-Timbermist-Dr-Benton-AR-72015/386806_zpid/,,83000,2026-08-30T00:00:00.000Z,Listed for rent,2025-09-01T00:00:00.000Z,Listing removed,2025-06-30T00:00:00.000Z,Price change,2025-03-03T00:00:00.000Z,Price change,2024-12-20T00:00:00.000Z,Listed for rent,2024-12-06T00:00:00.000Z,Listing removed,2024-11-26T00:00:00.000Z,Price change,2024-11-20T00:00:00.000Z,Listed for rent,2024-11-12T00:00:00.000Z,Listing removed,2024-10-30T00:00:00.000Z,Price change,2024-10-23T00:00:00.000Z,Listed for rent,2023-06-20T00:00:00.000Z,Listing removed,2023-06-03T00:00:00.000Z,Listed for rent,2023-05-22T00:00:00.000Z,Listing removed,2023-05-01T00:00:00.000Z,Price change,2023-04-04T00:00:00.000Z,Listed for rent,2021-03-24T00:00:00.000Z,Listing removed,2017-08-01T00:00:00.000Z,Listing removed,2017-07-22T00:00:00.000Z,Listed for rent,2011-04-13T00:00:00.000Z,Sold,2011-02-02T00:00:00.000Z,Listed for sale,,,,,,,,,,,,,,,,,,
"1105 River Oaks Dr, Benton, AR 72019",1105 River Oaks Dr,Benton,AR,,forRent,4,2350,,2600,54,https://www.zillow.com/homedetails/1105-River-Oaks-Dr-Benton-AR-72019/453260567_zpid/,,,2026-08-04T00:00:00.000Z,Listed for rent,2025-07-28T00:00:00.000Z,Listing removed,2025-07-04T00:00:00.000Z,Price change,2025-06-21T00:00:00.000Z,Price change,2025-06-12T00:00:00.000Z,Listed for rent,,,,,,,,,,,,,,,,,,,,,,,,,,,,,,,,,,,,,,,,,,,,,,,,,,
"153 Harwill, Hensley, AR 72065",153 Harwill,Hensley,AR,,forRent,4,2359,,2500,48,https://www.zillow.com/homedetails/153-Harwill-Hensley-AR-72065/2082362397_zpid/,,,2026-08-10T00:00:00.000Z,Listed for rent,2025-08-04T00:00:00.000Z,Listing removed,2025-07-01T00:00:00.000Z,Listed for rent,2025-06-30T00:00:00.000Z,Listing removed,2025-06-09T00:00:00.000Z,Listed for rent,2019-11-13T00:00:00.000Z,Listing removed,2019-10-15T00:00:00.000Z,Listed for rent,,,,,,,,,,,,,,,,,,,,,,,,,,,,,,,,,,,,,,,,,,,,,,
"2714 Gage Dr, Benton, AR 72019",2714 Gage Dr,Benton,AR,,forRent,3,1303,,1500,27,https://www.zillow.com/homedetails/2714-Gage-Dr-Benton-AR-72019/92431557_zpid/,,122580,2026-08-31T00:00:00.000Z,Listed for rent,2022-03-04T00:00:00.000Z,Sold,2018-05-12T00:00:00.000Z,Listing removed,2018-04-07T00:00:00.000Z,Listed for rent,2018-02-11T00:00:00.000Z,Listing removed,2018-01-21T00:00:00.000Z,Price change,2017-11-09T00:00:00.000Z,Listed for rent,2017-04-11T00:00:00.000Z,Listing removed,2017-03-19T00:00:00.000Z,Listed for rent,2016-08-25T00:00:00.000Z,Listing removed,2015-11-21T00:00:00.000Z,Listing removed,2015-11-13T00:00:00.000Z,Listed for rent,2007-05-24T00:00:00.000Z,Sold,,,,,,,,,,,,,,,,,,,,,,,,,,,,,,,,,,
"308 McCright St, Benton, AR 72015",308 McCright St,Benton,AR,,forRent,3,1850,,1600,6,https://www.zillow.com/homedetails/308-McCright-St-Benton-AR-72015/387313_zpid/,,75000,2026-09-21T00:00:00.000Z,Listed for rent,2025-11-20T00:00:00.000Z,Listing removed,2025-11-07T00:00:00.000Z,Price change,2025-09-16T00:00:00.000Z,Listed for rent,2023-12-21T00:00:00.000Z,Listing removed,2023-12-19T00:00:00.000Z,Listed for rent,2001-02-05T00:00:00.000Z,Sold,,,,,,,,,,,,,,,,,,,,,,,,,,,,,,,,,,,,,,,,,,,,,,
"14815 Parkway Meadows Dr, Alexander, AR 72002",14815 Parkway Meadows Dr,Alexander,AR,,forRent,3,1243,,1495,29,https://www.zillow.com/homedetails/14815-Parkway-Meadows-Dr-Alexander-AR-72002/114165875_zpid/,,187500,2026-09-14T00:00:00.000Z,Price change,2026-08-29T00:00:00.000Z,Listed for rent,2025-08-21T00:00:00.000Z,Listing removed,2025-08-07T00:00:00.000Z,Price change,2025-07-31T00:00:00.000Z,Price change,2025-07-24T00:00:00.000Z,Listed for rent,2023-04-06T00:00:00.000Z,Sold,2023-03-22T00:00:00.000Z,Contingent,2023-02-17T00:00:00.000Z,Price change,2023-01-20T00:00:00.000Z,Price change,2023-01-06T00:00:00.000Z,Listed for sale,2017-05-23T00:00:00.000Z,Sold,2011-04-28T00:00:00.000Z,Sold,,,,,,,,,,,,,,,,,,,,,,,,,,,,,,,,,,
"508 SW 4th St, Bryant, AR 72022",508 SW 4th St,Bryant,AR,,forRent,3,1510,,1750,20,https://www.zillow.com/homedetails/508-SW-4th-St-Bryant-AR-72022/391129_zpid/,,231000,2026-09-26T00:00:00.000Z,Price change,2026-09-07T00:00:00.000Z,Listed for rent,2026-07-02T00:00:00.000Z,Listing removed,2026-06-18T00:00:00.000Z,Sold,2026-06-18T00:00:00.000Z,Listed for rent,2026-05-27T00:00:00.000Z,Contingent,2026-05-22T00:00:00.000Z,Price change,2026-05-12T00:00:00.000Z,Price change,2026-05-01T00:00:00.000Z,Price change,2026-04-04T00:00:00.000Z,Listed for sale,2014-11-21T00:00:00.000Z,Sold,,,,,,,,,,,,,,,,,,,,,,,,,,,,,,,,,,,,,,
"1961 Auburn Hills Dr, Benton, AR 72015",1961 Auburn Hills Dr,Benton,AR,,forRent,3,1470,,1850,55,https://www.zillow.com/homedetails/1961-Auburn-Hills-Dr-Benton-AR-72015/2061982521_zpid/,,210000,2026-08-04T00:00:00.000Z,Sold,2026-08-04T00:00:00.000Z,Listed for rent,2026-08-04T00:00:00.000Z,Contingent,2026-06-22T00:00:00.000Z,Price change,2026-05-30T00:00:00.000Z,Price change,2026-05-06T00:00:00.000Z,Price change,2026-04-27T00:00:00.000Z,Price change,2026-04-02T00:00:00.000Z,Price change,2026-03-31T00:00:00.000Z,Price change,2026-03-28T00:00:00.000Z,Listed for sale,2022-12-16T00:00:00.000Z,Sold,2022-11-18T00:00:00.000Z,Contingent,2022-11-11T00:00:00.000Z,Price change,2022-10-04T00:00:00.000Z,Price change,2022-08-23T00:00:00.000Z,Price change,2022-08-10T00:00:00.000Z,Listed for sale,,,,,,,,,,,,,,,,,,,,,,,,,,,,
"5845 Heritage Heights Dr, Benton, AR 72019",5845 Heritage Heights Dr,Benton,AR,,forRent,4,1725,,1700,41,https://www.zillow.com/homedetails/5845-Heritage-Heights-Dr-Benton-AR-72019/440162513_zpid/,,,2026-09-21T00:00:00.000Z,Price change,2026-08-17T00:00:00.000Z,Listed for rent,2024-09-13T00:00:00.000Z,Listing removed,2024-09-10T00:00:00.000Z,Listed for rent,,,,,,,,,,,,,,,,,,,,,,,,,,,,,,,,,,,,,,,,,,,,,,,,,,,,
"2423 S Chatfield Rd, Bauxite, AR 72011",2423 S Chatfield Rd,Bauxite,AR,,forRent,4,1802,,1700,28,https://www.zillow.com/homedetails/2423-S-Chatfield-Rd-Bauxite-AR-72011/114169056_zpid/,,99000,2026-09-27T00:00:00.000Z,Price change,2026-09-08T00:00:00.000Z,Price change,2026-08-30T00:00:00.000Z,Listed for rent,2026-07-20T00:00:00.000Z,Listing removed,2026-06-26T00:00:00.000Z,Price change,2026-06-12T00:00:00.000Z,Listed for rent,2025-11-26T00:00:00.000Z,Sold,2025-10-29T00:00:00.000Z,Contingent,2025-10-27T00:00:00.000Z,Listed for sale,2025-10-08T00:00:00.000Z,Contingent,2025-10-05T00:00:00.000Z,Listed for sale,,,,,,,,,,,,,,,,,,,,,,,,,,,,,,,,,,,,,,
"1021 Circle Dr, Benton, AR 72015",1021 Circle Dr,Benton,AR,,forRent,3,1256,,1350,7,https://www.zillow.com/homedetails/1021-Circle-Dr-Benton-AR-72015/386718_zpid/,,50000,2026-09-20T00:00:00.000Z,Listed for rent,2023-03-06T00:00:00.000Z,Listing removed,2023-02-25T00:00:00.000Z,Listed for rent,2020-07-30T00:00:00.000Z,Sold,,,,,,,,,,,,,,,,,,,,,,,,,,,,,,,,,,,,,,,,,,,,,,,,,,,,
"307 S 4th St, Benton, AR 72015",307 S 4th St,Benton,AR,,forRent,3,1051,,1550,28,https://www.zillow.com/homedetails/307-S-4th-St-Benton-AR-72015/386521_zpid/,,161000,2026-09-21T00:00:00.000Z,Price change,2026-08-31T00:00:00.000Z,Listed for rent,2025-05-30T00:00:00.000Z,Listing removed,2025-05-20T00:00:00.000Z,Sold,2025-05-20T00:00:00.000Z,Listed for rent,2025-04-19T00:00:00.000Z,Contingent,2025-04-18T00:00:00.000Z,Listed for sale,2023-03-31T00:00:00.000Z,Sold,2023-03-02T00:00:00.000Z,Listed for sale,,,,,,,,,,,,,,,,,,,,,,,,,,,,,,,,,,,,,,,,,,
"13808 Cherry Hill Dr, Alexander, AR 72002",13808 Cherry Hill Dr,Alexander,AR,,forRent,3,1247,,1550,11,https://www.zillow.com/homedetails/13808-Cherry-Hill-Dr-Alexander-AR-72002/49814136_zpid/,,91000,2026-09-17T00:00:00.000Z,Listed for rent,2008-05-22T00:00:00.000Z,Sold,2007-01-05T00:00:00.000Z,Sold,,,,,,,,,,,,,,,,,,,,,,,,,,,,,,,,,,,,,,,,,,,,,,,,,,,,,,
"21051 Natalie Ln, Little Rock, AR 72206",21051 Natalie Ln,Little Rock,AR,,forRent,3,1550,,1700,17,https://www.zillow.com/homedetails/21051-Natalie-Ln-Little-Rock-AR-72206/64691031_zpid/,,,2026-09-10T00:00:00.000Z,Listed for rent,,,,,,,,,,,,,,,,,,,,,,,,,,,,,,,,,,,,,,,,,,,,,,,,,,,,,,,,,,
"6099 Meridian Dr, Alexander, AR 72002",6099 Meridian Dr,Alexander,AR,,forRent,4,1824,,2195,18,https://www.zillow.com/homedetails/6099-Meridian-Dr-Alexander-AR-72002/456178536_zpid/,,,2026-09-10T00:00:00.000Z,Listed for rent,2026-01-22T00:00:00.000Z,Listing removed,2025-12-23T00:00:00.000Z,Listed for rent,2025-11-27T00:00:00.000Z,Listing removed,2025-08-22T00:00:00.000Z,Listed for sale,,,,,,,,,,,,,,,,,,,,,,,,,,,,,,,,,,,,,,,,,,,,,,,,,,
"1422 Saw Grass Cv, Benton, AR 72019",1422 Saw Grass Cv,Benton,AR,,forRent,3,1400,,1500,6,https://www.zillow.com/homedetails/1422-Saw-Grass-Cv-Benton-AR-72019/82268083_zpid/,,133000,2026-09-21T00:00:00.000Z,Listed for rent,2024-07-17T00:00:00.000Z,Listing removed,2024-06-20T00:00:00.000Z,Listed for rent,2020-11-20T00:00:00.000Z,Sold,2013-06-06T00:00:00.000Z,Sold,2013-04-26T00:00:00.000Z,Pending sale,2013-02-06T00:00:00.000Z,Listed for sale,2012-11-22T00:00:00.000Z,Listing removed,2012-07-18T00:00:00.000Z,Price change,2012-04-28T00:00:00.000Z,Listed for sale,2009-06-08T00:00:00.000Z,Sold,,,,,,,,,,,,,,,,,,,,,,,,,,,,,,,,,,,,,,
"13900 Ridgecrest Dr, Alexander, AR 72002",13900 Ridgecrest Dr,Alexander,AR,,forRent,3,1088,,1595,2,https://www.zillow.com/homedetails/13900-Ridgecrest-Dr-Alexander-AR-72002/49814165_zpid/,,100000,2026-09-25T00:00:00.000Z,Listed for rent,2026-09-24T00:00:00.000Z,Listing removed,2026-08-31T00:00:00.000Z,Sold,2026-08-25T00:00:00.000Z,Listed for rent,,,,,,,,,,,,,,,,,,,,,,,,,,,,,,,,,,,,,,,,,,,,,,,,,,,,
"416 Jackman St, Benton, AR 72015",416 Jackman St,Benton,AR,,forRent,3,1200,,1600,8,https://www.zillow.com/homedetails/416-Jackman-St-Benton-AR-72015/389112_zpid/,,140000,2026-09-19T00:00:00.000Z,Listed for rent,2025-10-31T00:00:00.000Z,Sold,2025-10-13T00:00:00.000Z,Contingent,2025-10-04T00:00:00.000Z,Price change,2025-09-26T00:00:00.000Z,Listed for sale,2017-01-05T00:00:00.000Z,Sold,2016-11-16T00:00:00.000Z,Price change,2016-10-08T00:00:00.000Z,Listed for sale,,,,,,,,,,,,,,,,,,,,,,,,,,,,,,,,,,,,,,,,,,,,
"1628 Rambling Brook Dr, Benton, AR 72015",1628 Rambling Brook Dr,Benton,AR,,forRent,3,1216,,1850,17,https://www.zillow.com/homedetails/1628-Rambling-Brook-Dr-Benton-AR-72015/463057763_zpid/,,200900,2026-09-10T00:00:00.000Z,Listed for rent,2026-08-28T00:00:00.000Z,Sold,2026-08-05T00:00:00.000Z,Contingent,2026-07-20T00:00:00.000Z,Price change,2026-07-09T00:00:00.000Z,Price change,2026-06-09T00:00:00.000Z,Listed for sale,,,,,,,,,,,,,,,,,,,,,,,,,,,,,,,,,,,,,,,,,,,,,,,,
"918 Cedar Haskell St, Haskell, AR 72015",918 Cedar Haskell St,Haskell,AR,,forRent,3,1088,,1150,39,https://www.zillow.com/homedetails/918-Cedar-Haskell-St-Haskell-AR-72015/61187359_zpid/,,,2026-07-13T00:00:00.000Z,Listed for rent,,,,,,,,,,,,,,,,,,,,,,,,,,,,,,,,,,,,,,,,,,,,,,,,,,,,,,,,,,
"300 Jefferson St, Benton, AR 72015",300 Jefferson St,Benton,AR,,forRent,3,1300,,1300,8,https://www.zillow.com/homedetails/300-Jefferson-St-Benton-AR-72015/114167718_zpid/,,,2026-09-25T00:00:00.000Z,Price change,2026-09-19T00:00:00.000Z,Listed for rent,,,,,,,,,,,,,,,,,,,,,,,,,,,,,,,,,,,,,,,,,,,,,,,,,,,,,,,,
"1709 Durwood St, Benton, AR 72015",1709 Durwood St,Benton,AR,,forRent,3,1281,,1545,5,https://www.zillow.com/homedetails/1709-Durwood-St-Benton-AR-72015/382073_zpid/,,7000,2026-09-22T00:00:00.000Z,Listed for rent,1996-01-02T00:00:00.000Z,Sold,,,,,,,,,,,,,,,,,,,,,,,,,,,,,,,,,,,,,,,,,,,,,,,,,,,,,,,,
"1620 Rambling Brook Dr, Benton, AR 72015",1620 Rambling Brook Dr,Benton,AR,,forRent,3,1355,,1850,17,https://www.zillow.com/homedetails/1620-Rambling-Brook-Dr-Benton-AR-72015/463057732_zpid/,,206900,2026-09-10T00:00:00.000Z,Listed for rent,2026-08-28T00:00:00.000Z,Sold,2026-08-05T00:00:00.000Z,Contingent,2026-07-20T00:00:00.000Z,Price change,2026-07-09T00:00:00.000Z,Price change,2026-06-09T00:00:00.000Z,Listed for sale,,,,,,,,,,,,,,,,,,,,,,,,,,,,,,,,,,,,,,,,,,,,,,,,
"3123 Lori Lake Rd, Benton, AR 72019",3123 Lori Lake Rd,Benton,AR,,forRent,3,1280,,1000,206,https://www.zillow.com/homedetails/3123-Lori-Lake-Rd-Benton-AR-72019/453026788_zpid/,,,2025-06-07T00:00:00.000Z,Listed for rent,,,,,,,,,,,,,,,,,,,,,,,,,,,,,,,,,,,,,,,,,,,,,,,,,,,,,,,,,,
"4409 Olympic Dr, Benton, AR 72019",4409 Olympic Dr,Benton,AR,,forRent,4,1566,,1600,6,https://www.zillow.com/homedetails/4409-Olympic-Dr-Benton-AR-72019/446361230_zpid/,,182600,2026-09-21T00:00:00.000Z,Listed for rent,2024-07-09T00:00:00.000Z,Listing removed,2024-06-13T00:00:00.000Z,Listed for rent,2021-04-21T00:00:00.000Z,Sold,,,,,,,,,,,,,,,,,,,,,,,,,,,,,,,,,,,,,,,,,,,,,,,,,,,,
"1116 Kenwood Cv, Bryant, AR 72022",1116 Kenwood Cv,Bryant,AR,,forRent,4,1931,,2100,38,https://www.zillow.com/homedetails/1116-Kenwood-Cv-Bryant-AR-72022/52934559_zpid/,,120000,2026-08-20T00:00:00.000Z,Listed for rent,2025-07-26T00:00:00.000Z,Listing removed,2025-07-22T00:00:00.000Z,Listed for rent,2024-01-18T00:00:00.000Z,Listing removed,2023-10-26T00:00:00.000Z,Listed for rent,2022-06-08T00:00:00.000Z,Listing removed,2022-06-02T00:00:00.000Z,Listed for rent,2022-05-25T00:00:00.000Z,Listing removed,2022-04-09T00:00:00.000Z,Listed for rent,2022-03-31T00:00:00.000Z,Listing removed,2022-02-09T00:00:00.000Z,Price change,2022-01-28T00:00:00.000Z,Listed for rent,2019-06-16T00:00:00.000Z,Listing removed,2019-05-09T00:00:00.000Z,Price change,2019-01-11T00:00:00.000Z,Listed for rent,2011-10-13T00:00:00.000Z,Listing removed,2011-08-06T00:00:00.000Z,Listed for rent,2001-12-26T00:00:00.000Z,Sold,,,,,,,,,,,,,,,,,,,,,,,,
"3369 Garden Club Dr, Benton, AR 72022",3369 Garden Club Dr,Benton,AR,,forRent,3,1305,,1700,14,https://www.zillow.com/homedetails/3369-Garden-Club-Dr-Benton-AR-72022/118174164_zpid/,,172500,2026-09-14T00:00:00.000Z,Listed for rent,2025-06-21T00:00:00.000Z,Listing removed,2025-05-20T00:00:00.000Z,Listed for rent,2025-02-04T00:00:00.000Z,Listing removed,2025-01-07T00:00:00.000Z,Listed for rent,2024-09-03T00:00:00.000Z,Listing removed,2024-08-27T00:00:00.000Z,Listed for rent,2022-08-31T00:00:00.000Z,Sold,2021-05-21T00:00:00.000Z,Sold,2018-06-22T00:00:00.000Z,Sold,,,,,,,,,,,,,,,,,,,,,,,,,,,,,,,,,,,,,,,,
"2933 Gillis Dr, Benton, AR 72015",2933 Gillis Dr,Benton,AR,,forRent,5,2500,,2500,20,https://www.zillow.com/homedetails/2933-Gillis-Dr-Benton-AR-72015/443098023_zpid/,,,2026-09-07T00:00:00.000Z,Listed for rent,2025-02-28T00:00:00.000Z,Listing removed,2025-02-18T00:00:00.000Z,Listed for rent,,,,,,,,,,,,,,,,,,,,,,,,,,,,,,,,,,,,,,,,,,,,,,,,,,,,,,
"911 James Madison Dr, Benton, AR 72019",911 James Madison Dr,Benton,AR,,forRent,3,2014,,1700,11,https://www.zillow.com/homedetails/911-James-Madison-Dr-Benton-AR-72019/82278084_zpid/,,175000,2026-09-16T00:00:00.000Z,Listed for rent,2024-07-26T00:00:00.000Z,Sold,2021-07-01T00:00:00.000Z,Sold,2014-03-12T00:00:00.000Z,Sold,,,,,,,,,,,,,,,,,,,,,,,,,,,,,,,,,,,,,,,,,,,,,,,,,,,,
"707 Oakwood Dr, Benton, AR 72015",707 Oakwood Dr,Benton,AR,,forRent,5,1770,,1800,3,https://www.zillow.com/homedetails/707-Oakwood-Dr-Benton-AR-72015/383390_zpid/,,45000,2026-09-24T00:00:00.000Z,Listed for rent,2026-04-23T00:00:00.000Z,Sold,2026-04-10T00:00:00.000Z,Contingent,2026-04-08T00:00:00.000Z,Price change,2026-03-09T00:00:00.000Z,Price change,2026-02-12T00:00:00.000Z,Listed for sale,,,,,,,,,,,,,,,,,,,,,,,,,,,,,,,,,,,,,,,,,,,,,,,,
"2925 Gillis Dr, Benton, AR 72015",2925 Gillis Dr,Benton,AR,,forRent,4,2021,,2350,20,https://www.zillow.com/homedetails/2925-Gillis-Dr-Benton-AR-72015/2068772088_zpid/,,,2026-09-07T00:00:00.000Z,Listed for rent,2025-02-28T00:00:00.000Z,Listing removed,2025-02-07T00:00:00.000Z,Listed for rent,2021-10-21T00:00:00.000Z,Listing removed,2021-08-19T00:00:00.000Z,Listed for sale,,,,,,,,,,,,,,,,,,,,,,,,,,,,,,,,,,,,,,,,,,,,,,,,,,
"5719 Heritage Heights Dr, Benton, AR 72019",5719 Heritage Heights Dr,Benton,AR,,forRent,4,1650,,1750,44,https://www.zillow.com/homedetails/5719-Heritage-Heights-Dr-Benton-AR-72019/71715729_zpid/,,22000,2026-09-25T00:00:00.000Z,Price change,2026-08-14T00:00:00.000Z,Listed for rent,2025-04-01T00:00:00.000Z,Listing removed,2025-03-06T00:00:00.000Z,Listed for rent,2023-10-30T00:00:00.000Z,Listing removed,2023-10-23T00:00:00.000Z,Listed for rent,2022-10-27T00:00:00.000Z,Listing removed,2022-09-26T00:00:00.000Z,Price change,2022-08-22T00:00:00.000Z,Listed for rent,2021-03-24T00:00:00.000Z,Listing removed,2018-08-04T00:00:00.000Z,Listing removed,2018-07-30T00:00:00.000Z,Listed for rent,2017-02-19T00:00:00.000Z,Listing removed,2017-02-06T00:00:00.000Z,Listed for rent,2016-10-28T00:00:00.000Z,Listing removed,2014-04-08T00:00:00.000Z,Listing removed,2014-03-29T00:00:00.000Z,Listed for rent,2013-01-05T00:00:00.000Z,Listing removed,2012-10-26T00:00:00.000Z,Listed for sale,2012-10-26T00:00:00.000Z,Listing removed,2012-10-07T00:00:00.000Z,Listed for rent,2010-03-24T00:00:00.000Z,Sold,,,,,,,,,,,,,,,,
"3264 Sidell Rd, Benton, AR 72015",3264 Sidell Rd,Benton,AR,,forRent,4,1652,,1795,9,https://www.zillow.com/homedetails/3264-Sidell-Rd-Benton-AR-72015/465427229_zpid/,,,2026-09-18T00:00:00.000Z,Listed for rent,,,,,,,,,,,,,,,,,,,,,,,,,,,,,,,,,,,,,,,,,,,,,,,,,,,,,,,,,,
"1510 Bennett, Benton, AR 72015",1510 Bennett,Benton,AR,,forRent,3,1312,,1450,5,https://www.zillow.com/homedetails/1510-Bennett-Benton-AR-72015/52934431_zpid/,,,2026-09-22T00:00:00.000Z,Listed for rent,,,,,,,,,,,,,,,,,,,,,,,,,,,,,,,,,,,,,,,,,,,,,,,,,,,,,,,,,,
"17024 Congo Ferndale Rd, Little Rock, AR 72210",17024 Congo Ferndale Rd,Little Rock,AR,,forRent,4,1590,,1675,109,https://www.zillow.com/homedetails/17024-Congo-Ferndale-Rd-Little-Rock-AR-72210/370120_zpid/,,279500,2026-06-10T00:00:00.000Z,Listed for rent,2020-09-11T00:00:00.000Z,Listing removed,2020-07-23T00:00:00.000Z,Listed for rent,2018-05-13T00:00:00.000Z,Listing removed,2018-01-31T00:00:00.000Z,Listed for rent,2017-03-29T00:00:00.000Z,Sold,,,,,,,,,,,,,,,,,,,,,,,,,,,,,,,,,,,,,,,,,,,,,,,,
"2004 Hairston Ave, Conway, AR 72034",2004 Hairston Ave,Conway,AR,,forRent,3,1703,,2800,25,https://www.zillow.com/homedetails/2004-Hairston-Ave-Conway-AR-72034/444384959_zpid/,,,2026-09-02T00:00:00.000Z,Listed for rent,2026-02-25T00:00:00.000Z,Listing removed,2026-01-13T00:00:00.000Z,Listed for rent,2025-12-29T00:00:00.000Z,Listing removed,2025-11-07T00:00:00.000Z,Listed for rent,2025-06-27T00:00:00.000Z,Listing removed,2025-06-10T00:00:00.000Z,Listed for rent,2025-05-29T00:00:00.000Z,Listing removed,2025-03-24T00:00:00.000Z,Price change,2025-01-29T00:00:00.000Z,Price change,2025-01-15T00:00:00.000Z,Listed for rent,2024-11-29T00:00:00.000Z,Listing removed,2024-10-16T00:00:00.000Z,Listed for rent,,,,,,,,,,,,,,,,,,,,,,,,,,,,,,,,,,
"4540 Thompson St, Conway, AR 72034",4540 Thompson St,Conway,AR,,forRent,3,1195,,1450,32,https://www.zillow.com/homedetails/4540-Thompson-St-Conway-AR-72034/52392329_zpid/,,110000,2026-08-26T00:00:00.000Z,Listed for rent,2024-05-02T00:00:00.000Z,Listing removed,2024-04-25T00:00:00.000Z,Listed for rent,2022-08-10T00:00:00.000Z,Listing removed,2022-07-30T00:00:00.000Z,Listed for rent,2021-08-09T00:00:00.000Z,Listing removed,2021-08-04T00:00:00.000Z,Listed for rent,2012-06-11T00:00:00.000Z,Sold,2011-02-21T00:00:00.000Z,Sold,2003-05-13T00:00:00.000Z,Sold,,,,,,,,,,,,,,,,,,,,,,,,,,,,,,,,,,,,,,,,
"22 Marshall Rd N, Vilonia, AR 72173",22 Marshall Rd N,Vilonia,AR,,forRent,3,1500,,1350,22,https://www.zillow.com/homedetails/22-Marshall-Rd-N-Vilonia-AR-72173/52392644_zpid/,,,2026-09-17T00:00:00.000Z,Price change,2026-09-06T00:00:00.000Z,Listed for rent,2025-12-21T00:00:00.000Z,Listing removed,2025-11-17T00:00:00.000Z,Price change,2025-11-12T00:00:00.000Z,Price change,2025-10-27T00:00:00.000Z,Listed for rent,2024-09-06T00:00:00.000Z,Listing removed,2024-08-28T00:00:00.000Z,Price change,2024-08-13T00:00:00.000Z,Price change,2024-07-23T00:00:00.000Z,Listed for rent,,,,,,,,,,,,,,,,,,,,,,,,,,,,,,,,,,,,,,,,
"4955 Westin Park Dr, Conway, AR 72034",4955 Westin Park Dr,Conway,AR,,forRent,4,2275,,2300,7,https://www.zillow.com/homedetails/4955-Westin-Park-Dr-Conway-AR-72034/68021234_zpid/,,231500,2026-09-20T00:00:00.000Z,Listed for rent,2018-01-18T00:00:00.000Z,Sold,2017-11-16T00:00:00.000Z,Listed for sale,,,,,,,,,,,,,,,,,,,,,,,,,,,,,,,,,,,,,,,,,,,,,,,,,,,,,,
"63 Autumn Hills Rd, Greenbrier, AR 72058",63 Autumn Hills Rd,Greenbrier,AR,,forRent,3,1420,,1450,12,https://www.zillow.com/homedetails/63-Autumn-Hills-Rd-Greenbrier-AR-72058/82246957_zpid/,,,2026-09-15T00:00:00.000Z,Listed for rent,2025-01-21T00:00:00.000Z,Listing removed,2025-01-17T00:00:00.000Z,Listed for rent,,,,,,,,,,,,,,,,,,,,,,,,,,,,,,,,,,,,,,,,,,,,,,,,,,,,,,
"100 Donna Kay Dr, Greenbrier, AR 72058",100 Donna Kay Dr,Greenbrier,AR,,forRent,3,1129,,1500,2,https://www.zillow.com/homedetails/100-Donna-Kay-Dr-Greenbrier-AR-72058/35730915_zpid/,,100000,2026-09-25T00:00:00.000Z,Listed for rent,2026-08-28T00:00:00.000Z,Listing removed,2026-08-07T00:00:00.000Z,Listed for rent,2024-03-16T00:00:00.000Z,Listing removed,2024-03-12T00:00:00.000Z,Listed for rent,2013-11-05T00:00:00.000Z,Sold,2013-07-27T00:00:00.000Z,Listing removed,2013-06-23T00:00:00.000Z,Listed for sale,2008-05-05T00:00:00.000Z,Sold,2007-05-22T00:00:00.000Z,Sold,,,,,,,,,,,,,,,,,,,,,,,,,,,,,,,,,,,,,,,,
"2230 Cedar Oaks Dr, Conway, AR 72032",2230 Cedar Oaks Dr,Conway,AR,,forRent,3,1200,,1500,14,https://www.zillow.com/homedetails/2230-Cedar-Oaks-Dr-Conway-AR-72032/239909_zpid/,,640000,2026-09-13T00:00:00.000Z,Listed for rent,2014-10-22T00:00:00.000Z,Sold,2006-05-30T00:00:00.000Z,Sold,,,,,,,,,,,,,,,,,,,,,,,,,,,,,,,,,,,,,,,,,,,,,,,,,,,,,,
"608 S Baridon St, Conway, AR 72034",608 S Baridon St,Conway,AR,,forRent,3,1997,,1650,9,https://www.zillow.com/homedetails/608-S-Baridon-St-Conway-AR-72034/236173_zpid/,,132500,2026-09-19T00:00:00.000Z,Price change,2026-09-18T00:00:00.000Z,Listed for rent,2026-08-31T00:00:00.000Z,Listing removed,2026-08-18T00:00:00.000Z,Price change,2026-08-08T00:00:00.000Z,Listed for rent,2026-07-28T00:00:00.000Z,Listing removed,2026-07-06T00:00:00.000Z,Listed for rent,2026-04-27T00:00:00.000Z,Listing removed,2026-04-01T00:00:00.000Z,Price change,2022-11-28T00:00:00.000Z,Price change,2022-11-03T00:00:00.000Z,Listed for rent,2018-10-17T00:00:00.000Z,Sold,2018-09-20T00:00:00.000Z,Pending sale,2018-08-24T00:00:00.000Z,Listed for sale,2015-07-07T00:00:00.000Z,Sold,,,,,,,,,,,,,,,,,,,,,,,,,,,,,,
"2804 Bruce St, Conway, AR 72034",2804 Bruce St,Conway,AR,,forRent,3,1232,,1375,20,https://www.zillow.com/homedetails/2804-Bruce-St-Conway-AR-72034/238249_zpid/,,115000,2026-09-07T00:00:00.000Z,Listed for rent,2017-11-12T00:00:00.000Z,Listing removed,2017-11-01T00:00:00.000Z,Listed for rent,2016-07-19T00:00:00.000Z,Listing removed,2016-07-19T00:00:00.000Z,Listed for sale,2016-07-18T00:00:00.000Z,Sold,2016-06-22T00:00:00.000Z,Pending sale,2016-06-09T00:00:00.000Z,Listed for sale,2011-06-20T00:00:00.000Z,Sold,2006-12-04T00:00:00.000Z,Sold,,,,,,,,,,,,,,,,,,,,,,,,,,,,,,,,,,,,,,,,
"2220 Chase Dr, Conway, AR 72034",2220 Chase Dr,Conway,AR,,forRent,3,1582,,1850,73,https://www.zillow.com/homedetails/2220-Chase-Dr-Conway-AR-72034/35730147_zpid/,,141000,2026-07-16T00:00:00.000Z,Listed for rent,2025-04-11T00:00:00.000Z,Listing removed,2025-04-06T00:00:00.000Z,Listed for rent,2025-03-29T00:00:00.000Z,Listing removed,2025-01-19T00:00:00.000Z,Price change,2025-01-18T00:00:00.000Z,Listed for rent,2012-10-25T00:00:00.000Z,Sold,2011-08-25T00:00:00.000Z,Sold,2009-07-29T00:00:00.000Z,Sold,2009-04-13T00:00:00.000Z,Sold,2006-02-08T00:00:00.000Z,Sold,,,,,,,,,,,,,,,,,,,,,,,,,,,,,,,,,,,,,,
"(Undisclosed Address), Conway, AR 72034",(Undisclosed Address),Conway,AR,,forRent,3,1689,,1750,27,https://www.zillow.com/homedetails/Conway-AR-72034/241235_zpid/,,131000,2026-09-01T00:00:00.000Z,Price change,2026-07-12T00:00:00.000Z,Listed for rent,2026-06-15T00:00:00.000Z,Listing removed,2026-05-25T00:00:00.000Z,Listed for rent,2026-05-16T00:00:00.000Z,Listing removed,2026-04-25T00:00:00.000Z,Listed for rent,2024-05-02T00:00:00.000Z,Listing removed,2024-04-11T00:00:00.000Z,Listed for rent,2021-08-22T00:00:00.000Z,Listing removed,2021-08-02T00:00:00.000Z,Listed for rent,2013-04-18T00:00:00.000Z,Sold,2013-02-04T00:00:00.000Z,Sold,2006-01-27T00:00:00.000Z,Sold,,,,,,,,,,,,,,,,,,,,,,,,,,,,,,,,,,
"202 Skunk Hollow Rd, Conway, AR 72032",202 Skunk Hollow Rd,Conway,AR,,forRent,3,1120,,1425,39,https://www.zillow.com/homedetails/202-Skunk-Hollow-Rd-Conway-AR-72032/228041_zpid/,,116083,2026-09-09T00:00:00.000Z,Listed for rent,2026-08-20T00:00:00.000Z,Listing removed,2026-08-19T00:00:00.000Z,Listed for rent,2026-07-20T00:00:00.000Z,Sold,2026-05-18T00:00:00.000Z,Contingent,2026-05-08T00:00:00.000Z,Listed for sale,2014-12-02T00:00:00.000Z,Sold,,,,,,,,,,,,,,,,,,,,,,,,,,,,,,,,,,,,,,,,,,,,,,
"405 S Ash St, Conway, AR 72034",405 S Ash St,Conway,AR,,forRent,3,1100,,1200,17,https://www.zillow.com/homedetails/405-S-Ash-St-Conway-AR-72034/238063_zpid/,,75000,2026-09-10T00:00:00.000Z,Listed for rent,2021-02-23T00:00:00.000Z,Listing removed,2020-06-04T00:00:00.000Z,Listing removed,2020-06-02T00:00:00.000Z,Listed for rent,2020-04-30T00:00:00.000Z,Sold,2020-04-14T00:00:00.000Z,Listed for sale,2013-09-25T00:00:00.000Z,Sold,2006-03-23T00:00:00.000Z,Sold,,,,,,,,,,,,,,,,,,,,,,,,,,,,,,,,,,,,,,,,,,,,
"1512 College Ave, Conway, AR 72034",1512 College Ave,Conway,AR,,forRent,4,1612,,1600,61,https://www.zillow.com/homedetails/1512-College-Ave-Conway-AR-72034/237453_zpid/,,119000,2026-09-15T00:00:00.000Z,Price change,2026-09-10T00:00:00.000Z,Price change,2026-08-03T00:00:00.000Z,Price change,2026-07-28T00:00:00.000Z,Listed for rent,2022-07-25T00:00:00.000Z,Listing removed,2022-07-18T00:00:00.000Z,Listed for rent,2021-02-23T00:00:00.000Z,Listing removed,2020-04-02T00:00:00.000Z,Listing removed,2020-03-24T00:00:00.000Z,Listed for rent,2019-03-29T00:00:00.000Z,Listing removed,2019-02-18T00:00:00.000Z,Listed for rent,2019-02-08T00:00:00.000Z,Sold,2010-12-17T00:00:00.000Z,Sold,2001-05-11T00:00:00.000Z,Sold,,,,,,,,,,,,,,,,,,,,,,,,,,,,,,,,
"1955 Bellingrath Gdns, Conway, AR 72034",1955 Bellingrath Gdns,Conway,AR,,forRent,3,1752,,2000,26,https://www.zillow.com/homedetails/1955-Bellingrath-Gdns-Conway-AR-72034/119403911_zpid/,,199900,2026-09-01T00:00:00.000Z,Listed for rent,2025-09-17T00:00:00.000Z,Listing removed,2025-09-05T00:00:00.000Z,Price change,2025-08-27T00:00:00.000Z,Listed for rent,2025-05-28T00:00:00.000Z,Listing removed,2025-05-09T00:00:00.000Z,Listed for rent,2024-01-01T00:00:00.000Z,Listing removed,2023-12-15T00:00:00.000Z,Listed for rent,2018-04-02T00:00:00.000Z,Sold,2018-02-03T00:00:00.000Z,Listed for sale,2016-07-01T00:00:00.000Z,Listing removed,2015-10-23T00:00:00.000Z,Price change,2015-09-29T00:00:00.000Z,Listed for sale,,,,,,,,,,,,,,,,,,,,,,,,,,,,,,,,,,
"1930 College Ave, Conway, AR 72034",1930 College Ave,Conway,AR,,forRent,3,1926,,3100,25,https://www.zillow.com/homedetails/1930-College-Ave-Conway-AR-72034/237634_zpid/,,160268,2026-09-02T00:00:00.000Z,Listed for rent,2026-03-18T00:00:00.000Z,Listing removed,2026-02-19T00:00:00.000Z,Price change,2026-02-05T00:00:00.000Z,Listed for rent,2026-01-28T00:00:00.000Z,Listing removed,2026-01-13T00:00:00.000Z,Listed for rent,2025-09-23T00:00:00.000Z,Listing removed,2025-08-26T00:00:00.000Z,Price change,2025-08-07T00:00:00.000Z,Price change,2025-07-30T00:00:00.000Z,Listed for rent,2025-06-27T00:00:00.000Z,Listing removed,2025-06-10T00:00:00.000Z,Listed for rent,2025-05-29T00:00:00.000Z,Listing removed,2025-03-22T00:00:00.000Z,Price change,2025-02-10T00:00:00.000Z,Listed for rent,2025-02-01T00:00:00.000Z,Listing removed,2025-01-15T00:00:00.000Z,Listed for rent,2024-12-10T00:00:00.000Z,Listing removed,2024-11-30T00:00:00.000Z,Listed for rent,2024-11-23T00:00:00.000Z,Listing removed,2024-10-16T00:00:00.000Z,Listed for rent,2023-05-02T00:00:00.000Z,Sold,2023-02-20T00:00:00.000Z,Price change,2023-01-29T00:00:00.000Z,Listed for sale,2013-08-23T00:00:00.000Z,Sold,,,,,,,,,,
"40 Ridge Trl, Sherwood, AR 72120",40 Ridge Trl,Sherwood,AR,,forRent,3,2200,,2100,37,https://www.zillow.com/homedetails/40-Ridge-Trl-Sherwood-AR-72120/232839_zpid/,,230600,2026-08-31T00:00:00.000Z,Price change,2026-08-21T00:00:00.000Z,Listed for rent,2026-08-12T00:00:00.000Z,Listing removed,2026-07-20T00:00:00.000Z,Listed for rent,2026-06-17T00:00:00.000Z,Listing removed,2026-06-02T00:00:00.000Z,Price change,2025-09-19T00:00:00.000Z,Price change,2025-07-22T00:00:00.000Z,Price change,2025-06-24T00:00:00.000Z,Price change,2025-04-15T00:00:00.000Z,Price change,2025-03-14T00:00:00.000Z,Price change,2025-02-27T00:00:00.000Z,Listed for rent,2014-10-03T00:00:00.000Z,Sold,2001-09-05T00:00:00.000Z,Sold,,,,,,,,,,,,,,,,,,,,,,,,,,,,,,,,
"2 Hawthorne Dr, Conway, AR 72034",2 Hawthorne Dr,Conway,AR,,forRent,3,1408,,1600,65,https://www.zillow.com/homedetails/2-Hawthorne-Dr-Conway-AR-72034/237001_zpid/,,102000,2026-09-22T00:00:00.000Z,Price change,2026-09-06T00:00:00.000Z,Price change,2026-08-27T00:00:00.000Z,Price change,2026-07-24T00:00:00.000Z,Listed for rent,2014-07-29T00:00:00.000Z,Sold,2014-05-16T00:00:00.000Z,Price change,2014-02-28T00:00:00.000Z,Listed for sale,2014-01-01T00:00:00.000Z,Listing removed,2013-10-29T00:00:00.000Z,Price change,2013-10-04T00:00:00.000Z,Price change,2013-08-08T00:00:00.000Z,Listed for sale,2011-08-31T00:00:00.000Z,Sold,,,,,,,,,,,,,,,,,,,,,,,,,,,,,,,,,,,,
"2013 Creekwood Dr, Conway, AR 72032",2013 Creekwood Dr,Conway,AR,,forRent,5,2608,,2950,63,https://www.zillow.com/homedetails/2013-Creekwood-Dr-Conway-AR-72032/235364_zpid/,,289000,2026-09-11T00:00:00.000Z,Price change,2026-08-24T00:00:00.000Z,Price change,2026-07-29T00:00:00.000Z,Price change,2026-07-27T00:00:00.000Z,Listed for rent,2026-07-06T00:00:00.000Z,Sold,2026-04-16T00:00:00.000Z,Price change,2025-09-16T00:00:00.000Z,Price change,2025-09-09T00:00:00.000Z,Price change,2025-09-04T00:00:00.000Z,Price change,2025-08-27T00:00:00.000Z,Price change,2025-02-05T00:00:00.000Z,Price change,2025-01-16T00:00:00.000Z,Listed for sale,2013-08-12T00:00:00.000Z,Sold,2012-06-22T00:00:00.000Z,Listing removed,2012-03-22T00:00:00.000Z,Sold,2011-10-16T00:00:00.000Z,Listed for sale,,,,,,,,,,,,,,,,,,,,,,,,,,,,
"4605 Valiant Dr, Conway, AR 72034",4605 Valiant Dr,Conway,AR,,forRent,3,1324,,1500,77,https://www.zillow.com/homedetails/4605-Valiant-Dr-Conway-AR-72034/52392383_zpid/,,122000,2026-08-01T00:00:00.000Z,Price change,2026-07-13T00:00:00.000Z,Listed for rent,2023-05-19T00:00:00.000Z,Listing removed,2023-05-02T00:00:00.000Z,Listed for rent,2022-04-11T00:00:00.000Z,Listing removed,2022-04-06T00:00:00.000Z,Listed for rent,2011-09-02T00:00:00.000Z,Sold,2011-06-12T00:00:00.000Z,Listed for sale,2008-09-08T00:00:00.000Z,Sold,,,,,,,,,,,,,,,,,,,,,,,,,,,,,,,,,,,,,,,,,,
"1845 Arden Ln, Conway, AR 72034",1845 Arden Ln,Conway,AR,,forRent,3,1205,,1575,13,https://www.zillow.com/homedetails/1845-Arden-Ln-Conway-AR-72034/71714882_zpid/,,139000,2026-08-30T00:00:00.000Z,Price change,2026-07-17T00:00:00.000Z,Listed for rent,2024-07-03T00:00:00.000Z,Listing removed,2024-06-25T00:00:00.000Z,Listed for rent,2023-02-27T00:00:00.000Z,Listing removed,2023-02-22T00:00:00.000Z,Listed for rent,2021-01-19T00:00:00.000Z,Listing removed,2021-01-09T00:00:00.000Z,Listed for rent,2020-12-16T00:00:00.000Z,Sold,,,,,,,,,,,,,,,,,,,,,,,,,,,,,,,,,,,,,,,,,,
"640 Cherub Dr, Conway, AR 72034",640 Cherub Dr,Conway,AR,,forRent,3,1144,,1500,14,https://www.zillow.com/homedetails/640-Cherub-Dr-Conway-AR-72034/242932_zpid/,,180000,2026-09-13T00:00:00.000Z,Listed for rent,2026-08-28T00:00:00.000Z,Sold,2026-08-27T00:00:00.000Z,Contingent,2026-07-26T00:00:00.000Z,Listed for sale,2018-04-26T00:00:00.000Z,Sold,2013-10-04T00:00:00.000Z,Sold,2010-09-24T00:00:00.000Z,Sold,,,,,,,,,,,,,,,,,,,,,,,,,,,,,,,,,,,,,,,,,,,,,,
"1380 Sena Dr, Conway, AR 72034",1380 Sena Dr,Conway,AR,,forRent,4,1817,,1900,55,https://www.zillow.com/homedetails/1380-Sena-Dr-Conway-AR-72034/118483994_zpid/,,270000,2026-08-03T00:00:00.000Z,Listed for rent,2026-01-09T00:00:00.000Z,Listing removed,2025-12-18T00:00:00.000Z,Listed for rent,2024-11-06T00:00:00.000Z,Listing removed,2024-10-16T00:00:00.000Z,Listed for rent,2024-03-05T00:00:00.000Z,Listing removed,2024-02-29T00:00:00.000Z,Listed for rent,2024-02-05T00:00:00.000Z,Listing removed,2024-01-27T00:00:00.000Z,Listed for rent,2023-11-27T00:00:00.000Z,Listing removed,2023-11-22T00:00:00.000Z,Listed for rent,2023-11-11T00:00:00.000Z,Listing removed,2023-10-28T00:00:00.000Z,Price change,2023-10-05T00:00:00.000Z,Listed for rent,2022-08-04T00:00:00.000Z,Listing removed,2022-08-02T00:00:00.000Z,Listed for rent,2022-08-01T00:00:00.000Z,Sold,2013-06-14T00:00:00.000Z,Sold,,,,,,,,,,,,,,,,,,,,,,,,
"2230 Linda Dr, Conway, AR 72032",2230 Linda Dr,Conway,AR,,forRent,3,1348,,1650,6,https://www.zillow.com/homedetails/2230-Linda-Dr-Conway-AR-72032/102994419_zpid/,,205000,2026-09-21T00:00:00.000Z,Listed for rent,2023-11-10T00:00:00.000Z,Listing removed,2023-10-17T00:00:00.000Z,Listed for rent,2023-10-03T00:00:00.000Z,Sold,2021-03-24T00:00:00.000Z,Listing removed,2017-09-25T00:00:00.000Z,Listing removed,2017-06-27T00:00:00.000Z,Pending sale,2017-06-20T00:00:00.000Z,Listed for sale,2013-01-17T00:00:00.000Z,Sold,,,,,,,,,,,,,,,,,,,,,,,,,,,,,,,,,,,,,,,,,,
"1117 Weems St, Conway, AR 72034",1117 Weems St,Conway,AR,,forRent,4,1932,,2050,44,https://www.zillow.com/homedetails/1117-Weems-St-Conway-AR-72034/450684409_zpid/,,,2026-09-03T00:00:00.000Z,Price change,2026-08-22T00:00:00.000Z,Listing removed,2026-08-14T00:00:00.000Z,Listed for rent,2026-08-02T00:00:00.000Z,Listed for sale,2026-08-01T00:00:00.000Z,Listing removed,2026-07-28T00:00:00.000Z,Price change,2026-07-16T00:00:00.000Z,Price change,2026-05-22T00:00:00.000Z,Price change,2026-04-30T00:00:00.000Z,Listed for sale,2023-08-14T00:00:00.000Z,Listing removed,2023-07-31T00:00:00.000Z,Price change,2023-07-13T00:00:00.000Z,Listed for sale,2022-08-12T00:00:00.000Z,Listing removed,2022-07-28T00:00:00.000Z,Price change,2022-06-16T00:00:00.000Z,Listed for sale,,,,,,,,,,,,,,,,,,,,,,,,,,,,,,
"103 E Concord Rd, Mayflower, AR 72106",103 E Concord Rd,Mayflower,AR,,forRent,3,1413,,1660,19,https://www.zillow.com/homedetails/103-E-Concord-Rd-Mayflower-AR-72106/463058000_zpid/,,,2026-09-09T00:00:00.000Z,Listed for rent,2026-08-14T00:00:00.000Z,Listing removed,2026-07-20T00:00:00.000Z,Price change,2026-06-09T00:00:00.000Z,Listed for sale,,,,,,,,,,,,,,,,,,,,,,,,,,,,,,,,,,,,,,,,,,,,,,,,,,,,
"15 Leruss Blvd, Cabot, AR 72023",15 Leruss Blvd,Cabot,AR,,forRent,,,,,,https://www.zillow.com/b/15-leruss-blvd-cabot-ar-CkhJp8/,,,,,,,,,,,,,,,,,,,,,,,,,,,,,,,,,,,,,,,,,,,,,,,,,,,,,,,,,,,,,,
"7 Cabernet Way, Mayflower, AR 72106",7 Cabernet Way,Mayflower,AR,,forRent,,,,,,"https://www.zillow.com/b/7-cabernet-way-mayflower-ar/34.970715,-92.48699_ll/",,,,,,,,,,,,,,,,,,,,,,,,,,,,,,,,,,,,,,,,,,,,,,,,,,,,,,,,,,,,,,
"4420 Oregon Trl, Conway, AR 72034",4420 Oregon Trl,Conway,AR,,forRent,3,1300,,1600,8,https://www.zillow.com/homedetails/4420-Oregon-Trl-Conway-AR-72034/35730660_zpid/,,149100,2026-09-19T00:00:00.000Z,Listed for rent,2025-09-09T00:00:00.000Z,Listing removed,2025-08-11T00:00:00.000Z,Price change,2025-08-08T00:00:00.000Z,Listed for rent,2024-07-04T00:00:00.000Z,Listing removed,2024-06-29T00:00:00.000Z,Listed for rent,2024-04-01T00:00:00.000Z,Listing removed,2024-03-08T00:00:00.000Z,Price change,2024-02-20T00:00:00.000Z,Listed for rent,2022-12-31T00:00:00.000Z,Listing removed,2022-12-22T00:00:00.000Z,Listed for rent,2021-07-26T00:00:00.000Z,Listing removed,2021-07-20T00:00:00.000Z,Listed for rent,2021-03-24T00:00:00.000Z,Listing removed,2020-01-29T00:00:00.000Z,Listing removed,2020-01-25T00:00:00.000Z,Price change,2019-12-27T00:00:00.000Z,Sold,2019-12-27T00:00:00.000Z,Price change,2019-12-13T00:00:00.000Z,Listed for rent,2012-05-29T00:00:00.000Z,Sold,2012-04-12T00:00:00.000Z,Listed for sale,2006-08-11T00:00:00.000Z,Sold,,,,,,,,,,,,,,,,
"2400 SW Ednruance Way, Maumelle, AR 72113",2400 SW Ednruance Way,Maumelle,AR,,forRent,,,,,,"https://www.zillow.com/b/2400-sw-ednruance-way-maumelle-ar/34.87126275998,-92.450398671503_ll/",,,,,,,,,,,,,,,,,,,,,,,,,,,,,,,,,,,,,,,,,,,,,,,,,,,,,,,,,,,,,,
"1810 Rich Smith Ln, Conway, AR 72032",1810 Rich Smith Ln,Conway,AR,,forRent,3,2310,,2500,62,https://www.zillow.com/homedetails/1810-Rich-Smith-Ln-Conway-AR-72032/102992676_zpid/,,,2026-07-27T00:00:00.000Z,Price change,2026-06-22T00:00:00.000Z,Price change,2026-04-22T00:00:00.000Z,Price change,2026-01-07T00:00:00.000Z,Listed for rent,,,,,,,,,,,,,,,,,,,,,,,,,,,,,,,,,,,,,,,,,,,,,,,,,,,,
"15 Vineyard Dr, Mayflower, AR 72106",15 Vineyard Dr,Mayflower,AR,,forRent,5,1867,,1855,18,https://www.zillow.com/homedetails/15-Vineyard-Dr-Mayflower-AR-72106/460693101_zpid/,,222000,2026-09-09T00:00:00.000Z,Listed for rent,2026-08-24T00:00:00.000Z,Sold,2026-07-26T00:00:00.000Z,Contingent,2026-05-11T00:00:00.000Z,Price change,2026-04-30T00:00:00.000Z,Listed for sale,2026-03-31T00:00:00.000Z,Contingent,2026-02-25T00:00:00.000Z,Listed for sale,,,,,,,,,,,,,,,,,,,,,,,,,,,,,,,,,,,,,,,,,,,,,,
"110 Fredonia Ct, Mayflower, AR 72106",110 Fredonia Ct,Mayflower,AR,,forRent,4,1858,,1895,13,https://www.zillow.com/homedetails/110-Fredonia-Ct-Mayflower-AR-72106/453583162_zpid/,,,2026-09-14T00:00:00.000Z,Listed for rent,2025-08-22T00:00:00.000Z,Listing removed,2025-07-28T00:00:00.000Z,Price change,2025-07-18T00:00:00.000Z,Price change,2025-07-17T00:00:00.000Z,Price change,2025-07-11T00:00:00.000Z,Price change,2025-07-03T00:00:00.000Z,Price change,2025-06-27T00:00:00.000Z,Price change,2025-06-20T00:00:00.000Z,Listed for rent,,,,,,,,,,,,,,,,,,,,,,,,,,,,,,,,,,,,,,,,,,
"1315 Fairlane Dr, Conway, AR 72034",1315 Fairlane Dr,Conway,AR,,forRent,3,1288,,1300,6,https://www.zillow.com/homedetails/1315-Fairlane-Dr-Conway-AR-72034/234174_zpid/,,77000,2026-09-21T00:00:00.000Z,Listed for rent,2021-06-18T00:00:00.000Z,Sold,2014-11-12T00:00:00.000Z,Sold,1999-09-27T00:00:00.000Z,Sold,,,,,,,,,,,,,,,,,,,,,,,,,,,,,,,,,,,,,,,,,,,,,,,,,,,,
"1306 Bellemeade Dr, Conway, AR 72034",1306 Bellemeade Dr,Conway,AR,,forRent,3,2220,,1775,45,https://www.zillow.com/homedetails/1306-Bellemeade-Dr-Conway-AR-72034/234155_zpid/,,89090,2026-08-13T00:00:00.000Z,Listed for rent,2025-06-20T00:00:00.000Z,Listing removed,2025-05-09T00:00:00.000Z,Listed for rent,2017-12-01T00:00:00.000Z,Listing removed,2017-08-20T00:00:00.000Z,Price change,2017-05-31T00:00:00.000Z,Listed for sale,2013-10-16T00:00:00.000Z,Listing removed,2013-07-18T00:00:00.000Z,Listed for sale,2013-04-01T00:00:00.000Z,Sold,2012-06-28T00:00:00.000Z,Sold,,,,,,,,,,,,,,,,,,,,,,,,,,,,,,,,,,,,,,,,
"37 C L Fowler Loop, Greenbrier, AR 72058",37 C L Fowler Loop,Greenbrier,AR,,forRent,4,1736,,1800,137,https://www.zillow.com/homedetails/37-C-L-Fowler-Loop-Greenbrier-AR-72058/349901512_zpid/,,,2026-05-13T00:00:00.000Z,Listed for rent,2024-07-08T00:00:00.000Z,Listing removed,2024-05-13T00:00:00.000Z,Listed for rent,,,,,,,,,,,,,,,,,,,,,,,,,,,,,,,,,,,,,,,,,,,,,,,,,,,,,,
"1155 Mimosa Dr, Conway, AR 72034",1155 Mimosa Dr,Conway,AR,,forRent,3,1236,,1400,23,https://www.zillow.com/homedetails/1155-Mimosa-Dr-Conway-AR-72034/35730018_zpid/,,78000,2026-09-04T00:00:00.000Z,Listed for rent,2025-06-19T00:00:00.000Z,Listing removed,2025-06-16T00:00:00.000Z,Listed for rent,2023-09-26T00:00:00.000Z,Listing removed,2023-09-11T00:00:00.000Z,Listed for rent,2019-06-13T00:00:00.000Z,Listing removed,2019-06-05T00:00:00.000Z,Listed for rent,2001-06-27T00:00:00.000Z,Sold,,,,,,,,,,,,,,,,,,,,,,,,,,,,,,,,,,,,,,,,,,,,
"31 Haley Renee Dr, Greenbrier, AR 72058",31 Haley Renee Dr,Greenbrier,AR,,forRent,3,1527,,1400,53,https://www.zillow.com/homedetails/31-Haley-Renee-Dr-Greenbrier-AR-72058/464349852_zpid/,,,2026-08-05T00:00:00.000Z,Listed for rent,,,,,,,,,,,,,,,,,,,,,,,,,,,,,,,,,,,,,,,,,,,,,,,,,,,,,,,,,,
"4555 Graham Dr, Conway, AR 72034",4555 Graham Dr,Conway,AR,,forRent,3,1192,,1400,45,https://www.zillow.com/homedetails/4555-Graham-Dr-Conway-AR-72034/59917944_zpid/,,185000,2026-08-13T00:00:00.000Z,Listed for rent,2024-10-02T00:00:00.000Z,Listing removed,2024-09-23T00:00:00.000Z,Listed for rent,2023-07-28T00:00:00.000Z,Sold,2023-06-28T00:00:00.000Z,Contingent,2023-06-28T00:00:00.000Z,Listed for sale,2021-03-24T00:00:00.000Z,Listing removed,2016-11-28T00:00:00.000Z,Listing removed,2016-11-28T00:00:00.000Z,Listed for sale,2016-09-29T00:00:00.000Z,Sold,2016-09-06T00:00:00.000Z,Pending sale,2016-07-30T00:00:00.000Z,Price change,2016-07-21T00:00:00.000Z,Listed for sale,2011-06-21T00:00:00.000Z,Sold,2005-10-20T00:00:00.000Z,Sold,,,,,,,,,,,,,,,,,,,,,,,,,,,,,,
"1740 Raden St, Conway, AR 72032",1740 Raden St,Conway,AR,,forRent,3,1243,,1650,18,https://www.zillow.com/homedetails/1740-Raden-St-Conway-AR-72032/2061816633_zpid/,,,2026-09-09T00:00:00.000Z,Listed for rent,2026-05-19T00:00:00.000Z,Listing removed,2026-02-27T00:00:00.000Z,Price change,2022-11-09T00:00:00.000Z,Price change,2022-10-11T00:00:00.000Z,Price change,2022-08-22T00:00:00.000Z,Listed for rent,,,,,,,,,,,,,,,,,,,,,,,,,,,,,,,,,,,,,,,,,,,,,,,,
"30 C L Fowler Loop, Greenbrier, AR 72058",30 C L Fowler Loop,Greenbrier,AR,,forRent,4,1823,,1900,137,https://www.zillow.com/homedetails/30-C-L-Fowler-Loop-Greenbrier-AR-72058/352031500_zpid/,,,2026-05-13T00:00:00.000Z,Listed for rent,,,,,,,,,,,,,,,,,,,,,,,,,,,,,,,,,,,,,,,,,,,,,,,,,,,,,,,,,,
"1015 Wineberry, Conway, AR 72034",1015 Wineberry,Conway,AR,,forRent,4,1606,,1700,82,https://www.zillow.com/homedetails/1015-Wineberry-Conway-AR-72034/82271419_zpid/,,222270,2026-07-22T00:00:00.000Z,Listed for rent,2026-07-15T00:00:00.000Z,Listing removed,2026-07-13T00:00:00.000Z,Price change,2026-07-07T00:00:00.000Z,Listed for rent,2022-05-27T00:00:00.000Z,Sold,2010-09-03T00:00:00.000Z,Sold,2009-08-20T00:00:00.000Z,Sold,,,,,,,,,,,,,,,,,,,,,,,,,,,,,,,,,,,,,,,,,,,,,,
"1610 Raden St, Conway, AR 72032",1610 Raden St,Conway,AR,,forRent,3,1243,,1650,46,https://www.zillow.com/homedetails/1610-Raden-St-Conway-AR-72032/2066419442_zpid/,,,2026-08-12T00:00:00.000Z,Listed for rent,2025-10-04T00:00:00.000Z,Listing removed,2025-10-03T00:00:00.000Z,Listed for rent,2025-10-03T00:00:00.000Z,Listing removed,2025-07-18T00:00:00.000Z,Listed for rent,2023-12-30T00:00:00.000Z,Listing removed,2023-12-29T00:00:00.000Z,Listed for rent,2023-12-28T00:00:00.000Z,Listing removed,2023-12-01T00:00:00.000Z,Price change,2023-09-08T00:00:00.000Z,Listed for rent,2023-04-19T00:00:00.000Z,Listing removed,2023-03-28T00:00:00.000Z,Listed for rent,2022-04-21T00:00:00.000Z,Listing removed,2022-02-16T00:00:00.000Z,Listed for rent,,,,,,,,,,,,,,,,,,,,,,,,,,,,,,,,
"1906 Dave Ward Dr, Conway, AR 72034",1906 Dave Ward Dr,Conway,AR,,forRent,3,1335,,1000,47,https://www.zillow.com/homedetails/1906-Dave-Ward-Dr-Conway-AR-72034/2061771487_zpid/,,,2026-08-11T00:00:00.000Z,Listed for rent,2025-12-18T00:00:00.000Z,Listing removed,2025-11-11T00:00:00.000Z,Price change,2025-10-28T00:00:00.000Z,Price change,2025-10-03T00:00:00.000Z,Price change,2025-06-27T00:00:00.000Z,Listed for rent,2024-05-29T00:00:00.000Z,Listing removed,2024-05-14T00:00:00.000Z,Price change,2024-04-23T00:00:00.000Z,Price change,2024-04-15T00:00:00.000Z,Price change,2024-03-18T00:00:00.000Z,Price change,2024-02-16T00:00:00.000Z,Price change,2024-02-13T00:00:00.000Z,Price change,2024-01-31T00:00:00.000Z,Listed for rent,2023-11-30T00:00:00.000Z,Listing removed,2023-11-15T00:00:00.000Z,Listed for rent,2022-10-25T00:00:00.000Z,Listing removed,2022-10-18T00:00:00.000Z,Price change,2022-10-02T00:00:00.000Z,Price change,2022-08-26T00:00:00.000Z,Listed for rent,,,,,,,,,,,,,,,,,,,,
"2530 Peabody Dr, Conway, AR 72032",2530 Peabody Dr,Conway,AR,,forRent,3,1271,,1500,43,https://www.zillow.com/homedetails/2530-Peabody-Dr-Conway-AR-72032/239829_zpid/,,199000,2026-08-15T00:00:00.000Z,Listed for rent,2025-07-28T00:00:00.000Z,Sold,2025-06-29T00:00:00.000Z,Contingent,2025-06-28T00:00:00.000Z,Listed for sale,2014-12-23T00:00:00.000Z,Sold,2013-09-19T00:00:00.000Z,Sold,2013-06-28T00:00:00.000Z,Listed for sale,2012-12-14T00:00:00.000Z,Listing removed,2012-10-15T00:00:00.000Z,Listed for sale,,,,,,,,,,,,,,,,,,,,,,,,,,,,,,,,,,,,,,,,,,
"295 Niagra Fls, Conway, AR 72032",295 Niagra Fls,Conway,AR,,forRent,3,1148,,1550,0,https://www.zillow.com/homedetails/295-Niagra-Fls-Conway-AR-72032/35730544_zpid/,,189500,2026-09-27T00:00:00.000Z,Listed for rent,2026-08-31T00:00:00.000Z,Sold,2026-07-20T00:00:00.000Z,Listed for sale,2023-05-31T00:00:00.000Z,Sold,2023-04-23T00:00:00.000Z,Pending sale,2023-04-21T00:00:00.000Z,Listed for sale,2016-05-24T00:00:00.000Z,Listing removed,2016-05-24T00:00:00.000Z,Pending sale,2016-04-29T00:00:00.000Z,Sold,2016-03-13T00:00:00.000Z,Listed for sale,2010-08-10T00:00:00.000Z,Sold,,,,,,,,,,,,,,,,,,,,,,,,,,,,,,,,,,,,,,
"195 Peach St, Conway, AR 72034",195 Peach St,Conway,AR,,forRent,3,1445,,1650,3,https://www.zillow.com/homedetails/195-Peach-St-Conway-AR-72034/240792_zpid/,,375000,2026-09-24T00:00:00.000Z,Listed for rent,2025-05-04T00:00:00.000Z,Listing removed,2025-04-23T00:00:00.000Z,Listed for rent,2023-02-12T00:00:00.000Z,Listing removed,2023-02-03T00:00:00.000Z,Listed for rent,2021-02-23T00:00:00.000Z,Listing removed,2020-04-28T00:00:00.000Z,Listing removed,2020-04-16T00:00:00.000Z,Listed for rent,2018-05-14T00:00:00.000Z,Listing removed,2018-04-25T00:00:00.000Z,Price change,2018-04-14T00:00:00.000Z,Listed for rent,2013-04-29T00:00:00.000Z,Sold,,,,,,,,,,,,,,,,,,,,,,,,,,,,,,,,,,,,
"1267 Hamilton St, Conway, AR 72032",1267 Hamilton St,Conway,AR,,forRent,3,1056,,1158,39,https://www.zillow.com/homedetails/1267-Hamilton-St-Conway-AR-72032/234905_zpid/,,52000,2026-09-16T00:00:00.000Z,Price change,2026-09-14T00:00:00.000Z,Price change,2026-08-20T00:00:00.000Z,Listed for rent,2024-09-19T00:00:00.000Z,Listing removed,2024-09-17T00:00:00.000Z,Price change,2024-09-15T00:00:00.000Z,Price change,2024-09-13T00:00:00.000Z,Listed for rent,2022-12-30T00:00:00.000Z,Listing removed,2022-12-17T00:00:00.000Z,Price change,2022-12-03T00:00:00.000Z,Price change,2022-11-22T00:00:00.000Z,Price change,2022-11-08T00:00:00.000Z,Listed for rent,2022-11-04T00:00:00.000Z,Listing removed,2022-10-28T00:00:00.000Z,Price change,2022-09-30T00:00:00.000Z,Listed for sale,2021-12-14T00:00:00.000Z,Sold,2015-03-20T00:00:00.000Z,Sold,,,,,,,,,,,,,,,,,,,,,,,,,,
"2635 Clover Ln, Conway, AR 72032",2635 Clover Ln,Conway,AR,,forRent,3,1242,,1400,3,https://www.zillow.com/homedetails/2635-Clover-Ln-Conway-AR-72032/102993152_zpid/,,135000,2026-09-24T00:00:00.000Z,Listed for rent,2024-05-15T00:00:00.000Z,Listing removed,2024-05-08T00:00:00.000Z,Listed for rent,2021-03-24T00:00:00.000Z,Listing removed,2018-11-21T00:00:00.000Z,Listing removed,2018-10-26T00:00:00.000Z,Listed for rent,2018-09-08T00:00:00.000Z,Listing removed,2018-09-06T00:00:00.000Z,Listed for rent,2017-09-15T00:00:00.000Z,Sold,2017-08-24T00:00:00.000Z,Price change,2017-08-05T00:00:00.000Z,Price change,2017-07-28T00:00:00.000Z,Listed for sale,2016-07-05T00:00:00.000Z,Sold,2016-03-30T00:00:00.000Z,Price change,2016-03-20T00:00:00.000Z,Listed for sale,2013-05-23T00:00:00.000Z,Sold,,,,,,,,,,,,,,,,,,,,,,,,,,,,
"5417 Temperance, Jacksonville, AR 72076",5417 Temperance,Jacksonville,AR,,forRent,,,,,,https://www.zillow.com/b/5417-temperance-jacksonville-ar-CYrkNG/,,,,,,,,,,,,,,,,,,,,,,,,,,,,,,,,,,,,,,,,,,,,,,,,,,,,,,,,,,,,,,
"2210 Remington Rd, Conway, AR 72032",2210 Remington Rd,Conway,AR,,forRent,3,1264,,1425,2,https://www.zillow.com/homedetails/2210-Remington-Rd-Conway-AR-72032/239869_zpid/,,120000,2026-09-25T00:00:00.000Z,Listed for rent,2020-05-21T00:00:00.000Z,Listing removed,2020-05-06T00:00:00.000Z,Listed for rent,2018-05-11T00:00:00.000Z,Listing removed,2018-05-04T00:00:00.000Z,Listed for rent,2017-04-19T00:00:00.000Z,Sold,2017-02-08T00:00:00.000Z,Listed for sale,2012-04-27T00:00:00.000Z,Sold,2008-09-03T00:00:00.000Z,Sold,,,,,,,,,,,,,,,,,,,,,,,,,,,,,,,,,,,,,,,,,,
"19 Turtle Pond N, Greenbrier, AR 72058",19 Turtle Pond N,Greenbrier,AR,,forRent,4,3404,,4500,6,https://www.zillow.com/homedetails/19-Turtle-Pond-N-Greenbrier-AR-72058/228530_zpid/,,230550,2026-09-21T00:00:00.000Z,Listed for rent,2025-12-22T00:00:00.000Z,Sold,2025-09-07T00:00:00.000Z,Price change,2025-08-22T00:00:00.000Z,Price change,2025-08-06T00:00:00.000Z,Listed for sale,2025-08-02T00:00:00.000Z,Listing removed,2025-08-01T00:00:00.000Z,Listed for sale,2025-05-19T00:00:00.000Z,Listing removed,2025-04-13T00:00:00.000Z,Price change,2025-03-08T00:00:00.000Z,Listed for sale,2024-12-21T00:00:00.000Z,Listing removed,2024-07-29T00:00:00.000Z,Listed for sale,2023-06-03T00:00:00.000Z,Listing removed,2023-05-22T00:00:00.000Z,Price change,2023-05-17T00:00:00.000Z,Price change,2023-05-09T00:00:00.000Z,Price change,2023-05-01T00:00:00.000Z,Price change,2023-04-25T00:00:00.000Z,Price change,2023-04-17T00:00:00.000Z,Listed for sale,2018-03-17T00:00:00.000Z,Listing removed,2018-01-25T00:00:00.000Z,Price change,2017-12-14T00:00:00.000Z,Price change,2017-10-03T00:00:00.000Z,Price change,2017-09-01T00:00:00.000Z,Listed for sale,2014-05-29T00:00:00.000Z,Sold,2010-07-23T00:00:00.000Z,Sold,2010-05-05T00:00:00.000Z,Listed for sale,,,,,,
"1804 Clara Dr, Conway, AR 72034",1804 Clara Dr,Conway,AR,,forRent,3,2000,,1695,23,https://www.zillow.com/homedetails/1804-Clara-Dr-Conway-AR-72034/235007_zpid/,,20000,2026-09-04T00:00:00.000Z,Listed for rent,2024-07-11T00:00:00.000Z,Listing removed,2024-06-26T00:00:00.000Z,Listed for rent,2023-06-13T00:00:00.000Z,Listing removed,2023-05-30T00:00:00.000Z,Listed for rent,2022-05-04T00:00:00.000Z,Listing removed,2022-04-06T00:00:00.000Z,Listed for rent,2019-05-17T00:00:00.000Z,Listing removed,2019-05-15T00:00:00.000Z,Listed for rent,2015-12-07T00:00:00.000Z,Listing removed,2015-09-23T00:00:00.000Z,Listed for rent,2014-06-21T00:00:00.000Z,Listing removed,2014-05-12T00:00:00.000Z,Listed for rent,2013-05-06T00:00:00.000Z,Sold,2013-04-25T00:00:00.000Z,Listing removed,2013-04-24T00:00:00.000Z,Price change,2013-03-24T00:00:00.000Z,Listed for rent,2012-03-18T00:00:00.000Z,Listing removed,2012-03-15T00:00:00.000Z,Price change,2012-03-05T00:00:00.000Z,Listed for rent,,,,,,,,,,,,,,,,,,,,
"1235 Tsar Rd, Conway, AR 72034",1235 Tsar Rd,Conway,AR,,forRent,4,1564,,1650,3,https://www.zillow.com/homedetails/1235-Tsar-Rd-Conway-AR-72034/2057979230_zpid/,,210075,2026-09-24T00:00:00.000Z,Listed for rent,2023-07-14T00:00:00.000Z,Listing removed,2023-07-12T00:00:00.000Z,Listed for rent,2023-07-12T00:00:00.000Z,Listing removed,2023-07-06T00:00:00.000Z,Listed for rent,2023-06-29T00:00:00.000Z,Sold,,,,,,,,,,,,,,,,,,,,,,,,,,,,,,,,,,,,,,,,,,,,,,,,
"18 Kimberly Dr, Vilonia, AR 72173",18 Kimberly Dr,Vilonia,AR,,forRent,3,1954,,1945,11,https://www.zillow.com/homedetails/18-Kimberly-Dr-Vilonia-AR-72173/245526_zpid/,,270000,2026-08-26T00:00:00.000Z,Price change,2026-05-04T00:00:00.000Z,Listed for rent,2026-01-05T00:00:00.000Z,Sold,2025-11-20T00:00:00.000Z,Listed for sale,2025-11-20T00:00:00.000Z,Listing removed,2025-09-18T00:00:00.000Z,Listed for sale,2015-07-09T00:00:00.000Z,Sold,2000-03-15T00:00:00.000Z,Sold,,,,,,,,,,,,,,,,,,,,,,,,,,,,,,,,,,,,,,,,,,,,
"1655 Duke St, Conway, AR 72032",1655 Duke St,Conway,AR,,forRent,3,1369,,1675,8,https://www.zillow.com/homedetails/1655-Duke-St-Conway-AR-72032/71713063_zpid/,,185000,2026-09-19T00:00:00.000Z,Listed for rent,2024-10-01T00:00:00.000Z,Listing removed,2024-09-11T00:00:00.000Z,Listed for rent,2023-08-01T00:00:00.000Z,Sold,2023-05-18T00:00:00.000Z,Contingent,2023-04-23T00:00:00.000Z,Listed for sale,2005-12-07T00:00:00.000Z,Sold,,,,,,,,,,,,,,,,,,,,,,,,,,,,,,,,,,,,,,,,,,,,,,
"2230 Matthews Ln, Conway, AR 72032",2230 Matthews Ln,Conway,AR,,forRent,4,1661,,1800,9,https://www.zillow.com/homedetails/2230-Matthews-Ln-Conway-AR-72032/2076025311_zpid/,,,2026-09-18T00:00:00.000Z,Listed for rent,,,,,,,,,,,,,,,,,,,,,,,,,,,,,,,,,,,,,,,,,,,,,,,,,,,,,,,,,,
"2007 Arkansas Ave, Conway, AR 72034",2007 Arkansas Ave,Conway,AR,,forRent,3,1301,,1495,26,https://www.zillow.com/homedetails/2007-Arkansas-Ave-Conway-AR-72034/234341_zpid/,,90000,2026-09-02T00:00:00.000Z,Listed for rent,2026-08-26T00:00:00.000Z,Sold,2026-08-25T00:00:00.000Z,Contingent,2026-07-20T00:00:00.000Z,Price change,2026-05-19T00:00:00.000Z,Listed for sale,2026-05-19T00:00:00.000Z,Listing removed,2026-04-17T00:00:00.000Z,Price change,2026-03-09T00:00:00.000Z,Price change,2025-11-18T00:00:00.000Z,Listed for sale,2015-02-18T00:00:00.000Z,Sold,2012-05-07T00:00:00.000Z,Sold,,,,,,,,,,,,,,,,,,,,,,,,,,,,,,,,,,,,,,
"1505 Hathaway Dr, Conway, AR 72034",1505 Hathaway Dr,Conway,AR,,forRent,3,1207,,1475,24,https://www.zillow.com/homedetails/1505-Hathaway-Dr-Conway-AR-72034/241555_zpid/,,70000,2026-09-03T00:00:00.000Z,Listed for rent,2024-01-31T00:00:00.000Z,Listing removed,2024-01-30T00:00:00.000Z,Listed for rent,2024-01-29T00:00:00.000Z,Listing removed,2024-01-27T00:00:00.000Z,Listed for rent,2016-01-09T00:00:00.000Z,Listing removed,2015-12-15T00:00:00.000Z,Listed for rent,2015-09-24T00:00:00.000Z,Sold,2015-08-15T00:00:00.000Z,Listed for sale,2013-10-31T00:00:00.000Z,Sold,,,,,,,,,,,,,,,,,,,,,,,,,,,,,,,,,,,,,,,,
"294 Stone Mountain Rd, Conway, AR 72032",294 Stone Mountain Rd,Conway,AR,,forRent,3,1216,,1650,14,https://www.zillow.com/homedetails/294-Stone-Mountain-Rd-Conway-AR-72032/122006123_zpid/,,42300,2026-09-13T00:00:00.000Z,Listed for rent,2025-04-17T00:00:00.000Z,Sold,2025-03-26T00:00:00.000Z,Contingent,2025-03-22T00:00:00.000Z,Listed for sale,,,,,,,,,,,,,,,,,,,,,,,,,,,,,,,,,,,,,,,,,,,,,,,,,,,,
"2103 Arkansas Ave, Conway, AR 72034",2103 Arkansas Ave,Conway,AR,,forRent,4,1300,,1425,23,https://www.zillow.com/homedetails/2103-Arkansas-Ave-Conway-AR-72034/235083_zpid/,,87000,2026-09-04T00:00:00.000Z,Listed for rent,2025-10-17T00:00:00.000Z,Listing removed,2025-09-19T00:00:00.000Z,Listed for rent,2015-02-13T00:00:00.000Z,Sold,,,,,,,,,,,,,,,,,,,,,,,,,,,,,,,,,,,,,,,,,,,,,,,,,,,,
"1425 Joyner Dr, Conway, AR 72034",1425 Joyner Dr,Conway,AR,,forRent,3,1157,,1450,44,https://www.zillow.com/homedetails/1425-Joyner-Dr-Conway-AR-72034/35730195_zpid/,,155000,2026-08-14T00:00:00.000Z,Listed for rent,2025-10-28T00:00:00.000Z,Listing removed,2025-08-29T00:00:00.000Z,Price change,2025-08-12T00:00:00.000Z,Listed for rent,2024-09-13T00:00:00.000Z,Listing removed,2024-08-16T00:00:00.000Z,Listed for rent,2022-04-27T00:00:00.000Z,Sold,2021-12-16T00:00:00.000Z,Listing removed,2021-10-26T00:00:00.000Z,Listed for rent,2019-05-14T00:00:00.000Z,Sold,2019-03-21T00:00:00.000Z,Listed for sale,2016-05-03T00:00:00.000Z,Sold,2016-02-17T00:00:00.000Z,Listed for sale,2011-04-01T00:00:00.000Z,Sold,2011-01-22T00:00:00.000Z,Price change,2011-01-01T00:00:00.000Z,Price change,2010-11-18T00:00:00.000Z,Listed for sale,2010-10-15T00:00:00.000Z,Listing removed,2010-10-15T00:00:00.000Z,Price change,2010-09-24T00:00:00.000Z,Listed for sale,,,,,,,,,,,,,,,,,,,,
"1175 Gallery Dr, Conway, AR 72032",1175 Gallery Dr,Conway,AR,,forRent,4,1709,,1800,27,https://www.zillow.com/homedetails/1175-Gallery-Dr-Conway-AR-72032/2055357068_zpid/,,211050,2026-09-24T00:00:00.000Z,Listed for rent,2026-09-11T00:00:00.000Z,Listing removed,2026-08-31T00:00:00.000Z,Listed for rent,2026-08-05T00:00:00.000Z,Listing removed,2026-07-20T00:00:00.000Z,Price change,2026-06-22T00:00:00.000Z,Listed for rent,2024-05-29T00:00:00.000Z,Listing removed,2024-04-30T00:00:00.000Z,Listed for rent,2023-05-25T00:00:00.000Z,Listing removed,2023-05-02T00:00:00.000Z,Listed for rent,2023-04-19T00:00:00.000Z,Sold,,,,,,,,,,,,,,,,,,,,,,,,,,,,,,,,,,,,,,
"9 Summer Breeze Rd, Conway, AR 72032",9 Summer Breeze Rd,Conway,AR,,forRent,4,1537,,1750,17,https://www.zillow.com/homedetails/9-Summer-Breeze-Rd-Conway-AR-72032/2078228526_zpid/,,195000,2026-09-10T00:00:00.000Z,Listed for rent,2025-08-12T00:00:00.000Z,Listing removed,2025-06-24T00:00:00.000Z,Listed for rent,2025-05-30T00:00:00.000Z,Sold,2025-04-24T00:00:00.000Z,Contingent,2025-03-29T00:00:00.000Z,Listed for sale,2020-12-04T00:00:00.000Z,Sold,2020-09-03T00:00:00.000Z,Price change,2020-08-15T00:00:00.000Z,Listed for sale,,,,,,,,,,,,,,,,,,,,,,,,,,,,,,,,,,,,,,,,,,
"1609 Rushing Cir, Conway, AR 72032",1609 Rushing Cir,Conway,AR,,forRent,3,1400,,1475,27,https://www.zillow.com/homedetails/1609-Rushing-Cir-Conway-AR-72032/235792_zpid/,,116000,2026-08-31T00:00:00.000Z,Listed for rent,2024-09-13T00:00:00.000Z,Listing removed,2024-06-19T00:00:00.000Z,Listed for rent,2024-06-19T00:00:00.000Z,Listing removed,2024-05-25T00:00:00.000Z,Listed for rent,2023-03-31T00:00:00.000Z,Listing removed,2023-03-22T00:00:00.000Z,Listed for rent,2022-08-11T00:00:00.000Z,Listing removed,2022-08-02T00:00:00.000Z,Listed for rent,2019-02-28T00:00:00.000Z,Listing removed,2019-01-02T00:00:00.000Z,Listed for rent,2015-07-25T00:00:00.000Z,Listing removed,2015-07-03T00:00:00.000Z,Listed for rent,2014-10-30T00:00:00.000Z,Sold,2013-09-22T00:00:00.000Z,Listing removed,2013-09-13T00:00:00.000Z,Price change,2013-08-03T00:00:00.000Z,Listed for rent,2010-01-13T00:00:00.000Z,Sold,2009-12-04T00:00:00.000Z,Listed for sale,,,,,,,,,,,,,,,,,,,,,,
"600 S Davis St, Conway, AR 72034",600 S Davis St,Conway,AR,,forRent,3,1728,,1500,97,https://www.zillow.com/homedetails/600-S-Davis-St-Conway-AR-72034/235022_zpid/,,108500,2026-09-02T00:00:00.000Z,Price change,2026-07-20T00:00:00.000Z,Price change,2026-07-06T00:00:00.000Z,Price change,2026-06-22T00:00:00.000Z,Listed for rent,2022-10-20T00:00:00.000Z,Listing removed,2022-10-11T00:00:00.000Z,Price change,2022-09-22T00:00:00.000Z,Listed for rent,2017-06-15T00:00:00.000Z,Sold,2017-05-06T00:00:00.000Z,Listed for sale,2015-04-17T00:00:00.000Z,Sold,2005-07-22T00:00:00.000Z,Sold,,,,,,,,,,,,,,,,,,,,,,,,,,,,,,,,,,,,,,
"804 Drake Dr, Conway, AR 72034",804 Drake Dr,Conway,AR,,forRent,3,1663,,1650,17,https://www.zillow.com/homedetails/804-Drake-Dr-Conway-AR-72034/243037_zpid/,,164500,2026-09-11T00:00:00.000Z,Listed for rent,2024-04-20T00:00:00.000Z,Listing removed,2024-04-09T00:00:00.000Z,Listed for rent,2023-09-11T00:00:00.000Z,Listing removed,2023-09-10T00:00:00.000Z,Listed for rent,2023-09-10T00:00:00.000Z,Listing removed,2023-08-29T00:00:00.000Z,Price change,2023-08-22T00:00:00.000Z,Price change,2023-08-16T00:00:00.000Z,Price change,2023-08-09T00:00:00.000Z,Price change,2023-08-02T00:00:00.000Z,Price change,2023-07-25T00:00:00.000Z,Price change,2023-07-19T00:00:00.000Z,Price change,2023-06-03T00:00:00.000Z,Listed for rent,2017-03-06T00:00:00.000Z,Sold,2016-10-17T00:00:00.000Z,Listed for sale,2015-06-05T00:00:00.000Z,Sold,,,,,,,,,,,,,,,,,,,,,,,,,,
"2765 Archer Ln, Conway, AR 72034",2765 Archer Ln,Conway,AR,,forRent,3,1560,,1700,44,https://www.zillow.com/homedetails/2765-Archer-Ln-Conway-AR-72034/241241_zpid/,,154500,2026-08-14T00:00:00.000Z,Listed for rent,2025-09-17T00:00:00.000Z,Listing removed,2025-08-12T00:00:00.000Z,Listed for rent,2024-05-31T00:00:00.000Z,Listing removed,2024-05-16T00:00:00.000Z,Listed for rent,2023-06-05T00:00:00.000Z,Listing removed,2023-06-02T00:00:00.000Z,Listed for rent,2019-12-17T00:00:00.000Z,Sold,2019-11-19T00:00:00.000Z,Price change,2019-09-30T00:00:00.000Z,Listed for sale,2014-10-14T00:00:00.000Z,Sold,,,,,,,,,,,,,,,,,,,,,,,,,,,,,,,,,,,,,,
"89 Solomon Grove Rd, Damascus, AR 72039",89 Solomon Grove Rd,Damascus,AR,,forRent,3,1456,,1025,18,https://www.zillow.com/homedetails/89-Solomon-Grove-Rd-Damascus-AR-72039/244831_zpid/,,241000,2026-09-09T00:00:00.000Z,Listed for rent,2023-11-27T00:00:00.000Z,Listing removed,2023-11-20T00:00:00.000Z,Price change,2023-10-24T00:00:00.000Z,Listed for rent,2014-10-30T00:00:00.000Z,Sold,,,,,,,,,,,,,,,,,,,,,,,,,,,,,,,,,,,,,,,,,,,,,,,,,,
"7016 Pearl Valley Cv, Alexander, AR 72002",7016 Pearl Valley Cv,Alexander,AR,,forRent,3,1262,,1515,2,https://www.zillow.com/homedetails/7016-Pearl-Valley-Cv-Alexander-AR-72002/2092458994_zpid/,,,2026-09-25T00:00:00.000Z,Listed for rent,2023-05-29T00:00:00.000Z,Listing removed,2023-05-22T00:00:00.000Z,Listed for rent,2019-01-04T00:00:00.000Z,Listing removed,2018-12-15T00:00:00.000Z,Listed for rent,2017-12-02T00:00:00.000Z,Listing removed,2017-10-31T00:00:00.000Z,Price change,2017-10-10T00:00:00.000Z,Listed for rent,,,,,,,,,,,,,,,,,,,,,,,,,,,,,,,,,,,,,,,,,,,,
"14611 Parkway Meadows Dr, Alexander, AR 72002",14611 Parkway Meadows Dr,Alexander,AR,,forRent,3,1500,,1625,10,https://www.zillow.com/homedetails/14611-Parkway-Meadows-Dr-Alexander-AR-72002/112089546_zpid/,,192000,2026-09-17T00:00:00.000Z,Listed for rent,2025-09-08T00:00:00.000Z,Listing removed,2025-08-28T00:00:00.000Z,Listed for rent,2024-09-13T00:00:00.000Z,Listing removed,2024-08-05T00:00:00.000Z,Listed for rent,2024-07-24T00:00:00.000Z,Listing removed,2024-06-28T00:00:00.000Z,Listed for rent,2022-05-19T00:00:00.000Z,Listing removed,2022-05-04T00:00:00.000Z,Price change,2022-04-15T00:00:00.000Z,Listed for rent,2022-03-09T00:00:00.000Z,Sold,2022-02-17T00:00:00.000Z,Contingent,2022-02-15T00:00:00.000Z,Listed for sale,2019-11-19T00:00:00.000Z,Sold,2019-09-16T00:00:00.000Z,Price change,2019-08-19T00:00:00.000Z,Listed for sale,2013-07-11T00:00:00.000Z,Sold,2013-03-06T00:00:00.000Z,Price change,2013-01-31T00:00:00.000Z,Price change,2013-01-19T00:00:00.000Z,Listed for sale,2010-04-21T00:00:00.000Z,Sold,,,,,,,,,,,,,,,,,,
"2248 Centennial Valley Dr, Benton, AR 72019",2248 Centennial Valley Dr,Benton,AR,,forRent,3,1480,,1595,4,https://www.zillow.com/homedetails/2248-Centennial-Valley-Dr-Benton-AR-72019/2071964933_zpid/,,203315,2026-09-23T00:00:00.000Z,Listed for rent,2025-09-12T00:00:00.000Z,Listing removed,2025-09-10T00:00:00.000Z,Price change,2025-08-18T00:00:00.000Z,Listed for rent,2021-10-28T00:00:00.000Z,Sold,2021-07-30T00:00:00.000Z,Pending sale,2021-06-04T00:00:00.000Z,Price change,2021-04-30T00:00:00.000Z,Price change,2021-04-07T00:00:00.000Z,Listed for sale,,,,,,,,,,,,,,,,,,,,,,,,,,,,,,,,,,,,,,,,,,
"6413 Amalie Dr, Alexander, AR 72002",6413 Amalie Dr,Alexander,AR,,forRent,3,1485,,1675,19,https://www.zillow.com/homedetails/6413-Amalie-Dr-Alexander-AR-72002/247595729_zpid/,,198000,2026-09-08T00:00:00.000Z,Listed for rent,2025-08-18T00:00:00.000Z,Listing removed,2025-08-06T00:00:00.000Z,Listed for rent,2022-05-12T00:00:00.000Z,Listing removed,2022-05-04T00:00:00.000Z,Price change,2022-04-27T00:00:00.000Z,Price change,2022-04-12T00:00:00.000Z,Listed for rent,2022-03-01T00:00:00.000Z,Sold,2022-01-18T00:00:00.000Z,Listed for sale,2018-09-21T00:00:00.000Z,Sold,2018-08-07T00:00:00.000Z,Listed for sale,2018-06-21T00:00:00.000Z,Listing removed,2018-05-23T00:00:00.000Z,Price change,2018-05-11T00:00:00.000Z,Listed for sale,,,,,,,,,,,,,,,,,,,,,,,,,,,,,,,,
"6065 Discovery Trl, Bauxite, AR 72011",6065 Discovery Trl,Bauxite,AR,,forRent,4,1459,,1595,12,https://www.zillow.com/homedetails/6065-Discovery-Trl-Bauxite-AR-72011/442588179_zpid/,,192660,2026-09-15T00:00:00.000Z,Listed for rent,2026-08-11T00:00:00.000Z,Listing removed,2026-08-03T00:00:00.000Z,Listed for rent,2025-07-01T00:00:00.000Z,Listing removed,2025-05-23T00:00:00.000Z,Listed for rent,2025-05-09T00:00:00.000Z,Sold,2025-05-01T00:00:00.000Z,Contingent,2025-04-15T00:00:00.000Z,Price change,2025-04-04T00:00:00.000Z,Price change,2025-03-07T00:00:00.000Z,Price change,2025-02-28T00:00:00.000Z,Price change,2025-01-30T00:00:00.000Z,Price change,2024-12-14T00:00:00.000Z,Listed for sale,2024-11-22T00:00:00.000Z,Listing removed,2024-11-14T00:00:00.000Z,Listed for sale,,,,,,,,,,,,,,,,,,,,,,,,,,,,,,
"7125 Anderson St, Alexander, AR 72002",7125 Anderson St,Alexander,AR,,forRent,3,1906,,1650,4,https://www.zillow.com/homedetails/7125-Anderson-St-Alexander-AR-72002/368443_zpid/,,167000,2026-09-23T00:00:00.000Z,Listed for rent,2023-09-08T00:00:00.000Z,Listing removed,2023-07-24T00:00:00.000Z,Price change,2023-07-21T00:00:00.000Z,Listed for rent,2022-08-08T00:00:00.000Z,Listing removed,2022-07-27T00:00:00.000Z,Listed for rent,2021-04-26T00:00:00.000Z,Sold,2021-03-22T00:00:00.000Z,Listed for sale,2017-04-18T00:00:00.000Z,Listing removed,2017-04-07T00:00:00.000Z,Listed for sale,2016-10-05T00:00:00.000Z,Sold,,,,,,,,,,,,,,,,,,,,,,,,,,,,,,,,,,,,,,
"2705 Timbermist Cir, Benton, AR 72015",2705 Timbermist Cir,Benton,AR,,forRent,3,1200,,1575,10,https://www.zillow.com/homedetails/2705-Timbermist-Cir-Benton-AR-72015/386796_zpid/,,151000,2026-09-17T00:00:00.000Z,Listed for rent,2025-09-02T00:00:00.000Z,Listing removed,2025-08-27T00:00:00.000Z,Price change,2025-08-14T00:00:00.000Z,Price change,2025-06-30T00:00:00.000Z,Listed for rent,2022-08-30T00:00:00.000Z,Listing removed,2022-08-24T00:00:00.000Z,Listed for rent,2021-08-09T00:00:00.000Z,Listing removed,2021-08-05T00:00:00.000Z,Listed for rent,2021-07-07T00:00:00.000Z,Sold,2021-07-07T00:00:00.000Z,Contingent,2021-06-05T00:00:00.000Z,Listed for sale,2021-03-24T00:00:00.000Z,Listing removed,2018-12-27T00:00:00.000Z,Listing removed,2018-09-29T00:00:00.000Z,Listed for sale,2008-06-20T00:00:00.000Z,Sold,,,,,,,,,,,,,,,,,,,,,,,,,,,,
"2064 Fern Valley Dr, Alexander, AR 72002",2064 Fern Valley Dr,Alexander,AR,,forRent,3,1394,,1595,11,https://www.zillow.com/homedetails/2064-Fern-Valley-Dr-Alexander-AR-72002/247595904_zpid/,,169000,2026-09-16T00:00:00.000Z,Listed for rent,2025-12-24T00:00:00.000Z,Listing removed,2025-11-13T00:00:00.000Z,Listed for rent,2023-05-30T00:00:00.000Z,Listing removed,2023-05-15T00:00:00.000Z,Listed for rent,2021-06-30T00:00:00.000Z,Listing removed,2021-06-22T00:00:00.000Z,Listed for rent,2021-06-14T00:00:00.000Z,Sold,2021-06-13T00:00:00.000Z,Contingent,2021-05-13T00:00:00.000Z,Listed for sale,2016-12-16T00:00:00.000Z,Sold,,,,,,,,,,,,,,,,,,,,,,,,,,,,,,,,,,,,,,
"8065 Chesapeake Trl, Bauxite, AR 72011",8065 Chesapeake Trl,Bauxite,AR,,forRent,4,1699,,1595,19,https://www.zillow.com/homedetails/8065-Chesapeake-Trl-Bauxite-AR-72011/462191986_zpid/,,,2026-09-09T00:00:00.000Z,Listed for rent,2026-08-14T00:00:00.000Z,Listing removed,2026-08-10T00:00:00.000Z,Price change,2026-08-06T00:00:00.000Z,Price change,2026-08-04T00:00:00.000Z,Price change,2026-07-31T00:00:00.000Z,Price change,2026-07-29T00:00:00.000Z,Listed for sale,2026-07-27T00:00:00.000Z,Contingent,2026-06-25T00:00:00.000Z,Price change,2026-06-17T00:00:00.000Z,Price change,2026-05-05T00:00:00.000Z,Listed for sale,,,,,,,,,,,,,,,,,,,,,,,,,,,,,,,,,,,,,,
"8072 Chesapeake Trl, Bauxite, AR 72011",8072 Chesapeake Trl,Bauxite,AR,,forRent,4,1492,,1650,16,https://www.zillow.com/homedetails/8072-Chesapeake-Trl-Bauxite-AR-72011/457082278_zpid/,,208600,2026-09-12T00:00:00.000Z,Listed for rent,2026-07-30T00:00:00.000Z,Sold,2026-07-09T00:00:00.000Z,Contingent,2026-07-06T00:00:00.000Z,Price change,2026-06-25T00:00:00.000Z,Price change,2026-06-08T00:00:00.000Z,Price change,2026-04-11T00:00:00.000Z,Price change,2026-04-03T00:00:00.000Z,Price change,2026-03-31T00:00:00.000Z,Price change,2026-03-18T00:00:00.000Z,Price change,2026-03-16T00:00:00.000Z,Price change,2026-02-17T00:00:00.000Z,Listed for sale,2025-10-02T00:00:00.000Z,Listing removed,2025-09-30T00:00:00.000Z,Listed for sale,,,,,,,,,,,,,,,,,,,,,,,,,,,,,,,,
"8057 Chesapeake Trl, Bauxite, AR 72011",8057 Chesapeake Trl,Bauxite,AR,,forRent,4,1496,,1545,19,https://www.zillow.com/homedetails/8057-Chesapeake-Trl-Bauxite-AR-72011/462191990_zpid/,,,2026-09-09T00:00:00.000Z,Listed for rent,2026-08-14T00:00:00.000Z,Listing removed,2026-08-13T00:00:00.000Z,Price change,2026-08-10T00:00:00.000Z,Price change,2026-08-04T00:00:00.000Z,Price change,2026-06-25T00:00:00.000Z,Price change,2026-06-17T00:00:00.000Z,Price change,2026-05-05T00:00:00.000Z,Listed for sale,,,,,,,,,,,,,,,,,,,,,,,,,,,,,,,,,,,,,,,,,,,,
"3002 Forest Dr, Bryant, AR 72022",3002 Forest Dr,Bryant,AR,,forRent,3,1409,,1650,18,https://www.zillow.com/homedetails/3002-Forest-Dr-Bryant-AR-72022/390575_zpid/,,213000,2026-09-10T00:00:00.000Z,Listed for rent,2026-08-24T00:00:00.000Z,Sold,2026-06-30T00:00:00.000Z,Listed for sale,2018-03-05T00:00:00.000Z,Sold,2011-03-18T00:00:00.000Z,Sold,2011-02-13T00:00:00.000Z,Listed for sale,2006-08-16T00:00:00.000Z,Sold,,,,,,,,,,,,,,,,,,,,,,,,,,,,,,,,,,,,,,,,,,,,,,
"402 Stone Creek Dr, Benton, AR 72015",402 Stone Creek Dr,Benton,AR,,forRent,4,1762,,1895,19,https://www.zillow.com/homedetails/402-Stone-Creek-Dr-Benton-AR-72015/71716020_zpid/,,178000,2026-09-08T00:00:00.000Z,Listed for rent,2023-09-17T00:00:00.000Z,Listing removed,2023-07-18T00:00:00.000Z,Listing removed,2023-06-14T00:00:00.000Z,Price change,2023-06-06T00:00:00.000Z,Listed for rent,2021-09-16T00:00:00.000Z,Sold,2016-08-06T00:00:00.000Z,Listing removed,2016-07-13T00:00:00.000Z,Listed for sale,2016-05-27T00:00:00.000Z,Listing removed,2016-04-15T00:00:00.000Z,Listed for sale,2006-07-11T00:00:00.000Z,Sold,,,,,,,,,,,,,,,,,,,,,,,,,,,,,,,,,,,,,,
"8016 Chesapeake Trl, Bauxite, AR 72011",8016 Chesapeake Trl,Bauxite,AR,,forRent,3,1442,,1495,19,https://www.zillow.com/homedetails/8016-Chesapeake-Trl-Bauxite-AR-72011/457082295_zpid/,,,2026-09-09T00:00:00.000Z,Listed for rent,2026-08-14T00:00:00.000Z,Listing removed,2026-08-13T00:00:00.000Z,Price change,2026-07-24T00:00:00.000Z,Price change,2026-07-23T00:00:00.000Z,Listed for sale,2025-10-02T00:00:00.000Z,Listing removed,2025-09-30T00:00:00.000Z,Listed for sale,,,,,,,,,,,,,,,,,,,,,,,,,,,,,,,,,,,,,,,,,,,,,,
"821 Church, Benton, AR 72015",821 Church,Benton,AR,,forRent,4,1540,,1675,23,https://www.zillow.com/homedetails/821-Church-Benton-AR-72015/387634_zpid/,,155000,2026-09-04T00:00:00.000Z,Listed for rent,2021-08-04T00:00:00.000Z,Listing removed,2021-07-27T00:00:00.000Z,Listed for rent,2021-06-04T00:00:00.000Z,Sold,2020-12-14T00:00:00.000Z,Sold,2020-10-24T00:00:00.000Z,Listed for sale,,,,,,,,,,,,,,,,,,,,,,,,,,,,,,,,,,,,,,,,,,,,,,,,
"8512 Highway 5 N, Benton, AR 72019",8512 Highway 5 N,Benton,AR,,forRent,4,1533,,1895,13,https://www.zillow.com/homedetails/8512-Highway-5-N-Benton-AR-72019/394628139_zpid/,,,2026-09-14T00:00:00.000Z,Listed for rent,2024-09-13T00:00:00.000Z,Listing removed,2024-07-15T00:00:00.000Z,Listed for rent,,,,,,,,,,,,,,,,,,,,,,,,,,,,,,,,,,,,,,,,,,,,,,,,,,,,,,
"8000 Chesapeake Trl, Bauxite, AR 72011",8000 Chesapeake Trl,Bauxite,AR,,forRent,3,1373,,1445,19,https://www.zillow.com/homedetails/8000-Chesapeake-Trl-Bauxite-AR-72011/464083308_zpid/,,,2026-09-09T00:00:00.000Z,Listed for rent,2026-08-14T00:00:00.000Z,Listing removed,2026-07-24T00:00:00.000Z,Price change,2026-07-23T00:00:00.000Z,Listed for sale,,,,,,,,,,,,,,,,,,,,,,,,,,,,,,,,,,,,,,,,,,,,,,,,,,,,
"8049 Chesapeake Trl, Bauxite, AR 72011",8049 Chesapeake Trl,Bauxite,AR,,forRent,3,1301,,1395,19,https://www.zillow.com/homedetails/8049-Chesapeake-Trl-Bauxite-AR-72011/463059708_zpid/,,,2026-09-09T00:00:00.000Z,Listed for rent,2026-08-14T00:00:00.000Z,Listing removed,2026-08-10T00:00:00.000Z,Price change,2026-08-04T00:00:00.000Z,Price change,2026-06-25T00:00:00.000Z,Price change,2026-06-18T00:00:00.000Z,Price change,2026-06-09T00:00:00.000Z,Listed for sale,,,,,,,,,,,,,,,,,,,,,,,,,,,,,,,,,,,,,,,,,,,,,,
"8056 Chesapeake Trl, Bauxite, AR 72011",8056 Chesapeake Trl,Bauxite,AR,,forRent,3,1651,,1545,19,https://www.zillow.com/homedetails/8056-Chesapeake-Trl-Bauxite-AR-72011/457082351_zpid/,,,2026-09-09T00:00:00.000Z,Listed for rent,2026-08-14T00:00:00.000Z,Listing removed,2026-08-10T00:00:00.000Z,Price change,2026-07-17T00:00:00.000Z,Price change,2026-07-06T00:00:00.000Z,Price change,2026-06-25T00:00:00.000Z,Price change,2026-05-19T00:00:00.000Z,Price change,2026-05-05T00:00:00.000Z,Listed for sale,2025-10-02T00:00:00.000Z,Listing removed,2025-09-30T00:00:00.000Z,Listed for sale,,,,,,,,,,,,,,,,,,,,,,,,,,,,,,,,,,,,,,,,
"8040 Chesapeake Trl, Bauxite, AR 72011",8040 Chesapeake Trl,Bauxite,AR,,forRent,4,1496,,1495,19,https://www.zillow.com/homedetails/8040-Chesapeake-Trl-Bauxite-AR-72011/457082335_zpid/,,,2026-09-09T00:00:00.000Z,Listed for rent,2026-08-14T00:00:00.000Z,Listing removed,2026-08-13T00:00:00.000Z,Price change,2026-08-10T00:00:00.000Z,Price change,2026-07-17T00:00:00.000Z,Price change,2026-07-06T00:00:00.000Z,Price change,2026-06-25T00:00:00.000Z,Price change,2026-06-17T00:00:00.000Z,Price change,2026-06-08T00:00:00.000Z,Price change,2026-05-05T00:00:00.000Z,Listed for sale,2025-10-02T00:00:00.000Z,Listing removed,2025-09-30T00:00:00.000Z,Listed for sale,,,,,,,,,,,,,,,,,,,,,,,,,,,,,,,,,,,,
"7001 Potomac Trl, Bauxite, AR 72011",7001 Potomac Trl,Bauxite,AR,,forRent,3,1051,,1295,19,https://www.zillow.com/homedetails/7001-Potomac-Trl-Bauxite-AR-72011/461516494_zpid/,,,2026-09-09T00:00:00.000Z,Listed for rent,2026-08-14T00:00:00.000Z,Listing removed,2026-08-10T00:00:00.000Z,Price change,2026-07-17T00:00:00.000Z,Price change,2026-06-25T00:00:00.000Z,Price change,2026-06-17T00:00:00.000Z,Price change,2026-05-19T00:00:00.000Z,Price change,2026-04-05T00:00:00.000Z,Listed for sale,,,,,,,,,,,,,,,,,,,,,,,,,,,,,,,,,,,,,,,,,,,,
"4541 Western Woods Dr, Benton, AR 72015",4541 Western Woods Dr,Benton,AR,,forRent,4,2000,,1895,12,https://www.zillow.com/homedetails/4541-Western-Woods-Dr-Benton-AR-72015/2061302075_zpid/,,313100,2026-09-15T00:00:00.000Z,Listed for rent,2023-03-31T00:00:00.000Z,Sold,2022-11-05T00:00:00.000Z,Listing removed,2022-09-30T00:00:00.000Z,Listed for rent,,,,,,,,,,,,,,,,,,,,,,,,,,,,,,,,,,,,,,,,,,,,,,,,,,,,
"6688 Hollywood Ave, Benton, AR 72019",6688 Hollywood Ave,Benton,AR,,forRent,3,1051,,1595,23,https://www.zillow.com/homedetails/6688-Hollywood-Ave-Benton-AR-72019/460744960_zpid/,,183900,2026-09-04T00:00:00.000Z,Listed for rent,2026-08-28T00:00:00.000Z,Sold,2026-08-10T00:00:00.000Z,Contingent,2026-06-25T00:00:00.000Z,Price change,2026-06-18T00:00:00.000Z,Price change,2026-06-09T00:00:00.000Z,Price change,2026-05-02T00:00:00.000Z,Price change,2026-03-31T00:00:00.000Z,Price change,2026-03-03T00:00:00.000Z,Price change,2026-02-27T00:00:00.000Z,Listed for sale,,,,,,,,,,,,,,,,,,,,,,,,,,,,,,,,,,,,,,,,
"5399 Heritage Valley Dr, Benton, AR 72019",5399 Heritage Valley Dr,Benton,AR,,forRent,4,1790,,1800,62,https://www.zillow.com/homedetails/5399-Heritage-Valley-Dr-Benton-AR-72019/2062299989_zpid/,,245000,2026-09-10T00:00:00.000Z,Price change,2026-08-31T00:00:00.000Z,Price change,2026-07-27T00:00:00.000Z,Listed for rent,2026-07-15T00:00:00.000Z,Listing removed,2026-05-22T00:00:00.000Z,Price change,2026-04-02T00:00:00.000Z,Listed for sale,2026-04-01T00:00:00.000Z,Listing removed,2025-11-06T00:00:00.000Z,Price change,2025-10-13T00:00:00.000Z,Price change,2025-10-04T00:00:00.000Z,Listed for sale,2025-02-24T00:00:00.000Z,Sold,2025-02-05T00:00:00.000Z,Contingent,2024-11-30T00:00:00.000Z,Price change,2024-10-04T00:00:00.000Z,Price change,2024-09-29T00:00:00.000Z,Price change,2024-09-07T00:00:00.000Z,Listed for sale,2022-08-29T00:00:00.000Z,Sold,,,,,,,,,,,,,,,,,,,,,,,,,,
"8073 Chesapeake Trl, Bauxite, AR 72011",8073 Chesapeake Trl,Bauxite,AR,,forRent,3,1442,,1495,19,https://www.zillow.com/homedetails/8073-Chesapeake-Trl-Bauxite-AR-72011/460744961_zpid/,,,2026-09-09T00:00:00.000Z,Listed for rent,2026-08-14T00:00:00.000Z,Listing removed,2026-08-13T00:00:00.000Z,Price change,2026-07-17T00:00:00.000Z,Price change,2026-07-10T00:00:00.000Z,Price change,2026-07-08T00:00:00.000Z,Listed for sale,2026-06-12T00:00:00.000Z,Contingent,2026-06-08T00:00:00.000Z,Price change,2026-04-14T00:00:00.000Z,Price change,2026-02-27T00:00:00.000Z,Listed for sale,,,,,,,,,,,,,,,,,,,,,,,,,,,,,,,,,,,,,,,,
"227 Iris St, Haskell, AR 72015",227 Iris St,Haskell,AR,,forRent,3,1420,,1625,62,https://www.zillow.com/homedetails/227-Iris-St-Haskell-AR-72015/2060765172_zpid/,,195000,2026-09-23T00:00:00.000Z,Price change,2026-09-10T00:00:00.000Z,Price change,2026-08-27T00:00:00.000Z,Price change,2026-07-27T00:00:00.000Z,Listed for rent,2023-02-16T00:00:00.000Z,Listing removed,2023-02-08T00:00:00.000Z,Price change,2023-01-26T00:00:00.000Z,Price change,2022-12-09T00:00:00.000Z,Listed for rent,2022-11-10T00:00:00.000Z,Sold,,,,,,,,,,,,,,,,,,,,,,,,,,,,,,,,,,,,,,,,,,
"14095 Magnolia Glen Dr, Alexander, AR 72002",14095 Magnolia Glen Dr,Alexander,AR,,forRent,3,1228,,1530,26,https://www.zillow.com/homedetails/14095-Magnolia-Glen-Dr-Alexander-AR-72002/88906053_zpid/,,119500,2026-09-01T00:00:00.000Z,Listed for rent,2020-12-08T00:00:00.000Z,Listing removed,2020-12-02T00:00:00.000Z,Listed for rent,2016-10-13T00:00:00.000Z,Sold,2016-06-29T00:00:00.000Z,Price change,2016-06-06T00:00:00.000Z,Listed for sale,2015-07-08T00:00:00.000Z,Listing removed,2015-06-13T00:00:00.000Z,Listed for rent,2014-07-19T00:00:00.000Z,Listing removed,2014-06-20T00:00:00.000Z,Listed for rent,2013-07-17T00:00:00.000Z,Listing removed,2013-07-03T00:00:00.000Z,Price change,2013-06-14T00:00:00.000Z,Price change,2013-05-17T00:00:00.000Z,Listed for rent,2009-11-06T00:00:00.000Z,Sold,,,,,,,,,,,,,,,,,,,,,,,,,,,,,,
"313 S Neeley St, Benton, AR 72015",313 S Neeley St,Benton,AR,,forRent,3,1800,,1545,41,https://www.zillow.com/homedetails/313-S-Neeley-St-Benton-AR-72015/2067919637_zpid/,,205000,2026-09-23T00:00:00.000Z,Price change,2026-09-10T00:00:00.000Z,Price change,2026-08-17T00:00:00.000Z,Listed for rent,2025-09-14T00:00:00.000Z,Listing removed,2025-09-02T00:00:00.000Z,Listed for rent,2023-02-17T00:00:00.000Z,Listing removed,2023-01-29T00:00:00.000Z,Listed for rent,2021-11-03T00:00:00.000Z,Listing removed,2021-10-25T00:00:00.000Z,Price change,2021-10-19T00:00:00.000Z,Price change,2021-10-12T00:00:00.000Z,Listed for rent,2021-08-20T00:00:00.000Z,Sold,,,,,,,,,,,,,,,,,,,,,,,,,,,,,,,,,,,,
"905 Pheasant Cv, Benton, AR 72019",905 Pheasant Cv,Benton,AR,,forRent,3,1415,,1595,24,https://www.zillow.com/homedetails/905-Pheasant-Cv-Benton-AR-72019/385747_zpid/,,158000,2026-09-03T00:00:00.000Z,Listed for rent,2022-05-16T00:00:00.000Z,Listing removed,2022-04-20T00:00:00.000Z,Price change,2022-04-14T00:00:00.000Z,Price change,2022-04-06T00:00:00.000Z,Price change,2022-03-22T00:00:00.000Z,Listed for rent,2022-02-01T00:00:00.000Z,Sold,2022-01-21T00:00:00.000Z,Contingent,2022-01-19T00:00:00.000Z,Listed for sale,,,,,,,,,,,,,,,,,,,,,,,,,,,,,,,,,,,,,,,,,,
"13757 Cedar Glen Cv, Alexander, AR 72002",13757 Cedar Glen Cv,Alexander,AR,,forRent,3,1408,,1575,32,https://www.zillow.com/homedetails/13757-Cedar-Glen-Cv-Alexander-AR-72002/92432562_zpid/,,124900,2026-08-26T00:00:00.000Z,Listed for rent,2017-02-19T00:00:00.000Z,Listing removed,2017-01-26T00:00:00.000Z,Listed for rent,2007-07-18T00:00:00.000Z,Sold,2007-01-31T00:00:00.000Z,Sold,,,,,,,,,,,,,,,,,,,,,,,,,,,,,,,,,,,,,,,,,,,,,,,,,,
"17024 Congo Ferndale Rd, Little Rock, AR 72210",17024 Congo Ferndale Rd,Little Rock,AR,,forRent,4,1590,,1675,109,https://www.zillow.com/homedetails/17024-Congo-Ferndale-Rd-Little-Rock-AR-72210/370120_zpid/,,279500,2026-06-10T00:00:00.000Z,Listed for rent,2020-09-11T00:00:00.000Z,Listing removed,2020-07-23T00:00:00.000Z,Listed for rent,2018-05-13T00:00:00.000Z,Listing removed,2018-01-31T00:00:00.000Z,Listed for rent,2017-03-29T00:00:00.000Z,Sold,,,,,,,,,,,,,,,,,,,,,,,,,,,,,,,,,,,,,,,,,,,,,,,,
"3001 Wild Berry Dr, Benton, AR 72015",3001 Wild Berry Dr,Benton,AR,,forRent,3,1486,,1725,37,https://www.zillow.com/homedetails/3001-Wild-Berry-Dr-Benton-AR-72015/71716346_zpid/,,184900,2026-08-21T00:00:00.000Z,Listed for rent,2024-07-31T00:00:00.000Z,Listing removed,2024-07-05T00:00:00.000Z,Listed for rent,2023-04-21T00:00:00.000Z,Listing removed,2023-04-19T00:00:00.000Z,Listed for rent,2022-03-28T00:00:00.000Z,Listing removed,2022-03-24T00:00:00.000Z,Price change,2022-03-11T00:00:00.000Z,Listed for rent,2022-02-01T00:00:00.000Z,Sold,2022-02-01T00:00:00.000Z,Contingent,2022-01-06T00:00:00.000Z,Listed for sale,2020-08-31T00:00:00.000Z,Sold,2020-07-10T00:00:00.000Z,Listed for sale,2008-07-11T00:00:00.000Z,Sold,,,,,,,,,,,,,,,,,,,,,,,,,,,,,,,,
"1067 Huntington Dr, Benton, AR 72019",1067 Huntington Dr,Benton,AR,,forRent,4,1459,,1445,45,https://www.zillow.com/homedetails/1067-Huntington-Dr-Benton-AR-72019/2061767452_zpid/,,,2026-09-24T00:00:00.000Z,Price change,2026-09-17T00:00:00.000Z,Price change,2026-08-13T00:00:00.000Z,Listed for rent,2024-11-08T00:00:00.000Z,Listing removed,2024-11-05T00:00:00.000Z,Listed for rent,2024-03-22T00:00:00.000Z,Listing removed,2024-02-27T00:00:00.000Z,Listed for rent,2023-02-14T00:00:00.000Z,Listing removed,2023-01-26T00:00:00.000Z,Listed for rent,2022-12-17T00:00:00.000Z,Listing removed,2022-12-01T00:00:00.000Z,Price change,2022-11-11T00:00:00.000Z,Price change,2022-08-26T00:00:00.000Z,Listed for sale,,,,,,,,,,,,,,,,,,,,,,,,,,,,,,,,,,
"414 Newcomb Cv, Benton, AR 72015",414 Newcomb Cv,Benton,AR,,forRent,3,1384,,1600,8,https://www.zillow.com/homedetails/414-Newcomb-Cv-Benton-AR-72015/384931_zpid/,,65531,2026-07-17T00:00:00.000Z,Listed for rent,2010-11-30T00:00:00.000Z,Sold,2005-03-03T00:00:00.000Z,Sold,,,,,,,,,,,,,,,,,,,,,,,,,,,,,,,,,,,,,,,,,,,,,,,,,,,,,,
"17 Greenbrier Dr, Benton, AR 72015",17 Greenbrier Dr,Benton,AR,,forRent,3,1460,,1545,55,https://www.zillow.com/homedetails/17-Greenbrier-Dr-Benton-AR-72015/386172_zpid/,,143000,2026-09-17T00:00:00.000Z,Price change,2026-08-27T00:00:00.000Z,Price change,2026-08-03T00:00:00.000Z,Listed for rent,2026-02-23T00:00:00.000Z,Listing removed,2026-02-19T00:00:00.000Z,Price change,2026-01-29T00:00:00.000Z,Price change,2026-01-15T00:00:00.000Z,Price change,2025-12-30T00:00:00.000Z,Price change,2025-11-24T00:00:00.000Z,Listed for rent,2024-10-01T00:00:00.000Z,Listing removed,2024-08-29T00:00:00.000Z,Listed for rent,2022-03-07T00:00:00.000Z,Listing removed,2021-12-31T00:00:00.000Z,Listed for rent,2021-11-19T00:00:00.000Z,Sold,2014-09-17T00:00:00.000Z,Listing removed,2014-07-15T00:00:00.000Z,Listed for rent,2007-07-20T00:00:00.000Z,Sold,2006-08-01T00:00:00.000Z,Sold,,,,,,,,,,,,,,,,,,,,,,,,
"3225 Jean Cv, Alexander, AR 72002",3225 Jean Cv,Alexander,AR,,forRent,3,2827,,2600,173,https://www.zillow.com/homedetails/3225-Jean-Cv-Alexander-AR-72002/378862_zpid/,,,2026-07-27T00:00:00.000Z,Price change,2026-04-07T00:00:00.000Z,Listed for rent,,,,,,,,,,,,,,,,,,,,,,,,,,,,,,,,,,,,,,,,,,,,,,,,,,,,,,,,
"32 Fortson Dr, Cabot, AR 72023",32 Fortson Dr,Cabot,AR,,forRent,3,1064,,875,36,https://www.zillow.com/homedetails/32-Fortson-Dr-Cabot-AR-72023/63161011_zpid/,,750000,2026-08-22T00:00:00.000Z,Listed for rent,2024-02-17T00:00:00.000Z,Listing removed,2024-02-03T00:00:00.000Z,Listed for rent,2004-08-10T00:00:00.000Z,Sold,,,,,,,,,,,,,,,,,,,,,,,,,,,,,,,,,,,,,,,,,,,,,,,,,,,,
"53 Bud Grimes Rd, Ward, AR 72176",53 Bud Grimes Rd,Ward,AR,,forRent,3,1206,,1495,5,https://www.zillow.com/homedetails/53-Bud-Grimes-Rd-Ward-AR-72176/35732509_zpid/,,159000,2026-09-23T00:00:00.000Z,Listed for rent,2026-09-22T00:00:00.000Z,Sold,2026-09-09T00:00:00.000Z,Contingent,2026-09-04T00:00:00.000Z,Listed for sale,2026-08-07T00:00:00.000Z,Contingent,2026-08-01T00:00:00.000Z,Price change,2026-07-15T00:00:00.000Z,Listed for sale,2026-07-08T00:00:00.000Z,Listing removed,2026-07-07T00:00:00.000Z,Listed for sale,2019-05-20T00:00:00.000Z,Sold,2019-04-23T00:00:00.000Z,Pending sale,2019-02-21T00:00:00.000Z,Price change,2019-01-17T00:00:00.000Z,Listed for sale,2015-01-07T00:00:00.000Z,Sold,2014-09-05T00:00:00.000Z,Price change,2014-08-20T00:00:00.000Z,Price change,2014-06-27T00:00:00.000Z,Listed for sale,,,,,,,,,,,,,,,,,,,,,,,,,,
"509 E Elm St, Cabot, AR 72023",509 E Elm St,Cabot,AR,,forRent,3,1056,,1450,80,https://www.zillow.com/homedetails/509-E-Elm-St-Cabot-AR-72023/257181_zpid/,,185000,2026-08-20T00:00:00.000Z,Price change,2026-07-23T00:00:00.000Z,Price change,2026-07-09T00:00:00.000Z,Listed for rent,2026-07-09T00:00:00.000Z,Listing removed,2026-05-02T00:00:00.000Z,Listed for rent,2026-04-16T00:00:00.000Z,Listing removed,2026-02-18T00:00:00.000Z,Price change,2026-02-04T00:00:00.000Z,Listed for rent,2023-04-10T00:00:00.000Z,Sold,2023-01-19T00:00:00.000Z,Listing removed,2023-01-18T00:00:00.000Z,Listed for rent,2023-01-06T00:00:00.000Z,Listing removed,2022-10-26T00:00:00.000Z,Listed for sale,2021-05-28T00:00:00.000Z,Sold,2015-07-27T00:00:00.000Z,Sold,2012-10-07T00:00:00.000Z,Listing removed,2012-09-20T00:00:00.000Z,Price change,2012-06-20T00:00:00.000Z,Listed for sale,,,,,,,,,,,,,,,,,,,,,,,,
"6056 Orange Valley Cv, Mabelvale, AR 72103",6056 Orange Valley Cv,Mabelvale,AR,,forRent,4,1537,,1675,20,https://www.zillow.com/homedetails/6056-Orange-Valley-Cv-Mabelvale-AR-72103/463591455_zpid/,,,2026-07-01T00:00:00.000Z,Listed for rent,,,,,,,,,,,,,,,,,,,,,,,,,,,,,,,,,,,,,,,,,,,,,,,,,,,,,,,,,,
"3264 Sidell Estates Dr, Benton, AR 72015",3264 Sidell Estates Dr,Benton,AR,,forRent,4,1652,,1795,44,https://www.zillow.com/homedetails/3264-Sidell-Estates-Dr-Benton-AR-72015/2063496322_zpid/,,,2026-08-14T00:00:00.000Z,Listed for rent,2022-07-02T00:00:00.000Z,Listing removed,2022-06-10T00:00:00.000Z,Price change,2022-04-28T00:00:00.000Z,Listed for sale,,,,,,,,,,,,,,,,,,,,,,,,,,,,,,,,,,,,,,,,,,,,,,,,,,,,
"1294 Ridge Rd, Benton, AR 72015",1294 Ridge Rd,Benton,AR,,forRent,3,1108,,1120,21,https://www.zillow.com/homedetails/1294-Ridge-Rd-Benton-AR-72015/114182952_zpid/,,2000,2026-09-24T00:00:00.000Z,Price change,2026-09-06T00:00:00.000Z,Listed for rent,2022-08-12T00:00:00.000Z,Listing removed,2022-08-01T00:00:00.000Z,Price change,2022-07-27T00:00:00.000Z,Listed for rent,2013-02-01T00:00:00.000Z,Sold,,,,,,,,,,,,,,,,,,,,,,,,,,,,,,,,,,,,,,,,,,,,,,,,
"4056 Kings River Trl, Bauxite, AR 72011",4056 Kings River Trl,Bauxite,AR,,forRent,3,1480,,1345,61,https://www.zillow.com/homedetails/4056-Kings-River-Trl-Bauxite-AR-72011/2062403626_zpid/,,200660,2026-09-22T00:00:00.000Z,Price change,2026-08-27T00:00:00.000Z,Price change,2026-08-20T00:00:00.000Z,Price change,2026-08-13T00:00:00.000Z,Price change,2026-07-29T00:00:00.000Z,Listed for rent,2023-02-11T00:00:00.000Z,Listing removed,2023-02-03T00:00:00.000Z,Price change,2023-01-11T00:00:00.000Z,Price change,2022-12-14T00:00:00.000Z,Price change,2022-11-22T00:00:00.000Z,Price change,2022-11-10T00:00:00.000Z,Listed for rent,2022-10-28T00:00:00.000Z,Sold,2022-10-08T00:00:00.000Z,Contingent,2022-08-24T00:00:00.000Z,Price change,2022-08-04T00:00:00.000Z,Price change,2022-07-26T00:00:00.000Z,Price change,2022-07-21T00:00:00.000Z,Listed for sale,2022-07-18T00:00:00.000Z,Listing removed,2022-07-13T00:00:00.000Z,Listed for sale,,,,,,,,,,,,,,,,,,,,,,
"15 Silverado Ct, Cabot, AR 72023",15 Silverado Ct,Cabot,AR,,forRent,3,1382,,1350,38,https://www.zillow.com/homedetails/15-Silverado-Ct-Cabot-AR-72023/35732243_zpid/,,150000,2026-08-20T00:00:00.000Z,Listed for rent,2024-11-11T00:00:00.000Z,Listing removed,2024-09-27T00:00:00.000Z,Listed for rent,2022-10-26T00:00:00.000Z,Sold,2020-12-16T00:00:00.000Z,Listing removed,2020-12-08T00:00:00.000Z,Listed for rent,2020-05-16T00:00:00.000Z,Listing removed,2020-04-22T00:00:00.000Z,Listed for rent,2020-04-17T00:00:00.000Z,Sold,,,,,,,,,,,,,,,,,,,,,,,,,,,,,,,,,,,,,,,,,,
"32 Thunderbird Dr, Cabot, AR 72023",32 Thunderbird Dr,Cabot,AR,,forRent,3,1444,,1475,24,https://www.zillow.com/homedetails/32-Thunderbird-Dr-Cabot-AR-72023/67447424_zpid/,,,2026-09-03T00:00:00.000Z,Listed for rent,2021-03-24T00:00:00.000Z,Listing removed,2017-03-08T00:00:00.000Z,Listing removed,2017-02-06T00:00:00.000Z,Listed for rent,,,,,,,,,,,,,,,,,,,,,,,,,,,,,,,,,,,,,,,,,,,,,,,,,,,,
"74 Lakeland Dr, Cabot, AR 72023",74 Lakeland Dr,Cabot,AR,,forRent,3,2477,,2100,3,https://www.zillow.com/homedetails/74-Lakeland-Dr-Cabot-AR-72023/72179771_zpid/,,,2026-09-24T00:00:00.000Z,Listed for rent,2026-01-27T00:00:00.000Z,Listing removed,2026-01-12T00:00:00.000Z,Listed for rent,2025-03-14T00:00:00.000Z,Listing removed,2025-03-10T00:00:00.000Z,Listed for rent,2025-03-10T00:00:00.000Z,Listing removed,2025-02-25T00:00:00.000Z,Listed for rent,2024-03-13T00:00:00.000Z,Listing removed,2024-03-12T00:00:00.000Z,Listed for rent,2024-03-11T00:00:00.000Z,Listing removed,2024-03-08T00:00:00.000Z,Price change,2024-01-27T00:00:00.000Z,Price change,2023-12-19T00:00:00.000Z,Listed for rent,2022-11-30T00:00:00.000Z,Listing removed,2022-11-01T00:00:00.000Z,Listed for rent,2019-09-05T00:00:00.000Z,Listing removed,2019-09-03T00:00:00.000Z,Listed for rent,2019-09-03T00:00:00.000Z,Listing removed,2019-08-16T00:00:00.000Z,Price change,2019-08-07T00:00:00.000Z,Pending sale,2019-07-11T00:00:00.000Z,Price change,2019-06-21T00:00:00.000Z,Price change,2019-06-10T00:00:00.000Z,Price change,2019-06-04T00:00:00.000Z,Price change,2019-05-28T00:00:00.000Z,Listed for sale,,,,,,,,,,
"454 Maple Tree Cv, Lonoke, AR 72086",454 Maple Tree Cv,Lonoke,AR,,forRent,3,1344,,1400,13,https://www.zillow.com/homedetails/454-Maple-Tree-Cv-Lonoke-AR-72086/67448696_zpid/,,,2026-09-14T00:00:00.000Z,Listed for rent,,,,,,,,,,,,,,,,,,,,,,,,,,,,,,,,,,,,,,,,,,,,,,,,,,,,,,,,,,
"21 Meadowlark Dr, Cabot, AR 72023",21 Meadowlark Dr,Cabot,AR,,forRent,3,1013,,1395,47,https://www.zillow.com/homedetails/21-Meadowlark-Dr-Cabot-AR-72023/255213_zpid/,,147900,2026-08-12T00:00:00.000Z,Listed for rent,2024-01-16T00:00:00.000Z,Listing removed,2024-01-04T00:00:00.000Z,Sold,2023-08-22T00:00:00.000Z,Sold,2023-07-17T00:00:00.000Z,Contingent,2023-05-12T00:00:00.000Z,Listed for sale,2023-04-19T00:00:00.000Z,Listing removed,2023-03-17T00:00:00.000Z,Listed for rent,2022-03-21T00:00:00.000Z,Sold,,,,,,,,,,,,,,,,,,,,,,,,,,,,,,,,,,,,,,,,,,
"203 Lynn Ln, Lonoke, AR 72086",203 Lynn Ln,Lonoke,AR,,forRent,3,1200,,1195,104,https://www.zillow.com/homedetails/203-Lynn-Ln-Lonoke-AR-72086/260453_zpid/,,105000,2026-09-02T00:00:00.000Z,Price change,2026-06-30T00:00:00.000Z,Price change,2026-06-15T00:00:00.000Z,Listed for rent,2026-06-01T00:00:00.000Z,Listing removed,2026-05-14T00:00:00.000Z,Listed for rent,2022-05-19T00:00:00.000Z,Sold,2022-05-13T00:00:00.000Z,Contingent,2022-05-05T00:00:00.000Z,Listed for sale,2014-05-30T00:00:00.000Z,Sold,2014-02-20T00:00:00.000Z,Sold,2014-01-11T00:00:00.000Z,Listed for sale,,,,,,,,,,,,,,,,,,,,,,,,,,,,,,,,,,,,,,
"140 Dolphin Rd, Humnoke, AR 72072",140 Dolphin Rd,Humnoke,AR,,forRent,3,1577,,900,11,https://www.zillow.com/homedetails/140-Dolphin-Rd-Humnoke-AR-72072/2077399951_zpid/,,,2026-09-17T00:00:00.000Z,Listed for rent,2026-06-01T00:00:00.000Z,Listing removed,2026-03-04T00:00:00.000Z,Listed for rent,2025-09-10T00:00:00.000Z,Listing removed,2025-08-12T00:00:00.000Z,Listed for rent,2023-08-28T00:00:00.000Z,Listing removed,2023-08-14T00:00:00.000Z,Listed for rent,2023-08-04T00:00:00.000Z,Listing removed,2023-06-20T00:00:00.000Z,Listed for rent,2022-07-10T00:00:00.000Z,Listing removed,2022-07-01T00:00:00.000Z,Price change,2022-06-25T00:00:00.000Z,Listed for rent,2020-10-29T00:00:00.000Z,Listing removed,2020-10-22T00:00:00.000Z,Listed for rent,,,,,,,,,,,,,,,,,,,,,,,,,,,,,,,,
"17 Farrah St, Ward, AR 72176",17 Farrah St,Ward,AR,,forRent,3,1563,,1250,110,https://www.zillow.com/homedetails/17-Farrah-St-Ward-AR-72176/52495486_zpid/,,,2026-06-09T00:00:00.000Z,Listed for rent,2025-05-24T00:00:00.000Z,Listing removed,2025-05-06T00:00:00.000Z,Price change,2025-04-20T00:00:00.000Z,Listed for rent,2017-02-23T00:00:00.000Z,Listing removed,2017-02-17T00:00:00.000Z,Listed for rent,2014-02-28T00:00:00.000Z,Listing removed,2014-02-05T00:00:00.000Z,Price change,2014-01-29T00:00:00.000Z,Price change,2013-12-14T00:00:00.000Z,Price change,2013-11-30T00:00:00.000Z,Listed for sale,2013-10-25T00:00:00.000Z,Listing removed,2013-09-19T00:00:00.000Z,Price change,2013-09-18T00:00:00.000Z,Price change,2013-06-29T00:00:00.000Z,Listed for sale,,,,,,,,,,,,,,,,,,,,,,,,,,,,,,
"8024 Chesapeake Trl, Bauxite, AR 72011",8024 Chesapeake Trl,Bauxite,AR,,forRent,3,1248,,1345,19,https://www.zillow.com/homedetails/8024-Chesapeake-Trl-Bauxite-AR-72011/457082320_zpid/,,,2026-09-09T00:00:00.000Z,Listed for rent,2026-08-14T00:00:00.000Z,Listing removed,2026-07-24T00:00:00.000Z,Price change,2026-07-23T00:00:00.000Z,Listed for sale,2025-10-02T00:00:00.000Z,Listing removed,2025-09-30T00:00:00.000Z,Listed for sale,,,,,,,,,,,,,,,,,,,,,,,,,,,,,,,,,,,,,,,,,,,,,,,,
"18 War Eagle Dr, Cabot, AR 72023",18 War Eagle Dr,Cabot,AR,,forRent,3,1278,,1300,5,https://www.zillow.com/homedetails/18-War-Eagle-Dr-Cabot-AR-72023/35732196_zpid/,,130000,2026-09-23T00:00:00.000Z,Listing removed,2026-09-22T00:00:00.000Z,Listed for rent,2026-08-28T00:00:00.000Z,Listed for sale,2026-08-25T00:00:00.000Z,Listing removed,2026-08-18T00:00:00.000Z,Price change,2026-08-01T00:00:00.000Z,Listed for sale,2026-02-02T00:00:00.000Z,Sold,,,,,,,,,,,,,,,,,,,,,,,,,,,,,,,,,,,,,,,,,,,,,,
"831 Richfield Rd, Jacksonville, AR 72076",831 Richfield Rd,Jacksonville,AR,,forRent,3,,,1400,8,https://www.zillow.com/homedetails/831-Richfield-Rd-Jacksonville-AR-72076/250171_zpid/,,0,2026-09-19T00:00:00.000Z,Listed for rent,2014-08-18T00:00:00.000Z,Sold,,,,,,,,,,,,,,,,,,,,,,,,,,,,,,,,,,,,,,,,,,,,,,,,,,,,,,,,
"42 Winners Cir, Cabot, AR 72023",42 Winners Cir,Cabot,AR,,forRent,3,1521,,1850,17,https://www.zillow.com/homedetails/42-Winners-Cir-Cabot-AR-72023/72176611_zpid/,,196500,2026-08-07T00:00:00.000Z,Listed for rent,2025-10-07T00:00:00.000Z,Listing removed,2025-09-15T00:00:00.000Z,Listed for rent,2025-07-09T00:00:00.000Z,Sold,2025-04-28T00:00:00.000Z,Price change,2025-04-14T00:00:00.000Z,Price change,2025-04-03T00:00:00.000Z,Price change,2025-03-27T00:00:00.000Z,Listed for sale,,,,,,,,,,,,,,,,,,,,,,,,,,,,,,,,,,,,,,,,,,,,
"72 Branchwood Ln, Austin, AR 72007",72 Branchwood Ln,Austin,AR,,forRent,3,1216,,1200,31,https://www.zillow.com/homedetails/72-Branchwood-Ln-Austin-AR-72007/252707_zpid/,,1710000,2026-08-27T00:00:00.000Z,Price change,2022-12-04T00:00:00.000Z,Listed for rent,2021-02-23T00:00:00.000Z,Listing removed,2020-08-27T00:00:00.000Z,Listing removed,2020-08-03T00:00:00.000Z,Listed for rent,2019-06-08T00:00:00.000Z,Listing removed,2019-06-05T00:00:00.000Z,Listed for rent,2018-11-12T00:00:00.000Z,Listing removed,2018-11-09T00:00:00.000Z,Listed for rent,2015-01-30T00:00:00.000Z,Sold,2009-07-17T00:00:00.000Z,Sold,,,,,,,,,,,,,,,,,,,,,,,,,,,,,,,,,,,,,,
"20 Ponderosa Dr, Lonoke, AR 72086",20 Ponderosa Dr,Lonoke,AR,,forRent,3,2256,,2300,9,https://www.zillow.com/homedetails/20-Ponderosa-Dr-Lonoke-AR-72086/260773_zpid/,,215000,2026-09-18T00:00:00.000Z,Listed for rent,2025-09-05T00:00:00.000Z,Listing removed,2025-08-22T00:00:00.000Z,Listed for rent,2022-08-05T00:00:00.000Z,Sold,2022-06-21T00:00:00.000Z,Contingent,2022-06-17T00:00:00.000Z,Listed for sale,2017-02-26T00:00:00.000Z,Listing removed,2016-11-07T00:00:00.000Z,Listed for sale,2015-11-04T00:00:00.000Z,Listing removed,2015-08-21T00:00:00.000Z,Listed for sale,2014-12-19T00:00:00.000Z,Sold,,,,,,,,,,,,,,,,,,,,,,,,,,,,,,,,,,,,,,
"103 E Concord Rd, Mayflower, AR 72106",103 E Concord Rd,Mayflower,AR,,forRent,3,1413,,1660,19,https://www.zillow.com/homedetails/103-E-Concord-Rd-Mayflower-AR-72106/463058000_zpid/,,,2026-09-09T00:00:00.000Z,Listed for rent,2026-08-14T00:00:00.000Z,Listing removed,2026-07-20T00:00:00.000Z,Price change,2026-06-09T00:00:00.000Z,Listed for sale,,,,,,,,,,,,,,,,,,,,,,,,,,,,,,,,,,,,,,,,,,,,,,,,,,,,
"2816 SW Arlington Blvd, Bentonville, AR 72713",2816 SW Arlington Blvd,Bentonville,AR,,forRent,3,2152,,2900,4,https://www.zillow.com/homedetails/2816-SW-Arlington-Blvd-Bentonville-AR-72713/2057633735_zpid/,,438000,2026-09-23T00:00:00.000Z,Listed for rent,2024-09-25T00:00:00.000Z,Sold,2024-08-16T00:00:00.000Z,Listed for sale,2024-04-24T00:00:00.000Z,Sold,2023-10-23T00:00:00.000Z,Listed for sale,2023-08-02T00:00:00.000Z,Listing removed,2023-05-16T00:00:00.000Z,Listed for sale,,,,,,,,,,,,,,,,,,,,,,,,,,,,,,,,,,,,,,,,,,,,,,
"640 Cherub Dr, Conway, AR 72034",640 Cherub Dr,Conway,AR,,forRent,3,1144,,1500,14,https://www.zillow.com/homedetails/640-Cherub-Dr-Conway-AR-72034/242932_zpid/,,180000,2026-09-13T00:00:00.000Z,Listed for rent,2026-08-28T00:00:00.000Z,Sold,2026-08-27T00:00:00.000Z,Contingent,2026-07-26T00:00:00.000Z,Listed for sale,2018-04-26T00:00:00.000Z,Sold,2013-10-04T00:00:00.000Z,Sold,2010-09-24T00:00:00.000Z,Sold,,,,,,,,,,,,,,,,,,,,,,,,,,,,,,,,,,,,,,,,,,,,,,
"1315 Fairlane Dr, Conway, AR 72034",1315 Fairlane Dr,Conway,AR,,forRent,3,1288,,1300,6,https://www.zillow.com/homedetails/1315-Fairlane-Dr-Conway-AR-72034/234174_zpid/,,77000,2026-09-21T00:00:00.000Z,Listed for rent,2021-06-18T00:00:00.000Z,Sold,2014-11-12T00:00:00.000Z,Sold,1999-09-27T00:00:00.000Z,Sold,,,,,,,,,,,,,,,,,,,,,,,,,,,,,,,,,,,,,,,,,,,,,,,,,,,,
"6005 Coywolf, Maumelle, AR 72113",6005 Coywolf,Maumelle,AR,,forRent,4,1955,,2300,11,https://www.zillow.com/homedetails/6005-Coywolf-Maumelle-AR-72113/465322717_zpid/,,,2026-09-16T00:00:00.000Z,Listed for rent,,,,,,,,,,,,,,,,,,,,,,,,,,,,,,,,,,,,,,,,,,,,,,,,,,,,,,,,,,
"65 Swayze Rhys Ln, Cabot, AR 72023",65 Swayze Rhys Ln,Cabot,AR,,forRent,3,1633,,1675,45,https://www.zillow.com/homedetails/65-Swayze-Rhys-Ln-Cabot-AR-72023/2052994194_zpid/,,213925,2026-09-08T00:00:00.000Z,Price change,2026-08-13T00:00:00.000Z,Listed for rent,2024-05-01T00:00:00.000Z,Sold,2024-04-05T00:00:00.000Z,Contingent,2024-02-09T00:00:00.000Z,Price change,2024-02-01T00:00:00.000Z,Listed for sale,,,,,,,,,,,,,,,,,,,,,,,,,,,,,,,,,,,,,,,,,,,,,,,,
"3802 Pinecrest Ln, Maumelle, AR 72113",3802 Pinecrest Ln,Maumelle,AR,,forRent,4,2435,,2550,24,https://www.zillow.com/homedetails/3802-Pinecrest-Ln-Maumelle-AR-72113/465038347_zpid/,,,2026-09-22T00:00:00.000Z,Price change,2026-09-15T00:00:00.000Z,Price change,2026-09-03T00:00:00.000Z,Listed for rent,,,,,,,,,,,,,,,,,,,,,,,,,,,,,,,,,,,,,,,,,,,,,,,,,,,,,,
"155 Maddison Dr, Cabot, AR 72023",155 Maddison Dr,Cabot,AR,,forRent,4,1600,,1535,13,https://www.zillow.com/homedetails/155-Maddison-Dr-Cabot-AR-72023/465236137_zpid/,,,2026-09-14T00:00:00.000Z,Listed for rent,,,,,,,,,,,,,,,,,,,,,,,,,,,,,,,,,,,,,,,,,,,,,,,,,,,,,,,,,,
"2400 SW Ednruance Way #2, Maumelle, AR 72113",2400 SW Ednruance Way #2,Maumelle,AR,,forRent,3,1200,,1995,97,https://www.zillow.com/homedetails/2400-SW-Ednruance-Way-2-Maumelle-AR-72113/463401793_zpid/,,,2026-09-08T00:00:00.000Z,Price change,2026-06-23T00:00:00.000Z,Listed for rent,,,,,,,,,,,,,,,,,,,,,,,,,,,,,,,,,,,,,,,,,,,,,,,,,,,,,,,,
"35 Foster Louis Ln, Cabot, AR 72023",35 Foster Louis Ln,Cabot,AR,,forRent,3,1234,,1455,30,https://www.zillow.com/homedetails/35-Foster-Louis-Ln-Cabot-AR-72023/349183675_zpid/,,,2026-08-28T00:00:00.000Z,Listed for rent,2024-08-07T00:00:00.000Z,Listing removed,2024-08-06T00:00:00.000Z,Listed for rent,2024-08-06T00:00:00.000Z,Listing removed,2024-05-04T00:00:00.000Z,Listed for rent,,,,,,,,,,,,,,,,,,,,,,,,,,,,,,,,,,,,,,,,,,,,,,,,,,
"105 Maddison Rachael, Cabot, AR 72023",105 Maddison Rachael,Cabot,AR,,forRent,4,1459,,1460,19,https://www.zillow.com/homedetails/105-Maddison-Rachael-Cabot-AR-72023/463333812_zpid/,,,2026-09-09T00:00:00.000Z,Listed for rent,2026-08-14T00:00:00.000Z,Listing removed,2026-08-04T00:00:00.000Z,Price change,2026-07-20T00:00:00.000Z,Price change,2026-06-18T00:00:00.000Z,Listed for sale,,,,,,,,,,,,,,,,,,,,,,,,,,,,,,,,,,,,,,,,,,,,,,,,,,
"120 Nona Ruth Ln, Cabot, AR 72023",120 Nona Ruth Ln,Cabot,AR,,forRent,3,1402,,1410,19,https://www.zillow.com/homedetails/120-Nona-Ruth-Ln-Cabot-AR-72023/464079221_zpid/,,,2026-09-09T00:00:00.000Z,Listed for rent,2026-08-14T00:00:00.000Z,Listing removed,2026-07-24T00:00:00.000Z,Price change,2026-07-23T00:00:00.000Z,Listed for sale,,,,,,,,,,,,,,,,,,,,,,,,,,,,,,,,,,,,,,,,,,,,,,,,,,,,
"25 Maddison Rachael, Cabot, AR 72023",25 Maddison Rachael,Cabot,AR,,forRent,3,1248,,1310,19,https://www.zillow.com/homedetails/25-Maddison-Rachael-Cabot-AR-72023/460872609_zpid/,,,2026-09-09T00:00:00.000Z,Listed for rent,2026-08-14T00:00:00.000Z,Listing removed,2026-07-24T00:00:00.000Z,Price change,2026-07-20T00:00:00.000Z,Price change,2026-07-17T00:00:00.000Z,Price change,2026-07-09T00:00:00.000Z,Price change,2026-07-06T00:00:00.000Z,Price change,2026-06-25T00:00:00.000Z,Price change,2026-06-17T00:00:00.000Z,Price change,2026-04-30T00:00:00.000Z,Price change,2026-04-24T00:00:00.000Z,Price change,2026-04-07T00:00:00.000Z,Price change,2026-03-31T00:00:00.000Z,Price change,2026-03-13T00:00:00.000Z,Price change,2026-03-05T00:00:00.000Z,Listed for sale,,,,,,,,,,,,,,,,,,,,,,,,,,,,,,
"115 Maddison Rachael, Cabot, AR 72023",115 Maddison Rachael,Cabot,AR,,forRent,3,1373,,1410,19,https://www.zillow.com/homedetails/115-Maddison-Rachael-Cabot-AR-72023/463940284_zpid/,,,2026-09-09T00:00:00.000Z,Listed for rent,2026-08-14T00:00:00.000Z,Listing removed,2026-08-04T00:00:00.000Z,Price change,2026-07-20T00:00:00.000Z,Price change,2026-07-17T00:00:00.000Z,Listed for sale,,,,,,,,,,,,,,,,,,,,,,,,,,,,,,,,,,,,,,,,,,,,,,,,,,
"140 Nona Ruth Ln, Cabot, AR 72023",140 Nona Ruth Ln,Cabot,AR,,forRent,3,1402,,1410,13,https://www.zillow.com/homedetails/140-Nona-Ruth-Ln-Cabot-AR-72023/464348901_zpid/,,,2026-09-14T00:00:00.000Z,Listed for rent,2026-08-18T00:00:00.000Z,Listing removed,2026-08-07T00:00:00.000Z,Price change,2026-08-06T00:00:00.000Z,Price change,2026-08-06T00:00:00.000Z,Listed for sale,,,,,,,,,,,,,,,,,,,,,,,,,,,,,,,,,,,,,,,,,,,,,,,,,,
"60 Leruss Blvd, Cabot, AR 72023",60 Leruss Blvd,Cabot,AR,,forRent,3,1422,,1399,54,https://www.zillow.com/homedetails/60-Leruss-Blvd-Cabot-AR-72023/342062290_zpid/,,203000,2026-09-14T00:00:00.000Z,Price change,2026-08-27T00:00:00.000Z,Price change,2026-08-04T00:00:00.000Z,Listed for rent,2024-06-22T00:00:00.000Z,Listing removed,2024-06-15T00:00:00.000Z,Listed for rent,2024-06-11T00:00:00.000Z,Sold,2024-04-10T00:00:00.000Z,Listing removed,2024-04-04T00:00:00.000Z,Price change,2024-03-02T00:00:00.000Z,Price change,2024-02-27T00:00:00.000Z,Listed for sale,,,,,,,,,,,,,,,,,,,,,,,,,,,,,,,,,,,,,,,,
"110 Nona Ruth Ln, Cabot, AR 72023",110 Nona Ruth Ln,Cabot,AR,,forRent,3,1248,,1310,19,https://www.zillow.com/homedetails/110-Nona-Ruth-Ln-Cabot-AR-72023/463333813_zpid/,,,2026-09-09T00:00:00.000Z,Listed for rent,2026-08-14T00:00:00.000Z,Listing removed,2026-08-04T00:00:00.000Z,Price change,2026-07-24T00:00:00.000Z,Price change,2026-07-20T00:00:00.000Z,Price change,2026-07-09T00:00:00.000Z,Price change,2026-06-18T00:00:00.000Z,Listed for sale,,,,,,,,,,,,,,,,,,,,,,,,,,,,,,,,,,,,,,,,,,,,,,
"100 Nona Ruth Ln, Cabot, AR 72023",100 Nona Ruth Ln,Cabot,AR,,forRent,4,1459,,1460,19,https://www.zillow.com/homedetails/100-Nona-Ruth-Ln-Cabot-AR-72023/463333811_zpid/,,,2026-09-09T00:00:00.000Z,Listed for rent,2026-08-14T00:00:00.000Z,Listing removed,2026-08-04T00:00:00.000Z,Price change,2026-07-20T00:00:00.000Z,Price change,2026-07-06T00:00:00.000Z,Price change,2026-06-18T00:00:00.000Z,Listed for sale,,,,,,,,,,,,,,,,,,,,,,,,,,,,,,,,,,,,,,,,,,,,,,,,
"10700 Mason Dr, North Little Rock, AR 72113",10700 Mason Dr,North Little Rock,AR,,forRent,3,1248,,1700,19,https://www.zillow.com/homedetails/10700-Mason-Dr-North-Little-Rock-AR-72113/457082284_zpid/,,204325,2026-09-08T00:00:00.000Z,Listed for rent,2026-03-11T00:00:00.000Z,Sold,2026-01-15T00:00:00.000Z,Contingent,2025-12-30T00:00:00.000Z,Listed for sale,2025-10-30T00:00:00.000Z,Listing removed,2025-09-30T00:00:00.000Z,Listed for sale,,,,,,,,,,,,,,,,,,,,,,,,,,,,,,,,,,,,,,,,,,,,,,,,
"1610 Raden St, Conway, AR 72032",1610 Raden St,Conway,AR,,forRent,3,1243,,1650,46,https://www.zillow.com/homedetails/1610-Raden-St-Conway-AR-72032/2066419442_zpid/,,,2026-08-12T00:00:00.000Z,Listed for rent,2025-10-04T00:00:00.000Z,Listing removed,2025-10-03T00:00:00.000Z,Listed for rent,2025-10-03T00:00:00.000Z,Listing removed,2025-07-18T00:00:00.000Z,Listed for rent,2023-12-30T00:00:00.000Z,Listing removed,2023-12-29T00:00:00.000Z,Listed for rent,2023-12-28T00:00:00.000Z,Listing removed,2023-12-01T00:00:00.000Z,Price change,2023-09-08T00:00:00.000Z,Listed for rent,2023-04-19T00:00:00.000Z,Listing removed,2023-03-28T00:00:00.000Z,Listed for rent,2022-04-21T00:00:00.000Z,Listing removed,2022-02-16T00:00:00.000Z,Listed for rent,,,,,,,,,,,,,,,,,,,,,,,,,,,,,,,,
"113 Lucy Ln, Maumelle, AR 72113",113 Lucy Ln,Maumelle,AR,,forRent,3,1051,,1460,19,https://www.zillow.com/homedetails/113-Lucy-Ln-Maumelle-AR-72113/463057776_zpid/,,,2026-09-09T00:00:00.000Z,Listed for rent,2026-08-14T00:00:00.000Z,Listing removed,2026-08-10T00:00:00.000Z,Price change,2026-07-17T00:00:00.000Z,Price change,2026-07-13T00:00:00.000Z,Price change,2026-07-09T00:00:00.000Z,Price change,2026-07-06T00:00:00.000Z,Price change,2026-06-09T00:00:00.000Z,Listed for sale,,,,,,,,,,,,,,,,,,,,,,,,,,,,,,,,,,,,,,,,,,,,
"1155 Mimosa Dr, Conway, AR 72034",1155 Mimosa Dr,Conway,AR,,forRent,3,1236,,1400,23,https://www.zillow.com/homedetails/1155-Mimosa-Dr-Conway-AR-72034/35730018_zpid/,,78000,2026-09-04T00:00:00.000Z,Listed for rent,2025-06-19T00:00:00.000Z,Listing removed,2025-06-16T00:00:00.000Z,Listed for rent,2023-09-26T00:00:00.000Z,Listing removed,2023-09-11T00:00:00.000Z,Listed for rent,2019-06-13T00:00:00.000Z,Listing removed,2019-06-05T00:00:00.000Z,Listed for rent,2001-06-27T00:00:00.000Z,Sold,,,,,,,,,,,,,,,,,,,,,,,,,,,,,,,,,,,,,,,,,,,,
"4555 Graham Dr, Conway, AR 72034",4555 Graham Dr,Conway,AR,,forRent,3,1192,,1400,45,https://www.zillow.com/homedetails/4555-Graham-Dr-Conway-AR-72034/59917944_zpid/,,185000,2026-08-13T00:00:00.000Z,Listed for rent,2024-10-02T00:00:00.000Z,Listing removed,2024-09-23T00:00:00.000Z,Listed for rent,2023-07-28T00:00:00.000Z,Sold,2023-06-28T00:00:00.000Z,Contingent,2023-06-28T00:00:00.000Z,Listed for sale,2021-03-24T00:00:00.000Z,Listing removed,2016-11-28T00:00:00.000Z,Listing removed,2016-11-28T00:00:00.000Z,Listed for sale,2016-09-29T00:00:00.000Z,Sold,2016-09-06T00:00:00.000Z,Pending sale,2016-07-30T00:00:00.000Z,Price change,2016-07-21T00:00:00.000Z,Listed for sale,2011-06-21T00:00:00.000Z,Sold,2005-10-20T00:00:00.000Z,Sold,,,,,,,,,,,,,,,,,,,,,,,,,,,,,,
"1810 Rich Smith Ln, Conway, AR 72032",1810 Rich Smith Ln,Conway,AR,,forRent,3,2310,,2500,62,https://www.zillow.com/homedetails/1810-Rich-Smith-Ln-Conway-AR-72032/102992676_zpid/,,,2026-07-27T00:00:00.000Z,Price change,2026-06-22T00:00:00.000Z,Price change,2026-04-22T00:00:00.000Z,Price change,2026-01-07T00:00:00.000Z,Listed for rent,,,,,,,,,,,,,,,,,,,,,,,,,,,,,,,,,,,,,,,,,,,,,,,,,,,,
"1906 Dave Ward Dr, Conway, AR 72034",1906 Dave Ward Dr,Conway,AR,,forRent,3,1335,,1000,47,https://www.zillow.com/homedetails/1906-Dave-Ward-Dr-Conway-AR-72034/2061771487_zpid/,,,2026-08-11T00:00:00.000Z,Listed for rent,2025-12-18T00:00:00.000Z,Listing removed,2025-11-11T00:00:00.000Z,Price change,2025-10-28T00:00:00.000Z,Price change,2025-10-03T00:00:00.000Z,Price change,2025-06-27T00:00:00.000Z,Listed for rent,2024-05-29T00:00:00.000Z,Listing removed,2024-05-14T00:00:00.000Z,Price change,2024-04-23T00:00:00.000Z,Price change,2024-04-15T00:00:00.000Z,Price change,2024-03-18T00:00:00.000Z,Price change,2024-02-16T00:00:00.000Z,Price change,2024-02-13T00:00:00.000Z,Price change,2024-01-31T00:00:00.000Z,Listed for rent,2023-11-30T00:00:00.000Z,Listing removed,2023-11-15T00:00:00.000Z,Listed for rent,2022-10-25T00:00:00.000Z,Listing removed,2022-10-18T00:00:00.000Z,Price change,2022-10-02T00:00:00.000Z,Price change,2022-08-26T00:00:00.000Z,Listed for rent,,,,,,,,,,,,,,,,,,,,
"2635 Clover Ln, Conway, AR 72032",2635 Clover Ln,Conway,AR,,forRent,3,1242,,1400,3,https://www.zillow.com/homedetails/2635-Clover-Ln-Conway-AR-72032/102993152_zpid/,,135000,2026-09-24T00:00:00.000Z,Listed for rent,2024-05-15T00:00:00.000Z,Listing removed,2024-05-08T00:00:00.000Z,Listed for rent,2021-03-24T00:00:00.000Z,Listing removed,2018-11-21T00:00:00.000Z,Listing removed,2018-10-26T00:00:00.000Z,Listed for rent,2018-09-08T00:00:00.000Z,Listing removed,2018-09-06T00:00:00.000Z,Listed for rent,2017-09-15T00:00:00.000Z,Sold,2017-08-24T00:00:00.000Z,Price change,2017-08-05T00:00:00.000Z,Price change,2017-07-28T00:00:00.000Z,Listed for sale,2016-07-05T00:00:00.000Z,Sold,2016-03-30T00:00:00.000Z,Price change,2016-03-20T00:00:00.000Z,Listed for sale,2013-05-23T00:00:00.000Z,Sold,,,,,,,,,,,,,,,,,,,,,,,,,,,,
"2004 Hairston Ave, Conway, AR 72034",2004 Hairston Ave,Conway,AR,,forRent,3,1703,,2800,25,https://www.zillow.com/homedetails/2004-Hairston-Ave-Conway-AR-72034/444384959_zpid/,,,2026-09-02T00:00:00.000Z,Listed for rent,2026-02-25T00:00:00.000Z,Listing removed,2026-01-13T00:00:00.000Z,Listed for rent,2025-12-29T00:00:00.000Z,Listing removed,2025-11-07T00:00:00.000Z,Listed for rent,2025-06-27T00:00:00.000Z,Listing removed,2025-06-10T00:00:00.000Z,Listed for rent,2025-05-29T00:00:00.000Z,Listing removed,2025-03-24T00:00:00.000Z,Price change,2025-01-29T00:00:00.000Z,Price change,2025-01-15T00:00:00.000Z,Listed for rent,2024-11-29T00:00:00.000Z,Listing removed,2024-10-16T00:00:00.000Z,Listed for rent,,,,,,,,,,,,,,,,,,,,,,,,,,,,,,,,,,
"295 Niagra Fls, Conway, AR 72032",295 Niagra Fls,Conway,AR,,forRent,3,1148,,1550,0,https://www.zillow.com/homedetails/295-Niagra-Fls-Conway-AR-72032/35730544_zpid/,,189500,2026-09-27T00:00:00.000Z,Listed for rent,2026-08-31T00:00:00.000Z,Sold,2026-07-20T00:00:00.000Z,Listed for sale,2023-05-31T00:00:00.000Z,Sold,2023-04-23T00:00:00.000Z,Pending sale,2023-04-21T00:00:00.000Z,Listed for sale,2016-05-24T00:00:00.000Z,Listing removed,2016-05-24T00:00:00.000Z,Pending sale,2016-04-29T00:00:00.000Z,Sold,2016-03-13T00:00:00.000Z,Listed for sale,2010-08-10T00:00:00.000Z,Sold,,,,,,,,,,,,,,,,,,,,,,,,,,,,,,,,,,,,,,
"55 Lakeland Dr, Cabot, AR 72023",55 Lakeland Dr,Cabot,AR,,forRent,3,1823,,1800,2,https://www.zillow.com/homedetails/55-Lakeland-Dr-Cabot-AR-72023/99433505_zpid/,,207000,2026-09-25T00:00:00.000Z,Listed for rent,2021-04-16T00:00:00.000Z,Sold,2021-03-12T00:00:00.000Z,Listed for sale,2018-03-16T00:00:00.000Z,Sold,2018-02-02T00:00:00.000Z,Listed for sale,,,,,,,,,,,,,,,,,,,,,,,,,,,,,,,,,,,,,,,,,,,,,,,,,,
"89 Solomon Grove Rd, Damascus, AR 72039",89 Solomon Grove Rd,Damascus,AR,,forRent,3,1456,,1025,18,https://www.zillow.com/homedetails/89-Solomon-Grove-Rd-Damascus-AR-72039/244831_zpid/,,241000,2026-09-09T00:00:00.000Z,Listed for rent,2023-11-27T00:00:00.000Z,Listing removed,2023-11-20T00:00:00.000Z,Price change,2023-10-24T00:00:00.000Z,Listed for rent,2014-10-30T00:00:00.000Z,Sold,,,,,,,,,,,,,,,,,,,,,,,,,,,,,,,,,,,,,,,,,,,,,,,,,,
"22 Marshall Rd N, Vilonia, AR 72173",22 Marshall Rd N,Vilonia,AR,,forRent,3,1500,,1350,22,https://www.zillow.com/homedetails/22-Marshall-Rd-N-Vilonia-AR-72173/52392644_zpid/,,,2026-09-17T00:00:00.000Z,Price change,2026-09-06T00:00:00.000Z,Listed for rent,2025-12-21T00:00:00.000Z,Listing removed,2025-11-17T00:00:00.000Z,Price change,2025-11-12T00:00:00.000Z,Price change,2025-10-27T00:00:00.000Z,Listed for rent,2024-09-06T00:00:00.000Z,Listing removed,2024-08-28T00:00:00.000Z,Price change,2024-08-13T00:00:00.000Z,Price change,2024-07-23T00:00:00.000Z,Listed for rent,,,,,,,,,,,,,,,,,,,,,,,,,,,,,,,,,,,,,,,,
"2804 Bruce St, Conway, AR 72034",2804 Bruce St,Conway,AR,,forRent,3,1232,,1375,20,https://www.zillow.com/homedetails/2804-Bruce-St-Conway-AR-72034/238249_zpid/,,115000,2026-09-07T00:00:00.000Z,Listed for rent,2017-11-12T00:00:00.000Z,Listing removed,2017-11-01T00:00:00.000Z,Listed for rent,2016-07-19T00:00:00.000Z,Listing removed,2016-07-19T00:00:00.000Z,Listed for sale,2016-07-18T00:00:00.000Z,Sold,2016-06-22T00:00:00.000Z,Pending sale,2016-06-09T00:00:00.000Z,Listed for sale,2011-06-20T00:00:00.000Z,Sold,2006-12-04T00:00:00.000Z,Sold,,,,,,,,,,,,,,,,,,,,,,,,,,,,,,,,,,,,,,,,
"63 Autumn Hills Rd, Greenbrier, AR 72058",63 Autumn Hills Rd,Greenbrier,AR,,forRent,3,1420,,1450,12,https://www.zillow.com/homedetails/63-Autumn-Hills-Rd-Greenbrier-AR-72058/82246957_zpid/,,,2026-09-15T00:00:00.000Z,Listed for rent,2025-01-21T00:00:00.000Z,Listing removed,2025-01-17T00:00:00.000Z,Listed for rent,,,,,,,,,,,,,,,,,,,,,,,,,,,,,,,,,,,,,,,,,,,,,,,,,,,,,,
"608 S Baridon St, Conway, AR 72034",608 S Baridon St,Conway,AR,,forRent,3,1997,,1650,9,https://www.zillow.com/homedetails/608-S-Baridon-St-Conway-AR-72034/236173_zpid/,,132500,2026-09-19T00:00:00.000Z,Price change,2026-09-18T00:00:00.000Z,Listed for rent,2026-08-31T00:00:00.000Z,Listing removed,2026-08-18T00:00:00.000Z,Price change,2026-08-08T00:00:00.000Z,Listed for rent,2026-07-28T00:00:00.000Z,Listing removed,2026-07-06T00:00:00.000Z,Listed for rent,2026-04-27T00:00:00.000Z,Listing removed,2026-04-01T00:00:00.000Z,Price change,2022-11-28T00:00:00.000Z,Price change,2022-11-03T00:00:00.000Z,Listed for rent,2018-10-17T00:00:00.000Z,Sold,2018-09-20T00:00:00.000Z,Pending sale,2018-08-24T00:00:00.000Z,Listed for sale,2015-07-07T00:00:00.000Z,Sold,,,,,,,,,,,,,,,,,,,,,,,,,,,,,,
"195 Peach St, Conway, AR 72034",195 Peach St,Conway,AR,,forRent,3,1445,,1650,3,https://www.zillow.com/homedetails/195-Peach-St-Conway-AR-72034/240792_zpid/,,375000,2026-09-24T00:00:00.000Z,Listed for rent,2025-05-04T00:00:00.000Z,Listing removed,2025-04-23T00:00:00.000Z,Listed for rent,2023-02-12T00:00:00.000Z,Listing removed,2023-02-03T00:00:00.000Z,Listed for rent,2021-02-23T00:00:00.000Z,Listing removed,2020-04-28T00:00:00.000Z,Listing removed,2020-04-16T00:00:00.000Z,Listed for rent,2018-05-14T00:00:00.000Z,Listing removed,2018-04-25T00:00:00.000Z,Price change,2018-04-14T00:00:00.000Z,Listed for rent,2013-04-29T00:00:00.000Z,Sold,,,,,,,,,,,,,,,,,,,,,,,,,,,,,,,,,,,,
"202 Skunk Hollow Rd, Conway, AR 72032",202 Skunk Hollow Rd,Conway,AR,,forRent,3,1120,,1425,39,https://www.zillow.com/homedetails/202-Skunk-Hollow-Rd-Conway-AR-72032/228041_zpid/,,116083,2026-09-09T00:00:00.000Z,Listed for rent,2026-08-20T00:00:00.000Z,Listing removed,2026-08-19T00:00:00.000Z,Listed for rent,2026-07-20T00:00:00.000Z,Sold,2026-05-18T00:00:00.000Z,Contingent,2026-05-08T00:00:00.000Z,Listed for sale,2014-12-02T00:00:00.000Z,Sold,,,,,,,,,,,,,,,,,,,,,,,,,,,,,,,,,,,,,,,,,,,,,,
"1306 Bellemeade Dr, Conway, AR 72034",1306 Bellemeade Dr,Conway,AR,,forRent,3,2220,,1775,45,https://www.zillow.com/homedetails/1306-Bellemeade-Dr-Conway-AR-72034/234155_zpid/,,89090,2026-08-13T00:00:00.000Z,Listed for rent,2025-06-20T00:00:00.000Z,Listing removed,2025-05-09T00:00:00.000Z,Listed for rent,2017-12-01T00:00:00.000Z,Listing removed,2017-08-20T00:00:00.000Z,Price change,2017-05-31T00:00:00.000Z,Listed for sale,2013-10-16T00:00:00.000Z,Listing removed,2013-07-18T00:00:00.000Z,Listed for sale,2013-04-01T00:00:00.000Z,Sold,2012-06-28T00:00:00.000Z,Sold,,,,,,,,,,,,,,,,,,,,,,,,,,,,,,,,,,,,,,,,
"1955 Bellingrath Gdns, Conway, AR 72034",1955 Bellingrath Gdns,Conway,AR,,forRent,3,1752,,2000,26,https://www.zillow.com/homedetails/1955-Bellingrath-Gdns-Conway-AR-72034/119403911_zpid/,,199900,2026-09-01T00:00:00.000Z,Listed for rent,2025-09-17T00:00:00.000Z,Listing removed,2025-09-05T00:00:00.000Z,Price change,2025-08-27T00:00:00.000Z,Listed for rent,2025-05-28T00:00:00.000Z,Listing removed,2025-05-09T00:00:00.000Z,Listed for rent,2024-01-01T00:00:00.000Z,Listing removed,2023-12-15T00:00:00.000Z,Listed for rent,2018-04-02T00:00:00.000Z,Sold,2018-02-03T00:00:00.000Z,Listed for sale,2016-07-01T00:00:00.000Z,Listing removed,2015-10-23T00:00:00.000Z,Price change,2015-09-29T00:00:00.000Z,Listed for sale,,,,,,,,,,,,,,,,,,,,,,,,,,,,,,,,,,
"1930 College Ave, Conway, AR 72034",1930 College Ave,Conway,AR,,forRent,3,1926,,3100,25,https://www.zillow.com/homedetails/1930-College-Ave-Conway-AR-72034/237634_zpid/,,160268,2026-09-02T00:00:00.000Z,Listed for rent,2026-03-18T00:00:00.000Z,Listing removed,2026-02-19T00:00:00.000Z,Price change,2026-02-05T00:00:00.000Z,Listed for rent,2026-01-28T00:00:00.000Z,Listing removed,2026-01-13T00:00:00.000Z,Listed for rent,2025-09-23T00:00:00.000Z,Listing removed,2025-08-26T00:00:00.000Z,Price change,2025-08-07T00:00:00.000Z,Price change,2025-07-30T00:00:00.000Z,Listed for rent,2025-06-27T00:00:00.000Z,Listing removed,2025-06-10T00:00:00.000Z,Listed for rent,2025-05-29T00:00:00.000Z,Listing removed,2025-03-22T00:00:00.000Z,Price change,2025-02-10T00:00:00.000Z,Listed for rent,2025-02-01T00:00:00.000Z,Listing removed,2025-01-15T00:00:00.000Z,Listed for rent,2024-12-10T00:00:00.000Z,Listing removed,2024-11-30T00:00:00.000Z,Listed for rent,2024-11-23T00:00:00.000Z,Listing removed,2024-10-16T00:00:00.000Z,Listed for rent,2023-05-02T00:00:00.000Z,Sold,2023-02-20T00:00:00.000Z,Price change,2023-01-29T00:00:00.000Z,Listed for sale,2013-08-23T00:00:00.000Z,Sold,,,,,,,,,,
"4540 Thompson St, Conway, AR 72034",4540 Thompson St,Conway,AR,,forRent,3,1195,,1450,32,https://www.zillow.com/homedetails/4540-Thompson-St-Conway-AR-72034/52392329_zpid/,,110000,2026-08-26T00:00:00.000Z,Listed for rent,2024-05-02T00:00:00.000Z,Listing removed,2024-04-25T00:00:00.000Z,Listed for rent,2022-08-10T00:00:00.000Z,Listing removed,2022-07-30T00:00:00.000Z,Listed for rent,2021-08-09T00:00:00.000Z,Listing removed,2021-08-04T00:00:00.000Z,Listed for rent,2012-06-11T00:00:00.000Z,Sold,2011-02-21T00:00:00.000Z,Sold,2003-05-13T00:00:00.000Z,Sold,,,,,,,,,,,,,,,,,,,,,,,,,,,,,,,,,,,,,,,,
"1845 Arden Ln, Conway, AR 72034",1845 Arden Ln,Conway,AR,,forRent,3,1205,,1575,13,https://www.zillow.com/homedetails/1845-Arden-Ln-Conway-AR-72034/71714882_zpid/,,139000,2026-08-30T00:00:00.000Z,Price change,2026-07-17T00:00:00.000Z,Listed for rent,2024-07-03T00:00:00.000Z,Listing removed,2024-06-25T00:00:00.000Z,Listed for rent,2023-02-27T00:00:00.000Z,Listing removed,2023-02-22T00:00:00.000Z,Listed for rent,2021-01-19T00:00:00.000Z,Listing removed,2021-01-09T00:00:00.000Z,Listed for rent,2020-12-16T00:00:00.000Z,Sold,,,,,,,,,,,,,,,,,,,,,,,,,,,,,,,,,,,,,,,,,,
"(Undisclosed Address), Conway, AR 72034",(Undisclosed Address),Conway,AR,,forRent,3,1689,,1750,27,https://www.zillow.com/homedetails/Conway-AR-72034/241235_zpid/,,131000,2026-09-01T00:00:00.000Z,Price change,2026-07-12T00:00:00.000Z,Listed for rent,2026-06-15T00:00:00.000Z,Listing removed,2026-05-25T00:00:00.000Z,Listed for rent,2026-05-16T00:00:00.000Z,Listing removed,2026-04-25T00:00:00.000Z,Listed for rent,2024-05-02T00:00:00.000Z,Listing removed,2024-04-11T00:00:00.000Z,Listed for rent,2021-08-22T00:00:00.000Z,Listing removed,2021-08-02T00:00:00.000Z,Listed for rent,2013-04-18T00:00:00.000Z,Sold,2013-02-04T00:00:00.000Z,Sold,2006-01-27T00:00:00.000Z,Sold,,,,,,,,,,,,,,,,,,,,,,,,,,,,,,,,,,
"4420 Oregon Trl, Conway, AR 72034",4420 Oregon Trl,Conway,AR,,forRent,3,1300,,1600,8,https://www.zillow.com/homedetails/4420-Oregon-Trl-Conway-AR-72034/35730660_zpid/,,149100,2026-09-19T00:00:00.000Z,Listed for rent,2025-09-09T00:00:00.000Z,Listing removed,2025-08-11T00:00:00.000Z,Price change,2025-08-08T00:00:00.000Z,Listed for rent,2024-07-04T00:00:00.000Z,Listing removed,2024-06-29T00:00:00.000Z,Listed for rent,2024-04-01T00:00:00.000Z,Listing removed,2024-03-08T00:00:00.000Z,Price change,2024-02-20T00:00:00.000Z,Listed for rent,2022-12-31T00:00:00.000Z,Listing removed,2022-12-22T00:00:00.000Z,Listed for rent,2021-07-26T00:00:00.000Z,Listing removed,2021-07-20T00:00:00.000Z,Listed for rent,2021-03-24T00:00:00.000Z,Listing removed,2020-01-29T00:00:00.000Z,Listing removed,2020-01-25T00:00:00.000Z,Price change,2019-12-27T00:00:00.000Z,Sold,2019-12-27T00:00:00.000Z,Price change,2019-12-13T00:00:00.000Z,Listed for rent,2012-05-29T00:00:00.000Z,Sold,2012-04-12T00:00:00.000Z,Listed for sale,2006-08-11T00:00:00.000Z,Sold,,,,,,,,,,,,,,,,
"2220 Chase Dr, Conway, AR 72034",2220 Chase Dr,Conway,AR,,forRent,3,1582,,1850,73,https://www.zillow.com/homedetails/2220-Chase-Dr-Conway-AR-72034/35730147_zpid/,,141000,2026-07-16T00:00:00.000Z,Listed for rent,2025-04-11T00:00:00.000Z,Listing removed,2025-04-06T00:00:00.000Z,Listed for rent,2025-03-29T00:00:00.000Z,Listing removed,2025-01-19T00:00:00.000Z,Price change,2025-01-18T00:00:00.000Z,Listed for rent,2012-10-25T00:00:00.000Z,Sold,2011-08-25T00:00:00.000Z,Sold,2009-07-29T00:00:00.000Z,Sold,2009-04-13T00:00:00.000Z,Sold,2006-02-08T00:00:00.000Z,Sold,,,,,,,,,,,,,,,,,,,,,,,,,,,,,,,,,,,,,,
"4605 Valiant Dr, Conway, AR 72034",4605 Valiant Dr,Conway,AR,,forRent,3,1324,,1500,77,https://www.zillow.com/homedetails/4605-Valiant-Dr-Conway-AR-72034/52392383_zpid/,,122000,2026-08-01T00:00:00.000Z,Price change,2026-07-13T00:00:00.000Z,Listed for rent,2023-05-19T00:00:00.000Z,Listing removed,2023-05-02T00:00:00.000Z,Listed for rent,2022-04-11T00:00:00.000Z,Listing removed,2022-04-06T00:00:00.000Z,Listed for rent,2011-09-02T00:00:00.000Z,Sold,2011-06-12T00:00:00.000Z,Listed for sale,2008-09-08T00:00:00.000Z,Sold,,,,,,,,,,,,,,,,,,,,,,,,,,,,,,,,,,,,,,,,,,
"100 Donna Kay Dr, Greenbrier, AR 72058",100 Donna Kay Dr,Greenbrier,AR,,forRent,3,1129,,1500,2,https://www.zillow.com/homedetails/100-Donna-Kay-Dr-Greenbrier-AR-72058/35730915_zpid/,,100000,2026-09-25T00:00:00.000Z,Listed for rent,2026-08-28T00:00:00.000Z,Listing removed,2026-08-07T00:00:00.000Z,Listed for rent,2024-03-16T00:00:00.000Z,Listing removed,2024-03-12T00:00:00.000Z,Listed for rent,2013-11-05T00:00:00.000Z,Sold,2013-07-27T00:00:00.000Z,Listing removed,2013-06-23T00:00:00.000Z,Listed for sale,2008-05-05T00:00:00.000Z,Sold,2007-05-22T00:00:00.000Z,Sold,,,,,,,,,,,,,,,,,,,,,,,,,,,,,,,,,,,,,,,,
"2530 Peabody Dr, Conway, AR 72032",2530 Peabody Dr,Conway,AR,,forRent,3,1271,,1500,43,https://www.zillow.com/homedetails/2530-Peabody-Dr-Conway-AR-72032/239829_zpid/,,199000,2026-08-15T00:00:00.000Z,Listed for rent,2025-07-28T00:00:00.000Z,Sold,2025-06-29T00:00:00.000Z,Contingent,2025-06-28T00:00:00.000Z,Listed for sale,2014-12-23T00:00:00.000Z,Sold,2013-09-19T00:00:00.000Z,Sold,2013-06-28T00:00:00.000Z,Listed for sale,2012-12-14T00:00:00.000Z,Listing removed,2012-10-15T00:00:00.000Z,Listed for sale,,,,,,,,,,,,,,,,,,,,,,,,,,,,,,,,,,,,,,,,,,
"607 Timberline Rd, Jacksonville, AR 72076",607 Timberline Rd,Jacksonville,AR,,forRent,3,1305,,1700,22,https://www.zillow.com/homedetails/607-Timberline-Rd-Jacksonville-AR-72076/447645046_zpid/,,,2026-09-05T00:00:00.000Z,Listed for rent,2025-08-07T00:00:00.000Z,Listing removed,2025-07-01T00:00:00.000Z,Price change,2025-04-02T00:00:00.000Z,Price change,2025-02-27T00:00:00.000Z,Listed for rent,2025-02-27T00:00:00.000Z,Listing removed,2025-02-24T00:00:00.000Z,Listed for rent,,,,,,,,,,,,,,,,,,,,,,,,,,,,,,,,,,,,,,,,,,,,,,
"40 Ridge Trl, Sherwood, AR 72120",40 Ridge Trl,Sherwood,AR,,forRent,3,2200,,2100,37,https://www.zillow.com/homedetails/40-Ridge-Trl-Sherwood-AR-72120/232839_zpid/,,230600,2026-08-31T00:00:00.000Z,Price change,2026-08-21T00:00:00.000Z,Listed for rent,2026-08-12T00:00:00.000Z,Listing removed,2026-07-20T00:00:00.000Z,Listed for rent,2026-06-17T00:00:00.000Z,Listing removed,2026-06-02T00:00:00.000Z,Price change,2025-09-19T00:00:00.000Z,Price change,2025-07-22T00:00:00.000Z,Price change,2025-06-24T00:00:00.000Z,Price change,2025-04-15T00:00:00.000Z,Price change,2025-03-14T00:00:00.000Z,Price change,2025-02-27T00:00:00.000Z,Listed for rent,2014-10-03T00:00:00.000Z,Sold,2001-09-05T00:00:00.000Z,Sold,,,,,,,,,,,,,,,,,,,,,,,,,,,,,,,,
"2210 Remington Rd, Conway, AR 72032",2210 Remington Rd,Conway,AR,,forRent,3,1264,,1425,2,https://www.zillow.com/homedetails/2210-Remington-Rd-Conway-AR-72032/239869_zpid/,,120000,2026-09-25T00:00:00.000Z,Listed for rent,2020-05-21T00:00:00.000Z,Listing removed,2020-05-06T00:00:00.000Z,Listed for rent,2018-05-11T00:00:00.000Z,Listing removed,2018-05-04T00:00:00.000Z,Listed for rent,2017-04-19T00:00:00.000Z,Sold,2017-02-08T00:00:00.000Z,Listed for sale,2012-04-27T00:00:00.000Z,Sold,2008-09-03T00:00:00.000Z,Sold,,,,,,,,,,,,,,,,,,,,,,,,,,,,,,,,,,,,,,,,,,
"14457 Skyline Dr, Alexander, AR 72002",14457 Skyline Dr,Alexander,AR,,forRent,3,1974,,1950,13,https://www.zillow.com/homedetails/14457-Skyline-Dr-Alexander-AR-72002/120792053_zpid/,,210000,2026-09-15T00:00:00.000Z,Listed for rent,2021-11-05T00:00:00.000Z,Sold,2015-12-17T00:00:00.000Z,Sold,,,,,,,,,,,,,,,,,,,,,,,,,,,,,,,,,,,,,,,,,,,,,,,,,,,,,,
"5137 Woodstream Dr, Alexander, AR 72002",5137 Woodstream Dr,Alexander,AR,,forRent,3,1460,,1600,9,https://www.zillow.com/homedetails/5137-Woodstream-Dr-Alexander-AR-72002/2078172293_zpid/,,167825,2026-09-18T00:00:00.000Z,Listed for rent,2026-04-27T00:00:00.000Z,Listing removed,2026-04-01T00:00:00.000Z,Listed for rent,2022-11-20T00:00:00.000Z,Listing removed,2022-10-04T00:00:00.000Z,Listed for rent,2020-12-04T00:00:00.000Z,Sold,2020-08-25T00:00:00.000Z,Listing removed,2020-08-20T00:00:00.000Z,Listed for sale,,,,,,,,,,,,,,,,,,,,,,,,,,,,,,,,,,,,,,,,,,,,
"4340 Sloan Dr, Alexander, AR 72002",4340 Sloan Dr,Alexander,AR,,forRent,4,1850,,2140,64,https://www.zillow.com/homedetails/4340-Sloan-Dr-Alexander-AR-72002/442183331_zpid/,,267480,2026-08-09T00:00:00.000Z,Listed for rent,2026-07-28T00:00:00.000Z,Listing removed,2026-07-25T00:00:00.000Z,Listed for rent,2026-07-08T00:00:00.000Z,Listing removed,2026-06-20T00:00:00.000Z,Listed for rent,2025-08-06T00:00:00.000Z,Listing removed,2025-07-11T00:00:00.000Z,Listed for rent,2025-03-25T00:00:00.000Z,Sold,2025-02-10T00:00:00.000Z,Contingent,2025-01-17T00:00:00.000Z,Price change,2025-01-16T00:00:00.000Z,Price change,2024-10-30T00:00:00.000Z,Listed for sale,,,,,,,,,,,,,,,,,,,,,,,,,,,,,,,,,,,,
"2710 Lavern St, Bryant, AR 72022",2710 Lavern St,Bryant,AR,,forRent,3,1281,,1375,2,https://www.zillow.com/homedetails/2710-Lavern-St-Bryant-AR-72022/391293_zpid/,,131000,2026-09-25T00:00:00.000Z,Listed for rent,2024-09-13T00:00:00.000Z,Listing removed,2024-07-12T00:00:00.000Z,Price change,2024-05-17T00:00:00.000Z,Price change,2024-04-05T00:00:00.000Z,Listed for rent,2024-03-25T00:00:00.000Z,Listing removed,2024-03-15T00:00:00.000Z,Listed for rent,2022-03-22T00:00:00.000Z,Listing removed,2022-03-10T00:00:00.000Z,Listed for rent,2020-10-22T00:00:00.000Z,Listing removed,2020-10-13T00:00:00.000Z,Listed for rent,2018-03-15T00:00:00.000Z,Listing removed,2018-02-14T00:00:00.000Z,Sold,2018-01-15T00:00:00.000Z,Listed for rent,2017-12-10T00:00:00.000Z,Listed for sale,2017-08-06T00:00:00.000Z,Sold,2017-05-28T00:00:00.000Z,Price change,2017-04-21T00:00:00.000Z,Listed for sale,2017-03-17T00:00:00.000Z,Sold,2017-02-16T00:00:00.000Z,Listed for sale,,,,,,,,,,,,,,,,,,,,
"22930 Sam Tillery Dr, Alexander, AR 72002",22930 Sam Tillery Dr,Alexander,AR,,forRent,4,1640,,2000,34,https://www.zillow.com/homedetails/22930-Sam-Tillery-Dr-Alexander-AR-72002/464786376_zpid/,,,2026-09-10T00:00:00.000Z,Price change,2026-09-08T00:00:00.000Z,Price change,2026-08-24T00:00:00.000Z,Listed for rent,,,,,,,,,,,,,,,,,,,,,,,,,,,,,,,,,,,,,,,,,,,,,,,,,,,,,,
"2225 Redwood, Benton, AR 72015",2225 Redwood,Benton,AR,,forRent,3,1758,,1800,118,https://www.zillow.com/homedetails/2225-Redwood-Benton-AR-72015/52934068_zpid/,,132000,2026-09-03T00:00:00.000Z,Price change,2026-08-17T00:00:00.000Z,Price change,2026-07-13T00:00:00.000Z,Price change,2026-06-01T00:00:00.000Z,Listed for rent,2025-05-31T00:00:00.000Z,Listing removed,2025-05-17T00:00:00.000Z,Listed for rent,2025-05-16T00:00:00.000Z,Listing removed,2025-04-17T00:00:00.000Z,Listed for rent,2025-04-16T00:00:00.000Z,Listing removed,2024-10-29T00:00:00.000Z,Listed for rent,2023-07-19T00:00:00.000Z,Listing removed,2023-06-20T00:00:00.000Z,Listed for rent,2022-03-04T00:00:00.000Z,Listing removed,2022-02-12T00:00:00.000Z,Listed for rent,2020-08-15T00:00:00.000Z,Listing removed,2020-08-04T00:00:00.000Z,Listed for rent,2019-06-13T00:00:00.000Z,Listing removed,2019-06-04T00:00:00.000Z,Listed for rent,2018-10-16T00:00:00.000Z,Listing removed,2018-08-10T00:00:00.000Z,Price change,2018-08-07T00:00:00.000Z,Listed for rent,2015-07-18T00:00:00.000Z,Listing removed,2015-06-11T00:00:00.000Z,Listed for rent,2014-04-25T00:00:00.000Z,Listing removed,2014-02-22T00:00:00.000Z,Listed for rent,2013-10-18T00:00:00.000Z,Sold,2011-11-01T00:00:00.000Z,Sold,2009-01-13T00:00:00.000Z,Sold,,,,
"3509 Terrace Hill Ct, Benton, AR 72019",3509 Terrace Hill Ct,Benton,AR,,forRent,3,1500,,1400,27,https://www.zillow.com/homedetails/3509-Terrace-Hill-Ct-Benton-AR-72019/124735446_zpid/,,122580,2026-09-08T00:00:00.000Z,Price change,2026-08-31T00:00:00.000Z,Listed for rent,2023-07-09T00:00:00.000Z,Listing removed,2023-07-06T00:00:00.000Z,Listed for rent,2022-03-04T00:00:00.000Z,Sold,2014-09-04T00:00:00.000Z,Sold,,,,,,,,,,,,,,,,,,,,,,,,,,,,,,,,,,,,,,,,,,,,,,,,
"1602 Harmon Dr, Benton, AR 72015",1602 Harmon Dr,Benton,AR,,forRent,4,1881,,1595,10,https://www.zillow.com/homedetails/1602-Harmon-Dr-Benton-AR-72015/384937_zpid/,,100000,2026-09-18T00:00:00.000Z,Listed for rent,2025-09-12T00:00:00.000Z,Listing removed,2025-06-03T00:00:00.000Z,Listed for rent,2025-05-27T00:00:00.000Z,Listing removed,2025-05-22T00:00:00.000Z,Listed for sale,2025-05-13T00:00:00.000Z,Sold,2025-05-13T00:00:00.000Z,Listed for sale,,,,,,,,,,,,,,,,,,,,,,,,,,,,,,,,,,,,,,,,,,,,,,
"2120 Justus Loop, Bryant, AR 72022",2120 Justus Loop,Bryant,AR,,forRent,3,1440,,1500,2,https://www.zillow.com/homedetails/2120-Justus-Loop-Bryant-AR-72022/391757_zpid/,,96000,2026-09-25T00:00:00.000Z,Listed for rent,2023-05-08T00:00:00.000Z,Listing removed,2023-01-27T00:00:00.000Z,Listed for rent,2022-03-04T00:00:00.000Z,Listing removed,2022-02-05T00:00:00.000Z,Listed for rent,2019-04-04T00:00:00.000Z,Listing removed,2019-03-12T00:00:00.000Z,Price change,2018-12-21T00:00:00.000Z,Listed for rent,2018-10-24T00:00:00.000Z,Sold,2018-08-15T00:00:00.000Z,Listed for sale,2018-07-27T00:00:00.000Z,Sold,2018-05-27T00:00:00.000Z,Listed for sale,2018-05-26T00:00:00.000Z,Pending sale,2018-05-26T00:00:00.000Z,Listed for sale,2015-09-10T00:00:00.000Z,Listing removed,2015-08-12T00:00:00.000Z,Listed for sale,2006-05-03T00:00:00.000Z,Sold,,,,,,,,,,,,,,,,,,,,,,,,,,
"404 Marcella Dr, Kings Mountain, NC 28086",404 Marcella Dr,Kings Mountain,NC,,forRent,3,1507,,1799,48,https://www.zillow.com/homedetails/404-Marcella-Dr-Kings-Mountain-NC-28086/214091791_zpid/,,255000,2026-09-23T00:00:00.000Z,Price change,2026-09-16T00:00:00.000Z,Price change,2026-09-09T00:00:00.000Z,Price change,2026-09-02T00:00:00.000Z,Price change,2026-08-25T00:00:00.000Z,Price change,2026-08-18T00:00:00.000Z,Price change,2026-08-11T00:00:00.000Z,Listed for rent,2021-08-17T00:00:00.000Z,Listing removed,2021-08-06T00:00:00.000Z,Price change,2021-07-22T00:00:00.000Z,Listed for rent,2021-06-24T00:00:00.000Z,Sold,2021-06-03T00:00:00.000Z,Pending sale,2021-05-26T00:00:00.000Z,Listed for sale,2016-05-24T00:00:00.000Z,Sold,,,,,,,,,,,,,,,,,,,,,,,,,,,,,,,,
"456 Brinkley Dr, Kings Mountain, NC 28086",456 Brinkley Dr,Kings Mountain,NC,,forRent,3,2175,,2185,10,https://www.zillow.com/homedetails/456-Brinkley-Dr-Kings-Mountain-NC-28086/463854737_zpid/,,295000,2026-09-22T00:00:00.000Z,Price change,2026-09-17T00:00:00.000Z,Listed for rent,2026-08-20T00:00:00.000Z,Sold,2026-07-16T00:00:00.000Z,Pending sale,2026-07-14T00:00:00.000Z,Listed for sale,,,,,,,,,,,,,,,,,,,,,,,,,,,,,,,,,,,,,,,,,,,,,,,,,,
"231 Brinkley Dr, Kings Mountain, NC 28086",231 Brinkley Dr,Kings Mountain,NC,,forRent,5,2400,,2395,73,https://www.zillow.com/homedetails/231-Brinkley-Dr-Kings-Mountain-NC-28086/349365612_zpid/,,332000,2026-09-23T00:00:00.000Z,Price change,2026-08-07T00:00:00.000Z,Price change,2026-07-16T00:00:00.000Z,Listed for rent,2026-07-10T00:00:00.000Z,Sold,2026-05-14T00:00:00.000Z,Listed for sale,2026-05-10T00:00:00.000Z,Listing removed,2026-03-03T00:00:00.000Z,Price change,2026-02-05T00:00:00.000Z,Price change,2025-11-06T00:00:00.000Z,Listed for sale,2024-10-25T00:00:00.000Z,Sold,2024-08-21T00:00:00.000Z,Price change,2024-08-14T00:00:00.000Z,Price change,2024-07-09T00:00:00.000Z,Price change,2024-05-07T00:00:00.000Z,Price change,2024-05-04T00:00:00.000Z,Listed for sale,,,,,,,,,,,,,,,,,,,,,,,,,,,,,,
"36 Stonehaven Dr, Cabot, AR 72023",36 Stonehaven Dr,Cabot,AR,,forRent,3,1360,,1350,6,https://www.zillow.com/homedetails/36-Stonehaven-Dr-Cabot-AR-72023/72176066_zpid/,,,2026-09-21T00:00:00.000Z,Listed for rent,2024-09-13T00:00:00.000Z,Listing removed,2024-07-31T00:00:00.000Z,Listed for rent,2023-04-21T00:00:00.000Z,Listing removed,2023-04-16T00:00:00.000Z,Listed for rent,2023-03-23T00:00:00.000Z,Listing removed,2023-03-18T00:00:00.000Z,Listed for rent,2021-02-27T00:00:00.000Z,Listing removed,2020-04-24T00:00:00.000Z,Listing removed,2020-04-17T00:00:00.000Z,Listed for rent,2019-03-05T00:00:00.000Z,Listing removed,2019-02-05T00:00:00.000Z,Price change,2018-11-07T00:00:00.000Z,Listed for sale,,,,,,,,,,,,,,,,,,,,,,,,,,,,,,,,,,
"158 Ridgeland Dr, Maumelle, AR 72113",158 Ridgeland Dr,Maumelle,AR,,forRent,3,1835,,1975,19,https://www.zillow.com/homedetails/158-Ridgeland-Dr-Maumelle-AR-72113/325729_zpid/,,188900,2026-09-08T00:00:00.000Z,Listed for rent,2025-04-11T00:00:00.000Z,Listing removed,2024-12-03T00:00:00.000Z,Listed for rent,2023-01-20T00:00:00.000Z,Listing removed,2023-01-06T00:00:00.000Z,Listed for rent,2019-11-19T00:00:00.000Z,Listing removed,2019-09-17T00:00:00.000Z,Listed for rent,2018-03-09T00:00:00.000Z,Sold,2018-01-24T00:00:00.000Z,Listed for sale,2014-07-14T00:00:00.000Z,Sold,2014-05-25T00:00:00.000Z,Price change,2014-05-10T00:00:00.000Z,Price change,2014-04-14T00:00:00.000Z,Price change,2014-03-29T00:00:00.000Z,Listed for sale,2013-06-27T00:00:00.000Z,Sold,2001-02-05T00:00:00.000Z,Sold,2000-07-13T00:00:00.000Z,Sold,,,,,,,,,,,,,,,,,,,,,,,,,,
"2721 Timbermist Dr, Benton, AR 72015",2721 Timbermist Dr,Benton,AR,,forRent,3,1200,,1600,28,https://www.zillow.com/homedetails/2721-Timbermist-Dr-Benton-AR-72015/386806_zpid/,,83000,2026-08-30T00:00:00.000Z,Listed for rent,2025-09-01T00:00:00.000Z,Listing removed,2025-06-30T00:00:00.000Z,Price change,2025-03-03T00:00:00.000Z,Price change,2024-12-20T00:00:00.000Z,Listed for rent,2024-12-06T00:00:00.000Z,Listing removed,2024-11-26T00:00:00.000Z,Price change,2024-11-20T00:00:00.000Z,Listed for rent,2024-11-12T00:00:00.000Z,Listing removed,2024-10-30T00:00:00.000Z,Price change,2024-10-23T00:00:00.000Z,Listed for rent,2023-06-20T00:00:00.000Z,Listing removed,2023-06-03T00:00:00.000Z,Listed for rent,2023-05-22T00:00:00.000Z,Listing removed,2023-05-01T00:00:00.000Z,Price change,2023-04-04T00:00:00.000Z,Listed for rent,2021-03-24T00:00:00.000Z,Listing removed,2017-08-01T00:00:00.000Z,Listing removed,2017-07-22T00:00:00.000Z,Listed for rent,2011-04-13T00:00:00.000Z,Sold,2011-02-02T00:00:00.000Z,Listed for sale,,,,,,,,,,,,,,,,,,
"242 Colton Ct, Kings Mountain, NC 28086",242 Colton Ct,Kings Mountain,NC,,forRent,5,2511,,2455,10,https://www.zillow.com/homedetails/242-Colton-Ct-Kings-Mountain-NC-28086/462106908_zpid/,,325000,2026-09-17T00:00:00.000Z,Listed for rent,2026-08-20T00:00:00.000Z,Sold,2026-07-16T00:00:00.000Z,Pending sale,2026-06-16T00:00:00.000Z,Price change,2026-05-01T00:00:00.000Z,Listed for sale,,,,,,,,,,,,,,,,,,,,,,,,,,,,,,,,,,,,,,,,,,,,,,,,,,
"1021 Circle Dr, Benton, AR 72015",1021 Circle Dr,Benton,AR,,forRent,3,1256,,1350,7,https://www.zillow.com/homedetails/1021-Circle-Dr-Benton-AR-72015/386718_zpid/,,50000,2026-09-20T00:00:00.000Z,Listed for rent,2023-03-06T00:00:00.000Z,Listing removed,2023-02-25T00:00:00.000Z,Listed for rent,2020-07-30T00:00:00.000Z,Sold,,,,,,,,,,,,,,,,,,,,,,,,,,,,,,,,,,,,,,,,,,,,,,,,,,,,
"11 W Plaza Blvd, Cabot, AR 72023",11 W Plaza Blvd,Cabot,AR,,forRent,3,1487,,1525,34,https://www.zillow.com/homedetails/11-W-Plaza-Blvd-Cabot-AR-72023/256262_zpid/,,229049,2026-08-24T00:00:00.000Z,Listed for rent,2024-09-13T00:00:00.000Z,Listing removed,2024-07-02T00:00:00.000Z,Listed for rent,2013-02-26T00:00:00.000Z,Sold,,,,,,,,,,,,,,,,,,,,,,,,,,,,,,,,,,,,,,,,,,,,,,,,,,,,
"109 Ann St, Kings Mountain, NC 28086",109 Ann St,Kings Mountain,NC,,forRent,3,1508,,1850,34,https://www.zillow.com/homedetails/109-Ann-St-Kings-Mountain-NC-28086/214091787_zpid/,,126000,2026-09-09T00:00:00.000Z,Price change,2026-08-24T00:00:00.000Z,Listed for rent,2016-05-27T00:00:00.000Z,Sold,,,,,,,,,,,,,,,,,,,,,,,,,,,,,,,,,,,,,,,,,,,,,,,,,,,,,,
"508 SW 4th St, Bryant, AR 72022",508 SW 4th St,Bryant,AR,,forRent,3,1510,,1750,20,https://www.zillow.com/homedetails/508-SW-4th-St-Bryant-AR-72022/391129_zpid/,,231000,2026-09-26T00:00:00.000Z,Price change,2026-09-07T00:00:00.000Z,Listed for rent,2026-07-02T00:00:00.000Z,Listing removed,2026-06-18T00:00:00.000Z,Sold,2026-06-18T00:00:00.000Z,Listed for rent,2026-05-27T00:00:00.000Z,Contingent,2026-05-22T00:00:00.000Z,Price change,2026-05-12T00:00:00.000Z,Price change,2026-05-01T00:00:00.000Z,Price change,2026-04-04T00:00:00.000Z,Listed for sale,2014-11-21T00:00:00.000Z,Sold,,,,,,,,,,,,,,,,,,,,,,,,,,,,,,,,,,,,,,
"110 River Valley Loop, Maumelle, AR 72113",110 River Valley Loop,Maumelle,AR,,forRent,4,2670,,2600,18,https://www.zillow.com/homedetails/110-River-Valley-Loop-Maumelle-AR-72113/79782764_zpid/,,340000,2026-09-10T00:00:00.000Z,Listed for rent,2026-08-14T00:00:00.000Z,Listing removed,2026-06-10T00:00:00.000Z,Listed for sale,2021-06-15T00:00:00.000Z,Sold,2014-12-02T00:00:00.000Z,Sold,2014-11-16T00:00:00.000Z,Listed for sale,2014-09-09T00:00:00.000Z,Listing removed,2014-07-17T00:00:00.000Z,Price change,2014-04-29T00:00:00.000Z,Price change,2014-03-21T00:00:00.000Z,Listed for sale,,,,,,,,,,,,,,,,,,,,,,,,,,,,,,,,,,,,,,,,
"29 Mattie Lene Dr, Ward, AR 72176",29 Mattie Lene Dr,Ward,AR,,forRent,3,1301,,1350,17,https://www.zillow.com/homedetails/29-Mattie-Lene-Dr-Ward-AR-72176/35732499_zpid/,,80000,2026-09-10T00:00:00.000Z,Listed for rent,2026-03-20T00:00:00.000Z,Listing removed,2026-01-05T00:00:00.000Z,Listed for rent,2024-10-09T00:00:00.000Z,Listing removed,2024-09-16T00:00:00.000Z,Listed for rent,2009-05-16T00:00:00.000Z,Listing removed,2009-01-18T00:00:00.000Z,Listed for sale,2005-09-22T00:00:00.000Z,Sold,2004-02-23T00:00:00.000Z,Sold,2003-01-24T00:00:00.000Z,Sold,,,,,,,,,,,,,,,,,,,,,,,,,,,,,,,,,,,,,,,,
"(Undisclosed Address), Kings Mountain, NC 28086",(Undisclosed Address),Kings Mountain,NC,,forRent,5,1750,,1850,13,https://www.zillow.com/homedetails/Kings-Mountain-NC-28086/93015498_zpid/,,37000,2026-09-14T00:00:00.000Z,Listed for rent,2020-09-23T00:00:00.000Z,Sold,2019-09-19T00:00:00.000Z,Listing removed,2019-08-22T00:00:00.000Z,Listed for rent,2018-10-24T00:00:00.000Z,Listing removed,2018-09-21T00:00:00.000Z,Price change,2018-08-16T00:00:00.000Z,Price change,2018-07-25T00:00:00.000Z,Listed for rent,,,,,,,,,,,,,,,,,,,,,,,,,,,,,,,,,,,,,,,,,,,,
"493 Aubrey Woods Dr, Kings Mountain, NC 28086",493 Aubrey Woods Dr,Kings Mountain,NC,,forRent,4,2201,,2495,27,https://www.zillow.com/homedetails/493-Aubrey-Woods-Dr-Kings-Mountain-NC-28086/338483091_zpid/,,352900,2026-09-20T00:00:00.000Z,Listed for rent,2026-09-02T00:00:00.000Z,Listing removed,2026-08-31T00:00:00.000Z,Listed for rent,2026-08-12T00:00:00.000Z,Listing removed,2026-07-23T00:00:00.000Z,Price change,2026-07-03T00:00:00.000Z,Listed for rent,2022-03-11T00:00:00.000Z,Sold,,,,,,,,,,,,,,,,,,,,,,,,,,,,,,,,,,,,,,,,,,,,,,
"203 Logan Dr, Maumelle, AR 72113",203 Logan Dr,Maumelle,AR,,forRent,3,1472,,1835,58,https://www.zillow.com/homedetails/203-Logan-Dr-Maumelle-AR-72113/2057186362_zpid/,,,2026-08-05T00:00:00.000Z,Price change,2026-07-31T00:00:00.000Z,Listed for rent,2024-08-27T00:00:00.000Z,Listing removed,2024-08-01T00:00:00.000Z,Listed for rent,2023-06-19T00:00:00.000Z,Listing removed,2023-06-10T00:00:00.000Z,Listed for rent,,,,,,,,,,,,,,,,,,,,,,,,,,,,,,,,,,,,,,,,,,,,,,,,
"417 Pinnacle Rd, Kings Mountain, NC 28086",417 Pinnacle Rd,Kings Mountain,NC,,forRent,3,1540,,2400,2,https://www.zillow.com/homedetails/417-Pinnacle-Rd-Kings-Mountain-NC-28086/5881659_zpid/,,170500,2026-09-25T00:00:00.000Z,Listed for rent,2022-05-06T00:00:00.000Z,Sold,2004-02-03T00:00:00.000Z,Sold,,,,,,,,,,,,,,,,,,,,,,,,,,,,,,,,,,,,,,,,,,,,,,,,,,,,,,
"538 Belcaro Dr, Kings Mountain, NC 28086",538 Belcaro Dr,Kings Mountain,NC,,forRent,3,1800,,1925,11,https://www.zillow.com/homedetails/538-Belcaro-Dr-Kings-Mountain-NC-28086/339891879_zpid/,,,2026-09-23T00:00:00.000Z,Price change,2026-09-16T00:00:00.000Z,Price change,2026-09-02T00:00:00.000Z,Price change,2026-08-26T00:00:00.000Z,Price change,2026-08-18T00:00:00.000Z,Price change,2026-08-12T00:00:00.000Z,Price change,2026-07-31T00:00:00.000Z,Listed for rent,2025-08-22T00:00:00.000Z,Listing removed,2025-08-12T00:00:00.000Z,Price change,2025-08-06T00:00:00.000Z,Price change,2025-07-30T00:00:00.000Z,Price change,2025-07-22T00:00:00.000Z,Price change,2025-07-15T00:00:00.000Z,Price change,2025-07-08T00:00:00.000Z,Price change,2025-07-01T00:00:00.000Z,Price change,2025-06-25T00:00:00.000Z,Listed for rent,2025-06-23T00:00:00.000Z,Listing removed,2025-06-17T00:00:00.000Z,Listed for rent,2025-04-17T00:00:00.000Z,Listing removed,2025-04-15T00:00:00.000Z,Price change,2025-03-31T00:00:00.000Z,Listed for rent,2022-08-11T00:00:00.000Z,Listing removed,2022-07-15T00:00:00.000Z,Listed for sale,,,,,,,,,,,,,,
"27 Trinity Dr, Cabot, AR 72023",27 Trinity Dr,Cabot,AR,,forRent,3,1442,,1525,37,https://www.zillow.com/homedetails/27-Trinity-Dr-Cabot-AR-72023/113948501_zpid/,,,2026-08-21T00:00:00.000Z,Listed for rent,2025-09-11T00:00:00.000Z,Listing removed,2025-07-29T00:00:00.000Z,Price change,2025-07-03T00:00:00.000Z,Listed for rent,,,,,,,,,,,,,,,,,,,,,,,,,,,,,,,,,,,,,,,,,,,,,,,,,,,,
"44 Kirkland Dr, Cabot, AR 72023",44 Kirkland Dr,Cabot,AR,,forRent,3,2077,,1900,177,https://www.zillow.com/homedetails/44-Kirkland-Dr-Cabot-AR-72023/52495420_zpid/,,,2026-04-03T00:00:00.000Z,Listed for rent,2026-04-03T00:00:00.000Z,Listing removed,2026-02-11T00:00:00.000Z,Listed for rent,2025-09-22T00:00:00.000Z,Listing removed,2025-08-19T00:00:00.000Z,Listing removed,2025-08-17T00:00:00.000Z,Listed for rent,2025-01-03T00:00:00.000Z,Price change,2024-11-04T00:00:00.000Z,Price change,2024-10-10T00:00:00.000Z,Price change,2024-09-24T00:00:00.000Z,Listed for sale,2015-02-21T00:00:00.000Z,Listing removed,2015-01-28T00:00:00.000Z,Price change,2014-11-18T00:00:00.000Z,Price change,2014-08-30T00:00:00.000Z,Listed for rent,2013-05-18T00:00:00.000Z,Listing removed,2013-04-17T00:00:00.000Z,Listed for rent,2012-10-25T00:00:00.000Z,Listing removed,2012-09-25T00:00:00.000Z,Listed for rent,2012-07-12T00:00:00.000Z,Listing removed,2012-06-12T00:00:00.000Z,Price change,2012-05-25T00:00:00.000Z,Listed for rent,2011-08-23T00:00:00.000Z,Listing removed,2010-10-08T00:00:00.000Z,Listed for sale,,,,,,,,,,,,,,
"87 Sycamore Cir, Cabot, AR 72023",87 Sycamore Cir,Cabot,AR,,forRent,3,1252,,1350,44,https://www.zillow.com/homedetails/87-Sycamore-Cir-Cabot-AR-72023/256430_zpid/,,151500,2026-09-14T00:00:00.000Z,Price change,2026-08-29T00:00:00.000Z,Price change,2026-08-14T00:00:00.000Z,Listed for rent,2026-07-17T00:00:00.000Z,Sold,2026-06-05T00:00:00.000Z,Listed for sale,2026-05-27T00:00:00.000Z,Listing removed,2026-05-15T00:00:00.000Z,Listed for rent,2020-06-03T00:00:00.000Z,Sold,2020-02-28T00:00:00.000Z,Sold,2013-03-25T00:00:00.000Z,Sold,,,,,,,,,,,,,,,,,,,,,,,,,,,,,,,,,,,,,,,,
"307 S 4th St, Benton, AR 72015",307 S 4th St,Benton,AR,,forRent,3,1051,,1550,28,https://www.zillow.com/homedetails/307-S-4th-St-Benton-AR-72015/386521_zpid/,,161000,2026-09-21T00:00:00.000Z,Price change,2026-08-31T00:00:00.000Z,Listed for rent,2025-05-30T00:00:00.000Z,Listing removed,2025-05-20T00:00:00.000Z,Sold,2025-05-20T00:00:00.000Z,Listed for rent,2025-04-19T00:00:00.000Z,Contingent,2025-04-18T00:00:00.000Z,Listed for sale,2023-03-31T00:00:00.000Z,Sold,2023-03-02T00:00:00.000Z,Listed for sale,,,,,,,,,,,,,,,,,,,,,,,,,,,,,,,,,,,,,,,,,,
"205 Logan Dr, Maumelle, AR 72113",205 Logan Dr,Maumelle,AR,,forRent,3,1472,,1835,72,https://www.zillow.com/homedetails/205-Logan-Dr-Maumelle-AR-72113/2057186361_zpid/,,,2026-08-05T00:00:00.000Z,Price change,2026-07-17T00:00:00.000Z,Listed for rent,2025-09-04T00:00:00.000Z,Listing removed,2025-09-03T00:00:00.000Z,Listed for rent,2025-09-03T00:00:00.000Z,Listing removed,2025-08-29T00:00:00.000Z,Price change,2025-07-15T00:00:00.000Z,Listed for rent,2023-09-10T00:00:00.000Z,Listing removed,2023-09-09T00:00:00.000Z,Listed for rent,2023-09-08T00:00:00.000Z,Listing removed,2023-06-10T00:00:00.000Z,Listed for rent,,,,,,,,,,,,,,,,,,,,,,,,,,,,,,,,,,,,,,
"117 Logan Dr, Maumelle, AR 72113",117 Logan Dr,Maumelle,AR,,forRent,3,1472,,1835,82,https://www.zillow.com/homedetails/117-Logan-Dr-Maumelle-AR-72113/2057186355_zpid/,,,2026-07-07T00:00:00.000Z,Listed for rent,2023-07-30T00:00:00.000Z,Listing removed,2023-07-29T00:00:00.000Z,Listed for rent,2023-07-29T00:00:00.000Z,Listing removed,2023-06-10T00:00:00.000Z,Listed for rent,,,,,,,,,,,,,,,,,,,,,,,,,,,,,,,,,,,,,,,,,,,,,,,,,,
"5813 Heritage Heights Dr, Benton, AR 72019",5813 Heritage Heights Dr,Benton,AR,,forRent,4,1792,,1695,115,https://www.zillow.com/homedetails/5813-Heritage-Heights-Dr-Benton-AR-72019/71715692_zpid/,,199000,2026-08-27T00:00:00.000Z,Price change,2026-08-12T00:00:00.000Z,Price change,2026-07-29T00:00:00.000Z,Price change,2026-07-15T00:00:00.000Z,Price change,2026-06-04T00:00:00.000Z,Listed for rent,2024-04-06T00:00:00.000Z,Listing removed,2024-03-28T00:00:00.000Z,Listed for rent,2023-07-05T00:00:00.000Z,Listing removed,2023-06-23T00:00:00.000Z,Listed for rent,2022-05-23T00:00:00.000Z,Listing removed,2022-05-17T00:00:00.000Z,Listed for rent,2022-02-23T00:00:00.000Z,Listing removed,2022-02-04T00:00:00.000Z,Price change,2021-12-21T00:00:00.000Z,Listed for rent,2021-11-17T00:00:00.000Z,Sold,2021-11-12T00:00:00.000Z,Contingent,2021-10-13T00:00:00.000Z,Listed for sale,2016-02-17T00:00:00.000Z,Sold,2014-10-06T00:00:00.000Z,Listing removed,2014-07-21T00:00:00.000Z,Price change,2013-10-18T00:00:00.000Z,Listed for sale,,,,,,,,,,,,,,,,,,
"1961 Auburn Hills Dr, Benton, AR 72015",1961 Auburn Hills Dr,Benton,AR,,forRent,3,1470,,1850,55,https://www.zillow.com/homedetails/1961-Auburn-Hills-Dr-Benton-AR-72015/2061982521_zpid/,,210000,2026-08-04T00:00:00.000Z,Sold,2026-08-04T00:00:00.000Z,Listed for rent,2026-08-04T00:00:00.000Z,Contingent,2026-06-22T00:00:00.000Z,Price change,2026-05-30T00:00:00.000Z,Price change,2026-05-06T00:00:00.000Z,Price change,2026-04-27T00:00:00.000Z,Price change,2026-04-02T00:00:00.000Z,Price change,2026-03-31T00:00:00.000Z,Price change,2026-03-28T00:00:00.000Z,Listed for sale,2022-12-16T00:00:00.000Z,Sold,2022-11-18T00:00:00.000Z,Contingent,2022-11-11T00:00:00.000Z,Price change,2022-10-04T00:00:00.000Z,Price change,2022-08-23T00:00:00.000Z,Price change,2022-08-10T00:00:00.000Z,Listed for sale,,,,,,,,,,,,,,,,,,,,,,,,,,,,
"21051 Natalie Ln, Little Rock, AR 72206",21051 Natalie Ln,Little Rock,AR,,forRent,3,1550,,1700,17,https://www.zillow.com/homedetails/21051-Natalie-Ln-Little-Rock-AR-72206/64691031_zpid/,,,2026-09-10T00:00:00.000Z,Listed for rent,,,,,,,,,,,,,,,,,,,,,,,,,,,,,,,,,,,,,,,,,,,,,,,,,,,,,,,,,,
"209 N Madison St, Cabot, AR 72023",209 N Madison St,Cabot,AR,,forRent,3,1524,,1895,79,https://www.zillow.com/homedetails/209-N-Madison-St-Cabot-AR-72023/439267452_zpid/,,,2026-07-10T00:00:00.000Z,Listed for rent,2025-06-24T00:00:00.000Z,Listing removed,2025-06-19T00:00:00.000Z,Listed for rent,2025-06-19T00:00:00.000Z,Listing removed,2025-04-10T00:00:00.000Z,Price change,2025-03-05T00:00:00.000Z,Listed for rent,2025-03-05T00:00:00.000Z,Listing removed,2025-03-04T00:00:00.000Z,Listed for rent,2025-03-03T00:00:00.000Z,Listing removed,2025-02-28T00:00:00.000Z,Listed for rent,2024-12-28T00:00:00.000Z,Listing removed,2024-12-04T00:00:00.000Z,Price change,2024-09-23T00:00:00.000Z,Listing removed,2024-09-21T00:00:00.000Z,Price change,2024-09-17T00:00:00.000Z,Price change,2024-09-11T00:00:00.000Z,Listed for rent,2024-08-21T00:00:00.000Z,Listed for sale,,,,,,,,,,,,,,,,,,,,,,,,,,
"7 Southland Dr, Maumelle, AR 72113",7 Southland Dr,Maumelle,AR,,forRent,2,925,,850,89,https://www.zillow.com/homedetails/7-Southland-Dr-Maumelle-AR-72113/2109744736_zpid/,,,2026-06-30T00:00:00.000Z,Listed for rent,2018-07-15T00:00:00.000Z,Listing removed,2018-06-28T00:00:00.000Z,Listed for rent,2016-06-28T00:00:00.000Z,Listing removed,2014-12-12T00:00:00.000Z,Listing removed,2014-07-29T00:00:00.000Z,Listed for rent,2013-12-30T00:00:00.000Z,Listing removed,2013-11-27T00:00:00.000Z,Listed for rent,,,,,,,,,,,,,,,,,,,,,,,,,,,,,,,,,,,,,,,,,,,,
"2501 Janet, Benton, AR 72015",2501 Janet,Benton,AR,,forRent,3,1830,,2150,1,https://www.zillow.com/homedetails/2501-Janet-Benton-AR-72015/350531195_zpid/,,299900,2026-09-26T00:00:00.000Z,Listed for rent,2026-07-22T00:00:00.000Z,Listing removed,2026-06-14T00:00:00.000Z,Listed for sale,2025-02-21T00:00:00.000Z,Sold,2025-01-21T00:00:00.000Z,Contingent,2024-12-12T00:00:00.000Z,Price change,2024-12-10T00:00:00.000Z,Price change,2024-11-08T00:00:00.000Z,Listed for sale,,,,,,,,,,,,,,,,,,,,,,,,,,,,,,,,,,,,,,,,,,,,
"10413 Cypress Knee Dr, Maumelle, AR 72113",10413 Cypress Knee Dr,Maumelle,AR,,forRent,3,1480,,1800,88,https://www.zillow.com/homedetails/10413-Cypress-Knee-Dr-Maumelle-AR-72113/2060938533_zpid/,,,2026-07-01T00:00:00.000Z,Listed for rent,2025-04-22T00:00:00.000Z,Listing removed,2025-04-04T00:00:00.000Z,Listed for rent,2022-11-13T00:00:00.000Z,Listing removed,2022-10-25T00:00:00.000Z,Listed for rent,,,,,,,,,,,,,,,,,,,,,,,,,,,,,,,,,,,,,,,,,,,,,,,,,,
"6634 Hollywood Ave, Benton, AR 72019",6634 Hollywood Ave,Benton,AR,,forRent,3,1051,,1195,19,https://www.zillow.com/homedetails/6634-Hollywood-Ave-Benton-AR-72019/459936342_zpid/,,,2026-09-09T00:00:00.000Z,Listed for rent,2026-08-14T00:00:00.000Z,Listing removed,2026-06-25T00:00:00.000Z,Price change,2026-06-17T00:00:00.000Z,Price change,2026-06-08T00:00:00.000Z,Price change,2026-05-28T00:00:00.000Z,Price change,2026-05-07T00:00:00.000Z,Price change,2026-05-06T00:00:00.000Z,Price change,2026-05-05T00:00:00.000Z,Price change,2026-05-02T00:00:00.000Z,Listed for sale,2026-04-23T00:00:00.000Z,Contingent,2026-03-31T00:00:00.000Z,Price change,2026-03-18T00:00:00.000Z,Price change,2026-03-03T00:00:00.000Z,Price change,2026-02-14T00:00:00.000Z,Price change,2026-02-03T00:00:00.000Z,Price change,2026-01-23T00:00:00.000Z,Listed for sale,,,,,,,,,,,,,,,,,,,,,,,,,,
"5719 Heritage Heights Dr, Benton, AR 72019",5719 Heritage Heights Dr,Benton,AR,,forRent,4,1650,,1750,44,https://www.zillow.com/homedetails/5719-Heritage-Heights-Dr-Benton-AR-72019/71715729_zpid/,,22000,2026-09-25T00:00:00.000Z,Price change,2026-08-14T00:00:00.000Z,Listed for rent,2025-04-01T00:00:00.000Z,Listing removed,2025-03-06T00:00:00.000Z,Listed for rent,2023-10-30T00:00:00.000Z,Listing removed,2023-10-23T00:00:00.000Z,Listed for rent,2022-10-27T00:00:00.000Z,Listing removed,2022-09-26T00:00:00.000Z,Price change,2022-08-22T00:00:00.000Z,Listed for rent,2021-03-24T00:00:00.000Z,Listing removed,2018-08-04T00:00:00.000Z,Listing removed,2018-07-30T00:00:00.000Z,Listed for rent,2017-02-19T00:00:00.000Z,Listing removed,2017-02-06T00:00:00.000Z,Listed for rent,2016-10-28T00:00:00.000Z,Listing removed,2014-04-08T00:00:00.000Z,Listing removed,2014-03-29T00:00:00.000Z,Listed for rent,2013-01-05T00:00:00.000Z,Listing removed,2012-10-26T00:00:00.000Z,Listed for sale,2012-10-26T00:00:00.000Z,Listing removed,2012-10-07T00:00:00.000Z,Listed for rent,2010-03-24T00:00:00.000Z,Sold,,,,,,,,,,,,,,,,
"2908 Turnberry Dr, Benton, AR 72019",2908 Turnberry Dr,Benton,AR,,forRent,5,2600,,2700,1,https://www.zillow.com/homedetails/2908-Turnberry-Dr-Benton-AR-72019/52934327_zpid/,,50000,2026-09-26T00:00:00.000Z,Listed for rent,2022-12-03T00:00:00.000Z,Listing removed,2022-12-01T00:00:00.000Z,Listed for rent,2006-03-17T00:00:00.000Z,Sold,,,,,,,,,,,,,,,,,,,,,,,,,,,,,,,,,,,,,,,,,,,,,,,,,,,,
"17 Patti Cv, Ward, AR 72176",17 Patti Cv,Ward,AR,,forRent,3,1330,,1795,3,https://www.zillow.com/homedetails/17-Patti-Cv-Ward-AR-72176/338981618_zpid/,,210000,2026-09-25T00:00:00.000Z,Listed for rent,2022-07-27T00:00:00.000Z,Sold,,,,,,,,,,,,,,,,,,,,,,,,,,,,,,,,,,,,,,,,,,,,,,,,,,,,,,,,
"14815 Parkway Meadows Dr, Alexander, AR 72002",14815 Parkway Meadows Dr,Alexander,AR,,forRent,3,1243,,1495,29,https://www.zillow.com/homedetails/14815-Parkway-Meadows-Dr-Alexander-AR-72002/114165875_zpid/,,187500,2026-09-14T00:00:00.000Z,Price change,2026-08-29T00:00:00.000Z,Listed for rent,2025-08-21T00:00:00.000Z,Listing removed,2025-08-07T00:00:00.000Z,Price change,2025-07-31T00:00:00.000Z,Price change,2025-07-24T00:00:00.000Z,Listed for rent,2023-04-06T00:00:00.000Z,Sold,2023-03-22T00:00:00.000Z,Contingent,2023-02-17T00:00:00.000Z,Price change,2023-01-20T00:00:00.000Z,Price change,2023-01-06T00:00:00.000Z,Listed for sale,2017-05-23T00:00:00.000Z,Sold,2011-04-28T00:00:00.000Z,Sold,,,,,,,,,,,,,,,,,,,,,,,,,,,,,,,,,,
"26 Deerfield Dr, Ward, AR 72176",26 Deerfield Dr,Ward,AR,,forRent,3,1309,,1550,6,https://www.zillow.com/homedetails/26-Deerfield-Dr-Ward-AR-72176/261138_zpid/,,125000,2026-09-22T00:00:00.000Z,Listed for rent,2026-09-14T00:00:00.000Z,Listing removed,2026-09-10T00:00:00.000Z,Price change,2026-09-04T00:00:00.000Z,Listed for sale,2013-05-29T00:00:00.000Z,Sold,,,,,,,,,,,,,,,,,,,,,,,,,,,,,,,,,,,,,,,,,,,,,,,,,,
"7418 Russwood Ln E, Mabelvale, AR 72103",7418 Russwood Ln E,Mabelvale,AR,,forRent,4,2800,,1600,2,https://www.zillow.com/homedetails/7418-Russwood-Ln-E-Mabelvale-AR-72103/377629_zpid/,,90000,2026-09-25T00:00:00.000Z,Listed for rent,2021-03-24T00:00:00.000Z,Listing removed,2019-01-08T00:00:00.000Z,Listing removed,2019-01-03T00:00:00.000Z,Price change,2018-12-17T00:00:00.000Z,Listed for rent,2007-10-10T00:00:00.000Z,Sold,2007-05-15T00:00:00.000Z,Sold,,,,,,,,,,,,,,,,,,,,,,,,,,,,,,,,,,,,,,,,,,,,,,
"28 Burns Dr, Cabot, AR 72023",28 Burns Dr,Cabot,AR,,forRent,3,1288,,1350,68,https://www.zillow.com/homedetails/28-Burns-Dr-Cabot-AR-72023/255699_zpid/,,146000,2026-08-31T00:00:00.000Z,Price change,2026-07-21T00:00:00.000Z,Listed for rent,2025-08-07T00:00:00.000Z,Listing removed,2025-07-14T00:00:00.000Z,Price change,2025-07-03T00:00:00.000Z,Listed for rent,2022-06-28T00:00:00.000Z,Sold,2014-11-26T00:00:00.000Z,Sold,2012-06-24T00:00:00.000Z,Listing removed,2012-06-08T00:00:00.000Z,Listed for rent,2011-04-29T00:00:00.000Z,Listing removed,2011-01-27T00:00:00.000Z,Listed for sale,2010-06-04T00:00:00.000Z,Sold,2010-04-29T00:00:00.000Z,Listed for sale,,,,,,,,,,,,,,,,,,,,,,,,,,,,,,,,,,
"61 Pin Oak Loop, Maumelle, AR 72113",61 Pin Oak Loop,Maumelle,AR,,forRent,3,1173,,1495,86,https://www.zillow.com/homedetails/61-Pin-Oak-Loop-Maumelle-AR-72113/326810_zpid/,,175000,2026-08-14T00:00:00.000Z,Price change,2026-08-12T00:00:00.000Z,Price change,2026-07-03T00:00:00.000Z,Listed for rent,2024-04-25T00:00:00.000Z,Listing removed,2024-04-09T00:00:00.000Z,Listed for rent,2023-02-09T00:00:00.000Z,Listing removed,2022-12-28T00:00:00.000Z,Price change,2022-10-26T00:00:00.000Z,Listed for rent,2022-09-30T00:00:00.000Z,Sold,2022-08-28T00:00:00.000Z,Contingent,2022-08-26T00:00:00.000Z,Listed for sale,2018-04-24T00:00:00.000Z,Sold,2018-03-07T00:00:00.000Z,Price change,2018-02-07T00:00:00.000Z,Listed for sale,2017-06-08T00:00:00.000Z,Listing removed,2017-05-10T00:00:00.000Z,Listed for sale,2014-05-05T00:00:00.000Z,Sold,2011-07-04T00:00:00.000Z,Listing removed,2011-06-09T00:00:00.000Z,Listed for sale,2006-08-02T00:00:00.000Z,Sold,2003-05-01T00:00:00.000Z,Sold,2000-09-22T00:00:00.000Z,Sold,,,,,,,,,,,,,,,,
"21 Pin Oak Loop, Maumelle, AR 72113",21 Pin Oak Loop,Maumelle,AR,,forRent,3,1270,,1500,11,https://www.zillow.com/homedetails/21-Pin-Oak-Loop-Maumelle-AR-72113/326790_zpid/,,177000,2026-09-16T00:00:00.000Z,Listed for rent,2025-06-29T00:00:00.000Z,Listing removed,2025-06-19T00:00:00.000Z,Listed for rent,2025-04-11T00:00:00.000Z,Sold,2025-04-11T00:00:00.000Z,Contingent,2025-02-24T00:00:00.000Z,Price change,2025-01-22T00:00:00.000Z,Price change,2025-01-03T00:00:00.000Z,Listed for sale,2023-03-17T00:00:00.000Z,Sold,2023-02-13T00:00:00.000Z,Contingent,2023-02-10T00:00:00.000Z,Listed for sale,2012-07-26T00:00:00.000Z,Sold,2012-03-29T00:00:00.000Z,Listing removed,2011-10-07T00:00:00.000Z,Price change,2011-04-16T00:00:00.000Z,Listed for sale,2009-03-04T00:00:00.000Z,Sold,1998-11-03T00:00:00.000Z,Sold,,,,,,,,,,,,,,,,,,,,,,,,,,
"50 Buena Vista Dr, Cabot, AR 72023",50 Buena Vista Dr,Cabot,AR,,forRent,3,1361,,1450,3,https://www.zillow.com/homedetails/50-Buena-Vista-Dr-Cabot-AR-72023/452178369_zpid/,,182000,2026-09-25T00:00:00.000Z,Listed for rent,2026-01-31T00:00:00.000Z,Listing removed,2026-01-24T00:00:00.000Z,Price change,2026-01-17T00:00:00.000Z,Price change,2026-01-10T00:00:00.000Z,Price change,2026-01-03T00:00:00.000Z,Price change,2025-11-11T00:00:00.000Z,Listed for rent,2021-08-23T00:00:00.000Z,Sold,,,,,,,,,,,,,,,,,,,,,,,,,,,,,,,,,,,,,,,,,,,,
"2169 Bentwood Dr, Alexander, AR 72002",2169 Bentwood Dr,Alexander,AR,,forRent,4,1477,,1900,6,https://www.zillow.com/homedetails/2169-Bentwood-Dr-Alexander-AR-72002/2064742947_zpid/,,223785,2026-09-21T00:00:00.000Z,Listed for rent,2025-07-24T00:00:00.000Z,Listing removed,2025-06-30T00:00:00.000Z,Price change,2025-05-23T00:00:00.000Z,Listed for rent,2025-05-21T00:00:00.000Z,Listing removed,2025-05-19T00:00:00.000Z,Listed for rent,2025-03-13T00:00:00.000Z,Listing removed,2025-01-29T00:00:00.000Z,Listing removed,2025-01-28T00:00:00.000Z,Listed for sale,2025-01-23T00:00:00.000Z,Listed for rent,2022-08-27T00:00:00.000Z,Listing removed,2022-08-06T00:00:00.000Z,Listed for rent,2022-06-29T00:00:00.000Z,Sold,2022-04-02T00:00:00.000Z,Listing removed,2022-03-31T00:00:00.000Z,Listed for sale,,,,,,,,,,,,,,,,,,,,,,,,,,,,,,
"13808 Cherry Hill Dr, Alexander, AR 72002",13808 Cherry Hill Dr,Alexander,AR,,forRent,3,1247,,1550,11,https://www.zillow.com/homedetails/13808-Cherry-Hill-Dr-Alexander-AR-72002/49814136_zpid/,,91000,2026-09-17T00:00:00.000Z,Listed for rent,2008-05-22T00:00:00.000Z,Sold,2007-01-05T00:00:00.000Z,Sold,,,,,,,,,,,,,,,,,,,,,,,,,,,,,,,,,,,,,,,,,,,,,,,,,,,,,,
"918 Cedar Haskell St, Haskell, AR 72015",918 Cedar Haskell St,Haskell,AR,,forRent,3,1088,,1150,39,https://www.zillow.com/homedetails/918-Cedar-Haskell-St-Haskell-AR-72015/61187359_zpid/,,,2026-07-13T00:00:00.000Z,Listed for rent,,,,,,,,,,,,,,,,,,,,,,,,,,,,,,,,,,,,,,,,,,,,,,,,,,,,,,,,,,
"9 Oak Forest Dr, Maumelle, AR 72113",9 Oak Forest Dr,Maumelle,AR,,forRent,3,1176,,1675,12,https://www.zillow.com/homedetails/9-Oak-Forest-Dr-Maumelle-AR-72113/326498_zpid/,,785000,2026-09-15T00:00:00.000Z,Listed for rent,2026-01-10T00:00:00.000Z,Listing removed,2025-12-01T00:00:00.000Z,Listed for rent,2015-05-29T00:00:00.000Z,Sold,2008-09-12T00:00:00.000Z,Sold,,,,,,,,,,,,,,,,,,,,,,,,,,,,,,,,,,,,,,,,,,,,,,,,,,
"5845 Heritage Heights Dr, Benton, AR 72019",5845 Heritage Heights Dr,Benton,AR,,forRent,4,1725,,1700,41,https://www.zillow.com/homedetails/5845-Heritage-Heights-Dr-Benton-AR-72019/440162513_zpid/,,,2026-09-21T00:00:00.000Z,Price change,2026-08-17T00:00:00.000Z,Listed for rent,2024-09-13T00:00:00.000Z,Listing removed,2024-09-10T00:00:00.000Z,Listed for rent,,,,,,,,,,,,,,,,,,,,,,,,,,,,,,,,,,,,,,,,,,,,,,,,,,,,
"2517 Garden Dr, Benton, AR 72015",2517 Garden Dr,Benton,AR,,forRent,3,1685,,1850,2,https://www.zillow.com/homedetails/2517-Garden-Dr-Benton-AR-72015/348624677_zpid/,,,2026-09-25T00:00:00.000Z,Listed for rent,2026-09-01T00:00:00.000Z,Listing removed,2026-08-11T00:00:00.000Z,Listed for rent,2024-05-09T00:00:00.000Z,Listing removed,2024-04-26T00:00:00.000Z,Listed for rent,,,,,,,,,,,,,,,,,,,,,,,,,,,,,,,,,,,,,,,,,,,,,,,,,,
"302 N Lincoln St, Cabot, AR 72023",302 N Lincoln St,Cabot,AR,,forRent,3,1318,,1500,5,https://www.zillow.com/homedetails/302-N-Lincoln-St-Cabot-AR-72023/253236_zpid/,,119000,2026-09-22T00:00:00.000Z,Listed for rent,2014-02-28T00:00:00.000Z,Sold,,,,,,,,,,,,,,,,,,,,,,,,,,,,,,,,,,,,,,,,,,,,,,,,,,,,,,,,
"2708 Eden Rd, Benton, AR 72015",2708 Eden Rd,Benton,AR,,forRent,3,1514,,1850,2,https://www.zillow.com/homedetails/2708-Eden-Rd-Benton-AR-72015/338992901_zpid/,,,2026-09-25T00:00:00.000Z,Listed for rent,2026-07-22T00:00:00.000Z,Listing removed,2026-07-01T00:00:00.000Z,Listed for rent,,,,,,,,,,,,,,,,,,,,,,,,,,,,,,,,,,,,,,,,,,,,,,,,,,,,,,
"56 Razorback Cv, Austin, AR 72007",56 Razorback Cv,Austin,AR,,forRent,3,1250,,1595,10,https://www.zillow.com/homedetails/56-Razorback-Cv-Austin-AR-72007/99434828_zpid/,,195000,2026-09-18T00:00:00.000Z,Listed for rent,2022-09-27T00:00:00.000Z,Sold,2022-07-29T00:00:00.000Z,Sold,2020-03-01T00:00:00.000Z,Listing removed,2019-10-07T00:00:00.000Z,Listed for sale,2019-08-01T00:00:00.000Z,Listing removed,2018-04-05T00:00:00.000Z,Listed for sale,,,,,,,,,,,,,,,,,,,,,,,,,,,,,,,,,,,,,,,,,,,,,,
"13900 Ridgecrest Dr, Alexander, AR 72002",13900 Ridgecrest Dr,Alexander,AR,,forRent,3,1088,,1595,2,https://www.zillow.com/homedetails/13900-Ridgecrest-Dr-Alexander-AR-72002/49814165_zpid/,,100000,2026-09-25T00:00:00.000Z,Listed for rent,2026-09-24T00:00:00.000Z,Listing removed,2026-08-31T00:00:00.000Z,Sold,2026-08-25T00:00:00.000Z,Listed for rent,,,,,,,,,,,,,,,,,,,,,,,,,,,,,,,,,,,,,,,,,,,,,,,,,,,,
"6099 Meridian Dr, Alexander, AR 72002",6099 Meridian Dr,Alexander,AR,,forRent,4,1824,,2195,17,https://www.zillow.com/homedetails/6099-Meridian-Dr-Alexander-AR-72002/456178536_zpid/,,,2026-09-10T00:00:00.000Z,Listed for rent,2026-01-22T00:00:00.000Z,Listing removed,2025-12-23T00:00:00.000Z,Listed for rent,2025-11-27T00:00:00.000Z,Listing removed,2025-08-22T00:00:00.000Z,Listed for sale,,,,,,,,,,,,,,,,,,,,,,,,,,,,,,,,,,,,,,,,,,,,,,,,,,
"3123 Lori Lake Rd, Benton, AR 72019",3123 Lori Lake Rd,Benton,AR,,forRent,3,1280,,1000,206,https://www.zillow.com/homedetails/3123-Lori-Lake-Rd-Benton-AR-72019/453026788_zpid/,,,2025-06-07T00:00:00.000Z,Listed for rent,,,,,,,,,,,,,,,,,,,,,,,,,,,,,,,,,,,,,,,,,,,,,,,,,,,,,,,,,,
"11 Page Cv, Maumelle, AR 72113",11 Page Cv,Maumelle,AR,,forRent,3,1294,,1695,25,https://www.zillow.com/homedetails/11-Page-Cv-Maumelle-AR-72113/326629_zpid/,,222125,2026-09-02T00:00:00.000Z,Listed for rent,2019-05-21T00:00:00.000Z,Listing removed,2019-02-11T00:00:00.000Z,Listed for rent,2017-11-18T00:00:00.000Z,Listing removed,2017-10-06T00:00:00.000Z,Price change,2017-09-16T00:00:00.000Z,Price change,2017-08-12T00:00:00.000Z,Listed for rent,2017-04-01T00:00:00.000Z,Listing removed,2017-02-23T00:00:00.000Z,Listed for rent,2016-01-29T00:00:00.000Z,Listing removed,2016-01-13T00:00:00.000Z,Listed for rent,2014-01-01T00:00:00.000Z,Sold,1983-10-01T00:00:00.000Z,Sold,,,,,,,,,,,,,,,,,,,,,,,,,,,,,,,,,,
"351 Meadow Creek Dr, Haskell, AR 72015",351 Meadow Creek Dr,Haskell,AR,,forRent,3,1625,,1650,51,https://www.zillow.com/homedetails/351-Meadow-Creek-Dr-Haskell-AR-72015/92428597_zpid/,,139900,2026-08-07T00:00:00.000Z,Listed for rent,2024-09-13T00:00:00.000Z,Listing removed,2024-07-17T00:00:00.000Z,Listed for rent,2022-10-26T00:00:00.000Z,Listing removed,2022-10-15T00:00:00.000Z,Price change,2022-10-04T00:00:00.000Z,Price change,2022-08-28T00:00:00.000Z,Price change,2022-08-25T00:00:00.000Z,Listed for rent,2018-10-05T00:00:00.000Z,Sold,2018-08-13T00:00:00.000Z,Listed for sale,2016-04-28T00:00:00.000Z,Sold,2010-02-10T00:00:00.000Z,Sold,,,,,,,,,,,,,,,,,,,,,,,,,,,,,,,,,,,,
"1105 River Oaks Dr, Benton, AR 72019",1105 River Oaks Dr,Benton,AR,,forRent,4,2350,,2600,54,https://www.zillow.com/homedetails/1105-River-Oaks-Dr-Benton-AR-72019/453260567_zpid/,,,2026-08-04T00:00:00.000Z,Listed for rent,2025-07-28T00:00:00.000Z,Listing removed,2025-07-04T00:00:00.000Z,Price change,2025-06-21T00:00:00.000Z,Price change,2025-06-12T00:00:00.000Z,Listed for rent,,,,,,,,,,,,,,,,,,,,,,,,,,,,,,,,,,,,,,,,,,,,,,,,,,
"24 Oak Ridge Dr, Maumelle, AR 72113",24 Oak Ridge Dr,Maumelle,AR,,forRent,3,1176,,1650,6,https://www.zillow.com/homedetails/24-Oak-Ridge-Dr-Maumelle-AR-72113/326760_zpid/,,97231,2026-09-22T00:00:00.000Z,Listed for rent,2022-08-31T00:00:00.000Z,Listing removed,2022-08-23T00:00:00.000Z,Listed for sale,2020-03-22T00:00:00.000Z,Listing removed,2020-01-27T00:00:00.000Z,Price change,2020-01-01T00:00:00.000Z,Price change,2019-11-25T00:00:00.000Z,Listed for rent,2017-07-21T00:00:00.000Z,Listing removed,2017-06-26T00:00:00.000Z,Listed for rent,2014-06-10T00:00:00.000Z,Listing removed,2014-04-17T00:00:00.000Z,Listed for sale,2014-04-14T00:00:00.000Z,Sold,2013-05-02T00:00:00.000Z,Sold,2007-02-06T00:00:00.000Z,Sold,2003-12-31T00:00:00.000Z,Sold,,,,,,,,,,,,,,,,,,,,,,,,,,,,,,
"57 Stoneledge Dr, Maumelle, AR 72113",57 Stoneledge Dr,Maumelle,AR,,forRent,4,1961,,1895,38,https://www.zillow.com/homedetails/57-Stoneledge-Dr-Maumelle-AR-72113/326028_zpid/,,145000,2026-09-26T00:00:00.000Z,Price change,2026-08-21T00:00:00.000Z,Listed for rent,2024-06-09T00:00:00.000Z,Listing removed,2024-05-08T00:00:00.000Z,Listed for rent,2024-04-23T00:00:00.000Z,Sold,2024-04-06T00:00:00.000Z,Listed for sale,2013-09-20T00:00:00.000Z,Sold,,,,,,,,,,,,,,,,,,,,,,,,,,,,,,,,,,,,,,,,,,,,,,
"308 McCright St, Benton, AR 72015",308 McCright St,Benton,AR,,forRent,3,1850,,1600,6,https://www.zillow.com/homedetails/308-McCright-St-Benton-AR-72015/387313_zpid/,,75000,2026-09-21T00:00:00.000Z,Listed for rent,2025-11-20T00:00:00.000Z,Listing removed,2025-11-07T00:00:00.000Z,Price change,2025-09-16T00:00:00.000Z,Listed for rent,2023-12-21T00:00:00.000Z,Listing removed,2023-12-19T00:00:00.000Z,Listed for rent,2001-02-05T00:00:00.000Z,Sold,,,,,,,,,,,,,,,,,,,,,,,,,,,,,,,,,,,,,,,,,,,,,,
"26 Stonewood Dr, Cabot, AR 72023",26 Stonewood Dr,Cabot,AR,,forRent,3,1698,,1900,34,https://www.zillow.com/homedetails/26-Stonewood-Dr-Cabot-AR-72023/55151081_zpid/,,157000,2026-08-24T00:00:00.000Z,Listed for rent,2026-04-27T00:00:00.000Z,Sold,2025-11-06T00:00:00.000Z,Listing removed,2025-10-20T00:00:00.000Z,Price change,2025-09-18T00:00:00.000Z,Listed for sale,2018-02-05T00:00:00.000Z,Listing removed,2017-09-28T00:00:00.000Z,Price change,2017-09-12T00:00:00.000Z,Listed for sale,2014-11-09T00:00:00.000Z,Listing removed,2014-08-01T00:00:00.000Z,Listed for sale,2012-03-12T00:00:00.000Z,Listing removed,2012-02-02T00:00:00.000Z,Listed for sale,,,,,,,,,,,,,,,,,,,,,,,,,,,,,,,,,,,,
"125 Old Red Rd, Ward, AR 72176",125 Old Red Rd,Ward,AR,,forRent,3,1280,,1000,24,https://www.zillow.com/homedetails/125-Old-Red-Rd-Ward-AR-72176/99434787_zpid/,,,2026-09-03T00:00:00.000Z,Listed for rent,2026-06-01T00:00:00.000Z,Listing removed,2026-05-19T00:00:00.000Z,Listed for rent,2026-04-20T00:00:00.000Z,Listing removed,2026-03-26T00:00:00.000Z,Listed for rent,2025-10-29T00:00:00.000Z,Listing removed,2025-10-06T00:00:00.000Z,Price change,2025-01-16T00:00:00.000Z,Listed for rent,2021-03-24T00:00:00.000Z,Listing removed,2018-02-28T00:00:00.000Z,Listing removed,2018-02-26T00:00:00.000Z,Listed for rent,,,,,,,,,,,,,,,,,,,,,,,,,,,,,,,,,,,,,,
"707 Oakwood Dr, Benton, AR 72015",707 Oakwood Dr,Benton,AR,,forRent,5,1770,,1800,3,https://www.zillow.com/homedetails/707-Oakwood-Dr-Benton-AR-72015/383390_zpid/,,45000,2026-09-24T00:00:00.000Z,Listed for rent,2026-04-23T00:00:00.000Z,Sold,2026-04-10T00:00:00.000Z,Contingent,2026-04-08T00:00:00.000Z,Price change,2026-03-09T00:00:00.000Z,Price change,2026-02-12T00:00:00.000Z,Listed for sale,,,,,,,,,,,,,,,,,,,,,,,,,,,,,,,,,,,,,,,,,,,,,,,,
"1620 Rambling Brook Dr, Benton, AR 72015",1620 Rambling Brook Dr,Benton,AR,,forRent,3,1355,,1850,17,https://www.zillow.com/homedetails/1620-Rambling-Brook-Dr-Benton-AR-72015/463057732_zpid/,,206900,2026-09-10T00:00:00.000Z,Listed for rent,2026-08-28T00:00:00.000Z,Sold,2026-08-05T00:00:00.000Z,Contingent,2026-07-20T00:00:00.000Z,Price change,2026-07-09T00:00:00.000Z,Price change,2026-06-09T00:00:00.000Z,Listed for sale,,,,,,,,,,,,,,,,,,,,,,,,,,,,,,,,,,,,,,,,,,,,,,,,
"5 Stoneledge Dr, Maumelle, AR 72113",5 Stoneledge Dr,Maumelle,AR,,forRent,3,1755,,1750,44,https://www.zillow.com/homedetails/5-Stoneledge-Dr-Maumelle-AR-72113/326005_zpid/,,240000,2026-09-26T00:00:00.000Z,Price change,2026-09-19T00:00:00.000Z,Price change,2026-08-14T00:00:00.000Z,Listed for rent,2025-04-10T00:00:00.000Z,Listing removed,2025-03-28T00:00:00.000Z,Listed for rent,2025-02-06T00:00:00.000Z,Sold,2024-11-23T00:00:00.000Z,Listing removed,2024-07-30T00:00:00.000Z,Listed for rent,2015-02-24T00:00:00.000Z,Sold,,,,,,,,,,,,,,,,,,,,,,,,,,,,,,,,,,,,,,,,,,
"127 Rolling Oaks Dr, Maumelle, AR 72113",127 Rolling Oaks Dr,Maumelle,AR,,forRent,3,1240,,1475,27,https://www.zillow.com/homedetails/127-Rolling-Oaks-Dr-Maumelle-AR-72113/326438_zpid/,,79500,2026-08-31T00:00:00.000Z,Listed for rent,2024-06-10T00:00:00.000Z,Listing removed,2024-06-07T00:00:00.000Z,Listed for rent,2024-06-06T00:00:00.000Z,Listing removed,2024-06-05T00:00:00.000Z,Listed for rent,2019-10-17T00:00:00.000Z,Listing removed,2019-10-01T00:00:00.000Z,Listed for rent,2015-09-28T00:00:00.000Z,Listing removed,2015-07-30T00:00:00.000Z,Listed for rent,2014-05-01T00:00:00.000Z,Sold,2009-07-14T00:00:00.000Z,Sold,2009-03-20T00:00:00.000Z,Sold,2000-08-25T00:00:00.000Z,Sold,1999-01-05T00:00:00.000Z,Sold,,,,,,,,,,,,,,,,,,,,,,,,,,,,,,,,
"1628 Rambling Brook Dr, Benton, AR 72015",1628 Rambling Brook Dr,Benton,AR,,forRent,3,1216,,1850,17,https://www.zillow.com/homedetails/1628-Rambling-Brook-Dr-Benton-AR-72015/463057763_zpid/,,200900,2026-09-10T00:00:00.000Z,Listed for rent,2026-08-28T00:00:00.000Z,Sold,2026-08-05T00:00:00.000Z,Contingent,2026-07-20T00:00:00.000Z,Price change,2026-07-09T00:00:00.000Z,Price change,2026-06-09T00:00:00.000Z,Listed for sale,,,,,,,,,,,,,,,,,,,,,,,,,,,,,,,,,,,,,,,,,,,,,,,,
"81 Oak Forest Loop, Maumelle, AR 72113",81 Oak Forest Loop,Maumelle,AR,,forRent,3,1300,,1700,69,https://www.zillow.com/homedetails/81-Oak-Forest-Loop-Maumelle-AR-72113/326542_zpid/,,145000,2026-07-20T00:00:00.000Z,Listed for rent,2021-01-15T00:00:00.000Z,Sold,2012-10-11T00:00:00.000Z,Sold,1997-04-16T00:00:00.000Z,Sold,,,,,,,,,,,,,,,,,,,,,,,,,,,,,,,,,,,,,,,,,,,,,,,,,,,,
"1155 Jackson Rd, Ward, AR 72176",1155 Jackson Rd,Ward,AR,,forRent,3,1280,,1300,17,https://www.zillow.com/homedetails/1155-Jackson-Rd-Ward-AR-72176/99441054_zpid/,,,2026-09-10T00:00:00.000Z,Listed for rent,2026-03-18T00:00:00.000Z,Listing removed,2026-03-13T00:00:00.000Z,Price change,2026-02-24T00:00:00.000Z,Listed for rent,2026-01-12T00:00:00.000Z,Listing removed,2025-11-14T00:00:00.000Z,Price change,2025-10-06T00:00:00.000Z,Price change,2025-01-16T00:00:00.000Z,Listed for rent,2015-10-08T00:00:00.000Z,Listing removed,2015-09-18T00:00:00.000Z,Listed for rent,,,,,,,,,,,,,,,,,,,,,,,,,,,,,,,,,,,,,,,,
"104 Herald Pl, Cabot, AR 72023",104 Herald Pl,Cabot,AR,,forRent,3,1232,,1095,55,https://www.zillow.com/homedetails/104-Herald-Pl-Cabot-AR-72023/252206_zpid/,,155000,2026-08-03T00:00:00.000Z,Listed for rent,2024-11-23T00:00:00.000Z,Listing removed,2024-11-14T00:00:00.000Z,Listed for rent,2023-12-28T00:00:00.000Z,Listing removed,2023-11-10T00:00:00.000Z,Price change,2023-10-18T00:00:00.000Z,Listed for rent,2022-04-09T00:00:00.000Z,Listing removed,2022-02-16T00:00:00.000Z,Listed for rent,2019-06-20T00:00:00.000Z,Listing removed,2019-05-08T00:00:00.000Z,Listed for rent,2018-08-24T00:00:00.000Z,Listing removed,2018-08-16T00:00:00.000Z,Price change,2018-08-01T00:00:00.000Z,Listed for rent,2017-12-07T00:00:00.000Z,Listing removed,2017-10-14T00:00:00.000Z,Listed for rent,2013-01-30T00:00:00.000Z,Sold,2008-01-10T00:00:00.000Z,Sold,1988-08-30T00:00:00.000Z,Sold,,,,,,,,,,,,,,,,,,,,,,,,
"18 Lilly Ann Ct, Ward, AR 72176",18 Lilly Ann Ct,Ward,AR,,forRent,3,1355,,0,12,https://www.zillow.com/homedetails/18-Lilly-Ann-Ct-Ward-AR-72176/445792648_zpid/,,18000,2026-09-15T00:00:00.000Z,Listed for rent,2022-10-25T00:00:00.000Z,Listing removed,2022-10-07T00:00:00.000Z,Listed for sale,2017-08-16T00:00:00.000Z,Sold,,,,,,,,,,,,,,,,,,,,,,,,,,,,,,,,,,,,,,,,,,,,,,,,,,,,
"127 Chambery Dr, Maumelle, AR 72113",127 Chambery Dr,Maumelle,AR,,forRent,4,1651,,2500,24,https://www.zillow.com/homedetails/127-Chambery-Dr-Maumelle-AR-72113/122006196_zpid/,,,2026-09-03T00:00:00.000Z,Price change,2026-07-24T00:00:00.000Z,Listed for rent,2019-06-07T00:00:00.000Z,Listing removed,2019-03-21T00:00:00.000Z,Price change,2019-02-14T00:00:00.000Z,Listed for rent,2017-11-15T00:00:00.000Z,Listing removed,2017-08-30T00:00:00.000Z,Price change,2017-08-08T00:00:00.000Z,Price change,2017-04-27T00:00:00.000Z,Listed for rent,,,,,,,,,,,,,,,,,,,,,,,,,,,,,,,,,,,,,,,,,,
"6316 Warwick Dr, Alexander, AR 72002",6316 Warwick Dr,Alexander,AR,,forRent,4,1884,,2300,58,https://www.zillow.com/homedetails/6316-Warwick-Dr-Alexander-AR-72002/461049113_zpid/,,277000,2026-09-18T00:00:00.000Z,Price change,2026-07-31T00:00:00.000Z,Listed for rent,2026-06-29T00:00:00.000Z,Sold,2026-05-29T00:00:00.000Z,Contingent,2026-05-29T00:00:00.000Z,Price change,2026-03-14T00:00:00.000Z,Listed for sale,,,,,,,,,,,,,,,,,,,,,,,,,,,,,,,,,,,,,,,,,,,,,,,,
"153 Harwill, Hensley, AR 72065",153 Harwill,Hensley,AR,,forRent,4,2359,,2500,48,https://www.zillow.com/homedetails/153-Harwill-Hensley-AR-72065/2082362397_zpid/,,,2026-08-10T00:00:00.000Z,Listed for rent,2025-08-04T00:00:00.000Z,Listing removed,2025-07-01T00:00:00.000Z,Listed for rent,2025-06-30T00:00:00.000Z,Listing removed,2025-06-09T00:00:00.000Z,Listed for rent,2019-11-13T00:00:00.000Z,Listing removed,2019-10-15T00:00:00.000Z,Listed for rent,,,,,,,,,,,,,,,,,,,,,,,,,,,,,,,,,,,,,,,,,,,,,,
"300 Jefferson St, Benton, AR 72015",300 Jefferson St,Benton,AR,,forRent,3,1300,,1300,8,https://www.zillow.com/homedetails/300-Jefferson-St-Benton-AR-72015/114167718_zpid/,,,2026-09-25T00:00:00.000Z,Price change,2026-09-19T00:00:00.000Z,Listed for rent,,,,,,,,,,,,,,,,,,,,,,,,,,,,,,,,,,,,,,,,,,,,,,,,,,,,,,,,
"2906 Pamela, Benton, AR 72015",2906 Pamela,Benton,AR,,forRent,3,1372,,1450,34,https://www.zillow.com/homedetails/2906-Pamela-Benton-AR-72015/385308_zpid/,,,2026-09-26T00:00:00.000Z,Price change,2026-08-25T00:00:00.000Z,Listed for rent,2025-08-04T00:00:00.000Z,Listing removed,2025-07-29T00:00:00.000Z,Price change,2025-07-08T00:00:00.000Z,Price change,2025-03-05T00:00:00.000Z,Listed for rent,2025-02-27T00:00:00.000Z,Listing removed,2025-02-24T00:00:00.000Z,Price change,2025-02-14T00:00:00.000Z,Listed for sale,,,,,,,,,,,,,,,,,,,,,,,,,,,,,,,,,,,,,,,,,,
"103 E Scott St, Carlisle, AR 72024",103 E Scott St,Carlisle,AR,,forRent,3,1556,,1250,15,https://www.zillow.com/homedetails/103-E-Scott-St-Carlisle-AR-72024/258138_zpid/,,75000,2026-09-13T00:00:00.000Z,Price change,2026-08-09T00:00:00.000Z,Listed for rent,2025-05-14T00:00:00.000Z,Sold,2025-03-28T00:00:00.000Z,Sold,2024-12-02T00:00:00.000Z,Listed for sale,2014-01-15T00:00:00.000Z,Sold,2013-07-17T00:00:00.000Z,Sold,2013-06-26T00:00:00.000Z,Price change,2013-05-17T00:00:00.000Z,Price change,2013-02-20T00:00:00.000Z,Price change,2013-01-27T00:00:00.000Z,Listed for sale,,,,,,,,,,,,,,,,,,,,,,,,,,,,,,,,,,,,,,
"2714 Gage Dr, Benton, AR 72019",2714 Gage Dr,Benton,AR,,forRent,3,1303,,1500,27,https://www.zillow.com/homedetails/2714-Gage-Dr-Benton-AR-72019/92431557_zpid/,,122580,2026-08-31T00:00:00.000Z,Listed for rent,2022-03-04T00:00:00.000Z,Sold,2018-05-12T00:00:00.000Z,Listing removed,2018-04-07T00:00:00.000Z,Listed for rent,2018-02-11T00:00:00.000Z,Listing removed,2018-01-21T00:00:00.000Z,Price change,2017-11-09T00:00:00.000Z,Listed for rent,2017-04-11T00:00:00.000Z,Listing removed,2017-03-19T00:00:00.000Z,Listed for rent,2016-08-25T00:00:00.000Z,Listing removed,2015-11-21T00:00:00.000Z,Listing removed,2015-11-13T00:00:00.000Z,Listed for rent,2007-05-24T00:00:00.000Z,Sold,,,,,,,,,,,,,,,,,,,,,,,,,,,,,,,,,,
"416 Jackman St, Benton, AR 72015",416 Jackman St,Benton,AR,,forRent,3,1200,,1600,8,https://www.zillow.com/homedetails/416-Jackman-St-Benton-AR-72015/389112_zpid/,,140000,2026-09-19T00:00:00.000Z,Listed for rent,2025-10-31T00:00:00.000Z,Sold,2025-10-13T00:00:00.000Z,Contingent,2025-10-04T00:00:00.000Z,Price change,2025-09-26T00:00:00.000Z,Listed for sale,2017-01-05T00:00:00.000Z,Sold,2016-11-16T00:00:00.000Z,Price change,2016-10-08T00:00:00.000Z,Listed for sale,,,,,,,,,,,,,,,,,,,,,,,,,,,,,,,,,,,,,,,,,,,,
"22 Edgehill Cv, Maumelle, AR 72113",22 Edgehill Cv,Maumelle,AR,,forRent,3,1520,,1175,3,https://www.zillow.com/homedetails/22-Edgehill-Cv-Maumelle-AR-72113/79790227_zpid/,,357500,2026-09-24T00:00:00.000Z,Listed for rent,2026-09-23T00:00:00.000Z,Listing removed,2026-05-27T00:00:00.000Z,Listed for sale,2013-12-23T00:00:00.000Z,Sold,2013-11-13T00:00:00.000Z,Listed for sale,1998-03-10T00:00:00.000Z,Sold,,,,,,,,,,,,,,,,,,,,,,,,,,,,,,,,,,,,,,,,,,,,,,,,
"1510 Bennett, Benton, AR 72015",1510 Bennett,Benton,AR,,forRent,3,1312,,1450,5,https://www.zillow.com/homedetails/1510-Bennett-Benton-AR-72015/52934431_zpid/,,,2026-09-22T00:00:00.000Z,Listed for rent,,,,,,,,,,,,,,,,,,,,,,,,,,,,,,,,,,,,,,,,,,,,,,,,,,,,,,,,,,
"53 Dunnaway Dr, Austin, AR 72007",53 Dunnaway Dr,Austin,AR,,forRent,3,1403,,1375,74,https://www.zillow.com/homedetails/53-Dunnaway-Dr-Austin-AR-72007/2056813469_zpid/,,195000,2026-09-13T00:00:00.000Z,Price change,2026-09-04T00:00:00.000Z,Price change,2026-08-25T00:00:00.000Z,Price change,2026-07-16T00:00:00.000Z,Listed for rent,2025-09-03T00:00:00.000Z,Listing removed,2025-09-02T00:00:00.000Z,Listing removed,2025-07-29T00:00:00.000Z,Listed for rent,2025-06-14T00:00:00.000Z,Listed for sale,2023-10-13T00:00:00.000Z,Sold,2023-09-06T00:00:00.000Z,Contingent,2023-07-15T00:00:00.000Z,Listed for sale,,,,,,,,,,,,,,,,,,,,,,,,,,,,,,,,,,,,,,
"2615 Stivers Blvd, Bryant, AR 72022",2615 Stivers Blvd,Bryant,AR,,forRent,3,1736,,1700,15,https://www.zillow.com/homedetails/2615-Stivers-Blvd-Bryant-AR-72022/391919_zpid/,,190000,2026-09-16T00:00:00.000Z,Price change,2026-09-12T00:00:00.000Z,Listed for rent,2025-04-04T00:00:00.000Z,Sold,2025-03-05T00:00:00.000Z,Contingent,2025-03-01T00:00:00.000Z,Listed for sale,2022-06-13T00:00:00.000Z,Listing removed,2022-06-05T00:00:00.000Z,Listed for rent,2022-06-02T00:00:00.000Z,Listing removed,2022-04-24T00:00:00.000Z,Listed for sale,2022-04-04T00:00:00.000Z,Listing removed,2022-03-29T00:00:00.000Z,Listed for rent,2021-02-23T00:00:00.000Z,Listing removed,2020-11-10T00:00:00.000Z,Listing removed,2020-11-09T00:00:00.000Z,Listed for rent,2019-09-04T00:00:00.000Z,Listing removed,2019-09-03T00:00:00.000Z,Listing removed,2019-08-20T00:00:00.000Z,Listed for rent,2019-08-04T00:00:00.000Z,Price change,2019-06-28T00:00:00.000Z,Price change,2019-06-22T00:00:00.000Z,Price change,2019-06-15T00:00:00.000Z,Listed for sale,2019-02-11T00:00:00.000Z,Sold,,,,,,,,,,,,,,,,
"605 Valley Vista Dr, Benton, AR 72019",605 Valley Vista Dr,Benton,AR,,forRent,4,1942,,1875,82,https://www.zillow.com/homedetails/605-Valley-Vista-Dr-Benton-AR-72019/387089_zpid/,,,2026-07-07T00:00:00.000Z,Listed for rent,,,,,,,,,,,,,,,,,,,,,,,,,,,,,,,,,,,,,,,,,,,,,,,,,,,,,,,,,,
"3264 Sidell Rd, Benton, AR 72015",3264 Sidell Rd,Benton,AR,,forRent,4,1652,,1795,9,https://www.zillow.com/homedetails/3264-Sidell-Rd-Benton-AR-72015/465427229_zpid/,,,2026-09-18T00:00:00.000Z,Listed for rent,,,,,,,,,,,,,,,,,,,,,,,,,,,,,,,,,,,,,,,,,,,,,,,,,,,,,,,,,,
"20 Edgehill Cv, Maumelle, AR 72113",20 Edgehill Cv,Maumelle,AR,,forRent,3,1520,,1095,4,https://www.zillow.com/homedetails/20-Edgehill-Cv-Maumelle-AR-72113/79781400_zpid/,,357500,2026-09-23T00:00:00.000Z,Listed for rent,2026-07-24T00:00:00.000Z,Listing removed,2026-07-15T00:00:00.000Z,Listed for rent,2025-11-11T00:00:00.000Z,Listing removed,2025-08-29T00:00:00.000Z,Price change,2025-08-15T00:00:00.000Z,Price change,2025-08-01T00:00:00.000Z,Listed for rent,2025-07-30T00:00:00.000Z,Listing removed,2025-04-28T00:00:00.000Z,Price change,2025-03-28T00:00:00.000Z,Price change,2025-03-01T00:00:00.000Z,Listed for sale,2023-12-15T00:00:00.000Z,Listing removed,2023-11-11T00:00:00.000Z,Price change,2023-10-11T00:00:00.000Z,Price change,2023-10-04T00:00:00.000Z,Listed for rent,2020-04-18T00:00:00.000Z,Listing removed,2020-01-27T00:00:00.000Z,Listed for rent,2016-10-16T00:00:00.000Z,Listing removed,2014-04-08T00:00:00.000Z,Listing removed,2014-01-31T00:00:00.000Z,Listed for rent,2013-12-23T00:00:00.000Z,Sold,2013-11-13T00:00:00.000Z,Listed for sale,1998-03-10T00:00:00.000Z,Sold,,,,,,,,,,,,,,
"4409 Olympic Dr, Benton, AR 72019",4409 Olympic Dr,Benton,AR,,forRent,4,1566,,1600,6,https://www.zillow.com/homedetails/4409-Olympic-Dr-Benton-AR-72019/446361230_zpid/,,182600,2026-09-21T00:00:00.000Z,Listed for rent,2024-07-09T00:00:00.000Z,Listing removed,2024-06-13T00:00:00.000Z,Listed for rent,2021-04-21T00:00:00.000Z,Sold,,,,,,,,,,,,,,,,,,,,,,,,,,,,,,,,,,,,,,,,,,,,,,,,,,,,
"3369 Garden Club Dr, Benton, AR 72022",3369 Garden Club Dr,Benton,AR,,forRent,3,1305,,1700,14,https://www.zillow.com/homedetails/3369-Garden-Club-Dr-Benton-AR-72022/118174164_zpid/,,172500,2026-09-14T00:00:00.000Z,Listed for rent,2025-06-21T00:00:00.000Z,Listing removed,2025-05-20T00:00:00.000Z,Listed for rent,2025-02-04T00:00:00.000Z,Listing removed,2025-01-07T00:00:00.000Z,Listed for rent,2024-09-03T00:00:00.000Z,Listing removed,2024-08-27T00:00:00.000Z,Listed for rent,2022-08-31T00:00:00.000Z,Sold,2021-05-21T00:00:00.000Z,Sold,2018-06-22T00:00:00.000Z,Sold,,,,,,,,,,,,,,,,,,,,,,,,,,,,,,,,,,,,,,,,
"2933 Gillis Dr, Benton, AR 72015",2933 Gillis Dr,Benton,AR,,forRent,5,2500,,2500,20,https://www.zillow.com/homedetails/2933-Gillis-Dr-Benton-AR-72015/443098023_zpid/,,,2026-09-07T00:00:00.000Z,Listed for rent,2025-02-28T00:00:00.000Z,Listing removed,2025-02-18T00:00:00.000Z,Listed for rent,,,,,,,,,,,,,,,,,,,,,,,,,,,,,,,,,,,,,,,,,,,,,,,,,,,,,,
"4903 Natalie Dr, Bryant, AR 72022",4903 Natalie Dr,Bryant,AR,,forRent,4,1990,,1860,34,https://www.zillow.com/homedetails/4903-Natalie-Dr-Bryant-AR-72022/82281136_zpid/,,38000,2026-08-24T00:00:00.000Z,Listed for rent,2007-08-22T00:00:00.000Z,Sold,,,,,,,,,,,,,,,,,,,,,,,,,,,,,,,,,,,,,,,,,,,,,,,,,,,,,,,,
"21 Willard St, Ward, AR 72176",21 Willard St,Ward,AR,,forRent,3,1301,,1295,44,https://www.zillow.com/homedetails/21-Willard-St-Ward-AR-72176/55151159_zpid/,,165000,2026-09-26T00:00:00.000Z,Price change,2026-09-19T00:00:00.000Z,Price change,2026-08-14T00:00:00.000Z,Listed for rent,2022-08-08T00:00:00.000Z,Sold,2014-12-24T00:00:00.000Z,Listing removed,2014-11-06T00:00:00.000Z,Price change,2014-10-02T00:00:00.000Z,Listed for rent,2014-04-10T00:00:00.000Z,Listing removed,2014-03-01T00:00:00.000Z,Listed for rent,2014-02-18T00:00:00.000Z,Listing removed,2014-02-07T00:00:00.000Z,Price change,2014-01-09T00:00:00.000Z,Price change,2013-10-25T00:00:00.000Z,Price change,2013-08-24T00:00:00.000Z,Listed for sale,2013-05-23T00:00:00.000Z,Listing removed,2013-04-18T00:00:00.000Z,Price change,2013-03-30T00:00:00.000Z,Price change,2013-03-13T00:00:00.000Z,Price change,2013-02-26T00:00:00.000Z,Price change,2013-02-10T00:00:00.000Z,Listed for sale,2012-07-04T00:00:00.000Z,Listing removed,2012-05-16T00:00:00.000Z,Price change,2012-04-12T00:00:00.000Z,Price change,2012-04-09T00:00:00.000Z,Price change,2012-03-23T00:00:00.000Z,Price change,2012-03-15T00:00:00.000Z,Listed for sale,,,,,,,,
"211 Rodney Guthrie Dr, Cabot, AR 72023",211 Rodney Guthrie Dr,Cabot,AR,,forRent,3,1268,,1345,52,https://www.zillow.com/homedetails/211-Rodney-Guthrie-Dr-Cabot-AR-72023/256835_zpid/,,155000,2026-08-06T00:00:00.000Z,Listed for rent,2025-09-22T00:00:00.000Z,Listing removed,2025-08-26T00:00:00.000Z,Price change,2025-07-29T00:00:00.000Z,Listed for rent,2023-07-27T00:00:00.000Z,Listing removed,2023-07-06T00:00:00.000Z,Listed for rent,2022-03-10T00:00:00.000Z,Sold,2022-01-31T00:00:00.000Z,Listed for sale,2019-09-20T00:00:00.000Z,Sold,2019-09-11T00:00:00.000Z,Listed for sale,2019-08-26T00:00:00.000Z,Pending sale,2019-08-13T00:00:00.000Z,Price change,2019-05-31T00:00:00.000Z,Price change,2019-03-17T00:00:00.000Z,Listed for sale,2017-02-23T00:00:00.000Z,Listing removed,2017-01-02T00:00:00.000Z,Price change,2016-07-05T00:00:00.000Z,Listed for sale,2016-06-27T00:00:00.000Z,Sold,2015-11-21T00:00:00.000Z,Listed for sale,2014-09-16T00:00:00.000Z,Sold,,,,,,,,,,,,,,,,,,,,
"5683 Valley Field Rd, Hickory, NC 28602",5683 Valley Field Rd,Hickory,NC,,forRent,3,1860,,2100,2,https://www.zillow.com/homedetails/5683-Valley-Field-Rd-Hickory-NC-28602/71553907_zpid/,,105000,2026-09-26T00:00:00.000Z,Listed for rent,2025-07-15T00:00:00.000Z,Listing removed,2025-06-13T00:00:00.000Z,Listed for rent,2023-07-18T00:00:00.000Z,Listing removed,2023-07-09T00:00:00.000Z,Price change,2023-06-16T00:00:00.000Z,Listed for rent,2022-09-17T00:00:00.000Z,Listing removed,2022-08-31T00:00:00.000Z,Listed for rent,2021-09-17T00:00:00.000Z,Listing removed,2021-09-08T00:00:00.000Z,Listed for rent,2021-03-19T00:00:00.000Z,Sold,2020-11-20T00:00:00.000Z,Listed for sale,2018-11-09T00:00:00.000Z,Listing removed,2018-09-26T00:00:00.000Z,Price change,2018-08-24T00:00:00.000Z,Listed for sale,,,,,,,,,,,,,,,,,,,,,,,,,,,,,,
"1116 Kenwood Cv, Bryant, AR 72022",1116 Kenwood Cv,Bryant,AR,,forRent,4,1931,,2100,38,https://www.zillow.com/homedetails/1116-Kenwood-Cv-Bryant-AR-72022/52934559_zpid/,,120000,2026-08-20T00:00:00.000Z,Listed for rent,2025-07-26T00:00:00.000Z,Listing removed,2025-07-22T00:00:00.000Z,Listed for rent,2024-01-18T00:00:00.000Z,Listing removed,2023-10-26T00:00:00.000Z,Listed for rent,2022-06-08T00:00:00.000Z,Listing removed,2022-06-02T00:00:00.000Z,Listed for rent,2022-05-25T00:00:00.000Z,Listing removed,2022-04-09T00:00:00.000Z,Listed for rent,2022-03-31T00:00:00.000Z,Listing removed,2022-02-09T00:00:00.000Z,Price change,2022-01-28T00:00:00.000Z,Listed for rent,2019-06-16T00:00:00.000Z,Listing removed,2019-05-09T00:00:00.000Z,Price change,2019-01-11T00:00:00.000Z,Listed for rent,2011-10-13T00:00:00.000Z,Listing removed,2011-08-06T00:00:00.000Z,Listed for rent,2001-12-26T00:00:00.000Z,Sold,,,,,,,,,,,,,,,,,,,,,,,,
"2925 Gillis Dr, Benton, AR 72015",2925 Gillis Dr,Benton,AR,,forRent,4,2021,,2350,20,https://www.zillow.com/homedetails/2925-Gillis-Dr-Benton-AR-72015/2068772088_zpid/,,,2026-09-07T00:00:00.000Z,Listed for rent,2025-02-28T00:00:00.000Z,Listing removed,2025-02-07T00:00:00.000Z,Listed for rent,2021-10-21T00:00:00.000Z,Listing removed,2021-08-19T00:00:00.000Z,Listed for sale,,,,,,,,,,,,,,,,,,,,,,,,,,,,,,,,,,,,,,,,,,,,,,,,,,
"102 Rosebud Cir, Cabot, AR 72023",102 Rosebud Cir,Cabot,AR,,forRent,3,1277,,1375,58,https://www.zillow.com/homedetails/102-Rosebud-Cir-Cabot-AR-72023/63160774_zpid/,,199000,2026-09-15T00:00:00.000Z,Price change,2026-07-31T00:00:00.000Z,Listed for rent,2024-10-10T00:00:00.000Z,Listing removed,2024-10-09T00:00:00.000Z,Price change,2024-09-26T00:00:00.000Z,Listed for rent,2024-08-23T00:00:00.000Z,Sold,2024-07-15T00:00:00.000Z,Listed for sale,2019-02-08T00:00:00.000Z,Sold,2019-01-11T00:00:00.000Z,Pending sale,2018-12-01T00:00:00.000Z,Price change,2018-09-22T00:00:00.000Z,Price change,2018-08-05T00:00:00.000Z,Listed for sale,,,,,,,,,,,,,,,,,,,,,,,,,,,,,,,,,,,,
"2781 19th Ave NE, Hickory, NC 28601",2781 19th Ave NE,Hickory,NC,,forRent,3,2500,,2200,41,https://www.zillow.com/homedetails/2781-19th-Ave-NE-Hickory-NC-28601/71935770_zpid/,,,2026-08-17T00:00:00.000Z,Listed for rent,2025-10-14T00:00:00.000Z,Listing removed,2025-09-27T00:00:00.000Z,Price change,2025-09-15T00:00:00.000Z,Listed for rent,2025-07-13T00:00:00.000Z,Listing removed,2025-07-10T00:00:00.000Z,Listed for rent,2025-06-29T00:00:00.000Z,Listing removed,2025-05-31T00:00:00.000Z,Price change,2025-05-27T00:00:00.000Z,Price change,2025-05-10T00:00:00.000Z,Price change,2025-04-26T00:00:00.000Z,Listed for rent,,,,,,,,,,,,,,,,,,,,,,,,,,,,,,,,,,,,,,
"4030 Buff St, Hickory, NC 28602",4030 Buff St,Hickory,NC,,forRent,3,2000,,1800,19,https://www.zillow.com/homedetails/4030-Buff-St-Hickory-NC-28602/227237379_zpid/,,132400,2026-09-18T00:00:00.000Z,Price change,2026-09-08T00:00:00.000Z,Listed for rent,2024-04-24T00:00:00.000Z,Listing removed,2024-04-05T00:00:00.000Z,Price change,2023-11-29T00:00:00.000Z,Price change,2023-11-06T00:00:00.000Z,Price change,2023-10-16T00:00:00.000Z,Listed for rent,2023-01-18T00:00:00.000Z,Sold,,,,,,,,,,,,,,,,,,,,,,,,,,,,,,,,,,,,,,,,,,,,
"345 Joyner Loop, Lonoke, AR 72086",345 Joyner Loop,Lonoke,AR,,forRent,3,1120,,1200,86,https://www.zillow.com/homedetails/345-Joyner-Loop-Lonoke-AR-72086/99446243_zpid/,,36000,2026-07-05T00:00:00.000Z,Price change,2026-07-03T00:00:00.000Z,Listed for rent,2026-06-23T00:00:00.000Z,Listing removed,2026-02-11T00:00:00.000Z,Listed for rent,2025-11-22T00:00:00.000Z,Listing removed,2025-11-15T00:00:00.000Z,Price change,2025-11-05T00:00:00.000Z,Listed for rent,2025-09-05T00:00:00.000Z,Listing removed,2025-08-06T00:00:00.000Z,Listed for rent,2007-02-20T00:00:00.000Z,Sold,,,,,,,,,,,,,,,,,,,,,,,,,,,,,,,,,,,,,,,,
"2765 Archer Ln, Conway, AR 72034",2765 Archer Ln,Conway,AR,,forRent,3,1560,,1700,44,https://www.zillow.com/homedetails/2765-Archer-Ln-Conway-AR-72034/241241_zpid/,,154500,2026-08-14T00:00:00.000Z,Listed for rent,2025-09-17T00:00:00.000Z,Listing removed,2025-08-12T00:00:00.000Z,Listed for rent,2024-05-31T00:00:00.000Z,Listing removed,2024-05-16T00:00:00.000Z,Listed for rent,2023-06-05T00:00:00.000Z,Listing removed,2023-06-02T00:00:00.000Z,Listed for rent,2019-12-17T00:00:00.000Z,Sold,2019-11-19T00:00:00.000Z,Price change,2019-09-30T00:00:00.000Z,Listed for sale,2014-10-14T00:00:00.000Z,Sold,,,,,,,,,,,,,,,,,,,,,,,,,,,,,,,,,,,,,,
"3315 23rd St NE, Hickory, NC 28601",3315 23rd St NE,Hickory,NC,,forRent,3,1369,,1895,24,https://www.zillow.com/homedetails/3315-23rd-St-NE-Hickory-NC-28601/71909821_zpid/,,145000,2026-09-28T00:00:00.000Z,Price change,2026-09-03T00:00:00.000Z,Listed for rent,2026-07-02T00:00:00.000Z,Sold,2026-06-18T00:00:00.000Z,Listed for sale,,,,,,,,,,,,,,,,,,,,,,,,,,,,,,,,,,,,,,,,,,,,,,,,,,,,
"1181 Courtney Dr, Hickory, NC 28602",1181 Courtney Dr,Hickory,NC,,forRent,4,993,,1950,24,https://www.zillow.com/homedetails/1181-Courtney-Dr-Hickory-NC-28602/71914325_zpid/,,115000,2026-09-03T00:00:00.000Z,Listed for rent,2025-03-27T00:00:00.000Z,Listing removed,2025-02-28T00:00:00.000Z,Listed for rent,2024-09-18T00:00:00.000Z,Sold,2005-05-02T00:00:00.000Z,Sold,,,,,,,,,,,,,,,,,,,,,,,,,,,,,,,,,,,,,,,,,,,,,,,,,,
"35 G St, Cabot, AR 72023",35 G St,Cabot,AR,,forRent,3,1849,,1825,81,https://www.zillow.com/homedetails/35-G-St-Cabot-AR-72023/254255_zpid/,,230000,2026-07-25T00:00:00.000Z,Price change,2026-07-09T00:00:00.000Z,Price change,2026-05-03T00:00:00.000Z,Listed for rent,2025-05-25T00:00:00.000Z,Listing removed,2025-05-14T00:00:00.000Z,Price change,2025-05-01T00:00:00.000Z,Listed for rent,2021-06-07T00:00:00.000Z,Sold,2020-09-03T00:00:00.000Z,Sold,2020-06-19T00:00:00.000Z,Listed for sale,2018-06-22T00:00:00.000Z,Sold,2018-05-08T00:00:00.000Z,Listed for sale,2014-04-28T00:00:00.000Z,Sold,,,,,,,,,,,,,,,,,,,,,,,,,,,,,,,,,,,,
"63 8th St SE, Hickory, NC 28602",63 8th St SE,Hickory,NC,,forRent,3,1226,,1795,11,https://www.zillow.com/homedetails/63-8th-St-SE-Hickory-NC-28602/82176711_zpid/,,89000,2026-09-28T00:00:00.000Z,Price change,2026-09-16T00:00:00.000Z,Listed for rent,2025-08-13T00:00:00.000Z,Listing removed,2025-08-08T00:00:00.000Z,Listed for rent,2024-07-16T00:00:00.000Z,Listing removed,2024-07-05T00:00:00.000Z,Listed for rent,2024-06-20T00:00:00.000Z,Listing removed,2024-06-14T00:00:00.000Z,Listed for rent,2023-08-31T00:00:00.000Z,Sold,2023-08-15T00:00:00.000Z,Listed for sale,2010-06-29T00:00:00.000Z,Sold,,,,,,,,,,,,,,,,,,,,,,,,,,,,,,,,,,,,,,
"736 12th Ave NW, Hickory, NC 28601",736 12th Ave NW,Hickory,NC,,forRent,3,1852,,1900,27,https://www.zillow.com/homedetails/736-12th-Ave-NW-Hickory-NC-28601/71948672_zpid/,,,2026-08-31T00:00:00.000Z,Listed for rent,,,,,,,,,,,,,,,,,,,,,,,,,,,,,,,,,,,,,,,,,,,,,,,,,,,,,,,,,,
"8889 State Highway 127, Hickory, NC 28601",8889 State Highway 127,Hickory,NC,,forRent,3,920,,1300,17,https://www.zillow.com/homedetails/8889-State-Highway-127-Hickory-NC-28601/229589331_zpid/,,115000,2026-09-10T00:00:00.000Z,Listed for rent,2025-06-26T00:00:00.000Z,Listing removed,2025-06-20T00:00:00.000Z,Listed for rent,2015-06-10T00:00:00.000Z,Sold,,,,,,,,,,,,,,,,,,,,,,,,,,,,,,,,,,,,,,,,,,,,,,,,,,,,
"2912 Highway 319 W, Austin, AR 72007",2912 Highway 319 W,Austin,AR,,forRent,3,1992,,1695,319,https://www.zillow.com/homedetails/2912-Highway-319-W-Austin-AR-72007/249702_zpid/,,640000,2026-08-19T00:00:00.000Z,Price change,2026-07-25T00:00:00.000Z,Price change,2026-05-29T00:00:00.000Z,Price change,2026-03-06T00:00:00.000Z,Price change,2026-02-18T00:00:00.000Z,Price change,2026-02-03T00:00:00.000Z,Price change,2025-11-12T00:00:00.000Z,Listed for rent,2013-09-27T00:00:00.000Z,Sold,1991-10-10T00:00:00.000Z,Sold,,,,,,,,,,,,,,,,,,,,,,,,,,,,,,,,,,,,,,,,,,
"22 Kirkland St, Ward, AR 72176",22 Kirkland St,Ward,AR,,forRent,3,1185,,1350,26,https://www.zillow.com/homedetails/22-Kirkland-St-Ward-AR-72176/261280_zpid/,,84000,2026-07-15T00:00:00.000Z,Listed for rent,2026-06-16T00:00:00.000Z,Sold,2026-06-14T00:00:00.000Z,Contingent,2026-06-02T00:00:00.000Z,Price change,2026-05-28T00:00:00.000Z,Listed for sale,2014-10-30T00:00:00.000Z,Sold,,,,,,,,,,,,,,,,,,,,,,,,,,,,,,,,,,,,,,,,,,,,,,,,
"37 Saint John St, Cabot, AR 72023",37 Saint John St,Cabot,AR,,forRent,3,1188,,1295,89,https://www.zillow.com/homedetails/37-Saint-John-St-Cabot-AR-72023/253499_zpid/,,81500,2026-09-03T00:00:00.000Z,Price change,2026-03-31T00:00:00.000Z,Listed for rent,2026-03-26T00:00:00.000Z,Sold,2026-03-19T00:00:00.000Z,Contingent,2026-03-14T00:00:00.000Z,Price change,2026-02-27T00:00:00.000Z,Price change,2026-01-28T00:00:00.000Z,Listed for sale,2016-05-26T00:00:00.000Z,Sold,2016-04-08T00:00:00.000Z,Listed for sale,2013-05-16T00:00:00.000Z,Sold,,,,,,,,,,,,,,,,,,,,,,,,,,,,,,,,,,,,,,,,
"3531 Wandering Ln NE, Hickory, NC 28601",3531 Wandering Ln NE,Hickory,NC,,forRent,3,1800,,2300,13,https://www.zillow.com/homedetails/3531-Wandering-Ln-NE-Hickory-NC-28601/71944979_zpid/,,172000,2026-09-20T00:00:00.000Z,Price change,2026-09-14T00:00:00.000Z,Listed for rent,2026-06-08T00:00:00.000Z,Sold,2021-04-21T00:00:00.000Z,Sold,,,,,,,,,,,,,,,,,,,,,,,,,,,,,,,,,,,,,,,,,,,,,,,,,,,,
"26 Alexis Dr, Cabot, AR 72023",26 Alexis Dr,Cabot,AR,,forRent,3,1288,,1425,25,https://www.zillow.com/homedetails/26-Alexis-Dr-Cabot-AR-72023/255240_zpid/,,152900,2026-08-11T00:00:00.000Z,Price change,2026-07-29T00:00:00.000Z,Price change,2026-07-14T00:00:00.000Z,Listed for rent,2023-05-31T00:00:00.000Z,Listing removed,2023-05-17T00:00:00.000Z,Listed for rent,2023-03-10T00:00:00.000Z,Sold,2023-02-09T00:00:00.000Z,Contingent,2023-02-07T00:00:00.000Z,Listed for sale,2014-11-14T00:00:00.000Z,Sold,,,,,,,,,,,,,,,,,,,,,,,,,,,,,,,,,,,,,,,,,,
"1117 13th Ave NW, Hickory, NC 28601",1117 13th Ave NW,Hickory,NC,,forRent,3,1600,,1800,11,https://www.zillow.com/homedetails/1117-13th-Ave-NW-Hickory-NC-28601/71915627_zpid/,,252000,2026-09-16T00:00:00.000Z,Listed for rent,2025-09-19T00:00:00.000Z,Listing removed,2025-09-02T00:00:00.000Z,Price change,2025-07-23T00:00:00.000Z,Price change,2025-07-15T00:00:00.000Z,Listed for rent,2025-05-20T00:00:00.000Z,Listing removed,2025-04-17T00:00:00.000Z,Listed for rent,2023-12-06T00:00:00.000Z,Listing removed,2023-11-08T00:00:00.000Z,Listed for rent,2023-01-29T00:00:00.000Z,Listing removed,2022-12-27T00:00:00.000Z,Listed for rent,2022-02-18T00:00:00.000Z,Sold,2022-01-09T00:00:00.000Z,Contingent,2022-01-07T00:00:00.000Z,Listed for sale,2021-02-16T00:00:00.000Z,Sold,2018-10-05T00:00:00.000Z,Sold,2018-08-25T00:00:00.000Z,Pending sale,2018-06-22T00:00:00.000Z,Listed for sale,2018-05-22T00:00:00.000Z,Pending sale,2018-05-03T00:00:00.000Z,Listed for sale,,,,,,,,,,,,,,,,,,,,
"4029 6th Street Dr NW, Hickory, NC 28601",4029 6th Street Dr NW,Hickory,NC,,forRent,3,1566,,2400,16,https://www.zillow.com/homedetails/4029-6th-Street-Dr-NW-Hickory-NC-28601/71931514_zpid/,,173000,2026-09-11T00:00:00.000Z,Listed for rent,2020-02-24T00:00:00.000Z,Sold,2020-01-18T00:00:00.000Z,Pending sale,2019-11-30T00:00:00.000Z,Listed for sale,2019-11-06T00:00:00.000Z,Pending sale,2019-09-24T00:00:00.000Z,Price change,2019-08-19T00:00:00.000Z,Price change,2019-07-17T00:00:00.000Z,Listed for sale,,,,,,,,,,,,,,,,,,,,,,,,,,,,,,,,,,,,,,,,,,,,
"1296 37th Avenue Ln NE, Hickory, NC 28601",1296 37th Avenue Ln NE,Hickory,NC,,forRent,5,2368,,2500,4,https://www.zillow.com/homedetails/1296-37th-Avenue-Ln-NE-Hickory-NC-28601/440360611_zpid/,,323000,2026-09-23T00:00:00.000Z,Listed for rent,2026-04-29T00:00:00.000Z,Listing removed,2026-04-08T00:00:00.000Z,Listed for rent,2025-03-17T00:00:00.000Z,Listing removed,2025-02-26T00:00:00.000Z,Sold,2025-02-19T00:00:00.000Z,Listed for rent,2024-12-21T00:00:00.000Z,Price change,2024-12-16T00:00:00.000Z,Price change,2024-12-09T00:00:00.000Z,Price change,2024-11-22T00:00:00.000Z,Price change,2024-11-18T00:00:00.000Z,Price change,2024-10-29T00:00:00.000Z,Price change,2024-10-21T00:00:00.000Z,Price change,2024-10-08T00:00:00.000Z,Price change,2024-09-14T00:00:00.000Z,Listed for sale,,,,,,,,,,,,,,,,,,,,,,,,,,,,,,
"3927 Newhall Dr NW, Hickory, NC 28601",3927 Newhall Dr NW,Hickory,NC,,forRent,3,1082,,1450,24,https://www.zillow.com/homedetails/3927-Newhall-Dr-NW-Hickory-NC-28601/98193008_zpid/,,205000,2026-09-03T00:00:00.000Z,Listed for rent,2024-07-24T00:00:00.000Z,Listing removed,2024-07-18T00:00:00.000Z,Price change,2024-07-08T00:00:00.000Z,Price change,2024-05-07T00:00:00.000Z,Listed for rent,2022-03-30T00:00:00.000Z,Sold,2022-03-01T00:00:00.000Z,Contingent,2022-01-26T00:00:00.000Z,Price change,2022-01-25T00:00:00.000Z,Listed for sale,2022-01-18T00:00:00.000Z,Listing removed,2022-01-06T00:00:00.000Z,Listed for sale,2022-01-06T00:00:00.000Z,Listing removed,2021-12-01T00:00:00.000Z,Listed for sale,2017-12-12T00:00:00.000Z,Listing removed,2017-11-15T00:00:00.000Z,Listed for sale,2017-08-09T00:00:00.000Z,Listing removed,2017-08-04T00:00:00.000Z,Listed for sale,,,,,,,,,,,,,,,,,,,,,,,,,,
"1330 37th Avenue Ln NE, Hickory, NC 28601",1330 37th Avenue Ln NE,Hickory,NC,,forRent,5,2368,,2700,54,https://www.zillow.com/homedetails/1330-37th-Avenue-Ln-NE-Hickory-NC-28601/452771842_zpid/,,330000,2026-08-04T00:00:00.000Z,Listed for rent,2025-09-16T00:00:00.000Z,Sold,2025-06-09T00:00:00.000Z,Pending sale,2025-06-04T00:00:00.000Z,Price change,2025-05-31T00:00:00.000Z,Listed for sale,,,,,,,,,,,,,,,,,,,,,,,,,,,,,,,,,,,,,,,,,,,,,,,,,,
"1411 Mammoth Rd, Hickory, NC 28602",1411 Mammoth Rd,Hickory,NC,,forRent,5,2368,,2255,25,https://www.zillow.com/homedetails/1411-Mammoth-Rd-Hickory-NC-28602/463736170_zpid/,,292400,2026-09-02T00:00:00.000Z,Listed for rent,2026-08-20T00:00:00.000Z,Sold,2026-07-16T00:00:00.000Z,Pending sale,2026-07-08T00:00:00.000Z,Listed for sale,,,,,,,,,,,,,,,,,,,,,,,,,,,,,,,,,,,,,,,,,,,,,,,,,,,,
"2957 31st Street Ln NE, Hickory, NC 28601",2957 31st Street Ln NE,Hickory,NC,,forRent,4,1889,,2225,11,https://www.zillow.com/homedetails/2957-31st-Street-Ln-NE-Hickory-NC-28601/463788123_zpid/,,,2026-09-16T00:00:00.000Z,Listed for rent,2026-08-18T00:00:00.000Z,Listing removed,2026-07-17T00:00:00.000Z,Price change,2026-07-10T00:00:00.000Z,Listed for sale,,,,,,,,,,,,,,,,,,,,,,,,,,,,,,,,,,,,,,,,,,,,,,,,,,,,
"2953 31st Street Ln NE, Hickory, NC 28601",2953 31st Street Ln NE,Hickory,NC,,forRent,4,2097,,2295,11,https://www.zillow.com/homedetails/2953-31st-Street-Ln-NE-Hickory-NC-28601/463168265_zpid/,,,2026-09-16T00:00:00.000Z,Listed for rent,2026-08-18T00:00:00.000Z,Listing removed,2026-08-12T00:00:00.000Z,Price change,2026-07-18T00:00:00.000Z,Price change,2026-07-17T00:00:00.000Z,Price change,2026-06-24T00:00:00.000Z,Price change,2026-06-12T00:00:00.000Z,Listed for sale,,,,,,,,,,,,,,,,,,,,,,,,,,,,,,,,,,,,,,,,,,,,,,
"3605 16th St NE, Hickory, NC 28601",3605 16th St NE,Hickory,NC,,forRent,3,1395,,1850,27,https://www.zillow.com/homedetails/3605-16th-St-NE-Hickory-NC-28601/71966217_zpid/,,150000,2026-08-31T00:00:00.000Z,Listed for rent,2026-06-19T00:00:00.000Z,Listing removed,2026-05-22T00:00:00.000Z,Listed for rent,2025-11-10T00:00:00.000Z,Sold,2025-09-09T00:00:00.000Z,Price change,2025-09-02T00:00:00.000Z,Price change,2025-08-26T00:00:00.000Z,Listed for sale,,,,,,,,,,,,,,,,,,,,,,,,,,,,,,,,,,,,,,,,,,,,,,
"149 20th Ave NW, Hickory, NC 28601",149 20th Ave NW,Hickory,NC,,forRent,4,3010,,2400,16,https://www.zillow.com/homedetails/149-20th-Ave-NW-Hickory-NC-28601/71962215_zpid/,,,2026-09-11T00:00:00.000Z,Listed for rent,2026-02-26T00:00:00.000Z,Listing removed,2026-01-15T00:00:00.000Z,Listed for rent,,,,,,,,,,,,,,,,,,,,,,,,,,,,,,,,,,,,,,,,,,,,,,,,,,,,,,
"104 10th Ave SE, Hickory, NC 28602",104 10th Ave SE,Hickory,NC,,forRent,3,1333,,1595,110,https://www.zillow.com/homedetails/104-10th-Ave-SE-Hickory-NC-28602/71959215_zpid/,,420000,2026-06-09T00:00:00.000Z,Listed for rent,2025-12-17T00:00:00.000Z,Sold,2025-10-09T00:00:00.000Z,Listed for sale,2024-12-30T00:00:00.000Z,Sold,2024-11-05T00:00:00.000Z,Listed for sale,2015-02-28T00:00:00.000Z,Listing removed,2015-02-20T00:00:00.000Z,Price change,2015-02-04T00:00:00.000Z,Listed for sale,,,,,,,,,,,,,,,,,,,,,,,,,,,,,,,,,,,,,,,,,,,,
"106 10th Ave SE, Hickory, NC 28602",106 10th Ave SE,Hickory,NC,,forRent,3,1333,,1595,103,https://www.zillow.com/homedetails/106-10th-Ave-SE-Hickory-NC-28602/463282226_zpid/,,,2026-06-16T00:00:00.000Z,Listed for rent,,,,,,,,,,,,,,,,,,,,,,,,,,,,,,,,,,,,,,,,,,,,,,,,,,,,,,,,,,
"1406 Mammoth Rd, Hickory, NC 28602",1406 Mammoth Rd,Hickory,NC,,forRent,3,1749,,2025,25,https://www.zillow.com/homedetails/1406-Mammoth-Rd-Hickory-NC-28602/460650036_zpid/,,258000,2026-09-02T00:00:00.000Z,Listed for rent,2026-08-20T00:00:00.000Z,Sold,2026-07-16T00:00:00.000Z,Pending sale,2026-06-02T00:00:00.000Z,Price change,2026-05-12T00:00:00.000Z,Price change,2026-02-24T00:00:00.000Z,Price change,2026-02-23T00:00:00.000Z,Listed for sale,,,,,,,,,,,,,,,,,,,,,,,,,,,,,,,,,,,,,,,,,,,,,,
"2098 10th St SE, Hickory, NC 28601",2098 10th St SE,Hickory,NC,,forRent,4,2174,,2295,25,https://www.zillow.com/homedetails/2098-10th-St-SE-Hickory-NC-28601/461180979_zpid/,,309000,2026-09-22T00:00:00.000Z,Price change,2026-09-02T00:00:00.000Z,Listed for rent,2026-08-20T00:00:00.000Z,Sold,2026-03-20T00:00:00.000Z,Pending sale,2026-03-20T00:00:00.000Z,Listed for sale,,,,,,,,,,,,,,,,,,,,,,,,,,,,,,,,,,,,,,,,,,,,,,,,,,
"15 Harvest Ridge Dr, Hickory, NC 28601",15 Harvest Ridge Dr,Hickory,NC,,forRent,4,2000,,2100,28,https://www.zillow.com/homedetails/15-Harvest-Ridge-Dr-Hickory-NC-28601/2063037302_zpid/,,220990,2026-09-22T00:00:00.000Z,Price change,2026-09-04T00:00:00.000Z,Price change,2026-08-30T00:00:00.000Z,Listed for rent,2025-06-28T00:00:00.000Z,Listing removed,2025-06-09T00:00:00.000Z,Listed for rent,2023-09-11T00:00:00.000Z,Listing removed,2023-09-04T00:00:00.000Z,Listed for rent,2022-08-02T00:00:00.000Z,Listing removed,2022-06-24T00:00:00.000Z,Listing removed,2022-06-01T00:00:00.000Z,Listed for rent,2022-01-12T00:00:00.000Z,Sold,2021-04-09T00:00:00.000Z,Pending sale,,,,,,,,,,,,,,,,,,,,,,,,,,,,,,,,,,,,
"1804 Clara Dr, Conway, AR 72034",1804 Clara Dr,Conway,AR,,forRent,3,2000,,1695,23,https://www.zillow.com/homedetails/1804-Clara-Dr-Conway-AR-72034/235007_zpid/,,20000,2026-09-04T00:00:00.000Z,Listed for rent,2024-07-11T00:00:00.000Z,Listing removed,2024-06-26T00:00:00.000Z,Listed for rent,2023-06-13T00:00:00.000Z,Listing removed,2023-05-30T00:00:00.000Z,Listed for rent,2022-05-04T00:00:00.000Z,Listing removed,2022-04-06T00:00:00.000Z,Listed for rent,2019-05-17T00:00:00.000Z,Listing removed,2019-05-15T00:00:00.000Z,Listed for rent,2015-12-07T00:00:00.000Z,Listing removed,2015-09-23T00:00:00.000Z,Listed for rent,2014-06-21T00:00:00.000Z,Listing removed,2014-05-12T00:00:00.000Z,Listed for rent,2013-05-06T00:00:00.000Z,Sold,2013-04-25T00:00:00.000Z,Listing removed,2013-04-24T00:00:00.000Z,Price change,2013-03-24T00:00:00.000Z,Listed for rent,2012-03-18T00:00:00.000Z,Listing removed,2012-03-15T00:00:00.000Z,Price change,2012-03-05T00:00:00.000Z,Listed for rent,,,,,,,,,,,,,,,,,,,,
"1417 17th Ave NE, Hickory, NC 28601",1417 17th Ave NE,Hickory,NC,,forRent,3,1400,,1725,51,https://www.zillow.com/homedetails/1417-17th-Ave-NE-Hickory-NC-28601/71551010_zpid/,,99000,2026-08-21T00:00:00.000Z,Price change,2026-08-07T00:00:00.000Z,Listed for rent,2006-11-13T00:00:00.000Z,Sold,,,,,,,,,,,,,,,,,,,,,,,,,,,,,,,,,,,,,,,,,,,,,,,,,,,,,,
"294 Stone Mountain Rd, Conway, AR 72032",294 Stone Mountain Rd,Conway,AR,,forRent,3,1216,,1650,14,https://www.zillow.com/homedetails/294-Stone-Mountain-Rd-Conway-AR-72032/122006123_zpid/,,42300,2026-09-13T00:00:00.000Z,Listed for rent,2025-04-17T00:00:00.000Z,Sold,2025-03-26T00:00:00.000Z,Contingent,2025-03-22T00:00:00.000Z,Listed for sale,,,,,,,,,,,,,,,,,,,,,,,,,,,,,,,,,,,,,,,,,,,,,,,,,,,,
"1423 Mammoth Rd, Hickory, NC 28602",1423 Mammoth Rd,Hickory,NC,,forRent,4,1927,,2095,76,https://www.zillow.com/homedetails/1423-Mammoth-Rd-Hickory-NC-28602/461722831_zpid/,,,2026-09-11T00:00:00.000Z,Price change,2026-07-14T00:00:00.000Z,Listed for rent,2026-05-26T00:00:00.000Z,Listing removed,2026-05-19T00:00:00.000Z,Price change,2026-04-15T00:00:00.000Z,Listed for sale,,,,,,,,,,,,,,,,,,,,,,,,,,,,,,,,,,,,,,,,,,,,,,,,,,
"18 Kimberly Dr, Vilonia, AR 72173",18 Kimberly Dr,Vilonia,AR,,forRent,3,1954,,1945,11,https://www.zillow.com/homedetails/18-Kimberly-Dr-Vilonia-AR-72173/245526_zpid/,,270000,2026-08-26T00:00:00.000Z,Price change,2026-05-04T00:00:00.000Z,Listed for rent,2026-01-05T00:00:00.000Z,Sold,2025-11-20T00:00:00.000Z,Listed for sale,2025-11-20T00:00:00.000Z,Listing removed,2025-09-18T00:00:00.000Z,Listed for sale,2015-07-09T00:00:00.000Z,Sold,2000-03-15T00:00:00.000Z,Sold,,,,,,,,,,,,,,,,,,,,,,,,,,,,,,,,,,,,,,,,,,,,
"2007 Arkansas Ave, Conway, AR 72034",2007 Arkansas Ave,Conway,AR,,forRent,3,1301,,1495,26,https://www.zillow.com/homedetails/2007-Arkansas-Ave-Conway-AR-72034/234341_zpid/,,90000,2026-09-02T00:00:00.000Z,Listed for rent,2026-08-26T00:00:00.000Z,Sold,2026-08-25T00:00:00.000Z,Contingent,2026-07-20T00:00:00.000Z,Price change,2026-05-19T00:00:00.000Z,Listed for sale,2026-05-19T00:00:00.000Z,Listing removed,2026-04-17T00:00:00.000Z,Price change,2026-03-09T00:00:00.000Z,Price change,2025-11-18T00:00:00.000Z,Listed for sale,2015-02-18T00:00:00.000Z,Sold,2012-05-07T00:00:00.000Z,Sold,,,,,,,,,,,,,,,,,,,,,,,,,,,,,,,,,,,,,,
"512 12th Ave NE, Hickory, NC 28601",512 12th Ave NE,Hickory,NC,,forRent,3,1334,,1595,76,https://www.zillow.com/homedetails/512-12th-Ave-NE-Hickory-NC-28601/463832995_zpid/,,,2026-07-13T00:00:00.000Z,Listed for rent,,,,,,,,,,,,,,,,,,,,,,,,,,,,,,,,,,,,,,,,,,,,,,,,,,,,,,,,,,
"2130 10th St SE, Hickory, NC 28602",2130 10th St SE,Hickory,NC,,forRent,4,2174,,2250,51,https://www.zillow.com/homedetails/2130-10th-St-SE-Hickory-NC-28602/463122074_zpid/,,,2026-08-07T00:00:00.000Z,Listed for rent,2026-07-20T00:00:00.000Z,Listing removed,2026-07-17T00:00:00.000Z,Price change,2026-06-11T00:00:00.000Z,Listed for sale,,,,,,,,,,,,,,,,,,,,,,,,,,,,,,,,,,,,,,,,,,,,,,,,,,,,
"765 8th Avenue Dr SE, Hickory, NC 28602",765 8th Avenue Dr SE,Hickory,NC,,forRent,3,1463,,1750,97,https://www.zillow.com/homedetails/765-8th-Avenue-Dr-SE-Hickory-NC-28602/71963561_zpid/,,110000,2026-08-20T00:00:00.000Z,Price change,2026-06-22T00:00:00.000Z,Listed for rent,2023-05-15T00:00:00.000Z,Listing removed,2023-04-28T00:00:00.000Z,Price change,2023-04-07T00:00:00.000Z,Listed for rent,2023-01-25T00:00:00.000Z,Sold,2013-09-03T00:00:00.000Z,Sold,2006-10-20T00:00:00.000Z,Sold,,,,,,,,,,,,,,,,,,,,,,,,,,,,,,,,,,,,,,,,,,,,
"1936 Eigth St, Hickory, NC 28602",1936 Eigth St,Hickory,NC,,forRent,3,1695,,1695,95,https://www.zillow.com/homedetails/1936-Eigth-St-Hickory-NC-28602/2052991619_zpid/,,,2026-09-10T00:00:00.000Z,Price change,2026-08-31T00:00:00.000Z,Price change,2026-08-14T00:00:00.000Z,Price change,2026-07-27T00:00:00.000Z,Price change,2026-07-07T00:00:00.000Z,Price change,2026-06-24T00:00:00.000Z,Listed for rent,2024-03-28T00:00:00.000Z,Listing removed,2024-03-18T00:00:00.000Z,Price change,2024-03-05T00:00:00.000Z,Price change,2024-02-22T00:00:00.000Z,Price change,2024-02-21T00:00:00.000Z,Price change,2024-02-01T00:00:00.000Z,Listed for rent,,,,,,,,,,,,,,,,,,,,,,,,,,,,,,,,,,,,
"1609 Rushing Cir, Conway, AR 72032",1609 Rushing Cir,Conway,AR,,forRent,3,1400,,1475,27,https://www.zillow.com/homedetails/1609-Rushing-Cir-Conway-AR-72032/235792_zpid/,,116000,2026-08-31T00:00:00.000Z,Listed for rent,2024-09-13T00:00:00.000Z,Listing removed,2024-06-19T00:00:00.000Z,Listed for rent,2024-06-19T00:00:00.000Z,Listing removed,2024-05-25T00:00:00.000Z,Listed for rent,2023-03-31T00:00:00.000Z,Listing removed,2023-03-22T00:00:00.000Z,Listed for rent,2022-08-11T00:00:00.000Z,Listing removed,2022-08-02T00:00:00.000Z,Listed for rent,2019-02-28T00:00:00.000Z,Listing removed,2019-01-02T00:00:00.000Z,Listed for rent,2015-07-25T00:00:00.000Z,Listing removed,2015-07-03T00:00:00.000Z,Listed for rent,2014-10-30T00:00:00.000Z,Sold,2013-09-22T00:00:00.000Z,Listing removed,2013-09-13T00:00:00.000Z,Price change,2013-08-03T00:00:00.000Z,Listed for rent,2010-01-13T00:00:00.000Z,Sold,2009-12-04T00:00:00.000Z,Listed for sale,,,,,,,,,,,,,,,,,,,,,,
"1928 36th Ave NE, Hickory, NC 28601",1928 36th Ave NE,Hickory,NC,,forRent,3,,,2000,54,https://www.zillow.com/homedetails/1928-36th-Ave-NE-Hickory-NC-28601/71548772_zpid/,,206146,2026-09-04T00:00:00.000Z,Price change,2026-08-04T00:00:00.000Z,Listed for rent,2023-06-02T00:00:00.000Z,Sold,2023-05-10T00:00:00.000Z,Pending sale,,,,,,,,,,,,,,,,,,,,,,,,,,,,,,,,,,,,,,,,,,,,,,,,,,,,
"2230 Linda Dr, Conway, AR 72032",2230 Linda Dr,Conway,AR,,forRent,3,1348,,1650,6,https://www.zillow.com/homedetails/2230-Linda-Dr-Conway-AR-72032/102994419_zpid/,,205000,2026-09-21T00:00:00.000Z,Listed for rent,2023-11-10T00:00:00.000Z,Listing removed,2023-10-17T00:00:00.000Z,Listed for rent,2023-10-03T00:00:00.000Z,Sold,2021-03-24T00:00:00.000Z,Listing removed,2017-09-25T00:00:00.000Z,Listing removed,2017-06-27T00:00:00.000Z,Pending sale,2017-06-20T00:00:00.000Z,Listed for sale,2013-01-17T00:00:00.000Z,Sold,,,,,,,,,,,,,,,,,,,,,,,,,,,,,,,,,,,,,,,,,,
"1505 Hathaway Dr, Conway, AR 72034",1505 Hathaway Dr,Conway,AR,,forRent,3,1207,,1475,24,https://www.zillow.com/homedetails/1505-Hathaway-Dr-Conway-AR-72034/241555_zpid/,,70000,2026-09-03T00:00:00.000Z,Listed for rent,2024-01-31T00:00:00.000Z,Listing removed,2024-01-30T00:00:00.000Z,Listed for rent,2024-01-29T00:00:00.000Z,Listing removed,2024-01-27T00:00:00.000Z,Listed for rent,2016-01-09T00:00:00.000Z,Listing removed,2015-12-15T00:00:00.000Z,Listed for rent,2015-09-24T00:00:00.000Z,Sold,2015-08-15T00:00:00.000Z,Listed for sale,2013-10-31T00:00:00.000Z,Sold,,,,,,,,,,,,,,,,,,,,,,,,,,,,,,,,,,,,,,,,
"432 7th Avenue Pl NW, Hickory, NC 28601",432 7th Avenue Pl NW,Hickory,NC,,forRent,3,1605,,1825,2,https://www.zillow.com/homedetails/432-7th-Avenue-Pl-NW-Hickory-NC-28601/71549112_zpid/,,176500,2026-09-26T00:00:00.000Z,Listed for rent,2024-11-13T00:00:00.000Z,Listing removed,2024-11-10T00:00:00.000Z,Price change,2024-10-25T00:00:00.000Z,Listed for rent,2024-10-11T00:00:00.000Z,Listing removed,2024-10-01T00:00:00.000Z,Price change,2024-09-12T00:00:00.000Z,Price change,2024-08-23T00:00:00.000Z,Listed for rent,2021-03-24T00:00:00.000Z,Listing removed,2019-05-20T00:00:00.000Z,Listing removed,2019-05-13T00:00:00.000Z,Sold,2019-05-12T00:00:00.000Z,Listed for rent,2018-10-24T00:00:00.000Z,Listing removed,2018-07-26T00:00:00.000Z,Pending sale,2018-07-02T00:00:00.000Z,Listed for sale,2015-03-31T00:00:00.000Z,Sold,2015-03-19T00:00:00.000Z,Pending sale,2015-02-17T00:00:00.000Z,Listed for sale,2010-09-22T00:00:00.000Z,Sold,2010-08-17T00:00:00.000Z,Listed for sale,2006-06-09T00:00:00.000Z,Sold,,,,,,,,,,,,,,,,,,
"1425 Joyner Dr, Conway, AR 72034",1425 Joyner Dr,Conway,AR,,forRent,3,1157,,1450,44,https://www.zillow.com/homedetails/1425-Joyner-Dr-Conway-AR-72034/35730195_zpid/,,155000,2026-08-14T00:00:00.000Z,Listed for rent,2025-10-28T00:00:00.000Z,Listing removed,2025-08-29T00:00:00.000Z,Price change,2025-08-12T00:00:00.000Z,Listed for rent,2024-09-13T00:00:00.000Z,Listing removed,2024-08-16T00:00:00.000Z,Listed for rent,2022-04-27T00:00:00.000Z,Sold,2021-12-16T00:00:00.000Z,Listing removed,2021-10-26T00:00:00.000Z,Listed for rent,2019-05-14T00:00:00.000Z,Sold,2019-03-21T00:00:00.000Z,Listed for sale,2016-05-03T00:00:00.000Z,Sold,2016-02-17T00:00:00.000Z,Listed for sale,2011-04-01T00:00:00.000Z,Sold,2011-01-22T00:00:00.000Z,Price change,2011-01-01T00:00:00.000Z,Price change,2010-11-18T00:00:00.000Z,Listed for sale,2010-10-15T00:00:00.000Z,Listing removed,2010-10-15T00:00:00.000Z,Price change,2010-09-24T00:00:00.000Z,Listed for sale,,,,,,,,,,,,,,,,,,,,
"1281 Meadows Dr, Benton, AR 72019",1281 Meadows Dr,Benton,AR,,forRent,3,1523,,1595,3,https://www.zillow.com/homedetails/1281-Meadows-Dr-Benton-AR-72019/440544514_zpid/,,198850,2026-09-24T00:00:00.000Z,Listed for rent,2025-04-25T00:00:00.000Z,Listing removed,2025-04-01T00:00:00.000Z,Price change,2025-03-07T00:00:00.000Z,Listed for rent,2025-02-18T00:00:00.000Z,Sold,2025-01-23T00:00:00.000Z,Contingent,2025-01-20T00:00:00.000Z,Price change,2024-12-27T00:00:00.000Z,Price change,2024-12-20T00:00:00.000Z,Price change,2024-12-12T00:00:00.000Z,Price change,2024-12-05T00:00:00.000Z,Price change,2024-09-18T00:00:00.000Z,Listed for sale,,,,,,,,,,,,,,,,,,,,,,,,,,,,,,,,,,,,
"1267 Hamilton St, Conway, AR 72032",1267 Hamilton St,Conway,AR,,forRent,3,1056,,1158,39,https://www.zillow.com/homedetails/1267-Hamilton-St-Conway-AR-72032/234905_zpid/,,52000,2026-09-16T00:00:00.000Z,Price change,2026-09-14T00:00:00.000Z,Price change,2026-08-20T00:00:00.000Z,Listed for rent,2024-09-19T00:00:00.000Z,Listing removed,2024-09-17T00:00:00.000Z,Price change,2024-09-15T00:00:00.000Z,Price change,2024-09-13T00:00:00.000Z,Listed for rent,2022-12-30T00:00:00.000Z,Listing removed,2022-12-17T00:00:00.000Z,Price change,2022-12-03T00:00:00.000Z,Price change,2022-11-22T00:00:00.000Z,Price change,2022-11-08T00:00:00.000Z,Listed for rent,2022-11-04T00:00:00.000Z,Listing removed,2022-10-28T00:00:00.000Z,Price change,2022-09-30T00:00:00.000Z,Listed for sale,2021-12-14T00:00:00.000Z,Sold,2015-03-20T00:00:00.000Z,Sold,,,,,,,,,,,,,,,,,,,,,,,,,,
"1655 Duke St, Conway, AR 72032",1655 Duke St,Conway,AR,,forRent,3,1369,,1675,8,https://www.zillow.com/homedetails/1655-Duke-St-Conway-AR-72032/71713063_zpid/,,185000,2026-09-19T00:00:00.000Z,Listed for rent,2024-10-01T00:00:00.000Z,Listing removed,2024-09-11T00:00:00.000Z,Listed for rent,2023-08-01T00:00:00.000Z,Sold,2023-05-18T00:00:00.000Z,Contingent,2023-04-23T00:00:00.000Z,Listed for sale,2005-12-07T00:00:00.000Z,Sold,,,,,,,,,,,,,,,,,,,,,,,,,,,,,,,,,,,,,,,,,,,,,,
"804 Drake Dr, Conway, AR 72034",804 Drake Dr,Conway,AR,,forRent,3,1663,,1650,17,https://www.zillow.com/homedetails/804-Drake-Dr-Conway-AR-72034/243037_zpid/,,164500,2026-09-11T00:00:00.000Z,Listed for rent,2024-04-20T00:00:00.000Z,Listing removed,2024-04-09T00:00:00.000Z,Listed for rent,2023-09-11T00:00:00.000Z,Listing removed,2023-09-10T00:00:00.000Z,Listed for rent,2023-09-10T00:00:00.000Z,Listing removed,2023-08-29T00:00:00.000Z,Price change,2023-08-22T00:00:00.000Z,Price change,2023-08-16T00:00:00.000Z,Price change,2023-08-09T00:00:00.000Z,Price change,2023-08-02T00:00:00.000Z,Price change,2023-07-25T00:00:00.000Z,Price change,2023-07-19T00:00:00.000Z,Price change,2023-06-03T00:00:00.000Z,Listed for rent,2017-03-06T00:00:00.000Z,Sold,2016-10-17T00:00:00.000Z,Listed for sale,2015-06-05T00:00:00.000Z,Sold,,,,,,,,,,,,,,,,,,,,,,,,,,
"70 Kinley Brook Ln, Cabot, AR 72023",70 Kinley Brook Ln,Cabot,AR,,forRent,3,1012,,1495,48,https://www.zillow.com/homedetails/70-Kinley-Brook-Ln-Cabot-AR-72023/2055560788_zpid/,,175775,2026-09-26T00:00:00.000Z,Price change,2026-09-23T00:00:00.000Z,Price change,2026-08-11T00:00:00.000Z,Listed for rent,2024-06-17T00:00:00.000Z,Listing removed,2024-05-22T00:00:00.000Z,Price change,2024-03-06T00:00:00.000Z,Listed for rent,2024-02-27T00:00:00.000Z,Sold,2024-02-17T00:00:00.000Z,Contingent,2023-12-26T00:00:00.000Z,Price change,2023-11-15T00:00:00.000Z,Price change,2023-09-12T00:00:00.000Z,Listed for sale,,,,,,,,,,,,,,,,,,,,,,,,,,,,,,,,,,,,,,
"22530 Sam Tillery Dr, Alexander, AR 72002",22530 Sam Tillery Dr,Alexander,AR,,forRent,3,1633,,1995,5,https://www.zillow.com/homedetails/22530-Sam-Tillery-Dr-Alexander-AR-72002/465489014_zpid/,,,2026-09-22T00:00:00.000Z,Listed for rent,,,,,,,,,,,,,,,,,,,,,,,,,,,,,,,,,,,,,,,,,,,,,,,,,,,,,,,,,,
"754 Gussy Ln, Benton, AR 72019",754 Gussy Ln,Benton,AR,,forRent,3,1523,,1600,16,https://www.zillow.com/homedetails/754-Gussy-Ln-Benton-AR-72019/464376472_zpid/,,220900,2026-09-11T00:00:00.000Z,Listed for rent,2026-08-27T00:00:00.000Z,Sold,,,,,,,,,,,,,,,,,,,,,,,,,,,,,,,,,,,,,,,,,,,,,,,,,,,,,,,,
"1740 Raden St, Conway, AR 72032",1740 Raden St,Conway,AR,,forRent,3,1243,,1650,18,https://www.zillow.com/homedetails/1740-Raden-St-Conway-AR-72032/2061816633_zpid/,,,2026-09-09T00:00:00.000Z,Listed for rent,2026-05-19T00:00:00.000Z,Listing removed,2026-02-27T00:00:00.000Z,Price change,2022-11-09T00:00:00.000Z,Price change,2022-10-11T00:00:00.000Z,Price change,2022-08-22T00:00:00.000Z,Listed for rent,,,,,,,,,,,,,,,,,,,,,,,,,,,,,,,,,,,,,,,,,,,,,,,,
"2344 Bassett St, Benton, AR 72019",2344 Bassett St,Benton,AR,,forRent,3,1523,,1545,19,https://www.zillow.com/homedetails/2344-Bassett-St-Benton-AR-72019/463059714_zpid/,,,2026-09-09T00:00:00.000Z,Listed for rent,2026-08-14T00:00:00.000Z,Listing removed,2026-08-10T00:00:00.000Z,Price change,2026-07-13T00:00:00.000Z,Price change,2026-06-09T00:00:00.000Z,Listed for sale,,,,,,,,,,,,,,,,,,,,,,,,,,,,,,,,,,,,,,,,,,,,,,,,,,
"106 Jo Park Ln, Maumelle, AR 72113",106 Jo Park Ln,Maumelle,AR,,forRent,4,1640,,2000,52,https://www.zillow.com/homedetails/106-Jo-Park-Ln-Maumelle-AR-72113/2056841941_zpid/,,,2026-08-06T00:00:00.000Z,Listed for rent,2023-10-04T00:00:00.000Z,Listing removed,2023-10-03T00:00:00.000Z,Listed for rent,2023-10-03T00:00:00.000Z,Listing removed,2023-06-29T00:00:00.000Z,Listed for rent,,,,,,,,,,,,,,,,,,,,,,,,,,,,,,,,,,,,,,,,,,,,,,,,,,
"1709 Durwood St, Benton, AR 72015",1709 Durwood St,Benton,AR,,forRent,3,1281,,1545,5,https://www.zillow.com/homedetails/1709-Durwood-St-Benton-AR-72015/382073_zpid/,,7000,2026-09-22T00:00:00.000Z,Listed for rent,1996-01-02T00:00:00.000Z,Sold,,,,,,,,,,,,,,,,,,,,,,,,,,,,,,,,,,,,,,,,,,,,,,,,,,,,,,,,
"2 Hawthorne Dr, Conway, AR 72034",2 Hawthorne Dr,Conway,AR,,forRent,3,1408,,1600,65,https://www.zillow.com/homedetails/2-Hawthorne-Dr-Conway-AR-72034/237001_zpid/,,102000,2026-09-22T00:00:00.000Z,Price change,2026-09-06T00:00:00.000Z,Price change,2026-08-27T00:00:00.000Z,Price change,2026-07-24T00:00:00.000Z,Listed for rent,2014-07-29T00:00:00.000Z,Sold,2014-05-16T00:00:00.000Z,Price change,2014-02-28T00:00:00.000Z,Listed for sale,2014-01-01T00:00:00.000Z,Listing removed,2013-10-29T00:00:00.000Z,Price change,2013-10-04T00:00:00.000Z,Price change,2013-08-08T00:00:00.000Z,Listed for sale,2011-08-31T00:00:00.000Z,Sold,,,,,,,,,,,,,,,,,,,,,,,,,,,,,,,,,,,,
"170 Crown Ct, Kings Mountain, NC 28086",170 Crown Ct,Kings Mountain,NC,,forRent,3,1320,,1715,18,https://www.zillow.com/homedetails/170-Crown-Ct-Kings-Mountain-NC-28086/214084781_zpid/,,22000,2026-09-09T00:00:00.000Z,Listed for rent,2025-08-22T00:00:00.000Z,Sold,2022-02-11T00:00:00.000Z,Sold,2021-12-21T00:00:00.000Z,Contingent,2018-04-23T00:00:00.000Z,Listed for sale,,,,,,,,,,,,,,,,,,,,,,,,,,,,,,,,,,,,,,,,,,,,,,,,,,
"405 S Ash St, Conway, AR 72034",405 S Ash St,Conway,AR,,forRent,3,1100,,1200,17,https://www.zillow.com/homedetails/405-S-Ash-St-Conway-AR-72034/238063_zpid/,,75000,2026-09-10T00:00:00.000Z,Listed for rent,2021-02-23T00:00:00.000Z,Listing removed,2020-06-04T00:00:00.000Z,Listing removed,2020-06-02T00:00:00.000Z,Listed for rent,2020-04-30T00:00:00.000Z,Sold,2020-04-14T00:00:00.000Z,Listed for sale,2013-09-25T00:00:00.000Z,Sold,2006-03-23T00:00:00.000Z,Sold,,,,,,,,,,,,,,,,,,,,,,,,,,,,,,,,,,,,,,,,,,,,
"3031 Trelon Cv, Alexander, AR 72002",3031 Trelon Cv,Alexander,AR,,forRent,3,1640,,1645,3,https://www.zillow.com/homedetails/3031-Trelon-Cv-Alexander-AR-72002/2062143982_zpid/,,,2026-09-25T00:00:00.000Z,Listed for rent,2023-12-15T00:00:00.000Z,Listing removed,2023-12-05T00:00:00.000Z,Price change,2023-10-26T00:00:00.000Z,Listed for rent,2023-04-19T00:00:00.000Z,Listing removed,2023-03-24T00:00:00.000Z,Price change,2023-02-17T00:00:00.000Z,Price change,2023-01-26T00:00:00.000Z,Listed for rent,2022-12-15T00:00:00.000Z,Listing removed,2022-11-30T00:00:00.000Z,Price change,2022-11-16T00:00:00.000Z,Price change,2022-11-03T00:00:00.000Z,Price change,2022-09-20T00:00:00.000Z,Price change,2022-09-03T00:00:00.000Z,Price change,2022-08-23T00:00:00.000Z,Price change,2022-08-04T00:00:00.000Z,Listed for sale,,,,,,,,,,,,,,,,,,,,,,,,,,,,
"2423 S Chatfield Rd, Bauxite, AR 72011",2423 S Chatfield Rd,Bauxite,AR,,forRent,4,1802,,1700,28,https://www.zillow.com/homedetails/2423-S-Chatfield-Rd-Bauxite-AR-72011/114169056_zpid/,,99000,2026-09-27T00:00:00.000Z,Price change,2026-09-08T00:00:00.000Z,Price change,2026-08-30T00:00:00.000Z,Listed for rent,2026-07-20T00:00:00.000Z,Listing removed,2026-06-26T00:00:00.000Z,Price change,2026-06-12T00:00:00.000Z,Listed for rent,2025-11-26T00:00:00.000Z,Sold,2025-10-29T00:00:00.000Z,Contingent,2025-10-27T00:00:00.000Z,Listed for sale,2025-10-08T00:00:00.000Z,Contingent,2025-10-05T00:00:00.000Z,Listed for sale,,,,,,,,,,,,,,,,,,,,,,,,,,,,,,,,,,,,,,
"31 Haley Renee Dr, Greenbrier, AR 72058",31 Haley Renee Dr,Greenbrier,AR,,forRent,3,1527,,1400,53,https://www.zillow.com/homedetails/31-Haley-Renee-Dr-Greenbrier-AR-72058/464349852_zpid/,,,2026-08-05T00:00:00.000Z,Listed for rent,,,,,,,,,,,,,,,,,,,,,,,,,,,,,,,,,,,,,,,,,,,,,,,,,,,,,,,,,,
"2230 Cedar Oaks Dr, Conway, AR 72032",2230 Cedar Oaks Dr,Conway,AR,,forRent,3,1200,,1500,14,https://www.zillow.com/homedetails/2230-Cedar-Oaks-Dr-Conway-AR-72032/239909_zpid/,,640000,2026-09-13T00:00:00.000Z,Listed for rent,2014-10-22T00:00:00.000Z,Sold,2006-05-30T00:00:00.000Z,Sold,,,,,,,,,,,,,,,,,,,,,,,,,,,,,,,,,,,,,,,,,,,,,,,,,,,,,,
"1431 Mammoth Rd, Hickory, NC 28602",1431 Mammoth Rd,Hickory,NC,,forRent,5,2368,,2245,26,https://www.zillow.com/homedetails/1431-Mammoth-Rd-Hickory-NC-28602/455924046_zpid/,,307679,2026-09-11T00:00:00.000Z,Price change,2026-09-01T00:00:00.000Z,Listed for rent,2026-08-31T00:00:00.000Z,Sold,2026-07-20T00:00:00.000Z,Pending sale,2026-07-14T00:00:00.000Z,Price change,2026-06-30T00:00:00.000Z,Price change,2026-02-23T00:00:00.000Z,Listed for sale,2025-10-07T00:00:00.000Z,Listing removed,2025-08-13T00:00:00.000Z,Price change,2025-08-12T00:00:00.000Z,Listed for sale,,,,,,,,,,,,,,,,,,,,,,,,,,,,,,,,,,,,,,,,
"2352 Bassett St, Benton, AR 72019",2352 Bassett St,Benton,AR,,forRent,4,1852,,1695,19,https://www.zillow.com/homedetails/2352-Bassett-St-Benton-AR-72019/461516492_zpid/,,,2026-09-09T00:00:00.000Z,Listed for rent,2026-08-14T00:00:00.000Z,Listing removed,2026-08-04T00:00:00.000Z,Price change,2026-07-16T00:00:00.000Z,Listed for sale,2026-04-06T00:00:00.000Z,Listing removed,2026-04-05T00:00:00.000Z,Listed for sale,,,,,,,,,,,,,,,,,,,,,,,,,,,,,,,,,,,,,,,,,,,,,,,,
"2 Corbet Ln, Maumelle, AR 72113",2 Corbet Ln,Maumelle,AR,,forRent,3,1523,,2300,37,https://www.zillow.com/homedetails/2-Corbet-Ln-Maumelle-AR-72113/122005820_zpid/,,,2026-08-21T00:00:00.000Z,Listed for rent,2025-04-21T00:00:00.000Z,Listing removed,2025-03-25T00:00:00.000Z,Price change,2025-03-04T00:00:00.000Z,Listed for rent,2025-01-27T00:00:00.000Z,Listing removed,2025-01-14T00:00:00.000Z,Price change,2025-01-13T00:00:00.000Z,Listed for rent,2022-11-11T00:00:00.000Z,Listing removed,2022-10-11T00:00:00.000Z,Listed for rent,2017-10-06T00:00:00.000Z,Listing removed,2017-08-30T00:00:00.000Z,Price change,2017-08-08T00:00:00.000Z,Price change,2017-06-26T00:00:00.000Z,Listed for rent,,,,,,,,,,,,,,,,,,,,,,,,,,,,,,,,,,
"802 Gussy Ln, Benton, AR 72019",802 Gussy Ln,Benton,AR,,forRent,4,1459,,1650,4,https://www.zillow.com/homedetails/802-Gussy-Ln-Benton-AR-72019/460667108_zpid/,,222900,2026-08-21T00:00:00.000Z,Listed for rent,2026-08-11T00:00:00.000Z,Sold,2026-07-13T00:00:00.000Z,Contingent,2026-07-04T00:00:00.000Z,Price change,2026-06-03T00:00:00.000Z,Listed for sale,2026-05-01T00:00:00.000Z,Contingent,2026-04-14T00:00:00.000Z,Price change,2026-04-07T00:00:00.000Z,Price change,2026-04-02T00:00:00.000Z,Price change,2026-02-27T00:00:00.000Z,Price change,2026-02-24T00:00:00.000Z,Listed for sale,,,,,,,,,,,,,,,,,,,,,,,,,,,,,,,,,,,,,,
"16 Mustang Dr, Cabot, AR 72023",16 Mustang Dr,Cabot,AR,,forRent,3,1494,,1450,51,https://www.zillow.com/homedetails/16-Mustang-Dr-Cabot-AR-72023/63160974_zpid/,,2988,2026-08-07T00:00:00.000Z,Listed for rent,2020-02-08T00:00:00.000Z,Listing removed,2020-01-25T00:00:00.000Z,Listed for rent,2018-12-12T00:00:00.000Z,Listing removed,2018-11-14T00:00:00.000Z,Listed for rent,2012-08-23T00:00:00.000Z,Sold,2004-02-25T00:00:00.000Z,Sold,,,,,,,,,,,,,,,,,,,,,,,,,,,,,,,,,,,,,,,,,,,,,,
"600 S Davis St, Conway, AR 72034",600 S Davis St,Conway,AR,,forRent,3,1728,,1500,97,https://www.zillow.com/homedetails/600-S-Davis-St-Conway-AR-72034/235022_zpid/,,108500,2026-09-02T00:00:00.000Z,Price change,2026-07-20T00:00:00.000Z,Price change,2026-07-06T00:00:00.000Z,Price change,2026-06-22T00:00:00.000Z,Listed for rent,2022-10-20T00:00:00.000Z,Listing removed,2022-10-11T00:00:00.000Z,Price change,2022-09-22T00:00:00.000Z,Listed for rent,2017-06-15T00:00:00.000Z,Sold,2017-05-06T00:00:00.000Z,Listed for sale,2015-04-17T00:00:00.000Z,Sold,2005-07-22T00:00:00.000Z,Sold,,,,,,,,,,,,,,,,,,,,,,,,,,,,,,,,,,,,,,
"1422 Saw Grass Cv, Benton, AR 72019",1422 Saw Grass Cv,Benton,AR,,forRent,3,1400,,1500,6,https://www.zillow.com/homedetails/1422-Saw-Grass-Cv-Benton-AR-72019/82268083_zpid/,,133000,2026-09-21T00:00:00.000Z,Listed for rent,2024-07-17T00:00:00.000Z,Listing removed,2024-06-20T00:00:00.000Z,Listed for rent,2020-11-20T00:00:00.000Z,Sold,2013-06-06T00:00:00.000Z,Sold,2013-04-26T00:00:00.000Z,Pending sale,2013-02-06T00:00:00.000Z,Listed for sale,2012-11-22T00:00:00.000Z,Listing removed,2012-07-18T00:00:00.000Z,Price change,2012-04-28T00:00:00.000Z,Listed for sale,2009-06-08T00:00:00.000Z,Sold,,,,,,,,,,,,,,,,,,,,,,,,,,,,,,,,,,,,,,
"34 Woodhaven Dr, Cabot, AR 72023",34 Woodhaven Dr,Cabot,AR,,forRent,3,1305,,1495,52,https://www.zillow.com/homedetails/34-Woodhaven-Dr-Cabot-AR-72023/338206710_zpid/,,165000,2026-09-26T00:00:00.000Z,Price change,2026-09-19T00:00:00.000Z,Price change,2026-09-12T00:00:00.000Z,Price change,2026-08-07T00:00:00.000Z,Listed for rent,2025-04-03T00:00:00.000Z,Listing removed,2025-03-15T00:00:00.000Z,Price change,2025-02-13T00:00:00.000Z,Price change,2025-02-11T00:00:00.000Z,Listed for rent,2020-11-30T00:00:00.000Z,Sold,2020-10-19T00:00:00.000Z,Sold,,,,,,,,,,,,,,,,,,,,,,,,,,,,,,,,,,,,,,,,
"911 James Madison Dr, Benton, AR 72019",911 James Madison Dr,Benton,AR,,forRent,3,2014,,1700,11,https://www.zillow.com/homedetails/911-James-Madison-Dr-Benton-AR-72019/82278084_zpid/,,175000,2026-09-16T00:00:00.000Z,Listed for rent,2024-07-26T00:00:00.000Z,Sold,2021-07-01T00:00:00.000Z,Sold,2014-03-12T00:00:00.000Z,Sold,,,,,,,,,,,,,,,,,,,,,,,,,,,,,,,,,,,,,,,,,,,,,,,,,,,,
"1419 Mammoth Rd, Hickory, NC 28602",1419 Mammoth Rd,Hickory,NC,,forRent,5,2368,,2275,25,https://www.zillow.com/homedetails/1419-Mammoth-Rd-Hickory-NC-28602/461722721_zpid/,,292400,2026-09-02T00:00:00.000Z,Listed for rent,2026-08-20T00:00:00.000Z,Sold,2026-07-16T00:00:00.000Z,Pending sale,2026-04-15T00:00:00.000Z,Listed for sale,,,,,,,,,,,,,,,,,,,,,,,,,,,,,,,,,,,,,,,,,,,,,,,,,,,,
"1415 Mammoth Rd, Hickory, NC 28602",1415 Mammoth Rd,Hickory,NC,,forRent,4,1927,,2145,25,https://www.zillow.com/homedetails/1415-Mammoth-Rd-Hickory-NC-28602/461722523_zpid/,,272500,2026-09-02T00:00:00.000Z,Listed for rent,2026-08-20T00:00:00.000Z,Sold,2026-07-16T00:00:00.000Z,Pending sale,2026-06-02T00:00:00.000Z,Price change,2026-04-15T00:00:00.000Z,Listed for sale,,,,,,,,,,,,,,,,,,,,,,,,,,,,,,,,,,,,,,,,,,,,,,,,,,
"7 Cabernet Way, Mayflower, AR 72106",7 Cabernet Way,Mayflower,AR,,forRent,3,1290,,1550,25,https://www.zillow.com/homedetails/7-Cabernet-Way-Mayflower-AR-72106/463057997_zpid/,,208300,2026-09-23T00:00:00.000Z,Price change,2026-09-02T00:00:00.000Z,Listed for rent,2026-08-28T00:00:00.000Z,Sold,2026-08-12T00:00:00.000Z,Price change,2026-08-11T00:00:00.000Z,Listed for sale,2026-08-11T00:00:00.000Z,Contingent,2026-08-10T00:00:00.000Z,Price change,2026-07-08T00:00:00.000Z,Price change,2026-06-09T00:00:00.000Z,Listed for sale,,,,,,,,,,,,,,,,,,,,,,,,,,,,,,,,,,,,,,,,,,
"5944 Bakers Point, Hickory, NC 28602",5944 Bakers Point,Hickory,NC,,forRent,5,3953,,3600,40,https://www.zillow.com/homedetails/5944-Bakers-Point-Hickory-NC-28602/98192272_zpid/,,90000,2026-08-18T00:00:00.000Z,Listed for rent,2026-08-13T00:00:00.000Z,Listing removed,2026-07-27T00:00:00.000Z,Price change,2026-06-23T00:00:00.000Z,Price change,2026-04-30T00:00:00.000Z,Listed for sale,2026-03-01T00:00:00.000Z,Listing removed,2025-11-14T00:00:00.000Z,Listed for sale,2024-12-12T00:00:00.000Z,Sold,2024-11-12T00:00:00.000Z,Listed for sale,2022-10-23T00:00:00.000Z,Listing removed,2022-07-25T00:00:00.000Z,Listed for sale,2011-06-20T00:00:00.000Z,Sold,2011-04-15T00:00:00.000Z,Listed for sale,2011-02-18T00:00:00.000Z,Sold,,,,,,,,,,,,,,,,,,,,,,,,,,,,,,,,
"191 Rosedale St, Kings Mountain, NC 28086",191 Rosedale St,Kings Mountain,NC,,forRent,3,1679,,1795,13,https://www.zillow.com/homedetails/191-Rosedale-St-Kings-Mountain-NC-28086/338483251_zpid/,,246900,2026-09-14T00:00:00.000Z,Listed for rent,2024-12-14T00:00:00.000Z,Listing removed,2024-11-12T00:00:00.000Z,Listed for rent,2023-11-08T00:00:00.000Z,Listing removed,2023-11-03T00:00:00.000Z,Price change,2023-10-18T00:00:00.000Z,Listed for rent,2021-06-11T00:00:00.000Z,Sold,2021-02-04T00:00:00.000Z,Contingent,2021-01-26T00:00:00.000Z,Listed for sale,,,,,,,,,,,,,,,,,,,,,,,,,,,,,,,,,,,,,,,,,,
"617 14th St SW, Hickory, NC 28602",617 14th St SW,Hickory,NC,,forRent,3,1190,,1650,17,https://www.zillow.com/homedetails/617-14th-St-SW-Hickory-NC-28602/456095233_zpid/,,,2026-09-23T00:00:00.000Z,Price change,2026-09-10T00:00:00.000Z,Listed for rent,2025-10-02T00:00:00.000Z,Listing removed,2025-09-12T00:00:00.000Z,Price change,2025-09-05T00:00:00.000Z,Price change,2025-08-20T00:00:00.000Z,Listed for rent,,,,,,,,,,,,,,,,,,,,,,,,,,,,,,,,,,,,,,,,,,,,,,,,
"621-623 Cosmos St, Maumelle, AR 72113",621-623 Cosmos St,Maumelle,AR,,other,,,,,,https://www.zillow.com/b/621-623-cosmos-st-maumelle-ar-CpNTTZ/,,,,,,,,,,,,,,,,,,,,,,,,,,,,,,,,,,,,,,,,,,,,,,,,,,,,,,,,,,,,,,
"2230 Linda Dr, Conway, AR 72032",2230 Linda Dr,Conway,AR,,forRent,3,1348,,1650,6,https://www.zillow.com/homedetails/2230-Linda-Dr-Conway-AR-72032/102994419_zpid/,,205000,2026-09-21T00:00:00.000Z,Listed for rent,2023-11-10T00:00:00.000Z,Listing removed,2023-10-17T00:00:00.000Z,Listed for rent,2023-10-03T00:00:00.000Z,Sold,2021-03-24T00:00:00.000Z,Listing removed,2017-09-25T00:00:00.000Z,Listing removed,2017-06-27T00:00:00.000Z,Pending sale,2017-06-20T00:00:00.000Z,Listed for sale,2013-01-17T00:00:00.000Z,Sold,,,,,,,,,,,,,,,,,,,,,,,,,,,,,,,,,,,,,,,,,,
"103 E Concord Rd, Mayflower, AR 72106",103 E Concord Rd,Mayflower,AR,,forRent,3,1413,,1660,19,https://www.zillow.com/homedetails/103-E-Concord-Rd-Mayflower-AR-72106/463058000_zpid/,,,2026-09-09T00:00:00.000Z,Listed for rent,2026-08-14T00:00:00.000Z,Listing removed,2026-07-20T00:00:00.000Z,Price change,2026-06-09T00:00:00.000Z,Listed for sale,,,,,,,,,,,,,,,,,,,,,,,,,,,,,,,,,,,,,,,,,,,,,,,,,,,,
"1610 Raden St, Conway, AR 72032",1610 Raden St,Conway,AR,,forRent,3,1243,,1650,46,https://www.zillow.com/homedetails/1610-Raden-St-Conway-AR-72032/2066419442_zpid/,,,2026-08-12T00:00:00.000Z,Listed for rent,2025-10-04T00:00:00.000Z,Listing removed,2025-10-03T00:00:00.000Z,Listed for rent,2025-10-03T00:00:00.000Z,Listing removed,2025-07-18T00:00:00.000Z,Listed for rent,2023-12-30T00:00:00.000Z,Listing removed,2023-12-29T00:00:00.000Z,Listed for rent,2023-12-28T00:00:00.000Z,Listing removed,2023-12-01T00:00:00.000Z,Price change,2023-09-08T00:00:00.000Z,Listed for rent,2023-04-19T00:00:00.000Z,Listing removed,2023-03-28T00:00:00.000Z,Listed for rent,2022-04-21T00:00:00.000Z,Listing removed,2022-02-16T00:00:00.000Z,Listed for rent,,,,,,,,,,,,,,,,,,,,,,,,,,,,,,,,
"640 Cherub Dr, Conway, AR 72034",640 Cherub Dr,Conway,AR,,forRent,3,1144,,1500,14,https://www.zillow.com/homedetails/640-Cherub-Dr-Conway-AR-72034/242932_zpid/,,180000,2026-09-13T00:00:00.000Z,Listed for rent,2026-08-28T00:00:00.000Z,Sold,2026-08-27T00:00:00.000Z,Contingent,2026-07-26T00:00:00.000Z,Listed for sale,2018-04-26T00:00:00.000Z,Sold,2013-10-04T00:00:00.000Z,Sold,2010-09-24T00:00:00.000Z,Sold,,,,,,,,,,,,,,,,,,,,,,,,,,,,,,,,,,,,,,,,,,,,,,
"15 Leruss Blvd, Cabot, AR 72023",15 Leruss Blvd,Cabot,AR,,forRent,,,,,,https://www.zillow.com/b/15-leruss-blvd-cabot-ar-CkhJp8/,,,,,,,,,,,,,,,,,,,,,,,,,,,,,,,,,,,,,,,,,,,,,,,,,,,,,,,,,,,,,,
"1810 Rich Smith Ln, Conway, AR 72032",1810 Rich Smith Ln,Conway,AR,,forRent,3,2310,,2500,62,https://www.zillow.com/homedetails/1810-Rich-Smith-Ln-Conway-AR-72032/102992676_zpid/,,,2026-07-27T00:00:00.000Z,Price change,2026-06-22T00:00:00.000Z,Price change,2026-04-22T00:00:00.000Z,Price change,2026-01-07T00:00:00.000Z,Listed for rent,,,,,,,,,,,,,,,,,,,,,,,,,,,,,,,,,,,,,,,,,,,,,,,,,,,,
"1306 Bellemeade Dr, Conway, AR 72034",1306 Bellemeade Dr,Conway,AR,,forRent,3,2220,,1775,45,https://www.zillow.com/homedetails/1306-Bellemeade-Dr-Conway-AR-72034/234155_zpid/,,89090,2026-08-13T00:00:00.000Z,Listed for rent,2025-06-20T00:00:00.000Z,Listing removed,2025-05-09T00:00:00.000Z,Listed for rent,2017-12-01T00:00:00.000Z,Listing removed,2017-08-20T00:00:00.000Z,Price change,2017-05-31T00:00:00.000Z,Listed for sale,2013-10-16T00:00:00.000Z,Listing removed,2013-07-18T00:00:00.000Z,Listed for sale,2013-04-01T00:00:00.000Z,Sold,2012-06-28T00:00:00.000Z,Sold,,,,,,,,,,,,,,,,,,,,,,,,,,,,,,,,,,,,,,,,
"4555 Graham Dr, Conway, AR 72034",4555 Graham Dr,Conway,AR,,forRent,3,1192,,1400,45,https://www.zillow.com/homedetails/4555-Graham-Dr-Conway-AR-72034/59917944_zpid/,,185000,2026-08-13T00:00:00.000Z,Listed for rent,2024-10-02T00:00:00.000Z,Listing removed,2024-09-23T00:00:00.000Z,Listed for rent,2023-07-28T00:00:00.000Z,Sold,2023-06-28T00:00:00.000Z,Contingent,2023-06-28T00:00:00.000Z,Listed for sale,2021-03-24T00:00:00.000Z,Listing removed,2016-11-28T00:00:00.000Z,Listing removed,2016-11-28T00:00:00.000Z,Listed for sale,2016-09-29T00:00:00.000Z,Sold,2016-09-06T00:00:00.000Z,Pending sale,2016-07-30T00:00:00.000Z,Price change,2016-07-21T00:00:00.000Z,Listed for sale,2011-06-21T00:00:00.000Z,Sold,2005-10-20T00:00:00.000Z,Sold,,,,,,,,,,,,,,,,,,,,,,,,,,,,,,
"1906 Dave Ward Dr, Conway, AR 72034",1906 Dave Ward Dr,Conway,AR,,forRent,3,1335,,1000,47,https://www.zillow.com/homedetails/1906-Dave-Ward-Dr-Conway-AR-72034/2061771487_zpid/,,,2026-08-11T00:00:00.000Z,Listed for rent,2025-12-18T00:00:00.000Z,Listing removed,2025-11-11T00:00:00.000Z,Price change,2025-10-28T00:00:00.000Z,Price change,2025-10-03T00:00:00.000Z,Price change,2025-06-27T00:00:00.000Z,Listed for rent,2024-05-29T00:00:00.000Z,Listing removed,2024-05-14T00:00:00.000Z,Price change,2024-04-23T00:00:00.000Z,Price change,2024-04-15T00:00:00.000Z,Price change,2024-03-18T00:00:00.000Z,Price change,2024-02-16T00:00:00.000Z,Price change,2024-02-13T00:00:00.000Z,Price change,2024-01-31T00:00:00.000Z,Listed for rent,2023-11-30T00:00:00.000Z,Listing removed,2023-11-15T00:00:00.000Z,Listed for rent,2022-10-25T00:00:00.000Z,Listing removed,2022-10-18T00:00:00.000Z,Price change,2022-10-02T00:00:00.000Z,Price change,2022-08-26T00:00:00.000Z,Listed for rent,,,,,,,,,,,,,,,,,,,,
"1315 Fairlane Dr, Conway, AR 72034",1315 Fairlane Dr,Conway,AR,,forRent,3,1288,,1300,6,https://www.zillow.com/homedetails/1315-Fairlane-Dr-Conway-AR-72034/234174_zpid/,,77000,2026-09-21T00:00:00.000Z,Listed for rent,2021-06-18T00:00:00.000Z,Sold,2014-11-12T00:00:00.000Z,Sold,1999-09-27T00:00:00.000Z,Sold,,,,,,,,,,,,,,,,,,,,,,,,,,,,,,,,,,,,,,,,,,,,,,,,,,,,
"195 Peach St, Conway, AR 72034",195 Peach St,Conway,AR,,forRent,3,1445,,1650,3,https://www.zillow.com/homedetails/195-Peach-St-Conway-AR-72034/240792_zpid/,,375000,2026-09-24T00:00:00.000Z,Listed for rent,2025-05-04T00:00:00.000Z,Listing removed,2025-04-23T00:00:00.000Z,Listed for rent,2023-02-12T00:00:00.000Z,Listing removed,2023-02-03T00:00:00.000Z,Listed for rent,2021-02-23T00:00:00.000Z,Listing removed,2020-04-28T00:00:00.000Z,Listing removed,2020-04-16T00:00:00.000Z,Listed for rent,2018-05-14T00:00:00.000Z,Listing removed,2018-04-25T00:00:00.000Z,Price change,2018-04-14T00:00:00.000Z,Listed for rent,2013-04-29T00:00:00.000Z,Sold,,,,,,,,,,,,,,,,,,,,,,,,,,,,,,,,,,,,
"2635 Clover Ln, Conway, AR 72032",2635 Clover Ln,Conway,AR,,forRent,3,1242,,1400,3,https://www.zillow.com/homedetails/2635-Clover-Ln-Conway-AR-72032/102993152_zpid/,,135000,2026-09-24T00:00:00.000Z,Listed for rent,2024-05-15T00:00:00.000Z,Listing removed,2024-05-08T00:00:00.000Z,Listed for rent,2021-03-24T00:00:00.000Z,Listing removed,2018-11-21T00:00:00.000Z,Listing removed,2018-10-26T00:00:00.000Z,Listed for rent,2018-09-08T00:00:00.000Z,Listing removed,2018-09-06T00:00:00.000Z,Listed for rent,2017-09-15T00:00:00.000Z,Sold,2017-08-24T00:00:00.000Z,Price change,2017-08-05T00:00:00.000Z,Price change,2017-07-28T00:00:00.000Z,Listed for sale,2016-07-05T00:00:00.000Z,Sold,2016-03-30T00:00:00.000Z,Price change,2016-03-20T00:00:00.000Z,Listed for sale,2013-05-23T00:00:00.000Z,Sold,,,,,,,,,,,,,,,,,,,,,,,,,,,,
"2004 Hairston Ave, Conway, AR 72034",2004 Hairston Ave,Conway,AR,,forRent,3,1703,,2800,25,https://www.zillow.com/homedetails/2004-Hairston-Ave-Conway-AR-72034/444384959_zpid/,,,2026-09-02T00:00:00.000Z,Listed for rent,2026-02-25T00:00:00.000Z,Listing removed,2026-01-13T00:00:00.000Z,Listed for rent,2025-12-29T00:00:00.000Z,Listing removed,2025-11-07T00:00:00.000Z,Listed for rent,2025-06-27T00:00:00.000Z,Listing removed,2025-06-10T00:00:00.000Z,Listed for rent,2025-05-29T00:00:00.000Z,Listing removed,2025-03-24T00:00:00.000Z,Price change,2025-01-29T00:00:00.000Z,Price change,2025-01-15T00:00:00.000Z,Listed for rent,2024-11-29T00:00:00.000Z,Listing removed,2024-10-16T00:00:00.000Z,Listed for rent,,,,,,,,,,,,,,,,,,,,,,,,,,,,,,,,,,
"1267 Hamilton St, Conway, AR 72032",1267 Hamilton St,Conway,AR,,forRent,3,1056,,1158,39,https://www.zillow.com/homedetails/1267-Hamilton-St-Conway-AR-72032/234905_zpid/,,52000,2026-09-16T00:00:00.000Z,Price change,2026-09-14T00:00:00.000Z,Price change,2026-08-20T00:00:00.000Z,Listed for rent,2024-09-19T00:00:00.000Z,Listing removed,2024-09-17T00:00:00.000Z,Price change,2024-09-15T00:00:00.000Z,Price change,2024-09-13T00:00:00.000Z,Listed for rent,2022-12-30T00:00:00.000Z,Listing removed,2022-12-17T00:00:00.000Z,Price change,2022-12-03T00:00:00.000Z,Price change,2022-11-22T00:00:00.000Z,Price change,2022-11-08T00:00:00.000Z,Listed for rent,2022-11-04T00:00:00.000Z,Listing removed,2022-10-28T00:00:00.000Z,Price change,2022-09-30T00:00:00.000Z,Listed for sale,2021-12-14T00:00:00.000Z,Sold,2015-03-20T00:00:00.000Z,Sold,,,,,,,,,,,,,,,,,,,,,,,,,,
"1740 Raden St, Conway, AR 72032",1740 Raden St,Conway,AR,,forRent,3,1243,,1650,18,https://www.zillow.com/homedetails/1740-Raden-St-Conway-AR-72032/2061816633_zpid/,,,2026-09-09T00:00:00.000Z,Listed for rent,2026-05-19T00:00:00.000Z,Listing removed,2026-02-27T00:00:00.000Z,Price change,2022-11-09T00:00:00.000Z,Price change,2022-10-11T00:00:00.000Z,Price change,2022-08-22T00:00:00.000Z,Listed for rent,,,,,,,,,,,,,,,,,,,,,,,,,,,,,,,,,,,,,,,,,,,,,,,,
"89 Solomon Grove Rd, Damascus, AR 72039",89 Solomon Grove Rd,Damascus,AR,,forRent,3,1456,,1025,18,https://www.zillow.com/homedetails/89-Solomon-Grove-Rd-Damascus-AR-72039/244831_zpid/,,241000,2026-09-09T00:00:00.000Z,Listed for rent,2023-11-27T00:00:00.000Z,Listing removed,2023-11-20T00:00:00.000Z,Price change,2023-10-24T00:00:00.000Z,Listed for rent,2014-10-30T00:00:00.000Z,Sold,,,,,,,,,,,,,,,,,,,,,,,,,,,,,,,,,,,,,,,,,,,,,,,,,,
"2804 Bruce St, Conway, AR 72034",2804 Bruce St,Conway,AR,,forRent,3,1232,,1375,20,https://www.zillow.com/homedetails/2804-Bruce-St-Conway-AR-72034/238249_zpid/,,115000,2026-09-07T00:00:00.000Z,Listed for rent,2017-11-12T00:00:00.000Z,Listing removed,2017-11-01T00:00:00.000Z,Listed for rent,2016-07-19T00:00:00.000Z,Listing removed,2016-07-19T00:00:00.000Z,Listed for sale,2016-07-18T00:00:00.000Z,Sold,2016-06-22T00:00:00.000Z,Pending sale,2016-06-09T00:00:00.000Z,Listed for sale,2011-06-20T00:00:00.000Z,Sold,2006-12-04T00:00:00.000Z,Sold,,,,,,,,,,,,,,,,,,,,,,,,,,,,,,,,,,,,,,,,
"63 Autumn Hills Rd, Greenbrier, AR 72058",63 Autumn Hills Rd,Greenbrier,AR,,forRent,3,1420,,1450,12,https://www.zillow.com/homedetails/63-Autumn-Hills-Rd-Greenbrier-AR-72058/82246957_zpid/,,,2026-09-15T00:00:00.000Z,Listed for rent,2025-01-21T00:00:00.000Z,Listing removed,2025-01-17T00:00:00.000Z,Listed for rent,,,,,,,,,,,,,,,,,,,,,,,,,,,,,,,,,,,,,,,,,,,,,,,,,,,,,,
"1155 Mimosa Dr, Conway, AR 72034",1155 Mimosa Dr,Conway,AR,,forRent,3,1236,,1400,23,https://www.zillow.com/homedetails/1155-Mimosa-Dr-Conway-AR-72034/35730018_zpid/,,78000,2026-09-04T00:00:00.000Z,Listed for rent,2025-06-19T00:00:00.000Z,Listing removed,2025-06-16T00:00:00.000Z,Listed for rent,2023-09-26T00:00:00.000Z,Listing removed,2023-09-11T00:00:00.000Z,Listed for rent,2019-06-13T00:00:00.000Z,Listing removed,2019-06-05T00:00:00.000Z,Listed for rent,2001-06-27T00:00:00.000Z,Sold,,,,,,,,,,,,,,,,,,,,,,,,,,,,,,,,,,,,,,,,,,,,
"4540 Thompson St, Conway, AR 72034",4540 Thompson St,Conway,AR,,forRent,3,1195,,1450,32,https://www.zillow.com/homedetails/4540-Thompson-St-Conway-AR-72034/52392329_zpid/,,110000,2026-08-26T00:00:00.000Z,Listed for rent,2024-05-02T00:00:00.000Z,Listing removed,2024-04-25T00:00:00.000Z,Listed for rent,2022-08-10T00:00:00.000Z,Listing removed,2022-07-30T00:00:00.000Z,Listed for rent,2021-08-09T00:00:00.000Z,Listing removed,2021-08-04T00:00:00.000Z,Listed for rent,2012-06-11T00:00:00.000Z,Sold,2011-02-21T00:00:00.000Z,Sold,2003-05-13T00:00:00.000Z,Sold,,,,,,,,,,,,,,,,,,,,,,,,,,,,,,,,,,,,,,,,
"3225 Jean Cv, Alexander, AR 72002",3225 Jean Cv,Alexander,AR,,forRent,3,2827,,2600,173,https://www.zillow.com/homedetails/3225-Jean-Cv-Alexander-AR-72002/378862_zpid/,,,2026-07-27T00:00:00.000Z,Price change,2026-04-07T00:00:00.000Z,Listed for rent,,,,,,,,,,,,,,,,,,,,,,,,,,,,,,,,,,,,,,,,,,,,,,,,,,,,,,,,
"1067 Huntington Dr, Benton, AR 72019",1067 Huntington Dr,Benton,AR,,forRent,4,1459,,1445,45,https://www.zillow.com/homedetails/1067-Huntington-Dr-Benton-AR-72019/2061767452_zpid/,,,2026-09-24T00:00:00.000Z,Price change,2026-09-17T00:00:00.000Z,Price change,2026-08-13T00:00:00.000Z,Listed for rent,2024-11-08T00:00:00.000Z,Listing removed,2024-11-05T00:00:00.000Z,Listed for rent,2024-03-22T00:00:00.000Z,Listing removed,2024-02-27T00:00:00.000Z,Listed for rent,2023-02-14T00:00:00.000Z,Listing removed,2023-01-26T00:00:00.000Z,Listed for rent,2022-12-17T00:00:00.000Z,Listing removed,2022-12-01T00:00:00.000Z,Price change,2022-11-11T00:00:00.000Z,Price change,2022-08-26T00:00:00.000Z,Listed for sale,,,,,,,,,,,,,,,,,,,,,,,,,,,,,,,,,,
"905 Pheasant Cv, Benton, AR 72019",905 Pheasant Cv,Benton,AR,,forRent,3,1415,,1595,24,https://www.zillow.com/homedetails/905-Pheasant-Cv-Benton-AR-72019/385747_zpid/,,158000,2026-09-03T00:00:00.000Z,Listed for rent,2022-05-16T00:00:00.000Z,Listing removed,2022-04-20T00:00:00.000Z,Price change,2022-04-14T00:00:00.000Z,Price change,2022-04-06T00:00:00.000Z,Price change,2022-03-22T00:00:00.000Z,Listed for rent,2022-02-01T00:00:00.000Z,Sold,2022-01-21T00:00:00.000Z,Contingent,2022-01-19T00:00:00.000Z,Listed for sale,,,,,,,,,,,,,,,,,,,,,,,,,,,,,,,,,,,,,,,,,,
"1930 College Ave, Conway, AR 72034",1930 College Ave,Conway,AR,,forRent,3,1926,,3100,25,https://www.zillow.com/homedetails/1930-College-Ave-Conway-AR-72034/237634_zpid/,,160268,2026-09-02T00:00:00.000Z,Listed for rent,2026-03-18T00:00:00.000Z,Listing removed,2026-02-19T00:00:00.000Z,Price change,2026-02-05T00:00:00.000Z,Listed for rent,2026-01-28T00:00:00.000Z,Listing removed,2026-01-13T00:00:00.000Z,Listed for rent,2025-09-23T00:00:00.000Z,Listing removed,2025-08-26T00:00:00.000Z,Price change,2025-08-07T00:00:00.000Z,Price change,2025-07-30T00:00:00.000Z,Listed for rent,2025-06-27T00:00:00.000Z,Listing removed,2025-06-10T00:00:00.000Z,Listed for rent,2025-05-29T00:00:00.000Z,Listing removed,2025-03-22T00:00:00.000Z,Price change,2025-02-10T00:00:00.000Z,Listed for rent,2025-02-01T00:00:00.000Z,Listing removed,2025-01-15T00:00:00.000Z,Listed for rent,2024-12-10T00:00:00.000Z,Listing removed,2024-11-30T00:00:00.000Z,Listed for rent,2024-11-23T00:00:00.000Z,Listing removed,2024-10-16T00:00:00.000Z,Listed for rent,2023-05-02T00:00:00.000Z,Sold,2023-02-20T00:00:00.000Z,Price change,2023-01-29T00:00:00.000Z,Listed for sale,2013-08-23T00:00:00.000Z,Sold,,,,,,,,,,
"6056 Orange Valley Cv, Mabelvale, AR 72103",6056 Orange Valley Cv,Mabelvale,AR,,forRent,4,1537,,1675,20,https://www.zillow.com/homedetails/6056-Orange-Valley-Cv-Mabelvale-AR-72103/463591455_zpid/,,,2026-07-01T00:00:00.000Z,Listed for rent,,,,,,,,,,,,,,,,,,,,,,,,,,,,,,,,,,,,,,,,,,,,,,,,,,,,,,,,,,
"295 Niagra Fls, Conway, AR 72032",295 Niagra Fls,Conway,AR,,forRent,3,1148,,1550,0,https://www.zillow.com/homedetails/295-Niagra-Fls-Conway-AR-72032/35730544_zpid/,,189500,2026-09-27T00:00:00.000Z,Listed for rent,2026-08-31T00:00:00.000Z,Sold,2026-07-20T00:00:00.000Z,Listed for sale,2023-05-31T00:00:00.000Z,Sold,2023-04-23T00:00:00.000Z,Pending sale,2023-04-21T00:00:00.000Z,Listed for sale,2016-05-24T00:00:00.000Z,Listing removed,2016-05-24T00:00:00.000Z,Pending sale,2016-04-29T00:00:00.000Z,Sold,2016-03-13T00:00:00.000Z,Listed for sale,2010-08-10T00:00:00.000Z,Sold,,,,,,,,,,,,,,,,,,,,,,,,,,,,,,,,,,,,,,
"31 Haley Renee Dr, Greenbrier, AR 72058",31 Haley Renee Dr,Greenbrier,AR,,forRent,3,1527,,1400,53,https://www.zillow.com/homedetails/31-Haley-Renee-Dr-Greenbrier-AR-72058/464349852_zpid/,,,2026-08-05T00:00:00.000Z,Listed for rent,,,,,,,,,,,,,,,,,,,,,,,,,,,,,,,,,,,,,,,,,,,,,,,,,,,,,,,,,,
"32 Fortson Dr, Cabot, AR 72023",32 Fortson Dr,Cabot,AR,,forRent,3,1064,,875,36,https://www.zillow.com/homedetails/32-Fortson-Dr-Cabot-AR-72023/63161011_zpid/,,750000,2026-08-22T00:00:00.000Z,Listed for rent,2024-02-17T00:00:00.000Z,Listing removed,2024-02-03T00:00:00.000Z,Listed for rent,2004-08-10T00:00:00.000Z,Sold,,,,,,,,,,,,,,,,,,,,,,,,,,,,,,,,,,,,,,,,,,,,,,,,,,,,
"4056 Kings River Trl, Bauxite, AR 72011",4056 Kings River Trl,Bauxite,AR,,forRent,3,1480,,1345,61,https://www.zillow.com/homedetails/4056-Kings-River-Trl-Bauxite-AR-72011/2062403626_zpid/,,200660,2026-09-22T00:00:00.000Z,Price change,2026-08-27T00:00:00.000Z,Price change,2026-08-20T00:00:00.000Z,Price change,2026-08-13T00:00:00.000Z,Price change,2026-07-29T00:00:00.000Z,Listed for rent,2023-02-11T00:00:00.000Z,Listing removed,2023-02-03T00:00:00.000Z,Price change,2023-01-11T00:00:00.000Z,Price change,2022-12-14T00:00:00.000Z,Price change,2022-11-22T00:00:00.000Z,Price change,2022-11-10T00:00:00.000Z,Listed for rent,2022-10-28T00:00:00.000Z,Sold,2022-10-08T00:00:00.000Z,Contingent,2022-08-24T00:00:00.000Z,Price change,2022-08-04T00:00:00.000Z,Price change,2022-07-26T00:00:00.000Z,Price change,2022-07-21T00:00:00.000Z,Listed for sale,2022-07-18T00:00:00.000Z,Listing removed,2022-07-13T00:00:00.000Z,Listed for sale,,,,,,,,,,,,,,,,,,,,,,
"74 Lakeland Dr, Cabot, AR 72023",74 Lakeland Dr,Cabot,AR,,forRent,3,2477,,2100,3,https://www.zillow.com/homedetails/74-Lakeland-Dr-Cabot-AR-72023/72179771_zpid/,,,2026-09-24T00:00:00.000Z,Listed for rent,2026-01-27T00:00:00.000Z,Listing removed,2026-01-12T00:00:00.000Z,Listed for rent,2025-03-14T00:00:00.000Z,Listing removed,2025-03-10T00:00:00.000Z,Listed for rent,2025-03-10T00:00:00.000Z,Listing removed,2025-02-25T00:00:00.000Z,Listed for rent,2024-03-13T00:00:00.000Z,Listing removed,2024-03-12T00:00:00.000Z,Listed for rent,2024-03-11T00:00:00.000Z,Listing removed,2024-03-08T00:00:00.000Z,Price change,2024-01-27T00:00:00.000Z,Price change,2023-12-19T00:00:00.000Z,Listed for rent,2022-11-30T00:00:00.000Z,Listing removed,2022-11-01T00:00:00.000Z,Listed for rent,2019-09-05T00:00:00.000Z,Listing removed,2019-09-03T00:00:00.000Z,Listed for rent,2019-09-03T00:00:00.000Z,Listing removed,2019-08-16T00:00:00.000Z,Price change,2019-08-07T00:00:00.000Z,Pending sale,2019-07-11T00:00:00.000Z,Price change,2019-06-21T00:00:00.000Z,Price change,2019-06-10T00:00:00.000Z,Price change,2019-06-04T00:00:00.000Z,Price change,2019-05-28T00:00:00.000Z,Listed for sale,,,,,,,,,,
"32 Thunderbird Dr, Cabot, AR 72023",32 Thunderbird Dr,Cabot,AR,,forRent,3,1444,,1475,24,https://www.zillow.com/homedetails/32-Thunderbird-Dr-Cabot-AR-72023/67447424_zpid/,,,2026-09-03T00:00:00.000Z,Listed for rent,2021-03-24T00:00:00.000Z,Listing removed,2017-03-08T00:00:00.000Z,Listing removed,2017-02-06T00:00:00.000Z,Listed for rent,,,,,,,,,,,,,,,,,,,,,,,,,,,,,,,,,,,,,,,,,,,,,,,,,,,,
"21 Meadowlark Dr, Cabot, AR 72023",21 Meadowlark Dr,Cabot,AR,,forRent,3,1013,,1395,47,https://www.zillow.com/homedetails/21-Meadowlark-Dr-Cabot-AR-72023/255213_zpid/,,147900,2026-08-12T00:00:00.000Z,Listed for rent,2024-01-16T00:00:00.000Z,Listing removed,2024-01-04T00:00:00.000Z,Sold,2023-08-22T00:00:00.000Z,Sold,2023-07-17T00:00:00.000Z,Contingent,2023-05-12T00:00:00.000Z,Listed for sale,2023-04-19T00:00:00.000Z,Listing removed,2023-03-17T00:00:00.000Z,Listed for rent,2022-03-21T00:00:00.000Z,Sold,,,,,,,,,,,,,,,,,,,,,,,,,,,,,,,,,,,,,,,,,,
"1294 Ridge Rd, Benton, AR 72015",1294 Ridge Rd,Benton,AR,,forRent,3,1108,,1120,21,https://www.zillow.com/homedetails/1294-Ridge-Rd-Benton-AR-72015/114182952_zpid/,,2000,2026-09-24T00:00:00.000Z,Price change,2026-09-06T00:00:00.000Z,Listed for rent,2022-08-12T00:00:00.000Z,Listing removed,2022-08-01T00:00:00.000Z,Price change,2022-07-27T00:00:00.000Z,Listed for rent,2013-02-01T00:00:00.000Z,Sold,,,,,,,,,,,,,,,,,,,,,,,,,,,,,,,,,,,,,,,,,,,,,,,,
"53 Bud Grimes Rd, Ward, AR 72176",53 Bud Grimes Rd,Ward,AR,,forRent,3,1206,,1495,5,https://www.zillow.com/homedetails/53-Bud-Grimes-Rd-Ward-AR-72176/35732509_zpid/,,159000,2026-09-23T00:00:00.000Z,Listed for rent,2026-09-22T00:00:00.000Z,Sold,2026-09-09T00:00:00.000Z,Contingent,2026-09-04T00:00:00.000Z,Listed for sale,2026-08-07T00:00:00.000Z,Contingent,2026-08-01T00:00:00.000Z,Price change,2026-07-15T00:00:00.000Z,Listed for sale,2026-07-08T00:00:00.000Z,Listing removed,2026-07-07T00:00:00.000Z,Listed for sale,2019-05-20T00:00:00.000Z,Sold,2019-04-23T00:00:00.000Z,Pending sale,2019-02-21T00:00:00.000Z,Price change,2019-01-17T00:00:00.000Z,Listed for sale,2015-01-07T00:00:00.000Z,Sold,2014-09-05T00:00:00.000Z,Price change,2014-08-20T00:00:00.000Z,Price change,2014-06-27T00:00:00.000Z,Listed for sale,,,,,,,,,,,,,,,,,,,,,,,,,,
"203 Lynn Ln, Lonoke, AR 72086",203 Lynn Ln,Lonoke,AR,,forRent,3,1200,,1195,104,https://www.zillow.com/homedetails/203-Lynn-Ln-Lonoke-AR-72086/260453_zpid/,,105000,2026-09-02T00:00:00.000Z,Price change,2026-06-30T00:00:00.000Z,Price change,2026-06-15T00:00:00.000Z,Listed for rent,2026-06-01T00:00:00.000Z,Listing removed,2026-05-14T00:00:00.000Z,Listed for rent,2022-05-19T00:00:00.000Z,Sold,2022-05-13T00:00:00.000Z,Contingent,2022-05-05T00:00:00.000Z,Listed for sale,2014-05-30T00:00:00.000Z,Sold,2014-02-20T00:00:00.000Z,Sold,2014-01-11T00:00:00.000Z,Listed for sale,,,,,,,,,,,,,,,,,,,,,,,,,,,,,,,,,,,,,,
"16 Mustang Dr, Cabot, AR 72023",16 Mustang Dr,Cabot,AR,,forRent,3,1494,,1450,51,https://www.zillow.com/homedetails/16-Mustang-Dr-Cabot-AR-72023/63160974_zpid/,,2988,2026-08-07T00:00:00.000Z,Listed for rent,2020-02-08T00:00:00.000Z,Listing removed,2020-01-25T00:00:00.000Z,Listed for rent,2018-12-12T00:00:00.000Z,Listing removed,2018-11-14T00:00:00.000Z,Listed for rent,2012-08-23T00:00:00.000Z,Sold,2004-02-25T00:00:00.000Z,Sold,,,,,,,,,,,,,,,,,,,,,,,,,,,,,,,,,,,,,,,,,,,,,,
"509 E Elm St, Cabot, AR 72023",509 E Elm St,Cabot,AR,,forRent,3,1056,,1450,80,https://www.zillow.com/homedetails/509-E-Elm-St-Cabot-AR-72023/257181_zpid/,,185000,2026-08-20T00:00:00.000Z,Price change,2026-07-23T00:00:00.000Z,Price change,2026-07-09T00:00:00.000Z,Listed for rent,2026-07-09T00:00:00.000Z,Listing removed,2026-05-02T00:00:00.000Z,Listed for rent,2026-04-16T00:00:00.000Z,Listing removed,2026-02-18T00:00:00.000Z,Price change,2026-02-04T00:00:00.000Z,Listed for rent,2023-04-10T00:00:00.000Z,Sold,2023-01-19T00:00:00.000Z,Listing removed,2023-01-18T00:00:00.000Z,Listed for rent,2023-01-06T00:00:00.000Z,Listing removed,2022-10-26T00:00:00.000Z,Listed for sale,2021-05-28T00:00:00.000Z,Sold,2015-07-27T00:00:00.000Z,Sold,2012-10-07T00:00:00.000Z,Listing removed,2012-09-20T00:00:00.000Z,Price change,2012-06-20T00:00:00.000Z,Listed for sale,,,,,,,,,,,,,,,,,,,,,,,,
"454 Maple Tree Cv, Lonoke, AR 72086",454 Maple Tree Cv,Lonoke,AR,,forRent,3,1344,,1400,13,https://www.zillow.com/homedetails/454-Maple-Tree-Cv-Lonoke-AR-72086/67448696_zpid/,,,2026-09-14T00:00:00.000Z,Listed for rent,,,,,,,,,,,,,,,,,,,,,,,,,,,,,,,,,,,,,,,,,,,,,,,,,,,,,,,,,,
"20 Ponderosa Dr, Lonoke, AR 72086",20 Ponderosa Dr,Lonoke,AR,,forRent,3,2256,,2300,9,https://www.zillow.com/homedetails/20-Ponderosa-Dr-Lonoke-AR-72086/260773_zpid/,,215000,2026-09-18T00:00:00.000Z,Listed for rent,2025-09-05T00:00:00.000Z,Listing removed,2025-08-22T00:00:00.000Z,Listed for rent,2022-08-05T00:00:00.000Z,Sold,2022-06-21T00:00:00.000Z,Contingent,2022-06-17T00:00:00.000Z,Listed for sale,2017-02-26T00:00:00.000Z,Listing removed,2016-11-07T00:00:00.000Z,Listed for sale,2015-11-04T00:00:00.000Z,Listing removed,2015-08-21T00:00:00.000Z,Listed for sale,2014-12-19T00:00:00.000Z,Sold,,,,,,,,,,,,,,,,,,,,,,,,,,,,,,,,,,,,,,
"55 Lakeland Dr, Cabot, AR 72023",55 Lakeland Dr,Cabot,AR,,forRent,3,1823,,1800,2,https://www.zillow.com/homedetails/55-Lakeland-Dr-Cabot-AR-72023/99433505_zpid/,,207000,2026-09-25T00:00:00.000Z,Listed for rent,2021-04-16T00:00:00.000Z,Sold,2021-03-12T00:00:00.000Z,Listed for sale,2018-03-16T00:00:00.000Z,Sold,2018-02-02T00:00:00.000Z,Listed for sale,,,,,,,,,,,,,,,,,,,,,,,,,,,,,,,,,,,,,,,,,,,,,,,,,,
"18 War Eagle Dr, Cabot, AR 72023",18 War Eagle Dr,Cabot,AR,,forRent,3,1278,,1300,5,https://www.zillow.com/homedetails/18-War-Eagle-Dr-Cabot-AR-72023/35732196_zpid/,,130000,2026-09-23T00:00:00.000Z,Listing removed,2026-09-22T00:00:00.000Z,Listed for rent,2026-08-28T00:00:00.000Z,Listed for sale,2026-08-25T00:00:00.000Z,Listing removed,2026-08-18T00:00:00.000Z,Price change,2026-08-01T00:00:00.000Z,Listed for sale,2026-02-02T00:00:00.000Z,Sold,,,,,,,,,,,,,,,,,,,,,,,,,,,,,,,,,,,,,,,,,,,,,,
"42 Winners Cir, Cabot, AR 72023",42 Winners Cir,Cabot,AR,,forRent,3,1521,,1850,17,https://www.zillow.com/homedetails/42-Winners-Cir-Cabot-AR-72023/72176611_zpid/,,196500,2026-08-07T00:00:00.000Z,Listed for rent,2025-10-07T00:00:00.000Z,Listing removed,2025-09-15T00:00:00.000Z,Listed for rent,2025-07-09T00:00:00.000Z,Sold,2025-04-28T00:00:00.000Z,Price change,2025-04-14T00:00:00.000Z,Price change,2025-04-03T00:00:00.000Z,Price change,2025-03-27T00:00:00.000Z,Listed for sale,,,,,,,,,,,,,,,,,,,,,,,,,,,,,,,,,,,,,,,,,,,,
"17 Farrah St, Ward, AR 72176",17 Farrah St,Ward,AR,,forRent,3,1563,,1250,110,https://www.zillow.com/homedetails/17-Farrah-St-Ward-AR-72176/52495486_zpid/,,,2026-06-09T00:00:00.000Z,Listed for rent,2025-05-24T00:00:00.000Z,Listing removed,2025-05-06T00:00:00.000Z,Price change,2025-04-20T00:00:00.000Z,Listed for rent,2017-02-23T00:00:00.000Z,Listing removed,2017-02-17T00:00:00.000Z,Listed for rent,2014-02-28T00:00:00.000Z,Listing removed,2014-02-05T00:00:00.000Z,Price change,2014-01-29T00:00:00.000Z,Price change,2013-12-14T00:00:00.000Z,Price change,2013-11-30T00:00:00.000Z,Listed for sale,2013-10-25T00:00:00.000Z,Listing removed,2013-09-19T00:00:00.000Z,Price change,2013-09-18T00:00:00.000Z,Price change,2013-06-29T00:00:00.000Z,Listed for sale,,,,,,,,,,,,,,,,,,,,,,,,,,,,,,
"17024 Congo Ferndale Rd, Little Rock, AR 72210",17024 Congo Ferndale Rd,Little Rock,AR,,forRent,4,1590,,1675,109,https://www.zillow.com/homedetails/17024-Congo-Ferndale-Rd-Little-Rock-AR-72210/370120_zpid/,,279500,2026-06-10T00:00:00.000Z,Listed for rent,2020-09-11T00:00:00.000Z,Listing removed,2020-07-23T00:00:00.000Z,Listed for rent,2018-05-13T00:00:00.000Z,Listing removed,2018-01-31T00:00:00.000Z,Listed for rent,2017-03-29T00:00:00.000Z,Sold,,,,,,,,,,,,,,,,,,,,,,,,,,,,,,,,,,,,,,,,,,,,,,,,
"140 Dolphin Rd, Humnoke, AR 72072",140 Dolphin Rd,Humnoke,AR,,forRent,3,1577,,900,11,https://www.zillow.com/homedetails/140-Dolphin-Rd-Humnoke-AR-72072/2077399951_zpid/,,,2026-09-17T00:00:00.000Z,Listed for rent,2026-06-01T00:00:00.000Z,Listing removed,2026-03-04T00:00:00.000Z,Listed for rent,2025-09-10T00:00:00.000Z,Listing removed,2025-08-12T00:00:00.000Z,Listed for rent,2023-08-28T00:00:00.000Z,Listing removed,2023-08-14T00:00:00.000Z,Listed for rent,2023-08-04T00:00:00.000Z,Listing removed,2023-06-20T00:00:00.000Z,Listed for rent,2022-07-10T00:00:00.000Z,Listing removed,2022-07-01T00:00:00.000Z,Price change,2022-06-25T00:00:00.000Z,Listed for rent,2020-10-29T00:00:00.000Z,Listing removed,2020-10-22T00:00:00.000Z,Listed for rent,,,,,,,,,,,,,,,,,,,,,,,,,,,,,,,,
"7016 Pearl Valley Cv, Alexander, AR 72002",7016 Pearl Valley Cv,Alexander,AR,,forRent,3,1262,,1515,2,https://www.zillow.com/homedetails/7016-Pearl-Valley-Cv-Alexander-AR-72002/2092458994_zpid/,,,2026-09-25T00:00:00.000Z,Listed for rent,2023-05-29T00:00:00.000Z,Listing removed,2023-05-22T00:00:00.000Z,Listed for rent,2019-01-04T00:00:00.000Z,Listing removed,2018-12-15T00:00:00.000Z,Listed for rent,2017-12-02T00:00:00.000Z,Listing removed,2017-10-31T00:00:00.000Z,Price change,2017-10-10T00:00:00.000Z,Listed for rent,,,,,,,,,,,,,,,,,,,,,,,,,,,,,,,,,,,,,,,,,,,,
"72 Branchwood Ln, Austin, AR 72007",72 Branchwood Ln,Austin,AR,,forRent,3,1216,,1200,31,https://www.zillow.com/homedetails/72-Branchwood-Ln-Austin-AR-72007/252707_zpid/,,1710000,2026-08-27T00:00:00.000Z,Price change,2022-12-04T00:00:00.000Z,Listed for rent,2021-02-23T00:00:00.000Z,Listing removed,2020-08-27T00:00:00.000Z,Listing removed,2020-08-03T00:00:00.000Z,Listed for rent,2019-06-08T00:00:00.000Z,Listing removed,2019-06-05T00:00:00.000Z,Listed for rent,2018-11-12T00:00:00.000Z,Listing removed,2018-11-09T00:00:00.000Z,Listed for rent,2015-01-30T00:00:00.000Z,Sold,2009-07-17T00:00:00.000Z,Sold,,,,,,,,,,,,,,,,,,,,,,,,,,,,,,,,,,,,,,
"1008 Santa Fe Trl, Bauxite, AR 72011",1008 Santa Fe Trl,Bauxite,AR,,forRent,,,,,,https://www.zillow.com/b/1008-santa-fe-trl-bauxite-ar-BqKjfx/,,,,,,,,,,,,,,,,,,,,,,,,,,,,,,,,,,,,,,,,,,,,,,,,,,,,,,,,,,,,,,
"7125 Anderson St, Alexander, AR 72002",7125 Anderson St,Alexander,AR,,forRent,3,1906,,1650,4,https://www.zillow.com/homedetails/7125-Anderson-St-Alexander-AR-72002/368443_zpid/,,167000,2026-09-23T00:00:00.000Z,Listed for rent,2023-09-08T00:00:00.000Z,Listing removed,2023-07-24T00:00:00.000Z,Price change,2023-07-21T00:00:00.000Z,Listed for rent,2022-08-08T00:00:00.000Z,Listing removed,2022-07-27T00:00:00.000Z,Listed for rent,2021-04-26T00:00:00.000Z,Sold,2021-03-22T00:00:00.000Z,Listed for sale,2017-04-18T00:00:00.000Z,Listing removed,2017-04-07T00:00:00.000Z,Listed for sale,2016-10-05T00:00:00.000Z,Sold,,,,,,,,,,,,,,,,,,,,,,,,,,,,,,,,,,,,,,
"14611 Parkway Meadows Dr, Alexander, AR 72002",14611 Parkway Meadows Dr,Alexander,AR,,forRent,3,1500,,1625,10,https://www.zillow.com/homedetails/14611-Parkway-Meadows-Dr-Alexander-AR-72002/112089546_zpid/,,192000,2026-09-17T00:00:00.000Z,Listed for rent,2025-09-08T00:00:00.000Z,Listing removed,2025-08-28T00:00:00.000Z,Listed for rent,2024-09-13T00:00:00.000Z,Listing removed,2024-08-05T00:00:00.000Z,Listed for rent,2024-07-24T00:00:00.000Z,Listing removed,2024-06-28T00:00:00.000Z,Listed for rent,2022-05-19T00:00:00.000Z,Listing removed,2022-05-04T00:00:00.000Z,Price change,2022-04-15T00:00:00.000Z,Listed for rent,2022-03-09T00:00:00.000Z,Sold,2022-02-17T00:00:00.000Z,Contingent,2022-02-15T00:00:00.000Z,Listed for sale,2019-11-19T00:00:00.000Z,Sold,2019-09-16T00:00:00.000Z,Price change,2019-08-19T00:00:00.000Z,Listed for sale,2013-07-11T00:00:00.000Z,Sold,2013-03-06T00:00:00.000Z,Price change,2013-01-31T00:00:00.000Z,Price change,2013-01-19T00:00:00.000Z,Listed for sale,2010-04-21T00:00:00.000Z,Sold,,,,,,,,,,,,,,,,,,
"2248 Centennial Valley Dr, Benton, AR 72019",2248 Centennial Valley Dr,Benton,AR,,forRent,3,1480,,1595,4,https://www.zillow.com/homedetails/2248-Centennial-Valley-Dr-Benton-AR-72019/2071964933_zpid/,,203315,2026-09-23T00:00:00.000Z,Listed for rent,2025-09-12T00:00:00.000Z,Listing removed,2025-09-10T00:00:00.000Z,Price change,2025-08-18T00:00:00.000Z,Listed for rent,2021-10-28T00:00:00.000Z,Sold,2021-07-30T00:00:00.000Z,Pending sale,2021-06-04T00:00:00.000Z,Price change,2021-04-30T00:00:00.000Z,Price change,2021-04-07T00:00:00.000Z,Listed for sale,,,,,,,,,,,,,,,,,,,,,,,,,,,,,,,,,,,,,,,,,,
"6065 Discovery Trl, Bauxite, AR 72011",6065 Discovery Trl,Bauxite,AR,,forRent,4,1459,,1595,12,https://www.zillow.com/homedetails/6065-Discovery-Trl-Bauxite-AR-72011/442588179_zpid/,,192660,2026-09-15T00:00:00.000Z,Listed for rent,2026-08-11T00:00:00.000Z,Listing removed,2026-08-03T00:00:00.000Z,Listed for rent,2025-07-01T00:00:00.000Z,Listing removed,2025-05-23T00:00:00.000Z,Listed for rent,2025-05-09T00:00:00.000Z,Sold,2025-05-01T00:00:00.000Z,Contingent,2025-04-15T00:00:00.000Z,Price change,2025-04-04T00:00:00.000Z,Price change,2025-03-07T00:00:00.000Z,Price change,2025-02-28T00:00:00.000Z,Price change,2025-01-30T00:00:00.000Z,Price change,2024-12-14T00:00:00.000Z,Listed for sale,2024-11-22T00:00:00.000Z,Listing removed,2024-11-14T00:00:00.000Z,Listed for sale,,,,,,,,,,,,,,,,,,,,,,,,,,,,,,
"1281 Meadows Dr, Benton, AR 72019",1281 Meadows Dr,Benton,AR,,forRent,3,1523,,1595,3,https://www.zillow.com/homedetails/1281-Meadows-Dr-Benton-AR-72019/440544514_zpid/,,198850,2026-09-24T00:00:00.000Z,Listed for rent,2025-04-25T00:00:00.000Z,Listing removed,2025-04-01T00:00:00.000Z,Price change,2025-03-07T00:00:00.000Z,Listed for rent,2025-02-18T00:00:00.000Z,Sold,2025-01-23T00:00:00.000Z,Contingent,2025-01-20T00:00:00.000Z,Price change,2024-12-27T00:00:00.000Z,Price change,2024-12-20T00:00:00.000Z,Price change,2024-12-12T00:00:00.000Z,Price change,2024-12-05T00:00:00.000Z,Price change,2024-09-18T00:00:00.000Z,Listed for sale,,,,,,,,,,,,,,,,,,,,,,,,,,,,,,,,,,,,
"8512 Highway 5 N, Benton, AR 72019",8512 Highway 5 N,Benton,AR,,forRent,4,1533,,1895,13,https://www.zillow.com/homedetails/8512-Highway-5-N-Benton-AR-72019/394628139_zpid/,,,2026-09-14T00:00:00.000Z,Listed for rent,2024-09-13T00:00:00.000Z,Listing removed,2024-07-15T00:00:00.000Z,Listed for rent,,,,,,,,,,,,,,,,,,,,,,,,,,,,,,,,,,,,,,,,,,,,,,,,,,,,,,
"2705 Timbermist Cir, Benton, AR 72015",2705 Timbermist Cir,Benton,AR,,forRent,3,1200,,1575,10,https://www.zillow.com/homedetails/2705-Timbermist-Cir-Benton-AR-72015/386796_zpid/,,151000,2026-09-17T00:00:00.000Z,Listed for rent,2025-09-02T00:00:00.000Z,Listing removed,2025-08-27T00:00:00.000Z,Price change,2025-08-14T00:00:00.000Z,Price change,2025-06-30T00:00:00.000Z,Listed for rent,2022-08-30T00:00:00.000Z,Listing removed,2022-08-24T00:00:00.000Z,Listed for rent,2021-08-09T00:00:00.000Z,Listing removed,2021-08-05T00:00:00.000Z,Listed for rent,2021-07-07T00:00:00.000Z,Sold,2021-07-07T00:00:00.000Z,Contingent,2021-06-05T00:00:00.000Z,Listed for sale,2021-03-24T00:00:00.000Z,Listing removed,2018-12-27T00:00:00.000Z,Listing removed,2018-09-29T00:00:00.000Z,Listed for sale,2008-06-20T00:00:00.000Z,Sold,,,,,,,,,,,,,,,,,,,,,,,,,,,,
"2064 Fern Valley Dr, Alexander, AR 72002",2064 Fern Valley Dr,Alexander,AR,,forRent,3,1394,,1595,11,https://www.zillow.com/homedetails/2064-Fern-Valley-Dr-Alexander-AR-72002/247595904_zpid/,,169000,2026-09-16T00:00:00.000Z,Listed for rent,2025-12-24T00:00:00.000Z,Listing removed,2025-11-13T00:00:00.000Z,Listed for rent,2023-05-30T00:00:00.000Z,Listing removed,2023-05-15T00:00:00.000Z,Listed for rent,2021-06-30T00:00:00.000Z,Listing removed,2021-06-22T00:00:00.000Z,Listed for rent,2021-06-14T00:00:00.000Z,Sold,2021-06-13T00:00:00.000Z,Contingent,2021-05-13T00:00:00.000Z,Listed for sale,2016-12-16T00:00:00.000Z,Sold,,,,,,,,,,,,,,,,,,,,,,,,,,,,,,,,,,,,,,
"821 Church, Benton, AR 72015",821 Church,Benton,AR,,forRent,4,1540,,1675,23,https://www.zillow.com/homedetails/821-Church-Benton-AR-72015/387634_zpid/,,155000,2026-09-04T00:00:00.000Z,Listed for rent,2021-08-04T00:00:00.000Z,Listing removed,2021-07-27T00:00:00.000Z,Listed for rent,2021-06-04T00:00:00.000Z,Sold,2020-12-14T00:00:00.000Z,Sold,2020-10-24T00:00:00.000Z,Listed for sale,,,,,,,,,,,,,,,,,,,,,,,,,,,,,,,,,,,,,,,,,,,,,,,,
"4541 Western Woods Dr, Benton, AR 72015",4541 Western Woods Dr,Benton,AR,,forRent,4,2000,,1895,12,https://www.zillow.com/homedetails/4541-Western-Woods-Dr-Benton-AR-72015/2061302075_zpid/,,313100,2026-09-15T00:00:00.000Z,Listed for rent,2023-03-31T00:00:00.000Z,Sold,2022-11-05T00:00:00.000Z,Listing removed,2022-09-30T00:00:00.000Z,Listed for rent,,,,,,,,,,,,,,,,,,,,,,,,,,,,,,,,,,,,,,,,,,,,,,,,,,,,
"227 Iris St, Haskell, AR 72015",227 Iris St,Haskell,AR,,forRent,3,1420,,1625,62,https://www.zillow.com/homedetails/227-Iris-St-Haskell-AR-72015/2060765172_zpid/,,195000,2026-09-23T00:00:00.000Z,Price change,2026-09-10T00:00:00.000Z,Price change,2026-08-27T00:00:00.000Z,Price change,2026-07-27T00:00:00.000Z,Listed for rent,2023-02-16T00:00:00.000Z,Listing removed,2023-02-08T00:00:00.000Z,Price change,2023-01-26T00:00:00.000Z,Price change,2022-12-09T00:00:00.000Z,Listed for rent,2022-11-10T00:00:00.000Z,Sold,,,,,,,,,,,,,,,,,,,,,,,,,,,,,,,,,,,,,,,,,,
"3002 Forest Dr, Bryant, AR 72022",3002 Forest Dr,Bryant,AR,,forRent,3,1409,,1650,18,https://www.zillow.com/homedetails/3002-Forest-Dr-Bryant-AR-72022/390575_zpid/,,213000,2026-09-10T00:00:00.000Z,Listed for rent,2026-08-24T00:00:00.000Z,Sold,2026-06-30T00:00:00.000Z,Listed for sale,2018-03-05T00:00:00.000Z,Sold,2011-03-18T00:00:00.000Z,Sold,2011-02-13T00:00:00.000Z,Listed for sale,2006-08-16T00:00:00.000Z,Sold,,,,,,,,,,,,,,,,,,,,,,,,,,,,,,,,,,,,,,,,,,,,,,
"3001 Wild Berry Dr, Benton, AR 72015",3001 Wild Berry Dr,Benton,AR,,forRent,3,1486,,1725,37,https://www.zillow.com/homedetails/3001-Wild-Berry-Dr-Benton-AR-72015/71716346_zpid/,,184900,2026-08-21T00:00:00.000Z,Listed for rent,2024-07-31T00:00:00.000Z,Listing removed,2024-07-05T00:00:00.000Z,Listed for rent,2023-04-21T00:00:00.000Z,Listing removed,2023-04-19T00:00:00.000Z,Listed for rent,2022-03-28T00:00:00.000Z,Listing removed,2022-03-24T00:00:00.000Z,Price change,2022-03-11T00:00:00.000Z,Listed for rent,2022-02-01T00:00:00.000Z,Sold,2022-02-01T00:00:00.000Z,Contingent,2022-01-06T00:00:00.000Z,Listed for sale,2020-08-31T00:00:00.000Z,Sold,2020-07-10T00:00:00.000Z,Listed for sale,2008-07-11T00:00:00.000Z,Sold,,,,,,,,,,,,,,,,,,,,,,,,,,,,,,,,
"3264 Sidell Estates Dr, Benton, AR 72015",3264 Sidell Estates Dr,Benton,AR,,forRent,4,1652,,1795,44,https://www.zillow.com/homedetails/3264-Sidell-Estates-Dr-Benton-AR-72015/2063496322_zpid/,,,2026-08-14T00:00:00.000Z,Listed for rent,2022-07-02T00:00:00.000Z,Listing removed,2022-06-10T00:00:00.000Z,Price change,2022-04-28T00:00:00.000Z,Listed for sale,,,,,,,,,,,,,,,,,,,,,,,,,,,,,,,,,,,,,,,,,,,,,,,,,,,,
"6688 Hollywood Ave, Benton, AR 72019",6688 Hollywood Ave,Benton,AR,,forRent,3,1051,,1595,23,https://www.zillow.com/homedetails/6688-Hollywood-Ave-Benton-AR-72019/460744960_zpid/,,183900,2026-09-04T00:00:00.000Z,Listed for rent,2026-08-28T00:00:00.000Z,Sold,2026-08-10T00:00:00.000Z,Contingent,2026-06-25T00:00:00.000Z,Price change,2026-06-18T00:00:00.000Z,Price change,2026-06-09T00:00:00.000Z,Price change,2026-05-02T00:00:00.000Z,Price change,2026-03-31T00:00:00.000Z,Price change,2026-03-03T00:00:00.000Z,Price change,2026-02-27T00:00:00.000Z,Listed for sale,,,,,,,,,,,,,,,,,,,,,,,,,,,,,,,,,,,,,,,,
"17 Greenbrier Dr, Benton, AR 72015",17 Greenbrier Dr,Benton,AR,,forRent,3,1460,,1545,55,https://www.zillow.com/homedetails/17-Greenbrier-Dr-Benton-AR-72015/386172_zpid/,,143000,2026-09-17T00:00:00.000Z,Price change,2026-08-27T00:00:00.000Z,Price change,2026-08-03T00:00:00.000Z,Listed for rent,2026-02-23T00:00:00.000Z,Listing removed,2026-02-19T00:00:00.000Z,Price change,2026-01-29T00:00:00.000Z,Price change,2026-01-15T00:00:00.000Z,Price change,2025-12-30T00:00:00.000Z,Price change,2025-11-24T00:00:00.000Z,Listed for rent,2024-10-01T00:00:00.000Z,Listing removed,2024-08-29T00:00:00.000Z,Listed for rent,2022-03-07T00:00:00.000Z,Listing removed,2021-12-31T00:00:00.000Z,Listed for rent,2021-11-19T00:00:00.000Z,Sold,2014-09-17T00:00:00.000Z,Listing removed,2014-07-15T00:00:00.000Z,Listed for rent,2007-07-20T00:00:00.000Z,Sold,2006-08-01T00:00:00.000Z,Sold,,,,,,,,,,,,,,,,,,,,,,,,
"313 S Neeley St, Benton, AR 72015",313 S Neeley St,Benton,AR,,forRent,3,1800,,1545,41,https://www.zillow.com/homedetails/313-S-Neeley-St-Benton-AR-72015/2067919637_zpid/,,205000,2026-09-23T00:00:00.000Z,Price change,2026-09-10T00:00:00.000Z,Price change,2026-08-17T00:00:00.000Z,Listed for rent,2025-09-14T00:00:00.000Z,Listing removed,2025-09-02T00:00:00.000Z,Listed for rent,2023-02-17T00:00:00.000Z,Listing removed,2023-01-29T00:00:00.000Z,Listed for rent,2021-11-03T00:00:00.000Z,Listing removed,2021-10-25T00:00:00.000Z,Price change,2021-10-19T00:00:00.000Z,Price change,2021-10-12T00:00:00.000Z,Listed for rent,2021-08-20T00:00:00.000Z,Sold,,,,,,,,,,,,,,,,,,,,,,,,,,,,,,,,,,,,
"202 Skunk Hollow Rd, Conway, AR 72032",202 Skunk Hollow Rd,Conway,AR,,forRent,3,1120,,1425,39,https://www.zillow.com/homedetails/202-Skunk-Hollow-Rd-Conway-AR-72032/228041_zpid/,,116083,2026-09-09T00:00:00.000Z,Listed for rent,2026-08-20T00:00:00.000Z,Listing removed,2026-08-19T00:00:00.000Z,Listed for rent,2026-07-20T00:00:00.000Z,Sold,2026-05-18T00:00:00.000Z,Contingent,2026-05-08T00:00:00.000Z,Listed for sale,2014-12-02T00:00:00.000Z,Sold,,,,,,,,,,,,,,,,,,,,,,,,,,,,,,,,,,,,,,,,,,,,,,
"402 Stone Creek Dr, Benton, AR 72015",402 Stone Creek Dr,Benton,AR,,forRent,4,1762,,1895,19,https://www.zillow.com/homedetails/402-Stone-Creek-Dr-Benton-AR-72015/71716020_zpid/,,178000,2026-09-08T00:00:00.000Z,Listed for rent,2023-09-17T00:00:00.000Z,Listing removed,2023-07-18T00:00:00.000Z,Listing removed,2023-06-14T00:00:00.000Z,Price change,2023-06-06T00:00:00.000Z,Listed for rent,2021-09-16T00:00:00.000Z,Sold,2016-08-06T00:00:00.000Z,Listing removed,2016-07-13T00:00:00.000Z,Listed for sale,2016-05-27T00:00:00.000Z,Listing removed,2016-04-15T00:00:00.000Z,Listed for sale,2006-07-11T00:00:00.000Z,Sold,,,,,,,,,,,,,,,,,,,,,,,,,,,,,,,,,,,,,,
"608 S Baridon St, Conway, AR 72034",608 S Baridon St,Conway,AR,,forRent,3,1997,,1650,9,https://www.zillow.com/homedetails/608-S-Baridon-St-Conway-AR-72034/236173_zpid/,,132500,2026-09-19T00:00:00.000Z,Price change,2026-09-18T00:00:00.000Z,Listed for rent,2026-08-31T00:00:00.000Z,Listing removed,2026-08-18T00:00:00.000Z,Price change,2026-08-08T00:00:00.000Z,Listed for rent,2026-07-28T00:00:00.000Z,Listing removed,2026-07-06T00:00:00.000Z,Listed for rent,2026-04-27T00:00:00.000Z,Listing removed,2026-04-01T00:00:00.000Z,Price change,2022-11-28T00:00:00.000Z,Price change,2022-11-03T00:00:00.000Z,Listed for rent,2018-10-17T00:00:00.000Z,Sold,2018-09-20T00:00:00.000Z,Pending sale,2018-08-24T00:00:00.000Z,Listed for sale,2015-07-07T00:00:00.000Z,Sold,,,,,,,,,,,,,,,,,,,,,,,,,,,,,,
"(Undisclosed Address), Conway, AR 72034",(Undisclosed Address),Conway,AR,,forRent,3,1689,,1750,27,https://www.zillow.com/homedetails/Conway-AR-72034/241235_zpid/,,131000,2026-09-01T00:00:00.000Z,Price change,2026-07-12T00:00:00.000Z,Listed for rent,2026-06-15T00:00:00.000Z,Listing removed,2026-05-25T00:00:00.000Z,Listed for rent,2026-05-16T00:00:00.000Z,Listing removed,2026-04-25T00:00:00.000Z,Listed for rent,2024-05-02T00:00:00.000Z,Listing removed,2024-04-11T00:00:00.000Z,Listed for rent,2021-08-22T00:00:00.000Z,Listing removed,2021-08-02T00:00:00.000Z,Listed for rent,2013-04-18T00:00:00.000Z,Sold,2013-02-04T00:00:00.000Z,Sold,2006-01-27T00:00:00.000Z,Sold,,,,,,,,,,,,,,,,,,,,,,,,,,,,,,,,,,
"1955 Bellingrath Gdns, Conway, AR 72034",1955 Bellingrath Gdns,Conway,AR,,forRent,3,1752,,2000,26,https://www.zillow.com/homedetails/1955-Bellingrath-Gdns-Conway-AR-72034/119403911_zpid/,,199900,2026-09-01T00:00:00.000Z,Listed for rent,2025-09-17T00:00:00.000Z,Listing removed,2025-09-05T00:00:00.000Z,Price change,2025-08-27T00:00:00.000Z,Listed for rent,2025-05-28T00:00:00.000Z,Listing removed,2025-05-09T00:00:00.000Z,Listed for rent,2024-01-01T00:00:00.000Z,Listing removed,2023-12-15T00:00:00.000Z,Listed for rent,2018-04-02T00:00:00.000Z,Sold,2018-02-03T00:00:00.000Z,Listed for sale,2016-07-01T00:00:00.000Z,Listing removed,2015-10-23T00:00:00.000Z,Price change,2015-09-29T00:00:00.000Z,Listed for sale,,,,,,,,,,,,,,,,,,,,,,,,,,,,,,,,,,
"13757 Cedar Glen Cv, Alexander, AR 72002",13757 Cedar Glen Cv,Alexander,AR,,forRent,3,1408,,1575,32,https://www.zillow.com/homedetails/13757-Cedar-Glen-Cv-Alexander-AR-72002/92432562_zpid/,,124900,2026-08-26T00:00:00.000Z,Listed for rent,2017-02-19T00:00:00.000Z,Listing removed,2017-01-26T00:00:00.000Z,Listed for rent,2007-07-18T00:00:00.000Z,Sold,2007-01-31T00:00:00.000Z,Sold,,,,,,,,,,,,,,,,,,,,,,,,,,,,,,,,,,,,,,,,,,,,,,,,,,
"2230 Cedar Oaks Dr, Conway, AR 72032",2230 Cedar Oaks Dr,Conway,AR,,forRent,3,1200,,1500,14,https://www.zillow.com/homedetails/2230-Cedar-Oaks-Dr-Conway-AR-72032/239909_zpid/,,640000,2026-09-13T00:00:00.000Z,Listed for rent,2014-10-22T00:00:00.000Z,Sold,2006-05-30T00:00:00.000Z,Sold,,,,,,,,,,,,,,,,,,,,,,,,,,,,,,,,,,,,,,,,,,,,,,,,,,,,,,
"2220 Chase Dr, Conway, AR 72034",2220 Chase Dr,Conway,AR,,forRent,3,1582,,1850,73,https://www.zillow.com/homedetails/2220-Chase-Dr-Conway-AR-72034/35730147_zpid/,,141000,2026-07-16T00:00:00.000Z,Listed for rent,2025-04-11T00:00:00.000Z,Listing removed,2025-04-06T00:00:00.000Z,Listed for rent,2025-03-29T00:00:00.000Z,Listing removed,2025-01-19T00:00:00.000Z,Price change,2025-01-18T00:00:00.000Z,Listed for rent,2012-10-25T00:00:00.000Z,Sold,2011-08-25T00:00:00.000Z,Sold,2009-07-29T00:00:00.000Z,Sold,2009-04-13T00:00:00.000Z,Sold,2006-02-08T00:00:00.000Z,Sold,,,,,,,,,,,,,,,,,,,,,,,,,,,,,,,,,,,,,,
"405 S Ash St, Conway, AR 72034",405 S Ash St,Conway,AR,,forRent,3,1100,,1200,17,https://www.zillow.com/homedetails/405-S-Ash-St-Conway-AR-72034/238063_zpid/,,75000,2026-09-10T00:00:00.000Z,Listed for rent,2021-02-23T00:00:00.000Z,Listing removed,2020-06-04T00:00:00.000Z,Listing removed,2020-06-02T00:00:00.000Z,Listed for rent,2020-04-30T00:00:00.000Z,Sold,2020-04-14T00:00:00.000Z,Listed for sale,2013-09-25T00:00:00.000Z,Sold,2006-03-23T00:00:00.000Z,Sold,,,,,,,,,,,,,,,,,,,,,,,,,,,,,,,,,,,,,,,,,,,,
"4605 Valiant Dr, Conway, AR 72034",4605 Valiant Dr,Conway,AR,,forRent,3,1324,,1500,77,https://www.zillow.com/homedetails/4605-Valiant-Dr-Conway-AR-72034/52392383_zpid/,,122000,2026-08-01T00:00:00.000Z,Price change,2026-07-13T00:00:00.000Z,Listed for rent,2023-05-19T00:00:00.000Z,Listing removed,2023-05-02T00:00:00.000Z,Listed for rent,2022-04-11T00:00:00.000Z,Listing removed,2022-04-06T00:00:00.000Z,Listed for rent,2011-09-02T00:00:00.000Z,Sold,2011-06-12T00:00:00.000Z,Listed for sale,2008-09-08T00:00:00.000Z,Sold,,,,,,,,,,,,,,,,,,,,,,,,,,,,,,,,,,,,,,,,,,
"1845 Arden Ln, Conway, AR 72034",1845 Arden Ln,Conway,AR,,forRent,3,1205,,1575,13,https://www.zillow.com/homedetails/1845-Arden-Ln-Conway-AR-72034/71714882_zpid/,,139000,2026-08-30T00:00:00.000Z,Price change,2026-07-17T00:00:00.000Z,Listed for rent,2024-07-03T00:00:00.000Z,Listing removed,2024-06-25T00:00:00.000Z,Listed for rent,2023-02-27T00:00:00.000Z,Listing removed,2023-02-22T00:00:00.000Z,Listed for rent,2021-01-19T00:00:00.000Z,Listing removed,2021-01-09T00:00:00.000Z,Listed for rent,2020-12-16T00:00:00.000Z,Sold,,,,,,,,,,,,,,,,,,,,,,,,,,,,,,,,,,,,,,,,,,
"40 Ridge Trl, Sherwood, AR 72120",40 Ridge Trl,Sherwood,AR,,forRent,3,2200,,2100,37,https://www.zillow.com/homedetails/40-Ridge-Trl-Sherwood-AR-72120/232839_zpid/,,230600,2026-08-31T00:00:00.000Z,Price change,2026-08-21T00:00:00.000Z,Listed for rent,2026-08-12T00:00:00.000Z,Listing removed,2026-07-20T00:00:00.000Z,Listed for rent,2026-06-17T00:00:00.000Z,Listing removed,2026-06-02T00:00:00.000Z,Price change,2025-09-19T00:00:00.000Z,Price change,2025-07-22T00:00:00.000Z,Price change,2025-06-24T00:00:00.000Z,Price change,2025-04-15T00:00:00.000Z,Price change,2025-03-14T00:00:00.000Z,Price change,2025-02-27T00:00:00.000Z,Listed for rent,2014-10-03T00:00:00.000Z,Sold,2001-09-05T00:00:00.000Z,Sold,,,,,,,,,,,,,,,,,,,,,,,,,,,,,,,,
"100 Donna Kay Dr, Greenbrier, AR 72058",100 Donna Kay Dr,Greenbrier,AR,,forRent,3,1129,,1500,2,https://www.zillow.com/homedetails/100-Donna-Kay-Dr-Greenbrier-AR-72058/35730915_zpid/,,100000,2026-09-25T00:00:00.000Z,Listed for rent,2026-08-28T00:00:00.000Z,Listing removed,2026-08-07T00:00:00.000Z,Listed for rent,2024-03-16T00:00:00.000Z,Listing removed,2024-03-12T00:00:00.000Z,Listed for rent,2013-11-05T00:00:00.000Z,Sold,2013-07-27T00:00:00.000Z,Listing removed,2013-06-23T00:00:00.000Z,Listed for sale,2008-05-05T00:00:00.000Z,Sold,2007-05-22T00:00:00.000Z,Sold,,,,,,,,,,,,,,,,,,,,,,,,,,,,,,,,,,,,,,,,
"2210 Remington Rd, Conway, AR 72032",2210 Remington Rd,Conway,AR,,forRent,3,1264,,1425,2,https://www.zillow.com/homedetails/2210-Remington-Rd-Conway-AR-72032/239869_zpid/,,120000,2026-09-25T00:00:00.000Z,Listed for rent,2020-05-21T00:00:00.000Z,Listing removed,2020-05-06T00:00:00.000Z,Listed for rent,2018-05-11T00:00:00.000Z,Listing removed,2018-05-04T00:00:00.000Z,Listed for rent,2017-04-19T00:00:00.000Z,Sold,2017-02-08T00:00:00.000Z,Listed for sale,2012-04-27T00:00:00.000Z,Sold,2008-09-03T00:00:00.000Z,Sold,,,,,,,,,,,,,,,,,,,,,,,,,,,,,,,,,,,,,,,,,,
"4420 Oregon Trl, Conway, AR 72034",4420 Oregon Trl,Conway,AR,,forRent,3,1300,,1600,8,https://www.zillow.com/homedetails/4420-Oregon-Trl-Conway-AR-72034/35730660_zpid/,,149100,2026-09-19T00:00:00.000Z,Listed for rent,2025-09-09T00:00:00.000Z,Listing removed,2025-08-11T00:00:00.000Z,Price change,2025-08-08T00:00:00.000Z,Listed for rent,2024-07-04T00:00:00.000Z,Listing removed,2024-06-29T00:00:00.000Z,Listed for rent,2024-04-01T00:00:00.000Z,Listing removed,2024-03-08T00:00:00.000Z,Price change,2024-02-20T00:00:00.000Z,Listed for rent,2022-12-31T00:00:00.000Z,Listing removed,2022-12-22T00:00:00.000Z,Listed for rent,2021-07-26T00:00:00.000Z,Listing removed,2021-07-20T00:00:00.000Z,Listed for rent,2021-03-24T00:00:00.000Z,Listing removed,2020-01-29T00:00:00.000Z,Listing removed,2020-01-25T00:00:00.000Z,Price change,2019-12-27T00:00:00.000Z,Sold,2019-12-27T00:00:00.000Z,Price change,2019-12-13T00:00:00.000Z,Listed for rent,2012-05-29T00:00:00.000Z,Sold,2012-04-12T00:00:00.000Z,Listed for sale,2006-08-11T00:00:00.000Z,Sold,,,,,,,,,,,,,,,,
"2530 Peabody Dr, Conway, AR 72032",2530 Peabody Dr,Conway,AR,,forRent,3,1271,,1500,43,https://www.zillow.com/homedetails/2530-Peabody-Dr-Conway-AR-72032/239829_zpid/,,199000,2026-08-15T00:00:00.000Z,Listed for rent,2025-07-28T00:00:00.000Z,Sold,2025-06-29T00:00:00.000Z,Contingent,2025-06-28T00:00:00.000Z,Listed for sale,2014-12-23T00:00:00.000Z,Sold,2013-09-19T00:00:00.000Z,Sold,2013-06-28T00:00:00.000Z,Listed for sale,2012-12-14T00:00:00.000Z,Listing removed,2012-10-15T00:00:00.000Z,Listed for sale,,,,,,,,,,,,,,,,,,,,,,,,,,,,,,,,,,,,,,,,,,
"607 Timberline Rd, Jacksonville, AR 72076",607 Timberline Rd,Jacksonville,AR,,forRent,3,1305,,1700,22,https://www.zillow.com/homedetails/607-Timberline-Rd-Jacksonville-AR-72076/447645046_zpid/,,,2026-09-05T00:00:00.000Z,Listed for rent,2025-08-07T00:00:00.000Z,Listing removed,2025-07-01T00:00:00.000Z,Price change,2025-04-02T00:00:00.000Z,Price change,2025-02-27T00:00:00.000Z,Listed for rent,2025-02-27T00:00:00.000Z,Listing removed,2025-02-24T00:00:00.000Z,Listed for rent,,,,,,,,,,,,,,,,,,,,,,,,,,,,,,,,,,,,,,,,,,,,,,
"2 Hawthorne Dr, Conway, AR 72034",2 Hawthorne Dr,Conway,AR,,forRent,3,1408,,1600,65,https://www.zillow.com/homedetails/2-Hawthorne-Dr-Conway-AR-72034/237001_zpid/,,102000,2026-09-22T00:00:00.000Z,Price change,2026-09-06T00:00:00.000Z,Price change,2026-08-27T00:00:00.000Z,Price change,2026-07-24T00:00:00.000Z,Listed for rent,2014-07-29T00:00:00.000Z,Sold,2014-05-16T00:00:00.000Z,Price change,2014-02-28T00:00:00.000Z,Listed for sale,2014-01-01T00:00:00.000Z,Listing removed,2013-10-29T00:00:00.000Z,Price change,2013-10-04T00:00:00.000Z,Price change,2013-08-08T00:00:00.000Z,Listed for sale,2011-08-31T00:00:00.000Z,Sold,,,,,,,,,,,,,,,,,,,,,,,,,,,,,,,,,,,,
"22530 Sam Tillery Dr, Alexander, AR 72002",22530 Sam Tillery Dr,Alexander,AR,,forRent,3,1633,,1995,5,https://www.zillow.com/homedetails/22530-Sam-Tillery-Dr-Alexander-AR-72002/465489014_zpid/,,,2026-09-22T00:00:00.000Z,Listed for rent,,,,,,,,,,,,,,,,,,,,,,,,,,,,,,,,,,,,,,,,,,,,,,,,,,,,,,,,,,
"830 Gussy Ln, Benton, AR 72019",830 Gussy Ln,Benton,AR,,forRent,,,,,,https://www.zillow.com/b/830-gussy-ln-benton-ar-CqYvFB/,,,,,,,,,,,,,,,,,,,,,,,,,,,,,,,,,,,,,,,,,,,,,,,,,,,,,,,,,,,,,,
"5137 Woodstream Dr, Alexander, AR 72002",5137 Woodstream Dr,Alexander,AR,,forRent,3,1460,,1600,9,https://www.zillow.com/homedetails/5137-Woodstream-Dr-Alexander-AR-72002/2078172293_zpid/,,167825,2026-09-18T00:00:00.000Z,Listed for rent,2026-04-27T00:00:00.000Z,Listing removed,2026-04-01T00:00:00.000Z,Listed for rent,2022-11-20T00:00:00.000Z,Listing removed,2022-10-04T00:00:00.000Z,Listed for rent,2020-12-04T00:00:00.000Z,Sold,2020-08-25T00:00:00.000Z,Listing removed,2020-08-20T00:00:00.000Z,Listed for sale,,,,,,,,,,,,,,,,,,,,,,,,,,,,,,,,,,,,,,,,,,,,
"154 Roman Heights Ave, Alexander, AR 72002",154 Roman Heights Ave,Alexander,AR,,forRent,,,,,,https://www.zillow.com/b/154-roman-heights-ave-alexander-ar-Cdzchh/,,,,,,,,,,,,,,,,,,,,,,,,,,,,,,,,,,,,,,,,,,,,,,,,,,,,,,,,,,,,,,
"14457 Skyline Dr, Alexander, AR 72002",14457 Skyline Dr,Alexander,AR,,forRent,3,1974,,1950,13,https://www.zillow.com/homedetails/14457-Skyline-Dr-Alexander-AR-72002/120792053_zpid/,,210000,2026-09-15T00:00:00.000Z,Listed for rent,2021-11-05T00:00:00.000Z,Sold,2015-12-17T00:00:00.000Z,Sold,,,,,,,,,,,,,,,,,,,,,,,,,,,,,,,,,,,,,,,,,,,,,,,,,,,,,,
"36 Stonehaven Dr, Cabot, AR 72023",36 Stonehaven Dr,Cabot,AR,,forRent,3,1360,,1350,6,https://www.zillow.com/homedetails/36-Stonehaven-Dr-Cabot-AR-72023/72176066_zpid/,,,2026-09-21T00:00:00.000Z,Listed for rent,2024-09-13T00:00:00.000Z,Listing removed,2024-07-31T00:00:00.000Z,Listed for rent,2023-04-21T00:00:00.000Z,Listing removed,2023-04-16T00:00:00.000Z,Listed for rent,2023-03-23T00:00:00.000Z,Listing removed,2023-03-18T00:00:00.000Z,Listed for rent,2021-02-27T00:00:00.000Z,Listing removed,2020-04-24T00:00:00.000Z,Listing removed,2020-04-17T00:00:00.000Z,Listed for rent,2019-03-05T00:00:00.000Z,Listing removed,2019-02-05T00:00:00.000Z,Price change,2018-11-07T00:00:00.000Z,Listed for sale,,,,,,,,,,,,,,,,,,,,,,,,,,,,,,,,,,
"2710 Lavern St, Bryant, AR 72022",2710 Lavern St,Bryant,AR,,forRent,3,1281,,1375,2,https://www.zillow.com/homedetails/2710-Lavern-St-Bryant-AR-72022/391293_zpid/,,131000,2026-09-25T00:00:00.000Z,Listed for rent,2024-09-13T00:00:00.000Z,Listing removed,2024-07-12T00:00:00.000Z,Price change,2024-05-17T00:00:00.000Z,Price change,2024-04-05T00:00:00.000Z,Listed for rent,2024-03-25T00:00:00.000Z,Listing removed,2024-03-15T00:00:00.000Z,Listed for rent,2022-03-22T00:00:00.000Z,Listing removed,2022-03-10T00:00:00.000Z,Listed for rent,2020-10-22T00:00:00.000Z,Listing removed,2020-10-13T00:00:00.000Z,Listed for rent,2018-03-15T00:00:00.000Z,Listing removed,2018-02-14T00:00:00.000Z,Sold,2018-01-15T00:00:00.000Z,Listed for rent,2017-12-10T00:00:00.000Z,Listed for sale,2017-08-06T00:00:00.000Z,Sold,2017-05-28T00:00:00.000Z,Price change,2017-04-21T00:00:00.000Z,Listed for sale,2017-03-17T00:00:00.000Z,Sold,2017-02-16T00:00:00.000Z,Listed for sale,,,,,,,,,,,,,,,,,,,,
"29 Mattie Lene Dr, Ward, AR 72176",29 Mattie Lene Dr,Ward,AR,,forRent,3,1301,,1350,17,https://www.zillow.com/homedetails/29-Mattie-Lene-Dr-Ward-AR-72176/35732499_zpid/,,80000,2026-09-10T00:00:00.000Z,Listed for rent,2026-03-20T00:00:00.000Z,Listing removed,2026-01-05T00:00:00.000Z,Listed for rent,2024-10-09T00:00:00.000Z,Listing removed,2024-09-16T00:00:00.000Z,Listed for rent,2009-05-16T00:00:00.000Z,Listing removed,2009-01-18T00:00:00.000Z,Listed for sale,2005-09-22T00:00:00.000Z,Sold,2004-02-23T00:00:00.000Z,Sold,2003-01-24T00:00:00.000Z,Sold,,,,,,,,,,,,,,,,,,,,,,,,,,,,,,,,,,,,,,,,
"2225 Redwood, Benton, AR 72015",2225 Redwood,Benton,AR,,forRent,3,1758,,1800,118,https://www.zillow.com/homedetails/2225-Redwood-Benton-AR-72015/52934068_zpid/,,132000,2026-09-03T00:00:00.000Z,Price change,2026-08-17T00:00:00.000Z,Price change,2026-07-13T00:00:00.000Z,Price change,2026-06-01T00:00:00.000Z,Listed for rent,2025-05-31T00:00:00.000Z,Listing removed,2025-05-17T00:00:00.000Z,Listed for rent,2025-05-16T00:00:00.000Z,Listing removed,2025-04-17T00:00:00.000Z,Listed for rent,2025-04-16T00:00:00.000Z,Listing removed,2024-10-29T00:00:00.000Z,Listed for rent,2023-07-19T00:00:00.000Z,Listing removed,2023-06-20T00:00:00.000Z,Listed for rent,2022-03-04T00:00:00.000Z,Listing removed,2022-02-12T00:00:00.000Z,Listed for rent,2020-08-15T00:00:00.000Z,Listing removed,2020-08-04T00:00:00.000Z,Listed for rent,2019-06-13T00:00:00.000Z,Listing removed,2019-06-04T00:00:00.000Z,Listed for rent,2018-10-16T00:00:00.000Z,Listing removed,2018-08-10T00:00:00.000Z,Price change,2018-08-07T00:00:00.000Z,Listed for rent,2015-07-18T00:00:00.000Z,Listing removed,2015-06-11T00:00:00.000Z,Listed for rent,2014-04-25T00:00:00.000Z,Listing removed,2014-02-22T00:00:00.000Z,Listed for rent,2013-10-18T00:00:00.000Z,Sold,2011-11-01T00:00:00.000Z,Sold,2009-01-13T00:00:00.000Z,Sold,,,,
"87 Sycamore Cir, Cabot, AR 72023",87 Sycamore Cir,Cabot,AR,,forRent,3,1252,,1350,44,https://www.zillow.com/homedetails/87-Sycamore-Cir-Cabot-AR-72023/256430_zpid/,,151500,2026-09-14T00:00:00.000Z,Price change,2026-08-29T00:00:00.000Z,Price change,2026-08-14T00:00:00.000Z,Listed for rent,2026-07-17T00:00:00.000Z,Sold,2026-06-05T00:00:00.000Z,Listed for sale,2026-05-27T00:00:00.000Z,Listing removed,2026-05-15T00:00:00.000Z,Listed for rent,2020-06-03T00:00:00.000Z,Sold,2020-02-28T00:00:00.000Z,Sold,2013-03-25T00:00:00.000Z,Sold,,,,,,,,,,,,,,,,,,,,,,,,,,,,,,,,,,,,,,,,
"11 W Plaza Blvd, Cabot, AR 72023",11 W Plaza Blvd,Cabot,AR,,forRent,3,1487,,1525,34,https://www.zillow.com/homedetails/11-W-Plaza-Blvd-Cabot-AR-72023/256262_zpid/,,229049,2026-08-24T00:00:00.000Z,Listed for rent,2024-09-13T00:00:00.000Z,Listing removed,2024-07-02T00:00:00.000Z,Listed for rent,2013-02-26T00:00:00.000Z,Sold,,,,,,,,,,,,,,,,,,,,,,,,,,,,,,,,,,,,,,,,,,,,,,,,,,,,
"3031 Trelon Cv, Alexander, AR 72002",3031 Trelon Cv,Alexander,AR,,forRent,3,1640,,1645,3,https://www.zillow.com/homedetails/3031-Trelon-Cv-Alexander-AR-72002/2062143982_zpid/,,,2026-09-25T00:00:00.000Z,Listed for rent,2023-12-15T00:00:00.000Z,Listing removed,2023-12-05T00:00:00.000Z,Price change,2023-10-26T00:00:00.000Z,Listed for rent,2023-04-19T00:00:00.000Z,Listing removed,2023-03-24T00:00:00.000Z,Price change,2023-02-17T00:00:00.000Z,Price change,2023-01-26T00:00:00.000Z,Listed for rent,2022-12-15T00:00:00.000Z,Listing removed,2022-11-30T00:00:00.000Z,Price change,2022-11-16T00:00:00.000Z,Price change,2022-11-03T00:00:00.000Z,Price change,2022-09-20T00:00:00.000Z,Price change,2022-09-03T00:00:00.000Z,Price change,2022-08-23T00:00:00.000Z,Price change,2022-08-04T00:00:00.000Z,Listed for sale,,,,,,,,,,,,,,,,,,,,,,,,,,,,
"22930 Sam Tillery Dr, Alexander, AR 72002",22930 Sam Tillery Dr,Alexander,AR,,forRent,4,1640,,2000,34,https://www.zillow.com/homedetails/22930-Sam-Tillery-Dr-Alexander-AR-72002/464786376_zpid/,,,2026-09-10T00:00:00.000Z,Price change,2026-09-08T00:00:00.000Z,Price change,2026-08-24T00:00:00.000Z,Listed for rent,,,,,,,,,,,,,,,,,,,,,,,,,,,,,,,,,,,,,,,,,,,,,,,,,,,,,,
"3509 Terrace Hill Ct, Benton, AR 72019",3509 Terrace Hill Ct,Benton,AR,,forRent,3,1500,,1400,27,https://www.zillow.com/homedetails/3509-Terrace-Hill-Ct-Benton-AR-72019/124735446_zpid/,,122580,2026-09-08T00:00:00.000Z,Price change,2026-08-31T00:00:00.000Z,Listed for rent,2023-07-09T00:00:00.000Z,Listing removed,2023-07-06T00:00:00.000Z,Listed for rent,2022-03-04T00:00:00.000Z,Sold,2014-09-04T00:00:00.000Z,Sold,,,,,,,,,,,,,,,,,,,,,,,,,,,,,,,,,,,,,,,,,,,,,,,,
"1021 Circle Dr, Benton, AR 72015",1021 Circle Dr,Benton,AR,,forRent,3,1256,,1350,7,https://www.zillow.com/homedetails/1021-Circle-Dr-Benton-AR-72015/386718_zpid/,,50000,2026-09-20T00:00:00.000Z,Listed for rent,2023-03-06T00:00:00.000Z,Listing removed,2023-02-25T00:00:00.000Z,Listed for rent,2020-07-30T00:00:00.000Z,Sold,,,,,,,,,,,,,,,,,,,,,,,,,,,,,,,,,,,,,,,,,,,,,,,,,,,,
"27 Trinity Dr, Cabot, AR 72023",27 Trinity Dr,Cabot,AR,,forRent,3,1442,,1525,37,https://www.zillow.com/homedetails/27-Trinity-Dr-Cabot-AR-72023/113948501_zpid/,,,2026-08-21T00:00:00.000Z,Listed for rent,2025-09-11T00:00:00.000Z,Listing removed,2025-07-29T00:00:00.000Z,Price change,2025-07-03T00:00:00.000Z,Listed for rent,,,,,,,,,,,,,,,,,,,,,,,,,,,,,,,,,,,,,,,,,,,,,,,,,,,,
"456 Brinkley Dr, Kings Mountain, NC 28086",456 Brinkley Dr,Kings Mountain,NC,,forRent,3,2175,,2185,10,https://www.zillow.com/homedetails/456-Brinkley-Dr-Kings-Mountain-NC-28086/463854737_zpid/,,295000,2026-09-22T00:00:00.000Z,Price change,2026-09-17T00:00:00.000Z,Listed for rent,2026-08-20T00:00:00.000Z,Sold,2026-07-16T00:00:00.000Z,Pending sale,2026-07-14T00:00:00.000Z,Listed for sale,,,,,,,,,,,,,,,,,,,,,,,,,,,,,,,,,,,,,,,,,,,,,,,,,,
"1602 Harmon Dr, Benton, AR 72015",1602 Harmon Dr,Benton,AR,,forRent,4,1881,,1595,10,https://www.zillow.com/homedetails/1602-Harmon-Dr-Benton-AR-72015/384937_zpid/,,100000,2026-09-18T00:00:00.000Z,Listed for rent,2025-09-12T00:00:00.000Z,Listing removed,2025-06-03T00:00:00.000Z,Listed for rent,2025-05-27T00:00:00.000Z,Listing removed,2025-05-22T00:00:00.000Z,Listed for sale,2025-05-13T00:00:00.000Z,Sold,2025-05-13T00:00:00.000Z,Listed for sale,,,,,,,,,,,,,,,,,,,,,,,,,,,,,,,,,,,,,,,,,,,,,,
"508 SW 4th St, Bryant, AR 72022",508 SW 4th St,Bryant,AR,,forRent,3,1510,,1750,20,https://www.zillow.com/homedetails/508-SW-4th-St-Bryant-AR-72022/391129_zpid/,,231000,2026-09-26T00:00:00.000Z,Price change,2026-09-07T00:00:00.000Z,Listed for rent,2026-07-02T00:00:00.000Z,Listing removed,2026-06-18T00:00:00.000Z,Sold,2026-06-18T00:00:00.000Z,Listed for rent,2026-05-27T00:00:00.000Z,Contingent,2026-05-22T00:00:00.000Z,Price change,2026-05-12T00:00:00.000Z,Price change,2026-05-01T00:00:00.000Z,Price change,2026-04-04T00:00:00.000Z,Listed for sale,2014-11-21T00:00:00.000Z,Sold,,,,,,,,,,,,,,,,,,,,,,,,,,,,,,,,,,,,,,
"191 Rosedale St, Kings Mountain, NC 28086",191 Rosedale St,Kings Mountain,NC,,forRent,3,1679,,1795,13,https://www.zillow.com/homedetails/191-Rosedale-St-Kings-Mountain-NC-28086/338483251_zpid/,,246900,2026-09-14T00:00:00.000Z,Listed for rent,2024-12-14T00:00:00.000Z,Listing removed,2024-11-12T00:00:00.000Z,Listed for rent,2023-11-08T00:00:00.000Z,Listing removed,2023-11-03T00:00:00.000Z,Price change,2023-10-18T00:00:00.000Z,Listed for rent,2021-06-11T00:00:00.000Z,Sold,2021-02-04T00:00:00.000Z,Contingent,2021-01-26T00:00:00.000Z,Listed for sale,,,,,,,,,,,,,,,,,,,,,,,,,,,,,,,,,,,,,,,,,,
"307 S 4th St, Benton, AR 72015",307 S 4th St,Benton,AR,,forRent,3,1051,,1550,28,https://www.zillow.com/homedetails/307-S-4th-St-Benton-AR-72015/386521_zpid/,,161000,2026-09-21T00:00:00.000Z,Price change,2026-08-31T00:00:00.000Z,Listed for rent,2025-05-30T00:00:00.000Z,Listing removed,2025-05-20T00:00:00.000Z,Sold,2025-05-20T00:00:00.000Z,Listed for rent,2025-04-19T00:00:00.000Z,Contingent,2025-04-18T00:00:00.000Z,Listed for sale,2023-03-31T00:00:00.000Z,Sold,2023-03-02T00:00:00.000Z,Listed for sale,,,,,,,,,,,,,,,,,,,,,,,,,,,,,,,,,,,,,,,,,,
"242 Colton Ct, Kings Mountain, NC 28086",242 Colton Ct,Kings Mountain,NC,,forRent,5,2511,,2455,10,https://www.zillow.com/homedetails/242-Colton-Ct-Kings-Mountain-NC-28086/462106908_zpid/,,325000,2026-09-17T00:00:00.000Z,Listed for rent,2026-08-20T00:00:00.000Z,Sold,2026-07-16T00:00:00.000Z,Pending sale,2026-06-16T00:00:00.000Z,Price change,2026-05-01T00:00:00.000Z,Listed for sale,,,,,,,,,,,,,,,,,,,,,,,,,,,,,,,,,,,,,,,,,,,,,,,,,,
"493 Aubrey Woods Dr, Kings Mountain, NC 28086",493 Aubrey Woods Dr,Kings Mountain,NC,,forRent,,,,,,"https://www.zillow.com/b/493-aubrey-woods-dr-kings-mountain-nc/35.26415,-81.40837_ll/",,,,,,,,,,,,,,,,,,,,,,,,,,,,,,,,,,,,,,,,,,,,,,,,,,,,,,,,,,,,,,
"21051 Natalie Ln, Little Rock, AR 72206",21051 Natalie Ln,Little Rock,AR,,forRent,3,1550,,1700,17,https://www.zillow.com/homedetails/21051-Natalie-Ln-Little-Rock-AR-72206/64691031_zpid/,,,2026-09-10T00:00:00.000Z,Listed for rent,,,,,,,,,,,,,,,,,,,,,,,,,,,,,,,,,,,,,,,,,,,,,,,,,,,,,,,,,,
"17 Patti Cv, Ward, AR 72176",17 Patti Cv,Ward,AR,,forRent,3,1330,,1795,3,https://www.zillow.com/homedetails/17-Patti-Cv-Ward-AR-72176/338981618_zpid/,,210000,2026-09-25T00:00:00.000Z,Listed for rent,2022-07-27T00:00:00.000Z,Sold,,,,,,,,,,,,,,,,,,,,,,,,,,,,,,,,,,,,,,,,,,,,,,,,,,,,,,,,
"2423 S Chatfield Rd, Bauxite, AR 72011",2423 S Chatfield Rd,Bauxite,AR,,forRent,4,1802,,1700,28,https://www.zillow.com/homedetails/2423-S-Chatfield-Rd-Bauxite-AR-72011/114169056_zpid/,,99000,2026-09-27T00:00:00.000Z,Price change,2026-09-08T00:00:00.000Z,Price change,2026-08-30T00:00:00.000Z,Listed for rent,2026-07-20T00:00:00.000Z,Listing removed,2026-06-26T00:00:00.000Z,Price change,2026-06-12T00:00:00.000Z,Listed for rent,2025-11-26T00:00:00.000Z,Sold,2025-10-29T00:00:00.000Z,Contingent,2025-10-27T00:00:00.000Z,Listed for sale,2025-10-08T00:00:00.000Z,Contingent,2025-10-05T00:00:00.000Z,Listed for sale,,,,,,,,,,,,,,,,,,,,,,,,,,,,,,,,,,,,,,
"1961 Auburn Hills Dr, Benton, AR 72015",1961 Auburn Hills Dr,Benton,AR,,forRent,3,1470,,1850,55,https://www.zillow.com/homedetails/1961-Auburn-Hills-Dr-Benton-AR-72015/2061982521_zpid/,,210000,2026-08-04T00:00:00.000Z,Sold,2026-08-04T00:00:00.000Z,Listed for rent,2026-08-04T00:00:00.000Z,Contingent,2026-06-22T00:00:00.000Z,Price change,2026-05-30T00:00:00.000Z,Price change,2026-05-06T00:00:00.000Z,Price change,2026-04-27T00:00:00.000Z,Price change,2026-04-02T00:00:00.000Z,Price change,2026-03-31T00:00:00.000Z,Price change,2026-03-28T00:00:00.000Z,Listed for sale,2022-12-16T00:00:00.000Z,Sold,2022-11-18T00:00:00.000Z,Contingent,2022-11-11T00:00:00.000Z,Price change,2022-10-04T00:00:00.000Z,Price change,2022-08-23T00:00:00.000Z,Price change,2022-08-10T00:00:00.000Z,Listed for sale,,,,,,,,,,,,,,,,,,,,,,,,,,,,
"26 Deerfield Dr, Ward, AR 72176",26 Deerfield Dr,Ward,AR,,forRent,3,1309,,1550,6,https://www.zillow.com/homedetails/26-Deerfield-Dr-Ward-AR-72176/261138_zpid/,,125000,2026-09-22T00:00:00.000Z,Listed for rent,2026-09-14T00:00:00.000Z,Listing removed,2026-09-10T00:00:00.000Z,Price change,2026-09-04T00:00:00.000Z,Listed for sale,2013-05-29T00:00:00.000Z,Sold,,,,,,,,,,,,,,,,,,,,,,,,,,,,,,,,,,,,,,,,,,,,,,,,,,
"404 Marcella Dr, Kings Mountain, NC 28086",404 Marcella Dr,Kings Mountain,NC,,forRent,3,1507,,1799,48,https://www.zillow.com/homedetails/404-Marcella-Dr-Kings-Mountain-NC-28086/214091791_zpid/,,255000,2026-09-23T00:00:00.000Z,Price change,2026-09-16T00:00:00.000Z,Price change,2026-09-09T00:00:00.000Z,Price change,2026-09-02T00:00:00.000Z,Price change,2026-08-25T00:00:00.000Z,Price change,2026-08-18T00:00:00.000Z,Price change,2026-08-11T00:00:00.000Z,Listed for rent,2021-08-17T00:00:00.000Z,Listing removed,2021-08-06T00:00:00.000Z,Price change,2021-07-22T00:00:00.000Z,Listed for rent,2021-06-24T00:00:00.000Z,Sold,2021-06-03T00:00:00.000Z,Pending sale,2021-05-26T00:00:00.000Z,Listed for sale,2016-05-24T00:00:00.000Z,Sold,,,,,,,,,,,,,,,,,,,,,,,,,,,,,,,,
"5719 Heritage Heights Dr, Benton, AR 72019",5719 Heritage Heights Dr,Benton,AR,,forRent,4,1650,,1750,44,https://www.zillow.com/homedetails/5719-Heritage-Heights-Dr-Benton-AR-72019/71715729_zpid/,,22000,2026-09-25T00:00:00.000Z,Price change,2026-08-14T00:00:00.000Z,Listed for rent,2025-04-01T00:00:00.000Z,Listing removed,2025-03-06T00:00:00.000Z,Listed for rent,2023-10-30T00:00:00.000Z,Listing removed,2023-10-23T00:00:00.000Z,Listed for rent,2022-10-27T00:00:00.000Z,Listing removed,2022-09-26T00:00:00.000Z,Price change,2022-08-22T00:00:00.000Z,Listed for rent,2021-03-24T00:00:00.000Z,Listing removed,2018-08-04T00:00:00.000Z,Listing removed,2018-07-30T00:00:00.000Z,Listed for rent,2017-02-19T00:00:00.000Z,Listing removed,2017-02-06T00:00:00.000Z,Listed for rent,2016-10-28T00:00:00.000Z,Listing removed,2014-04-08T00:00:00.000Z,Listing removed,2014-03-29T00:00:00.000Z,Listed for rent,2013-01-05T00:00:00.000Z,Listing removed,2012-10-26T00:00:00.000Z,Listed for sale,2012-10-26T00:00:00.000Z,Listing removed,2012-10-07T00:00:00.000Z,Listed for rent,2010-03-24T00:00:00.000Z,Sold,,,,,,,,,,,,,,,,
"417 Pinnacle Rd, Kings Mountain, NC 28086",417 Pinnacle Rd,Kings Mountain,NC,,forRent,3,1540,,2400,2,https://www.zillow.com/homedetails/417-Pinnacle-Rd-Kings-Mountain-NC-28086/5881659_zpid/,,170500,2026-09-25T00:00:00.000Z,Listed for rent,2022-05-06T00:00:00.000Z,Sold,2004-02-03T00:00:00.000Z,Sold,,,,,,,,,,,,,,,,,,,,,,,,,,,,,,,,,,,,,,,,,,,,,,,,,,,,,,
"56 Razorback Cv, Austin, AR 72007",56 Razorback Cv,Austin,AR,,forRent,3,1250,,1595,10,https://www.zillow.com/homedetails/56-Razorback-Cv-Austin-AR-72007/99434828_zpid/,,195000,2026-09-18T00:00:00.000Z,Listed for rent,2022-09-27T00:00:00.000Z,Sold,2022-07-29T00:00:00.000Z,Sold,2020-03-01T00:00:00.000Z,Listing removed,2019-10-07T00:00:00.000Z,Listed for sale,2019-08-01T00:00:00.000Z,Listing removed,2018-04-05T00:00:00.000Z,Listed for sale,,,,,,,,,,,,,,,,,,,,,,,,,,,,,,,,,,,,,,,,,,,,,,
"170 Crown Ct, Kings Mountain, NC 28086",170 Crown Ct,Kings Mountain,NC,,forRent,3,1320,,1715,18,https://www.zillow.com/homedetails/170-Crown-Ct-Kings-Mountain-NC-28086/214084781_zpid/,,22000,2026-09-09T00:00:00.000Z,Listed for rent,2025-08-22T00:00:00.000Z,Sold,2022-02-11T00:00:00.000Z,Sold,2021-12-21T00:00:00.000Z,Contingent,2018-04-23T00:00:00.000Z,Listed for sale,,,,,,,,,,,,,,,,,,,,,,,,,,,,,,,,,,,,,,,,,,,,,,,,,,
"(Undisclosed Address), Kings Mountain, NC 28086",(Undisclosed Address),Kings Mountain,NC,,forRent,5,1750,,1850,13,https://www.zillow.com/homedetails/Kings-Mountain-NC-28086/93015498_zpid/,,37000,2026-09-14T00:00:00.000Z,Listed for rent,2020-09-23T00:00:00.000Z,Sold,2019-09-19T00:00:00.000Z,Listing removed,2019-08-22T00:00:00.000Z,Listed for rent,2018-10-24T00:00:00.000Z,Listing removed,2018-09-21T00:00:00.000Z,Price change,2018-08-16T00:00:00.000Z,Price change,2018-07-25T00:00:00.000Z,Listed for rent,,,,,,,,,,,,,,,,,,,,,,,,,,,,,,,,,,,,,,,,,,,,
"1155 Jackson Rd, Ward, AR 72176",1155 Jackson Rd,Ward,AR,,forRent,3,1280,,1300,17,https://www.zillow.com/homedetails/1155-Jackson-Rd-Ward-AR-72176/99441054_zpid/,,,2026-09-10T00:00:00.000Z,Listed for rent,2026-03-18T00:00:00.000Z,Listing removed,2026-03-13T00:00:00.000Z,Price change,2026-02-24T00:00:00.000Z,Listed for rent,2026-01-12T00:00:00.000Z,Listing removed,2025-11-14T00:00:00.000Z,Price change,2025-10-06T00:00:00.000Z,Price change,2025-01-16T00:00:00.000Z,Listed for rent,2015-10-08T00:00:00.000Z,Listing removed,2015-09-18T00:00:00.000Z,Listed for rent,,,,,,,,,,,,,,,,,,,,,,,,,,,,,,,,,,,,,,,,
"5845 Heritage Heights Dr, Benton, AR 72019",5845 Heritage Heights Dr,Benton,AR,,forRent,4,1725,,1700,41,https://www.zillow.com/homedetails/5845-Heritage-Heights-Dr-Benton-AR-72019/440162513_zpid/,,,2026-09-21T00:00:00.000Z,Price change,2026-08-17T00:00:00.000Z,Listed for rent,2024-09-13T00:00:00.000Z,Listing removed,2024-09-10T00:00:00.000Z,Listed for rent,,,,,,,,,,,,,,,,,,,,,,,,,,,,,,,,,,,,,,,,,,,,,,,,,,,,
"918 Cedar Haskell St, Haskell, AR 72015",918 Cedar Haskell St,Haskell,AR,,forRent,3,1088,,1150,39,https://www.zillow.com/homedetails/918-Cedar-Haskell-St-Haskell-AR-72015/61187359_zpid/,,,2026-07-13T00:00:00.000Z,Listed for rent,,,,,,,,,,,,,,,,,,,,,,,,,,,,,,,,,,,,,,,,,,,,,,,,,,,,,,,,,,
"231 Brinkley Dr, Kings Mountain, NC 28086",231 Brinkley Dr,Kings Mountain,NC,,forRent,5,2400,,2395,73,https://www.zillow.com/homedetails/231-Brinkley-Dr-Kings-Mountain-NC-28086/349365612_zpid/,,332000,2026-09-23T00:00:00.000Z,Price change,2026-08-07T00:00:00.000Z,Price change,2026-07-16T00:00:00.000Z,Listed for rent,2026-07-10T00:00:00.000Z,Sold,2026-05-14T00:00:00.000Z,Listed for sale,2026-05-10T00:00:00.000Z,Listing removed,2026-03-03T00:00:00.000Z,Price change,2026-02-05T00:00:00.000Z,Price change,2025-11-06T00:00:00.000Z,Listed for sale,2024-10-25T00:00:00.000Z,Sold,2024-08-21T00:00:00.000Z,Price change,2024-08-14T00:00:00.000Z,Price change,2024-07-09T00:00:00.000Z,Price change,2024-05-07T00:00:00.000Z,Price change,2024-05-04T00:00:00.000Z,Listed for sale,,,,,,,,,,,,,,,,,,,,,,,,,,,,,,
"5813 Heritage Heights Dr, Benton, AR 72019",5813 Heritage Heights Dr,Benton,AR,,forRent,4,1792,,1695,115,https://www.zillow.com/homedetails/5813-Heritage-Heights-Dr-Benton-AR-72019/71715692_zpid/,,199000,2026-08-27T00:00:00.000Z,Price change,2026-08-12T00:00:00.000Z,Price change,2026-07-29T00:00:00.000Z,Price change,2026-07-15T00:00:00.000Z,Price change,2026-06-04T00:00:00.000Z,Listed for rent,2024-04-06T00:00:00.000Z,Listing removed,2024-03-28T00:00:00.000Z,Listed for rent,2023-07-05T00:00:00.000Z,Listing removed,2023-06-23T00:00:00.000Z,Listed for rent,2022-05-23T00:00:00.000Z,Listing removed,2022-05-17T00:00:00.000Z,Listed for rent,2022-02-23T00:00:00.000Z,Listing removed,2022-02-04T00:00:00.000Z,Price change,2021-12-21T00:00:00.000Z,Listed for rent,2021-11-17T00:00:00.000Z,Sold,2021-11-12T00:00:00.000Z,Contingent,2021-10-13T00:00:00.000Z,Listed for sale,2016-02-17T00:00:00.000Z,Sold,2014-10-06T00:00:00.000Z,Listing removed,2014-07-21T00:00:00.000Z,Price change,2013-10-18T00:00:00.000Z,Listed for sale,,,,,,,,,,,,,,,,,,
"109 Ann St, Kings Mountain, NC 28086",109 Ann St,Kings Mountain,NC,,forRent,3,1508,,1850,34,https://www.zillow.com/homedetails/109-Ann-St-Kings-Mountain-NC-28086/214091787_zpid/,,126000,2026-09-09T00:00:00.000Z,Price change,2026-08-24T00:00:00.000Z,Listed for rent,2016-05-27T00:00:00.000Z,Sold,,,,,,,,,,,,,,,,,,,,,,,,,,,,,,,,,,,,,,,,,,,,,,,,,,,,,,
"3123 Lori Lake Rd, Benton, AR 72019",3123 Lori Lake Rd,Benton,AR,,forRent,3,1280,,1000,206,https://www.zillow.com/homedetails/3123-Lori-Lake-Rd-Benton-AR-72019/453026788_zpid/,,,2025-06-07T00:00:00.000Z,Listed for rent,,,,,,,,,,,,,,,,,,,,,,,,,,,,,,,,,,,,,,,,,,,,,,,,,,,,,,,,,,
"14815 Parkway Meadows Dr, Alexander, AR 72002",14815 Parkway Meadows Dr,Alexander,AR,,forRent,3,1243,,1495,29,https://www.zillow.com/homedetails/14815-Parkway-Meadows-Dr-Alexander-AR-72002/114165875_zpid/,,187500,2026-09-14T00:00:00.000Z,Price change,2026-08-29T00:00:00.000Z,Listed for rent,2025-08-21T00:00:00.000Z,Listing removed,2025-08-07T00:00:00.000Z,Price change,2025-07-31T00:00:00.000Z,Price change,2025-07-24T00:00:00.000Z,Listed for rent,2023-04-06T00:00:00.000Z,Sold,2023-03-22T00:00:00.000Z,Contingent,2023-02-17T00:00:00.000Z,Price change,2023-01-20T00:00:00.000Z,Price change,2023-01-06T00:00:00.000Z,Listed for sale,2017-05-23T00:00:00.000Z,Sold,2011-04-28T00:00:00.000Z,Sold,,,,,,,,,,,,,,,,,,,,,,,,,,,,,,,,,,
"18 Lilly Ann Ct, Ward, AR 72176",18 Lilly Ann Ct,Ward,AR,,forRent,3,1355,,0,12,https://www.zillow.com/homedetails/18-Lilly-Ann-Ct-Ward-AR-72176/445792648_zpid/,,18000,2026-09-15T00:00:00.000Z,Listed for rent,2022-10-25T00:00:00.000Z,Listing removed,2022-10-07T00:00:00.000Z,Listed for sale,2017-08-16T00:00:00.000Z,Sold,,,,,,,,,,,,,,,,,,,,,,,,,,,,,,,,,,,,,,,,,,,,,,,,,,,,
"6099 Meridian Dr, Alexander, AR 72002",6099 Meridian Dr,Alexander,AR,,forRent,4,1824,,2195,17,https://www.zillow.com/homedetails/6099-Meridian-Dr-Alexander-AR-72002/456178536_zpid/,,,2026-09-10T00:00:00.000Z,Listed for rent,2026-01-22T00:00:00.000Z,Listing removed,2025-12-23T00:00:00.000Z,Listed for rent,2025-11-27T00:00:00.000Z,Listing removed,2025-08-22T00:00:00.000Z,Listed for sale,,,,,,,,,,,,,,,,,,,,,,,,,,,,,,,,,,,,,,,,,,,,,,,,,,
"6634 Hollywood Ave, Benton, AR 72019",6634 Hollywood Ave,Benton,AR,,forRent,3,1051,,1195,19,https://www.zillow.com/homedetails/6634-Hollywood-Ave-Benton-AR-72019/459936342_zpid/,,,2026-09-09T00:00:00.000Z,Listed for rent,2026-08-14T00:00:00.000Z,Listing removed,2026-06-25T00:00:00.000Z,Price change,2026-06-17T00:00:00.000Z,Price change,2026-06-08T00:00:00.000Z,Price change,2026-05-28T00:00:00.000Z,Price change,2026-05-07T00:00:00.000Z,Price change,2026-05-06T00:00:00.000Z,Price change,2026-05-05T00:00:00.000Z,Price change,2026-05-02T00:00:00.000Z,Listed for sale,2026-04-23T00:00:00.000Z,Contingent,2026-03-31T00:00:00.000Z,Price change,2026-03-18T00:00:00.000Z,Price change,2026-03-03T00:00:00.000Z,Price change,2026-02-14T00:00:00.000Z,Price change,2026-02-03T00:00:00.000Z,Price change,2026-01-23T00:00:00.000Z,Listed for sale,,,,,,,,,,,,,,,,,,,,,,,,,,
"104 Herald Pl, Cabot, AR 72023",104 Herald Pl,Cabot,AR,,forRent,3,1232,,1095,55,https://www.zillow.com/homedetails/104-Herald-Pl-Cabot-AR-72023/252206_zpid/,,155000,2026-08-03T00:00:00.000Z,Listed for rent,2024-11-23T00:00:00.000Z,Listing removed,2024-11-14T00:00:00.000Z,Listed for rent,2023-12-28T00:00:00.000Z,Listing removed,2023-11-10T00:00:00.000Z,Price change,2023-10-18T00:00:00.000Z,Listed for rent,2022-04-09T00:00:00.000Z,Listing removed,2022-02-16T00:00:00.000Z,Listed for rent,2019-06-20T00:00:00.000Z,Listing removed,2019-05-08T00:00:00.000Z,Listed for rent,2018-08-24T00:00:00.000Z,Listing removed,2018-08-16T00:00:00.000Z,Price change,2018-08-01T00:00:00.000Z,Listed for rent,2017-12-07T00:00:00.000Z,Listing removed,2017-10-14T00:00:00.000Z,Listed for rent,2013-01-30T00:00:00.000Z,Sold,2008-01-10T00:00:00.000Z,Sold,1988-08-30T00:00:00.000Z,Sold,,,,,,,,,,,,,,,,,,,,,,,,
"2908 Turnberry Dr, Benton, AR 72019",2908 Turnberry Dr,Benton,AR,,forRent,5,2600,,2700,1,https://www.zillow.com/homedetails/2908-Turnberry-Dr-Benton-AR-72019/52934327_zpid/,,50000,2026-09-26T00:00:00.000Z,Listed for rent,2022-12-03T00:00:00.000Z,Listing removed,2022-12-01T00:00:00.000Z,Listed for rent,2006-03-17T00:00:00.000Z,Sold,,,,,,,,,,,,,,,,,,,,,,,,,,,,,,,,,,,,,,,,,,,,,,,,,,,,
"2501 Janet, Benton, AR 72015",2501 Janet,Benton,AR,,forRent,3,1830,,2150,1,https://www.zillow.com/homedetails/2501-Janet-Benton-AR-72015/350531195_zpid/,,299900,2026-09-26T00:00:00.000Z,Listed for rent,2026-07-22T00:00:00.000Z,Listing removed,2026-06-14T00:00:00.000Z,Listed for sale,2025-02-21T00:00:00.000Z,Sold,2025-01-21T00:00:00.000Z,Contingent,2024-12-12T00:00:00.000Z,Price change,2024-12-10T00:00:00.000Z,Price change,2024-11-08T00:00:00.000Z,Listed for sale,,,,,,,,,,,,,,,,,,,,,,,,,,,,,,,,,,,,,,,,,,,,
"13900 Ridgecrest Dr, Alexander, AR 72002",13900 Ridgecrest Dr,Alexander,AR,,forRent,3,1088,,1595,2,https://www.zillow.com/homedetails/13900-Ridgecrest-Dr-Alexander-AR-72002/49814165_zpid/,,100000,2026-09-25T00:00:00.000Z,Listed for rent,2026-09-24T00:00:00.000Z,Listing removed,2026-08-31T00:00:00.000Z,Sold,2026-08-25T00:00:00.000Z,Listed for rent,,,,,,,,,,,,,,,,,,,,,,,,,,,,,,,,,,,,,,,,,,,,,,,,,,,,
"103 E Scott St, Carlisle, AR 72024",103 E Scott St,Carlisle,AR,,forRent,3,1556,,1250,15,https://www.zillow.com/homedetails/103-E-Scott-St-Carlisle-AR-72024/258138_zpid/,,75000,2026-09-13T00:00:00.000Z,Price change,2026-08-09T00:00:00.000Z,Listed for rent,2025-05-14T00:00:00.000Z,Sold,2025-03-28T00:00:00.000Z,Sold,2024-12-02T00:00:00.000Z,Listed for sale,2014-01-15T00:00:00.000Z,Sold,2013-07-17T00:00:00.000Z,Sold,2013-06-26T00:00:00.000Z,Price change,2013-05-17T00:00:00.000Z,Price change,2013-02-20T00:00:00.000Z,Price change,2013-01-27T00:00:00.000Z,Listed for sale,,,,,,,,,,,,,,,,,,,,,,,,,,,,,,,,,,,,,,
"26 Stonewood Dr, Cabot, AR 72023",26 Stonewood Dr,Cabot,AR,,forRent,3,1698,,1900,34,https://www.zillow.com/homedetails/26-Stonewood-Dr-Cabot-AR-72023/55151081_zpid/,,157000,2026-08-24T00:00:00.000Z,Listed for rent,2026-04-27T00:00:00.000Z,Sold,2025-11-06T00:00:00.000Z,Listing removed,2025-10-20T00:00:00.000Z,Price change,2025-09-18T00:00:00.000Z,Listed for sale,2018-02-05T00:00:00.000Z,Listing removed,2017-09-28T00:00:00.000Z,Price change,2017-09-12T00:00:00.000Z,Listed for sale,2014-11-09T00:00:00.000Z,Listing removed,2014-08-01T00:00:00.000Z,Listed for sale,2012-03-12T00:00:00.000Z,Listing removed,2012-02-02T00:00:00.000Z,Listed for sale,,,,,,,,,,,,,,,,,,,,,,,,,,,,,,,,,,,,
"2708 Eden Rd, Benton, AR 72015",2708 Eden Rd,Benton,AR,,forRent,3,1514,,1850,2,https://www.zillow.com/homedetails/2708-Eden-Rd-Benton-AR-72015/338992901_zpid/,,,2026-09-25T00:00:00.000Z,Listed for rent,2026-07-22T00:00:00.000Z,Listing removed,2026-07-01T00:00:00.000Z,Listed for rent,,,,,,,,,,,,,,,,,,,,,,,,,,,,,,,,,,,,,,,,,,,,,,,,,,,,,,
"125 Old Red Rd, Ward, AR 72176",125 Old Red Rd,Ward,AR,,forRent,3,1280,,1000,24,https://www.zillow.com/homedetails/125-Old-Red-Rd-Ward-AR-72176/99434787_zpid/,,,2026-09-03T00:00:00.000Z,Listed for rent,2026-06-01T00:00:00.000Z,Listing removed,2026-05-19T00:00:00.000Z,Listed for rent,2026-04-20T00:00:00.000Z,Listing removed,2026-03-26T00:00:00.000Z,Listed for rent,2025-10-29T00:00:00.000Z,Listing removed,2025-10-06T00:00:00.000Z,Price change,2025-01-16T00:00:00.000Z,Listed for rent,2021-03-24T00:00:00.000Z,Listing removed,2018-02-28T00:00:00.000Z,Listing removed,2018-02-26T00:00:00.000Z,Listed for rent,,,,,,,,,,,,,,,,,,,,,,,,,,,,,,,,,,,,,,
"1620 Rambling Brook Dr, Benton, AR 72015",1620 Rambling Brook Dr,Benton,AR,,forRent,3,1355,,1850,17,https://www.zillow.com/homedetails/1620-Rambling-Brook-Dr-Benton-AR-72015/463057732_zpid/,,206900,2026-09-10T00:00:00.000Z,Listed for rent,2026-08-28T00:00:00.000Z,Sold,2026-08-05T00:00:00.000Z,Contingent,2026-07-20T00:00:00.000Z,Price change,2026-07-09T00:00:00.000Z,Price change,2026-06-09T00:00:00.000Z,Listed for sale,,,,,,,,,,,,,,,,,,,,,,,,,,,,,,,,,,,,,,,,,,,,,,,,
"707 Oakwood Dr, Benton, AR 72015",707 Oakwood Dr,Benton,AR,,forRent,5,1770,,1800,3,https://www.zillow.com/homedetails/707-Oakwood-Dr-Benton-AR-72015/383390_zpid/,,45000,2026-09-24T00:00:00.000Z,Listed for rent,2026-04-23T00:00:00.000Z,Sold,2026-04-10T00:00:00.000Z,Contingent,2026-04-08T00:00:00.000Z,Price change,2026-03-09T00:00:00.000Z,Price change,2026-02-12T00:00:00.000Z,Listed for sale,,,,,,,,,,,,,,,,,,,,,,,,,,,,,,,,,,,,,,,,,,,,,,,,
"13808 Cherry Hill Dr, Alexander, AR 72002",13808 Cherry Hill Dr,Alexander,AR,,forRent,3,1247,,1550,11,https://www.zillow.com/homedetails/13808-Cherry-Hill-Dr-Alexander-AR-72002/49814136_zpid/,,91000,2026-09-17T00:00:00.000Z,Listed for rent,2008-05-22T00:00:00.000Z,Sold,2007-01-05T00:00:00.000Z,Sold,,,,,,,,,,,,,,,,,,,,,,,,,,,,,,,,,,,,,,,,,,,,,,,,,,,,,,
"34 Woodhaven Dr, Cabot, AR 72023",34 Woodhaven Dr,Cabot,AR,,forRent,3,1305,,1495,52,https://www.zillow.com/homedetails/34-Woodhaven-Dr-Cabot-AR-72023/338206710_zpid/,,165000,2026-09-26T00:00:00.000Z,Price change,2026-09-19T00:00:00.000Z,Price change,2026-09-12T00:00:00.000Z,Price change,2026-08-07T00:00:00.000Z,Listed for rent,2025-04-03T00:00:00.000Z,Listing removed,2025-03-15T00:00:00.000Z,Price change,2025-02-13T00:00:00.000Z,Price change,2025-02-11T00:00:00.000Z,Listed for rent,2020-11-30T00:00:00.000Z,Sold,2020-10-19T00:00:00.000Z,Sold,,,,,,,,,,,,,,,,,,,,,,,,,,,,,,,,,,,,,,,,
"22 Kirkland St, Ward, AR 72176",22 Kirkland St,Ward,AR,,forRent,3,1185,,1350,26,https://www.zillow.com/homedetails/22-Kirkland-St-Ward-AR-72176/261280_zpid/,,84000,2026-07-15T00:00:00.000Z,Listed for rent,2026-06-16T00:00:00.000Z,Sold,2026-06-14T00:00:00.000Z,Contingent,2026-06-02T00:00:00.000Z,Price change,2026-05-28T00:00:00.000Z,Listed for sale,2014-10-30T00:00:00.000Z,Sold,,,,,,,,,,,,,,,,,,,,,,,,,,,,,,,,,,,,,,,,,,,,,,,,
"308 McCright St, Benton, AR 72015",308 McCright St,Benton,AR,,forRent,3,1850,,1600,6,https://www.zillow.com/homedetails/308-McCright-St-Benton-AR-72015/387313_zpid/,,75000,2026-09-21T00:00:00.000Z,Listed for rent,2025-11-20T00:00:00.000Z,Listing removed,2025-11-07T00:00:00.000Z,Price change,2025-09-16T00:00:00.000Z,Listed for rent,2023-12-21T00:00:00.000Z,Listing removed,2023-12-19T00:00:00.000Z,Listed for rent,2001-02-05T00:00:00.000Z,Sold,,,,,,,,,,,,,,,,,,,,,,,,,,,,,,,,,,,,,,,,,,,,,,
"1709 Durwood St, Benton, AR 72015",1709 Durwood St,Benton,AR,,forRent,3,1281,,1545,5,https://www.zillow.com/homedetails/1709-Durwood-St-Benton-AR-72015/382073_zpid/,,7000,2026-09-22T00:00:00.000Z,Listed for rent,1996-01-02T00:00:00.000Z,Sold,,,,,,,,,,,,,,,,,,,,,,,,,,,,,,,,,,,,,,,,,,,,,,,,,,,,,,,,
"26 Alexis Dr, Cabot, AR 72023",26 Alexis Dr,Cabot,AR,,forRent,3,1288,,1425,25,https://www.zillow.com/homedetails/26-Alexis-Dr-Cabot-AR-72023/255240_zpid/,,152900,2026-08-11T00:00:00.000Z,Price change,2026-07-29T00:00:00.000Z,Price change,2026-07-14T00:00:00.000Z,Listed for rent,2023-05-31T00:00:00.000Z,Listing removed,2023-05-17T00:00:00.000Z,Listed for rent,2023-03-10T00:00:00.000Z,Sold,2023-02-09T00:00:00.000Z,Contingent,2023-02-07T00:00:00.000Z,Listed for sale,2014-11-14T00:00:00.000Z,Sold,,,,,,,,,,,,,,,,,,,,,,,,,,,,,,,,,,,,,,,,,,
"416 Jackman St, Benton, AR 72015",416 Jackman St,Benton,AR,,forRent,3,1200,,1600,8,https://www.zillow.com/homedetails/416-Jackman-St-Benton-AR-72015/389112_zpid/,,140000,2026-09-19T00:00:00.000Z,Listed for rent,2025-10-31T00:00:00.000Z,Sold,2025-10-13T00:00:00.000Z,Contingent,2025-10-04T00:00:00.000Z,Price change,2025-09-26T00:00:00.000Z,Listed for sale,2017-01-05T00:00:00.000Z,Sold,2016-11-16T00:00:00.000Z,Price change,2016-10-08T00:00:00.000Z,Listed for sale,,,,,,,,,,,,,,,,,,,,,,,,,,,,,,,,,,,,,,,,,,,,
"7418 Russwood Ln E, Mabelvale, AR 72103",7418 Russwood Ln E,Mabelvale,AR,,forRent,4,2800,,1600,2,https://www.zillow.com/homedetails/7418-Russwood-Ln-E-Mabelvale-AR-72103/377629_zpid/,,90000,2026-09-25T00:00:00.000Z,Listed for rent,2021-03-24T00:00:00.000Z,Listing removed,2019-01-08T00:00:00.000Z,Listing removed,2019-01-03T00:00:00.000Z,Price change,2018-12-17T00:00:00.000Z,Listed for rent,2007-10-10T00:00:00.000Z,Sold,2007-05-15T00:00:00.000Z,Sold,,,,,,,,,,,,,,,,,,,,,,,,,,,,,,,,,,,,,,,,,,,,,,
"1628 Rambling Brook Dr, Benton, AR 72015",1628 Rambling Brook Dr,Benton,AR,,forRent,3,1216,,1850,17,https://www.zillow.com/homedetails/1628-Rambling-Brook-Dr-Benton-AR-72015/463057763_zpid/,,200900,2026-09-10T00:00:00.000Z,Listed for rent,2026-08-28T00:00:00.000Z,Sold,2026-08-05T00:00:00.000Z,Contingent,2026-07-20T00:00:00.000Z,Price change,2026-07-09T00:00:00.000Z,Price change,2026-06-09T00:00:00.000Z,Listed for sale,,,,,,,,,,,,,,,,,,,,,,,,,,,,,,,,,,,,,,,,,,,,,,,,
"158 Ridgeland Dr, Maumelle, AR 72113",158 Ridgeland Dr,Maumelle,AR,,forRent,3,1835,,1975,19,https://www.zillow.com/homedetails/158-Ridgeland-Dr-Maumelle-AR-72113/325729_zpid/,,188900,2026-09-08T00:00:00.000Z,Listed for rent,2025-04-11T00:00:00.000Z,Listing removed,2024-12-03T00:00:00.000Z,Listed for rent,2023-01-20T00:00:00.000Z,Listing removed,2023-01-06T00:00:00.000Z,Listed for rent,2019-11-19T00:00:00.000Z,Listing removed,2019-09-17T00:00:00.000Z,Listed for rent,2018-03-09T00:00:00.000Z,Sold,2018-01-24T00:00:00.000Z,Listed for sale,2014-07-14T00:00:00.000Z,Sold,2014-05-25T00:00:00.000Z,Price change,2014-05-10T00:00:00.000Z,Price change,2014-04-14T00:00:00.000Z,Price change,2014-03-29T00:00:00.000Z,Listed for sale,2013-06-27T00:00:00.000Z,Sold,2001-02-05T00:00:00.000Z,Sold,2000-07-13T00:00:00.000Z,Sold,,,,,,,,,,,,,,,,,,,,,,,,,,
"2517 Garden Dr, Benton, AR 72015",2517 Garden Dr,Benton,AR,,forRent,3,1685,,1850,2,https://www.zillow.com/homedetails/2517-Garden-Dr-Benton-AR-72015/348624677_zpid/,,,2026-09-25T00:00:00.000Z,Listed for rent,2026-09-01T00:00:00.000Z,Listing removed,2026-08-11T00:00:00.000Z,Listed for rent,2024-05-09T00:00:00.000Z,Listing removed,2024-04-26T00:00:00.000Z,Listed for rent,,,,,,,,,,,,,,,,,,,,,,,,,,,,,,,,,,,,,,,,,,,,,,,,,,
"351 Meadow Creek Dr, Haskell, AR 72015",351 Meadow Creek Dr,Haskell,AR,,forRent,3,1625,,1650,51,https://www.zillow.com/homedetails/351-Meadow-Creek-Dr-Haskell-AR-72015/92428597_zpid/,,139900,2026-08-07T00:00:00.000Z,Listed for rent,2024-09-13T00:00:00.000Z,Listing removed,2024-07-17T00:00:00.000Z,Listed for rent,2022-10-26T00:00:00.000Z,Listing removed,2022-10-15T00:00:00.000Z,Price change,2022-10-04T00:00:00.000Z,Price change,2022-08-28T00:00:00.000Z,Price change,2022-08-25T00:00:00.000Z,Listed for rent,2018-10-05T00:00:00.000Z,Sold,2018-08-13T00:00:00.000Z,Listed for sale,2016-04-28T00:00:00.000Z,Sold,2010-02-10T00:00:00.000Z,Sold,,,,,,,,,,,,,,,,,,,,,,,,,,,,,,,,,,,,
"1105 River Oaks Dr, Benton, AR 72019",1105 River Oaks Dr,Benton,AR,,forRent,4,2350,,2600,54,https://www.zillow.com/homedetails/1105-River-Oaks-Dr-Benton-AR-72019/453260567_zpid/,,,2026-08-04T00:00:00.000Z,Listed for rent,2025-07-28T00:00:00.000Z,Listing removed,2025-07-04T00:00:00.000Z,Price change,2025-06-21T00:00:00.000Z,Price change,2025-06-12T00:00:00.000Z,Listed for rent,,,,,,,,,,,,,,,,,,,,,,,,,,,,,,,,,,,,,,,,,,,,,,,,,,
"3264 Sidell Rd, Benton, AR 72015",3264 Sidell Rd,Benton,AR,,forRent,4,1652,,1795,9,https://www.zillow.com/homedetails/3264-Sidell-Rd-Benton-AR-72015/465427229_zpid/,,,2026-09-18T00:00:00.000Z,Listed for rent,,,,,,,,,,,,,,,,,,,,,,,,,,,,,,,,,,,,,,,,,,,,,,,,,,,,,,,,,,
"22 Edgehill Cv, Maumelle, AR 72113",22 Edgehill Cv,Maumelle,AR,,forRent,3,1520,,1175,3,https://www.zillow.com/homedetails/22-Edgehill-Cv-Maumelle-AR-72113/79790227_zpid/,,357500,2026-09-24T00:00:00.000Z,Listed for rent,2026-09-23T00:00:00.000Z,Listing removed,2026-05-27T00:00:00.000Z,Listed for sale,2013-12-23T00:00:00.000Z,Sold,2013-11-13T00:00:00.000Z,Listed for sale,1998-03-10T00:00:00.000Z,Sold,,,,,,,,,,,,,,,,,,,,,,,,,,,,,,,,,,,,,,,,,,,,,,,,
"153 Harwill, Hensley, AR 72065",153 Harwill,Hensley,AR,,forRent,4,2359,,2500,48,https://www.zillow.com/homedetails/153-Harwill-Hensley-AR-72065/2082362397_zpid/,,,2026-08-10T00:00:00.000Z,Listed for rent,2025-08-04T00:00:00.000Z,Listing removed,2025-07-01T00:00:00.000Z,Listed for rent,2025-06-30T00:00:00.000Z,Listing removed,2025-06-09T00:00:00.000Z,Listed for rent,2019-11-13T00:00:00.000Z,Listing removed,2019-10-15T00:00:00.000Z,Listed for rent,,,,,,,,,,,,,,,,,,,,,,,,,,,,,,,,,,,,,,,,,,,,,,
"110 River Valley Loop, Maumelle, AR 72113",110 River Valley Loop,Maumelle,AR,,forRent,4,2670,,2600,18,https://www.zillow.com/homedetails/110-River-Valley-Loop-Maumelle-AR-72113/79782764_zpid/,,340000,2026-09-10T00:00:00.000Z,Listed for rent,2026-08-14T00:00:00.000Z,Listing removed,2026-06-10T00:00:00.000Z,Listed for sale,2021-06-15T00:00:00.000Z,Sold,2014-12-02T00:00:00.000Z,Sold,2014-11-16T00:00:00.000Z,Listed for sale,2014-09-09T00:00:00.000Z,Listing removed,2014-07-17T00:00:00.000Z,Price change,2014-04-29T00:00:00.000Z,Price change,2014-03-21T00:00:00.000Z,Listed for sale,,,,,,,,,,,,,,,,,,,,,,,,,,,,,,,,,,,,,,,,
"53 Dunnaway Dr, Austin, AR 72007",53 Dunnaway Dr,Austin,AR,,forRent,3,1403,,1375,74,https://www.zillow.com/homedetails/53-Dunnaway-Dr-Austin-AR-72007/2056813469_zpid/,,195000,2026-09-13T00:00:00.000Z,Price change,2026-09-04T00:00:00.000Z,Price change,2026-08-25T00:00:00.000Z,Price change,2026-07-16T00:00:00.000Z,Listed for rent,2025-09-03T00:00:00.000Z,Listing removed,2025-09-02T00:00:00.000Z,Listing removed,2025-07-29T00:00:00.000Z,Listed for rent,2025-06-14T00:00:00.000Z,Listed for sale,2023-10-13T00:00:00.000Z,Sold,2023-09-06T00:00:00.000Z,Contingent,2023-07-15T00:00:00.000Z,Listed for sale,,,,,,,,,,,,,,,,,,,,,,,,,,,,,,,,,,,,,,
"106 Jo Park Ln, Maumelle, AR 72113",106 Jo Park Ln,Maumelle,AR,,forRent,4,1640,,2000,52,https://www.zillow.com/homedetails/106-Jo-Park-Ln-Maumelle-AR-72113/2056841941_zpid/,,,2026-08-06T00:00:00.000Z,Listed for rent,2023-10-04T00:00:00.000Z,Listing removed,2023-10-03T00:00:00.000Z,Listed for rent,2023-10-03T00:00:00.000Z,Listing removed,2023-06-29T00:00:00.000Z,Listed for rent,,,,,,,,,,,,,,,,,,,,,,,,,,,,,,,,,,,,,,,,,,,,,,,,,,
"10413 Cypress Knee Dr, Maumelle, AR 72113",10413 Cypress Knee Dr,Maumelle,AR,,forRent,3,1480,,1800,88,https://www.zillow.com/homedetails/10413-Cypress-Knee-Dr-Maumelle-AR-72113/2060938533_zpid/,,,2026-07-01T00:00:00.000Z,Listed for rent,2025-04-22T00:00:00.000Z,Listing removed,2025-04-04T00:00:00.000Z,Listed for rent,2022-11-13T00:00:00.000Z,Listing removed,2022-10-25T00:00:00.000Z,Listed for rent,,,,,,,,,,,,,,,,,,,,,,,,,,,,,,,,,,,,,,,,,,,,,,,,,,
"117 Logan Dr, Maumelle, AR 72113",117 Logan Dr,Maumelle,AR,,forRent,3,1472,,1835,82,https://www.zillow.com/homedetails/117-Logan-Dr-Maumelle-AR-72113/2057186355_zpid/,,,2026-07-07T00:00:00.000Z,Listed for rent,2023-07-30T00:00:00.000Z,Listing removed,2023-07-29T00:00:00.000Z,Listed for rent,2023-07-29T00:00:00.000Z,Listing removed,2023-06-10T00:00:00.000Z,Listed for rent,,,,,,,,,,,,,,,,,,,,,,,,,,,,,,,,,,,,,,,,,,,,,,,,,,
"2925 Gillis Dr, Benton, AR 72015",2925 Gillis Dr,Benton,AR,,forRent,4,2021,,2350,20,https://www.zillow.com/homedetails/2925-Gillis-Dr-Benton-AR-72015/2068772088_zpid/,,,2026-09-07T00:00:00.000Z,Listed for rent,2025-02-28T00:00:00.000Z,Listing removed,2025-02-07T00:00:00.000Z,Listed for rent,2021-10-21T00:00:00.000Z,Listing removed,2021-08-19T00:00:00.000Z,Listed for sale,,,,,,,,,,,,,,,,,,,,,,,,,,,,,,,,,,,,,,,,,,,,,,,,,,
"7 Southland Dr, Maumelle, AR 72113",7 Southland Dr,Maumelle,AR,,forRent,2,925,,850,89,https://www.zillow.com/homedetails/7-Southland-Dr-Maumelle-AR-72113/2109744736_zpid/,,,2026-06-30T00:00:00.000Z,Listed for rent,2018-07-15T00:00:00.000Z,Listing removed,2018-06-28T00:00:00.000Z,Listed for rent,2016-06-28T00:00:00.000Z,Listing removed,2014-12-12T00:00:00.000Z,Listing removed,2014-07-29T00:00:00.000Z,Listed for rent,2013-12-30T00:00:00.000Z,Listing removed,2013-11-27T00:00:00.000Z,Listed for rent,,,,,,,,,,,,,,,,,,,,,,,,,,,,,,,,,,,,,,,,,,,,
"205 Logan Dr, Maumelle, AR 72113",205 Logan Dr,Maumelle,AR,,forRent,3,1472,,1835,72,https://www.zillow.com/homedetails/205-Logan-Dr-Maumelle-AR-72113/2057186361_zpid/,,,2026-08-05T00:00:00.000Z,Price change,2026-07-17T00:00:00.000Z,Listed for rent,2025-09-04T00:00:00.000Z,Listing removed,2025-09-03T00:00:00.000Z,Listed for rent,2025-09-03T00:00:00.000Z,Listing removed,2025-08-29T00:00:00.000Z,Price change,2025-07-15T00:00:00.000Z,Listed for rent,2023-09-10T00:00:00.000Z,Listing removed,2023-09-09T00:00:00.000Z,Listed for rent,2023-09-08T00:00:00.000Z,Listing removed,2023-06-10T00:00:00.000Z,Listed for rent,,,,,,,,,,,,,,,,,,,,,,,,,,,,,,,,,,,,,,
"21 Pin Oak Loop, Maumelle, AR 72113",21 Pin Oak Loop,Maumelle,AR,,forRent,3,1270,,1500,11,https://www.zillow.com/homedetails/21-Pin-Oak-Loop-Maumelle-AR-72113/326790_zpid/,,177000,2026-09-16T00:00:00.000Z,Listed for rent,2025-06-29T00:00:00.000Z,Listing removed,2025-06-19T00:00:00.000Z,Listed for rent,2025-04-11T00:00:00.000Z,Sold,2025-04-11T00:00:00.000Z,Contingent,2025-02-24T00:00:00.000Z,Price change,2025-01-22T00:00:00.000Z,Price change,2025-01-03T00:00:00.000Z,Listed for sale,2023-03-17T00:00:00.000Z,Sold,2023-02-13T00:00:00.000Z,Contingent,2023-02-10T00:00:00.000Z,Listed for sale,2012-07-26T00:00:00.000Z,Sold,2012-03-29T00:00:00.000Z,Listing removed,2011-10-07T00:00:00.000Z,Price change,2011-04-16T00:00:00.000Z,Listed for sale,2009-03-04T00:00:00.000Z,Sold,1998-11-03T00:00:00.000Z,Sold,,,,,,,,,,,,,,,,,,,,,,,,,,
"9 Oak Forest Dr, Maumelle, AR 72113",9 Oak Forest Dr,Maumelle,AR,,forRent,3,1176,,1675,12,https://www.zillow.com/homedetails/9-Oak-Forest-Dr-Maumelle-AR-72113/326498_zpid/,,785000,2026-09-15T00:00:00.000Z,Listed for rent,2026-01-10T00:00:00.000Z,Listing removed,2025-12-01T00:00:00.000Z,Listed for rent,2015-05-29T00:00:00.000Z,Sold,2008-09-12T00:00:00.000Z,Sold,,,,,,,,,,,,,,,,,,,,,,,,,,,,,,,,,,,,,,,,,,,,,,,,,,
"61 Pin Oak Loop, Maumelle, AR 72113",61 Pin Oak Loop,Maumelle,AR,,forRent,3,1173,,1495,86,https://www.zillow.com/homedetails/61-Pin-Oak-Loop-Maumelle-AR-72113/326810_zpid/,,175000,2026-08-14T00:00:00.000Z,Price change,2026-08-12T00:00:00.000Z,Price change,2026-07-03T00:00:00.000Z,Listed for rent,2024-04-25T00:00:00.000Z,Listing removed,2024-04-09T00:00:00.000Z,Listed for rent,2023-02-09T00:00:00.000Z,Listing removed,2022-12-28T00:00:00.000Z,Price change,2022-10-26T00:00:00.000Z,Listed for rent,2022-09-30T00:00:00.000Z,Sold,2022-08-28T00:00:00.000Z,Contingent,2022-08-26T00:00:00.000Z,Listed for sale,2018-04-24T00:00:00.000Z,Sold,2018-03-07T00:00:00.000Z,Price change,2018-02-07T00:00:00.000Z,Listed for sale,2017-06-08T00:00:00.000Z,Listing removed,2017-05-10T00:00:00.000Z,Listed for sale,2014-05-05T00:00:00.000Z,Sold,2011-07-04T00:00:00.000Z,Listing removed,2011-06-09T00:00:00.000Z,Listed for sale,2006-08-02T00:00:00.000Z,Sold,2003-05-01T00:00:00.000Z,Sold,2000-09-22T00:00:00.000Z,Sold,,,,,,,,,,,,,,,,
"24 Oak Ridge Dr, Maumelle, AR 72113",24 Oak Ridge Dr,Maumelle,AR,,forRent,3,1176,,1650,6,https://www.zillow.com/homedetails/24-Oak-Ridge-Dr-Maumelle-AR-72113/326760_zpid/,,97231,2026-09-22T00:00:00.000Z,Listed for rent,2022-08-31T00:00:00.000Z,Listing removed,2022-08-23T00:00:00.000Z,Listed for sale,2020-03-22T00:00:00.000Z,Listing removed,2020-01-27T00:00:00.000Z,Price change,2020-01-01T00:00:00.000Z,Price change,2019-11-25T00:00:00.000Z,Listed for rent,2017-07-21T00:00:00.000Z,Listing removed,2017-06-26T00:00:00.000Z,Listed for rent,2014-06-10T00:00:00.000Z,Listing removed,2014-04-17T00:00:00.000Z,Listed for sale,2014-04-14T00:00:00.000Z,Sold,2013-05-02T00:00:00.000Z,Sold,2007-02-06T00:00:00.000Z,Sold,2003-12-31T00:00:00.000Z,Sold,,,,,,,,,,,,,,,,,,,,,,,,,,,,,,
"2 Corbet Ln, Maumelle, AR 72113",2 Corbet Ln,Maumelle,AR,,forRent,3,1523,,2300,37,https://www.zillow.com/homedetails/2-Corbet-Ln-Maumelle-AR-72113/122005820_zpid/,,,2026-08-21T00:00:00.000Z,Listed for rent,2025-04-21T00:00:00.000Z,Listing removed,2025-03-25T00:00:00.000Z,Price change,2025-03-04T00:00:00.000Z,Listed for rent,2025-01-27T00:00:00.000Z,Listing removed,2025-01-14T00:00:00.000Z,Price change,2025-01-13T00:00:00.000Z,Listed for rent,2022-11-11T00:00:00.000Z,Listing removed,2022-10-11T00:00:00.000Z,Listed for rent,2017-10-06T00:00:00.000Z,Listing removed,2017-08-30T00:00:00.000Z,Price change,2017-08-08T00:00:00.000Z,Price change,2017-06-26T00:00:00.000Z,Listed for rent,,,,,,,,,,,,,,,,,,,,,,,,,,,,,,,,,,
"20 Edgehill Cv, Maumelle, AR 72113",20 Edgehill Cv,Maumelle,AR,,forRent,3,1520,,1095,4,https://www.zillow.com/homedetails/20-Edgehill-Cv-Maumelle-AR-72113/79781400_zpid/,,357500,2026-09-23T00:00:00.000Z,Listed for rent,2026-07-24T00:00:00.000Z,Listing removed,2026-07-15T00:00:00.000Z,Listed for rent,2025-11-11T00:00:00.000Z,Listing removed,2025-08-29T00:00:00.000Z,Price change,2025-08-15T00:00:00.000Z,Price change,2025-08-01T00:00:00.000Z,Listed for rent,2025-07-30T00:00:00.000Z,Listing removed,2025-04-28T00:00:00.000Z,Price change,2025-03-28T00:00:00.000Z,Price change,2025-03-01T00:00:00.000Z,Listed for sale,2023-12-15T00:00:00.000Z,Listing removed,2023-11-11T00:00:00.000Z,Price change,2023-10-11T00:00:00.000Z,Price change,2023-10-04T00:00:00.000Z,Listed for rent,2020-04-18T00:00:00.000Z,Listing removed,2020-01-27T00:00:00.000Z,Listed for rent,2016-10-16T00:00:00.000Z,Listing removed,2014-04-08T00:00:00.000Z,Listing removed,2014-01-31T00:00:00.000Z,Listed for rent,2013-12-23T00:00:00.000Z,Sold,2013-11-13T00:00:00.000Z,Listed for sale,1998-03-10T00:00:00.000Z,Sold,,,,,,,,,,,,,,
"300 Jefferson St, Benton, AR 72015",300 Jefferson St,Benton,AR,,forRent,3,1300,,1300,8,https://www.zillow.com/homedetails/300-Jefferson-St-Benton-AR-72015/114167718_zpid/,,,2026-09-25T00:00:00.000Z,Price change,2026-09-19T00:00:00.000Z,Listed for rent,,,,,,,,,,,,,,,,,,,,,,,,,,,,,,,,,,,,,,,,,,,,,,,,,,,,,,,,
"127 Chambery Dr, Maumelle, AR 72113",127 Chambery Dr,Maumelle,AR,,forRent,4,1651,,2500,24,https://www.zillow.com/homedetails/127-Chambery-Dr-Maumelle-AR-72113/122006196_zpid/,,,2026-09-03T00:00:00.000Z,Price change,2026-07-24T00:00:00.000Z,Listed for rent,2019-06-07T00:00:00.000Z,Listing removed,2019-03-21T00:00:00.000Z,Price change,2019-02-14T00:00:00.000Z,Listed for rent,2017-11-15T00:00:00.000Z,Listing removed,2017-08-30T00:00:00.000Z,Price change,2017-08-08T00:00:00.000Z,Price change,2017-04-27T00:00:00.000Z,Listed for rent,,,,,,,,,,,,,,,,,,,,,,,,,,,,,,,,,,,,,,,,,,
"11 Page Cv, Maumelle, AR 72113",11 Page Cv,Maumelle,AR,,forRent,3,1294,,1695,25,https://www.zillow.com/homedetails/11-Page-Cv-Maumelle-AR-72113/326629_zpid/,,222125,2026-09-02T00:00:00.000Z,Listed for rent,2019-05-21T00:00:00.000Z,Listing removed,2019-02-11T00:00:00.000Z,Listed for rent,2017-11-18T00:00:00.000Z,Listing removed,2017-10-06T00:00:00.000Z,Price change,2017-09-16T00:00:00.000Z,Price change,2017-08-12T00:00:00.000Z,Listed for rent,2017-04-01T00:00:00.000Z,Listing removed,2017-02-23T00:00:00.000Z,Listed for rent,2016-01-29T00:00:00.000Z,Listing removed,2016-01-13T00:00:00.000Z,Listed for rent,2014-01-01T00:00:00.000Z,Sold,1983-10-01T00:00:00.000Z,Sold,,,,,,,,,,,,,,,,,,,,,,,,,,,,,,,,,,
"1510 Bennett, Benton, AR 72015",1510 Bennett,Benton,AR,,forRent,3,1312,,1450,5,https://www.zillow.com/homedetails/1510-Bennett-Benton-AR-72015/52934431_zpid/,,,2026-09-22T00:00:00.000Z,Listed for rent,,,,,,,,,,,,,,,,,,,,,,,,,,,,,,,,,,,,,,,,,,,,,,,,,,,,,,,,,,
"57 Stoneledge Dr, Maumelle, AR 72113",57 Stoneledge Dr,Maumelle,AR,,forRent,4,1961,,1895,38,https://www.zillow.com/homedetails/57-Stoneledge-Dr-Maumelle-AR-72113/326028_zpid/,,145000,2026-09-26T00:00:00.000Z,Price change,2026-08-21T00:00:00.000Z,Listed for rent,2024-06-09T00:00:00.000Z,Listing removed,2024-05-08T00:00:00.000Z,Listed for rent,2024-04-23T00:00:00.000Z,Sold,2024-04-06T00:00:00.000Z,Listed for sale,2013-09-20T00:00:00.000Z,Sold,,,,,,,,,,,,,,,,,,,,,,,,,,,,,,,,,,,,,,,,,,,,,,
"6316 Warwick Dr, Alexander, AR 72002",6316 Warwick Dr,Alexander,AR,,forRent,4,1884,,2300,58,https://www.zillow.com/homedetails/6316-Warwick-Dr-Alexander-AR-72002/461049113_zpid/,,277000,2026-09-18T00:00:00.000Z,Price change,2026-07-31T00:00:00.000Z,Listed for rent,2026-06-29T00:00:00.000Z,Sold,2026-05-29T00:00:00.000Z,Contingent,2026-05-29T00:00:00.000Z,Price change,2026-03-14T00:00:00.000Z,Listed for sale,,,,,,,,,,,,,,,,,,,,,,,,,,,,,,,,,,,,,,,,,,,,,,,,
"4409 Olympic Dr, Benton, AR 72019",4409 Olympic Dr,Benton,AR,,forRent,4,1566,,1600,6,https://www.zillow.com/homedetails/4409-Olympic-Dr-Benton-AR-72019/446361230_zpid/,,182600,2026-09-21T00:00:00.000Z,Listed for rent,2024-07-09T00:00:00.000Z,Listing removed,2024-06-13T00:00:00.000Z,Listed for rent,2021-04-21T00:00:00.000Z,Sold,,,,,,,,,,,,,,,,,,,,,,,,,,,,,,,,,,,,,,,,,,,,,,,,,,,,
"2714 Gage Dr, Benton, AR 72019",2714 Gage Dr,Benton,AR,,forRent,3,1303,,1500,27,https://www.zillow.com/homedetails/2714-Gage-Dr-Benton-AR-72019/92431557_zpid/,,122580,2026-08-31T00:00:00.000Z,Listed for rent,2022-03-04T00:00:00.000Z,Sold,2018-05-12T00:00:00.000Z,Listing removed,2018-04-07T00:00:00.000Z,Listed for rent,2018-02-11T00:00:00.000Z,Listing removed,2018-01-21T00:00:00.000Z,Price change,2017-11-09T00:00:00.000Z,Listed for rent,2017-04-11T00:00:00.000Z,Listing removed,2017-03-19T00:00:00.000Z,Listed for rent,2016-08-25T00:00:00.000Z,Listing removed,2015-11-21T00:00:00.000Z,Listing removed,2015-11-13T00:00:00.000Z,Listed for rent,2007-05-24T00:00:00.000Z,Sold,,,,,,,,,,,,,,,,,,,,,,,,,,,,,,,,,,
"2906 Pamela, Benton, AR 72015",2906 Pamela,Benton,AR,,forRent,3,1372,,1450,34,https://www.zillow.com/homedetails/2906-Pamela-Benton-AR-72015/385308_zpid/,,,2026-09-26T00:00:00.000Z,Price change,2026-08-25T00:00:00.000Z,Listed for rent,2025-08-04T00:00:00.000Z,Listing removed,2025-07-29T00:00:00.000Z,Price change,2025-07-08T00:00:00.000Z,Price change,2025-03-05T00:00:00.000Z,Listed for rent,2025-02-27T00:00:00.000Z,Listing removed,2025-02-24T00:00:00.000Z,Price change,2025-02-14T00:00:00.000Z,Listed for sale,,,,,,,,,,,,,,,,,,,,,,,,,,,,,,,,,,,,,,,,,,
"605 Valley Vista Dr, Benton, AR 72019",605 Valley Vista Dr,Benton,AR,,forRent,4,1942,,1875,82,https://www.zillow.com/homedetails/605-Valley-Vista-Dr-Benton-AR-72019/387089_zpid/,,,2026-07-07T00:00:00.000Z,Listed for rent,,,,,,,,,,,,,,,,,,,,,,,,,,,,,,,,,,,,,,,,,,,,,,,,,,,,,,,,,,
"5 Stoneledge Dr, Maumelle, AR 72113",5 Stoneledge Dr,Maumelle,AR,,forRent,3,1755,,1750,44,https://www.zillow.com/homedetails/5-Stoneledge-Dr-Maumelle-AR-72113/326005_zpid/,,240000,2026-09-26T00:00:00.000Z,Price change,2026-09-19T00:00:00.000Z,Price change,2026-08-14T00:00:00.000Z,Listed for rent,2025-04-10T00:00:00.000Z,Listing removed,2025-03-28T00:00:00.000Z,Listed for rent,2025-02-06T00:00:00.000Z,Sold,2024-11-23T00:00:00.000Z,Listing removed,2024-07-30T00:00:00.000Z,Listed for rent,2015-02-24T00:00:00.000Z,Sold,,,,,,,,,,,,,,,,,,,,,,,,,,,,,,,,,,,,,,,,,,
"3605 16th St NE, Hickory, NC 28601",3605 16th St NE,Hickory,NC,,forRent,3,1395,,1850,27,https://www.zillow.com/homedetails/3605-16th-St-NE-Hickory-NC-28601/71966217_zpid/,,150000,2026-08-31T00:00:00.000Z,Listed for rent,2026-06-19T00:00:00.000Z,Listing removed,2026-05-22T00:00:00.000Z,Listed for rent,2025-11-10T00:00:00.000Z,Sold,2025-09-09T00:00:00.000Z,Price change,2025-09-02T00:00:00.000Z,Price change,2025-08-26T00:00:00.000Z,Listed for sale,,,,,,,,,,,,,,,,,,,,,,,,,,,,,,,,,,,,,,,,,,,,,,
"736 12th Ave NW, Hickory, NC 28601",736 12th Ave NW,Hickory,NC,,forRent,3,1852,,1900,27,https://www.zillow.com/homedetails/736-12th-Ave-NW-Hickory-NC-28601/71948672_zpid/,,,2026-08-31T00:00:00.000Z,Listed for rent,,,,,,,,,,,,,,,,,,,,,,,,,,,,,,,,,,,,,,,,,,,,,,,,,,,,,,,,,,
"81 Oak Forest Loop, Maumelle, AR 72113",81 Oak Forest Loop,Maumelle,AR,,forRent,3,1300,,1700,69,https://www.zillow.com/homedetails/81-Oak-Forest-Loop-Maumelle-AR-72113/326542_zpid/,,145000,2026-07-20T00:00:00.000Z,Listed for rent,2021-01-15T00:00:00.000Z,Sold,2012-10-11T00:00:00.000Z,Sold,1997-04-16T00:00:00.000Z,Sold,,,,,,,,,,,,,,,,,,,,,,,,,,,,,,,,,,,,,,,,,,,,,,,,,,,,
"1117 13th Ave NW, Hickory, NC 28601",1117 13th Ave NW,Hickory,NC,,forRent,3,1600,,1800,11,https://www.zillow.com/homedetails/1117-13th-Ave-NW-Hickory-NC-28601/71915627_zpid/,,252000,2026-09-16T00:00:00.000Z,Listed for rent,2025-09-19T00:00:00.000Z,Listing removed,2025-09-02T00:00:00.000Z,Price change,2025-07-23T00:00:00.000Z,Price change,2025-07-15T00:00:00.000Z,Listed for rent,2025-05-20T00:00:00.000Z,Listing removed,2025-04-17T00:00:00.000Z,Listed for rent,2023-12-06T00:00:00.000Z,Listing removed,2023-11-08T00:00:00.000Z,Listed for rent,2023-01-29T00:00:00.000Z,Listing removed,2022-12-27T00:00:00.000Z,Listed for rent,2022-02-18T00:00:00.000Z,Sold,2022-01-09T00:00:00.000Z,Contingent,2022-01-07T00:00:00.000Z,Listed for sale,2021-02-16T00:00:00.000Z,Sold,2018-10-05T00:00:00.000Z,Sold,2018-08-25T00:00:00.000Z,Pending sale,2018-06-22T00:00:00.000Z,Listed for sale,2018-05-22T00:00:00.000Z,Pending sale,2018-05-03T00:00:00.000Z,Listed for sale,,,,,,,,,,,,,,,,,,,,
"1181 Courtney Dr, Hickory, NC 28602",1181 Courtney Dr,Hickory,NC,,forRent,4,993,,1950,24,https://www.zillow.com/homedetails/1181-Courtney-Dr-Hickory-NC-28602/71914325_zpid/,,115000,2026-09-03T00:00:00.000Z,Listed for rent,2025-03-27T00:00:00.000Z,Listing removed,2025-02-28T00:00:00.000Z,Listed for rent,2024-09-18T00:00:00.000Z,Sold,2005-05-02T00:00:00.000Z,Sold,,,,,,,,,,,,,,,,,,,,,,,,,,,,,,,,,,,,,,,,,,,,,,,,,,
"4903 Natalie Dr, Bryant, AR 72022",4903 Natalie Dr,Bryant,AR,,forRent,4,1990,,1860,34,https://www.zillow.com/homedetails/4903-Natalie-Dr-Bryant-AR-72022/82281136_zpid/,,38000,2026-08-24T00:00:00.000Z,Listed for rent,2007-08-22T00:00:00.000Z,Sold,,,,,,,,,,,,,,,,,,,,,,,,,,,,,,,,,,,,,,,,,,,,,,,,,,,,,,,,
"2765 Archer Ln, Conway, AR 72034",2765 Archer Ln,Conway,AR,,forRent,3,1560,,1700,44,https://www.zillow.com/homedetails/2765-Archer-Ln-Conway-AR-72034/241241_zpid/,,154500,2026-08-14T00:00:00.000Z,Listed for rent,2025-09-17T00:00:00.000Z,Listing removed,2025-08-12T00:00:00.000Z,Listed for rent,2024-05-31T00:00:00.000Z,Listing removed,2024-05-16T00:00:00.000Z,Listed for rent,2023-06-05T00:00:00.000Z,Listing removed,2023-06-02T00:00:00.000Z,Listed for rent,2019-12-17T00:00:00.000Z,Sold,2019-11-19T00:00:00.000Z,Price change,2019-09-30T00:00:00.000Z,Listed for sale,2014-10-14T00:00:00.000Z,Sold,,,,,,,,,,,,,,,,,,,,,,,,,,,,,,,,,,,,,,
"2781 19th Ave NE, Hickory, NC 28601",2781 19th Ave NE,Hickory,NC,,forRent,3,2500,,2200,41,https://www.zillow.com/homedetails/2781-19th-Ave-NE-Hickory-NC-28601/71935770_zpid/,,,2026-08-17T00:00:00.000Z,Listed for rent,2025-10-14T00:00:00.000Z,Listing removed,2025-09-27T00:00:00.000Z,Price change,2025-09-15T00:00:00.000Z,Listed for rent,2025-07-13T00:00:00.000Z,Listing removed,2025-07-10T00:00:00.000Z,Listed for rent,2025-06-29T00:00:00.000Z,Listing removed,2025-05-31T00:00:00.000Z,Price change,2025-05-27T00:00:00.000Z,Price change,2025-05-10T00:00:00.000Z,Price change,2025-04-26T00:00:00.000Z,Listed for rent,,,,,,,,,,,,,,,,,,,,,,,,,,,,,,,,,,,,,,
"1296 37th Avenue Ln NE, Hickory, NC 28601",1296 37th Avenue Ln NE,Hickory,NC,,forRent,5,2368,,2500,4,https://www.zillow.com/homedetails/1296-37th-Avenue-Ln-NE-Hickory-NC-28601/440360611_zpid/,,323000,2026-09-23T00:00:00.000Z,Listed for rent,2026-04-29T00:00:00.000Z,Listing removed,2026-04-08T00:00:00.000Z,Listed for rent,2025-03-17T00:00:00.000Z,Listing removed,2025-02-26T00:00:00.000Z,Sold,2025-02-19T00:00:00.000Z,Listed for rent,2024-12-21T00:00:00.000Z,Price change,2024-12-16T00:00:00.000Z,Price change,2024-12-09T00:00:00.000Z,Price change,2024-11-22T00:00:00.000Z,Price change,2024-11-18T00:00:00.000Z,Price change,2024-10-29T00:00:00.000Z,Price change,2024-10-21T00:00:00.000Z,Price change,2024-10-08T00:00:00.000Z,Price change,2024-09-14T00:00:00.000Z,Listed for sale,,,,,,,,,,,,,,,,,,,,,,,,,,,,,,
"2933 Gillis Dr, Benton, AR 72015",2933 Gillis Dr,Benton,AR,,forRent,5,2500,,2500,20,https://www.zillow.com/homedetails/2933-Gillis-Dr-Benton-AR-72015/443098023_zpid/,,,2026-09-07T00:00:00.000Z,Listed for rent,2025-02-28T00:00:00.000Z,Listing removed,2025-02-18T00:00:00.000Z,Listed for rent,,,,,,,,,,,,,,,,,,,,,,,,,,,,,,,,,,,,,,,,,,,,,,,,,,,,,,
"911 James Madison Dr, Benton, AR 72019",911 James Madison Dr,Benton,AR,,forRent,3,2014,,1700,11,https://www.zillow.com/homedetails/911-James-Madison-Dr-Benton-AR-72019/82278084_zpid/,,175000,2026-09-16T00:00:00.000Z,Listed for rent,2024-07-26T00:00:00.000Z,Sold,2021-07-01T00:00:00.000Z,Sold,2014-03-12T00:00:00.000Z,Sold,,,,,,,,,,,,,,,,,,,,,,,,,,,,,,,,,,,,,,,,,,,,,,,,,,,,
"127 Rolling Oaks Dr, Maumelle, AR 72113",127 Rolling Oaks Dr,Maumelle,AR,,forRent,3,1240,,1475,27,https://www.zillow.com/homedetails/127-Rolling-Oaks-Dr-Maumelle-AR-72113/326438_zpid/,,79500,2026-08-31T00:00:00.000Z,Listed for rent,2024-06-10T00:00:00.000Z,Listing removed,2024-06-07T00:00:00.000Z,Listed for rent,2024-06-06T00:00:00.000Z,Listing removed,2024-06-05T00:00:00.000Z,Listed for rent,2019-10-17T00:00:00.000Z,Listing removed,2019-10-01T00:00:00.000Z,Listed for rent,2015-09-28T00:00:00.000Z,Listing removed,2015-07-30T00:00:00.000Z,Listed for rent,2014-05-01T00:00:00.000Z,Sold,2009-07-14T00:00:00.000Z,Sold,2009-03-20T00:00:00.000Z,Sold,2000-08-25T00:00:00.000Z,Sold,1999-01-05T00:00:00.000Z,Sold,,,,,,,,,,,,,,,,,,,,,,,,,,,,,,,,
"3369 Garden Club Dr, Benton, AR 72022",3369 Garden Club Dr,Benton,AR,,forRent,3,1305,,1700,14,https://www.zillow.com/homedetails/3369-Garden-Club-Dr-Benton-AR-72022/118174164_zpid/,,172500,2026-09-14T00:00:00.000Z,Listed for rent,2025-06-21T00:00:00.000Z,Listing removed,2025-05-20T00:00:00.000Z,Listed for rent,2025-02-04T00:00:00.000Z,Listing removed,2025-01-07T00:00:00.000Z,Listed for rent,2024-09-03T00:00:00.000Z,Listing removed,2024-08-27T00:00:00.000Z,Listed for rent,2022-08-31T00:00:00.000Z,Sold,2021-05-21T00:00:00.000Z,Sold,2018-06-22T00:00:00.000Z,Sold,,,,,,,,,,,,,,,,,,,,,,,,,,,,,,,,,,,,,,,,
"3927 Newhall Dr NW, Hickory, NC 28601",3927 Newhall Dr NW,Hickory,NC,,forRent,3,1082,,1450,24,https://www.zillow.com/homedetails/3927-Newhall-Dr-NW-Hickory-NC-28601/98193008_zpid/,,205000,2026-09-03T00:00:00.000Z,Listed for rent,2024-07-24T00:00:00.000Z,Listing removed,2024-07-18T00:00:00.000Z,Price change,2024-07-08T00:00:00.000Z,Price change,2024-05-07T00:00:00.000Z,Listed for rent,2022-03-30T00:00:00.000Z,Sold,2022-03-01T00:00:00.000Z,Contingent,2022-01-26T00:00:00.000Z,Price change,2022-01-25T00:00:00.000Z,Listed for sale,2022-01-18T00:00:00.000Z,Listing removed,2022-01-06T00:00:00.000Z,Listed for sale,2022-01-06T00:00:00.000Z,Listing removed,2021-12-01T00:00:00.000Z,Listed for sale,2017-12-12T00:00:00.000Z,Listing removed,2017-11-15T00:00:00.000Z,Listed for sale,2017-08-09T00:00:00.000Z,Listing removed,2017-08-04T00:00:00.000Z,Listed for sale,,,,,,,,,,,,,,,,,,,,,,,,,,
"5683 Valley Field Rd, Hickory, NC 28602",5683 Valley Field Rd,Hickory,NC,,forRent,3,1860,,2100,2,https://www.zillow.com/homedetails/5683-Valley-Field-Rd-Hickory-NC-28602/71553907_zpid/,,105000,2026-09-26T00:00:00.000Z,Listed for rent,2025-07-15T00:00:00.000Z,Listing removed,2025-06-13T00:00:00.000Z,Listed for rent,2023-07-18T00:00:00.000Z,Listing removed,2023-07-09T00:00:00.000Z,Price change,2023-06-16T00:00:00.000Z,Listed for rent,2022-09-17T00:00:00.000Z,Listing removed,2022-08-31T00:00:00.000Z,Listed for rent,2021-09-17T00:00:00.000Z,Listing removed,2021-09-08T00:00:00.000Z,Listed for rent,2021-03-19T00:00:00.000Z,Sold,2020-11-20T00:00:00.000Z,Listed for sale,2018-11-09T00:00:00.000Z,Listing removed,2018-09-26T00:00:00.000Z,Price change,2018-08-24T00:00:00.000Z,Listed for sale,,,,,,,,,,,,,,,,,,,,,,,,,,,,,,
"1928 36th Ave NE, Hickory, NC 28601",1928 36th Ave NE,Hickory,NC,,forRent,3,,,2000,54,https://www.zillow.com/homedetails/1928-36th-Ave-NE-Hickory-NC-28601/71548772_zpid/,,206146,2026-09-04T00:00:00.000Z,Price change,2026-08-04T00:00:00.000Z,Listed for rent,2023-06-02T00:00:00.000Z,Sold,2023-05-10T00:00:00.000Z,Pending sale,,,,,,,,,,,,,,,,,,,,,,,,,,,,,,,,,,,,,,,,,,,,,,,,,,,,
"211 Rodney Guthrie Dr, Cabot, AR 72023",211 Rodney Guthrie Dr,Cabot,AR,,forRent,3,1268,,1345,52,https://www.zillow.com/homedetails/211-Rodney-Guthrie-Dr-Cabot-AR-72023/256835_zpid/,,155000,2026-08-06T00:00:00.000Z,Listed for rent,2025-09-22T00:00:00.000Z,Listing removed,2025-08-26T00:00:00.000Z,Price change,2025-07-29T00:00:00.000Z,Listed for rent,2023-07-27T00:00:00.000Z,Listing removed,2023-07-06T00:00:00.000Z,Listed for rent,2022-03-10T00:00:00.000Z,Sold,2022-01-31T00:00:00.000Z,Listed for sale,2019-09-20T00:00:00.000Z,Sold,2019-09-11T00:00:00.000Z,Listed for sale,2019-08-26T00:00:00.000Z,Pending sale,2019-08-13T00:00:00.000Z,Price change,2019-05-31T00:00:00.000Z,Price change,2019-03-17T00:00:00.000Z,Listed for sale,2017-02-23T00:00:00.000Z,Listing removed,2017-01-02T00:00:00.000Z,Price change,2016-07-05T00:00:00.000Z,Listed for sale,2016-06-27T00:00:00.000Z,Sold,2015-11-21T00:00:00.000Z,Listed for sale,2014-09-16T00:00:00.000Z,Sold,,,,,,,,,,,,,,,,,,,,
"104 10th Ave SE, Hickory, NC 28602",104 10th Ave SE,Hickory,NC,,forRent,3,1333,,1595,110,https://www.zillow.com/homedetails/104-10th-Ave-SE-Hickory-NC-28602/71959215_zpid/,,420000,2026-06-09T00:00:00.000Z,Listed for rent,2025-12-17T00:00:00.000Z,Sold,2025-10-09T00:00:00.000Z,Listed for sale,2024-12-30T00:00:00.000Z,Sold,2024-11-05T00:00:00.000Z,Listed for sale,2015-02-28T00:00:00.000Z,Listing removed,2015-02-20T00:00:00.000Z,Price change,2015-02-04T00:00:00.000Z,Listed for sale,,,,,,,,,,,,,,,,,,,,,,,,,,,,,,,,,,,,,,,,,,,,
"149 20th Ave NW, Hickory, NC 28601",149 20th Ave NW,Hickory,NC,,forRent,4,3010,,2400,16,https://www.zillow.com/homedetails/149-20th-Ave-NW-Hickory-NC-28601/71962215_zpid/,,,2026-09-11T00:00:00.000Z,Listed for rent,2026-02-26T00:00:00.000Z,Listing removed,2026-01-15T00:00:00.000Z,Listed for rent,,,,,,,,,,,,,,,,,,,,,,,,,,,,,,,,,,,,,,,,,,,,,,,,,,,,,,
"102 Rosebud Cir, Cabot, AR 72023",102 Rosebud Cir,Cabot,AR,,forRent,3,1277,,1375,58,https://www.zillow.com/homedetails/102-Rosebud-Cir-Cabot-AR-72023/63160774_zpid/,,199000,2026-09-15T00:00:00.000Z,Price change,2026-07-31T00:00:00.000Z,Listed for rent,2024-10-10T00:00:00.000Z,Listing removed,2024-10-09T00:00:00.000Z,Price change,2024-09-26T00:00:00.000Z,Listed for rent,2024-08-23T00:00:00.000Z,Sold,2024-07-15T00:00:00.000Z,Listed for sale,2019-02-08T00:00:00.000Z,Sold,2019-01-11T00:00:00.000Z,Pending sale,2018-12-01T00:00:00.000Z,Price change,2018-09-22T00:00:00.000Z,Price change,2018-08-05T00:00:00.000Z,Listed for sale,,,,,,,,,,,,,,,,,,,,,,,,,,,,,,,,,,,,
"345 Joyner Loop, Lonoke, AR 72086",345 Joyner Loop,Lonoke,AR,,forRent,3,1120,,1200,86,https://www.zillow.com/homedetails/345-Joyner-Loop-Lonoke-AR-72086/99446243_zpid/,,36000,2026-07-05T00:00:00.000Z,Price change,2026-07-03T00:00:00.000Z,Listed for rent,2026-06-23T00:00:00.000Z,Listing removed,2026-02-11T00:00:00.000Z,Listed for rent,2025-11-22T00:00:00.000Z,Listing removed,2025-11-15T00:00:00.000Z,Price change,2025-11-05T00:00:00.000Z,Listed for rent,2025-09-05T00:00:00.000Z,Listing removed,2025-08-06T00:00:00.000Z,Listed for rent,2007-02-20T00:00:00.000Z,Sold,,,,,,,,,,,,,,,,,,,,,,,,,,,,,,,,,,,,,,,,
"1330 37th Avenue Ln NE, Hickory, NC 28601",1330 37th Avenue Ln NE,Hickory,NC,,forRent,5,2368,,2700,54,https://www.zillow.com/homedetails/1330-37th-Avenue-Ln-NE-Hickory-NC-28601/452771842_zpid/,,330000,2026-08-04T00:00:00.000Z,Listed for rent,2025-09-16T00:00:00.000Z,Sold,2025-06-09T00:00:00.000Z,Pending sale,2025-06-04T00:00:00.000Z,Price change,2025-05-31T00:00:00.000Z,Listed for sale,,,,,,,,,,,,,,,,,,,,,,,,,,,,,,,,,,,,,,,,,,,,,,,,,,
"35 G St, Cabot, AR 72023",35 G St,Cabot,AR,,forRent,3,1849,,1825,81,https://www.zillow.com/homedetails/35-G-St-Cabot-AR-72023/254255_zpid/,,230000,2026-07-25T00:00:00.000Z,Price change,2026-07-09T00:00:00.000Z,Price change,2026-05-03T00:00:00.000Z,Listed for rent,2025-05-25T00:00:00.000Z,Listing removed,2025-05-14T00:00:00.000Z,Price change,2025-05-01T00:00:00.000Z,Listed for rent,2021-06-07T00:00:00.000Z,Sold,2020-09-03T00:00:00.000Z,Sold,2020-06-19T00:00:00.000Z,Listed for sale,2018-06-22T00:00:00.000Z,Sold,2018-05-08T00:00:00.000Z,Listed for sale,2014-04-28T00:00:00.000Z,Sold,,,,,,,,,,,,,,,,,,,,,,,,,,,,,,,,,,,,
"3315 23rd St NE, Hickory, NC 28601",3315 23rd St NE,Hickory,NC,,forRent,3,1369,,1895,24,https://www.zillow.com/homedetails/3315-23rd-St-NE-Hickory-NC-28601/71909821_zpid/,,145000,2026-09-28T00:00:00.000Z,Price change,2026-09-03T00:00:00.000Z,Listed for rent,2026-07-02T00:00:00.000Z,Sold,2026-06-18T00:00:00.000Z,Listed for sale,,,,,,,,,,,,,,,,,,,,,,,,,,,,,,,,,,,,,,,,,,,,,,,,,,,,
"18 Kimberly Dr, Vilonia, AR 72173",18 Kimberly Dr,Vilonia,AR,,forRent,3,1954,,1945,11,https://www.zillow.com/homedetails/18-Kimberly-Dr-Vilonia-AR-72173/245526_zpid/,,270000,2026-08-26T00:00:00.000Z,Price change,2026-05-04T00:00:00.000Z,Listed for rent,2026-01-05T00:00:00.000Z,Sold,2025-11-20T00:00:00.000Z,Listed for sale,2025-11-20T00:00:00.000Z,Listing removed,2025-09-18T00:00:00.000Z,Listed for sale,2015-07-09T00:00:00.000Z,Sold,2000-03-15T00:00:00.000Z,Sold,,,,,,,,,,,,,,,,,,,,,,,,,,,,,,,,,,,,,,,,,,,,
"106 10th Ave SE, Hickory, NC 28602",106 10th Ave SE,Hickory,NC,,forRent,3,1333,,1595,103,https://www.zillow.com/homedetails/106-10th-Ave-SE-Hickory-NC-28602/463282226_zpid/,,,2026-06-16T00:00:00.000Z,Listed for rent,,,,,,,,,,,,,,,,,,,,,,,,,,,,,,,,,,,,,,,,,,,,,,,,,,,,,,,,,,
"4029 6th Street Dr NW, Hickory, NC 28601",4029 6th Street Dr NW,Hickory,NC,,forRent,3,1566,,2400,16,https://www.zillow.com/homedetails/4029-6th-Street-Dr-NW-Hickory-NC-28601/71931514_zpid/,,173000,2026-09-11T00:00:00.000Z,Listed for rent,2020-02-24T00:00:00.000Z,Sold,2020-01-18T00:00:00.000Z,Pending sale,2019-11-30T00:00:00.000Z,Listed for sale,2019-11-06T00:00:00.000Z,Pending sale,2019-09-24T00:00:00.000Z,Price change,2019-08-19T00:00:00.000Z,Price change,2019-07-17T00:00:00.000Z,Listed for sale,,,,,,,,,,,,,,,,,,,,,,,,,,,,,,,,,,,,,,,,,,,,
"2098 10th St SE, Hickory, NC 28601",2098 10th St SE,Hickory,NC,,forRent,4,2174,,2295,25,https://www.zillow.com/homedetails/2098-10th-St-SE-Hickory-NC-28601/461180979_zpid/,,309000,2026-09-22T00:00:00.000Z,Price change,2026-09-02T00:00:00.000Z,Listed for rent,2026-08-20T00:00:00.000Z,Sold,2026-03-20T00:00:00.000Z,Pending sale,2026-03-20T00:00:00.000Z,Listed for sale,,,,,,,,,,,,,,,,,,,,,,,,,,,,,,,,,,,,,,,,,,,,,,,,,,
"37 Saint John St, Cabot, AR 72023",37 Saint John St,Cabot,AR,,forRent,3,1188,,1295,89,https://www.zillow.com/homedetails/37-Saint-John-St-Cabot-AR-72023/253499_zpid/,,81500,2026-09-03T00:00:00.000Z,Price change,2026-03-31T00:00:00.000Z,Listed for rent,2026-03-26T00:00:00.000Z,Sold,2026-03-19T00:00:00.000Z,Contingent,2026-03-14T00:00:00.000Z,Price change,2026-02-27T00:00:00.000Z,Price change,2026-01-28T00:00:00.000Z,Listed for sale,2016-05-26T00:00:00.000Z,Sold,2016-04-08T00:00:00.000Z,Listed for sale,2013-05-16T00:00:00.000Z,Sold,,,,,,,,,,,,,,,,,,,,,,,,,,,,,,,,,,,,,,,,
"294 Stone Mountain Rd, Conway, AR 72032",294 Stone Mountain Rd,Conway,AR,,forRent,3,1216,,1650,14,https://www.zillow.com/homedetails/294-Stone-Mountain-Rd-Conway-AR-72032/122006123_zpid/,,42300,2026-09-13T00:00:00.000Z,Listed for rent,2025-04-17T00:00:00.000Z,Sold,2025-03-26T00:00:00.000Z,Contingent,2025-03-22T00:00:00.000Z,Listed for sale,,,,,,,,,,,,,,,,,,,,,,,,,,,,,,,,,,,,,,,,,,,,,,,,,,,,
"617 14th St SW, Hickory, NC 28602",617 14th St SW,Hickory,NC,,forRent,3,1190,,1650,17,https://www.zillow.com/homedetails/617-14th-St-SW-Hickory-NC-28602/456095233_zpid/,,,2026-09-23T00:00:00.000Z,Price change,2026-09-10T00:00:00.000Z,Listed for rent,2025-10-02T00:00:00.000Z,Listing removed,2025-09-12T00:00:00.000Z,Price change,2025-09-05T00:00:00.000Z,Price change,2025-08-20T00:00:00.000Z,Listed for rent,,,,,,,,,,,,,,,,,,,,,,,,,,,,,,,,,,,,,,,,,,,,,,,,
"7 Cabernet Way, Mayflower, AR 72106",7 Cabernet Way,Mayflower,AR,,forRent,3,1290,,1550,25,https://www.zillow.com/homedetails/7-Cabernet-Way-Mayflower-AR-72106/463057997_zpid/,,208300,2026-09-23T00:00:00.000Z,Price change,2026-09-02T00:00:00.000Z,Listed for rent,2026-08-28T00:00:00.000Z,Sold,2026-08-12T00:00:00.000Z,Price change,2026-08-11T00:00:00.000Z,Listed for sale,2026-08-11T00:00:00.000Z,Contingent,2026-08-10T00:00:00.000Z,Price change,2026-07-08T00:00:00.000Z,Price change,2026-06-09T00:00:00.000Z,Listed for sale,,,,,,,,,,,,,,,,,,,,,,,,,,,,,,,,,,,,,,,,,,
"2007 Arkansas Ave, Conway, AR 72034",2007 Arkansas Ave,Conway,AR,,forRent,3,1301,,1495,26,https://www.zillow.com/homedetails/2007-Arkansas-Ave-Conway-AR-72034/234341_zpid/,,90000,2026-09-02T00:00:00.000Z,Listed for rent,2026-08-26T00:00:00.000Z,Sold,2026-08-25T00:00:00.000Z,Contingent,2026-07-20T00:00:00.000Z,Price change,2026-05-19T00:00:00.000Z,Listed for sale,2026-05-19T00:00:00.000Z,Listing removed,2026-04-17T00:00:00.000Z,Price change,2026-03-09T00:00:00.000Z,Price change,2025-11-18T00:00:00.000Z,Listed for sale,2015-02-18T00:00:00.000Z,Sold,2012-05-07T00:00:00.000Z,Sold,,,,,,,,,,,,,,,,,,,,,,,,,,,,,,,,,,,,,,
"3531 Wandering Ln NE, Hickory, NC 28601",3531 Wandering Ln NE,Hickory,NC,,forRent,3,1800,,2300,13,https://www.zillow.com/homedetails/3531-Wandering-Ln-NE-Hickory-NC-28601/71944979_zpid/,,172000,2026-09-20T00:00:00.000Z,Price change,2026-09-14T00:00:00.000Z,Listed for rent,2026-06-08T00:00:00.000Z,Sold,2021-04-21T00:00:00.000Z,Sold,,,,,,,,,,,,,,,,,,,,,,,,,,,,,,,,,,,,,,,,,,,,,,,,,,,,
"63 8th St SE, Hickory, NC 28602",63 8th St SE,Hickory,NC,,forRent,3,1226,,1795,11,https://www.zillow.com/homedetails/63-8th-St-SE-Hickory-NC-28602/82176711_zpid/,,89000,2026-09-28T00:00:00.000Z,Price change,2026-09-16T00:00:00.000Z,Listed for rent,2025-08-13T00:00:00.000Z,Listing removed,2025-08-08T00:00:00.000Z,Listed for rent,2024-07-16T00:00:00.000Z,Listing removed,2024-07-05T00:00:00.000Z,Listed for rent,2024-06-20T00:00:00.000Z,Listing removed,2024-06-14T00:00:00.000Z,Listed for rent,2023-08-31T00:00:00.000Z,Sold,2023-08-15T00:00:00.000Z,Listed for sale,2010-06-29T00:00:00.000Z,Sold,,,,,,,,,,,,,,,,,,,,,,,,,,,,,,,,,,,,,,
"1505 Hathaway Dr, Conway, AR 72034",1505 Hathaway Dr,Conway,AR,,forRent,3,1207,,1475,24,https://www.zillow.com/homedetails/1505-Hathaway-Dr-Conway-AR-72034/241555_zpid/,,70000,2026-09-03T00:00:00.000Z,Listed for rent,2024-01-31T00:00:00.000Z,Listing removed,2024-01-30T00:00:00.000Z,Listed for rent,2024-01-29T00:00:00.000Z,Listing removed,2024-01-27T00:00:00.000Z,Listed for rent,2016-01-09T00:00:00.000Z,Listing removed,2015-12-15T00:00:00.000Z,Listed for rent,2015-09-24T00:00:00.000Z,Sold,2015-08-15T00:00:00.000Z,Listed for sale,2013-10-31T00:00:00.000Z,Sold,,,,,,,,,,,,,,,,,,,,,,,,,,,,,,,,,,,,,,,,
"1655 Duke St, Conway, AR 72032",1655 Duke St,Conway,AR,,forRent,3,1369,,1675,8,https://www.zillow.com/homedetails/1655-Duke-St-Conway-AR-72032/71713063_zpid/,,185000,2026-09-19T00:00:00.000Z,Listed for rent,2024-10-01T00:00:00.000Z,Listing removed,2024-09-11T00:00:00.000Z,Listed for rent,2023-08-01T00:00:00.000Z,Sold,2023-05-18T00:00:00.000Z,Contingent,2023-04-23T00:00:00.000Z,Listed for sale,2005-12-07T00:00:00.000Z,Sold,,,,,,,,,,,,,,,,,,,,,,,,,,,,,,,,,,,,,,,,,,,,,,
"1419 Mammoth Rd, Hickory, NC 28602",1419 Mammoth Rd,Hickory,NC,,forRent,5,2368,,2275,25,https://www.zillow.com/homedetails/1419-Mammoth-Rd-Hickory-NC-28602/461722721_zpid/,,292400,2026-09-02T00:00:00.000Z,Listed for rent,2026-08-20T00:00:00.000Z,Sold,2026-07-16T00:00:00.000Z,Pending sale,2026-04-15T00:00:00.000Z,Listed for sale,,,,,,,,,,,,,,,,,,,,,,,,,,,,,,,,,,,,,,,,,,,,,,,,,,,,
"2912 Highway 319 W, Austin, AR 72007",2912 Highway 319 W,Austin,AR,,forRent,3,1992,,1695,319,https://www.zillow.com/homedetails/2912-Highway-319-W-Austin-AR-72007/249702_zpid/,,640000,2026-08-19T00:00:00.000Z,Price change,2026-07-25T00:00:00.000Z,Price change,2026-05-29T00:00:00.000Z,Price change,2026-03-06T00:00:00.000Z,Price change,2026-02-18T00:00:00.000Z,Price change,2026-02-03T00:00:00.000Z,Price change,2025-11-12T00:00:00.000Z,Listed for rent,2013-09-27T00:00:00.000Z,Sold,1991-10-10T00:00:00.000Z,Sold,,,,,,,,,,,,,,,,,,,,,,,,,,,,,,,,,,,,,,,,,,
"1804 Clara Dr, Conway, AR 72034",1804 Clara Dr,Conway,AR,,forRent,3,2000,,1695,23,https://www.zillow.com/homedetails/1804-Clara-Dr-Conway-AR-72034/235007_zpid/,,20000,2026-09-04T00:00:00.000Z,Listed for rent,2024-07-11T00:00:00.000Z,Listing removed,2024-06-26T00:00:00.000Z,Listed for rent,2023-06-13T00:00:00.000Z,Listing removed,2023-05-30T00:00:00.000Z,Listed for rent,2022-05-04T00:00:00.000Z,Listing removed,2022-04-06T00:00:00.000Z,Listed for rent,2019-05-17T00:00:00.000Z,Listing removed,2019-05-15T00:00:00.000Z,Listed for rent,2015-12-07T00:00:00.000Z,Listing removed,2015-09-23T00:00:00.000Z,Listed for rent,2014-06-21T00:00:00.000Z,Listing removed,2014-05-12T00:00:00.000Z,Listed for rent,2013-05-06T00:00:00.000Z,Sold,2013-04-25T00:00:00.000Z,Listing removed,2013-04-24T00:00:00.000Z,Price change,2013-03-24T00:00:00.000Z,Listed for rent,2012-03-18T00:00:00.000Z,Listing removed,2012-03-15T00:00:00.000Z,Price change,2012-03-05T00:00:00.000Z,Listed for rent,,,,,,,,,,,,,,,,,,,,
"1411 Mammoth Rd, Hickory, NC 28602",1411 Mammoth Rd,Hickory,NC,,forRent,5,2368,,2255,25,https://www.zillow.com/homedetails/1411-Mammoth-Rd-Hickory-NC-28602/463736170_zpid/,,292400,2026-09-02T00:00:00.000Z,Listed for rent,2026-08-20T00:00:00.000Z,Sold,2026-07-16T00:00:00.000Z,Pending sale,2026-07-08T00:00:00.000Z,Listed for sale,,,,,,,,,,,,,,,,,,,,,,,,,,,,,,,,,,,,,,,,,,,,,,,,,,,,
"804 Drake Dr, Conway, AR 72034",804 Drake Dr,Conway,AR,,forRent,3,1663,,1650,17,https://www.zillow.com/homedetails/804-Drake-Dr-Conway-AR-72034/243037_zpid/,,164500,2026-09-11T00:00:00.000Z,Listed for rent,2024-04-20T00:00:00.000Z,Listing removed,2024-04-09T00:00:00.000Z,Listed for rent,2023-09-11T00:00:00.000Z,Listing removed,2023-09-10T00:00:00.000Z,Listed for rent,2023-09-10T00:00:00.000Z,Listing removed,2023-08-29T00:00:00.000Z,Price change,2023-08-22T00:00:00.000Z,Price change,2023-08-16T00:00:00.000Z,Price change,2023-08-09T00:00:00.000Z,Price change,2023-08-02T00:00:00.000Z,Price change,2023-07-25T00:00:00.000Z,Price change,2023-07-19T00:00:00.000Z,Price change,2023-06-03T00:00:00.000Z,Listed for rent,2017-03-06T00:00:00.000Z,Sold,2016-10-17T00:00:00.000Z,Listed for sale,2015-06-05T00:00:00.000Z,Sold,,,,,,,,,,,,,,,,,,,,,,,,,,
"5944 Bakers Point, Hickory, NC 28602",5944 Bakers Point,Hickory,NC,,forRent,5,3953,,3600,40,https://www.zillow.com/homedetails/5944-Bakers-Point-Hickory-NC-28602/98192272_zpid/,,90000,2026-08-18T00:00:00.000Z,Listed for rent,2026-08-13T00:00:00.000Z,Listing removed,2026-07-27T00:00:00.000Z,Price change,2026-06-23T00:00:00.000Z,Price change,2026-04-30T00:00:00.000Z,Listed for sale,2026-03-01T00:00:00.000Z,Listing removed,2025-11-14T00:00:00.000Z,Listed for sale,2024-12-12T00:00:00.000Z,Sold,2024-11-12T00:00:00.000Z,Listed for sale,2022-10-23T00:00:00.000Z,Listing removed,2022-07-25T00:00:00.000Z,Listed for sale,2011-06-20T00:00:00.000Z,Sold,2011-04-15T00:00:00.000Z,Listed for sale,2011-02-18T00:00:00.000Z,Sold,,,,,,,,,,,,,,,,,,,,,,,,,,,,,,,,
"2130 10th St SE, Hickory, NC 28602",2130 10th St SE,Hickory,NC,,forRent,4,2174,,2250,51,https://www.zillow.com/homedetails/2130-10th-St-SE-Hickory-NC-28602/463122074_zpid/,,,2026-08-07T00:00:00.000Z,Listed for rent,2026-07-20T00:00:00.000Z,Listing removed,2026-07-17T00:00:00.000Z,Price change,2026-06-11T00:00:00.000Z,Listed for sale,,,,,,,,,,,,,,,,,,,,,,,,,,,,,,,,,,,,,,,,,,,,,,,,,,,,
"512 12th Ave NE, Hickory, NC 28601",512 12th Ave NE,Hickory,NC,,forRent,3,1334,,1595,76,https://www.zillow.com/homedetails/512-12th-Ave-NE-Hickory-NC-28601/463832995_zpid/,,,2026-07-13T00:00:00.000Z,Listed for rent,,,,,,,,,,,,,,,,,,,,,,,,,,,,,,,,,,,,,,,,,,,,,,,,,,,,,,,,,,
"1936 Eigth St, Hickory, NC 28602",1936 Eigth St,Hickory,NC,,forRent,3,1695,,1695,95,https://www.zillow.com/homedetails/1936-Eigth-St-Hickory-NC-28602/2052991619_zpid/,,,2026-09-10T00:00:00.000Z,Price change,2026-08-31T00:00:00.000Z,Price change,2026-08-14T00:00:00.000Z,Price change,2026-07-27T00:00:00.000Z,Price change,2026-07-07T00:00:00.000Z,Price change,2026-06-24T00:00:00.000Z,Listed for rent,2024-03-28T00:00:00.000Z,Listing removed,2024-03-18T00:00:00.000Z,Price change,2024-03-05T00:00:00.000Z,Price change,2024-02-22T00:00:00.000Z,Price change,2024-02-21T00:00:00.000Z,Price change,2024-02-01T00:00:00.000Z,Listed for rent,,,,,,,,,,,,,,,,,,,,,,,,,,,,,,,,,,,,
"15 Silverado Ct, Cabot, AR 72023",15 Silverado Ct,Cabot,AR,,forRent,3,1382,,1350,38,https://www.zillow.com/homedetails/15-Silverado-Ct-Cabot-AR-72023/35732243_zpid/,,150000,2026-08-20T00:00:00.000Z,Listed for rent,2024-11-11T00:00:00.000Z,Listing removed,2024-09-27T00:00:00.000Z,Listed for rent,2022-10-26T00:00:00.000Z,Sold,2020-12-16T00:00:00.000Z,Listing removed,2020-12-08T00:00:00.000Z,Listed for rent,2020-05-16T00:00:00.000Z,Listing removed,2020-04-22T00:00:00.000Z,Listed for rent,2020-04-17T00:00:00.000Z,Sold,,,,,,,,,,,,,,,,,,,,,,,,,,,,,,,,,,,,,,,,,,
"15 Harvest Ridge Dr, Hickory, NC 28601",15 Harvest Ridge Dr,Hickory,NC,,forRent,4,2000,,2100,28,https://www.zillow.com/homedetails/15-Harvest-Ridge-Dr-Hickory-NC-28601/2063037302_zpid/,,220990,2026-09-22T00:00:00.000Z,Price change,2026-09-04T00:00:00.000Z,Price change,2026-08-30T00:00:00.000Z,Listed for rent,2025-06-28T00:00:00.000Z,Listing removed,2025-06-09T00:00:00.000Z,Listed for rent,2023-09-11T00:00:00.000Z,Listing removed,2023-09-04T00:00:00.000Z,Listed for rent,2022-08-02T00:00:00.000Z,Listing removed,2022-06-24T00:00:00.000Z,Listing removed,2022-06-01T00:00:00.000Z,Listed for rent,2022-01-12T00:00:00.000Z,Sold,2021-04-09T00:00:00.000Z,Pending sale,,,,,,,,,,,,,,,,,,,,,,,,,,,,,,,,,,,,
"22 Marshall Rd N, Vilonia, AR 72173",22 Marshall Rd N,Vilonia,AR,,forRent,3,1500,,1350,22,https://www.zillow.com/homedetails/22-Marshall-Rd-N-Vilonia-AR-72173/52392644_zpid/,,,2026-09-17T00:00:00.000Z,Price change,2026-09-06T00:00:00.000Z,Listed for rent,2025-12-21T00:00:00.000Z,Listing removed,2025-11-17T00:00:00.000Z,Price change,2025-11-12T00:00:00.000Z,Price change,2025-10-27T00:00:00.000Z,Listed for rent,2024-09-06T00:00:00.000Z,Listing removed,2024-08-28T00:00:00.000Z,Price change,2024-08-13T00:00:00.000Z,Price change,2024-07-23T00:00:00.000Z,Listed for rent,,,,,,,,,,,,,,,,,,,,,,,,,,,,,,,,,,,,,,,,
"432 7th Avenue Pl NW, Hickory, NC 28601",432 7th Avenue Pl NW,Hickory,NC,,forRent,3,1605,,1825,2,https://www.zillow.com/homedetails/432-7th-Avenue-Pl-NW-Hickory-NC-28601/71549112_zpid/,,176500,2026-09-26T00:00:00.000Z,Listed for rent,2024-11-13T00:00:00.000Z,Listing removed,2024-11-10T00:00:00.000Z,Price change,2024-10-25T00:00:00.000Z,Listed for rent,2024-10-11T00:00:00.000Z,Listing removed,2024-10-01T00:00:00.000Z,Price change,2024-09-12T00:00:00.000Z,Price change,2024-08-23T00:00:00.000Z,Listed for rent,2021-03-24T00:00:00.000Z,Listing removed,2019-05-20T00:00:00.000Z,Listing removed,2019-05-13T00:00:00.000Z,Sold,2019-05-12T00:00:00.000Z,Listed for rent,2018-10-24T00:00:00.000Z,Listing removed,2018-07-26T00:00:00.000Z,Pending sale,2018-07-02T00:00:00.000Z,Listed for sale,2015-03-31T00:00:00.000Z,Sold,2015-03-19T00:00:00.000Z,Pending sale,2015-02-17T00:00:00.000Z,Listed for sale,2010-09-22T00:00:00.000Z,Sold,2010-08-17T00:00:00.000Z,Listed for sale,2006-06-09T00:00:00.000Z,Sold,,,,,,,,,,,,,,,,,,
"414 Newcomb Cv, Benton, AR 72015",414 Newcomb Cv,Benton,AR,,forRent,3,1384,,1600,8,https://www.zillow.com/homedetails/414-Newcomb-Cv-Benton-AR-72015/384931_zpid/,,65531,2026-07-17T00:00:00.000Z,Listed for rent,2010-11-30T00:00:00.000Z,Sold,2005-03-03T00:00:00.000Z,Sold,,,,,,,,,,,,,,,,,,,,,,,,,,,,,,,,,,,,,,,,,,,,,,,,,,,,,,
"6413 Amalie Dr, Alexander, AR 72002",6413 Amalie Dr,Alexander,AR,,forRent,3,1485,,1675,19,https://www.zillow.com/homedetails/6413-Amalie-Dr-Alexander-AR-72002/247595729_zpid/,,198000,2026-09-08T00:00:00.000Z,Listed for rent,2025-08-18T00:00:00.000Z,Listing removed,2025-08-06T00:00:00.000Z,Listed for rent,2022-05-12T00:00:00.000Z,Listing removed,2022-05-04T00:00:00.000Z,Price change,2022-04-27T00:00:00.000Z,Price change,2022-04-12T00:00:00.000Z,Listed for rent,2022-03-01T00:00:00.000Z,Sold,2022-01-18T00:00:00.000Z,Listed for sale,2018-09-21T00:00:00.000Z,Sold,2018-08-07T00:00:00.000Z,Listed for sale,2018-06-21T00:00:00.000Z,Listing removed,2018-05-23T00:00:00.000Z,Price change,2018-05-11T00:00:00.000Z,Listed for sale,,,,,,,,,,,,,,,,,,,,,,,,,,,,,,,,
"1431 Mammoth Rd, Hickory, NC 28602",1431 Mammoth Rd,Hickory,NC,,forRent,5,2368,,2245,26,https://www.zillow.com/homedetails/1431-Mammoth-Rd-Hickory-NC-28602/455924046_zpid/,,307679,2026-09-11T00:00:00.000Z,Price change,2026-09-01T00:00:00.000Z,Listed for rent,2026-08-31T00:00:00.000Z,Sold,2026-07-20T00:00:00.000Z,Pending sale,2026-07-14T00:00:00.000Z,Price change,2026-06-30T00:00:00.000Z,Price change,2026-02-23T00:00:00.000Z,Listed for sale,2025-10-07T00:00:00.000Z,Listing removed,2025-08-13T00:00:00.000Z,Price change,2025-08-12T00:00:00.000Z,Listed for sale,,,,,,,,,,,,,,,,,,,,,,,,,,,,,,,,,,,,,,,,
"831 Richfield Rd, Jacksonville, AR 72076",831 Richfield Rd,Jacksonville,AR,,forRent,3,,,1400,8,https://www.zillow.com/homedetails/831-Richfield-Rd-Jacksonville-AR-72076/250171_zpid/,,0,2026-09-19T00:00:00.000Z,Listed for rent,2014-08-18T00:00:00.000Z,Sold,,,,,,,,,,,,,,,,,,,,,,,,,,,,,,,,,,,,,,,,,,,,,,,,,,,,,,,,
"209 N Madison St, Cabot, AR 72023",209 N Madison St,Cabot,AR,,forRent,3,1524,,1895,79,https://www.zillow.com/homedetails/209-N-Madison-St-Cabot-AR-72023/439267452_zpid/,,,2026-07-10T00:00:00.000Z,Listed for rent,2025-06-24T00:00:00.000Z,Listing removed,2025-06-19T00:00:00.000Z,Listed for rent,2025-06-19T00:00:00.000Z,Listing removed,2025-04-10T00:00:00.000Z,Price change,2025-03-05T00:00:00.000Z,Listed for rent,2025-03-05T00:00:00.000Z,Listing removed,2025-03-04T00:00:00.000Z,Listed for rent,2025-03-03T00:00:00.000Z,Listing removed,2025-02-28T00:00:00.000Z,Listed for rent,2024-12-28T00:00:00.000Z,Listing removed,2024-12-04T00:00:00.000Z,Price change,2024-09-23T00:00:00.000Z,Listing removed,2024-09-21T00:00:00.000Z,Price change,2024-09-17T00:00:00.000Z,Price change,2024-09-11T00:00:00.000Z,Listed for rent,2024-08-21T00:00:00.000Z,Listed for sale,,,,,,,,,,,,,,,,,,,,,,,,,,
"44 Kirkland Dr, Cabot, AR 72023",44 Kirkland Dr,Cabot,AR,,forRent,3,2077,,1900,177,https://www.zillow.com/homedetails/44-Kirkland-Dr-Cabot-AR-72023/52495420_zpid/,,,2026-04-03T00:00:00.000Z,Listed for rent,2026-04-03T00:00:00.000Z,Listing removed,2026-02-11T00:00:00.000Z,Listed for rent,2025-09-22T00:00:00.000Z,Listing removed,2025-08-19T00:00:00.000Z,Listing removed,2025-08-17T00:00:00.000Z,Listed for rent,2025-01-03T00:00:00.000Z,Price change,2024-11-04T00:00:00.000Z,Price change,2024-10-10T00:00:00.000Z,Price change,2024-09-24T00:00:00.000Z,Listed for sale,2015-02-21T00:00:00.000Z,Listing removed,2015-01-28T00:00:00.000Z,Price change,2014-11-18T00:00:00.000Z,Price change,2014-08-30T00:00:00.000Z,Listed for rent,2013-05-18T00:00:00.000Z,Listing removed,2013-04-17T00:00:00.000Z,Listed for rent,2012-10-25T00:00:00.000Z,Listing removed,2012-09-25T00:00:00.000Z,Listed for rent,2012-07-12T00:00:00.000Z,Listing removed,2012-06-12T00:00:00.000Z,Price change,2012-05-25T00:00:00.000Z,Listed for rent,2011-08-23T00:00:00.000Z,Listing removed,2010-10-08T00:00:00.000Z,Listed for sale,,,,,,,,,,,,,,
"2721 Timbermist Dr, Benton, AR 72015",2721 Timbermist Dr,Benton,AR,,forRent,3,1200,,1600,28,https://www.zillow.com/homedetails/2721-Timbermist-Dr-Benton-AR-72015/386806_zpid/,,83000,2026-08-30T00:00:00.000Z,Listed for rent,2025-09-01T00:00:00.000Z,Listing removed,2025-06-30T00:00:00.000Z,Price change,2025-03-03T00:00:00.000Z,Price change,2024-12-20T00:00:00.000Z,Listed for rent,2024-12-06T00:00:00.000Z,Listing removed,2024-11-26T00:00:00.000Z,Price change,2024-11-20T00:00:00.000Z,Listed for rent,2024-11-12T00:00:00.000Z,Listing removed,2024-10-30T00:00:00.000Z,Price change,2024-10-23T00:00:00.000Z,Listed for rent,2023-06-20T00:00:00.000Z,Listing removed,2023-06-03T00:00:00.000Z,Listed for rent,2023-05-22T00:00:00.000Z,Listing removed,2023-05-01T00:00:00.000Z,Price change,2023-04-04T00:00:00.000Z,Listed for rent,2021-03-24T00:00:00.000Z,Listing removed,2017-08-01T00:00:00.000Z,Listing removed,2017-07-22T00:00:00.000Z,Listed for rent,2011-04-13T00:00:00.000Z,Sold,2011-02-02T00:00:00.000Z,Listed for sale,,,,,,,,,,,,,,,,,,
"28 Burns Dr, Cabot, AR 72023",28 Burns Dr,Cabot,AR,,forRent,3,1288,,1350,68,https://www.zillow.com/homedetails/28-Burns-Dr-Cabot-AR-72023/255699_zpid/,,146000,2026-08-31T00:00:00.000Z,Price change,2026-07-21T00:00:00.000Z,Listed for rent,2025-08-07T00:00:00.000Z,Listing removed,2025-07-14T00:00:00.000Z,Price change,2025-07-03T00:00:00.000Z,Listed for rent,2022-06-28T00:00:00.000Z,Sold,2014-11-26T00:00:00.000Z,Sold,2012-06-24T00:00:00.000Z,Listing removed,2012-06-08T00:00:00.000Z,Listed for rent,2011-04-29T00:00:00.000Z,Listing removed,2011-01-27T00:00:00.000Z,Listed for sale,2010-06-04T00:00:00.000Z,Sold,2010-04-29T00:00:00.000Z,Listed for sale,,,,,,,,,,,,,,,,,,,,,,,,,,,,,,,,,,
"14095 Magnolia Glen Dr, Alexander, AR 72002",14095 Magnolia Glen Dr,Alexander,AR,,forRent,3,1228,,1530,26,https://www.zillow.com/homedetails/14095-Magnolia-Glen-Dr-Alexander-AR-72002/88906053_zpid/,,119500,2026-09-01T00:00:00.000Z,Listed for rent,2020-12-08T00:00:00.000Z,Listing removed,2020-12-02T00:00:00.000Z,Listed for rent,2016-10-13T00:00:00.000Z,Sold,2016-06-29T00:00:00.000Z,Price change,2016-06-06T00:00:00.000Z,Listed for sale,2015-07-08T00:00:00.000Z,Listing removed,2015-06-13T00:00:00.000Z,Listed for rent,2014-07-19T00:00:00.000Z,Listing removed,2014-06-20T00:00:00.000Z,Listed for rent,2013-07-17T00:00:00.000Z,Listing removed,2013-07-03T00:00:00.000Z,Price change,2013-06-14T00:00:00.000Z,Price change,2013-05-17T00:00:00.000Z,Listed for rent,2009-11-06T00:00:00.000Z,Sold,,,,,,,,,,,,,,,,,,,,,,,,,,,,,,
"5399 Heritage Valley Dr, Benton, AR 72019",5399 Heritage Valley Dr,Benton,AR,,forRent,4,1790,,1800,62,https://www.zillow.com/homedetails/5399-Heritage-Valley-Dr-Benton-AR-72019/2062299989_zpid/,,245000,2026-09-10T00:00:00.000Z,Price change,2026-08-31T00:00:00.000Z,Price change,2026-07-27T00:00:00.000Z,Listed for rent,2026-07-15T00:00:00.000Z,Listing removed,2026-05-22T00:00:00.000Z,Price change,2026-04-02T00:00:00.000Z,Listed for sale,2026-04-01T00:00:00.000Z,Listing removed,2025-11-06T00:00:00.000Z,Price change,2025-10-13T00:00:00.000Z,Price change,2025-10-04T00:00:00.000Z,Listed for sale,2025-02-24T00:00:00.000Z,Sold,2025-02-05T00:00:00.000Z,Contingent,2024-11-30T00:00:00.000Z,Price change,2024-10-04T00:00:00.000Z,Price change,2024-09-29T00:00:00.000Z,Price change,2024-09-07T00:00:00.000Z,Listed for sale,2022-08-29T00:00:00.000Z,Sold,,,,,,,,,,,,,,,,,,,,,,,,,,
"50 Buena Vista Dr, Cabot, AR 72023",50 Buena Vista Dr,Cabot,AR,,forRent,3,1361,,1450,3,https://www.zillow.com/homedetails/50-Buena-Vista-Dr-Cabot-AR-72023/452178369_zpid/,,182000,2026-09-25T00:00:00.000Z,Listed for rent,2026-01-31T00:00:00.000Z,Listing removed,2026-01-24T00:00:00.000Z,Price change,2026-01-17T00:00:00.000Z,Price change,2026-01-10T00:00:00.000Z,Price change,2026-01-03T00:00:00.000Z,Price change,2025-11-11T00:00:00.000Z,Listed for rent,2021-08-23T00:00:00.000Z,Sold,,,,,,,,,,,,,,,,,,,,,,,,,,,,,,,,,,,,,,,,,,,,
"302 N Lincoln St, Cabot, AR 72023",302 N Lincoln St,Cabot,AR,,forRent,3,1318,,1500,5,https://www.zillow.com/homedetails/302-N-Lincoln-St-Cabot-AR-72023/253236_zpid/,,119000,2026-09-22T00:00:00.000Z,Listed for rent,2014-02-28T00:00:00.000Z,Sold,,,,,,,,,,,,,,,,,,,,,,,,,,,,,,,,,,,,,,,,,,,,,,,,,,,,,,,,
"1423 Mammoth Rd, Hickory, NC 28602",1423 Mammoth Rd,Hickory,NC,,forRent,4,1927,,2095,76,https://www.zillow.com/homedetails/1423-Mammoth-Rd-Hickory-NC-28602/461722831_zpid/,,,2026-09-11T00:00:00.000Z,Price change,2026-07-14T00:00:00.000Z,Listed for rent,2026-05-26T00:00:00.000Z,Listing removed,2026-05-19T00:00:00.000Z,Price change,2026-04-15T00:00:00.000Z,Listed for sale,,,,,,,,,,,,,,,,,,,,,,,,,,,,,,,,,,,,,,,,,,,,,,,,,,
"1417 17th Ave NE, Hickory, NC 28601",1417 17th Ave NE,Hickory,NC,,forRent,3,1400,,1725,51,https://www.zillow.com/homedetails/1417-17th-Ave-NE-Hickory-NC-28601/71551010_zpid/,,99000,2026-08-21T00:00:00.000Z,Price change,2026-08-07T00:00:00.000Z,Listed for rent,2006-11-13T00:00:00.000Z,Sold,,,,,,,,,,,,,,,,,,,,,,,,,,,,,,,,,,,,,,,,,,,,,,,,,,,,,,
"1422 Saw Grass Cv, Benton, AR 72019",1422 Saw Grass Cv,Benton,AR,,forRent,3,1400,,1500,6,https://www.zillow.com/homedetails/1422-Saw-Grass-Cv-Benton-AR-72019/82268083_zpid/,,133000,2026-09-21T00:00:00.000Z,Listed for rent,2024-07-17T00:00:00.000Z,Listing removed,2024-06-20T00:00:00.000Z,Listed for rent,2020-11-20T00:00:00.000Z,Sold,2013-06-06T00:00:00.000Z,Sold,2013-04-26T00:00:00.000Z,Pending sale,2013-02-06T00:00:00.000Z,Listed for sale,2012-11-22T00:00:00.000Z,Listing removed,2012-07-18T00:00:00.000Z,Price change,2012-04-28T00:00:00.000Z,Listed for sale,2009-06-08T00:00:00.000Z,Sold,,,,,,,,,,,,,,,,,,,,,,,,,,,,,,,,,,,,,,
"2120 Justus Loop, Bryant, AR 72022",2120 Justus Loop,Bryant,AR,,forRent,3,1440,,1500,2,https://www.zillow.com/homedetails/2120-Justus-Loop-Bryant-AR-72022/391757_zpid/,,96000,2026-09-25T00:00:00.000Z,Listed for rent,2023-05-08T00:00:00.000Z,Listing removed,2023-01-27T00:00:00.000Z,Listed for rent,2022-03-04T00:00:00.000Z,Listing removed,2022-02-05T00:00:00.000Z,Listed for rent,2019-04-04T00:00:00.000Z,Listing removed,2019-03-12T00:00:00.000Z,Price change,2018-12-21T00:00:00.000Z,Listed for rent,2018-10-24T00:00:00.000Z,Sold,2018-08-15T00:00:00.000Z,Listed for sale,2018-07-27T00:00:00.000Z,Sold,2018-05-27T00:00:00.000Z,Listed for sale,2018-05-26T00:00:00.000Z,Pending sale,2018-05-26T00:00:00.000Z,Listed for sale,2015-09-10T00:00:00.000Z,Listing removed,2015-08-12T00:00:00.000Z,Listed for sale,2006-05-03T00:00:00.000Z,Sold,,,,,,,,,,,,,,,,,,,,,,,,,,
"21 Willard St, Ward, AR 72176",21 Willard St,Ward,AR,,forRent,3,1301,,1295,44,https://www.zillow.com/homedetails/21-Willard-St-Ward-AR-72176/55151159_zpid/,,165000,2026-09-26T00:00:00.000Z,Price change,2026-09-19T00:00:00.000Z,Price change,2026-08-14T00:00:00.000Z,Listed for rent,2022-08-08T00:00:00.000Z,Sold,2014-12-24T00:00:00.000Z,Listing removed,2014-11-06T00:00:00.000Z,Price change,2014-10-02T00:00:00.000Z,Listed for rent,2014-04-10T00:00:00.000Z,Listing removed,2014-03-01T00:00:00.000Z,Listed for rent,2014-02-18T00:00:00.000Z,Listing removed,2014-02-07T00:00:00.000Z,Price change,2014-01-09T00:00:00.000Z,Price change,2013-10-25T00:00:00.000Z,Price change,2013-08-24T00:00:00.000Z,Listed for sale,2013-05-23T00:00:00.000Z,Listing removed,2013-04-18T00:00:00.000Z,Price change,2013-03-30T00:00:00.000Z,Price change,2013-03-13T00:00:00.000Z,Price change,2013-02-26T00:00:00.000Z,Price change,2013-02-10T00:00:00.000Z,Listed for sale,2012-07-04T00:00:00.000Z,Listing removed,2012-05-16T00:00:00.000Z,Price change,2012-04-12T00:00:00.000Z,Price change,2012-04-09T00:00:00.000Z,Price change,2012-03-23T00:00:00.000Z,Price change,2012-03-15T00:00:00.000Z,Listed for sale,,,,,,,,
"2615 Stivers Blvd, Bryant, AR 72022",2615 Stivers Blvd,Bryant,AR,,forRent,3,1736,,1700,15,https://www.zillow.com/homedetails/2615-Stivers-Blvd-Bryant-AR-72022/391919_zpid/,,190000,2026-09-16T00:00:00.000Z,Price change,2026-09-12T00:00:00.000Z,Listed for rent,2025-04-04T00:00:00.000Z,Sold,2025-03-05T00:00:00.000Z,Contingent,2025-03-01T00:00:00.000Z,Listed for sale,2022-06-13T00:00:00.000Z,Listing removed,2022-06-05T00:00:00.000Z,Listed for rent,2022-06-02T00:00:00.000Z,Listing removed,2022-04-24T00:00:00.000Z,Listed for sale,2022-04-04T00:00:00.000Z,Listing removed,2022-03-29T00:00:00.000Z,Listed for rent,2021-02-23T00:00:00.000Z,Listing removed,2020-11-10T00:00:00.000Z,Listing removed,2020-11-09T00:00:00.000Z,Listed for rent,2019-09-04T00:00:00.000Z,Listing removed,2019-09-03T00:00:00.000Z,Listing removed,2019-08-20T00:00:00.000Z,Listed for rent,2019-08-04T00:00:00.000Z,Price change,2019-06-28T00:00:00.000Z,Price change,2019-06-22T00:00:00.000Z,Price change,2019-06-15T00:00:00.000Z,Listed for sale,2019-02-11T00:00:00.000Z,Sold,,,,,,,,,,,,,,,,
"4030 Buff St, Hickory, NC 28602",4030 Buff St,Hickory,NC,,forRent,3,2000,,1800,19,https://www.zillow.com/homedetails/4030-Buff-St-Hickory-NC-28602/227237379_zpid/,,132400,2026-09-18T00:00:00.000Z,Price change,2026-09-08T00:00:00.000Z,Listed for rent,2024-04-24T00:00:00.000Z,Listing removed,2024-04-05T00:00:00.000Z,Price change,2023-11-29T00:00:00.000Z,Price change,2023-11-06T00:00:00.000Z,Price change,2023-10-16T00:00:00.000Z,Listed for rent,2023-01-18T00:00:00.000Z,Sold,,,,,,,,,,,,,,,,,,,,,,,,,,,,,,,,,,,,,,,,,,,,
"8889 State Highway 127, Hickory, NC 28601",8889 State Highway 127,Hickory,NC,,forRent,3,920,,1300,17,https://www.zillow.com/homedetails/8889-State-Highway-127-Hickory-NC-28601/229589331_zpid/,,115000,2026-09-10T00:00:00.000Z,Listed for rent,2025-06-26T00:00:00.000Z,Listing removed,2025-06-20T00:00:00.000Z,Listed for rent,2015-06-10T00:00:00.000Z,Sold,,,,,,,,,,,,,,,,,,,,,,,,,,,,,,,,,,,,,,,,,,,,,,,,,,,,
"600 S Davis St, Conway, AR 72034",600 S Davis St,Conway,AR,,forRent,3,1728,,1500,97,https://www.zillow.com/homedetails/600-S-Davis-St-Conway-AR-72034/235022_zpid/,,108500,2026-09-02T00:00:00.000Z,Price change,2026-07-20T00:00:00.000Z,Price change,2026-07-06T00:00:00.000Z,Price change,2026-06-22T00:00:00.000Z,Listed for rent,2022-10-20T00:00:00.000Z,Listing removed,2022-10-11T00:00:00.000Z,Price change,2022-09-22T00:00:00.000Z,Listed for rent,2017-06-15T00:00:00.000Z,Sold,2017-05-06T00:00:00.000Z,Listed for sale,2015-04-17T00:00:00.000Z,Sold,2005-07-22T00:00:00.000Z,Sold,,,,,,,,,,,,,,,,,,,,,,,,,,,,,,,,,,,,,,
"1116 Kenwood Cv, Bryant, AR 72022",1116 Kenwood Cv,Bryant,AR,,forRent,4,1931,,2100,38,https://www.zillow.com/homedetails/1116-Kenwood-Cv-Bryant-AR-72022/52934559_zpid/,,120000,2026-08-20T00:00:00.000Z,Listed for rent,2025-07-26T00:00:00.000Z,Listing removed,2025-07-22T00:00:00.000Z,Listed for rent,2024-01-18T00:00:00.000Z,Listing removed,2023-10-26T00:00:00.000Z,Listed for rent,2022-06-08T00:00:00.000Z,Listing removed,2022-06-02T00:00:00.000Z,Listed for rent,2022-05-25T00:00:00.000Z,Listing removed,2022-04-09T00:00:00.000Z,Listed for rent,2022-03-31T00:00:00.000Z,Listing removed,2022-02-09T00:00:00.000Z,Price change,2022-01-28T00:00:00.000Z,Listed for rent,2019-06-16T00:00:00.000Z,Listing removed,2019-05-09T00:00:00.000Z,Price change,2019-01-11T00:00:00.000Z,Listed for rent,2011-10-13T00:00:00.000Z,Listing removed,2011-08-06T00:00:00.000Z,Listed for rent,2001-12-26T00:00:00.000Z,Sold,,,,,,,,,,,,,,,,,,,,,,,,
"2953 31st Street Ln NE, Hickory, NC 28601",2953 31st Street Ln NE,Hickory,NC,,forRent,,,,,,"https://www.zillow.com/b/2953-31st-street-ln-ne-hickory-nc/35.765053,-81.271_ll/",,,,,,,,,,,,,,,,,,,,,,,,,,,,,,,,,,,,,,,,,,,,,,,,,,,,,,,,,,,,,,
"1415 Mammoth Rd, Hickory, NC 28602",1415 Mammoth Rd,Hickory,NC,,forRent,4,1927,,2145,25,https://www.zillow.com/homedetails/1415-Mammoth-Rd-Hickory-NC-28602/461722523_zpid/,,272500,2026-09-02T00:00:00.000Z,Listed for rent,2026-08-20T00:00:00.000Z,Sold,2026-07-16T00:00:00.000Z,Pending sale,2026-06-02T00:00:00.000Z,Price change,2026-04-15T00:00:00.000Z,Listed for sale,,,,,,,,,,,,,,,,,,,,,,,,,,,,,,,,,,,,,,,,,,,,,,,,,,
"765 8th Avenue Dr SE, Hickory, NC 28602",765 8th Avenue Dr SE,Hickory,NC,,forRent,3,1463,,1750,97,https://www.zillow.com/homedetails/765-8th-Avenue-Dr-SE-Hickory-NC-28602/71963561_zpid/,,110000,2026-08-20T00:00:00.000Z,Price change,2026-06-22T00:00:00.000Z,Listed for rent,2023-05-15T00:00:00.000Z,Listing removed,2023-04-28T00:00:00.000Z,Price change,2023-04-07T00:00:00.000Z,Listed for rent,2023-01-25T00:00:00.000Z,Sold,2013-09-03T00:00:00.000Z,Sold,2006-10-20T00:00:00.000Z,Sold,,,,,,,,,,,,,,,,,,,,,,,,,,,,,,,,,,,,,,,,,,,,
"1425 Joyner Dr, Conway, AR 72034",1425 Joyner Dr,Conway,AR,,forRent,3,1157,,1450,44,https://www.zillow.com/homedetails/1425-Joyner-Dr-Conway-AR-72034/35730195_zpid/,,155000,2026-08-14T00:00:00.000Z,Listed for rent,2025-10-28T00:00:00.000Z,Listing removed,2025-08-29T00:00:00.000Z,Price change,2025-08-12T00:00:00.000Z,Listed for rent,2024-09-13T00:00:00.000Z,Listing removed,2024-08-16T00:00:00.000Z,Listed for rent,2022-04-27T00:00:00.000Z,Sold,2021-12-16T00:00:00.000Z,Listing removed,2021-10-26T00:00:00.000Z,Listed for rent,2019-05-14T00:00:00.000Z,Sold,2019-03-21T00:00:00.000Z,Listed for sale,2016-05-03T00:00:00.000Z,Sold,2016-02-17T00:00:00.000Z,Listed for sale,2011-04-01T00:00:00.000Z,Sold,2011-01-22T00:00:00.000Z,Price change,2011-01-01T00:00:00.000Z,Price change,2010-11-18T00:00:00.000Z,Listed for sale,2010-10-15T00:00:00.000Z,Listing removed,2010-10-15T00:00:00.000Z,Price change,2010-09-24T00:00:00.000Z,Listed for sale,,,,,,,,,,,,,,,,,,,,
"1406 Mammoth Rd, Hickory, NC 28602",1406 Mammoth Rd,Hickory,NC,,forRent,3,1749,,2025,25,https://www.zillow.com/homedetails/1406-Mammoth-Rd-Hickory-NC-28602/460650036_zpid/,,258000,2026-09-02T00:00:00.000Z,Listed for rent,2026-08-20T00:00:00.000Z,Sold,2026-07-16T00:00:00.000Z,Pending sale,2026-06-02T00:00:00.000Z,Price change,2026-05-12T00:00:00.000Z,Price change,2026-02-24T00:00:00.000Z,Price change,2026-02-23T00:00:00.000Z,Listed for sale,,,,,,,,,,,,,,,,,,,,,,,,,,,,,,,,,,,,,,,,,,,,,,
"1609 Rushing Cir, Conway, AR 72032",1609 Rushing Cir,Conway,AR,,forRent,3,1400,,1475,27,https://www.zillow.com/homedetails/1609-Rushing-Cir-Conway-AR-72032/235792_zpid/,,116000,2026-08-31T00:00:00.000Z,Listed for rent,2024-09-13T00:00:00.000Z,Listing removed,2024-06-19T00:00:00.000Z,Listed for rent,2024-06-19T00:00:00.000Z,Listing removed,2024-05-25T00:00:00.000Z,Listed for rent,2023-03-31T00:00:00.000Z,Listing removed,2023-03-22T00:00:00.000Z,Listed for rent,2022-08-11T00:00:00.000Z,Listing removed,2022-08-02T00:00:00.000Z,Listed for rent,2019-02-28T00:00:00.000Z,Listing removed,2019-01-02T00:00:00.000Z,Listed for rent,2015-07-25T00:00:00.000Z,Listing removed,2015-07-03T00:00:00.000Z,Listed for rent,2014-10-30T00:00:00.000Z,Sold,2013-09-22T00:00:00.000Z,Listing removed,2013-09-13T00:00:00.000Z,Price change,2013-08-03T00:00:00.000Z,Listed for rent,2010-01-13T00:00:00.000Z,Sold,2009-12-04T00:00:00.000Z,Listed for sale,,,,,,,,,,,,,,,,,,,,,,
"203 Logan Dr, Maumelle, AR 72113",203 Logan Dr,Maumelle,AR,,forRent,3,1472,,1835,58,https://www.zillow.com/homedetails/203-Logan-Dr-Maumelle-AR-72113/2057186362_zpid/,,,2026-08-05T00:00:00.000Z,Price change,2026-07-31T00:00:00.000Z,Listed for rent,2024-08-27T00:00:00.000Z,Listing removed,2024-08-01T00:00:00.000Z,Listed for rent,2023-06-19T00:00:00.000Z,Listing removed,2023-06-10T00:00:00.000Z,Listed for rent,,,,,,,,,,,,,,,,,,,,,,,,,,,,,,,,,,,,,,,,,,,,,,,,
