listingAddress/full,listingAddress/street,listingStatus,homeStatus,bedrooms,livingArea,price,listingPrice/amount,daysOnZillow,propertyUrl,hdpUrl,lastSoldPrice
"1802 Cashew Cir, Foley, AL 36535",1802 Cashew Cir,forRent,,,,,,,https://www.zillow.com/apartments/foley-al/outpost-orchard-residential/CgKL5n/,,
"830 State Highway 98, Daphne, AL 36526",830 State Highway 98,forRent,,,,,,,https://www.zillow.com/apartments/daphne-al/colonnade-at-eastern-shore/CkWVjp/,,
"32667 Revere Dr, Daphne, AL 36527",32667 Revere Dr,forRent,,4,,,1900,25,https://www.zillow.com/homedetails/32667-Revere-Dr-Daphne-AL-36527/450801650_zpid/,,
"31436 Memphis Loop, Spanish Fort, AL 36527",31436 Memphis Loop,forRent,,4,1948,,2295,30,https://www.zillow.com/homedetails/31436-Memphis-Loop-Spanish-Fort-AL-36527/2067469020_zpid/,,359800
"13898 Antler Hill Rd, Spanish Fort, AL 36527",13898 Antler Hill Rd,forRent,,4,1948,,2400,13,https://www.zillow.com/homedetails/13898-Antler-Hill-Rd-Spanish-Fort-AL-36527/405553127_zpid/,,360400
"12807 Philadelphia Blvd, Daphne, AL 36527",12807 Philadelphia Blvd,forRent,,3,1437,,1800,71,https://www.zillow.com/homedetails/12807-Philadelphia-Blvd-Daphne-AL-36527/343594922_zpid/,,239800
"904 Shagbark Rd, Foley, AL 36535",904 Shagbark Rd,forRent,,,,,,,https://www.zillow.com/apartments/foley-al/the-village-at-hickory-street/CgLXC4/,,
"12819 Philadelphia Blvd, Daphne, AL 36527",12819 Philadelphia Blvd,forRent,,3,1437,,1700,17,https://www.zillow.com/homedetails/12819-Philadelphia-Blvd-Daphne-AL-36527/448730797_zpid/,,251025
"13437 Antler Hill Rd, Spanish Fort, AL 36527",13437 Antler Hill Rd,forRent,,4,1931,,2350,7,https://www.zillow.com/homedetails/13437-Antler-Hill-Rd-Spanish-Fort-AL-36527/2058500497_zpid/,,319950
"4246 Lost Bay Dr #Id1541220p, Orange Beach, AL 36561",4246 Lost Bay Dr #Id1541220p,forRent,,6,3595,,5503,34,https://www.zillow.com/homedetails/4246-Lost-Bay-Dr-ID1541220P-Orange-Beach-AL-36561/462641711_zpid/,,
"4306 Lost Bay Dr #1, Orange Beach, AL 36561",4306 Lost Bay Dr #1,forRent,,3,,,2300,4,https://www.zillow.com/homedetails/4306-Lost-Bay-Dr-1-Orange-Beach-AL-36561/459688316_zpid/,,
"4246 Lost Bay Dr #Id1541223p, Orange Beach, AL 36561",4246 Lost Bay Dr #Id1541223p,forRent,,3,1797,,2603,45,https://www.zillow.com/homedetails/4246-Lost-Bay-Dr-ID1541223P-Orange-Beach-AL-36561/462641751_zpid/,,
"4021 Blue Water Dr #4021, Orange Beach, AL 36561",4021 Blue Water Dr #4021,forRent,,3,1437,,2250,4,https://www.zillow.com/homedetails/4021-Blue-Water-Dr-4021-Orange-Beach-AL-36561/458825663_zpid/,,
"4242 Lost Bay Dr #4242, Orange Beach, AL 36561",4242 Lost Bay Dr #4242,forRent,,3,1437,,3500,30,https://www.zillow.com/homedetails/4242-Lost-Bay-Dr-4242-Orange-Beach-AL-36561/464334412_zpid/,,
"4294 Lost Bay Dr, Orange Beach, AL 36561",4294 Lost Bay Dr,forRent,,3,1437,,2900,2,https://www.zillow.com/homedetails/4294-Lost-Bay-Dr-Orange-Beach-AL-36561/457020516_zpid/,,370000
"4310 Lost Bay Dr #4310, Orange Beach, AL 36561",4310 Lost Bay Dr #4310,forRent,,3,1437,,3500,30,https://www.zillow.com/homedetails/4310-Lost-Bay-Dr-4310-Orange-Beach-AL-36561/464334411_zpid/,,
"4246 Lost Bay Dr #Id1541221p, Orange Beach, AL 36561",4246 Lost Bay Dr #Id1541221p,forRent,,3,1797,,2634,34,https://www.zillow.com/homedetails/4246-Lost-Bay-Dr-ID1541221P-Orange-Beach-AL-36561/462641758_zpid/,,
"4688 Casablanca Dr, Orange Beach, AL 36561",4688 Casablanca Dr,forRent,,3,2008,,3500,57,https://www.zillow.com/homedetails/4688-Casablanca-Dr-Orange-Beach-AL-36561/2067521250_zpid/,,490000
"4148 Lost Bay Dr #1, Orange Beach, AL 36561",4148 Lost Bay Dr #1,forRent,,3,1437,,2250,56,https://www.zillow.com/homedetails/4148-Lost-Bay-Dr-1-Orange-Beach-AL-36561/463764832_zpid/,,
"4302 Lost Bay Dr #1, Orange Beach, AL 36561",4302 Lost Bay Dr #1,forRent,,3,,,2300,4,https://www.zillow.com/homedetails/4302-Lost-Bay-Dr-1-Orange-Beach-AL-36561/464932718_zpid/,,
"24759 Raynagua Blvd, Loxley, AL 36551",24759 Raynagua Blvd,forRent,,4,2142,,2090,0,https://www.zillow.com/homedetails/24759-Raynagua-Blvd-Loxley-AL-36551/463510991_zpid/,,
"16363 Apricot Dr, Loxley, AL 36551",16363 Apricot Dr,forRent,,4,2142,,2090,0,https://www.zillow.com/homedetails/16363-Apricot-Dr-Loxley-AL-36551/465041459_zpid/,,
"4246 Lost Bay Dr #Id1541220p, Orange Beach, AL 36561",4246 Lost Bay Dr #Id1541220p,forRent,,6,3595,,5503,34,https://www.zillow.com/homedetails/4246-Lost-Bay-Dr-ID1541220P-Orange-Beach-AL-36561/462641711_zpid/,,
"4246 Lost Bay Dr #Id1541223p, Orange Beach, AL 36561",4246 Lost Bay Dr #Id1541223p,forRent,,3,1797,,2603,45,https://www.zillow.com/homedetails/4246-Lost-Bay-Dr-ID1541223P-Orange-Beach-AL-36561/462641751_zpid/,,
"4306 Lost Bay Dr #1, Orange Beach, AL 36561",4306 Lost Bay Dr #1,forRent,,3,,,2300,4,https://www.zillow.com/homedetails/4306-Lost-Bay-Dr-1-Orange-Beach-AL-36561/459688316_zpid/,,
"13330 Shea Cir, Foley, AL 36535",13330 Shea Cir,forRent,,3,1430,,2150,24,https://www.zillow.com/homedetails/13330-Shea-Cir-Foley-AL-36535/462523648_zpid/,,
"13824 Shea Cir, Foley, AL 36535",13824 Shea Cir,forRent,,3,1281,,1950,26,https://www.zillow.com/homedetails/13824-Shea-Cir-Foley-AL-36535/456892388_zpid/,,
"31543 Lyon Rd, Daphne, AL 36527",31543 Lyon Rd,forRent,,5,,,2600,26,https://www.zillow.com/homedetails/31543-Lyon-Rd-Daphne-AL-36527/456321716_zpid/,,354500
"24775 Raynagua Blvd, Loxley, AL 36551",24775 Raynagua Blvd,forRent,,4,2000,,1995,0,https://www.zillow.com/homedetails/24775-Raynagua-Blvd-Loxley-AL-36551/463944561_zpid/,,
"4148 Lost Bay Dr #1, Orange Beach, AL 36561",4148 Lost Bay Dr #1,forRent,,3,1437,,2250,56,https://www.zillow.com/homedetails/4148-Lost-Bay-Dr-1-Orange-Beach-AL-36561/463764832_zpid/,,
"4310 Lost Bay Dr #4310, Orange Beach, AL 36561",4310 Lost Bay Dr #4310,forRent,,3,1437,,3500,30,https://www.zillow.com/homedetails/4310-Lost-Bay-Dr-4310-Orange-Beach-AL-36561/464334411_zpid/,,
"4242 Lost Bay Dr #4242, Orange Beach, AL 36561",4242 Lost Bay Dr #4242,forRent,,3,1437,,3500,30,https://www.zillow.com/homedetails/4242-Lost-Bay-Dr-4242-Orange-Beach-AL-36561/464334412_zpid/,,
"4302 Lost Bay Dr #1, Orange Beach, AL 36561",4302 Lost Bay Dr #1,forRent,,3,,,2300,4,https://www.zillow.com/homedetails/4302-Lost-Bay-Dr-1-Orange-Beach-AL-36561/464932718_zpid/,,
"4294 Lost Bay Dr, Orange Beach, AL 36561",4294 Lost Bay Dr,forRent,,3,1437,,2900,2,https://www.zillow.com/homedetails/4294-Lost-Bay-Dr-Orange-Beach-AL-36561/457020516_zpid/,,370000
"4246 Lost Bay Dr #Id1541221p, Orange Beach, AL 36561",4246 Lost Bay Dr #Id1541221p,forRent,,3,1797,,2634,34,https://www.zillow.com/homedetails/4246-Lost-Bay-Dr-ID1541221P-Orange-Beach-AL-36561/462641758_zpid/,,
"16404 Apricot Dr, Loxley, AL 36551",16404 Apricot Dr,forRent,,3,1550,,1750,0,https://www.zillow.com/homedetails/16404-Apricot-Dr-Loxley-AL-36551/462793552_zpid/,,
"65 Swayze Rhys Ln, Cabot, AR 72023",65 Swayze Rhys Ln,forRent,,3,1633,,1700,22,https://www.zillow.com/homedetails/65-Swayze-Rhys-Ln-Cabot-AR-72023/2052994194_zpid/,,213925
"50 Swayze Rhys Ln, Cabot, AR 72023",50 Swayze Rhys Ln,forRent,,4,1652,,1700,21,https://www.zillow.com/homedetails/50-Swayze-Rhys-Ln-Cabot-AR-72023/350308169_zpid/,,217825
"60 Leruss Blvd, Cabot, AR 72023",60 Leruss Blvd,forRent,,3,1422,,1425,31,https://www.zillow.com/homedetails/60-Leruss-Blvd-Cabot-AR-72023/342062290_zpid/,,203000
"35 Foster Louis Ln, Cabot, AR 72023",35 Foster Louis Ln,forRent,,3,1234,,1455,7,https://www.zillow.com/homedetails/35-Foster-Louis-Ln-Cabot-AR-72023/349183675_zpid/,,
"70 Kinley Brook Ln, Cabot, AR 72023",70 Kinley Brook Ln,forRent,,3,1012,,1595,24,https://www.zillow.com/homedetails/70-Kinley-Brook-Ln-Cabot-AR-72023/2055560788_zpid/,,175775
"3802 Pinecrest Ln, Maumelle, AR 72113",3802 Pinecrest Ln,forRent,,4,2435,,2700,1,https://www.zillow.com/homedetails/3802-Pinecrest-Ln-Maumelle-AR-72113/465038347_zpid/,,
"55 Maddison Rachael, Cabot, AR 72023",55 Maddison Rachael,forRent,,4,1459,,1475,35,https://www.zillow.com/homedetails/55-Maddison-Rachael-Cabot-AR-72023/461972684_zpid/,,212900
"8616 Eastwood Creek Dr, North Little Rock, AR 72113",8616 Eastwood Creek Dr,forRent,,3,1722,,1950,15,https://www.zillow.com/homedetails/8616-Eastwood-Creek-Dr-North-Little-Rock-AR-72113/2059022685_zpid/,,246600
"70 Nona Ruth Ln, Cabot, AR 72023",70 Nona Ruth Ln,forRent,,3,1612,,1575,4,https://www.zillow.com/homedetails/70-Nona-Ruth-Ln-Cabot-AR-72023/461972683_zpid/,,214900
"10505 Cypress Knee Dr, North Little Rock, AR 72113",10505 Cypress Knee Dr,forRent,,3,1678,,1850,10,https://www.zillow.com/homedetails/10505-Cypress-Knee-Dr-North-Little-Rock-AR-72113/2061799089_zpid/,,233425
"170 Bighorn Trl, Maumelle, AR 72113",170 Bighorn Trl,forRent,,3,1382,,1850,13,https://www.zillow.com/homedetails/170-Bighorn-Trl-Maumelle-AR-72113/461017693_zpid/,,
"2400 SW Ednruance Way #2, Maumelle, AR 72113",2400 SW Ednruance Way #2,forRent,,3,1200,,2125,74,https://www.zillow.com/homedetails/2400-SW-Ednruance-Way-2-Maumelle-AR-72113/463401793_zpid/,,
"6006 Hoover St, Maumelle, AR 72113",6006 Hoover St,forRent,,2,1450,,1595,7,https://www.zillow.com/homedetails/6006-Hoover-St-Maumelle-AR-72113/2062966797_zpid/,,
"144 Jonathan Dr, Maumelle, AR 72113",144 Jonathan Dr,forRent,,3,1402,,1800,33,https://www.zillow.com/homedetails/144-Jonathan-Dr-Maumelle-AR-72113/462538135_zpid/,,225150
"1155 Mimosa Dr, Conway, AR 72034",1155 Mimosa Dr,forRent,,3,1236,,1400,0,https://www.zillow.com/homedetails/1155-Mimosa-Dr-Conway-AR-72034/35730018_zpid/,,78000
"1306 Bellemeade Dr, Conway, AR 72034",1306 Bellemeade Dr,forRent,,3,2220,,1775,22,https://www.zillow.com/homedetails/1306-Bellemeade-Dr-Conway-AR-72034/234155_zpid/,,89090
"175 Southerland Rd, Conway, AR 72032",175 Southerland Rd,forRent,,3,1532,,1650,2,https://www.zillow.com/homedetails/175-Southerland-Rd-Conway-AR-72032/35730518_zpid/,,165000
"621-623 Cosmos St, Maumelle, AR 72113",621-623 Cosmos St,other,,,,,,,https://www.zillow.com/b/621-623-cosmos-st-maumelle-ar-CpNTTZ/,,
"1610 Raden St, Conway, AR 72032",1610 Raden St,forRent,,3,1243,,1650,23,https://www.zillow.com/homedetails/1610-Raden-St-Conway-AR-72032/2066419442_zpid/,,
"4660 Graham Dr, Conway, AR 72034",4660 Graham Dr,forRent,,3,1172,,1400,15,https://www.zillow.com/homedetails/4660-Graham-Dr-Conway-AR-72034/59917937_zpid/,,109000
"1810 Rich Smith Ln, Conway, AR 72032",1810 Rich Smith Ln,forRent,,3,2310,,2500,39,https://www.zillow.com/homedetails/1810-Rich-Smith-Ln-Conway-AR-72032/102992676_zpid/,,
"2 S Hampton Cv, Conway, AR 72034",2 S Hampton Cv,forRent,,3,1680,,1700,11,https://www.zillow.com/homedetails/2-S-Hampton-Cv-Conway-AR-72034/234006_zpid/,,244000
"2250 Wilmington Dr, Conway, AR 72034",2250 Wilmington Dr,forRent,,3,1449,,1600,50,https://www.zillow.com/homedetails/2250-Wilmington-Dr-Conway-AR-72034/59917837_zpid/,,141000
"15 Leruss Blvd, Cabot, AR 72023",15 Leruss Blvd,forRent,,,,,,,https://www.zillow.com/b/15-leruss-blvd-cabot-ar-CkhJp8/,,
"1267 Hamilton St, Conway, AR 72032",1267 Hamilton St,forRent,,3,1056,,1233,16,https://www.zillow.com/homedetails/1267-Hamilton-St-Conway-AR-72032/234905_zpid/,,52000
"31 Haley Renee Dr, Greenbrier, AR 72058",31 Haley Renee Dr,forRent,,3,1527,,1400,30,https://www.zillow.com/homedetails/31-Haley-Renee-Dr-Greenbrier-AR-72058/464349852_zpid/,,
"2135 Raintree Dr, Conway, AR 72032",2135 Raintree Dr,forRent,,3,1042,,1350,37,https://www.zillow.com/homedetails/2135-Raintree-Dr-Conway-AR-72032/240139_zpid/,,106000
"10 Harvest Ln, Conway, AR 72032",10 Harvest Ln,forRent,,3,1288,,1495,17,https://www.zillow.com/homedetails/10-Harvest-Ln-Conway-AR-72032/338960356_zpid/,,
"1405 Appalachain Dr, Conway, AR 72034",1405 Appalachain Dr,forRent,,3,1145,,1450,79,https://www.zillow.com/homedetails/1405-Appalachain-Dr-Conway-AR-72034/35730407_zpid/,,180500
"1906 Dave Ward Dr, Conway, AR 72034",1906 Dave Ward Dr,forRent,,3,1335,,1000,24,https://www.zillow.com/homedetails/1906-Dave-Ward-Dr-Conway-AR-72034/2061771487_zpid/,,
"2845 York Ln, Conway, AR 72034",2845 York Ln,forRent,,3,1600,,1595,7,https://www.zillow.com/homedetails/2845-York-Ln-Conway-AR-72034/63265218_zpid/,,245000
"2004 Hairston Ave, Conway, AR 72034",2004 Hairston Ave,forRent,,3,1703,,2800,2,https://www.zillow.com/homedetails/2004-Hairston-Ave-Conway-AR-72034/444384959_zpid/,,
"1345 Stone Crest Dr, Conway, AR 72034",1345 Stone Crest Dr,forRent,,3,2103,,1850,0,https://www.zillow.com/homedetails/1345-Stone-Crest-Dr-Conway-AR-72034/52392110_zpid/,,172000
"4540 Thompson St, Conway, AR 72034",4540 Thompson St,forRent,,3,1195,,1450,9,https://www.zillow.com/homedetails/4540-Thompson-St-Conway-AR-72034/52392329_zpid/,,110000
"1930 College Ave, Conway, AR 72034",1930 College Ave,forRent,,3,1926,,3100,2,https://www.zillow.com/homedetails/1930-College-Ave-Conway-AR-72034/237634_zpid/,,160268
"15 Summerfield Dr, Conway, AR 72034",15 Summerfield Dr,forRent,,3,1508,,1800,6,https://www.zillow.com/homedetails/15-Summerfield-Dr-Conway-AR-72034/238239_zpid/,,99000
"4555 Graham Dr, Conway, AR 72034",4555 Graham Dr,forRent,,3,1192,,1400,22,https://www.zillow.com/homedetails/4555-Graham-Dr-Conway-AR-72034/59917944_zpid/,,185000
"2830 Longbow Ln, Conway, AR 72034",2830 Longbow Ln,forRent,,3,1388,,1450,25,https://www.zillow.com/homedetails/2830-Longbow-Ln-Conway-AR-72034/82265622_zpid/,,192099
"1425 Ola St, Conway, AR 72032",1425 Ola St,forRent,,3,1268,,3100,2,https://www.zillow.com/homedetails/1425-Ola-St-Conway-AR-72032/63265054_zpid/,,115000
"314 Ray St, Cabot, AR 72023",314 Ray St,forRent,,3,1449,,1300,52,https://www.zillow.com/homedetails/314-Ray-St-Cabot-AR-72023/257086_zpid/,,700000
"32 Thunderbird Dr, Cabot, AR 72023",32 Thunderbird Dr,forRent,,3,1444,,1475,1,https://www.zillow.com/homedetails/32-Thunderbird-Dr-Cabot-AR-72023/67447424_zpid/,,
"53 Bent Tree Dr, Cabot, AR 72023",53 Bent Tree Dr,forRent,,3,1645,,1495,44,https://www.zillow.com/homedetails/53-Bent-Tree-Dr-Cabot-AR-72023/256157_zpid/,,10000
"15 Silverado Ct, Cabot, AR 72023",15 Silverado Ct,forRent,,3,1382,,1350,15,https://www.zillow.com/homedetails/15-Silverado-Ct-Cabot-AR-72023/35732243_zpid/,,150000
"59 Hickory Bend Dr, Cabot, AR 72023",59 Hickory Bend Dr,forRent,,3,2129,,2000,22,https://www.zillow.com/homedetails/59-Hickory-Bend-Dr-Cabot-AR-72023/67445626_zpid/,,207000
"22 Oakland Cir, Austin, AR 72007",22 Oakland Cir,forRent,,3,1328,,1575,10,https://www.zillow.com/homedetails/22-Oakland-Cir-Austin-AR-72007/251409763_zpid/,,176000
"509 E Elm St, Cabot, AR 72023",509 E Elm St,forRent,,3,1056,,1450,57,https://www.zillow.com/homedetails/509-E-Elm-St-Cabot-AR-72023/257181_zpid/,,185000
"16 Mustang Dr, Cabot, AR 72023",16 Mustang Dr,forRent,,3,1494,,1450,28,https://www.zillow.com/homedetails/16-Mustang-Dr-Cabot-AR-72023/63160974_zpid/,,2988
"21 Meadowlark Dr, Cabot, AR 72023",21 Meadowlark Dr,forRent,,3,1013,,1395,23,https://www.zillow.com/homedetails/21-Meadowlark-Dr-Cabot-AR-72023/255213_zpid/,,147900
"54 Magnolia Dr, Cabot, AR 72023",54 Magnolia Dr,forRent,,3,1394,,1400,49,https://www.zillow.com/homedetails/54-Magnolia-Dr-Cabot-AR-72023/60314948_zpid/,,117000
"15 Applewood Cv, Cabot, AR 72023",15 Applewood Cv,forRent,,3,1588,,1600,49,https://www.zillow.com/homedetails/15-Applewood-Cv-Cabot-AR-72023/35732370_zpid/,,226000
"120 Suda St, Cabot, AR 72023",120 Suda St,forRent,,3,1008,,995,139,https://www.zillow.com/homedetails/120-Suda-St-Cabot-AR-72023/213595966_zpid/,,120000
"203 Lynn Ln, Lonoke, AR 72086",203 Lynn Ln,forRent,,3,1200,,1195,81,https://www.zillow.com/homedetails/203-Lynn-Ln-Lonoke-AR-72086/260453_zpid/,,105000
"72 Branchwood Ln, Austin, AR 72007",72 Branchwood Ln,forRent,,3,1216,,1200,8,https://www.zillow.com/homedetails/72-Branchwood-Ln-Austin-AR-72007/252707_zpid/,,1710000
"14 Saunder Dr N, Austin, AR 72007",14 Saunder Dr N,forRent,,3,1392,,1550,37,https://www.zillow.com/homedetails/14-Saunder-Dr-N-Austin-AR-72007/347067074_zpid/,,198000
"400 Apricot St, Austin, AR 72007",400 Apricot St,forRent,,3,1200,,1475,11,https://www.zillow.com/homedetails/400-Apricot-St-Austin-AR-72007/82250818_zpid/,,280000
"17 Farrah St, Ward, AR 72176",17 Farrah St,forRent,,3,1563,,1250,87,https://www.zillow.com/homedetails/17-Farrah-St-Ward-AR-72176/52495486_zpid/,,
"26 Mustang Dr, Cabot, AR 72023",26 Mustang Dr,forRent,,3,1537,,1550,56,https://www.zillow.com/homedetails/26-Mustang-Dr-Cabot-AR-72023/63160976_zpid/,,310000
"11 W Plaza Blvd, Cabot, AR 72023",11 W Plaza Blvd,forRent,,3,1487,,1525,11,https://www.zillow.com/homedetails/11-W-Plaza-Blvd-Cabot-AR-72023/256262_zpid/,,229049
"73 Timberwood Dr, Cabot, AR 72023",73 Timberwood Dr,forRent,,3,1230,,1450,17,https://www.zillow.com/homedetails/73-Timberwood-Dr-Cabot-AR-72023/52495438_zpid/,,161000
"85 Kyndall Lauren Ln, Cabot, AR 72023",85 Kyndall Lauren Ln,forRent,,3,1244,,1450,19,https://www.zillow.com/homedetails/85-Kyndall-Lauren-Ln-Cabot-AR-72023/442588183_zpid/,,179900
"1609 Moon Rd, Ward, AR 72176",1609 Moon Rd,forRent,,3,1026,,1095,4,https://www.zillow.com/homedetails/1609-Moon-Rd-Ward-AR-72176/99444948_zpid/,,125000
"101 Cedar Creek Loop, Cabot, AR 72023",101 Cedar Creek Loop,forRent,,3,1422,,1295,43,https://www.zillow.com/homedetails/101-Cedar-Creek-Loop-Cabot-AR-72023/88905306_zpid/,,
"32 Fortson Dr, Cabot, AR 72023",32 Fortson Dr,forRent,,3,1064,,875,13,https://www.zillow.com/homedetails/32-Fortson-Dr-Cabot-AR-72023/63161011_zpid/,,750000
"17 Azalea Dr, Cabot, AR 72023",17 Azalea Dr,forRent,,3,1294,,1345,72,https://www.zillow.com/homedetails/17-Azalea-Dr-Cabot-AR-72023/52495110_zpid/,,174500
"6006 Hoover St, Maumelle, AR 72113",6006 Hoover St,forRent,,2,1450,,1595,7,https://www.zillow.com/homedetails/6006-Hoover-St-Maumelle-AR-72113/2062966797_zpid/,,
"3802 Pinecrest Ln, Maumelle, AR 72113",3802 Pinecrest Ln,forRent,,4,2435,,2700,1,https://www.zillow.com/homedetails/3802-Pinecrest-Ln-Maumelle-AR-72113/465038347_zpid/,,
"10505 Cypress Knee Dr, North Little Rock, AR 72113",10505 Cypress Knee Dr,forRent,,3,1678,,1850,10,https://www.zillow.com/homedetails/10505-Cypress-Knee-Dr-North-Little-Rock-AR-72113/2061799089_zpid/,,233425
"144 Jonathan Dr, Maumelle, AR 72113",144 Jonathan Dr,forRent,,3,1402,,1800,33,https://www.zillow.com/homedetails/144-Jonathan-Dr-Maumelle-AR-72113/462538135_zpid/,,225150
"170 Bighorn Trl, Maumelle, AR 72113",170 Bighorn Trl,forRent,,3,1382,,1850,13,https://www.zillow.com/homedetails/170-Bighorn-Trl-Maumelle-AR-72113/461017693_zpid/,,
"8616 Eastwood Creek Dr, North Little Rock, AR 72113",8616 Eastwood Creek Dr,forRent,,3,1722,,1950,15,https://www.zillow.com/homedetails/8616-Eastwood-Creek-Dr-North-Little-Rock-AR-72113/2059022685_zpid/,,246600
"2400 SW Ednruance Way #2, Maumelle, AR 72113",2400 SW Ednruance Way #2,forRent,,3,1200,,2125,74,https://www.zillow.com/homedetails/2400-SW-Ednruance-Way-2-Maumelle-AR-72113/463401793_zpid/,,
"203 Logan Dr, Maumelle, AR 72113",203 Logan Dr,forRent,,3,1472,,1835,35,https://www.zillow.com/homedetails/203-Logan-Dr-Maumelle-AR-72113/2057186362_zpid/,,
"621-623 Cosmos St, Maumelle, AR 72113",621-623 Cosmos St,other,,,,,,,https://www.zillow.com/b/621-623-cosmos-st-maumelle-ar-CpNTTZ/,,
"124 Im Dr, Maumelle, AR 72113",124 Im Dr,forRent,,4,1500,,1950,60,https://www.zillow.com/homedetails/124-Im-Dr-Maumelle-AR-72113/2056969175_zpid/,,222925
"106 Jo Park Ln, Maumelle, AR 72113",106 Jo Park Ln,forRent,,4,1640,,2000,29,https://www.zillow.com/homedetails/106-Jo-Park-Ln-Maumelle-AR-72113/2056841941_zpid/,,
"205 Logan Dr, Maumelle, AR 72113",205 Logan Dr,forRent,,3,1472,,1835,49,https://www.zillow.com/homedetails/205-Logan-Dr-Maumelle-AR-72113/2057186361_zpid/,,
"10413 Cypress Knee Dr, Maumelle, AR 72113",10413 Cypress Knee Dr,forRent,,3,1480,,1800,65,https://www.zillow.com/homedetails/10413-Cypress-Knee-Dr-Maumelle-AR-72113/2060938533_zpid/,,
"61 Pin Oak Loop, Maumelle, AR 72113",61 Pin Oak Loop,forRent,,3,1173,,1495,63,https://www.zillow.com/homedetails/61-Pin-Oak-Loop-Maumelle-AR-72113/326810_zpid/,,175000
"(Undisclosed Address), Maumelle, AR 72113",(Undisclosed Address),forRent,,3,1430,,1700,13,https://www.zillow.com/homedetails/Maumelle-AR-72113/326296_zpid/,,295000
"7 Southland Dr, Maumelle, AR 72113",7 Southland Dr,forRent,,2,925,,850,66,https://www.zillow.com/homedetails/7-Southland-Dr-Maumelle-AR-72113/2109744736_zpid/,,
"111 Miramar Dr, Maumelle, AR 72113",111 Miramar Dr,forRent,,3,2404,,2390,0,https://www.zillow.com/homedetails/111-Miramar-Dr-Maumelle-AR-72113/328081_zpid/,,240000
"11 Page Cv, Maumelle, AR 72113",11 Page Cv,forRent,,3,1294,,1695,2,https://www.zillow.com/homedetails/11-Page-Cv-Maumelle-AR-72113/326629_zpid/,,222125
"2 Corbet Ln, Maumelle, AR 72113",2 Corbet Ln,forRent,,3,1523,,2300,14,https://www.zillow.com/homedetails/2-Corbet-Ln-Maumelle-AR-72113/122005820_zpid/,,
"5 Stoneledge Dr, Maumelle, AR 72113",5 Stoneledge Dr,forRent,,3,1755,,1850,21,https://www.zillow.com/homedetails/5-Stoneledge-Dr-Maumelle-AR-72113/326005_zpid/,,240000
"57 Stoneledge Dr, Maumelle, AR 72113",57 Stoneledge Dr,forRent,,4,1961,,1950,14,https://www.zillow.com/homedetails/57-Stoneledge-Dr-Maumelle-AR-72113/326028_zpid/,,145000
"263 Lake Valley Dr, Maumelle, AR 72113",263 Lake Valley Dr,forRent,,5,3100,,2600,7,https://www.zillow.com/homedetails/263-Lake-Valley-Dr-Maumelle-AR-72113/89031838_zpid/,,308200
"216 Chantilly Cir, Maumelle, AR 72113",216 Chantilly Cir,forRent,,3,1632,,2200,5,https://www.zillow.com/homedetails/216-Chantilly-Cir-Maumelle-AR-72113/328342_zpid/,,300000
"32 Cinderwood Cv, Maumelle, AR 72113",32 Cinderwood Cv,forRent,,3,2467,,1895,5,https://www.zillow.com/homedetails/32-Cinderwood-Cv-Maumelle-AR-72113/343619_zpid/,,505000
"81 Oak Forest Loop, Maumelle, AR 72113",81 Oak Forest Loop,forRent,,3,1300,,1700,46,https://www.zillow.com/homedetails/81-Oak-Forest-Loop-Maumelle-AR-72113/326542_zpid/,,145000
"110 Vienne Pl, Maumelle, AR 72113",110 Vienne Pl,forRent,,3,1553,,1850,13,https://www.zillow.com/homedetails/110-Vienne-Pl-Maumelle-AR-72113/118161409_zpid/,,180000
"127 Rolling Oaks Dr, Maumelle, AR 72113",127 Rolling Oaks Dr,forRent,,3,1240,,1475,4,https://www.zillow.com/homedetails/127-Rolling-Oaks-Dr-Maumelle-AR-72113/326438_zpid/,,79500
"127 Chambery Dr, Maumelle, AR 72113",127 Chambery Dr,forRent,,4,1651,,2500,1,https://www.zillow.com/homedetails/127-Chambery-Dr-Maumelle-AR-72113/122006196_zpid/,,
"117 Logan Dr, Maumelle, AR 72113",117 Logan Dr,forRent,,3,1472,,1835,59,https://www.zillow.com/homedetails/117-Logan-Dr-Maumelle-AR-72113/2057186355_zpid/,,
"154 Roman Heights Ave, Alexander, AR 72002",154 Roman Heights Ave,forRent,,,,,,,https://www.zillow.com/b/154-roman-heights-ave-alexander-ar-Cdzchh/,,
"1504 McCurdy, Benton, AR 72019",1504 McCurdy,forRent,,4,1725,,1750,25,https://www.zillow.com/homedetails/1504-McCurdy-Benton-AR-72019/388159_zpid/,,21500
"22930 Sam Tillery Dr, Alexander, AR 72002",22930 Sam Tillery Dr,forRent,,4,1640,,2000,11,https://www.zillow.com/homedetails/22930-Sam-Tillery-Dr-Alexander-AR-72002/464786376_zpid/,,
"328 Gathering House Rd, Haskell, AR 72015",328 Gathering House Rd,forRent,,3,2000,,1625,31,https://www.zillow.com/homedetails/328-Gathering-House-Rd-Haskell-AR-72015/64861478_zpid/,,188000
"5096 Woodstream Dr, Alexander, AR 72002",5096 Woodstream Dr,forRent,,3,1594,,2600,0,https://www.zillow.com/homedetails/5096-Woodstream-Dr-Alexander-AR-72002/2077881150_zpid/,,180150
"14108 Cherry Hill Dr, Alexander, AR 72002",14108 Cherry Hill Dr,forRent,,3,1100,,1475,23,https://www.zillow.com/homedetails/14108-Cherry-Hill-Dr-Alexander-AR-72002/52934816_zpid/,,155000
"4332 Sloan Dr, Alexander, AR 72002",4332 Sloan Dr,forRent,,4,2112,,2255,38,https://www.zillow.com/homedetails/4332-Sloan-Dr-Alexander-AR-72002/464195265_zpid/,,
"6688 Hollywood Ave, Benton, AR 72019",6688 Hollywood Ave,forRent,,3,1051,,1595,0,https://www.zillow.com/homedetails/6688-Hollywood-Ave-Benton-AR-72019/460744960_zpid/,,183900
"14095 Magnolia Glen Dr, Alexander, AR 72002",14095 Magnolia Glen Dr,forRent,,3,1228,,1530,3,https://www.zillow.com/homedetails/14095-Magnolia-Glen-Dr-Alexander-AR-72002/88906053_zpid/,,119500
"2096 Fern Valley Dr, Alexander, AR 72002",2096 Fern Valley Dr,forRent,,3,1345,,1650,0,https://www.zillow.com/homedetails/2096-Fern-Valley-Dr-Alexander-AR-72002/247595778_zpid/,,188800
"148 Kelton Dr, Hensley, AR 72065",148 Kelton Dr,forRent,,4,1907,,2200,29,https://www.zillow.com/homedetails/148-Kelton-Dr-Hensley-AR-72065/464384218_zpid/,,
"3001 Wild Berry Dr, Benton, AR 72015",3001 Wild Berry Dr,forRent,,3,1486,,1725,14,https://www.zillow.com/homedetails/3001-Wild-Berry-Dr-Benton-AR-72015/71716346_zpid/,,184900
"905 Pheasant Cv, Benton, AR 72019",905 Pheasant Cv,forRent,,3,1415,,1595,1,https://www.zillow.com/homedetails/905-Pheasant-Cv-Benton-AR-72019/385747_zpid/,,158000
"227 Iris St, Haskell, AR 72015",227 Iris St,forRent,,3,1420,,1725,39,https://www.zillow.com/homedetails/227-Iris-St-Haskell-AR-72015/2060765172_zpid/,,195000
"821 Church, Benton, AR 72015",821 Church,forRent,,4,1540,,1675,0,https://www.zillow.com/homedetails/821-Church-Benton-AR-72015/387634_zpid/,,155000
"3264 Sidell Estates Dr, Benton, AR 72015",3264 Sidell Estates Dr,forRent,,4,1652,,1795,21,https://www.zillow.com/homedetails/3264-Sidell-Estates-Dr-Benton-AR-72015/2063496322_zpid/,,
"13757 Cedar Glen Cv, Alexander, AR 72002",13757 Cedar Glen Cv,forRent,,3,1408,,1575,9,https://www.zillow.com/homedetails/13757-Cedar-Glen-Cv-Alexander-AR-72002/92432562_zpid/,,124900
"313 S Neeley St, Benton, AR 72015",313 S Neeley St,forRent,,3,1800,,1625,18,https://www.zillow.com/homedetails/313-S-Neeley-St-Benton-AR-72015/2067919637_zpid/,,205000
"17 Greenbrier Dr, Benton, AR 72015",17 Greenbrier Dr,forRent,,3,1460,,1595,32,https://www.zillow.com/homedetails/17-Greenbrier-Dr-Benton-AR-72015/386172_zpid/,,143000
"4533 Western Woods Dr, Benton, AR 72015",4533 Western Woods Dr,forRent,,4,1984,,1845,7,https://www.zillow.com/homedetails/4533-Western-Woods-Dr-Benton-AR-72015/2061640122_zpid/,,313100
"6032 Orange Valley Cv, Mabelvale, AR 72103",6032 Orange Valley Cv,forRent,,4,1504,,1650,34,https://www.zillow.com/homedetails/6032-Orange-Valley-Cv-Mabelvale-AR-72103/2062762647_zpid/,,
"4056 Kings River Trl, Bauxite, AR 72011",4056 Kings River Trl,forRent,,3,1480,,1395,38,https://www.zillow.com/homedetails/4056-Kings-River-Trl-Bauxite-AR-72011/2062403626_zpid/,,200660
"1067 Huntington Dr, Benton, AR 72019",1067 Huntington Dr,forRent,,4,1459,,1545,22,https://www.zillow.com/homedetails/1067-Huntington-Dr-Benton-AR-72019/2061767452_zpid/,,
"4326 Glenda Ln, Benton, AR 72019",4326 Glenda Ln,forRent,,3,1398,,1545,31,https://www.zillow.com/homedetails/4326-Glenda-Ln-Benton-AR-72019/68021994_zpid/,,157000
"5399 Heritage Valley Dr, Benton, AR 72019",5399 Heritage Valley Dr,forRent,,4,1790,,1900,39,https://www.zillow.com/homedetails/5399-Heritage-Valley-Dr-Benton-AR-72019/2062299989_zpid/,,245000
"144 Jonathan Dr, Maumelle, AR 72113",144 Jonathan Dr,forRent,,3,1402,,1800,33,https://www.zillow.com/homedetails/144-Jonathan-Dr-Maumelle-AR-72113/462538135_zpid/,,225150
"8616 Eastwood Creek Dr, North Little Rock, AR 72113",8616 Eastwood Creek Dr,forRent,,3,1722,,1950,15,https://www.zillow.com/homedetails/8616-Eastwood-Creek-Dr-North-Little-Rock-AR-72113/2059022685_zpid/,,246600
"2400 SW Ednruance Way #2, Maumelle, AR 72113",2400 SW Ednruance Way #2,forRent,,3,1200,,2125,74,https://www.zillow.com/homedetails/2400-SW-Ednruance-Way-2-Maumelle-AR-72113/463401793_zpid/,,
"196 Preston Ln, Hensley, AR 72065",196 Preston Ln,forRent,,4,1525,,1775,13,https://www.zillow.com/homedetails/196-Preston-Ln-Hensley-AR-72065/462387776_zpid/,,
"170 Bighorn Trl, Maumelle, AR 72113",170 Bighorn Trl,forRent,,3,1382,,1850,13,https://www.zillow.com/homedetails/170-Bighorn-Trl-Maumelle-AR-72113/461017693_zpid/,,
"3802 Pinecrest Ln, Maumelle, AR 72113",3802 Pinecrest Ln,forRent,,4,2435,,2700,1,https://www.zillow.com/homedetails/3802-Pinecrest-Ln-Maumelle-AR-72113/465038347_zpid/,,
"133 Preston Ln, Hensley, AR 72065",133 Preston Ln,forRent,,5,1867,,1895,13,https://www.zillow.com/homedetails/133-Preston-Ln-Hensley-AR-72065/458636124_zpid/,,
"164 Preston Ln, Hensley, AR 72065",164 Preston Ln,forRent,,4,1655,,1825,13,https://www.zillow.com/homedetails/164-Preston-Ln-Hensley-AR-72065/463494189_zpid/,,
"10505 Cypress Knee Dr, North Little Rock, AR 72113",10505 Cypress Knee Dr,forRent,,3,1678,,1850,10,https://www.zillow.com/homedetails/10505-Cypress-Knee-Dr-North-Little-Rock-AR-72113/2061799089_zpid/,,233425
"148 Preston Ln, Hensley, AR 72065",148 Preston Ln,forRent,,4,1525,,1775,13,https://www.zillow.com/homedetails/148-Preston-Ln-Hensley-AR-72065/463777017_zpid/,,
"180 Preston Ln, Hensley, AR 72065",180 Preston Ln,forRent,,3,1364,,1700,13,https://www.zillow.com/homedetails/180-Preston-Ln-Hensley-AR-72065/462386542_zpid/,,
"6006 Hoover St, Maumelle, AR 72113",6006 Hoover St,forRent,,2,1450,,1595,7,https://www.zillow.com/homedetails/6006-Hoover-St-Maumelle-AR-72113/2062966797_zpid/,,
"116 Preston Ln, Hensley, AR 72065",116 Preston Ln,forRent,,4,1655,,1825,13,https://www.zillow.com/homedetails/116-Preston-Ln-Hensley-AR-72065/463777019_zpid/,,
"124 Preston Ln, Hensley, AR 72065",124 Preston Ln,forRent,,4,1525,,1775,13,https://www.zillow.com/homedetails/124-Preston-Ln-Hensley-AR-72065/463777018_zpid/,,
"2277 Sam Tillery Dr, Alexander, AR 72002",2277 Sam Tillery Dr,forRent,,4,1439,,1795,8,https://www.zillow.com/homedetails/2277-Sam-Tillery-Dr-Alexander-AR-72002/462316857_zpid/,,222900
"4340 Sloan Dr, Alexander, AR 72002",4340 Sloan Dr,forRent,,4,1850,,2140,41,https://www.zillow.com/homedetails/4340-Sloan-Dr-Alexander-AR-72002/442183331_zpid/,,267480
"4050 Freesia St, Sherrills Ford, NC 28673",4050 Freesia St,forRent,,,,,,,https://www.zillow.com/apartments/sherrills-ford-nc/amavi-sherrills-ford/CkB99w/,,
"302-340 18th Ave NE, Hickory, NC 28601",302-340 18th Ave NE,other,,,,,,,https://www.zillow.com/apartments/hickory-nc/brand-new-pet-friendly-townhome-in-hickory-nc/CssHqg/,,
"1420 4th Street Dr NW, Hickory, NC 28601",1420 4th Street Dr NW,forRent,,,,,,,https://www.zillow.com/apartments/hickory-nc/viewmont-square/Ch5ZSC/,,
"44-72 10th St SE, Hickory, NC 28602",44-72 10th St SE,other,,,,,,,https://www.zillow.com/apartments/hickory-nc/44-72-10th-st-se/CtjwsY/,,
"650-818 2nd St SE, Hickory, NC 28602",650-818 2nd St SE,forRent,,,,,,,https://www.zillow.com/apartments/hickory-nc/modern-townhome-for-lease-in-hickory!/CtcSxP/,,
"1702-1724 8th Ave NE, Hickory, NC 28601",1702-1724 8th Ave NE,other,,,,,,,https://www.zillow.com/apartments/hickory-nc/1702-1724-8th-ave-ne/Ctc8fX/,,
"1227 10th Street Blvd NW, Hickory, NC 28601",1227 10th Street Blvd NW,forRent,,,,,,,https://www.zillow.com/apartments/hickory-nc/creekside-apartments/5XhwHX/,,
"122-142 4th St SE, Hickory, NC 28602",122-142 4th St SE,forRent,,,,,,,https://www.zillow.com/apartments/hickory-nc/modern-townhome-for-rent-modern-living-at-its-best!/CtjmjW/,,
"412-444 22nd St SW, Hickory, NC 28602",412-444 22nd St SW,other,,,,,,,https://www.zillow.com/apartments/hickory-nc/412-444-22nd-st-sw/CssFSF/,,
"44-72 10th St SE, Hickory, NC 28602",44-72 10th St SE,other,,,,,,,https://www.zillow.com/apartments/hickory-nc/44-72-10th-st-se/CtjwsY/,,
"111 Wells St, Kings Mountain, NC 28086",111 Wells St,other,,,,,,,https://www.zillow.com/apartments/kings-mountain-nc/111-wells-st/9BMCmy/,,
"225 Ebenezer Rd, Kings Mountain, NC 28086",225 Ebenezer Rd,other,,,,,,,https://www.zillow.com/apartments/kings-mountain-nc/225-ebenezer-rd-/CqBmQB/,,
"107 Kings Oak Cir, Kings Mountain, NC 28086",107 Kings Oak Cir,forRent,,,,,,,https://www.zillow.com/apartments/kings-mountain-nc/cambridge-oaks-ii-apts/ChKpLx/,,
"311 E King St, Kings Mountain, NC 28086",311 E King St,forRent,,,,,,,https://www.zillow.com/apartments/kings-mountain-nc/sh368-the-towns-at-kings-mountain/9Pm8gB/,,
"140 W Mountain St, Kings Mountain, NC 28086",140 W Mountain St,forRent,,,,,,,https://www.zillow.com/apartments/kings-mountain-nc/140-w-mountain-st/CFTcnh/,,
"48 Julian St, Kings Mountain, NC 28086",48 Julian St,forRent,,,,,,,https://www.zillow.com/apartments/kings-mountain-nc/48-julian-street/5Yrsd5/,,
"904 Shagbark Rd, Foley, AL 36535",904 Shagbark Rd,forRent,,,,,,,https://www.zillow.com/apartments/foley-al/the-village-at-hickory-street/CgLXC4/,,
"1802 Cashew Cir, Foley, AL 36535",1802 Cashew Cir,forRent,,,,,,,https://www.zillow.com/apartments/foley-al/outpost-orchard-residential/CgKL5n/,,
"830 State Highway 98, Daphne, AL 36526",830 State Highway 98,forRent,,,,,,,https://www.zillow.com/apartments/daphne-al/colonnade-at-eastern-shore/CkWVjp/,,
"32667 Revere Dr, Daphne, AL 36527",32667 Revere Dr,forRent,,4,,,1900,26,https://www.zillow.com/homedetails/32667-Revere-Dr-Daphne-AL-36527/450801650_zpid/,,
"13898 Antler Hill Rd, Spanish Fort, AL 36527",13898 Antler Hill Rd,forRent,,4,1948,,2400,14,https://www.zillow.com/homedetails/13898-Antler-Hill-Rd-Spanish-Fort-AL-36527/405553127_zpid/,,360400
"12819 Philadelphia Blvd, Daphne, AL 36527",12819 Philadelphia Blvd,forRent,,3,1437,,1700,18,https://www.zillow.com/homedetails/12819-Philadelphia-Blvd-Daphne-AL-36527/448730797_zpid/,,251025
"31436 Memphis Loop, Spanish Fort, AL 36527",31436 Memphis Loop,forRent,,4,1948,,2295,31,https://www.zillow.com/homedetails/31436-Memphis-Loop-Spanish-Fort-AL-36527/2067469020_zpid/,,359800
"12807 Philadelphia Blvd, Daphne, AL 36527",12807 Philadelphia Blvd,forRent,,3,1437,,1800,72,https://www.zillow.com/homedetails/12807-Philadelphia-Blvd-Daphne-AL-36527/343594922_zpid/,,239800
"13437 Antler Hill Rd, Spanish Fort, AL 36527",13437 Antler Hill Rd,forRent,,4,1931,,2350,8,https://www.zillow.com/homedetails/13437-Antler-Hill-Rd-Spanish-Fort-AL-36527/2058500497_zpid/,,319950
"4246 Lost Bay Dr #Id1541221p, Orange Beach, AL 36561",4246 Lost Bay Dr #Id1541221p,forRent,,3,1797,,2639,35,https://www.zillow.com/homedetails/4246-Lost-Bay-Dr-ID1541221P-Orange-Beach-AL-36561/462641758_zpid/,,
"4021 Blue Water Dr #4021, Orange Beach, AL 36561",4021 Blue Water Dr #4021,forRent,,3,1437,,2250,5,https://www.zillow.com/homedetails/4021-Blue-Water-Dr-4021-Orange-Beach-AL-36561/458825663_zpid/,,
"4302 Lost Bay Dr #1, Orange Beach, AL 36561",4302 Lost Bay Dr #1,forRent,,3,,,2300,5,https://www.zillow.com/homedetails/4302-Lost-Bay-Dr-1-Orange-Beach-AL-36561/464932718_zpid/,,
"4246 Lost Bay Dr #Id1541220p, Orange Beach, AL 36561",4246 Lost Bay Dr #Id1541220p,forRent,,6,3595,,5439,35,https://www.zillow.com/homedetails/4246-Lost-Bay-Dr-ID1541220P-Orange-Beach-AL-36561/462641711_zpid/,,
"4294 Lost Bay Dr, Orange Beach, AL 36561",4294 Lost Bay Dr,forRent,,3,1437,,2900,3,https://www.zillow.com/homedetails/4294-Lost-Bay-Dr-Orange-Beach-AL-36561/457020516_zpid/,,370000
"4246 Lost Bay Dr #Id1541223p, Orange Beach, AL 36561",4246 Lost Bay Dr #Id1541223p,forRent,,3,1797,,2547,46,https://www.zillow.com/homedetails/4246-Lost-Bay-Dr-ID1541223P-Orange-Beach-AL-36561/462641751_zpid/,,
"4688 Casablanca Dr, Orange Beach, AL 36561",4688 Casablanca Dr,forRent,,3,2008,,3500,58,https://www.zillow.com/homedetails/4688-Casablanca-Dr-Orange-Beach-AL-36561/2067521250_zpid/,,490000
"4306 Lost Bay Dr #1, Orange Beach, AL 36561",4306 Lost Bay Dr #1,forRent,,3,,,2300,5,https://www.zillow.com/homedetails/4306-Lost-Bay-Dr-1-Orange-Beach-AL-36561/459688316_zpid/,,
"4148 Lost Bay Dr #1, Orange Beach, AL 36561",4148 Lost Bay Dr #1,forRent,,3,1437,,2250,57,https://www.zillow.com/homedetails/4148-Lost-Bay-Dr-1-Orange-Beach-AL-36561/463764832_zpid/,,
"31543 Lyon Rd, Daphne, AL 36527",31543 Lyon Rd,forRent,,5,,,2600,27,https://www.zillow.com/homedetails/31543-Lyon-Rd-Daphne-AL-36527/456321716_zpid/,,354500
"4246 Lost Bay Dr #Id1541221p, Orange Beach, AL 36561",4246 Lost Bay Dr #Id1541221p,forRent,,3,1797,,2639,35,https://www.zillow.com/homedetails/4246-Lost-Bay-Dr-ID1541221P-Orange-Beach-AL-36561/462641758_zpid/,,
"13824 Shea Cir, Foley, AL 36535",13824 Shea Cir,forRent,,3,1281,,1950,27,https://www.zillow.com/homedetails/13824-Shea-Cir-Foley-AL-36535/456892388_zpid/,,
"24775 Raynagua Blvd, Loxley, AL 36551",24775 Raynagua Blvd,forRent,,4,2000,,1995,1,https://www.zillow.com/homedetails/24775-Raynagua-Blvd-Loxley-AL-36551/463944561_zpid/,,
"16363 Apricot Dr, Loxley, AL 36551",16363 Apricot Dr,forRent,,4,2142,,2090,1,https://www.zillow.com/homedetails/16363-Apricot-Dr-Loxley-AL-36551/465041459_zpid/,,
"13330 Shea Cir, Foley, AL 36535",13330 Shea Cir,forRent,,3,1430,,2100,25,https://www.zillow.com/homedetails/13330-Shea-Cir-Foley-AL-36535/462523648_zpid/,,
"4246 Lost Bay Dr #Id1541220p, Orange Beach, AL 36561",4246 Lost Bay Dr #Id1541220p,forRent,,6,3595,,5439,35,https://www.zillow.com/homedetails/4246-Lost-Bay-Dr-ID1541220P-Orange-Beach-AL-36561/462641711_zpid/,,
"4294 Lost Bay Dr, Orange Beach, AL 36561",4294 Lost Bay Dr,forRent,,3,1437,,2900,3,https://www.zillow.com/homedetails/4294-Lost-Bay-Dr-Orange-Beach-AL-36561/457020516_zpid/,,370000
"4246 Lost Bay Dr #Id1541223p, Orange Beach, AL 36561",4246 Lost Bay Dr #Id1541223p,forRent,,3,1797,,2547,46,https://www.zillow.com/homedetails/4246-Lost-Bay-Dr-ID1541223P-Orange-Beach-AL-36561/462641751_zpid/,,
"4148 Lost Bay Dr #1, Orange Beach, AL 36561",4148 Lost Bay Dr #1,forRent,,3,1437,,2250,57,https://www.zillow.com/homedetails/4148-Lost-Bay-Dr-1-Orange-Beach-AL-36561/463764832_zpid/,,
"24759 Raynagua Blvd, Loxley, AL 36551",24759 Raynagua Blvd,forRent,,4,2142,,2090,1,https://www.zillow.com/homedetails/24759-Raynagua-Blvd-Loxley-AL-36551/463510991_zpid/,,
"4306 Lost Bay Dr #1, Orange Beach, AL 36561",4306 Lost Bay Dr #1,forRent,,3,,,2300,5,https://www.zillow.com/homedetails/4306-Lost-Bay-Dr-1-Orange-Beach-AL-36561/459688316_zpid/,,
"16404 Apricot Dr, Loxley, AL 36551",16404 Apricot Dr,forRent,,3,1550,,1750,1,https://www.zillow.com/homedetails/16404-Apricot-Dr-Loxley-AL-36551/462793552_zpid/,,
"4302 Lost Bay Dr #1, Orange Beach, AL 36561",4302 Lost Bay Dr #1,forRent,,3,,,2300,5,https://www.zillow.com/homedetails/4302-Lost-Bay-Dr-1-Orange-Beach-AL-36561/464932718_zpid/,,
"15 Leruss Blvd, Cabot, AR 72023",15 Leruss Blvd,forRent,,,,,,,https://www.zillow.com/b/15-leruss-blvd-cabot-ar-CkhJp8/,,
"2 S Hampton Cv, Conway, AR 72034",2 S Hampton Cv,forRent,,3,1680,,1700,12,https://www.zillow.com/homedetails/2-S-Hampton-Cv-Conway-AR-72034/234006_zpid/,,244000
"1306 Bellemeade Dr, Conway, AR 72034",1306 Bellemeade Dr,forRent,,3,2220,,1775,23,https://www.zillow.com/homedetails/1306-Bellemeade-Dr-Conway-AR-72034/234155_zpid/,,89090
"1610 Raden St, Conway, AR 72032",1610 Raden St,forRent,,3,1243,,1650,24,https://www.zillow.com/homedetails/1610-Raden-St-Conway-AR-72032/2066419442_zpid/,,
"2400 SW Ednruance Way, Maumelle, AR 72113",2400 SW Ednruance Way,other,,,,,,,"https://www.zillow.com/b/2400-sw-ednruance-way-maumelle-ar/34.87126275998,-92.450398671503_ll/",,
"1155 Mimosa Dr, Conway, AR 72034",1155 Mimosa Dr,forRent,,3,1236,,1400,1,https://www.zillow.com/homedetails/1155-Mimosa-Dr-Conway-AR-72034/35730018_zpid/,,78000
"175 Southerland Rd, Conway, AR 72032",175 Southerland Rd,forRent,,3,1532,,1650,3,https://www.zillow.com/homedetails/175-Southerland-Rd-Conway-AR-72032/35730518_zpid/,,165000
"4660 Graham Dr, Conway, AR 72034",4660 Graham Dr,forRent,,3,1172,,1400,16,https://www.zillow.com/homedetails/4660-Graham-Dr-Conway-AR-72034/59917937_zpid/,,109000
"4555 Graham Dr, Conway, AR 72034",4555 Graham Dr,forRent,,3,1192,,1400,23,https://www.zillow.com/homedetails/4555-Graham-Dr-Conway-AR-72034/59917944_zpid/,,185000
"10 Harvest Ln, Conway, AR 72032",10 Harvest Ln,forRent,,3,1288,,1495,18,https://www.zillow.com/homedetails/10-Harvest-Ln-Conway-AR-72032/338960356_zpid/,,
"2135 Raintree Dr, Conway, AR 72032",2135 Raintree Dr,forRent,,3,1042,,1350,38,https://www.zillow.com/homedetails/2135-Raintree-Dr-Conway-AR-72032/240139_zpid/,,106000
"2830 Longbow Ln, Conway, AR 72034",2830 Longbow Ln,forRent,,3,1388,,1450,26,https://www.zillow.com/homedetails/2830-Longbow-Ln-Conway-AR-72034/82265622_zpid/,,192099
"1906 Dave Ward Dr, Conway, AR 72034",1906 Dave Ward Dr,forRent,,3,1335,,1000,25,https://www.zillow.com/homedetails/1906-Dave-Ward-Dr-Conway-AR-72034/2061771487_zpid/,,
"2250 Wilmington Dr, Conway, AR 72034",2250 Wilmington Dr,forRent,,3,1449,,1600,51,https://www.zillow.com/homedetails/2250-Wilmington-Dr-Conway-AR-72034/59917837_zpid/,,141000
"22 Marshall Rd N, Vilonia, AR 72173",22 Marshall Rd N,forRent,,3,1500,,1400,0,https://www.zillow.com/homedetails/22-Marshall-Rd-N-Vilonia-AR-72173/52392644_zpid/,,
"20 Summer Breeze Rd, Conway, AR 72032",20 Summer Breeze Rd,forRent,,3,1592,,1600,0,https://www.zillow.com/homedetails/20-Summer-Breeze-Rd-Conway-AR-72032/2076495598_zpid/,,207000
"2004 Hairston Ave, Conway, AR 72034",2004 Hairston Ave,forRent,,3,1703,,2800,3,https://www.zillow.com/homedetails/2004-Hairston-Ave-Conway-AR-72034/444384959_zpid/,,
"31 Haley Renee Dr, Greenbrier, AR 72058",31 Haley Renee Dr,forRent,,3,1527,,1400,31,https://www.zillow.com/homedetails/31-Haley-Renee-Dr-Greenbrier-AR-72058/464349852_zpid/,,
"1425 Ola St, Conway, AR 72032",1425 Ola St,forRent,,3,1268,,3100,3,https://www.zillow.com/homedetails/1425-Ola-St-Conway-AR-72032/63265054_zpid/,,115000
"1810 Rich Smith Ln, Conway, AR 72032",1810 Rich Smith Ln,forRent,,3,2310,,2500,40,https://www.zillow.com/homedetails/1810-Rich-Smith-Ln-Conway-AR-72032/102992676_zpid/,,
"1930 College Ave, Conway, AR 72034",1930 College Ave,forRent,,3,1926,,3100,3,https://www.zillow.com/homedetails/1930-College-Ave-Conway-AR-72034/237634_zpid/,,160268
"1405 Appalachain Dr, Conway, AR 72034",1405 Appalachain Dr,forRent,,3,1145,,1450,80,https://www.zillow.com/homedetails/1405-Appalachain-Dr-Conway-AR-72034/35730407_zpid/,,180500
"2845 York Ln, Conway, AR 72034",2845 York Ln,forRent,,3,1600,,1595,8,https://www.zillow.com/homedetails/2845-York-Ln-Conway-AR-72034/63265218_zpid/,,245000
"1267 Hamilton St, Conway, AR 72032",1267 Hamilton St,forRent,,3,1056,,1233,17,https://www.zillow.com/homedetails/1267-Hamilton-St-Conway-AR-72032/234905_zpid/,,52000
"1345 Stone Crest Dr, Conway, AR 72034",1345 Stone Crest Dr,forRent,,3,2103,,1850,1,https://www.zillow.com/homedetails/1345-Stone-Crest-Dr-Conway-AR-72034/52392110_zpid/,,172000
"144 Jonathan Dr, Maumelle, AR 72113",144 Jonathan Dr,forRent,,3,1402,,1800,34,https://www.zillow.com/homedetails/144-Jonathan-Dr-Maumelle-AR-72113/462538135_zpid/,,225150
"170 Bighorn Trl, Maumelle, AR 72113",170 Bighorn Trl,forRent,,3,1382,,1850,14,https://www.zillow.com/homedetails/170-Bighorn-Trl-Maumelle-AR-72113/461017693_zpid/,,
"2400 SW Ednruance Way #2, Maumelle, AR 72113",2400 SW Ednruance Way #2,forRent,,3,1200,,2125,75,https://www.zillow.com/homedetails/2400-SW-Ednruance-Way-2-Maumelle-AR-72113/463401793_zpid/,,
"10505 Cypress Knee Dr, North Little Rock, AR 72113",10505 Cypress Knee Dr,forRent,,3,1678,,1850,11,https://www.zillow.com/homedetails/10505-Cypress-Knee-Dr-North-Little-Rock-AR-72113/2061799089_zpid/,,233425
"8616 Eastwood Creek Dr, North Little Rock, AR 72113",8616 Eastwood Creek Dr,forRent,,3,1722,,1950,16,https://www.zillow.com/homedetails/8616-Eastwood-Creek-Dr-North-Little-Rock-AR-72113/2059022685_zpid/,,246600
"3802 Pinecrest Ln, Maumelle, AR 72113",3802 Pinecrest Ln,forRent,,4,2435,,2700,2,https://www.zillow.com/homedetails/3802-Pinecrest-Ln-Maumelle-AR-72113/465038347_zpid/,,
"6006 Hoover St, Maumelle, AR 72113",6006 Hoover St,forRent,,2,1450,,1595,8,https://www.zillow.com/homedetails/6006-Hoover-St-Maumelle-AR-72113/2062966797_zpid/,,
"22 Oakland Cir, Austin, AR 72007",22 Oakland Cir,forRent,,3,1328,,1575,11,https://www.zillow.com/homedetails/22-Oakland-Cir-Austin-AR-72007/251409763_zpid/,,176000
"15 Silverado Ct, Cabot, AR 72023",15 Silverado Ct,forRent,,3,1382,,1350,16,https://www.zillow.com/homedetails/15-Silverado-Ct-Cabot-AR-72023/35732243_zpid/,,150000
"59 Hickory Bend Dr, Cabot, AR 72023",59 Hickory Bend Dr,forRent,,3,2129,,2000,23,https://www.zillow.com/homedetails/59-Hickory-Bend-Dr-Cabot-AR-72023/67445626_zpid/,,207000
"26 Mustang Dr, Cabot, AR 72023",26 Mustang Dr,forRent,,3,1537,,1550,57,https://www.zillow.com/homedetails/26-Mustang-Dr-Cabot-AR-72023/63160976_zpid/,,310000
"1609 Moon Rd, Ward, AR 72176",1609 Moon Rd,forRent,,3,1026,,1095,5,https://www.zillow.com/homedetails/1609-Moon-Rd-Ward-AR-72176/99444948_zpid/,,125000
"17 Azalea Dr, Cabot, AR 72023",17 Azalea Dr,forRent,,3,1294,,1345,73,https://www.zillow.com/homedetails/17-Azalea-Dr-Cabot-AR-72023/52495110_zpid/,,174500
"509 E Elm St, Cabot, AR 72023",509 E Elm St,forRent,,3,1056,,1450,58,https://www.zillow.com/homedetails/509-E-Elm-St-Cabot-AR-72023/257181_zpid/,,185000
"314 Ray St, Cabot, AR 72023",314 Ray St,forRent,,3,1449,,1300,53,https://www.zillow.com/homedetails/314-Ray-St-Cabot-AR-72023/257086_zpid/,,700000
"53 Bent Tree Dr, Cabot, AR 72023",53 Bent Tree Dr,forRent,,3,1645,,1495,45,https://www.zillow.com/homedetails/53-Bent-Tree-Dr-Cabot-AR-72023/256157_zpid/,,10000
"203 Lynn Ln, Lonoke, AR 72086",203 Lynn Ln,forRent,,3,1200,,1195,82,https://www.zillow.com/homedetails/203-Lynn-Ln-Lonoke-AR-72086/260453_zpid/,,105000
"15 Applewood Cv, Cabot, AR 72023",15 Applewood Cv,forRent,,3,1588,,1600,50,https://www.zillow.com/homedetails/15-Applewood-Cv-Cabot-AR-72023/35732370_zpid/,,226000
"16 Mustang Dr, Cabot, AR 72023",16 Mustang Dr,forRent,,3,1494,,1450,29,https://www.zillow.com/homedetails/16-Mustang-Dr-Cabot-AR-72023/63160974_zpid/,,2988
"101 Cedar Creek Loop, Cabot, AR 72023",101 Cedar Creek Loop,forRent,,3,1422,,1295,44,https://www.zillow.com/homedetails/101-Cedar-Creek-Loop-Cabot-AR-72023/88905306_zpid/,,
"17 Farrah St, Ward, AR 72176",17 Farrah St,forRent,,3,1563,,1250,88,https://www.zillow.com/homedetails/17-Farrah-St-Ward-AR-72176/52495486_zpid/,,
"120 Suda St, Cabot, AR 72023",120 Suda St,forRent,,3,1008,,995,140,https://www.zillow.com/homedetails/120-Suda-St-Cabot-AR-72023/213595966_zpid/,,120000
"1045 E Main St, Austin, AR 72007",1045 E Main St,forRent,,3,1266,,1375,0,https://www.zillow.com/homedetails/1045-E-Main-St-Austin-AR-72007/99406768_zpid/,,70000
"11 W Plaza Blvd, Cabot, AR 72023",11 W Plaza Blvd,forRent,,3,1487,,1525,12,https://www.zillow.com/homedetails/11-W-Plaza-Blvd-Cabot-AR-72023/256262_zpid/,,229049
"73 Timberwood Dr, Cabot, AR 72023",73 Timberwood Dr,forRent,,3,1230,,1450,18,https://www.zillow.com/homedetails/73-Timberwood-Dr-Cabot-AR-72023/52495438_zpid/,,161000
"400 Apricot St, Austin, AR 72007",400 Apricot St,forRent,,3,1200,,1475,12,https://www.zillow.com/homedetails/400-Apricot-St-Austin-AR-72007/82250818_zpid/,,280000
"32 Thunderbird Dr, Cabot, AR 72023",32 Thunderbird Dr,forRent,,3,1444,,1475,2,https://www.zillow.com/homedetails/32-Thunderbird-Dr-Cabot-AR-72023/67447424_zpid/,,
"21 Meadowlark Dr, Cabot, AR 72023",21 Meadowlark Dr,forRent,,3,1013,,1395,24,https://www.zillow.com/homedetails/21-Meadowlark-Dr-Cabot-AR-72023/255213_zpid/,,147900
"54 Magnolia Dr, Cabot, AR 72023",54 Magnolia Dr,forRent,,3,1394,,1400,50,https://www.zillow.com/homedetails/54-Magnolia-Dr-Cabot-AR-72023/60314948_zpid/,,117000
"85 Kyndall Lauren Ln, Cabot, AR 72023",85 Kyndall Lauren Ln,forRent,,3,1244,,1450,20,https://www.zillow.com/homedetails/85-Kyndall-Lauren-Ln-Cabot-AR-72023/442588183_zpid/,,179900
"72 Branchwood Ln, Austin, AR 72007",72 Branchwood Ln,forRent,,3,1216,,1200,9,https://www.zillow.com/homedetails/72-Branchwood-Ln-Austin-AR-72007/252707_zpid/,,1710000
"32 Fortson Dr, Cabot, AR 72023",32 Fortson Dr,forRent,,3,1064,,875,14,https://www.zillow.com/homedetails/32-Fortson-Dr-Cabot-AR-72023/63161011_zpid/,,750000
"10413 Cypress Knee Dr, Maumelle, AR 72113",10413 Cypress Knee Dr,forRent,,3,1480,,1800,66,https://www.zillow.com/homedetails/10413-Cypress-Knee-Dr-Maumelle-AR-72113/2060938533_zpid/,,
"205 Logan Dr, Maumelle, AR 72113",205 Logan Dr,forRent,,3,1472,,1835,50,https://www.zillow.com/homedetails/205-Logan-Dr-Maumelle-AR-72113/2057186361_zpid/,,
"117 Logan Dr, Maumelle, AR 72113",117 Logan Dr,forRent,,3,1472,,1835,60,https://www.zillow.com/homedetails/117-Logan-Dr-Maumelle-AR-72113/2057186355_zpid/,,
"7 Southland Dr, Maumelle, AR 72113",7 Southland Dr,forRent,,2,925,,850,67,https://www.zillow.com/homedetails/7-Southland-Dr-Maumelle-AR-72113/2109744736_zpid/,,
"203 Logan Dr, Maumelle, AR 72113",203 Logan Dr,forRent,,3,1472,,1835,36,https://www.zillow.com/homedetails/203-Logan-Dr-Maumelle-AR-72113/2057186362_zpid/,,
"124 Im Dr, Maumelle, AR 72113",124 Im Dr,forRent,,4,1500,,1950,61,https://www.zillow.com/homedetails/124-Im-Dr-Maumelle-AR-72113/2056969175_zpid/,,222925
"216 Chantilly Cir, Maumelle, AR 72113",216 Chantilly Cir,forRent,,3,1632,,2200,6,https://www.zillow.com/homedetails/216-Chantilly-Cir-Maumelle-AR-72113/328342_zpid/,,300000
"127 Chambery Dr, Maumelle, AR 72113",127 Chambery Dr,forRent,,4,1651,,2500,2,https://www.zillow.com/homedetails/127-Chambery-Dr-Maumelle-AR-72113/122006196_zpid/,,
"11 Page Cv, Maumelle, AR 72113",11 Page Cv,forRent,,3,1294,,1695,3,https://www.zillow.com/homedetails/11-Page-Cv-Maumelle-AR-72113/326629_zpid/,,222125
"61 Pin Oak Loop, Maumelle, AR 72113",61 Pin Oak Loop,forRent,,3,1173,,1495,64,https://www.zillow.com/homedetails/61-Pin-Oak-Loop-Maumelle-AR-72113/326810_zpid/,,175000
"32 Cinderwood Cv, Maumelle, AR 72113",32 Cinderwood Cv,forRent,,3,2467,,1895,6,https://www.zillow.com/homedetails/32-Cinderwood-Cv-Maumelle-AR-72113/343619_zpid/,,505000
"81 Oak Forest Loop, Maumelle, AR 72113",81 Oak Forest Loop,forRent,,3,1300,,1700,47,https://www.zillow.com/homedetails/81-Oak-Forest-Loop-Maumelle-AR-72113/326542_zpid/,,145000
"5 Stoneledge Dr, Maumelle, AR 72113",5 Stoneledge Dr,forRent,,3,1755,,1850,22,https://www.zillow.com/homedetails/5-Stoneledge-Dr-Maumelle-AR-72113/326005_zpid/,,240000
"110 Vienne Pl, Maumelle, AR 72113",110 Vienne Pl,forRent,,3,1553,,1850,14,https://www.zillow.com/homedetails/110-Vienne-Pl-Maumelle-AR-72113/118161409_zpid/,,180000
"2 Corbet Ln, Maumelle, AR 72113",2 Corbet Ln,forRent,,3,1523,,2300,15,https://www.zillow.com/homedetails/2-Corbet-Ln-Maumelle-AR-72113/122005820_zpid/,,
"111 Miramar Dr, Maumelle, AR 72113",111 Miramar Dr,forRent,,3,2404,,2390,1,https://www.zillow.com/homedetails/111-Miramar-Dr-Maumelle-AR-72113/328081_zpid/,,240000
"2400 SW Ednruance Way, Maumelle, AR 72113",2400 SW Ednruance Way,other,,,,,,,"https://www.zillow.com/b/2400-sw-ednruance-way-maumelle-ar/34.87126275998,-92.450398671503_ll/",,
"57 Stoneledge Dr, Maumelle, AR 72113",57 Stoneledge Dr,forRent,,4,1961,,1950,15,https://www.zillow.com/homedetails/57-Stoneledge-Dr-Maumelle-AR-72113/326028_zpid/,,145000
"106 Jo Park Ln, Maumelle, AR 72113",106 Jo Park Ln,forRent,,4,1640,,2000,30,https://www.zillow.com/homedetails/106-Jo-Park-Ln-Maumelle-AR-72113/2056841941_zpid/,,
"263 Lake Valley Dr, Maumelle, AR 72113",263 Lake Valley Dr,forRent,,5,3100,,2600,8,https://www.zillow.com/homedetails/263-Lake-Valley-Dr-Maumelle-AR-72113/89031838_zpid/,,308200
"127 Rolling Oaks Dr, Maumelle, AR 72113",127 Rolling Oaks Dr,forRent,,3,1240,,1475,5,https://www.zillow.com/homedetails/127-Rolling-Oaks-Dr-Maumelle-AR-72113/326438_zpid/,,79500
"(Undisclosed Address), Maumelle, AR 72113",(Undisclosed Address),forRent,,3,1430,,1700,14,https://www.zillow.com/homedetails/Maumelle-AR-72113/326296_zpid/,,295000
"2277 Sam Tillery Dr, Alexander, AR 72002",2277 Sam Tillery Dr,forRent,,4,1439,,1795,9,https://www.zillow.com/homedetails/2277-Sam-Tillery-Dr-Alexander-AR-72002/462316857_zpid/,,222900
"4340 Sloan Dr, Alexander, AR 72002",4340 Sloan Dr,forRent,,4,1850,,2140,42,https://www.zillow.com/homedetails/4340-Sloan-Dr-Alexander-AR-72002/442183331_zpid/,,267480
"5096 Woodstream Dr, Alexander, AR 72002",5096 Woodstream Dr,forRent,,3,1594,,2600,1,https://www.zillow.com/homedetails/5096-Woodstream-Dr-Alexander-AR-72002/2077881150_zpid/,,180150
"154 Roman Heights Ave, Alexander, AR 72002",154 Roman Heights Ave,forRent,,,,,,,https://www.zillow.com/b/154-roman-heights-ave-alexander-ar-Cdzchh/,,
"148 Kelton Dr, Hensley, AR 72065",148 Kelton Dr,forRent,,4,1907,,2200,30,https://www.zillow.com/homedetails/148-Kelton-Dr-Hensley-AR-72065/464384218_zpid/,,
"1504 McCurdy, Benton, AR 72019",1504 McCurdy,forRent,,4,1725,,1750,26,https://www.zillow.com/homedetails/1504-McCurdy-Benton-AR-72019/388159_zpid/,,21500
"4332 Sloan Dr, Alexander, AR 72002",4332 Sloan Dr,forRent,,4,2112,,2255,39,https://www.zillow.com/homedetails/4332-Sloan-Dr-Alexander-AR-72002/464195265_zpid/,,
"14108 Cherry Hill Dr, Alexander, AR 72002",14108 Cherry Hill Dr,forRent,,3,1100,,1475,24,https://www.zillow.com/homedetails/14108-Cherry-Hill-Dr-Alexander-AR-72002/52934816_zpid/,,155000
"2096 Fern Valley Dr, Alexander, AR 72002",2096 Fern Valley Dr,forRent,,3,1345,,1650,1,https://www.zillow.com/homedetails/2096-Fern-Valley-Dr-Alexander-AR-72002/247595778_zpid/,,188800
"6688 Hollywood Ave, Benton, AR 72019",6688 Hollywood Ave,forRent,,3,1051,,1595,1,https://www.zillow.com/homedetails/6688-Hollywood-Ave-Benton-AR-72019/460744960_zpid/,,183900
"4533 Western Woods Dr, Benton, AR 72015",4533 Western Woods Dr,forRent,,4,1984,,1845,8,https://www.zillow.com/homedetails/4533-Western-Woods-Dr-Benton-AR-72015/2061640122_zpid/,,313100
"227 Iris St, Haskell, AR 72015",227 Iris St,forRent,,3,1420,,1725,40,https://www.zillow.com/homedetails/227-Iris-St-Haskell-AR-72015/2060765172_zpid/,,195000
"3001 Wild Berry Dr, Benton, AR 72015",3001 Wild Berry Dr,forRent,,3,1486,,1725,15,https://www.zillow.com/homedetails/3001-Wild-Berry-Dr-Benton-AR-72015/71716346_zpid/,,184900
"821 Church, Benton, AR 72015",821 Church,forRent,,4,1540,,1675,1,https://www.zillow.com/homedetails/821-Church-Benton-AR-72015/387634_zpid/,,155000
"13757 Cedar Glen Cv, Alexander, AR 72002",13757 Cedar Glen Cv,forRent,,3,1408,,1575,10,https://www.zillow.com/homedetails/13757-Cedar-Glen-Cv-Alexander-AR-72002/92432562_zpid/,,124900
"14095 Magnolia Glen Dr, Alexander, AR 72002",14095 Magnolia Glen Dr,forRent,,3,1228,,1530,4,https://www.zillow.com/homedetails/14095-Magnolia-Glen-Dr-Alexander-AR-72002/88906053_zpid/,,119500
"4326 Glenda Ln, Benton, AR 72019",4326 Glenda Ln,forRent,,3,1398,,1545,32,https://www.zillow.com/homedetails/4326-Glenda-Ln-Benton-AR-72019/68021994_zpid/,,157000
"1067 Huntington Dr, Benton, AR 72019",1067 Huntington Dr,forRent,,4,1459,,1545,23,https://www.zillow.com/homedetails/1067-Huntington-Dr-Benton-AR-72019/2061767452_zpid/,,
"17 Greenbrier Dr, Benton, AR 72015",17 Greenbrier Dr,forRent,,3,1460,,1595,33,https://www.zillow.com/homedetails/17-Greenbrier-Dr-Benton-AR-72015/386172_zpid/,,143000
"5399 Heritage Valley Dr, Benton, AR 72019",5399 Heritage Valley Dr,forRent,,4,1790,,1900,40,https://www.zillow.com/homedetails/5399-Heritage-Valley-Dr-Benton-AR-72019/2062299989_zpid/,,245000
"22930 Sam Tillery Dr, Alexander, AR 72002",22930 Sam Tillery Dr,forRent,,4,1640,,2000,12,https://www.zillow.com/homedetails/22930-Sam-Tillery-Dr-Alexander-AR-72002/464786376_zpid/,,
"414 Newcomb Cv, Benton, AR 72015",414 Newcomb Cv,forRent,,3,1384,,1600,50,https://www.zillow.com/homedetails/414-Newcomb-Cv-Benton-AR-72015/384931_zpid/,,65531
"3264 Sidell Estates Dr, Benton, AR 72015",3264 Sidell Estates Dr,forRent,,4,1652,,1795,22,https://www.zillow.com/homedetails/3264-Sidell-Estates-Dr-Benton-AR-72015/2063496322_zpid/,,
"1294 Ridge Rd, Benton, AR 72015",1294 Ridge Rd,forRent,,3,1108,,1145,0,https://www.zillow.com/homedetails/1294-Ridge-Rd-Benton-AR-72015/114182952_zpid/,,2000
"313 S Neeley St, Benton, AR 72015",313 S Neeley St,forRent,,3,1800,,1625,19,https://www.zillow.com/homedetails/313-S-Neeley-St-Benton-AR-72015/2067919637_zpid/,,205000
"905 Pheasant Cv, Benton, AR 72019",905 Pheasant Cv,forRent,,3,1415,,1595,2,https://www.zillow.com/homedetails/905-Pheasant-Cv-Benton-AR-72019/385747_zpid/,,158000
"4056 Kings River Trl, Bauxite, AR 72011",4056 Kings River Trl,forRent,,3,1480,,1395,39,https://www.zillow.com/homedetails/4056-Kings-River-Trl-Bauxite-AR-72011/2062403626_zpid/,,200660
"10505 Cypress Knee Dr, North Little Rock, AR 72113",10505 Cypress Knee Dr,forRent,,3,1678,,1850,11,https://www.zillow.com/homedetails/10505-Cypress-Knee-Dr-North-Little-Rock-AR-72113/2061799089_zpid/,,233425
"2400 SW Ednruance Way #2, Maumelle, AR 72113",2400 SW Ednruance Way #2,forRent,,3,1200,,2125,75,https://www.zillow.com/homedetails/2400-SW-Ednruance-Way-2-Maumelle-AR-72113/463401793_zpid/,,
"170 Bighorn Trl, Maumelle, AR 72113",170 Bighorn Trl,forRent,,3,1382,,1850,14,https://www.zillow.com/homedetails/170-Bighorn-Trl-Maumelle-AR-72113/461017693_zpid/,,
"8616 Eastwood Creek Dr, North Little Rock, AR 72113",8616 Eastwood Creek Dr,forRent,,3,1722,,1950,16,https://www.zillow.com/homedetails/8616-Eastwood-Creek-Dr-North-Little-Rock-AR-72113/2059022685_zpid/,,246600
"3802 Pinecrest Ln, Maumelle, AR 72113",3802 Pinecrest Ln,forRent,,4,2435,,2700,2,https://www.zillow.com/homedetails/3802-Pinecrest-Ln-Maumelle-AR-72113/465038347_zpid/,,
"5041 Red Fox Trl, Bauxite, AR 72011",5041 Red Fox Trl,forRent,,3,1200,,1550,81,https://www.zillow.com/homedetails/5041-Red-Fox-Trl-Bauxite-AR-72011/2071703035_zpid/,,191000
"196 Preston Ln, Hensley, AR 72065",196 Preston Ln,forRent,,4,1525,,1775,14,https://www.zillow.com/homedetails/196-Preston-Ln-Hensley-AR-72065/462387776_zpid/,,
"164 Preston Ln, Hensley, AR 72065",164 Preston Ln,forRent,,4,1655,,1825,14,https://www.zillow.com/homedetails/164-Preston-Ln-Hensley-AR-72065/463494189_zpid/,,
"148 Preston Ln, Hensley, AR 72065",148 Preston Ln,forRent,,4,1525,,1775,14,https://www.zillow.com/homedetails/148-Preston-Ln-Hensley-AR-72065/463777017_zpid/,,
"116 Preston Ln, Hensley, AR 72065",116 Preston Ln,forRent,,4,1655,,1825,14,https://www.zillow.com/homedetails/116-Preston-Ln-Hensley-AR-72065/463777019_zpid/,,
"6006 Hoover St, Maumelle, AR 72113",6006 Hoover St,forRent,,2,1450,,1595,8,https://www.zillow.com/homedetails/6006-Hoover-St-Maumelle-AR-72113/2062966797_zpid/,,
"133 Preston Ln, Hensley, AR 72065",133 Preston Ln,forRent,,5,1867,,1895,14,https://www.zillow.com/homedetails/133-Preston-Ln-Hensley-AR-72065/458636124_zpid/,,
"180 Preston Ln, Hensley, AR 72065",180 Preston Ln,forRent,,3,1364,,1700,14,https://www.zillow.com/homedetails/180-Preston-Ln-Hensley-AR-72065/462386542_zpid/,,
"124 Preston Ln, Hensley, AR 72065",124 Preston Ln,forRent,,4,1525,,1775,14,https://www.zillow.com/homedetails/124-Preston-Ln-Hensley-AR-72065/463777018_zpid/,,
"144 Jonathan Dr, Maumelle, AR 72113",144 Jonathan Dr,forRent,,3,1402,,1800,34,https://www.zillow.com/homedetails/144-Jonathan-Dr-Maumelle-AR-72113/462538135_zpid/,,225150
"3008 Emerald Park Trl, Bauxite, AR 72011",3008 Emerald Park Trl,forRent,,3,1528,,1500,5,https://www.zillow.com/homedetails/3008-Emerald-Park-Trl-Bauxite-AR-72011/2070250448_zpid/,,181875
"4340 Sloan Dr, Alexander, AR 72002",4340 Sloan Dr,forRent,,4,1850,,2140,42,https://www.zillow.com/homedetails/4340-Sloan-Dr-Alexander-AR-72002/442183331_zpid/,,267480
"2277 Sam Tillery Dr, Alexander, AR 72002",2277 Sam Tillery Dr,forRent,,4,1439,,1795,9,https://www.zillow.com/homedetails/2277-Sam-Tillery-Dr-Alexander-AR-72002/462316857_zpid/,,222900
"4050 Freesia St, Sherrills Ford, NC 28673",4050 Freesia St,forRent,,,,,,,https://www.zillow.com/apartments/sherrills-ford-nc/amavi-sherrills-ford/CkB99w/,,
"238 9th Avenue Pl SW, Hickory, NC 28602",238 9th Avenue Pl SW,forRent,,,,,,,https://www.zillow.com/apartments/hickory-nc/238-9th-ave-pl/9Pp2MW/,,
"824-954 4th Street Pl SE, Hickory, NC 28602",824-954 4th Street Pl SE,forRent,,,,,,,https://www.zillow.com/apartments/hickory-nc/pet-friendly-duplex-in-hickory!/CtT9Ht/,,
"122-142 4th St SE, Hickory, NC 28602",122-142 4th St SE,forRent,,,,,,,https://www.zillow.com/apartments/hickory-nc/modern-townhome-for-rent-modern-living-at-its-best!/CtjmjW/,,
"112 29th Avenue Dr NW, Hickory, NC 28601",112 29th Avenue Dr NW,forRent,,,,,,,https://www.zillow.com/apartments/hickory-nc/29-north/CgHfQQ/,,
"302-340 18th Ave NE, Hickory, NC 28601",302-340 18th Ave NE,other,,,,,,,https://www.zillow.com/apartments/hickory-nc/brand-new-pet-friendly-townhome-in-hickory-nc/CssHqg/,,
"2101 21st St SE, Hickory, NC 28602",2101 21st St SE,forRent,,,,,,,https://www.zillow.com/apartments/hickory-nc/the-legends/5XhwGK/,,
"2001 Startown Rd, Hickory, NC 28602",2001 Startown Rd,forRent,,,,,,,https://www.zillow.com/apartments/hickory-nc/preston-ridge/CjyrkM/,,
"2540 5th St NE, Hickory, NC 28601",2540 5th St NE,forRent,,,,,,,https://www.zillow.com/apartments/hickory-nc/cedar-village-townhomes/9PntvK/,,
"4127 Village Blvd, Conover, NC 28613",4127 Village Blvd,forRent,,3,1854,,2300,2,https://www.zillow.com/homedetails/4127-Village-Blvd-Conover-NC-28613/446200738_zpid/,,299000
"3755 Charles St NW, Conover, NC 28613",3755 Charles St NW,forRent,,4,2565,,2400,64,https://www.zillow.com/homedetails/3755-Charles-St-NW-Conover-NC-28613/345078496_zpid/,,359000
"225 Ebenezer Rd, Kings Mountain, NC 28086",225 Ebenezer Rd,other,,,,,,,https://www.zillow.com/apartments/kings-mountain-nc/225-ebenezer-rd-/CqBmQB/,,
"107 Kings Oak Cir, Kings Mountain, NC 28086",107 Kings Oak Cir,forRent,,,,,,,https://www.zillow.com/apartments/kings-mountain-nc/cambridge-oaks-ii-apts/ChKpLx/,,
"111 Wells St, Kings Mountain, NC 28086",111 Wells St,other,,,,,,,https://www.zillow.com/apartments/kings-mountain-nc/111-wells-st/9BMCmy/,,
"311 E King St, Kings Mountain, NC 28086",311 E King St,forRent,,,,,,,https://www.zillow.com/apartments/kings-mountain-nc/sh368-the-towns-at-kings-mountain/9Pm8gB/,,
"48 Julian St, Kings Mountain, NC 28086",48 Julian St,forRent,,,,,,,https://www.zillow.com/apartments/kings-mountain-nc/48-julian-street/5Yrsd5/,,
"140 W Mountain St, Kings Mountain, NC 28086",140 W Mountain St,forRent,,,,,,,https://www.zillow.com/apartments/kings-mountain-nc/140-w-mountain-st/CFTcnh/,,
"1802 Cashew Cir, Foley, AL 36535",1802 Cashew Cir,forRent,,,,,,,https://www.zillow.com/apartments/foley-al/outpost-orchard-residential/CgKL5n/,,
"904 Shagbark Rd, Foley, AL 36535",904 Shagbark Rd,forRent,,,,,,,https://www.zillow.com/apartments/foley-al/the-village-at-hickory-street/CgLXC4/,,
"830 State Highway 98, Daphne, AL 36526",830 State Highway 98,forRent,,,,,,,https://www.zillow.com/apartments/daphne-al/colonnade-at-eastern-shore/CkWVjp/,,
"32667 Revere Dr, Daphne, AL 36527",32667 Revere Dr,forRent,,4,,,1900,27,https://www.zillow.com/homedetails/32667-Revere-Dr-Daphne-AL-36527/450801650_zpid/,,
"13898 Antler Hill Rd, Spanish Fort, AL 36527",13898 Antler Hill Rd,forRent,,4,1948,,2400,15,https://www.zillow.com/homedetails/13898-Antler-Hill-Rd-Spanish-Fort-AL-36527/405553127_zpid/,,360400
"12819 Philadelphia Blvd, Daphne, AL 36527",12819 Philadelphia Blvd,forRent,,3,1437,,1700,19,https://www.zillow.com/homedetails/12819-Philadelphia-Blvd-Daphne-AL-36527/448730797_zpid/,,251025
"12807 Philadelphia Blvd, Daphne, AL 36527",12807 Philadelphia Blvd,forRent,,3,1437,,1800,73,https://www.zillow.com/homedetails/12807-Philadelphia-Blvd-Daphne-AL-36527/343594922_zpid/,,239800
"31436 Memphis Loop, Spanish Fort, AL 36527",31436 Memphis Loop,forRent,,4,1948,,2295,32,https://www.zillow.com/homedetails/31436-Memphis-Loop-Spanish-Fort-AL-36527/2067469020_zpid/,,359800
"13437 Antler Hill Rd, Spanish Fort, AL 36527",13437 Antler Hill Rd,forRent,,4,1931,,2350,9,https://www.zillow.com/homedetails/13437-Antler-Hill-Rd-Spanish-Fort-AL-36527/2058500497_zpid/,,319950
"4246 Lost Bay Dr #Id1541221p, Orange Beach, AL 36561",4246 Lost Bay Dr #Id1541221p,forRent,,3,1797,,2625,36,https://www.zillow.com/homedetails/4246-Lost-Bay-Dr-ID1541221P-Orange-Beach-AL-36561/462641758_zpid/,,
"4306 Lost Bay Dr #1, Orange Beach, AL 36561",4306 Lost Bay Dr #1,forRent,,3,,,2300,6,https://www.zillow.com/homedetails/4306-Lost-Bay-Dr-1-Orange-Beach-AL-36561/459688316_zpid/,,
"4246 Lost Bay Dr #Id1541223p, Orange Beach, AL 36561",4246 Lost Bay Dr #Id1541223p,forRent,,3,1797,,2538,47,https://www.zillow.com/homedetails/4246-Lost-Bay-Dr-ID1541223P-Orange-Beach-AL-36561/462641751_zpid/,,
"4302 Lost Bay Dr #1, Orange Beach, AL 36561",4302 Lost Bay Dr #1,forRent,,3,,,2300,6,https://www.zillow.com/homedetails/4302-Lost-Bay-Dr-1-Orange-Beach-AL-36561/464932718_zpid/,,
"4148 Lost Bay Dr #1, Orange Beach, AL 36561",4148 Lost Bay Dr #1,forRent,,3,1437,,2250,58,https://www.zillow.com/homedetails/4148-Lost-Bay-Dr-1-Orange-Beach-AL-36561/463764832_zpid/,,
"4246 Lost Bay Dr #Id1541220p, Orange Beach, AL 36561",4246 Lost Bay Dr #Id1541220p,forRent,,6,3595,,5429,36,https://www.zillow.com/homedetails/4246-Lost-Bay-Dr-ID1541220P-Orange-Beach-AL-36561/462641711_zpid/,,
"4688 Casablanca Dr, Orange Beach, AL 36561",4688 Casablanca Dr,forRent,,3,2008,,3500,59,https://www.zillow.com/homedetails/4688-Casablanca-Dr-Orange-Beach-AL-36561/2067521250_zpid/,,490000
"4294 Lost Bay Dr, Orange Beach, AL 36561",4294 Lost Bay Dr,forRent,,3,1437,,2900,4,https://www.zillow.com/homedetails/4294-Lost-Bay-Dr-Orange-Beach-AL-36561/457020516_zpid/,,370000
"4021 Blue Water Dr #4021, Orange Beach, AL 36561",4021 Blue Water Dr #4021,forRent,,3,1437,,2250,6,https://www.zillow.com/homedetails/4021-Blue-Water-Dr-4021-Orange-Beach-AL-36561/458825663_zpid/,,
"13824 Shea Cir, Foley, AL 36535",13824 Shea Cir,forRent,,3,1281,,1950,28,https://www.zillow.com/homedetails/13824-Shea-Cir-Foley-AL-36535/456892388_zpid/,,
"4306 Lost Bay Dr #1, Orange Beach, AL 36561",4306 Lost Bay Dr #1,forRent,,3,,,2300,6,https://www.zillow.com/homedetails/4306-Lost-Bay-Dr-1-Orange-Beach-AL-36561/459688316_zpid/,,
"16363 Apricot Dr, Loxley, AL 36551",16363 Apricot Dr,forRent,,4,2142,,2090,2,https://www.zillow.com/homedetails/16363-Apricot-Dr-Loxley-AL-36551/465041459_zpid/,,
"4148 Lost Bay Dr #1, Orange Beach, AL 36561",4148 Lost Bay Dr #1,forRent,,3,1437,,2250,58,https://www.zillow.com/homedetails/4148-Lost-Bay-Dr-1-Orange-Beach-AL-36561/463764832_zpid/,,
"4246 Lost Bay Dr #Id1541223p, Orange Beach, AL 36561",4246 Lost Bay Dr #Id1541223p,forRent,,3,1797,,2538,47,https://www.zillow.com/homedetails/4246-Lost-Bay-Dr-ID1541223P-Orange-Beach-AL-36561/462641751_zpid/,,
"24759 Raynagua Blvd, Loxley, AL 36551",24759 Raynagua Blvd,forRent,,4,2142,,2090,2,https://www.zillow.com/homedetails/24759-Raynagua-Blvd-Loxley-AL-36551/463510991_zpid/,,
"4294 Lost Bay Dr, Orange Beach, AL 36561",4294 Lost Bay Dr,forRent,,3,1437,,2900,4,https://www.zillow.com/homedetails/4294-Lost-Bay-Dr-Orange-Beach-AL-36561/457020516_zpid/,,370000
"4246 Lost Bay Dr #Id1541221p, Orange Beach, AL 36561",4246 Lost Bay Dr #Id1541221p,forRent,,3,1797,,2625,36,https://www.zillow.com/homedetails/4246-Lost-Bay-Dr-ID1541221P-Orange-Beach-AL-36561/462641758_zpid/,,
"24775 Raynagua Blvd, Loxley, AL 36551",24775 Raynagua Blvd,forRent,,4,2000,,1995,2,https://www.zillow.com/homedetails/24775-Raynagua-Blvd-Loxley-AL-36551/463944561_zpid/,,
"31543 Lyon Rd, Daphne, AL 36527",31543 Lyon Rd,forRent,,5,,,2600,28,https://www.zillow.com/homedetails/31543-Lyon-Rd-Daphne-AL-36527/456321716_zpid/,,354500
"16404 Apricot Dr, Loxley, AL 36551",16404 Apricot Dr,forRent,,3,1550,,1750,2,https://www.zillow.com/homedetails/16404-Apricot-Dr-Loxley-AL-36551/462793552_zpid/,,
"13330 Shea Cir, Foley, AL 36535",13330 Shea Cir,forRent,,3,1430,,2100,26,https://www.zillow.com/homedetails/13330-Shea-Cir-Foley-AL-36535/462523648_zpid/,,
"4302 Lost Bay Dr #1, Orange Beach, AL 36561",4302 Lost Bay Dr #1,forRent,,3,,,2300,6,https://www.zillow.com/homedetails/4302-Lost-Bay-Dr-1-Orange-Beach-AL-36561/464932718_zpid/,,
"4246 Lost Bay Dr #Id1541220p, Orange Beach, AL 36561",4246 Lost Bay Dr #Id1541220p,forRent,,6,3595,,5429,36,https://www.zillow.com/homedetails/4246-Lost-Bay-Dr-ID1541220P-Orange-Beach-AL-36561/462641711_zpid/,,
"50 Swayze Rhys Ln, Cabot, AR 72023",50 Swayze Rhys Ln,forRent,,4,1652,,1700,23,https://www.zillow.com/homedetails/50-Swayze-Rhys-Ln-Cabot-AR-72023/350308169_zpid/,,217825
"65 Swayze Rhys Ln, Cabot, AR 72023",65 Swayze Rhys Ln,forRent,,3,1633,,1700,24,https://www.zillow.com/homedetails/65-Swayze-Rhys-Ln-Cabot-AR-72023/2052994194_zpid/,,213925
"70 Kinley Brook Ln, Cabot, AR 72023",70 Kinley Brook Ln,forRent,,3,1012,,1595,27,https://www.zillow.com/homedetails/70-Kinley-Brook-Ln-Cabot-AR-72023/2055560788_zpid/,,175775
"55 Maddison Rachael, Cabot, AR 72023",55 Maddison Rachael,forRent,,4,1459,,1475,37,https://www.zillow.com/homedetails/55-Maddison-Rachael-Cabot-AR-72023/461972684_zpid/,,212900
"70 Nona Ruth Ln, Cabot, AR 72023",70 Nona Ruth Ln,forRent,,3,1612,,1575,6,https://www.zillow.com/homedetails/70-Nona-Ruth-Ln-Cabot-AR-72023/461972683_zpid/,,214900
"60 Leruss Blvd, Cabot, AR 72023",60 Leruss Blvd,forRent,,3,1422,,1425,33,https://www.zillow.com/homedetails/60-Leruss-Blvd-Cabot-AR-72023/342062290_zpid/,,203000
"35 Foster Louis Ln, Cabot, AR 72023",35 Foster Louis Ln,forRent,,3,1234,,1455,9,https://www.zillow.com/homedetails/35-Foster-Louis-Ln-Cabot-AR-72023/349183675_zpid/,,
"1155 Mimosa Dr, Conway, AR 72034",1155 Mimosa Dr,forRent,,3,1236,,1400,2,https://www.zillow.com/homedetails/1155-Mimosa-Dr-Conway-AR-72034/35730018_zpid/,,78000
"1810 Rich Smith Ln, Conway, AR 72032",1810 Rich Smith Ln,forRent,,3,2310,,2500,41,https://www.zillow.com/homedetails/1810-Rich-Smith-Ln-Conway-AR-72032/102992676_zpid/,,
"1610 Raden St, Conway, AR 72032",1610 Raden St,forRent,,3,1243,,1650,25,https://www.zillow.com/homedetails/1610-Raden-St-Conway-AR-72032/2066419442_zpid/,,
"4555 Graham Dr, Conway, AR 72034",4555 Graham Dr,forRent,,3,1192,,1400,24,https://www.zillow.com/homedetails/4555-Graham-Dr-Conway-AR-72034/59917944_zpid/,,185000
"2 S Hampton Cv, Conway, AR 72034",2 S Hampton Cv,forRent,,3,1680,,1700,13,https://www.zillow.com/homedetails/2-S-Hampton-Cv-Conway-AR-72034/234006_zpid/,,244000
"2845 York Ln, Conway, AR 72034",2845 York Ln,forRent,,3,1600,,1595,9,https://www.zillow.com/homedetails/2845-York-Ln-Conway-AR-72034/63265218_zpid/,,245000
"15 Leruss Blvd, Cabot, AR 72023",15 Leruss Blvd,forRent,,,,,,,https://www.zillow.com/b/15-leruss-blvd-cabot-ar-CkhJp8/,,
"4660 Graham Dr, Conway, AR 72034",4660 Graham Dr,forRent,,3,1172,,1400,17,https://www.zillow.com/homedetails/4660-Graham-Dr-Conway-AR-72034/59917937_zpid/,,109000
"1306 Bellemeade Dr, Conway, AR 72034",1306 Bellemeade Dr,forRent,,3,2220,,1775,24,https://www.zillow.com/homedetails/1306-Bellemeade-Dr-Conway-AR-72034/234155_zpid/,,89090
"2830 Longbow Ln, Conway, AR 72034",2830 Longbow Ln,forRent,,3,1388,,1450,27,https://www.zillow.com/homedetails/2830-Longbow-Ln-Conway-AR-72034/82265622_zpid/,,192099
"31 Haley Renee Dr, Greenbrier, AR 72058",31 Haley Renee Dr,forRent,,3,1527,,1400,32,https://www.zillow.com/homedetails/31-Haley-Renee-Dr-Greenbrier-AR-72058/464349852_zpid/,,
"1267 Hamilton St, Conway, AR 72032",1267 Hamilton St,forRent,,3,1056,,1233,18,https://www.zillow.com/homedetails/1267-Hamilton-St-Conway-AR-72032/234905_zpid/,,52000
"22 Marshall Rd N, Vilonia, AR 72173",22 Marshall Rd N,forRent,,3,1500,,1400,1,https://www.zillow.com/homedetails/22-Marshall-Rd-N-Vilonia-AR-72173/52392644_zpid/,,
"1906 Dave Ward Dr, Conway, AR 72034",1906 Dave Ward Dr,forRent,,3,1335,,1000,26,https://www.zillow.com/homedetails/1906-Dave-Ward-Dr-Conway-AR-72034/2061771487_zpid/,,
"1405 Appalachain Dr, Conway, AR 72034",1405 Appalachain Dr,forRent,,3,1145,,1450,81,https://www.zillow.com/homedetails/1405-Appalachain-Dr-Conway-AR-72034/35730407_zpid/,,180500
"24 Arkavalley Rd, Greenbrier, AR 72058",24 Arkavalley Rd,forRent,,3,1258,,1300,0,https://www.zillow.com/homedetails/24-Arkavalley-Rd-Greenbrier-AR-72058/71711706_zpid/,,114000
"2135 Raintree Dr, Conway, AR 72032",2135 Raintree Dr,forRent,,3,1042,,1350,39,https://www.zillow.com/homedetails/2135-Raintree-Dr-Conway-AR-72032/240139_zpid/,,106000
"10 Harvest Ln, Conway, AR 72032",10 Harvest Ln,forRent,,3,1288,,1495,19,https://www.zillow.com/homedetails/10-Harvest-Ln-Conway-AR-72032/338960356_zpid/,,
"2250 Wilmington Dr, Conway, AR 72034",2250 Wilmington Dr,forRent,,3,1449,,1600,52,https://www.zillow.com/homedetails/2250-Wilmington-Dr-Conway-AR-72034/59917837_zpid/,,141000
"20 Summer Breeze Rd, Conway, AR 72032",20 Summer Breeze Rd,forRent,,3,1592,,1600,1,https://www.zillow.com/homedetails/20-Summer-Breeze-Rd-Conway-AR-72032/2076495598_zpid/,,207000
"1345 Stone Crest Dr, Conway, AR 72034",1345 Stone Crest Dr,forRent,,3,2103,,1850,2,https://www.zillow.com/homedetails/1345-Stone-Crest-Dr-Conway-AR-72034/52392110_zpid/,,172000
"2004 Hairston Ave, Conway, AR 72034",2004 Hairston Ave,forRent,,3,1703,,2800,4,https://www.zillow.com/homedetails/2004-Hairston-Ave-Conway-AR-72034/444384959_zpid/,,
"1425 Ola St, Conway, AR 72032",1425 Ola St,forRent,,3,1268,,3100,4,https://www.zillow.com/homedetails/1425-Ola-St-Conway-AR-72032/63265054_zpid/,,115000
"175 Southerland Rd, Conway, AR 72032",175 Southerland Rd,forRent,,3,1532,,1650,4,https://www.zillow.com/homedetails/175-Southerland-Rd-Conway-AR-72032/35730518_zpid/,,165000
"1930 College Ave, Conway, AR 72034",1930 College Ave,forRent,,3,1926,,3100,4,https://www.zillow.com/homedetails/1930-College-Ave-Conway-AR-72034/237634_zpid/,,160268
"27 Trinity Dr, Cabot, AR 72023",27 Trinity Dr,forRent,,3,1442,,1525,16,https://www.zillow.com/homedetails/27-Trinity-Dr-Cabot-AR-72023/113948501_zpid/,,
"32 Fortson Dr, Cabot, AR 72023",32 Fortson Dr,forRent,,3,1064,,875,15,https://www.zillow.com/homedetails/32-Fortson-Dr-Cabot-AR-72023/63161011_zpid/,,750000
"87 Sycamore Cir, Cabot, AR 72023",87 Sycamore Cir,forRent,,3,1252,,1395,23,https://www.zillow.com/homedetails/87-Sycamore-Cir-Cabot-AR-72023/256430_zpid/,,151500
"73 Timberwood Dr, Cabot, AR 72023",73 Timberwood Dr,forRent,,3,1230,,1450,19,https://www.zillow.com/homedetails/73-Timberwood-Dr-Cabot-AR-72023/52495438_zpid/,,161000
"85 Kyndall Lauren Ln, Cabot, AR 72023",85 Kyndall Lauren Ln,forRent,,3,1244,,1450,21,https://www.zillow.com/homedetails/85-Kyndall-Lauren-Ln-Cabot-AR-72023/442588183_zpid/,,179900
"34 Shamsie Dr, Ward, AR 72176",34 Shamsie Dr,forRent,,3,1264,,1350,73,https://www.zillow.com/homedetails/34-Shamsie-Dr-Ward-AR-72176/99420023_zpid/,,150000
"44 Kirkland Dr, Cabot, AR 72023",44 Kirkland Dr,forRent,,3,2077,,1900,156,https://www.zillow.com/homedetails/44-Kirkland-Dr-Cabot-AR-72023/52495420_zpid/,,
"125 Old Red Rd, Ward, AR 72176",125 Old Red Rd,forRent,,3,1280,,1000,3,https://www.zillow.com/homedetails/125-Old-Red-Rd-Ward-AR-72176/99434787_zpid/,,
"26 Stonewood Dr, Cabot, AR 72023",26 Stonewood Dr,forRent,,3,1698,,1900,13,https://www.zillow.com/homedetails/26-Stonewood-Dr-Cabot-AR-72023/55151081_zpid/,,157000
"1045 E Main St, Austin, AR 72007",1045 E Main St,forRent,,3,1266,,1375,1,https://www.zillow.com/homedetails/1045-E-Main-St-Austin-AR-72007/99406768_zpid/,,70000
"34 Woodhaven Dr, Cabot, AR 72023",34 Woodhaven Dr,forRent,,3,1305,,1650,31,https://www.zillow.com/homedetails/34-Woodhaven-Dr-Cabot-AR-72023/338206710_zpid/,,165000
"142 Weathering Dr, Austin, AR 72007",142 Weathering Dr,forRent,,3,1212,,1295,71,https://www.zillow.com/homedetails/142-Weathering-Dr-Austin-AR-72007/99433960_zpid/,,140000
"22 Kirkland St, Ward, AR 72176",22 Kirkland St,forRent,,3,1185,,1350,5,https://www.zillow.com/homedetails/22-Kirkland-St-Ward-AR-72176/261280_zpid/,,84000
"15 Jennifer Cv, Ward, AR 72176",15 Jennifer Cv,forRent,,3,1328,,1650,31,https://www.zillow.com/homedetails/15-Jennifer-Cv-Ward-AR-72176/2063023920_zpid/,,210000
"449 Brinkley Dr, Kings Mountain, NC 28086",449 Brinkley Dr,forRent,,4,2175,,2195,4,https://www.zillow.com/homedetails/449-Brinkley-Dr-Kings-Mountain-NC-28086/462249560_zpid/,,295000
"11 W Plaza Blvd, Cabot, AR 72023",11 W Plaza Blvd,forRent,,3,1487,,1525,13,https://www.zillow.com/homedetails/11-W-Plaza-Blvd-Cabot-AR-72023/256262_zpid/,,229049
"28 Burns Dr, Cabot, AR 72023",28 Burns Dr,forRent,,3,1288,,1350,47,https://www.zillow.com/homedetails/28-Burns-Dr-Cabot-AR-72023/255699_zpid/,,146000
"450 Brinkley Dr, Kings Mountain, NC 28086",450 Brinkley Dr,forRent,,5,2511,,2445,4,https://www.zillow.com/homedetails/450-Brinkley-Dr-Kings-Mountain-NC-28086/463353765_zpid/,,325000
"424 Ables Loop, Ward, AR 72176",424 Ables Loop,forRent,,3,1280,,1400,25,https://www.zillow.com/homedetails/424-Ables-Loop-Ward-AR-72176/67447121_zpid/,,
"2098 10th St SE, Hickory, NC 28601",2098 10th St SE,forRent,,4,2174,,2395,4,https://www.zillow.com/homedetails/2098-10th-St-SE-Hickory-NC-28601/461180979_zpid/,,309000
"538 Belcaro Dr, Kings Mountain, NC 28086",538 Belcaro Dr,forRent,,3,1800,,2005,37,https://www.zillow.com/homedetails/538-Belcaro-Dr-Kings-Mountain-NC-28086/339891879_zpid/,,
"1415 Mammoth Rd, Hickory, NC 28602",1415 Mammoth Rd,forRent,,4,1927,,2145,4,https://www.zillow.com/homedetails/1415-Mammoth-Rd-Hickory-NC-28602/461722523_zpid/,,272500
"15 Harvest Ridge Dr, Hickory, NC 28601",15 Harvest Ridge Dr,forRent,,4,2000,,2200,7,https://www.zillow.com/homedetails/15-Harvest-Ridge-Dr-Hickory-NC-28601/2063037302_zpid/,,220990
"404 Marcella Dr, Kings Mountain, NC 28086",404 Marcella Dr,forRent,,3,1507,,1949,27,https://www.zillow.com/homedetails/404-Marcella-Dr-Kings-Mountain-NC-28086/214091791_zpid/,,255000
"1431 Mammoth Rd, Hickory, NC 28602",1431 Mammoth Rd,forRent,,5,2368,,2295,5,https://www.zillow.com/homedetails/1431-Mammoth-Rd-Hickory-NC-28602/455924046_zpid/,,307679
"1419 Mammoth Rd, Hickory, NC 28602",1419 Mammoth Rd,forRent,,5,2368,,2275,4,https://www.zillow.com/homedetails/1419-Mammoth-Rd-Hickory-NC-28602/461722721_zpid/,,292400
"1411 Mammoth Rd, Hickory, NC 28602",1411 Mammoth Rd,forRent,,5,2368,,2255,4,https://www.zillow.com/homedetails/1411-Mammoth-Rd-Hickory-NC-28602/463736170_zpid/,,292400
"209 N Madison St, Cabot, AR 72023",209 N Madison St,forRent,,3,1524,,1895,58,https://www.zillow.com/homedetails/209-N-Madison-St-Cabot-AR-72023/439267452_zpid/,,
"2625 Rolling Ridge Dr, Hickory, NC 28602",2625 Rolling Ridge Dr,forRent,,4,3747,,3000,19,https://www.zillow.com/homedetails/2625-Rolling-Ridge-Dr-Hickory-NC-28602/71554898_zpid/,,447000
"1406 Mammoth Rd, Hickory, NC 28602",1406 Mammoth Rd,forRent,,3,1749,,2025,4,https://www.zillow.com/homedetails/1406-Mammoth-Rd-Hickory-NC-28602/460650036_zpid/,,258000
"5944 Bakers Point, Hickory, NC 28602",5944 Bakers Point,forRent,,5,3953,,3600,19,https://www.zillow.com/homedetails/5944-Bakers-Point-Hickory-NC-28602/98192272_zpid/,,90000
"667 13th Avenue Dr NE, Hickory, NC 28601",667 13th Avenue Dr NE,forRent,,4,2174,,2345,54,https://www.zillow.com/homedetails/667-13th-Avenue-Dr-NE-Hickory-NC-28601/461540370_zpid/,,
"765 8th Avenue Dr SE, Hickory, NC 28602",765 8th Avenue Dr SE,forRent,,3,1463,,1750,76,https://www.zillow.com/homedetails/765-8th-Avenue-Dr-SE-Hickory-NC-28602/71963561_zpid/,,110000
"1936 Eigth St, Hickory, NC 28602",1936 Eigth St,forRent,,3,1695,,1750,74,https://www.zillow.com/homedetails/1936-Eigth-St-Hickory-NC-28602/2052991619_zpid/,,
"512 12th Ave NE, Hickory, NC 28601",512 12th Ave NE,forRent,,3,1334,,1595,55,https://www.zillow.com/homedetails/512-12th-Ave-NE-Hickory-NC-28601/463832995_zpid/,,
"1417 17th Ave NE, Hickory, NC 28601",1417 17th Ave NE,forRent,,3,1400,,1725,30,https://www.zillow.com/homedetails/1417-17th-Ave-NE-Hickory-NC-28601/71551010_zpid/,,99000
"3315 23rd St NE, Hickory, NC 28601",3315 23rd St NE,forRent,,3,1369,,1995,3,https://www.zillow.com/homedetails/3315-23rd-St-NE-Hickory-NC-28601/71909821_zpid/,,145000
"103 E Scott St, Carlisle, AR 72024",103 E Scott St,forRent,,3,1556,,1300,29,https://www.zillow.com/homedetails/103-E-Scott-St-Carlisle-AR-72024/258138_zpid/,,75000
"1181 Courtney Dr, Hickory, NC 28602",1181 Courtney Dr,forRent,,4,993,,1950,3,https://www.zillow.com/homedetails/1181-Courtney-Dr-Hickory-NC-28602/71914325_zpid/,,115000
"736 12th Ave NW, Hickory, NC 28601",736 12th Ave NW,forRent,,3,1852,,1900,6,https://www.zillow.com/homedetails/736-12th-Ave-NW-Hickory-NC-28601/71948672_zpid/,,
"502 12th Ave NE, Hickory, NC 28601",502 12th Ave NE,forRent,,3,1334,,1595,11,https://www.zillow.com/homedetails/502-12th-Ave-NE-Hickory-NC-28601/463061458_zpid/,,
"422 Janie Cir, Hickory, NC 28601",422 Janie Cir,forRent,,4,2800,,2500,6,https://www.zillow.com/homedetails/422-Janie-Cir-Hickory-NC-28601/460859494_zpid/,,
"3927 Newhall Dr NW, Hickory, NC 28601",3927 Newhall Dr NW,forRent,,3,1082,,1450,3,https://www.zillow.com/homedetails/3927-Newhall-Dr-NW-Hickory-NC-28601/98193008_zpid/,,205000
"2035 2nd St NW, Hickory, NC 28601",2035 2nd St NW,forRent,,4,2958,,3400,19,https://www.zillow.com/homedetails/2035-2nd-St-NW-Hickory-NC-28601/71547887_zpid/,,525000
"2781 19th Ave NE, Hickory, NC 28601",2781 19th Ave NE,forRent,,3,2500,,2200,20,https://www.zillow.com/homedetails/2781-19th-Ave-NE-Hickory-NC-28601/71935770_zpid/,,
"1928 36th Ave NE, Hickory, NC 28601",1928 36th Ave NE,forRent,,3,,,2000,33,https://www.zillow.com/homedetails/1928-36th-Ave-NE-Hickory-NC-28601/71548772_zpid/,,206146
"3967 Newhall Dr NW, Hickory, NC 28601",3967 Newhall Dr NW,forRent,,3,1158,,1400,12,https://www.zillow.com/homedetails/3967-Newhall-Dr-NW-Hickory-NC-28601/343810572_zpid/,,
"3605 16th St NE, Hickory, NC 28601",3605 16th St NE,forRent,,3,1395,,1850,6,https://www.zillow.com/homedetails/3605-16th-St-NE-Hickory-NC-28601/71966217_zpid/,,150000
"1330 37th Avenue Ln NE, Hickory, NC 28601",1330 37th Avenue Ln NE,forRent,,5,2368,,2700,33,https://www.zillow.com/homedetails/1330-37th-Avenue-Ln-NE-Hickory-NC-28601/452771842_zpid/,,330000
"2130 10th St SE, Hickory, NC 28602",2130 10th St SE,forRent,,4,2174,,2250,30,https://www.zillow.com/homedetails/2130-10th-St-SE-Hickory-NC-28602/463122074_zpid/,,
"104 10th Ave SE, Hickory, NC 28602",104 10th Ave SE,forRent,,3,1333,,1595,89,https://www.zillow.com/homedetails/104-10th-Ave-SE-Hickory-NC-28602/71959215_zpid/,,420000
"755 2nd Ave SW, Hickory, NC 28602",755 2nd Ave SW,forRent,,6,2779,,3650,60,https://www.zillow.com/homedetails/755-2nd-Ave-SW-Hickory-NC-28602/71962373_zpid/,,200000
"106 10th Ave SE, Hickory, NC 28602",106 10th Ave SE,forRent,,3,1333,,1595,82,https://www.zillow.com/homedetails/106-10th-Ave-SE-Hickory-NC-28602/463282226_zpid/,,
"2110 24th St NE, Hickory, NC 28601",2110 24th St NE,forRent,,3,1248,,1700,87,https://www.zillow.com/homedetails/2110-24th-St-NE-Hickory-NC-28601/71911952_zpid/,,100000
"117 Logan Dr, Maumelle, AR 72113",117 Logan Dr,forRent,,3,1472,,1835,61,https://www.zillow.com/homedetails/117-Logan-Dr-Maumelle-AR-72113/2057186355_zpid/,,
"106 Jo Park Ln, Maumelle, AR 72113",106 Jo Park Ln,forRent,,4,1640,,2000,31,https://www.zillow.com/homedetails/106-Jo-Park-Ln-Maumelle-AR-72113/2056841941_zpid/,,
"621-623 Cosmos St, Maumelle, AR 72113",621-623 Cosmos St,other,,,,,,,https://www.zillow.com/b/621-623-cosmos-st-maumelle-ar-CpNTTZ/,,
"124 Im Dr, Maumelle, AR 72113",124 Im Dr,forRent,,4,1500,,1950,62,https://www.zillow.com/homedetails/124-Im-Dr-Maumelle-AR-72113/2056969175_zpid/,,222925
"203 Logan Dr, Maumelle, AR 72113",203 Logan Dr,forRent,,3,1472,,1835,37,https://www.zillow.com/homedetails/203-Logan-Dr-Maumelle-AR-72113/2057186362_zpid/,,
"7 Southland Dr, Maumelle, AR 72113",7 Southland Dr,forRent,,2,925,,850,68,https://www.zillow.com/homedetails/7-Southland-Dr-Maumelle-AR-72113/2109744736_zpid/,,
"205 Logan Dr, Maumelle, AR 72113",205 Logan Dr,forRent,,3,1472,,1835,51,https://www.zillow.com/homedetails/205-Logan-Dr-Maumelle-AR-72113/2057186361_zpid/,,
"(Undisclosed Address), Maumelle, AR 72113",(Undisclosed Address),forRent,,3,1430,,1700,15,https://www.zillow.com/homedetails/Maumelle-AR-72113/326296_zpid/,,295000
"61 Pin Oak Loop, Maumelle, AR 72113",61 Pin Oak Loop,forRent,,3,1173,,1495,65,https://www.zillow.com/homedetails/61-Pin-Oak-Loop-Maumelle-AR-72113/326810_zpid/,,175000
"10413 Cypress Knee Dr, Maumelle, AR 72113",10413 Cypress Knee Dr,forRent,,3,1480,,1800,67,https://www.zillow.com/homedetails/10413-Cypress-Knee-Dr-Maumelle-AR-72113/2060938533_zpid/,,
"127 Chambery Dr, Maumelle, AR 72113",127 Chambery Dr,forRent,,4,1651,,2500,3,https://www.zillow.com/homedetails/127-Chambery-Dr-Maumelle-AR-72113/122006196_zpid/,,
"57 Stoneledge Dr, Maumelle, AR 72113",57 Stoneledge Dr,forRent,,4,1961,,1950,17,https://www.zillow.com/homedetails/57-Stoneledge-Dr-Maumelle-AR-72113/326028_zpid/,,145000
"32 Cinderwood Cv, Maumelle, AR 72113",32 Cinderwood Cv,forRent,,3,2467,,1895,7,https://www.zillow.com/homedetails/32-Cinderwood-Cv-Maumelle-AR-72113/343619_zpid/,,505000
"2 Corbet Ln, Maumelle, AR 72113",2 Corbet Ln,forRent,,3,1523,,2300,16,https://www.zillow.com/homedetails/2-Corbet-Ln-Maumelle-AR-72113/122005820_zpid/,,
"5 Stoneledge Dr, Maumelle, AR 72113",5 Stoneledge Dr,forRent,,3,1755,,1850,23,https://www.zillow.com/homedetails/5-Stoneledge-Dr-Maumelle-AR-72113/326005_zpid/,,240000
"263 Lake Valley Dr, Maumelle, AR 72113",263 Lake Valley Dr,forRent,,5,3100,,2600,9,https://www.zillow.com/homedetails/263-Lake-Valley-Dr-Maumelle-AR-72113/89031838_zpid/,,308200
"127 Rolling Oaks Dr, Maumelle, AR 72113",127 Rolling Oaks Dr,forRent,,3,1240,,1475,6,https://www.zillow.com/homedetails/127-Rolling-Oaks-Dr-Maumelle-AR-72113/326438_zpid/,,79500
"216 Chantilly Cir, Maumelle, AR 72113",216 Chantilly Cir,forRent,,3,1632,,2200,7,https://www.zillow.com/homedetails/216-Chantilly-Cir-Maumelle-AR-72113/328342_zpid/,,300000
"11 Page Cv, Maumelle, AR 72113",11 Page Cv,forRent,,3,1294,,1695,4,https://www.zillow.com/homedetails/11-Page-Cv-Maumelle-AR-72113/326629_zpid/,,222125
"81 Oak Forest Loop, Maumelle, AR 72113",81 Oak Forest Loop,forRent,,3,1300,,1700,48,https://www.zillow.com/homedetails/81-Oak-Forest-Loop-Maumelle-AR-72113/326542_zpid/,,145000
"509 E Elm St, Cabot, AR 72023",509 E Elm St,forRent,,3,1056,,1450,59,https://www.zillow.com/homedetails/509-E-Elm-St-Cabot-AR-72023/257181_zpid/,,185000
"314 Ray St, Cabot, AR 72023",314 Ray St,forRent,,3,1449,,1300,54,https://www.zillow.com/homedetails/314-Ray-St-Cabot-AR-72023/257086_zpid/,,700000
"22 Oakland Cir, Austin, AR 72007",22 Oakland Cir,forRent,,3,1328,,1575,12,https://www.zillow.com/homedetails/22-Oakland-Cir-Austin-AR-72007/251409763_zpid/,,176000
"5694 Claridge Dr, Hickory, NC 28602",5694 Claridge Dr,forRent,,3,2200,,2150,107,https://www.zillow.com/homedetails/5694-Claridge-Dr-Hickory-NC-28602/71906250_zpid/,,113500
"111 Miramar Dr, Maumelle, AR 72113",111 Miramar Dr,forRent,,3,2404,,2390,2,https://www.zillow.com/homedetails/111-Miramar-Dr-Maumelle-AR-72113/328081_zpid/,,240000
"17 Azalea Dr, Cabot, AR 72023",17 Azalea Dr,forRent,,3,1294,,1345,74,https://www.zillow.com/homedetails/17-Azalea-Dr-Cabot-AR-72023/52495110_zpid/,,174500
"1609 Moon Rd, Ward, AR 72176",1609 Moon Rd,forRent,,3,1026,,1095,6,https://www.zillow.com/homedetails/1609-Moon-Rd-Ward-AR-72176/99444948_zpid/,,125000
"21 Meadowlark Dr, Cabot, AR 72023",21 Meadowlark Dr,forRent,,3,1013,,1395,26,https://www.zillow.com/homedetails/21-Meadowlark-Dr-Cabot-AR-72023/255213_zpid/,,147900
"110 Vienne Pl, Maumelle, AR 72113",110 Vienne Pl,forRent,,3,1553,,1850,15,https://www.zillow.com/homedetails/110-Vienne-Pl-Maumelle-AR-72113/118161409_zpid/,,180000
"32 Thunderbird Dr, Cabot, AR 72023",32 Thunderbird Dr,forRent,,3,1444,,1475,3,https://www.zillow.com/homedetails/32-Thunderbird-Dr-Cabot-AR-72023/67447424_zpid/,,
"15 Silverado Ct, Cabot, AR 72023",15 Silverado Ct,forRent,,3,1382,,1350,17,https://www.zillow.com/homedetails/15-Silverado-Ct-Cabot-AR-72023/35732243_zpid/,,150000
"26 Mustang Dr, Cabot, AR 72023",26 Mustang Dr,forRent,,3,1537,,1550,59,https://www.zillow.com/homedetails/26-Mustang-Dr-Cabot-AR-72023/63160976_zpid/,,310000
"16 Mustang Dr, Cabot, AR 72023",16 Mustang Dr,forRent,,3,1494,,1450,30,https://www.zillow.com/homedetails/16-Mustang-Dr-Cabot-AR-72023/63160974_zpid/,,2988
"54 Magnolia Dr, Cabot, AR 72023",54 Magnolia Dr,forRent,,3,1394,,1400,51,https://www.zillow.com/homedetails/54-Magnolia-Dr-Cabot-AR-72023/60314948_zpid/,,117000
"120 Suda St, Cabot, AR 72023",120 Suda St,forRent,,3,1008,,995,142,https://www.zillow.com/homedetails/120-Suda-St-Cabot-AR-72023/213595966_zpid/,,120000
"203 Lynn Ln, Lonoke, AR 72086",203 Lynn Ln,forRent,,3,1200,,1195,83,https://www.zillow.com/homedetails/203-Lynn-Ln-Lonoke-AR-72086/260453_zpid/,,105000
"400 Apricot St, Austin, AR 72007",400 Apricot St,forRent,,3,1200,,1475,13,https://www.zillow.com/homedetails/400-Apricot-St-Austin-AR-72007/82250818_zpid/,,280000
"2004 Hairston Ave, Conway, AR 72034",2004 Hairston Ave,forRent,,3,1703,,2800,4,https://www.zillow.com/homedetails/2004-Hairston-Ave-Conway-AR-72034/444384959_zpid/,,
"17 Farrah St, Ward, AR 72176",17 Farrah St,forRent,,3,1563,,1250,89,https://www.zillow.com/homedetails/17-Farrah-St-Ward-AR-72176/52495486_zpid/,,
"72 Branchwood Ln, Austin, AR 72007",72 Branchwood Ln,forRent,,3,1216,,1200,10,https://www.zillow.com/homedetails/72-Branchwood-Ln-Austin-AR-72007/252707_zpid/,,1710000
"1425 Ola St, Conway, AR 72032",1425 Ola St,forRent,,3,1268,,3100,4,https://www.zillow.com/homedetails/1425-Ola-St-Conway-AR-72032/63265054_zpid/,,115000
"101 Cedar Creek Loop, Cabot, AR 72023",101 Cedar Creek Loop,forRent,,3,1422,,1295,45,https://www.zillow.com/homedetails/101-Cedar-Creek-Loop-Cabot-AR-72023/88905306_zpid/,,
"1930 College Ave, Conway, AR 72034",1930 College Ave,forRent,,3,1926,,3100,4,https://www.zillow.com/homedetails/1930-College-Ave-Conway-AR-72034/237634_zpid/,,160268
"4540 Thompson St, Conway, AR 72034",4540 Thompson St,forRent,,3,1195,,1450,11,https://www.zillow.com/homedetails/4540-Thompson-St-Conway-AR-72034/52392329_zpid/,,110000
"59 Hickory Bend Dr, Cabot, AR 72023",59 Hickory Bend Dr,forRent,,3,2129,,2000,24,https://www.zillow.com/homedetails/59-Hickory-Bend-Dr-Cabot-AR-72023/67445626_zpid/,,207000
"1294 Ridge Rd, Benton, AR 72015",1294 Ridge Rd,forRent,,3,1108,,1145,0,https://www.zillow.com/homedetails/1294-Ridge-Rd-Benton-AR-72015/114182952_zpid/,,2000
"1533 S Battleground Ave, Kings Mountain, NC 28086",1533 S Battleground Ave,forRent,,3,1320,,1800,30,https://www.zillow.com/homedetails/1533-S-Battleground-Ave-Kings-Mountain-NC-28086/464400646_zpid/,,
"231 Brinkley Dr, Kings Mountain, NC 28086",231 Brinkley Dr,forRent,,5,2400,,2595,52,https://www.zillow.com/homedetails/231-Brinkley-Dr-Kings-Mountain-NC-28086/349365612_zpid/,,332000
"1504 McCurdy, Benton, AR 72019",1504 McCurdy,forRent,,4,1725,,1750,27,https://www.zillow.com/homedetails/1504-McCurdy-Benton-AR-72019/388159_zpid/,,21500
"2096 Fern Valley Dr, Alexander, AR 72002",2096 Fern Valley Dr,forRent,,3,1345,,1650,2,https://www.zillow.com/homedetails/2096-Fern-Valley-Dr-Alexander-AR-72002/247595778_zpid/,,188800
"3225 Jean Cv, Alexander, AR 72002",3225 Jean Cv,forRent,,3,2827,,2600,152,https://www.zillow.com/homedetails/3225-Jean-Cv-Alexander-AR-72002/378862_zpid/,,
"6673 Hollywood Ave, Benton, AR 72019",6673 Hollywood Ave,forRent,,4,2250,,1695,78,https://www.zillow.com/homedetails/6673-Hollywood-Ave-Benton-AR-72019/461413230_zpid/,,215900
"40 Ridge Trl, Sherwood, AR 72120",40 Ridge Trl,forRent,,3,2200,,2100,16,https://www.zillow.com/homedetails/40-Ridge-Trl-Sherwood-AR-72120/232839_zpid/,,230600
"821 Church, Benton, AR 72015",821 Church,forRent,,4,1540,,1675,2,https://www.zillow.com/homedetails/821-Church-Benton-AR-72015/387634_zpid/,,155000
"6688 Hollywood Ave, Benton, AR 72019",6688 Hollywood Ave,forRent,,3,1051,,1595,2,https://www.zillow.com/homedetails/6688-Hollywood-Ave-Benton-AR-72019/460744960_zpid/,,183900
"1345 Stone Crest Dr, Conway, AR 72034",1345 Stone Crest Dr,forRent,,3,2103,,1850,2,https://www.zillow.com/homedetails/1345-Stone-Crest-Dr-Conway-AR-72034/52392110_zpid/,,172000
"14095 Magnolia Glen Dr, Alexander, AR 72002",14095 Magnolia Glen Dr,forRent,,3,1228,,1530,5,https://www.zillow.com/homedetails/14095-Magnolia-Glen-Dr-Alexander-AR-72002/88906053_zpid/,,119500
"807 S Main, Benton, AR 72015",807 S Main,forRent,,3,1288,,1250,62,https://www.zillow.com/homedetails/807-S-Main-Benton-AR-72015/382019_zpid/,,109900
"4640 Oregon Trl, Conway, AR 72034",4640 Oregon Trl,forRent,,3,1482,,1800,18,https://www.zillow.com/homedetails/4640-Oregon-Trl-Conway-AR-72034/35730645_zpid/,,250000
"175 Southerland Rd, Conway, AR 72032",175 Southerland Rd,forRent,,3,1532,,1650,4,https://www.zillow.com/homedetails/175-Southerland-Rd-Conway-AR-72032/35730518_zpid/,,165000
"15 Summerfield Dr, Conway, AR 72034",15 Summerfield Dr,forRent,,3,1508,,1800,8,https://www.zillow.com/homedetails/15-Summerfield-Dr-Conway-AR-72034/238239_zpid/,,99000
"905 Pheasant Cv, Benton, AR 72019",905 Pheasant Cv,forRent,,3,1415,,1595,3,https://www.zillow.com/homedetails/905-Pheasant-Cv-Benton-AR-72019/385747_zpid/,,158000
"1155 Mimosa Dr, Conway, AR 72034",1155 Mimosa Dr,forRent,,3,1236,,1400,2,https://www.zillow.com/homedetails/1155-Mimosa-Dr-Conway-AR-72034/35730018_zpid/,,78000
"5813 Heritage Heights Dr, Benton, AR 72019",5813 Heritage Heights Dr,forRent,,4,1792,,1695,94,https://www.zillow.com/homedetails/5813-Heritage-Heights-Dr-Benton-AR-72019/71715692_zpid/,,199000
"1955 Bellingrath Gdns, Conway, AR 72034",1955 Bellingrath Gdns,forRent,,3,1752,,2000,5,https://www.zillow.com/homedetails/1955-Bellingrath-Gdns-Conway-AR-72034/119403911_zpid/,,199900
"15 Applewood Cv, Cabot, AR 72023",15 Applewood Cv,forRent,,3,1588,,1600,51,https://www.zillow.com/homedetails/15-Applewood-Cv-Cabot-AR-72023/35732370_zpid/,,226000
"1845 Arden Ln, Conway, AR 72034",1845 Arden Ln,forRent,,3,1205,,1575,52,https://www.zillow.com/homedetails/1845-Arden-Ln-Conway-AR-72034/71714882_zpid/,,139000
"2512 College Ave, Conway, AR 72034",2512 College Ave,forRent,,3,1530,,1450,4,https://www.zillow.com/homedetails/2512-College-Ave-Conway-AR-72034/236626_zpid/,,354000
"15 Leruss Blvd, Cabot, AR 72023",15 Leruss Blvd,forRent,,,,,,,https://www.zillow.com/b/15-leruss-blvd-cabot-ar-CkhJp8/,,
"1610 Raden St, Conway, AR 72032",1610 Raden St,forRent,,3,1243,,1650,25,https://www.zillow.com/homedetails/1610-Raden-St-Conway-AR-72032/2066419442_zpid/,,
"2 S Hampton Cv, Conway, AR 72034",2 S Hampton Cv,forRent,,3,1680,,1700,13,https://www.zillow.com/homedetails/2-S-Hampton-Cv-Conway-AR-72034/234006_zpid/,,244000
"4533 Western Woods Dr, Benton, AR 72015",4533 Western Woods Dr,forRent,,4,1984,,1845,9,https://www.zillow.com/homedetails/4533-Western-Woods-Dr-Benton-AR-72015/2061640122_zpid/,,313100
"109 Ann St, Kings Mountain, NC 28086",109 Ann St,forRent,,3,1508,,1950,13,https://www.zillow.com/homedetails/109-Ann-St-Kings-Mountain-NC-28086/214091787_zpid/,,126000
"227 Iris St, Haskell, AR 72015",227 Iris St,forRent,,3,1420,,1725,41,https://www.zillow.com/homedetails/227-Iris-St-Haskell-AR-72015/2060765172_zpid/,,195000
"1306 Bellemeade Dr, Conway, AR 72034",1306 Bellemeade Dr,forRent,,3,2220,,1775,24,https://www.zillow.com/homedetails/1306-Bellemeade-Dr-Conway-AR-72034/234155_zpid/,,89090
"2034 Shelby Rd, Kings Mountain, NC 28086",2034 Shelby Rd,forRent,,3,910,,1250,107,https://www.zillow.com/homedetails/2034-Shelby-Rd-Kings-Mountain-NC-28086/93001483_zpid/,,
"3001 Wild Berry Dr, Benton, AR 72015",3001 Wild Berry Dr,forRent,,3,1486,,1725,16,https://www.zillow.com/homedetails/3001-Wild-Berry-Dr-Benton-AR-72015/71716346_zpid/,,184900
"3006 Hilldale Rd, Alexander, AR 72002",3006 Hilldale Rd,forRent,,3,1960,,1745,3,https://www.zillow.com/homedetails/3006-Hilldale-Rd-Alexander-AR-72002/368446_zpid/,,210000
"4605 Valiant Dr, Conway, AR 72034",4605 Valiant Dr,forRent,,3,1324,,1500,56,https://www.zillow.com/homedetails/4605-Valiant-Dr-Conway-AR-72034/52392383_zpid/,,122000
"3264 Sidell Estates Dr, Benton, AR 72015",3264 Sidell Estates Dr,forRent,,4,1652,,1795,23,https://www.zillow.com/homedetails/3264-Sidell-Estates-Dr-Benton-AR-72015/2063496322_zpid/,,
"2 Hawthorne Dr, Conway, AR 72034",2 Hawthorne Dr,forRent,,3,1408,,1650,44,https://www.zillow.com/homedetails/2-Hawthorne-Dr-Conway-AR-72034/237001_zpid/,,102000
"1810 Rich Smith Ln, Conway, AR 72032",1810 Rich Smith Ln,forRent,,3,2310,,2500,41,https://www.zillow.com/homedetails/1810-Rich-Smith-Ln-Conway-AR-72032/102992676_zpid/,,
"313 S Neeley St, Benton, AR 72015",313 S Neeley St,forRent,,3,1800,,1625,20,https://www.zillow.com/homedetails/313-S-Neeley-St-Benton-AR-72015/2067919637_zpid/,,205000
"124 Sunny Gap Rd, Conway, AR 72032",124 Sunny Gap Rd,forRent,,3,1134,,1100,6,https://www.zillow.com/homedetails/124-Sunny-Gap-Rd-Conway-AR-72032/227564_zpid/,,220000
"13757 Cedar Glen Cv, Alexander, AR 72002",13757 Cedar Glen Cv,forRent,,3,1408,,1575,11,https://www.zillow.com/homedetails/13757-Cedar-Glen-Cv-Alexander-AR-72002/92432562_zpid/,,124900
"3153 Stonewall Dr, Benton, AR 72015",3153 Stonewall Dr,forRent,,3,2104,,2099,116,https://www.zillow.com/homedetails/3153-Stonewall-Dr-Benton-AR-72015/92431831_zpid/,,420000
"203 Glen Oaks Dr, Benton, AR 72015",203 Glen Oaks Dr,forRent,,4,1270,,1295,46,https://www.zillow.com/homedetails/203-Glen-Oaks-Dr-Benton-AR-72015/2066535046_zpid/,,
"15608 Shirley Dr, Alexander, AR 72002",15608 Shirley Dr,forRent,,3,1456,,750,1,https://www.zillow.com/homedetails/15608-Shirley-Dr-Alexander-AR-72002/114176167_zpid/,,
"17 Greenbrier Dr, Benton, AR 72015",17 Greenbrier Dr,forRent,,3,1460,,1595,34,https://www.zillow.com/homedetails/17-Greenbrier-Dr-Benton-AR-72015/386172_zpid/,,143000
"2845 York Ln, Conway, AR 72034",2845 York Ln,forRent,,3,1600,,1595,9,https://www.zillow.com/homedetails/2845-York-Ln-Conway-AR-72034/63265218_zpid/,,245000
"(Undisclosed Address), Conway, AR 72034",(Undisclosed Address),forRent,,3,1689,,1750,6,https://www.zillow.com/homedetails/Conway-AR-72034/241235_zpid/,,131000
"4056 Kings River Trl, Bauxite, AR 72011",4056 Kings River Trl,forRent,,3,1480,,1395,40,https://www.zillow.com/homedetails/4056-Kings-River-Trl-Bauxite-AR-72011/2062403626_zpid/,,200660
"53 Dunnaway Dr, Austin, AR 72007",53 Dunnaway Dr,forRent,,3,1403,,1535,53,https://www.zillow.com/homedetails/53-Dunnaway-Dr-Austin-AR-72007/2056813469_zpid/,,195000
"4555 Graham Dr, Conway, AR 72034",4555 Graham Dr,forRent,,3,1192,,1400,24,https://www.zillow.com/homedetails/4555-Graham-Dr-Conway-AR-72034/59917944_zpid/,,185000
"10 Harvest Ln, Conway, AR 72032",10 Harvest Ln,forRent,,3,1288,,1495,19,https://www.zillow.com/homedetails/10-Harvest-Ln-Conway-AR-72032/338960356_zpid/,,
"60 Parkview Dr, Cabot, AR 72023",60 Parkview Dr,forRent,,3,1475,,1375,32,https://www.zillow.com/homedetails/60-Parkview-Dr-Cabot-AR-72023/255734_zpid/,,135000
"104 Herald Pl, Cabot, AR 72023",104 Herald Pl,forRent,,3,1232,,1095,34,https://www.zillow.com/homedetails/104-Herald-Pl-Cabot-AR-72023/252206_zpid/,,155000
"4660 Graham Dr, Conway, AR 72034",4660 Graham Dr,forRent,,3,1172,,1400,17,https://www.zillow.com/homedetails/4660-Graham-Dr-Conway-AR-72034/59917937_zpid/,,109000
"5096 Woodstream Dr, Alexander, AR 72002",5096 Woodstream Dr,forRent,,3,1594,,2600,2,https://www.zillow.com/homedetails/5096-Woodstream-Dr-Alexander-AR-72002/2077881150_zpid/,,180150
"16 Emerald Cir, Cabot, AR 72023",16 Emerald Cir,forRent,,3,1959,,1850,53,https://www.zillow.com/homedetails/16-Emerald-Cir-Cabot-AR-72023/254439_zpid/,,3400000
"201 Oliver St, Conway, AR 72034",201 Oliver St,forRent,,3,1456,,1450,25,https://www.zillow.com/homedetails/201-Oliver-St-Conway-AR-72034/235449_zpid/,,149000
"1067 Huntington Dr, Benton, AR 72019",1067 Huntington Dr,forRent,,4,1459,,1545,24,https://www.zillow.com/homedetails/1067-Huntington-Dr-Benton-AR-72019/2061767452_zpid/,,
"2530 Peabody Dr, Conway, AR 72032",2530 Peabody Dr,forRent,,3,1271,,1500,22,https://www.zillow.com/homedetails/2530-Peabody-Dr-Conway-AR-72032/239829_zpid/,,199000
"6032 Orange Valley Cv, Mabelvale, AR 72103",6032 Orange Valley Cv,forRent,,4,1504,,1650,0,https://www.zillow.com/homedetails/6032-Orange-Valley-Cv-Mabelvale-AR-72103/2062762647_zpid/,,
"5399 Heritage Valley Dr, Benton, AR 72019",5399 Heritage Valley Dr,forRent,,4,1790,,1900,41,https://www.zillow.com/homedetails/5399-Heritage-Valley-Dr-Benton-AR-72019/2062299989_zpid/,,245000
"1267 Hamilton St, Conway, AR 72032",1267 Hamilton St,forRent,,3,1056,,1233,18,https://www.zillow.com/homedetails/1267-Hamilton-St-Conway-AR-72032/234905_zpid/,,52000
"148 Kelton Dr, Hensley, AR 72065",148 Kelton Dr,forRent,,4,1907,,2200,31,https://www.zillow.com/homedetails/148-Kelton-Dr-Hensley-AR-72065/464384218_zpid/,,
"21 Willard St, Ward, AR 72176",21 Willard St,forRent,,3,1301,,1395,23,https://www.zillow.com/homedetails/21-Willard-St-Ward-AR-72176/55151159_zpid/,,165000
"4326 Glenda Ln, Benton, AR 72019",4326 Glenda Ln,forRent,,3,1398,,1545,33,https://www.zillow.com/homedetails/4326-Glenda-Ln-Benton-AR-72019/68021994_zpid/,,157000
"2135 Raintree Dr, Conway, AR 72032",2135 Raintree Dr,forRent,,3,1042,,1350,39,https://www.zillow.com/homedetails/2135-Raintree-Dr-Conway-AR-72032/240139_zpid/,,106000
"2250 Wilmington Dr, Conway, AR 72034",2250 Wilmington Dr,forRent,,3,1449,,1600,52,https://www.zillow.com/homedetails/2250-Wilmington-Dr-Conway-AR-72034/59917837_zpid/,,141000
"414 Newcomb Cv, Benton, AR 72015",414 Newcomb Cv,forRent,,3,1384,,1600,51,https://www.zillow.com/homedetails/414-Newcomb-Cv-Benton-AR-72015/384931_zpid/,,65531
"2220 Chase Dr, Conway, AR 72034",2220 Chase Dr,forRent,,3,1582,,1850,52,https://www.zillow.com/homedetails/2220-Chase-Dr-Conway-AR-72034/35730147_zpid/,,141000
"26 Alexis Dr, Cabot, AR 72023",26 Alexis Dr,forRent,,3,1288,,1425,1,https://www.zillow.com/homedetails/26-Alexis-Dr-Cabot-AR-72023/255240_zpid/,,152900
"102 Rosebud Cir, Cabot, AR 72023",102 Rosebud Cir,forRent,,3,1277,,1450,37,https://www.zillow.com/homedetails/102-Rosebud-Cir-Cabot-AR-72023/63160774_zpid/,,199000
"22930 Sam Tillery Dr, Alexander, AR 72002",22930 Sam Tillery Dr,forRent,,4,1640,,2000,13,https://www.zillow.com/homedetails/22930-Sam-Tillery-Dr-Alexander-AR-72002/464786376_zpid/,,
"31 Haley Renee Dr, Greenbrier, AR 72058",31 Haley Renee Dr,forRent,,3,1527,,1400,32,https://www.zillow.com/homedetails/31-Haley-Renee-Dr-Greenbrier-AR-72058/464349852_zpid/,,
"1310 Addy Brook St, Conway, AR 72032",1310 Addy Brook St,forRent,,3,1422,,1600,22,https://www.zillow.com/homedetails/1310-Addy-Brook-St-Conway-AR-72032/82287140_zpid/,,143000
"2668 Chapel Creek Dr, Benton, AR 72015",2668 Chapel Creek Dr,forRent,,3,1478,,1595,0,https://www.zillow.com/homedetails/2668-Chapel-Creek-Dr-Benton-AR-72015/120791136_zpid/,,
"14108 Cherry Hill Dr, Alexander, AR 72002",14108 Cherry Hill Dr,forRent,,3,1100,,1475,25,https://www.zillow.com/homedetails/14108-Cherry-Hill-Dr-Alexander-AR-72002/52934816_zpid/,,155000
"6587 Westminster, Benton, AR 72019",6587 Westminster,forRent,,4,3650,,3650,41,https://www.zillow.com/homedetails/6587-Westminster-Benton-AR-72019/120554683_zpid/,,555000
"154 Roman Heights Ave, Alexander, AR 72002",154 Roman Heights Ave,forRent,,,,,,,https://www.zillow.com/b/154-roman-heights-ave-alexander-ar-Cdzchh/,,
"1906 Dave Ward Dr, Conway, AR 72034",1906 Dave Ward Dr,forRent,,3,1335,,1000,26,https://www.zillow.com/homedetails/1906-Dave-Ward-Dr-Conway-AR-72034/2061771487_zpid/,,
"4101 Red Maple Ln, Alexander, AR 72002",4101 Red Maple Ln,forRent,,3,1548,,1745,32,https://www.zillow.com/homedetails/4101-Red-Maple-Ln-Alexander-AR-72002/461650523_zpid/,,230000
"4332 Sloan Dr, Alexander, AR 72002",4332 Sloan Dr,forRent,,4,2112,,2255,40,https://www.zillow.com/homedetails/4332-Sloan-Dr-Alexander-AR-72002/464195265_zpid/,,
"2830 Longbow Ln, Conway, AR 72034",2830 Longbow Ln,forRent,,3,1388,,1450,27,https://www.zillow.com/homedetails/2830-Longbow-Ln-Conway-AR-72034/82265622_zpid/,,192099
"22 Marshall Rd N, Vilonia, AR 72173",22 Marshall Rd N,forRent,,3,1500,,1400,1,https://www.zillow.com/homedetails/22-Marshall-Rd-N-Vilonia-AR-72173/52392644_zpid/,,
"677 Joyner Loop, Lonoke, AR 72086",677 Joyner Loop,forRent,,3,1280,,900,37,https://www.zillow.com/homedetails/677-Joyner-Loop-Lonoke-AR-72086/99406145_zpid/,,
"35 G St, Cabot, AR 72023",35 G St,forRent,,3,1849,,1825,60,https://www.zillow.com/homedetails/35-G-St-Cabot-AR-72023/254255_zpid/,,230000
"17024 Congo Ferndale Rd, Little Rock, AR 72210",17024 Congo Ferndale Rd,forRent,,4,1590,,1675,88,https://www.zillow.com/homedetails/17024-Congo-Ferndale-Rd-Little-Rock-AR-72210/370120_zpid/,,279500
"1405 Appalachain Dr, Conway, AR 72034",1405 Appalachain Dr,forRent,,3,1145,,1450,81,https://www.zillow.com/homedetails/1405-Appalachain-Dr-Conway-AR-72034/35730407_zpid/,,180500
"20 Summer Breeze Rd, Conway, AR 72032",20 Summer Breeze Rd,forRent,,3,1592,,1600,1,https://www.zillow.com/homedetails/20-Summer-Breeze-Rd-Conway-AR-72032/2076495598_zpid/,,207000
"211 Rodney Guthrie Dr, Cabot, AR 72023",211 Rodney Guthrie Dr,forRent,,3,1268,,1345,31,https://www.zillow.com/homedetails/211-Rodney-Guthrie-Dr-Cabot-AR-72023/256835_zpid/,,155000
"37 Saint John St, Cabot, AR 72023",37 Saint John St,forRent,,3,1188,,1295,68,https://www.zillow.com/homedetails/37-Saint-John-St-Cabot-AR-72023/253499_zpid/,,81500
"24 Arkavalley Rd, Greenbrier, AR 72058",24 Arkavalley Rd,forRent,,3,1258,,1300,0,https://www.zillow.com/homedetails/24-Arkavalley-Rd-Greenbrier-AR-72058/71711706_zpid/,,114000
"7 Cabernet Way, Mayflower, AR 72106",7 Cabernet Way,forRent,,3,1290,,1600,1,https://www.zillow.com/homedetails/7-Cabernet-Way-Mayflower-AR-72106/463057997_zpid/,,208300
"74 Earnhardt Cir, Cabot, AR 72023",74 Earnhardt Cir,forRent,,3,1910,,1700,60,https://www.zillow.com/homedetails/74-Earnhardt-Cir-Cabot-AR-72023/114172966_zpid/,,173941
"3201 Stivers Blvd, Bryant, AR 72022",3201 Stivers Blvd,forRent,,3,1279,,1495,37,https://www.zillow.com/homedetails/3201-Stivers-Blvd-Bryant-AR-72022/391950_zpid/,,125000
"1710 Cedarhurst Dr, Benton, AR 72015",1710 Cedarhurst Dr,forRent,,3,1680,,1650,45,https://www.zillow.com/homedetails/1710-Cedarhurst-Dr-Benton-AR-72015/384477_zpid/,,127500
"3558 Terrace Hill Ct, Benton, AR 72019",3558 Terrace Hill Ct,forRent,,3,1404,,1450,19,https://www.zillow.com/homedetails/3558-Terrace-Hill-Ct-Benton-AR-72019/247594485_zpid/,,122580
"605 Valley Vista Dr, Benton, AR 72019",605 Valley Vista Dr,forRent,,4,1942,,1875,61,https://www.zillow.com/homedetails/605-Valley-Vista-Dr-Benton-AR-72019/387089_zpid/,,
"103 Pope Dr, Benton, AR 72015",103 Pope Dr,forRent,,3,1559,,1625,67,https://www.zillow.com/homedetails/103-Pope-Dr-Benton-AR-72015/82243468_zpid/,,115000
"1961 Auburn Hills Dr, Benton, AR 72015",1961 Auburn Hills Dr,forRent,,3,1470,,1850,34,https://www.zillow.com/homedetails/1961-Auburn-Hills-Dr-Benton-AR-72015/2061982521_zpid/,,210000
"14815 Parkway Meadows Dr, Alexander, AR 72002",14815 Parkway Meadows Dr,forRent,,3,1243,,1525,8,https://www.zillow.com/homedetails/14815-Parkway-Meadows-Dr-Alexander-AR-72002/114165875_zpid/,,187500
"5417 Temperance, Jacksonville, AR 72076",5417 Temperance,forRent,,,,,,,https://www.zillow.com/b/5417-temperance-jacksonville-ar-CYrkNG/,,
"6316 Warwick Dr, Alexander, AR 72002",6316 Warwick Dr,forRent,,4,1884,,2400,37,https://www.zillow.com/homedetails/6316-Warwick-Dr-Alexander-AR-72002/461049113_zpid/,,277000
"11201 Donnie Dr, Shannon Hills, AR 72103",11201 Donnie Dr,forRent,,3,1353,,1295,46,https://www.zillow.com/homedetails/11201-Donnie-Dr-Shannon-Hills-AR-72103/393627_zpid/,,134900
"2225 Redwood, Benton, AR 72015",2225 Redwood,forRent,,3,1758,,1800,97,https://www.zillow.com/homedetails/2225-Redwood-Benton-AR-72015/52934068_zpid/,,132000
"2912 Highway 319 W, Austin, AR 72007",2912 Highway 319 W,forRent,,3,1992,,1695,298,https://www.zillow.com/homedetails/2912-Highway-319-W-Austin-AR-72007/249702_zpid/,,640000
"500 SE 1st St, Bryant, AR 72022",500 SE 1st St,forRent,,3,1231,,1500,6,https://www.zillow.com/homedetails/500-SE-1st-St-Bryant-AR-72022/52934639_zpid/,,195000
"345 Joyner Loop, Lonoke, AR 72086",345 Joyner Loop,forRent,,3,1120,,1200,65,https://www.zillow.com/homedetails/345-Joyner-Loop-Lonoke-AR-72086/99446243_zpid/,,36000
"110 Rachel Cv, Haskell, AR 72015",110 Rachel Cv,forRent,,3,1300,,1300,13,https://www.zillow.com/homedetails/110-Rachel-Cv-Haskell-AR-72015/92429839_zpid/,,
"717 Burton St, Benton, AR 72015",717 Burton St,forRent,,3,1544,,1650,13,https://www.zillow.com/homedetails/717-Burton-St-Benton-AR-72015/385729_zpid/,,22000
"3233 Drake Dr, Benton, AR 72019",3233 Drake Dr,forRent,,3,1573,,1700,12,https://www.zillow.com/homedetails/3233-Drake-Dr-Benton-AR-72019/71713283_zpid/,,
"5845 Heritage Heights Dr, Benton, AR 72019",5845 Heritage Heights Dr,forRent,,4,1725,,1750,20,https://www.zillow.com/homedetails/5845-Heritage-Heights-Dr-Benton-AR-72019/440162513_zpid/,,
"2500 Gibby Dr, Conway, AR 72032",2500 Gibby Dr,forRent,,3,1221,,1350,2,https://www.zillow.com/homedetails/2500-Gibby-Dr-Conway-AR-72032/239939_zpid/,,123000
"1505 Hathaway Dr, Conway, AR 72034",1505 Hathaway Dr,forRent,,3,1207,,1475,3,https://www.zillow.com/homedetails/1505-Hathaway-Dr-Conway-AR-72034/241555_zpid/,,70000
"5210 Stockton Rd, Conway, AR 72034",5210 Stockton Rd,forRent,,3,1245,,1400,2,https://www.zillow.com/homedetails/5210-Stockton-Rd-Conway-AR-72034/63265504_zpid/,,
"921 Banner St, Benton, AR 72015",921 Banner St,forRent,,3,1375,,1600,84,https://www.zillow.com/homedetails/921-Banner-St-Benton-AR-72015/384140_zpid/,,16500
"2007 Arkansas Ave, Conway, AR 72034",2007 Arkansas Ave,forRent,,3,1301,,1495,5,https://www.zillow.com/homedetails/2007-Arkansas-Ave-Conway-AR-72034/234341_zpid/,,90000
"1804 Clara Dr, Conway, AR 72034",1804 Clara Dr,forRent,,3,2000,,1695,2,https://www.zillow.com/homedetails/1804-Clara-Dr-Conway-AR-72034/235007_zpid/,,20000
"831 Watkins St, Conway, AR 72034",831 Watkins St,forRent,,3,1176,,1175,11,https://www.zillow.com/homedetails/831-Watkins-St-Conway-AR-72034/237666_zpid/,,85000
"1619 Leawood Dr, Benton, AR 72019",1619 Leawood Dr,forRent,,3,1624,,1550,17,https://www.zillow.com/homedetails/1619-Leawood-Dr-Benton-AR-72019/384404_zpid/,,122500
"5719 Heritage Heights Dr, Benton, AR 72019",5719 Heritage Heights Dr,forRent,,4,1650,,1800,23,https://www.zillow.com/homedetails/5719-Heritage-Heights-Dr-Benton-AR-72019/71715729_zpid/,,22000
"623 Dyer Cir, Benton, AR 72015",623 Dyer Cir,forRent,,3,2053,,1995,9,https://www.zillow.com/homedetails/623-Dyer-Cir-Benton-AR-72015/386376_zpid/,,87000
"1609 Rushing Cir, Conway, AR 72032",1609 Rushing Cir,forRent,,3,1400,,1475,6,https://www.zillow.com/homedetails/1609-Rushing-Cir-Conway-AR-72032/235792_zpid/,,116000
"3123 Lori Lake Rd, Benton, AR 72019",3123 Lori Lake Rd,forRent,,3,1280,,1000,185,https://www.zillow.com/homedetails/3123-Lori-Lake-Rd-Benton-AR-72019/453026788_zpid/,,
"1425 Joyner Dr, Conway, AR 72034",1425 Joyner Dr,forRent,,3,1157,,1450,23,https://www.zillow.com/homedetails/1425-Joyner-Dr-Conway-AR-72034/35730195_zpid/,,155000
"127 Rachel Cv, Haskell, AR 72015",127 Rachel Cv,forRent,,3,1456,,1200,58,https://www.zillow.com/homedetails/127-Rachel-Cv-Haskell-AR-72015/92428814_zpid/,,
"608 Gertrude St, Benton, AR 72015",608 Gertrude St,forRent,,3,1025,,1200,1,https://www.zillow.com/homedetails/608-Gertrude-St-Benton-AR-72015/68020650_zpid/,,125900
"18 Kimberly Dr, Vilonia, AR 72173",18 Kimberly Dr,forRent,,3,1954,,1945,16,https://www.zillow.com/homedetails/18-Kimberly-Dr-Vilonia-AR-72173/245526_zpid/,,270000
"5 Weatherwood Dr, Greenbrier, AR 72058",5 Weatherwood Dr,forRent,,3,1547,,1600,60,https://www.zillow.com/homedetails/5-Weatherwood-Dr-Greenbrier-AR-72058/102993946_zpid/,,154000
"2765 Archer Ln, Conway, AR 72034",2765 Archer Ln,forRent,,3,1560,,1700,23,https://www.zillow.com/homedetails/2765-Archer-Ln-Conway-AR-72034/241241_zpid/,,154500
"1008 Santa Fe Trl, Bauxite, AR 72011",1008 Santa Fe Trl,forRent,,,,,,,https://www.zillow.com/b/1008-santa-fe-trl-bauxite-ar-BqKjfx/,,
"600 S Davis St, Conway, AR 72034",600 S Davis St,forRent,,3,1728,,1500,76,https://www.zillow.com/homedetails/600-S-Davis-St-Conway-AR-72034/235022_zpid/,,108500
"13824 Joan Dr, Shannon Hills, AR 72103",13824 Joan Dr,forRent,,4,1200,,1400,3,https://www.zillow.com/homedetails/13824-Joan-Dr-Shannon-Hills-AR-72103/393598_zpid/,,59000
"153 Harwill, Hensley, AR 72065",153 Harwill,forRent,,4,2359,,2500,27,https://www.zillow.com/homedetails/153-Harwill-Hensley-AR-72065/2082362397_zpid/,,
"918 Cedar Haskell St, Haskell, AR 72015",918 Cedar Haskell St,forRent,,3,1088,,1150,18,https://www.zillow.com/homedetails/918-Cedar-Haskell-St-Haskell-AR-72015/61187359_zpid/,,
"1116 Kenwood Cv, Bryant, AR 72022",1116 Kenwood Cv,forRent,,4,1931,,2100,17,https://www.zillow.com/homedetails/1116-Kenwood-Cv-Bryant-AR-72022/52934559_zpid/,,120000
"2714 Gage Dr, Benton, AR 72019",2714 Gage Dr,forRent,,3,1303,,1500,6,https://www.zillow.com/homedetails/2714-Gage-Dr-Benton-AR-72019/92431557_zpid/,,122580
"1519 Mulberry Salem Rd, Benton, AR 72019",1519 Mulberry Salem Rd,forRent,,3,1712,,1700,6,https://www.zillow.com/homedetails/1519-Mulberry-Salem-Rd-Benton-AR-72019/376849_zpid/,,340000
"13900 Ridgecrest Dr, Alexander, AR 72002",13900 Ridgecrest Dr,forRent,,3,1088,,1595,12,https://www.zillow.com/homedetails/13900-Ridgecrest-Dr-Alexander-AR-72002/49814165_zpid/,,70000
"3562 Terrace Hill Ct, Benton, AR 72019",3562 Terrace Hill Ct,forRent,,3,,,1450,45,https://www.zillow.com/homedetails/3562-Terrace-Hill-Ct-Benton-AR-72019/247594484_zpid/,,122580
"2721 Timbermist Dr, Benton, AR 72015",2721 Timbermist Dr,forRent,,3,1200,,1600,7,https://www.zillow.com/homedetails/2721-Timbermist-Dr-Benton-AR-72015/386806_zpid/,,83000
"351 Meadow Creek Dr, Haskell, AR 72015",351 Meadow Creek Dr,forRent,,3,1625,,1650,30,https://www.zillow.com/homedetails/351-Meadow-Creek-Dr-Haskell-AR-72015/92428597_zpid/,,139900
"13723 Southfork Dr, Alexander, AR 72002",13723 Southfork Dr,forRent,,3,1311,,1450,41,https://www.zillow.com/homedetails/13723-Southfork-Dr-Alexander-AR-72002/393770_zpid/,,135000
"1608 Waldron Cv, Bryant, AR 72022",1608 Waldron Cv,forRent,,3,1412,,1495,7,https://www.zillow.com/homedetails/1608-Waldron-Cv-Bryant-AR-72022/390638_zpid/,,145500
"821 Desoto Pl, Benton, AR 72015",821 Desoto Pl,forRent,,4,2288,,1650,41,https://www.zillow.com/homedetails/821-Desoto-Pl-Benton-AR-72015/382881_zpid/,,50000
"3509 Terrace Hill Ct, Benton, AR 72019",3509 Terrace Hill Ct,forRent,,3,1500,,1450,6,https://www.zillow.com/homedetails/3509-Terrace-Hill-Ct-Benton-AR-72019/124735446_zpid/,,122580
"4903 Natalie Dr, Bryant, AR 72022",4903 Natalie Dr,forRent,,4,1990,,1860,13,https://www.zillow.com/homedetails/4903-Natalie-Dr-Bryant-AR-72022/82281136_zpid/,,38000
"2906 Pamela, Benton, AR 72015",2906 Pamela,forRent,,3,1372,,1495,13,https://www.zillow.com/homedetails/2906-Pamela-Benton-AR-72015/385308_zpid/,,
"307 S 4th St, Benton, AR 72015",307 S 4th St,forRent,,3,1051,,1600,7,https://www.zillow.com/homedetails/307-S-4th-St-Benton-AR-72015/386521_zpid/,,161000
"4825 Coronell Way, Bryant, AR 72022",4825 Coronell Way,forRent,,4,2060,,3050,20,https://www.zillow.com/homedetails/4825-Coronell-Way-Bryant-AR-72022/453104565_zpid/,,
"1219 N Parker Haskell St, Benton, AR 72015",1219 N Parker Haskell St,forRent,,3,1680,,1400,59,https://www.zillow.com/homedetails/1219-N-Parker-Haskell-St-Benton-AR-72015/392830_zpid/,,35564
"15 Wedgewood Dr, Cabot, AR 72023",15 Wedgewood Dr,forRent,,3,1473,,1650,17,https://www.zillow.com/homedetails/15-Wedgewood-Dr-Cabot-AR-72023/257013_zpid/,,190000
"6049 Orange Valley Cv, Alexander, AR 72002",6049 Orange Valley Cv,forRent,,3,1340,,1525,0,https://www.zillow.com/homedetails/6049-Orange-Valley-Cv-Alexander-AR-72002/2083908811_zpid/,,
"7171 Corrigan Rd, Mabelvale, AR 72103",7171 Corrigan Rd,forRent,,3,910,,1000,22,https://www.zillow.com/homedetails/7171-Corrigan-Rd-Mabelvale-AR-72103/464589349_zpid/,,
"53 Bent Tree Dr, Cabot, AR 72023",53 Bent Tree Dr,forRent,,3,1645,,1495,46,https://www.zillow.com/homedetails/53-Bent-Tree-Dr-Cabot-AR-72023/256157_zpid/,,10000
"104 S Shady Ln, Benton, AR 72015",104 S Shady Ln,forRent,,4,1550,,1500,19,https://www.zillow.com/homedetails/104-S-Shady-Ln-Benton-AR-72015/2061680659_zpid/,,
"1423 Mammoth Rd, Hickory, NC 28602",1423 Mammoth Rd,forRent,,4,1927,,2195,55,https://www.zillow.com/homedetails/1423-Mammoth-Rd-Hickory-NC-28602/461722831_zpid/,,
"2423 S Chatfield Rd, Bauxite, AR 72011",2423 S Chatfield Rd,forRent,,4,1802,,1850,7,https://www.zillow.com/homedetails/2423-S-Chatfield-Rd-Bauxite-AR-72011/114169056_zpid/,,99000
"1105 River Oaks Dr, Benton, AR 72019",1105 River Oaks Dr,forRent,,4,2350,,2600,33,https://www.zillow.com/homedetails/1105-River-Oaks-Dr-Benton-AR-72019/453260567_zpid/,,
"6056 Orange Valley Cv, Mabelvale, AR 72103",6056 Orange Valley Cv,forRent,,4,1537,,1675,0,https://www.zillow.com/homedetails/6056-Orange-Valley-Cv-Mabelvale-AR-72103/463591455_zpid/,,
"614 SE 2nd St, Bryant, AR 72022",614 SE 2nd St,forRent,,4,2060,,1900,20,https://www.zillow.com/homedetails/614-SE-2nd-St-Bryant-AR-72022/55095755_zpid/,,145000
"3915 Ledbetter Dr, Conway, AR 72034",3915 Ledbetter Dr,forRent,,3,1052,,1100,242,https://www.zillow.com/homedetails/3915-Ledbetter-Dr-Conway-AR-72034/242880_zpid/,,134000
"916 Desoto Pl, Benton, AR 72015",916 Desoto Pl,forRent,,3,912,,1150,23,https://www.zillow.com/homedetails/916-Desoto-Pl-Benton-AR-72015/382883_zpid/,,210000
"2555 Winchester Dr, Conway, AR 72032",2555 Winchester Dr,forRent,,3,1104,,1375,83,https://www.zillow.com/homedetails/2555-Winchester-Dr-Conway-AR-72032/239881_zpid/,,180000
"53 Bent Tree Dr, Cabot, AR 72023",53 Bent Tree Dr,forRent,,3,1645,,1495,46,https://www.zillow.com/homedetails/53-Bent-Tree-Dr-Cabot-AR-72023/256157_zpid/,,10000
"26 Mustang Dr, Cabot, AR 72023",26 Mustang Dr,forRent,,3,1537,,1550,59,https://www.zillow.com/homedetails/26-Mustang-Dr-Cabot-AR-72023/63160976_zpid/,,310000
"509 E Elm St, Cabot, AR 72023",509 E Elm St,forRent,,3,1056,,1450,59,https://www.zillow.com/homedetails/509-E-Elm-St-Cabot-AR-72023/257181_zpid/,,185000
"81 Oak Forest Loop, Maumelle, AR 72113",81 Oak Forest Loop,forRent,,3,1300,,1700,48,https://www.zillow.com/homedetails/81-Oak-Forest-Loop-Maumelle-AR-72113/326542_zpid/,,145000
"110 Vienne Pl, Maumelle, AR 72113",110 Vienne Pl,forRent,,3,1553,,1850,15,https://www.zillow.com/homedetails/110-Vienne-Pl-Maumelle-AR-72113/118161409_zpid/,,180000
"314 Ray St, Cabot, AR 72023",314 Ray St,forRent,,3,1449,,1300,54,https://www.zillow.com/homedetails/314-Ray-St-Cabot-AR-72023/257086_zpid/,,700000
"22 Oakland Cir, Austin, AR 72007",22 Oakland Cir,forRent,,3,1328,,1575,12,https://www.zillow.com/homedetails/22-Oakland-Cir-Austin-AR-72007/251409763_zpid/,,176000
"32 Thunderbird Dr, Cabot, AR 72023",32 Thunderbird Dr,forRent,,3,1444,,1475,3,https://www.zillow.com/homedetails/32-Thunderbird-Dr-Cabot-AR-72023/67447424_zpid/,,
"1609 Moon Rd, Ward, AR 72176",1609 Moon Rd,forRent,,3,1026,,1095,6,https://www.zillow.com/homedetails/1609-Moon-Rd-Ward-AR-72176/99444948_zpid/,,125000
"17 Azalea Dr, Cabot, AR 72023",17 Azalea Dr,forRent,,3,1294,,1345,74,https://www.zillow.com/homedetails/17-Azalea-Dr-Cabot-AR-72023/52495110_zpid/,,174500
"21 Meadowlark Dr, Cabot, AR 72023",21 Meadowlark Dr,forRent,,3,1013,,1395,26,https://www.zillow.com/homedetails/21-Meadowlark-Dr-Cabot-AR-72023/255213_zpid/,,147900
"127 Rolling Oaks Dr, Maumelle, AR 72113",127 Rolling Oaks Dr,forRent,,3,1240,,1475,6,https://www.zillow.com/homedetails/127-Rolling-Oaks-Dr-Maumelle-AR-72113/326438_zpid/,,79500
"59 Hickory Bend Dr, Cabot, AR 72023",59 Hickory Bend Dr,forRent,,3,2129,,2000,24,https://www.zillow.com/homedetails/59-Hickory-Bend-Dr-Cabot-AR-72023/67445626_zpid/,,207000
"263 Lake Valley Dr, Maumelle, AR 72113",263 Lake Valley Dr,forRent,,5,3100,,2600,9,https://www.zillow.com/homedetails/263-Lake-Valley-Dr-Maumelle-AR-72113/89031838_zpid/,,308200
"5 Stoneledge Dr, Maumelle, AR 72113",5 Stoneledge Dr,forRent,,3,1755,,1850,23,https://www.zillow.com/homedetails/5-Stoneledge-Dr-Maumelle-AR-72113/326005_zpid/,,240000
"72 Branchwood Ln, Austin, AR 72007",72 Branchwood Ln,forRent,,3,1216,,1200,10,https://www.zillow.com/homedetails/72-Branchwood-Ln-Austin-AR-72007/252707_zpid/,,1710000
"400 Apricot St, Austin, AR 72007",400 Apricot St,forRent,,3,1200,,1475,13,https://www.zillow.com/homedetails/400-Apricot-St-Austin-AR-72007/82250818_zpid/,,280000
"120 Suda St, Cabot, AR 72023",120 Suda St,forRent,,3,1008,,995,142,https://www.zillow.com/homedetails/120-Suda-St-Cabot-AR-72023/213595966_zpid/,,120000
"101 Cedar Creek Loop, Cabot, AR 72023",101 Cedar Creek Loop,forRent,,3,1422,,1295,45,https://www.zillow.com/homedetails/101-Cedar-Creek-Loop-Cabot-AR-72023/88905306_zpid/,,
"17 Farrah St, Ward, AR 72176",17 Farrah St,forRent,,3,1563,,1250,89,https://www.zillow.com/homedetails/17-Farrah-St-Ward-AR-72176/52495486_zpid/,,
"54 Magnolia Dr, Cabot, AR 72023",54 Magnolia Dr,forRent,,3,1394,,1400,51,https://www.zillow.com/homedetails/54-Magnolia-Dr-Cabot-AR-72023/60314948_zpid/,,117000
"11 W Plaza Blvd, Cabot, AR 72023",11 W Plaza Blvd,forRent,,3,1487,,1525,13,https://www.zillow.com/homedetails/11-W-Plaza-Blvd-Cabot-AR-72023/256262_zpid/,,229049
"32 Fortson Dr, Cabot, AR 72023",32 Fortson Dr,forRent,,3,1064,,875,15,https://www.zillow.com/homedetails/32-Fortson-Dr-Cabot-AR-72023/63161011_zpid/,,750000
"15 Silverado Ct, Cabot, AR 72023",15 Silverado Ct,forRent,,3,1382,,1350,17,https://www.zillow.com/homedetails/15-Silverado-Ct-Cabot-AR-72023/35732243_zpid/,,150000
"28 Burns Dr, Cabot, AR 72023",28 Burns Dr,forRent,,3,1288,,1350,47,https://www.zillow.com/homedetails/28-Burns-Dr-Cabot-AR-72023/255699_zpid/,,146000
"74 Earnhardt Cir, Cabot, AR 72023",74 Earnhardt Cir,forRent,,3,1910,,1700,60,https://www.zillow.com/homedetails/74-Earnhardt-Cir-Cabot-AR-72023/114172966_zpid/,,173941
"85 Kyndall Lauren Ln, Cabot, AR 72023",85 Kyndall Lauren Ln,forRent,,3,1244,,1450,21,https://www.zillow.com/homedetails/85-Kyndall-Lauren-Ln-Cabot-AR-72023/442588183_zpid/,,179900
"87 Sycamore Cir, Cabot, AR 72023",87 Sycamore Cir,forRent,,3,1252,,1395,23,https://www.zillow.com/homedetails/87-Sycamore-Cir-Cabot-AR-72023/256430_zpid/,,151500
"27 Trinity Dr, Cabot, AR 72023",27 Trinity Dr,forRent,,3,1442,,1525,16,https://www.zillow.com/homedetails/27-Trinity-Dr-Cabot-AR-72023/113948501_zpid/,,
"44 Kirkland Dr, Cabot, AR 72023",44 Kirkland Dr,forRent,,3,2077,,1900,156,https://www.zillow.com/homedetails/44-Kirkland-Dr-Cabot-AR-72023/52495420_zpid/,,
"15 Wedgewood Dr, Cabot, AR 72023",15 Wedgewood Dr,forRent,,3,1473,,1650,17,https://www.zillow.com/homedetails/15-Wedgewood-Dr-Cabot-AR-72023/257013_zpid/,,190000
"125 Old Red Rd, Ward, AR 72176",125 Old Red Rd,forRent,,3,1280,,1000,3,https://www.zillow.com/homedetails/125-Old-Red-Rd-Ward-AR-72176/99434787_zpid/,,
"26 Stonewood Dr, Cabot, AR 72023",26 Stonewood Dr,forRent,,3,1698,,1900,13,https://www.zillow.com/homedetails/26-Stonewood-Dr-Cabot-AR-72023/55151081_zpid/,,157000
"73 Timberwood Dr, Cabot, AR 72023",73 Timberwood Dr,forRent,,3,1230,,1450,19,https://www.zillow.com/homedetails/73-Timberwood-Dr-Cabot-AR-72023/52495438_zpid/,,161000
"15 Jennifer Cv, Ward, AR 72176",15 Jennifer Cv,forRent,,3,1328,,1650,31,https://www.zillow.com/homedetails/15-Jennifer-Cv-Ward-AR-72176/2063023920_zpid/,,210000
"22 Kirkland St, Ward, AR 72176",22 Kirkland St,forRent,,3,1185,,1350,5,https://www.zillow.com/homedetails/22-Kirkland-St-Ward-AR-72176/261280_zpid/,,84000
"34 Woodhaven Dr, Cabot, AR 72023",34 Woodhaven Dr,forRent,,3,1305,,1650,31,https://www.zillow.com/homedetails/34-Woodhaven-Dr-Cabot-AR-72023/338206710_zpid/,,165000
"209 N Madison St, Cabot, AR 72023",209 N Madison St,forRent,,3,1524,,1895,58,https://www.zillow.com/homedetails/209-N-Madison-St-Cabot-AR-72023/439267452_zpid/,,
"424 Ables Loop, Ward, AR 72176",424 Ables Loop,forRent,,3,1280,,1400,25,https://www.zillow.com/homedetails/424-Ables-Loop-Ward-AR-72176/67447121_zpid/,,
"449 Brinkley Dr, Kings Mountain, NC 28086",449 Brinkley Dr,forRent,,4,2175,,2195,4,https://www.zillow.com/homedetails/449-Brinkley-Dr-Kings-Mountain-NC-28086/462249560_zpid/,,295000
"450 Brinkley Dr, Kings Mountain, NC 28086",450 Brinkley Dr,forRent,,5,2511,,2445,4,https://www.zillow.com/homedetails/450-Brinkley-Dr-Kings-Mountain-NC-28086/463353765_zpid/,,325000
"1045 E Main St, Austin, AR 72007",1045 E Main St,forRent,,3,1266,,1375,1,https://www.zillow.com/homedetails/1045-E-Main-St-Austin-AR-72007/99406768_zpid/,,70000
"34 Shamsie Dr, Ward, AR 72176",34 Shamsie Dr,forRent,,3,1264,,1350,73,https://www.zillow.com/homedetails/34-Shamsie-Dr-Ward-AR-72176/99420023_zpid/,,150000
"1431 Mammoth Rd, Hickory, NC 28602",1431 Mammoth Rd,forRent,,5,2368,,2295,5,https://www.zillow.com/homedetails/1431-Mammoth-Rd-Hickory-NC-28602/455924046_zpid/,,307679
"103 E Scott St, Carlisle, AR 72024",103 E Scott St,forRent,,3,1556,,1300,29,https://www.zillow.com/homedetails/103-E-Scott-St-Carlisle-AR-72024/258138_zpid/,,75000
"1415 Mammoth Rd, Hickory, NC 28602",1415 Mammoth Rd,forRent,,4,1927,,2145,4,https://www.zillow.com/homedetails/1415-Mammoth-Rd-Hickory-NC-28602/461722523_zpid/,,272500
"404 Marcella Dr, Kings Mountain, NC 28086",404 Marcella Dr,forRent,,3,1507,,1949,27,https://www.zillow.com/homedetails/404-Marcella-Dr-Kings-Mountain-NC-28086/214091791_zpid/,,255000
"1419 Mammoth Rd, Hickory, NC 28602",1419 Mammoth Rd,forRent,,5,2368,,2275,4,https://www.zillow.com/homedetails/1419-Mammoth-Rd-Hickory-NC-28602/461722721_zpid/,,292400
"2098 10th St SE, Hickory, NC 28601",2098 10th St SE,forRent,,4,2174,,2395,4,https://www.zillow.com/homedetails/2098-10th-St-SE-Hickory-NC-28601/461180979_zpid/,,309000
"1417 17th Ave NE, Hickory, NC 28601",1417 17th Ave NE,forRent,,3,1400,,1725,30,https://www.zillow.com/homedetails/1417-17th-Ave-NE-Hickory-NC-28601/71551010_zpid/,,99000
"2625 Rolling Ridge Dr, Hickory, NC 28602",2625 Rolling Ridge Dr,forRent,,4,3747,,3000,19,https://www.zillow.com/homedetails/2625-Rolling-Ridge-Dr-Hickory-NC-28602/71554898_zpid/,,447000
"142 Weathering Dr, Austin, AR 72007",142 Weathering Dr,forRent,,3,1212,,1295,71,https://www.zillow.com/homedetails/142-Weathering-Dr-Austin-AR-72007/99433960_zpid/,,140000
"2130 10th St SE, Hickory, NC 28602",2130 10th St SE,forRent,,4,2174,,2250,30,https://www.zillow.com/homedetails/2130-10th-St-SE-Hickory-NC-28602/463122074_zpid/,,
"5944 Bakers Point, Hickory, NC 28602",5944 Bakers Point,forRent,,5,3953,,3600,19,https://www.zillow.com/homedetails/5944-Bakers-Point-Hickory-NC-28602/98192272_zpid/,,90000
"1411 Mammoth Rd, Hickory, NC 28602",1411 Mammoth Rd,forRent,,5,2368,,2255,4,https://www.zillow.com/homedetails/1411-Mammoth-Rd-Hickory-NC-28602/463736170_zpid/,,292400
"1423 Mammoth Rd, Hickory, NC 28602",1423 Mammoth Rd,forRent,,4,1927,,2195,55,https://www.zillow.com/homedetails/1423-Mammoth-Rd-Hickory-NC-28602/461722831_zpid/,,
"512 12th Ave NE, Hickory, NC 28601",512 12th Ave NE,forRent,,3,1334,,1595,55,https://www.zillow.com/homedetails/512-12th-Ave-NE-Hickory-NC-28601/463832995_zpid/,,
"667 13th Avenue Dr NE, Hickory, NC 28601",667 13th Avenue Dr NE,forRent,,4,2174,,2345,54,https://www.zillow.com/homedetails/667-13th-Avenue-Dr-NE-Hickory-NC-28601/461540370_zpid/,,
"765 8th Avenue Dr SE, Hickory, NC 28602",765 8th Avenue Dr SE,forRent,,3,1463,,1750,76,https://www.zillow.com/homedetails/765-8th-Avenue-Dr-SE-Hickory-NC-28602/71963561_zpid/,,110000
"3315 23rd St NE, Hickory, NC 28601",3315 23rd St NE,forRent,,3,1369,,1995,3,https://www.zillow.com/homedetails/3315-23rd-St-NE-Hickory-NC-28601/71909821_zpid/,,145000
"2035 2nd St NW, Hickory, NC 28601",2035 2nd St NW,forRent,,4,2958,,3400,19,https://www.zillow.com/homedetails/2035-2nd-St-NW-Hickory-NC-28601/71547887_zpid/,,525000
"15 Harvest Ridge Dr, Hickory, NC 28601",15 Harvest Ridge Dr,forRent,,4,2000,,2200,7,https://www.zillow.com/homedetails/15-Harvest-Ridge-Dr-Hickory-NC-28601/2063037302_zpid/,,220990
"755 2nd Ave SW, Hickory, NC 28602",755 2nd Ave SW,forRent,,6,2779,,3650,60,https://www.zillow.com/homedetails/755-2nd-Ave-SW-Hickory-NC-28602/71962373_zpid/,,200000
"1936 Eigth St, Hickory, NC 28602",1936 Eigth St,forRent,,3,1695,,1750,74,https://www.zillow.com/homedetails/1936-Eigth-St-Hickory-NC-28602/2052991619_zpid/,,
"736 12th Ave NW, Hickory, NC 28601",736 12th Ave NW,forRent,,3,1852,,1900,6,https://www.zillow.com/homedetails/736-12th-Ave-NW-Hickory-NC-28601/71948672_zpid/,,
"1406 Mammoth Rd, Hickory, NC 28602",1406 Mammoth Rd,forRent,,3,1749,,2025,4,https://www.zillow.com/homedetails/1406-Mammoth-Rd-Hickory-NC-28602/460650036_zpid/,,258000
"5694 Claridge Dr, Hickory, NC 28602",5694 Claridge Dr,forRent,,3,2200,,2150,107,https://www.zillow.com/homedetails/5694-Claridge-Dr-Hickory-NC-28602/71906250_zpid/,,113500
"1330 37th Avenue Ln NE, Hickory, NC 28601",1330 37th Avenue Ln NE,forRent,,5,2368,,2700,33,https://www.zillow.com/homedetails/1330-37th-Avenue-Ln-NE-Hickory-NC-28601/452771842_zpid/,,330000
"1928 36th Ave NE, Hickory, NC 28601",1928 36th Ave NE,forRent,,3,,,2000,33,https://www.zillow.com/homedetails/1928-36th-Ave-NE-Hickory-NC-28601/71548772_zpid/,,206146
"422 Janie Cir, Hickory, NC 28601",422 Janie Cir,forRent,,4,2800,,2500,6,https://www.zillow.com/homedetails/422-Janie-Cir-Hickory-NC-28601/460859494_zpid/,,
"1181 Courtney Dr, Hickory, NC 28602",1181 Courtney Dr,forRent,,4,993,,1950,3,https://www.zillow.com/homedetails/1181-Courtney-Dr-Hickory-NC-28602/71914325_zpid/,,115000
"106 10th Ave SE, Hickory, NC 28602",106 10th Ave SE,forRent,,3,1333,,1595,82,https://www.zillow.com/homedetails/106-10th-Ave-SE-Hickory-NC-28602/463282226_zpid/,,
"104 10th Ave SE, Hickory, NC 28602",104 10th Ave SE,forRent,,3,1333,,1595,89,https://www.zillow.com/homedetails/104-10th-Ave-SE-Hickory-NC-28602/71959215_zpid/,,420000
"2110 24th St NE, Hickory, NC 28601",2110 24th St NE,forRent,,3,1248,,1700,87,https://www.zillow.com/homedetails/2110-24th-St-NE-Hickory-NC-28601/71911952_zpid/,,100000
"502 12th Ave NE, Hickory, NC 28601",502 12th Ave NE,forRent,,3,1334,,1595,11,https://www.zillow.com/homedetails/502-12th-Ave-NE-Hickory-NC-28601/463061458_zpid/,,
"106 Jo Park Ln, Maumelle, AR 72113",106 Jo Park Ln,forRent,,4,1640,,2000,31,https://www.zillow.com/homedetails/106-Jo-Park-Ln-Maumelle-AR-72113/2056841941_zpid/,,
"205 Logan Dr, Maumelle, AR 72113",205 Logan Dr,forRent,,3,1472,,1835,51,https://www.zillow.com/homedetails/205-Logan-Dr-Maumelle-AR-72113/2057186361_zpid/,,
"203 Logan Dr, Maumelle, AR 72113",203 Logan Dr,forRent,,3,1472,,1835,37,https://www.zillow.com/homedetails/203-Logan-Dr-Maumelle-AR-72113/2057186362_zpid/,,
"3802 Pinecrest Ln, Maumelle, AR 72113",3802 Pinecrest Ln,forRent,,4,2435,,2700,3,https://www.zillow.com/homedetails/3802-Pinecrest-Ln-Maumelle-AR-72113/465038347_zpid/,,
"670 Marianne St, Maumelle, AR 72113",670 Marianne St,forRent,,4,1900,,2000,0,https://www.zillow.com/homedetails/670-Marianne-St-Maumelle-AR-72113/2054932481_zpid/,,
"2400 SW Ednruance Way #2, Maumelle, AR 72113",2400 SW Ednruance Way #2,forRent,,3,1200,,2125,76,https://www.zillow.com/homedetails/2400-SW-Ednruance-Way-2-Maumelle-AR-72113/463401793_zpid/,,
"117 Logan Dr, Maumelle, AR 72113",117 Logan Dr,forRent,,3,1472,,1835,61,https://www.zillow.com/homedetails/117-Logan-Dr-Maumelle-AR-72113/2057186355_zpid/,,
"10505 Cypress Knee Dr, North Little Rock, AR 72113",10505 Cypress Knee Dr,forRent,,3,1678,,1850,12,https://www.zillow.com/homedetails/10505-Cypress-Knee-Dr-North-Little-Rock-AR-72113/2061799089_zpid/,,233425
"8616 Eastwood Creek Dr, North Little Rock, AR 72113",8616 Eastwood Creek Dr,forRent,,3,1722,,1950,17,https://www.zillow.com/homedetails/8616-Eastwood-Creek-Dr-North-Little-Rock-AR-72113/2059022685_zpid/,,246600
"170 Bighorn Trl, Maumelle, AR 72113",170 Bighorn Trl,forRent,,3,1382,,1850,15,https://www.zillow.com/homedetails/170-Bighorn-Trl-Maumelle-AR-72113/461017693_zpid/,,
"7 Southland Dr, Maumelle, AR 72113",7 Southland Dr,forRent,,2,925,,850,68,https://www.zillow.com/homedetails/7-Southland-Dr-Maumelle-AR-72113/2109744736_zpid/,,
"10413 Cypress Knee Dr, Maumelle, AR 72113",10413 Cypress Knee Dr,forRent,,3,1480,,1800,67,https://www.zillow.com/homedetails/10413-Cypress-Knee-Dr-Maumelle-AR-72113/2060938533_zpid/,,
"61 Pin Oak Loop, Maumelle, AR 72113",61 Pin Oak Loop,forRent,,3,1173,,1495,65,https://www.zillow.com/homedetails/61-Pin-Oak-Loop-Maumelle-AR-72113/326810_zpid/,,175000
"3605 16th St NE, Hickory, NC 28601",3605 16th St NE,forRent,,3,1395,,1850,6,https://www.zillow.com/homedetails/3605-16th-St-NE-Hickory-NC-28601/71966217_zpid/,,150000
"3967 Newhall Dr NW, Hickory, NC 28601",3967 Newhall Dr NW,forRent,,3,1158,,1400,12,https://www.zillow.com/homedetails/3967-Newhall-Dr-NW-Hickory-NC-28601/343810572_zpid/,,
"11 Page Cv, Maumelle, AR 72113",11 Page Cv,forRent,,3,1294,,1695,4,https://www.zillow.com/homedetails/11-Page-Cv-Maumelle-AR-72113/326629_zpid/,,222125
"6006 Hoover St, Maumelle, AR 72113",6006 Hoover St,forRent,,2,1450,,1595,9,https://www.zillow.com/homedetails/6006-Hoover-St-Maumelle-AR-72113/2062966797_zpid/,,
"(Undisclosed Address), Maumelle, AR 72113",(Undisclosed Address),forRent,,3,1430,,1700,15,https://www.zillow.com/homedetails/Maumelle-AR-72113/326296_zpid/,,295000
"2 Corbet Ln, Maumelle, AR 72113",2 Corbet Ln,forRent,,3,1523,,2300,16,https://www.zillow.com/homedetails/2-Corbet-Ln-Maumelle-AR-72113/122005820_zpid/,,
"111 Miramar Dr, Maumelle, AR 72113",111 Miramar Dr,forRent,,3,2404,,2390,2,https://www.zillow.com/homedetails/111-Miramar-Dr-Maumelle-AR-72113/328081_zpid/,,240000
"127 Chambery Dr, Maumelle, AR 72113",127 Chambery Dr,forRent,,4,1651,,2500,3,https://www.zillow.com/homedetails/127-Chambery-Dr-Maumelle-AR-72113/122006196_zpid/,,
"6688 Hollywood Ave, Benton, AR 72019",6688 Hollywood Ave,forRent,,3,1051,,1595,2,https://www.zillow.com/homedetails/6688-Hollywood-Ave-Benton-AR-72019/460744960_zpid/,,183900
"2096 Fern Valley Dr, Alexander, AR 72002",2096 Fern Valley Dr,forRent,,3,1345,,1650,2,https://www.zillow.com/homedetails/2096-Fern-Valley-Dr-Alexander-AR-72002/247595778_zpid/,,188800
"2781 19th Ave NE, Hickory, NC 28601",2781 19th Ave NE,forRent,,3,2500,,2200,20,https://www.zillow.com/homedetails/2781-19th-Ave-NE-Hickory-NC-28601/71935770_zpid/,,
"821 Church, Benton, AR 72015",821 Church,forRent,,4,1540,,1675,2,https://www.zillow.com/homedetails/821-Church-Benton-AR-72015/387634_zpid/,,155000
"14095 Magnolia Glen Dr, Alexander, AR 72002",14095 Magnolia Glen Dr,forRent,,3,1228,,1530,5,https://www.zillow.com/homedetails/14095-Magnolia-Glen-Dr-Alexander-AR-72002/88906053_zpid/,,119500
"1504 McCurdy, Benton, AR 72019",1504 McCurdy,forRent,,4,1725,,1750,27,https://www.zillow.com/homedetails/1504-McCurdy-Benton-AR-72019/388159_zpid/,,21500
"109 Ann St, Kings Mountain, NC 28086",109 Ann St,forRent,,3,1508,,1950,13,https://www.zillow.com/homedetails/109-Ann-St-Kings-Mountain-NC-28086/214091787_zpid/,,126000
"3225 Jean Cv, Alexander, AR 72002",3225 Jean Cv,forRent,,3,2827,,2600,152,https://www.zillow.com/homedetails/3225-Jean-Cv-Alexander-AR-72002/378862_zpid/,,
"57 Stoneledge Dr, Maumelle, AR 72113",57 Stoneledge Dr,forRent,,4,1961,,1950,17,https://www.zillow.com/homedetails/57-Stoneledge-Dr-Maumelle-AR-72113/326028_zpid/,,145000
"32 Cinderwood Cv, Maumelle, AR 72113",32 Cinderwood Cv,forRent,,3,2467,,1895,7,https://www.zillow.com/homedetails/32-Cinderwood-Cv-Maumelle-AR-72113/343619_zpid/,,505000
"6673 Hollywood Ave, Benton, AR 72019",6673 Hollywood Ave,forRent,,4,2250,,1695,78,https://www.zillow.com/homedetails/6673-Hollywood-Ave-Benton-AR-72019/461413230_zpid/,,215900
"175 Southerland Rd, Conway, AR 72032",175 Southerland Rd,forRent,,3,1532,,1650,4,https://www.zillow.com/homedetails/175-Southerland-Rd-Conway-AR-72032/35730518_zpid/,,165000
"1345 Stone Crest Dr, Conway, AR 72034",1345 Stone Crest Dr,forRent,,3,2103,,1850,2,https://www.zillow.com/homedetails/1345-Stone-Crest-Dr-Conway-AR-72034/52392110_zpid/,,172000
"2004 Hairston Ave, Conway, AR 72034",2004 Hairston Ave,forRent,,3,1703,,2800,4,https://www.zillow.com/homedetails/2004-Hairston-Ave-Conway-AR-72034/444384959_zpid/,,
"1930 College Ave, Conway, AR 72034",1930 College Ave,forRent,,3,1926,,3100,4,https://www.zillow.com/homedetails/1930-College-Ave-Conway-AR-72034/237634_zpid/,,160268
"807 S Main, Benton, AR 72015",807 S Main,forRent,,3,1288,,1250,62,https://www.zillow.com/homedetails/807-S-Main-Benton-AR-72015/382019_zpid/,,109900
"2034 Shelby Rd, Kings Mountain, NC 28086",2034 Shelby Rd,forRent,,3,910,,1250,107,https://www.zillow.com/homedetails/2034-Shelby-Rd-Kings-Mountain-NC-28086/93001483_zpid/,,
"1155 Mimosa Dr, Conway, AR 72034",1155 Mimosa Dr,forRent,,3,1236,,1400,2,https://www.zillow.com/homedetails/1155-Mimosa-Dr-Conway-AR-72034/35730018_zpid/,,78000
"905 Pheasant Cv, Benton, AR 72019",905 Pheasant Cv,forRent,,3,1415,,1595,3,https://www.zillow.com/homedetails/905-Pheasant-Cv-Benton-AR-72019/385747_zpid/,,158000
"1610 Raden St, Conway, AR 72032",1610 Raden St,forRent,,3,1243,,1650,25,https://www.zillow.com/homedetails/1610-Raden-St-Conway-AR-72032/2066419442_zpid/,,
"4533 Western Woods Dr, Benton, AR 72015",4533 Western Woods Dr,forRent,,4,1984,,1845,9,https://www.zillow.com/homedetails/4533-Western-Woods-Dr-Benton-AR-72015/2061640122_zpid/,,313100
"1294 Ridge Rd, Benton, AR 72015",1294 Ridge Rd,forRent,,3,1108,,1145,0,https://www.zillow.com/homedetails/1294-Ridge-Rd-Benton-AR-72015/114182952_zpid/,,2000
"1425 Ola St, Conway, AR 72032",1425 Ola St,forRent,,3,1268,,3100,4,https://www.zillow.com/homedetails/1425-Ola-St-Conway-AR-72032/63265054_zpid/,,115000
"50 Swayze Rhys Ln, Cabot, AR 72023",50 Swayze Rhys Ln,forRent,,4,1652,,1700,23,https://www.zillow.com/homedetails/50-Swayze-Rhys-Ln-Cabot-AR-72023/350308169_zpid/,,217825
"70 Kinley Brook Ln, Cabot, AR 72023",70 Kinley Brook Ln,forRent,,3,1012,,1595,27,https://www.zillow.com/homedetails/70-Kinley-Brook-Ln-Cabot-AR-72023/2055560788_zpid/,,175775
"6056 Orange Valley Cv, Mabelvale, AR 72103",6056 Orange Valley Cv,forRent,,4,1537,,1675,0,https://www.zillow.com/homedetails/6056-Orange-Valley-Cv-Mabelvale-AR-72103/463591455_zpid/,,
"35 Foster Louis Ln, Cabot, AR 72023",35 Foster Louis Ln,forRent,,3,1234,,1455,9,https://www.zillow.com/homedetails/35-Foster-Louis-Ln-Cabot-AR-72023/349183675_zpid/,,
"55 Maddison Rachael, Cabot, AR 72023",55 Maddison Rachael,forRent,,4,1459,,1475,37,https://www.zillow.com/homedetails/55-Maddison-Rachael-Cabot-AR-72023/461972684_zpid/,,212900
"4540 Thompson St, Conway, AR 72034",4540 Thompson St,forRent,,3,1195,,1450,11,https://www.zillow.com/homedetails/4540-Thompson-St-Conway-AR-72034/52392329_zpid/,,110000
"2 S Hampton Cv, Conway, AR 72034",2 S Hampton Cv,forRent,,3,1680,,1700,13,https://www.zillow.com/homedetails/2-S-Hampton-Cv-Conway-AR-72034/234006_zpid/,,244000
"216 Chantilly Cir, Maumelle, AR 72113",216 Chantilly Cir,forRent,,3,1632,,2200,7,https://www.zillow.com/homedetails/216-Chantilly-Cir-Maumelle-AR-72113/328342_zpid/,,300000
"231 Brinkley Dr, Kings Mountain, NC 28086",231 Brinkley Dr,forRent,,5,2400,,2595,52,https://www.zillow.com/homedetails/231-Brinkley-Dr-Kings-Mountain-NC-28086/349365612_zpid/,,332000
"227 Iris St, Haskell, AR 72015",227 Iris St,forRent,,3,1420,,1725,41,https://www.zillow.com/homedetails/227-Iris-St-Haskell-AR-72015/2060765172_zpid/,,195000
"3001 Wild Berry Dr, Benton, AR 72015",3001 Wild Berry Dr,forRent,,3,1486,,1725,16,https://www.zillow.com/homedetails/3001-Wild-Berry-Dr-Benton-AR-72015/71716346_zpid/,,184900
"5813 Heritage Heights Dr, Benton, AR 72019",5813 Heritage Heights Dr,forRent,,4,1792,,1695,94,https://www.zillow.com/homedetails/5813-Heritage-Heights-Dr-Benton-AR-72019/71715692_zpid/,,199000
"60 Leruss Blvd, Cabot, AR 72023",60 Leruss Blvd,forRent,,3,1422,,1425,33,https://www.zillow.com/homedetails/60-Leruss-Blvd-Cabot-AR-72023/342062290_zpid/,,203000
"15 Summerfield Dr, Conway, AR 72034",15 Summerfield Dr,forRent,,3,1508,,1800,8,https://www.zillow.com/homedetails/15-Summerfield-Dr-Conway-AR-72034/238239_zpid/,,99000
"3153 Stonewall Dr, Benton, AR 72015",3153 Stonewall Dr,forRent,,3,2104,,2099,116,https://www.zillow.com/homedetails/3153-Stonewall-Dr-Benton-AR-72015/92431831_zpid/,,420000
"6049 Orange Valley Cv, Alexander, AR 72002",6049 Orange Valley Cv,forRent,,3,1340,,1525,0,https://www.zillow.com/homedetails/6049-Orange-Valley-Cv-Alexander-AR-72002/2083908811_zpid/,,
"13757 Cedar Glen Cv, Alexander, AR 72002",13757 Cedar Glen Cv,forRent,,3,1408,,1575,11,https://www.zillow.com/homedetails/13757-Cedar-Glen-Cv-Alexander-AR-72002/92432562_zpid/,,124900
"4640 Oregon Trl, Conway, AR 72034",4640 Oregon Trl,forRent,,3,1482,,1800,18,https://www.zillow.com/homedetails/4640-Oregon-Trl-Conway-AR-72034/35730645_zpid/,,250000
"1810 Rich Smith Ln, Conway, AR 72032",1810 Rich Smith Ln,forRent,,3,2310,,2500,41,https://www.zillow.com/homedetails/1810-Rich-Smith-Ln-Conway-AR-72032/102992676_zpid/,,
"3264 Sidell Estates Dr, Benton, AR 72015",3264 Sidell Estates Dr,forRent,,4,1652,,1795,23,https://www.zillow.com/homedetails/3264-Sidell-Estates-Dr-Benton-AR-72015/2063496322_zpid/,,
"40 Ridge Trl, Sherwood, AR 72120",40 Ridge Trl,forRent,,3,2200,,2100,16,https://www.zillow.com/homedetails/40-Ridge-Trl-Sherwood-AR-72120/232839_zpid/,,230600
"313 S Neeley St, Benton, AR 72015",313 S Neeley St,forRent,,3,1800,,1625,20,https://www.zillow.com/homedetails/313-S-Neeley-St-Benton-AR-72015/2067919637_zpid/,,205000
"3006 Hilldale Rd, Alexander, AR 72002",3006 Hilldale Rd,forRent,,3,1960,,1745,3,https://www.zillow.com/homedetails/3006-Hilldale-Rd-Alexander-AR-72002/368446_zpid/,,210000
"2845 York Ln, Conway, AR 72034",2845 York Ln,forRent,,3,1600,,1595,9,https://www.zillow.com/homedetails/2845-York-Ln-Conway-AR-72034/63265218_zpid/,,245000
"1306 Bellemeade Dr, Conway, AR 72034",1306 Bellemeade Dr,forRent,,3,2220,,1775,24,https://www.zillow.com/homedetails/1306-Bellemeade-Dr-Conway-AR-72034/234155_zpid/,,89090
"17 Greenbrier Dr, Benton, AR 72015",17 Greenbrier Dr,forRent,,3,1460,,1595,34,https://www.zillow.com/homedetails/17-Greenbrier-Dr-Benton-AR-72015/386172_zpid/,,143000
"2512 College Ave, Conway, AR 72034",2512 College Ave,forRent,,3,1530,,1450,4,https://www.zillow.com/homedetails/2512-College-Ave-Conway-AR-72034/236626_zpid/,,354000
"203 Glen Oaks Dr, Benton, AR 72015",203 Glen Oaks Dr,forRent,,4,1270,,1295,46,https://www.zillow.com/homedetails/203-Glen-Oaks-Dr-Benton-AR-72015/2066535046_zpid/,,
"1955 Bellingrath Gdns, Conway, AR 72034",1955 Bellingrath Gdns,forRent,,3,1752,,2000,5,https://www.zillow.com/homedetails/1955-Bellingrath-Gdns-Conway-AR-72034/119403911_zpid/,,199900
"4056 Kings River Trl, Bauxite, AR 72011",4056 Kings River Trl,forRent,,3,1480,,1395,40,https://www.zillow.com/homedetails/4056-Kings-River-Trl-Bauxite-AR-72011/2062403626_zpid/,,200660
"4660 Graham Dr, Conway, AR 72034",4660 Graham Dr,forRent,,3,1172,,1400,17,https://www.zillow.com/homedetails/4660-Graham-Dr-Conway-AR-72034/59917937_zpid/,,109000
"70 Nona Ruth Ln, Cabot, AR 72023",70 Nona Ruth Ln,forRent,,3,1612,,1575,6,https://www.zillow.com/homedetails/70-Nona-Ruth-Ln-Cabot-AR-72023/461972683_zpid/,,214900
"53 Dunnaway Dr, Austin, AR 72007",53 Dunnaway Dr,forRent,,3,1403,,1535,53,https://www.zillow.com/homedetails/53-Dunnaway-Dr-Austin-AR-72007/2056813469_zpid/,,195000
"1067 Huntington Dr, Benton, AR 72019",1067 Huntington Dr,forRent,,4,1459,,1545,24,https://www.zillow.com/homedetails/1067-Huntington-Dr-Benton-AR-72019/2061767452_zpid/,,
"16 Emerald Cir, Cabot, AR 72023",16 Emerald Cir,forRent,,3,1959,,1850,53,https://www.zillow.com/homedetails/16-Emerald-Cir-Cabot-AR-72023/254439_zpid/,,3400000
"5399 Heritage Valley Dr, Benton, AR 72019",5399 Heritage Valley Dr,forRent,,4,1790,,1900,41,https://www.zillow.com/homedetails/5399-Heritage-Valley-Dr-Benton-AR-72019/2062299989_zpid/,,245000
"4555 Graham Dr, Conway, AR 72034",4555 Graham Dr,forRent,,3,1192,,1400,24,https://www.zillow.com/homedetails/4555-Graham-Dr-Conway-AR-72034/59917944_zpid/,,185000
"104 Herald Pl, Cabot, AR 72023",104 Herald Pl,forRent,,3,1232,,1095,34,https://www.zillow.com/homedetails/104-Herald-Pl-Cabot-AR-72023/252206_zpid/,,155000
"2250 Wilmington Dr, Conway, AR 72034",2250 Wilmington Dr,forRent,,3,1449,,1600,52,https://www.zillow.com/homedetails/2250-Wilmington-Dr-Conway-AR-72034/59917837_zpid/,,141000
"4326 Glenda Ln, Benton, AR 72019",4326 Glenda Ln,forRent,,3,1398,,1545,33,https://www.zillow.com/homedetails/4326-Glenda-Ln-Benton-AR-72019/68021994_zpid/,,157000
"2 Hawthorne Dr, Conway, AR 72034",2 Hawthorne Dr,forRent,,3,1408,,1650,44,https://www.zillow.com/homedetails/2-Hawthorne-Dr-Conway-AR-72034/237001_zpid/,,102000
"10 Harvest Ln, Conway, AR 72032",10 Harvest Ln,forRent,,3,1288,,1495,19,https://www.zillow.com/homedetails/10-Harvest-Ln-Conway-AR-72032/338960356_zpid/,,
"1845 Arden Ln, Conway, AR 72034",1845 Arden Ln,forRent,,3,1205,,1575,52,https://www.zillow.com/homedetails/1845-Arden-Ln-Conway-AR-72034/71714882_zpid/,,139000
"60 Parkview Dr, Cabot, AR 72023",60 Parkview Dr,forRent,,3,1475,,1375,32,https://www.zillow.com/homedetails/60-Parkview-Dr-Cabot-AR-72023/255734_zpid/,,135000
"201 Oliver St, Conway, AR 72034",201 Oliver St,forRent,,3,1456,,1450,25,https://www.zillow.com/homedetails/201-Oliver-St-Conway-AR-72034/235449_zpid/,,149000
"4605 Valiant Dr, Conway, AR 72034",4605 Valiant Dr,forRent,,3,1324,,1500,56,https://www.zillow.com/homedetails/4605-Valiant-Dr-Conway-AR-72034/52392383_zpid/,,122000
"6032 Orange Valley Cv, Mabelvale, AR 72103",6032 Orange Valley Cv,forRent,,4,1504,,1650,0,https://www.zillow.com/homedetails/6032-Orange-Valley-Cv-Mabelvale-AR-72103/2062762647_zpid/,,
"2135 Raintree Dr, Conway, AR 72032",2135 Raintree Dr,forRent,,3,1042,,1350,39,https://www.zillow.com/homedetails/2135-Raintree-Dr-Conway-AR-72032/240139_zpid/,,106000
"414 Newcomb Cv, Benton, AR 72015",414 Newcomb Cv,forRent,,3,1384,,1600,51,https://www.zillow.com/homedetails/414-Newcomb-Cv-Benton-AR-72015/384931_zpid/,,65531
"21 Willard St, Ward, AR 72176",21 Willard St,forRent,,3,1301,,1395,23,https://www.zillow.com/homedetails/21-Willard-St-Ward-AR-72176/55151159_zpid/,,165000
"31 Haley Renee Dr, Greenbrier, AR 72058",31 Haley Renee Dr,forRent,,3,1527,,1400,32,https://www.zillow.com/homedetails/31-Haley-Renee-Dr-Greenbrier-AR-72058/464349852_zpid/,,
"1267 Hamilton St, Conway, AR 72032",1267 Hamilton St,forRent,,3,1056,,1233,18,https://www.zillow.com/homedetails/1267-Hamilton-St-Conway-AR-72032/234905_zpid/,,52000
"2830 Longbow Ln, Conway, AR 72034",2830 Longbow Ln,forRent,,3,1388,,1450,27,https://www.zillow.com/homedetails/2830-Longbow-Ln-Conway-AR-72034/82265622_zpid/,,192099
"2668 Chapel Creek Dr, Benton, AR 72015",2668 Chapel Creek Dr,forRent,,3,1478,,1595,0,https://www.zillow.com/homedetails/2668-Chapel-Creek-Dr-Benton-AR-72015/120791136_zpid/,,
"6587 Westminster, Benton, AR 72019",6587 Westminster,forRent,,4,3650,,3650,41,https://www.zillow.com/homedetails/6587-Westminster-Benton-AR-72019/120554683_zpid/,,555000
"26 Alexis Dr, Cabot, AR 72023",26 Alexis Dr,forRent,,3,1288,,1425,1,https://www.zillow.com/homedetails/26-Alexis-Dr-Cabot-AR-72023/255240_zpid/,,152900
"(Undisclosed Address), Conway, AR 72034",(Undisclosed Address),forRent,,3,1689,,1750,6,https://www.zillow.com/homedetails/Conway-AR-72034/241235_zpid/,,131000
"124 Sunny Gap Rd, Conway, AR 72032",124 Sunny Gap Rd,forRent,,3,1134,,1100,6,https://www.zillow.com/homedetails/124-Sunny-Gap-Rd-Conway-AR-72032/227564_zpid/,,220000
"1405 Appalachain Dr, Conway, AR 72034",1405 Appalachain Dr,forRent,,3,1145,,1450,81,https://www.zillow.com/homedetails/1405-Appalachain-Dr-Conway-AR-72034/35730407_zpid/,,180500
"102 Rosebud Cir, Cabot, AR 72023",102 Rosebud Cir,forRent,,3,1277,,1450,37,https://www.zillow.com/homedetails/102-Rosebud-Cir-Cabot-AR-72023/63160774_zpid/,,199000
"17024 Congo Ferndale Rd, Little Rock, AR 72210",17024 Congo Ferndale Rd,forRent,,4,1590,,1675,88,https://www.zillow.com/homedetails/17024-Congo-Ferndale-Rd-Little-Rock-AR-72210/370120_zpid/,,279500
"677 Joyner Loop, Lonoke, AR 72086",677 Joyner Loop,forRent,,3,1280,,900,37,https://www.zillow.com/homedetails/677-Joyner-Loop-Lonoke-AR-72086/99406145_zpid/,,
"211 Rodney Guthrie Dr, Cabot, AR 72023",211 Rodney Guthrie Dr,forRent,,3,1268,,1345,31,https://www.zillow.com/homedetails/211-Rodney-Guthrie-Dr-Cabot-AR-72023/256835_zpid/,,155000
"22 Marshall Rd N, Vilonia, AR 72173",22 Marshall Rd N,forRent,,3,1500,,1400,1,https://www.zillow.com/homedetails/22-Marshall-Rd-N-Vilonia-AR-72173/52392644_zpid/,,
"1310 Addy Brook St, Conway, AR 72032",1310 Addy Brook St,forRent,,3,1422,,1600,22,https://www.zillow.com/homedetails/1310-Addy-Brook-St-Conway-AR-72032/82287140_zpid/,,143000
"15608 Shirley Dr, Alexander, AR 72002",15608 Shirley Dr,forRent,,3,1456,,750,1,https://www.zillow.com/homedetails/15608-Shirley-Dr-Alexander-AR-72002/114176167_zpid/,,
"35 G St, Cabot, AR 72023",35 G St,forRent,,3,1849,,1825,60,https://www.zillow.com/homedetails/35-G-St-Cabot-AR-72023/254255_zpid/,,230000
"4101 Red Maple Ln, Alexander, AR 72002",4101 Red Maple Ln,forRent,,3,1548,,1745,32,https://www.zillow.com/homedetails/4101-Red-Maple-Ln-Alexander-AR-72002/461650523_zpid/,,230000
"5096 Woodstream Dr, Alexander, AR 72002",5096 Woodstream Dr,forRent,,3,1594,,2600,2,https://www.zillow.com/homedetails/5096-Woodstream-Dr-Alexander-AR-72002/2077881150_zpid/,,180150
"37 Saint John St, Cabot, AR 72023",37 Saint John St,forRent,,3,1188,,1295,68,https://www.zillow.com/homedetails/37-Saint-John-St-Cabot-AR-72023/253499_zpid/,,81500
"20 Summer Breeze Rd, Conway, AR 72032",20 Summer Breeze Rd,forRent,,3,1592,,1600,1,https://www.zillow.com/homedetails/20-Summer-Breeze-Rd-Conway-AR-72032/2076495598_zpid/,,207000
"22930 Sam Tillery Dr, Alexander, AR 72002",22930 Sam Tillery Dr,forRent,,4,1640,,2000,13,https://www.zillow.com/homedetails/22930-Sam-Tillery-Dr-Alexander-AR-72002/464786376_zpid/,,
"24 Arkavalley Rd, Greenbrier, AR 72058",24 Arkavalley Rd,forRent,,3,1258,,1300,0,https://www.zillow.com/homedetails/24-Arkavalley-Rd-Greenbrier-AR-72058/71711706_zpid/,,114000
"103 Pope Dr, Benton, AR 72015",103 Pope Dr,forRent,,3,1559,,1625,67,https://www.zillow.com/homedetails/103-Pope-Dr-Benton-AR-72015/82243468_zpid/,,115000
"2912 Highway 319 W, Austin, AR 72007",2912 Highway 319 W,forRent,,3,1992,,1695,298,https://www.zillow.com/homedetails/2912-Highway-319-W-Austin-AR-72007/249702_zpid/,,640000
"4332 Sloan Dr, Alexander, AR 72002",4332 Sloan Dr,forRent,,4,2112,,2255,40,https://www.zillow.com/homedetails/4332-Sloan-Dr-Alexander-AR-72002/464195265_zpid/,,
"345 Joyner Loop, Lonoke, AR 72086",345 Joyner Loop,forRent,,3,1120,,1200,65,https://www.zillow.com/homedetails/345-Joyner-Loop-Lonoke-AR-72086/99446243_zpid/,,36000
"2500 Gibby Dr, Conway, AR 72032",2500 Gibby Dr,forRent,,3,1221,,1350,2,https://www.zillow.com/homedetails/2500-Gibby-Dr-Conway-AR-72032/239939_zpid/,,123000
"4340 Sloan Dr, Alexander, AR 72002",4340 Sloan Dr,forRent,,4,1850,,2140,43,https://www.zillow.com/homedetails/4340-Sloan-Dr-Alexander-AR-72002/442183331_zpid/,,267480
"1804 Clara Dr, Conway, AR 72034",1804 Clara Dr,forRent,,3,2000,,1695,2,https://www.zillow.com/homedetails/1804-Clara-Dr-Conway-AR-72034/235007_zpid/,,20000
"6316 Warwick Dr, Alexander, AR 72002",6316 Warwick Dr,forRent,,4,1884,,2400,37,https://www.zillow.com/homedetails/6316-Warwick-Dr-Alexander-AR-72002/461049113_zpid/,,277000
"14108 Cherry Hill Dr, Alexander, AR 72002",14108 Cherry Hill Dr,forRent,,3,1100,,1475,25,https://www.zillow.com/homedetails/14108-Cherry-Hill-Dr-Alexander-AR-72002/52934816_zpid/,,155000
"2277 Sam Tillery Dr, Alexander, AR 72002",2277 Sam Tillery Dr,forRent,,4,1439,,1795,10,https://www.zillow.com/homedetails/2277-Sam-Tillery-Dr-Alexander-AR-72002/462316857_zpid/,,222900
"1710 Cedarhurst Dr, Benton, AR 72015",1710 Cedarhurst Dr,forRent,,3,1680,,1650,45,https://www.zillow.com/homedetails/1710-Cedarhurst-Dr-Benton-AR-72015/384477_zpid/,,127500
"5210 Stockton Rd, Conway, AR 72034",5210 Stockton Rd,forRent,,3,1245,,1400,2,https://www.zillow.com/homedetails/5210-Stockton-Rd-Conway-AR-72034/63265504_zpid/,,
"1961 Auburn Hills Dr, Benton, AR 72015",1961 Auburn Hills Dr,forRent,,3,1470,,1850,34,https://www.zillow.com/homedetails/1961-Auburn-Hills-Dr-Benton-AR-72015/2061982521_zpid/,,210000
"2007 Arkansas Ave, Conway, AR 72034",2007 Arkansas Ave,forRent,,3,1301,,1495,5,https://www.zillow.com/homedetails/2007-Arkansas-Ave-Conway-AR-72034/234341_zpid/,,90000
"824 Pine Tree Rd, Jacksonville, AR 72076",824 Pine Tree Rd,forRent,,4,1559,,1995,76,https://www.zillow.com/homedetails/824-Pine-Tree-Rd-Jacksonville-AR-72076/463398501_zpid/,,
"821 Pine Tree Rd, Jacksonville, AR 72076",821 Pine Tree Rd,forRent,,3,1305,,1725,19,https://www.zillow.com/homedetails/821-Pine-Tree-Rd-Jacksonville-AR-72076/456373818_zpid/,,
"832 Pine Tree Rd, Jacksonville, AR 72076",832 Pine Tree Rd,forRent,,4,1559,,1995,46,https://www.zillow.com/homedetails/832-Pine-Tree-Rd-Jacksonville-AR-72076/463641836_zpid/,,
"627 Timberline Rd, Jacksonville, AR 72076",627 Timberline Rd,forRent,,3,1305,,1725,51,https://www.zillow.com/homedetails/627-Timberline-Rd-Jacksonville-AR-72076/449592145_zpid/,,
"714 S Spring St, Jacksonville, AR 72076",714 S Spring St,forRent,,2,1028,,1200,7,https://www.zillow.com/homedetails/714-S-Spring-St-Jacksonville-AR-72076/267071_zpid/,,15000
"607 Timberline Rd, Jacksonville, AR 72076",607 Timberline Rd,forRent,,3,1305,,1700,1,https://www.zillow.com/homedetails/607-Timberline-Rd-Jacksonville-AR-72076/447645046_zpid/,,
"605 Valley Vista Dr, Benton, AR 72019",605 Valley Vista Dr,forRent,,4,1942,,1875,61,https://www.zillow.com/homedetails/605-Valley-Vista-Dr-Benton-AR-72019/387089_zpid/,,
"14815 Parkway Meadows Dr, Alexander, AR 72002",14815 Parkway Meadows Dr,forRent,,3,1243,,1525,8,https://www.zillow.com/homedetails/14815-Parkway-Meadows-Dr-Alexander-AR-72002/114165875_zpid/,,187500
"1609 Rushing Cir, Conway, AR 72032",1609 Rushing Cir,forRent,,3,1400,,1475,6,https://www.zillow.com/homedetails/1609-Rushing-Cir-Conway-AR-72032/235792_zpid/,,116000
"500 SE 1st St, Bryant, AR 72022",500 SE 1st St,forRent,,3,1231,,1500,6,https://www.zillow.com/homedetails/500-SE-1st-St-Bryant-AR-72022/52934639_zpid/,,195000
"3201 Stivers Blvd, Bryant, AR 72022",3201 Stivers Blvd,forRent,,3,1279,,1495,37,https://www.zillow.com/homedetails/3201-Stivers-Blvd-Bryant-AR-72022/391950_zpid/,,125000
"831 Watkins St, Conway, AR 72034",831 Watkins St,forRent,,3,1176,,1175,11,https://www.zillow.com/homedetails/831-Watkins-St-Conway-AR-72034/237666_zpid/,,85000
"148 Kelton Dr, Hensley, AR 72065",148 Kelton Dr,forRent,,4,1907,,2200,31,https://www.zillow.com/homedetails/148-Kelton-Dr-Hensley-AR-72065/464384218_zpid/,,
"1425 Joyner Dr, Conway, AR 72034",1425 Joyner Dr,forRent,,3,1157,,1450,23,https://www.zillow.com/homedetails/1425-Joyner-Dr-Conway-AR-72034/35730195_zpid/,,155000
"7 Cabernet Way, Mayflower, AR 72106",7 Cabernet Way,forRent,,3,1290,,1600,1,https://www.zillow.com/homedetails/7-Cabernet-Way-Mayflower-AR-72106/463057997_zpid/,,208300
"3558 Terrace Hill Ct, Benton, AR 72019",3558 Terrace Hill Ct,forRent,,3,1404,,1450,19,https://www.zillow.com/homedetails/3558-Terrace-Hill-Ct-Benton-AR-72019/247594485_zpid/,,122580
"2765 Archer Ln, Conway, AR 72034",2765 Archer Ln,forRent,,3,1560,,1700,23,https://www.zillow.com/homedetails/2765-Archer-Ln-Conway-AR-72034/241241_zpid/,,154500
"916 Desoto Pl, Benton, AR 72015",916 Desoto Pl,forRent,,3,912,,1150,23,https://www.zillow.com/homedetails/916-Desoto-Pl-Benton-AR-72015/382883_zpid/,,210000
"1505 Hathaway Dr, Conway, AR 72034",1505 Hathaway Dr,forRent,,3,1207,,1475,3,https://www.zillow.com/homedetails/1505-Hathaway-Dr-Conway-AR-72034/241555_zpid/,,70000
"5 Weatherwood Dr, Greenbrier, AR 72058",5 Weatherwood Dr,forRent,,3,1547,,1600,60,https://www.zillow.com/homedetails/5-Weatherwood-Dr-Greenbrier-AR-72058/102993946_zpid/,,154000
"3233 Drake Dr, Benton, AR 72019",3233 Drake Dr,forRent,,3,1573,,1700,12,https://www.zillow.com/homedetails/3233-Drake-Dr-Benton-AR-72019/71713283_zpid/,,
"110 Rachel Cv, Haskell, AR 72015",110 Rachel Cv,forRent,,3,1300,,1300,13,https://www.zillow.com/homedetails/110-Rachel-Cv-Haskell-AR-72015/92429839_zpid/,,
"717 Burton St, Benton, AR 72015",717 Burton St,forRent,,3,1544,,1650,13,https://www.zillow.com/homedetails/717-Burton-St-Benton-AR-72015/385729_zpid/,,22000
"18 Kimberly Dr, Vilonia, AR 72173",18 Kimberly Dr,forRent,,3,1954,,1945,16,https://www.zillow.com/homedetails/18-Kimberly-Dr-Vilonia-AR-72173/245526_zpid/,,270000
"1619 Leawood Dr, Benton, AR 72019",1619 Leawood Dr,forRent,,3,1624,,1550,17,https://www.zillow.com/homedetails/1619-Leawood-Dr-Benton-AR-72019/384404_zpid/,,122500
"2555 Winchester Dr, Conway, AR 72032",2555 Winchester Dr,forRent,,3,1104,,1375,83,https://www.zillow.com/homedetails/2555-Winchester-Dr-Conway-AR-72032/239881_zpid/,,180000
"600 S Davis St, Conway, AR 72034",600 S Davis St,forRent,,3,1728,,1500,76,https://www.zillow.com/homedetails/600-S-Davis-St-Conway-AR-72034/235022_zpid/,,108500
"5845 Heritage Heights Dr, Benton, AR 72019",5845 Heritage Heights Dr,forRent,,4,1725,,1750,20,https://www.zillow.com/homedetails/5845-Heritage-Heights-Dr-Benton-AR-72019/440162513_zpid/,,
"623 Dyer Cir, Benton, AR 72015",623 Dyer Cir,forRent,,3,2053,,1995,9,https://www.zillow.com/homedetails/623-Dyer-Cir-Benton-AR-72015/386376_zpid/,,87000
"3915 Ledbetter Dr, Conway, AR 72034",3915 Ledbetter Dr,forRent,,3,1052,,1100,242,https://www.zillow.com/homedetails/3915-Ledbetter-Dr-Conway-AR-72034/242880_zpid/,,134000
"3562 Terrace Hill Ct, Benton, AR 72019",3562 Terrace Hill Ct,forRent,,3,,,1450,45,https://www.zillow.com/homedetails/3562-Terrace-Hill-Ct-Benton-AR-72019/247594484_zpid/,,122580
"11201 Donnie Dr, Shannon Hills, AR 72103",11201 Donnie Dr,forRent,,3,1353,,1295,46,https://www.zillow.com/homedetails/11201-Donnie-Dr-Shannon-Hills-AR-72103/393627_zpid/,,134900
"921 Banner St, Benton, AR 72015",921 Banner St,forRent,,3,1375,,1600,84,https://www.zillow.com/homedetails/921-Banner-St-Benton-AR-72015/384140_zpid/,,16500
"5719 Heritage Heights Dr, Benton, AR 72019",5719 Heritage Heights Dr,forRent,,4,1650,,1800,23,https://www.zillow.com/homedetails/5719-Heritage-Heights-Dr-Benton-AR-72019/71715729_zpid/,,22000
"104 S Shady Ln, Benton, AR 72015",104 S Shady Ln,forRent,,4,1550,,1500,19,https://www.zillow.com/homedetails/104-S-Shady-Ln-Benton-AR-72015/2061680659_zpid/,,
"153 Harwill, Hensley, AR 72065",153 Harwill,forRent,,4,2359,,2500,27,https://www.zillow.com/homedetails/153-Harwill-Hensley-AR-72065/2082362397_zpid/,,
"7171 Corrigan Rd, Mabelvale, AR 72103",7171 Corrigan Rd,forRent,,3,910,,1000,22,https://www.zillow.com/homedetails/7171-Corrigan-Rd-Mabelvale-AR-72103/464589349_zpid/,,
"13824 Joan Dr, Shannon Hills, AR 72103",13824 Joan Dr,forRent,,4,1200,,1400,3,https://www.zillow.com/homedetails/13824-Joan-Dr-Shannon-Hills-AR-72103/393598_zpid/,,59000
"127 Rachel Cv, Haskell, AR 72015",127 Rachel Cv,forRent,,3,1456,,1200,58,https://www.zillow.com/homedetails/127-Rachel-Cv-Haskell-AR-72015/92428814_zpid/,,
"918 Cedar Haskell St, Haskell, AR 72015",918 Cedar Haskell St,forRent,,3,1088,,1150,18,https://www.zillow.com/homedetails/918-Cedar-Haskell-St-Haskell-AR-72015/61187359_zpid/,,
"1105 River Oaks Dr, Benton, AR 72019",1105 River Oaks Dr,forRent,,4,2350,,2600,33,https://www.zillow.com/homedetails/1105-River-Oaks-Dr-Benton-AR-72019/453260567_zpid/,,
"351 Meadow Creek Dr, Haskell, AR 72015",351 Meadow Creek Dr,forRent,,3,1625,,1650,30,https://www.zillow.com/homedetails/351-Meadow-Creek-Dr-Haskell-AR-72015/92428597_zpid/,,139900
"307 S 4th St, Benton, AR 72015",307 S 4th St,forRent,,3,1051,,1600,7,https://www.zillow.com/homedetails/307-S-4th-St-Benton-AR-72015/386521_zpid/,,161000
"1116 Kenwood Cv, Bryant, AR 72022",1116 Kenwood Cv,forRent,,4,1931,,2100,17,https://www.zillow.com/homedetails/1116-Kenwood-Cv-Bryant-AR-72022/52934559_zpid/,,120000
"1519 Mulberry Salem Rd, Benton, AR 72019",1519 Mulberry Salem Rd,forRent,,3,1712,,1700,6,https://www.zillow.com/homedetails/1519-Mulberry-Salem-Rd-Benton-AR-72019/376849_zpid/,,340000
"2721 Timbermist Dr, Benton, AR 72015",2721 Timbermist Dr,forRent,,3,1200,,1600,7,https://www.zillow.com/homedetails/2721-Timbermist-Dr-Benton-AR-72015/386806_zpid/,,83000
"614 SE 2nd St, Bryant, AR 72022",614 SE 2nd St,forRent,,4,2060,,1900,20,https://www.zillow.com/homedetails/614-SE-2nd-St-Bryant-AR-72022/55095755_zpid/,,145000
"4825 Coronell Way, Bryant, AR 72022",4825 Coronell Way,forRent,,4,2060,,3050,20,https://www.zillow.com/homedetails/4825-Coronell-Way-Bryant-AR-72022/453104565_zpid/,,
"2225 Redwood, Benton, AR 72015",2225 Redwood,forRent,,3,1758,,1800,97,https://www.zillow.com/homedetails/2225-Redwood-Benton-AR-72015/52934068_zpid/,,132000
"2423 S Chatfield Rd, Bauxite, AR 72011",2423 S Chatfield Rd,forRent,,4,1802,,1850,7,https://www.zillow.com/homedetails/2423-S-Chatfield-Rd-Bauxite-AR-72011/114169056_zpid/,,99000
"13723 Southfork Dr, Alexander, AR 72002",13723 Southfork Dr,forRent,,3,1311,,1450,41,https://www.zillow.com/homedetails/13723-Southfork-Dr-Alexander-AR-72002/393770_zpid/,,135000
"2714 Gage Dr, Benton, AR 72019",2714 Gage Dr,forRent,,3,1303,,1500,6,https://www.zillow.com/homedetails/2714-Gage-Dr-Benton-AR-72019/92431557_zpid/,,122580
"5041 Red Fox Trl, Bauxite, AR 72011",5041 Red Fox Trl,forRent,,3,1200,,1550,82,https://www.zillow.com/homedetails/5041-Red-Fox-Trl-Bauxite-AR-72011/2071703035_zpid/,,191000
"2906 Pamela, Benton, AR 72015",2906 Pamela,forRent,,3,1372,,1495,13,https://www.zillow.com/homedetails/2906-Pamela-Benton-AR-72015/385308_zpid/,,
"1219 N Parker Haskell St, Benton, AR 72015",1219 N Parker Haskell St,forRent,,3,1680,,1400,59,https://www.zillow.com/homedetails/1219-N-Parker-Haskell-St-Benton-AR-72015/392830_zpid/,,35564
"13900 Ridgecrest Dr, Alexander, AR 72002",13900 Ridgecrest Dr,forRent,,3,1088,,1595,12,https://www.zillow.com/homedetails/13900-Ridgecrest-Dr-Alexander-AR-72002/49814165_zpid/,,70000
"3008 Emerald Park Trl, Bauxite, AR 72011",3008 Emerald Park Trl,forRent,,3,1528,,1500,6,https://www.zillow.com/homedetails/3008-Emerald-Park-Trl-Bauxite-AR-72011/2070250448_zpid/,,181875
"538 Belcaro Dr, Kings Mountain, NC 28086",538 Belcaro Dr,forRent,,3,1800,,2005,37,https://www.zillow.com/homedetails/538-Belcaro-Dr-Kings-Mountain-NC-28086/339891879_zpid/,,
"821 Desoto Pl, Benton, AR 72015",821 Desoto Pl,forRent,,4,2288,,1650,41,https://www.zillow.com/homedetails/821-Desoto-Pl-Benton-AR-72015/382881_zpid/,,50000
"1608 Waldron Cv, Bryant, AR 72022",1608 Waldron Cv,forRent,,3,1412,,1495,7,https://www.zillow.com/homedetails/1608-Waldron-Cv-Bryant-AR-72022/390638_zpid/,,145500
"2530 Peabody Dr, Conway, AR 72032",2530 Peabody Dr,forRent,,3,1271,,1500,22,https://www.zillow.com/homedetails/2530-Peabody-Dr-Conway-AR-72032/239829_zpid/,,199000
"3927 Newhall Dr NW, Hickory, NC 28601",3927 Newhall Dr NW,forRent,,3,1082,,1450,3,https://www.zillow.com/homedetails/3927-Newhall-Dr-NW-Hickory-NC-28601/98193008_zpid/,,205000
"124 Im Dr, Maumelle, AR 72113",124 Im Dr,forRent,,4,1500,,1950,62,https://www.zillow.com/homedetails/124-Im-Dr-Maumelle-AR-72113/2056969175_zpid/,,222925
"3509 Terrace Hill Ct, Benton, AR 72019",3509 Terrace Hill Ct,forRent,,3,1500,,1450,6,https://www.zillow.com/homedetails/3509-Terrace-Hill-Ct-Benton-AR-72019/124735446_zpid/,,122580
"1533 S Battleground Ave, Kings Mountain, NC 28086",1533 S Battleground Ave,forRent,,3,1320,,1800,30,https://www.zillow.com/homedetails/1533-S-Battleground-Ave-Kings-Mountain-NC-28086/464400646_zpid/,,
"15 Applewood Cv, Cabot, AR 72023",15 Applewood Cv,forRent,,3,1588,,1600,51,https://www.zillow.com/homedetails/15-Applewood-Cv-Cabot-AR-72023/35732370_zpid/,,226000
"3123 Lori Lake Rd, Benton, AR 72019",3123 Lori Lake Rd,forRent,,3,1280,,1000,185,https://www.zillow.com/homedetails/3123-Lori-Lake-Rd-Benton-AR-72019/453026788_zpid/,,
"203 Lynn Ln, Lonoke, AR 72086",203 Lynn Ln,forRent,,3,1200,,1195,83,https://www.zillow.com/homedetails/203-Lynn-Ln-Lonoke-AR-72086/260453_zpid/,,105000
"608 Gertrude St, Benton, AR 72015",608 Gertrude St,forRent,,3,1025,,1200,1,https://www.zillow.com/homedetails/608-Gertrude-St-Benton-AR-72015/68020650_zpid/,,125900
"16 Mustang Dr, Cabot, AR 72023",16 Mustang Dr,forRent,,3,1494,,1450,30,https://www.zillow.com/homedetails/16-Mustang-Dr-Cabot-AR-72023/63160974_zpid/,,2988
"4903 Natalie Dr, Bryant, AR 72022",4903 Natalie Dr,forRent,,4,1990,,1860,13,https://www.zillow.com/homedetails/4903-Natalie-Dr-Bryant-AR-72022/82281136_zpid/,,38000
"65 Swayze Rhys Ln, Cabot, AR 72023",65 Swayze Rhys Ln,forRent,,3,1633,,1700,24,https://www.zillow.com/homedetails/65-Swayze-Rhys-Ln-Cabot-AR-72023/2052994194_zpid/,,213925
"1906 Dave Ward Dr, Conway, AR 72034",1906 Dave Ward Dr,forRent,,3,1335,,1000,26,https://www.zillow.com/homedetails/1906-Dave-Ward-Dr-Conway-AR-72034/2061771487_zpid/,,
"2220 Chase Dr, Conway, AR 72034",2220 Chase Dr,forRent,,3,1582,,1850,52,https://www.zillow.com/homedetails/2220-Chase-Dr-Conway-AR-72034/35730147_zpid/,,141000
"15 Silverado Ct, Cabot, AR 72023",15 Silverado Ct,forRent,,3,1382,,1350,17,https://www.zillow.com/homedetails/15-Silverado-Ct-Cabot-AR-72023/35732243_zpid/,,150000
"509 E Elm St, Cabot, AR 72023",509 E Elm St,forRent,,3,1056,,1450,59,https://www.zillow.com/homedetails/509-E-Elm-St-Cabot-AR-72023/257181_zpid/,,185000
"32 Thunderbird Dr, Cabot, AR 72023",32 Thunderbird Dr,forRent,,3,1444,,1475,3,https://www.zillow.com/homedetails/32-Thunderbird-Dr-Cabot-AR-72023/67447424_zpid/,,
"53 Bent Tree Dr, Cabot, AR 72023",53 Bent Tree Dr,forRent,,3,1645,,1495,46,https://www.zillow.com/homedetails/53-Bent-Tree-Dr-Cabot-AR-72023/256157_zpid/,,10000
"314 Ray St, Cabot, AR 72023",314 Ray St,forRent,,3,1449,,1300,54,https://www.zillow.com/homedetails/314-Ray-St-Cabot-AR-72023/257086_zpid/,,700000
"26 Mustang Dr, Cabot, AR 72023",26 Mustang Dr,forRent,,3,1537,,1550,59,https://www.zillow.com/homedetails/26-Mustang-Dr-Cabot-AR-72023/63160976_zpid/,,310000
"59 Hickory Bend Dr, Cabot, AR 72023",59 Hickory Bend Dr,forRent,,3,2129,,2000,24,https://www.zillow.com/homedetails/59-Hickory-Bend-Dr-Cabot-AR-72023/67445626_zpid/,,207000
"1609 Moon Rd, Ward, AR 72176",1609 Moon Rd,forRent,,3,1026,,1095,6,https://www.zillow.com/homedetails/1609-Moon-Rd-Ward-AR-72176/99444948_zpid/,,125000
"54 Magnolia Dr, Cabot, AR 72023",54 Magnolia Dr,forRent,,3,1394,,1400,51,https://www.zillow.com/homedetails/54-Magnolia-Dr-Cabot-AR-72023/60314948_zpid/,,117000
"22 Oakland Cir, Austin, AR 72007",22 Oakland Cir,forRent,,3,1328,,1575,12,https://www.zillow.com/homedetails/22-Oakland-Cir-Austin-AR-72007/251409763_zpid/,,176000
"15 Applewood Cv, Cabot, AR 72023",15 Applewood Cv,forRent,,3,1588,,1600,51,https://www.zillow.com/homedetails/15-Applewood-Cv-Cabot-AR-72023/35732370_zpid/,,226000
"17 Azalea Dr, Cabot, AR 72023",17 Azalea Dr,forRent,,3,1294,,1345,74,https://www.zillow.com/homedetails/17-Azalea-Dr-Cabot-AR-72023/52495110_zpid/,,174500
"21 Meadowlark Dr, Cabot, AR 72023",21 Meadowlark Dr,forRent,,3,1013,,1395,26,https://www.zillow.com/homedetails/21-Meadowlark-Dr-Cabot-AR-72023/255213_zpid/,,147900
"17 Farrah St, Ward, AR 72176",17 Farrah St,forRent,,3,1563,,1250,89,https://www.zillow.com/homedetails/17-Farrah-St-Ward-AR-72176/52495486_zpid/,,
"203 Lynn Ln, Lonoke, AR 72086",203 Lynn Ln,forRent,,3,1200,,1195,83,https://www.zillow.com/homedetails/203-Lynn-Ln-Lonoke-AR-72086/260453_zpid/,,105000
"101 Cedar Creek Loop, Cabot, AR 72023",101 Cedar Creek Loop,forRent,,3,1422,,1295,45,https://www.zillow.com/homedetails/101-Cedar-Creek-Loop-Cabot-AR-72023/88905306_zpid/,,
"72 Branchwood Ln, Austin, AR 72007",72 Branchwood Ln,forRent,,3,1216,,1200,10,https://www.zillow.com/homedetails/72-Branchwood-Ln-Austin-AR-72007/252707_zpid/,,1710000
"120 Suda St, Cabot, AR 72023",120 Suda St,forRent,,3,1008,,995,142,https://www.zillow.com/homedetails/120-Suda-St-Cabot-AR-72023/213595966_zpid/,,120000
"16 Mustang Dr, Cabot, AR 72023",16 Mustang Dr,forRent,,3,1494,,1450,30,https://www.zillow.com/homedetails/16-Mustang-Dr-Cabot-AR-72023/63160974_zpid/,,2988
"11 W Plaza Blvd, Cabot, AR 72023",11 W Plaza Blvd,forRent,,3,1487,,1525,13,https://www.zillow.com/homedetails/11-W-Plaza-Blvd-Cabot-AR-72023/256262_zpid/,,229049
"73 Timberwood Dr, Cabot, AR 72023",73 Timberwood Dr,forRent,,3,1230,,1450,19,https://www.zillow.com/homedetails/73-Timberwood-Dr-Cabot-AR-72023/52495438_zpid/,,161000
"32 Fortson Dr, Cabot, AR 72023",32 Fortson Dr,forRent,,3,1064,,875,15,https://www.zillow.com/homedetails/32-Fortson-Dr-Cabot-AR-72023/63161011_zpid/,,750000
"85 Kyndall Lauren Ln, Cabot, AR 72023",85 Kyndall Lauren Ln,forRent,,3,1244,,1450,21,https://www.zillow.com/homedetails/85-Kyndall-Lauren-Ln-Cabot-AR-72023/442588183_zpid/,,179900
"400 Apricot St, Austin, AR 72007",400 Apricot St,forRent,,3,1200,,1475,13,https://www.zillow.com/homedetails/400-Apricot-St-Austin-AR-72007/82250818_zpid/,,280000
"1045 E Main St, Austin, AR 72007",1045 E Main St,forRent,,3,1266,,1375,1,https://www.zillow.com/homedetails/1045-E-Main-St-Austin-AR-72007/99406768_zpid/,,70000
"3802 Pinecrest Ln, Maumelle, AR 72113",3802 Pinecrest Ln,forRent,,4,2435,,2700,3,https://www.zillow.com/homedetails/3802-Pinecrest-Ln-Maumelle-AR-72113/465038347_zpid/,,
"6006 Hoover St, Maumelle, AR 72113",6006 Hoover St,forRent,,2,1450,,1595,9,https://www.zillow.com/homedetails/6006-Hoover-St-Maumelle-AR-72113/2062966797_zpid/,,
"170 Bighorn Trl, Maumelle, AR 72113",170 Bighorn Trl,forRent,,3,1382,,1850,15,https://www.zillow.com/homedetails/170-Bighorn-Trl-Maumelle-AR-72113/461017693_zpid/,,
"8616 Eastwood Creek Dr, North Little Rock, AR 72113",8616 Eastwood Creek Dr,forRent,,3,1722,,1950,17,https://www.zillow.com/homedetails/8616-Eastwood-Creek-Dr-North-Little-Rock-AR-72113/2059022685_zpid/,,246600
"10505 Cypress Knee Dr, North Little Rock, AR 72113",10505 Cypress Knee Dr,forRent,,3,1678,,1850,12,https://www.zillow.com/homedetails/10505-Cypress-Knee-Dr-North-Little-Rock-AR-72113/2061799089_zpid/,,233425
"670 Marianne St, Maumelle, AR 72113",670 Marianne St,forRent,,4,1900,,2000,0,https://www.zillow.com/homedetails/670-Marianne-St-Maumelle-AR-72113/2054932481_zpid/,,
"2400 SW Ednruance Way #2, Maumelle, AR 72113",2400 SW Ednruance Way #2,forRent,,3,1200,,2125,76,https://www.zillow.com/homedetails/2400-SW-Ednruance-Way-2-Maumelle-AR-72113/463401793_zpid/,,
"7 Southland Dr, Maumelle, AR 72113",7 Southland Dr,forRent,,2,925,,850,68,https://www.zillow.com/homedetails/7-Southland-Dr-Maumelle-AR-72113/2109744736_zpid/,,
"621-623 Cosmos St, Maumelle, AR 72113",621-623 Cosmos St,other,,,,,,,https://www.zillow.com/b/621-623-cosmos-st-maumelle-ar-CpNTTZ/,,
"205 Logan Dr, Maumelle, AR 72113",205 Logan Dr,forRent,,3,1472,,1835,51,https://www.zillow.com/homedetails/205-Logan-Dr-Maumelle-AR-72113/2057186361_zpid/,,
"117 Logan Dr, Maumelle, AR 72113",117 Logan Dr,forRent,,3,1472,,1835,61,https://www.zillow.com/homedetails/117-Logan-Dr-Maumelle-AR-72113/2057186355_zpid/,,
"124 Im Dr, Maumelle, AR 72113",124 Im Dr,forRent,,4,1500,,1950,62,https://www.zillow.com/homedetails/124-Im-Dr-Maumelle-AR-72113/2056969175_zpid/,,222925
"106 Jo Park Ln, Maumelle, AR 72113",106 Jo Park Ln,forRent,,4,1640,,2000,31,https://www.zillow.com/homedetails/106-Jo-Park-Ln-Maumelle-AR-72113/2056841941_zpid/,,
"203 Logan Dr, Maumelle, AR 72113",203 Logan Dr,forRent,,3,1472,,1835,37,https://www.zillow.com/homedetails/203-Logan-Dr-Maumelle-AR-72113/2057186362_zpid/,,
"111 Miramar Dr, Maumelle, AR 72113",111 Miramar Dr,forRent,,3,2404,,2390,2,https://www.zillow.com/homedetails/111-Miramar-Dr-Maumelle-AR-72113/328081_zpid/,,240000
"2 Corbet Ln, Maumelle, AR 72113",2 Corbet Ln,forRent,,3,1523,,2300,16,https://www.zillow.com/homedetails/2-Corbet-Ln-Maumelle-AR-72113/122005820_zpid/,,
"10413 Cypress Knee Dr, Maumelle, AR 72113",10413 Cypress Knee Dr,forRent,,3,1480,,1800,67,https://www.zillow.com/homedetails/10413-Cypress-Knee-Dr-Maumelle-AR-72113/2060938533_zpid/,,
"(Undisclosed Address), Maumelle, AR 72113",(Undisclosed Address),forRent,,3,1430,,1700,15,https://www.zillow.com/homedetails/Maumelle-AR-72113/326296_zpid/,,295000
"5 Stoneledge Dr, Maumelle, AR 72113",5 Stoneledge Dr,forRent,,3,1755,,1850,23,https://www.zillow.com/homedetails/5-Stoneledge-Dr-Maumelle-AR-72113/326005_zpid/,,240000
"216 Chantilly Cir, Maumelle, AR 72113",216 Chantilly Cir,forRent,,3,1632,,2200,7,https://www.zillow.com/homedetails/216-Chantilly-Cir-Maumelle-AR-72113/328342_zpid/,,300000
"127 Rolling Oaks Dr, Maumelle, AR 72113",127 Rolling Oaks Dr,forRent,,3,1240,,1475,6,https://www.zillow.com/homedetails/127-Rolling-Oaks-Dr-Maumelle-AR-72113/326438_zpid/,,79500
"127 Chambery Dr, Maumelle, AR 72113",127 Chambery Dr,forRent,,4,1651,,2500,3,https://www.zillow.com/homedetails/127-Chambery-Dr-Maumelle-AR-72113/122006196_zpid/,,
"263 Lake Valley Dr, Maumelle, AR 72113",263 Lake Valley Dr,forRent,,5,3100,,2600,9,https://www.zillow.com/homedetails/263-Lake-Valley-Dr-Maumelle-AR-72113/89031838_zpid/,,308200
"57 Stoneledge Dr, Maumelle, AR 72113",57 Stoneledge Dr,forRent,,4,1961,,1950,17,https://www.zillow.com/homedetails/57-Stoneledge-Dr-Maumelle-AR-72113/326028_zpid/,,145000
"110 Vienne Pl, Maumelle, AR 72113",110 Vienne Pl,forRent,,3,1553,,1850,15,https://www.zillow.com/homedetails/110-Vienne-Pl-Maumelle-AR-72113/118161409_zpid/,,180000
"81 Oak Forest Loop, Maumelle, AR 72113",81 Oak Forest Loop,forRent,,3,1300,,1700,48,https://www.zillow.com/homedetails/81-Oak-Forest-Loop-Maumelle-AR-72113/326542_zpid/,,145000
"61 Pin Oak Loop, Maumelle, AR 72113",61 Pin Oak Loop,forRent,,3,1173,,1495,65,https://www.zillow.com/homedetails/61-Pin-Oak-Loop-Maumelle-AR-72113/326810_zpid/,,175000
"11 Page Cv, Maumelle, AR 72113",11 Page Cv,forRent,,3,1294,,1695,4,https://www.zillow.com/homedetails/11-Page-Cv-Maumelle-AR-72113/326629_zpid/,,222125
"32 Cinderwood Cv, Maumelle, AR 72113",32 Cinderwood Cv,forRent,,3,2467,,1895,7,https://www.zillow.com/homedetails/32-Cinderwood-Cv-Maumelle-AR-72113/343619_zpid/,,505000
"2277 Sam Tillery Dr, Alexander, AR 72002",2277 Sam Tillery Dr,forRent,,4,1439,,1795,10,https://www.zillow.com/homedetails/2277-Sam-Tillery-Dr-Alexander-AR-72002/462316857_zpid/,,222900
"4340 Sloan Dr, Alexander, AR 72002",4340 Sloan Dr,forRent,,4,1850,,2140,43,https://www.zillow.com/homedetails/4340-Sloan-Dr-Alexander-AR-72002/442183331_zpid/,,267480
"22930 Sam Tillery Dr, Alexander, AR 72002",22930 Sam Tillery Dr,forRent,,4,1640,,2000,13,https://www.zillow.com/homedetails/22930-Sam-Tillery-Dr-Alexander-AR-72002/464786376_zpid/,,
"148 Kelton Dr, Hensley, AR 72065",148 Kelton Dr,forRent,,4,1907,,2200,31,https://www.zillow.com/homedetails/148-Kelton-Dr-Hensley-AR-72065/464384218_zpid/,,
"4332 Sloan Dr, Alexander, AR 72002",4332 Sloan Dr,forRent,,4,2112,,2255,40,https://www.zillow.com/homedetails/4332-Sloan-Dr-Alexander-AR-72002/464195265_zpid/,,
"2096 Fern Valley Dr, Alexander, AR 72002",2096 Fern Valley Dr,forRent,,3,1345,,1650,2,https://www.zillow.com/homedetails/2096-Fern-Valley-Dr-Alexander-AR-72002/247595778_zpid/,,188800
"14108 Cherry Hill Dr, Alexander, AR 72002",14108 Cherry Hill Dr,forRent,,3,1100,,1475,25,https://www.zillow.com/homedetails/14108-Cherry-Hill-Dr-Alexander-AR-72002/52934816_zpid/,,155000
"5096 Woodstream Dr, Alexander, AR 72002",5096 Woodstream Dr,forRent,,3,1594,,2600,2,https://www.zillow.com/homedetails/5096-Woodstream-Dr-Alexander-AR-72002/2077881150_zpid/,,180150
"821 Church, Benton, AR 72015",821 Church,forRent,,4,1540,,1675,2,https://www.zillow.com/homedetails/821-Church-Benton-AR-72015/387634_zpid/,,155000
"1504 McCurdy, Benton, AR 72019",1504 McCurdy,forRent,,4,1725,,1750,27,https://www.zillow.com/homedetails/1504-McCurdy-Benton-AR-72019/388159_zpid/,,21500
"14095 Magnolia Glen Dr, Alexander, AR 72002",14095 Magnolia Glen Dr,forRent,,3,1228,,1530,5,https://www.zillow.com/homedetails/14095-Magnolia-Glen-Dr-Alexander-AR-72002/88906053_zpid/,,119500
"3001 Wild Berry Dr, Benton, AR 72015",3001 Wild Berry Dr,forRent,,3,1486,,1725,16,https://www.zillow.com/homedetails/3001-Wild-Berry-Dr-Benton-AR-72015/71716346_zpid/,,184900
"13757 Cedar Glen Cv, Alexander, AR 72002",13757 Cedar Glen Cv,forRent,,3,1408,,1575,11,https://www.zillow.com/homedetails/13757-Cedar-Glen-Cv-Alexander-AR-72002/92432562_zpid/,,124900
"4533 Western Woods Dr, Benton, AR 72015",4533 Western Woods Dr,forRent,,4,1984,,1845,9,https://www.zillow.com/homedetails/4533-Western-Woods-Dr-Benton-AR-72015/2061640122_zpid/,,313100
"154 Roman Heights Ave, Alexander, AR 72002",154 Roman Heights Ave,forRent,,,,,,,https://www.zillow.com/b/154-roman-heights-ave-alexander-ar-Cdzchh/,,
"227 Iris St, Haskell, AR 72015",227 Iris St,forRent,,3,1420,,1725,41,https://www.zillow.com/homedetails/227-Iris-St-Haskell-AR-72015/2060765172_zpid/,,195000
"6688 Hollywood Ave, Benton, AR 72019",6688 Hollywood Ave,forRent,,3,1051,,1595,2,https://www.zillow.com/homedetails/6688-Hollywood-Ave-Benton-AR-72019/460744960_zpid/,,183900
"1294 Ridge Rd, Benton, AR 72015",1294 Ridge Rd,forRent,,3,1108,,1145,0,https://www.zillow.com/homedetails/1294-Ridge-Rd-Benton-AR-72015/114182952_zpid/,,2000
"4056 Kings River Trl, Bauxite, AR 72011",4056 Kings River Trl,forRent,,3,1480,,1395,40,https://www.zillow.com/homedetails/4056-Kings-River-Trl-Bauxite-AR-72011/2062403626_zpid/,,200660
"17 Greenbrier Dr, Benton, AR 72015",17 Greenbrier Dr,forRent,,3,1460,,1595,34,https://www.zillow.com/homedetails/17-Greenbrier-Dr-Benton-AR-72015/386172_zpid/,,143000
"313 S Neeley St, Benton, AR 72015",313 S Neeley St,forRent,,3,1800,,1625,20,https://www.zillow.com/homedetails/313-S-Neeley-St-Benton-AR-72015/2067919637_zpid/,,205000
"5399 Heritage Valley Dr, Benton, AR 72019",5399 Heritage Valley Dr,forRent,,4,1790,,1900,41,https://www.zillow.com/homedetails/5399-Heritage-Valley-Dr-Benton-AR-72019/2062299989_zpid/,,245000
"6032 Orange Valley Cv, Mabelvale, AR 72103",6032 Orange Valley Cv,forRent,,4,1504,,1650,0,https://www.zillow.com/homedetails/6032-Orange-Valley-Cv-Mabelvale-AR-72103/2062762647_zpid/,,
"4326 Glenda Ln, Benton, AR 72019",4326 Glenda Ln,forRent,,3,1398,,1545,33,https://www.zillow.com/homedetails/4326-Glenda-Ln-Benton-AR-72019/68021994_zpid/,,157000
"1067 Huntington Dr, Benton, AR 72019",1067 Huntington Dr,forRent,,4,1459,,1545,24,https://www.zillow.com/homedetails/1067-Huntington-Dr-Benton-AR-72019/2061767452_zpid/,,
"905 Pheasant Cv, Benton, AR 72019",905 Pheasant Cv,forRent,,3,1415,,1595,3,https://www.zillow.com/homedetails/905-Pheasant-Cv-Benton-AR-72019/385747_zpid/,,158000
"3264 Sidell Estates Dr, Benton, AR 72015",3264 Sidell Estates Dr,forRent,,4,1652,,1795,23,https://www.zillow.com/homedetails/3264-Sidell-Estates-Dr-Benton-AR-72015/2063496322_zpid/,,
"133 Preston Ln, Hensley, AR 72065",133 Preston Ln,forRent,,5,1867,,1895,15,https://www.zillow.com/homedetails/133-Preston-Ln-Hensley-AR-72065/458636124_zpid/,,
"196 Preston Ln, Hensley, AR 72065",196 Preston Ln,forRent,,4,1525,,1775,15,https://www.zillow.com/homedetails/196-Preston-Ln-Hensley-AR-72065/462387776_zpid/,,
"148 Preston Ln, Hensley, AR 72065",148 Preston Ln,forRent,,4,1525,,1775,15,https://www.zillow.com/homedetails/148-Preston-Ln-Hensley-AR-72065/463777017_zpid/,,
"124 Preston Ln, Hensley, AR 72065",124 Preston Ln,forRent,,4,1525,,1775,15,https://www.zillow.com/homedetails/124-Preston-Ln-Hensley-AR-72065/463777018_zpid/,,
"4340 Sloan Dr, Alexander, AR 72002",4340 Sloan Dr,forRent,,4,1850,,2140,43,https://www.zillow.com/homedetails/4340-Sloan-Dr-Alexander-AR-72002/442183331_zpid/,,267480
"2277 Sam Tillery Dr, Alexander, AR 72002",2277 Sam Tillery Dr,forRent,,4,1439,,1795,10,https://www.zillow.com/homedetails/2277-Sam-Tillery-Dr-Alexander-AR-72002/462316857_zpid/,,222900
"180 Preston Ln, Hensley, AR 72065",180 Preston Ln,forRent,,3,1364,,1700,15,https://www.zillow.com/homedetails/180-Preston-Ln-Hensley-AR-72065/462386542_zpid/,,
"164 Preston Ln, Hensley, AR 72065",164 Preston Ln,forRent,,4,1655,,1825,15,https://www.zillow.com/homedetails/164-Preston-Ln-Hensley-AR-72065/463494189_zpid/,,
"3008 Emerald Park Trl, Bauxite, AR 72011",3008 Emerald Park Trl,forRent,,3,1528,,1500,6,https://www.zillow.com/homedetails/3008-Emerald-Park-Trl-Bauxite-AR-72011/2070250448_zpid/,,181875
"116 Preston Ln, Hensley, AR 72065",116 Preston Ln,forRent,,4,1655,,1825,15,https://www.zillow.com/homedetails/116-Preston-Ln-Hensley-AR-72065/463777019_zpid/,,
"5041 Red Fox Trl, Bauxite, AR 72011",5041 Red Fox Trl,forRent,,3,1200,,1550,82,https://www.zillow.com/homedetails/5041-Red-Fox-Trl-Bauxite-AR-72011/2071703035_zpid/,,191000
"4050 Freesia St, Sherrills Ford, NC 28673",4050 Freesia St,forRent,,,,,,,https://www.zillow.com/apartments/sherrills-ford-nc/amavi-sherrills-ford/CkB99w/,,
"1602 18th Ave NE, Hickory, NC 28601",1602 18th Ave NE,other,,,,,,,https://www.zillow.com/apartments/hickory-nc/la-vie-on-18th-ave./5tRNds/,,
"1227 10th Street Blvd NW, Hickory, NC 28601",1227 10th Street Blvd NW,forRent,,,,,,,https://www.zillow.com/apartments/hickory-nc/creekside-apartments/5XhwHX/,,
"1420 4th Street Dr NW, Hickory, NC 28601",1420 4th Street Dr NW,forRent,,,,,,,https://www.zillow.com/apartments/hickory-nc/viewmont-square/Ch5ZSC/,,
"2326-2346 13th Street Dr NE, Hickory, NC 28601",2326-2346 13th Street Dr NE,forRent,,,,,,,https://www.zillow.com/apartments/hickory-nc/modern-townhome-for-rent-modern-living-at-its-best!/CtftDB/,,
"2101 21st St SE, Hickory, NC 28602",2101 21st St SE,forRent,,,,,,,https://www.zillow.com/apartments/hickory-nc/the-legends/5XhwGK/,,
"824-954 4th Street Pl SE, Hickory, NC 28602",824-954 4th Street Pl SE,forRent,,,,,,,https://www.zillow.com/apartments/hickory-nc/pet-friendly-duplex-in-hickory!/CtT9Ht/,,
"522 17th St SW, Hickory, NC 28602",522 17th St SW,forRent,,,,,,,https://www.zillow.com/apartments/hickory-nc/17th-street-mhc-522/9jNJXn/,,
"203 29th Ave NE, Hickory, NC 28601",203 29th Ave NE,forRent,,,,,,,https://www.zillow.com/apartments/hickory-nc/landon-green-artisan-cottages/CkCV6g/,,
"4127 Village Blvd, Conover, NC 28613",4127 Village Blvd,forRent,,3,1854,,2300,3,https://www.zillow.com/homedetails/4127-Village-Blvd-Conover-NC-28613/446200738_zpid/,,299000
"3755 Charles St NW, Conover, NC 28613",3755 Charles St NW,forRent,,4,2565,,2400,65,https://www.zillow.com/homedetails/3755-Charles-St-NW-Conover-NC-28613/345078496_zpid/,,359000
"225 Ebenezer Rd, Kings Mountain, NC 28086",225 Ebenezer Rd,other,,,,,,,https://www.zillow.com/apartments/kings-mountain-nc/225-ebenezer-rd-/CqBmQB/,,
"311 E King St, Kings Mountain, NC 28086",311 E King St,forRent,,,,,,,https://www.zillow.com/apartments/kings-mountain-nc/sh368-the-towns-at-kings-mountain/9Pm8gB/,,
"107 Kings Oak Cir, Kings Mountain, NC 28086",107 Kings Oak Cir,forRent,,,,,,,https://www.zillow.com/apartments/kings-mountain-nc/cambridge-oaks-ii-apts/ChKpLx/,,
"140 W Mountain St, Kings Mountain, NC 28086",140 W Mountain St,forRent,,,,,,,https://www.zillow.com/apartments/kings-mountain-nc/140-w-mountain-st/CFTcnh/,,
"111 Wells St, Kings Mountain, NC 28086",111 Wells St,other,,,,,,,https://www.zillow.com/apartments/kings-mountain-nc/111-wells-st/9BMCmy/,,
"48 Julian St, Kings Mountain, NC 28086",48 Julian St,forRent,,,,,,,https://www.zillow.com/apartments/kings-mountain-nc/48-julian-street/5Yrsd5/,,
"830 State Highway 98, Daphne, AL 36526",830 State Highway 98,forRent,,,,,,,https://www.zillow.com/apartments/daphne-al/colonnade-at-eastern-shore/CkWVjp/,,
"12807 Philadelphia Blvd, Daphne, AL 36527",12807 Philadelphia Blvd,forRent,,3,1437,,1800,74,https://www.zillow.com/homedetails/12807-Philadelphia-Blvd-Daphne-AL-36527/343594922_zpid/,,239800
"1802 Cashew Cir, Foley, AL 36535",1802 Cashew Cir,forRent,,,,,,,https://www.zillow.com/apartments/foley-al/outpost-orchard-residential/CgKL5n/,,
"13437 Antler Hill Rd, Spanish Fort, AL 36527",13437 Antler Hill Rd,forRent,,4,1931,,2350,10,https://www.zillow.com/homedetails/13437-Antler-Hill-Rd-Spanish-Fort-AL-36527/2058500497_zpid/,,319950
"13898 Antler Hill Rd, Spanish Fort, AL 36527",13898 Antler Hill Rd,forRent,,4,1948,,2400,16,https://www.zillow.com/homedetails/13898-Antler-Hill-Rd-Spanish-Fort-AL-36527/405553127_zpid/,,360400
"31436 Memphis Loop, Spanish Fort, AL 36527",31436 Memphis Loop,forRent,,4,1948,,2295,33,https://www.zillow.com/homedetails/31436-Memphis-Loop-Spanish-Fort-AL-36527/2067469020_zpid/,,359800
"12819 Philadelphia Blvd, Daphne, AL 36527",12819 Philadelphia Blvd,forRent,,3,1437,,1700,20,https://www.zillow.com/homedetails/12819-Philadelphia-Blvd-Daphne-AL-36527/448730797_zpid/,,251025
"904 Shagbark Rd, Foley, AL 36535",904 Shagbark Rd,forRent,,,,,,,https://www.zillow.com/apartments/foley-al/the-village-at-hickory-street/CgLXC4/,,
"32667 Revere Dr, Daphne, AL 36527",32667 Revere Dr,forRent,,4,,,1900,28,https://www.zillow.com/homedetails/32667-Revere-Dr-Daphne-AL-36527/450801650_zpid/,,
"4021 Blue Water Dr #4021, Orange Beach, AL 36561",4021 Blue Water Dr #4021,forRent,,3,1437,,2250,7,https://www.zillow.com/homedetails/4021-Blue-Water-Dr-4021-Orange-Beach-AL-36561/458825663_zpid/,,
"4294 Lost Bay Dr, Orange Beach, AL 36561",4294 Lost Bay Dr,forRent,,3,1437,,2900,5,https://www.zillow.com/homedetails/4294-Lost-Bay-Dr-Orange-Beach-AL-36561/457020516_zpid/,,370000
"4246 Lost Bay Dr #Id1541220p, Orange Beach, AL 36561",4246 Lost Bay Dr #Id1541220p,forRent,,6,3595,,5429,37,https://www.zillow.com/homedetails/4246-Lost-Bay-Dr-ID1541220P-Orange-Beach-AL-36561/462641711_zpid/,,
"4148 Lost Bay Dr #1, Orange Beach, AL 36561",4148 Lost Bay Dr #1,forRent,,3,1437,,2250,59,https://www.zillow.com/homedetails/4148-Lost-Bay-Dr-1-Orange-Beach-AL-36561/463764832_zpid/,,
"4246 Lost Bay Dr #Id1541223p, Orange Beach, AL 36561",4246 Lost Bay Dr #Id1541223p,forRent,,3,1797,,2564,48,https://www.zillow.com/homedetails/4246-Lost-Bay-Dr-ID1541223P-Orange-Beach-AL-36561/462641751_zpid/,,
"4302 Lost Bay Dr #1, Orange Beach, AL 36561",4302 Lost Bay Dr #1,forRent,,3,,,2300,7,https://www.zillow.com/homedetails/4302-Lost-Bay-Dr-1-Orange-Beach-AL-36561/464932718_zpid/,,
"4688 Casablanca Dr, Orange Beach, AL 36561",4688 Casablanca Dr,forRent,,3,2008,,3500,60,https://www.zillow.com/homedetails/4688-Casablanca-Dr-Orange-Beach-AL-36561/2067521250_zpid/,,490000
"4246 Lost Bay Dr #Id1541221p, Orange Beach, AL 36561",4246 Lost Bay Dr #Id1541221p,forRent,,3,1797,,2613,37,https://www.zillow.com/homedetails/4246-Lost-Bay-Dr-ID1541221P-Orange-Beach-AL-36561/462641758_zpid/,,
"4306 Lost Bay Dr #1, Orange Beach, AL 36561",4306 Lost Bay Dr #1,forRent,,3,,,2300,7,https://www.zillow.com/homedetails/4306-Lost-Bay-Dr-1-Orange-Beach-AL-36561/459688316_zpid/,,
"13330 Shea Cir, Foley, AL 36535",13330 Shea Cir,forRent,,3,1430,,2100,27,https://www.zillow.com/homedetails/13330-Shea-Cir-Foley-AL-36535/462523648_zpid/,,
"4294 Lost Bay Dr, Orange Beach, AL 36561",4294 Lost Bay Dr,forRent,,3,1437,,2900,5,https://www.zillow.com/homedetails/4294-Lost-Bay-Dr-Orange-Beach-AL-36561/457020516_zpid/,,370000
"13824 Shea Cir, Foley, AL 36535",13824 Shea Cir,forRent,,3,1281,,1950,29,https://www.zillow.com/homedetails/13824-Shea-Cir-Foley-AL-36535/456892388_zpid/,,
"24775 Raynagua Blvd, Loxley, AL 36551",24775 Raynagua Blvd,forRent,,4,2000,,1995,3,https://www.zillow.com/homedetails/24775-Raynagua-Blvd-Loxley-AL-36551/463944561_zpid/,,
"16404 Apricot Dr, Loxley, AL 36551",16404 Apricot Dr,forRent,,3,1550,,1750,3,https://www.zillow.com/homedetails/16404-Apricot-Dr-Loxley-AL-36551/462793552_zpid/,,
"24759 Raynagua Blvd, Loxley, AL 36551",24759 Raynagua Blvd,forRent,,4,2142,,2090,3,https://www.zillow.com/homedetails/24759-Raynagua-Blvd-Loxley-AL-36551/463510991_zpid/,,
"31543 Lyon Rd, Daphne, AL 36527",31543 Lyon Rd,forRent,,5,,,2600,29,https://www.zillow.com/homedetails/31543-Lyon-Rd-Daphne-AL-36527/456321716_zpid/,,354500
"4148 Lost Bay Dr #1, Orange Beach, AL 36561",4148 Lost Bay Dr #1,forRent,,3,1437,,2250,59,https://www.zillow.com/homedetails/4148-Lost-Bay-Dr-1-Orange-Beach-AL-36561/463764832_zpid/,,
"4246 Lost Bay Dr #Id1541221p, Orange Beach, AL 36561",4246 Lost Bay Dr #Id1541221p,forRent,,3,1797,,2613,37,https://www.zillow.com/homedetails/4246-Lost-Bay-Dr-ID1541221P-Orange-Beach-AL-36561/462641758_zpid/,,
"4246 Lost Bay Dr #Id1541223p, Orange Beach, AL 36561",4246 Lost Bay Dr #Id1541223p,forRent,,3,1797,,2564,48,https://www.zillow.com/homedetails/4246-Lost-Bay-Dr-ID1541223P-Orange-Beach-AL-36561/462641751_zpid/,,
"4302 Lost Bay Dr #1, Orange Beach, AL 36561",4302 Lost Bay Dr #1,forRent,,3,,,2300,7,https://www.zillow.com/homedetails/4302-Lost-Bay-Dr-1-Orange-Beach-AL-36561/464932718_zpid/,,
"4306 Lost Bay Dr #1, Orange Beach, AL 36561",4306 Lost Bay Dr #1,forRent,,3,,,2300,7,https://www.zillow.com/homedetails/4306-Lost-Bay-Dr-1-Orange-Beach-AL-36561/459688316_zpid/,,
"4246 Lost Bay Dr #Id1541220p, Orange Beach, AL 36561",4246 Lost Bay Dr #Id1541220p,forRent,,6,3595,,5429,37,https://www.zillow.com/homedetails/4246-Lost-Bay-Dr-ID1541220P-Orange-Beach-AL-36561/462641711_zpid/,,
"16363 Apricot Dr, Loxley, AL 36551",16363 Apricot Dr,forRent,,4,2142,,2090,3,https://www.zillow.com/homedetails/16363-Apricot-Dr-Loxley-AL-36551/465041459_zpid/,,
"670 Marianne St, Maumelle, AR 72113",670 Marianne St,forRent,,4,1900,,2000,1,https://www.zillow.com/homedetails/670-Marianne-St-Maumelle-AR-72113/2054932481_zpid/,,
"170 Bighorn Trl, Maumelle, AR 72113",170 Bighorn Trl,forRent,,3,1382,,1850,16,https://www.zillow.com/homedetails/170-Bighorn-Trl-Maumelle-AR-72113/461017693_zpid/,,
"3802 Pinecrest Ln, Maumelle, AR 72113",3802 Pinecrest Ln,forRent,,4,2435,,2700,4,https://www.zillow.com/homedetails/3802-Pinecrest-Ln-Maumelle-AR-72113/465038347_zpid/,,
"6006 Hoover St, Maumelle, AR 72113",6006 Hoover St,forRent,,2,1450,,1595,10,https://www.zillow.com/homedetails/6006-Hoover-St-Maumelle-AR-72113/2062966797_zpid/,,
"70 Kinley Brook Ln, Cabot, AR 72023",70 Kinley Brook Ln,forRent,,3,1012,,1595,27,https://www.zillow.com/homedetails/70-Kinley-Brook-Ln-Cabot-AR-72023/2055560788_zpid/,,175775
"35 Foster Louis Ln, Cabot, AR 72023",35 Foster Louis Ln,forRent,,3,1234,,1455,10,https://www.zillow.com/homedetails/35-Foster-Louis-Ln-Cabot-AR-72023/349183675_zpid/,,
"65 Swayze Rhys Ln, Cabot, AR 72023",65 Swayze Rhys Ln,forRent,,3,1633,,1700,25,https://www.zillow.com/homedetails/65-Swayze-Rhys-Ln-Cabot-AR-72023/2052994194_zpid/,,213925
"70 Nona Ruth Ln, Cabot, AR 72023",70 Nona Ruth Ln,forRent,,3,1612,,1575,7,https://www.zillow.com/homedetails/70-Nona-Ruth-Ln-Cabot-AR-72023/461972683_zpid/,,214900
"50 Swayze Rhys Ln, Cabot, AR 72023",50 Swayze Rhys Ln,forRent,,4,1652,,1700,24,https://www.zillow.com/homedetails/50-Swayze-Rhys-Ln-Cabot-AR-72023/350308169_zpid/,,217825
"60 Leruss Blvd, Cabot, AR 72023",60 Leruss Blvd,forRent,,3,1422,,1425,34,https://www.zillow.com/homedetails/60-Leruss-Blvd-Cabot-AR-72023/342062290_zpid/,,203000
"55 Maddison Rachael, Cabot, AR 72023",55 Maddison Rachael,forRent,,4,1459,,1475,38,https://www.zillow.com/homedetails/55-Maddison-Rachael-Cabot-AR-72023/461972684_zpid/,,212900
"10505 Cypress Knee Dr, North Little Rock, AR 72113",10505 Cypress Knee Dr,forRent,,3,1678,,1850,13,https://www.zillow.com/homedetails/10505-Cypress-Knee-Dr-North-Little-Rock-AR-72113/2061799089_zpid/,,233425
"8616 Eastwood Creek Dr, North Little Rock, AR 72113",8616 Eastwood Creek Dr,forRent,,3,1722,,1950,18,https://www.zillow.com/homedetails/8616-Eastwood-Creek-Dr-North-Little-Rock-AR-72113/2059022685_zpid/,,246600
"2400 SW Ednruance Way #2, Maumelle, AR 72113",2400 SW Ednruance Way #2,forRent,,3,1200,,1995,77,https://www.zillow.com/homedetails/2400-SW-Ednruance-Way-2-Maumelle-AR-72113/463401793_zpid/,,
"1610 Raden St, Conway, AR 72032",1610 Raden St,forRent,,3,1243,,1650,26,https://www.zillow.com/homedetails/1610-Raden-St-Conway-AR-72032/2066419442_zpid/,,
"15 Leruss Blvd, Cabot, AR 72023",15 Leruss Blvd,forRent,,,,,,,https://www.zillow.com/b/15-leruss-blvd-cabot-ar-CkhJp8/,,
"1810 Rich Smith Ln, Conway, AR 72032",1810 Rich Smith Ln,forRent,,3,2310,,2500,42,https://www.zillow.com/homedetails/1810-Rich-Smith-Ln-Conway-AR-72032/102992676_zpid/,,
"1306 Bellemeade Dr, Conway, AR 72034",1306 Bellemeade Dr,forRent,,3,2220,,1775,25,https://www.zillow.com/homedetails/1306-Bellemeade-Dr-Conway-AR-72034/234155_zpid/,,89090
"4660 Graham Dr, Conway, AR 72034",4660 Graham Dr,forRent,,3,1172,,1400,18,https://www.zillow.com/homedetails/4660-Graham-Dr-Conway-AR-72034/59917937_zpid/,,109000
"4555 Graham Dr, Conway, AR 72034",4555 Graham Dr,forRent,,3,1192,,1400,25,https://www.zillow.com/homedetails/4555-Graham-Dr-Conway-AR-72034/59917944_zpid/,,185000
"175 Southerland Rd, Conway, AR 72032",175 Southerland Rd,forRent,,3,1532,,1650,5,https://www.zillow.com/homedetails/175-Southerland-Rd-Conway-AR-72032/35730518_zpid/,,165000
"1906 Dave Ward Dr, Conway, AR 72034",1906 Dave Ward Dr,forRent,,3,1335,,1000,27,https://www.zillow.com/homedetails/1906-Dave-Ward-Dr-Conway-AR-72034/2061771487_zpid/,,
"31 Haley Renee Dr, Greenbrier, AR 72058",31 Haley Renee Dr,forRent,,3,1527,,1400,33,https://www.zillow.com/homedetails/31-Haley-Renee-Dr-Greenbrier-AR-72058/464349852_zpid/,,
"1405 Appalachain Dr, Conway, AR 72034",1405 Appalachain Dr,forRent,,3,1145,,1450,82,https://www.zillow.com/homedetails/1405-Appalachain-Dr-Conway-AR-72034/35730407_zpid/,,180500
"2845 York Ln, Conway, AR 72034",2845 York Ln,forRent,,3,1600,,1595,10,https://www.zillow.com/homedetails/2845-York-Ln-Conway-AR-72034/63265218_zpid/,,245000
"2250 Wilmington Dr, Conway, AR 72034",2250 Wilmington Dr,forRent,,3,1449,,1600,53,https://www.zillow.com/homedetails/2250-Wilmington-Dr-Conway-AR-72034/59917837_zpid/,,141000
"1930 College Ave, Conway, AR 72034",1930 College Ave,forRent,,3,1926,,3100,5,https://www.zillow.com/homedetails/1930-College-Ave-Conway-AR-72034/237634_zpid/,,160268
"2135 Raintree Dr, Conway, AR 72032",2135 Raintree Dr,forRent,,3,1042,,1350,40,https://www.zillow.com/homedetails/2135-Raintree-Dr-Conway-AR-72032/240139_zpid/,,106000
"1267 Hamilton St, Conway, AR 72032",1267 Hamilton St,forRent,,3,1056,,1233,19,https://www.zillow.com/homedetails/1267-Hamilton-St-Conway-AR-72032/234905_zpid/,,52000
"24 Arkavalley Rd, Greenbrier, AR 72058",24 Arkavalley Rd,forRent,,3,1258,,1300,1,https://www.zillow.com/homedetails/24-Arkavalley-Rd-Greenbrier-AR-72058/71711706_zpid/,,114000
"20 Summer Breeze Rd, Conway, AR 72032",20 Summer Breeze Rd,forRent,,3,1592,,1600,2,https://www.zillow.com/homedetails/20-Summer-Breeze-Rd-Conway-AR-72032/2076495598_zpid/,,207000
"2 S Hampton Cv, Conway, AR 72034",2 S Hampton Cv,forRent,,3,1680,,1700,14,https://www.zillow.com/homedetails/2-S-Hampton-Cv-Conway-AR-72034/234006_zpid/,,244000
"1155 Mimosa Dr, Conway, AR 72034",1155 Mimosa Dr,forRent,,3,1236,,1400,3,https://www.zillow.com/homedetails/1155-Mimosa-Dr-Conway-AR-72034/35730018_zpid/,,78000
"621-623 Cosmos St, Maumelle, AR 72113",621-623 Cosmos St,other,,,,,,,https://www.zillow.com/b/621-623-cosmos-st-maumelle-ar-CpNTTZ/,,
"2004 Hairston Ave, Conway, AR 72034",2004 Hairston Ave,forRent,,3,1703,,2800,5,https://www.zillow.com/homedetails/2004-Hairston-Ave-Conway-AR-72034/444384959_zpid/,,
"1425 Ola St, Conway, AR 72032",1425 Ola St,forRent,,3,1268,,3100,5,https://www.zillow.com/homedetails/1425-Ola-St-Conway-AR-72032/63265054_zpid/,,115000
"22 Marshall Rd N, Vilonia, AR 72173",22 Marshall Rd N,forRent,,3,1500,,1400,2,https://www.zillow.com/homedetails/22-Marshall-Rd-N-Vilonia-AR-72173/52392644_zpid/,,
"2804 Bruce St, Conway, AR 72034",2804 Bruce St,forRent,,3,1232,,1375,0,https://www.zillow.com/homedetails/2804-Bruce-St-Conway-AR-72034/238249_zpid/,,115000
"10 Harvest Ln, Conway, AR 72032",10 Harvest Ln,forRent,,3,1288,,1495,20,https://www.zillow.com/homedetails/10-Harvest-Ln-Conway-AR-72032/338960356_zpid/,,
"8616 Eastwood Creek Dr, North Little Rock, AR 72113",8616 Eastwood Creek Dr,forRent,,3,1722,,1950,18,https://www.zillow.com/homedetails/8616-Eastwood-Creek-Dr-North-Little-Rock-AR-72113/2059022685_zpid/,,246600
"6006 Hoover St, Maumelle, AR 72113",6006 Hoover St,forRent,,2,1450,,1595,10,https://www.zillow.com/homedetails/6006-Hoover-St-Maumelle-AR-72113/2062966797_zpid/,,
"3802 Pinecrest Ln, Maumelle, AR 72113",3802 Pinecrest Ln,forRent,,4,2435,,2700,4,https://www.zillow.com/homedetails/3802-Pinecrest-Ln-Maumelle-AR-72113/465038347_zpid/,,
"2400 SW Ednruance Way #2, Maumelle, AR 72113",2400 SW Ednruance Way #2,forRent,,3,1200,,1995,77,https://www.zillow.com/homedetails/2400-SW-Ednruance-Way-2-Maumelle-AR-72113/463401793_zpid/,,
"10505 Cypress Knee Dr, North Little Rock, AR 72113",10505 Cypress Knee Dr,forRent,,3,1678,,1850,13,https://www.zillow.com/homedetails/10505-Cypress-Knee-Dr-North-Little-Rock-AR-72113/2061799089_zpid/,,233425
"170 Bighorn Trl, Maumelle, AR 72113",170 Bighorn Trl,forRent,,3,1382,,1850,16,https://www.zillow.com/homedetails/170-Bighorn-Trl-Maumelle-AR-72113/461017693_zpid/,,
"670 Marianne St, Maumelle, AR 72113",670 Marianne St,forRent,,4,1900,,2000,1,https://www.zillow.com/homedetails/670-Marianne-St-Maumelle-AR-72113/2054932481_zpid/,,
"203 Logan Dr, Maumelle, AR 72113",203 Logan Dr,forRent,,3,1472,,1835,38,https://www.zillow.com/homedetails/203-Logan-Dr-Maumelle-AR-72113/2057186362_zpid/,,
"61 Pin Oak Loop, Maumelle, AR 72113",61 Pin Oak Loop,forRent,,3,1173,,1495,66,https://www.zillow.com/homedetails/61-Pin-Oak-Loop-Maumelle-AR-72113/326810_zpid/,,175000
"111 Miramar Dr, Maumelle, AR 72113",111 Miramar Dr,forRent,,3,2404,,2390,3,https://www.zillow.com/homedetails/111-Miramar-Dr-Maumelle-AR-72113/328081_zpid/,,240000
"106 Jo Park Ln, Maumelle, AR 72113",106 Jo Park Ln,forRent,,4,1640,,2000,32,https://www.zillow.com/homedetails/106-Jo-Park-Ln-Maumelle-AR-72113/2056841941_zpid/,,
"216 Chantilly Cir, Maumelle, AR 72113",216 Chantilly Cir,forRent,,3,1632,,2200,8,https://www.zillow.com/homedetails/216-Chantilly-Cir-Maumelle-AR-72113/328342_zpid/,,300000
"7 Southland Dr, Maumelle, AR 72113",7 Southland Dr,forRent,,2,925,,850,69,https://www.zillow.com/homedetails/7-Southland-Dr-Maumelle-AR-72113/2109744736_zpid/,,
"32 Cinderwood Cv, Maumelle, AR 72113",32 Cinderwood Cv,forRent,,3,2467,,1895,8,https://www.zillow.com/homedetails/32-Cinderwood-Cv-Maumelle-AR-72113/343619_zpid/,,505000
"2 Corbet Ln, Maumelle, AR 72113",2 Corbet Ln,forRent,,3,1523,,2300,17,https://www.zillow.com/homedetails/2-Corbet-Ln-Maumelle-AR-72113/122005820_zpid/,,
"5 Stoneledge Dr, Maumelle, AR 72113",5 Stoneledge Dr,forRent,,3,1755,,1850,24,https://www.zillow.com/homedetails/5-Stoneledge-Dr-Maumelle-AR-72113/326005_zpid/,,240000
"127 Chambery Dr, Maumelle, AR 72113",127 Chambery Dr,forRent,,4,1651,,2500,4,https://www.zillow.com/homedetails/127-Chambery-Dr-Maumelle-AR-72113/122006196_zpid/,,
"57 Stoneledge Dr, Maumelle, AR 72113",57 Stoneledge Dr,forRent,,4,1961,,1950,17,https://www.zillow.com/homedetails/57-Stoneledge-Dr-Maumelle-AR-72113/326028_zpid/,,145000
"2400 SW Ednruance Way, Maumelle, AR 72113",2400 SW Ednruance Way,other,,,,,,,"https://www.zillow.com/b/2400-sw-ednruance-way-maumelle-ar/34.87126275998,-92.450398671503_ll/",,
"10413 Cypress Knee Dr, Maumelle, AR 72113",10413 Cypress Knee Dr,forRent,,3,1480,,1800,68,https://www.zillow.com/homedetails/10413-Cypress-Knee-Dr-Maumelle-AR-72113/2060938533_zpid/,,
"205 Logan Dr, Maumelle, AR 72113",205 Logan Dr,forRent,,3,1472,,1835,52,https://www.zillow.com/homedetails/205-Logan-Dr-Maumelle-AR-72113/2057186361_zpid/,,
"124 Im Dr, Maumelle, AR 72113",124 Im Dr,forRent,,4,1500,,1950,63,https://www.zillow.com/homedetails/124-Im-Dr-Maumelle-AR-72113/2056969175_zpid/,,222925
"127 Rolling Oaks Dr, Maumelle, AR 72113",127 Rolling Oaks Dr,forRent,,3,1240,,1475,7,https://www.zillow.com/homedetails/127-Rolling-Oaks-Dr-Maumelle-AR-72113/326438_zpid/,,79500
"117 Logan Dr, Maumelle, AR 72113",117 Logan Dr,forRent,,3,1472,,1835,62,https://www.zillow.com/homedetails/117-Logan-Dr-Maumelle-AR-72113/2057186355_zpid/,,
"11 Page Cv, Maumelle, AR 72113",11 Page Cv,forRent,,3,1294,,1695,5,https://www.zillow.com/homedetails/11-Page-Cv-Maumelle-AR-72113/326629_zpid/,,222125
"110 Vienne Pl, Maumelle, AR 72113",110 Vienne Pl,forRent,,3,1553,,1850,16,https://www.zillow.com/homedetails/110-Vienne-Pl-Maumelle-AR-72113/118161409_zpid/,,180000
"(Undisclosed Address), Maumelle, AR 72113",(Undisclosed Address),forRent,,3,1430,,1700,16,https://www.zillow.com/homedetails/Maumelle-AR-72113/326296_zpid/,,295000
"263 Lake Valley Dr, Maumelle, AR 72113",263 Lake Valley Dr,forRent,,5,3100,,2600,10,https://www.zillow.com/homedetails/263-Lake-Valley-Dr-Maumelle-AR-72113/89031838_zpid/,,308200
"81 Oak Forest Loop, Maumelle, AR 72113",81 Oak Forest Loop,forRent,,3,1300,,1700,49,https://www.zillow.com/homedetails/81-Oak-Forest-Loop-Maumelle-AR-72113/326542_zpid/,,145000
"4340 Sloan Dr, Alexander, AR 72002",4340 Sloan Dr,forRent,,4,1850,,2140,44,https://www.zillow.com/homedetails/4340-Sloan-Dr-Alexander-AR-72002/442183331_zpid/,,267480
"2277 Sam Tillery Dr, Alexander, AR 72002",2277 Sam Tillery Dr,forRent,,4,1439,,1795,11,https://www.zillow.com/homedetails/2277-Sam-Tillery-Dr-Alexander-AR-72002/462316857_zpid/,,222900
"2096 Fern Valley Dr, Alexander, AR 72002",2096 Fern Valley Dr,forRent,,3,1345,,1650,3,https://www.zillow.com/homedetails/2096-Fern-Valley-Dr-Alexander-AR-72002/247595778_zpid/,,188800
"154 Roman Heights Ave, Alexander, AR 72002",154 Roman Heights Ave,forRent,,,,,,,https://www.zillow.com/b/154-roman-heights-ave-alexander-ar-Cdzchh/,,
"802 Gussy Ln, Benton, AR 72019",802 Gussy Ln,forRent,,4,1459,,1650,17,https://www.zillow.com/homedetails/802-Gussy-Ln-Benton-AR-72019/460667108_zpid/,,222900
"6688 Hollywood Ave, Benton, AR 72019",6688 Hollywood Ave,forRent,,3,1051,,1595,3,https://www.zillow.com/homedetails/6688-Hollywood-Ave-Benton-AR-72019/460744960_zpid/,,183900
"821 Church, Benton, AR 72015",821 Church,forRent,,4,1540,,1675,3,https://www.zillow.com/homedetails/821-Church-Benton-AR-72015/387634_zpid/,,155000
"14108 Cherry Hill Dr, Alexander, AR 72002",14108 Cherry Hill Dr,forRent,,3,1100,,1475,26,https://www.zillow.com/homedetails/14108-Cherry-Hill-Dr-Alexander-AR-72002/52934816_zpid/,,155000
"148 Kelton Dr, Hensley, AR 72065",148 Kelton Dr,forRent,,4,1907,,2200,32,https://www.zillow.com/homedetails/148-Kelton-Dr-Hensley-AR-72065/464384218_zpid/,,
"1294 Ridge Rd, Benton, AR 72015",1294 Ridge Rd,forRent,,3,1108,,1145,1,https://www.zillow.com/homedetails/1294-Ridge-Rd-Benton-AR-72015/114182952_zpid/,,2000
"14095 Magnolia Glen Dr, Alexander, AR 72002",14095 Magnolia Glen Dr,forRent,,3,1228,,1530,6,https://www.zillow.com/homedetails/14095-Magnolia-Glen-Dr-Alexander-AR-72002/88906053_zpid/,,119500
"227 Iris St, Haskell, AR 72015",227 Iris St,forRent,,3,1420,,1725,42,https://www.zillow.com/homedetails/227-Iris-St-Haskell-AR-72015/2060765172_zpid/,,195000
"3001 Wild Berry Dr, Benton, AR 72015",3001 Wild Berry Dr,forRent,,3,1486,,1725,17,https://www.zillow.com/homedetails/3001-Wild-Berry-Dr-Benton-AR-72015/71716346_zpid/,,184900
"313 S Neeley St, Benton, AR 72015",313 S Neeley St,forRent,,3,1800,,1625,21,https://www.zillow.com/homedetails/313-S-Neeley-St-Benton-AR-72015/2067919637_zpid/,,205000
"6032 Orange Valley Cv, Mabelvale, AR 72103",6032 Orange Valley Cv,forRent,,4,1504,,1650,0,https://www.zillow.com/homedetails/6032-Orange-Valley-Cv-Mabelvale-AR-72103/2062762647_zpid/,,
"13757 Cedar Glen Cv, Alexander, AR 72002",13757 Cedar Glen Cv,forRent,,3,1408,,1575,12,https://www.zillow.com/homedetails/13757-Cedar-Glen-Cv-Alexander-AR-72002/92432562_zpid/,,124900
"17 Greenbrier Dr, Benton, AR 72015",17 Greenbrier Dr,forRent,,3,1460,,1595,35,https://www.zillow.com/homedetails/17-Greenbrier-Dr-Benton-AR-72015/386172_zpid/,,143000
"4332 Sloan Dr, Alexander, AR 72002",4332 Sloan Dr,forRent,,4,2112,,2255,41,https://www.zillow.com/homedetails/4332-Sloan-Dr-Alexander-AR-72002/464195265_zpid/,,
"5096 Woodstream Dr, Alexander, AR 72002",5096 Woodstream Dr,forRent,,3,1594,,2600,3,https://www.zillow.com/homedetails/5096-Woodstream-Dr-Alexander-AR-72002/2077881150_zpid/,,180150
"905 Pheasant Cv, Benton, AR 72019",905 Pheasant Cv,forRent,,3,1415,,1595,4,https://www.zillow.com/homedetails/905-Pheasant-Cv-Benton-AR-72019/385747_zpid/,,158000
"1067 Huntington Dr, Benton, AR 72019",1067 Huntington Dr,forRent,,4,1459,,1545,25,https://www.zillow.com/homedetails/1067-Huntington-Dr-Benton-AR-72019/2061767452_zpid/,,
"4533 Western Woods Dr, Benton, AR 72015",4533 Western Woods Dr,forRent,,4,1984,,1845,10,https://www.zillow.com/homedetails/4533-Western-Woods-Dr-Benton-AR-72015/2061640122_zpid/,,313100
"5399 Heritage Valley Dr, Benton, AR 72019",5399 Heritage Valley Dr,forRent,,4,1790,,1900,42,https://www.zillow.com/homedetails/5399-Heritage-Valley-Dr-Benton-AR-72019/2062299989_zpid/,,245000
"6587 Westminster, Benton, AR 72019",6587 Westminster,forRent,,4,3650,,3650,42,https://www.zillow.com/homedetails/6587-Westminster-Benton-AR-72019/120554683_zpid/,,555000
"22930 Sam Tillery Dr, Alexander, AR 72002",22930 Sam Tillery Dr,forRent,,4,1640,,2000,14,https://www.zillow.com/homedetails/22930-Sam-Tillery-Dr-Alexander-AR-72002/464786376_zpid/,,
"4326 Glenda Ln, Benton, AR 72019",4326 Glenda Ln,forRent,,3,1398,,1545,34,https://www.zillow.com/homedetails/4326-Glenda-Ln-Benton-AR-72019/68021994_zpid/,,157000
"3264 Sidell Estates Dr, Benton, AR 72015",3264 Sidell Estates Dr,forRent,,4,1652,,1795,24,https://www.zillow.com/homedetails/3264-Sidell-Estates-Dr-Benton-AR-72015/2063496322_zpid/,,
"116 Preston Ln, Hensley, AR 72065",116 Preston Ln,forRent,,4,1655,,1825,16,https://www.zillow.com/homedetails/116-Preston-Ln-Hensley-AR-72065/463777019_zpid/,,
"148 Preston Ln, Hensley, AR 72065",148 Preston Ln,forRent,,4,1525,,1775,16,https://www.zillow.com/homedetails/148-Preston-Ln-Hensley-AR-72065/463777017_zpid/,,
"164 Preston Ln, Hensley, AR 72065",164 Preston Ln,forRent,,4,1655,,1825,16,https://www.zillow.com/homedetails/164-Preston-Ln-Hensley-AR-72065/463494189_zpid/,,
"3008 Emerald Park Trl, Bauxite, AR 72011",3008 Emerald Park Trl,forRent,,3,1528,,1500,7,https://www.zillow.com/homedetails/3008-Emerald-Park-Trl-Bauxite-AR-72011/2070250448_zpid/,,181875
"196 Preston Ln, Hensley, AR 72065",196 Preston Ln,forRent,,4,1525,,1775,16,https://www.zillow.com/homedetails/196-Preston-Ln-Hensley-AR-72065/462387776_zpid/,,
"133 Preston Ln, Hensley, AR 72065",133 Preston Ln,forRent,,5,1867,,1895,16,https://www.zillow.com/homedetails/133-Preston-Ln-Hensley-AR-72065/458636124_zpid/,,
"5041 Red Fox Trl, Bauxite, AR 72011",5041 Red Fox Trl,forRent,,3,1200,,1550,83,https://www.zillow.com/homedetails/5041-Red-Fox-Trl-Bauxite-AR-72011/2071703035_zpid/,,191000
"124 Preston Ln, Hensley, AR 72065",124 Preston Ln,forRent,,4,1525,,1775,16,https://www.zillow.com/homedetails/124-Preston-Ln-Hensley-AR-72065/463777018_zpid/,,
"4340 Sloan Dr, Alexander, AR 72002",4340 Sloan Dr,forRent,,4,1850,,2140,44,https://www.zillow.com/homedetails/4340-Sloan-Dr-Alexander-AR-72002/442183331_zpid/,,267480
"180 Preston Ln, Hensley, AR 72065",180 Preston Ln,forRent,,3,1364,,1700,16,https://www.zillow.com/homedetails/180-Preston-Ln-Hensley-AR-72065/462386542_zpid/,,
"2277 Sam Tillery Dr, Alexander, AR 72002",2277 Sam Tillery Dr,forRent,,4,1439,,1795,11,https://www.zillow.com/homedetails/2277-Sam-Tillery-Dr-Alexander-AR-72002/462316857_zpid/,,222900
"4050 Freesia St, Sherrills Ford, NC 28673",4050 Freesia St,forRent,,,,,,,https://www.zillow.com/apartments/sherrills-ford-nc/amavi-sherrills-ford/CkB99w/,,
"824-954 4th Street Pl SE, Hickory, NC 28602",824-954 4th Street Pl SE,forRent,,,,,,,https://www.zillow.com/apartments/hickory-nc/pet-friendly-duplex-in-hickory!/CtT9Ht/,,
"2290 Liberty Church Rd, Hickory, NC 28601",2290 Liberty Church Rd,forRent,,,,,,,https://www.zillow.com/apartments/hickory-nc/liberty-church-mhc/B5mtBZ/,,
"2354 Mosteller Estate Ave SE, Hickory, NC 28602",2354 Mosteller Estate Ave SE,forRent,,,,,,,https://www.zillow.com/apartments/hickory-nc/the-estates-at-legends/CgHqZd/,,
"3062 12th Ave SE, Hickory, NC 28602",3062 12th Ave SE,forRent,,,,,,,https://www.zillow.com/apartments/hickory-nc/redwood-hickory/ChZKXj/,,
"1050-1052 5th St NE, Hickory, NC 28601",1050-1052 5th St NE,other,,,,,,,https://www.zillow.com/apartments/hickory-nc/1050-1052-5th-st-ne/CtNvYC/,,
"2721-2731 33rd St NE, Hickory, NC 28601",2721-2731 33rd St NE,forRent,,,,,,,https://www.zillow.com/apartments/hickory-nc/discover-a-new-standard-of-living-at-hickory-springs!/Ctk7ZL/,,
"1075 7th Ave NW, Hickory, NC 28601",1075 7th Ave NW,forRent,,,,,,,https://www.zillow.com/apartments/hickory-nc/1075-7th-ave-nw/Ctdgsd/,,
"818 2nd Street Pl NE, Hickory, NC 28601",818 2nd Street Pl NE,forRent,,,,,,,https://www.zillow.com/apartments/hickory-nc/colonial-house-apartments/5XhwGV/,,
"4108 Oxford Glen Dr, Claremont, NC 28610",4108 Oxford Glen Dr,forRent,,5,2578,,2135,0,https://www.zillow.com/homedetails/4108-Oxford-Glen-Dr-Claremont-NC-28610/465094285_zpid/,,
"4114 Oxford Glen Dr, Claremont, NC 28610",4114 Oxford Glen Dr,forRent,,4,2307,,1990,0,https://www.zillow.com/homedetails/4114-Oxford-Glen-Dr-Claremont-NC-28610/465094287_zpid/,,
"4127 Village Blvd, Conover, NC 28613",4127 Village Blvd,forRent,,3,1854,,2300,4,https://www.zillow.com/homedetails/4127-Village-Blvd-Conover-NC-28613/446200738_zpid/,,299000
"4081 Oxford Glen Dr, Claremont, NC 28610",4081 Oxford Glen Dr,forRent,,4,2307,,1990,0,https://www.zillow.com/homedetails/4081-Oxford-Glen-Dr-Claremont-NC-28610/465094290_zpid/,,
"4093 Oxford Glen Dr, Claremont, NC 28610",4093 Oxford Glen Dr,forRent,,4,2213,,1990,0,https://www.zillow.com/homedetails/4093-Oxford-Glen-Dr-Claremont-NC-28610/464050697_zpid/,,
"4090 Oxford Glen Dr, Claremont, NC 28610",4090 Oxford Glen Dr,forRent,,4,1956,,1945,0,https://www.zillow.com/homedetails/4090-Oxford-Glen-Dr-Claremont-NC-28610/465094288_zpid/,,
"4102 Oxford Glen Dr, Claremont, NC 28610",4102 Oxford Glen Dr,forRent,,3,1665,,1800,0,https://www.zillow.com/homedetails/4102-Oxford-Glen-Dr-Claremont-NC-28610/465094280_zpid/,,
"4084 Oxford Glen Dr, Claremont, NC 28610",4084 Oxford Glen Dr,forRent,,3,1665,,1800,0,https://www.zillow.com/homedetails/4084-Oxford-Glen-Dr-Claremont-NC-28610/465094279_zpid/,,
"4075 Oxford Glen Dr, Claremont, NC 28610",4075 Oxford Glen Dr,forRent,,5,2578,,2135,0,https://www.zillow.com/homedetails/4075-Oxford-Glen-Dr-Claremont-NC-28610/465094286_zpid/,,
"3755 Charles St NW, Conover, NC 28613",3755 Charles St NW,forRent,,4,2565,,2400,66,https://www.zillow.com/homedetails/3755-Charles-St-NW-Conover-NC-28613/345078496_zpid/,,359000
"4126 Oxford Glen Dr, Claremont, NC 28610",4126 Oxford Glen Dr,forRent,,5,2578,,2135,0,https://www.zillow.com/homedetails/4126-Oxford-Glen-Dr-Claremont-NC-28610/465094293_zpid/,,
"4105 Oxford Glen Dr, Claremont, NC 28610",4105 Oxford Glen Dr,forRent,,5,2578,,2135,0,https://www.zillow.com/homedetails/4105-Oxford-Glen-Dr-Claremont-NC-28610/465094283_zpid/,,
"4072 Oxford Glen Dr, Claremont, NC 28610",4072 Oxford Glen Dr,forRent,,4,2307,,1990,0,https://www.zillow.com/homedetails/4072-Oxford-Glen-Dr-Claremont-NC-28610/465094284_zpid/,,
"4096 Oxford Glen Dr, Claremont, NC 28610",4096 Oxford Glen Dr,forRent,,4,2307,,1990,0,https://www.zillow.com/homedetails/4096-Oxford-Glen-Dr-Claremont-NC-28610/465094295_zpid/,,
"4087 Oxford Glen Dr, Claremont, NC 28610",4087 Oxford Glen Dr,forRent,,5,2578,,2135,0,https://www.zillow.com/homedetails/4087-Oxford-Glen-Dr-Claremont-NC-28610/465094282_zpid/,,
"4066 Oxford Glen Dr, Claremont, NC 28610",4066 Oxford Glen Dr,forRent,,4,1956,,1945,0,https://www.zillow.com/homedetails/4066-Oxford-Glen-Dr-Claremont-NC-28610/465094292_zpid/,,
"4099 Oxford Glen Dr, Claremont, NC 28610",4099 Oxford Glen Dr,forRent,,4,1956,,1945,0,https://www.zillow.com/homedetails/4099-Oxford-Glen-Dr-Claremont-NC-28610/465094294_zpid/,,
"4054 Oxford Glen Dr, Claremont, NC 28610",4054 Oxford Glen Dr,forRent,,3,1665,,1800,0,https://www.zillow.com/homedetails/4054-Oxford-Glen-Dr-Claremont-NC-28610/465094281_zpid/,,
"4117 Oxford Glen Dr, Claremont, NC 28610",4117 Oxford Glen Dr,forRent,,3,1665,,1800,0,https://www.zillow.com/homedetails/4117-Oxford-Glen-Dr-Claremont-NC-28610/465094291_zpid/,,
"4078 Oxford Glen Dr, Claremont, NC 28610",4078 Oxford Glen Dr,forRent,,5,2578,,2135,0,https://www.zillow.com/homedetails/4078-Oxford-Glen-Dr-Claremont-NC-28610/465094289_zpid/,,
"904 Shagbark Rd, Foley, AL 36535",904 Shagbark Rd,forRent,,,,,,,https://www.zillow.com/apartments/foley-al/the-village-at-hickory-street/CgLXC4/,,
"1802 Cashew Cir, Foley, AL 36535",1802 Cashew Cir,forRent,,,,,,,https://www.zillow.com/apartments/foley-al/outpost-orchard-residential/CgKL5n/,,
"830 State Highway 98, Daphne, AL 36526",830 State Highway 98,forRent,,,,,,,https://www.zillow.com/apartments/daphne-al/colonnade-at-eastern-shore/CkWVjp/,,
"31436 Memphis Loop, Spanish Fort, AL 36527",31436 Memphis Loop,forRent,,4,1948,,2295,34,https://www.zillow.com/homedetails/31436-Memphis-Loop-Spanish-Fort-AL-36527/2067469020_zpid/,,359800
"13437 Antler Hill Rd, Spanish Fort, AL 36527",13437 Antler Hill Rd,forRent,,4,1931,,2350,11,https://www.zillow.com/homedetails/13437-Antler-Hill-Rd-Spanish-Fort-AL-36527/2058500497_zpid/,,319950
"12807 Philadelphia Blvd, Daphne, AL 36527",12807 Philadelphia Blvd,forRent,,3,1437,,1800,75,https://www.zillow.com/homedetails/12807-Philadelphia-Blvd-Daphne-AL-36527/343594922_zpid/,,239800
"32667 Revere Dr, Daphne, AL 36527",32667 Revere Dr,forRent,,4,,,1900,29,https://www.zillow.com/homedetails/32667-Revere-Dr-Daphne-AL-36527/450801650_zpid/,,
