bedrooms,daysOnZillow,hdpUrl,homeStatus,lastSoldPrice,listingAddress/full,listingAddress/street,listingPrice/amount,livingArea,price,propertyUrl,listingPriceHistory/0/date,listingPriceHistory/0/event,listingPriceHistory/1/date,listingPriceHistory/1/event,listingPriceHistory/2/date,listingPriceHistory/2/event,listingPriceHistory/3/date,listingPriceHistory/3/event,listingPriceHistory/4/date,listingPriceHistory/4/event,listingPriceHistory/5/date,listingPriceHistory/5/event,listingPriceHistory/6/date,listingPriceHistory/6/event,listingPriceHistory/7/date,listingPriceHistory/7/event,listingPriceHistory/8/date,listingPriceHistory/8/event,listingPriceHistory/9/date,listingPriceHistory/9/event,listingPriceHistory/10/date,listingPriceHistory/10/event,listingPriceHistory/11/date,listingPriceHistory/11/event,listingPriceHistory/12/date,listingPriceHistory/12/event,listingPriceHistory/13/date,listingPriceHistory/13/event,listingPriceHistory/14/date,listingPriceHistory/14/event,listingPriceHistory/15/date,listingPriceHistory/15/event,listingPriceHistory/16/date,listingPriceHistory/16/event,listingPriceHistory/17/date,listingPriceHistory/17/event,listingPriceHistory/18/date,listingPriceHistory/18/event,listingPriceHistory/19/date,listingPriceHistory/19/event,listingPriceHistory/20/date,listingPriceHistory/20/event,listingPriceHistory/21/date,listingPriceHistory/21/event,listingPriceHistory/22/date,listingPriceHistory/22/event,listingPriceHistory/23/date,listingPriceHistory/23/event,listingPriceHistory/24/date,listingPriceHistory/24/event,listingPriceHistory/25/date,listingPriceHistory/25/event,listingPriceHistory/26/date,listingPriceHistory/26/event,listingPriceHistory/27/date,listingPriceHistory/27/event
4,15,/homedetails/6032-Orange-Valley-Cv-Mabelvale-AR-72103/2062762647_zpid/,FOR_RENT,,"6032 Orange Valley Cv, Mabelvale, AR 72103",6032 Orange Valley Cv,1675,1504,1675,https://www.zillow.com/homedetails/6032-Orange-Valley-Cv-Mabelvale-AR-72103/2062762647_zpid/,2026-08-01T00:00:00.000Z,Listed for rent,2022-06-27T00:00:00.000Z,Listing removed,2022-06-15T00:00:00.000Z,Listed for rent,,,,,,,,,,,,,,,,,,,,,,,,,,,,,,,,,,,,,,,,,,,,,,,,,,
4,20,/homedetails/5399-Heritage-Valley-Dr-Benton-AR-72019/2062299989_zpid/,FOR_RENT,245000,"5399 Heritage Valley Dr, Benton, AR 72019",5399 Heritage Valley Dr,2000,1790,2000,https://www.zillow.com/homedetails/5399-Heritage-Valley-Dr-Benton-AR-72019/2062299989_zpid/,2026-07-27T00:00:00.000Z,Listed for rent,2026-07-15T00:00:00.000Z,Listing removed,2026-05-22T00:00:00.000Z,Price change,2026-04-02T00:00:00.000Z,Listed for sale,2026-04-01T00:00:00.000Z,Listing removed,2025-11-06T00:00:00.000Z,Price change,2025-10-13T00:00:00.000Z,Price change,2025-10-04T00:00:00.000Z,Listed for sale,2025-02-24T00:00:00.000Z,Sold,2025-02-05T00:00:00.000Z,Contingent,2024-11-30T00:00:00.000Z,Price change,2024-10-04T00:00:00.000Z,Price change,2024-09-29T00:00:00.000Z,Price change,2024-09-07T00:00:00.000Z,Listed for sale,2022-08-29T00:00:00.000Z,Sold,,,,,,,,,,,,,,,,,,,,,,,,,,
3,5,/homedetails/14225-Clayton-Dr-Shannon-Hills-AR-72103/393298_zpid/,FOR_RENT,127900,"14225 Clayton Dr, Shannon Hills, AR 72103",14225 Clayton Dr,995,1273,995,https://www.zillow.com/homedetails/14225-Clayton-Dr-Shannon-Hills-AR-72103/393298_zpid/,2026-08-11T00:00:00.000Z,Listed for rent,2026-01-07T00:00:00.000Z,Listing removed,2025-12-22T00:00:00.000Z,Listed for rent,2023-10-25T00:00:00.000Z,Listing removed,2023-10-03T00:00:00.000Z,Listed for rent,2021-10-04T00:00:00.000Z,Listing removed,2021-09-13T00:00:00.000Z,Sold,2021-09-10T00:00:00.000Z,Listed for rent,2021-05-28T00:00:00.000Z,Sold,,,,,,,,,,,,,,,,,,,,,,,,,,,,,,,,,,,,,,
3,13,/homedetails/17-Greenbrier-Dr-Benton-AR-72015/386172_zpid/,FOR_RENT,143000,"17 Greenbrier Dr, Benton, AR 72015",17 Greenbrier Dr,1625,1460,1625,https://www.zillow.com/homedetails/17-Greenbrier-Dr-Benton-AR-72015/386172_zpid/,2026-08-03T00:00:00.000Z,Listed for rent,2026-02-23T00:00:00.000Z,Listing removed,2026-02-19T00:00:00.000Z,Price change,2026-01-29T00:00:00.000Z,Price change,2026-01-15T00:00:00.000Z,Price change,2025-12-30T00:00:00.000Z,Price change,2025-11-24T00:00:00.000Z,Listed for rent,2024-10-01T00:00:00.000Z,Listing removed,2024-08-29T00:00:00.000Z,Listed for rent,2022-03-07T00:00:00.000Z,Listing removed,2021-12-31T00:00:00.000Z,Listed for rent,2021-11-19T00:00:00.000Z,Sold,2014-09-17T00:00:00.000Z,Listing removed,2014-07-15T00:00:00.000Z,Listed for rent,2007-07-20T00:00:00.000Z,Sold,2006-08-01T00:00:00.000Z,Sold,,,,,,,,,,,,,,,,,,,,,,,,
3,20,/homedetails/227-Iris-St-Haskell-AR-72015/2060765172_zpid/,FOR_RENT,195000,"227 Iris St, Haskell, AR 72015",227 Iris St,1795,1420,1795,https://www.zillow.com/homedetails/227-Iris-St-Haskell-AR-72015/2060765172_zpid/,2026-07-27T00:00:00.000Z,Listed for rent,2023-02-16T00:00:00.000Z,Listing removed,2023-02-08T00:00:00.000Z,Price change,2023-01-26T00:00:00.000Z,Price change,2022-12-09T00:00:00.000Z,Listed for rent,2022-11-10T00:00:00.000Z,Sold,,,,,,,,,,,,,,,,,,,,,,,,,,,,,,,,,,,,,,,,,,,,
3,19,/homedetails/1826-Auburn-Hills-Dr-Benton-AR-72015/64760739_zpid/,FOR_RENT,147500,"1826 Auburn Hills Dr, Benton, AR 72015",1826 Auburn Hills Dr,1625,1300,1625,https://www.zillow.com/homedetails/1826-Auburn-Hills-Dr-Benton-AR-72015/64760739_zpid/,2026-07-28T00:00:00.000Z,Listed for rent,2025-04-16T00:00:00.000Z,Listing removed,2025-03-18T00:00:00.000Z,Listed for rent,2023-08-09T00:00:00.000Z,Listing removed,2023-08-07T00:00:00.000Z,Listed for rent,2023-07-27T00:00:00.000Z,Listing removed,2023-07-24T00:00:00.000Z,Listed for rent,2022-12-21T00:00:00.000Z,Sold,2022-03-16T00:00:00.000Z,Listing removed,2022-02-28T00:00:00.000Z,Listed for rent,2022-01-24T00:00:00.000Z,Sold,2013-08-18T00:00:00.000Z,Listing removed,2013-06-02T00:00:00.000Z,Listed for sale,,,,,,,,,,,,,,,,,,,,,,,,,,,,,,
3,16,/homedetails/2668-Chapel-Creek-Dr-Benton-AR-72015/120791136_zpid/,FOR_RENT,,"2668 Chapel Creek Dr, Benton, AR 72015",2668 Chapel Creek Dr,1595,1478,1595,https://www.zillow.com/homedetails/2668-Chapel-Creek-Dr-Benton-AR-72015/120791136_zpid/,2026-07-31T00:00:00.000Z,Listed for rent,2020-04-14T00:00:00.000Z,Listing removed,2020-04-08T00:00:00.000Z,Listed for rent,2017-08-19T00:00:00.000Z,Listing removed,2017-08-03T00:00:00.000Z,Listed for rent,,,,,,,,,,,,,,,,,,,,,,,,,,,,,,,,,,,,,,,,,,,,,,
3,12,/homedetails/4326-Glenda-Ln-Benton-AR-72019/68021994_zpid/,FOR_RENT,157000,"4326 Glenda Ln, Benton, AR 72019",4326 Glenda Ln,1545,1398,1545,https://www.zillow.com/homedetails/4326-Glenda-Ln-Benton-AR-72019/68021994_zpid/,2026-08-04T00:00:00.000Z,Listed for rent,2025-07-11T00:00:00.000Z,Listing removed,2025-07-01T00:00:00.000Z,Listed for rent,2025-06-26T00:00:00.000Z,Listing removed,2025-06-12T00:00:00.000Z,Price change,2025-06-04T00:00:00.000Z,Price change,2025-04-08T00:00:00.000Z,Listed for rent,2023-12-27T00:00:00.000Z,Listing removed,2023-12-19T00:00:00.000Z,Listed for rent,2023-09-04T00:00:00.000Z,Listing removed,2021-11-01T00:00:00.000Z,Listing removed,2021-10-26T00:00:00.000Z,Price change,2021-10-21T00:00:00.000Z,Price change,2021-10-04T00:00:00.000Z,Listed for rent,2021-09-03T00:00:00.000Z,Sold,2021-08-08T00:00:00.000Z,Contingent,2021-07-30T00:00:00.000Z,Listed for sale,2017-08-31T00:00:00.000Z,Sold,2017-07-28T00:00:00.000Z,Price change,2017-06-22T00:00:00.000Z,Listed for sale,2005-06-10T00:00:00.000Z,Sold,,,,,,,,,,,,,,
4,20,/homedetails/13724-Joan-Dr-Shannon-Hills-AR-72103/393639_zpid/,FOR_RENT,118000,"13724 Joan Dr, Shannon Hills, AR 72103",13724 Joan Dr,1100,1299,1100,https://www.zillow.com/homedetails/13724-Joan-Dr-Shannon-Hills-AR-72103/393639_zpid/,2026-07-27T00:00:00.000Z,Listed for rent,2022-08-18T00:00:00.000Z,Listing removed,2022-08-05T00:00:00.000Z,Listed for rent,2022-04-26T00:00:00.000Z,Sold,2021-09-28T00:00:00.000Z,Listing removed,2021-08-30T00:00:00.000Z,Listed for rent,2019-12-04T00:00:00.000Z,Listing removed,2019-08-26T00:00:00.000Z,Price change,2019-08-16T00:00:00.000Z,Price change,2019-07-31T00:00:00.000Z,Listed for rent,,,,,,,,,,,,,,,,,,,,,,,,,,,,,,,,,,,,
4,19,/homedetails/4568-Western-Woods-Dr-Benton-AR-72015/2057412537_zpid/,FOR_RENT,313100,"4568 Western Woods Dr, Benton, AR 72015",4568 Western Woods Dr,1895,1734,1895,https://www.zillow.com/homedetails/4568-Western-Woods-Dr-Benton-AR-72015/2057412537_zpid/,2026-07-29T00:00:00.000Z,Listed for rent,2025-04-17T00:00:00.000Z,Listing removed,2025-04-10T00:00:00.000Z,Listed for rent,2023-03-31T00:00:00.000Z,Sold,,,,,,,,,,,,,,,,,,,,,,,,,,,,,,,,,,,,,,,,,,,,,,,,
4,20,/homedetails/6587-Westminster-Benton-AR-72019/120554683_zpid/,FOR_RENT,555000,"6587 Westminster, Benton, AR 72019",6587 Westminster,3695,3650,3695,https://www.zillow.com/homedetails/6587-Westminster-Benton-AR-72019/120554683_zpid/,2026-07-27T00:00:00.000Z,Listed for rent,2025-06-03T00:00:00.000Z,Listing removed,2025-05-23T00:00:00.000Z,Listed for rent,2025-05-21T00:00:00.000Z,Listing removed,2025-05-04T00:00:00.000Z,Listed for rent,2024-02-14T00:00:00.000Z,Listing removed,2024-01-31T00:00:00.000Z,Price change,2024-01-05T00:00:00.000Z,Price change,2023-12-15T00:00:00.000Z,Price change,2023-11-29T00:00:00.000Z,Listed for rent,2022-06-07T00:00:00.000Z,Listing removed,2022-06-03T00:00:00.000Z,Price change,2022-06-02T00:00:00.000Z,Listed for rent,2022-05-25T00:00:00.000Z,Listing removed,2022-05-20T00:00:00.000Z,Price change,2022-05-09T00:00:00.000Z,Listed for rent,2022-04-29T00:00:00.000Z,Listing removed,2022-04-04T00:00:00.000Z,Listed for rent,2021-12-28T00:00:00.000Z,Listing removed,2021-11-28T00:00:00.000Z,Listed for rent,2021-07-07T00:00:00.000Z,Sold,2021-06-01T00:00:00.000Z,Contingent,2021-05-28T00:00:00.000Z,Listed for sale,2015-02-03T00:00:00.000Z,Sold,,,,,,,,
3,30,/homedetails/414-Newcomb-Cv-Benton-AR-72015/384931_zpid/,FOR_RENT,65531,"414 Newcomb Cv, Benton, AR 72015",414 Newcomb Cv,1600,1384,1600,https://www.zillow.com/homedetails/414-Newcomb-Cv-Benton-AR-72015/384931_zpid/,2026-07-17T00:00:00.000Z,Listed for rent,2010-11-30T00:00:00.000Z,Sold,2005-03-03T00:00:00.000Z,Sold,,,,,,,,,,,,,,,,,,,,,,,,,,,,,,,,,,,,,,,,,,,,,,,,,,
3,46,/homedetails/103-Pope-Dr-Benton-AR-72015/82243468_zpid/,FOR_RENT,115000,"103 Pope Dr, Benton, AR 72015",103 Pope Dr,1625,1559,1625,https://www.zillow.com/homedetails/103-Pope-Dr-Benton-AR-72015/82243468_zpid/,2026-07-01T00:00:00.000Z,Listed for rent,2024-08-21T00:00:00.000Z,Listing removed,2024-07-02T00:00:00.000Z,Price change,2024-05-31T00:00:00.000Z,Listed for rent,2017-07-19T00:00:00.000Z,Listing removed,2017-06-17T00:00:00.000Z,Listed for rent,2016-11-06T00:00:00.000Z,Listing removed,2014-04-08T00:00:00.000Z,Listing removed,2014-01-31T00:00:00.000Z,Sold,2014-01-29T00:00:00.000Z,Listed for rent,2013-11-25T00:00:00.000Z,Listed for sale,2013-10-08T00:00:00.000Z,Sold,2012-06-06T00:00:00.000Z,Listing removed,2012-05-24T00:00:00.000Z,Price change,2012-03-22T00:00:00.000Z,Listed for sale,2008-01-28T00:00:00.000Z,Sold,,,,,,,,,,,,,,,,,,,,,,,,
3,12,/homedetails/106-Sahalee-Cv-Haskell-AR-72015/92429832_zpid/,FOR_RENT,145000,"106 Sahalee Cv, Haskell, AR 72015",106 Sahalee Cv,1450,1482,1450,https://www.zillow.com/homedetails/106-Sahalee-Cv-Haskell-AR-72015/92429832_zpid/,2026-08-04T00:00:00.000Z,Listed for rent,2025-02-28T00:00:00.000Z,Listing removed,2025-02-22T00:00:00.000Z,Price change,2025-02-20T00:00:00.000Z,Price change,2025-02-07T00:00:00.000Z,Price change,2025-01-23T00:00:00.000Z,Listed for rent,2023-11-01T00:00:00.000Z,Sold,2020-11-27T00:00:00.000Z,Listing removed,2020-10-16T00:00:00.000Z,Listed for rent,2015-03-31T00:00:00.000Z,Sold,,,,,,,,,,,,,,,,,,,,,,,,,,,,,,,,,,,,
3,19,/homedetails/2106-Cherry-Creek-Cir-Bryant-AR-72022/390348_zpid/,FOR_RENT,175000,"2106 Cherry Creek Cir, Bryant, AR 72022",2106 Cherry Creek Cir,1695,1468,1695,https://www.zillow.com/homedetails/2106-Cherry-Creek-Cir-Bryant-AR-72022/390348_zpid/,2026-07-28T00:00:00.000Z,Listed for rent,2022-05-10T00:00:00.000Z,Listing removed,2022-04-26T00:00:00.000Z,Listed for rent,2022-03-25T00:00:00.000Z,Sold,2022-02-21T00:00:00.000Z,Contingent,2022-02-17T00:00:00.000Z,Listed for sale,2016-07-11T00:00:00.000Z,Sold,2006-10-03T00:00:00.000Z,Sold,,,,,,,,,,,,,,,,,,,,,,,,,,,,,,,,,,,,,,,,
3,41,/homedetails/807-S-Main-Benton-AR-72015/382019_zpid/,FOR_RENT,109900,"807 S Main, Benton, AR 72015",807 S Main,1300,1288,1300,https://www.zillow.com/homedetails/807-S-Main-Benton-AR-72015/382019_zpid/,2026-07-31T00:00:00.000Z,Price change,2026-07-27T00:00:00.000Z,Price change,2026-07-06T00:00:00.000Z,Listed for rent,2020-04-16T00:00:00.000Z,Sold,2020-04-06T00:00:00.000Z,Listing removed,2020-04-02T00:00:00.000Z,Price change,2020-02-17T00:00:00.000Z,Listed for rent,2019-10-19T00:00:00.000Z,Listing removed,2019-10-18T00:00:00.000Z,Price change,2019-10-16T00:00:00.000Z,Price change,2019-10-11T00:00:00.000Z,Price change,2019-10-09T00:00:00.000Z,Price change,2019-10-07T00:00:00.000Z,Price change,2019-10-04T00:00:00.000Z,Price change,2019-10-02T00:00:00.000Z,Price change,2019-09-30T00:00:00.000Z,Price change,2019-09-28T00:00:00.000Z,Listed for sale,2019-09-27T00:00:00.000Z,Sold,2019-09-23T00:00:00.000Z,Price change,2019-09-21T00:00:00.000Z,Price change,2019-09-18T00:00:00.000Z,Price change,2019-09-16T00:00:00.000Z,Price change,2019-09-14T00:00:00.000Z,Price change,2019-09-11T00:00:00.000Z,Price change,2019-09-07T00:00:00.000Z,Price change,2019-08-31T00:00:00.000Z,Price change,2019-08-29T00:00:00.000Z,Listed for sale,2009-03-31T00:00:00.000Z,Sold
4,67,/homedetails/17024-Congo-Ferndale-Rd-Little-Rock-AR-72210/370120_zpid/,FOR_RENT,279500,"17024 Congo Ferndale Rd, Little Rock, AR 72210",17024 Congo Ferndale Rd,1675,1590,1675,https://www.zillow.com/homedetails/17024-Congo-Ferndale-Rd-Little-Rock-AR-72210/370120_zpid/,2026-06-10T00:00:00.000Z,Listed for rent,2020-09-11T00:00:00.000Z,Listing removed,2020-07-23T00:00:00.000Z,Listed for rent,2018-05-13T00:00:00.000Z,Listing removed,2018-01-31T00:00:00.000Z,Listed for rent,2017-03-29T00:00:00.000Z,Sold,,,,,,,,,,,,,,,,,,,,,,,,,,,,,,,,,,,,,,,,,,,,
4,57,/homedetails/6673-Hollywood-Ave-Benton-AR-72019/461413230_zpid/,FOR_RENT,215900,"6673 Hollywood Ave, Benton, AR 72019",6673 Hollywood Ave,1795,2250,1795,https://www.zillow.com/homedetails/6673-Hollywood-Ave-Benton-AR-72019/461413230_zpid/,2026-08-13T00:00:00.000Z,Price change,2026-07-22T00:00:00.000Z,Price change,2026-07-07T00:00:00.000Z,Price change,2026-06-20T00:00:00.000Z,Listed for rent,2026-05-28T00:00:00.000Z,Sold,2026-04-30T00:00:00.000Z,Contingent,2026-03-31T00:00:00.000Z,Listed for sale,,,,,,,,,,,,,,,,,,,,,,,,,,,,,,,,,,,,,,,,,,
4,45,/homedetails/1056-Huntington-Dr-Benton-AR-72019/2061811695_zpid/,FOR_RENT,206900,"1056 Huntington Dr, Benton, AR 72019",1056 Huntington Dr,1645,1470,1645,https://www.zillow.com/homedetails/1056-Huntington-Dr-Benton-AR-72019/2061811695_zpid/,2026-08-04T00:00:00.000Z,Price change,2026-07-02T00:00:00.000Z,Listed for rent,2025-06-23T00:00:00.000Z,Listing removed,2025-05-14T00:00:00.000Z,Price change,2025-05-07T00:00:00.000Z,Price change,2025-04-30T00:00:00.000Z,Price change,2025-04-23T00:00:00.000Z,Price change,2025-04-04T00:00:00.000Z,Listed for rent,2024-02-10T00:00:00.000Z,Listing removed,2024-01-25T00:00:00.000Z,Listed for rent,2022-11-23T00:00:00.000Z,Sold,2022-10-05T00:00:00.000Z,Contingent,2022-10-04T00:00:00.000Z,Price change,2022-08-23T00:00:00.000Z,Listed for sale,,,,,,,,,,,,,,,,,,,,,,,,,,,,
3,30,/homedetails/54-Magnolia-Dr-Cabot-AR-72023/60314948_zpid/,FOR_RENT,117000,"54 Magnolia Dr, Cabot, AR 72023",54 Magnolia Dr,1400,1394,1400,https://www.zillow.com/homedetails/54-Magnolia-Dr-Cabot-AR-72023/60314948_zpid/,2026-07-17T00:00:00.000Z,Listed for rent,2025-09-24T00:00:00.000Z,Listing removed,2025-09-04T00:00:00.000Z,Listed for rent,2024-08-02T00:00:00.000Z,Listing removed,2024-07-20T00:00:00.000Z,Price change,2024-06-25T00:00:00.000Z,Listed for rent,2023-06-25T00:00:00.000Z,Listing removed,2023-06-02T00:00:00.000Z,Listed for rent,2021-12-27T00:00:00.000Z,Listing removed,2021-12-19T00:00:00.000Z,Listed for rent,2013-05-01T00:00:00.000Z,Listing removed,2013-04-21T00:00:00.000Z,Listed for rent,2013-04-19T00:00:00.000Z,Sold,2012-12-01T00:00:00.000Z,Price change,2012-10-15T00:00:00.000Z,Listed for sale,2011-04-01T00:00:00.000Z,Sold,2011-01-17T00:00:00.000Z,Price change,2011-01-15T00:00:00.000Z,Listed for sale,,,,,,,,,,,,,,,,,,,,
3,12,/homedetails/328-Gathering-House-Rd-Haskell-AR-72015/64861478_zpid/,FOR_RENT,188000,"328 Gathering House Rd, Haskell, AR 72015",328 Gathering House Rd,1695,2000,1695,https://www.zillow.com/homedetails/328-Gathering-House-Rd-Haskell-AR-72015/64861478_zpid/,2026-08-04T00:00:00.000Z,Listed for rent,2025-07-18T00:00:00.000Z,Listing removed,2025-07-17T00:00:00.000Z,Price change,2025-07-10T00:00:00.000Z,Price change,2025-07-03T00:00:00.000Z,Price change,2025-06-12T00:00:00.000Z,Listed for rent,2024-06-07T00:00:00.000Z,Listing removed,2024-06-06T00:00:00.000Z,Price change,2024-05-31T00:00:00.000Z,Price change,2024-05-25T00:00:00.000Z,Price change,2024-05-18T00:00:00.000Z,Price change,2024-04-26T00:00:00.000Z,Listed for rent,2023-12-01T00:00:00.000Z,Sold,2023-10-03T00:00:00.000Z,Listing removed,2023-08-29T00:00:00.000Z,Listed for rent,2022-05-19T00:00:00.000Z,Listing removed,2022-05-18T00:00:00.000Z,Price change,2022-05-05T00:00:00.000Z,Listed for rent,2020-04-23T00:00:00.000Z,Listing removed,2020-04-04T00:00:00.000Z,Listed for rent,2019-04-06T00:00:00.000Z,Listing removed,2019-04-01T00:00:00.000Z,Sold,2019-03-12T00:00:00.000Z,Listed for rent,,,,,,,,,,
3,27,/homedetails/43-Bud-Grimes-Rd-Ward-AR-72176/35732506_zpid/,FOR_RENT,152500,"43 Bud Grimes Rd, Ward, AR 72176",43 Bud Grimes Rd,1295,1200,1295,https://www.zillow.com/homedetails/43-Bud-Grimes-Rd-Ward-AR-72176/35732506_zpid/,2026-07-20T00:00:00.000Z,Listed for rent,2026-02-24T00:00:00.000Z,Listing removed,2026-02-17T00:00:00.000Z,Price change,2026-02-03T00:00:00.000Z,Listed for rent,2022-09-15T00:00:00.000Z,Listing removed,2022-08-24T00:00:00.000Z,Listed for rent,2022-05-27T00:00:00.000Z,Sold,2022-05-12T00:00:00.000Z,Contingent,2022-05-11T00:00:00.000Z,Listed for sale,2017-03-07T00:00:00.000Z,Sold,2016-11-15T00:00:00.000Z,Price change,2016-10-12T00:00:00.000Z,Price change,2016-09-08T00:00:00.000Z,Price change,2016-06-29T00:00:00.000Z,Listed for sale,,,,,,,,,,,,,,,,,,,,,,,,,,,,
3,62,/homedetails/203-Lynn-Ln-Lonoke-AR-72086/260453_zpid/,FOR_RENT,105000,"203 Lynn Ln, Lonoke, AR 72086",203 Lynn Ln,1225,1200,1225,https://www.zillow.com/homedetails/203-Lynn-Ln-Lonoke-AR-72086/260453_zpid/,2026-06-30T00:00:00.000Z,Price change,2026-06-15T00:00:00.000Z,Listed for rent,2026-06-01T00:00:00.000Z,Listing removed,2026-05-14T00:00:00.000Z,Listed for rent,2022-05-19T00:00:00.000Z,Sold,2022-05-13T00:00:00.000Z,Contingent,2022-05-05T00:00:00.000Z,Listed for sale,2014-05-30T00:00:00.000Z,Sold,2014-02-20T00:00:00.000Z,Sold,2014-01-11T00:00:00.000Z,Listed for sale,,,,,,,,,,,,,,,,,,,,,,,,,,,,,,,,,,,,
3,25,/homedetails/400-Apricot-St-Austin-AR-72007/82250818_zpid/,FOR_RENT,280000,"400 Apricot St, Austin, AR 72007",400 Apricot St,1475,1200,1475,https://www.zillow.com/homedetails/400-Apricot-St-Austin-AR-72007/82250818_zpid/,2026-07-22T00:00:00.000Z,Price change,2026-06-24T00:00:00.000Z,Price change,2026-05-16T00:00:00.000Z,Price change,2026-05-08T00:00:00.000Z,Listed for rent,2025-09-09T00:00:00.000Z,Listing removed,2025-08-26T00:00:00.000Z,Listed for rent,2025-08-21T00:00:00.000Z,Sold,2024-07-10T00:00:00.000Z,Listing removed,2024-06-24T00:00:00.000Z,Listed for rent,2024-06-10T00:00:00.000Z,Listing removed,2024-06-02T00:00:00.000Z,Listed for rent,2024-02-08T00:00:00.000Z,Sold,2023-06-11T00:00:00.000Z,Listing removed,2023-06-02T00:00:00.000Z,Price change,2022-11-16T00:00:00.000Z,Listed for rent,2022-10-07T00:00:00.000Z,Sold,2022-08-15T00:00:00.000Z,Listed for sale,2015-03-09T00:00:00.000Z,Sold,,,,,,,,,,,,,,,,,,,,
3,24,/homedetails/101-Cedar-Creek-Loop-Cabot-AR-72023/88905306_zpid/,FOR_RENT,,"101 Cedar Creek Loop, Cabot, AR 72023",101 Cedar Creek Loop,1345,1422,1345,https://www.zillow.com/homedetails/101-Cedar-Creek-Loop-Cabot-AR-72023/88905306_zpid/,2026-08-06T00:00:00.000Z,Price change,2026-07-30T00:00:00.000Z,Price change,2026-07-23T00:00:00.000Z,Listed for rent,,,,,,,,,,,,,,,,,,,,,,,,,,,,,,,,,,,,,,,,,,,,,,,,,,
3,30,/homedetails/15-Applewood-Cv-Cabot-AR-72023/35732370_zpid/,FOR_RENT,226000,"15 Applewood Cv, Cabot, AR 72023",15 Applewood Cv,1600,1588,1600,https://www.zillow.com/homedetails/15-Applewood-Cv-Cabot-AR-72023/35732370_zpid/,2026-07-17T00:00:00.000Z,Listed for rent,2024-05-04T00:00:00.000Z,Listing removed,2024-04-27T00:00:00.000Z,Listed for rent,2024-04-19T00:00:00.000Z,Sold,2024-03-14T00:00:00.000Z,Listed for sale,2022-10-31T00:00:00.000Z,Sold,2022-08-02T00:00:00.000Z,Listed for sale,2019-10-28T00:00:00.000Z,Sold,2019-09-18T00:00:00.000Z,Listed for sale,2014-01-02T00:00:00.000Z,Sold,2013-11-23T00:00:00.000Z,Price change,2013-10-17T00:00:00.000Z,Price change,2013-09-20T00:00:00.000Z,Listed for sale,2012-03-08T00:00:00.000Z,Listing removed,2011-09-23T00:00:00.000Z,Listed for sale,2011-05-07T00:00:00.000Z,Listing removed,2011-01-23T00:00:00.000Z,Listed for sale,,,,,,,,,,,,,,,,,,,,,,
3,11,/homedetails/6-Oddie-Ln-Ward-AR-72176/35731735_zpid/,FOR_RENT,125000,"6 Oddie Ln, Ward, AR 72176",6 Oddie Ln,1300,1248,1300,https://www.zillow.com/homedetails/6-Oddie-Ln-Ward-AR-72176/35731735_zpid/,2026-08-05T00:00:00.000Z,Listed for rent,2024-06-26T00:00:00.000Z,Listing removed,2024-06-07T00:00:00.000Z,Listed for rent,2024-03-29T00:00:00.000Z,Listing removed,2024-03-17T00:00:00.000Z,Listed for rent,2024-03-11T00:00:00.000Z,Sold,2024-02-07T00:00:00.000Z,Listed for sale,,,,,,,,,,,,,,,,,,,,,,,,,,,,,,,,,,,,,,,,,,
3,33,/homedetails/61-Whitetail-Dr-Ward-AR-72176/338206844_zpid/,FOR_RENT,212000,"61 Whitetail Dr, Ward, AR 72176",61 Whitetail Dr,1445,1473,1445,https://www.zillow.com/homedetails/61-Whitetail-Dr-Ward-AR-72176/338206844_zpid/,2026-07-14T00:00:00.000Z,Listed for rent,2024-06-04T00:00:00.000Z,Listing removed,2024-05-28T00:00:00.000Z,Listed for rent,2023-04-22T00:00:00.000Z,Listing removed,2023-04-12T00:00:00.000Z,Listed for rent,2023-03-09T00:00:00.000Z,Sold,2023-02-13T00:00:00.000Z,Contingent,2023-02-10T00:00:00.000Z,Listed for sale,2020-09-02T00:00:00.000Z,Sold,,,,,,,,,,,,,,,,,,,,,,,,,,,,,,,,,,,,,,
3,6,/homedetails/3-Shamsie-Dr-Ward-AR-72176/99427930_zpid/,FOR_RENT,80051,"3 Shamsie Dr, Ward, AR 72176",3 Shamsie Dr,1200,1246,1200,https://www.zillow.com/homedetails/3-Shamsie-Dr-Ward-AR-72176/99427930_zpid/,2026-08-10T00:00:00.000Z,Listed for rent,2021-03-24T00:00:00.000Z,Listing removed,2020-01-11T00:00:00.000Z,Listing removed,2019-12-24T00:00:00.000Z,Listed for rent,2014-12-01T00:00:00.000Z,Listing removed,2014-11-14T00:00:00.000Z,Listed for rent,2014-11-05T00:00:00.000Z,Sold,2014-09-20T00:00:00.000Z,Listed for sale,,,,,,,,,,,,,,,,,,,,,,,,,,,,,,,,,,,,,,,,
3,18,/homedetails/14-Saunder-Dr-N-Austin-AR-72007/347067074_zpid/,FOR_RENT,198000,"14 Saunder Dr N, Austin, AR 72007",14 Saunder Dr N,1550,1392,1550,https://www.zillow.com/homedetails/14-Saunder-Dr-N-Austin-AR-72007/347067074_zpid/,2026-07-29T00:00:00.000Z,Listed for rent,2023-03-16T00:00:00.000Z,Sold,2023-02-13T00:00:00.000Z,Contingent,2023-01-20T00:00:00.000Z,Listed for sale,,,,,,,,,,,,,,,,,,,,,,,,,,,,,,,,,,,,,,,,,,,,,,,,
3,14,/homedetails/18-Marian-Cv-Cabot-AR-72023/256302_zpid/,FOR_RENT,146000,"18 Marian Cv, Cabot, AR 72023",18 Marian Cv,1400,1400,1400,https://www.zillow.com/homedetails/18-Marian-Cv-Cabot-AR-72023/256302_zpid/,2026-08-02T00:00:00.000Z,Listed for rent,2025-04-21T00:00:00.000Z,Listing removed,2025-04-02T00:00:00.000Z,Listed for rent,2020-09-10T00:00:00.000Z,Listing removed,2020-09-01T00:00:00.000Z,Listed for rent,2014-03-14T00:00:00.000Z,Sold,,,,,,,,,,,,,,,,,,,,,,,,,,,,,,,,,,,,,,,,,,,,
3,11,/homedetails/11-Rockwood-Rd-Cabot-AR-72023/255523_zpid/,FOR_RENT,215000,"11 Rockwood Rd, Cabot, AR 72023",11 Rockwood Rd,1600,1461,1600,https://www.zillow.com/homedetails/11-Rockwood-Rd-Cabot-AR-72023/255523_zpid/,2026-08-08T00:00:00.000Z,Price change,2026-08-05T00:00:00.000Z,Listed for rent,2026-07-20T00:00:00.000Z,Sold,2026-07-17T00:00:00.000Z,Contingent,2026-06-25T00:00:00.000Z,Listed for sale,2016-03-02T00:00:00.000Z,Sold,2016-01-08T00:00:00.000Z,Listed for sale,2015-12-22T00:00:00.000Z,Pending sale,2015-10-19T00:00:00.000Z,Price change,2015-09-18T00:00:00.000Z,Price change,2015-08-14T00:00:00.000Z,Listed for sale,2015-06-02T00:00:00.000Z,Sold,2015-05-07T00:00:00.000Z,Pending sale,2015-01-14T00:00:00.000Z,Price change,2014-10-03T00:00:00.000Z,Listed for sale,2013-11-15T00:00:00.000Z,Sold,,,,,,,,,,,,,,,,,,,,,,,,
3,23,/homedetails/36-Parkview-Dr-Cabot-AR-72023/255635_zpid/,FOR_RENT,105000,"36 Parkview Dr, Cabot, AR 72023",36 Parkview Dr,1195,1137,1195,https://www.zillow.com/homedetails/36-Parkview-Dr-Cabot-AR-72023/255635_zpid/,2026-07-24T00:00:00.000Z,Listed for rent,2024-01-09T00:00:00.000Z,Listing removed,2023-12-28T00:00:00.000Z,Listed for rent,2022-10-11T00:00:00.000Z,Listing removed,2022-10-03T00:00:00.000Z,Listed for rent,2022-02-08T00:00:00.000Z,Listing removed,2022-01-25T00:00:00.000Z,Price change,2022-01-04T00:00:00.000Z,Listed for rent,2020-03-10T00:00:00.000Z,Listing removed,2020-02-11T00:00:00.000Z,Price change,2020-02-01T00:00:00.000Z,Listed for rent,2019-11-18T00:00:00.000Z,Sold,2019-10-04T00:00:00.000Z,Listed for sale,2018-11-01T00:00:00.000Z,Listing removed,2018-08-29T00:00:00.000Z,Listed for sale,2017-03-23T00:00:00.000Z,Sold,2016-12-12T00:00:00.000Z,Listed for sale,2016-10-13T00:00:00.000Z,Sold,2016-09-07T00:00:00.000Z,Listed for sale,2015-03-26T00:00:00.000Z,Sold,,,,,,,,,,,,,,,,
3,68,/homedetails/17-Farrah-St-Ward-AR-72176/52495486_zpid/,FOR_RENT,,"17 Farrah St, Ward, AR 72176",17 Farrah St,1250,1563,1250,https://www.zillow.com/homedetails/17-Farrah-St-Ward-AR-72176/52495486_zpid/,2026-06-09T00:00:00.000Z,Listed for rent,2025-05-24T00:00:00.000Z,Listing removed,2025-05-06T00:00:00.000Z,Price change,2025-04-20T00:00:00.000Z,Listed for rent,2017-02-23T00:00:00.000Z,Listing removed,2017-02-17T00:00:00.000Z,Listed for rent,2014-02-28T00:00:00.000Z,Listing removed,2014-02-05T00:00:00.000Z,Price change,2014-01-29T00:00:00.000Z,Price change,2013-12-14T00:00:00.000Z,Price change,2013-11-30T00:00:00.000Z,Listed for sale,2013-10-25T00:00:00.000Z,Listing removed,2013-09-19T00:00:00.000Z,Price change,2013-09-18T00:00:00.000Z,Price change,2013-06-29T00:00:00.000Z,Listed for sale,,,,,,,,,,,,,,,,,,,,,,,,,,
3,39,/homedetails/74-Earnhardt-Cir-Cabot-AR-72023/114172966_zpid/,FOR_RENT,173941,"74 Earnhardt Cir, Cabot, AR 72023",74 Earnhardt Cir,1900,1910,1900,https://www.zillow.com/homedetails/74-Earnhardt-Cir-Cabot-AR-72023/114172966_zpid/,2026-07-08T00:00:00.000Z,Listed for rent,2025-08-22T00:00:00.000Z,Listing removed,2025-08-20T00:00:00.000Z,Listing removed,2025-07-28T00:00:00.000Z,Listed for rent,2025-07-21T00:00:00.000Z,Listed for sale,2020-08-18T00:00:00.000Z,Listing removed,2020-08-07T00:00:00.000Z,Price change,2020-06-09T00:00:00.000Z,Listed for sale,2020-02-07T00:00:00.000Z,Listing removed,2020-01-31T00:00:00.000Z,Listed for rent,2020-01-31T00:00:00.000Z,Listing removed,2019-08-01T00:00:00.000Z,Listed for sale,2015-10-09T00:00:00.000Z,Listing removed,2015-09-09T00:00:00.000Z,Listed for rent,2013-07-26T00:00:00.000Z,Sold,,,,,,,,,,,,,,,,,,,,,,,,,,
3,2,/homedetails/87-Sycamore-Cir-Cabot-AR-72023/256430_zpid/,FOR_RENT,151500,"87 Sycamore Cir, Cabot, AR 72023",87 Sycamore Cir,1450,1252,1450,https://www.zillow.com/homedetails/87-Sycamore-Cir-Cabot-AR-72023/256430_zpid/,2026-08-14T00:00:00.000Z,Listed for rent,2026-07-17T00:00:00.000Z,Sold,2026-06-05T00:00:00.000Z,Listed for sale,2026-05-27T00:00:00.000Z,Listing removed,2026-05-15T00:00:00.000Z,Listed for rent,2020-06-03T00:00:00.000Z,Sold,2020-02-28T00:00:00.000Z,Sold,2013-03-25T00:00:00.000Z,Sold,,,,,,,,,,,,,,,,,,,,,,,,,,,,,,,,,,,,,,,,
3,13,/homedetails/17-Tahoe-Ct-Cabot-AR-72023/99406119_zpid/,FOR_RENT,240000,"17 Tahoe Ct, Cabot, AR 72023",17 Tahoe Ct,1650,,1650,https://www.zillow.com/homedetails/17-Tahoe-Ct-Cabot-AR-72023/99406119_zpid/,2026-08-03T00:00:00.000Z,Listed for rent,2024-12-16T00:00:00.000Z,Sold,2024-11-21T00:00:00.000Z,Contingent,2024-11-14T00:00:00.000Z,Price change,2024-11-04T00:00:00.000Z,Price change,2024-10-10T00:00:00.000Z,Price change,2024-10-03T00:00:00.000Z,Price change,2024-09-26T00:00:00.000Z,Price change,2024-09-19T00:00:00.000Z,Price change,2024-09-13T00:00:00.000Z,Listing removed,2024-09-10T00:00:00.000Z,Price change,2024-08-28T00:00:00.000Z,Listed for sale,2024-07-24T00:00:00.000Z,Listed for rent,2024-07-24T00:00:00.000Z,Listing removed,2024-07-15T00:00:00.000Z,Price change,2024-07-08T00:00:00.000Z,Listed for sale,2023-09-25T00:00:00.000Z,Sold,2023-05-09T00:00:00.000Z,Listed for sale,,,,,,,,,,,,,,,,,,,,
3,50,/homedetails/142-Weathering-Dr-Austin-AR-72007/99433960_zpid/,FOR_RENT,140000,"142 Weathering Dr, Austin, AR 72007",142 Weathering Dr,1350,1212,1350,https://www.zillow.com/homedetails/142-Weathering-Dr-Austin-AR-72007/99433960_zpid/,2026-07-20T00:00:00.000Z,Price change,2026-06-27T00:00:00.000Z,Listed for rent,2023-12-14T00:00:00.000Z,Listing removed,2023-11-29T00:00:00.000Z,Listed for rent,2021-10-21T00:00:00.000Z,Sold,2021-09-19T00:00:00.000Z,Contingent,2021-09-17T00:00:00.000Z,Listed for sale,2014-08-25T00:00:00.000Z,Sold,2014-06-22T00:00:00.000Z,Listed for sale,2013-09-05T00:00:00.000Z,Listing removed,2013-08-17T00:00:00.000Z,Listed for rent,,,,,,,,,,,,,,,,,,,,,,,,,,,,,,,,,,
3,26,/homedetails/28-Burns-Dr-Cabot-AR-72023/255699_zpid/,FOR_RENT,146000,"28 Burns Dr, Cabot, AR 72023",28 Burns Dr,1400,1288,1400,https://www.zillow.com/homedetails/28-Burns-Dr-Cabot-AR-72023/255699_zpid/,2026-07-21T00:00:00.000Z,Listed for rent,2025-08-07T00:00:00.000Z,Listing removed,2025-07-14T00:00:00.000Z,Price change,2025-07-03T00:00:00.000Z,Listed for rent,2022-06-28T00:00:00.000Z,Sold,2014-11-26T00:00:00.000Z,Sold,2012-06-24T00:00:00.000Z,Listing removed,2012-06-08T00:00:00.000Z,Listed for rent,2011-04-29T00:00:00.000Z,Listing removed,2011-01-27T00:00:00.000Z,Listed for sale,2010-06-04T00:00:00.000Z,Sold,2010-04-29T00:00:00.000Z,Listed for sale,,,,,,,,,,,,,,,,,,,,,,,,,,,,,,,,
3,37,/homedetails/209-N-Madison-St-Cabot-AR-72023/439267452_zpid/,FOR_RENT,,"209 N Madison St, Cabot, AR 72023",209 N Madison St,1895,1524,1895,https://www.zillow.com/homedetails/209-N-Madison-St-Cabot-AR-72023/439267452_zpid/,2026-07-10T00:00:00.000Z,Listed for rent,2025-06-24T00:00:00.000Z,Listing removed,2025-06-19T00:00:00.000Z,Listed for rent,2025-06-19T00:00:00.000Z,Listing removed,2025-04-10T00:00:00.000Z,Price change,2025-03-05T00:00:00.000Z,Listed for rent,2025-03-05T00:00:00.000Z,Listing removed,2025-03-04T00:00:00.000Z,Listed for rent,2025-03-03T00:00:00.000Z,Listing removed,2025-02-28T00:00:00.000Z,Listed for rent,2024-12-28T00:00:00.000Z,Listing removed,2024-12-04T00:00:00.000Z,Price change,2024-09-23T00:00:00.000Z,Listing removed,2024-09-21T00:00:00.000Z,Price change,2024-09-17T00:00:00.000Z,Price change,2024-09-11T00:00:00.000Z,Listed for rent,2024-08-21T00:00:00.000Z,Listed for sale,,,,,,,,,,,,,,,,,,,,,,
3,52,/homedetails/34-Shamsie-Dr-Ward-AR-72176/99420023_zpid/,FOR_RENT,150000,"34 Shamsie Dr, Ward, AR 72176",34 Shamsie Dr,1350,1264,1350,https://www.zillow.com/homedetails/34-Shamsie-Dr-Ward-AR-72176/99420023_zpid/,2026-06-25T00:00:00.000Z,Listed for rent,2024-10-09T00:00:00.000Z,Listing removed,2024-09-24T00:00:00.000Z,Listed for rent,2021-12-10T00:00:00.000Z,Sold,2021-11-11T00:00:00.000Z,Listed for sale,2020-06-30T00:00:00.000Z,Sold,2020-05-01T00:00:00.000Z,Listed for sale,2016-02-29T00:00:00.000Z,Sold,2016-01-18T00:00:00.000Z,Pending sale,2015-12-22T00:00:00.000Z,Listed for sale,,,,,,,,,,,,,,,,,,,,,,,,,,,,,,,,,,,,
3,16,/homedetails/203-Logan-Dr-Maumelle-AR-72113/2057186362_zpid/,FOR_RENT,,"203 Logan Dr, Maumelle, AR 72113",203 Logan Dr,1835,1472,1835,https://www.zillow.com/homedetails/203-Logan-Dr-Maumelle-AR-72113/2057186362_zpid/,2026-08-05T00:00:00.000Z,Price change,2026-07-31T00:00:00.000Z,Listed for rent,2024-08-27T00:00:00.000Z,Listing removed,2024-08-01T00:00:00.000Z,Listed for rent,2023-06-19T00:00:00.000Z,Listing removed,2023-06-10T00:00:00.000Z,Listed for rent,,,,,,,,,,,,,,,,,,,,,,,,,,,,,,,,,,,,,,,,,,,,
4,10,/homedetails/106-Jo-Park-Ln-Maumelle-AR-72113/2056841941_zpid/,FOR_RENT,,"106 Jo Park Ln, Maumelle, AR 72113",106 Jo Park Ln,2000,1640,2000,https://www.zillow.com/homedetails/106-Jo-Park-Ln-Maumelle-AR-72113/2056841941_zpid/,2026-08-06T00:00:00.000Z,Listed for rent,2023-10-04T00:00:00.000Z,Listing removed,2023-10-03T00:00:00.000Z,Listed for rent,2023-10-03T00:00:00.000Z,Listing removed,2023-06-29T00:00:00.000Z,Listed for rent,,,,,,,,,,,,,,,,,,,,,,,,,,,,,,,,,,,,,,,,,,,,,,
3,9,/homedetails/42-Winners-Cir-Cabot-AR-72023/72176611_zpid/,FOR_RENT,196500,"42 Winners Cir, Cabot, AR 72023",42 Winners Cir,1850,1521,1850,https://www.zillow.com/homedetails/42-Winners-Cir-Cabot-AR-72023/72176611_zpid/,2026-08-07T00:00:00.000Z,Listed for rent,2025-10-07T00:00:00.000Z,Listing removed,2025-09-15T00:00:00.000Z,Listed for rent,2025-07-09T00:00:00.000Z,Sold,2025-04-28T00:00:00.000Z,Price change,2025-04-14T00:00:00.000Z,Price change,2025-04-03T00:00:00.000Z,Price change,2025-03-27T00:00:00.000Z,Listed for sale,,,,,,,,,,,,,,,,,,,,,,,,,,,,,,,,,,,,,,,,
3,30,/homedetails/205-Logan-Dr-Maumelle-AR-72113/2057186361_zpid/,FOR_RENT,,"205 Logan Dr, Maumelle, AR 72113",205 Logan Dr,1835,1472,1835,https://www.zillow.com/homedetails/205-Logan-Dr-Maumelle-AR-72113/2057186361_zpid/,2026-08-05T00:00:00.000Z,Price change,2026-07-17T00:00:00.000Z,Listed for rent,2025-09-04T00:00:00.000Z,Listing removed,2025-09-03T00:00:00.000Z,Listed for rent,2025-09-03T00:00:00.000Z,Listing removed,2025-08-29T00:00:00.000Z,Price change,2025-07-15T00:00:00.000Z,Listed for rent,2023-09-10T00:00:00.000Z,Listing removed,2023-09-09T00:00:00.000Z,Listed for rent,2023-09-08T00:00:00.000Z,Listing removed,2023-06-10T00:00:00.000Z,Listed for rent,,,,,,,,,,,,,,,,,,,,,,,,,,,,,,,,,,
3,44,/homedetails/61-Pin-Oak-Loop-Maumelle-AR-72113/326810_zpid/,FOR_RENT,175000,"61 Pin Oak Loop, Maumelle, AR 72113",61 Pin Oak Loop,1495,1173,1495,https://www.zillow.com/homedetails/61-Pin-Oak-Loop-Maumelle-AR-72113/326810_zpid/,2026-08-14T00:00:00.000Z,Price change,2026-08-12T00:00:00.000Z,Price change,2026-07-03T00:00:00.000Z,Listed for rent,2024-04-25T00:00:00.000Z,Listing removed,2024-04-09T00:00:00.000Z,Listed for rent,2023-02-09T00:00:00.000Z,Listing removed,2022-12-28T00:00:00.000Z,Price change,2022-10-26T00:00:00.000Z,Listed for rent,2022-09-30T00:00:00.000Z,Sold,2022-08-28T00:00:00.000Z,Contingent,2022-08-26T00:00:00.000Z,Listed for sale,2018-04-24T00:00:00.000Z,Sold,2018-03-07T00:00:00.000Z,Price change,2018-02-07T00:00:00.000Z,Listed for sale,2017-06-08T00:00:00.000Z,Listing removed,2017-05-10T00:00:00.000Z,Listed for sale,2014-05-05T00:00:00.000Z,Sold,2011-07-04T00:00:00.000Z,Listing removed,2011-06-09T00:00:00.000Z,Listed for sale,2006-08-02T00:00:00.000Z,Sold,2003-05-01T00:00:00.000Z,Sold,2000-09-22T00:00:00.000Z,Sold,,,,,,,,,,,,
3,40,/homedetails/117-Logan-Dr-Maumelle-AR-72113/2057186355_zpid/,FOR_RENT,,"117 Logan Dr, Maumelle, AR 72113",117 Logan Dr,1835,1472,1835,https://www.zillow.com/homedetails/117-Logan-Dr-Maumelle-AR-72113/2057186355_zpid/,2026-07-07T00:00:00.000Z,Listed for rent,2023-07-30T00:00:00.000Z,Listing removed,2023-07-29T00:00:00.000Z,Listed for rent,2023-07-29T00:00:00.000Z,Listing removed,2023-06-10T00:00:00.000Z,Listed for rent,,,,,,,,,,,,,,,,,,,,,,,,,,,,,,,,,,,,,,,,,,,,,,
2,47,/homedetails/7-Southland-Dr-Maumelle-AR-72113/2109744736_zpid/,FOR_RENT,,"7 Southland Dr, Maumelle, AR 72113",7 Southland Dr,850,925,850,https://www.zillow.com/homedetails/7-Southland-Dr-Maumelle-AR-72113/2109744736_zpid/,2026-06-30T00:00:00.000Z,Listed for rent,2018-07-15T00:00:00.000Z,Listing removed,2018-06-28T00:00:00.000Z,Listed for rent,2016-06-28T00:00:00.000Z,Listing removed,2014-12-12T00:00:00.000Z,Listing removed,2014-07-29T00:00:00.000Z,Listed for rent,2013-12-30T00:00:00.000Z,Listing removed,2013-11-27T00:00:00.000Z,Listed for rent,,,,,,,,,,,,,,,,,,,,,,,,,,,,,,,,,,,,,,,,
3,46,/homedetails/10413-Cypress-Knee-Dr-Maumelle-AR-72113/2060938533_zpid/,FOR_RENT,,"10413 Cypress Knee Dr, Maumelle, AR 72113",10413 Cypress Knee Dr,1800,1480,1800,https://www.zillow.com/homedetails/10413-Cypress-Knee-Dr-Maumelle-AR-72113/2060938533_zpid/,2026-07-01T00:00:00.000Z,Listed for rent,2025-04-22T00:00:00.000Z,Listing removed,2025-04-04T00:00:00.000Z,Listed for rent,2022-11-13T00:00:00.000Z,Listing removed,2022-10-25T00:00:00.000Z,Listed for rent,,,,,,,,,,,,,,,,,,,,,,,,,,,,,,,,,,,,,,,,,,,,,,
4,23,/homedetails/127-Chambery-Dr-Maumelle-AR-72113/122006196_zpid/,FOR_RENT,,"127 Chambery Dr, Maumelle, AR 72113",127 Chambery Dr,2400,1651,2400,https://www.zillow.com/homedetails/127-Chambery-Dr-Maumelle-AR-72113/122006196_zpid/,2026-07-24T00:00:00.000Z,Listed for rent,2019-06-07T00:00:00.000Z,Listing removed,2019-03-21T00:00:00.000Z,Price change,2019-02-14T00:00:00.000Z,Listed for rent,2017-11-15T00:00:00.000Z,Listing removed,2017-08-30T00:00:00.000Z,Price change,2017-08-08T00:00:00.000Z,Price change,2017-04-27T00:00:00.000Z,Listed for rent,,,,,,,,,,,,,,,,,,,,,,,,,,,,,,,,,,,,,,,,
3,33,/homedetails/80-Garden-Oaks-Dr-Maumelle-AR-72113/326252_zpid/,FOR_RENT,139900,"80 Garden Oaks Dr, Maumelle, AR 72113",80 Garden Oaks Dr,1650,1300,1650,https://www.zillow.com/homedetails/80-Garden-Oaks-Dr-Maumelle-AR-72113/326252_zpid/,2026-07-14T00:00:00.000Z,Listed for rent,2025-02-18T00:00:00.000Z,Listing removed,2025-01-20T00:00:00.000Z,Listed for rent,2024-02-15T00:00:00.000Z,Listing removed,2024-01-18T00:00:00.000Z,Listed for rent,2021-02-23T00:00:00.000Z,Listing removed,2020-06-27T00:00:00.000Z,Listing removed,2020-06-21T00:00:00.000Z,Listed for rent,2014-10-28T00:00:00.000Z,Listing removed,2014-10-17T00:00:00.000Z,Sold,2014-07-14T00:00:00.000Z,Sold,2014-06-05T00:00:00.000Z,Price change,2014-04-25T00:00:00.000Z,Listed for sale,2014-01-29T00:00:00.000Z,Sold,2013-07-19T00:00:00.000Z,Sold,1997-10-13T00:00:00.000Z,Sold,,,,,,,,,,,,,,,,,,,,,,,,
3,135,/homedetails/44-Kirkland-Dr-Cabot-AR-72023/52495420_zpid/,FOR_RENT,,"44 Kirkland Dr, Cabot, AR 72023",44 Kirkland Dr,1900,2077,1900,https://www.zillow.com/homedetails/44-Kirkland-Dr-Cabot-AR-72023/52495420_zpid/,2026-04-03T00:00:00.000Z,Listed for rent,2026-04-03T00:00:00.000Z,Listing removed,2026-02-11T00:00:00.000Z,Listed for rent,2025-09-22T00:00:00.000Z,Listing removed,2025-08-19T00:00:00.000Z,Listing removed,2025-08-17T00:00:00.000Z,Listed for rent,2025-01-03T00:00:00.000Z,Price change,2024-11-04T00:00:00.000Z,Price change,2024-10-10T00:00:00.000Z,Price change,2024-09-24T00:00:00.000Z,Listed for sale,2015-02-21T00:00:00.000Z,Listing removed,2015-01-28T00:00:00.000Z,Price change,2014-11-18T00:00:00.000Z,Price change,2014-08-30T00:00:00.000Z,Listed for rent,2013-05-18T00:00:00.000Z,Listing removed,2013-04-17T00:00:00.000Z,Listed for rent,2012-10-25T00:00:00.000Z,Listing removed,2012-09-25T00:00:00.000Z,Listed for rent,2012-07-12T00:00:00.000Z,Listing removed,2012-06-12T00:00:00.000Z,Price change,2012-05-25T00:00:00.000Z,Listed for rent,2011-08-23T00:00:00.000Z,Listing removed,2010-10-08T00:00:00.000Z,Listed for sale,,,,,,,,,,
3,19,/homedetails/13-Holly-Brook-Cv-Maumelle-AR-72113/35734402_zpid/,FOR_RENT,112749,"13 Holly Brook Cv, Maumelle, AR 72113",13 Holly Brook Cv,1700,1272,1700,https://www.zillow.com/homedetails/13-Holly-Brook-Cv-Maumelle-AR-72113/35734402_zpid/,2026-07-28T00:00:00.000Z,Listed for rent,2007-02-28T00:00:00.000Z,Sold,2002-10-07T00:00:00.000Z,Sold,2000-05-31T00:00:00.000Z,Sold,1997-06-09T00:00:00.000Z,Sold,,,,,,,,,,,,,,,,,,,,,,,,,,,,,,,,,,,,,,,,,,,,,,
4,17,/homedetails/15-Iris-Cv-Maumelle-AR-72113/327989_zpid/,FOR_RENT,380000,"15 Iris Cv, Maumelle, AR 72113",15 Iris Cv,3000,2320,3000,https://www.zillow.com/homedetails/15-Iris-Cv-Maumelle-AR-72113/327989_zpid/,2026-07-30T00:00:00.000Z,Listed for rent,2026-07-24T00:00:00.000Z,Sold,2026-05-22T00:00:00.000Z,Listed for sale,2019-02-06T00:00:00.000Z,Sold,2019-01-22T00:00:00.000Z,Pending sale,2018-12-01T00:00:00.000Z,Price change,2018-10-03T00:00:00.000Z,Price change,2018-06-15T00:00:00.000Z,Listed for sale,2015-06-26T00:00:00.000Z,Sold,2002-05-24T00:00:00.000Z,Sold,2001-04-05T00:00:00.000Z,Sold,,,,,,,,,,,,,,,,,,,,,,,,,,,,,,,,,,
3,38,/homedetails/509-E-Elm-St-Cabot-AR-72023/257181_zpid/,FOR_RENT,185000,"509 E Elm St, Cabot, AR 72023",509 E Elm St,1495,1056,1495,https://www.zillow.com/homedetails/509-E-Elm-St-Cabot-AR-72023/257181_zpid/,2026-07-23T00:00:00.000Z,Price change,2026-07-09T00:00:00.000Z,Listed for rent,2026-07-09T00:00:00.000Z,Listing removed,2026-05-02T00:00:00.000Z,Listed for rent,2026-04-16T00:00:00.000Z,Listing removed,2026-02-18T00:00:00.000Z,Price change,2026-02-04T00:00:00.000Z,Listed for rent,2023-04-10T00:00:00.000Z,Sold,2023-01-19T00:00:00.000Z,Listing removed,2023-01-18T00:00:00.000Z,Listed for rent,2023-01-06T00:00:00.000Z,Listing removed,2022-10-26T00:00:00.000Z,Listed for sale,2021-05-28T00:00:00.000Z,Sold,2015-07-27T00:00:00.000Z,Sold,2012-10-07T00:00:00.000Z,Listing removed,2012-09-20T00:00:00.000Z,Price change,2012-06-20T00:00:00.000Z,Listed for sale,,,,,,,,,,,,,,,,,,,,,,
3,27,/homedetails/81-Oak-Forest-Loop-Maumelle-AR-72113/326542_zpid/,FOR_RENT,145000,"81 Oak Forest Loop, Maumelle, AR 72113",81 Oak Forest Loop,1700,1300,1700,https://www.zillow.com/homedetails/81-Oak-Forest-Loop-Maumelle-AR-72113/326542_zpid/,2026-07-20T00:00:00.000Z,Listed for rent,2021-01-15T00:00:00.000Z,Sold,2012-10-11T00:00:00.000Z,Sold,1997-04-16T00:00:00.000Z,Sold,,,,,,,,,,,,,,,,,,,,,,,,,,,,,,,,,,,,,,,,,,,,,,,,
3,2,/homedetails/5-Stoneledge-Dr-Maumelle-AR-72113/326005_zpid/,FOR_RENT,240000,"5 Stoneledge Dr, Maumelle, AR 72113",5 Stoneledge Dr,1850,1755,1850,https://www.zillow.com/homedetails/5-Stoneledge-Dr-Maumelle-AR-72113/326005_zpid/,2026-08-14T00:00:00.000Z,Listed for rent,2025-04-10T00:00:00.000Z,Listing removed,2025-03-28T00:00:00.000Z,Listed for rent,2025-02-06T00:00:00.000Z,Sold,2024-11-23T00:00:00.000Z,Listing removed,2024-07-30T00:00:00.000Z,Listed for rent,2015-02-24T00:00:00.000Z,Sold,,,,,,,,,,,,,,,,,,,,,,,,,,,,,,,,,,,,,,,,,,
3,9,/homedetails/16-Mustang-Dr-Cabot-AR-72023/63160974_zpid/,FOR_RENT,2988,"16 Mustang Dr, Cabot, AR 72023",16 Mustang Dr,1450,1494,1450,https://www.zillow.com/homedetails/16-Mustang-Dr-Cabot-AR-72023/63160974_zpid/,2026-08-07T00:00:00.000Z,Listed for rent,2020-02-08T00:00:00.000Z,Listing removed,2020-01-25T00:00:00.000Z,Listed for rent,2018-12-12T00:00:00.000Z,Listing removed,2018-11-14T00:00:00.000Z,Listed for rent,2012-08-23T00:00:00.000Z,Sold,2004-02-25T00:00:00.000Z,Sold,,,,,,,,,,,,,,,,,,,,,,,,,,,,,,,,,,,,,,,,,,
3,3,/homedetails/59-Hickory-Bend-Dr-Cabot-AR-72023/67445626_zpid/,FOR_RENT,207000,"59 Hickory Bend Dr, Cabot, AR 72023",59 Hickory Bend Dr,2000,2129,2000,https://www.zillow.com/homedetails/59-Hickory-Bend-Dr-Cabot-AR-72023/67445626_zpid/,2026-08-13T00:00:00.000Z,Listed for rent,2023-06-25T00:00:00.000Z,Listing removed,2023-06-22T00:00:00.000Z,Listed for rent,2021-02-22T00:00:00.000Z,Sold,2016-07-15T00:00:00.000Z,Listing removed,2016-06-12T00:00:00.000Z,Price change,2016-04-29T00:00:00.000Z,Listed for sale,2011-03-30T00:00:00.000Z,Sold,2010-08-06T00:00:00.000Z,Listing removed,2010-02-22T00:00:00.000Z,Price change,2009-10-03T00:00:00.000Z,Listed for sale,2009-07-16T00:00:00.000Z,Listing removed,2009-02-16T00:00:00.000Z,Listed for sale,2008-10-27T00:00:00.000Z,Listing removed,2008-07-23T00:00:00.000Z,Price change,2007-07-07T00:00:00.000Z,Listed for sale,2004-11-09T00:00:00.000Z,Sold,,,,,,,,,,,,,,,,,,,,,,
3,25,/homedetails/53-Bent-Tree-Dr-Cabot-AR-72023/256157_zpid/,FOR_RENT,10000,"53 Bent Tree Dr, Cabot, AR 72023",53 Bent Tree Dr,1595,1645,1595,https://www.zillow.com/homedetails/53-Bent-Tree-Dr-Cabot-AR-72023/256157_zpid/,2026-07-22T00:00:00.000Z,Listed for rent,2002-07-18T00:00:00.000Z,Sold,1993-11-12T00:00:00.000Z,Sold,,,,,,,,,,,,,,,,,,,,,,,,,,,,,,,,,,,,,,,,,,,,,,,,,,
3,5,/homedetails/21-Meadowlark-Dr-Cabot-AR-72023/255213_zpid/,FOR_RENT,147900,"21 Meadowlark Dr, Cabot, AR 72023",21 Meadowlark Dr,1395,1013,1395,https://www.zillow.com/homedetails/21-Meadowlark-Dr-Cabot-AR-72023/255213_zpid/,2026-08-12T00:00:00.000Z,Listed for rent,2024-01-16T00:00:00.000Z,Listing removed,2024-01-04T00:00:00.000Z,Sold,2023-08-22T00:00:00.000Z,Sold,2023-07-17T00:00:00.000Z,Contingent,2023-05-12T00:00:00.000Z,Listed for sale,2023-04-19T00:00:00.000Z,Listing removed,2023-03-17T00:00:00.000Z,Listed for rent,2022-03-21T00:00:00.000Z,Sold,,,,,,,,,,,,,,,,,,,,,,,,,,,,,,,,,,,,,,
3,15,/homedetails/267-Creek-View-Dr-Austin-AR-72007/99430851_zpid/,FOR_RENT,170000,"267 Creek View Dr, Austin, AR 72007",267 Creek View Dr,1450,1443,1450,https://www.zillow.com/homedetails/267-Creek-View-Dr-Austin-AR-72007/99430851_zpid/,2026-08-01T00:00:00.000Z,Listed for rent,2022-08-21T00:00:00.000Z,Sold,2020-02-18T00:00:00.000Z,Sold,2015-02-19T00:00:00.000Z,Listing removed,2014-07-25T00:00:00.000Z,Listed for sale,,,,,,,,,,,,,,,,,,,,,,,,,,,,,,,,,,,,,,,,,,,,,,
4,23,/homedetails/136-Chambery-Dr-Maumelle-AR-72113/122005734_zpid/,FOR_RENT,,"136 Chambery Dr, Maumelle, AR 72113",136 Chambery Dr,2400,1651,2400,https://www.zillow.com/homedetails/136-Chambery-Dr-Maumelle-AR-72113/122005734_zpid/,2026-07-24T00:00:00.000Z,Listed for rent,2018-04-13T00:00:00.000Z,Listing removed,2018-03-27T00:00:00.000Z,Listed for rent,2018-01-22T00:00:00.000Z,Listing removed,2017-12-29T00:00:00.000Z,Listed for rent,2017-03-30T00:00:00.000Z,Listing removed,2017-01-27T00:00:00.000Z,Listed for sale,,,,,,,,,,,,,,,,,,,,,,,,,,,,,,,,,,,,,,,,,,
3,53,/homedetails/17-Azalea-Dr-Cabot-AR-72023/52495110_zpid/,FOR_RENT,174500,"17 Azalea Dr, Cabot, AR 72023",17 Azalea Dr,1390,1294,1390,https://www.zillow.com/homedetails/17-Azalea-Dr-Cabot-AR-72023/52495110_zpid/,2026-08-13T00:00:00.000Z,Price change,2026-06-25T00:00:00.000Z,Listed for rent,2024-12-19T00:00:00.000Z,Sold,2024-11-09T00:00:00.000Z,Listed for sale,2022-05-27T00:00:00.000Z,Sold,2021-03-24T00:00:00.000Z,Listing removed,2018-07-11T00:00:00.000Z,Listing removed,2018-07-08T00:00:00.000Z,Listed for rent,2017-09-16T00:00:00.000Z,Listing removed,2017-05-10T00:00:00.000Z,Listed for sale,,,,,,,,,,,,,,,,,,,,,,,,,,,,,,,,,,,,
3,4,/homedetails/424-Ables-Loop-Ward-AR-72176/67447121_zpid/,FOR_RENT,,"424 Ables Loop, Ward, AR 72176",424 Ables Loop,1400,1280,1400,https://www.zillow.com/homedetails/424-Ables-Loop-Ward-AR-72176/67447121_zpid/,2026-08-12T00:00:00.000Z,Listed for rent,2025-10-01T00:00:00.000Z,Listing removed,2025-08-06T00:00:00.000Z,Listed for rent,,,,,,,,,,,,,,,,,,,,,,,,,,,,,,,,,,,,,,,,,,,,,,,,,,
3,10,/homedetails/15-Jennifer-Cv-Ward-AR-72176/2063023920_zpid/,FOR_RENT,210000,"15 Jennifer Cv, Ward, AR 72176",15 Jennifer Cv,1650,1328,1650,https://www.zillow.com/homedetails/15-Jennifer-Cv-Ward-AR-72176/2063023920_zpid/,2026-08-07T00:00:00.000Z,Listed for rent,2023-12-19T00:00:00.000Z,Sold,2022-06-21T00:00:00.000Z,Listing removed,2022-06-07T00:00:00.000Z,Price change,2022-06-02T00:00:00.000Z,Listed for rent,2022-05-31T00:00:00.000Z,Sold,,,,,,,,,,,,,,,,,,,,,,,,,,,,,,,,,,,,,,,,,,,,
3,33,/homedetails/22-Kirkland-St-Ward-AR-72176/261280_zpid/,FOR_RENT,84000,"22 Kirkland St, Ward, AR 72176",22 Kirkland St,1350,1185,1350,https://www.zillow.com/homedetails/22-Kirkland-St-Ward-AR-72176/261280_zpid/,2026-07-15T00:00:00.000Z,Listed for rent,2026-06-16T00:00:00.000Z,Sold,2026-06-14T00:00:00.000Z,Contingent,2026-06-02T00:00:00.000Z,Price change,2026-05-28T00:00:00.000Z,Listed for sale,2014-10-30T00:00:00.000Z,Sold,,,,,,,,,,,,,,,,,,,,,,,,,,,,,,,,,,,,,,,,,,,,
3,10,/homedetails/34-Woodhaven-Dr-Cabot-AR-72023/338206710_zpid/,FOR_RENT,165000,"34 Woodhaven Dr, Cabot, AR 72023",34 Woodhaven Dr,1650,1305,1650,https://www.zillow.com/homedetails/34-Woodhaven-Dr-Cabot-AR-72023/338206710_zpid/,2026-08-07T00:00:00.000Z,Listed for rent,2025-04-03T00:00:00.000Z,Listing removed,2025-03-15T00:00:00.000Z,Price change,2025-02-13T00:00:00.000Z,Price change,2025-02-11T00:00:00.000Z,Listed for rent,2020-11-30T00:00:00.000Z,Sold,2020-10-19T00:00:00.000Z,Sold,,,,,,,,,,,,,,,,,,,,,,,,,,,,,,,,,,,,,,,,,,
3,33,/homedetails/314-Ray-St-Cabot-AR-72023/257086_zpid/,FOR_RENT,700000,"314 Ray St, Cabot, AR 72023",314 Ray St,1275,1449,1275,https://www.zillow.com/homedetails/314-Ray-St-Cabot-AR-72023/257086_zpid/,2026-08-11T00:00:00.000Z,Price change,2026-07-14T00:00:00.000Z,Listed for rent,2022-08-09T00:00:00.000Z,Listing removed,2022-08-05T00:00:00.000Z,Listed for rent,2021-03-24T00:00:00.000Z,Listing removed,2020-05-19T00:00:00.000Z,Listing removed,2020-04-10T00:00:00.000Z,Listed for rent,2018-10-23T00:00:00.000Z,Listing removed,2018-09-25T00:00:00.000Z,Listed for rent,2017-09-28T00:00:00.000Z,Listing removed,2017-08-19T00:00:00.000Z,Price change,2017-07-20T00:00:00.000Z,Listed for rent,2015-03-28T00:00:00.000Z,Listing removed,2015-02-26T00:00:00.000Z,Listed for rent,2014-01-15T00:00:00.000Z,Sold,2003-03-18T00:00:00.000Z,Sold,,,,,,,,,,,,,,,,,,,,,,,,
3,10,/homedetails/36-Azalea-Dr-Cabot-AR-72023/52495117_zpid/,FOR_RENT,16000,"36 Azalea Dr, Cabot, AR 72023",36 Azalea Dr,1350,1350,1350,https://www.zillow.com/homedetails/36-Azalea-Dr-Cabot-AR-72023/52495117_zpid/,2026-08-06T00:00:00.000Z,Listed for rent,2011-05-11T00:00:00.000Z,Sold,1999-11-12T00:00:00.000Z,Sold,,,,,,,,,,,,,,,,,,,,,,,,,,,,,,,,,,,,,,,,,,,,,,,,,,
3,12,/homedetails/120-E-Palm-St-Lonoke-AR-72086/259816_zpid/,FOR_RENT,50000,"120 E Palm St, Lonoke, AR 72086",120 E Palm St,1250,1502,1250,https://www.zillow.com/homedetails/120-E-Palm-St-Lonoke-AR-72086/259816_zpid/,2026-08-04T00:00:00.000Z,Listed for rent,2026-06-15T00:00:00.000Z,Sold,2026-04-13T00:00:00.000Z,Contingent,2026-01-16T00:00:00.000Z,Listed for sale,2014-06-09T00:00:00.000Z,Sold,2010-09-02T00:00:00.000Z,Sold,2008-01-08T00:00:00.000Z,Sold,1994-10-26T00:00:00.000Z,Sold,,,,,,,,,,,,,,,,,,,,,,,,,,,,,,,,,,,,,,,,
3,8,/homedetails/103-E-Scott-St-Carlisle-AR-72024/258138_zpid/,FOR_RENT,75000,"103 E Scott St, Carlisle, AR 72024",103 E Scott St,1300,1556,1300,https://www.zillow.com/homedetails/103-E-Scott-St-Carlisle-AR-72024/258138_zpid/,2026-08-09T00:00:00.000Z,Listed for rent,2025-05-14T00:00:00.000Z,Sold,2025-03-28T00:00:00.000Z,Sold,2024-12-02T00:00:00.000Z,Listed for sale,2014-01-15T00:00:00.000Z,Sold,2013-07-17T00:00:00.000Z,Sold,2013-06-26T00:00:00.000Z,Price change,2013-05-17T00:00:00.000Z,Price change,2013-02-20T00:00:00.000Z,Price change,2013-01-27T00:00:00.000Z,Listed for sale,,,,,,,,,,,,,,,,,,,,,,,,,,,,,,,,,,,,
3,1,/homedetails/106-Wellshire-Dr-Kings-Mountain-NC-28086/338483288_zpid/,FOR_RENT,297900,"106 Wellshire Dr, Kings Mountain, NC 28086",106 Wellshire Dr,1995,1800,1995,https://www.zillow.com/homedetails/106-Wellshire-Dr-Kings-Mountain-NC-28086/338483288_zpid/,2026-08-15T00:00:00.000Z,Listed for rent,2024-07-22T00:00:00.000Z,Listing removed,2024-07-10T00:00:00.000Z,Price change,2024-06-30T00:00:00.000Z,Listed for rent,2024-04-22T00:00:00.000Z,Listing removed,2024-04-22T00:00:00.000Z,Price change,2024-04-09T00:00:00.000Z,Price change,2024-03-30T00:00:00.000Z,Listed for rent,2021-10-29T00:00:00.000Z,Sold,,,,,,,,,,,,,,,,,,,,,,,,,,,,,,,,,,,,,,
3,6,/homedetails/404-Marcella-Dr-Kings-Mountain-NC-28086/214091791_zpid/,FOR_RENT,255000,"404 Marcella Dr, Kings Mountain, NC 28086",404 Marcella Dr,2149,1507,2149,https://www.zillow.com/homedetails/404-Marcella-Dr-Kings-Mountain-NC-28086/214091791_zpid/,2026-08-11T00:00:00.000Z,Listed for rent,2021-08-17T00:00:00.000Z,Listing removed,2021-08-06T00:00:00.000Z,Price change,2021-07-22T00:00:00.000Z,Listed for rent,2021-06-24T00:00:00.000Z,Sold,2021-06-03T00:00:00.000Z,Pending sale,2021-05-26T00:00:00.000Z,Listed for sale,2016-05-24T00:00:00.000Z,Sold,,,,,,,,,,,,,,,,,,,,,,,,,,,,,,,,,,,,,,,,
3,13,/homedetails/104-Herald-Pl-Cabot-AR-72023/252206_zpid/,FOR_RENT,155000,"104 Herald Pl, Cabot, AR 72023",104 Herald Pl,1095,1232,1095,https://www.zillow.com/homedetails/104-Herald-Pl-Cabot-AR-72023/252206_zpid/,2026-08-03T00:00:00.000Z,Listed for rent,2024-11-23T00:00:00.000Z,Listing removed,2024-11-14T00:00:00.000Z,Listed for rent,2023-12-28T00:00:00.000Z,Listing removed,2023-11-10T00:00:00.000Z,Price change,2023-10-18T00:00:00.000Z,Listed for rent,2022-04-09T00:00:00.000Z,Listing removed,2022-02-16T00:00:00.000Z,Listed for rent,2019-06-20T00:00:00.000Z,Listing removed,2019-05-08T00:00:00.000Z,Listed for rent,2018-08-24T00:00:00.000Z,Listing removed,2018-08-16T00:00:00.000Z,Price change,2018-08-01T00:00:00.000Z,Listed for rent,2017-12-07T00:00:00.000Z,Listing removed,2017-10-14T00:00:00.000Z,Listed for rent,2013-01-30T00:00:00.000Z,Sold,2008-01-10T00:00:00.000Z,Sold,1988-08-30T00:00:00.000Z,Sold,,,,,,,,,,,,,,,,,,,,
5,31,/homedetails/231-Brinkley-Dr-Kings-Mountain-NC-28086/349365612_zpid/,FOR_RENT,332000,"231 Brinkley Dr, Kings Mountain, NC 28086",231 Brinkley Dr,2595,2400,2595,https://www.zillow.com/homedetails/231-Brinkley-Dr-Kings-Mountain-NC-28086/349365612_zpid/,2026-08-07T00:00:00.000Z,Price change,2026-07-16T00:00:00.000Z,Listed for rent,2026-07-10T00:00:00.000Z,Sold,2026-05-14T00:00:00.000Z,Listed for sale,2026-05-10T00:00:00.000Z,Listing removed,2026-03-03T00:00:00.000Z,Price change,2026-02-05T00:00:00.000Z,Price change,2025-11-06T00:00:00.000Z,Listed for sale,2024-10-25T00:00:00.000Z,Sold,2024-08-21T00:00:00.000Z,Price change,2024-08-14T00:00:00.000Z,Price change,2024-07-09T00:00:00.000Z,Price change,2024-05-07T00:00:00.000Z,Price change,2024-05-04T00:00:00.000Z,Listed for sale,,,,,,,,,,,,,,,,,,,,,,,,,,,,
3,9,/homedetails/1533-S-Battleground-Ave-Kings-Mountain-NC-28086/464400646_zpid/,FOR_RENT,,"1533 S Battleground Ave, Kings Mountain, NC 28086",1533 S Battleground Ave,1900,1320,1900,https://www.zillow.com/homedetails/1533-S-Battleground-Ave-Kings-Mountain-NC-28086/464400646_zpid/,2026-08-07T00:00:00.000Z,Listed for rent,,,,,,,,,,,,,,,,,,,,,,,,,,,,,,,,,,,,,,,,,,,,,,,,,,,,,,
3,16,/homedetails/538-Belcaro-Dr-Kings-Mountain-NC-28086/339891879_zpid/,FOR_RENT,,"538 Belcaro Dr, Kings Mountain, NC 28086",538 Belcaro Dr,2065,1800,2065,https://www.zillow.com/homedetails/538-Belcaro-Dr-Kings-Mountain-NC-28086/339891879_zpid/,2026-08-12T00:00:00.000Z,Price change,2026-07-31T00:00:00.000Z,Listed for rent,2025-08-22T00:00:00.000Z,Listing removed,2025-08-12T00:00:00.000Z,Price change,2025-08-06T00:00:00.000Z,Price change,2025-07-30T00:00:00.000Z,Price change,2025-07-22T00:00:00.000Z,Price change,2025-07-15T00:00:00.000Z,Price change,2025-07-08T00:00:00.000Z,Price change,2025-07-01T00:00:00.000Z,Price change,2025-06-25T00:00:00.000Z,Listed for rent,2025-06-23T00:00:00.000Z,Listing removed,2025-06-17T00:00:00.000Z,Listed for rent,2025-04-17T00:00:00.000Z,Listing removed,2025-04-15T00:00:00.000Z,Price change,2025-03-31T00:00:00.000Z,Listed for rent,2022-08-11T00:00:00.000Z,Listing removed,2022-07-15T00:00:00.000Z,Listed for sale,,,,,,,,,,,,,,,,,,,,
3,39,/homedetails/1343-S-Battleground-Ave-Kings-Mountain-NC-28086/78285925_zpid/,FOR_RENT,995000,"1343 S Battleground Ave, Kings Mountain, NC 28086",1343 S Battleground Ave,2400,1724,2400,https://www.zillow.com/homedetails/1343-S-Battleground-Ave-Kings-Mountain-NC-28086/78285925_zpid/,2026-07-10T00:00:00.000Z,Listed for rent,2023-09-02T00:00:00.000Z,Listing removed,2023-08-28T00:00:00.000Z,Listed for rent,2023-08-05T00:00:00.000Z,Listing removed,2023-08-04T00:00:00.000Z,Price change,2023-08-01T00:00:00.000Z,Listed for rent,2022-10-25T00:00:00.000Z,Listing removed,2022-09-08T00:00:00.000Z,Listed for rent,2022-07-22T00:00:00.000Z,Listing removed,2022-07-17T00:00:00.000Z,Listed for rent,2022-03-30T00:00:00.000Z,Sold,2022-02-17T00:00:00.000Z,Pending sale,2022-02-16T00:00:00.000Z,Contingent,2022-02-15T00:00:00.000Z,Listed for sale,2021-11-16T00:00:00.000Z,Contingent,2021-11-06T00:00:00.000Z,Pending sale,2021-11-06T00:00:00.000Z,Contingent,2021-08-15T00:00:00.000Z,Listed for sale,,,,,,,,,,,,,,,,,,,,
4,33,/homedetails/206-Churchill-Dr-Kings-Mountain-NC-28086/336757347_zpid/,FOR_RENT,218000,"206 Churchill Dr, Kings Mountain, NC 28086",206 Churchill Dr,1999,1710,1999,https://www.zillow.com/homedetails/206-Churchill-Dr-Kings-Mountain-NC-28086/336757347_zpid/,2026-08-11T00:00:00.000Z,Price change,2026-08-04T00:00:00.000Z,Price change,2026-07-14T00:00:00.000Z,Listed for rent,2025-08-22T00:00:00.000Z,Listing removed,2025-08-20T00:00:00.000Z,Price change,2025-08-13T00:00:00.000Z,Price change,2025-08-06T00:00:00.000Z,Price change,2025-08-02T00:00:00.000Z,Price change,2025-07-29T00:00:00.000Z,Price change,2025-07-23T00:00:00.000Z,Listed for rent,2025-03-26T00:00:00.000Z,Listing removed,2025-03-26T00:00:00.000Z,Price change,2025-03-19T00:00:00.000Z,Price change,2025-02-26T00:00:00.000Z,Listed for rent,2023-03-17T00:00:00.000Z,Listing removed,2023-03-09T00:00:00.000Z,Price change,2023-03-01T00:00:00.000Z,Price change,2023-01-26T00:00:00.000Z,Price change,2023-01-21T00:00:00.000Z,Price change,2023-01-11T00:00:00.000Z,Listed for rent,2022-11-10T00:00:00.000Z,Sold,2022-10-18T00:00:00.000Z,Pending sale,2020-10-01T00:00:00.000Z,Sold,,,,,,,,,,
3,13,/homedetails/3005-Chapman-Ct-Bryant-AR-72022/116220648_zpid/,FOR_RENT,224500,"3005 Chapman Ct, Bryant, AR 72022",3005 Chapman Ct,2100,1588,2100,https://www.zillow.com/homedetails/3005-Chapman-Ct-Bryant-AR-72022/116220648_zpid/,2026-08-03T00:00:00.000Z,Listed for rent,2025-09-21T00:00:00.000Z,Listing removed,2025-09-09T00:00:00.000Z,Price change,2025-08-02T00:00:00.000Z,Listed for rent,2024-10-14T00:00:00.000Z,Listing removed,2024-07-01T00:00:00.000Z,Listing removed,2024-06-08T00:00:00.000Z,Listed for rent,2022-09-21T00:00:00.000Z,Listing removed,2022-09-15T00:00:00.000Z,Price change,2022-09-01T00:00:00.000Z,Sold,2022-08-12T00:00:00.000Z,Listed for rent,2022-07-28T00:00:00.000Z,Price change,2022-07-23T00:00:00.000Z,Listed for sale,2012-07-16T00:00:00.000Z,Sold,2012-01-19T00:00:00.000Z,Sold,,,,,,,,,,,,,,,,,,,,,,,,,,
3,4,/homedetails/14108-Cherry-Hill-Dr-Alexander-AR-72002/52934816_zpid/,FOR_RENT,155000,"14108 Cherry Hill Dr, Alexander, AR 72002",14108 Cherry Hill Dr,1475,1100,1475,https://www.zillow.com/homedetails/14108-Cherry-Hill-Dr-Alexander-AR-72002/52934816_zpid/,2026-08-12T00:00:00.000Z,Listed for rent,2026-06-22T00:00:00.000Z,Listing removed,2026-06-05T00:00:00.000Z,Listed for rent,2025-03-08T00:00:00.000Z,Listing removed,2025-02-04T00:00:00.000Z,Listed for rent,2023-10-25T00:00:00.000Z,Listing removed,2023-10-12T00:00:00.000Z,Listed for rent,2023-03-31T00:00:00.000Z,Listing removed,2023-03-27T00:00:00.000Z,Listed for rent,2023-03-10T00:00:00.000Z,Sold,,,,,,,,,,,,,,,,,,,,,,,,,,,,,,,,,,,,
4,2,/homedetails/3264-Sidell-Estates-Dr-Benton-AR-72015/2063496322_zpid/,FOR_RENT,,"3264 Sidell Estates Dr, Benton, AR 72015",3264 Sidell Estates Dr,1795,1652,1795,https://www.zillow.com/homedetails/3264-Sidell-Estates-Dr-Benton-AR-72015/2063496322_zpid/,2026-08-14T00:00:00.000Z,Listed for rent,2022-07-02T00:00:00.000Z,Listing removed,2022-06-10T00:00:00.000Z,Price change,2022-04-28T00:00:00.000Z,Listed for sale,,,,,,,,,,,,,,,,,,,,,,,,,,,,,,,,,,,,,,,,,,,,,,,,
4,6,/homedetails/1504-McCurdy-Benton-AR-72019/388159_zpid/,FOR_RENT,21500,"1504 McCurdy, Benton, AR 72019",1504 McCurdy,1895,1725,1895,https://www.zillow.com/homedetails/1504-McCurdy-Benton-AR-72019/388159_zpid/,2026-08-15T00:00:00.000Z,Price change,2026-08-11T00:00:00.000Z,Listed for rent,2022-12-09T00:00:00.000Z,Listing removed,2022-12-05T00:00:00.000Z,Listed for rent,2017-02-06T00:00:00.000Z,Listing removed,2017-01-19T00:00:00.000Z,Listed for rent,2015-11-02T00:00:00.000Z,Listing removed,2015-10-14T00:00:00.000Z,Listed for sale,2015-09-10T00:00:00.000Z,Listing removed,2015-08-31T00:00:00.000Z,Listed for sale,2015-02-17T00:00:00.000Z,Sold,2014-03-05T00:00:00.000Z,Sold,2013-07-03T00:00:00.000Z,Sold,,,,,,,,,,,,,,,,,,,,,,,,,,,,,,
3,9,/homedetails/403-Carriage-Dr-Benton-AR-72015/247595015_zpid/,FOR_RENT,224000,"403 Carriage Dr, Benton, AR 72015",403 Carriage Dr,1675,1400,1675,https://www.zillow.com/homedetails/403-Carriage-Dr-Benton-AR-72015/247595015_zpid/,2026-08-07T00:00:00.000Z,Listed for rent,2025-05-01T00:00:00.000Z,Listing removed,2025-04-18T00:00:00.000Z,Listed for rent,2025-04-16T00:00:00.000Z,Sold,2025-03-28T00:00:00.000Z,Contingent,2025-03-25T00:00:00.000Z,Listed for sale,2023-10-13T00:00:00.000Z,Sold,2017-08-18T00:00:00.000Z,Sold,,,,,,,,,,,,,,,,,,,,,,,,,,,,,,,,,,,,,,,,
3,19,/homedetails/4056-Kings-River-Trl-Bauxite-AR-72011/2062403626_zpid/,FOR_RENT,200660,"4056 Kings River Trl, Bauxite, AR 72011",4056 Kings River Trl,1495,1480,1495,https://www.zillow.com/homedetails/4056-Kings-River-Trl-Bauxite-AR-72011/2062403626_zpid/,2026-08-13T00:00:00.000Z,Price change,2026-07-29T00:00:00.000Z,Listed for rent,2023-02-11T00:00:00.000Z,Listing removed,2023-02-03T00:00:00.000Z,Price change,2023-01-11T00:00:00.000Z,Price change,2022-12-14T00:00:00.000Z,Price change,2022-11-22T00:00:00.000Z,Price change,2022-11-10T00:00:00.000Z,Listed for rent,2022-10-28T00:00:00.000Z,Sold,2022-10-08T00:00:00.000Z,Contingent,2022-08-24T00:00:00.000Z,Price change,2022-08-04T00:00:00.000Z,Price change,2022-07-26T00:00:00.000Z,Price change,2022-07-21T00:00:00.000Z,Listed for sale,2022-07-18T00:00:00.000Z,Listing removed,2022-07-13T00:00:00.000Z,Listed for sale,,,,,,,,,,,,,,,,,,,,,,,,
4,19,/homedetails/4332-Sloan-Dr-Alexander-AR-72002/464195265_zpid/,FOR_RENT,,"4332 Sloan Dr, Alexander, AR 72002",4332 Sloan Dr,2255,2112,2255,https://www.zillow.com/homedetails/4332-Sloan-Dr-Alexander-AR-72002/464195265_zpid/,2026-08-09T00:00:00.000Z,Listed for rent,,,,,,,,,,,,,,,,,,,,,,,,,,,,,,,,,,,,,,,,,,,,,,,,,,,,,,
3,38,/homedetails/1219-N-Parker-Haskell-St-Benton-AR-72015/392830_zpid/,FOR_RENT,35564,"1219 N Parker Haskell St, Benton, AR 72015",1219 N Parker Haskell St,1500,1680,1500,https://www.zillow.com/homedetails/1219-N-Parker-Haskell-St-Benton-AR-72015/392830_zpid/,2026-08-06T00:00:00.000Z,Price change,2026-07-09T00:00:00.000Z,Listed for rent,2025-12-12T00:00:00.000Z,Listing removed,2025-11-20T00:00:00.000Z,Listed for rent,2025-05-09T00:00:00.000Z,Listing removed,2025-05-04T00:00:00.000Z,Listing removed,2025-04-22T00:00:00.000Z,Price change,2025-04-13T00:00:00.000Z,Listed for rent,2025-03-03T00:00:00.000Z,Price change,2025-02-10T00:00:00.000Z,Price change,2025-02-02T00:00:00.000Z,Listed for sale,2023-09-17T00:00:00.000Z,Listing removed,2023-09-03T00:00:00.000Z,Listed for rent,2023-08-29T00:00:00.000Z,Listing removed,2023-06-16T00:00:00.000Z,Listed for sale,2023-04-17T00:00:00.000Z,Listing removed,2023-03-05T00:00:00.000Z,Price change,2023-02-01T00:00:00.000Z,Listed for sale,2022-05-23T00:00:00.000Z,Listing removed,2022-04-30T00:00:00.000Z,Listed for sale,2022-04-28T00:00:00.000Z,Contingent,2022-04-27T00:00:00.000Z,Price change,2022-03-26T00:00:00.000Z,Listed for sale,2016-02-18T00:00:00.000Z,Sold,2016-01-11T00:00:00.000Z,Listed for sale,2015-09-02T00:00:00.000Z,Sold,2009-08-13T00:00:00.000Z,Sold,2008-05-06T00:00:00.000Z,Sold
3,20,/homedetails/13723-Southfork-Dr-Alexander-AR-72002/393770_zpid/,FOR_RENT,135000,"13723 Southfork Dr, Alexander, AR 72002",13723 Southfork Dr,1450,1311,1450,https://www.zillow.com/homedetails/13723-Southfork-Dr-Alexander-AR-72002/393770_zpid/,2026-07-27T00:00:00.000Z,Listed for rent,2026-07-10T00:00:00.000Z,Sold,2021-06-23T00:00:00.000Z,Listing removed,2021-06-18T00:00:00.000Z,Listed for rent,2019-06-13T00:00:00.000Z,Sold,2019-05-31T00:00:00.000Z,Price change,2019-05-30T00:00:00.000Z,Price change,2019-05-25T00:00:00.000Z,Price change,2019-05-23T00:00:00.000Z,Price change,2019-05-20T00:00:00.000Z,Price change,2019-05-17T00:00:00.000Z,Price change,2019-05-16T00:00:00.000Z,Price change,2019-05-15T00:00:00.000Z,Price change,2019-05-12T00:00:00.000Z,Price change,2019-05-10T00:00:00.000Z,Price change,2019-05-09T00:00:00.000Z,Price change,2019-05-07T00:00:00.000Z,Price change,2019-05-05T00:00:00.000Z,Price change,2019-05-02T00:00:00.000Z,Price change,2019-02-11T00:00:00.000Z,Price change,2019-01-15T00:00:00.000Z,Listed for sale,,,,,,,,,,,,,,
4,3,/homedetails/1067-Huntington-Dr-Benton-AR-72019/2061767452_zpid/,FOR_RENT,,"1067 Huntington Dr, Benton, AR 72019",1067 Huntington Dr,1545,1459,1545,https://www.zillow.com/homedetails/1067-Huntington-Dr-Benton-AR-72019/2061767452_zpid/,2026-08-13T00:00:00.000Z,Listed for rent,2024-11-08T00:00:00.000Z,Listing removed,2024-11-05T00:00:00.000Z,Listed for rent,2024-03-22T00:00:00.000Z,Listing removed,2024-02-27T00:00:00.000Z,Listed for rent,2023-02-14T00:00:00.000Z,Listing removed,2023-01-26T00:00:00.000Z,Listed for rent,2022-12-17T00:00:00.000Z,Listing removed,2022-12-01T00:00:00.000Z,Price change,2022-11-11T00:00:00.000Z,Price change,2022-08-26T00:00:00.000Z,Listed for sale,,,,,,,,,,,,,,,,,,,,,,,,,,,,,,,,,,
3,86,/homedetails/2034-Shelby-Rd-Kings-Mountain-NC-28086/93001483_zpid/,FOR_RENT,,"2034 Shelby Rd, Kings Mountain, NC 28086",2034 Shelby Rd,1250,910,1250,https://www.zillow.com/homedetails/2034-Shelby-Rd-Kings-Mountain-NC-28086/93001483_zpid/,2026-05-23T00:00:00.000Z,Listed for rent,2025-11-06T00:00:00.000Z,Listing removed,2025-10-06T00:00:00.000Z,Listed for rent,2025-06-28T00:00:00.000Z,Listing removed,2025-06-25T00:00:00.000Z,Listed for rent,,,,,,,,,,,,,,,,,,,,,,,,,,,,,,,,,,,,,,,,,,,,,,
4,68,/homedetails/12239-Skyview-Dr-Bauxite-AR-72011/71715798_zpid/,FOR_RENT,135000,"12239 Skyview Dr, Bauxite, AR 72011",12239 Skyview Dr,1600,1600,1600,https://www.zillow.com/homedetails/12239-Skyview-Dr-Bauxite-AR-72011/71715798_zpid/,2026-08-11T00:00:00.000Z,Price change,2026-07-30T00:00:00.000Z,Price change,2026-06-09T00:00:00.000Z,Listed for rent,2024-05-15T00:00:00.000Z,Sold,2021-02-06T00:00:00.000Z,Sold,2020-10-27T00:00:00.000Z,Price change,2020-09-10T00:00:00.000Z,Listed for sale,2008-07-10T00:00:00.000Z,Sold,,,,,,,,,,,,,,,,,,,,,,,,,,,,,,,,,,,,,,,,
3,30,/homedetails/623-Dyer-Cir-Benton-AR-72015/386376_zpid/,FOR_RENT,87000,"623 Dyer Cir, Benton, AR 72015",623 Dyer Cir,1995,2053,1995,https://www.zillow.com/homedetails/623-Dyer-Cir-Benton-AR-72015/386376_zpid/,2026-07-27T00:00:00.000Z,Price change,2026-07-17T00:00:00.000Z,Listed for rent,2004-07-02T00:00:00.000Z,Sold,,,,,,,,,,,,,,,,,,,,,,,,,,,,,,,,,,,,,,,,,,,,,,,,,,
3,2,/homedetails/721-S-Richards-Benton-AR-72015/389133_zpid/,FOR_RENT,29900,"721 S Richards, Benton, AR 72015",721 S Richards,1650,1544,1650,https://www.zillow.com/homedetails/721-S-Richards-Benton-AR-72015/389133_zpid/,2026-08-14T00:00:00.000Z,Listed for rent,2026-08-07T00:00:00.000Z,Listing removed,2026-08-03T00:00:00.000Z,Price change,2026-07-22T00:00:00.000Z,Listed for rent,2023-07-28T00:00:00.000Z,Sold,2023-07-09T00:00:00.000Z,Contingent,2023-06-29T00:00:00.000Z,Listed for sale,,,,,,,,,,,,,,,,,,,,,,,,,,,,,,,,,,,,,,,,,,
3,7,/homedetails/1021-Spangle-St-Benton-AR-72015/68020664_zpid/,FOR_RENT,87000,"1021 Spangle St, Benton, AR 72015",1021 Spangle St,1650,1300,1650,https://www.zillow.com/homedetails/1021-Spangle-St-Benton-AR-72015/68020664_zpid/,2026-08-09T00:00:00.000Z,Listed for rent,2004-12-29T00:00:00.000Z,Sold,,,,,,,,,,,,,,,,,,,,,,,,,,,,,,,,,,,,,,,,,,,,,,,,,,,,
3,34,/homedetails/918-Cedar-Haskell-St-Haskell-AR-72015/61187359_zpid/,FOR_RENT,,"918 Cedar Haskell St, Haskell, AR 72015",918 Cedar Haskell St,1150,1088,1150,https://www.zillow.com/homedetails/918-Cedar-Haskell-St-Haskell-AR-72015/61187359_zpid/,2026-07-13T00:00:00.000Z,Listed for rent,,,,,,,,,,,,,,,,,,,,,,,,,,,,,,,,,,,,,,,,,,,,,,,,,,,,,,
3,76,/homedetails/2225-Redwood-Benton-AR-72015/52934068_zpid/,FOR_RENT,132000,"2225 Redwood, Benton, AR 72015",2225 Redwood,1950,1758,1950,https://www.zillow.com/homedetails/2225-Redwood-Benton-AR-72015/52934068_zpid/,2026-07-13T00:00:00.000Z,Price change,2026-06-01T00:00:00.000Z,Listed for rent,2025-05-31T00:00:00.000Z,Listing removed,2025-05-17T00:00:00.000Z,Listed for rent,2025-05-16T00:00:00.000Z,Listing removed,2025-04-17T00:00:00.000Z,Listed for rent,2025-04-16T00:00:00.000Z,Listing removed,2024-10-29T00:00:00.000Z,Listed for rent,2023-07-19T00:00:00.000Z,Listing removed,2023-06-20T00:00:00.000Z,Listed for rent,2022-03-04T00:00:00.000Z,Listing removed,2022-02-12T00:00:00.000Z,Listed for rent,2020-08-15T00:00:00.000Z,Listing removed,2020-08-04T00:00:00.000Z,Listed for rent,2019-06-13T00:00:00.000Z,Listing removed,2019-06-04T00:00:00.000Z,Listed for rent,2018-10-16T00:00:00.000Z,Listing removed,2018-08-10T00:00:00.000Z,Price change,2018-08-07T00:00:00.000Z,Listed for rent,2015-07-18T00:00:00.000Z,Listing removed,2015-06-11T00:00:00.000Z,Listed for rent,2014-04-25T00:00:00.000Z,Listing removed,2014-02-22T00:00:00.000Z,Price change,2014-01-21T00:00:00.000Z,Price change,2013-10-18T00:00:00.000Z,Sold,2013-10-14T00:00:00.000Z,Listed for rent,2011-11-01T00:00:00.000Z,Sold,2009-01-13T00:00:00.000Z,Sold
4,4,/homedetails/109-Baltusrol-Dr-Benton-AR-72015/2059993935_zpid/,FOR_RENT,,"109 Baltusrol Dr, Benton, AR 72015",109 Baltusrol Dr,1775,1750,1775,https://www.zillow.com/homedetails/109-Baltusrol-Dr-Benton-AR-72015/2059993935_zpid/,2026-08-12T00:00:00.000Z,Listed for rent,2024-08-02T00:00:00.000Z,Listing removed,2024-08-01T00:00:00.000Z,Price change,2024-07-03T00:00:00.000Z,Listed for rent,2023-01-26T00:00:00.000Z,Listing removed,2023-01-19T00:00:00.000Z,Listed for rent,,,,,,,,,,,,,,,,,,,,,,,,,,,,,,,,,,,,,,,,,,,,
3,81,/homedetails/14805-Post-Oaks-Pl-Mabelvale-AR-72103/377459_zpid/,FOR_RENT,139000,"14805 Post Oaks Pl, Mabelvale, AR 72103",14805 Post Oaks Pl,1595,1418,1595,https://www.zillow.com/homedetails/14805-Post-Oaks-Pl-Mabelvale-AR-72103/377459_zpid/,2026-07-29T00:00:00.000Z,Price change,2026-07-15T00:00:00.000Z,Price change,2026-06-05T00:00:00.000Z,Price change,2026-05-27T00:00:00.000Z,Listed for rent,2023-11-16T00:00:00.000Z,Listing removed,2023-10-31T00:00:00.000Z,Listed for rent,2021-09-17T00:00:00.000Z,Listing removed,2021-08-30T00:00:00.000Z,Listed for rent,2021-06-21T00:00:00.000Z,Sold,2021-05-19T00:00:00.000Z,Listed for sale,2018-12-03T00:00:00.000Z,Sold,2018-12-01T00:00:00.000Z,Pending sale,2018-10-30T00:00:00.000Z,Price change,2018-10-10T00:00:00.000Z,Listed for sale,2011-05-20T00:00:00.000Z,Listing removed,2010-12-02T00:00:00.000Z,Sold,2010-05-23T00:00:00.000Z,Listed for sale,2007-12-05T00:00:00.000Z,Sold,,,,,,,,,,,,,,,,,,,,
4,2,/homedetails/5719-Heritage-Heights-Dr-Benton-AR-72019/71715729_zpid/,FOR_RENT,22000,"5719 Heritage Heights Dr, Benton, AR 72019",5719 Heritage Heights Dr,1800,1650,1800,https://www.zillow.com/homedetails/5719-Heritage-Heights-Dr-Benton-AR-72019/71715729_zpid/,2026-08-14T00:00:00.000Z,Listed for rent,2025-04-01T00:00:00.000Z,Listing removed,2025-03-06T00:00:00.000Z,Listed for rent,2023-10-30T00:00:00.000Z,Listing removed,2023-10-23T00:00:00.000Z,Listed for rent,2022-10-27T00:00:00.000Z,Listing removed,2022-09-26T00:00:00.000Z,Price change,2022-08-22T00:00:00.000Z,Listed for rent,2021-03-24T00:00:00.000Z,Listing removed,2018-08-04T00:00:00.000Z,Listing removed,2018-07-30T00:00:00.000Z,Listed for rent,2017-02-19T00:00:00.000Z,Listing removed,2017-02-06T00:00:00.000Z,Listed for rent,2016-10-28T00:00:00.000Z,Listing removed,2014-04-08T00:00:00.000Z,Listing removed,2014-03-29T00:00:00.000Z,Listed for rent,2013-01-05T00:00:00.000Z,Listing removed,2012-10-26T00:00:00.000Z,Listed for sale,2012-10-26T00:00:00.000Z,Listing removed,2012-10-07T00:00:00.000Z,Listed for rent,2010-03-24T00:00:00.000Z,Sold,,,,,,,,,,,,,,
3,24,/homedetails/3562-Terrace-Hill-Ct-Benton-AR-72019/247594484_zpid/,FOR_RENT,122580,"3562 Terrace Hill Ct, Benton, AR 72019",3562 Terrace Hill Ct,1500,,1500,https://www.zillow.com/homedetails/3562-Terrace-Hill-Ct-Benton-AR-72019/247594484_zpid/,2026-07-23T00:00:00.000Z,Listed for rent,2023-06-22T00:00:00.000Z,Listing removed,2023-06-11T00:00:00.000Z,Listed for rent,2022-05-05T00:00:00.000Z,Listing removed,2022-04-19T00:00:00.000Z,Listed for rent,2022-03-04T00:00:00.000Z,Sold,,,,,,,,,,,,,,,,,,,,,,,,,,,,,,,,,,,,,,,,,,,,
3,63,/homedetails/921-Banner-St-Benton-AR-72015/384140_zpid/,FOR_RENT,16500,"921 Banner St, Benton, AR 72015",921 Banner St,1600,1375,1600,https://www.zillow.com/homedetails/921-Banner-St-Benton-AR-72015/384140_zpid/,2026-06-14T00:00:00.000Z,Listed for rent,2025-12-10T00:00:00.000Z,Listing removed,2025-11-09T00:00:00.000Z,Price change,2025-09-26T00:00:00.000Z,Listed for rent,2025-06-24T00:00:00.000Z,Listing removed,2025-06-10T00:00:00.000Z,Listed for rent,2025-06-09T00:00:00.000Z,Listing removed,2025-03-26T00:00:00.000Z,Listed for sale,2024-01-31T00:00:00.000Z,Sold,2023-03-30T00:00:00.000Z,Sold,2005-10-06T00:00:00.000Z,Sold,,,,,,,,,,,,,,,,,,,,,,,,,,,,,,,,,,
3,37,/homedetails/127-Rachel-Cv-Haskell-AR-72015/92428814_zpid/,FOR_RENT,,"127 Rachel Cv, Haskell, AR 72015",127 Rachel Cv,1200,1456,1200,https://www.zillow.com/homedetails/127-Rachel-Cv-Haskell-AR-72015/92428814_zpid/,2026-07-10T00:00:00.000Z,Listed for rent,2025-01-29T00:00:00.000Z,Listing removed,2025-01-07T00:00:00.000Z,Listed for rent,2024-12-13T00:00:00.000Z,Listing removed,2024-10-22T00:00:00.000Z,Listed for rent,,,,,,,,,,,,,,,,,,,,,,,,,,,,,,,,,,,,,,,,,,,,,,
3,33,/homedetails/1298-Ridge-Rd-Benton-AR-72015/114166758_zpid/,FOR_RENT,,"1298 Ridge Rd, Benton, AR 72015",1298 Ridge Rd,1145,1108,1145,https://www.zillow.com/homedetails/1298-Ridge-Rd-Benton-AR-72015/114166758_zpid/,2026-08-13T00:00:00.000Z,Price change,2026-08-06T00:00:00.000Z,Price change,2026-07-14T00:00:00.000Z,Listed for rent,2022-10-07T00:00:00.000Z,Listing removed,2022-09-22T00:00:00.000Z,Listed for rent,2021-09-20T00:00:00.000Z,Listing removed,2021-08-20T00:00:00.000Z,Listed for rent,,,,,,,,,,,,,,,,,,,,,,,,,,,,,,,,,,,,,,,,,,
3,40,/homedetails/2919-Gage-Dr-Benton-AR-72019/68021370_zpid/,FOR_RENT,144000,"2919 Gage Dr, Benton, AR 72019",2919 Gage Dr,1495,1310,1495,https://www.zillow.com/homedetails/2919-Gage-Dr-Benton-AR-72019/68021370_zpid/,2026-08-06T00:00:00.000Z,Price change,2026-07-07T00:00:00.000Z,Listed for rent,2026-05-05T00:00:00.000Z,Sold,2021-03-01T00:00:00.000Z,Sold,2013-08-07T00:00:00.000Z,Listing removed,2013-07-25T00:00:00.000Z,Price change,2013-07-15T00:00:00.000Z,Listed for sale,2009-07-28T00:00:00.000Z,Sold,,,,,,,,,,,,,,,,,,,,,,,,,,,,,,,,,,,,,,,,
3,164,/homedetails/3123-Lori-Lake-Rd-Benton-AR-72019/453026788_zpid/,FOR_RENT,,"3123 Lori Lake Rd, Benton, AR 72019",3123 Lori Lake Rd,1000,1280,1000,https://www.zillow.com/homedetails/3123-Lori-Lake-Rd-Benton-AR-72019/453026788_zpid/,2025-06-07T00:00:00.000Z,Listed for rent,,,,,,,,,,,,,,,,,,,,,,,,,,,,,,,,,,,,,,,,,,,,,,,,,,,,,,
4,35,/homedetails/13824-Joan-Dr-Shannon-Hills-AR-72103/393598_zpid/,FOR_RENT,59000,"13824 Joan Dr, Shannon Hills, AR 72103",13824 Joan Dr,1400,1200,1400,https://www.zillow.com/homedetails/13824-Joan-Dr-Shannon-Hills-AR-72103/393598_zpid/,2026-07-12T00:00:00.000Z,Listed for rent,2019-03-19T00:00:00.000Z,Listing removed,2018-09-14T00:00:00.000Z,Listed for rent,2018-09-13T00:00:00.000Z,Sold,2018-07-24T00:00:00.000Z,Price change,2018-07-04T00:00:00.000Z,Listed for sale,,,,,,,,,,,,,,,,,,,,,,,,,,,,,,,,,,,,,,,,,,,,
3,47,/homedetails/118-E-Elm-Haskell-St-Benton-AR-72015/2061131914_zpid/,FOR_RENT,,"118 E Elm Haskell St, Benton, AR 72015",118 E Elm Haskell St,1200,1300,1200,https://www.zillow.com/homedetails/118-E-Elm-Haskell-St-Benton-AR-72015/2061131914_zpid/,2026-06-30T00:00:00.000Z,Listed for rent,2025-05-19T00:00:00.000Z,Listing removed,2025-05-02T00:00:00.000Z,Listed for rent,2023-07-05T00:00:00.000Z,Listing removed,2023-06-15T00:00:00.000Z,Listed for rent,2022-10-20T00:00:00.000Z,Listing removed,2022-10-14T00:00:00.000Z,Listed for rent,,,,,,,,,,,,,,,,,,,,,,,,,,,,,,,,,,,,,,,,,,
4,24,/homedetails/5318-Charles-Ct-Bryant-AR-72022/82280503_zpid/,FOR_RENT,350000,"5318 Charles Ct, Bryant, AR 72022",5318 Charles Ct,3500,2651,3500,https://www.zillow.com/homedetails/5318-Charles-Ct-Bryant-AR-72022/82280503_zpid/,2026-07-23T00:00:00.000Z,Listed for rent,2026-07-10T00:00:00.000Z,Listing removed,2026-06-05T00:00:00.000Z,Listed for rent,2025-09-23T00:00:00.000Z,Sold,2025-08-14T00:00:00.000Z,Price change,2025-08-01T00:00:00.000Z,Listed for sale,2011-07-22T00:00:00.000Z,Sold,2011-05-14T00:00:00.000Z,Listed for sale,2009-10-27T00:00:00.000Z,Sold,2009-06-09T00:00:00.000Z,Sold,,,,,,,,,,,,,,,,,,,,,,,,,,,,,,,,,,,,
3,10,/homedetails/6049-Orange-Valley-Cv-Alexander-AR-72002/2083908811_zpid/,FOR_RENT,,"6049 Orange Valley Cv, Alexander, AR 72002",6049 Orange Valley Cv,1550,1340,1550,https://www.zillow.com/homedetails/6049-Orange-Valley-Cv-Alexander-AR-72002/2083908811_zpid/,2026-08-11T00:00:00.000Z,Price change,2026-08-06T00:00:00.000Z,Listed for rent,2026-07-08T00:00:00.000Z,Listing removed,2026-06-03T00:00:00.000Z,Listed for rent,2023-03-22T00:00:00.000Z,Listing removed,2023-03-07T00:00:00.000Z,Price change,2023-02-15T00:00:00.000Z,Listed for rent,2019-07-09T00:00:00.000Z,Listing removed,2019-06-24T00:00:00.000Z,Price change,2019-06-19T00:00:00.000Z,Listed for rent,,,,,,,,,,,,,,,,,,,,,,,,,,,,,,,,,,,,
4,53,/homedetails/4521-Western-Woods-Dr-Benton-AR-72015/2057974580_zpid/,FOR_RENT,313100,"4521 Western Woods Dr, Benton, AR 72015",4521 Western Woods Dr,1895,1843,1895,https://www.zillow.com/homedetails/4521-Western-Woods-Dr-Benton-AR-72015/2057974580_zpid/,2026-08-13T00:00:00.000Z,Price change,2026-06-25T00:00:00.000Z,Listed for rent,2023-05-03T00:00:00.000Z,Listing removed,2023-04-24T00:00:00.000Z,Price change,2023-04-22T00:00:00.000Z,Listed for rent,2023-03-31T00:00:00.000Z,Sold,,,,,,,,,,,,,,,,,,,,,,,,,,,,,,,,,,,,,,,,,,,,
4,13,/homedetails/1031-20th-Avenue-Loop-SE-Hickory-NC-28602/447124343_zpid/,FOR_RENT,,"1031 20th Avenue Loop SE, Hickory, NC 28602",1031 20th Avenue Loop SE,1995,1613,1995,https://www.zillow.com/homedetails/1031-20th-Avenue-Loop-SE-Hickory-NC-28602/447124343_zpid/,2026-08-03T00:00:00.000Z,Listed for rent,2025-06-21T00:00:00.000Z,Listing removed,2025-05-22T00:00:00.000Z,Listed for rent,2025-04-17T00:00:00.000Z,Listing removed,2025-04-15T00:00:00.000Z,Price change,2025-02-07T00:00:00.000Z,Listed for sale,,,,,,,,,,,,,,,,,,,,,,,,,,,,,,,,,,,,,,,,,,,,
4,13,/homedetails/6056-Orange-Valley-Cv-Mabelvale-AR-72103/463591455_zpid/,FOR_RENT,,"6056 Orange Valley Cv, Mabelvale, AR 72103",6056 Orange Valley Cv,1675,1537,1675,https://www.zillow.com/homedetails/6056-Orange-Valley-Cv-Mabelvale-AR-72103/463591455_zpid/,2026-07-01T00:00:00.000Z,Listed for rent,,,,,,,,,,,,,,,,,,,,,,,,,,,,,,,,,,,,,,,,,,,,,,,,,,,,,,
3,95,/homedetails/3153-Stonewall-Dr-Benton-AR-72015/92431831_zpid/,FOR_RENT,420000,"3153 Stonewall Dr, Benton, AR 72015",3153 Stonewall Dr,2099,2104,2099,https://www.zillow.com/homedetails/3153-Stonewall-Dr-Benton-AR-72015/92431831_zpid/,2026-06-17T00:00:00.000Z,Price change,2026-05-13T00:00:00.000Z,Listed for rent,2026-02-02T00:00:00.000Z,Listing removed,2025-11-17T00:00:00.000Z,Listed for rent,2023-06-16T00:00:00.000Z,Listing removed,2023-05-24T00:00:00.000Z,Listed for rent,2008-10-03T00:00:00.000Z,Sold,2007-07-18T00:00:00.000Z,Sold,2007-03-01T00:00:00.000Z,Sold,,,,,,,,,,,,,,,,,,,,,,,,,,,,,,,,,,,,,,
3,11,/homedetails/60-Parkview-Dr-Cabot-AR-72023/255734_zpid/,FOR_RENT,135000,"60 Parkview Dr, Cabot, AR 72023",60 Parkview Dr,1375,1475,1375,https://www.zillow.com/homedetails/60-Parkview-Dr-Cabot-AR-72023/255734_zpid/,2026-08-05T00:00:00.000Z,Listed for rent,2025-06-11T00:00:00.000Z,Listing removed,2025-06-10T00:00:00.000Z,Listed for rent,2025-06-09T00:00:00.000Z,Listing removed,2025-05-09T00:00:00.000Z,Listed for rent,2023-04-19T00:00:00.000Z,Listing removed,2023-04-06T00:00:00.000Z,Listed for rent,2022-08-24T00:00:00.000Z,Listing removed,2022-08-03T00:00:00.000Z,Listed for rent,2022-06-28T00:00:00.000Z,Sold,2017-04-01T00:00:00.000Z,Listing removed,2017-02-26T00:00:00.000Z,Listed for rent,2013-07-08T00:00:00.000Z,Sold,2010-01-05T00:00:00.000Z,Sold,2009-01-20T00:00:00.000Z,Listing removed,2008-09-29T00:00:00.000Z,Listed for sale,,,,,,,,,,,,,,,,,,,,,,,,
4,73,/homedetails/5813-Heritage-Heights-Dr-Benton-AR-72019/71715692_zpid/,FOR_RENT,199000,"5813 Heritage Heights Dr, Benton, AR 72019",5813 Heritage Heights Dr,1745,1792,1745,https://www.zillow.com/homedetails/5813-Heritage-Heights-Dr-Benton-AR-72019/71715692_zpid/,2026-08-12T00:00:00.000Z,Price change,2026-07-29T00:00:00.000Z,Price change,2026-07-15T00:00:00.000Z,Price change,2026-06-04T00:00:00.000Z,Listed for rent,2024-04-06T00:00:00.000Z,Listing removed,2024-03-28T00:00:00.000Z,Listed for rent,2023-07-05T00:00:00.000Z,Listing removed,2023-06-23T00:00:00.000Z,Listed for rent,2022-05-23T00:00:00.000Z,Listing removed,2022-05-17T00:00:00.000Z,Listed for rent,2022-02-23T00:00:00.000Z,Listing removed,2022-02-04T00:00:00.000Z,Price change,2021-12-21T00:00:00.000Z,Listed for rent,2021-11-17T00:00:00.000Z,Sold,2021-11-12T00:00:00.000Z,Contingent,2021-10-13T00:00:00.000Z,Listed for sale,2016-02-17T00:00:00.000Z,Sold,2014-10-06T00:00:00.000Z,Listing removed,2014-07-21T00:00:00.000Z,Price change,2013-10-18T00:00:00.000Z,Listed for sale,,,,,,,,,,,,,,,,
4,33,/homedetails/667-13th-Avenue-Dr-NE-Hickory-NC-28601/461540370_zpid/,FOR_RENT,,"667 13th Avenue Dr NE, Hickory, NC 28601",667 13th Avenue Dr NE,2355,2174,2355,https://www.zillow.com/homedetails/667-13th-Avenue-Dr-NE-Hickory-NC-28601/461540370_zpid/,2026-07-14T00:00:00.000Z,Listed for rent,2026-05-18T00:00:00.000Z,Listing removed,2026-04-07T00:00:00.000Z,Listed for sale,,,,,,,,,,,,,,,,,,,,,,,,,,,,,,,,,,,,,,,,,,,,,,,,,,
4,6,/homedetails/2471-Pleasant-Willow-Dr-Benton-AR-72015/118173689_zpid/,FOR_RENT,245000,"2471 Pleasant Willow Dr, Benton, AR 72015",2471 Pleasant Willow Dr,1900,1800,1900,https://www.zillow.com/homedetails/2471-Pleasant-Willow-Dr-Benton-AR-72015/118173689_zpid/,2026-08-10T00:00:00.000Z,Listed for rent,2025-02-16T00:00:00.000Z,Listing removed,2025-01-03T00:00:00.000Z,Listed for rent,2019-04-23T00:00:00.000Z,Listing removed,2019-02-06T00:00:00.000Z,Listed for sale,2012-04-30T00:00:00.000Z,Sold,,,,,,,,,,,,,,,,,,,,,,,,,,,,,,,,,,,,,,,,,,,,
3,32,/homedetails/53-Dunnaway-Dr-Austin-AR-72007/2056813469_zpid/,FOR_RENT,195000,"53 Dunnaway Dr, Austin, AR 72007",53 Dunnaway Dr,1600,1403,1600,https://www.zillow.com/homedetails/53-Dunnaway-Dr-Austin-AR-72007/2056813469_zpid/,2026-07-16T00:00:00.000Z,Listed for rent,2025-09-03T00:00:00.000Z,Listing removed,2025-09-02T00:00:00.000Z,Listing removed,2025-07-29T00:00:00.000Z,Listed for rent,2025-06-14T00:00:00.000Z,Listed for sale,2023-10-13T00:00:00.000Z,Sold,2023-09-06T00:00:00.000Z,Contingent,2023-07-15T00:00:00.000Z,Listed for sale,,,,,,,,,,,,,,,,,,,,,,,,,,,,,,,,,,,,,,,,
3,68,/homedetails/3006-Hilldale-Rd-Alexander-AR-72002/368446_zpid/,FOR_RENT,210000,"3006 Hilldale Rd, Alexander, AR 72002",3006 Hilldale Rd,1795,1960,1795,https://www.zillow.com/homedetails/3006-Hilldale-Rd-Alexander-AR-72002/368446_zpid/,2026-08-12T00:00:00.000Z,Price change,2026-07-29T00:00:00.000Z,Price change,2026-06-09T00:00:00.000Z,Listed for rent,2025-05-30T00:00:00.000Z,Listing removed,2025-04-23T00:00:00.000Z,Price change,2025-03-15T00:00:00.000Z,Listed for rent,2024-11-06T00:00:00.000Z,Listing removed,2024-10-24T00:00:00.000Z,Price change,2024-10-16T00:00:00.000Z,Price change,2024-10-10T00:00:00.000Z,Listed for rent,2024-10-01T00:00:00.000Z,Listing removed,2024-09-25T00:00:00.000Z,Price change,2024-09-24T00:00:00.000Z,Listed for rent,2024-05-21T00:00:00.000Z,Listing removed,2024-05-13T00:00:00.000Z,Price change,2024-05-10T00:00:00.000Z,Price change,2024-05-09T00:00:00.000Z,Price change,2024-05-02T00:00:00.000Z,Price change,2024-05-01T00:00:00.000Z,Price change,2024-04-25T00:00:00.000Z,Price change,2024-04-02T00:00:00.000Z,Listed for rent,2024-01-08T00:00:00.000Z,Listing removed,2023-10-01T00:00:00.000Z,Price change,2023-08-19T00:00:00.000Z,Price change,2023-08-02T00:00:00.000Z,Listed for sale,2021-06-21T00:00:00.000Z,Sold,2017-02-15T00:00:00.000Z,Sold,,
3,2,/homedetails/916-Desoto-Pl-Benton-AR-72015/382883_zpid/,FOR_RENT,210000,"916 Desoto Pl, Benton, AR 72015",916 Desoto Pl,1150,912,1150,https://www.zillow.com/homedetails/916-Desoto-Pl-Benton-AR-72015/382883_zpid/,2026-08-14T00:00:00.000Z,Listed for rent,2025-01-28T00:00:00.000Z,Listing removed,2025-01-21T00:00:00.000Z,Price change,2024-12-10T00:00:00.000Z,Listed for rent,2023-12-16T00:00:00.000Z,Listing removed,2023-10-23T00:00:00.000Z,Listed for rent,2022-10-11T00:00:00.000Z,Listing removed,2022-08-23T00:00:00.000Z,Listed for rent,2022-04-13T00:00:00.000Z,Listing removed,2022-04-06T00:00:00.000Z,Listed for rent,2022-03-26T00:00:00.000Z,Listing removed,2022-02-28T00:00:00.000Z,Price change,2022-02-11T00:00:00.000Z,Price change,2022-01-31T00:00:00.000Z,Listed for rent,2021-08-06T00:00:00.000Z,Sold,2016-07-27T00:00:00.000Z,Sold,2016-02-24T00:00:00.000Z,Listed for sale,2016-01-22T00:00:00.000Z,Listing removed,2016-01-19T00:00:00.000Z,Listed for sale,2009-08-28T00:00:00.000Z,Listing removed,2009-02-04T00:00:00.000Z,Listed for sale,,,,,,,,,,,,,,
3,16,/homedetails/3201-Stivers-Blvd-Bryant-AR-72022/391950_zpid/,FOR_RENT,125000,"3201 Stivers Blvd, Bryant, AR 72022",3201 Stivers Blvd,1550,1279,1550,https://www.zillow.com/homedetails/3201-Stivers-Blvd-Bryant-AR-72022/391950_zpid/,2026-08-10T00:00:00.000Z,Price change,2026-07-31T00:00:00.000Z,Listed for rent,2022-12-14T00:00:00.000Z,Listing removed,2022-12-05T00:00:00.000Z,Listed for rent,2020-07-28T00:00:00.000Z,Listing removed,2020-07-21T00:00:00.000Z,Listed for rent,2020-07-20T00:00:00.000Z,Sold,2016-10-28T00:00:00.000Z,Sold,2016-08-21T00:00:00.000Z,Listed for sale,2008-08-15T00:00:00.000Z,Sold,,,,,,,,,,,,,,,,,,,,,,,,,,,,,,,,,,,,
3,131,/homedetails/3225-Jean-Cv-Alexander-AR-72002/378862_zpid/,FOR_RENT,,"3225 Jean Cv, Alexander, AR 72002",3225 Jean Cv,2600,2827,2600,https://www.zillow.com/homedetails/3225-Jean-Cv-Alexander-AR-72002/378862_zpid/,2026-07-27T00:00:00.000Z,Price change,2026-04-07T00:00:00.000Z,Listed for rent,,,,,,,,,,,,,,,,,,,,,,,,,,,,,,,,,,,,,,,,,,,,,,,,,,,,
4,34,/homedetails/1423-Mammoth-Rd-Hickory-NC-28602/461722831_zpid/,FOR_RENT,,"1423 Mammoth Rd, Hickory, NC 28602",1423 Mammoth Rd,2195,1927,2195,https://www.zillow.com/homedetails/1423-Mammoth-Rd-Hickory-NC-28602/461722831_zpid/,2026-07-14T00:00:00.000Z,Listed for rent,2026-05-26T00:00:00.000Z,Listing removed,2026-05-19T00:00:00.000Z,Price change,2026-04-15T00:00:00.000Z,Listed for sale,,,,,,,,,,,,,,,,,,,,,,,,,,,,,,,,,,,,,,,,,,,,,,,,
3,128,/homedetails/2305-Coraltree-Dr-Bryant-AR-72022/391471_zpid/,RECENTLY_SOLD,179000,"2305 Coraltree Dr, Bryant, AR 72022",2305 Coraltree Dr,179000,1583,179000,https://www.zillow.com/homedetails/2305-Coraltree-Dr-Bryant-AR-72022/391471_zpid/,2026-07-27T00:00:00.000Z,Listing removed,2026-07-21T00:00:00.000Z,Listed for rent,2026-06-10T00:00:00.000Z,Listing removed,2026-05-27T00:00:00.000Z,Listed for rent,2026-04-10T00:00:00.000Z,Sold,2026-03-28T00:00:00.000Z,Contingent,2026-03-25T00:00:00.000Z,Listed for sale,,,,,,,,,,,,,,,,,,,,,,,,,,,,,,,,,,,,,,,,,,
4,6,/homedetails/9207-Pleasant-Valley-Dr-Alexander-AR-72002/305110248_zpid/,FOR_RENT,,"9207 Pleasant Valley Dr, Alexander, AR 72002",9207 Pleasant Valley Dr,1695,1476,1695,https://www.zillow.com/homedetails/9207-Pleasant-Valley-Dr-Alexander-AR-72002/305110248_zpid/,2026-07-09T00:00:00.000Z,Listed for rent,2026-06-26T00:00:00.000Z,Listing removed,2026-06-18T00:00:00.000Z,Listed for rent,2023-10-30T00:00:00.000Z,Listing removed,2023-10-26T00:00:00.000Z,Listed for rent,,,,,,,,,,,,,,,,,,,,,,,,,,,,,,,,,,,,,,,,,,,,,,
3,4,/homedetails/917-Vista-Dr-Cabot-AR-72023/446798637_zpid/,FOR_RENT,,"917 Vista Dr, Cabot, AR 72023",917 Vista Dr,1595,1668,1595,https://www.zillow.com/homedetails/917-Vista-Dr-Cabot-AR-72023/446798637_zpid/,2026-08-12T00:00:00.000Z,Listed for rent,2025-03-26T00:00:00.000Z,Listing removed,2025-03-14T00:00:00.000Z,Price change,2025-01-31T00:00:00.000Z,Listed for rent,,,,,,,,,,,,,,,,,,,,,,,,,,,,,,,,,,,,,,,,,,,,,,,,
3,53,/homedetails/1936-Eigth-St-Hickory-NC-28602/2052991619_zpid/,FOR_RENT,,"1936 Eigth St, Hickory, NC 28602",1936 Eigth St,1795,1695,1795,https://www.zillow.com/homedetails/1936-Eigth-St-Hickory-NC-28602/2052991619_zpid/,2026-08-14T00:00:00.000Z,Price change,2026-07-27T00:00:00.000Z,Price change,2026-07-07T00:00:00.000Z,Price change,2026-06-24T00:00:00.000Z,Listed for rent,2024-03-28T00:00:00.000Z,Listing removed,2024-03-18T00:00:00.000Z,Price change,2024-03-05T00:00:00.000Z,Price change,2024-02-22T00:00:00.000Z,Price change,2024-02-21T00:00:00.000Z,Price change,2024-02-01T00:00:00.000Z,Listed for rent,,,,,,,,,,,,,,,,,,,,,,,,,,,,,,,,,,,,
3,61,/homedetails/13996-Pine-Glen-Cv-Alexander-AR-72002/92431875_zpid/,FOR_RENT,179000,"13996 Pine Glen Cv, Alexander, AR 72002",13996 Pine Glen Cv,1595,1400,1595,https://www.zillow.com/homedetails/13996-Pine-Glen-Cv-Alexander-AR-72002/92431875_zpid/,2026-06-17T00:00:00.000Z,Listed for rent,2023-06-14T00:00:00.000Z,Listing removed,2023-05-31T00:00:00.000Z,Listed for rent,2023-03-15T00:00:00.000Z,Sold,2022-11-15T00:00:00.000Z,Listed for sale,2011-05-15T00:00:00.000Z,Listing removed,2011-01-31T00:00:00.000Z,Pending sale,2010-12-27T00:00:00.000Z,Price change,2010-11-20T00:00:00.000Z,Pending sale,2010-10-29T00:00:00.000Z,Price change,2010-09-18T00:00:00.000Z,Price change,2010-09-11T00:00:00.000Z,Listed for sale,2008-02-05T00:00:00.000Z,Sold,,,,,,,,,,,,,,,,,,,,,,,,,,,,,,
4,6,/homedetails/2476-Pleasant-Willow-Dr-Benton-AR-72015/118169317_zpid/,FOR_RENT,245000,"2476 Pleasant Willow Dr, Benton, AR 72015",2476 Pleasant Willow Dr,1700,1700,1700,https://www.zillow.com/homedetails/2476-Pleasant-Willow-Dr-Benton-AR-72015/118169317_zpid/,2026-08-10T00:00:00.000Z,Listed for rent,2012-04-30T00:00:00.000Z,Sold,,,,,,,,,,,,,,,,,,,,,,,,,,,,,,,,,,,,,,,,,,,,,,,,,,,,
3,25,/homedetails/9546-State-Highway-89-S-Lonoke-AR-72086/464053318_zpid/,FOR_RENT,,"9546 State Highway 89 S, Lonoke, AR 72086",9546 State Highway 89 S,875,1216,875,https://www.zillow.com/homedetails/9546-State-Highway-89-S-Lonoke-AR-72086/464053318_zpid/,2026-08-10T00:00:00.000Z,Price change,2026-07-22T00:00:00.000Z,Listed for rent,,,,,,,,,,,,,,,,,,,,,,,,,,,,,,,,,,,,,,,,,,,,,,,,,,,,
3,25,/homedetails/11201-Donnie-Dr-Shannon-Hills-AR-72103/393627_zpid/,FOR_RENT,134900,"11201 Donnie Dr, Shannon Hills, AR 72103",11201 Donnie Dr,1395,1353,1395,https://www.zillow.com/homedetails/11201-Donnie-Dr-Shannon-Hills-AR-72103/393627_zpid/,2026-07-23T00:00:00.000Z,Listed for rent,2020-04-07T00:00:00.000Z,Sold,2020-04-05T00:00:00.000Z,Listing removed,2020-03-23T00:00:00.000Z,Price change,2020-03-02T00:00:00.000Z,Price change,2019-12-27T00:00:00.000Z,Listed for rent,2019-11-20T00:00:00.000Z,Listing removed,2019-11-19T00:00:00.000Z,Price change,2019-11-18T00:00:00.000Z,Price change,2019-11-16T00:00:00.000Z,Price change,2019-11-13T00:00:00.000Z,Price change,2019-11-08T00:00:00.000Z,Price change,2019-11-04T00:00:00.000Z,Price change,2019-11-02T00:00:00.000Z,Listed for sale,2019-10-31T00:00:00.000Z,Sold,2019-10-28T00:00:00.000Z,Price change,2019-10-26T00:00:00.000Z,Price change,2019-10-23T00:00:00.000Z,Price change,2019-10-22T00:00:00.000Z,Price change,2019-10-20T00:00:00.000Z,Price change,2019-10-14T00:00:00.000Z,Price change,2019-10-11T00:00:00.000Z,Price change,2019-10-09T00:00:00.000Z,Price change,2019-10-06T00:00:00.000Z,Price change,2019-10-03T00:00:00.000Z,Price change,2019-10-01T00:00:00.000Z,Listed for sale,2019-06-27T00:00:00.000Z,Listing removed,,
3,10,/homedetails/211-Rodney-Guthrie-Dr-Cabot-AR-72023/256835_zpid/,FOR_RENT,155000,"211 Rodney Guthrie Dr, Cabot, AR 72023",211 Rodney Guthrie Dr,1345,1268,1345,https://www.zillow.com/homedetails/211-Rodney-Guthrie-Dr-Cabot-AR-72023/256835_zpid/,2026-08-06T00:00:00.000Z,Listed for rent,2025-09-22T00:00:00.000Z,Listing removed,2025-08-26T00:00:00.000Z,Price change,2025-07-29T00:00:00.000Z,Listed for rent,2023-07-27T00:00:00.000Z,Listing removed,2023-07-06T00:00:00.000Z,Listed for rent,2022-03-10T00:00:00.000Z,Sold,2022-01-31T00:00:00.000Z,Listed for sale,2019-09-20T00:00:00.000Z,Sold,2019-09-11T00:00:00.000Z,Listed for sale,2019-08-26T00:00:00.000Z,Pending sale,2019-08-13T00:00:00.000Z,Price change,2019-05-31T00:00:00.000Z,Price change,2019-03-17T00:00:00.000Z,Listed for sale,2017-02-23T00:00:00.000Z,Listing removed,2017-01-02T00:00:00.000Z,Price change,2016-07-05T00:00:00.000Z,Listed for sale,2016-06-27T00:00:00.000Z,Sold,2015-11-21T00:00:00.000Z,Listed for sale,2014-09-16T00:00:00.000Z,Sold,,,,,,,,,,,,,,,,
3,24,/homedetails/1710-Cedarhurst-Dr-Benton-AR-72015/384477_zpid/,FOR_RENT,127500,"1710 Cedarhurst Dr, Benton, AR 72015",1710 Cedarhurst Dr,1750,1680,1750,https://www.zillow.com/homedetails/1710-Cedarhurst-Dr-Benton-AR-72015/384477_zpid/,2026-06-23T00:00:00.000Z,Listed for rent,2024-05-13T00:00:00.000Z,Listing removed,2024-02-10T00:00:00.000Z,Listed for rent,2024-01-31T00:00:00.000Z,Sold,2024-01-24T00:00:00.000Z,Contingent,2024-01-22T00:00:00.000Z,Listed for sale,2019-11-07T00:00:00.000Z,Listing removed,2019-10-07T00:00:00.000Z,Listed for rent,2016-12-15T00:00:00.000Z,Listing removed,2016-01-13T00:00:00.000Z,Listing removed,2016-01-11T00:00:00.000Z,Listed for rent,2015-05-22T00:00:00.000Z,Sold,2015-01-21T00:00:00.000Z,Listing removed,2014-07-25T00:00:00.000Z,Listed for rent,2014-06-23T00:00:00.000Z,Listing removed,2014-05-25T00:00:00.000Z,Price change,2014-05-07T00:00:00.000Z,Price change,2014-04-11T00:00:00.000Z,Price change,2014-02-17T00:00:00.000Z,Listed for sale,,,,,,,,,,,,,,,,,,
4,53,/homedetails/1088-Huntington-Dr-Benton-AR-72019/2062453392_zpid/,FOR_RENT,,"1088 Huntington Dr, Benton, AR 72019",1088 Huntington Dr,1595,1640,1595,https://www.zillow.com/homedetails/1088-Huntington-Dr-Benton-AR-72019/2062453392_zpid/,2026-07-23T00:00:00.000Z,Price change,2026-06-25T00:00:00.000Z,Listed for rent,2022-12-30T00:00:00.000Z,Listing removed,2022-12-14T00:00:00.000Z,Price change,2022-11-22T00:00:00.000Z,Price change,2022-10-26T00:00:00.000Z,Listed for rent,2022-09-10T00:00:00.000Z,Listing removed,2022-08-23T00:00:00.000Z,Price change,2022-08-02T00:00:00.000Z,Price change,2022-07-25T00:00:00.000Z,Price change,2022-07-12T00:00:00.000Z,Price change,2022-07-08T00:00:00.000Z,Listed for sale,,,,,,,,,,,,,,,,,,,,,,,,,,,,,,,,
4,27,/homedetails/414-Prickett-Rd-Bryant-AR-72022/389819_zpid/,FOR_RENT,38000,"414 Prickett Rd, Bryant, AR 72022",414 Prickett Rd,2500,1772,2500,https://www.zillow.com/homedetails/414-Prickett-Rd-Bryant-AR-72022/389819_zpid/,2026-07-20T00:00:00.000Z,Listed for rent,2025-05-16T00:00:00.000Z,Sold,,,,,,,,,,,,,,,,,,,,,,,,,,,,,,,,,,,,,,,,,,,,,,,,,,,,
3,331,/homedetails/14025-Cottontail-Ln-Alexander-AR-72002/52934775_zpid/,FOR_RENT,120000,"14025 Cottontail Ln, Alexander, AR 72002",14025 Cottontail Ln,1595,1224,1595,https://www.zillow.com/homedetails/14025-Cottontail-Ln-Alexander-AR-72002/52934775_zpid/,2026-06-24T00:00:00.000Z,Listing removed,2026-02-15T00:00:00.000Z,Listed for sale,2025-09-20T00:00:00.000Z,Listed for rent,2025-07-01T00:00:00.000Z,Sold,2022-04-20T00:00:00.000Z,Sold,2005-05-09T00:00:00.000Z,Sold,,,,,,,,,,,,,,,,,,,,,,,,,,,,,,,,,,,,,,,,,,,,
3,55,/homedetails/765-8th-Avenue-Dr-SE-Hickory-NC-28602/71963561_zpid/,FOR_RENT,110000,"765 8th Avenue Dr SE, Hickory, NC 28602",765 8th Avenue Dr SE,1795,1463,1795,https://www.zillow.com/homedetails/765-8th-Avenue-Dr-SE-Hickory-NC-28602/71963561_zpid/,2026-06-22T00:00:00.000Z,Listed for rent,2023-05-15T00:00:00.000Z,Listing removed,2023-04-28T00:00:00.000Z,Price change,2023-04-07T00:00:00.000Z,Listed for rent,2023-01-25T00:00:00.000Z,Sold,2013-09-03T00:00:00.000Z,Sold,2006-10-20T00:00:00.000Z,Sold,,,,,,,,,,,,,,,,,,,,,,,,,,,,,,,,,,,,,,,,,,
3,32,/homedetails/16-Emerald-Cir-Cabot-AR-72023/254439_zpid/,FOR_RENT,3400000,"16 Emerald Cir, Cabot, AR 72023",16 Emerald Cir,1895,1959,1895,https://www.zillow.com/homedetails/16-Emerald-Cir-Cabot-AR-72023/254439_zpid/,2026-07-25T00:00:00.000Z,Price change,2026-07-16T00:00:00.000Z,Listed for rent,2015-04-15T00:00:00.000Z,Sold,,,,,,,,,,,,,,,,,,,,,,,,,,,,,,,,,,,,,,,,,,,,,,,,,,
3,16,/homedetails/102-Rosebud-Cir-Cabot-AR-72023/63160774_zpid/,FOR_RENT,199000,"102 Rosebud Cir, Cabot, AR 72023",102 Rosebud Cir,1450,1277,1450,https://www.zillow.com/homedetails/102-Rosebud-Cir-Cabot-AR-72023/63160774_zpid/,2026-07-31T00:00:00.000Z,Listed for rent,2024-10-10T00:00:00.000Z,Listing removed,2024-10-09T00:00:00.000Z,Price change,2024-09-26T00:00:00.000Z,Listed for rent,2024-08-23T00:00:00.000Z,Sold,2024-07-15T00:00:00.000Z,Listed for sale,2019-02-08T00:00:00.000Z,Sold,2019-01-11T00:00:00.000Z,Pending sale,2018-12-01T00:00:00.000Z,Price change,2018-09-22T00:00:00.000Z,Price change,2018-08-05T00:00:00.000Z,Listed for sale,,,,,,,,,,,,,,,,,,,,,,,,,,,,,,,,,,
3,19,/homedetails/2408-Pleasant-Forest-Dr-Benton-AR-72015/88905364_zpid/,FOR_RENT,,"2408 Pleasant Forest Dr, Benton, AR 72015",2408 Pleasant Forest Dr,1550,1533,1550,https://www.zillow.com/homedetails/2408-Pleasant-Forest-Dr-Benton-AR-72015/88905364_zpid/,2026-08-12T00:00:00.000Z,Price change,2026-07-28T00:00:00.000Z,Listed for rent,2020-06-24T00:00:00.000Z,Listing removed,2020-06-04T00:00:00.000Z,Price change,2020-04-30T00:00:00.000Z,Listed for rent,2010-02-13T00:00:00.000Z,Listing removed,2010-01-09T00:00:00.000Z,Listed for sale,,,,,,,,,,,,,,,,,,,,,,,,,,,,,,,,,,,,,,,,,,
3,34,/homedetails/512-12th-Ave-NE-Hickory-NC-28601/463832995_zpid/,FOR_RENT,,"512 12th Ave NE, Hickory, NC 28601",512 12th Ave NE,1595,1334,1595,https://www.zillow.com/homedetails/512-12th-Ave-NE-Hickory-NC-28601/463832995_zpid/,2026-07-13T00:00:00.000Z,Listed for rent,,,,,,,,,,,,,,,,,,,,,,,,,,,,,,,,,,,,,,,,,,,,,,,,,,,,,,
3,16,/homedetails/504-12th-Ave-NE-Hickory-NC-28601/461605081_zpid/,FOR_RENT,430000,"504 12th Ave NE, Hickory, NC 28601",504 12th Ave NE,1595,1334,1595,https://www.zillow.com/homedetails/504-12th-Ave-NE-Hickory-NC-28601/461605081_zpid/,2026-07-31T00:00:00.000Z,Listed for rent,2026-05-29T00:00:00.000Z,Sold,2026-04-10T00:00:00.000Z,Pending sale,2026-04-09T00:00:00.000Z,Listed for sale,,,,,,,,,,,,,,,,,,,,,,,,,,,,,,,,,,,,,,,,,,,,,,,,
4,6,/homedetails/153-Harwill-Hensley-AR-72065/2082362397_zpid/,FOR_RENT,,"153 Harwill, Hensley, AR 72065",153 Harwill,2500,2359,2500,https://www.zillow.com/homedetails/153-Harwill-Hensley-AR-72065/2082362397_zpid/,2026-08-10T00:00:00.000Z,Listed for rent,2025-08-04T00:00:00.000Z,Listing removed,2025-07-01T00:00:00.000Z,Listed for rent,2025-06-30T00:00:00.000Z,Listing removed,2025-06-09T00:00:00.000Z,Listed for rent,2019-11-13T00:00:00.000Z,Listing removed,2019-10-15T00:00:00.000Z,Listed for rent,,,,,,,,,,,,,,,,,,,,,,,,,,,,,,,,,,,,,,,,,,
3,1,/homedetails/7171-Corrigan-Rd-Mabelvale-AR-72103/464589349_zpid/,FOR_RENT,,"7171 Corrigan Rd, Mabelvale, AR 72103",7171 Corrigan Rd,1000,910,1000,https://www.zillow.com/homedetails/7171-Corrigan-Rd-Mabelvale-AR-72103/464589349_zpid/,2026-08-15T00:00:00.000Z,Listed for rent,,,,,,,,,,,,,,,,,,,,,,,,,,,,,,,,,,,,,,,,,,,,,,,,,,,,,,
4,10,/homedetails/148-Kelton-Dr-Hensley-AR-72065/464384218_zpid/,FOR_RENT,,"148 Kelton Dr, Hensley, AR 72065",148 Kelton Dr,2200,1907,2200,https://www.zillow.com/homedetails/148-Kelton-Dr-Hensley-AR-72065/464384218_zpid/,2026-08-07T00:00:00.000Z,Listed for rent,,,,,,,,,,,,,,,,,,,,,,,,,,,,,,,,,,,,,,,,,,,,,,,,,,,,,,
3,16,/homedetails/677-Joyner-Loop-Lonoke-AR-72086/99406145_zpid/,FOR_RENT,,"677 Joyner Loop, Lonoke, AR 72086",677 Joyner Loop,900,1280,900,https://www.zillow.com/homedetails/677-Joyner-Loop-Lonoke-AR-72086/99406145_zpid/,2026-07-31T00:00:00.000Z,Listed for rent,2021-03-24T00:00:00.000Z,Listing removed,2020-01-24T00:00:00.000Z,Listing removed,2020-01-08T00:00:00.000Z,Listed for rent,2019-04-01T00:00:00.000Z,Listing removed,2019-03-07T00:00:00.000Z,Listed for rent,,,,,,,,,,,,,,,,,,,,,,,,,,,,,,,,,,,,,,,,,,,,
4,40,/homedetails/605-Valley-Vista-Dr-Benton-AR-72019/387089_zpid/,FOR_RENT,,"605 Valley Vista Dr, Benton, AR 72019",605 Valley Vista Dr,1875,1942,1875,https://www.zillow.com/homedetails/605-Valley-Vista-Dr-Benton-AR-72019/387089_zpid/,2026-07-07T00:00:00.000Z,Listed for rent,,,,,,,,,,,,,,,,,,,,,,,,,,,,,,,,,,,,,,,,,,,,,,,,,,,,,,
3,86,/homedetails/5694-Claridge-Dr-Hickory-NC-28602/71906250_zpid/,FOR_RENT,113500,"5694 Claridge Dr, Hickory, NC 28602",5694 Claridge Dr,2150,2200,2150,https://www.zillow.com/homedetails/5694-Claridge-Dr-Hickory-NC-28602/71906250_zpid/,2026-05-22T00:00:00.000Z,Listed for rent,2024-09-13T00:00:00.000Z,Listing removed,2024-08-02T00:00:00.000Z,Listed for rent,2000-11-03T00:00:00.000Z,Sold,,,,,,,,,,,,,,,,,,,,,,,,,,,,,,,,,,,,,,,,,,,,,,,,
3,38,/homedetails/26-Mustang-Dr-Cabot-AR-72023/63160976_zpid/,FOR_RENT,310000,"26 Mustang Dr, Cabot, AR 72023",26 Mustang Dr,1650,1537,1650,https://www.zillow.com/homedetails/26-Mustang-Dr-Cabot-AR-72023/63160976_zpid/,2026-07-10T00:00:00.000Z,Listed for rent,2024-06-27T00:00:00.000Z,Sold,2024-06-15T00:00:00.000Z,Listing removed,2024-04-04T00:00:00.000Z,Listed for rent,2024-03-21T00:00:00.000Z,Sold,2024-03-15T00:00:00.000Z,Contingent,2024-03-10T00:00:00.000Z,Listed for sale,2018-07-02T00:00:00.000Z,Listing removed,2018-06-26T00:00:00.000Z,Listed for rent,2017-02-07T00:00:00.000Z,Listing removed,2017-02-02T00:00:00.000Z,Listed for rent,2015-11-06T00:00:00.000Z,Listing removed,2015-10-11T00:00:00.000Z,Listed for rent,2015-08-31T00:00:00.000Z,Listing removed,2015-08-22T00:00:00.000Z,Listed for rent,2014-09-19T00:00:00.000Z,Listing removed,2014-09-04T00:00:00.000Z,Listed for rent,2013-08-26T00:00:00.000Z,Listing removed,2013-08-21T00:00:00.000Z,Listed for rent,2011-03-03T00:00:00.000Z,Listing removed,2011-02-15T00:00:00.000Z,Listed for sale,2011-01-26T00:00:00.000Z,Sold,2010-11-26T00:00:00.000Z,Price change,2010-05-30T00:00:00.000Z,Listed for sale,,,,,,,,
4,24,/homedetails/1339-37th-Avenue-Ln-NE-Hickory-NC-28601/443216841_zpid/,FOR_RENT,,"1339 37th Avenue Ln NE, Hickory, NC 28601",1339 37th Avenue Ln NE,2200,1613,2200,https://www.zillow.com/homedetails/1339-37th-Avenue-Ln-NE-Hickory-NC-28601/443216841_zpid/,2026-07-23T00:00:00.000Z,Listed for rent,2026-02-11T00:00:00.000Z,Listing removed,2026-01-28T00:00:00.000Z,Price change,2026-01-21T00:00:00.000Z,Price change,2026-01-13T00:00:00.000Z,Price change,2025-11-03T00:00:00.000Z,Listed for rent,2025-08-12T00:00:00.000Z,Listing removed,2025-06-24T00:00:00.000Z,Listed for sale,2025-03-30T00:00:00.000Z,Listing removed,2024-12-09T00:00:00.000Z,Listed for sale,,,,,,,,,,,,,,,,,,,,,,,,,,,,,,,,,,,,
3,5,/homedetails/2517-Garden-Dr-Benton-AR-72015/348624677_zpid/,FOR_RENT,,"2517 Garden Dr, Benton, AR 72015",2517 Garden Dr,1850,1685,1850,https://www.zillow.com/homedetails/2517-Garden-Dr-Benton-AR-72015/348624677_zpid/,2026-08-11T00:00:00.000Z,Listed for rent,2024-05-09T00:00:00.000Z,Listing removed,2024-04-26T00:00:00.000Z,Listed for rent,,,,,,,,,,,,,,,,,,,,,,,,,,,,,,,,,,,,,,,,,,,,,,,,,,
5,12,/homedetails/1330-37th-Avenue-Ln-NE-Hickory-NC-28601/452771842_zpid/,FOR_RENT,330000,"1330 37th Avenue Ln NE, Hickory, NC 28601",1330 37th Avenue Ln NE,2700,2368,2700,https://www.zillow.com/homedetails/1330-37th-Avenue-Ln-NE-Hickory-NC-28601/452771842_zpid/,2026-08-04T00:00:00.000Z,Listed for rent,2025-09-16T00:00:00.000Z,Sold,2025-06-09T00:00:00.000Z,Pending sale,2025-06-04T00:00:00.000Z,Price change,2025-05-31T00:00:00.000Z,Listed for sale,,,,,,,,,,,,,,,,,,,,,,,,,,,,,,,,,,,,,,,,,,,,,,
4,1,/homedetails/222-18th-Ave-SE-Hickory-NC-28602/71920382_zpid/,FOR_RENT,149000,"222 18th Ave SE, Hickory, NC 28602",222 18th Ave SE,2100,1776,2100,https://www.zillow.com/homedetails/222-18th-Ave-SE-Hickory-NC-28602/71920382_zpid/,2026-08-16T00:00:00.000Z,Listed for rent,2015-09-18T00:00:00.000Z,Listing removed,2015-09-05T00:00:00.000Z,Listed for rent,2014-09-04T00:00:00.000Z,Listing removed,2014-04-18T00:00:00.000Z,Listed for sale,2012-04-06T00:00:00.000Z,Listing removed,2011-09-29T00:00:00.000Z,Listed for sale,2009-10-28T00:00:00.000Z,Sold,2005-08-19T00:00:00.000Z,Sold,,,,,,,,,,,,,,,,,,,,,,,,,,,,,,,,,,,,,,
3,27,/homedetails/98-Rosebud-Cir-Cabot-AR-72023/63160780_zpid/,FOR_RENT,197000,"98 Rosebud Cir, Cabot, AR 72023",98 Rosebud Cir,1545,1358,1545,https://www.zillow.com/homedetails/98-Rosebud-Cir-Cabot-AR-72023/63160780_zpid/,2026-08-06T00:00:00.000Z,Price change,2026-07-20T00:00:00.000Z,Listed for rent,2024-05-23T00:00:00.000Z,Sold,2024-04-19T00:00:00.000Z,Price change,2024-04-17T00:00:00.000Z,Price change,2024-04-08T00:00:00.000Z,Listed for sale,2018-05-11T00:00:00.000Z,Sold,2018-03-15T00:00:00.000Z,Listed for sale,2016-03-09T00:00:00.000Z,Sold,2015-12-03T00:00:00.000Z,Price change,2015-10-26T00:00:00.000Z,Price change,2015-10-01T00:00:00.000Z,Price change,2015-08-10T00:00:00.000Z,Listed for sale,,,,,,,,,,,,,,,,,,,,,,,,,,,,,,
4,9,/homedetails/2130-10th-St-SE-Hickory-NC-28602/463122074_zpid/,FOR_RENT,,"2130 10th St SE, Hickory, NC 28602",2130 10th St SE,2250,2174,2250,https://www.zillow.com/homedetails/2130-10th-St-SE-Hickory-NC-28602/463122074_zpid/,2026-08-07T00:00:00.000Z,Listed for rent,2026-07-20T00:00:00.000Z,Listing removed,2026-07-17T00:00:00.000Z,Price change,2026-06-11T00:00:00.000Z,Listed for sale,,,,,,,,,,,,,,,,,,,,,,,,,,,,,,,,,,,,,,,,,,,,,,,,
3,9,/homedetails/1417-17th-Ave-NE-Hickory-NC-28601/71551010_zpid/,FOR_RENT,99000,"1417 17th Ave NE, Hickory, NC 28601",1417 17th Ave NE,1895,1400,1895,https://www.zillow.com/homedetails/1417-17th-Ave-NE-Hickory-NC-28601/71551010_zpid/,2026-08-07T00:00:00.000Z,Listed for rent,2006-11-13T00:00:00.000Z,Sold,,,,,,,,,,,,,,,,,,,,,,,,,,,,,,,,,,,,,,,,,,,,,,,,,,,,
5,20,/homedetails/3707-Sterling-Oaks-Dr-Benton-AR-72019/82260701_zpid/,FOR_RENT,380000,"3707 Sterling Oaks Dr, Benton, AR 72019",3707 Sterling Oaks Dr,2895,2617,2895,https://www.zillow.com/homedetails/3707-Sterling-Oaks-Dr-Benton-AR-72019/82260701_zpid/,2026-07-27T00:00:00.000Z,Listed for rent,2025-05-10T00:00:00.000Z,Listing removed,2025-03-25T00:00:00.000Z,Listed for rent,2024-04-16T00:00:00.000Z,Listing removed,2024-04-06T00:00:00.000Z,Listed for rent,2022-04-11T00:00:00.000Z,Sold,2022-03-04T00:00:00.000Z,Listed for sale,2017-07-18T00:00:00.000Z,Sold,2017-06-02T00:00:00.000Z,Price change,2017-05-10T00:00:00.000Z,Listed for sale,2017-01-19T00:00:00.000Z,Listing removed,2017-01-09T00:00:00.000Z,Price change,2016-09-08T00:00:00.000Z,Listed for sale,,,,,,,,,,,,,,,,,,,,,,,,,,,,,,
4,17,/homedetails/1342-37th-Avenue-Ln-NE-Hickory-NC-28601/453027689_zpid/,FOR_RENT,,"1342 37th Avenue Ln NE, Hickory, NC 28601",1342 37th Avenue Ln NE,2350,1927,2350,https://www.zillow.com/homedetails/1342-37th-Avenue-Ln-NE-Hickory-NC-28601/453027689_zpid/,2026-07-30T00:00:00.000Z,Listed for rent,2025-08-12T00:00:00.000Z,Listing removed,2025-07-31T00:00:00.000Z,Listed for rent,2025-06-14T00:00:00.000Z,Listing removed,2025-06-07T00:00:00.000Z,Listed for sale,,,,,,,,,,,,,,,,,,,,,,,,,,,,,,,,,,,,,,,,,,,,,,
3,30,/homedetails/304-E-Locust-St-Cabot-AR-72023/253225_zpid/,FOR_RENT,139000,"304 E Locust St, Cabot, AR 72023",304 E Locust St,1295,1680,1295,https://www.zillow.com/homedetails/304-E-Locust-St-Cabot-AR-72023/253225_zpid/,2026-07-18T00:00:00.000Z,Listed for rent,2026-06-06T00:00:00.000Z,Listing removed,2026-05-16T00:00:00.000Z,Listed for rent,2023-12-21T00:00:00.000Z,Listing removed,2023-12-08T00:00:00.000Z,Price change,2023-09-19T00:00:00.000Z,Listed for rent,2022-03-02T00:00:00.000Z,Listing removed,2022-02-28T00:00:00.000Z,Price change,2022-02-16T00:00:00.000Z,Listed for rent,2020-11-09T00:00:00.000Z,Sold,2020-09-21T00:00:00.000Z,Sold,2020-08-20T00:00:00.000Z,Listed for sale,2020-08-20T00:00:00.000Z,Pending sale,2020-07-10T00:00:00.000Z,Listed for sale,2014-10-24T00:00:00.000Z,Sold,2013-10-10T00:00:00.000Z,Listing removed,2013-07-13T00:00:00.000Z,Price change,2013-02-03T00:00:00.000Z,Price change,2012-11-16T00:00:00.000Z,Listed for sale,2012-07-01T00:00:00.000Z,Listing removed,2012-06-01T00:00:00.000Z,Listed for rent,2011-11-17T00:00:00.000Z,Listing removed,2011-10-07T00:00:00.000Z,Listed for rent,2011-10-07T00:00:00.000Z,Listing removed,2011-07-22T00:00:00.000Z,Listed for sale,2011-04-07T00:00:00.000Z,Listing removed,2011-01-16T00:00:00.000Z,Listed for sale,,
3,17,/homedetails/1266-18th-St-NE-Hickory-NC-28601/71903862_zpid/,FOR_RENT,225000,"1266 18th St NE, Hickory, NC 28601",1266 18th St NE,1800,1288,1800,https://www.zillow.com/homedetails/1266-18th-St-NE-Hickory-NC-28601/71903862_zpid/,2026-07-30T00:00:00.000Z,Listed for rent,2025-10-07T00:00:00.000Z,Listing removed,2025-08-27T00:00:00.000Z,Listed for rent,2025-08-22T00:00:00.000Z,Sold,2025-07-23T00:00:00.000Z,Price change,2025-07-09T00:00:00.000Z,Price change,2025-06-27T00:00:00.000Z,Price change,2025-06-06T00:00:00.000Z,Price change,2025-06-02T00:00:00.000Z,Listed for sale,2023-04-19T00:00:00.000Z,Sold,2023-03-20T00:00:00.000Z,Pending sale,2023-03-18T00:00:00.000Z,Price change,2023-03-08T00:00:00.000Z,Price change,2023-02-21T00:00:00.000Z,Price change,2023-02-10T00:00:00.000Z,Listed for sale,,,,,,,,,,,,,,,,,,,,,,,,,,
3,12,/homedetails/1928-36th-Ave-NE-Hickory-NC-28601/71548772_zpid/,FOR_RENT,206146,"1928 36th Ave NE, Hickory, NC 28601",1928 36th Ave NE,1900,,1900,https://www.zillow.com/homedetails/1928-36th-Ave-NE-Hickory-NC-28601/71548772_zpid/,2026-08-04T00:00:00.000Z,Listed for rent,2023-06-02T00:00:00.000Z,Sold,2023-05-10T00:00:00.000Z,Pending sale,,,,,,,,,,,,,,,,,,,,,,,,,,,,,,,,,,,,,,,,,,,,,,,,,,
3,2,/homedetails/3428-Garden-Club-Dr-Bryant-AR-72022/199768703_zpid/,FOR_RENT,,"3428 Garden Club Dr, Bryant, AR 72022",3428 Garden Club Dr,1650,1600,1650,https://www.zillow.com/homedetails/3428-Garden-Club-Dr-Bryant-AR-72022/199768703_zpid/,2026-08-14T00:00:00.000Z,Listed for rent,2025-09-27T00:00:00.000Z,Listing removed,2025-09-18T00:00:00.000Z,Listed for rent,2020-06-15T00:00:00.000Z,Listing removed,2020-05-29T00:00:00.000Z,Listed for rent,,,,,,,,,,,,,,,,,,,,,,,,,,,,,,,,,,,,,,,,,,,,,,
4,3,/homedetails/1359-37th-Avenue-Ln-NE-Hickory-NC-28601/455923523_zpid/,FOR_RENT,,"1359 37th Avenue Ln NE, Hickory, NC 28601",1359 37th Avenue Ln NE,2300,1927,2300,https://www.zillow.com/homedetails/1359-37th-Avenue-Ln-NE-Hickory-NC-28601/455923523_zpid/,2026-08-13T00:00:00.000Z,Listed for rent,2025-10-07T00:00:00.000Z,Listing removed,2025-09-16T00:00:00.000Z,Price change,2025-08-13T00:00:00.000Z,Listed for rent,,,,,,,,,,,,,,,,,,,,,,,,,,,,,,,,,,,,,,,,,,,,,,,,
3,10,/homedetails/Bryant-AR-72022/457925232_zpid/,FOR_RENT,,"(Undisclosed Address), Bryant, AR 72022",(Undisclosed Address),1350,1250,1350,https://www.zillow.com/homedetails/Bryant-AR-72022/457925232_zpid/,2026-08-06T00:00:00.000Z,Listed for rent,2025-11-17T00:00:00.000Z,Listing removed,2025-11-03T00:00:00.000Z,Listed for rent,,,,,,,,,,,,,,,,,,,,,,,,,,,,,,,,,,,,,,,,,,,,,,,,,,
6,39,/homedetails/755-2nd-Ave-SW-Hickory-NC-28602/71962373_zpid/,FOR_RENT,200000,"755 2nd Ave SW, Hickory, NC 28602",755 2nd Ave SW,3650,2779,3650,https://www.zillow.com/homedetails/755-2nd-Ave-SW-Hickory-NC-28602/71962373_zpid/,2026-07-08T00:00:00.000Z,Listed for rent,2023-10-20T00:00:00.000Z,Sold,2010-10-28T00:00:00.000Z,Sold,2010-09-02T00:00:00.000Z,Price change,2010-05-22T00:00:00.000Z,Listed for sale,,,,,,,,,,,,,,,,,,,,,,,,,,,,,,,,,,,,,,,,,,,,,,
3,39,/homedetails/35-G-St-Cabot-AR-72023/254255_zpid/,FOR_RENT,230000,"35 G St, Cabot, AR 72023",35 G St,1825,1849,1825,https://www.zillow.com/homedetails/35-G-St-Cabot-AR-72023/254255_zpid/,2026-07-25T00:00:00.000Z,Price change,2026-07-09T00:00:00.000Z,Price change,2026-05-03T00:00:00.000Z,Listed for rent,2025-05-25T00:00:00.000Z,Listing removed,2025-05-14T00:00:00.000Z,Price change,2025-05-01T00:00:00.000Z,Listed for rent,2021-06-07T00:00:00.000Z,Sold,2020-09-03T00:00:00.000Z,Sold,2020-06-19T00:00:00.000Z,Listed for sale,2018-06-22T00:00:00.000Z,Sold,2018-05-08T00:00:00.000Z,Listed for sale,2014-04-28T00:00:00.000Z,Sold,,,,,,,,,,,,,,,,,,,,,,,,,,,,,,,,
3,5,/homedetails/2557-Garden-Dr-Benton-AR-72015/350936993_zpid/,FOR_RENT,,"2557 Garden Dr, Benton, AR 72015",2557 Garden Dr,1850,1606,1850,https://www.zillow.com/homedetails/2557-Garden-Dr-Benton-AR-72015/350936993_zpid/,2026-08-11T00:00:00.000Z,Listed for rent,2025-01-21T00:00:00.000Z,Listing removed,2025-01-09T00:00:00.000Z,Listed for rent,,,,,,,,,,,,,,,,,,,,,,,,,,,,,,,,,,,,,,,,,,,,,,,,,,
3,61,/homedetails/106-10th-Ave-SE-Hickory-NC-28602/463282226_zpid/,FOR_RENT,,"106 10th Ave SE, Hickory, NC 28602",106 10th Ave SE,1595,1333,1595,https://www.zillow.com/homedetails/106-10th-Ave-SE-Hickory-NC-28602/463282226_zpid/,2026-06-16T00:00:00.000Z,Listed for rent,,,,,,,,,,,,,,,,,,,,,,,,,,,,,,,,,,,,,,,,,,,,,,,,,,,,,,
3,34,/homedetails/26-Alexis-Dr-Cabot-AR-72023/255240_zpid/,FOR_RENT,152900,"26 Alexis Dr, Cabot, AR 72023",26 Alexis Dr,1425,1288,1425,https://www.zillow.com/homedetails/26-Alexis-Dr-Cabot-AR-72023/255240_zpid/,2026-08-11T00:00:00.000Z,Price change,2026-07-29T00:00:00.000Z,Price change,2026-07-14T00:00:00.000Z,Listed for rent,2023-05-31T00:00:00.000Z,Listing removed,2023-05-17T00:00:00.000Z,Listed for rent,2023-03-10T00:00:00.000Z,Sold,2023-02-09T00:00:00.000Z,Contingent,2023-02-07T00:00:00.000Z,Listed for sale,2014-11-14T00:00:00.000Z,Sold,,,,,,,,,,,,,,,,,,,,,,,,,,,,,,,,,,,,,,
3,44,/homedetails/345-Joyner-Loop-Lonoke-AR-72086/99446243_zpid/,FOR_RENT,36000,"345 Joyner Loop, Lonoke, AR 72086",345 Joyner Loop,1200,1120,1200,https://www.zillow.com/homedetails/345-Joyner-Loop-Lonoke-AR-72086/99446243_zpid/,2026-07-05T00:00:00.000Z,Price change,2026-07-03T00:00:00.000Z,Listed for rent,2026-06-23T00:00:00.000Z,Listing removed,2026-02-11T00:00:00.000Z,Listed for rent,2025-11-22T00:00:00.000Z,Listing removed,2025-11-15T00:00:00.000Z,Price change,2025-11-05T00:00:00.000Z,Listed for rent,2025-09-05T00:00:00.000Z,Listing removed,2025-08-06T00:00:00.000Z,Listed for rent,2007-02-20T00:00:00.000Z,Sold,,,,,,,,,,,,,,,,,,,,,,,,,,,,,,,,,,,,
3,167,/homedetails/13-Buttercup-Cv-Cabot-AR-72023/55150889_zpid/,FOR_RENT,125000,"13 Buttercup Cv, Cabot, AR 72023",13 Buttercup Cv,1495,1548,1495,https://www.zillow.com/homedetails/13-Buttercup-Cv-Cabot-AR-72023/55150889_zpid/,2026-03-02T00:00:00.000Z,Listed for rent,2025-12-29T00:00:00.000Z,Listing removed,2025-10-18T00:00:00.000Z,Listed for rent,2025-09-19T00:00:00.000Z,Listing removed,2025-09-10T00:00:00.000Z,Listed for rent,2024-07-02T00:00:00.000Z,Listing removed,2024-06-22T00:00:00.000Z,Listed for rent,2024-05-05T00:00:00.000Z,Listing removed,2024-03-29T00:00:00.000Z,Price change,2024-01-04T00:00:00.000Z,Listed for rent,2022-08-23T00:00:00.000Z,Listing removed,2022-08-15T00:00:00.000Z,Listed for rent,2022-07-12T00:00:00.000Z,Sold,2021-03-24T00:00:00.000Z,Listing removed,2013-02-25T00:00:00.000Z,Listing removed,2013-02-15T00:00:00.000Z,Price change,2013-02-11T00:00:00.000Z,Listed for rent,2012-05-19T00:00:00.000Z,Listing removed,2012-02-22T00:00:00.000Z,Listed for sale,,,,,,,,,,,,,,,,,,
3,277,/homedetails/2912-Highway-319-W-Austin-AR-72007/249702_zpid/,FOR_RENT,640000,"2912 Highway 319 W, Austin, AR 72007",2912 Highway 319 W,1725,1992,1725,https://www.zillow.com/homedetails/2912-Highway-319-W-Austin-AR-72007/249702_zpid/,2026-07-25T00:00:00.000Z,Price change,2026-05-29T00:00:00.000Z,Price change,2026-03-06T00:00:00.000Z,Price change,2026-02-18T00:00:00.000Z,Price change,2026-02-03T00:00:00.000Z,Price change,2025-11-12T00:00:00.000Z,Listed for rent,2013-09-27T00:00:00.000Z,Sold,1991-10-10T00:00:00.000Z,Sold,,,,,,,,,,,,,,,,,,,,,,,,,,,,,,,,,,,,,,,,
3,47,/homedetails/37-Saint-John-St-Cabot-AR-72023/253499_zpid/,FOR_RENT,81500,"37 Saint John St, Cabot, AR 72023",37 Saint John St,1350,1188,1350,https://www.zillow.com/homedetails/37-Saint-John-St-Cabot-AR-72023/253499_zpid/,2026-03-31T00:00:00.000Z,Listed for rent,2026-03-26T00:00:00.000Z,Sold,2026-03-19T00:00:00.000Z,Contingent,2026-03-14T00:00:00.000Z,Price change,2026-02-27T00:00:00.000Z,Price change,2026-01-28T00:00:00.000Z,Listed for sale,2016-05-26T00:00:00.000Z,Sold,2016-04-08T00:00:00.000Z,Listed for sale,2013-05-16T00:00:00.000Z,Sold,,,,,,,,,,,,,,,,,,,,,,,,,,,,,,,,,,,,,,
3,68,/homedetails/104-10th-Ave-SE-Hickory-NC-28602/71959215_zpid/,FOR_RENT,420000,"104 10th Ave SE, Hickory, NC 28602",104 10th Ave SE,1595,1333,1595,https://www.zillow.com/homedetails/104-10th-Ave-SE-Hickory-NC-28602/71959215_zpid/,2026-06-09T00:00:00.000Z,Listed for rent,2025-12-17T00:00:00.000Z,Sold,2025-10-09T00:00:00.000Z,Listed for sale,2024-12-30T00:00:00.000Z,Sold,2024-11-05T00:00:00.000Z,Listed for sale,2015-02-28T00:00:00.000Z,Listing removed,2015-02-20T00:00:00.000Z,Price change,2015-02-04T00:00:00.000Z,Listed for sale,,,,,,,,,,,,,,,,,,,,,,,,,,,,,,,,,,,,,,,,
3,61,/homedetails/48-Dunnaway-Dr-Austin-AR-72007/2061250796_zpid/,OTHER,,"48 Dunnaway Dr, Austin, AR 72007",48 Dunnaway Dr,0,1422,0,https://www.zillow.com/homedetails/48-Dunnaway-Dr-Austin-AR-72007/2061250796_zpid/,2026-07-31T00:00:00.000Z,Listing removed,2026-07-23T00:00:00.000Z,Price change,2026-06-17T00:00:00.000Z,Listed for rent,2024-07-26T00:00:00.000Z,Listing removed,2024-07-23T00:00:00.000Z,Listed for rent,2023-03-09T00:00:00.000Z,Listing removed,2023-03-03T00:00:00.000Z,Price change,2023-02-28T00:00:00.000Z,Price change,2023-02-06T00:00:00.000Z,Listed for rent,2022-12-17T00:00:00.000Z,Listing removed,2022-11-30T00:00:00.000Z,Price change,2022-11-04T00:00:00.000Z,Price change,2022-10-04T00:00:00.000Z,Listed for sale,,,,,,,,,,,,,,,,,,,,,,,,,,,,,,
3,9,/homedetails/351-Meadow-Creek-Dr-Haskell-AR-72015/92428597_zpid/,FOR_RENT,139900,"351 Meadow Creek Dr, Haskell, AR 72015",351 Meadow Creek Dr,1650,1625,1650,https://www.zillow.com/homedetails/351-Meadow-Creek-Dr-Haskell-AR-72015/92428597_zpid/,2026-08-07T00:00:00.000Z,Listed for rent,2024-09-13T00:00:00.000Z,Listing removed,2024-07-17T00:00:00.000Z,Listed for rent,2022-10-26T00:00:00.000Z,Listing removed,2022-10-15T00:00:00.000Z,Price change,2022-10-04T00:00:00.000Z,Price change,2022-08-28T00:00:00.000Z,Price change,2022-08-25T00:00:00.000Z,Listed for rent,2018-10-05T00:00:00.000Z,Sold,2018-08-13T00:00:00.000Z,Listed for sale,2016-04-28T00:00:00.000Z,Sold,2010-02-10T00:00:00.000Z,Sold,,,,,,,,,,,,,,,,,,,,,,,,,,,,,,,,
3,10,/homedetails/3510-Maywood-Ct-Benton-AR-72015/387505_zpid/,FOR_RENT,,"3510 Maywood Ct, Benton, AR 72015",3510 Maywood Ct,1325,1300,1325,https://www.zillow.com/homedetails/3510-Maywood-Ct-Benton-AR-72015/387505_zpid/,2026-08-06T00:00:00.000Z,Listed for rent,,,,,,,,,,,,,,,,,,,,,,,,,,,,,,,,,,,,,,,,,,,,,,,,,,,,,,
4,41,/homedetails/821-Desoto-Pl-Benton-AR-72015/382881_zpid/,FOR_RENT,50000,"821 Desoto Pl, Benton, AR 72015",821 Desoto Pl,1650,2288,1650,https://www.zillow.com/homedetails/821-Desoto-Pl-Benton-AR-72015/382881_zpid/,2026-08-05T00:00:00.000Z,Price change,2026-07-14T00:00:00.000Z,Price change,2026-07-06T00:00:00.000Z,Listed for rent,2017-11-28T00:00:00.000Z,Sold,2017-10-18T00:00:00.000Z,Listed for sale,2017-07-31T00:00:00.000Z,Listing removed,2017-07-15T00:00:00.000Z,Listed for sale,2017-03-10T00:00:00.000Z,Sold,2017-02-09T00:00:00.000Z,Listed for sale,2011-12-14T00:00:00.000Z,Listing removed,2011-09-15T00:00:00.000Z,Listed for sale,2011-04-01T00:00:00.000Z,Sold,2011-02-24T00:00:00.000Z,Listed for sale,2010-02-21T00:00:00.000Z,Listing removed,2010-02-05T00:00:00.000Z,Listed for sale,2006-09-06T00:00:00.000Z,Sold,,,,,,,,,,,,,,,,,,,,,,,,
3,5,/homedetails/1906-Dave-Ward-Dr-Conway-AR-72034/2061771487_zpid/,FOR_RENT,,"1906 Dave Ward Dr, Conway, AR 72034",1906 Dave Ward Dr,1000,1335,1000,https://www.zillow.com/homedetails/1906-Dave-Ward-Dr-Conway-AR-72034/2061771487_zpid/,2026-08-11T00:00:00.000Z,Listed for rent,2025-12-18T00:00:00.000Z,Listing removed,2025-11-11T00:00:00.000Z,Price change,2025-10-28T00:00:00.000Z,Price change,2025-10-03T00:00:00.000Z,Price change,2025-06-27T00:00:00.000Z,Listed for rent,2024-05-29T00:00:00.000Z,Listing removed,2024-05-14T00:00:00.000Z,Price change,2024-04-23T00:00:00.000Z,Price change,2024-04-15T00:00:00.000Z,Price change,2024-03-18T00:00:00.000Z,Price change,2024-02-16T00:00:00.000Z,Price change,2024-02-13T00:00:00.000Z,Price change,2024-01-31T00:00:00.000Z,Listed for rent,2023-11-30T00:00:00.000Z,Listing removed,2023-11-15T00:00:00.000Z,Listed for rent,2022-10-25T00:00:00.000Z,Listing removed,2022-10-18T00:00:00.000Z,Price change,2022-10-02T00:00:00.000Z,Price change,2022-08-26T00:00:00.000Z,Listed for rent,,,,,,,,,,,,,,,,
3,7,/homedetails/2912-Denise-Dr-Benton-AR-72015/385371_zpid/,FOR_RENT,125000,"2912 Denise Dr, Benton, AR 72015",2912 Denise Dr,1700,1672,1700,https://www.zillow.com/homedetails/2912-Denise-Dr-Benton-AR-72015/385371_zpid/,2026-08-09T00:00:00.000Z,Listed for rent,2021-04-14T00:00:00.000Z,Listing removed,2021-04-12T00:00:00.000Z,Listed for rent,2021-03-24T00:00:00.000Z,Listing removed,2019-10-19T00:00:00.000Z,Listing removed,2019-10-17T00:00:00.000Z,Listed for rent,2016-03-14T00:00:00.000Z,Sold,2015-12-15T00:00:00.000Z,Listed for sale,2007-11-01T00:00:00.000Z,Sold,,,,,,,,,,,,,,,,,,,,,,,,,,,,,,,,,,,,,,
3,3,/homedetails/1306-Bellemeade-Dr-Conway-AR-72034/234155_zpid/,FOR_RENT,89090,"1306 Bellemeade Dr, Conway, AR 72034",1306 Bellemeade Dr,1775,2220,1775,https://www.zillow.com/homedetails/1306-Bellemeade-Dr-Conway-AR-72034/234155_zpid/,2026-08-13T00:00:00.000Z,Listed for rent,2025-06-20T00:00:00.000Z,Listing removed,2025-05-09T00:00:00.000Z,Listed for rent,2017-12-01T00:00:00.000Z,Listing removed,2017-08-20T00:00:00.000Z,Price change,2017-05-31T00:00:00.000Z,Listed for sale,2013-10-16T00:00:00.000Z,Listing removed,2013-07-18T00:00:00.000Z,Listed for sale,2013-04-01T00:00:00.000Z,Sold,2012-06-28T00:00:00.000Z,Sold,,,,,,,,,,,,,,,,,,,,,,,,,,,,,,,,,,,,
3,0,/homedetails/13-Meadowbrook-Dr-Conway-AR-72032/236796_zpid/,FOR_RENT,256500,"13 Meadowbrook Dr, Conway, AR 72032",13 Meadowbrook Dr,1300,1196,1300,https://www.zillow.com/homedetails/13-Meadowbrook-Dr-Conway-AR-72032/236796_zpid/,2026-08-16T00:00:00.000Z,Listed for rent,2021-10-23T00:00:00.000Z,Listing removed,2021-10-15T00:00:00.000Z,Listed for rent,2020-08-27T00:00:00.000Z,Listing removed,2020-08-15T00:00:00.000Z,Listed for rent,2017-04-23T00:00:00.000Z,Listing removed,2017-04-06T00:00:00.000Z,Listed for rent,2014-11-26T00:00:00.000Z,Sold,2014-09-11T00:00:00.000Z,Sold,2014-08-11T00:00:00.000Z,Listing removed,2014-07-25T00:00:00.000Z,Listed for rent,2001-11-05T00:00:00.000Z,Sold,1999-07-01T00:00:00.000Z,Sold,,,,,,,,,,,,,,,,,,,,,,,,,,,,,,
3,17,/homedetails/402-S-2nd-St-Benton-AR-72015/386506_zpid/,FOR_RENT,20000,"402 S 2nd St, Benton, AR 72015",402 S 2nd St,1295,792,1295,https://www.zillow.com/homedetails/402-S-2nd-St-Benton-AR-72015/386506_zpid/,2026-08-05T00:00:00.000Z,Price change,2026-07-30T00:00:00.000Z,Listed for rent,2022-04-10T00:00:00.000Z,Listing removed,2022-04-07T00:00:00.000Z,Listed for rent,2021-12-09T00:00:00.000Z,Sold,,,,,,,,,,,,,,,,,,,,,,,,,,,,,,,,,,,,,,,,,,,,,,
3,11,/homedetails/31-Haley-Renee-Dr-Greenbrier-AR-72058/464349852_zpid/,FOR_RENT,,"31 Haley Renee Dr, Greenbrier, AR 72058",31 Haley Renee Dr,1400,1527,1400,https://www.zillow.com/homedetails/31-Haley-Renee-Dr-Greenbrier-AR-72058/464349852_zpid/,2026-08-05T00:00:00.000Z,Listed for rent,,,,,,,,,,,,,,,,,,,,,,,,,,,,,,,,,,,,,,,,,,,,,,,,,,,,,,
3,3,/homedetails/4555-Graham-Dr-Conway-AR-72034/59917944_zpid/,FOR_RENT,185000,"4555 Graham Dr, Conway, AR 72034",4555 Graham Dr,1400,1192,1400,https://www.zillow.com/homedetails/4555-Graham-Dr-Conway-AR-72034/59917944_zpid/,2026-08-13T00:00:00.000Z,Listed for rent,2024-10-02T00:00:00.000Z,Listing removed,2024-09-23T00:00:00.000Z,Listed for rent,2023-07-28T00:00:00.000Z,Sold,2023-06-28T00:00:00.000Z,Contingent,2023-06-28T00:00:00.000Z,Listed for sale,2021-03-24T00:00:00.000Z,Listing removed,2016-11-28T00:00:00.000Z,Listing removed,2016-11-28T00:00:00.000Z,Listed for sale,2016-09-29T00:00:00.000Z,Sold,2016-09-06T00:00:00.000Z,Pending sale,2016-07-30T00:00:00.000Z,Price change,2016-07-21T00:00:00.000Z,Listed for sale,2011-06-21T00:00:00.000Z,Sold,2005-10-20T00:00:00.000Z,Sold,,,,,,,,,,,,,,,,,,,,,,,,,,
3,24,/homedetails/3420-Bentonville-Dr-Conway-AR-72032/82249372_zpid/,FOR_RENT,158000,"3420 Bentonville Dr, Conway, AR 72032",3420 Bentonville Dr,1400,,1400,https://www.zillow.com/homedetails/3420-Bentonville-Dr-Conway-AR-72032/82249372_zpid/,2026-07-23T00:00:00.000Z,Listed for rent,2026-02-13T00:00:00.000Z,Sold,2026-01-07T00:00:00.000Z,Pending sale,2026-01-06T00:00:00.000Z,Contingent,2025-11-24T00:00:00.000Z,Listed for sale,2019-04-28T00:00:00.000Z,Sold,2019-03-14T00:00:00.000Z,Listed for sale,2015-06-03T00:00:00.000Z,Sold,2008-05-27T00:00:00.000Z,Sold,2007-05-31T00:00:00.000Z,Sold,,,,,,,,,,,,,,,,,,,,,,,,,,,,,,,,,,,,
3,4,/homedetails/1610-Raden-St-Conway-AR-72032/2066419442_zpid/,FOR_RENT,,"1610 Raden St, Conway, AR 72032",1610 Raden St,1650,1243,1650,https://www.zillow.com/homedetails/1610-Raden-St-Conway-AR-72032/2066419442_zpid/,2026-08-12T00:00:00.000Z,Listed for rent,2025-10-04T00:00:00.000Z,Listing removed,2025-10-03T00:00:00.000Z,Listed for rent,2025-10-03T00:00:00.000Z,Listing removed,2025-07-18T00:00:00.000Z,Listed for rent,2023-12-30T00:00:00.000Z,Listing removed,2023-12-29T00:00:00.000Z,Listed for rent,2023-12-28T00:00:00.000Z,Listing removed,2023-12-01T00:00:00.000Z,Price change,2023-09-08T00:00:00.000Z,Listed for rent,2023-04-19T00:00:00.000Z,Listing removed,2023-03-28T00:00:00.000Z,Listed for rent,2022-04-21T00:00:00.000Z,Listing removed,2022-02-16T00:00:00.000Z,Listed for rent,,,,,,,,,,,,,,,,,,,,,,,,,,,,
3,13,/homedetails/1250-Cumulus-Dr-Conway-AR-72034/242831_zpid/,FOR_RENT,470000,"1250 Cumulus Dr, Conway, AR 72034",1250 Cumulus Dr,1350,1068,1350,https://www.zillow.com/homedetails/1250-Cumulus-Dr-Conway-AR-72034/242831_zpid/,2026-08-03T00:00:00.000Z,Listed for rent,2015-03-27T00:00:00.000Z,Sold,2006-10-25T00:00:00.000Z,Sold,,,,,,,,,,,,,,,,,,,,,,,,,,,,,,,,,,,,,,,,,,,,,,,,,,
3,31,/homedetails/2220-Chase-Dr-Conway-AR-72034/35730147_zpid/,FOR_RENT,141000,"2220 Chase Dr, Conway, AR 72034",2220 Chase Dr,1850,1582,1850,https://www.zillow.com/homedetails/2220-Chase-Dr-Conway-AR-72034/35730147_zpid/,2026-07-16T00:00:00.000Z,Listed for rent,2025-04-11T00:00:00.000Z,Listing removed,2025-04-06T00:00:00.000Z,Listed for rent,2025-03-29T00:00:00.000Z,Listing removed,2025-01-19T00:00:00.000Z,Price change,2025-01-18T00:00:00.000Z,Listed for rent,2012-10-25T00:00:00.000Z,Sold,2011-08-25T00:00:00.000Z,Sold,2009-07-29T00:00:00.000Z,Sold,2009-04-13T00:00:00.000Z,Sold,2006-02-08T00:00:00.000Z,Sold,,,,,,,,,,,,,,,,,,,,,,,,,,,,,,,,,,
3,29,/homedetails/8-Cemetery-Rd-Vilonia-AR-72173/305836626_zpid/,FOR_RENT,,"8 Cemetery Rd, Vilonia, AR 72173",8 Cemetery Rd,1500,1500,1500,https://www.zillow.com/homedetails/8-Cemetery-Rd-Vilonia-AR-72173/305836626_zpid/,2026-07-18T00:00:00.000Z,Listed for rent,,,,,,,,,,,,,,,,,,,,,,,,,,,,,,,,,,,,,,,,,,,,,,,,,,,,,,
3,36,/homedetails/Conway-AR-72034/241235_zpid/,FOR_RENT,131000,"(Undisclosed Address), Conway, AR 72034",(Undisclosed Address),1800,1689,1800,https://www.zillow.com/homedetails/Conway-AR-72034/241235_zpid/,2026-07-12T00:00:00.000Z,Listed for rent,2026-06-15T00:00:00.000Z,Listing removed,2026-05-25T00:00:00.000Z,Listed for rent,2026-05-16T00:00:00.000Z,Listing removed,2026-04-25T00:00:00.000Z,Listed for rent,2024-05-02T00:00:00.000Z,Listing removed,2024-04-11T00:00:00.000Z,Listed for rent,2021-08-22T00:00:00.000Z,Listing removed,2021-08-02T00:00:00.000Z,Listed for rent,2013-04-18T00:00:00.000Z,Sold,2013-02-04T00:00:00.000Z,Sold,2006-01-27T00:00:00.000Z,Sold,,,,,,,,,,,,,,,,,,,,,,,,,,,,,,,,
3,20,/homedetails/1810-Rich-Smith-Ln-Conway-AR-72032/102992676_zpid/,FOR_RENT,,"1810 Rich Smith Ln, Conway, AR 72032",1810 Rich Smith Ln,2500,2310,2500,https://www.zillow.com/homedetails/1810-Rich-Smith-Ln-Conway-AR-72032/102992676_zpid/,2026-07-27T00:00:00.000Z,Price change,2026-06-22T00:00:00.000Z,Price change,2026-04-22T00:00:00.000Z,Price change,2026-01-07T00:00:00.000Z,Listed for rent,,,,,,,,,,,,,,,,,,,,,,,,,,,,,,,,,,,,,,,,,,,,,,,,
3,38,/homedetails/2704-Bruce-St-Conway-AR-72034/238257_zpid/,FOR_RENT,123000,"2704 Bruce St, Conway, AR 72034",2704 Bruce St,1550,1503,1550,https://www.zillow.com/homedetails/2704-Bruce-St-Conway-AR-72034/238257_zpid/,2026-07-09T00:00:00.000Z,Listed for rent,2025-08-11T00:00:00.000Z,Listing removed,2025-06-27T00:00:00.000Z,Listed for rent,2014-08-01T00:00:00.000Z,Sold,2014-06-12T00:00:00.000Z,Listed for sale,2013-01-13T00:00:00.000Z,Sold,2009-11-16T00:00:00.000Z,Sold,,,,,,,,,,,,,,,,,,,,,,,,,,,,,,,,,,,,,,,,,,
3,22,/homedetails/2105-Lookout-Ave-Conway-AR-72034/235105_zpid/,FOR_RENT,40000,"2105 Lookout Ave, Conway, AR 72034",2105 Lookout Ave,1600,1080,1600,https://www.zillow.com/homedetails/2105-Lookout-Ave-Conway-AR-72034/235105_zpid/,2026-07-25T00:00:00.000Z,Listed for rent,2017-05-02T00:00:00.000Z,Sold,2013-09-13T00:00:00.000Z,Sold,2009-07-08T00:00:00.000Z,Sold,2009-04-18T00:00:00.000Z,Listed for sale,,,,,,,,,,,,,,,,,,,,,,,,,,,,,,,,,,,,,,,,,,,,,,
3,6,/homedetails/2830-Longbow-Ln-Conway-AR-72034/82265622_zpid/,FOR_RENT,192099,"2830 Longbow Ln, Conway, AR 72034",2830 Longbow Ln,1450,1388,1450,https://www.zillow.com/homedetails/2830-Longbow-Ln-Conway-AR-72034/82265622_zpid/,2026-08-10T00:00:00.000Z,Listed for rent,2024-07-03T00:00:00.000Z,Listing removed,2024-06-17T00:00:00.000Z,Listed for rent,2022-05-27T00:00:00.000Z,Sold,2008-02-29T00:00:00.000Z,Sold,,,,,,,,,,,,,,,,,,,,,,,,,,,,,,,,,,,,,,,,,,,,,,
3,1,/homedetails/1225-Alex-St-Conway-AR-72032/82247336_zpid/,FOR_RENT,141000,"1225 Alex St, Conway, AR 72032",1225 Alex St,1650,1400,1650,https://www.zillow.com/homedetails/1225-Alex-St-Conway-AR-72032/82247336_zpid/,2026-08-15T00:00:00.000Z,Listed for rent,2021-02-27T00:00:00.000Z,Listing removed,2020-03-14T00:00:00.000Z,Listing removed,2020-03-05T00:00:00.000Z,Listed for rent,2018-09-27T00:00:00.000Z,Listing removed,2018-09-07T00:00:00.000Z,Listed for rent,2017-08-29T00:00:00.000Z,Listing removed,2017-08-18T00:00:00.000Z,Sold,2017-08-16T00:00:00.000Z,Listed for rent,2017-03-31T00:00:00.000Z,Sold,,,,,,,,,,,,,,,,,,,,,,,,,,,,,,,,,,,,
3,26,/homedetails/2024-Weems-St-Conway-AR-72034/338960334_zpid/,FOR_RENT,,"2024 Weems St, Conway, AR 72034",2024 Weems St,2500,,2500,https://www.zillow.com/homedetails/2024-Weems-St-Conway-AR-72034/338960334_zpid/,2026-07-21T00:00:00.000Z,Listed for rent,,,,,,,,,,,,,,,,,,,,,,,,,,,,,,,,,,,,,,,,,,,,,,,,,,,,,,
3,1,/homedetails/2530-Peabody-Dr-Conway-AR-72032/239829_zpid/,FOR_RENT,199000,"2530 Peabody Dr, Conway, AR 72032",2530 Peabody Dr,1500,1271,1500,https://www.zillow.com/homedetails/2530-Peabody-Dr-Conway-AR-72032/239829_zpid/,2026-08-15T00:00:00.000Z,Listed for rent,2025-07-28T00:00:00.000Z,Sold,2025-06-29T00:00:00.000Z,Contingent,2025-06-28T00:00:00.000Z,Listed for sale,2014-12-23T00:00:00.000Z,Sold,2013-09-19T00:00:00.000Z,Sold,2013-06-28T00:00:00.000Z,Listed for sale,2012-12-14T00:00:00.000Z,Listing removed,2012-10-15T00:00:00.000Z,Listed for sale,,,,,,,,,,,,,,,,,,,,,,,,,,,,,,,,,,,,,,
3,73,/homedetails/1670-Ryder-St-Conway-AR-72032/338960302_zpid/,FOR_RENT,,"1670 Ryder St, Conway, AR 72032",1670 Ryder St,1650,1243,1650,https://www.zillow.com/homedetails/1670-Ryder-St-Conway-AR-72032/338960302_zpid/,2026-06-04T00:00:00.000Z,Listed for rent,2025-03-14T00:00:00.000Z,Listing removed,2024-12-31T00:00:00.000Z,Listed for rent,2023-01-25T00:00:00.000Z,Listing removed,2022-12-15T00:00:00.000Z,Listed for rent,,,,,,,,,,,,,,,,,,,,,,,,,,,,,,,,,,,,,,,,,,,,,,
3,1,/homedetails/1310-Addy-Brook-St-Conway-AR-72032/82287140_zpid/,FOR_RENT,143000,"1310 Addy Brook St, Conway, AR 72032",1310 Addy Brook St,1550,1422,1550,https://www.zillow.com/homedetails/1310-Addy-Brook-St-Conway-AR-72032/82287140_zpid/,2026-08-15T00:00:00.000Z,Listed for rent,2017-12-05T00:00:00.000Z,Sold,2017-05-19T00:00:00.000Z,Sold,,,,,,,,,,,,,,,,,,,,,,,,,,,,,,,,,,,,,,,,,,,,,,,,,,
3,9,/homedetails/22-01-Blair-Greenbrier-AR-72058/2079669832_zpid/,FOR_RENT,115000,"22-01 Blair, Greenbrier, AR 72058",22-01 Blair,1400,1200,1400,https://www.zillow.com/homedetails/22-01-Blair-Greenbrier-AR-72058/2079669832_zpid/,2026-08-07T00:00:00.000Z,Listed for rent,2020-05-08T00:00:00.000Z,Sold,,,,,,,,,,,,,,,,,,,,,,,,,,,,,,,,,,,,,,,,,,,,,,,,,,,,
3,18,/homedetails/2135-Raintree-Dr-Conway-AR-72032/240139_zpid/,FOR_RENT,106000,"2135 Raintree Dr, Conway, AR 72032",2135 Raintree Dr,1435,1042,1435,https://www.zillow.com/homedetails/2135-Raintree-Dr-Conway-AR-72032/240139_zpid/,2026-07-29T00:00:00.000Z,Listed for rent,2024-07-03T00:00:00.000Z,Listing removed,2024-07-01T00:00:00.000Z,Listed for rent,2019-07-11T00:00:00.000Z,Listing removed,2019-07-03T00:00:00.000Z,Listed for rent,2019-05-01T00:00:00.000Z,Sold,2017-02-27T00:00:00.000Z,Listing removed,2017-02-24T00:00:00.000Z,Listed for rent,2015-01-18T00:00:00.000Z,Listing removed,2015-01-15T00:00:00.000Z,Listed for rent,2013-11-15T00:00:00.000Z,Sold,2013-04-06T00:00:00.000Z,Listing removed,2013-03-20T00:00:00.000Z,Listed for rent,2008-04-30T00:00:00.000Z,Sold,,,,,,,,,,,,,,,,,,,,,,,,,,,,
3,30,/homedetails/627-Timberline-Rd-Jacksonville-AR-72076/449592145_zpid/,FOR_RENT,,"627 Timberline Rd, Jacksonville, AR 72076",627 Timberline Rd,1725,1305,1725,https://www.zillow.com/homedetails/627-Timberline-Rd-Jacksonville-AR-72076/449592145_zpid/,2026-07-17T00:00:00.000Z,Listed for rent,2025-07-17T00:00:00.000Z,Listing removed,2025-07-01T00:00:00.000Z,Price change,2025-05-20T00:00:00.000Z,Listed for rent,2025-04-09T00:00:00.000Z,Listing removed,2025-04-09T00:00:00.000Z,Listed for rent,,,,,,,,,,,,,,,,,,,,,,,,,,,,,,,,,,,,,,,,,,,,
3,31,/homedetails/2250-Wilmington-Dr-Conway-AR-72034/59917837_zpid/,FOR_RENT,141000,"2250 Wilmington Dr, Conway, AR 72034",2250 Wilmington Dr,1600,1449,1600,https://www.zillow.com/homedetails/2250-Wilmington-Dr-Conway-AR-72034/59917837_zpid/,2026-07-16T00:00:00.000Z,Listed for rent,2023-03-14T00:00:00.000Z,Listing removed,2023-03-10T00:00:00.000Z,Listed for rent,2020-01-10T00:00:00.000Z,Listing removed,2019-11-04T00:00:00.000Z,Listed for rent,2017-08-31T00:00:00.000Z,Sold,2017-07-31T00:00:00.000Z,Price change,2017-07-17T00:00:00.000Z,Listed for sale,2005-02-23T00:00:00.000Z,Sold,,,,,,,,,,,,,,,,,,,,,,,,,,,,,,,,,,,,,,
3,61,/homedetails/781-Highway-365-Mayflower-AR-72106/227206_zpid/,FOR_RENT,165700,"781 Highway 365, Mayflower, AR 72106",781 Highway 365,1175,1140,1175,https://www.zillow.com/homedetails/781-Highway-365-Mayflower-AR-72106/227206_zpid/,2026-07-28T00:00:00.000Z,Price change,2026-06-16T00:00:00.000Z,Listed for rent,2023-11-01T00:00:00.000Z,Listing removed,2023-10-21T00:00:00.000Z,Price change,2023-09-12T00:00:00.000Z,Listed for rent,2023-03-10T00:00:00.000Z,Listing removed,2023-02-13T00:00:00.000Z,Listed for rent,2013-04-30T00:00:00.000Z,Sold,2007-03-14T00:00:00.000Z,Sold,,,,,,,,,,,,,,,,,,,,,,,,,,,,,,,,,,,,,,
3,4,/homedetails/1645-Southern-Hills-Dr-Conway-AR-72034/52392168_zpid/,FOR_RENT,119900,"1645 Southern Hills Dr, Conway, AR 72034",1645 Southern Hills Dr,1495,1155,1495,https://www.zillow.com/homedetails/1645-Southern-Hills-Dr-Conway-AR-72034/52392168_zpid/,2026-08-12T00:00:00.000Z,Listed for rent,2025-08-05T00:00:00.000Z,Listing removed,2025-07-16T00:00:00.000Z,Listed for rent,2023-07-01T00:00:00.000Z,Listing removed,2023-06-28T00:00:00.000Z,Listed for rent,2023-04-06T00:00:00.000Z,Sold,,,,,,,,,,,,,,,,,,,,,,,,,,,,,,,,,,,,,,,,,,,,
3,26,/homedetails/9-Jarman-Ln-Vilonia-AR-72173/225149_zpid/,FOR_RENT,230000,"9 Jarman Ln, Vilonia, AR 72173",9 Jarman Ln,2000,2100,2000,https://www.zillow.com/homedetails/9-Jarman-Ln-Vilonia-AR-72173/225149_zpid/,2026-07-21T00:00:00.000Z,Listed for rent,2026-07-02T00:00:00.000Z,Listing removed,2026-05-29T00:00:00.000Z,Listed for rent,2013-07-03T00:00:00.000Z,Sold,2012-07-19T00:00:00.000Z,Sold,,,,,,,,,,,,,,,,,,,,,,,,,,,,,,,,,,,,,,,,,,,,,,
3,60,/homedetails/1405-Appalachain-Dr-Conway-AR-72034/35730407_zpid/,FOR_RENT,180500,"1405 Appalachain Dr, Conway, AR 72034",1405 Appalachain Dr,1450,1145,1450,https://www.zillow.com/homedetails/1405-Appalachain-Dr-Conway-AR-72034/35730407_zpid/,2026-06-17T00:00:00.000Z,Listed for rent,2025-01-27T00:00:00.000Z,Listing removed,2024-10-29T00:00:00.000Z,Price change,2024-09-04T00:00:00.000Z,Listed for rent,2023-09-26T00:00:00.000Z,Listing removed,2023-08-03T00:00:00.000Z,Price change,2023-06-22T00:00:00.000Z,Listed for rent,2022-07-05T00:00:00.000Z,Listing removed,2022-06-23T00:00:00.000Z,Listed for rent,2022-06-02T00:00:00.000Z,Sold,2022-04-20T00:00:00.000Z,Pending sale,2022-04-20T00:00:00.000Z,Contingent,2022-04-16T00:00:00.000Z,Listed for sale,2016-09-01T00:00:00.000Z,Sold,2016-08-01T00:00:00.000Z,Listed for sale,,,,,,,,,,,,,,,,,,,,,,,,,,
3,2,/homedetails/2765-Archer-Ln-Conway-AR-72034/241241_zpid/,FOR_RENT,154500,"2765 Archer Ln, Conway, AR 72034",2765 Archer Ln,1700,1560,1700,https://www.zillow.com/homedetails/2765-Archer-Ln-Conway-AR-72034/241241_zpid/,2026-08-14T00:00:00.000Z,Listed for rent,2025-09-17T00:00:00.000Z,Listing removed,2025-08-12T00:00:00.000Z,Listed for rent,2024-05-31T00:00:00.000Z,Listing removed,2024-05-16T00:00:00.000Z,Listed for rent,2023-06-05T00:00:00.000Z,Listing removed,2023-06-02T00:00:00.000Z,Listed for rent,2019-12-17T00:00:00.000Z,Sold,2019-11-19T00:00:00.000Z,Price change,2019-09-30T00:00:00.000Z,Listed for sale,2014-10-14T00:00:00.000Z,Sold,,,,,,,,,,,,,,,,,,,,,,,,,,,,,,,,,,
3,9,/homedetails/100-Donna-Kay-Dr-Greenbrier-AR-72058/35730915_zpid/,FOR_RENT,100000,"100 Donna Kay Dr, Greenbrier, AR 72058",100 Donna Kay Dr,1500,1129,1500,https://www.zillow.com/homedetails/100-Donna-Kay-Dr-Greenbrier-AR-72058/35730915_zpid/,2026-08-07T00:00:00.000Z,Listed for rent,2024-03-16T00:00:00.000Z,Listing removed,2024-03-12T00:00:00.000Z,Listed for rent,2013-11-05T00:00:00.000Z,Sold,2013-07-27T00:00:00.000Z,Listing removed,2013-06-23T00:00:00.000Z,Listed for sale,2008-05-05T00:00:00.000Z,Sold,2007-05-22T00:00:00.000Z,Sold,,,,,,,,,,,,,,,,,,,,,,,,,,,,,,,,,,,,,,,,
3,6,/homedetails/3965-Rupert-Dr-Conway-AR-72034/242860_zpid/,FOR_RENT,112000,"3965 Rupert Dr, Conway, AR 72034",3965 Rupert Dr,1300,1052,1300,https://www.zillow.com/homedetails/3965-Rupert-Dr-Conway-AR-72034/242860_zpid/,2026-08-10T00:00:00.000Z,Listed for rent,2021-02-23T00:00:00.000Z,Listing removed,2020-09-09T00:00:00.000Z,Listing removed,2020-09-02T00:00:00.000Z,Listed for rent,2020-07-31T00:00:00.000Z,Sold,2019-05-25T00:00:00.000Z,Listing removed,2019-05-13T00:00:00.000Z,Listed for rent,2018-05-17T00:00:00.000Z,Listing removed,2018-05-07T00:00:00.000Z,Sold,2018-05-05T00:00:00.000Z,Listed for rent,2018-04-11T00:00:00.000Z,Listed for sale,2016-11-01T00:00:00.000Z,Listing removed,2016-10-12T00:00:00.000Z,Listed for sale,2016-08-01T00:00:00.000Z,Listing removed,2016-03-11T00:00:00.000Z,Listed for sale,2013-07-16T00:00:00.000Z,Sold,,,,,,,,,,,,,,,,,,,,,,,,
3,16,/homedetails/1716-College-Ave-Conway-AR-72034/2088717945_zpid/,FOR_RENT,,"1716 College Ave, Conway, AR 72034",1716 College Ave,1400,1300,1400,https://www.zillow.com/homedetails/1716-College-Ave-Conway-AR-72034/2088717945_zpid/,2026-07-31T00:00:00.000Z,Listed for rent,2021-03-24T00:00:00.000Z,Listing removed,2019-12-08T00:00:00.000Z,Listing removed,2019-11-13T00:00:00.000Z,Price change,2019-09-30T00:00:00.000Z,Listed for rent,2019-07-11T00:00:00.000Z,Listing removed,2019-05-17T00:00:00.000Z,Listed for rent,2018-08-14T00:00:00.000Z,Listing removed,2018-08-10T00:00:00.000Z,Price change,2018-07-09T00:00:00.000Z,Listed for rent,,,,,,,,,,,,,,,,,,,,,,,,,,,,,,,,,,,,
3,104,/homedetails/18-Kimberly-Dr-Vilonia-AR-72173/245526_zpid/,FOR_RENT,270000,"18 Kimberly Dr, Vilonia, AR 72173",18 Kimberly Dr,1995,1954,1995,https://www.zillow.com/homedetails/18-Kimberly-Dr-Vilonia-AR-72173/245526_zpid/,2026-05-04T00:00:00.000Z,Listed for rent,2026-01-05T00:00:00.000Z,Sold,2025-11-20T00:00:00.000Z,Listed for sale,2025-11-20T00:00:00.000Z,Listing removed,2025-09-18T00:00:00.000Z,Listed for sale,2015-07-09T00:00:00.000Z,Sold,2000-03-15T00:00:00.000Z,Sold,,,,,,,,,,,,,,,,,,,,,,,,,,,,,,,,,,,,,,,,,,
3,39,/homedetails/5-Weatherwood-Dr-Greenbrier-AR-72058/102993946_zpid/,FOR_RENT,154000,"5 Weatherwood Dr, Greenbrier, AR 72058",5 Weatherwood Dr,1600,1547,1600,https://www.zillow.com/homedetails/5-Weatherwood-Dr-Greenbrier-AR-72058/102993946_zpid/,2026-07-09T00:00:00.000Z,Listed for rent,2022-10-04T00:00:00.000Z,Listing removed,2022-09-19T00:00:00.000Z,Listed for rent,2022-09-16T00:00:00.000Z,Listed for sale,2008-04-30T00:00:00.000Z,Sold,,,,,,,,,,,,,,,,,,,,,,,,,,,,,,,,,,,,,,,,,,,,,,
3,4,/homedetails/1855-Arden-Ln-Conway-AR-72034/71714883_zpid/,FOR_RENT,199900,"1855 Arden Ln, Conway, AR 72034",1855 Arden Ln,1650,1167,1650,https://www.zillow.com/homedetails/1855-Arden-Ln-Conway-AR-72034/71714883_zpid/,2026-08-12T00:00:00.000Z,Listed for rent,2026-07-30T00:00:00.000Z,Sold,2015-03-06T00:00:00.000Z,Sold,2007-02-22T00:00:00.000Z,Sold,2006-12-29T00:00:00.000Z,Sold,,,,,,,,,,,,,,,,,,,,,,,,,,,,,,,,,,,,,,,,,,,,,,
3,62,/homedetails/2555-Winchester-Dr-Conway-AR-72032/239881_zpid/,FOR_RENT,180000,"2555 Winchester Dr, Conway, AR 72032",2555 Winchester Dr,1375,1104,1375,https://www.zillow.com/homedetails/2555-Winchester-Dr-Conway-AR-72032/239881_zpid/,2026-08-12T00:00:00.000Z,Price change,2026-07-20T00:00:00.000Z,Price change,2026-07-01T00:00:00.000Z,Price change,2026-06-15T00:00:00.000Z,Listed for rent,2026-05-08T00:00:00.000Z,Listing removed,2026-05-01T00:00:00.000Z,Listed for rent,2025-05-29T00:00:00.000Z,Listing removed,2025-05-22T00:00:00.000Z,Listed for rent,2025-04-07T00:00:00.000Z,Sold,2025-03-08T00:00:00.000Z,Contingent,2025-03-05T00:00:00.000Z,Listed for sale,2025-02-26T00:00:00.000Z,Listing removed,2025-01-08T00:00:00.000Z,Listed for rent,2024-11-23T00:00:00.000Z,Listing removed,2024-11-02T00:00:00.000Z,Listed for rent,2024-10-26T00:00:00.000Z,Listing removed,2024-10-14T00:00:00.000Z,Price change,2024-09-18T00:00:00.000Z,Price change,2024-09-03T00:00:00.000Z,Listed for rent,2015-06-12T00:00:00.000Z,Sold,1996-09-18T00:00:00.000Z,Sold,1994-12-02T00:00:00.000Z,Sold,,,,,,,,,,,,
3,55,/homedetails/600-S-Davis-St-Conway-AR-72034/235022_zpid/,FOR_RENT,108500,"600 S Davis St, Conway, AR 72034",600 S Davis St,1525,1728,1525,https://www.zillow.com/homedetails/600-S-Davis-St-Conway-AR-72034/235022_zpid/,2026-07-20T00:00:00.000Z,Price change,2026-07-06T00:00:00.000Z,Price change,2026-06-22T00:00:00.000Z,Listed for rent,2022-10-20T00:00:00.000Z,Listing removed,2022-10-11T00:00:00.000Z,Price change,2022-09-22T00:00:00.000Z,Listed for rent,2017-06-15T00:00:00.000Z,Sold,2017-05-06T00:00:00.000Z,Listed for sale,2015-04-17T00:00:00.000Z,Sold,2005-07-22T00:00:00.000Z,Sold,,,,,,,,,,,,,,,,,,,,,,,,,,,,,,,,,,,,
3,10,/homedetails/3420-Antietam-Dr-Conway-AR-72032/52391633_zpid/,FOR_RENT,130000,"3420 Antietam Dr, Conway, AR 72032",3420 Antietam Dr,1450,1097,1450,https://www.zillow.com/homedetails/3420-Antietam-Dr-Conway-AR-72032/52391633_zpid/,2026-08-07T00:00:00.000Z,Listed for rent,2026-02-24T00:00:00.000Z,Listing removed,2026-02-19T00:00:00.000Z,Price change,2026-02-13T00:00:00.000Z,Listed for rent,2025-09-17T00:00:00.000Z,Listing removed,2025-08-29T00:00:00.000Z,Listed for rent,2021-04-13T00:00:00.000Z,Sold,2018-04-26T00:00:00.000Z,Sold,2018-01-23T00:00:00.000Z,Listed for sale,2012-10-29T00:00:00.000Z,Sold,2012-08-04T00:00:00.000Z,Listed for sale,2005-06-23T00:00:00.000Z,Sold,,,,,,,,,,,,,,,,,,,,,,,,,,,,,,,,
3,28,/homedetails/2-Dunwood-Dr-Greenbrier-AR-72058/122006897_zpid/,FOR_RENT,213000,"2 Dunwood Dr, Greenbrier, AR 72058",2 Dunwood Dr,1600,1521,1600,https://www.zillow.com/homedetails/2-Dunwood-Dr-Greenbrier-AR-72058/122006897_zpid/,2026-07-19T00:00:00.000Z,Listed for rent,2023-06-07T00:00:00.000Z,Listing removed,2023-06-03T00:00:00.000Z,Listed for rent,2023-05-23T00:00:00.000Z,Sold,2023-04-27T00:00:00.000Z,Contingent,2023-04-23T00:00:00.000Z,Price change,2023-04-14T00:00:00.000Z,Listed for sale,2019-03-29T00:00:00.000Z,Sold,2019-01-31T00:00:00.000Z,Price change,2018-11-05T00:00:00.000Z,Listed for sale,2014-07-22T00:00:00.000Z,Sold,,,,,,,,,,,,,,,,,,,,,,,,,,,,,,,,,,
3,3,/homedetails/1660-Arden-Ln-Conway-AR-72034/71714817_zpid/,FOR_RENT,112000,"1660 Arden Ln, Conway, AR 72034",1660 Arden Ln,1500,1200,1500,https://www.zillow.com/homedetails/1660-Arden-Ln-Conway-AR-72034/71714817_zpid/,2026-08-13T00:00:00.000Z,Listed for rent,2024-06-10T00:00:00.000Z,Listing removed,2024-06-02T00:00:00.000Z,Listed for rent,2021-03-24T00:00:00.000Z,Listing removed,2018-07-07T00:00:00.000Z,Listing removed,2018-06-28T00:00:00.000Z,Listed for rent,2015-07-16T00:00:00.000Z,Listing removed,2015-07-07T00:00:00.000Z,Sold,2015-07-02T00:00:00.000Z,Listed for rent,2006-09-05T00:00:00.000Z,Sold,,,,,,,,,,,,,,,,,,,,,,,,,,,,,,,,,,,,
3,221,/homedetails/3915-Ledbetter-Dr-Conway-AR-72034/242880_zpid/,FOR_RENT,134000,"3915 Ledbetter Dr, Conway, AR 72034",3915 Ledbetter Dr,1100,1052,1100,https://www.zillow.com/homedetails/3915-Ledbetter-Dr-Conway-AR-72034/242880_zpid/,2026-01-14T00:00:00.000Z,Listed for rent,2026-01-14T00:00:00.000Z,Listing removed,2026-01-08T00:00:00.000Z,Listed for rent,2024-12-09T00:00:00.000Z,Listing removed,2024-10-16T00:00:00.000Z,Price change,2024-08-16T00:00:00.000Z,Listed for rent,2024-02-29T00:00:00.000Z,Listing removed,2024-02-16T00:00:00.000Z,Price change,2024-01-08T00:00:00.000Z,Listed for rent,2023-02-08T00:00:00.000Z,Listing removed,2023-01-25T00:00:00.000Z,Price change,2022-11-23T00:00:00.000Z,Listed for rent,2022-11-14T00:00:00.000Z,Sold,2022-10-13T00:00:00.000Z,Contingent,2022-10-09T00:00:00.000Z,Listed for sale,2015-07-17T00:00:00.000Z,Sold,2002-05-31T00:00:00.000Z,Sold,,,,,,,,,,,,,,,,,,,,,,
3,1,/homedetails/2750-Bowman-Ln-Conway-AR-72034/241246_zpid/,FOR_RENT,255000,"2750 Bowman Ln, Conway, AR 72034",2750 Bowman Ln,1650,1668,1650,https://www.zillow.com/homedetails/2750-Bowman-Ln-Conway-AR-72034/241246_zpid/,2026-07-17T00:00:00.000Z,Price change,2026-07-03T00:00:00.000Z,Listed for rent,2023-12-20T00:00:00.000Z,Listing removed,2023-11-30T00:00:00.000Z,Price change,2023-11-04T00:00:00.000Z,Listed for rent,2014-07-02T00:00:00.000Z,Sold,2007-07-18T00:00:00.000Z,Sold,1994-06-06T00:00:00.000Z,Sold,,,,,,,,,,,,,,,,,,,,,,,,,,,,,,,,,,,,,,,,
3,9,/homedetails/3020-Beechwood-Dr-Conway-AR-72032/251479599_zpid/,FOR_RENT,184000,"3020 Beechwood Dr, Conway, AR 72032",3020 Beechwood Dr,1500,1289,1500,https://www.zillow.com/homedetails/3020-Beechwood-Dr-Conway-AR-72032/251479599_zpid/,2026-06-06T00:00:00.000Z,Listed for rent,2023-06-10T00:00:00.000Z,Listing removed,2023-05-15T00:00:00.000Z,Listed for rent,2022-08-16T00:00:00.000Z,Sold,2022-07-13T00:00:00.000Z,Contingent,2022-07-11T00:00:00.000Z,Price change,2022-07-05T00:00:00.000Z,Listed for sale,2021-07-02T00:00:00.000Z,Sold,2021-05-30T00:00:00.000Z,Contingent,2021-05-27T00:00:00.000Z,Listed for sale,2017-10-13T00:00:00.000Z,Sold,,,,,,,,,,,,,,,,,,,,,,,,,,,,,,,,,,
3,4,/homedetails/201-Oliver-St-Conway-AR-72034/235449_zpid/,FOR_RENT,149000,"201 Oliver St, Conway, AR 72034",201 Oliver St,1450,1456,1450,https://www.zillow.com/homedetails/201-Oliver-St-Conway-AR-72034/235449_zpid/,2026-08-12T00:00:00.000Z,Listed for rent,2024-07-23T00:00:00.000Z,Listing removed,2024-07-02T00:00:00.000Z,Listed for rent,2022-04-29T00:00:00.000Z,Listing removed,2022-04-28T00:00:00.000Z,Listed for rent,2022-04-15T00:00:00.000Z,Listing removed,2022-03-31T00:00:00.000Z,Listed for rent,2010-07-14T00:00:00.000Z,Sold,,,,,,,,,,,,,,,,,,,,,,,,,,,,,,,,,,,,,,,,
3,8,/homedetails/608-S-Baridon-St-Conway-AR-72034/236173_zpid/,FOR_RENT,132500,"608 S Baridon St, Conway, AR 72034",608 S Baridon St,1800,1997,1800,https://www.zillow.com/homedetails/608-S-Baridon-St-Conway-AR-72034/236173_zpid/,2026-08-08T00:00:00.000Z,Listed for rent,2026-07-28T00:00:00.000Z,Listing removed,2026-07-06T00:00:00.000Z,Listed for rent,2026-04-27T00:00:00.000Z,Listing removed,2026-04-01T00:00:00.000Z,Price change,2022-11-28T00:00:00.000Z,Price change,2022-11-03T00:00:00.000Z,Listed for rent,2018-10-17T00:00:00.000Z,Sold,2018-09-20T00:00:00.000Z,Pending sale,2018-08-24T00:00:00.000Z,Listed for sale,2015-07-07T00:00:00.000Z,Sold,,,,,,,,,,,,,,,,,,,,,,,,,,,,,,,,,,
3,3,/homedetails/5380-Pewter-Dr-Conway-AR-72034/71712219_zpid/,FOR_RENT,126000,"5380 Pewter Dr, Conway, AR 72034",5380 Pewter Dr,1750,1550,1750,https://www.zillow.com/homedetails/5380-Pewter-Dr-Conway-AR-72034/71712219_zpid/,2026-08-13T00:00:00.000Z,Listed for rent,2021-03-24T00:00:00.000Z,Listing removed,2020-02-23T00:00:00.000Z,Listing removed,2020-02-20T00:00:00.000Z,Price change,2020-01-27T00:00:00.000Z,Listed for rent,2005-09-06T00:00:00.000Z,Sold,2005-05-10T00:00:00.000Z,Sold,,,,,,,,,,,,,,,,,,,,,,,,,,,,,,,,,,,,,,,,,,
3,23,/homedetails/2-Hawthorne-Dr-Conway-AR-72034/237001_zpid/,FOR_RENT,102000,"2 Hawthorne Dr, Conway, AR 72034",2 Hawthorne Dr,1800,1408,1800,https://www.zillow.com/homedetails/2-Hawthorne-Dr-Conway-AR-72034/237001_zpid/,2026-07-24T00:00:00.000Z,Listed for rent,2014-07-29T00:00:00.000Z,Sold,2014-05-16T00:00:00.000Z,Price change,2014-02-28T00:00:00.000Z,Listed for sale,2014-01-01T00:00:00.000Z,Listing removed,2013-10-29T00:00:00.000Z,Price change,2013-10-04T00:00:00.000Z,Price change,2013-08-08T00:00:00.000Z,Listed for sale,2011-08-31T00:00:00.000Z,Sold,,,,,,,,,,,,,,,,,,,,,,,,,,,,,,,,,,,,,,
3,55,/homedetails/2905-Adam-St-Conway-AR-72034/239408_zpid/,RECENTLY_SOLD,225000,"2905 Adam St, Conway, AR 72034",2905 Adam St,225000,1644,225000,https://www.zillow.com/homedetails/2905-Adam-St-Conway-AR-72034/239408_zpid/,2026-07-30T00:00:00.000Z,Listing removed,2026-07-16T00:00:00.000Z,Price change,2026-07-08T00:00:00.000Z,Listed for rent,2026-06-22T00:00:00.000Z,Sold,2026-06-01T00:00:00.000Z,Listed for sale,2020-03-20T00:00:00.000Z,Sold,2020-03-13T00:00:00.000Z,Listed for sale,2020-02-01T00:00:00.000Z,Listing removed,2020-01-24T00:00:00.000Z,Price change,2020-01-17T00:00:00.000Z,Price change,2019-12-16T00:00:00.000Z,Pending sale,2019-11-10T00:00:00.000Z,Listed for sale,2006-07-11T00:00:00.000Z,Sold,2004-10-14T00:00:00.000Z,Sold,,,,,,,,,,,,,,,,,,,,,,,,,,,,
3,65,/homedetails/56-Eden-Valley-Ranch-Rd-Vilonia-AR-72173/102990816_zpid/,FOR_RENT,91800,"56 Eden Valley Ranch Rd, Vilonia, AR 72173",56 Eden Valley Ranch Rd,1295,1280,1295,https://www.zillow.com/homedetails/56-Eden-Valley-Ranch-Rd-Vilonia-AR-72173/102990816_zpid/,2026-07-20T00:00:00.000Z,Price change,2026-07-02T00:00:00.000Z,Price change,2026-06-22T00:00:00.000Z,Price change,2026-06-13T00:00:00.000Z,Listed for rent,2024-04-05T00:00:00.000Z,Sold,2024-03-07T00:00:00.000Z,Listing removed,2024-02-29T00:00:00.000Z,Listed for sale,2022-08-05T00:00:00.000Z,Sold,2022-06-16T00:00:00.000Z,Listed for sale,,,,,,,,,,,,,,,,,,,,,,,,,,,,,,,,,,,,,,
3,121,/homedetails/120-Suda-St-Cabot-AR-72023/213595966_zpid/,FOR_RENT,120000,"120 Suda St, Cabot, AR 72023",120 Suda St,1095,1008,1095,https://www.zillow.com/homedetails/120-Suda-St-Cabot-AR-72023/213595966_zpid/,2026-06-17T00:00:00.000Z,Price change,2026-05-05T00:00:00.000Z,Price change,2026-04-18T00:00:00.000Z,Listed for rent,2024-08-02T00:00:00.000Z,Sold,2024-07-23T00:00:00.000Z,Listing removed,2024-07-04T00:00:00.000Z,Listed for rent,2024-06-25T00:00:00.000Z,Listed for sale,2024-05-20T00:00:00.000Z,Contingent,2024-05-03T00:00:00.000Z,Listed for sale,2023-10-26T00:00:00.000Z,Listing removed,2023-10-21T00:00:00.000Z,Listed for rent,2021-03-24T00:00:00.000Z,Listing removed,2018-04-27T00:00:00.000Z,Listing removed,2018-04-17T00:00:00.000Z,Listed for rent,,,,,,,,,,,,,,,,,,,,,,,,,,,,
3,9,/homedetails/225-Shiloh-Dr-Conway-AR-72032/82281664_zpid/,FOR_RENT,125000,"225 Shiloh Dr, Conway, AR 72032",225 Shiloh Dr,1450,1228,1450,https://www.zillow.com/homedetails/225-Shiloh-Dr-Conway-AR-72032/82281664_zpid/,2026-08-07T00:00:00.000Z,Listed for rent,2026-02-26T00:00:00.000Z,Listing removed,2026-02-19T00:00:00.000Z,Price change,2026-02-13T00:00:00.000Z,Listed for rent,2020-11-12T00:00:00.000Z,Sold,2006-07-28T00:00:00.000Z,Sold,,,,,,,,,,,,,,,,,,,,,,,,,,,,,,,,,,,,,,,,,,,,
3,11,/homedetails/2731-Ranchwood-Dr-Benton-AR-72019/385865_zpid/,FOR_RENT,167000,"2731 Ranchwood Dr, Benton, AR 72019",2731 Ranchwood Dr,1575,1656,1575,https://www.zillow.com/homedetails/2731-Ranchwood-Dr-Benton-AR-72019/385865_zpid/,2026-08-05T00:00:00.000Z,Listed for rent,2025-06-24T00:00:00.000Z,Listing removed,2025-06-20T00:00:00.000Z,Price change,2025-05-22T00:00:00.000Z,Price change,2025-04-30T00:00:00.000Z,Price change,2025-04-23T00:00:00.000Z,Price change,2025-04-04T00:00:00.000Z,Listed for rent,2024-03-11T00:00:00.000Z,Listing removed,2024-02-28T00:00:00.000Z,Listed for rent,2023-10-02T00:00:00.000Z,Listing removed,2022-03-14T00:00:00.000Z,Listing removed,2022-02-11T00:00:00.000Z,Price change,2022-01-28T00:00:00.000Z,Price change,2021-12-27T00:00:00.000Z,Price change,2021-11-18T00:00:00.000Z,Listed for rent,2021-10-01T00:00:00.000Z,Sold,2021-09-01T00:00:00.000Z,Price change,2021-08-03T00:00:00.000Z,Listed for sale,,,,,,,,,,,,,,,,,,,,
3,41,/homedetails/2530-Jayme-Cir-Conway-AR-72032/239955_zpid/,FOR_RENT,153000,"2530 Jayme Cir, Conway, AR 72032",2530 Jayme Cir,1550,1424,1550,https://www.zillow.com/homedetails/2530-Jayme-Cir-Conway-AR-72032/239955_zpid/,2026-08-15T00:00:00.000Z,Listing removed,2026-08-12T00:00:00.000Z,Price change,2026-08-11T00:00:00.000Z,Listed for sale,2026-07-06T00:00:00.000Z,Listed for rent,2026-06-27T00:00:00.000Z,Listing removed,2026-06-02T00:00:00.000Z,Listed for rent,2025-04-23T00:00:00.000Z,Listing removed,2025-04-16T00:00:00.000Z,Price change,2025-03-24T00:00:00.000Z,Listed for rent,2024-02-18T00:00:00.000Z,Listing removed,2024-02-05T00:00:00.000Z,Price change,2024-02-02T00:00:00.000Z,Price change,2023-11-27T00:00:00.000Z,Listed for rent,2022-10-11T00:00:00.000Z,Listing removed,2022-10-02T00:00:00.000Z,Listed for rent,2022-08-26T00:00:00.000Z,Sold,2022-08-26T00:00:00.000Z,Contingent,2022-07-21T00:00:00.000Z,Listed for sale,2015-01-27T00:00:00.000Z,Sold,2014-12-12T00:00:00.000Z,Listed for sale,2014-07-18T00:00:00.000Z,Sold,,,,,,,,,,,,,,
4,25,/homedetails/203-Glen-Oaks-Dr-Benton-AR-72015/2066535046_zpid/,FOR_RENT,,"203 Glen Oaks Dr, Benton, AR 72015",203 Glen Oaks Dr,1295,1270,1295,https://www.zillow.com/homedetails/203-Glen-Oaks-Dr-Benton-AR-72015/2066535046_zpid/,2026-08-14T00:00:00.000Z,Price change,2026-08-12T00:00:00.000Z,Listed for rent,2026-07-30T00:00:00.000Z,Listing removed,2026-07-22T00:00:00.000Z,Listed for rent,2026-03-06T00:00:00.000Z,Listing removed,2026-02-26T00:00:00.000Z,Price change,2026-02-21T00:00:00.000Z,Price change,2026-02-11T00:00:00.000Z,Price change,2026-01-22T00:00:00.000Z,Listed for rent,2024-07-12T00:00:00.000Z,Listing removed,2024-07-12T00:00:00.000Z,Price change,2024-07-02T00:00:00.000Z,Price change,2024-06-06T00:00:00.000Z,Listed for rent,2022-11-09T00:00:00.000Z,Listing removed,2022-11-07T00:00:00.000Z,Listed for rent,2022-06-15T00:00:00.000Z,Listing removed,2022-05-30T00:00:00.000Z,Listed for rent,2022-03-04T00:00:00.000Z,Listing removed,2022-02-17T00:00:00.000Z,Price change,2022-02-04T00:00:00.000Z,Listed for rent,,,,,,,,,,,,,,,,
4,41,/homedetails/124-Im-Dr-Maumelle-AR-72113/2056969175_zpid/,FOR_RENT,222925,"124 Im Dr, Maumelle, AR 72113",124 Im Dr,1950,1500,1950,https://www.zillow.com/homedetails/124-Im-Dr-Maumelle-AR-72113/2056969175_zpid/,2026-07-06T00:00:00.000Z,Listed for rent,2025-08-27T00:00:00.000Z,Listing removed,2025-07-18T00:00:00.000Z,Listed for rent,2024-08-21T00:00:00.000Z,Listing removed,2024-07-30T00:00:00.000Z,Listed for rent,2023-09-26T00:00:00.000Z,Sold,,,,,,,,,,,,,,,,,,,,,,,,,,,,,,,,,,,,,,,,,,,,
4,12,/homedetails/1105-River-Oaks-Dr-Benton-AR-72019/453260567_zpid/,FOR_RENT,,"1105 River Oaks Dr, Benton, AR 72019",1105 River Oaks Dr,2600,2350,2600,https://www.zillow.com/homedetails/1105-River-Oaks-Dr-Benton-AR-72019/453260567_zpid/,2026-08-04T00:00:00.000Z,Listed for rent,2025-07-28T00:00:00.000Z,Listing removed,2025-07-04T00:00:00.000Z,Price change,2025-06-21T00:00:00.000Z,Price change,2025-06-12T00:00:00.000Z,Listed for rent,,,,,,,,,,,,,,,,,,,,,,,,,,,,,,,,,,,,,,,,,,,,,,
3,66,/homedetails/2110-24th-St-NE-Hickory-NC-28601/71911952_zpid/,FOR_RENT,100000,"2110 24th St NE, Hickory, NC 28601",2110 24th St NE,1700,1248,1700,https://www.zillow.com/homedetails/2110-24th-St-NE-Hickory-NC-28601/71911952_zpid/,2026-05-13T00:00:00.000Z,Price change,2026-02-27T00:00:00.000Z,Listed for rent,1994-09-01T00:00:00.000Z,Sold,,,,,,,,,,,,,,,,,,,,,,,,,,,,,,,,,,,,,,,,,,,,,,,,,,
3,25,/homedetails/115-Beckett-Mountain-Rd-Mount-Vernon-AR-72111/305852421_zpid/,FOR_RENT,129000,"115 Beckett Mountain Rd, Mount Vernon, AR 72111",115 Beckett Mountain Rd,2500,2619,2500,https://www.zillow.com/homedetails/115-Beckett-Mountain-Rd-Mount-Vernon-AR-72111/305852421_zpid/,2026-07-22T00:00:00.000Z,Listed for rent,2006-01-09T00:00:00.000Z,Sold,2005-10-25T00:00:00.000Z,Sold,,,,,,,,,,,,,,,,,,,,,,,,,,,,,,,,,,,,,,,,,,,,,,,,,,
3,2,/homedetails/21-Willard-St-Ward-AR-72176/55151159_zpid/,FOR_RENT,165000,"21 Willard St, Ward, AR 72176",21 Willard St,1395,1301,1395,https://www.zillow.com/homedetails/21-Willard-St-Ward-AR-72176/55151159_zpid/,2026-08-14T00:00:00.000Z,Listed for rent,2022-08-08T00:00:00.000Z,Sold,2014-12-24T00:00:00.000Z,Listing removed,2014-11-06T00:00:00.000Z,Price change,2014-10-02T00:00:00.000Z,Listed for rent,2014-04-10T00:00:00.000Z,Listing removed,2014-03-01T00:00:00.000Z,Listed for rent,2014-02-18T00:00:00.000Z,Listing removed,2014-02-07T00:00:00.000Z,Price change,2014-01-09T00:00:00.000Z,Price change,2013-10-25T00:00:00.000Z,Price change,2013-08-24T00:00:00.000Z,Listed for sale,2013-05-23T00:00:00.000Z,Listing removed,2013-04-18T00:00:00.000Z,Price change,2013-03-30T00:00:00.000Z,Price change,2013-03-13T00:00:00.000Z,Price change,2013-02-26T00:00:00.000Z,Price change,2013-02-10T00:00:00.000Z,Listed for sale,2012-07-04T00:00:00.000Z,Listing removed,2012-05-16T00:00:00.000Z,Price change,2012-04-12T00:00:00.000Z,Price change,2012-04-09T00:00:00.000Z,Price change,2012-03-23T00:00:00.000Z,Price change,2012-03-15T00:00:00.000Z,Listed for sale,,,,,,,,
3,35,/homedetails/4605-Valiant-Dr-Conway-AR-72034/52392383_zpid/,FOR_RENT,122000,"4605 Valiant Dr, Conway, AR 72034",4605 Valiant Dr,1500,1324,1500,https://www.zillow.com/homedetails/4605-Valiant-Dr-Conway-AR-72034/52392383_zpid/,2026-08-01T00:00:00.000Z,Price change,2026-07-13T00:00:00.000Z,Listed for rent,2023-05-19T00:00:00.000Z,Listing removed,2023-05-02T00:00:00.000Z,Listed for rent,2022-04-11T00:00:00.000Z,Listing removed,2022-04-06T00:00:00.000Z,Listed for rent,2011-09-02T00:00:00.000Z,Sold,2011-06-12T00:00:00.000Z,Listed for sale,2008-09-08T00:00:00.000Z,Sold,,,,,,,,,,,,,,,,,,,,,,,,,,,,,,,,,,,,,,
3,26,/homedetails/1406-Bruce-St-Conway-AR-72034/235425_zpid/,FOR_RENT,87000,"1406 Bruce St, Conway, AR 72034",1406 Bruce St,2500,1500,2500,https://www.zillow.com/homedetails/1406-Bruce-St-Conway-AR-72034/235425_zpid/,2026-07-21T00:00:00.000Z,Listed for rent,2025-09-27T00:00:00.000Z,Listing removed,2025-08-07T00:00:00.000Z,Listed for rent,2024-06-24T00:00:00.000Z,Listing removed,2024-06-18T00:00:00.000Z,Listed for rent,2022-03-09T00:00:00.000Z,Listing removed,2022-02-19T00:00:00.000Z,Price change,2022-01-31T00:00:00.000Z,Listed for rent,2019-02-28T00:00:00.000Z,Listing removed,2019-02-09T00:00:00.000Z,Listed for rent,2018-03-31T00:00:00.000Z,Listing removed,2018-03-24T00:00:00.000Z,Price change,2018-02-27T00:00:00.000Z,Price change,2018-02-08T00:00:00.000Z,Listed for rent,2018-02-08T00:00:00.000Z,Listing removed,2017-12-14T00:00:00.000Z,Listed for sale,2017-06-06T00:00:00.000Z,Sold,2017-05-03T00:00:00.000Z,Listed for sale,2015-04-09T00:00:00.000Z,Listing removed,2015-04-01T00:00:00.000Z,Listed for sale,2015-02-19T00:00:00.000Z,Listing removed,2014-10-09T00:00:00.000Z,Listed for sale,2014-06-03T00:00:00.000Z,Listing removed,2014-04-15T00:00:00.000Z,Price change,2014-02-25T00:00:00.000Z,Listed for sale,2010-06-02T00:00:00.000Z,Sold,2004-10-01T00:00:00.000Z,Sold,,
3,31,/homedetails/1845-Arden-Ln-Conway-AR-72034/71714882_zpid/,FOR_RENT,139000,"1845 Arden Ln, Conway, AR 72034",1845 Arden Ln,1650,1205,1650,https://www.zillow.com/homedetails/1845-Arden-Ln-Conway-AR-72034/71714882_zpid/,2026-07-17T00:00:00.000Z,Listed for rent,2024-07-03T00:00:00.000Z,Listing removed,2024-06-25T00:00:00.000Z,Listed for rent,2023-02-27T00:00:00.000Z,Listing removed,2023-02-22T00:00:00.000Z,Listed for rent,2021-01-19T00:00:00.000Z,Listing removed,2021-01-09T00:00:00.000Z,Listed for rent,2020-12-16T00:00:00.000Z,Sold,,,,,,,,,,,,,,,,,,,,,,,,,,,,,,,,,,,,,,,,
3,2,/homedetails/1425-Joyner-Dr-Conway-AR-72034/35730195_zpid/,FOR_RENT,155000,"1425 Joyner Dr, Conway, AR 72034",1425 Joyner Dr,1450,1157,1450,https://www.zillow.com/homedetails/1425-Joyner-Dr-Conway-AR-72034/35730195_zpid/,2026-08-14T00:00:00.000Z,Listed for rent,2025-10-28T00:00:00.000Z,Listing removed,2025-08-29T00:00:00.000Z,Price change,2025-08-12T00:00:00.000Z,Listed for rent,2024-09-13T00:00:00.000Z,Listing removed,2024-08-16T00:00:00.000Z,Listed for rent,2022-04-27T00:00:00.000Z,Sold,2021-12-16T00:00:00.000Z,Listing removed,2021-10-26T00:00:00.000Z,Listed for rent,2019-05-14T00:00:00.000Z,Sold,2019-03-21T00:00:00.000Z,Listed for sale,2016-05-03T00:00:00.000Z,Sold,2016-02-17T00:00:00.000Z,Listed for sale,2011-04-01T00:00:00.000Z,Sold,2011-01-22T00:00:00.000Z,Price change,2011-01-01T00:00:00.000Z,Price change,2010-11-18T00:00:00.000Z,Listed for sale,2010-10-15T00:00:00.000Z,Listing removed,2010-10-15T00:00:00.000Z,Price change,2010-09-24T00:00:00.000Z,Listed for sale,,,,,,,,,,,,,,,,
3,25,/homedetails/115-Beckett-Mountain-Rd-Mount-Vernon-AR-72111/305852421_zpid/,FOR_RENT,129000,"115 Beckett Mountain Rd, Mount Vernon, AR 72111",115 Beckett Mountain Rd,2500,2619,2500,https://www.zillow.com/homedetails/115-Beckett-Mountain-Rd-Mount-Vernon-AR-72111/305852421_zpid/,,,,,,,,,,,,,,,,,,,,,,,,,,,,,,,,,,,,,,,,,,,,,,,,,,,,,,,,
3,2,/homedetails/21-Willard-St-Ward-AR-72176/55151159_zpid/,FOR_RENT,165000,"21 Willard St, Ward, AR 72176",21 Willard St,1395,1301,1395,https://www.zillow.com/homedetails/21-Willard-St-Ward-AR-72176/55151159_zpid/,,,,,,,,,,,,,,,,,,,,,,,,,,,,,,,,,,,,,,,,,,,,,,,,,,,,,,,,
3,35,/homedetails/4605-Valiant-Dr-Conway-AR-72034/52392383_zpid/,FOR_RENT,122000,"4605 Valiant Dr, Conway, AR 72034",4605 Valiant Dr,1500,1324,1500,https://www.zillow.com/homedetails/4605-Valiant-Dr-Conway-AR-72034/52392383_zpid/,,,,,,,,,,,,,,,,,,,,,,,,,,,,,,,,,,,,,,,,,,,,,,,,,,,,,,,,
3,26,/homedetails/1406-Bruce-St-Conway-AR-72034/235425_zpid/,FOR_RENT,87000,"1406 Bruce St, Conway, AR 72034",1406 Bruce St,2500,1500,2500,https://www.zillow.com/homedetails/1406-Bruce-St-Conway-AR-72034/235425_zpid/,,,,,,,,,,,,,,,,,,,,,,,,,,,,,,,,,,,,,,,,,,,,,,,,,,,,,,,,
3,31,/homedetails/1845-Arden-Ln-Conway-AR-72034/71714882_zpid/,FOR_RENT,139000,"1845 Arden Ln, Conway, AR 72034",1845 Arden Ln,1650,1205,1650,https://www.zillow.com/homedetails/1845-Arden-Ln-Conway-AR-72034/71714882_zpid/,,,,,,,,,,,,,,,,,,,,,,,,,,,,,,,,,,,,,,,,,,,,,,,,,,,,,,,,
3,2,/homedetails/1425-Joyner-Dr-Conway-AR-72034/35730195_zpid/,FOR_RENT,155000,"1425 Joyner Dr, Conway, AR 72034",1425 Joyner Dr,1450,1157,1450,https://www.zillow.com/homedetails/1425-Joyner-Dr-Conway-AR-72034/35730195_zpid/,,,,,,,,,,,,,,,,,,,,,,,,,,,,,,,,,,,,,,,,,,,,,,,,,,,,,,,,
3,11,/homedetails/2731-Ranchwood-Dr-Benton-AR-72019/385865_zpid/,FOR_RENT,167000,"2731 Ranchwood Dr, Benton, AR 72019",2731 Ranchwood Dr,1575,1656,1575,https://www.zillow.com/homedetails/2731-Ranchwood-Dr-Benton-AR-72019/385865_zpid/,2026-08-05T00:00:00.000Z,Listed for rent,2025-06-24T00:00:00.000Z,Listing removed,2025-06-20T00:00:00.000Z,Price change,2025-05-22T00:00:00.000Z,Price change,2025-04-30T00:00:00.000Z,Price change,2025-04-23T00:00:00.000Z,Price change,2025-04-04T00:00:00.000Z,Listed for rent,2024-03-11T00:00:00.000Z,Listing removed,2024-02-28T00:00:00.000Z,Listed for rent,2023-10-02T00:00:00.000Z,Listing removed,2022-03-14T00:00:00.000Z,Listing removed,2022-02-11T00:00:00.000Z,Price change,2022-01-28T00:00:00.000Z,Price change,2021-12-27T00:00:00.000Z,Price change,2021-11-18T00:00:00.000Z,Listed for rent,2021-10-01T00:00:00.000Z,Sold,2021-09-01T00:00:00.000Z,Price change,2021-08-03T00:00:00.000Z,Listed for sale,,,,,,,,,,,,,,,,,,,,
3,13,/homedetails/17-Greenbrier-Dr-Benton-AR-72015/386172_zpid/,FOR_RENT,143000,"17 Greenbrier Dr, Benton, AR 72015",17 Greenbrier Dr,1625,1460,1625,https://www.zillow.com/homedetails/17-Greenbrier-Dr-Benton-AR-72015/386172_zpid/,2026-08-03T00:00:00.000Z,Listed for rent,2026-02-23T00:00:00.000Z,Listing removed,2026-02-19T00:00:00.000Z,Price change,2026-01-29T00:00:00.000Z,Price change,2026-01-15T00:00:00.000Z,Price change,2025-12-30T00:00:00.000Z,Price change,2025-11-24T00:00:00.000Z,Listed for rent,2024-10-01T00:00:00.000Z,Listing removed,2024-08-29T00:00:00.000Z,Listed for rent,2022-03-07T00:00:00.000Z,Listing removed,2021-12-31T00:00:00.000Z,Listed for rent,2021-11-19T00:00:00.000Z,Sold,2014-09-17T00:00:00.000Z,Listing removed,2014-07-15T00:00:00.000Z,Listed for rent,2007-07-20T00:00:00.000Z,Sold,2006-08-01T00:00:00.000Z,Sold,,,,,,,,,,,,,,,,,,,,,,,,
4,15,/homedetails/6032-Orange-Valley-Cv-Mabelvale-AR-72103/2062762647_zpid/,FOR_RENT,,"6032 Orange Valley Cv, Mabelvale, AR 72103",6032 Orange Valley Cv,1675,1504,1675,https://www.zillow.com/homedetails/6032-Orange-Valley-Cv-Mabelvale-AR-72103/2062762647_zpid/,2026-08-01T00:00:00.000Z,Listed for rent,2022-06-27T00:00:00.000Z,Listing removed,2022-06-15T00:00:00.000Z,Listed for rent,,,,,,,,,,,,,,,,,,,,,,,,,,,,,,,,,,,,,,,,,,,,,,,,,,
3,12,/homedetails/328-Gathering-House-Rd-Haskell-AR-72015/64861478_zpid/,FOR_RENT,188000,"328 Gathering House Rd, Haskell, AR 72015",328 Gathering House Rd,1695,2000,1695,https://www.zillow.com/homedetails/328-Gathering-House-Rd-Haskell-AR-72015/64861478_zpid/,2026-08-04T00:00:00.000Z,Listed for rent,2025-07-18T00:00:00.000Z,Listing removed,2025-07-17T00:00:00.000Z,Price change,2025-07-10T00:00:00.000Z,Price change,2025-07-03T00:00:00.000Z,Price change,2025-06-12T00:00:00.000Z,Listed for rent,2024-06-07T00:00:00.000Z,Listing removed,2024-06-06T00:00:00.000Z,Price change,2024-05-31T00:00:00.000Z,Price change,2024-05-25T00:00:00.000Z,Price change,2024-05-18T00:00:00.000Z,Price change,2024-04-26T00:00:00.000Z,Listed for rent,2023-12-01T00:00:00.000Z,Sold,2023-10-03T00:00:00.000Z,Listing removed,2023-08-29T00:00:00.000Z,Listed for rent,2022-05-19T00:00:00.000Z,Listing removed,2022-05-18T00:00:00.000Z,Price change,2022-05-05T00:00:00.000Z,Listed for rent,2020-04-23T00:00:00.000Z,Listing removed,2020-04-04T00:00:00.000Z,Listed for rent,2019-04-06T00:00:00.000Z,Listing removed,2019-04-01T00:00:00.000Z,Sold,2019-03-12T00:00:00.000Z,Listed for rent,,,,,,,,,,
4,20,/homedetails/5399-Heritage-Valley-Dr-Benton-AR-72019/2062299989_zpid/,FOR_RENT,245000,"5399 Heritage Valley Dr, Benton, AR 72019",5399 Heritage Valley Dr,2000,1790,2000,https://www.zillow.com/homedetails/5399-Heritage-Valley-Dr-Benton-AR-72019/2062299989_zpid/,2026-07-27T00:00:00.000Z,Listed for rent,2026-07-15T00:00:00.000Z,Listing removed,2026-05-22T00:00:00.000Z,Price change,2026-04-02T00:00:00.000Z,Listed for sale,2026-04-01T00:00:00.000Z,Listing removed,2025-11-06T00:00:00.000Z,Price change,2025-10-13T00:00:00.000Z,Price change,2025-10-04T00:00:00.000Z,Listed for sale,2025-02-24T00:00:00.000Z,Sold,2025-02-05T00:00:00.000Z,Contingent,2024-11-30T00:00:00.000Z,Price change,2024-10-04T00:00:00.000Z,Price change,2024-09-29T00:00:00.000Z,Price change,2024-09-07T00:00:00.000Z,Listed for sale,2022-08-29T00:00:00.000Z,Sold,,,,,,,,,,,,,,,,,,,,,,,,,,
3,12,/homedetails/4326-Glenda-Ln-Benton-AR-72019/68021994_zpid/,FOR_RENT,157000,"4326 Glenda Ln, Benton, AR 72019",4326 Glenda Ln,1545,1398,1545,https://www.zillow.com/homedetails/4326-Glenda-Ln-Benton-AR-72019/68021994_zpid/,2026-08-04T00:00:00.000Z,Listed for rent,2025-07-11T00:00:00.000Z,Listing removed,2025-07-01T00:00:00.000Z,Listed for rent,2025-06-26T00:00:00.000Z,Listing removed,2025-06-12T00:00:00.000Z,Price change,2025-06-04T00:00:00.000Z,Price change,2025-04-08T00:00:00.000Z,Listed for rent,2023-12-27T00:00:00.000Z,Listing removed,2023-12-19T00:00:00.000Z,Listed for rent,2023-09-04T00:00:00.000Z,Listing removed,2021-11-01T00:00:00.000Z,Listing removed,2021-10-26T00:00:00.000Z,Price change,2021-10-21T00:00:00.000Z,Price change,2021-10-04T00:00:00.000Z,Listed for rent,2021-09-03T00:00:00.000Z,Sold,2021-08-08T00:00:00.000Z,Contingent,2021-07-30T00:00:00.000Z,Listed for sale,2017-08-31T00:00:00.000Z,Sold,2017-07-28T00:00:00.000Z,Price change,2017-06-22T00:00:00.000Z,Listed for sale,2005-06-10T00:00:00.000Z,Sold,,,,,,,,,,,,,,
3,5,/homedetails/14225-Clayton-Dr-Shannon-Hills-AR-72103/393298_zpid/,FOR_RENT,127900,"14225 Clayton Dr, Shannon Hills, AR 72103",14225 Clayton Dr,995,1273,995,https://www.zillow.com/homedetails/14225-Clayton-Dr-Shannon-Hills-AR-72103/393298_zpid/,2026-08-11T00:00:00.000Z,Listed for rent,2026-01-07T00:00:00.000Z,Listing removed,2025-12-22T00:00:00.000Z,Listed for rent,2023-10-25T00:00:00.000Z,Listing removed,2023-10-03T00:00:00.000Z,Listed for rent,2021-10-04T00:00:00.000Z,Listing removed,2021-09-13T00:00:00.000Z,Sold,2021-09-10T00:00:00.000Z,Listed for rent,2021-05-28T00:00:00.000Z,Sold,,,,,,,,,,,,,,,,,,,,,,,,,,,,,,,,,,,,,,
3,16,/homedetails/2668-Chapel-Creek-Dr-Benton-AR-72015/120791136_zpid/,FOR_RENT,,"2668 Chapel Creek Dr, Benton, AR 72015",2668 Chapel Creek Dr,1595,1478,1595,https://www.zillow.com/homedetails/2668-Chapel-Creek-Dr-Benton-AR-72015/120791136_zpid/,2026-07-31T00:00:00.000Z,Listed for rent,2020-04-14T00:00:00.000Z,Listing removed,2020-04-08T00:00:00.000Z,Listed for rent,2017-08-19T00:00:00.000Z,Listing removed,2017-08-03T00:00:00.000Z,Listed for rent,,,,,,,,,,,,,,,,,,,,,,,,,,,,,,,,,,,,,,,,,,,,,,
3,19,/homedetails/2106-Cherry-Creek-Cir-Bryant-AR-72022/390348_zpid/,FOR_RENT,175000,"2106 Cherry Creek Cir, Bryant, AR 72022",2106 Cherry Creek Cir,1695,1468,1695,https://www.zillow.com/homedetails/2106-Cherry-Creek-Cir-Bryant-AR-72022/390348_zpid/,2026-07-28T00:00:00.000Z,Listed for rent,2022-05-10T00:00:00.000Z,Listing removed,2022-04-26T00:00:00.000Z,Listed for rent,2022-03-25T00:00:00.000Z,Sold,2022-02-21T00:00:00.000Z,Contingent,2022-02-17T00:00:00.000Z,Listed for sale,2016-07-11T00:00:00.000Z,Sold,2006-10-03T00:00:00.000Z,Sold,,,,,,,,,,,,,,,,,,,,,,,,,,,,,,,,,,,,,,,,
4,20,/homedetails/5000-Red-Fox-Trl-Bauxite-AR-72011/2069984402_zpid/,FOR_RENT,252452,"5000 Red Fox Trl, Bauxite, AR 72011",5000 Red Fox Trl,1695,1672,1695,https://www.zillow.com/homedetails/5000-Red-Fox-Trl-Bauxite-AR-72011/2069984402_zpid/,2026-07-28T00:00:00.000Z,Listed for rent,2026-06-24T00:00:00.000Z,Sold,2026-06-24T00:00:00.000Z,Contingent,2026-03-06T00:00:00.000Z,Listed for sale,2022-03-09T00:00:00.000Z,Sold,,,,,,,,,,,,,,,,,,,,,,,,,,,,,,,,,,,,,,,,,,,,,,
3,61,/homedetails/5041-Red-Fox-Trl-Bauxite-AR-72011/2071703035_zpid/,FOR_RENT,191000,"5041 Red Fox Trl, Bauxite, AR 72011",5041 Red Fox Trl,1600,1200,1600,https://www.zillow.com/homedetails/5041-Red-Fox-Trl-Bauxite-AR-72011/2071703035_zpid/,2026-06-23T00:00:00.000Z,Price change,2026-06-16T00:00:00.000Z,Listed for rent,2021-09-17T00:00:00.000Z,Sold,2021-06-24T00:00:00.000Z,Pending sale,2021-06-23T00:00:00.000Z,Contingent,2021-06-04T00:00:00.000Z,Price change,2021-04-30T00:00:00.000Z,Price change,2021-04-22T00:00:00.000Z,Price change,2021-04-16T00:00:00.000Z,Price change,2021-04-14T00:00:00.000Z,Listed for sale,,,,,,,,,,,,,,,,,,,,,,,,,,,,,,,,,,,,
4,19,/homedetails/4568-Western-Woods-Dr-Benton-AR-72015/2057412537_zpid/,FOR_RENT,313100,"4568 Western Woods Dr, Benton, AR 72015",4568 Western Woods Dr,1895,1734,1895,https://www.zillow.com/homedetails/4568-Western-Woods-Dr-Benton-AR-72015/2057412537_zpid/,2026-07-29T00:00:00.000Z,Listed for rent,2025-04-17T00:00:00.000Z,Listing removed,2025-04-10T00:00:00.000Z,Listed for rent,2023-03-31T00:00:00.000Z,Sold,,,,,,,,,,,,,,,,,,,,,,,,,,,,,,,,,,,,,,,,,,,,,,,,
4,25,/homedetails/203-Glen-Oaks-Dr-Benton-AR-72015/2066535046_zpid/,FOR_RENT,,"203 Glen Oaks Dr, Benton, AR 72015",203 Glen Oaks Dr,1295,1270,1295,https://www.zillow.com/homedetails/203-Glen-Oaks-Dr-Benton-AR-72015/2066535046_zpid/,2026-08-14T00:00:00.000Z,Price change,2026-08-12T00:00:00.000Z,Listed for rent,2026-07-30T00:00:00.000Z,Listing removed,2026-07-22T00:00:00.000Z,Listed for rent,2026-03-06T00:00:00.000Z,Listing removed,2026-02-26T00:00:00.000Z,Price change,2026-02-21T00:00:00.000Z,Price change,2026-02-11T00:00:00.000Z,Price change,2026-01-22T00:00:00.000Z,Listed for rent,2024-07-12T00:00:00.000Z,Listing removed,2024-07-12T00:00:00.000Z,Price change,2024-07-02T00:00:00.000Z,Price change,2024-06-06T00:00:00.000Z,Listed for rent,2022-11-09T00:00:00.000Z,Listing removed,2022-11-07T00:00:00.000Z,Listed for rent,2022-06-15T00:00:00.000Z,Listing removed,2022-05-30T00:00:00.000Z,Listed for rent,2022-03-04T00:00:00.000Z,Listing removed,2022-02-17T00:00:00.000Z,Price change,2022-02-04T00:00:00.000Z,Listed for rent,,,,,,,,,,,,,,,,
3,20,/homedetails/227-Iris-St-Haskell-AR-72015/2060765172_zpid/,FOR_RENT,195000,"227 Iris St, Haskell, AR 72015",227 Iris St,1795,1420,1795,https://www.zillow.com/homedetails/227-Iris-St-Haskell-AR-72015/2060765172_zpid/,2026-07-27T00:00:00.000Z,Listed for rent,2023-02-16T00:00:00.000Z,Listing removed,2023-02-08T00:00:00.000Z,Price change,2023-01-26T00:00:00.000Z,Price change,2022-12-09T00:00:00.000Z,Listed for rent,2022-11-10T00:00:00.000Z,Sold,,,,,,,,,,,,,,,,,,,,,,,,,,,,,,,,,,,,,,,,,,,,
3,30,/homedetails/414-Newcomb-Cv-Benton-AR-72015/384931_zpid/,FOR_RENT,65531,"414 Newcomb Cv, Benton, AR 72015",414 Newcomb Cv,1600,1384,1600,https://www.zillow.com/homedetails/414-Newcomb-Cv-Benton-AR-72015/384931_zpid/,2026-07-17T00:00:00.000Z,Listed for rent,2010-11-30T00:00:00.000Z,Sold,2005-03-03T00:00:00.000Z,Sold,,,,,,,,,,,,,,,,,,,,,,,,,,,,,,,,,,,,,,,,,,,,,,,,,,
4,20,/homedetails/13724-Joan-Dr-Shannon-Hills-AR-72103/393639_zpid/,FOR_RENT,118000,"13724 Joan Dr, Shannon Hills, AR 72103",13724 Joan Dr,1100,1299,1100,https://www.zillow.com/homedetails/13724-Joan-Dr-Shannon-Hills-AR-72103/393639_zpid/,2026-07-27T00:00:00.000Z,Listed for rent,2022-08-18T00:00:00.000Z,Listing removed,2022-08-05T00:00:00.000Z,Listed for rent,2022-04-26T00:00:00.000Z,Sold,2021-09-28T00:00:00.000Z,Listing removed,2021-08-30T00:00:00.000Z,Listed for rent,2019-12-04T00:00:00.000Z,Listing removed,2019-08-26T00:00:00.000Z,Price change,2019-08-16T00:00:00.000Z,Price change,2019-07-31T00:00:00.000Z,Listed for rent,,,,,,,,,,,,,,,,,,,,,,,,,,,,,,,,,,,,
3,19,/homedetails/1826-Auburn-Hills-Dr-Benton-AR-72015/64760739_zpid/,FOR_RENT,147500,"1826 Auburn Hills Dr, Benton, AR 72015",1826 Auburn Hills Dr,1625,1300,1625,https://www.zillow.com/homedetails/1826-Auburn-Hills-Dr-Benton-AR-72015/64760739_zpid/,2026-07-28T00:00:00.000Z,Listed for rent,2025-04-16T00:00:00.000Z,Listing removed,2025-03-18T00:00:00.000Z,Listed for rent,2023-08-09T00:00:00.000Z,Listing removed,2023-08-07T00:00:00.000Z,Listed for rent,2023-07-27T00:00:00.000Z,Listing removed,2023-07-24T00:00:00.000Z,Listed for rent,2022-12-21T00:00:00.000Z,Sold,2022-03-16T00:00:00.000Z,Listing removed,2022-02-28T00:00:00.000Z,Listed for rent,2022-01-24T00:00:00.000Z,Sold,2013-08-18T00:00:00.000Z,Listing removed,2013-06-02T00:00:00.000Z,Listed for sale,,,,,,,,,,,,,,,,,,,,,,,,,,,,,,
3,41,/homedetails/807-S-Main-Benton-AR-72015/382019_zpid/,FOR_RENT,109900,"807 S Main, Benton, AR 72015",807 S Main,1300,1288,1300,https://www.zillow.com/homedetails/807-S-Main-Benton-AR-72015/382019_zpid/,2026-07-31T00:00:00.000Z,Price change,2026-07-27T00:00:00.000Z,Price change,2026-07-06T00:00:00.000Z,Listed for rent,2020-04-16T00:00:00.000Z,Sold,2020-04-06T00:00:00.000Z,Listing removed,2020-04-02T00:00:00.000Z,Price change,2020-02-17T00:00:00.000Z,Listed for rent,2019-10-19T00:00:00.000Z,Listing removed,2019-10-18T00:00:00.000Z,Price change,2019-10-16T00:00:00.000Z,Price change,2019-10-11T00:00:00.000Z,Price change,2019-10-09T00:00:00.000Z,Price change,2019-10-07T00:00:00.000Z,Price change,2019-10-04T00:00:00.000Z,Price change,2019-10-02T00:00:00.000Z,Price change,2019-09-30T00:00:00.000Z,Price change,2019-09-28T00:00:00.000Z,Listed for sale,2019-09-27T00:00:00.000Z,Sold,2019-09-23T00:00:00.000Z,Price change,2019-09-21T00:00:00.000Z,Price change,2019-09-18T00:00:00.000Z,Price change,2019-09-16T00:00:00.000Z,Price change,2019-09-14T00:00:00.000Z,Price change,2019-09-11T00:00:00.000Z,Price change,2019-09-07T00:00:00.000Z,Price change,2019-08-31T00:00:00.000Z,Price change,2019-08-29T00:00:00.000Z,Listed for sale,2009-03-31T00:00:00.000Z,Sold
3,12,/homedetails/106-Sahalee-Cv-Haskell-AR-72015/92429832_zpid/,FOR_RENT,145000,"106 Sahalee Cv, Haskell, AR 72015",106 Sahalee Cv,1450,1482,1450,https://www.zillow.com/homedetails/106-Sahalee-Cv-Haskell-AR-72015/92429832_zpid/,2026-08-04T00:00:00.000Z,Listed for rent,2025-02-28T00:00:00.000Z,Listing removed,2025-02-22T00:00:00.000Z,Price change,2025-02-20T00:00:00.000Z,Price change,2025-02-07T00:00:00.000Z,Price change,2025-01-23T00:00:00.000Z,Listed for rent,2023-11-01T00:00:00.000Z,Sold,2020-11-27T00:00:00.000Z,Listing removed,2020-10-16T00:00:00.000Z,Listed for rent,2015-03-31T00:00:00.000Z,Sold,,,,,,,,,,,,,,,,,,,,,,,,,,,,,,,,,,,,
4,16,/homedetails/6316-Warwick-Dr-Alexander-AR-72002/461049113_zpid/,FOR_RENT,277000,"6316 Warwick Dr, Alexander, AR 72002",6316 Warwick Dr,2400,1884,2400,https://www.zillow.com/homedetails/6316-Warwick-Dr-Alexander-AR-72002/461049113_zpid/,2026-07-31T00:00:00.000Z,Listed for rent,2026-06-29T00:00:00.000Z,Sold,2026-05-29T00:00:00.000Z,Contingent,2026-05-29T00:00:00.000Z,Price change,2026-03-14T00:00:00.000Z,Listed for sale,,,,,,,,,,,,,,,,,,,,,,,,,,,,,,,,,,,,,,,,,,,,,,
4,60,/homedetails/6312-Warwick-Dr-Bryant-AR-72002/460975832_zpid/,FOR_RENT,267000,"6312 Warwick Dr, Bryant, AR 72002",6312 Warwick Dr,2200,1849,2200,https://www.zillow.com/homedetails/6312-Warwick-Dr-Bryant-AR-72002/460975832_zpid/,2026-06-29T00:00:00.000Z,Sold,2026-06-17T00:00:00.000Z,Listed for rent,2026-06-04T00:00:00.000Z,Contingent,2026-03-11T00:00:00.000Z,Listed for sale,,,,,,,,,,,,,,,,,,,,,,,,,,,,,,,,,,,,,,,,,,,,,,,,
4,67,/homedetails/17024-Congo-Ferndale-Rd-Little-Rock-AR-72210/370120_zpid/,FOR_RENT,279500,"17024 Congo Ferndale Rd, Little Rock, AR 72210",17024 Congo Ferndale Rd,1675,1590,1675,https://www.zillow.com/homedetails/17024-Congo-Ferndale-Rd-Little-Rock-AR-72210/370120_zpid/,2026-06-10T00:00:00.000Z,Listed for rent,2020-09-11T00:00:00.000Z,Listing removed,2020-07-23T00:00:00.000Z,Listed for rent,2018-05-13T00:00:00.000Z,Listing removed,2018-01-31T00:00:00.000Z,Listed for rent,2017-03-29T00:00:00.000Z,Sold,,,,,,,,,,,,,,,,,,,,,,,,,,,,,,,,,,,,,,,,,,,,
4,45,/homedetails/1056-Huntington-Dr-Benton-AR-72019/2061811695_zpid/,FOR_RENT,206900,"1056 Huntington Dr, Benton, AR 72019",1056 Huntington Dr,1645,1470,1645,https://www.zillow.com/homedetails/1056-Huntington-Dr-Benton-AR-72019/2061811695_zpid/,2026-08-04T00:00:00.000Z,Price change,2026-07-02T00:00:00.000Z,Listed for rent,2025-06-23T00:00:00.000Z,Listing removed,2025-05-14T00:00:00.000Z,Price change,2025-05-07T00:00:00.000Z,Price change,2025-04-30T00:00:00.000Z,Price change,2025-04-23T00:00:00.000Z,Price change,2025-04-04T00:00:00.000Z,Listed for rent,2024-02-10T00:00:00.000Z,Listing removed,2024-01-25T00:00:00.000Z,Listed for rent,2022-11-23T00:00:00.000Z,Sold,2022-10-05T00:00:00.000Z,Contingent,2022-10-04T00:00:00.000Z,Price change,2022-08-23T00:00:00.000Z,Listed for sale,,,,,,,,,,,,,,,,,,,,,,,,,,,,
4,55,/homedetails/6016-Croft-Ave-Benton-AR-72019/443422808_zpid/,FOR_RENT,212675,"6016 Croft Ave, Benton, AR 72019",6016 Croft Ave,1650,1496,1650,https://www.zillow.com/homedetails/6016-Croft-Ave-Benton-AR-72019/443422808_zpid/,2026-06-22T00:00:00.000Z,Listed for rent,2025-06-13T00:00:00.000Z,Listing removed,2025-06-05T00:00:00.000Z,Listed for rent,2025-05-30T00:00:00.000Z,Sold,2025-05-01T00:00:00.000Z,Contingent,2025-04-15T00:00:00.000Z,Price change,2025-04-04T00:00:00.000Z,Price change,2025-03-18T00:00:00.000Z,Price change,2025-03-07T00:00:00.000Z,Price change,2025-01-11T00:00:00.000Z,Listed for sale,2024-12-19T00:00:00.000Z,Listing removed,2024-12-17T00:00:00.000Z,Listed for sale,2023-06-16T00:00:00.000Z,Sold,,,,,,,,,,,,,,,,,,,,,,,,,,,,,,
3,46,/homedetails/103-Pope-Dr-Benton-AR-72015/82243468_zpid/,FOR_RENT,115000,"103 Pope Dr, Benton, AR 72015",103 Pope Dr,1625,1559,1625,https://www.zillow.com/homedetails/103-Pope-Dr-Benton-AR-72015/82243468_zpid/,2026-07-01T00:00:00.000Z,Listed for rent,2024-08-21T00:00:00.000Z,Listing removed,2024-07-02T00:00:00.000Z,Price change,2024-05-31T00:00:00.000Z,Listed for rent,2017-07-19T00:00:00.000Z,Listing removed,2017-06-17T00:00:00.000Z,Listed for rent,2016-11-06T00:00:00.000Z,Listing removed,2014-04-08T00:00:00.000Z,Listing removed,2014-01-31T00:00:00.000Z,Sold,2014-01-29T00:00:00.000Z,Listed for rent,2013-11-25T00:00:00.000Z,Listed for sale,2013-10-08T00:00:00.000Z,Sold,2012-06-06T00:00:00.000Z,Listing removed,2012-05-24T00:00:00.000Z,Price change,2012-03-22T00:00:00.000Z,Listed for sale,2008-01-28T00:00:00.000Z,Sold,,,,,,,,,,,,,,,,,,,,,,,,
4,57,/homedetails/6673-Hollywood-Ave-Benton-AR-72019/461413230_zpid/,FOR_RENT,215900,"6673 Hollywood Ave, Benton, AR 72019",6673 Hollywood Ave,1795,2250,1795,https://www.zillow.com/homedetails/6673-Hollywood-Ave-Benton-AR-72019/461413230_zpid/,2026-08-13T00:00:00.000Z,Price change,2026-07-22T00:00:00.000Z,Price change,2026-07-07T00:00:00.000Z,Price change,2026-06-20T00:00:00.000Z,Listed for rent,2026-05-28T00:00:00.000Z,Sold,2026-04-30T00:00:00.000Z,Contingent,2026-03-31T00:00:00.000Z,Listed for sale,,,,,,,,,,,,,,,,,,,,,,,,,,,,,,,,,,,,,,,,,,
3,16,/homedetails/203-Logan-Dr-Maumelle-AR-72113/2057186362_zpid/,FOR_RENT,,"203 Logan Dr, Maumelle, AR 72113",203 Logan Dr,1835,1472,1835,https://www.zillow.com/homedetails/203-Logan-Dr-Maumelle-AR-72113/2057186362_zpid/,2026-08-05T00:00:00.000Z,Price change,2026-07-31T00:00:00.000Z,Listed for rent,2024-08-27T00:00:00.000Z,Listing removed,2024-08-01T00:00:00.000Z,Listed for rent,2023-06-19T00:00:00.000Z,Listing removed,2023-06-10T00:00:00.000Z,Listed for rent,,,,,,,,,,,,,,,,,,,,,,,,,,,,,,,,,,,,,,,,,,,,
3,55,/homedetails/2400-SW-Ednruance-Way-2-Maumelle-AR-72113/463401793_zpid/,FOR_RENT,,"2400 SW Ednruance Way #2, Maumelle, AR 72113",2400 SW Ednruance Way #2,2125,1200,2125,https://www.zillow.com/homedetails/2400-SW-Ednruance-Way-2-Maumelle-AR-72113/463401793_zpid/,2026-06-23T00:00:00.000Z,Listed for rent,,,,,,,,,,,,,,,,,,,,,,,,,,,,,,,,,,,,,,,,,,,,,,,,,,,,,,
4,12,/homedetails/2707-1st-Maumelle-AR-72113/453435487_zpid/,FOR_RENT,,"2707 1st, Maumelle, AR 72113",2707 1st,1995,2300,1995,https://www.zillow.com/homedetails/2707-1st-Maumelle-AR-72113/453435487_zpid/,2026-08-04T00:00:00.000Z,Listed for rent,2025-07-31T00:00:00.000Z,Listing removed,2025-06-17T00:00:00.000Z,Listed for rent,,,,,,,,,,,,,,,,,,,,,,,,,,,,,,,,,,,,,,,,,,,,,,,,,,
4,18,/homedetails/2661-2nd-Maumelle-AR-72113/2060619941_zpid/,FOR_RENT,,"2661 2nd, Maumelle, AR 72113",2661 2nd,1795,2300,1795,https://www.zillow.com/homedetails/2661-2nd-Maumelle-AR-72113/2060619941_zpid/,2026-07-29T00:00:00.000Z,Listed for rent,2026-02-03T00:00:00.000Z,Listing removed,2025-12-31T00:00:00.000Z,Listed for rent,2025-03-01T00:00:00.000Z,Listing removed,2025-02-26T00:00:00.000Z,Price change,2025-01-29T00:00:00.000Z,Listed for rent,2023-12-28T00:00:00.000Z,Listing removed,2023-11-07T00:00:00.000Z,Listed for rent,2022-12-21T00:00:00.000Z,Listing removed,2022-12-06T00:00:00.000Z,Price change,2022-11-28T00:00:00.000Z,Listed for rent,,,,,,,,,,,,,,,,,,,,,,,,,,,,,,,,,,
3,16,/homedetails/503-Cain-Trl-Maumelle-AR-72113/457576378_zpid/,FOR_RENT,292000,"503 Cain Trl, Maumelle, AR 72113",503 Cain Trl,2300,1646,2300,https://www.zillow.com/homedetails/503-Cain-Trl-Maumelle-AR-72113/457576378_zpid/,2026-07-31T00:00:00.000Z,Listed for rent,2026-03-17T00:00:00.000Z,Sold,2026-02-23T00:00:00.000Z,Contingent,2026-01-30T00:00:00.000Z,Price change,2025-10-20T00:00:00.000Z,Listed for sale,,,,,,,,,,,,,,,,,,,,,,,,,,,,,,,,,,,,,,,,,,,,,,
4,41,/homedetails/1072-Huntington-Dr-Benton-AR-72019/2061832300_zpid/,FOR_RENT,198000,"1072 Huntington Dr, Benton, AR 72019",1072 Huntington Dr,1650,1499,1650,https://www.zillow.com/homedetails/1072-Huntington-Dr-Benton-AR-72019/2061832300_zpid/,2026-07-06T00:00:00.000Z,Listed for rent,2024-10-23T00:00:00.000Z,Listing removed,2024-09-30T00:00:00.000Z,Price change,2024-09-18T00:00:00.000Z,Listed for rent,2022-12-30T00:00:00.000Z,Sold,2022-12-12T00:00:00.000Z,Contingent,2022-11-29T00:00:00.000Z,Price change,2022-11-11T00:00:00.000Z,Price change,2022-11-03T00:00:00.000Z,Price change,2022-10-04T00:00:00.000Z,Price change,2022-08-23T00:00:00.000Z,Price change,2022-08-21T00:00:00.000Z,Listed for sale,,,,,,,,,,,,,,,,,,,,,,,,,,,,,,,,
3,47,/homedetails/10220-Brandi-Kay-Dr-North-Little-Rock-AR-72113/446361088_zpid/,RECENTLY_SOLD,229000,"10220 Brandi Kay Dr, North Little Rock, AR 72113",10220 Brandi Kay Dr,229000,1557,229000,https://www.zillow.com/homedetails/10220-Brandi-Kay-Dr-North-Little-Rock-AR-72113/446361088_zpid/,2026-07-25T00:00:00.000Z,Listing removed,2026-07-20T00:00:00.000Z,Listed for rent,2026-06-30T00:00:00.000Z,Sold,2026-05-14T00:00:00.000Z,Listed for sale,2021-08-26T00:00:00.000Z,Sold,,,,,,,,,,,,,,,,,,,,,,,,,,,,,,,,,,,,,,,,,,,,,,
3,14,/homedetails/144-Jonathan-Dr-Maumelle-AR-72113/462538135_zpid/,FOR_RENT,225150,"144 Jonathan Dr, Maumelle, AR 72113",144 Jonathan Dr,1850,1402,1850,https://www.zillow.com/homedetails/144-Jonathan-Dr-Maumelle-AR-72113/462538135_zpid/,2026-08-02T00:00:00.000Z,Listed for rent,2026-07-31T00:00:00.000Z,Sold,2026-07-06T00:00:00.000Z,Contingent,2026-06-17T00:00:00.000Z,Price change,2026-06-08T00:00:00.000Z,Price change,2026-05-19T00:00:00.000Z,Listed for sale,,,,,,,,,,,,,,,,,,,,,,,,,,,,,,,,,,,,,,,,,,,,
3,30,/homedetails/205-Logan-Dr-Maumelle-AR-72113/2057186361_zpid/,FOR_RENT,,"205 Logan Dr, Maumelle, AR 72113",205 Logan Dr,1835,1472,1835,https://www.zillow.com/homedetails/205-Logan-Dr-Maumelle-AR-72113/2057186361_zpid/,2026-08-05T00:00:00.000Z,Price change,2026-07-17T00:00:00.000Z,Listed for rent,2025-09-04T00:00:00.000Z,Listing removed,2025-09-03T00:00:00.000Z,Listed for rent,2025-09-03T00:00:00.000Z,Listing removed,2025-08-29T00:00:00.000Z,Price change,2025-07-15T00:00:00.000Z,Listed for rent,2023-09-10T00:00:00.000Z,Listing removed,2023-09-09T00:00:00.000Z,Listed for rent,2023-09-08T00:00:00.000Z,Listing removed,2023-06-10T00:00:00.000Z,Listed for rent,,,,,,,,,,,,,,,,,,,,,,,,,,,,,,,,,,
2,47,/homedetails/7-Southland-Dr-Maumelle-AR-72113/2109744736_zpid/,FOR_RENT,,"7 Southland Dr, Maumelle, AR 72113",7 Southland Dr,850,925,850,https://www.zillow.com/homedetails/7-Southland-Dr-Maumelle-AR-72113/2109744736_zpid/,2026-06-30T00:00:00.000Z,Listed for rent,2018-07-15T00:00:00.000Z,Listing removed,2018-06-28T00:00:00.000Z,Listed for rent,2016-06-28T00:00:00.000Z,Listing removed,2014-12-12T00:00:00.000Z,Listing removed,2014-07-29T00:00:00.000Z,Listed for rent,2013-12-30T00:00:00.000Z,Listing removed,2013-11-27T00:00:00.000Z,Listed for rent,,,,,,,,,,,,,,,,,,,,,,,,,,,,,,,,,,,,,,,,
3,46,/homedetails/10413-Cypress-Knee-Dr-Maumelle-AR-72113/2060938533_zpid/,FOR_RENT,,"10413 Cypress Knee Dr, Maumelle, AR 72113",10413 Cypress Knee Dr,1800,1480,1800,https://www.zillow.com/homedetails/10413-Cypress-Knee-Dr-Maumelle-AR-72113/2060938533_zpid/,2026-07-01T00:00:00.000Z,Listed for rent,2025-04-22T00:00:00.000Z,Listing removed,2025-04-04T00:00:00.000Z,Listed for rent,2022-11-13T00:00:00.000Z,Listing removed,2022-10-25T00:00:00.000Z,Listed for rent,,,,,,,,,,,,,,,,,,,,,,,,,,,,,,,,,,,,,,,,,,,,,,
3,32,/homedetails/8616-Eastwood-Creek-Dr-North-Little-Rock-AR-72113/2059022685_zpid/,FOR_RENT,246600,"8616 Eastwood Creek Dr, North Little Rock, AR 72113",8616 Eastwood Creek Dr,1900,1722,1900,https://www.zillow.com/homedetails/8616-Eastwood-Creek-Dr-North-Little-Rock-AR-72113/2059022685_zpid/,2026-08-08T00:00:00.000Z,Price change,2026-07-16T00:00:00.000Z,Listed for rent,2023-06-12T00:00:00.000Z,Sold,2023-05-02T00:00:00.000Z,Contingent,2023-03-02T00:00:00.000Z,Listed for sale,2023-03-01T00:00:00.000Z,Contingent,2023-02-24T00:00:00.000Z,Listed for sale,,,,,,,,,,,,,,,,,,,,,,,,,,,,,,,,,,,,,,,,,,
3,40,/homedetails/117-Logan-Dr-Maumelle-AR-72113/2057186355_zpid/,FOR_RENT,,"117 Logan Dr, Maumelle, AR 72113",117 Logan Dr,1835,1472,1835,https://www.zillow.com/homedetails/117-Logan-Dr-Maumelle-AR-72113/2057186355_zpid/,2026-07-07T00:00:00.000Z,Listed for rent,2023-07-30T00:00:00.000Z,Listing removed,2023-07-29T00:00:00.000Z,Listed for rent,2023-07-29T00:00:00.000Z,Listing removed,2023-06-10T00:00:00.000Z,Listed for rent,,,,,,,,,,,,,,,,,,,,,,,,,,,,,,,,,,,,,,,,,,,,,,
3,44,/homedetails/61-Pin-Oak-Loop-Maumelle-AR-72113/326810_zpid/,FOR_RENT,175000,"61 Pin Oak Loop, Maumelle, AR 72113",61 Pin Oak Loop,1495,1173,1495,https://www.zillow.com/homedetails/61-Pin-Oak-Loop-Maumelle-AR-72113/326810_zpid/,2026-08-14T00:00:00.000Z,Price change,2026-08-12T00:00:00.000Z,Price change,2026-07-03T00:00:00.000Z,Listed for rent,2024-04-25T00:00:00.000Z,Listing removed,2024-04-09T00:00:00.000Z,Listed for rent,2023-02-09T00:00:00.000Z,Listing removed,2022-12-28T00:00:00.000Z,Price change,2022-10-26T00:00:00.000Z,Listed for rent,2022-09-30T00:00:00.000Z,Sold,2022-08-28T00:00:00.000Z,Contingent,2022-08-26T00:00:00.000Z,Listed for sale,2018-04-24T00:00:00.000Z,Sold,2018-03-07T00:00:00.000Z,Price change,2018-02-07T00:00:00.000Z,Listed for sale,2017-06-08T00:00:00.000Z,Listing removed,2017-05-10T00:00:00.000Z,Listed for sale,2014-05-05T00:00:00.000Z,Sold,2011-07-04T00:00:00.000Z,Listing removed,2011-06-09T00:00:00.000Z,Listed for sale,2006-08-02T00:00:00.000Z,Sold,2003-05-01T00:00:00.000Z,Sold,2000-09-22T00:00:00.000Z,Sold,,,,,,,,,,,,
3,33,/homedetails/80-Garden-Oaks-Dr-Maumelle-AR-72113/326252_zpid/,FOR_RENT,139900,"80 Garden Oaks Dr, Maumelle, AR 72113",80 Garden Oaks Dr,1650,1300,1650,https://www.zillow.com/homedetails/80-Garden-Oaks-Dr-Maumelle-AR-72113/326252_zpid/,2026-07-14T00:00:00.000Z,Listed for rent,2025-02-18T00:00:00.000Z,Listing removed,2025-01-20T00:00:00.000Z,Listed for rent,2024-02-15T00:00:00.000Z,Listing removed,2024-01-18T00:00:00.000Z,Listed for rent,2021-02-23T00:00:00.000Z,Listing removed,2020-06-27T00:00:00.000Z,Listing removed,2020-06-21T00:00:00.000Z,Listed for rent,2014-10-28T00:00:00.000Z,Listing removed,2014-10-17T00:00:00.000Z,Sold,2014-07-14T00:00:00.000Z,Sold,2014-06-05T00:00:00.000Z,Price change,2014-04-25T00:00:00.000Z,Listed for sale,2014-01-29T00:00:00.000Z,Sold,2013-07-19T00:00:00.000Z,Sold,1997-10-13T00:00:00.000Z,Sold,,,,,,,,,,,,,,,,,,,,,,,,
3,19,/homedetails/13-Holly-Brook-Cv-Maumelle-AR-72113/35734402_zpid/,FOR_RENT,112749,"13 Holly Brook Cv, Maumelle, AR 72113",13 Holly Brook Cv,1700,1272,1700,https://www.zillow.com/homedetails/13-Holly-Brook-Cv-Maumelle-AR-72113/35734402_zpid/,2026-07-28T00:00:00.000Z,Listed for rent,2007-02-28T00:00:00.000Z,Sold,2002-10-07T00:00:00.000Z,Sold,2000-05-31T00:00:00.000Z,Sold,1997-06-09T00:00:00.000Z,Sold,,,,,,,,,,,,,,,,,,,,,,,,,,,,,,,,,,,,,,,,,,,,,,
4,41,/homedetails/124-Im-Dr-Maumelle-AR-72113/2056969175_zpid/,FOR_RENT,222925,"124 Im Dr, Maumelle, AR 72113",124 Im Dr,1950,1500,1950,https://www.zillow.com/homedetails/124-Im-Dr-Maumelle-AR-72113/2056969175_zpid/,2026-07-06T00:00:00.000Z,Listed for rent,2025-08-27T00:00:00.000Z,Listing removed,2025-07-18T00:00:00.000Z,Listed for rent,2024-08-21T00:00:00.000Z,Listing removed,2024-07-30T00:00:00.000Z,Listed for rent,2023-09-26T00:00:00.000Z,Sold,,,,,,,,,,,,,,,,,,,,,,,,,,,,,,,,,,,,,,,,,,,,
4,23,/homedetails/136-Chambery-Dr-Maumelle-AR-72113/122005734_zpid/,FOR_RENT,,"136 Chambery Dr, Maumelle, AR 72113",136 Chambery Dr,2400,1651,2400,https://www.zillow.com/homedetails/136-Chambery-Dr-Maumelle-AR-72113/122005734_zpid/,2026-07-24T00:00:00.000Z,Listed for rent,2018-04-13T00:00:00.000Z,Listing removed,2018-03-27T00:00:00.000Z,Listed for rent,2018-01-22T00:00:00.000Z,Listing removed,2017-12-29T00:00:00.000Z,Listed for rent,2017-03-30T00:00:00.000Z,Listing removed,2017-01-27T00:00:00.000Z,Listed for sale,,,,,,,,,,,,,,,,,,,,,,,,,,,,,,,,,,,,,,,,,,
4,23,/homedetails/127-Chambery-Dr-Maumelle-AR-72113/122006196_zpid/,FOR_RENT,,"127 Chambery Dr, Maumelle, AR 72113",127 Chambery Dr,2400,1651,2400,https://www.zillow.com/homedetails/127-Chambery-Dr-Maumelle-AR-72113/122006196_zpid/,2026-07-24T00:00:00.000Z,Listed for rent,2019-06-07T00:00:00.000Z,Listing removed,2019-03-21T00:00:00.000Z,Price change,2019-02-14T00:00:00.000Z,Listed for rent,2017-11-15T00:00:00.000Z,Listing removed,2017-08-30T00:00:00.000Z,Price change,2017-08-08T00:00:00.000Z,Price change,2017-04-27T00:00:00.000Z,Listed for rent,,,,,,,,,,,,,,,,,,,,,,,,,,,,,,,,,,,,,,,,
3,27,/homedetails/81-Oak-Forest-Loop-Maumelle-AR-72113/326542_zpid/,FOR_RENT,145000,"81 Oak Forest Loop, Maumelle, AR 72113",81 Oak Forest Loop,1700,1300,1700,https://www.zillow.com/homedetails/81-Oak-Forest-Loop-Maumelle-AR-72113/326542_zpid/,2026-07-20T00:00:00.000Z,Listed for rent,2021-01-15T00:00:00.000Z,Sold,2012-10-11T00:00:00.000Z,Sold,1997-04-16T00:00:00.000Z,Sold,,,,,,,,,,,,,,,,,,,,,,,,,,,,,,,,,,,,,,,,,,,,,,,,
3,2,/homedetails/5-Stoneledge-Dr-Maumelle-AR-72113/326005_zpid/,FOR_RENT,240000,"5 Stoneledge Dr, Maumelle, AR 72113",5 Stoneledge Dr,1850,1755,1850,https://www.zillow.com/homedetails/5-Stoneledge-Dr-Maumelle-AR-72113/326005_zpid/,2026-08-14T00:00:00.000Z,Listed for rent,2025-04-10T00:00:00.000Z,Listing removed,2025-03-28T00:00:00.000Z,Listed for rent,2025-02-06T00:00:00.000Z,Sold,2024-11-23T00:00:00.000Z,Listing removed,2024-07-30T00:00:00.000Z,Listed for rent,2015-02-24T00:00:00.000Z,Sold,,,,,,,,,,,,,,,,,,,,,,,,,,,,,,,,,,,,,,,,,,
4,17,/homedetails/15-Iris-Cv-Maumelle-AR-72113/327989_zpid/,FOR_RENT,380000,"15 Iris Cv, Maumelle, AR 72113",15 Iris Cv,3000,2320,3000,https://www.zillow.com/homedetails/15-Iris-Cv-Maumelle-AR-72113/327989_zpid/,2026-07-30T00:00:00.000Z,Listed for rent,2026-07-24T00:00:00.000Z,Sold,2026-05-22T00:00:00.000Z,Listed for sale,2019-02-06T00:00:00.000Z,Sold,2019-01-22T00:00:00.000Z,Pending sale,2018-12-01T00:00:00.000Z,Price change,2018-10-03T00:00:00.000Z,Price change,2018-06-15T00:00:00.000Z,Listed for sale,2015-06-26T00:00:00.000Z,Sold,2002-05-24T00:00:00.000Z,Sold,2001-04-05T00:00:00.000Z,Sold,,,,,,,,,,,,,,,,,,,,,,,,,,,,,,,,,,
3,15,/homedetails/267-Creek-View-Dr-Austin-AR-72007/99430851_zpid/,FOR_RENT,170000,"267 Creek View Dr, Austin, AR 72007",267 Creek View Dr,1450,1443,1450,https://www.zillow.com/homedetails/267-Creek-View-Dr-Austin-AR-72007/99430851_zpid/,2026-08-01T00:00:00.000Z,Listed for rent,2022-08-21T00:00:00.000Z,Sold,2020-02-18T00:00:00.000Z,Sold,2015-02-19T00:00:00.000Z,Listing removed,2014-07-25T00:00:00.000Z,Listed for sale,,,,,,,,,,,,,,,,,,,,,,,,,,,,,,,,,,,,,,,,,,,,,,
3,33,/homedetails/314-Ray-St-Cabot-AR-72023/257086_zpid/,FOR_RENT,700000,"314 Ray St, Cabot, AR 72023",314 Ray St,1275,1449,1275,https://www.zillow.com/homedetails/314-Ray-St-Cabot-AR-72023/257086_zpid/,2026-08-11T00:00:00.000Z,Price change,2026-07-14T00:00:00.000Z,Listed for rent,2022-08-09T00:00:00.000Z,Listing removed,2022-08-05T00:00:00.000Z,Listed for rent,2021-03-24T00:00:00.000Z,Listing removed,2020-05-19T00:00:00.000Z,Listing removed,2020-04-10T00:00:00.000Z,Listed for rent,2018-10-23T00:00:00.000Z,Listing removed,2018-09-25T00:00:00.000Z,Listed for rent,2017-09-28T00:00:00.000Z,Listing removed,2017-08-19T00:00:00.000Z,Price change,2017-07-20T00:00:00.000Z,Listed for rent,2015-03-28T00:00:00.000Z,Listing removed,2015-02-26T00:00:00.000Z,Listed for rent,2014-01-15T00:00:00.000Z,Sold,2003-03-18T00:00:00.000Z,Sold,,,,,,,,,,,,,,,,,,,,,,,,
3,38,/homedetails/509-E-Elm-St-Cabot-AR-72023/257181_zpid/,FOR_RENT,185000,"509 E Elm St, Cabot, AR 72023",509 E Elm St,1495,1056,1495,https://www.zillow.com/homedetails/509-E-Elm-St-Cabot-AR-72023/257181_zpid/,2026-07-23T00:00:00.000Z,Price change,2026-07-09T00:00:00.000Z,Listed for rent,2026-07-09T00:00:00.000Z,Listing removed,2026-05-02T00:00:00.000Z,Listed for rent,2026-04-16T00:00:00.000Z,Listing removed,2026-02-18T00:00:00.000Z,Price change,2026-02-04T00:00:00.000Z,Listed for rent,2023-04-10T00:00:00.000Z,Sold,2023-01-19T00:00:00.000Z,Listing removed,2023-01-18T00:00:00.000Z,Listed for rent,2023-01-06T00:00:00.000Z,Listing removed,2022-10-26T00:00:00.000Z,Listed for sale,2021-05-28T00:00:00.000Z,Sold,2015-07-27T00:00:00.000Z,Sold,2012-10-07T00:00:00.000Z,Listing removed,2012-09-20T00:00:00.000Z,Price change,2012-06-20T00:00:00.000Z,Listed for sale,,,,,,,,,,,,,,,,,,,,,,
3,5,/homedetails/21-Meadowlark-Dr-Cabot-AR-72023/255213_zpid/,FOR_RENT,147900,"21 Meadowlark Dr, Cabot, AR 72023",21 Meadowlark Dr,1395,1013,1395,https://www.zillow.com/homedetails/21-Meadowlark-Dr-Cabot-AR-72023/255213_zpid/,2026-08-12T00:00:00.000Z,Listed for rent,2024-01-16T00:00:00.000Z,Listing removed,2024-01-04T00:00:00.000Z,Sold,2023-08-22T00:00:00.000Z,Sold,2023-07-17T00:00:00.000Z,Contingent,2023-05-12T00:00:00.000Z,Listed for sale,2023-04-19T00:00:00.000Z,Listing removed,2023-03-17T00:00:00.000Z,Listed for rent,2022-03-21T00:00:00.000Z,Sold,,,,,,,,,,,,,,,,,,,,,,,,,,,,,,,,,,,,,,
3,9,/homedetails/16-Mustang-Dr-Cabot-AR-72023/63160974_zpid/,FOR_RENT,2988,"16 Mustang Dr, Cabot, AR 72023",16 Mustang Dr,1450,1494,1450,https://www.zillow.com/homedetails/16-Mustang-Dr-Cabot-AR-72023/63160974_zpid/,2026-08-07T00:00:00.000Z,Listed for rent,2020-02-08T00:00:00.000Z,Listing removed,2020-01-25T00:00:00.000Z,Listed for rent,2018-12-12T00:00:00.000Z,Listing removed,2018-11-14T00:00:00.000Z,Listed for rent,2012-08-23T00:00:00.000Z,Sold,2004-02-25T00:00:00.000Z,Sold,,,,,,,,,,,,,,,,,,,,,,,,,,,,,,,,,,,,,,,,,,
3,24,/homedetails/101-Cedar-Creek-Loop-Cabot-AR-72023/88905306_zpid/,FOR_RENT,,"101 Cedar Creek Loop, Cabot, AR 72023",101 Cedar Creek Loop,1345,1422,1345,https://www.zillow.com/homedetails/101-Cedar-Creek-Loop-Cabot-AR-72023/88905306_zpid/,2026-08-06T00:00:00.000Z,Price change,2026-07-30T00:00:00.000Z,Price change,2026-07-23T00:00:00.000Z,Listed for rent,,,,,,,,,,,,,,,,,,,,,,,,,,,,,,,,,,,,,,,,,,,,,,,,,,
3,25,/homedetails/53-Bent-Tree-Dr-Cabot-AR-72023/256157_zpid/,FOR_RENT,10000,"53 Bent Tree Dr, Cabot, AR 72023",53 Bent Tree Dr,1595,1645,1595,https://www.zillow.com/homedetails/53-Bent-Tree-Dr-Cabot-AR-72023/256157_zpid/,2026-07-22T00:00:00.000Z,Listed for rent,2002-07-18T00:00:00.000Z,Sold,1993-11-12T00:00:00.000Z,Sold,,,,,,,,,,,,,,,,,,,,,,,,,,,,,,,,,,,,,,,,,,,,,,,,,,
3,30,/homedetails/54-Magnolia-Dr-Cabot-AR-72023/60314948_zpid/,FOR_RENT,117000,"54 Magnolia Dr, Cabot, AR 72023",54 Magnolia Dr,1400,1394,1400,https://www.zillow.com/homedetails/54-Magnolia-Dr-Cabot-AR-72023/60314948_zpid/,2026-07-17T00:00:00.000Z,Listed for rent,2025-09-24T00:00:00.000Z,Listing removed,2025-09-04T00:00:00.000Z,Listed for rent,2024-08-02T00:00:00.000Z,Listing removed,2024-07-20T00:00:00.000Z,Price change,2024-06-25T00:00:00.000Z,Listed for rent,2023-06-25T00:00:00.000Z,Listing removed,2023-06-02T00:00:00.000Z,Listed for rent,2021-12-27T00:00:00.000Z,Listing removed,2021-12-19T00:00:00.000Z,Listed for rent,2013-05-01T00:00:00.000Z,Listing removed,2013-04-21T00:00:00.000Z,Listed for rent,2013-04-19T00:00:00.000Z,Sold,2012-12-01T00:00:00.000Z,Price change,2012-10-15T00:00:00.000Z,Listed for sale,2011-04-01T00:00:00.000Z,Sold,2011-01-17T00:00:00.000Z,Price change,2011-01-15T00:00:00.000Z,Listed for sale,,,,,,,,,,,,,,,,,,,,
3,10,/homedetails/36-Azalea-Dr-Cabot-AR-72023/52495117_zpid/,FOR_RENT,16000,"36 Azalea Dr, Cabot, AR 72023",36 Azalea Dr,1350,1350,1350,https://www.zillow.com/homedetails/36-Azalea-Dr-Cabot-AR-72023/52495117_zpid/,2026-08-06T00:00:00.000Z,Listed for rent,2011-05-11T00:00:00.000Z,Sold,1999-11-12T00:00:00.000Z,Sold,,,,,,,,,,,,,,,,,,,,,,,,,,,,,,,,,,,,,,,,,,,,,,,,,,
3,33,/homedetails/61-Whitetail-Dr-Ward-AR-72176/338206844_zpid/,FOR_RENT,212000,"61 Whitetail Dr, Ward, AR 72176",61 Whitetail Dr,1445,1473,1445,https://www.zillow.com/homedetails/61-Whitetail-Dr-Ward-AR-72176/338206844_zpid/,2026-07-14T00:00:00.000Z,Listed for rent,2024-06-04T00:00:00.000Z,Listing removed,2024-05-28T00:00:00.000Z,Listed for rent,2023-04-22T00:00:00.000Z,Listing removed,2023-04-12T00:00:00.000Z,Listed for rent,2023-03-09T00:00:00.000Z,Sold,2023-02-13T00:00:00.000Z,Contingent,2023-02-10T00:00:00.000Z,Listed for sale,2020-09-02T00:00:00.000Z,Sold,,,,,,,,,,,,,,,,,,,,,,,,,,,,,,,,,,,,,,
4,10,/homedetails/106-Jo-Park-Ln-Maumelle-AR-72113/2056841941_zpid/,FOR_RENT,,"106 Jo Park Ln, Maumelle, AR 72113",106 Jo Park Ln,2000,1640,2000,https://www.zillow.com/homedetails/106-Jo-Park-Ln-Maumelle-AR-72113/2056841941_zpid/,2026-08-06T00:00:00.000Z,Listed for rent,2023-10-04T00:00:00.000Z,Listing removed,2023-10-03T00:00:00.000Z,Listed for rent,2023-10-03T00:00:00.000Z,Listing removed,2023-06-29T00:00:00.000Z,Listed for rent,,,,,,,,,,,,,,,,,,,,,,,,,,,,,,,,,,,,,,,,,,,,,,
3,30,/homedetails/15-Applewood-Cv-Cabot-AR-72023/35732370_zpid/,FOR_RENT,226000,"15 Applewood Cv, Cabot, AR 72023",15 Applewood Cv,1600,1588,1600,https://www.zillow.com/homedetails/15-Applewood-Cv-Cabot-AR-72023/35732370_zpid/,2026-07-17T00:00:00.000Z,Listed for rent,2024-05-04T00:00:00.000Z,Listing removed,2024-04-27T00:00:00.000Z,Listed for rent,2024-04-19T00:00:00.000Z,Sold,2024-03-14T00:00:00.000Z,Listed for sale,2022-10-31T00:00:00.000Z,Sold,2022-08-02T00:00:00.000Z,Listed for sale,2019-10-28T00:00:00.000Z,Sold,2019-09-18T00:00:00.000Z,Listed for sale,2014-01-02T00:00:00.000Z,Sold,2013-11-23T00:00:00.000Z,Price change,2013-10-17T00:00:00.000Z,Price change,2013-09-20T00:00:00.000Z,Listed for sale,2012-03-08T00:00:00.000Z,Listing removed,2011-09-23T00:00:00.000Z,Listed for sale,2011-05-07T00:00:00.000Z,Listing removed,2011-01-23T00:00:00.000Z,Listed for sale,,,,,,,,,,,,,,,,,,,,,,
3,53,/homedetails/17-Azalea-Dr-Cabot-AR-72023/52495110_zpid/,FOR_RENT,174500,"17 Azalea Dr, Cabot, AR 72023",17 Azalea Dr,1390,1294,1390,https://www.zillow.com/homedetails/17-Azalea-Dr-Cabot-AR-72023/52495110_zpid/,2026-08-13T00:00:00.000Z,Price change,2026-06-25T00:00:00.000Z,Listed for rent,2024-12-19T00:00:00.000Z,Sold,2024-11-09T00:00:00.000Z,Listed for sale,2022-05-27T00:00:00.000Z,Sold,2021-03-24T00:00:00.000Z,Listing removed,2018-07-11T00:00:00.000Z,Listing removed,2018-07-08T00:00:00.000Z,Listed for rent,2017-09-16T00:00:00.000Z,Listing removed,2017-05-10T00:00:00.000Z,Listed for sale,,,,,,,,,,,,,,,,,,,,,,,,,,,,,,,,,,,,
3,3,/homedetails/59-Hickory-Bend-Dr-Cabot-AR-72023/67445626_zpid/,FOR_RENT,207000,"59 Hickory Bend Dr, Cabot, AR 72023",59 Hickory Bend Dr,2000,2129,2000,https://www.zillow.com/homedetails/59-Hickory-Bend-Dr-Cabot-AR-72023/67445626_zpid/,2026-08-13T00:00:00.000Z,Listed for rent,2023-06-25T00:00:00.000Z,Listing removed,2023-06-22T00:00:00.000Z,Listed for rent,2021-02-22T00:00:00.000Z,Sold,2016-07-15T00:00:00.000Z,Listing removed,2016-06-12T00:00:00.000Z,Price change,2016-04-29T00:00:00.000Z,Listed for sale,2011-03-30T00:00:00.000Z,Sold,2010-08-06T00:00:00.000Z,Listing removed,2010-02-22T00:00:00.000Z,Price change,2009-10-03T00:00:00.000Z,Listed for sale,2009-07-16T00:00:00.000Z,Listing removed,2009-02-16T00:00:00.000Z,Listed for sale,2008-10-27T00:00:00.000Z,Listing removed,2008-07-23T00:00:00.000Z,Price change,2007-07-07T00:00:00.000Z,Listed for sale,2004-11-09T00:00:00.000Z,Sold,,,,,,,,,,,,,,,,,,,,,,
3,9,/homedetails/42-Winners-Cir-Cabot-AR-72023/72176611_zpid/,FOR_RENT,196500,"42 Winners Cir, Cabot, AR 72023",42 Winners Cir,1850,1521,1850,https://www.zillow.com/homedetails/42-Winners-Cir-Cabot-AR-72023/72176611_zpid/,2026-08-07T00:00:00.000Z,Listed for rent,2025-10-07T00:00:00.000Z,Listing removed,2025-09-15T00:00:00.000Z,Listed for rent,2025-07-09T00:00:00.000Z,Sold,2025-04-28T00:00:00.000Z,Price change,2025-04-14T00:00:00.000Z,Price change,2025-04-03T00:00:00.000Z,Price change,2025-03-27T00:00:00.000Z,Listed for sale,,,,,,,,,,,,,,,,,,,,,,,,,,,,,,,,,,,,,,,,
3,23,/homedetails/36-Parkview-Dr-Cabot-AR-72023/255635_zpid/,FOR_RENT,105000,"36 Parkview Dr, Cabot, AR 72023",36 Parkview Dr,1195,1137,1195,https://www.zillow.com/homedetails/36-Parkview-Dr-Cabot-AR-72023/255635_zpid/,2026-07-24T00:00:00.000Z,Listed for rent,2024-01-09T00:00:00.000Z,Listing removed,2023-12-28T00:00:00.000Z,Listed for rent,2022-10-11T00:00:00.000Z,Listing removed,2022-10-03T00:00:00.000Z,Listed for rent,2022-02-08T00:00:00.000Z,Listing removed,2022-01-25T00:00:00.000Z,Price change,2022-01-04T00:00:00.000Z,Listed for rent,2020-03-10T00:00:00.000Z,Listing removed,2020-02-11T00:00:00.000Z,Price change,2020-02-01T00:00:00.000Z,Listed for rent,2019-11-18T00:00:00.000Z,Sold,2019-10-04T00:00:00.000Z,Listed for sale,2018-11-01T00:00:00.000Z,Listing removed,2018-08-29T00:00:00.000Z,Listed for sale,2017-03-23T00:00:00.000Z,Sold,2016-12-12T00:00:00.000Z,Listed for sale,2016-10-13T00:00:00.000Z,Sold,2016-09-07T00:00:00.000Z,Listed for sale,2015-03-26T00:00:00.000Z,Sold,,,,,,,,,,,,,,,,
3,121,/homedetails/120-Suda-St-Cabot-AR-72023/213595966_zpid/,FOR_RENT,120000,"120 Suda St, Cabot, AR 72023",120 Suda St,1095,1008,1095,https://www.zillow.com/homedetails/120-Suda-St-Cabot-AR-72023/213595966_zpid/,2026-06-17T00:00:00.000Z,Price change,2026-05-05T00:00:00.000Z,Price change,2026-04-18T00:00:00.000Z,Listed for rent,2024-08-02T00:00:00.000Z,Sold,2024-07-23T00:00:00.000Z,Listing removed,2024-07-04T00:00:00.000Z,Listed for rent,2024-06-25T00:00:00.000Z,Listed for sale,2024-05-20T00:00:00.000Z,Contingent,2024-05-03T00:00:00.000Z,Listed for sale,2023-10-26T00:00:00.000Z,Listing removed,2023-10-21T00:00:00.000Z,Listed for rent,2021-03-24T00:00:00.000Z,Listing removed,2018-04-27T00:00:00.000Z,Listing removed,2018-04-17T00:00:00.000Z,Listed for rent,,,,,,,,,,,,,,,,,,,,,,,,,,,,
3,25,/homedetails/400-Apricot-St-Austin-AR-72007/82250818_zpid/,FOR_RENT,280000,"400 Apricot St, Austin, AR 72007",400 Apricot St,1475,1200,1475,https://www.zillow.com/homedetails/400-Apricot-St-Austin-AR-72007/82250818_zpid/,2026-07-22T00:00:00.000Z,Price change,2026-06-24T00:00:00.000Z,Price change,2026-05-16T00:00:00.000Z,Price change,2026-05-08T00:00:00.000Z,Listed for rent,2025-09-09T00:00:00.000Z,Listing removed,2025-08-26T00:00:00.000Z,Listed for rent,2025-08-21T00:00:00.000Z,Sold,2024-07-10T00:00:00.000Z,Listing removed,2024-06-24T00:00:00.000Z,Listed for rent,2024-06-10T00:00:00.000Z,Listing removed,2024-06-02T00:00:00.000Z,Listed for rent,2024-02-08T00:00:00.000Z,Sold,2023-06-11T00:00:00.000Z,Listing removed,2023-06-02T00:00:00.000Z,Price change,2022-11-16T00:00:00.000Z,Listed for rent,2022-10-07T00:00:00.000Z,Sold,2022-08-15T00:00:00.000Z,Listed for sale,2015-03-09T00:00:00.000Z,Sold,,,,,,,,,,,,,,,,,,,,
3,27,/homedetails/43-Bud-Grimes-Rd-Ward-AR-72176/35732506_zpid/,FOR_RENT,152500,"43 Bud Grimes Rd, Ward, AR 72176",43 Bud Grimes Rd,1295,1200,1295,https://www.zillow.com/homedetails/43-Bud-Grimes-Rd-Ward-AR-72176/35732506_zpid/,2026-07-20T00:00:00.000Z,Listed for rent,2026-02-24T00:00:00.000Z,Listing removed,2026-02-17T00:00:00.000Z,Price change,2026-02-03T00:00:00.000Z,Listed for rent,2022-09-15T00:00:00.000Z,Listing removed,2022-08-24T00:00:00.000Z,Listed for rent,2022-05-27T00:00:00.000Z,Sold,2022-05-12T00:00:00.000Z,Contingent,2022-05-11T00:00:00.000Z,Listed for sale,2017-03-07T00:00:00.000Z,Sold,2016-11-15T00:00:00.000Z,Price change,2016-10-12T00:00:00.000Z,Price change,2016-09-08T00:00:00.000Z,Price change,2016-06-29T00:00:00.000Z,Listed for sale,,,,,,,,,,,,,,,,,,,,,,,,,,,,
3,6,/homedetails/3-Shamsie-Dr-Ward-AR-72176/99427930_zpid/,FOR_RENT,80051,"3 Shamsie Dr, Ward, AR 72176",3 Shamsie Dr,1200,1246,1200,https://www.zillow.com/homedetails/3-Shamsie-Dr-Ward-AR-72176/99427930_zpid/,2026-08-10T00:00:00.000Z,Listed for rent,2021-03-24T00:00:00.000Z,Listing removed,2020-01-11T00:00:00.000Z,Listing removed,2019-12-24T00:00:00.000Z,Listed for rent,2014-12-01T00:00:00.000Z,Listing removed,2014-11-14T00:00:00.000Z,Listed for rent,2014-11-05T00:00:00.000Z,Sold,2014-09-20T00:00:00.000Z,Listed for sale,,,,,,,,,,,,,,,,,,,,,,,,,,,,,,,,,,,,,,,,
3,11,/homedetails/6-Oddie-Ln-Ward-AR-72176/35731735_zpid/,FOR_RENT,125000,"6 Oddie Ln, Ward, AR 72176",6 Oddie Ln,1300,1248,1300,https://www.zillow.com/homedetails/6-Oddie-Ln-Ward-AR-72176/35731735_zpid/,2026-08-05T00:00:00.000Z,Listed for rent,2024-06-26T00:00:00.000Z,Listing removed,2024-06-07T00:00:00.000Z,Listed for rent,2024-03-29T00:00:00.000Z,Listing removed,2024-03-17T00:00:00.000Z,Listed for rent,2024-03-11T00:00:00.000Z,Sold,2024-02-07T00:00:00.000Z,Listed for sale,,,,,,,,,,,,,,,,,,,,,,,,,,,,,,,,,,,,,,,,,,
3,62,/homedetails/203-Lynn-Ln-Lonoke-AR-72086/260453_zpid/,FOR_RENT,105000,"203 Lynn Ln, Lonoke, AR 72086",203 Lynn Ln,1225,1200,1225,https://www.zillow.com/homedetails/203-Lynn-Ln-Lonoke-AR-72086/260453_zpid/,2026-06-30T00:00:00.000Z,Price change,2026-06-15T00:00:00.000Z,Listed for rent,2026-06-01T00:00:00.000Z,Listing removed,2026-05-14T00:00:00.000Z,Listed for rent,2022-05-19T00:00:00.000Z,Sold,2022-05-13T00:00:00.000Z,Contingent,2022-05-05T00:00:00.000Z,Listed for sale,2014-05-30T00:00:00.000Z,Sold,2014-02-20T00:00:00.000Z,Sold,2014-01-11T00:00:00.000Z,Listed for sale,,,,,,,,,,,,,,,,,,,,,,,,,,,,,,,,,,,,
3,74,/homedetails/621-623-Cosmos-St-Centerton-AR-72719/457840981_zpid/,FOR_RENT,,"621-623 Cosmos St, Centerton, AR 72719",621-623 Cosmos St,1650,1475,1650,https://www.zillow.com/homedetails/621-623-Cosmos-St-Centerton-AR-72719/457840981_zpid/,2026-08-13T00:00:00.000Z,Price change,2026-07-20T00:00:00.000Z,Price change,2026-06-03T00:00:00.000Z,Listed for rent,2026-01-06T00:00:00.000Z,Listing removed,2025-12-19T00:00:00.000Z,Price change,2025-12-16T00:00:00.000Z,Price change,2025-11-14T00:00:00.000Z,Price change,2025-10-20T00:00:00.000Z,Price change,2025-09-30T00:00:00.000Z,Price change,2025-09-20T00:00:00.000Z,Listed for rent,,,,,,,,,,,,,,,,,,,,,,,,,,,,,,,,,,,,
3,18,/homedetails/14-Saunder-Dr-N-Austin-AR-72007/347067074_zpid/,FOR_RENT,198000,"14 Saunder Dr N, Austin, AR 72007",14 Saunder Dr N,1550,1392,1550,https://www.zillow.com/homedetails/14-Saunder-Dr-N-Austin-AR-72007/347067074_zpid/,2026-07-29T00:00:00.000Z,Listed for rent,2023-03-16T00:00:00.000Z,Sold,2023-02-13T00:00:00.000Z,Contingent,2023-01-20T00:00:00.000Z,Listed for sale,,,,,,,,,,,,,,,,,,,,,,,,,,,,,,,,,,,,,,,,,,,,,,,,
3,39,/homedetails/74-Earnhardt-Cir-Cabot-AR-72023/114172966_zpid/,FOR_RENT,173941,"74 Earnhardt Cir, Cabot, AR 72023",74 Earnhardt Cir,1900,1910,1900,https://www.zillow.com/homedetails/74-Earnhardt-Cir-Cabot-AR-72023/114172966_zpid/,2026-07-08T00:00:00.000Z,Listed for rent,2025-08-22T00:00:00.000Z,Listing removed,2025-08-20T00:00:00.000Z,Listing removed,2025-07-28T00:00:00.000Z,Listed for rent,2025-07-21T00:00:00.000Z,Listed for sale,2020-08-18T00:00:00.000Z,Listing removed,2020-08-07T00:00:00.000Z,Price change,2020-06-09T00:00:00.000Z,Listed for sale,2020-02-07T00:00:00.000Z,Listing removed,2020-01-31T00:00:00.000Z,Listed for rent,2020-01-31T00:00:00.000Z,Listing removed,2019-08-01T00:00:00.000Z,Listed for sale,2015-10-09T00:00:00.000Z,Listing removed,2015-09-09T00:00:00.000Z,Listed for rent,2013-07-26T00:00:00.000Z,Sold,,,,,,,,,,,,,,,,,,,,,,,,,,
3,13,/homedetails/17-Tahoe-Ct-Cabot-AR-72023/99406119_zpid/,FOR_RENT,240000,"17 Tahoe Ct, Cabot, AR 72023",17 Tahoe Ct,1650,,1650,https://www.zillow.com/homedetails/17-Tahoe-Ct-Cabot-AR-72023/99406119_zpid/,2026-08-03T00:00:00.000Z,Listed for rent,2024-12-16T00:00:00.000Z,Sold,2024-11-21T00:00:00.000Z,Contingent,2024-11-14T00:00:00.000Z,Price change,2024-11-04T00:00:00.000Z,Price change,2024-10-10T00:00:00.000Z,Price change,2024-10-03T00:00:00.000Z,Price change,2024-09-26T00:00:00.000Z,Price change,2024-09-19T00:00:00.000Z,Price change,2024-09-13T00:00:00.000Z,Listing removed,2024-09-10T00:00:00.000Z,Price change,2024-08-28T00:00:00.000Z,Listed for sale,2024-07-24T00:00:00.000Z,Listed for rent,2024-07-24T00:00:00.000Z,Listing removed,2024-07-15T00:00:00.000Z,Price change,2024-07-08T00:00:00.000Z,Listed for sale,2023-09-25T00:00:00.000Z,Sold,2023-05-09T00:00:00.000Z,Listed for sale,,,,,,,,,,,,,,,,,,,,
3,26,/homedetails/28-Burns-Dr-Cabot-AR-72023/255699_zpid/,FOR_RENT,146000,"28 Burns Dr, Cabot, AR 72023",28 Burns Dr,1400,1288,1400,https://www.zillow.com/homedetails/28-Burns-Dr-Cabot-AR-72023/255699_zpid/,2026-07-21T00:00:00.000Z,Listed for rent,2025-08-07T00:00:00.000Z,Listing removed,2025-07-14T00:00:00.000Z,Price change,2025-07-03T00:00:00.000Z,Listed for rent,2022-06-28T00:00:00.000Z,Sold,2014-11-26T00:00:00.000Z,Sold,2012-06-24T00:00:00.000Z,Listing removed,2012-06-08T00:00:00.000Z,Listed for rent,2011-04-29T00:00:00.000Z,Listing removed,2011-01-27T00:00:00.000Z,Listed for sale,2010-06-04T00:00:00.000Z,Sold,2010-04-29T00:00:00.000Z,Listed for sale,,,,,,,,,,,,,,,,,,,,,,,,,,,,,,,,
3,11,/homedetails/11-Rockwood-Rd-Cabot-AR-72023/255523_zpid/,FOR_RENT,215000,"11 Rockwood Rd, Cabot, AR 72023",11 Rockwood Rd,1600,1461,1600,https://www.zillow.com/homedetails/11-Rockwood-Rd-Cabot-AR-72023/255523_zpid/,2026-08-08T00:00:00.000Z,Price change,2026-08-05T00:00:00.000Z,Listed for rent,2026-07-20T00:00:00.000Z,Sold,2026-07-17T00:00:00.000Z,Contingent,2026-06-25T00:00:00.000Z,Listed for sale,2016-03-02T00:00:00.000Z,Sold,2016-01-08T00:00:00.000Z,Listed for sale,2015-12-22T00:00:00.000Z,Pending sale,2015-10-19T00:00:00.000Z,Price change,2015-09-18T00:00:00.000Z,Price change,2015-08-14T00:00:00.000Z,Listed for sale,2015-06-02T00:00:00.000Z,Sold,2015-05-07T00:00:00.000Z,Pending sale,2015-01-14T00:00:00.000Z,Price change,2014-10-03T00:00:00.000Z,Listed for sale,2013-11-15T00:00:00.000Z,Sold,,,,,,,,,,,,,,,,,,,,,,,,
3,52,/homedetails/34-Shamsie-Dr-Ward-AR-72176/99420023_zpid/,FOR_RENT,150000,"34 Shamsie Dr, Ward, AR 72176",34 Shamsie Dr,1350,1264,1350,https://www.zillow.com/homedetails/34-Shamsie-Dr-Ward-AR-72176/99420023_zpid/,2026-06-25T00:00:00.000Z,Listed for rent,2024-10-09T00:00:00.000Z,Listing removed,2024-09-24T00:00:00.000Z,Listed for rent,2021-12-10T00:00:00.000Z,Sold,2021-11-11T00:00:00.000Z,Listed for sale,2020-06-30T00:00:00.000Z,Sold,2020-05-01T00:00:00.000Z,Listed for sale,2016-02-29T00:00:00.000Z,Sold,2016-01-18T00:00:00.000Z,Pending sale,2015-12-22T00:00:00.000Z,Listed for sale,,,,,,,,,,,,,,,,,,,,,,,,,,,,,,,,,,,,
3,135,/homedetails/44-Kirkland-Dr-Cabot-AR-72023/52495420_zpid/,FOR_RENT,,"44 Kirkland Dr, Cabot, AR 72023",44 Kirkland Dr,1900,2077,1900,https://www.zillow.com/homedetails/44-Kirkland-Dr-Cabot-AR-72023/52495420_zpid/,2026-04-03T00:00:00.000Z,Listed for rent,2026-04-03T00:00:00.000Z,Listing removed,2026-02-11T00:00:00.000Z,Listed for rent,2025-09-22T00:00:00.000Z,Listing removed,2025-08-19T00:00:00.000Z,Listing removed,2025-08-17T00:00:00.000Z,Listed for rent,2025-01-03T00:00:00.000Z,Price change,2024-11-04T00:00:00.000Z,Price change,2024-10-10T00:00:00.000Z,Price change,2024-09-24T00:00:00.000Z,Listed for sale,2015-02-21T00:00:00.000Z,Listing removed,2015-01-28T00:00:00.000Z,Price change,2014-11-18T00:00:00.000Z,Price change,2014-08-30T00:00:00.000Z,Listed for rent,2013-05-18T00:00:00.000Z,Listing removed,2013-04-17T00:00:00.000Z,Listed for rent,2012-10-25T00:00:00.000Z,Listing removed,2012-09-25T00:00:00.000Z,Listed for rent,2012-07-12T00:00:00.000Z,Listing removed,2012-06-12T00:00:00.000Z,Price change,2012-05-25T00:00:00.000Z,Listed for rent,2011-08-23T00:00:00.000Z,Listing removed,2010-10-08T00:00:00.000Z,Listed for sale,,,,,,,,,,
3,50,/homedetails/142-Weathering-Dr-Austin-AR-72007/99433960_zpid/,FOR_RENT,140000,"142 Weathering Dr, Austin, AR 72007",142 Weathering Dr,1350,1212,1350,https://www.zillow.com/homedetails/142-Weathering-Dr-Austin-AR-72007/99433960_zpid/,2026-07-20T00:00:00.000Z,Price change,2026-06-27T00:00:00.000Z,Listed for rent,2023-12-14T00:00:00.000Z,Listing removed,2023-11-29T00:00:00.000Z,Listed for rent,2021-10-21T00:00:00.000Z,Sold,2021-09-19T00:00:00.000Z,Contingent,2021-09-17T00:00:00.000Z,Listed for sale,2014-08-25T00:00:00.000Z,Sold,2014-06-22T00:00:00.000Z,Listed for sale,2013-09-05T00:00:00.000Z,Listing removed,2013-08-17T00:00:00.000Z,Listed for rent,,,,,,,,,,,,,,,,,,,,,,,,,,,,,,,,,,
3,2,/homedetails/21-Willard-St-Ward-AR-72176/55151159_zpid/,FOR_RENT,165000,"21 Willard St, Ward, AR 72176",21 Willard St,1395,1301,1395,https://www.zillow.com/homedetails/21-Willard-St-Ward-AR-72176/55151159_zpid/,2026-08-14T00:00:00.000Z,Listed for rent,2022-08-08T00:00:00.000Z,Sold,2014-12-24T00:00:00.000Z,Listing removed,2014-11-06T00:00:00.000Z,Price change,2014-10-02T00:00:00.000Z,Listed for rent,2014-04-10T00:00:00.000Z,Listing removed,2014-03-01T00:00:00.000Z,Listed for rent,2014-02-18T00:00:00.000Z,Listing removed,2014-02-07T00:00:00.000Z,Price change,2014-01-09T00:00:00.000Z,Price change,2013-10-25T00:00:00.000Z,Price change,2013-08-24T00:00:00.000Z,Listed for sale,2013-05-23T00:00:00.000Z,Listing removed,2013-04-18T00:00:00.000Z,Price change,2013-03-30T00:00:00.000Z,Price change,2013-03-13T00:00:00.000Z,Price change,2013-02-26T00:00:00.000Z,Price change,2013-02-10T00:00:00.000Z,Listed for sale,2012-07-04T00:00:00.000Z,Listing removed,2012-05-16T00:00:00.000Z,Price change,2012-04-12T00:00:00.000Z,Price change,2012-04-09T00:00:00.000Z,Price change,2012-03-23T00:00:00.000Z,Price change,2012-03-15T00:00:00.000Z,Listed for sale,,,,,,,,
3,37,/homedetails/209-N-Madison-St-Cabot-AR-72023/439267452_zpid/,FOR_RENT,,"209 N Madison St, Cabot, AR 72023",209 N Madison St,1895,1524,1895,https://www.zillow.com/homedetails/209-N-Madison-St-Cabot-AR-72023/439267452_zpid/,2026-07-10T00:00:00.000Z,Listed for rent,2025-06-24T00:00:00.000Z,Listing removed,2025-06-19T00:00:00.000Z,Listed for rent,2025-06-19T00:00:00.000Z,Listing removed,2025-04-10T00:00:00.000Z,Price change,2025-03-05T00:00:00.000Z,Listed for rent,2025-03-05T00:00:00.000Z,Listing removed,2025-03-04T00:00:00.000Z,Listed for rent,2025-03-03T00:00:00.000Z,Listing removed,2025-02-28T00:00:00.000Z,Listed for rent,2024-12-28T00:00:00.000Z,Listing removed,2024-12-04T00:00:00.000Z,Price change,2024-09-23T00:00:00.000Z,Listing removed,2024-09-21T00:00:00.000Z,Price change,2024-09-17T00:00:00.000Z,Price change,2024-09-11T00:00:00.000Z,Listed for rent,2024-08-21T00:00:00.000Z,Listed for sale,,,,,,,,,,,,,,,,,,,,,,
3,10,/homedetails/15-Jennifer-Cv-Ward-AR-72176/2063023920_zpid/,FOR_RENT,210000,"15 Jennifer Cv, Ward, AR 72176",15 Jennifer Cv,1650,1328,1650,https://www.zillow.com/homedetails/15-Jennifer-Cv-Ward-AR-72176/2063023920_zpid/,2026-08-07T00:00:00.000Z,Listed for rent,2023-12-19T00:00:00.000Z,Sold,2022-06-21T00:00:00.000Z,Listing removed,2022-06-07T00:00:00.000Z,Price change,2022-06-02T00:00:00.000Z,Listed for rent,2022-05-31T00:00:00.000Z,Sold,,,,,,,,,,,,,,,,,,,,,,,,,,,,,,,,,,,,,,,,,,,,
3,68,/homedetails/17-Farrah-St-Ward-AR-72176/52495486_zpid/,FOR_RENT,,"17 Farrah St, Ward, AR 72176",17 Farrah St,1250,1563,1250,https://www.zillow.com/homedetails/17-Farrah-St-Ward-AR-72176/52495486_zpid/,2026-06-09T00:00:00.000Z,Listed for rent,2025-05-24T00:00:00.000Z,Listing removed,2025-05-06T00:00:00.000Z,Price change,2025-04-20T00:00:00.000Z,Listed for rent,2017-02-23T00:00:00.000Z,Listing removed,2017-02-17T00:00:00.000Z,Listed for rent,2014-02-28T00:00:00.000Z,Listing removed,2014-02-05T00:00:00.000Z,Price change,2014-01-29T00:00:00.000Z,Price change,2013-12-14T00:00:00.000Z,Price change,2013-11-30T00:00:00.000Z,Listed for sale,2013-10-25T00:00:00.000Z,Listing removed,2013-09-19T00:00:00.000Z,Price change,2013-09-18T00:00:00.000Z,Price change,2013-06-29T00:00:00.000Z,Listed for sale,,,,,,,,,,,,,,,,,,,,,,,,,,
3,10,/homedetails/34-Woodhaven-Dr-Cabot-AR-72023/338206710_zpid/,FOR_RENT,165000,"34 Woodhaven Dr, Cabot, AR 72023",34 Woodhaven Dr,1650,1305,1650,https://www.zillow.com/homedetails/34-Woodhaven-Dr-Cabot-AR-72023/338206710_zpid/,2026-08-07T00:00:00.000Z,Listed for rent,2025-04-03T00:00:00.000Z,Listing removed,2025-03-15T00:00:00.000Z,Price change,2025-02-13T00:00:00.000Z,Price change,2025-02-11T00:00:00.000Z,Listed for rent,2020-11-30T00:00:00.000Z,Sold,2020-10-19T00:00:00.000Z,Sold,,,,,,,,,,,,,,,,,,,,,,,,,,,,,,,,,,,,,,,,,,
3,33,/homedetails/22-Kirkland-St-Ward-AR-72176/261280_zpid/,FOR_RENT,84000,"22 Kirkland St, Ward, AR 72176",22 Kirkland St,1350,1185,1350,https://www.zillow.com/homedetails/22-Kirkland-St-Ward-AR-72176/261280_zpid/,2026-07-15T00:00:00.000Z,Listed for rent,2026-06-16T00:00:00.000Z,Sold,2026-06-14T00:00:00.000Z,Contingent,2026-06-02T00:00:00.000Z,Price change,2026-05-28T00:00:00.000Z,Listed for sale,2014-10-30T00:00:00.000Z,Sold,,,,,,,,,,,,,,,,,,,,,,,,,,,,,,,,,,,,,,,,,,,,
3,14,/homedetails/18-Marian-Cv-Cabot-AR-72023/256302_zpid/,FOR_RENT,146000,"18 Marian Cv, Cabot, AR 72023",18 Marian Cv,1400,1400,1400,https://www.zillow.com/homedetails/18-Marian-Cv-Cabot-AR-72023/256302_zpid/,2026-08-02T00:00:00.000Z,Listed for rent,2025-04-21T00:00:00.000Z,Listing removed,2025-04-02T00:00:00.000Z,Listed for rent,2020-09-10T00:00:00.000Z,Listing removed,2020-09-01T00:00:00.000Z,Listed for rent,2014-03-14T00:00:00.000Z,Sold,,,,,,,,,,,,,,,,,,,,,,,,,,,,,,,,,,,,,,,,,,,,
3,13,/homedetails/104-Herald-Pl-Cabot-AR-72023/252206_zpid/,FOR_RENT,155000,"104 Herald Pl, Cabot, AR 72023",104 Herald Pl,1095,1232,1095,https://www.zillow.com/homedetails/104-Herald-Pl-Cabot-AR-72023/252206_zpid/,2026-08-03T00:00:00.000Z,Listed for rent,2024-11-23T00:00:00.000Z,Listing removed,2024-11-14T00:00:00.000Z,Listed for rent,2023-12-28T00:00:00.000Z,Listing removed,2023-11-10T00:00:00.000Z,Price change,2023-10-18T00:00:00.000Z,Listed for rent,2022-04-09T00:00:00.000Z,Listing removed,2022-02-16T00:00:00.000Z,Listed for rent,2019-06-20T00:00:00.000Z,Listing removed,2019-05-08T00:00:00.000Z,Listed for rent,2018-08-24T00:00:00.000Z,Listing removed,2018-08-16T00:00:00.000Z,Price change,2018-08-01T00:00:00.000Z,Listed for rent,2017-12-07T00:00:00.000Z,Listing removed,2017-10-14T00:00:00.000Z,Listed for rent,2013-01-30T00:00:00.000Z,Sold,2008-01-10T00:00:00.000Z,Sold,1988-08-30T00:00:00.000Z,Sold,,,,,,,,,,,,,,,,,,,,
3,8,/homedetails/103-E-Scott-St-Carlisle-AR-72024/258138_zpid/,FOR_RENT,75000,"103 E Scott St, Carlisle, AR 72024",103 E Scott St,1300,1556,1300,https://www.zillow.com/homedetails/103-E-Scott-St-Carlisle-AR-72024/258138_zpid/,2026-08-09T00:00:00.000Z,Listed for rent,2025-05-14T00:00:00.000Z,Sold,2025-03-28T00:00:00.000Z,Sold,2024-12-02T00:00:00.000Z,Listed for sale,2014-01-15T00:00:00.000Z,Sold,2013-07-17T00:00:00.000Z,Sold,2013-06-26T00:00:00.000Z,Price change,2013-05-17T00:00:00.000Z,Price change,2013-02-20T00:00:00.000Z,Price change,2013-01-27T00:00:00.000Z,Listed for sale,,,,,,,,,,,,,,,,,,,,,,,,,,,,,,,,,,,,
3,12,/homedetails/120-E-Palm-St-Lonoke-AR-72086/259816_zpid/,FOR_RENT,50000,"120 E Palm St, Lonoke, AR 72086",120 E Palm St,1250,1502,1250,https://www.zillow.com/homedetails/120-E-Palm-St-Lonoke-AR-72086/259816_zpid/,2026-08-04T00:00:00.000Z,Listed for rent,2026-06-15T00:00:00.000Z,Sold,2026-04-13T00:00:00.000Z,Contingent,2026-01-16T00:00:00.000Z,Listed for sale,2014-06-09T00:00:00.000Z,Sold,2010-09-02T00:00:00.000Z,Sold,2008-01-08T00:00:00.000Z,Sold,1994-10-26T00:00:00.000Z,Sold,,,,,,,,,,,,,,,,,,,,,,,,,,,,,,,,,,,,,,,,
3,16,/homedetails/538-Belcaro-Dr-Kings-Mountain-NC-28086/339891879_zpid/,FOR_RENT,,"538 Belcaro Dr, Kings Mountain, NC 28086",538 Belcaro Dr,2065,1800,2065,https://www.zillow.com/homedetails/538-Belcaro-Dr-Kings-Mountain-NC-28086/339891879_zpid/,2026-08-12T00:00:00.000Z,Price change,2026-07-31T00:00:00.000Z,Listed for rent,2025-08-22T00:00:00.000Z,Listing removed,2025-08-12T00:00:00.000Z,Price change,2025-08-06T00:00:00.000Z,Price change,2025-07-30T00:00:00.000Z,Price change,2025-07-22T00:00:00.000Z,Price change,2025-07-15T00:00:00.000Z,Price change,2025-07-08T00:00:00.000Z,Price change,2025-07-01T00:00:00.000Z,Price change,2025-06-25T00:00:00.000Z,Listed for rent,2025-06-23T00:00:00.000Z,Listing removed,2025-06-17T00:00:00.000Z,Listed for rent,2025-04-17T00:00:00.000Z,Listing removed,2025-04-15T00:00:00.000Z,Price change,2025-03-31T00:00:00.000Z,Listed for rent,2022-08-11T00:00:00.000Z,Listing removed,2022-07-15T00:00:00.000Z,Listed for sale,,,,,,,,,,,,,,,,,,,,
3,1,/homedetails/106-Wellshire-Dr-Kings-Mountain-NC-28086/338483288_zpid/,FOR_RENT,297900,"106 Wellshire Dr, Kings Mountain, NC 28086",106 Wellshire Dr,1995,1800,1995,https://www.zillow.com/homedetails/106-Wellshire-Dr-Kings-Mountain-NC-28086/338483288_zpid/,2026-08-15T00:00:00.000Z,Listed for rent,2024-07-22T00:00:00.000Z,Listing removed,2024-07-10T00:00:00.000Z,Price change,2024-06-30T00:00:00.000Z,Listed for rent,2024-04-22T00:00:00.000Z,Listing removed,2024-04-22T00:00:00.000Z,Price change,2024-04-09T00:00:00.000Z,Price change,2024-03-30T00:00:00.000Z,Listed for rent,2021-10-29T00:00:00.000Z,Sold,,,,,,,,,,,,,,,,,,,,,,,,,,,,,,,,,,,,,,
3,9,/homedetails/1533-S-Battleground-Ave-Kings-Mountain-NC-28086/464400646_zpid/,FOR_RENT,,"1533 S Battleground Ave, Kings Mountain, NC 28086",1533 S Battleground Ave,1900,1320,1900,https://www.zillow.com/homedetails/1533-S-Battleground-Ave-Kings-Mountain-NC-28086/464400646_zpid/,2026-08-07T00:00:00.000Z,Listed for rent,,,,,,,,,,,,,,,,,,,,,,,,,,,,,,,,,,,,,,,,,,,,,,,,,,,,,,
3,86,/homedetails/2034-Shelby-Rd-Kings-Mountain-NC-28086/93001483_zpid/,FOR_RENT,,"2034 Shelby Rd, Kings Mountain, NC 28086",2034 Shelby Rd,1250,910,1250,https://www.zillow.com/homedetails/2034-Shelby-Rd-Kings-Mountain-NC-28086/93001483_zpid/,2026-05-23T00:00:00.000Z,Listed for rent,2025-11-06T00:00:00.000Z,Listing removed,2025-10-06T00:00:00.000Z,Listed for rent,2025-06-28T00:00:00.000Z,Listing removed,2025-06-25T00:00:00.000Z,Listed for rent,,,,,,,,,,,,,,,,,,,,,,,,,,,,,,,,,,,,,,,,,,,,,,
5,31,/homedetails/231-Brinkley-Dr-Kings-Mountain-NC-28086/349365612_zpid/,FOR_RENT,332000,"231 Brinkley Dr, Kings Mountain, NC 28086",231 Brinkley Dr,2595,2400,2595,https://www.zillow.com/homedetails/231-Brinkley-Dr-Kings-Mountain-NC-28086/349365612_zpid/,2026-08-07T00:00:00.000Z,Price change,2026-07-16T00:00:00.000Z,Listed for rent,2026-07-10T00:00:00.000Z,Sold,2026-05-14T00:00:00.000Z,Listed for sale,2026-05-10T00:00:00.000Z,Listing removed,2026-03-03T00:00:00.000Z,Price change,2026-02-05T00:00:00.000Z,Price change,2025-11-06T00:00:00.000Z,Listed for sale,2024-10-25T00:00:00.000Z,Sold,2024-08-21T00:00:00.000Z,Price change,2024-08-14T00:00:00.000Z,Price change,2024-07-09T00:00:00.000Z,Price change,2024-05-07T00:00:00.000Z,Price change,2024-05-04T00:00:00.000Z,Listed for sale,,,,,,,,,,,,,,,,,,,,,,,,,,,,
3,2,/homedetails/87-Sycamore-Cir-Cabot-AR-72023/256430_zpid/,FOR_RENT,151500,"87 Sycamore Cir, Cabot, AR 72023",87 Sycamore Cir,1450,1252,1450,https://www.zillow.com/homedetails/87-Sycamore-Cir-Cabot-AR-72023/256430_zpid/,2026-08-14T00:00:00.000Z,Listed for rent,2026-07-17T00:00:00.000Z,Sold,2026-06-05T00:00:00.000Z,Listed for sale,2026-05-27T00:00:00.000Z,Listing removed,2026-05-15T00:00:00.000Z,Listed for rent,2020-06-03T00:00:00.000Z,Sold,2020-02-28T00:00:00.000Z,Sold,2013-03-25T00:00:00.000Z,Sold,,,,,,,,,,,,,,,,,,,,,,,,,,,,,,,,,,,,,,,,
4,6,/homedetails/1504-McCurdy-Benton-AR-72019/388159_zpid/,FOR_RENT,21500,"1504 McCurdy, Benton, AR 72019",1504 McCurdy,1895,1725,1895,https://www.zillow.com/homedetails/1504-McCurdy-Benton-AR-72019/388159_zpid/,2026-08-15T00:00:00.000Z,Price change,2026-08-11T00:00:00.000Z,Listed for rent,2022-12-09T00:00:00.000Z,Listing removed,2022-12-05T00:00:00.000Z,Listed for rent,2017-02-06T00:00:00.000Z,Listing removed,2017-01-19T00:00:00.000Z,Listed for rent,2015-11-02T00:00:00.000Z,Listing removed,2015-10-14T00:00:00.000Z,Listed for sale,2015-09-10T00:00:00.000Z,Listing removed,2015-08-31T00:00:00.000Z,Listed for sale,2015-02-17T00:00:00.000Z,Sold,2014-03-05T00:00:00.000Z,Sold,2013-07-03T00:00:00.000Z,Sold,,,,,,,,,,,,,,,,,,,,,,,,,,,,,,
4,68,/homedetails/12239-Skyview-Dr-Bauxite-AR-72011/71715798_zpid/,FOR_RENT,135000,"12239 Skyview Dr, Bauxite, AR 72011",12239 Skyview Dr,1600,1600,1600,https://www.zillow.com/homedetails/12239-Skyview-Dr-Bauxite-AR-72011/71715798_zpid/,2026-08-11T00:00:00.000Z,Price change,2026-07-30T00:00:00.000Z,Price change,2026-06-09T00:00:00.000Z,Listed for rent,2024-05-15T00:00:00.000Z,Sold,2021-02-06T00:00:00.000Z,Sold,2020-10-27T00:00:00.000Z,Price change,2020-09-10T00:00:00.000Z,Listed for sale,2008-07-10T00:00:00.000Z,Sold,,,,,,,,,,,,,,,,,,,,,,,,,,,,,,,,,,,,,,,,
3,39,/homedetails/1343-S-Battleground-Ave-Kings-Mountain-NC-28086/78285925_zpid/,FOR_RENT,995000,"1343 S Battleground Ave, Kings Mountain, NC 28086",1343 S Battleground Ave,2400,1724,2400,https://www.zillow.com/homedetails/1343-S-Battleground-Ave-Kings-Mountain-NC-28086/78285925_zpid/,2026-07-10T00:00:00.000Z,Listed for rent,2023-09-02T00:00:00.000Z,Listing removed,2023-08-28T00:00:00.000Z,Listed for rent,2023-08-05T00:00:00.000Z,Listing removed,2023-08-04T00:00:00.000Z,Price change,2023-08-01T00:00:00.000Z,Listed for rent,2022-10-25T00:00:00.000Z,Listing removed,2022-09-08T00:00:00.000Z,Listed for rent,2022-07-22T00:00:00.000Z,Listing removed,2022-07-17T00:00:00.000Z,Listed for rent,2022-03-30T00:00:00.000Z,Sold,2022-02-17T00:00:00.000Z,Pending sale,2022-02-16T00:00:00.000Z,Contingent,2022-02-15T00:00:00.000Z,Listed for sale,2021-11-16T00:00:00.000Z,Contingent,2021-11-06T00:00:00.000Z,Pending sale,2021-11-06T00:00:00.000Z,Contingent,2021-08-15T00:00:00.000Z,Listed for sale,,,,,,,,,,,,,,,,,,,,
3,9,/homedetails/403-Carriage-Dr-Benton-AR-72015/247595015_zpid/,FOR_RENT,224000,"403 Carriage Dr, Benton, AR 72015",403 Carriage Dr,1675,1400,1675,https://www.zillow.com/homedetails/403-Carriage-Dr-Benton-AR-72015/247595015_zpid/,2026-08-07T00:00:00.000Z,Listed for rent,2025-05-01T00:00:00.000Z,Listing removed,2025-04-18T00:00:00.000Z,Listed for rent,2025-04-16T00:00:00.000Z,Sold,2025-03-28T00:00:00.000Z,Contingent,2025-03-25T00:00:00.000Z,Listed for sale,2023-10-13T00:00:00.000Z,Sold,2017-08-18T00:00:00.000Z,Sold,,,,,,,,,,,,,,,,,,,,,,,,,,,,,,,,,,,,,,,,
4,22,/homedetails/6336-Warwick-Dr-Bryant-AR-72002/460976365_zpid/,FOR_RENT,286000,"6336 Warwick Dr, Bryant, AR 72002",6336 Warwick Dr,2400,2112,2400,https://www.zillow.com/homedetails/6336-Warwick-Dr-Bryant-AR-72002/460976365_zpid/,2026-07-25T00:00:00.000Z,Listed for rent,2026-07-17T00:00:00.000Z,Sold,2026-06-29T00:00:00.000Z,Contingent,2026-06-24T00:00:00.000Z,Listed for sale,2026-04-24T00:00:00.000Z,Contingent,2026-04-14T00:00:00.000Z,Price change,2026-03-11T00:00:00.000Z,Listed for sale,,,,,,,,,,,,,,,,,,,,,,,,,,,,,,,,,,,,,,,,,,
4,22,/homedetails/4340-Sloan-Dr-Alexander-AR-72002/442183331_zpid/,FOR_RENT,267480,"4340 Sloan Dr, Alexander, AR 72002",4340 Sloan Dr,2140,1850,2140,https://www.zillow.com/homedetails/4340-Sloan-Dr-Alexander-AR-72002/442183331_zpid/,2026-08-09T00:00:00.000Z,Listed for rent,2026-07-28T00:00:00.000Z,Listing removed,2026-07-25T00:00:00.000Z,Listed for rent,2026-07-08T00:00:00.000Z,Listing removed,2026-06-20T00:00:00.000Z,Listed for rent,2025-08-06T00:00:00.000Z,Listing removed,2025-07-11T00:00:00.000Z,Listed for rent,2025-03-25T00:00:00.000Z,Sold,2025-02-10T00:00:00.000Z,Contingent,2025-01-17T00:00:00.000Z,Price change,2025-01-16T00:00:00.000Z,Price change,2024-10-30T00:00:00.000Z,Listed for sale,,,,,,,,,,,,,,,,,,,,,,,,,,,,,,,,
3,33,/homedetails/2349-Sam-Tillery-Dr-Alexander-AR-72002/461266492_zpid/,FOR_RENT,223900,"2349 Sam Tillery Dr, Alexander, AR 72002",2349 Sam Tillery Dr,1550,1446,1550,https://www.zillow.com/homedetails/2349-Sam-Tillery-Dr-Alexander-AR-72002/461266492_zpid/,2026-07-14T00:00:00.000Z,Listed for rent,2026-06-30T00:00:00.000Z,Sold,2026-06-05T00:00:00.000Z,Contingent,2026-04-07T00:00:00.000Z,Price change,2026-04-02T00:00:00.000Z,Price change,2026-03-24T00:00:00.000Z,Listed for sale,,,,,,,,,,,,,,,,,,,,,,,,,,,,,,,,,,,,,,,,,,,,
4,3,/homedetails/1067-Huntington-Dr-Benton-AR-72019/2061767452_zpid/,FOR_RENT,,"1067 Huntington Dr, Benton, AR 72019",1067 Huntington Dr,1545,1459,1545,https://www.zillow.com/homedetails/1067-Huntington-Dr-Benton-AR-72019/2061767452_zpid/,2026-08-13T00:00:00.000Z,Listed for rent,2024-11-08T00:00:00.000Z,Listing removed,2024-11-05T00:00:00.000Z,Listed for rent,2024-03-22T00:00:00.000Z,Listing removed,2024-02-27T00:00:00.000Z,Listed for rent,2023-02-14T00:00:00.000Z,Listing removed,2023-01-26T00:00:00.000Z,Listed for rent,2022-12-17T00:00:00.000Z,Listing removed,2022-12-01T00:00:00.000Z,Price change,2022-11-11T00:00:00.000Z,Price change,2022-08-26T00:00:00.000Z,Listed for sale,,,,,,,,,,,,,,,,,,,,,,,,,,,,,,,,,,
3,81,/homedetails/9511-Arkansas-5-65-Alexander-AR-72002/462701131_zpid/,FOR_RENT,,"9511 Arkansas #5-65, Alexander, AR 72002",9511 Arkansas #5-65,950,,950,https://www.zillow.com/homedetails/9511-Arkansas-5-65-Alexander-AR-72002/462701131_zpid/,2026-07-07T00:00:00.000Z,Price change,2026-06-30T00:00:00.000Z,Price change,2026-06-23T00:00:00.000Z,Price change,2026-06-17T00:00:00.000Z,Price change,2026-06-10T00:00:00.000Z,Price change,2026-05-27T00:00:00.000Z,Listed for rent,,,,,,,,,,,,,,,,,,,,,,,,,,,,,,,,,,,,,,,,,,,,
3,11,/homedetails/4101-Red-Maple-Ln-Alexander-AR-72002/461650523_zpid/,FOR_RENT,230000,"4101 Red Maple Ln, Alexander, AR 72002",4101 Red Maple Ln,1795,1548,1795,https://www.zillow.com/homedetails/4101-Red-Maple-Ln-Alexander-AR-72002/461650523_zpid/,2026-08-05T00:00:00.000Z,Listed for rent,2026-07-27T00:00:00.000Z,Sold,2026-06-30T00:00:00.000Z,Contingent,2026-04-12T00:00:00.000Z,Listed for sale,,,,,,,,,,,,,,,,,,,,,,,,,,,,,,,,,,,,,,,,,,,,,,,,
3,16,/homedetails/2333-Sam-Tillery-Dr-Alexander-AR-72002/462538267_zpid/,FOR_RENT,226900,"2333 Sam Tillery Dr, Alexander, AR 72002",2333 Sam Tillery Dr,1795,1472,1795,https://www.zillow.com/homedetails/2333-Sam-Tillery-Dr-Alexander-AR-72002/462538267_zpid/,2026-07-31T00:00:00.000Z,Listed for rent,2026-07-30T00:00:00.000Z,Sold,2026-07-16T00:00:00.000Z,Contingent,2026-05-19T00:00:00.000Z,Listed for sale,,,,,,,,,,,,,,,,,,,,,,,,,,,,,,,,,,,,,,,,,,,,,,,,
3,4,/homedetails/424-Ables-Loop-Ward-AR-72176/67447121_zpid/,FOR_RENT,,"424 Ables Loop, Ward, AR 72176",424 Ables Loop,1400,1280,1400,https://www.zillow.com/homedetails/424-Ables-Loop-Ward-AR-72176/67447121_zpid/,2026-08-12T00:00:00.000Z,Listed for rent,2025-10-01T00:00:00.000Z,Listing removed,2025-08-06T00:00:00.000Z,Listed for rent,,,,,,,,,,,,,,,,,,,,,,,,,,,,,,,,,,,,,,,,,,,,,,,,,,
3,19,/homedetails/2048-Bentwood-Dr-Alexander-AR-72002/2066616486_zpid/,FOR_RENT,190790,"2048 Bentwood Dr, Alexander, AR 72002",2048 Bentwood Dr,1775,1355,1775,https://www.zillow.com/homedetails/2048-Bentwood-Dr-Alexander-AR-72002/2066616486_zpid/,2026-07-28T00:00:00.000Z,Listed for rent,2022-05-23T00:00:00.000Z,Listing removed,2022-05-12T00:00:00.000Z,Price change,2022-04-27T00:00:00.000Z,Listed for rent,2022-04-19T00:00:00.000Z,Sold,,,,,,,,,,,,,,,,,,,,,,,,,,,,,,,,,,,,,,,,,,,,,,
3,16,/homedetails/504-12th-Ave-NE-Hickory-NC-28601/461605081_zpid/,FOR_RENT,430000,"504 12th Ave NE, Hickory, NC 28601",504 12th Ave NE,1595,1334,1595,https://www.zillow.com/homedetails/504-12th-Ave-NE-Hickory-NC-28601/461605081_zpid/,2026-07-31T00:00:00.000Z,Listed for rent,2026-05-29T00:00:00.000Z,Sold,2026-04-10T00:00:00.000Z,Pending sale,2026-04-09T00:00:00.000Z,Listed for sale,,,,,,,,,,,,,,,,,,,,,,,,,,,,,,,,,,,,,,,,,,,,,,,,
4,27,/homedetails/414-Prickett-Rd-Bryant-AR-72022/389819_zpid/,FOR_RENT,38000,"414 Prickett Rd, Bryant, AR 72022",414 Prickett Rd,2500,1772,2500,https://www.zillow.com/homedetails/414-Prickett-Rd-Bryant-AR-72022/389819_zpid/,2026-07-20T00:00:00.000Z,Listed for rent,2025-05-16T00:00:00.000Z,Sold,,,,,,,,,,,,,,,,,,,,,,,,,,,,,,,,,,,,,,,,,,,,,,,,,,,,
4,19,/homedetails/4332-Sloan-Dr-Alexander-AR-72002/464195265_zpid/,FOR_RENT,,"4332 Sloan Dr, Alexander, AR 72002",4332 Sloan Dr,2255,2112,2255,https://www.zillow.com/homedetails/4332-Sloan-Dr-Alexander-AR-72002/464195265_zpid/,2026-08-09T00:00:00.000Z,Listed for rent,,,,,,,,,,,,,,,,,,,,,,,,,,,,,,,,,,,,,,,,,,,,,,,,,,,,,,
3,53,/homedetails/1936-Eigth-St-Hickory-NC-28602/2052991619_zpid/,FOR_RENT,,"1936 Eigth St, Hickory, NC 28602",1936 Eigth St,1795,1695,1795,https://www.zillow.com/homedetails/1936-Eigth-St-Hickory-NC-28602/2052991619_zpid/,2026-08-14T00:00:00.000Z,Price change,2026-07-27T00:00:00.000Z,Price change,2026-07-07T00:00:00.000Z,Price change,2026-06-24T00:00:00.000Z,Listed for rent,2024-03-28T00:00:00.000Z,Listing removed,2024-03-18T00:00:00.000Z,Price change,2024-03-05T00:00:00.000Z,Price change,2024-02-22T00:00:00.000Z,Price change,2024-02-21T00:00:00.000Z,Price change,2024-02-01T00:00:00.000Z,Listed for rent,,,,,,,,,,,,,,,,,,,,,,,,,,,,,,,,,,,,
4,33,/homedetails/667-13th-Avenue-Dr-NE-Hickory-NC-28601/461540370_zpid/,FOR_RENT,,"667 13th Avenue Dr NE, Hickory, NC 28601",667 13th Avenue Dr NE,2355,2174,2355,https://www.zillow.com/homedetails/667-13th-Avenue-Dr-NE-Hickory-NC-28601/461540370_zpid/,2026-07-14T00:00:00.000Z,Listed for rent,2026-05-18T00:00:00.000Z,Listing removed,2026-04-07T00:00:00.000Z,Listed for sale,,,,,,,,,,,,,,,,,,,,,,,,,,,,,,,,,,,,,,,,,,,,,,,,,,
3,76,/homedetails/2225-Redwood-Benton-AR-72015/52934068_zpid/,FOR_RENT,132000,"2225 Redwood, Benton, AR 72015",2225 Redwood,1950,1758,1950,https://www.zillow.com/homedetails/2225-Redwood-Benton-AR-72015/52934068_zpid/,2026-07-13T00:00:00.000Z,Price change,2026-06-01T00:00:00.000Z,Listed for rent,2025-05-31T00:00:00.000Z,Listing removed,2025-05-17T00:00:00.000Z,Listed for rent,2025-05-16T00:00:00.000Z,Listing removed,2025-04-17T00:00:00.000Z,Listed for rent,2025-04-16T00:00:00.000Z,Listing removed,2024-10-29T00:00:00.000Z,Listed for rent,2023-07-19T00:00:00.000Z,Listing removed,2023-06-20T00:00:00.000Z,Listed for rent,2022-03-04T00:00:00.000Z,Listing removed,2022-02-12T00:00:00.000Z,Listed for rent,2020-08-15T00:00:00.000Z,Listing removed,2020-08-04T00:00:00.000Z,Listed for rent,2019-06-13T00:00:00.000Z,Listing removed,2019-06-04T00:00:00.000Z,Listed for rent,2018-10-16T00:00:00.000Z,Listing removed,2018-08-10T00:00:00.000Z,Price change,2018-08-07T00:00:00.000Z,Listed for rent,2015-07-18T00:00:00.000Z,Listing removed,2015-06-11T00:00:00.000Z,Listed for rent,2014-04-25T00:00:00.000Z,Listing removed,2014-02-22T00:00:00.000Z,Price change,2014-01-21T00:00:00.000Z,Price change,2013-10-18T00:00:00.000Z,Sold,2013-10-14T00:00:00.000Z,Listed for rent,2011-11-01T00:00:00.000Z,Sold,2009-01-13T00:00:00.000Z,Sold
4,2,/homedetails/3264-Sidell-Estates-Dr-Benton-AR-72015/2063496322_zpid/,FOR_RENT,,"3264 Sidell Estates Dr, Benton, AR 72015",3264 Sidell Estates Dr,1795,1652,1795,https://www.zillow.com/homedetails/3264-Sidell-Estates-Dr-Benton-AR-72015/2063496322_zpid/,2026-08-14T00:00:00.000Z,Listed for rent,2022-07-02T00:00:00.000Z,Listing removed,2022-06-10T00:00:00.000Z,Price change,2022-04-28T00:00:00.000Z,Listed for sale,,,,,,,,,,,,,,,,,,,,,,,,,,,,,,,,,,,,,,,,,,,,,,,,
3,40,/homedetails/2919-Gage-Dr-Benton-AR-72019/68021370_zpid/,FOR_RENT,144000,"2919 Gage Dr, Benton, AR 72019",2919 Gage Dr,1495,1310,1495,https://www.zillow.com/homedetails/2919-Gage-Dr-Benton-AR-72019/68021370_zpid/,2026-08-06T00:00:00.000Z,Price change,2026-07-07T00:00:00.000Z,Listed for rent,2026-05-05T00:00:00.000Z,Sold,2021-03-01T00:00:00.000Z,Sold,2013-08-07T00:00:00.000Z,Listing removed,2013-07-25T00:00:00.000Z,Price change,2013-07-15T00:00:00.000Z,Listed for sale,2009-07-28T00:00:00.000Z,Sold,,,,,,,,,,,,,,,,,,,,,,,,,,,,,,,,,,,,,,,,
3,34,/homedetails/512-12th-Ave-NE-Hickory-NC-28601/463832995_zpid/,FOR_RENT,,"512 12th Ave NE, Hickory, NC 28601",512 12th Ave NE,1595,1334,1595,https://www.zillow.com/homedetails/512-12th-Ave-NE-Hickory-NC-28601/463832995_zpid/,2026-07-13T00:00:00.000Z,Listed for rent,,,,,,,,,,,,,,,,,,,,,,,,,,,,,,,,,,,,,,,,,,,,,,,,,,,,,,
4,33,/homedetails/206-Churchill-Dr-Kings-Mountain-NC-28086/336757347_zpid/,FOR_RENT,218000,"206 Churchill Dr, Kings Mountain, NC 28086",206 Churchill Dr,1999,1710,1999,https://www.zillow.com/homedetails/206-Churchill-Dr-Kings-Mountain-NC-28086/336757347_zpid/,2026-08-11T00:00:00.000Z,Price change,2026-08-04T00:00:00.000Z,Price change,2026-07-14T00:00:00.000Z,Listed for rent,2025-08-22T00:00:00.000Z,Listing removed,2025-08-20T00:00:00.000Z,Price change,2025-08-13T00:00:00.000Z,Price change,2025-08-06T00:00:00.000Z,Price change,2025-08-02T00:00:00.000Z,Price change,2025-07-29T00:00:00.000Z,Price change,2025-07-23T00:00:00.000Z,Listed for rent,2025-03-26T00:00:00.000Z,Listing removed,2025-03-26T00:00:00.000Z,Price change,2025-03-19T00:00:00.000Z,Price change,2025-02-26T00:00:00.000Z,Listed for rent,2023-03-17T00:00:00.000Z,Listing removed,2023-03-09T00:00:00.000Z,Price change,2023-03-01T00:00:00.000Z,Price change,2023-01-26T00:00:00.000Z,Price change,2023-01-21T00:00:00.000Z,Price change,2023-01-11T00:00:00.000Z,Listed for rent,2022-11-10T00:00:00.000Z,Sold,2022-10-18T00:00:00.000Z,Pending sale,2020-10-01T00:00:00.000Z,Sold,,,,,,,,,,
3,55,/homedetails/765-8th-Avenue-Dr-SE-Hickory-NC-28602/71963561_zpid/,FOR_RENT,110000,"765 8th Avenue Dr SE, Hickory, NC 28602",765 8th Avenue Dr SE,1795,1463,1795,https://www.zillow.com/homedetails/765-8th-Avenue-Dr-SE-Hickory-NC-28602/71963561_zpid/,2026-06-22T00:00:00.000Z,Listed for rent,2023-05-15T00:00:00.000Z,Listing removed,2023-04-28T00:00:00.000Z,Price change,2023-04-07T00:00:00.000Z,Listed for rent,2023-01-25T00:00:00.000Z,Sold,2013-09-03T00:00:00.000Z,Sold,2006-10-20T00:00:00.000Z,Sold,,,,,,,,,,,,,,,,,,,,,,,,,,,,,,,,,,,,,,,,,,
6,39,/homedetails/755-2nd-Ave-SW-Hickory-NC-28602/71962373_zpid/,FOR_RENT,200000,"755 2nd Ave SW, Hickory, NC 28602",755 2nd Ave SW,3650,2779,3650,https://www.zillow.com/homedetails/755-2nd-Ave-SW-Hickory-NC-28602/71962373_zpid/,2026-07-08T00:00:00.000Z,Listed for rent,2023-10-20T00:00:00.000Z,Sold,2010-10-28T00:00:00.000Z,Sold,2010-09-02T00:00:00.000Z,Price change,2010-05-22T00:00:00.000Z,Listed for sale,,,,,,,,,,,,,,,,,,,,,,,,,,,,,,,,,,,,,,,,,,,,,,
3,63,/homedetails/921-Banner-St-Benton-AR-72015/384140_zpid/,FOR_RENT,16500,"921 Banner St, Benton, AR 72015",921 Banner St,1600,1375,1600,https://www.zillow.com/homedetails/921-Banner-St-Benton-AR-72015/384140_zpid/,2026-06-14T00:00:00.000Z,Listed for rent,2025-12-10T00:00:00.000Z,Listing removed,2025-11-09T00:00:00.000Z,Price change,2025-09-26T00:00:00.000Z,Listed for rent,2025-06-24T00:00:00.000Z,Listing removed,2025-06-10T00:00:00.000Z,Listed for rent,2025-06-09T00:00:00.000Z,Listing removed,2025-03-26T00:00:00.000Z,Listed for sale,2024-01-31T00:00:00.000Z,Sold,2023-03-30T00:00:00.000Z,Sold,2005-10-06T00:00:00.000Z,Sold,,,,,,,,,,,,,,,,,,,,,,,,,,,,,,,,,,
4,24,/homedetails/1339-37th-Avenue-Ln-NE-Hickory-NC-28601/443216841_zpid/,FOR_RENT,,"1339 37th Avenue Ln NE, Hickory, NC 28601",1339 37th Avenue Ln NE,2200,1613,2200,https://www.zillow.com/homedetails/1339-37th-Avenue-Ln-NE-Hickory-NC-28601/443216841_zpid/,2026-07-23T00:00:00.000Z,Listed for rent,2026-02-11T00:00:00.000Z,Listing removed,2026-01-28T00:00:00.000Z,Price change,2026-01-21T00:00:00.000Z,Price change,2026-01-13T00:00:00.000Z,Price change,2025-11-03T00:00:00.000Z,Listed for rent,2025-08-12T00:00:00.000Z,Listing removed,2025-06-24T00:00:00.000Z,Listed for sale,2025-03-30T00:00:00.000Z,Listing removed,2024-12-09T00:00:00.000Z,Listed for sale,,,,,,,,,,,,,,,,,,,,,,,,,,,,,,,,,,,,
3,38,/homedetails/1219-N-Parker-Haskell-St-Benton-AR-72015/392830_zpid/,FOR_RENT,35564,"1219 N Parker Haskell St, Benton, AR 72015",1219 N Parker Haskell St,1500,1680,1500,https://www.zillow.com/homedetails/1219-N-Parker-Haskell-St-Benton-AR-72015/392830_zpid/,2026-08-06T00:00:00.000Z,Price change,2026-07-09T00:00:00.000Z,Listed for rent,2025-12-12T00:00:00.000Z,Listing removed,2025-11-20T00:00:00.000Z,Listed for rent,2025-05-09T00:00:00.000Z,Listing removed,2025-05-04T00:00:00.000Z,Listing removed,2025-04-22T00:00:00.000Z,Price change,2025-04-13T00:00:00.000Z,Listed for rent,2025-03-03T00:00:00.000Z,Price change,2025-02-10T00:00:00.000Z,Price change,2025-02-02T00:00:00.000Z,Listed for sale,2023-09-17T00:00:00.000Z,Listing removed,2023-09-03T00:00:00.000Z,Listed for rent,2023-08-29T00:00:00.000Z,Listing removed,2023-06-16T00:00:00.000Z,Listed for sale,2023-04-17T00:00:00.000Z,Listing removed,2023-03-05T00:00:00.000Z,Price change,2023-02-01T00:00:00.000Z,Listed for sale,2022-05-23T00:00:00.000Z,Listing removed,2022-04-30T00:00:00.000Z,Listed for sale,2022-04-28T00:00:00.000Z,Contingent,2022-04-27T00:00:00.000Z,Price change,2022-03-26T00:00:00.000Z,Listed for sale,2016-02-18T00:00:00.000Z,Sold,2016-01-11T00:00:00.000Z,Listed for sale,2015-09-02T00:00:00.000Z,Sold,2009-08-13T00:00:00.000Z,Sold,2008-05-06T00:00:00.000Z,Sold
3,86,/homedetails/5694-Claridge-Dr-Hickory-NC-28602/71906250_zpid/,FOR_RENT,113500,"5694 Claridge Dr, Hickory, NC 28602",5694 Claridge Dr,2150,2200,2150,https://www.zillow.com/homedetails/5694-Claridge-Dr-Hickory-NC-28602/71906250_zpid/,2026-05-22T00:00:00.000Z,Listed for rent,2024-09-13T00:00:00.000Z,Listing removed,2024-08-02T00:00:00.000Z,Listed for rent,2000-11-03T00:00:00.000Z,Sold,,,,,,,,,,,,,,,,,,,,,,,,,,,,,,,,,,,,,,,,,,,,,,,,
4,73,/homedetails/5813-Heritage-Heights-Dr-Benton-AR-72019/71715692_zpid/,FOR_RENT,199000,"5813 Heritage Heights Dr, Benton, AR 72019",5813 Heritage Heights Dr,1745,1792,1745,https://www.zillow.com/homedetails/5813-Heritage-Heights-Dr-Benton-AR-72019/71715692_zpid/,2026-08-12T00:00:00.000Z,Price change,2026-07-29T00:00:00.000Z,Price change,2026-07-15T00:00:00.000Z,Price change,2026-06-04T00:00:00.000Z,Listed for rent,2024-04-06T00:00:00.000Z,Listing removed,2024-03-28T00:00:00.000Z,Listed for rent,2023-07-05T00:00:00.000Z,Listing removed,2023-06-23T00:00:00.000Z,Listed for rent,2022-05-23T00:00:00.000Z,Listing removed,2022-05-17T00:00:00.000Z,Listed for rent,2022-02-23T00:00:00.000Z,Listing removed,2022-02-04T00:00:00.000Z,Price change,2021-12-21T00:00:00.000Z,Listed for rent,2021-11-17T00:00:00.000Z,Sold,2021-11-12T00:00:00.000Z,Contingent,2021-10-13T00:00:00.000Z,Listed for sale,2016-02-17T00:00:00.000Z,Sold,2014-10-06T00:00:00.000Z,Listing removed,2014-07-21T00:00:00.000Z,Price change,2013-10-18T00:00:00.000Z,Listed for sale,,,,,,,,,,,,,,,,
3,20,/homedetails/13723-Southfork-Dr-Alexander-AR-72002/393770_zpid/,FOR_RENT,135000,"13723 Southfork Dr, Alexander, AR 72002",13723 Southfork Dr,1450,1311,1450,https://www.zillow.com/homedetails/13723-Southfork-Dr-Alexander-AR-72002/393770_zpid/,2026-07-27T00:00:00.000Z,Listed for rent,2026-07-10T00:00:00.000Z,Sold,2021-06-23T00:00:00.000Z,Listing removed,2021-06-18T00:00:00.000Z,Listed for rent,2019-06-13T00:00:00.000Z,Sold,2019-05-31T00:00:00.000Z,Price change,2019-05-30T00:00:00.000Z,Price change,2019-05-25T00:00:00.000Z,Price change,2019-05-23T00:00:00.000Z,Price change,2019-05-20T00:00:00.000Z,Price change,2019-05-17T00:00:00.000Z,Price change,2019-05-16T00:00:00.000Z,Price change,2019-05-15T00:00:00.000Z,Price change,2019-05-12T00:00:00.000Z,Price change,2019-05-10T00:00:00.000Z,Price change,2019-05-09T00:00:00.000Z,Price change,2019-05-07T00:00:00.000Z,Price change,2019-05-05T00:00:00.000Z,Price change,2019-05-02T00:00:00.000Z,Price change,2019-02-11T00:00:00.000Z,Price change,2019-01-15T00:00:00.000Z,Listed for sale,,,,,,,,,,,,,,
3,2,/homedetails/721-S-Richards-Benton-AR-72015/389133_zpid/,FOR_RENT,29900,"721 S Richards, Benton, AR 72015",721 S Richards,1650,1544,1650,https://www.zillow.com/homedetails/721-S-Richards-Benton-AR-72015/389133_zpid/,2026-08-14T00:00:00.000Z,Listed for rent,2026-08-07T00:00:00.000Z,Listing removed,2026-08-03T00:00:00.000Z,Price change,2026-07-22T00:00:00.000Z,Listed for rent,2023-07-28T00:00:00.000Z,Sold,2023-07-09T00:00:00.000Z,Contingent,2023-06-29T00:00:00.000Z,Listed for sale,,,,,,,,,,,,,,,,,,,,,,,,,,,,,,,,,,,,,,,,,,
4,34,/homedetails/1423-Mammoth-Rd-Hickory-NC-28602/461722831_zpid/,FOR_RENT,,"1423 Mammoth Rd, Hickory, NC 28602",1423 Mammoth Rd,2195,1927,2195,https://www.zillow.com/homedetails/1423-Mammoth-Rd-Hickory-NC-28602/461722831_zpid/,2026-07-14T00:00:00.000Z,Listed for rent,2026-05-26T00:00:00.000Z,Listing removed,2026-05-19T00:00:00.000Z,Price change,2026-04-15T00:00:00.000Z,Listed for sale,,,,,,,,,,,,,,,,,,,,,,,,,,,,,,,,,,,,,,,,,,,,,,,,
3,128,/homedetails/2305-Coraltree-Dr-Bryant-AR-72022/391471_zpid/,RECENTLY_SOLD,179000,"2305 Coraltree Dr, Bryant, AR 72022",2305 Coraltree Dr,179000,1583,179000,https://www.zillow.com/homedetails/2305-Coraltree-Dr-Bryant-AR-72022/391471_zpid/,2026-07-27T00:00:00.000Z,Listing removed,2026-07-21T00:00:00.000Z,Listed for rent,2026-06-10T00:00:00.000Z,Listing removed,2026-05-27T00:00:00.000Z,Listed for rent,2026-04-10T00:00:00.000Z,Sold,2026-03-28T00:00:00.000Z,Contingent,2026-03-25T00:00:00.000Z,Listed for sale,,,,,,,,,,,,,,,,,,,,,,,,,,,,,,,,,,,,,,,,,,
3,95,/homedetails/3153-Stonewall-Dr-Benton-AR-72015/92431831_zpid/,FOR_RENT,420000,"3153 Stonewall Dr, Benton, AR 72015",3153 Stonewall Dr,2099,2104,2099,https://www.zillow.com/homedetails/3153-Stonewall-Dr-Benton-AR-72015/92431831_zpid/,2026-06-17T00:00:00.000Z,Price change,2026-05-13T00:00:00.000Z,Listed for rent,2026-02-02T00:00:00.000Z,Listing removed,2025-11-17T00:00:00.000Z,Listed for rent,2023-06-16T00:00:00.000Z,Listing removed,2023-05-24T00:00:00.000Z,Listed for rent,2008-10-03T00:00:00.000Z,Sold,2007-07-18T00:00:00.000Z,Sold,2007-03-01T00:00:00.000Z,Sold,,,,,,,,,,,,,,,,,,,,,,,,,,,,,,,,,,,,,,
4,13,/homedetails/1031-20th-Avenue-Loop-SE-Hickory-NC-28602/447124343_zpid/,FOR_RENT,,"1031 20th Avenue Loop SE, Hickory, NC 28602",1031 20th Avenue Loop SE,1995,1613,1995,https://www.zillow.com/homedetails/1031-20th-Avenue-Loop-SE-Hickory-NC-28602/447124343_zpid/,2026-08-03T00:00:00.000Z,Listed for rent,2025-06-21T00:00:00.000Z,Listing removed,2025-05-22T00:00:00.000Z,Listed for rent,2025-04-17T00:00:00.000Z,Listing removed,2025-04-15T00:00:00.000Z,Price change,2025-02-07T00:00:00.000Z,Listed for sale,,,,,,,,,,,,,,,,,,,,,,,,,,,,,,,,,,,,,,,,,,,,
4,2,/homedetails/5719-Heritage-Heights-Dr-Benton-AR-72019/71715729_zpid/,FOR_RENT,22000,"5719 Heritage Heights Dr, Benton, AR 72019",5719 Heritage Heights Dr,1800,1650,1800,https://www.zillow.com/homedetails/5719-Heritage-Heights-Dr-Benton-AR-72019/71715729_zpid/,2026-08-14T00:00:00.000Z,Listed for rent,2025-04-01T00:00:00.000Z,Listing removed,2025-03-06T00:00:00.000Z,Listed for rent,2023-10-30T00:00:00.000Z,Listing removed,2023-10-23T00:00:00.000Z,Listed for rent,2022-10-27T00:00:00.000Z,Listing removed,2022-09-26T00:00:00.000Z,Price change,2022-08-22T00:00:00.000Z,Listed for rent,2021-03-24T00:00:00.000Z,Listing removed,2018-08-04T00:00:00.000Z,Listing removed,2018-07-30T00:00:00.000Z,Listed for rent,2017-02-19T00:00:00.000Z,Listing removed,2017-02-06T00:00:00.000Z,Listed for rent,2016-10-28T00:00:00.000Z,Listing removed,2014-04-08T00:00:00.000Z,Listing removed,2014-03-29T00:00:00.000Z,Listed for rent,2013-01-05T00:00:00.000Z,Listing removed,2012-10-26T00:00:00.000Z,Listed for sale,2012-10-26T00:00:00.000Z,Listing removed,2012-10-07T00:00:00.000Z,Listed for rent,2010-03-24T00:00:00.000Z,Sold,,,,,,,,,,,,,,
4,3,/homedetails/1359-37th-Avenue-Ln-NE-Hickory-NC-28601/455923523_zpid/,FOR_RENT,,"1359 37th Avenue Ln NE, Hickory, NC 28601",1359 37th Avenue Ln NE,2300,1927,2300,https://www.zillow.com/homedetails/1359-37th-Avenue-Ln-NE-Hickory-NC-28601/455923523_zpid/,2026-08-13T00:00:00.000Z,Listed for rent,2025-10-07T00:00:00.000Z,Listing removed,2025-09-16T00:00:00.000Z,Price change,2025-08-13T00:00:00.000Z,Listed for rent,,,,,,,,,,,,,,,,,,,,,,,,,,,,,,,,,,,,,,,,,,,,,,,,
3,33,/homedetails/1298-Ridge-Rd-Benton-AR-72015/114166758_zpid/,FOR_RENT,,"1298 Ridge Rd, Benton, AR 72015",1298 Ridge Rd,1145,1108,1145,https://www.zillow.com/homedetails/1298-Ridge-Rd-Benton-AR-72015/114166758_zpid/,2026-08-13T00:00:00.000Z,Price change,2026-08-06T00:00:00.000Z,Price change,2026-07-14T00:00:00.000Z,Listed for rent,2022-10-07T00:00:00.000Z,Listing removed,2022-09-22T00:00:00.000Z,Listed for rent,2021-09-20T00:00:00.000Z,Listing removed,2021-08-20T00:00:00.000Z,Listed for rent,,,,,,,,,,,,,,,,,,,,,,,,,,,,,,,,,,,,,,,,,,
3,61,/homedetails/13996-Pine-Glen-Cv-Alexander-AR-72002/92431875_zpid/,FOR_RENT,179000,"13996 Pine Glen Cv, Alexander, AR 72002",13996 Pine Glen Cv,1595,1400,1595,https://www.zillow.com/homedetails/13996-Pine-Glen-Cv-Alexander-AR-72002/92431875_zpid/,2026-06-17T00:00:00.000Z,Listed for rent,2023-06-14T00:00:00.000Z,Listing removed,2023-05-31T00:00:00.000Z,Listed for rent,2023-03-15T00:00:00.000Z,Sold,2022-11-15T00:00:00.000Z,Listed for sale,2011-05-15T00:00:00.000Z,Listing removed,2011-01-31T00:00:00.000Z,Pending sale,2010-12-27T00:00:00.000Z,Price change,2010-11-20T00:00:00.000Z,Pending sale,2010-10-29T00:00:00.000Z,Price change,2010-09-18T00:00:00.000Z,Price change,2010-09-11T00:00:00.000Z,Listed for sale,2008-02-05T00:00:00.000Z,Sold,,,,,,,,,,,,,,,,,,,,,,,,,,,,,,
4,17,/homedetails/1342-37th-Avenue-Ln-NE-Hickory-NC-28601/453027689_zpid/,FOR_RENT,,"1342 37th Avenue Ln NE, Hickory, NC 28601",1342 37th Avenue Ln NE,2350,1927,2350,https://www.zillow.com/homedetails/1342-37th-Avenue-Ln-NE-Hickory-NC-28601/453027689_zpid/,2026-07-30T00:00:00.000Z,Listed for rent,2025-08-12T00:00:00.000Z,Listing removed,2025-07-31T00:00:00.000Z,Listed for rent,2025-06-14T00:00:00.000Z,Listing removed,2025-06-07T00:00:00.000Z,Listed for sale,,,,,,,,,,,,,,,,,,,,,,,,,,,,,,,,,,,,,,,,,,,,,,
5,12,/homedetails/1330-37th-Avenue-Ln-NE-Hickory-NC-28601/452771842_zpid/,FOR_RENT,330000,"1330 37th Avenue Ln NE, Hickory, NC 28601",1330 37th Avenue Ln NE,2700,2368,2700,https://www.zillow.com/homedetails/1330-37th-Avenue-Ln-NE-Hickory-NC-28601/452771842_zpid/,2026-08-04T00:00:00.000Z,Listed for rent,2025-09-16T00:00:00.000Z,Sold,2025-06-09T00:00:00.000Z,Pending sale,2025-06-04T00:00:00.000Z,Price change,2025-05-31T00:00:00.000Z,Listed for sale,,,,,,,,,,,,,,,,,,,,,,,,,,,,,,,,,,,,,,,,,,,,,,
4,13,/homedetails/6056-Orange-Valley-Cv-Mabelvale-AR-72103/463591455_zpid/,FOR_RENT,,"6056 Orange Valley Cv, Mabelvale, AR 72103",6056 Orange Valley Cv,1675,1537,1675,https://www.zillow.com/homedetails/6056-Orange-Valley-Cv-Mabelvale-AR-72103/463591455_zpid/,2026-07-01T00:00:00.000Z,Listed for rent,,,,,,,,,,,,,,,,,,,,,,,,,,,,,,,,,,,,,,,,,,,,,,,,,,,,,,
3,10,/homedetails/6049-Orange-Valley-Cv-Alexander-AR-72002/2083908811_zpid/,FOR_RENT,,"6049 Orange Valley Cv, Alexander, AR 72002",6049 Orange Valley Cv,1550,1340,1550,https://www.zillow.com/homedetails/6049-Orange-Valley-Cv-Alexander-AR-72002/2083908811_zpid/,2026-08-11T00:00:00.000Z,Price change,2026-08-06T00:00:00.000Z,Listed for rent,2026-07-08T00:00:00.000Z,Listing removed,2026-06-03T00:00:00.000Z,Listed for rent,2023-03-22T00:00:00.000Z,Listing removed,2023-03-07T00:00:00.000Z,Price change,2023-02-15T00:00:00.000Z,Listed for rent,2019-07-09T00:00:00.000Z,Listing removed,2019-06-24T00:00:00.000Z,Price change,2019-06-19T00:00:00.000Z,Listed for rent,,,,,,,,,,,,,,,,,,,,,,,,,,,,,,,,,,,,
3,24,/homedetails/3562-Terrace-Hill-Ct-Benton-AR-72019/247594484_zpid/,FOR_RENT,122580,"3562 Terrace Hill Ct, Benton, AR 72019",3562 Terrace Hill Ct,1500,,1500,https://www.zillow.com/homedetails/3562-Terrace-Hill-Ct-Benton-AR-72019/247594484_zpid/,2026-07-23T00:00:00.000Z,Listed for rent,2023-06-22T00:00:00.000Z,Listing removed,2023-06-11T00:00:00.000Z,Listed for rent,2022-05-05T00:00:00.000Z,Listing removed,2022-04-19T00:00:00.000Z,Listed for rent,2022-03-04T00:00:00.000Z,Sold,,,,,,,,,,,,,,,,,,,,,,,,,,,,,,,,,,,,,,,,,,,,
3,12,/homedetails/1928-36th-Ave-NE-Hickory-NC-28601/71548772_zpid/,FOR_RENT,206146,"1928 36th Ave NE, Hickory, NC 28601",1928 36th Ave NE,1900,,1900,https://www.zillow.com/homedetails/1928-36th-Ave-NE-Hickory-NC-28601/71548772_zpid/,2026-08-04T00:00:00.000Z,Listed for rent,2023-06-02T00:00:00.000Z,Sold,2023-05-10T00:00:00.000Z,Pending sale,,,,,,,,,,,,,,,,,,,,,,,,,,,,,,,,,,,,,,,,,,,,,,,,,,
3,7,/homedetails/1021-Spangle-St-Benton-AR-72015/68020664_zpid/,FOR_RENT,87000,"1021 Spangle St, Benton, AR 72015",1021 Spangle St,1650,1300,1650,https://www.zillow.com/homedetails/1021-Spangle-St-Benton-AR-72015/68020664_zpid/,2026-08-09T00:00:00.000Z,Listed for rent,2004-12-29T00:00:00.000Z,Sold,,,,,,,,,,,,,,,,,,,,,,,,,,,,,,,,,,,,,,,,,,,,,,,,,,,,
3,131,/homedetails/3225-Jean-Cv-Alexander-AR-72002/378862_zpid/,FOR_RENT,,"3225 Jean Cv, Alexander, AR 72002",3225 Jean Cv,2600,2827,2600,https://www.zillow.com/homedetails/3225-Jean-Cv-Alexander-AR-72002/378862_zpid/,2026-07-27T00:00:00.000Z,Price change,2026-04-07T00:00:00.000Z,Listed for rent,,,,,,,,,,,,,,,,,,,,,,,,,,,,,,,,,,,,,,,,,,,,,,,,,,,,
4,53,/homedetails/1088-Huntington-Dr-Benton-AR-72019/2062453392_zpid/,FOR_RENT,,"1088 Huntington Dr, Benton, AR 72019",1088 Huntington Dr,1595,1640,1595,https://www.zillow.com/homedetails/1088-Huntington-Dr-Benton-AR-72019/2062453392_zpid/,2026-07-23T00:00:00.000Z,Price change,2026-06-25T00:00:00.000Z,Listed for rent,2022-12-30T00:00:00.000Z,Listing removed,2022-12-14T00:00:00.000Z,Price change,2022-11-22T00:00:00.000Z,Price change,2022-10-26T00:00:00.000Z,Listed for rent,2022-09-10T00:00:00.000Z,Listing removed,2022-08-23T00:00:00.000Z,Price change,2022-08-02T00:00:00.000Z,Price change,2022-07-25T00:00:00.000Z,Price change,2022-07-12T00:00:00.000Z,Price change,2022-07-08T00:00:00.000Z,Listed for sale,,,,,,,,,,,,,,,,,,,,,,,,,,,,,,,,
4,4,/homedetails/109-Baltusrol-Dr-Benton-AR-72015/2059993935_zpid/,FOR_RENT,,"109 Baltusrol Dr, Benton, AR 72015",109 Baltusrol Dr,1775,1750,1775,https://www.zillow.com/homedetails/109-Baltusrol-Dr-Benton-AR-72015/2059993935_zpid/,2026-08-12T00:00:00.000Z,Listed for rent,2024-08-02T00:00:00.000Z,Listing removed,2024-08-01T00:00:00.000Z,Price change,2024-07-03T00:00:00.000Z,Listed for rent,2023-01-26T00:00:00.000Z,Listing removed,2023-01-19T00:00:00.000Z,Listed for rent,,,,,,,,,,,,,,,,,,,,,,,,,,,,,,,,,,,,,,,,,,,,
3,68,/homedetails/3006-Hilldale-Rd-Alexander-AR-72002/368446_zpid/,FOR_RENT,210000,"3006 Hilldale Rd, Alexander, AR 72002",3006 Hilldale Rd,1795,1960,1795,https://www.zillow.com/homedetails/3006-Hilldale-Rd-Alexander-AR-72002/368446_zpid/,2026-08-12T00:00:00.000Z,Price change,2026-07-29T00:00:00.000Z,Price change,2026-06-09T00:00:00.000Z,Listed for rent,2025-05-30T00:00:00.000Z,Listing removed,2025-04-23T00:00:00.000Z,Price change,2025-03-15T00:00:00.000Z,Listed for rent,2024-11-06T00:00:00.000Z,Listing removed,2024-10-24T00:00:00.000Z,Price change,2024-10-16T00:00:00.000Z,Price change,2024-10-10T00:00:00.000Z,Listed for rent,2024-10-01T00:00:00.000Z,Listing removed,2024-09-25T00:00:00.000Z,Price change,2024-09-24T00:00:00.000Z,Listed for rent,2024-05-21T00:00:00.000Z,Listing removed,2024-05-13T00:00:00.000Z,Price change,2024-05-10T00:00:00.000Z,Price change,2024-05-09T00:00:00.000Z,Price change,2024-05-02T00:00:00.000Z,Price change,2024-05-01T00:00:00.000Z,Price change,2024-04-25T00:00:00.000Z,Price change,2024-04-02T00:00:00.000Z,Listed for rent,2024-01-08T00:00:00.000Z,Listing removed,2023-10-01T00:00:00.000Z,Price change,2023-08-19T00:00:00.000Z,Price change,2023-08-02T00:00:00.000Z,Listed for sale,2021-06-21T00:00:00.000Z,Sold,2017-02-15T00:00:00.000Z,Sold,,
3,34,/homedetails/918-Cedar-Haskell-St-Haskell-AR-72015/61187359_zpid/,FOR_RENT,,"918 Cedar Haskell St, Haskell, AR 72015",918 Cedar Haskell St,1150,1088,1150,https://www.zillow.com/homedetails/918-Cedar-Haskell-St-Haskell-AR-72015/61187359_zpid/,2026-07-13T00:00:00.000Z,Listed for rent,,,,,,,,,,,,,,,,,,,,,,,,,,,,,,,,,,,,,,,,,,,,,,,,,,,,,,
4,35,/homedetails/13824-Joan-Dr-Shannon-Hills-AR-72103/393598_zpid/,FOR_RENT,59000,"13824 Joan Dr, Shannon Hills, AR 72103",13824 Joan Dr,1400,1200,1400,https://www.zillow.com/homedetails/13824-Joan-Dr-Shannon-Hills-AR-72103/393598_zpid/,2026-07-12T00:00:00.000Z,Listed for rent,2019-03-19T00:00:00.000Z,Listing removed,2018-09-14T00:00:00.000Z,Listed for rent,2018-09-13T00:00:00.000Z,Sold,2018-07-24T00:00:00.000Z,Price change,2018-07-04T00:00:00.000Z,Listed for sale,,,,,,,,,,,,,,,,,,,,,,,,,,,,,,,,,,,,,,,,,,,,
3,11,/homedetails/60-Parkview-Dr-Cabot-AR-72023/255734_zpid/,FOR_RENT,135000,"60 Parkview Dr, Cabot, AR 72023",60 Parkview Dr,1375,1475,1375,https://www.zillow.com/homedetails/60-Parkview-Dr-Cabot-AR-72023/255734_zpid/,2026-08-05T00:00:00.000Z,Listed for rent,2025-06-11T00:00:00.000Z,Listing removed,2025-06-10T00:00:00.000Z,Listed for rent,2025-06-09T00:00:00.000Z,Listing removed,2025-05-09T00:00:00.000Z,Listed for rent,2023-04-19T00:00:00.000Z,Listing removed,2023-04-06T00:00:00.000Z,Listed for rent,2022-08-24T00:00:00.000Z,Listing removed,2022-08-03T00:00:00.000Z,Listed for rent,2022-06-28T00:00:00.000Z,Sold,2017-04-01T00:00:00.000Z,Listing removed,2017-02-26T00:00:00.000Z,Listed for rent,2013-07-08T00:00:00.000Z,Sold,2010-01-05T00:00:00.000Z,Sold,2009-01-20T00:00:00.000Z,Listing removed,2008-09-29T00:00:00.000Z,Listed for sale,,,,,,,,,,,,,,,,,,,,,,,,
3,61,/homedetails/106-10th-Ave-SE-Hickory-NC-28602/463282226_zpid/,FOR_RENT,,"106 10th Ave SE, Hickory, NC 28602",106 10th Ave SE,1595,1333,1595,https://www.zillow.com/homedetails/106-10th-Ave-SE-Hickory-NC-28602/463282226_zpid/,2026-06-16T00:00:00.000Z,Listed for rent,,,,,,,,,,,,,,,,,,,,,,,,,,,,,,,,,,,,,,,,,,,,,,,,,,,,,,
4,53,/homedetails/4521-Western-Woods-Dr-Benton-AR-72015/2057974580_zpid/,FOR_RENT,313100,"4521 Western Woods Dr, Benton, AR 72015",4521 Western Woods Dr,1895,1843,1895,https://www.zillow.com/homedetails/4521-Western-Woods-Dr-Benton-AR-72015/2057974580_zpid/,2026-08-13T00:00:00.000Z,Price change,2026-06-25T00:00:00.000Z,Listed for rent,2023-05-03T00:00:00.000Z,Listing removed,2023-04-24T00:00:00.000Z,Price change,2023-04-22T00:00:00.000Z,Listed for rent,2023-03-31T00:00:00.000Z,Sold,,,,,,,,,,,,,,,,,,,,,,,,,,,,,,,,,,,,,,,,,,,,
4,6,/homedetails/9207-Pleasant-Valley-Dr-Alexander-AR-72002/305110248_zpid/,FOR_RENT,,"9207 Pleasant Valley Dr, Alexander, AR 72002",9207 Pleasant Valley Dr,1695,1476,1695,https://www.zillow.com/homedetails/9207-Pleasant-Valley-Dr-Alexander-AR-72002/305110248_zpid/,2026-07-09T00:00:00.000Z,Listed for rent,2026-06-26T00:00:00.000Z,Listing removed,2026-06-18T00:00:00.000Z,Listed for rent,2023-10-30T00:00:00.000Z,Listing removed,2023-10-26T00:00:00.000Z,Listed for rent,,,,,,,,,,,,,,,,,,,,,,,,,,,,,,,,,,,,,,,,,,,,,,
3,331,/homedetails/14025-Cottontail-Ln-Alexander-AR-72002/52934775_zpid/,FOR_RENT,120000,"14025 Cottontail Ln, Alexander, AR 72002",14025 Cottontail Ln,1595,1224,1595,https://www.zillow.com/homedetails/14025-Cottontail-Ln-Alexander-AR-72002/52934775_zpid/,2026-06-24T00:00:00.000Z,Listing removed,2026-02-15T00:00:00.000Z,Listed for sale,2025-09-20T00:00:00.000Z,Listed for rent,2025-07-01T00:00:00.000Z,Sold,2022-04-20T00:00:00.000Z,Sold,2005-05-09T00:00:00.000Z,Sold,,,,,,,,,,,,,,,,,,,,,,,,,,,,,,,,,,,,,,,,,,,,
3,30,/homedetails/623-Dyer-Cir-Benton-AR-72015/386376_zpid/,FOR_RENT,87000,"623 Dyer Cir, Benton, AR 72015",623 Dyer Cir,1995,2053,1995,https://www.zillow.com/homedetails/623-Dyer-Cir-Benton-AR-72015/386376_zpid/,2026-07-27T00:00:00.000Z,Price change,2026-07-17T00:00:00.000Z,Listed for rent,2004-07-02T00:00:00.000Z,Sold,,,,,,,,,,,,,,,,,,,,,,,,,,,,,,,,,,,,,,,,,,,,,,,,,,
3,32,/homedetails/53-Dunnaway-Dr-Austin-AR-72007/2056813469_zpid/,FOR_RENT,195000,"53 Dunnaway Dr, Austin, AR 72007",53 Dunnaway Dr,1600,1403,1600,https://www.zillow.com/homedetails/53-Dunnaway-Dr-Austin-AR-72007/2056813469_zpid/,2026-07-16T00:00:00.000Z,Listed for rent,2025-09-03T00:00:00.000Z,Listing removed,2025-09-02T00:00:00.000Z,Listing removed,2025-07-29T00:00:00.000Z,Listed for rent,2025-06-14T00:00:00.000Z,Listed for sale,2023-10-13T00:00:00.000Z,Sold,2023-09-06T00:00:00.000Z,Contingent,2023-07-15T00:00:00.000Z,Listed for sale,,,,,,,,,,,,,,,,,,,,,,,,,,,,,,,,,,,,,,,,
4,10,/homedetails/148-Kelton-Dr-Hensley-AR-72065/464384218_zpid/,FOR_RENT,,"148 Kelton Dr, Hensley, AR 72065",148 Kelton Dr,2200,1907,2200,https://www.zillow.com/homedetails/148-Kelton-Dr-Hensley-AR-72065/464384218_zpid/,2026-08-07T00:00:00.000Z,Listed for rent,,,,,,,,,,,,,,,,,,,,,,,,,,,,,,,,,,,,,,,,,,,,,,,,,,,,,,
3,68,/homedetails/104-10th-Ave-SE-Hickory-NC-28602/71959215_zpid/,FOR_RENT,420000,"104 10th Ave SE, Hickory, NC 28602",104 10th Ave SE,1595,1333,1595,https://www.zillow.com/homedetails/104-10th-Ave-SE-Hickory-NC-28602/71959215_zpid/,2026-06-09T00:00:00.000Z,Listed for rent,2025-12-17T00:00:00.000Z,Sold,2025-10-09T00:00:00.000Z,Listed for sale,2024-12-30T00:00:00.000Z,Sold,2024-11-05T00:00:00.000Z,Listed for sale,2015-02-28T00:00:00.000Z,Listing removed,2015-02-20T00:00:00.000Z,Price change,2015-02-04T00:00:00.000Z,Listed for sale,,,,,,,,,,,,,,,,,,,,,,,,,,,,,,,,,,,,,,,,
3,1,/homedetails/7171-Corrigan-Rd-Mabelvale-AR-72103/464589349_zpid/,FOR_RENT,,"7171 Corrigan Rd, Mabelvale, AR 72103",7171 Corrigan Rd,1000,910,1000,https://www.zillow.com/homedetails/7171-Corrigan-Rd-Mabelvale-AR-72103/464589349_zpid/,2026-08-15T00:00:00.000Z,Listed for rent,,,,,,,,,,,,,,,,,,,,,,,,,,,,,,,,,,,,,,,,,,,,,,,,,,,,,,
3,37,/homedetails/127-Rachel-Cv-Haskell-AR-72015/92428814_zpid/,FOR_RENT,,"127 Rachel Cv, Haskell, AR 72015",127 Rachel Cv,1200,1456,1200,https://www.zillow.com/homedetails/127-Rachel-Cv-Haskell-AR-72015/92428814_zpid/,2026-07-10T00:00:00.000Z,Listed for rent,2025-01-29T00:00:00.000Z,Listing removed,2025-01-07T00:00:00.000Z,Listed for rent,2024-12-13T00:00:00.000Z,Listing removed,2024-10-22T00:00:00.000Z,Listed for rent,,,,,,,,,,,,,,,,,,,,,,,,,,,,,,,,,,,,,,,,,,,,,,
4,6,/homedetails/153-Harwill-Hensley-AR-72065/2082362397_zpid/,FOR_RENT,,"153 Harwill, Hensley, AR 72065",153 Harwill,2500,2359,2500,https://www.zillow.com/homedetails/153-Harwill-Hensley-AR-72065/2082362397_zpid/,2026-08-10T00:00:00.000Z,Listed for rent,2025-08-04T00:00:00.000Z,Listing removed,2025-07-01T00:00:00.000Z,Listed for rent,2025-06-30T00:00:00.000Z,Listing removed,2025-06-09T00:00:00.000Z,Listed for rent,2019-11-13T00:00:00.000Z,Listing removed,2019-10-15T00:00:00.000Z,Listed for rent,,,,,,,,,,,,,,,,,,,,,,,,,,,,,,,,,,,,,,,,,,
3,66,/homedetails/2110-24th-St-NE-Hickory-NC-28601/71911952_zpid/,FOR_RENT,100000,"2110 24th St NE, Hickory, NC 28601",2110 24th St NE,1700,1248,1700,https://www.zillow.com/homedetails/2110-24th-St-NE-Hickory-NC-28601/71911952_zpid/,2026-05-13T00:00:00.000Z,Price change,2026-02-27T00:00:00.000Z,Listed for rent,1994-09-01T00:00:00.000Z,Sold,,,,,,,,,,,,,,,,,,,,,,,,,,,,,,,,,,,,,,,,,,,,,,,,,,
3,17,/homedetails/1266-18th-St-NE-Hickory-NC-28601/71903862_zpid/,FOR_RENT,225000,"1266 18th St NE, Hickory, NC 28601",1266 18th St NE,1800,1288,1800,https://www.zillow.com/homedetails/1266-18th-St-NE-Hickory-NC-28601/71903862_zpid/,2026-07-30T00:00:00.000Z,Listed for rent,2025-10-07T00:00:00.000Z,Listing removed,2025-08-27T00:00:00.000Z,Listed for rent,2025-08-22T00:00:00.000Z,Sold,2025-07-23T00:00:00.000Z,Price change,2025-07-09T00:00:00.000Z,Price change,2025-06-27T00:00:00.000Z,Price change,2025-06-06T00:00:00.000Z,Price change,2025-06-02T00:00:00.000Z,Listed for sale,2023-04-19T00:00:00.000Z,Sold,2023-03-20T00:00:00.000Z,Pending sale,2023-03-18T00:00:00.000Z,Price change,2023-03-08T00:00:00.000Z,Price change,2023-02-21T00:00:00.000Z,Price change,2023-02-10T00:00:00.000Z,Listed for sale,,,,,,,,,,,,,,,,,,,,,,,,,,
3,0,/homedetails/13-Meadowbrook-Dr-Conway-AR-72032/236796_zpid/,FOR_RENT,256500,"13 Meadowbrook Dr, Conway, AR 72032",13 Meadowbrook Dr,1300,1196,1300,https://www.zillow.com/homedetails/13-Meadowbrook-Dr-Conway-AR-72032/236796_zpid/,2026-08-16T00:00:00.000Z,Listed for rent,2021-10-23T00:00:00.000Z,Listing removed,2021-10-15T00:00:00.000Z,Listed for rent,2020-08-27T00:00:00.000Z,Listing removed,2020-08-15T00:00:00.000Z,Listed for rent,2017-04-23T00:00:00.000Z,Listing removed,2017-04-06T00:00:00.000Z,Listed for rent,2014-11-26T00:00:00.000Z,Sold,2014-09-11T00:00:00.000Z,Sold,2014-08-11T00:00:00.000Z,Listing removed,2014-07-25T00:00:00.000Z,Listed for rent,2001-11-05T00:00:00.000Z,Sold,1999-07-01T00:00:00.000Z,Sold,,,,,,,,,,,,,,,,,,,,,,,,,,,,,,
3,164,/homedetails/3123-Lori-Lake-Rd-Benton-AR-72019/453026788_zpid/,FOR_RENT,,"3123 Lori Lake Rd, Benton, AR 72019",3123 Lori Lake Rd,1000,1280,1000,https://www.zillow.com/homedetails/3123-Lori-Lake-Rd-Benton-AR-72019/453026788_zpid/,2025-06-07T00:00:00.000Z,Listed for rent,,,,,,,,,,,,,,,,,,,,,,,,,,,,,,,,,,,,,,,,,,,,,,,,,,,,,,
3,10,/homedetails/211-Rodney-Guthrie-Dr-Cabot-AR-72023/256835_zpid/,FOR_RENT,155000,"211 Rodney Guthrie Dr, Cabot, AR 72023",211 Rodney Guthrie Dr,1345,1268,1345,https://www.zillow.com/homedetails/211-Rodney-Guthrie-Dr-Cabot-AR-72023/256835_zpid/,2026-08-06T00:00:00.000Z,Listed for rent,2025-09-22T00:00:00.000Z,Listing removed,2025-08-26T00:00:00.000Z,Price change,2025-07-29T00:00:00.000Z,Listed for rent,2023-07-27T00:00:00.000Z,Listing removed,2023-07-06T00:00:00.000Z,Listed for rent,2022-03-10T00:00:00.000Z,Sold,2022-01-31T00:00:00.000Z,Listed for sale,2019-09-20T00:00:00.000Z,Sold,2019-09-11T00:00:00.000Z,Listed for sale,2019-08-26T00:00:00.000Z,Pending sale,2019-08-13T00:00:00.000Z,Price change,2019-05-31T00:00:00.000Z,Price change,2019-03-17T00:00:00.000Z,Listed for sale,2017-02-23T00:00:00.000Z,Listing removed,2017-01-02T00:00:00.000Z,Price change,2016-07-05T00:00:00.000Z,Listed for sale,2016-06-27T00:00:00.000Z,Sold,2015-11-21T00:00:00.000Z,Listed for sale,2014-09-16T00:00:00.000Z,Sold,,,,,,,,,,,,,,,,
3,5,/homedetails/2517-Garden-Dr-Benton-AR-72015/348624677_zpid/,FOR_RENT,,"2517 Garden Dr, Benton, AR 72015",2517 Garden Dr,1850,1685,1850,https://www.zillow.com/homedetails/2517-Garden-Dr-Benton-AR-72015/348624677_zpid/,2026-08-11T00:00:00.000Z,Listed for rent,2024-05-09T00:00:00.000Z,Listing removed,2024-04-26T00:00:00.000Z,Listed for rent,,,,,,,,,,,,,,,,,,,,,,,,,,,,,,,,,,,,,,,,,,,,,,,,,,
4,24,/homedetails/5318-Charles-Ct-Bryant-AR-72022/82280503_zpid/,FOR_RENT,350000,"5318 Charles Ct, Bryant, AR 72022",5318 Charles Ct,3500,2651,3500,https://www.zillow.com/homedetails/5318-Charles-Ct-Bryant-AR-72022/82280503_zpid/,2026-07-23T00:00:00.000Z,Listed for rent,2026-07-10T00:00:00.000Z,Listing removed,2026-06-05T00:00:00.000Z,Listed for rent,2025-09-23T00:00:00.000Z,Sold,2025-08-14T00:00:00.000Z,Price change,2025-08-01T00:00:00.000Z,Listed for sale,2011-07-22T00:00:00.000Z,Sold,2011-05-14T00:00:00.000Z,Listed for sale,2009-10-27T00:00:00.000Z,Sold,2009-06-09T00:00:00.000Z,Sold,,,,,,,,,,,,,,,,,,,,,,,,,,,,,,,,,,,,
3,16,/homedetails/102-Rosebud-Cir-Cabot-AR-72023/63160774_zpid/,FOR_RENT,199000,"102 Rosebud Cir, Cabot, AR 72023",102 Rosebud Cir,1450,1277,1450,https://www.zillow.com/homedetails/102-Rosebud-Cir-Cabot-AR-72023/63160774_zpid/,2026-07-31T00:00:00.000Z,Listed for rent,2024-10-10T00:00:00.000Z,Listing removed,2024-10-09T00:00:00.000Z,Price change,2024-09-26T00:00:00.000Z,Listed for rent,2024-08-23T00:00:00.000Z,Sold,2024-07-15T00:00:00.000Z,Listed for sale,2019-02-08T00:00:00.000Z,Sold,2019-01-11T00:00:00.000Z,Pending sale,2018-12-01T00:00:00.000Z,Price change,2018-09-22T00:00:00.000Z,Price change,2018-08-05T00:00:00.000Z,Listed for sale,,,,,,,,,,,,,,,,,,,,,,,,,,,,,,,,,,
3,47,/homedetails/118-E-Elm-Haskell-St-Benton-AR-72015/2061131914_zpid/,FOR_RENT,,"118 E Elm Haskell St, Benton, AR 72015",118 E Elm Haskell St,1200,1300,1200,https://www.zillow.com/homedetails/118-E-Elm-Haskell-St-Benton-AR-72015/2061131914_zpid/,2026-06-30T00:00:00.000Z,Listed for rent,2025-05-19T00:00:00.000Z,Listing removed,2025-05-02T00:00:00.000Z,Listed for rent,2023-07-05T00:00:00.000Z,Listing removed,2023-06-15T00:00:00.000Z,Listed for rent,2022-10-20T00:00:00.000Z,Listing removed,2022-10-14T00:00:00.000Z,Listed for rent,,,,,,,,,,,,,,,,,,,,,,,,,,,,,,,,,,,,,,,,,,
3,25,/homedetails/9546-State-Highway-89-S-Lonoke-AR-72086/464053318_zpid/,FOR_RENT,,"9546 State Highway 89 S, Lonoke, AR 72086",9546 State Highway 89 S,875,1216,875,https://www.zillow.com/homedetails/9546-State-Highway-89-S-Lonoke-AR-72086/464053318_zpid/,2026-08-10T00:00:00.000Z,Price change,2026-07-22T00:00:00.000Z,Listed for rent,,,,,,,,,,,,,,,,,,,,,,,,,,,,,,,,,,,,,,,,,,,,,,,,,,,,
3,4,/homedetails/1610-Raden-St-Conway-AR-72032/2066419442_zpid/,FOR_RENT,,"1610 Raden St, Conway, AR 72032",1610 Raden St,1650,1243,1650,https://www.zillow.com/homedetails/1610-Raden-St-Conway-AR-72032/2066419442_zpid/,2026-08-12T00:00:00.000Z,Listed for rent,2025-10-04T00:00:00.000Z,Listing removed,2025-10-03T00:00:00.000Z,Listed for rent,2025-10-03T00:00:00.000Z,Listing removed,2025-07-18T00:00:00.000Z,Listed for rent,2023-12-30T00:00:00.000Z,Listing removed,2023-12-29T00:00:00.000Z,Listed for rent,2023-12-28T00:00:00.000Z,Listing removed,2023-12-01T00:00:00.000Z,Price change,2023-09-08T00:00:00.000Z,Listed for rent,2023-04-19T00:00:00.000Z,Listing removed,2023-03-28T00:00:00.000Z,Listed for rent,2022-04-21T00:00:00.000Z,Listing removed,2022-02-16T00:00:00.000Z,Listed for rent,,,,,,,,,,,,,,,,,,,,,,,,,,,,
3,3,/homedetails/65-Swayze-Rhys-Ln-Cabot-AR-72023/2052994194_zpid/,FOR_RENT,213925,"65 Swayze Rhys Ln, Cabot, AR 72023",65 Swayze Rhys Ln,1700,1633,1700,https://www.zillow.com/homedetails/65-Swayze-Rhys-Ln-Cabot-AR-72023/2052994194_zpid/,2026-08-13T00:00:00.000Z,Listed for rent,2024-05-01T00:00:00.000Z,Sold,2024-04-05T00:00:00.000Z,Contingent,2024-02-09T00:00:00.000Z,Price change,2024-02-01T00:00:00.000Z,Listed for sale,,,,,,,,,,,,,,,,,,,,,,,,,,,,,,,,,,,,,,,,,,,,,,
4,2,/homedetails/50-Swayze-Rhys-Ln-Cabot-AR-72023/350308169_zpid/,FOR_RENT,217825,"50 Swayze Rhys Ln, Cabot, AR 72023",50 Swayze Rhys Ln,1800,1652,1800,https://www.zillow.com/homedetails/50-Swayze-Rhys-Ln-Cabot-AR-72023/350308169_zpid/,2026-08-15T00:00:00.000Z,Listed for rent,2026-08-15T00:00:00.000Z,Listing removed,2026-08-08T00:00:00.000Z,Price change,2026-06-16T00:00:00.000Z,Listed for sale,2024-08-29T00:00:00.000Z,Sold,2024-05-31T00:00:00.000Z,Listing removed,2024-05-18T00:00:00.000Z,Listed for sale,,,,,,,,,,,,,,,,,,,,,,,,,,,,,,,,,,,,,,,,,,
3,2,/homedetails/3428-Garden-Club-Dr-Bryant-AR-72022/199768703_zpid/,FOR_RENT,,"3428 Garden Club Dr, Bryant, AR 72022",3428 Garden Club Dr,1650,1600,1650,https://www.zillow.com/homedetails/3428-Garden-Club-Dr-Bryant-AR-72022/199768703_zpid/,2026-08-14T00:00:00.000Z,Listed for rent,2025-09-27T00:00:00.000Z,Listing removed,2025-09-18T00:00:00.000Z,Listed for rent,2020-06-15T00:00:00.000Z,Listing removed,2020-05-29T00:00:00.000Z,Listed for rent,,,,,,,,,,,,,,,,,,,,,,,,,,,,,,,,,,,,,,,,,,,,,,
2,17,/homedetails/24-1-Five-Oddie-Ln-Ward-AR-72023/464237325_zpid/,FOR_RENT,,"24-1 Five Oddie Ln, Ward, AR 72023",24-1 Five Oddie Ln,0,825,0,https://www.zillow.com/homedetails/24-1-Five-Oddie-Ln-Ward-AR-72023/464237325_zpid/,2026-07-30T00:00:00.000Z,Listed for rent,,,,,,,,,,,,,,,,,,,,,,,,,,,,,,,,,,,,,,,,,,,,,,,,,,,,,,
3,2,/homedetails/916-Desoto-Pl-Benton-AR-72015/382883_zpid/,FOR_RENT,210000,"916 Desoto Pl, Benton, AR 72015",916 Desoto Pl,1150,912,1150,https://www.zillow.com/homedetails/916-Desoto-Pl-Benton-AR-72015/382883_zpid/,2026-08-14T00:00:00.000Z,Listed for rent,2025-01-28T00:00:00.000Z,Listing removed,2025-01-21T00:00:00.000Z,Price change,2024-12-10T00:00:00.000Z,Listed for rent,2023-12-16T00:00:00.000Z,Listing removed,2023-10-23T00:00:00.000Z,Listed for rent,2022-10-11T00:00:00.000Z,Listing removed,2022-08-23T00:00:00.000Z,Listed for rent,2022-04-13T00:00:00.000Z,Listing removed,2022-04-06T00:00:00.000Z,Listed for rent,2022-03-26T00:00:00.000Z,Listing removed,2022-02-28T00:00:00.000Z,Price change,2022-02-11T00:00:00.000Z,Price change,2022-01-31T00:00:00.000Z,Listed for rent,2021-08-06T00:00:00.000Z,Sold,2016-07-27T00:00:00.000Z,Sold,2016-02-24T00:00:00.000Z,Listed for sale,2016-01-22T00:00:00.000Z,Listing removed,2016-01-19T00:00:00.000Z,Listed for sale,2009-08-28T00:00:00.000Z,Listing removed,2009-02-04T00:00:00.000Z,Listed for sale,,,,,,,,,,,,,,
3,32,/homedetails/16-Emerald-Cir-Cabot-AR-72023/254439_zpid/,FOR_RENT,3400000,"16 Emerald Cir, Cabot, AR 72023",16 Emerald Cir,1895,1959,1895,https://www.zillow.com/homedetails/16-Emerald-Cir-Cabot-AR-72023/254439_zpid/,2026-07-25T00:00:00.000Z,Price change,2026-07-16T00:00:00.000Z,Listed for rent,2015-04-15T00:00:00.000Z,Sold,,,,,,,,,,,,,,,,,,,,,,,,,,,,,,,,,,,,,,,,,,,,,,,,,,
3,4,/homedetails/917-Vista-Dr-Cabot-AR-72023/446798637_zpid/,FOR_RENT,,"917 Vista Dr, Cabot, AR 72023",917 Vista Dr,1595,1668,1595,https://www.zillow.com/homedetails/917-Vista-Dr-Cabot-AR-72023/446798637_zpid/,2026-08-12T00:00:00.000Z,Listed for rent,2025-03-26T00:00:00.000Z,Listing removed,2025-03-14T00:00:00.000Z,Price change,2025-01-31T00:00:00.000Z,Listed for rent,,,,,,,,,,,,,,,,,,,,,,,,,,,,,,,,,,,,,,,,,,,,,,,,
3,10,/homedetails/Bryant-AR-72022/457925232_zpid/,FOR_RENT,,"(Undisclosed Address), Bryant, AR 72022",(Undisclosed Address),1350,1250,1350,https://www.zillow.com/homedetails/Bryant-AR-72022/457925232_zpid/,2026-08-06T00:00:00.000Z,Listed for rent,2025-11-17T00:00:00.000Z,Listing removed,2025-11-03T00:00:00.000Z,Listed for rent,,,,,,,,,,,,,,,,,,,,,,,,,,,,,,,,,,,,,,,,,,,,,,,,,,
3,0,/homedetails/85-Kyndall-Lauren-Ln-Cabot-AR-72023/442588183_zpid/,FOR_RENT,179900,"85 Kyndall Lauren Ln, Cabot, AR 72023",85 Kyndall Lauren Ln,1500,1244,1500,https://www.zillow.com/homedetails/85-Kyndall-Lauren-Ln-Cabot-AR-72023/442588183_zpid/,2026-07-28T00:00:00.000Z,Listed for rent,2025-04-21T00:00:00.000Z,Sold,2025-03-19T00:00:00.000Z,Contingent,2025-03-07T00:00:00.000Z,Price change,2025-02-28T00:00:00.000Z,Price change,2025-01-25T00:00:00.000Z,Price change,2025-01-20T00:00:00.000Z,Price change,2024-12-27T00:00:00.000Z,Price change,2024-12-10T00:00:00.000Z,Listed for sale,2024-11-20T00:00:00.000Z,Listing removed,2024-11-14T00:00:00.000Z,Listed for sale,,,,,,,,,,,,,,,,,,,,,,,,,,,,,,,,,,
3,16,/homedetails/3201-Stivers-Blvd-Bryant-AR-72022/391950_zpid/,FOR_RENT,125000,"3201 Stivers Blvd, Bryant, AR 72022",3201 Stivers Blvd,1550,1279,1550,https://www.zillow.com/homedetails/3201-Stivers-Blvd-Bryant-AR-72022/391950_zpid/,2026-08-10T00:00:00.000Z,Price change,2026-07-31T00:00:00.000Z,Listed for rent,2022-12-14T00:00:00.000Z,Listing removed,2022-12-05T00:00:00.000Z,Listed for rent,2020-07-28T00:00:00.000Z,Listing removed,2020-07-21T00:00:00.000Z,Listed for rent,2020-07-20T00:00:00.000Z,Sold,2016-10-28T00:00:00.000Z,Sold,2016-08-21T00:00:00.000Z,Listed for sale,2008-08-15T00:00:00.000Z,Sold,,,,,,,,,,,,,,,,,,,,,,,,,,,,,,,,,,,,
3,7,/homedetails/2912-Denise-Dr-Benton-AR-72015/385371_zpid/,FOR_RENT,125000,"2912 Denise Dr, Benton, AR 72015",2912 Denise Dr,1700,1672,1700,https://www.zillow.com/homedetails/2912-Denise-Dr-Benton-AR-72015/385371_zpid/,2026-08-09T00:00:00.000Z,Listed for rent,2021-04-14T00:00:00.000Z,Listing removed,2021-04-12T00:00:00.000Z,Listed for rent,2021-03-24T00:00:00.000Z,Listing removed,2019-10-19T00:00:00.000Z,Listing removed,2019-10-17T00:00:00.000Z,Listed for rent,2016-03-14T00:00:00.000Z,Sold,2015-12-15T00:00:00.000Z,Listed for sale,2007-11-01T00:00:00.000Z,Sold,,,,,,,,,,,,,,,,,,,,,,,,,,,,,,,,,,,,,,
4,6,/homedetails/2471-Pleasant-Willow-Dr-Benton-AR-72015/118173689_zpid/,FOR_RENT,245000,"2471 Pleasant Willow Dr, Benton, AR 72015",2471 Pleasant Willow Dr,1900,1800,1900,https://www.zillow.com/homedetails/2471-Pleasant-Willow-Dr-Benton-AR-72015/118173689_zpid/,2026-08-10T00:00:00.000Z,Listed for rent,2025-02-16T00:00:00.000Z,Listing removed,2025-01-03T00:00:00.000Z,Listed for rent,2019-04-23T00:00:00.000Z,Listing removed,2019-02-06T00:00:00.000Z,Listed for sale,2012-04-30T00:00:00.000Z,Sold,,,,,,,,,,,,,,,,,,,,,,,,,,,,,,,,,,,,,,,,,,,,
3,3,/homedetails/1306-Bellemeade-Dr-Conway-AR-72034/234155_zpid/,FOR_RENT,89090,"1306 Bellemeade Dr, Conway, AR 72034",1306 Bellemeade Dr,1775,2220,1775,https://www.zillow.com/homedetails/1306-Bellemeade-Dr-Conway-AR-72034/234155_zpid/,2026-08-13T00:00:00.000Z,Listed for rent,2025-06-20T00:00:00.000Z,Listing removed,2025-05-09T00:00:00.000Z,Listed for rent,2017-12-01T00:00:00.000Z,Listing removed,2017-08-20T00:00:00.000Z,Price change,2017-05-31T00:00:00.000Z,Listed for sale,2013-10-16T00:00:00.000Z,Listing removed,2013-07-18T00:00:00.000Z,Listed for sale,2013-04-01T00:00:00.000Z,Sold,2012-06-28T00:00:00.000Z,Sold,,,,,,,,,,,,,,,,,,,,,,,,,,,,,,,,,,,,
3,3,/homedetails/4555-Graham-Dr-Conway-AR-72034/59917944_zpid/,FOR_RENT,185000,"4555 Graham Dr, Conway, AR 72034",4555 Graham Dr,1400,1192,1400,https://www.zillow.com/homedetails/4555-Graham-Dr-Conway-AR-72034/59917944_zpid/,2026-08-13T00:00:00.000Z,Listed for rent,2024-10-02T00:00:00.000Z,Listing removed,2024-09-23T00:00:00.000Z,Listed for rent,2023-07-28T00:00:00.000Z,Sold,2023-06-28T00:00:00.000Z,Contingent,2023-06-28T00:00:00.000Z,Listed for sale,2021-03-24T00:00:00.000Z,Listing removed,2016-11-28T00:00:00.000Z,Listing removed,2016-11-28T00:00:00.000Z,Listed for sale,2016-09-29T00:00:00.000Z,Sold,2016-09-06T00:00:00.000Z,Pending sale,2016-07-30T00:00:00.000Z,Price change,2016-07-21T00:00:00.000Z,Listed for sale,2011-06-21T00:00:00.000Z,Sold,2005-10-20T00:00:00.000Z,Sold,,,,,,,,,,,,,,,,,,,,,,,,,,
3,5,/homedetails/2557-Garden-Dr-Benton-AR-72015/350936993_zpid/,FOR_RENT,,"2557 Garden Dr, Benton, AR 72015",2557 Garden Dr,1850,1606,1850,https://www.zillow.com/homedetails/2557-Garden-Dr-Benton-AR-72015/350936993_zpid/,2026-08-11T00:00:00.000Z,Listed for rent,2025-01-21T00:00:00.000Z,Listing removed,2025-01-09T00:00:00.000Z,Listed for rent,,,,,,,,,,,,,,,,,,,,,,,,,,,,,,,,,,,,,,,,,,,,,,,,,,
3,16,/homedetails/677-Joyner-Loop-Lonoke-AR-72086/99406145_zpid/,FOR_RENT,,"677 Joyner Loop, Lonoke, AR 72086",677 Joyner Loop,900,1280,900,https://www.zillow.com/homedetails/677-Joyner-Loop-Lonoke-AR-72086/99406145_zpid/,2026-07-31T00:00:00.000Z,Listed for rent,2021-03-24T00:00:00.000Z,Listing removed,2020-01-24T00:00:00.000Z,Listing removed,2020-01-08T00:00:00.000Z,Listed for rent,2019-04-01T00:00:00.000Z,Listing removed,2019-03-07T00:00:00.000Z,Listed for rent,,,,,,,,,,,,,,,,,,,,,,,,,,,,,,,,,,,,,,,,,,,,
3,12,/homedetails/60-Leruss-Blvd-Cabot-AR-72023/342062290_zpid/,FOR_RENT,203000,"60 Leruss Blvd, Cabot, AR 72023",60 Leruss Blvd,1525,1422,1525,https://www.zillow.com/homedetails/60-Leruss-Blvd-Cabot-AR-72023/342062290_zpid/,2026-08-04T00:00:00.000Z,Listed for rent,2024-06-22T00:00:00.000Z,Listing removed,2024-06-15T00:00:00.000Z,Listed for rent,2024-06-11T00:00:00.000Z,Sold,2024-04-10T00:00:00.000Z,Listing removed,2024-04-04T00:00:00.000Z,Price change,2024-03-02T00:00:00.000Z,Price change,2024-02-27T00:00:00.000Z,Listed for sale,,,,,,,,,,,,,,,,,,,,,,,,,,,,,,,,,,,,,,,,
3,25,/homedetails/11201-Donnie-Dr-Shannon-Hills-AR-72103/393627_zpid/,FOR_RENT,134900,"11201 Donnie Dr, Shannon Hills, AR 72103",11201 Donnie Dr,1395,1353,1395,https://www.zillow.com/homedetails/11201-Donnie-Dr-Shannon-Hills-AR-72103/393627_zpid/,2026-07-23T00:00:00.000Z,Listed for rent,2020-04-07T00:00:00.000Z,Sold,2020-04-05T00:00:00.000Z,Listing removed,2020-03-23T00:00:00.000Z,Price change,2020-03-02T00:00:00.000Z,Price change,2019-12-27T00:00:00.000Z,Listed for rent,2019-11-20T00:00:00.000Z,Listing removed,2019-11-19T00:00:00.000Z,Price change,2019-11-18T00:00:00.000Z,Price change,2019-11-16T00:00:00.000Z,Price change,2019-11-13T00:00:00.000Z,Price change,2019-11-08T00:00:00.000Z,Price change,2019-11-04T00:00:00.000Z,Price change,2019-11-02T00:00:00.000Z,Listed for sale,2019-10-31T00:00:00.000Z,Sold,2019-10-28T00:00:00.000Z,Price change,2019-10-26T00:00:00.000Z,Price change,2019-10-23T00:00:00.000Z,Price change,2019-10-22T00:00:00.000Z,Price change,2019-10-20T00:00:00.000Z,Price change,2019-10-14T00:00:00.000Z,Price change,2019-10-11T00:00:00.000Z,Price change,2019-10-09T00:00:00.000Z,Price change,2019-10-06T00:00:00.000Z,Price change,2019-10-03T00:00:00.000Z,Price change,2019-10-01T00:00:00.000Z,Listed for sale,2019-06-27T00:00:00.000Z,Listing removed,,
4,16,/homedetails/55-Maddison-Rachael-Cabot-AR-72023/461972684_zpid/,FOR_RENT,212900,"55 Maddison Rachael, Cabot, AR 72023",55 Maddison Rachael,1595,1459,1595,https://www.zillow.com/homedetails/55-Maddison-Rachael-Cabot-AR-72023/461972684_zpid/,2026-07-31T00:00:00.000Z,Listed for rent,2026-07-24T00:00:00.000Z,Sold,2026-06-01T00:00:00.000Z,Contingent,2026-04-24T00:00:00.000Z,Listed for sale,,,,,,,,,,,,,,,,,,,,,,,,,,,,,,,,,,,,,,,,,,,,,,,,
3,11,/homedetails/31-Haley-Renee-Dr-Greenbrier-AR-72058/464349852_zpid/,FOR_RENT,,"31 Haley Renee Dr, Greenbrier, AR 72058",31 Haley Renee Dr,1400,1527,1400,https://www.zillow.com/homedetails/31-Haley-Renee-Dr-Greenbrier-AR-72058/464349852_zpid/,2026-08-05T00:00:00.000Z,Listed for rent,,,,,,,,,,,,,,,,,,,,,,,,,,,,,,,,,,,,,,,,,,,,,,,,,,,,,,
3,24,/homedetails/1710-Cedarhurst-Dr-Benton-AR-72015/384477_zpid/,FOR_RENT,127500,"1710 Cedarhurst Dr, Benton, AR 72015",1710 Cedarhurst Dr,1750,1680,1750,https://www.zillow.com/homedetails/1710-Cedarhurst-Dr-Benton-AR-72015/384477_zpid/,2026-06-23T00:00:00.000Z,Listed for rent,2024-05-13T00:00:00.000Z,Listing removed,2024-02-10T00:00:00.000Z,Listed for rent,2024-01-31T00:00:00.000Z,Sold,2024-01-24T00:00:00.000Z,Contingent,2024-01-22T00:00:00.000Z,Listed for sale,2019-11-07T00:00:00.000Z,Listing removed,2019-10-07T00:00:00.000Z,Listed for rent,2016-12-15T00:00:00.000Z,Listing removed,2016-01-13T00:00:00.000Z,Listing removed,2016-01-11T00:00:00.000Z,Listed for rent,2015-05-22T00:00:00.000Z,Sold,2015-01-21T00:00:00.000Z,Listing removed,2014-07-25T00:00:00.000Z,Listed for rent,2014-06-23T00:00:00.000Z,Listing removed,2014-05-25T00:00:00.000Z,Price change,2014-05-07T00:00:00.000Z,Price change,2014-04-11T00:00:00.000Z,Price change,2014-02-17T00:00:00.000Z,Listed for sale,,,,,,,,,,,,,,,,,,
3,34,/homedetails/26-Alexis-Dr-Cabot-AR-72023/255240_zpid/,FOR_RENT,152900,"26 Alexis Dr, Cabot, AR 72023",26 Alexis Dr,1425,1288,1425,https://www.zillow.com/homedetails/26-Alexis-Dr-Cabot-AR-72023/255240_zpid/,2026-08-11T00:00:00.000Z,Price change,2026-07-29T00:00:00.000Z,Price change,2026-07-14T00:00:00.000Z,Listed for rent,2023-05-31T00:00:00.000Z,Listing removed,2023-05-17T00:00:00.000Z,Listed for rent,2023-03-10T00:00:00.000Z,Sold,2023-02-09T00:00:00.000Z,Contingent,2023-02-07T00:00:00.000Z,Listed for sale,2014-11-14T00:00:00.000Z,Sold,,,,,,,,,,,,,,,,,,,,,,,,,,,,,,,,,,,,,,
3,9,/homedetails/351-Meadow-Creek-Dr-Haskell-AR-72015/92428597_zpid/,FOR_RENT,139900,"351 Meadow Creek Dr, Haskell, AR 72015",351 Meadow Creek Dr,1650,1625,1650,https://www.zillow.com/homedetails/351-Meadow-Creek-Dr-Haskell-AR-72015/92428597_zpid/,2026-08-07T00:00:00.000Z,Listed for rent,2024-09-13T00:00:00.000Z,Listing removed,2024-07-17T00:00:00.000Z,Listed for rent,2022-10-26T00:00:00.000Z,Listing removed,2022-10-15T00:00:00.000Z,Price change,2022-10-04T00:00:00.000Z,Price change,2022-08-28T00:00:00.000Z,Price change,2022-08-25T00:00:00.000Z,Listed for rent,2018-10-05T00:00:00.000Z,Sold,2018-08-13T00:00:00.000Z,Listed for sale,2016-04-28T00:00:00.000Z,Sold,2010-02-10T00:00:00.000Z,Sold,,,,,,,,,,,,,,,,,,,,,,,,,,,,,,,,
3,30,/homedetails/304-E-Locust-St-Cabot-AR-72023/253225_zpid/,FOR_RENT,139000,"304 E Locust St, Cabot, AR 72023",304 E Locust St,1295,1680,1295,https://www.zillow.com/homedetails/304-E-Locust-St-Cabot-AR-72023/253225_zpid/,2026-07-18T00:00:00.000Z,Listed for rent,2026-06-06T00:00:00.000Z,Listing removed,2026-05-16T00:00:00.000Z,Listed for rent,2023-12-21T00:00:00.000Z,Listing removed,2023-12-08T00:00:00.000Z,Price change,2023-09-19T00:00:00.000Z,Listed for rent,2022-03-02T00:00:00.000Z,Listing removed,2022-02-28T00:00:00.000Z,Price change,2022-02-16T00:00:00.000Z,Listed for rent,2020-11-09T00:00:00.000Z,Sold,2020-09-21T00:00:00.000Z,Sold,2020-08-20T00:00:00.000Z,Listed for sale,2020-08-20T00:00:00.000Z,Pending sale,2020-07-10T00:00:00.000Z,Listed for sale,2014-10-24T00:00:00.000Z,Sold,2013-10-10T00:00:00.000Z,Listing removed,2013-07-13T00:00:00.000Z,Price change,2013-02-03T00:00:00.000Z,Price change,2012-11-16T00:00:00.000Z,Listed for sale,2012-07-01T00:00:00.000Z,Listing removed,2012-06-01T00:00:00.000Z,Listed for rent,2011-11-17T00:00:00.000Z,Listing removed,2011-10-07T00:00:00.000Z,Listed for rent,2011-10-07T00:00:00.000Z,Listing removed,2011-07-22T00:00:00.000Z,Listed for sale,2011-04-07T00:00:00.000Z,Listing removed,2011-01-16T00:00:00.000Z,Listed for sale,,
3,38,/homedetails/26-Mustang-Dr-Cabot-AR-72023/63160976_zpid/,FOR_RENT,310000,"26 Mustang Dr, Cabot, AR 72023",26 Mustang Dr,1650,1537,1650,https://www.zillow.com/homedetails/26-Mustang-Dr-Cabot-AR-72023/63160976_zpid/,2026-07-10T00:00:00.000Z,Listed for rent,2024-06-27T00:00:00.000Z,Sold,2024-06-15T00:00:00.000Z,Listing removed,2024-04-04T00:00:00.000Z,Listed for rent,2024-03-21T00:00:00.000Z,Sold,2024-03-15T00:00:00.000Z,Contingent,2024-03-10T00:00:00.000Z,Listed for sale,2018-07-02T00:00:00.000Z,Listing removed,2018-06-26T00:00:00.000Z,Listed for rent,2017-02-07T00:00:00.000Z,Listing removed,2017-02-02T00:00:00.000Z,Listed for rent,2015-11-06T00:00:00.000Z,Listing removed,2015-10-11T00:00:00.000Z,Listed for rent,2015-08-31T00:00:00.000Z,Listing removed,2015-08-22T00:00:00.000Z,Listed for rent,2014-09-19T00:00:00.000Z,Listing removed,2014-09-04T00:00:00.000Z,Listed for rent,2013-08-26T00:00:00.000Z,Listing removed,2013-08-21T00:00:00.000Z,Listed for rent,2011-03-03T00:00:00.000Z,Listing removed,2011-02-15T00:00:00.000Z,Listed for sale,2011-01-26T00:00:00.000Z,Sold,2010-11-26T00:00:00.000Z,Price change,2010-05-30T00:00:00.000Z,Listed for sale,,,,,,,,
4,12,/homedetails/1105-River-Oaks-Dr-Benton-AR-72019/453260567_zpid/,FOR_RENT,,"1105 River Oaks Dr, Benton, AR 72019",1105 River Oaks Dr,2600,2350,2600,https://www.zillow.com/homedetails/1105-River-Oaks-Dr-Benton-AR-72019/453260567_zpid/,2026-08-04T00:00:00.000Z,Listed for rent,2025-07-28T00:00:00.000Z,Listing removed,2025-07-04T00:00:00.000Z,Price change,2025-06-21T00:00:00.000Z,Price change,2025-06-12T00:00:00.000Z,Listed for rent,,,,,,,,,,,,,,,,,,,,,,,,,,,,,,,,,,,,,,,,,,,,,,
4,6,/homedetails/2476-Pleasant-Willow-Dr-Benton-AR-72015/118169317_zpid/,FOR_RENT,245000,"2476 Pleasant Willow Dr, Benton, AR 72015",2476 Pleasant Willow Dr,1700,1700,1700,https://www.zillow.com/homedetails/2476-Pleasant-Willow-Dr-Benton-AR-72015/118169317_zpid/,2026-08-10T00:00:00.000Z,Listed for rent,2012-04-30T00:00:00.000Z,Sold,,,,,,,,,,,,,,,,,,,,,,,,,,,,,,,,,,,,,,,,,,,,,,,,,,,,
3,5,/homedetails/1906-Dave-Ward-Dr-Conway-AR-72034/2061771487_zpid/,FOR_RENT,,"1906 Dave Ward Dr, Conway, AR 72034",1906 Dave Ward Dr,1000,1335,1000,https://www.zillow.com/homedetails/1906-Dave-Ward-Dr-Conway-AR-72034/2061771487_zpid/,2026-08-11T00:00:00.000Z,Listed for rent,2025-12-18T00:00:00.000Z,Listing removed,2025-11-11T00:00:00.000Z,Price change,2025-10-28T00:00:00.000Z,Price change,2025-10-03T00:00:00.000Z,Price change,2025-06-27T00:00:00.000Z,Listed for rent,2024-05-29T00:00:00.000Z,Listing removed,2024-05-14T00:00:00.000Z,Price change,2024-04-23T00:00:00.000Z,Price change,2024-04-15T00:00:00.000Z,Price change,2024-03-18T00:00:00.000Z,Price change,2024-02-16T00:00:00.000Z,Price change,2024-02-13T00:00:00.000Z,Price change,2024-01-31T00:00:00.000Z,Listed for rent,2023-11-30T00:00:00.000Z,Listing removed,2023-11-15T00:00:00.000Z,Listed for rent,2022-10-25T00:00:00.000Z,Listing removed,2022-10-18T00:00:00.000Z,Price change,2022-10-02T00:00:00.000Z,Price change,2022-08-26T00:00:00.000Z,Listed for rent,,,,,,,,,,,,,,,,
4,41,/homedetails/821-Desoto-Pl-Benton-AR-72015/382881_zpid/,FOR_RENT,50000,"821 Desoto Pl, Benton, AR 72015",821 Desoto Pl,1650,2288,1650,https://www.zillow.com/homedetails/821-Desoto-Pl-Benton-AR-72015/382881_zpid/,2026-08-05T00:00:00.000Z,Price change,2026-07-14T00:00:00.000Z,Price change,2026-07-06T00:00:00.000Z,Listed for rent,2017-11-28T00:00:00.000Z,Sold,2017-10-18T00:00:00.000Z,Listed for sale,2017-07-31T00:00:00.000Z,Listing removed,2017-07-15T00:00:00.000Z,Listed for sale,2017-03-10T00:00:00.000Z,Sold,2017-02-09T00:00:00.000Z,Listed for sale,2011-12-14T00:00:00.000Z,Listing removed,2011-09-15T00:00:00.000Z,Listed for sale,2011-04-01T00:00:00.000Z,Sold,2011-02-24T00:00:00.000Z,Listed for sale,2010-02-21T00:00:00.000Z,Listing removed,2010-02-05T00:00:00.000Z,Listed for sale,2006-09-06T00:00:00.000Z,Sold,,,,,,,,,,,,,,,,,,,,,,,,
3,19,/homedetails/2408-Pleasant-Forest-Dr-Benton-AR-72015/88905364_zpid/,FOR_RENT,,"2408 Pleasant Forest Dr, Benton, AR 72015",2408 Pleasant Forest Dr,1550,1533,1550,https://www.zillow.com/homedetails/2408-Pleasant-Forest-Dr-Benton-AR-72015/88905364_zpid/,2026-08-12T00:00:00.000Z,Price change,2026-07-28T00:00:00.000Z,Listed for rent,2020-06-24T00:00:00.000Z,Listing removed,2020-06-04T00:00:00.000Z,Price change,2020-04-30T00:00:00.000Z,Listed for rent,2010-02-13T00:00:00.000Z,Listing removed,2010-01-09T00:00:00.000Z,Listed for sale,,,,,,,,,,,,,,,,,,,,,,,,,,,,,,,,,,,,,,,,,,
5,20,/homedetails/3707-Sterling-Oaks-Dr-Benton-AR-72019/82260701_zpid/,FOR_RENT,380000,"3707 Sterling Oaks Dr, Benton, AR 72019",3707 Sterling Oaks Dr,2895,2617,2895,https://www.zillow.com/homedetails/3707-Sterling-Oaks-Dr-Benton-AR-72019/82260701_zpid/,2026-07-27T00:00:00.000Z,Listed for rent,2025-05-10T00:00:00.000Z,Listing removed,2025-03-25T00:00:00.000Z,Listed for rent,2024-04-16T00:00:00.000Z,Listing removed,2024-04-06T00:00:00.000Z,Listed for rent,2022-04-11T00:00:00.000Z,Sold,2022-03-04T00:00:00.000Z,Listed for sale,2017-07-18T00:00:00.000Z,Sold,2017-06-02T00:00:00.000Z,Price change,2017-05-10T00:00:00.000Z,Listed for sale,2017-01-19T00:00:00.000Z,Listing removed,2017-01-09T00:00:00.000Z,Price change,2016-09-08T00:00:00.000Z,Listed for sale,,,,,,,,,,,,,,,,,,,,,,,,,,,,,,
4,1,/homedetails/222-18th-Ave-SE-Hickory-NC-28602/71920382_zpid/,FOR_RENT,149000,"222 18th Ave SE, Hickory, NC 28602",222 18th Ave SE,2100,1776,2100,https://www.zillow.com/homedetails/222-18th-Ave-SE-Hickory-NC-28602/71920382_zpid/,2026-08-16T00:00:00.000Z,Listed for rent,2015-09-18T00:00:00.000Z,Listing removed,2015-09-05T00:00:00.000Z,Listed for rent,2014-09-04T00:00:00.000Z,Listing removed,2014-04-18T00:00:00.000Z,Listed for sale,2012-04-06T00:00:00.000Z,Listing removed,2011-09-29T00:00:00.000Z,Listed for sale,2009-10-28T00:00:00.000Z,Sold,2005-08-19T00:00:00.000Z,Sold,,,,,,,,,,,,,,,,,,,,,,,,,,,,,,,,,,,,,,
3,27,/homedetails/98-Rosebud-Cir-Cabot-AR-72023/63160780_zpid/,FOR_RENT,197000,"98 Rosebud Cir, Cabot, AR 72023",98 Rosebud Cir,1545,1358,1545,https://www.zillow.com/homedetails/98-Rosebud-Cir-Cabot-AR-72023/63160780_zpid/,2026-08-06T00:00:00.000Z,Price change,2026-07-20T00:00:00.000Z,Listed for rent,2024-05-23T00:00:00.000Z,Sold,2024-04-19T00:00:00.000Z,Price change,2024-04-17T00:00:00.000Z,Price change,2024-04-08T00:00:00.000Z,Listed for sale,2018-05-11T00:00:00.000Z,Sold,2018-03-15T00:00:00.000Z,Listed for sale,2016-03-09T00:00:00.000Z,Sold,2015-12-03T00:00:00.000Z,Price change,2015-10-26T00:00:00.000Z,Price change,2015-10-01T00:00:00.000Z,Price change,2015-08-10T00:00:00.000Z,Listed for sale,,,,,,,,,,,,,,,,,,,,,,,,,,,,,,
4,40,/homedetails/605-Valley-Vista-Dr-Benton-AR-72019/387089_zpid/,FOR_RENT,,"605 Valley Vista Dr, Benton, AR 72019",605 Valley Vista Dr,1875,1942,1875,https://www.zillow.com/homedetails/605-Valley-Vista-Dr-Benton-AR-72019/387089_zpid/,2026-07-07T00:00:00.000Z,Listed for rent,,,,,,,,,,,,,,,,,,,,,,,,,,,,,,,,,,,,,,,,,,,,,,,,,,,,,,
3,39,/homedetails/35-G-St-Cabot-AR-72023/254255_zpid/,FOR_RENT,230000,"35 G St, Cabot, AR 72023",35 G St,1825,1849,1825,https://www.zillow.com/homedetails/35-G-St-Cabot-AR-72023/254255_zpid/,2026-07-25T00:00:00.000Z,Price change,2026-07-09T00:00:00.000Z,Price change,2026-05-03T00:00:00.000Z,Listed for rent,2025-05-25T00:00:00.000Z,Listing removed,2025-05-14T00:00:00.000Z,Price change,2025-05-01T00:00:00.000Z,Listed for rent,2021-06-07T00:00:00.000Z,Sold,2020-09-03T00:00:00.000Z,Sold,2020-06-19T00:00:00.000Z,Listed for sale,2018-06-22T00:00:00.000Z,Sold,2018-05-08T00:00:00.000Z,Listed for sale,2014-04-28T00:00:00.000Z,Sold,,,,,,,,,,,,,,,,,,,,,,,,,,,,,,,,
3,167,/homedetails/13-Buttercup-Cv-Cabot-AR-72023/55150889_zpid/,FOR_RENT,125000,"13 Buttercup Cv, Cabot, AR 72023",13 Buttercup Cv,1495,1548,1495,https://www.zillow.com/homedetails/13-Buttercup-Cv-Cabot-AR-72023/55150889_zpid/,2026-03-02T00:00:00.000Z,Listed for rent,2025-12-29T00:00:00.000Z,Listing removed,2025-10-18T00:00:00.000Z,Listed for rent,2025-09-19T00:00:00.000Z,Listing removed,2025-09-10T00:00:00.000Z,Listed for rent,2024-07-02T00:00:00.000Z,Listing removed,2024-06-22T00:00:00.000Z,Listed for rent,2024-05-05T00:00:00.000Z,Listing removed,2024-03-29T00:00:00.000Z,Price change,2024-01-04T00:00:00.000Z,Listed for rent,2022-08-23T00:00:00.000Z,Listing removed,2022-08-15T00:00:00.000Z,Listed for rent,2022-07-12T00:00:00.000Z,Sold,2021-03-24T00:00:00.000Z,Listing removed,2013-02-25T00:00:00.000Z,Listing removed,2013-02-15T00:00:00.000Z,Price change,2013-02-11T00:00:00.000Z,Listed for rent,2012-05-19T00:00:00.000Z,Listing removed,2012-02-22T00:00:00.000Z,Listed for sale,,,,,,,,,,,,,,,,,,
3,44,/homedetails/345-Joyner-Loop-Lonoke-AR-72086/99446243_zpid/,FOR_RENT,36000,"345 Joyner Loop, Lonoke, AR 72086",345 Joyner Loop,1200,1120,1200,https://www.zillow.com/homedetails/345-Joyner-Loop-Lonoke-AR-72086/99446243_zpid/,2026-07-05T00:00:00.000Z,Price change,2026-07-03T00:00:00.000Z,Listed for rent,2026-06-23T00:00:00.000Z,Listing removed,2026-02-11T00:00:00.000Z,Listed for rent,2025-11-22T00:00:00.000Z,Listing removed,2025-11-15T00:00:00.000Z,Price change,2025-11-05T00:00:00.000Z,Listed for rent,2025-09-05T00:00:00.000Z,Listing removed,2025-08-06T00:00:00.000Z,Listed for rent,2007-02-20T00:00:00.000Z,Sold,,,,,,,,,,,,,,,,,,,,,,,,,,,,,,,,,,,,
3,9,/homedetails/1417-17th-Ave-NE-Hickory-NC-28601/71551010_zpid/,FOR_RENT,99000,"1417 17th Ave NE, Hickory, NC 28601",1417 17th Ave NE,1895,1400,1895,https://www.zillow.com/homedetails/1417-17th-Ave-NE-Hickory-NC-28601/71551010_zpid/,2026-08-07T00:00:00.000Z,Listed for rent,2006-11-13T00:00:00.000Z,Sold,,,,,,,,,,,,,,,,,,,,,,,,,,,,,,,,,,,,,,,,,,,,,,,,,,,,
3,17,/homedetails/402-S-2nd-St-Benton-AR-72015/386506_zpid/,FOR_RENT,20000,"402 S 2nd St, Benton, AR 72015",402 S 2nd St,1295,792,1295,https://www.zillow.com/homedetails/402-S-2nd-St-Benton-AR-72015/386506_zpid/,2026-08-05T00:00:00.000Z,Price change,2026-07-30T00:00:00.000Z,Listed for rent,2022-04-10T00:00:00.000Z,Listing removed,2022-04-07T00:00:00.000Z,Listed for rent,2021-12-09T00:00:00.000Z,Sold,,,,,,,,,,,,,,,,,,,,,,,,,,,,,,,,,,,,,,,,,,,,,,
3,61,/homedetails/48-Dunnaway-Dr-Austin-AR-72007/2061250796_zpid/,OTHER,,"48 Dunnaway Dr, Austin, AR 72007",48 Dunnaway Dr,0,1422,0,https://www.zillow.com/homedetails/48-Dunnaway-Dr-Austin-AR-72007/2061250796_zpid/,2026-07-31T00:00:00.000Z,Listing removed,2026-07-23T00:00:00.000Z,Price change,2026-06-17T00:00:00.000Z,Listed for rent,2024-07-26T00:00:00.000Z,Listing removed,2024-07-23T00:00:00.000Z,Listed for rent,2023-03-09T00:00:00.000Z,Listing removed,2023-03-03T00:00:00.000Z,Price change,2023-02-28T00:00:00.000Z,Price change,2023-02-06T00:00:00.000Z,Listed for rent,2022-12-17T00:00:00.000Z,Listing removed,2022-11-30T00:00:00.000Z,Price change,2022-11-04T00:00:00.000Z,Price change,2022-10-04T00:00:00.000Z,Listed for sale,,,,,,,,,,,,,,,,,,,,,,,,,,,,,,
3,47,/homedetails/37-Saint-John-St-Cabot-AR-72023/253499_zpid/,FOR_RENT,81500,"37 Saint John St, Cabot, AR 72023",37 Saint John St,1350,1188,1350,https://www.zillow.com/homedetails/37-Saint-John-St-Cabot-AR-72023/253499_zpid/,2026-03-31T00:00:00.000Z,Listed for rent,2026-03-26T00:00:00.000Z,Sold,2026-03-19T00:00:00.000Z,Contingent,2026-03-14T00:00:00.000Z,Price change,2026-02-27T00:00:00.000Z,Price change,2026-01-28T00:00:00.000Z,Listed for sale,2016-05-26T00:00:00.000Z,Sold,2016-04-08T00:00:00.000Z,Listed for sale,2013-05-16T00:00:00.000Z,Sold,,,,,,,,,,,,,,,,,,,,,,,,,,,,,,,,,,,,,,
3,277,/homedetails/2912-Highway-319-W-Austin-AR-72007/249702_zpid/,FOR_RENT,640000,"2912 Highway 319 W, Austin, AR 72007",2912 Highway 319 W,1725,1992,1725,https://www.zillow.com/homedetails/2912-Highway-319-W-Austin-AR-72007/249702_zpid/,2026-07-25T00:00:00.000Z,Price change,2026-05-29T00:00:00.000Z,Price change,2026-03-06T00:00:00.000Z,Price change,2026-02-18T00:00:00.000Z,Price change,2026-02-03T00:00:00.000Z,Price change,2025-11-12T00:00:00.000Z,Listed for rent,2013-09-27T00:00:00.000Z,Sold,1991-10-10T00:00:00.000Z,Sold,,,,,,,,,,,,,,,,,,,,,,,,,,,,,,,,,,,,,,,,
4,9,/homedetails/2130-10th-St-SE-Hickory-NC-28602/463122074_zpid/,FOR_RENT,,"2130 10th St SE, Hickory, NC 28602",2130 10th St SE,2250,2174,2250,https://www.zillow.com/homedetails/2130-10th-St-SE-Hickory-NC-28602/463122074_zpid/,2026-08-07T00:00:00.000Z,Listed for rent,2026-07-20T00:00:00.000Z,Listing removed,2026-07-17T00:00:00.000Z,Price change,2026-06-11T00:00:00.000Z,Listed for sale,,,,,,,,,,,,,,,,,,,,,,,,,,,,,,,,,,,,,,,,,,,,,,,,
3,6,/homedetails/3965-Rupert-Dr-Conway-AR-72034/242860_zpid/,FOR_RENT,112000,"3965 Rupert Dr, Conway, AR 72034",3965 Rupert Dr,1300,1052,1300,https://www.zillow.com/homedetails/3965-Rupert-Dr-Conway-AR-72034/242860_zpid/,2026-08-10T00:00:00.000Z,Listed for rent,2021-02-23T00:00:00.000Z,Listing removed,2020-09-09T00:00:00.000Z,Listing removed,2020-09-02T00:00:00.000Z,Listed for rent,2020-07-31T00:00:00.000Z,Sold,2019-05-25T00:00:00.000Z,Listing removed,2019-05-13T00:00:00.000Z,Listed for rent,2018-05-17T00:00:00.000Z,Listing removed,2018-05-07T00:00:00.000Z,Sold,2018-05-05T00:00:00.000Z,Listed for rent,2018-04-11T00:00:00.000Z,Listed for sale,2016-11-01T00:00:00.000Z,Listing removed,2016-10-12T00:00:00.000Z,Listed for sale,2016-08-01T00:00:00.000Z,Listing removed,2016-03-11T00:00:00.000Z,Listed for sale,2013-07-16T00:00:00.000Z,Sold,,,,,,,,,,,,,,,,,,,,,,,,
3,26,/homedetails/1406-Bruce-St-Conway-AR-72034/235425_zpid/,FOR_RENT,87000,"1406 Bruce St, Conway, AR 72034",1406 Bruce St,2500,1500,2500,https://www.zillow.com/homedetails/1406-Bruce-St-Conway-AR-72034/235425_zpid/,2026-07-21T00:00:00.000Z,Listed for rent,2025-09-27T00:00:00.000Z,Listing removed,2025-08-07T00:00:00.000Z,Listed for rent,2024-06-24T00:00:00.000Z,Listing removed,2024-06-18T00:00:00.000Z,Listed for rent,2022-03-09T00:00:00.000Z,Listing removed,2022-02-19T00:00:00.000Z,Price change,2022-01-31T00:00:00.000Z,Listed for rent,2019-02-28T00:00:00.000Z,Listing removed,2019-02-09T00:00:00.000Z,Listed for rent,2018-03-31T00:00:00.000Z,Listing removed,2018-03-24T00:00:00.000Z,Price change,2018-02-27T00:00:00.000Z,Price change,2018-02-08T00:00:00.000Z,Listed for rent,2018-02-08T00:00:00.000Z,Listing removed,2017-12-14T00:00:00.000Z,Listed for sale,2017-06-06T00:00:00.000Z,Sold,2017-05-03T00:00:00.000Z,Listed for sale,2015-04-09T00:00:00.000Z,Listing removed,2015-04-01T00:00:00.000Z,Listed for sale,2015-02-19T00:00:00.000Z,Listing removed,2014-10-09T00:00:00.000Z,Listed for sale,2014-06-03T00:00:00.000Z,Listing removed,2014-04-15T00:00:00.000Z,Price change,2014-02-25T00:00:00.000Z,Listed for sale,2010-06-02T00:00:00.000Z,Sold,2004-10-01T00:00:00.000Z,Sold,,
3,6,/homedetails/2830-Longbow-Ln-Conway-AR-72034/82265622_zpid/,FOR_RENT,192099,"2830 Longbow Ln, Conway, AR 72034",2830 Longbow Ln,1450,1388,1450,https://www.zillow.com/homedetails/2830-Longbow-Ln-Conway-AR-72034/82265622_zpid/,2026-08-10T00:00:00.000Z,Listed for rent,2024-07-03T00:00:00.000Z,Listing removed,2024-06-17T00:00:00.000Z,Listed for rent,2022-05-27T00:00:00.000Z,Sold,2008-02-29T00:00:00.000Z,Sold,,,,,,,,,,,,,,,,,,,,,,,,,,,,,,,,,,,,,,,,,,,,,,
3,18,/homedetails/2135-Raintree-Dr-Conway-AR-72032/240139_zpid/,FOR_RENT,106000,"2135 Raintree Dr, Conway, AR 72032",2135 Raintree Dr,1435,1042,1435,https://www.zillow.com/homedetails/2135-Raintree-Dr-Conway-AR-72032/240139_zpid/,2026-07-29T00:00:00.000Z,Listed for rent,2024-07-03T00:00:00.000Z,Listing removed,2024-07-01T00:00:00.000Z,Listed for rent,2019-07-11T00:00:00.000Z,Listing removed,2019-07-03T00:00:00.000Z,Listed for rent,2019-05-01T00:00:00.000Z,Sold,2017-02-27T00:00:00.000Z,Listing removed,2017-02-24T00:00:00.000Z,Listed for rent,2015-01-18T00:00:00.000Z,Listing removed,2015-01-15T00:00:00.000Z,Listed for rent,2013-11-15T00:00:00.000Z,Sold,2013-04-06T00:00:00.000Z,Listing removed,2013-03-20T00:00:00.000Z,Listed for rent,2008-04-30T00:00:00.000Z,Sold,,,,,,,,,,,,,,,,,,,,,,,,,,,,
3,6,/homedetails/70-Kinley-Brook-Ln-Cabot-AR-72023/2055560788_zpid/,FOR_RENT,175775,"70 Kinley Brook Ln, Cabot, AR 72023",70 Kinley Brook Ln,1595,1012,1595,https://www.zillow.com/homedetails/70-Kinley-Brook-Ln-Cabot-AR-72023/2055560788_zpid/,2026-08-11T00:00:00.000Z,Listed for rent,2024-06-17T00:00:00.000Z,Listing removed,2024-05-22T00:00:00.000Z,Price change,2024-03-06T00:00:00.000Z,Listed for rent,2024-02-27T00:00:00.000Z,Sold,2024-02-17T00:00:00.000Z,Contingent,2023-12-26T00:00:00.000Z,Price change,2023-11-15T00:00:00.000Z,Price change,2023-09-12T00:00:00.000Z,Listed for sale,,,,,,,,,,,,,,,,,,,,,,,,,,,,,,,,,,,,,,
3,31,/homedetails/2220-Chase-Dr-Conway-AR-72034/35730147_zpid/,FOR_RENT,141000,"2220 Chase Dr, Conway, AR 72034",2220 Chase Dr,1850,1582,1850,https://www.zillow.com/homedetails/2220-Chase-Dr-Conway-AR-72034/35730147_zpid/,2026-07-16T00:00:00.000Z,Listed for rent,2025-04-11T00:00:00.000Z,Listing removed,2025-04-06T00:00:00.000Z,Listed for rent,2025-03-29T00:00:00.000Z,Listing removed,2025-01-19T00:00:00.000Z,Price change,2025-01-18T00:00:00.000Z,Listed for rent,2012-10-25T00:00:00.000Z,Sold,2011-08-25T00:00:00.000Z,Sold,2009-07-29T00:00:00.000Z,Sold,2009-04-13T00:00:00.000Z,Sold,2006-02-08T00:00:00.000Z,Sold,,,,,,,,,,,,,,,,,,,,,,,,,,,,,,,,,,
3,60,/homedetails/1405-Appalachain-Dr-Conway-AR-72034/35730407_zpid/,FOR_RENT,180500,"1405 Appalachain Dr, Conway, AR 72034",1405 Appalachain Dr,1450,1145,1450,https://www.zillow.com/homedetails/1405-Appalachain-Dr-Conway-AR-72034/35730407_zpid/,2026-06-17T00:00:00.000Z,Listed for rent,2025-01-27T00:00:00.000Z,Listing removed,2024-10-29T00:00:00.000Z,Price change,2024-09-04T00:00:00.000Z,Listed for rent,2023-09-26T00:00:00.000Z,Listing removed,2023-08-03T00:00:00.000Z,Price change,2023-06-22T00:00:00.000Z,Listed for rent,2022-07-05T00:00:00.000Z,Listing removed,2022-06-23T00:00:00.000Z,Listed for rent,2022-06-02T00:00:00.000Z,Sold,2022-04-20T00:00:00.000Z,Pending sale,2022-04-20T00:00:00.000Z,Contingent,2022-04-16T00:00:00.000Z,Listed for sale,2016-09-01T00:00:00.000Z,Sold,2016-08-01T00:00:00.000Z,Listed for sale,,,,,,,,,,,,,,,,,,,,,,,,,,
3,31,/homedetails/2250-Wilmington-Dr-Conway-AR-72034/59917837_zpid/,FOR_RENT,141000,"2250 Wilmington Dr, Conway, AR 72034",2250 Wilmington Dr,1600,1449,1600,https://www.zillow.com/homedetails/2250-Wilmington-Dr-Conway-AR-72034/59917837_zpid/,2026-07-16T00:00:00.000Z,Listed for rent,2023-03-14T00:00:00.000Z,Listing removed,2023-03-10T00:00:00.000Z,Listed for rent,2020-01-10T00:00:00.000Z,Listing removed,2019-11-04T00:00:00.000Z,Listed for rent,2017-08-31T00:00:00.000Z,Sold,2017-07-31T00:00:00.000Z,Price change,2017-07-17T00:00:00.000Z,Listed for sale,2005-02-23T00:00:00.000Z,Sold,,,,,,,,,,,,,,,,,,,,,,,,,,,,,,,,,,,,,,
3,26,/homedetails/2024-Weems-St-Conway-AR-72034/338960334_zpid/,FOR_RENT,,"2024 Weems St, Conway, AR 72034",2024 Weems St,2500,,2500,https://www.zillow.com/homedetails/2024-Weems-St-Conway-AR-72034/338960334_zpid/,2026-07-21T00:00:00.000Z,Listed for rent,,,,,,,,,,,,,,,,,,,,,,,,,,,,,,,,,,,,,,,,,,,,,,,,,,,,,,
3,29,/homedetails/8-Cemetery-Rd-Vilonia-AR-72173/305836626_zpid/,FOR_RENT,,"8 Cemetery Rd, Vilonia, AR 72173",8 Cemetery Rd,1500,1500,1500,https://www.zillow.com/homedetails/8-Cemetery-Rd-Vilonia-AR-72173/305836626_zpid/,2026-07-18T00:00:00.000Z,Listed for rent,,,,,,,,,,,,,,,,,,,,,,,,,,,,,,,,,,,,,,,,,,,,,,,,,,,,,,
3,36,/homedetails/Conway-AR-72034/241235_zpid/,FOR_RENT,131000,"(Undisclosed Address), Conway, AR 72034",(Undisclosed Address),1800,1689,1800,https://www.zillow.com/homedetails/Conway-AR-72034/241235_zpid/,2026-07-12T00:00:00.000Z,Listed for rent,2026-06-15T00:00:00.000Z,Listing removed,2026-05-25T00:00:00.000Z,Listed for rent,2026-05-16T00:00:00.000Z,Listing removed,2026-04-25T00:00:00.000Z,Listed for rent,2024-05-02T00:00:00.000Z,Listing removed,2024-04-11T00:00:00.000Z,Listed for rent,2021-08-22T00:00:00.000Z,Listing removed,2021-08-02T00:00:00.000Z,Listed for rent,2013-04-18T00:00:00.000Z,Sold,2013-02-04T00:00:00.000Z,Sold,2006-01-27T00:00:00.000Z,Sold,,,,,,,,,,,,,,,,,,,,,,,,,,,,,,,,
3,38,/homedetails/2704-Bruce-St-Conway-AR-72034/238257_zpid/,FOR_RENT,123000,"2704 Bruce St, Conway, AR 72034",2704 Bruce St,1550,1503,1550,https://www.zillow.com/homedetails/2704-Bruce-St-Conway-AR-72034/238257_zpid/,2026-07-09T00:00:00.000Z,Listed for rent,2025-08-11T00:00:00.000Z,Listing removed,2025-06-27T00:00:00.000Z,Listed for rent,2014-08-01T00:00:00.000Z,Sold,2014-06-12T00:00:00.000Z,Listed for sale,2013-01-13T00:00:00.000Z,Sold,2009-11-16T00:00:00.000Z,Sold,,,,,,,,,,,,,,,,,,,,,,,,,,,,,,,,,,,,,,,,,,
3,20,/homedetails/1810-Rich-Smith-Ln-Conway-AR-72032/102992676_zpid/,FOR_RENT,,"1810 Rich Smith Ln, Conway, AR 72032",1810 Rich Smith Ln,2500,2310,2500,https://www.zillow.com/homedetails/1810-Rich-Smith-Ln-Conway-AR-72032/102992676_zpid/,2026-07-27T00:00:00.000Z,Price change,2026-06-22T00:00:00.000Z,Price change,2026-04-22T00:00:00.000Z,Price change,2026-01-07T00:00:00.000Z,Listed for rent,,,,,,,,,,,,,,,,,,,,,,,,,,,,,,,,,,,,,,,,,,,,,,,,
3,4,/homedetails/1645-Southern-Hills-Dr-Conway-AR-72034/52392168_zpid/,FOR_RENT,119900,"1645 Southern Hills Dr, Conway, AR 72034",1645 Southern Hills Dr,1495,1155,1495,https://www.zillow.com/homedetails/1645-Southern-Hills-Dr-Conway-AR-72034/52392168_zpid/,2026-08-12T00:00:00.000Z,Listed for rent,2025-08-05T00:00:00.000Z,Listing removed,2025-07-16T00:00:00.000Z,Listed for rent,2023-07-01T00:00:00.000Z,Listing removed,2023-06-28T00:00:00.000Z,Listed for rent,2023-04-06T00:00:00.000Z,Sold,,,,,,,,,,,,,,,,,,,,,,,,,,,,,,,,,,,,,,,,,,,,
3,3,/homedetails/5380-Pewter-Dr-Conway-AR-72034/71712219_zpid/,FOR_RENT,126000,"5380 Pewter Dr, Conway, AR 72034",5380 Pewter Dr,1750,1550,1750,https://www.zillow.com/homedetails/5380-Pewter-Dr-Conway-AR-72034/71712219_zpid/,2026-08-13T00:00:00.000Z,Listed for rent,2021-03-24T00:00:00.000Z,Listing removed,2020-02-23T00:00:00.000Z,Listing removed,2020-02-20T00:00:00.000Z,Price change,2020-01-27T00:00:00.000Z,Listed for rent,2005-09-06T00:00:00.000Z,Sold,2005-05-10T00:00:00.000Z,Sold,,,,,,,,,,,,,,,,,,,,,,,,,,,,,,,,,,,,,,,,,,
3,13,/homedetails/1250-Cumulus-Dr-Conway-AR-72034/242831_zpid/,FOR_RENT,470000,"1250 Cumulus Dr, Conway, AR 72034",1250 Cumulus Dr,1350,1068,1350,https://www.zillow.com/homedetails/1250-Cumulus-Dr-Conway-AR-72034/242831_zpid/,2026-08-03T00:00:00.000Z,Listed for rent,2015-03-27T00:00:00.000Z,Sold,2006-10-25T00:00:00.000Z,Sold,,,,,,,,,,,,,,,,,,,,,,,,,,,,,,,,,,,,,,,,,,,,,,,,,,
3,4,/homedetails/1855-Arden-Ln-Conway-AR-72034/71714883_zpid/,FOR_RENT,199900,"1855 Arden Ln, Conway, AR 72034",1855 Arden Ln,1650,1167,1650,https://www.zillow.com/homedetails/1855-Arden-Ln-Conway-AR-72034/71714883_zpid/,2026-08-12T00:00:00.000Z,Listed for rent,2026-07-30T00:00:00.000Z,Sold,2015-03-06T00:00:00.000Z,Sold,2007-02-22T00:00:00.000Z,Sold,2006-12-29T00:00:00.000Z,Sold,,,,,,,,,,,,,,,,,,,,,,,,,,,,,,,,,,,,,,,,,,,,,,
3,61,/homedetails/781-Highway-365-Mayflower-AR-72106/227206_zpid/,FOR_RENT,165700,"781 Highway 365, Mayflower, AR 72106",781 Highway 365,1175,1140,1175,https://www.zillow.com/homedetails/781-Highway-365-Mayflower-AR-72106/227206_zpid/,2026-07-28T00:00:00.000Z,Price change,2026-06-16T00:00:00.000Z,Listed for rent,2023-11-01T00:00:00.000Z,Listing removed,2023-10-21T00:00:00.000Z,Price change,2023-09-12T00:00:00.000Z,Listed for rent,2023-03-10T00:00:00.000Z,Listing removed,2023-02-13T00:00:00.000Z,Listed for rent,2013-04-30T00:00:00.000Z,Sold,2007-03-14T00:00:00.000Z,Sold,,,,,,,,,,,,,,,,,,,,,,,,,,,,,,,,,,,,,,
3,9,/homedetails/100-Donna-Kay-Dr-Greenbrier-AR-72058/35730915_zpid/,FOR_RENT,100000,"100 Donna Kay Dr, Greenbrier, AR 72058",100 Donna Kay Dr,1500,1129,1500,https://www.zillow.com/homedetails/100-Donna-Kay-Dr-Greenbrier-AR-72058/35730915_zpid/,2026-08-07T00:00:00.000Z,Listed for rent,2024-03-16T00:00:00.000Z,Listing removed,2024-03-12T00:00:00.000Z,Listed for rent,2013-11-05T00:00:00.000Z,Sold,2013-07-27T00:00:00.000Z,Listing removed,2013-06-23T00:00:00.000Z,Listed for sale,2008-05-05T00:00:00.000Z,Sold,2007-05-22T00:00:00.000Z,Sold,,,,,,,,,,,,,,,,,,,,,,,,,,,,,,,,,,,,,,,,
3,16,/homedetails/1716-College-Ave-Conway-AR-72034/2088717945_zpid/,FOR_RENT,,"1716 College Ave, Conway, AR 72034",1716 College Ave,1400,1300,1400,https://www.zillow.com/homedetails/1716-College-Ave-Conway-AR-72034/2088717945_zpid/,2026-07-31T00:00:00.000Z,Listed for rent,2021-03-24T00:00:00.000Z,Listing removed,2019-12-08T00:00:00.000Z,Listing removed,2019-11-13T00:00:00.000Z,Price change,2019-09-30T00:00:00.000Z,Listed for rent,2019-07-11T00:00:00.000Z,Listing removed,2019-05-17T00:00:00.000Z,Listed for rent,2018-08-14T00:00:00.000Z,Listing removed,2018-08-10T00:00:00.000Z,Price change,2018-07-09T00:00:00.000Z,Listed for rent,,,,,,,,,,,,,,,,,,,,,,,,,,,,,,,,,,,,
3,1,/homedetails/1225-Alex-St-Conway-AR-72032/82247336_zpid/,FOR_RENT,141000,"1225 Alex St, Conway, AR 72032",1225 Alex St,1650,1400,1650,https://www.zillow.com/homedetails/1225-Alex-St-Conway-AR-72032/82247336_zpid/,2026-08-15T00:00:00.000Z,Listed for rent,2021-02-27T00:00:00.000Z,Listing removed,2020-03-14T00:00:00.000Z,Listing removed,2020-03-05T00:00:00.000Z,Listed for rent,2018-09-27T00:00:00.000Z,Listing removed,2018-09-07T00:00:00.000Z,Listed for rent,2017-08-29T00:00:00.000Z,Listing removed,2017-08-18T00:00:00.000Z,Sold,2017-08-16T00:00:00.000Z,Listed for rent,2017-03-31T00:00:00.000Z,Sold,,,,,,,,,,,,,,,,,,,,,,,,,,,,,,,,,,,,
3,10,/homedetails/3420-Antietam-Dr-Conway-AR-72032/52391633_zpid/,FOR_RENT,130000,"3420 Antietam Dr, Conway, AR 72032",3420 Antietam Dr,1450,1097,1450,https://www.zillow.com/homedetails/3420-Antietam-Dr-Conway-AR-72032/52391633_zpid/,2026-08-07T00:00:00.000Z,Listed for rent,2026-02-24T00:00:00.000Z,Listing removed,2026-02-19T00:00:00.000Z,Price change,2026-02-13T00:00:00.000Z,Listed for rent,2025-09-17T00:00:00.000Z,Listing removed,2025-08-29T00:00:00.000Z,Listed for rent,2021-04-13T00:00:00.000Z,Sold,2018-04-26T00:00:00.000Z,Sold,2018-01-23T00:00:00.000Z,Listed for sale,2012-10-29T00:00:00.000Z,Sold,2012-08-04T00:00:00.000Z,Listed for sale,2005-06-23T00:00:00.000Z,Sold,,,,,,,,,,,,,,,,,,,,,,,,,,,,,,,,
3,22,/homedetails/2105-Lookout-Ave-Conway-AR-72034/235105_zpid/,FOR_RENT,40000,"2105 Lookout Ave, Conway, AR 72034",2105 Lookout Ave,1600,1080,1600,https://www.zillow.com/homedetails/2105-Lookout-Ave-Conway-AR-72034/235105_zpid/,2026-07-25T00:00:00.000Z,Listed for rent,2017-05-02T00:00:00.000Z,Sold,2013-09-13T00:00:00.000Z,Sold,2009-07-08T00:00:00.000Z,Sold,2009-04-18T00:00:00.000Z,Listed for sale,,,,,,,,,,,,,,,,,,,,,,,,,,,,,,,,,,,,,,,,,,,,,,
3,1,/homedetails/1310-Addy-Brook-St-Conway-AR-72032/82287140_zpid/,FOR_RENT,143000,"1310 Addy Brook St, Conway, AR 72032",1310 Addy Brook St,1550,1422,1550,https://www.zillow.com/homedetails/1310-Addy-Brook-St-Conway-AR-72032/82287140_zpid/,2026-08-15T00:00:00.000Z,Listed for rent,2017-12-05T00:00:00.000Z,Sold,2017-05-19T00:00:00.000Z,Sold,,,,,,,,,,,,,,,,,,,,,,,,,,,,,,,,,,,,,,,,,,,,,,,,,,
3,1,/homedetails/2530-Peabody-Dr-Conway-AR-72032/239829_zpid/,FOR_RENT,199000,"2530 Peabody Dr, Conway, AR 72032",2530 Peabody Dr,1500,1271,1500,https://www.zillow.com/homedetails/2530-Peabody-Dr-Conway-AR-72032/239829_zpid/,2026-08-15T00:00:00.000Z,Listed for rent,2025-07-28T00:00:00.000Z,Sold,2025-06-29T00:00:00.000Z,Contingent,2025-06-28T00:00:00.000Z,Listed for sale,2014-12-23T00:00:00.000Z,Sold,2013-09-19T00:00:00.000Z,Sold,2013-06-28T00:00:00.000Z,Listed for sale,2012-12-14T00:00:00.000Z,Listing removed,2012-10-15T00:00:00.000Z,Listed for sale,,,,,,,,,,,,,,,,,,,,,,,,,,,,,,,,,,,,,,
3,30,/homedetails/627-Timberline-Rd-Jacksonville-AR-72076/449592145_zpid/,FOR_RENT,,"627 Timberline Rd, Jacksonville, AR 72076",627 Timberline Rd,1725,1305,1725,https://www.zillow.com/homedetails/627-Timberline-Rd-Jacksonville-AR-72076/449592145_zpid/,2026-07-17T00:00:00.000Z,Listed for rent,2025-07-17T00:00:00.000Z,Listing removed,2025-07-01T00:00:00.000Z,Price change,2025-05-20T00:00:00.000Z,Listed for rent,2025-04-09T00:00:00.000Z,Listing removed,2025-04-09T00:00:00.000Z,Listed for rent,,,,,,,,,,,,,,,,,,,,,,,,,,,,,,,,,,,,,,,,,,,,
3,35,/homedetails/4605-Valiant-Dr-Conway-AR-72034/52392383_zpid/,FOR_RENT,122000,"4605 Valiant Dr, Conway, AR 72034",4605 Valiant Dr,1500,1324,1500,https://www.zillow.com/homedetails/4605-Valiant-Dr-Conway-AR-72034/52392383_zpid/,2026-08-01T00:00:00.000Z,Price change,2026-07-13T00:00:00.000Z,Listed for rent,2023-05-19T00:00:00.000Z,Listing removed,2023-05-02T00:00:00.000Z,Listed for rent,2022-04-11T00:00:00.000Z,Listing removed,2022-04-06T00:00:00.000Z,Listed for rent,2011-09-02T00:00:00.000Z,Sold,2011-06-12T00:00:00.000Z,Listed for sale,2008-09-08T00:00:00.000Z,Sold,,,,,,,,,,,,,,,,,,,,,,,,,,,,,,,,,,,,,,
3,9,/homedetails/225-Shiloh-Dr-Conway-AR-72032/82281664_zpid/,FOR_RENT,125000,"225 Shiloh Dr, Conway, AR 72032",225 Shiloh Dr,1450,1228,1450,https://www.zillow.com/homedetails/225-Shiloh-Dr-Conway-AR-72032/82281664_zpid/,2026-08-07T00:00:00.000Z,Listed for rent,2026-02-26T00:00:00.000Z,Listing removed,2026-02-19T00:00:00.000Z,Price change,2026-02-13T00:00:00.000Z,Listed for rent,2020-11-12T00:00:00.000Z,Sold,2006-07-28T00:00:00.000Z,Sold,,,,,,,,,,,,,,,,,,,,,,,,,,,,,,,,,,,,,,,,,,,,
3,25,/homedetails/115-Beckett-Mountain-Rd-Mount-Vernon-AR-72111/305852421_zpid/,FOR_RENT,129000,"115 Beckett Mountain Rd, Mount Vernon, AR 72111",115 Beckett Mountain Rd,2500,2619,2500,https://www.zillow.com/homedetails/115-Beckett-Mountain-Rd-Mount-Vernon-AR-72111/305852421_zpid/,2026-07-22T00:00:00.000Z,Listed for rent,2006-01-09T00:00:00.000Z,Sold,2005-10-25T00:00:00.000Z,Sold,,,,,,,,,,,,,,,,,,,,,,,,,,,,,,,,,,,,,,,,,,,,,,,,,,
3,3,/homedetails/1660-Arden-Ln-Conway-AR-72034/71714817_zpid/,FOR_RENT,112000,"1660 Arden Ln, Conway, AR 72034",1660 Arden Ln,1500,1200,1500,https://www.zillow.com/homedetails/1660-Arden-Ln-Conway-AR-72034/71714817_zpid/,2026-08-13T00:00:00.000Z,Listed for rent,2024-06-10T00:00:00.000Z,Listing removed,2024-06-02T00:00:00.000Z,Listed for rent,2021-03-24T00:00:00.000Z,Listing removed,2018-07-07T00:00:00.000Z,Listing removed,2018-06-28T00:00:00.000Z,Listed for rent,2015-07-16T00:00:00.000Z,Listing removed,2015-07-07T00:00:00.000Z,Sold,2015-07-02T00:00:00.000Z,Listed for rent,2006-09-05T00:00:00.000Z,Sold,,,,,,,,,,,,,,,,,,,,,,,,,,,,,,,,,,,,
3,1,/homedetails/2750-Bowman-Ln-Conway-AR-72034/241246_zpid/,FOR_RENT,255000,"2750 Bowman Ln, Conway, AR 72034",2750 Bowman Ln,1650,1668,1650,https://www.zillow.com/homedetails/2750-Bowman-Ln-Conway-AR-72034/241246_zpid/,2026-07-17T00:00:00.000Z,Price change,2026-07-03T00:00:00.000Z,Listed for rent,2023-12-20T00:00:00.000Z,Listing removed,2023-11-30T00:00:00.000Z,Price change,2023-11-04T00:00:00.000Z,Listed for rent,2014-07-02T00:00:00.000Z,Sold,2007-07-18T00:00:00.000Z,Sold,1994-06-06T00:00:00.000Z,Sold,,,,,,,,,,,,,,,,,,,,,,,,,,,,,,,,,,,,,,,,
3,2,/homedetails/1425-Joyner-Dr-Conway-AR-72034/35730195_zpid/,FOR_RENT,155000,"1425 Joyner Dr, Conway, AR 72034",1425 Joyner Dr,1450,1157,1450,https://www.zillow.com/homedetails/1425-Joyner-Dr-Conway-AR-72034/35730195_zpid/,2026-08-14T00:00:00.000Z,Listed for rent,2025-10-28T00:00:00.000Z,Listing removed,2025-08-29T00:00:00.000Z,Price change,2025-08-12T00:00:00.000Z,Listed for rent,2024-09-13T00:00:00.000Z,Listing removed,2024-08-16T00:00:00.000Z,Listed for rent,2022-04-27T00:00:00.000Z,Sold,2021-12-16T00:00:00.000Z,Listing removed,2021-10-26T00:00:00.000Z,Listed for rent,2019-05-14T00:00:00.000Z,Sold,2019-03-21T00:00:00.000Z,Listed for sale,2016-05-03T00:00:00.000Z,Sold,2016-02-17T00:00:00.000Z,Listed for sale,2011-04-01T00:00:00.000Z,Sold,2011-01-22T00:00:00.000Z,Price change,2011-01-01T00:00:00.000Z,Price change,2010-11-18T00:00:00.000Z,Listed for sale,2010-10-15T00:00:00.000Z,Listing removed,2010-10-15T00:00:00.000Z,Price change,2010-09-24T00:00:00.000Z,Listed for sale,,,,,,,,,,,,,,,,
3,4,/homedetails/201-Oliver-St-Conway-AR-72034/235449_zpid/,FOR_RENT,149000,"201 Oliver St, Conway, AR 72034",201 Oliver St,1450,1456,1450,https://www.zillow.com/homedetails/201-Oliver-St-Conway-AR-72034/235449_zpid/,2026-08-12T00:00:00.000Z,Listed for rent,2024-07-23T00:00:00.000Z,Listing removed,2024-07-02T00:00:00.000Z,Listed for rent,2022-04-29T00:00:00.000Z,Listing removed,2022-04-28T00:00:00.000Z,Listed for rent,2022-04-15T00:00:00.000Z,Listing removed,2022-03-31T00:00:00.000Z,Listed for rent,2010-07-14T00:00:00.000Z,Sold,,,,,,,,,,,,,,,,,,,,,,,,,,,,,,,,,,,,,,,,
3,9,/homedetails/22-01-Blair-Greenbrier-AR-72058/2079669832_zpid/,FOR_RENT,115000,"22-01 Blair, Greenbrier, AR 72058",22-01 Blair,1400,1200,1400,https://www.zillow.com/homedetails/22-01-Blair-Greenbrier-AR-72058/2079669832_zpid/,2026-08-07T00:00:00.000Z,Listed for rent,2020-05-08T00:00:00.000Z,Sold,,,,,,,,,,,,,,,,,,,,,,,,,,,,,,,,,,,,,,,,,,,,,,,,,,,,
3,31,/homedetails/1845-Arden-Ln-Conway-AR-72034/71714882_zpid/,FOR_RENT,139000,"1845 Arden Ln, Conway, AR 72034",1845 Arden Ln,1650,1205,1650,https://www.zillow.com/homedetails/1845-Arden-Ln-Conway-AR-72034/71714882_zpid/,2026-07-17T00:00:00.000Z,Listed for rent,2024-07-03T00:00:00.000Z,Listing removed,2024-06-25T00:00:00.000Z,Listed for rent,2023-02-27T00:00:00.000Z,Listing removed,2023-02-22T00:00:00.000Z,Listed for rent,2021-01-19T00:00:00.000Z,Listing removed,2021-01-09T00:00:00.000Z,Listed for rent,2020-12-16T00:00:00.000Z,Sold,,,,,,,,,,,,,,,,,,,,,,,,,,,,,,,,,,,,,,,,
3,55,/homedetails/600-S-Davis-St-Conway-AR-72034/235022_zpid/,FOR_RENT,108500,"600 S Davis St, Conway, AR 72034",600 S Davis St,1525,1728,1525,https://www.zillow.com/homedetails/600-S-Davis-St-Conway-AR-72034/235022_zpid/,2026-07-20T00:00:00.000Z,Price change,2026-07-06T00:00:00.000Z,Price change,2026-06-22T00:00:00.000Z,Listed for rent,2022-10-20T00:00:00.000Z,Listing removed,2022-10-11T00:00:00.000Z,Price change,2022-09-22T00:00:00.000Z,Listed for rent,2017-06-15T00:00:00.000Z,Sold,2017-05-06T00:00:00.000Z,Listed for sale,2015-04-17T00:00:00.000Z,Sold,2005-07-22T00:00:00.000Z,Sold,,,,,,,,,,,,,,,,,,,,,,,,,,,,,,,,,,,,
3,26,/homedetails/9-Jarman-Ln-Vilonia-AR-72173/225149_zpid/,FOR_RENT,230000,"9 Jarman Ln, Vilonia, AR 72173",9 Jarman Ln,2000,2100,2000,https://www.zillow.com/homedetails/9-Jarman-Ln-Vilonia-AR-72173/225149_zpid/,2026-07-21T00:00:00.000Z,Listed for rent,2026-07-02T00:00:00.000Z,Listing removed,2026-05-29T00:00:00.000Z,Listed for rent,2013-07-03T00:00:00.000Z,Sold,2012-07-19T00:00:00.000Z,Sold,,,,,,,,,,,,,,,,,,,,,,,,,,,,,,,,,,,,,,,,,,,,,,
3,23,/homedetails/2-Hawthorne-Dr-Conway-AR-72034/237001_zpid/,FOR_RENT,102000,"2 Hawthorne Dr, Conway, AR 72034",2 Hawthorne Dr,1800,1408,1800,https://www.zillow.com/homedetails/2-Hawthorne-Dr-Conway-AR-72034/237001_zpid/,2026-07-24T00:00:00.000Z,Listed for rent,2014-07-29T00:00:00.000Z,Sold,2014-05-16T00:00:00.000Z,Price change,2014-02-28T00:00:00.000Z,Listed for sale,2014-01-01T00:00:00.000Z,Listing removed,2013-10-29T00:00:00.000Z,Price change,2013-10-04T00:00:00.000Z,Price change,2013-08-08T00:00:00.000Z,Listed for sale,2011-08-31T00:00:00.000Z,Sold,,,,,,,,,,,,,,,,,,,,,,,,,,,,,,,,,,,,,,
3,104,/homedetails/18-Kimberly-Dr-Vilonia-AR-72173/245526_zpid/,FOR_RENT,270000,"18 Kimberly Dr, Vilonia, AR 72173",18 Kimberly Dr,1995,1954,1995,https://www.zillow.com/homedetails/18-Kimberly-Dr-Vilonia-AR-72173/245526_zpid/,2026-05-04T00:00:00.000Z,Listed for rent,2026-01-05T00:00:00.000Z,Sold,2025-11-20T00:00:00.000Z,Listed for sale,2025-11-20T00:00:00.000Z,Listing removed,2025-09-18T00:00:00.000Z,Listed for sale,2015-07-09T00:00:00.000Z,Sold,2000-03-15T00:00:00.000Z,Sold,,,,,,,,,,,,,,,,,,,,,,,,,,,,,,,,,,,,,,,,,,
3,39,/homedetails/5-Weatherwood-Dr-Greenbrier-AR-72058/102993946_zpid/,FOR_RENT,154000,"5 Weatherwood Dr, Greenbrier, AR 72058",5 Weatherwood Dr,1600,1547,1600,https://www.zillow.com/homedetails/5-Weatherwood-Dr-Greenbrier-AR-72058/102993946_zpid/,2026-07-09T00:00:00.000Z,Listed for rent,2022-10-04T00:00:00.000Z,Listing removed,2022-09-19T00:00:00.000Z,Listed for rent,2022-09-16T00:00:00.000Z,Listed for sale,2008-04-30T00:00:00.000Z,Sold,,,,,,,,,,,,,,,,,,,,,,,,,,,,,,,,,,,,,,,,,,,,,,
3,28,/homedetails/2-Dunwood-Dr-Greenbrier-AR-72058/122006897_zpid/,FOR_RENT,213000,"2 Dunwood Dr, Greenbrier, AR 72058",2 Dunwood Dr,1600,1521,1600,https://www.zillow.com/homedetails/2-Dunwood-Dr-Greenbrier-AR-72058/122006897_zpid/,2026-07-19T00:00:00.000Z,Listed for rent,2023-06-07T00:00:00.000Z,Listing removed,2023-06-03T00:00:00.000Z,Listed for rent,2023-05-23T00:00:00.000Z,Sold,2023-04-27T00:00:00.000Z,Contingent,2023-04-23T00:00:00.000Z,Price change,2023-04-14T00:00:00.000Z,Listed for sale,2019-03-29T00:00:00.000Z,Sold,2019-01-31T00:00:00.000Z,Price change,2018-11-05T00:00:00.000Z,Listed for sale,2014-07-22T00:00:00.000Z,Sold,,,,,,,,,,,,,,,,,,,,,,,,,,,,,,,,,,
3,65,/homedetails/56-Eden-Valley-Ranch-Rd-Vilonia-AR-72173/102990816_zpid/,FOR_RENT,91800,"56 Eden Valley Ranch Rd, Vilonia, AR 72173",56 Eden Valley Ranch Rd,1295,1280,1295,https://www.zillow.com/homedetails/56-Eden-Valley-Ranch-Rd-Vilonia-AR-72173/102990816_zpid/,2026-07-20T00:00:00.000Z,Price change,2026-07-02T00:00:00.000Z,Price change,2026-06-22T00:00:00.000Z,Price change,2026-06-13T00:00:00.000Z,Listed for rent,2024-04-05T00:00:00.000Z,Sold,2024-03-07T00:00:00.000Z,Listing removed,2024-02-29T00:00:00.000Z,Listed for sale,2022-08-05T00:00:00.000Z,Sold,2022-06-16T00:00:00.000Z,Listed for sale,,,,,,,,,,,,,,,,,,,,,,,,,,,,,,,,,,,,,,
3,62,/homedetails/2555-Winchester-Dr-Conway-AR-72032/239881_zpid/,FOR_RENT,180000,"2555 Winchester Dr, Conway, AR 72032",2555 Winchester Dr,1375,1104,1375,https://www.zillow.com/homedetails/2555-Winchester-Dr-Conway-AR-72032/239881_zpid/,2026-08-12T00:00:00.000Z,Price change,2026-07-20T00:00:00.000Z,Price change,2026-07-01T00:00:00.000Z,Price change,2026-06-15T00:00:00.000Z,Listed for rent,2026-05-08T00:00:00.000Z,Listing removed,2026-05-01T00:00:00.000Z,Listed for rent,2025-05-29T00:00:00.000Z,Listing removed,2025-05-22T00:00:00.000Z,Listed for rent,2025-04-07T00:00:00.000Z,Sold,2025-03-08T00:00:00.000Z,Contingent,2025-03-05T00:00:00.000Z,Listed for sale,2025-02-26T00:00:00.000Z,Listing removed,2025-01-08T00:00:00.000Z,Listed for rent,2024-11-23T00:00:00.000Z,Listing removed,2024-11-02T00:00:00.000Z,Listed for rent,2024-10-26T00:00:00.000Z,Listing removed,2024-10-14T00:00:00.000Z,Price change,2024-09-18T00:00:00.000Z,Price change,2024-09-03T00:00:00.000Z,Listed for rent,2015-06-12T00:00:00.000Z,Sold,1996-09-18T00:00:00.000Z,Sold,1994-12-02T00:00:00.000Z,Sold,,,,,,,,,,,,
3,9,/homedetails/3020-Beechwood-Dr-Conway-AR-72032/251479599_zpid/,FOR_RENT,184000,"3020 Beechwood Dr, Conway, AR 72032",3020 Beechwood Dr,1500,1289,1500,https://www.zillow.com/homedetails/3020-Beechwood-Dr-Conway-AR-72032/251479599_zpid/,2026-06-06T00:00:00.000Z,Listed for rent,2023-06-10T00:00:00.000Z,Listing removed,2023-05-15T00:00:00.000Z,Listed for rent,2022-08-16T00:00:00.000Z,Sold,2022-07-13T00:00:00.000Z,Contingent,2022-07-11T00:00:00.000Z,Price change,2022-07-05T00:00:00.000Z,Listed for sale,2021-07-02T00:00:00.000Z,Sold,2021-05-30T00:00:00.000Z,Contingent,2021-05-27T00:00:00.000Z,Listed for sale,2017-10-13T00:00:00.000Z,Sold,,,,,,,,,,,,,,,,,,,,,,,,,,,,,,,,,,
3,73,/homedetails/1670-Ryder-St-Conway-AR-72032/338960302_zpid/,FOR_RENT,,"1670 Ryder St, Conway, AR 72032",1670 Ryder St,1650,1243,1650,https://www.zillow.com/homedetails/1670-Ryder-St-Conway-AR-72032/338960302_zpid/,2026-06-04T00:00:00.000Z,Listed for rent,2025-03-14T00:00:00.000Z,Listing removed,2024-12-31T00:00:00.000Z,Listed for rent,2023-01-25T00:00:00.000Z,Listing removed,2022-12-15T00:00:00.000Z,Listed for rent,,,,,,,,,,,,,,,,,,,,,,,,,,,,,,,,,,,,,,,,,,,,,,
3,13,/homedetails/3005-Chapman-Ct-Bryant-AR-72022/116220648_zpid/,FOR_RENT,224500,"3005 Chapman Ct, Bryant, AR 72022",3005 Chapman Ct,2100,1588,2100,https://www.zillow.com/homedetails/3005-Chapman-Ct-Bryant-AR-72022/116220648_zpid/,2026-08-03T00:00:00.000Z,Listed for rent,2025-09-21T00:00:00.000Z,Listing removed,2025-09-09T00:00:00.000Z,Price change,2025-08-02T00:00:00.000Z,Listed for rent,2024-10-14T00:00:00.000Z,Listing removed,2024-07-01T00:00:00.000Z,Listing removed,2024-06-08T00:00:00.000Z,Listed for rent,2022-09-21T00:00:00.000Z,Listing removed,2022-09-15T00:00:00.000Z,Price change,2022-09-01T00:00:00.000Z,Sold,2022-08-12T00:00:00.000Z,Listed for rent,2022-07-28T00:00:00.000Z,Price change,2022-07-23T00:00:00.000Z,Listed for sale,2012-07-16T00:00:00.000Z,Sold,2012-01-19T00:00:00.000Z,Sold,,,,,,,,,,,,,,,,,,,,,,,,,,
3,221,/homedetails/3915-Ledbetter-Dr-Conway-AR-72034/242880_zpid/,FOR_RENT,134000,"3915 Ledbetter Dr, Conway, AR 72034",3915 Ledbetter Dr,1100,1052,1100,https://www.zillow.com/homedetails/3915-Ledbetter-Dr-Conway-AR-72034/242880_zpid/,2026-01-14T00:00:00.000Z,Listed for rent,2026-01-14T00:00:00.000Z,Listing removed,2026-01-08T00:00:00.000Z,Listed for rent,2024-12-09T00:00:00.000Z,Listing removed,2024-10-16T00:00:00.000Z,Price change,2024-08-16T00:00:00.000Z,Listed for rent,2024-02-29T00:00:00.000Z,Listing removed,2024-02-16T00:00:00.000Z,Price change,2024-01-08T00:00:00.000Z,Listed for rent,2023-02-08T00:00:00.000Z,Listing removed,2023-01-25T00:00:00.000Z,Price change,2022-11-23T00:00:00.000Z,Listed for rent,2022-11-14T00:00:00.000Z,Sold,2022-10-13T00:00:00.000Z,Contingent,2022-10-09T00:00:00.000Z,Listed for sale,2015-07-17T00:00:00.000Z,Sold,2002-05-31T00:00:00.000Z,Sold,,,,,,,,,,,,,,,,,,,,,,
3,19,/homedetails/4056-Kings-River-Trl-Bauxite-AR-72011/2062403626_zpid/,FOR_RENT,200660,"4056 Kings River Trl, Bauxite, AR 72011",4056 Kings River Trl,1495,1480,1495,https://www.zillow.com/homedetails/4056-Kings-River-Trl-Bauxite-AR-72011/2062403626_zpid/,2026-08-13T00:00:00.000Z,Price change,2026-07-29T00:00:00.000Z,Listed for rent,2023-02-11T00:00:00.000Z,Listing removed,2023-02-03T00:00:00.000Z,Price change,2023-01-11T00:00:00.000Z,Price change,2022-12-14T00:00:00.000Z,Price change,2022-11-22T00:00:00.000Z,Price change,2022-11-10T00:00:00.000Z,Listed for rent,2022-10-28T00:00:00.000Z,Sold,2022-10-08T00:00:00.000Z,Contingent,2022-08-24T00:00:00.000Z,Price change,2022-08-04T00:00:00.000Z,Price change,2022-07-26T00:00:00.000Z,Price change,2022-07-21T00:00:00.000Z,Listed for sale,2022-07-18T00:00:00.000Z,Listing removed,2022-07-13T00:00:00.000Z,Listed for sale,,,,,,,,,,,,,,,,,,,,,,,,
3,10,/homedetails/3510-Maywood-Ct-Benton-AR-72015/387505_zpid/,FOR_RENT,,"3510 Maywood Ct, Benton, AR 72015",3510 Maywood Ct,1325,1300,1325,https://www.zillow.com/homedetails/3510-Maywood-Ct-Benton-AR-72015/387505_zpid/,2026-08-06T00:00:00.000Z,Listed for rent,,,,,,,,,,,,,,,,,,,,,,,,,,,,,,,,,,,,,,,,,,,,,,,,,,,,,,
3,99,/homedetails/6003-NW-Reynolds-St-Bentonville-AR-72713/2062784345_zpid/,FOR_RENT,306445,"6003 NW Reynolds St, Bentonville, AR 72713",6003 NW Reynolds St,1645,1761,1645,https://www.zillow.com/homedetails/6003-NW-Reynolds-St-Bentonville-AR-72713/2062784345_zpid/,2026-06-18T00:00:00.000Z,Price change,2026-06-04T00:00:00.000Z,Price change,2026-05-21T00:00:00.000Z,Price change,2026-05-09T00:00:00.000Z,Listed for rent,2023-02-28T00:00:00.000Z,Sold,2023-02-10T00:00:00.000Z,Price change,2022-12-09T00:00:00.000Z,Price change,2022-11-12T00:00:00.000Z,Price change,2022-08-19T00:00:00.000Z,Price change,2022-06-13T00:00:00.000Z,Listed for sale,,,,,,,,,,,,,,,,,,,,,,,,,,,,,,,,,,,,
3,8,/homedetails/608-S-Baridon-St-Conway-AR-72034/236173_zpid/,FOR_RENT,132500,"608 S Baridon St, Conway, AR 72034",608 S Baridon St,1800,1997,1800,https://www.zillow.com/homedetails/608-S-Baridon-St-Conway-AR-72034/236173_zpid/,2026-08-08T00:00:00.000Z,Listed for rent,2026-07-28T00:00:00.000Z,Listing removed,2026-07-06T00:00:00.000Z,Listed for rent,2026-04-27T00:00:00.000Z,Listing removed,2026-04-01T00:00:00.000Z,Price change,2022-11-28T00:00:00.000Z,Price change,2022-11-03T00:00:00.000Z,Listed for rent,2018-10-17T00:00:00.000Z,Sold,2018-09-20T00:00:00.000Z,Pending sale,2018-08-24T00:00:00.000Z,Listed for sale,2015-07-07T00:00:00.000Z,Sold,,,,,,,,,,,,,,,,,,,,,,,,,,,,,,,,,,
3,6,/homedetails/404-Marcella-Dr-Kings-Mountain-NC-28086/214091791_zpid/,FOR_RENT,255000,"404 Marcella Dr, Kings Mountain, NC 28086",404 Marcella Dr,2149,1507,2149,https://www.zillow.com/homedetails/404-Marcella-Dr-Kings-Mountain-NC-28086/214091791_zpid/,2026-08-11T00:00:00.000Z,Listed for rent,2021-08-17T00:00:00.000Z,Listing removed,2021-08-06T00:00:00.000Z,Price change,2021-07-22T00:00:00.000Z,Listed for rent,2021-06-24T00:00:00.000Z,Sold,2021-06-03T00:00:00.000Z,Pending sale,2021-05-26T00:00:00.000Z,Listed for sale,2016-05-24T00:00:00.000Z,Sold,,,,,,,,,,,,,,,,,,,,,,,,,,,,,,,,,,,,,,,,
4,20,/homedetails/6587-Westminster-Benton-AR-72019/120554683_zpid/,FOR_RENT,555000,"6587 Westminster, Benton, AR 72019",6587 Westminster,3695,3650,3695,https://www.zillow.com/homedetails/6587-Westminster-Benton-AR-72019/120554683_zpid/,2026-07-27T00:00:00.000Z,Listed for rent,2025-06-03T00:00:00.000Z,Listing removed,2025-05-23T00:00:00.000Z,Listed for rent,2025-05-21T00:00:00.000Z,Listing removed,2025-05-04T00:00:00.000Z,Listed for rent,2024-02-14T00:00:00.000Z,Listing removed,2024-01-31T00:00:00.000Z,Price change,2024-01-05T00:00:00.000Z,Price change,2023-12-15T00:00:00.000Z,Price change,2023-11-29T00:00:00.000Z,Listed for rent,2022-06-07T00:00:00.000Z,Listing removed,2022-06-03T00:00:00.000Z,Price change,2022-06-02T00:00:00.000Z,Listed for rent,2022-05-25T00:00:00.000Z,Listing removed,2022-05-20T00:00:00.000Z,Price change,2022-05-09T00:00:00.000Z,Listed for rent,2022-04-29T00:00:00.000Z,Listing removed,2022-04-04T00:00:00.000Z,Listed for rent,2021-12-28T00:00:00.000Z,Listing removed,2021-11-28T00:00:00.000Z,Listed for rent,2021-07-07T00:00:00.000Z,Sold,2021-06-01T00:00:00.000Z,Contingent,2021-05-28T00:00:00.000Z,Listed for sale,2015-02-03T00:00:00.000Z,Sold,,,,,,,,
3,41,/homedetails/2530-Jayme-Cir-Conway-AR-72032/239955_zpid/,FOR_RENT,153000,"2530 Jayme Cir, Conway, AR 72032",2530 Jayme Cir,1550,1424,1550,https://www.zillow.com/homedetails/2530-Jayme-Cir-Conway-AR-72032/239955_zpid/,2026-08-15T00:00:00.000Z,Listing removed,2026-08-12T00:00:00.000Z,Price change,2026-08-11T00:00:00.000Z,Listed for sale,2026-07-06T00:00:00.000Z,Listed for rent,2026-06-27T00:00:00.000Z,Listing removed,2026-06-02T00:00:00.000Z,Listed for rent,2025-04-23T00:00:00.000Z,Listing removed,2025-04-16T00:00:00.000Z,Price change,2025-03-24T00:00:00.000Z,Listed for rent,2024-02-18T00:00:00.000Z,Listing removed,2024-02-05T00:00:00.000Z,Price change,2024-02-02T00:00:00.000Z,Price change,2023-11-27T00:00:00.000Z,Listed for rent,2022-10-11T00:00:00.000Z,Listing removed,2022-10-02T00:00:00.000Z,Listed for rent,2022-08-26T00:00:00.000Z,Sold,2022-08-26T00:00:00.000Z,Contingent,2022-07-21T00:00:00.000Z,Listed for sale,2015-01-27T00:00:00.000Z,Sold,2014-12-12T00:00:00.000Z,Listed for sale,2014-07-18T00:00:00.000Z,Sold,,,,,,,,,,,,,,
3,4,/homedetails/14108-Cherry-Hill-Dr-Alexander-AR-72002/52934816_zpid/,FOR_RENT,155000,"14108 Cherry Hill Dr, Alexander, AR 72002",14108 Cherry Hill Dr,1475,1100,1475,https://www.zillow.com/homedetails/14108-Cherry-Hill-Dr-Alexander-AR-72002/52934816_zpid/,2026-08-12T00:00:00.000Z,Listed for rent,2026-06-22T00:00:00.000Z,Listing removed,2026-06-05T00:00:00.000Z,Listed for rent,2025-03-08T00:00:00.000Z,Listing removed,2025-02-04T00:00:00.000Z,Listed for rent,2023-10-25T00:00:00.000Z,Listing removed,2023-10-12T00:00:00.000Z,Listed for rent,2023-03-31T00:00:00.000Z,Listing removed,2023-03-27T00:00:00.000Z,Listed for rent,2023-03-10T00:00:00.000Z,Sold,,,,,,,,,,,,,,,,,,,,,,,,,,,,,,,,,,,,
3,24,/homedetails/3420-Bentonville-Dr-Conway-AR-72032/82249372_zpid/,FOR_RENT,158000,"3420 Bentonville Dr, Conway, AR 72032",3420 Bentonville Dr,1400,,1400,https://www.zillow.com/homedetails/3420-Bentonville-Dr-Conway-AR-72032/82249372_zpid/,2026-07-23T00:00:00.000Z,Listed for rent,2026-02-13T00:00:00.000Z,Sold,2026-01-07T00:00:00.000Z,Pending sale,2026-01-06T00:00:00.000Z,Contingent,2025-11-24T00:00:00.000Z,Listed for sale,2019-04-28T00:00:00.000Z,Sold,2019-03-14T00:00:00.000Z,Listed for sale,2015-06-03T00:00:00.000Z,Sold,2008-05-27T00:00:00.000Z,Sold,2007-05-31T00:00:00.000Z,Sold,,,,,,,,,,,,,,,,,,,,,,,,,,,,,,,,,,,,
3,2,/homedetails/2765-Archer-Ln-Conway-AR-72034/241241_zpid/,FOR_RENT,154500,"2765 Archer Ln, Conway, AR 72034",2765 Archer Ln,1700,1560,1700,https://www.zillow.com/homedetails/2765-Archer-Ln-Conway-AR-72034/241241_zpid/,2026-08-14T00:00:00.000Z,Listed for rent,2025-09-17T00:00:00.000Z,Listing removed,2025-08-12T00:00:00.000Z,Listed for rent,2024-05-31T00:00:00.000Z,Listing removed,2024-05-16T00:00:00.000Z,Listed for rent,2023-06-05T00:00:00.000Z,Listing removed,2023-06-02T00:00:00.000Z,Listed for rent,2019-12-17T00:00:00.000Z,Sold,2019-11-19T00:00:00.000Z,Price change,2019-09-30T00:00:00.000Z,Listed for sale,2014-10-14T00:00:00.000Z,Sold,,,,,,,,,,,,,,,,,,,,,,,,,,,,,,,,,,
3,81,/homedetails/14805-Post-Oaks-Pl-Mabelvale-AR-72103/377459_zpid/,FOR_RENT,139000,"14805 Post Oaks Pl, Mabelvale, AR 72103",14805 Post Oaks Pl,1595,1418,1595,https://www.zillow.com/homedetails/14805-Post-Oaks-Pl-Mabelvale-AR-72103/377459_zpid/,2026-07-29T00:00:00.000Z,Price change,2026-07-15T00:00:00.000Z,Price change,2026-06-05T00:00:00.000Z,Price change,2026-05-27T00:00:00.000Z,Listed for rent,2023-11-16T00:00:00.000Z,Listing removed,2023-10-31T00:00:00.000Z,Listed for rent,2021-09-17T00:00:00.000Z,Listing removed,2021-08-30T00:00:00.000Z,Listed for rent,2021-06-21T00:00:00.000Z,Sold,2021-05-19T00:00:00.000Z,Listed for sale,2018-12-03T00:00:00.000Z,Sold,2018-12-01T00:00:00.000Z,Pending sale,2018-10-30T00:00:00.000Z,Price change,2018-10-10T00:00:00.000Z,Listed for sale,2011-05-20T00:00:00.000Z,Listing removed,2010-12-02T00:00:00.000Z,Sold,2010-05-23T00:00:00.000Z,Listed for sale,2007-12-05T00:00:00.000Z,Sold,,,,,,,,,,,,,,,,,,,,
3,55,/homedetails/2905-Adam-St-Conway-AR-72034/239408_zpid/,RECENTLY_SOLD,225000,"2905 Adam St, Conway, AR 72034",2905 Adam St,225000,1644,225000,https://www.zillow.com/homedetails/2905-Adam-St-Conway-AR-72034/239408_zpid/,2026-07-30T00:00:00.000Z,Listing removed,2026-07-16T00:00:00.000Z,Price change,2026-07-08T00:00:00.000Z,Listed for rent,2026-06-22T00:00:00.000Z,Sold,2026-06-01T00:00:00.000Z,Listed for sale,2020-03-20T00:00:00.000Z,Sold,2020-03-13T00:00:00.000Z,Listed for sale,2020-02-01T00:00:00.000Z,Listing removed,2020-01-24T00:00:00.000Z,Price change,2020-01-17T00:00:00.000Z,Price change,2019-12-16T00:00:00.000Z,Pending sale,2019-11-10T00:00:00.000Z,Listed for sale,2006-07-11T00:00:00.000Z,Sold,2004-10-14T00:00:00.000Z,Sold,,,,,,,,,,,,,,,,,,,,,,,,,,,,
