listingAddress/full,listingAddress/street,listingAddress/city,listingAddress/state,listingAddress/zipCode,homeStatus,listingStatus,bedrooms,livingArea,price,listingPrice/amount,daysOnZillow,propertyUrl,hdpUrl,lastSoldPrice,listingPriceHistory/0/date,listingPriceHistory/0/event,listingPriceHistory/1/date,listingPriceHistory/1/event,listingPriceHistory/2/date,listingPriceHistory/2/event,listingPriceHistory/3/date,listingPriceHistory/3/event,listingPriceHistory/4/date,listingPriceHistory/4/event,listingPriceHistory/5/date,listingPriceHistory/5/event,listingPriceHistory/6/date,listingPriceHistory/6/event,listingPriceHistory/7/date,listingPriceHistory/7/event,listingPriceHistory/8/date,listingPriceHistory/8/event,listingPriceHistory/9/date,listingPriceHistory/9/event,listingPriceHistory/10/date,listingPriceHistory/10/event,listingPriceHistory/11/date,listingPriceHistory/11/event,listingPriceHistory/12/date,listingPriceHistory/12/event,listingPriceHistory/13/date,listingPriceHistory/13/event,listingPriceHistory/14/date,listingPriceHistory/14/event,listingPriceHistory/15/date,listingPriceHistory/15/event,listingPriceHistory/16/date,listingPriceHistory/16/event,listingPriceHistory/17/date,listingPriceHistory/17/event,listingPriceHistory/18/date,listingPriceHistory/18/event,listingPriceHistory/19/date,listingPriceHistory/19/event,listingPriceHistory/20/date,listingPriceHistory/20/event,listingPriceHistory/21/date,listingPriceHistory/21/event,listingPriceHistory/22/date,listingPriceHistory/22/event,listingPriceHistory/23/date,listingPriceHistory/23/event,listingPriceHistory/24/date,listingPriceHistory/24/event,listingPriceHistory/25/date,listingPriceHistory/25/event,listingPriceHistory/26/date,listingPriceHistory/26/event,listingPriceHistory/27/date,listingPriceHistory/27/event
"8616 Eastwood Creek Dr, North Little Rock, AR 72113",8616 Eastwood Creek Dr,North Little Rock,AR,72113,,forRent,3,1722,,1950,27,https://www.zillow.com/homedetails/8616-Eastwood-Creek-Dr-North-Little-Rock-AR-72113/2059022685_zpid/,,246600,2026-08-20T00:00:00.000Z,Listed for rent,2026-08-20T00:00:00.000Z,Listing removed,2026-08-08T00:00:00.000Z,Price change,2026-07-16T00:00:00.000Z,Listed for rent,2023-06-12T00:00:00.000Z,Sold,2023-05-02T00:00:00.000Z,Contingent,2023-03-02T00:00:00.000Z,Listed for sale,2023-03-01T00:00:00.000Z,Contingent,2023-02-24T00:00:00.000Z,Listed for sale,,,,,,,,,,,,,,,,,,,,,,,,,,,,,,,,,,,,,,
"3802 Pinecrest Ln, Maumelle, AR 72113",3802 Pinecrest Ln,Maumelle,AR,72113,,forRent,4,2435,,2600,13,https://www.zillow.com/homedetails/3802-Pinecrest-Ln-Maumelle-AR-72113/465038347_zpid/,,,2026-09-15T00:00:00.000Z,Price change,2026-09-03T00:00:00.000Z,Listed for rent,,,,,,,,,,,,,,,,,,,,,,,,,,,,,,,,,,,,,,,,,,,,,,,,,,,,
"10700 Mason Dr, North Little Rock, AR 72113",10700 Mason Dr,North Little Rock,AR,72113,,forRent,3,1248,,1700,8,https://www.zillow.com/homedetails/10700-Mason-Dr-North-Little-Rock-AR-72113/457082284_zpid/,,204325,2026-09-08T00:00:00.000Z,Listed for rent,2026-03-11T00:00:00.000Z,Sold,2026-01-15T00:00:00.000Z,Contingent,2025-12-30T00:00:00.000Z,Listed for sale,2025-10-30T00:00:00.000Z,Listing removed,2025-09-30T00:00:00.000Z,Listed for sale,,,,,,,,,,,,,,,,,,,,,,,,,,,,,,,,,,,,,,,,,,,,
"6005 Coywolf, Maumelle, AR 72113",6005 Coywolf,Maumelle,AR,72113,,forRent,4,1955,,2300,0,https://www.zillow.com/homedetails/6005-Coywolf-Maumelle-AR-72113/465322717_zpid/,,,2026-09-16T00:00:00.000Z,Listed for rent,,,,,,,,,,,,,,,,,,,,,,,,,,,,,,,,,,,,,,,,,,,,,,,,,,,,,,
"113 Lucy Ln, Maumelle, AR 72113",113 Lucy Ln,Maumelle,AR,72113,,forRent,3,1051,,1460,8,https://www.zillow.com/homedetails/113-Lucy-Ln-Maumelle-AR-72113/463057776_zpid/,,,2026-09-09T00:00:00.000Z,Listed for rent,2026-08-14T00:00:00.000Z,Listing removed,2026-08-10T00:00:00.000Z,Price change,2026-07-17T00:00:00.000Z,Price change,2026-07-13T00:00:00.000Z,Price change,2026-07-09T00:00:00.000Z,Price change,2026-07-06T00:00:00.000Z,Price change,2026-06-09T00:00:00.000Z,Listed for sale,,,,,,,,,,,,,,,,,,,,,,,,,,,,,,,,,,,,,,,,
"2400 SW Ednruance Way #2, Maumelle, AR 72113",2400 SW Ednruance Way #2,Maumelle,AR,72113,,forRent,3,1200,,1995,86,https://www.zillow.com/homedetails/2400-SW-Ednruance-Way-2-Maumelle-AR-72113/463401793_zpid/,,,2026-09-08T00:00:00.000Z,Price change,2026-06-23T00:00:00.000Z,Listed for rent,,,,,,,,,,,,,,,,,,,,,,,,,,,,,,,,,,,,,,,,,,,,,,,,,,,,
"103 Jo Park Ln, Maumelle, AR 72113",103 Jo Park Ln,Maumelle,AR,72113,,forRent,3,1491,,1700,0,https://www.zillow.com/homedetails/103-Jo-Park-Ln-Maumelle-AR-72113/2058345725_zpid/,,223425,2026-09-16T00:00:00.000Z,Listed for rent,2023-08-10T00:00:00.000Z,Sold,2023-04-29T00:00:00.000Z,Listing removed,2023-04-18T00:00:00.000Z,Price change,2023-03-26T00:00:00.000Z,Listed for sale,,,,,,,,,,,,,,,,,,,,,,,,,,,,,,,,,,,,,,,,,,,,,,
"35 Foster Louis Ln, Cabot, AR 72023",35 Foster Louis Ln,Cabot,AR,72023,,forRent,3,1234,,1455,19,https://www.zillow.com/homedetails/35-Foster-Louis-Ln-Cabot-AR-72023/349183675_zpid/,,,2026-08-28T00:00:00.000Z,Listed for rent,2024-08-07T00:00:00.000Z,Listing removed,2024-08-06T00:00:00.000Z,Listed for rent,2024-08-06T00:00:00.000Z,Listing removed,2024-05-04T00:00:00.000Z,Listed for rent,,,,,,,,,,,,,,,,,,,,,,,,,,,,,,,,,,,,,,,,,,,,,,
"100 Nona Ruth Ln, Cabot, AR 72023",100 Nona Ruth Ln,Cabot,AR,72023,,forRent,4,1459,,1460,8,https://www.zillow.com/homedetails/100-Nona-Ruth-Ln-Cabot-AR-72023/463333811_zpid/,,,2026-09-09T00:00:00.000Z,Listed for rent,2026-08-14T00:00:00.000Z,Listing removed,2026-08-04T00:00:00.000Z,Price change,2026-07-20T00:00:00.000Z,Price change,2026-07-06T00:00:00.000Z,Price change,2026-06-18T00:00:00.000Z,Listed for sale,,,,,,,,,,,,,,,,,,,,,,,,,,,,,,,,,,,,,,,,,,,,
"70 Kinley Brook Ln, Cabot, AR 72023",70 Kinley Brook Ln,Cabot,AR,72023,,forRent,3,1012,,1595,37,https://www.zillow.com/homedetails/70-Kinley-Brook-Ln-Cabot-AR-72023/2055560788_zpid/,,175775,2026-08-11T00:00:00.000Z,Listed for rent,2024-06-17T00:00:00.000Z,Listing removed,2024-05-22T00:00:00.000Z,Price change,2024-03-06T00:00:00.000Z,Listed for rent,2024-02-27T00:00:00.000Z,Sold,2024-02-17T00:00:00.000Z,Contingent,2023-12-26T00:00:00.000Z,Price change,2023-11-15T00:00:00.000Z,Price change,2023-09-12T00:00:00.000Z,Listed for sale,,,,,,,,,,,,,,,,,,,,,,,,,,,,,,,,,,,,,,
"105 Maddison Rachael, Cabot, AR 72023",105 Maddison Rachael,Cabot,AR,72023,,forRent,4,1459,,1460,8,https://www.zillow.com/homedetails/105-Maddison-Rachael-Cabot-AR-72023/463333812_zpid/,,,2026-09-09T00:00:00.000Z,Listed for rent,2026-08-14T00:00:00.000Z,Listing removed,2026-08-04T00:00:00.000Z,Price change,2026-07-20T00:00:00.000Z,Price change,2026-06-18T00:00:00.000Z,Listed for sale,,,,,,,,,,,,,,,,,,,,,,,,,,,,,,,,,,,,,,,,,,,,,,
"155 Maddison Dr, Cabot, AR 72023",155 Maddison Dr,Cabot,AR,72023,,forRent,4,1600,,1535,2,https://www.zillow.com/homedetails/155-Maddison-Dr-Cabot-AR-72023/465236137_zpid/,,,2026-09-14T00:00:00.000Z,Listed for rent,,,,,,,,,,,,,,,,,,,,,,,,,,,,,,,,,,,,,,,,,,,,,,,,,,,,,,
"55 Maddison Rachael, Cabot, AR 72023",55 Maddison Rachael,Cabot,AR,72023,,forRent,4,1459,,1475,47,https://www.zillow.com/homedetails/55-Maddison-Rachael-Cabot-AR-72023/461972684_zpid/,,212900,2026-08-27T00:00:00.000Z,Price change,2026-07-31T00:00:00.000Z,Listed for rent,2026-07-24T00:00:00.000Z,Sold,2026-06-01T00:00:00.000Z,Contingent,2026-04-24T00:00:00.000Z,Listed for sale,,,,,,,,,,,,,,,,,,,,,,,,,,,,,,,,,,,,,,,,,,,,,,
"65 Swayze Rhys Ln, Cabot, AR 72023",65 Swayze Rhys Ln,Cabot,AR,72023,,forRent,3,1633,,1675,34,https://www.zillow.com/homedetails/65-Swayze-Rhys-Ln-Cabot-AR-72023/2052994194_zpid/,,213925,2026-09-08T00:00:00.000Z,Price change,2026-08-13T00:00:00.000Z,Listed for rent,2024-05-01T00:00:00.000Z,Sold,2024-04-05T00:00:00.000Z,Contingent,2024-02-09T00:00:00.000Z,Price change,2024-02-01T00:00:00.000Z,Listed for sale,,,,,,,,,,,,,,,,,,,,,,,,,,,,,,,,,,,,,,,,,,,,
"120 Nona Ruth Ln, Cabot, AR 72023",120 Nona Ruth Ln,Cabot,AR,72023,,forRent,3,1402,,1410,8,https://www.zillow.com/homedetails/120-Nona-Ruth-Ln-Cabot-AR-72023/464079221_zpid/,,,2026-09-09T00:00:00.000Z,Listed for rent,2026-08-14T00:00:00.000Z,Listing removed,2026-07-24T00:00:00.000Z,Price change,2026-07-23T00:00:00.000Z,Listed for sale,,,,,,,,,,,,,,,,,,,,,,,,,,,,,,,,,,,,,,,,,,,,,,,,
"115 Maddison Rachael, Cabot, AR 72023",115 Maddison Rachael,Cabot,AR,72023,,forRent,3,1373,,1410,8,https://www.zillow.com/homedetails/115-Maddison-Rachael-Cabot-AR-72023/463940284_zpid/,,,2026-09-09T00:00:00.000Z,Listed for rent,2026-08-14T00:00:00.000Z,Listing removed,2026-08-04T00:00:00.000Z,Price change,2026-07-20T00:00:00.000Z,Price change,2026-07-17T00:00:00.000Z,Listed for sale,,,,,,,,,,,,,,,,,,,,,,,,,,,,,,,,,,,,,,,,,,,,,,
"140 Nona Ruth Ln, Cabot, AR 72023",140 Nona Ruth Ln,Cabot,AR,72023,,forRent,3,1402,,1410,2,https://www.zillow.com/homedetails/140-Nona-Ruth-Ln-Cabot-AR-72023/464348901_zpid/,,,2026-09-14T00:00:00.000Z,Listed for rent,2026-08-18T00:00:00.000Z,Listing removed,2026-08-07T00:00:00.000Z,Price change,2026-08-06T00:00:00.000Z,Price change,2026-08-06T00:00:00.000Z,Listed for sale,,,,,,,,,,,,,,,,,,,,,,,,,,,,,,,,,,,,,,,,,,,,,,
"110 Nona Ruth Ln, Cabot, AR 72023",110 Nona Ruth Ln,Cabot,AR,72023,,forRent,3,1248,,1310,8,https://www.zillow.com/homedetails/110-Nona-Ruth-Ln-Cabot-AR-72023/463333813_zpid/,,,2026-09-09T00:00:00.000Z,Listed for rent,2026-08-14T00:00:00.000Z,Listing removed,2026-08-04T00:00:00.000Z,Price change,2026-07-24T00:00:00.000Z,Price change,2026-07-20T00:00:00.000Z,Price change,2026-07-09T00:00:00.000Z,Price change,2026-06-18T00:00:00.000Z,Listed for sale,,,,,,,,,,,,,,,,,,,,,,,,,,,,,,,,,,,,,,,,,,
"24-1 Five Oddie Ln, Ward, AR 72023",24-1 Five Oddie Ln,Ward,AR,72023,,forRent,2,825,,725,7,https://www.zillow.com/homedetails/24-1-Five-Oddie-Ln-Ward-AR-72023/464237325_zpid/,,,2026-09-11T00:00:00.000Z,Price change,2026-09-09T00:00:00.000Z,Listed for rent,2026-08-26T00:00:00.000Z,Listing removed,2026-07-30T00:00:00.000Z,Listed for rent,,,,,,,,,,,,,,,,,,,,,,,,,,,,,,,,,,,,,,,,,,,,,,,,
"60 Leruss Blvd, Cabot, AR 72023",60 Leruss Blvd,Cabot,AR,72023,,forRent,3,1422,,1399,43,https://www.zillow.com/homedetails/60-Leruss-Blvd-Cabot-AR-72023/342062290_zpid/,,203000,2026-09-14T00:00:00.000Z,Price change,2026-08-27T00:00:00.000Z,Price change,2026-08-04T00:00:00.000Z,Listed for rent,2024-06-22T00:00:00.000Z,Listing removed,2024-06-15T00:00:00.000Z,Listed for rent,2024-06-11T00:00:00.000Z,Sold,2024-04-10T00:00:00.000Z,Listing removed,2024-04-04T00:00:00.000Z,Price change,2024-03-02T00:00:00.000Z,Price change,2024-02-27T00:00:00.000Z,Listed for sale,,,,,,,,,,,,,,,,,,,,,,,,,,,,,,,,,,,,
"25 Maddison Rachael, Cabot, AR 72023",25 Maddison Rachael,Cabot,AR,72023,,forRent,3,1248,,1310,8,https://www.zillow.com/homedetails/25-Maddison-Rachael-Cabot-AR-72023/460872609_zpid/,,,2026-09-09T00:00:00.000Z,Listed for rent,2026-08-14T00:00:00.000Z,Listing removed,2026-07-24T00:00:00.000Z,Price change,2026-07-20T00:00:00.000Z,Price change,2026-07-17T00:00:00.000Z,Price change,2026-07-09T00:00:00.000Z,Price change,2026-07-06T00:00:00.000Z,Price change,2026-06-25T00:00:00.000Z,Price change,2026-06-17T00:00:00.000Z,Price change,2026-04-30T00:00:00.000Z,Price change,2026-04-24T00:00:00.000Z,Price change,2026-04-07T00:00:00.000Z,Price change,2026-03-31T00:00:00.000Z,Price change,2026-03-13T00:00:00.000Z,Price change,2026-03-05T00:00:00.000Z,Listed for sale,,,,,,,,,,,,,,,,,,,,,,,,,,
"15 Leruss Blvd, Cabot, AR 72023",15 Leruss Blvd,Cabot,AR,72023,,forRent,,,,,,https://www.zillow.com/b/15-leruss-blvd-cabot-ar-CkhJp8/,,,,,,,,,,,,,,,,,,,,,,,,,,,,,,,,,,,,,,,,,,,,,,,,,,,,,,,,,,
"1610 Raden St, Conway, AR 72032",1610 Raden St,Conway,AR,72032,,forRent,3,1243,,1650,35,https://www.zillow.com/homedetails/1610-Raden-St-Conway-AR-72032/2066419442_zpid/,,,2026-08-12T00:00:00.000Z,Listed for rent,2025-10-04T00:00:00.000Z,Listing removed,2025-10-03T00:00:00.000Z,Listed for rent,2025-10-03T00:00:00.000Z,Listing removed,2025-07-18T00:00:00.000Z,Listed for rent,2023-12-30T00:00:00.000Z,Listing removed,2023-12-29T00:00:00.000Z,Listed for rent,2023-12-28T00:00:00.000Z,Listing removed,2023-12-01T00:00:00.000Z,Price change,2023-09-08T00:00:00.000Z,Listed for rent,2023-04-19T00:00:00.000Z,Listing removed,2023-03-28T00:00:00.000Z,Listed for rent,2022-04-21T00:00:00.000Z,Listing removed,2022-02-16T00:00:00.000Z,Listed for rent,,,,,,,,,,,,,,,,,,,,,,,,,,,,
"2400 SW Ednruance Way, Maumelle, AR 72113",2400 SW Ednruance Way,Maumelle,AR,72113,,other,,,,,,"https://www.zillow.com/b/2400-sw-ednruance-way-maumelle-ar/34.87126275998,-92.450398671503_ll/",,,,,,,,,,,,,,,,,,,,,,,,,,,,,,,,,,,,,,,,,,,,,,,,,,,,,,,,,,
"1120 Trenton Dr, Conway, AR 72034",1120 Trenton Dr,Conway,AR,72034,,forRent,3,1230,,1450,6,https://www.zillow.com/homedetails/1120-Trenton-Dr-Conway-AR-72034/82275033_zpid/,,92000,2026-09-10T00:00:00.000Z,Listed for rent,2026-03-11T00:00:00.000Z,Listing removed,2026-03-04T00:00:00.000Z,Listed for rent,2021-03-24T00:00:00.000Z,Listing removed,2020-02-09T00:00:00.000Z,Listing removed,2020-01-09T00:00:00.000Z,Price change,2019-11-07T00:00:00.000Z,Price change,2019-10-20T00:00:00.000Z,Listed for rent,2005-05-03T00:00:00.000Z,Sold,,,,,,,,,,,,,,,,,,,,,,,,,,,,,,,,,,,,,,
"175 Southerland Rd, Conway, AR 72032",175 Southerland Rd,Conway,AR,72032,,forRent,3,1532,,1650,14,https://www.zillow.com/homedetails/175-Southerland-Rd-Conway-AR-72032/35730518_zpid/,,165000,2026-09-02T00:00:00.000Z,Listed for rent,2025-07-03T00:00:00.000Z,Listing removed,2025-06-23T00:00:00.000Z,Listed for rent,2024-06-07T00:00:00.000Z,Listing removed,2024-05-25T00:00:00.000Z,Listed for rent,2022-05-09T00:00:00.000Z,Listing removed,2022-04-18T00:00:00.000Z,Listed for rent,2022-04-06T00:00:00.000Z,Sold,2022-02-18T00:00:00.000Z,Contingent,2022-02-03T00:00:00.000Z,Listed for sale,2020-07-20T00:00:00.000Z,Listing removed,2020-07-17T00:00:00.000Z,Listed for sale,2018-02-03T00:00:00.000Z,Listing removed,2017-12-31T00:00:00.000Z,Listed for rent,2015-07-20T00:00:00.000Z,Sold,2015-06-17T00:00:00.000Z,Pending sale,2015-05-02T00:00:00.000Z,Listed for sale,2015-01-01T00:00:00.000Z,Listing removed,2014-06-19T00:00:00.000Z,Listed for sale,2006-09-26T00:00:00.000Z,Sold,,,,,,,,,,,,,,,,
"1810 Rich Smith Ln, Conway, AR 72032",1810 Rich Smith Ln,Conway,AR,72032,,forRent,3,2310,,2500,51,https://www.zillow.com/homedetails/1810-Rich-Smith-Ln-Conway-AR-72032/102992676_zpid/,,,2026-07-27T00:00:00.000Z,Price change,2026-06-22T00:00:00.000Z,Price change,2026-04-22T00:00:00.000Z,Price change,2026-01-07T00:00:00.000Z,Listed for rent,,,,,,,,,,,,,,,,,,,,,,,,,,,,,,,,,,,,,,,,,,,,,,,,
"103 E Concord Rd, Mayflower, AR 72106",103 E Concord Rd,Mayflower,AR,72106,,forRent,3,1413,,1660,8,https://www.zillow.com/homedetails/103-E-Concord-Rd-Mayflower-AR-72106/463058000_zpid/,,,2026-09-09T00:00:00.000Z,Listed for rent,2026-08-14T00:00:00.000Z,Listing removed,2026-07-20T00:00:00.000Z,Price change,2026-06-09T00:00:00.000Z,Listed for sale,,,,,,,,,,,,,,,,,,,,,,,,,,,,,,,,,,,,,,,,,,,,,,,,
"1740 Raden St, Conway, AR 72032",1740 Raden St,Conway,AR,72032,,forRent,3,1243,,1650,7,https://www.zillow.com/homedetails/1740-Raden-St-Conway-AR-72032/2061816633_zpid/,,,2026-09-09T00:00:00.000Z,Listed for rent,2026-05-19T00:00:00.000Z,Listing removed,2026-02-27T00:00:00.000Z,Price change,2022-11-09T00:00:00.000Z,Price change,2022-10-11T00:00:00.000Z,Price change,2022-08-22T00:00:00.000Z,Listed for rent,,,,,,,,,,,,,,,,,,,,,,,,,,,,,,,,,,,,,,,,,,,,
"1306 Bellemeade Dr, Conway, AR 72034",1306 Bellemeade Dr,Conway,AR,72034,,forRent,3,2220,,1775,34,https://www.zillow.com/homedetails/1306-Bellemeade-Dr-Conway-AR-72034/234155_zpid/,,89090,2026-08-13T00:00:00.000Z,Listed for rent,2025-06-20T00:00:00.000Z,Listing removed,2025-05-09T00:00:00.000Z,Listed for rent,2017-12-01T00:00:00.000Z,Listing removed,2017-08-20T00:00:00.000Z,Price change,2017-05-31T00:00:00.000Z,Listed for sale,2013-10-16T00:00:00.000Z,Listing removed,2013-07-18T00:00:00.000Z,Listed for sale,2013-04-01T00:00:00.000Z,Sold,2012-06-28T00:00:00.000Z,Sold,,,,,,,,,,,,,,,,,,,,,,,,,,,,,,,,,,,,
"1267 Hamilton St, Conway, AR 72032",1267 Hamilton St,Conway,AR,72032,,forRent,3,1056,,1158,28,https://www.zillow.com/homedetails/1267-Hamilton-St-Conway-AR-72032/234905_zpid/,,52000,2026-09-16T00:00:00.000Z,Price change,2026-09-14T00:00:00.000Z,Price change,2026-08-20T00:00:00.000Z,Listed for rent,2024-09-19T00:00:00.000Z,Listing removed,2024-09-17T00:00:00.000Z,Price change,2024-09-15T00:00:00.000Z,Price change,2024-09-13T00:00:00.000Z,Listed for rent,2022-12-30T00:00:00.000Z,Listing removed,2022-12-17T00:00:00.000Z,Price change,2022-12-03T00:00:00.000Z,Price change,2022-11-22T00:00:00.000Z,Price change,2022-11-08T00:00:00.000Z,Listed for rent,2022-11-04T00:00:00.000Z,Listing removed,2022-10-28T00:00:00.000Z,Price change,2022-09-30T00:00:00.000Z,Listed for sale,2021-12-14T00:00:00.000Z,Sold,2015-03-20T00:00:00.000Z,Sold,,,,,,,,,,,,,,,,,,,,,,
"1155 Mimosa Dr, Conway, AR 72034",1155 Mimosa Dr,Conway,AR,72034,,forRent,3,1236,,1400,12,https://www.zillow.com/homedetails/1155-Mimosa-Dr-Conway-AR-72034/35730018_zpid/,,78000,2026-09-04T00:00:00.000Z,Listed for rent,2025-06-19T00:00:00.000Z,Listing removed,2025-06-16T00:00:00.000Z,Listed for rent,2023-09-26T00:00:00.000Z,Listing removed,2023-09-11T00:00:00.000Z,Listed for rent,2019-06-13T00:00:00.000Z,Listing removed,2019-06-05T00:00:00.000Z,Listed for rent,2001-06-27T00:00:00.000Z,Sold,,,,,,,,,,,,,,,,,,,,,,,,,,,,,,,,,,,,,,,,
"31 Haley Renee Dr, Greenbrier, AR 72058",31 Haley Renee Dr,Greenbrier,AR,72058,,forRent,3,1527,,1400,42,https://www.zillow.com/homedetails/31-Haley-Renee-Dr-Greenbrier-AR-72058/464349852_zpid/,,,2026-08-05T00:00:00.000Z,Listed for rent,,,,,,,,,,,,,,,,,,,,,,,,,,,,,,,,,,,,,,,,,,,,,,,,,,,,,,
"2255 Rainbow Rd, Conway, AR 72032",2255 Rainbow Rd,Conway,AR,72032,,forRent,3,1254,,1600,0,https://www.zillow.com/homedetails/2255-Rainbow-Rd-Conway-AR-72032/240098_zpid/,,203000,2026-09-16T00:00:00.000Z,Listed for rent,2026-09-15T00:00:00.000Z,Sold,2026-08-14T00:00:00.000Z,Contingent,2026-08-12T00:00:00.000Z,Listed for sale,2024-08-23T00:00:00.000Z,Listing removed,2024-07-31T00:00:00.000Z,Listed for rent,2022-08-16T00:00:00.000Z,Listing removed,2022-08-08T00:00:00.000Z,Price change,2022-07-28T00:00:00.000Z,Listed for rent,2014-05-28T00:00:00.000Z,Sold,2010-06-23T00:00:00.000Z,Sold,,,,,,,,,,,,,,,,,,,,,,,,,,,,,,,,,,
"63 Autumn Hills Rd, Greenbrier, AR 72058",63 Autumn Hills Rd,Greenbrier,AR,72058,,forRent,3,1420,,1450,1,https://www.zillow.com/homedetails/63-Autumn-Hills-Rd-Greenbrier-AR-72058/82246957_zpid/,,,2026-09-15T00:00:00.000Z,Listed for rent,2025-01-21T00:00:00.000Z,Listing removed,2025-01-17T00:00:00.000Z,Listed for rent,,,,,,,,,,,,,,,,,,,,,,,,,,,,,,,,,,,,,,,,,,,,,,,,,,
"4555 Graham Dr, Conway, AR 72034",4555 Graham Dr,Conway,AR,72034,,forRent,3,1192,,1400,34,https://www.zillow.com/homedetails/4555-Graham-Dr-Conway-AR-72034/59917944_zpid/,,185000,2026-08-13T00:00:00.000Z,Listed for rent,2024-10-02T00:00:00.000Z,Listing removed,2024-09-23T00:00:00.000Z,Listed for rent,2023-07-28T00:00:00.000Z,Sold,2023-06-28T00:00:00.000Z,Contingent,2023-06-28T00:00:00.000Z,Listed for sale,2021-03-24T00:00:00.000Z,Listing removed,2016-11-28T00:00:00.000Z,Listing removed,2016-11-28T00:00:00.000Z,Listed for sale,2016-09-29T00:00:00.000Z,Sold,2016-09-06T00:00:00.000Z,Pending sale,2016-07-30T00:00:00.000Z,Price change,2016-07-21T00:00:00.000Z,Listed for sale,2011-06-21T00:00:00.000Z,Sold,2005-10-20T00:00:00.000Z,Sold,,,,,,,,,,,,,,,,,,,,,,,,,,
"10 Harvest Ln, Conway, AR 72032",10 Harvest Ln,Conway,AR,72032,,forRent,3,1288,,1395,29,https://www.zillow.com/homedetails/10-Harvest-Ln-Conway-AR-72032/338960356_zpid/,,,2026-09-10T00:00:00.000Z,Price change,2026-08-18T00:00:00.000Z,Listed for rent,2024-10-10T00:00:00.000Z,Listing removed,2024-09-25T00:00:00.000Z,Listed for rent,2022-09-22T00:00:00.000Z,Listing removed,2022-08-25T00:00:00.000Z,Price change,2022-08-03T00:00:00.000Z,Listed for sale,,,,,,,,,,,,,,,,,,,,,,,,,,,,,,,,,,,,,,,,,,
"1425 Ola St, Conway, AR 72032",1425 Ola St,Conway,AR,72032,,forRent,3,1268,,3100,14,https://www.zillow.com/homedetails/1425-Ola-St-Conway-AR-72032/63265054_zpid/,,115000,2026-09-02T00:00:00.000Z,Listed for rent,2026-02-22T00:00:00.000Z,Listing removed,2026-01-13T00:00:00.000Z,Listed for rent,2025-12-29T00:00:00.000Z,Listing removed,2025-11-07T00:00:00.000Z,Listed for rent,2025-06-27T00:00:00.000Z,Listing removed,2025-06-10T00:00:00.000Z,Listed for rent,2025-05-29T00:00:00.000Z,Listing removed,2025-03-22T00:00:00.000Z,Price change,2025-02-10T00:00:00.000Z,Listed for rent,2025-02-01T00:00:00.000Z,Listing removed,2025-01-15T00:00:00.000Z,Listed for rent,2024-12-10T00:00:00.000Z,Listing removed,2024-11-30T00:00:00.000Z,Listed for rent,2024-11-23T00:00:00.000Z,Listing removed,2024-10-16T00:00:00.000Z,Listed for rent,2015-03-23T00:00:00.000Z,Sold,2015-01-09T00:00:00.000Z,Price change,2014-10-12T00:00:00.000Z,Price change,2014-08-27T00:00:00.000Z,Listed for sale,2009-12-01T00:00:00.000Z,Sold,2009-10-21T00:00:00.000Z,Listed for sale,,,,,,,,,,,,
"22 Marshall Rd N, Vilonia, AR 72173",22 Marshall Rd N,Vilonia,AR,72173,,forRent,3,1500,,1350,11,https://www.zillow.com/homedetails/22-Marshall-Rd-N-Vilonia-AR-72173/52392644_zpid/,,,2026-09-17T00:00:00.000Z,Price change,2026-09-06T00:00:00.000Z,Listed for rent,2025-12-21T00:00:00.000Z,Listing removed,2025-11-17T00:00:00.000Z,Price change,2025-11-12T00:00:00.000Z,Price change,2025-10-27T00:00:00.000Z,Listed for rent,2024-09-06T00:00:00.000Z,Listing removed,2024-08-28T00:00:00.000Z,Price change,2024-08-13T00:00:00.000Z,Price change,2024-07-23T00:00:00.000Z,Listed for rent,,,,,,,,,,,,,,,,,,,,,,,,,,,,,,,,,,,,
"1906 Dave Ward Dr, Conway, AR 72034",1906 Dave Ward Dr,Conway,AR,72034,,forRent,3,1335,,1000,36,https://www.zillow.com/homedetails/1906-Dave-Ward-Dr-Conway-AR-72034/2061771487_zpid/,,,2026-08-11T00:00:00.000Z,Listed for rent,2025-12-18T00:00:00.000Z,Listing removed,2025-11-11T00:00:00.000Z,Price change,2025-10-28T00:00:00.000Z,Price change,2025-10-03T00:00:00.000Z,Price change,2025-06-27T00:00:00.000Z,Listed for rent,2024-05-29T00:00:00.000Z,Listing removed,2024-05-14T00:00:00.000Z,Price change,2024-04-23T00:00:00.000Z,Price change,2024-04-15T00:00:00.000Z,Price change,2024-03-18T00:00:00.000Z,Price change,2024-02-16T00:00:00.000Z,Price change,2024-02-13T00:00:00.000Z,Price change,2024-01-31T00:00:00.000Z,Listed for rent,2023-11-30T00:00:00.000Z,Listing removed,2023-11-15T00:00:00.000Z,Listed for rent,2022-10-25T00:00:00.000Z,Listing removed,2022-10-18T00:00:00.000Z,Price change,2022-10-02T00:00:00.000Z,Price change,2022-08-26T00:00:00.000Z,Listed for rent,,,,,,,,,,,,,,,,
"1930 College Ave, Conway, AR 72034",1930 College Ave,Conway,AR,72034,,forRent,3,1926,,3100,14,https://www.zillow.com/homedetails/1930-College-Ave-Conway-AR-72034/237634_zpid/,,160268,2026-09-02T00:00:00.000Z,Listed for rent,2026-03-18T00:00:00.000Z,Listing removed,2026-02-19T00:00:00.000Z,Price change,2026-02-05T00:00:00.000Z,Listed for rent,2026-01-28T00:00:00.000Z,Listing removed,2026-01-13T00:00:00.000Z,Listed for rent,2025-09-23T00:00:00.000Z,Listing removed,2025-08-26T00:00:00.000Z,Price change,2025-08-07T00:00:00.000Z,Price change,2025-07-30T00:00:00.000Z,Listed for rent,2025-06-27T00:00:00.000Z,Listing removed,2025-06-10T00:00:00.000Z,Listed for rent,2025-05-29T00:00:00.000Z,Listing removed,2025-03-22T00:00:00.000Z,Price change,2025-02-10T00:00:00.000Z,Listed for rent,2025-02-01T00:00:00.000Z,Listing removed,2025-01-15T00:00:00.000Z,Listed for rent,2024-12-10T00:00:00.000Z,Listing removed,2024-11-30T00:00:00.000Z,Listed for rent,2024-11-23T00:00:00.000Z,Listing removed,2024-10-16T00:00:00.000Z,Listed for rent,2023-05-02T00:00:00.000Z,Sold,2023-02-20T00:00:00.000Z,Price change,2023-01-29T00:00:00.000Z,Listed for sale,2013-08-23T00:00:00.000Z,Sold,,,,,,
"89 Solomon Grove Rd, Damascus, AR 72039",89 Solomon Grove Rd,Damascus,AR,72039,,forRent,3,1456,,1025,7,https://www.zillow.com/homedetails/89-Solomon-Grove-Rd-Damascus-AR-72039/244831_zpid/,,241000,2026-09-09T00:00:00.000Z,Listed for rent,2023-11-27T00:00:00.000Z,Listing removed,2023-11-20T00:00:00.000Z,Price change,2023-10-24T00:00:00.000Z,Listed for rent,2014-10-30T00:00:00.000Z,Sold,,,,,,,,,,,,,,,,,,,,,,,,,,,,,,,,,,,,,,,,,,,,,,
"2804 Bruce St, Conway, AR 72034",2804 Bruce St,Conway,AR,72034,,forRent,3,1232,,1375,9,https://www.zillow.com/homedetails/2804-Bruce-St-Conway-AR-72034/238249_zpid/,,115000,2026-09-07T00:00:00.000Z,Listed for rent,2017-11-12T00:00:00.000Z,Listing removed,2017-11-01T00:00:00.000Z,Listed for rent,2016-07-19T00:00:00.000Z,Listing removed,2016-07-19T00:00:00.000Z,Listed for sale,2016-07-18T00:00:00.000Z,Sold,2016-06-22T00:00:00.000Z,Pending sale,2016-06-09T00:00:00.000Z,Listed for sale,2011-06-20T00:00:00.000Z,Sold,2006-12-04T00:00:00.000Z,Sold,,,,,,,,,,,,,,,,,,,,,,,,,,,,,,,,,,,,
"2004 Hairston Ave, Conway, AR 72034",2004 Hairston Ave,Conway,AR,72034,,forRent,3,1703,,2800,14,https://www.zillow.com/homedetails/2004-Hairston-Ave-Conway-AR-72034/444384959_zpid/,,,2026-09-02T00:00:00.000Z,Listed for rent,2026-02-25T00:00:00.000Z,Listing removed,2026-01-13T00:00:00.000Z,Listed for rent,2025-12-29T00:00:00.000Z,Listing removed,2025-11-07T00:00:00.000Z,Listed for rent,2025-06-27T00:00:00.000Z,Listing removed,2025-06-10T00:00:00.000Z,Listed for rent,2025-05-29T00:00:00.000Z,Listing removed,2025-03-24T00:00:00.000Z,Price change,2025-01-29T00:00:00.000Z,Price change,2025-01-15T00:00:00.000Z,Listed for rent,2024-11-29T00:00:00.000Z,Listing removed,2024-10-16T00:00:00.000Z,Listed for rent,,,,,,,,,,,,,,,,,,,,,,,,,,,,,,
"640 Cherub Dr, Conway, AR 72034",640 Cherub Dr,Conway,AR,72034,,forRent,3,1144,,1500,3,https://www.zillow.com/homedetails/640-Cherub-Dr-Conway-AR-72034/242932_zpid/,,180000,2026-09-13T00:00:00.000Z,Listed for rent,2026-08-28T00:00:00.000Z,Sold,2026-08-27T00:00:00.000Z,Contingent,2026-07-26T00:00:00.000Z,Listed for sale,2018-04-26T00:00:00.000Z,Sold,2013-10-04T00:00:00.000Z,Sold,2010-09-24T00:00:00.000Z,Sold,,,,,,,,,,,,,,,,,,,,,,,,,,,,,,,,,,,,,,,,,,
"4540 Thompson St, Conway, AR 72034",4540 Thompson St,Conway,AR,72034,,forRent,3,1195,,1450,21,https://www.zillow.com/homedetails/4540-Thompson-St-Conway-AR-72034/52392329_zpid/,,110000,2026-08-26T00:00:00.000Z,Listed for rent,2024-05-02T00:00:00.000Z,Listing removed,2024-04-25T00:00:00.000Z,Listed for rent,2022-08-10T00:00:00.000Z,Listing removed,2022-07-30T00:00:00.000Z,Listed for rent,2021-08-09T00:00:00.000Z,Listing removed,2021-08-04T00:00:00.000Z,Listed for rent,2012-06-11T00:00:00.000Z,Sold,2011-02-21T00:00:00.000Z,Sold,2003-05-13T00:00:00.000Z,Sold,,,,,,,,,,,,,,,,,,,,,,,,,,,,,,,,,,,,
"6005 Coywolf, Maumelle, AR 72113",6005 Coywolf,Maumelle,AR,72113,,forRent,4,1955,,2300,0,https://www.zillow.com/homedetails/6005-Coywolf-Maumelle-AR-72113/465322717_zpid/,,,2026-09-16T00:00:00.000Z,Listed for rent,,,,,,,,,,,,,,,,,,,,,,,,,,,,,,,,,,,,,,,,,,,,,,,,,,,,,,
"103 Jo Park Ln, Maumelle, AR 72113",103 Jo Park Ln,Maumelle,AR,72113,,forRent,3,1491,,1700,0,https://www.zillow.com/homedetails/103-Jo-Park-Ln-Maumelle-AR-72113/2058345725_zpid/,,223425,2026-09-16T00:00:00.000Z,Listed for rent,2023-08-10T00:00:00.000Z,Sold,2023-04-29T00:00:00.000Z,Listing removed,2023-04-18T00:00:00.000Z,Price change,2023-03-26T00:00:00.000Z,Listed for sale,,,,,,,,,,,,,,,,,,,,,,,,,,,,,,,,,,,,,,,,,,,,,,
"3802 Pinecrest Ln, Maumelle, AR 72113",3802 Pinecrest Ln,Maumelle,AR,72113,,forRent,4,2435,,2600,13,https://www.zillow.com/homedetails/3802-Pinecrest-Ln-Maumelle-AR-72113/465038347_zpid/,,,2026-09-15T00:00:00.000Z,Price change,2026-09-03T00:00:00.000Z,Listed for rent,,,,,,,,,,,,,,,,,,,,,,,,,,,,,,,,,,,,,,,,,,,,,,,,,,,,
"2400 SW Ednruance Way #2, Maumelle, AR 72113",2400 SW Ednruance Way #2,Maumelle,AR,72113,,forRent,3,1200,,1995,86,https://www.zillow.com/homedetails/2400-SW-Ednruance-Way-2-Maumelle-AR-72113/463401793_zpid/,,,2026-09-08T00:00:00.000Z,Price change,2026-06-23T00:00:00.000Z,Listed for rent,,,,,,,,,,,,,,,,,,,,,,,,,,,,,,,,,,,,,,,,,,,,,,,,,,,,
"8616 Eastwood Creek Dr, North Little Rock, AR 72113",8616 Eastwood Creek Dr,North Little Rock,AR,72113,,forRent,3,1722,,1950,27,https://www.zillow.com/homedetails/8616-Eastwood-Creek-Dr-North-Little-Rock-AR-72113/2059022685_zpid/,,246600,2026-08-20T00:00:00.000Z,Listed for rent,2026-08-20T00:00:00.000Z,Listing removed,2026-08-08T00:00:00.000Z,Price change,2026-07-16T00:00:00.000Z,Listed for rent,2023-06-12T00:00:00.000Z,Sold,2023-05-02T00:00:00.000Z,Contingent,2023-03-02T00:00:00.000Z,Listed for sale,2023-03-01T00:00:00.000Z,Contingent,2023-02-24T00:00:00.000Z,Listed for sale,,,,,,,,,,,,,,,,,,,,,,,,,,,,,,,,,,,,,,
"113 Lucy Ln, Maumelle, AR 72113",113 Lucy Ln,Maumelle,AR,72113,,forRent,3,1051,,1460,8,https://www.zillow.com/homedetails/113-Lucy-Ln-Maumelle-AR-72113/463057776_zpid/,,,2026-09-09T00:00:00.000Z,Listed for rent,2026-08-14T00:00:00.000Z,Listing removed,2026-08-10T00:00:00.000Z,Price change,2026-07-17T00:00:00.000Z,Price change,2026-07-13T00:00:00.000Z,Price change,2026-07-09T00:00:00.000Z,Price change,2026-07-06T00:00:00.000Z,Price change,2026-06-09T00:00:00.000Z,Listed for sale,,,,,,,,,,,,,,,,,,,,,,,,,,,,,,,,,,,,,,,,
"10700 Mason Dr, North Little Rock, AR 72113",10700 Mason Dr,North Little Rock,AR,72113,,forRent,3,1248,,1700,8,https://www.zillow.com/homedetails/10700-Mason-Dr-North-Little-Rock-AR-72113/457082284_zpid/,,204325,2026-09-08T00:00:00.000Z,Listed for rent,2026-03-11T00:00:00.000Z,Sold,2026-01-15T00:00:00.000Z,Contingent,2025-12-30T00:00:00.000Z,Listed for sale,2025-10-30T00:00:00.000Z,Listing removed,2025-09-30T00:00:00.000Z,Listed for sale,,,,,,,,,,,,,,,,,,,,,,,,,,,,,,,,,,,,,,,,,,,,
"53 Bent Tree Dr, Cabot, AR 72023",53 Bent Tree Dr,Cabot,AR,72023,,forRent,3,1645,,1495,56,https://www.zillow.com/homedetails/53-Bent-Tree-Dr-Cabot-AR-72023/256157_zpid/,,10000,2026-09-01T00:00:00.000Z,Price change,2026-07-22T00:00:00.000Z,Listed for rent,2002-07-18T00:00:00.000Z,Sold,1993-11-12T00:00:00.000Z,Sold,,,,,,,,,,,,,,,,,,,,,,,,,,,,,,,,,,,,,,,,,,,,,,,,
"15 Silverado Ct, Cabot, AR 72023",15 Silverado Ct,Cabot,AR,72023,,forRent,3,1382,,1350,27,https://www.zillow.com/homedetails/15-Silverado-Ct-Cabot-AR-72023/35732243_zpid/,,150000,2026-08-20T00:00:00.000Z,Listed for rent,2024-11-11T00:00:00.000Z,Listing removed,2024-09-27T00:00:00.000Z,Listed for rent,2022-10-26T00:00:00.000Z,Sold,2020-12-16T00:00:00.000Z,Listing removed,2020-12-08T00:00:00.000Z,Listed for rent,2020-05-16T00:00:00.000Z,Listing removed,2020-04-22T00:00:00.000Z,Listed for rent,2020-04-17T00:00:00.000Z,Sold,,,,,,,,,,,,,,,,,,,,,,,,,,,,,,,,,,,,,,
"32 Fortson Dr, Cabot, AR 72023",32 Fortson Dr,Cabot,AR,72023,,forRent,3,1064,,875,25,https://www.zillow.com/homedetails/32-Fortson-Dr-Cabot-AR-72023/63161011_zpid/,,750000,2026-08-22T00:00:00.000Z,Listed for rent,2024-02-17T00:00:00.000Z,Listing removed,2024-02-03T00:00:00.000Z,Listed for rent,2004-08-10T00:00:00.000Z,Sold,,,,,,,,,,,,,,,,,,,,,,,,,,,,,,,,,,,,,,,,,,,,,,,,
"22 Oakland Cir, Austin, AR 72007",22 Oakland Cir,Austin,AR,72007,,forRent,3,1328,,1575,22,https://www.zillow.com/homedetails/22-Oakland-Cir-Austin-AR-72007/251409763_zpid/,,176000,2026-08-25T00:00:00.000Z,Listed for rent,2024-07-01T00:00:00.000Z,Listing removed,2024-05-14T00:00:00.000Z,Listed for rent,2024-05-02T00:00:00.000Z,Listing removed,2024-04-15T00:00:00.000Z,Price change,2024-03-28T00:00:00.000Z,Price change,2024-03-14T00:00:00.000Z,Price change,2024-02-14T00:00:00.000Z,Listed for rent,2024-01-09T00:00:00.000Z,Sold,2023-11-28T00:00:00.000Z,Listed for sale,2023-03-24T00:00:00.000Z,Sold,2019-03-29T00:00:00.000Z,Sold,,,,,,,,,,,,,,,,,,,,,,,,,,,,,,,,
"21 Meadowlark Dr, Cabot, AR 72023",21 Meadowlark Dr,Cabot,AR,72023,,forRent,3,1013,,1395,36,https://www.zillow.com/homedetails/21-Meadowlark-Dr-Cabot-AR-72023/255213_zpid/,,147900,2026-08-12T00:00:00.000Z,Listed for rent,2024-01-16T00:00:00.000Z,Listing removed,2024-01-04T00:00:00.000Z,Sold,2023-08-22T00:00:00.000Z,Sold,2023-07-17T00:00:00.000Z,Contingent,2023-05-12T00:00:00.000Z,Listed for sale,2023-04-19T00:00:00.000Z,Listing removed,2023-03-17T00:00:00.000Z,Listed for rent,2022-03-21T00:00:00.000Z,Sold,,,,,,,,,,,,,,,,,,,,,,,,,,,,,,,,,,,,,,
"1045 E Main St, Austin, AR 72007",1045 E Main St,Austin,AR,72007,,forRent,3,1266,,1375,11,https://www.zillow.com/homedetails/1045-E-Main-St-Austin-AR-72007/99406768_zpid/,,70000,2026-09-05T00:00:00.000Z,Listed for rent,2025-07-07T00:00:00.000Z,Listing removed,2025-06-26T00:00:00.000Z,Listed for rent,2021-03-24T00:00:00.000Z,Listing removed,2017-12-02T00:00:00.000Z,Listing removed,2017-11-20T00:00:00.000Z,Listed for rent,2015-07-16T00:00:00.000Z,Listing removed,2015-06-22T00:00:00.000Z,Listed for rent,2014-10-06T00:00:00.000Z,Sold,2014-09-06T00:00:00.000Z,Price change,2014-08-04T00:00:00.000Z,Price change,2014-06-25T00:00:00.000Z,Price change,2014-04-24T00:00:00.000Z,Price change,2013-12-13T00:00:00.000Z,Price change,2013-09-29T00:00:00.000Z,Price change,2013-06-29T00:00:00.000Z,Listed for sale,,,,,,,,,,,,,,,,,,,,,,,,
"32 Thunderbird Dr, Cabot, AR 72023",32 Thunderbird Dr,Cabot,AR,72023,,forRent,3,1444,,1475,13,https://www.zillow.com/homedetails/32-Thunderbird-Dr-Cabot-AR-72023/67447424_zpid/,,,2026-09-03T00:00:00.000Z,Listed for rent,2021-03-24T00:00:00.000Z,Listing removed,2017-03-08T00:00:00.000Z,Listing removed,2017-02-06T00:00:00.000Z,Listed for rent,,,,,,,,,,,,,,,,,,,,,,,,,,,,,,,,,,,,,,,,,,,,,,,,
"16 Mustang Dr, Cabot, AR 72023",16 Mustang Dr,Cabot,AR,72023,,forRent,3,1494,,1450,40,https://www.zillow.com/homedetails/16-Mustang-Dr-Cabot-AR-72023/63160974_zpid/,,2988,2026-08-07T00:00:00.000Z,Listed for rent,2020-02-08T00:00:00.000Z,Listing removed,2020-01-25T00:00:00.000Z,Listed for rent,2018-12-12T00:00:00.000Z,Listing removed,2018-11-14T00:00:00.000Z,Listed for rent,2012-08-23T00:00:00.000Z,Sold,2004-02-25T00:00:00.000Z,Sold,,,,,,,,,,,,,,,,,,,,,,,,,,,,,,,,,,,,,,,,,,
"509 E Elm St, Cabot, AR 72023",509 E Elm St,Cabot,AR,72023,,forRent,3,1056,,1450,69,https://www.zillow.com/homedetails/509-E-Elm-St-Cabot-AR-72023/257181_zpid/,,185000,2026-08-20T00:00:00.000Z,Price change,2026-07-23T00:00:00.000Z,Price change,2026-07-09T00:00:00.000Z,Listed for rent,2026-07-09T00:00:00.000Z,Listing removed,2026-05-02T00:00:00.000Z,Listed for rent,2026-04-16T00:00:00.000Z,Listing removed,2026-02-18T00:00:00.000Z,Price change,2026-02-04T00:00:00.000Z,Listed for rent,2023-04-10T00:00:00.000Z,Sold,2023-01-19T00:00:00.000Z,Listing removed,2023-01-18T00:00:00.000Z,Listed for rent,2023-01-06T00:00:00.000Z,Listing removed,2022-10-26T00:00:00.000Z,Listed for sale,2021-05-28T00:00:00.000Z,Sold,2015-07-27T00:00:00.000Z,Sold,2012-10-07T00:00:00.000Z,Listing removed,2012-09-20T00:00:00.000Z,Price change,2012-06-20T00:00:00.000Z,Listed for sale,,,,,,,,,,,,,,,,,,,,
"54 Magnolia Dr, Cabot, AR 72023",54 Magnolia Dr,Cabot,AR,72023,,forRent,3,1394,,1350,61,https://www.zillow.com/homedetails/54-Magnolia-Dr-Cabot-AR-72023/60314948_zpid/,,117000,2026-09-15T00:00:00.000Z,Price change,2026-07-17T00:00:00.000Z,Listed for rent,2025-09-24T00:00:00.000Z,Listing removed,2025-09-04T00:00:00.000Z,Listed for rent,2024-08-02T00:00:00.000Z,Listing removed,2024-07-20T00:00:00.000Z,Price change,2024-06-25T00:00:00.000Z,Listed for rent,2023-06-25T00:00:00.000Z,Listing removed,2023-06-02T00:00:00.000Z,Listed for rent,2021-12-27T00:00:00.000Z,Listing removed,2021-12-19T00:00:00.000Z,Listed for rent,2013-05-01T00:00:00.000Z,Listing removed,2013-04-21T00:00:00.000Z,Listed for rent,2013-04-19T00:00:00.000Z,Sold,2012-12-01T00:00:00.000Z,Price change,2012-10-15T00:00:00.000Z,Listed for sale,2011-04-01T00:00:00.000Z,Sold,2011-01-17T00:00:00.000Z,Price change,2011-01-15T00:00:00.000Z,Listed for sale,,,,,,,,,,,,,,,,,,
"120 Suda St, Cabot, AR 72023",120 Suda St,Cabot,AR,72023,,forRent,3,1008,,995,152,https://www.zillow.com/homedetails/120-Suda-St-Cabot-AR-72023/213595966_zpid/,,120000,2026-09-04T00:00:00.000Z,Price change,2026-06-17T00:00:00.000Z,Price change,2026-05-05T00:00:00.000Z,Price change,2026-04-18T00:00:00.000Z,Listed for rent,2024-08-02T00:00:00.000Z,Sold,2024-07-23T00:00:00.000Z,Listing removed,2024-07-04T00:00:00.000Z,Listed for rent,2024-06-25T00:00:00.000Z,Listed for sale,2024-05-20T00:00:00.000Z,Contingent,2024-05-03T00:00:00.000Z,Listed for sale,2023-10-26T00:00:00.000Z,Listing removed,2023-10-21T00:00:00.000Z,Listed for rent,2021-03-24T00:00:00.000Z,Listing removed,2018-04-27T00:00:00.000Z,Listing removed,2018-04-17T00:00:00.000Z,Listed for rent,,,,,,,,,,,,,,,,,,,,,,,,,,
"203 Lynn Ln, Lonoke, AR 72086",203 Lynn Ln,Lonoke,AR,72086,,forRent,3,1200,,1195,94,https://www.zillow.com/homedetails/203-Lynn-Ln-Lonoke-AR-72086/260453_zpid/,,105000,2026-09-02T00:00:00.000Z,Price change,2026-06-30T00:00:00.000Z,Price change,2026-06-15T00:00:00.000Z,Listed for rent,2026-06-01T00:00:00.000Z,Listing removed,2026-05-14T00:00:00.000Z,Listed for rent,2022-05-19T00:00:00.000Z,Sold,2022-05-13T00:00:00.000Z,Contingent,2022-05-05T00:00:00.000Z,Listed for sale,2014-05-30T00:00:00.000Z,Sold,2014-02-20T00:00:00.000Z,Sold,2014-01-11T00:00:00.000Z,Listed for sale,,,,,,,,,,,,,,,,,,,,,,,,,,,,,,,,,,
"400 Apricot St, Austin, AR 72007",400 Apricot St,Austin,AR,72007,,forRent,3,1200,,1470,23,https://www.zillow.com/homedetails/400-Apricot-St-Austin-AR-72007/82250818_zpid/,,280000,2026-09-14T00:00:00.000Z,Price change,2026-07-22T00:00:00.000Z,Price change,2026-06-24T00:00:00.000Z,Price change,2026-05-16T00:00:00.000Z,Price change,2026-05-08T00:00:00.000Z,Listed for rent,2025-09-09T00:00:00.000Z,Listing removed,2025-08-26T00:00:00.000Z,Listed for rent,2025-08-21T00:00:00.000Z,Sold,2024-07-10T00:00:00.000Z,Listing removed,2024-06-24T00:00:00.000Z,Listed for rent,2024-06-10T00:00:00.000Z,Listing removed,2024-06-02T00:00:00.000Z,Listed for rent,2024-02-08T00:00:00.000Z,Sold,2023-06-11T00:00:00.000Z,Listing removed,2023-06-02T00:00:00.000Z,Price change,2022-11-16T00:00:00.000Z,Listed for rent,2022-10-07T00:00:00.000Z,Sold,2022-08-15T00:00:00.000Z,Listed for sale,2015-03-09T00:00:00.000Z,Sold,,,,,,,,,,,,,,,,,,
"15 Applewood Cv, Cabot, AR 72023",15 Applewood Cv,Cabot,AR,72023,,forRent,3,1588,,1600,61,https://www.zillow.com/homedetails/15-Applewood-Cv-Cabot-AR-72023/35732370_zpid/,,226000,2026-07-17T00:00:00.000Z,Listed for rent,2024-05-04T00:00:00.000Z,Listing removed,2024-04-27T00:00:00.000Z,Listed for rent,2024-04-19T00:00:00.000Z,Sold,2024-03-14T00:00:00.000Z,Listed for sale,2022-10-31T00:00:00.000Z,Sold,2022-08-02T00:00:00.000Z,Listed for sale,2019-10-28T00:00:00.000Z,Sold,2019-09-18T00:00:00.000Z,Listed for sale,2014-01-02T00:00:00.000Z,Sold,2013-11-23T00:00:00.000Z,Price change,2013-10-17T00:00:00.000Z,Price change,2013-09-20T00:00:00.000Z,Listed for sale,2012-03-08T00:00:00.000Z,Listing removed,2011-09-23T00:00:00.000Z,Listed for sale,2011-05-07T00:00:00.000Z,Listing removed,2011-01-23T00:00:00.000Z,Listed for sale,,,,,,,,,,,,,,,,,,,,,,
"1609 Moon Rd, Ward, AR 72176",1609 Moon Rd,Ward,AR,72176,,forRent,3,1026,,1095,16,https://www.zillow.com/homedetails/1609-Moon-Rd-Ward-AR-72176/99444948_zpid/,,125000,2026-08-31T00:00:00.000Z,Listed for rent,2024-05-16T00:00:00.000Z,Listing removed,2024-05-09T00:00:00.000Z,Listed for rent,2021-10-19T00:00:00.000Z,Sold,2021-09-23T00:00:00.000Z,Pending sale,2021-09-23T00:00:00.000Z,Contingent,2021-09-20T00:00:00.000Z,Listed for sale,2017-10-19T00:00:00.000Z,Sold,2017-07-13T00:00:00.000Z,Listed for sale,2011-10-22T00:00:00.000Z,Listing removed,2011-05-29T00:00:00.000Z,Price change,2011-05-07T00:00:00.000Z,Listed for sale,,,,,,,,,,,,,,,,,,,,,,,,,,,,,,,,
"72 Branchwood Ln, Austin, AR 72007",72 Branchwood Ln,Austin,AR,72007,,forRent,3,1216,,1200,20,https://www.zillow.com/homedetails/72-Branchwood-Ln-Austin-AR-72007/252707_zpid/,,1710000,2026-08-27T00:00:00.000Z,Price change,2022-12-04T00:00:00.000Z,Listed for rent,2021-02-23T00:00:00.000Z,Listing removed,2020-08-27T00:00:00.000Z,Listing removed,2020-08-03T00:00:00.000Z,Listed for rent,2019-06-08T00:00:00.000Z,Listing removed,2019-06-05T00:00:00.000Z,Listed for rent,2018-11-12T00:00:00.000Z,Listing removed,2018-11-09T00:00:00.000Z,Listed for rent,2015-01-30T00:00:00.000Z,Sold,2009-07-17T00:00:00.000Z,Sold,,,,,,,,,,,,,,,,,,,,,,,,,,,,,,,,,,
"454 Maple Tree Cv, Lonoke, AR 72086",454 Maple Tree Cv,Lonoke,AR,72086,,forRent,3,1344,,1400,2,https://www.zillow.com/homedetails/454-Maple-Tree-Cv-Lonoke-AR-72086/67448696_zpid/,,,2026-09-14T00:00:00.000Z,Listed for rent,,,,,,,,,,,,,,,,,,,,,,,,,,,,,,,,,,,,,,,,,,,,,,,,,,,,,,
"42 Winners Cir, Cabot, AR 72023",42 Winners Cir,Cabot,AR,72023,,forRent,3,1521,,1850,6,https://www.zillow.com/homedetails/42-Winners-Cir-Cabot-AR-72023/72176611_zpid/,,196500,2026-08-07T00:00:00.000Z,Listed for rent,2025-10-07T00:00:00.000Z,Listing removed,2025-09-15T00:00:00.000Z,Listed for rent,2025-07-09T00:00:00.000Z,Sold,2025-04-28T00:00:00.000Z,Price change,2025-04-14T00:00:00.000Z,Price change,2025-04-03T00:00:00.000Z,Price change,2025-03-27T00:00:00.000Z,Listed for sale,,,,,,,,,,,,,,,,,,,,,,,,,,,,,,,,,,,,,,,,
"12 Applewood Dr, Cabot, AR 72023",12 Applewood Dr,Cabot,AR,72023,,forRent,3,1348,,1600,1,https://www.zillow.com/homedetails/12-Applewood-Dr-Cabot-AR-72023/35732364_zpid/,,192000,2026-09-15T00:00:00.000Z,Listed for rent,2026-08-31T00:00:00.000Z,Sold,2026-08-31T00:00:00.000Z,Contingent,2026-07-24T00:00:00.000Z,Listed for sale,2022-08-05T00:00:00.000Z,Sold,2019-04-30T00:00:00.000Z,Sold,2019-04-23T00:00:00.000Z,Pending sale,2019-02-27T00:00:00.000Z,Listed for sale,,,,,,,,,,,,,,,,,,,,,,,,,,,,,,,,,,,,,,,,
"87 Sycamore Cir, Cabot, AR 72023",87 Sycamore Cir,Cabot,AR,72023,,forRent,3,1252,,1350,33,https://www.zillow.com/homedetails/87-Sycamore-Cir-Cabot-AR-72023/256430_zpid/,,151500,2026-09-14T00:00:00.000Z,Price change,2026-08-29T00:00:00.000Z,Price change,2026-08-14T00:00:00.000Z,Listed for rent,2026-07-17T00:00:00.000Z,Sold,2026-06-05T00:00:00.000Z,Listed for sale,2026-05-27T00:00:00.000Z,Listing removed,2026-05-15T00:00:00.000Z,Listed for rent,2020-06-03T00:00:00.000Z,Sold,2020-02-28T00:00:00.000Z,Sold,2013-03-25T00:00:00.000Z,Sold,,,,,,,,,,,,,,,,,,,,,,,,,,,,,,,,,,,,
"29 Mattie Lene Dr, Ward, AR 72176",29 Mattie Lene Dr,Ward,AR,72176,,forRent,3,1301,,1350,6,https://www.zillow.com/homedetails/29-Mattie-Lene-Dr-Ward-AR-72176/35732499_zpid/,,80000,2026-09-10T00:00:00.000Z,Listed for rent,2026-03-20T00:00:00.000Z,Listing removed,2026-01-05T00:00:00.000Z,Listed for rent,2024-10-09T00:00:00.000Z,Listing removed,2024-09-16T00:00:00.000Z,Listed for rent,2009-05-16T00:00:00.000Z,Listing removed,2009-01-18T00:00:00.000Z,Listed for sale,2005-09-22T00:00:00.000Z,Sold,2004-02-23T00:00:00.000Z,Sold,2003-01-24T00:00:00.000Z,Sold,,,,,,,,,,,,,,,,,,,,,,,,,,,,,,,,,,,,
"140 Dolphin Rd, Humnoke, AR 72072",140 Dolphin Rd,Humnoke,AR,72072,,forRent,3,1577,,900,0,https://www.zillow.com/homedetails/140-Dolphin-Rd-Humnoke-AR-72072/2077399951_zpid/,,,2026-09-17T00:00:00.000Z,Listed for rent,2026-06-01T00:00:00.000Z,Listing removed,2026-03-04T00:00:00.000Z,Listed for rent,2025-09-10T00:00:00.000Z,Listing removed,2025-08-12T00:00:00.000Z,Listed for rent,2023-08-28T00:00:00.000Z,Listing removed,2023-08-14T00:00:00.000Z,Listed for rent,2023-08-04T00:00:00.000Z,Listing removed,2023-06-20T00:00:00.000Z,Listed for rent,2022-07-10T00:00:00.000Z,Listing removed,2022-07-01T00:00:00.000Z,Price change,2022-06-25T00:00:00.000Z,Listed for rent,2020-10-29T00:00:00.000Z,Listing removed,2020-10-22T00:00:00.000Z,Listed for rent,,,,,,,,,,,,,,,,,,,,,,,,,,,,
"11 W Plaza Blvd, Cabot, AR 72023",11 W Plaza Blvd,Cabot,AR,72023,,forRent,3,1487,,1525,23,https://www.zillow.com/homedetails/11-W-Plaza-Blvd-Cabot-AR-72023/256262_zpid/,,229049,2026-08-24T00:00:00.000Z,Listed for rent,2024-09-13T00:00:00.000Z,Listing removed,2024-07-02T00:00:00.000Z,Listed for rent,2013-02-26T00:00:00.000Z,Sold,,,,,,,,,,,,,,,,,,,,,,,,,,,,,,,,,,,,,,,,,,,,,,,,
"17 Farrah St, Ward, AR 72176",17 Farrah St,Ward,AR,72176,,forRent,3,1563,,1250,99,https://www.zillow.com/homedetails/17-Farrah-St-Ward-AR-72176/52495486_zpid/,,,2026-06-09T00:00:00.000Z,Listed for rent,2025-05-24T00:00:00.000Z,Listing removed,2025-05-06T00:00:00.000Z,Price change,2025-04-20T00:00:00.000Z,Listed for rent,2017-02-23T00:00:00.000Z,Listing removed,2017-02-17T00:00:00.000Z,Listed for rent,2014-02-28T00:00:00.000Z,Listing removed,2014-02-05T00:00:00.000Z,Price change,2014-01-29T00:00:00.000Z,Price change,2013-12-14T00:00:00.000Z,Price change,2013-11-30T00:00:00.000Z,Listed for sale,2013-10-25T00:00:00.000Z,Listing removed,2013-09-19T00:00:00.000Z,Price change,2013-09-18T00:00:00.000Z,Price change,2013-06-29T00:00:00.000Z,Listed for sale,,,,,,,,,,,,,,,,,,,,,,,,,,
"77 Huntington Ct, Austin, AR 72007",77 Huntington Ct,Austin,AR,72007,,forRent,3,1355,,1650,7,https://www.zillow.com/homedetails/77-Huntington-Ct-Austin-AR-72007/243365450_zpid/,,175000,2026-09-09T00:00:00.000Z,Listed for rent,2023-09-04T00:00:00.000Z,Listing removed,2021-09-07T00:00:00.000Z,Listing removed,2021-09-03T00:00:00.000Z,Sold,2021-08-05T00:00:00.000Z,Listed for sale,2017-06-29T00:00:00.000Z,Sold,2017-01-09T00:00:00.000Z,Sold,,,,,,,,,,,,,,,,,,,,,,,,,,,,,,,,,,,,,,,,,,
"117 Logan Dr, Maumelle, AR 72113",117 Logan Dr,Maumelle,AR,72113,,forRent,3,1472,,1835,71,https://www.zillow.com/homedetails/117-Logan-Dr-Maumelle-AR-72113/2057186355_zpid/,,,2026-07-07T00:00:00.000Z,Listed for rent,2023-07-30T00:00:00.000Z,Listing removed,2023-07-29T00:00:00.000Z,Listed for rent,2023-07-29T00:00:00.000Z,Listing removed,2023-06-10T00:00:00.000Z,Listed for rent,,,,,,,,,,,,,,,,,,,,,,,,,,,,,,,,,,,,,,,,,,,,,,
"106 Jo Park Ln, Maumelle, AR 72113",106 Jo Park Ln,Maumelle,AR,72113,,forRent,4,1640,,2000,41,https://www.zillow.com/homedetails/106-Jo-Park-Ln-Maumelle-AR-72113/2056841941_zpid/,,,2026-08-06T00:00:00.000Z,Listed for rent,2023-10-04T00:00:00.000Z,Listing removed,2023-10-03T00:00:00.000Z,Listed for rent,2023-10-03T00:00:00.000Z,Listing removed,2023-06-29T00:00:00.000Z,Listed for rent,,,,,,,,,,,,,,,,,,,,,,,,,,,,,,,,,,,,,,,,,,,,,,
"2400 SW Ednruance Way, Maumelle, AR 72113",2400 SW Ednruance Way,Maumelle,AR,72113,,other,,,,,,"https://www.zillow.com/b/2400-sw-ednruance-way-maumelle-ar/34.87126275998,-92.450398671503_ll/",,,,,,,,,,,,,,,,,,,,,,,,,,,,,,,,,,,,,,,,,,,,,,,,,,,,,,,,,,
"203 Logan Dr, Maumelle, AR 72113",203 Logan Dr,Maumelle,AR,72113,,forRent,3,1472,,1835,47,https://www.zillow.com/homedetails/203-Logan-Dr-Maumelle-AR-72113/2057186362_zpid/,,,2026-08-05T00:00:00.000Z,Price change,2026-07-31T00:00:00.000Z,Listed for rent,2024-08-27T00:00:00.000Z,Listing removed,2024-08-01T00:00:00.000Z,Listed for rent,2023-06-19T00:00:00.000Z,Listing removed,2023-06-10T00:00:00.000Z,Listed for rent,,,,,,,,,,,,,,,,,,,,,,,,,,,,,,,,,,,,,,,,,,,,
"205 Logan Dr, Maumelle, AR 72113",205 Logan Dr,Maumelle,AR,72113,,forRent,3,1472,,1835,61,https://www.zillow.com/homedetails/205-Logan-Dr-Maumelle-AR-72113/2057186361_zpid/,,,2026-08-05T00:00:00.000Z,Price change,2026-07-17T00:00:00.000Z,Listed for rent,2025-09-04T00:00:00.000Z,Listing removed,2025-09-03T00:00:00.000Z,Listed for rent,2025-09-03T00:00:00.000Z,Listing removed,2025-08-29T00:00:00.000Z,Price change,2025-07-15T00:00:00.000Z,Listed for rent,2023-09-10T00:00:00.000Z,Listing removed,2023-09-09T00:00:00.000Z,Listed for rent,2023-09-08T00:00:00.000Z,Listing removed,2023-06-10T00:00:00.000Z,Listed for rent,,,,,,,,,,,,,,,,,,,,,,,,,,,,,,,,,,
"124 Im Dr, Maumelle, AR 72113",124 Im Dr,Maumelle,AR,72113,,forRent,4,1500,,1850,72,https://www.zillow.com/homedetails/124-Im-Dr-Maumelle-AR-72113/2056969175_zpid/,,222925,2026-09-10T00:00:00.000Z,Price change,2026-07-06T00:00:00.000Z,Listed for rent,2025-08-27T00:00:00.000Z,Listing removed,2025-07-18T00:00:00.000Z,Listed for rent,2024-08-21T00:00:00.000Z,Listing removed,2024-07-30T00:00:00.000Z,Listed for rent,2023-09-26T00:00:00.000Z,Sold,,,,,,,,,,,,,,,,,,,,,,,,,,,,,,,,,,,,,,,,,,
"110 River Valley Loop, Maumelle, AR 72113",110 River Valley Loop,Maumelle,AR,72113,,forRent,4,2670,,2600,7,https://www.zillow.com/homedetails/110-River-Valley-Loop-Maumelle-AR-72113/79782764_zpid/,,340000,2026-09-10T00:00:00.000Z,Listed for rent,2026-08-14T00:00:00.000Z,Listing removed,2026-06-10T00:00:00.000Z,Listed for sale,2021-06-15T00:00:00.000Z,Sold,2014-12-02T00:00:00.000Z,Sold,2014-11-16T00:00:00.000Z,Listed for sale,2014-09-09T00:00:00.000Z,Listing removed,2014-07-17T00:00:00.000Z,Price change,2014-04-29T00:00:00.000Z,Price change,2014-03-21T00:00:00.000Z,Listed for sale,,,,,,,,,,,,,,,,,,,,,,,,,,,,,,,,,,,,
"7 Southland Dr, Maumelle, AR 72113",7 Southland Dr,Maumelle,AR,72113,,forRent,2,925,,850,78,https://www.zillow.com/homedetails/7-Southland-Dr-Maumelle-AR-72113/2109744736_zpid/,,,2026-06-30T00:00:00.000Z,Listed for rent,2018-07-15T00:00:00.000Z,Listing removed,2018-06-28T00:00:00.000Z,Listed for rent,2016-06-28T00:00:00.000Z,Listing removed,2014-12-12T00:00:00.000Z,Listing removed,2014-07-29T00:00:00.000Z,Listed for rent,2013-12-30T00:00:00.000Z,Listing removed,2013-11-27T00:00:00.000Z,Listed for rent,,,,,,,,,,,,,,,,,,,,,,,,,,,,,,,,,,,,,,,,
"9 Oak Forest Dr, Maumelle, AR 72113",9 Oak Forest Dr,Maumelle,AR,72113,,forRent,3,1176,,1675,1,https://www.zillow.com/homedetails/9-Oak-Forest-Dr-Maumelle-AR-72113/326498_zpid/,,785000,2026-09-15T00:00:00.000Z,Listed for rent,2026-01-10T00:00:00.000Z,Listing removed,2025-12-01T00:00:00.000Z,Listed for rent,2015-05-29T00:00:00.000Z,Sold,2008-09-12T00:00:00.000Z,Sold,,,,,,,,,,,,,,,,,,,,,,,,,,,,,,,,,,,,,,,,,,,,,,
"158 Ridgeland Dr, Maumelle, AR 72113",158 Ridgeland Dr,Maumelle,AR,72113,,forRent,3,1835,,1975,8,https://www.zillow.com/homedetails/158-Ridgeland-Dr-Maumelle-AR-72113/325729_zpid/,,188900,2026-09-08T00:00:00.000Z,Listed for rent,2025-04-11T00:00:00.000Z,Listing removed,2024-12-03T00:00:00.000Z,Listed for rent,2023-01-20T00:00:00.000Z,Listing removed,2023-01-06T00:00:00.000Z,Listed for rent,2019-11-19T00:00:00.000Z,Listing removed,2019-09-17T00:00:00.000Z,Listed for rent,2018-03-09T00:00:00.000Z,Sold,2018-01-24T00:00:00.000Z,Listed for sale,2014-07-14T00:00:00.000Z,Sold,2014-05-25T00:00:00.000Z,Price change,2014-05-10T00:00:00.000Z,Price change,2014-04-14T00:00:00.000Z,Price change,2014-03-29T00:00:00.000Z,Listed for sale,2013-06-27T00:00:00.000Z,Sold,2001-02-05T00:00:00.000Z,Sold,2000-07-13T00:00:00.000Z,Sold,,,,,,,,,,,,,,,,,,,,,,
"11 Page Cv, Maumelle, AR 72113",11 Page Cv,Maumelle,AR,72113,,forRent,3,1294,,1695,14,https://www.zillow.com/homedetails/11-Page-Cv-Maumelle-AR-72113/326629_zpid/,,222125,2026-09-02T00:00:00.000Z,Listed for rent,2019-05-21T00:00:00.000Z,Listing removed,2019-02-11T00:00:00.000Z,Listed for rent,2017-11-18T00:00:00.000Z,Listing removed,2017-10-06T00:00:00.000Z,Price change,2017-09-16T00:00:00.000Z,Price change,2017-08-12T00:00:00.000Z,Listed for rent,2017-04-01T00:00:00.000Z,Listing removed,2017-02-23T00:00:00.000Z,Listed for rent,2016-01-29T00:00:00.000Z,Listing removed,2016-01-13T00:00:00.000Z,Listed for rent,2014-01-01T00:00:00.000Z,Sold,1983-10-01T00:00:00.000Z,Sold,,,,,,,,,,,,,,,,,,,,,,,,,,,,,,
"61 Pin Oak Loop, Maumelle, AR 72113",61 Pin Oak Loop,Maumelle,AR,72113,,forRent,3,1173,,1495,75,https://www.zillow.com/homedetails/61-Pin-Oak-Loop-Maumelle-AR-72113/326810_zpid/,,175000,2026-08-14T00:00:00.000Z,Price change,2026-08-12T00:00:00.000Z,Price change,2026-07-03T00:00:00.000Z,Listed for rent,2024-04-25T00:00:00.000Z,Listing removed,2024-04-09T00:00:00.000Z,Listed for rent,2023-02-09T00:00:00.000Z,Listing removed,2022-12-28T00:00:00.000Z,Price change,2022-10-26T00:00:00.000Z,Listed for rent,2022-09-30T00:00:00.000Z,Sold,2022-08-28T00:00:00.000Z,Contingent,2022-08-26T00:00:00.000Z,Listed for sale,2018-04-24T00:00:00.000Z,Sold,2018-03-07T00:00:00.000Z,Price change,2018-02-07T00:00:00.000Z,Listed for sale,2017-06-08T00:00:00.000Z,Listing removed,2017-05-10T00:00:00.000Z,Listed for sale,2014-05-05T00:00:00.000Z,Sold,2011-07-04T00:00:00.000Z,Listing removed,2011-06-09T00:00:00.000Z,Listed for sale,2006-08-02T00:00:00.000Z,Sold,2003-05-01T00:00:00.000Z,Sold,2000-09-22T00:00:00.000Z,Sold,,,,,,,,,,,,
"10413 Cypress Knee Dr, Maumelle, AR 72113",10413 Cypress Knee Dr,Maumelle,AR,72113,,forRent,3,1480,,1800,77,https://www.zillow.com/homedetails/10413-Cypress-Knee-Dr-Maumelle-AR-72113/2060938533_zpid/,,,2026-07-01T00:00:00.000Z,Listed for rent,2025-04-22T00:00:00.000Z,Listing removed,2025-04-04T00:00:00.000Z,Listed for rent,2022-11-13T00:00:00.000Z,Listing removed,2022-10-25T00:00:00.000Z,Listed for rent,,,,,,,,,,,,,,,,,,,,,,,,,,,,,,,,,,,,,,,,,,,,,,
"127 Chambery Dr, Maumelle, AR 72113",127 Chambery Dr,Maumelle,AR,72113,,forRent,4,1651,,2500,13,https://www.zillow.com/homedetails/127-Chambery-Dr-Maumelle-AR-72113/122006196_zpid/,,,2026-09-03T00:00:00.000Z,Price change,2026-07-24T00:00:00.000Z,Listed for rent,2019-06-07T00:00:00.000Z,Listing removed,2019-03-21T00:00:00.000Z,Price change,2019-02-14T00:00:00.000Z,Listed for rent,2017-11-15T00:00:00.000Z,Listing removed,2017-08-30T00:00:00.000Z,Price change,2017-08-08T00:00:00.000Z,Price change,2017-04-27T00:00:00.000Z,Listed for rent,,,,,,,,,,,,,,,,,,,,,,,,,,,,,,,,,,,,,,
"21 Pin Oak Loop, Maumelle, AR 72113",21 Pin Oak Loop,Maumelle,AR,72113,,forRent,3,1270,,1500,0,https://www.zillow.com/homedetails/21-Pin-Oak-Loop-Maumelle-AR-72113/326790_zpid/,,177000,2026-09-16T00:00:00.000Z,Listed for rent,2025-06-29T00:00:00.000Z,Listing removed,2025-06-19T00:00:00.000Z,Listed for rent,2025-04-11T00:00:00.000Z,Sold,2025-04-11T00:00:00.000Z,Contingent,2025-02-24T00:00:00.000Z,Price change,2025-01-22T00:00:00.000Z,Price change,2025-01-03T00:00:00.000Z,Listed for sale,2023-03-17T00:00:00.000Z,Sold,2023-02-13T00:00:00.000Z,Contingent,2023-02-10T00:00:00.000Z,Listed for sale,2012-07-26T00:00:00.000Z,Sold,2012-03-29T00:00:00.000Z,Listing removed,2011-10-07T00:00:00.000Z,Price change,2011-04-16T00:00:00.000Z,Listed for sale,2009-03-04T00:00:00.000Z,Sold,1998-11-03T00:00:00.000Z,Sold,,,,,,,,,,,,,,,,,,,,,,
"2 Corbet Ln, Maumelle, AR 72113",2 Corbet Ln,Maumelle,AR,72113,,forRent,3,1523,,2300,26,https://www.zillow.com/homedetails/2-Corbet-Ln-Maumelle-AR-72113/122005820_zpid/,,,2026-08-21T00:00:00.000Z,Listed for rent,2025-04-21T00:00:00.000Z,Listing removed,2025-03-25T00:00:00.000Z,Price change,2025-03-04T00:00:00.000Z,Listed for rent,2025-01-27T00:00:00.000Z,Listing removed,2025-01-14T00:00:00.000Z,Price change,2025-01-13T00:00:00.000Z,Listed for rent,2022-11-11T00:00:00.000Z,Listing removed,2022-10-11T00:00:00.000Z,Listed for rent,2017-10-06T00:00:00.000Z,Listing removed,2017-08-30T00:00:00.000Z,Price change,2017-08-08T00:00:00.000Z,Price change,2017-06-26T00:00:00.000Z,Listed for rent,,,,,,,,,,,,,,,,,,,,,,,,,,,,,,
"111 Miramar Dr, Maumelle, AR 72113",111 Miramar Dr,Maumelle,AR,72113,,forRent,3,2404,,2390,12,https://www.zillow.com/homedetails/111-Miramar-Dr-Maumelle-AR-72113/328081_zpid/,,240000,2026-09-04T00:00:00.000Z,Listed for rent,2025-04-03T00:00:00.000Z,Listing removed,2025-03-18T00:00:00.000Z,Listed for rent,2024-02-23T00:00:00.000Z,Listing removed,2024-01-18T00:00:00.000Z,Listed for rent,2022-02-23T00:00:00.000Z,Listing removed,2022-01-06T00:00:00.000Z,Listed for rent,2022-01-04T00:00:00.000Z,Sold,2021-11-29T00:00:00.000Z,Price change,2021-11-01T00:00:00.000Z,Price change,2021-10-13T00:00:00.000Z,Price change,2021-09-28T00:00:00.000Z,Price change,2021-08-25T00:00:00.000Z,Listed for sale,2015-07-22T00:00:00.000Z,Sold,2012-09-27T00:00:00.000Z,Sold,2012-06-03T00:00:00.000Z,Listed for sale,,,,,,,,,,,,,,,,,,,,,,,,
"57 Stoneledge Dr, Maumelle, AR 72113",57 Stoneledge Dr,Maumelle,AR,72113,,forRent,4,1961,,1950,27,https://www.zillow.com/homedetails/57-Stoneledge-Dr-Maumelle-AR-72113/326028_zpid/,,145000,2026-08-21T00:00:00.000Z,Listed for rent,2024-06-09T00:00:00.000Z,Listing removed,2024-05-08T00:00:00.000Z,Listed for rent,2024-04-23T00:00:00.000Z,Sold,2024-04-06T00:00:00.000Z,Listed for sale,2013-09-20T00:00:00.000Z,Sold,,,,,,,,,,,,,,,,,,,,,,,,,,,,,,,,,,,,,,,,,,,,
"(Undisclosed Address), Maumelle, AR 72113",(Undisclosed Address),Maumelle,AR,72113,,forRent,3,1430,,1700,25,https://www.zillow.com/homedetails/Maumelle-AR-72113/326296_zpid/,,295000,2026-08-22T00:00:00.000Z,Listed for rent,2025-10-31T00:00:00.000Z,Listing removed,2025-09-27T00:00:00.000Z,Price change,2025-08-03T00:00:00.000Z,Price change,2025-07-20T00:00:00.000Z,Listed for rent,2023-04-29T00:00:00.000Z,Listing removed,2023-04-28T00:00:00.000Z,Listed for rent,2023-04-20T00:00:00.000Z,Listing removed,2023-04-19T00:00:00.000Z,Listed for rent,2021-08-07T00:00:00.000Z,Listing removed,2021-08-05T00:00:00.000Z,Listed for rent,2021-07-28T00:00:00.000Z,Listing removed,2021-07-26T00:00:00.000Z,Listed for rent,2021-02-23T00:00:00.000Z,Listing removed,2020-07-23T00:00:00.000Z,Listing removed,2020-07-22T00:00:00.000Z,Price change,2020-07-20T00:00:00.000Z,Listed for rent,2019-10-31T00:00:00.000Z,Listing removed,2019-10-21T00:00:00.000Z,Price change,2019-10-01T00:00:00.000Z,Listed for rent,2018-08-19T00:00:00.000Z,Listing removed,2018-08-06T00:00:00.000Z,Listed for rent,2017-11-14T00:00:00.000Z,Listing removed,2017-10-11T00:00:00.000Z,Listed for rent,2014-05-06T00:00:00.000Z,Sold,2003-07-08T00:00:00.000Z,Sold,1998-12-11T00:00:00.000Z,Sold,1997-10-24T00:00:00.000Z,Sold
"263 Lake Valley Dr, Maumelle, AR 72113",263 Lake Valley Dr,Maumelle,AR,72113,,forRent,5,3100,,2600,20,https://www.zillow.com/homedetails/263-Lake-Valley-Dr-Maumelle-AR-72113/89031838_zpid/,,308200,2026-08-28T00:00:00.000Z,Listed for rent,2025-08-11T00:00:00.000Z,Listing removed,2025-07-23T00:00:00.000Z,Price change,2025-07-05T00:00:00.000Z,Listed for rent,2024-09-12T00:00:00.000Z,Listing removed,2024-08-20T00:00:00.000Z,Listed for rent,2024-08-14T00:00:00.000Z,Listing removed,2024-08-12T00:00:00.000Z,Listed for rent,2023-06-29T00:00:00.000Z,Listing removed,2023-06-08T00:00:00.000Z,Listed for rent,2019-09-12T00:00:00.000Z,Sold,2019-08-27T00:00:00.000Z,Pending sale,2019-08-02T00:00:00.000Z,Price change,2019-07-11T00:00:00.000Z,Price change,2019-06-07T00:00:00.000Z,Price change,2019-05-23T00:00:00.000Z,Price change,2019-04-25T00:00:00.000Z,Price change,2019-04-11T00:00:00.000Z,Price change,2019-03-27T00:00:00.000Z,Price change,2019-03-06T00:00:00.000Z,Price change,2019-02-07T00:00:00.000Z,Price change,2019-01-16T00:00:00.000Z,Price change,2018-12-17T00:00:00.000Z,Listed for sale,2018-10-23T00:00:00.000Z,Listing removed,2013-04-17T00:00:00.000Z,Sold,2010-03-01T00:00:00.000Z,Sold,2008-08-04T00:00:00.000Z,Sold,2008-03-04T00:00:00.000Z,Sold
"5 Stoneledge Dr, Maumelle, AR 72113",5 Stoneledge Dr,Maumelle,AR,72113,,forRent,3,1755,,1850,34,https://www.zillow.com/homedetails/5-Stoneledge-Dr-Maumelle-AR-72113/326005_zpid/,,240000,2026-08-14T00:00:00.000Z,Listed for rent,2025-04-10T00:00:00.000Z,Listing removed,2025-03-28T00:00:00.000Z,Listed for rent,2025-02-06T00:00:00.000Z,Sold,2024-11-23T00:00:00.000Z,Listing removed,2024-07-30T00:00:00.000Z,Listed for rent,2015-02-24T00:00:00.000Z,Sold,,,,,,,,,,,,,,,,,,,,,,,,,,,,,,,,,,,,,,,,,,
"32 Cinderwood Cv, Maumelle, AR 72113",32 Cinderwood Cv,Maumelle,AR,72113,,forRent,3,2467,,1895,17,https://www.zillow.com/homedetails/32-Cinderwood-Cv-Maumelle-AR-72113/343619_zpid/,,505000,2026-08-30T00:00:00.000Z,Listed for rent,2025-10-09T00:00:00.000Z,Listing removed,2025-09-04T00:00:00.000Z,Price change,2025-08-30T00:00:00.000Z,Listed for rent,2016-07-22T00:00:00.000Z,Listing removed,2016-07-21T00:00:00.000Z,Price change,2016-06-17T00:00:00.000Z,Price change,2016-05-21T00:00:00.000Z,Listed for sale,2015-09-30T00:00:00.000Z,Sold,2008-05-09T00:00:00.000Z,Sold,,,,,,,,,,,,,,,,,,,,,,,,,,,,,,,,,,,,
"216 Chantilly Cir, Maumelle, AR 72113",216 Chantilly Cir,Maumelle,AR,72113,,forRent,3,1632,,2200,17,https://www.zillow.com/homedetails/216-Chantilly-Cir-Maumelle-AR-72113/328342_zpid/,,300000,2026-08-30T00:00:00.000Z,Listed for rent,2025-09-26T00:00:00.000Z,Listing removed,2025-09-19T00:00:00.000Z,Sold,2025-08-30T00:00:00.000Z,Listed for rent,2025-08-09T00:00:00.000Z,Listed for sale,2017-12-05T00:00:00.000Z,Listing removed,2017-10-21T00:00:00.000Z,Listed for sale,2015-07-13T00:00:00.000Z,Sold,2006-08-30T00:00:00.000Z,Sold,2003-10-15T00:00:00.000Z,Sold,2003-04-04T00:00:00.000Z,Sold,1997-10-13T00:00:00.000Z,Sold,,,,,,,,,,,,,,,,,,,,,,,,,,,,,,,,
"81 Oak Forest Loop, Maumelle, AR 72113",81 Oak Forest Loop,Maumelle,AR,72113,,forRent,3,1300,,1700,59,https://www.zillow.com/homedetails/81-Oak-Forest-Loop-Maumelle-AR-72113/326542_zpid/,,145000,2026-07-20T00:00:00.000Z,Listed for rent,2021-01-15T00:00:00.000Z,Sold,2012-10-11T00:00:00.000Z,Sold,1997-04-16T00:00:00.000Z,Sold,,,,,,,,,,,,,,,,,,,,,,,,,,,,,,,,,,,,,,,,,,,,,,,,
"120 Melville Dr, Maumelle, AR 72113",120 Melville Dr,Maumelle,AR,72113,,forRent,3,1921,,2330,0,https://www.zillow.com/homedetails/120-Melville-Dr-Maumelle-AR-72113/124731365_zpid/,,255000,2026-09-16T00:00:00.000Z,Listed for rent,2024-12-28T00:00:00.000Z,Listing removed,2024-09-26T00:00:00.000Z,Listed for rent,2021-08-19T00:00:00.000Z,Listing removed,2021-08-03T00:00:00.000Z,Listed for rent,2017-11-07T00:00:00.000Z,Sold,,,,,,,,,,,,,,,,,,,,,,,,,,,,,,,,,,,,,,,,,,,,
"8056 Chesapeake Trl, Bauxite, AR 72011",8056 Chesapeake Trl,Bauxite,AR,72011,,forRent,3,1651,,1545,8,https://www.zillow.com/homedetails/8056-Chesapeake-Trl-Bauxite-AR-72011/457082351_zpid/,,,2026-09-09T00:00:00.000Z,Listed for rent,2026-08-14T00:00:00.000Z,Listing removed,2026-08-10T00:00:00.000Z,Price change,2026-07-17T00:00:00.000Z,Price change,2026-07-06T00:00:00.000Z,Price change,2026-06-25T00:00:00.000Z,Price change,2026-05-19T00:00:00.000Z,Price change,2026-05-05T00:00:00.000Z,Listed for sale,2025-10-02T00:00:00.000Z,Listing removed,2025-09-30T00:00:00.000Z,Listed for sale,,,,,,,,,,,,,,,,,,,,,,,,,,,,,,,,,,,,
"8072 Chesapeake Trl, Bauxite, AR 72011",8072 Chesapeake Trl,Bauxite,AR,72011,,forRent,4,1492,,1650,5,https://www.zillow.com/homedetails/8072-Chesapeake-Trl-Bauxite-AR-72011/457082278_zpid/,,208600,2026-09-12T00:00:00.000Z,Listed for rent,2026-07-30T00:00:00.000Z,Sold,2026-07-09T00:00:00.000Z,Contingent,2026-07-06T00:00:00.000Z,Price change,2026-06-25T00:00:00.000Z,Price change,2026-06-08T00:00:00.000Z,Price change,2026-04-11T00:00:00.000Z,Price change,2026-04-03T00:00:00.000Z,Price change,2026-03-31T00:00:00.000Z,Price change,2026-03-18T00:00:00.000Z,Price change,2026-03-16T00:00:00.000Z,Price change,2026-02-17T00:00:00.000Z,Listed for sale,2025-10-02T00:00:00.000Z,Listing removed,2025-09-30T00:00:00.000Z,Listed for sale,,,,,,,,,,,,,,,,,,,,,,,,,,,,
"8057 Chesapeake Trl, Bauxite, AR 72011",8057 Chesapeake Trl,Bauxite,AR,72011,,forRent,4,1496,,1545,8,https://www.zillow.com/homedetails/8057-Chesapeake-Trl-Bauxite-AR-72011/462191990_zpid/,,,2026-09-09T00:00:00.000Z,Listed for rent,2026-08-14T00:00:00.000Z,Listing removed,2026-08-13T00:00:00.000Z,Price change,2026-08-10T00:00:00.000Z,Price change,2026-08-04T00:00:00.000Z,Price change,2026-06-25T00:00:00.000Z,Price change,2026-06-17T00:00:00.000Z,Price change,2026-05-05T00:00:00.000Z,Listed for sale,,,,,,,,,,,,,,,,,,,,,,,,,,,,,,,,,,,,,,,,
"8065 Chesapeake Trl, Bauxite, AR 72011",8065 Chesapeake Trl,Bauxite,AR,72011,,forRent,4,1699,,1595,8,https://www.zillow.com/homedetails/8065-Chesapeake-Trl-Bauxite-AR-72011/462191986_zpid/,,,2026-09-09T00:00:00.000Z,Listed for rent,2026-08-14T00:00:00.000Z,Listing removed,2026-08-10T00:00:00.000Z,Price change,2026-08-06T00:00:00.000Z,Price change,2026-08-04T00:00:00.000Z,Price change,2026-07-31T00:00:00.000Z,Price change,2026-07-29T00:00:00.000Z,Listed for sale,2026-07-27T00:00:00.000Z,Contingent,2026-06-25T00:00:00.000Z,Price change,2026-06-17T00:00:00.000Z,Price change,2026-05-05T00:00:00.000Z,Listed for sale,,,,,,,,,,,,,,,,,,,,,,,,,,,,,,,,,,
"802 Gussy Ln, Benton, AR 72019",802 Gussy Ln,Benton,AR,72019,,forRent,4,1459,,1650,26,https://www.zillow.com/homedetails/802-Gussy-Ln-Benton-AR-72019/460667108_zpid/,,222900,2026-08-21T00:00:00.000Z,Listed for rent,2026-08-11T00:00:00.000Z,Sold,2026-07-13T00:00:00.000Z,Contingent,2026-07-04T00:00:00.000Z,Price change,2026-06-03T00:00:00.000Z,Listed for sale,2026-05-01T00:00:00.000Z,Contingent,2026-04-14T00:00:00.000Z,Price change,2026-04-07T00:00:00.000Z,Price change,2026-04-02T00:00:00.000Z,Price change,2026-02-27T00:00:00.000Z,Price change,2026-02-24T00:00:00.000Z,Listed for sale,,,,,,,,,,,,,,,,,,,,,,,,,,,,,,,,,,
"5041 Red Fox Trl, Bauxite, AR 72011",5041 Red Fox Trl,Bauxite,AR,72011,,forRent,3,1200,,1550,92,https://www.zillow.com/homedetails/5041-Red-Fox-Trl-Bauxite-AR-72011/2071703035_zpid/,,191000,2026-08-25T00:00:00.000Z,Price change,2026-06-23T00:00:00.000Z,Price change,2026-06-16T00:00:00.000Z,Listed for rent,2021-09-17T00:00:00.000Z,Sold,2021-06-24T00:00:00.000Z,Pending sale,2021-06-23T00:00:00.000Z,Contingent,2021-06-04T00:00:00.000Z,Price change,2021-04-30T00:00:00.000Z,Price change,2021-04-22T00:00:00.000Z,Price change,2021-04-16T00:00:00.000Z,Price change,2021-04-14T00:00:00.000Z,Listed for sale,,,,,,,,,,,,,,,,,,,,,,,,,,,,,,,,,,
"8016 Chesapeake Trl, Bauxite, AR 72011",8016 Chesapeake Trl,Bauxite,AR,72011,,forRent,3,1442,,1495,8,https://www.zillow.com/homedetails/8016-Chesapeake-Trl-Bauxite-AR-72011/457082295_zpid/,,,2026-09-09T00:00:00.000Z,Listed for rent,2026-08-14T00:00:00.000Z,Listing removed,2026-08-13T00:00:00.000Z,Price change,2026-07-24T00:00:00.000Z,Price change,2026-07-23T00:00:00.000Z,Listed for sale,2025-10-02T00:00:00.000Z,Listing removed,2025-09-30T00:00:00.000Z,Listed for sale,,,,,,,,,,,,,,,,,,,,,,,,,,,,,,,,,,,,,,,,,,
"3008 Emerald Park Trl, Bauxite, AR 72011",3008 Emerald Park Trl,Bauxite,AR,72011,,forRent,3,1528,,1500,16,https://www.zillow.com/homedetails/3008-Emerald-Park-Trl-Bauxite-AR-72011/2070250448_zpid/,,181875,2026-09-05T00:00:00.000Z,Listed for rent,2026-03-14T00:00:00.000Z,Listing removed,2026-02-26T00:00:00.000Z,Listed for rent,2026-02-16T00:00:00.000Z,Listing removed,2026-01-22T00:00:00.000Z,Price change,2026-01-12T00:00:00.000Z,Price change,2025-12-23T00:00:00.000Z,Price change,2025-12-03T00:00:00.000Z,Price change,2025-12-02T00:00:00.000Z,Listed for rent,2023-09-01T00:00:00.000Z,Listing removed,2021-09-27T00:00:00.000Z,Listing removed,2021-09-20T00:00:00.000Z,Listed for rent,2021-08-31T00:00:00.000Z,Sold,,,,,,,,,,,,,,,,,,,,,,,,,,,,,,
"8000 Chesapeake Trl, Bauxite, AR 72011",8000 Chesapeake Trl,Bauxite,AR,72011,,forRent,3,1373,,1445,8,https://www.zillow.com/homedetails/8000-Chesapeake-Trl-Bauxite-AR-72011/464083308_zpid/,,,2026-09-09T00:00:00.000Z,Listed for rent,2026-08-14T00:00:00.000Z,Listing removed,2026-07-24T00:00:00.000Z,Price change,2026-07-23T00:00:00.000Z,Listed for sale,,,,,,,,,,,,,,,,,,,,,,,,,,,,,,,,,,,,,,,,,,,,,,,,
"8073 Chesapeake Trl, Bauxite, AR 72011",8073 Chesapeake Trl,Bauxite,AR,72011,,forRent,3,1442,,1495,8,https://www.zillow.com/homedetails/8073-Chesapeake-Trl-Bauxite-AR-72011/460744961_zpid/,,,2026-09-09T00:00:00.000Z,Listed for rent,2026-08-14T00:00:00.000Z,Listing removed,2026-08-13T00:00:00.000Z,Price change,2026-07-17T00:00:00.000Z,Price change,2026-07-10T00:00:00.000Z,Price change,2026-07-08T00:00:00.000Z,Listed for sale,2026-06-12T00:00:00.000Z,Contingent,2026-06-08T00:00:00.000Z,Price change,2026-04-14T00:00:00.000Z,Price change,2026-02-27T00:00:00.000Z,Listed for sale,,,,,,,,,,,,,,,,,,,,,,,,,,,,,,,,,,,,
"8024 Chesapeake Trl, Bauxite, AR 72011",8024 Chesapeake Trl,Bauxite,AR,72011,,forRent,3,1248,,1345,8,https://www.zillow.com/homedetails/8024-Chesapeake-Trl-Bauxite-AR-72011/457082320_zpid/,,,2026-09-09T00:00:00.000Z,Listed for rent,2026-08-14T00:00:00.000Z,Listing removed,2026-07-24T00:00:00.000Z,Price change,2026-07-23T00:00:00.000Z,Listed for sale,2025-10-02T00:00:00.000Z,Listing removed,2025-09-30T00:00:00.000Z,Listed for sale,,,,,,,,,,,,,,,,,,,,,,,,,,,,,,,,,,,,,,,,,,,,
"7001 Potomac Trl, Bauxite, AR 72011",7001 Potomac Trl,Bauxite,AR,72011,,forRent,3,1051,,1295,8,https://www.zillow.com/homedetails/7001-Potomac-Trl-Bauxite-AR-72011/461516494_zpid/,,,2026-09-09T00:00:00.000Z,Listed for rent,2026-08-14T00:00:00.000Z,Listing removed,2026-08-10T00:00:00.000Z,Price change,2026-07-17T00:00:00.000Z,Price change,2026-06-25T00:00:00.000Z,Price change,2026-06-17T00:00:00.000Z,Price change,2026-05-19T00:00:00.000Z,Price change,2026-04-05T00:00:00.000Z,Listed for sale,,,,,,,,,,,,,,,,,,,,,,,,,,,,,,,,,,,,,,,,
"8049 Chesapeake Trl, Bauxite, AR 72011",8049 Chesapeake Trl,Bauxite,AR,72011,,forRent,3,1301,,1395,8,https://www.zillow.com/homedetails/8049-Chesapeake-Trl-Bauxite-AR-72011/463059708_zpid/,,,2026-09-09T00:00:00.000Z,Listed for rent,2026-08-14T00:00:00.000Z,Listing removed,2026-08-10T00:00:00.000Z,Price change,2026-08-04T00:00:00.000Z,Price change,2026-06-25T00:00:00.000Z,Price change,2026-06-18T00:00:00.000Z,Price change,2026-06-09T00:00:00.000Z,Listed for sale,,,,,,,,,,,,,,,,,,,,,,,,,,,,,,,,,,,,,,,,,,
"2344 Bassett St, Benton, AR 72019",2344 Bassett St,Benton,AR,72019,,forRent,3,1523,,1545,8,https://www.zillow.com/homedetails/2344-Bassett-St-Benton-AR-72019/463059714_zpid/,,,2026-09-09T00:00:00.000Z,Listed for rent,2026-08-14T00:00:00.000Z,Listing removed,2026-08-10T00:00:00.000Z,Price change,2026-07-13T00:00:00.000Z,Price change,2026-06-09T00:00:00.000Z,Listed for sale,,,,,,,,,,,,,,,,,,,,,,,,,,,,,,,,,,,,,,,,,,,,,,
"8040 Chesapeake Trl, Bauxite, AR 72011",8040 Chesapeake Trl,Bauxite,AR,72011,,forRent,4,1496,,1495,8,https://www.zillow.com/homedetails/8040-Chesapeake-Trl-Bauxite-AR-72011/457082335_zpid/,,,2026-09-09T00:00:00.000Z,Listed for rent,2026-08-14T00:00:00.000Z,Listing removed,2026-08-13T00:00:00.000Z,Price change,2026-08-10T00:00:00.000Z,Price change,2026-07-17T00:00:00.000Z,Price change,2026-07-06T00:00:00.000Z,Price change,2026-06-25T00:00:00.000Z,Price change,2026-06-17T00:00:00.000Z,Price change,2026-06-08T00:00:00.000Z,Price change,2026-05-05T00:00:00.000Z,Listed for sale,2025-10-02T00:00:00.000Z,Listing removed,2025-09-30T00:00:00.000Z,Listed for sale,,,,,,,,,,,,,,,,,,,,,,,,,,,,,,,,
"2352 Bassett St, Benton, AR 72019",2352 Bassett St,Benton,AR,72019,,forRent,4,1852,,1695,8,https://www.zillow.com/homedetails/2352-Bassett-St-Benton-AR-72019/461516492_zpid/,,,2026-09-09T00:00:00.000Z,Listed for rent,2026-08-14T00:00:00.000Z,Listing removed,2026-08-04T00:00:00.000Z,Price change,2026-07-16T00:00:00.000Z,Listed for sale,2026-04-06T00:00:00.000Z,Listing removed,2026-04-05T00:00:00.000Z,Listed for sale,,,,,,,,,,,,,,,,,,,,,,,,,,,,,,,,,,,,,,,,,,,,
"754 Gussy Ln, Benton, AR 72019",754 Gussy Ln,Benton,AR,72019,,forRent,3,1523,,1600,5,https://www.zillow.com/homedetails/754-Gussy-Ln-Benton-AR-72019/464376472_zpid/,,220900,2026-09-11T00:00:00.000Z,Listed for rent,2026-08-27T00:00:00.000Z,Sold,,,,,,,,,,,,,,,,,,,,,,,,,,,,,,,,,,,,,,,,,,,,,,,,,,,,
"5096 Woodstream Dr, Alexander, AR 72002",5096 Woodstream Dr,Alexander,AR,72002,,forRent,3,1594,,2600,12,https://www.zillow.com/homedetails/5096-Woodstream-Dr-Alexander-AR-72002/2077881150_zpid/,,180150,2026-09-05T00:00:00.000Z,Listed for rent,2024-10-14T00:00:00.000Z,Listing removed,2023-08-19T00:00:00.000Z,Listing removed,2023-07-23T00:00:00.000Z,Listed for rent,2023-03-09T00:00:00.000Z,Listing removed,2023-02-12T00:00:00.000Z,Listed for rent,2021-03-10T00:00:00.000Z,Sold,2020-10-02T00:00:00.000Z,Price change,2020-09-12T00:00:00.000Z,Listed for sale,,,,,,,,,,,,,,,,,,,,,,,,,,,,,,,,,,,,,,
"4541 Western Woods Dr, Benton, AR 72015",4541 Western Woods Dr,Benton,AR,72015,,forRent,4,2000,,1895,2,https://www.zillow.com/homedetails/4541-Western-Woods-Dr-Benton-AR-72015/2061302075_zpid/,,313100,2026-09-15T00:00:00.000Z,Listed for rent,2023-03-31T00:00:00.000Z,Sold,2022-11-05T00:00:00.000Z,Listing removed,2022-09-30T00:00:00.000Z,Listed for rent,,,,,,,,,,,,,,,,,,,,,,,,,,,,,,,,,,,,,,,,,,,,,,,,
"14457 Skyline Dr, Alexander, AR 72002",14457 Skyline Dr,Alexander,AR,72002,,forRent,3,1974,,1950,2,https://www.zillow.com/homedetails/14457-Skyline-Dr-Alexander-AR-72002/120792053_zpid/,,210000,2026-09-15T00:00:00.000Z,Listed for rent,2021-11-05T00:00:00.000Z,Sold,2015-12-17T00:00:00.000Z,Sold,,,,,,,,,,,,,,,,,,,,,,,,,,,,,,,,,,,,,,,,,,,,,,,,,,
"2064 Fern Valley Dr, Alexander, AR 72002",2064 Fern Valley Dr,Alexander,AR,72002,,forRent,3,1394,,1595,0,https://www.zillow.com/homedetails/2064-Fern-Valley-Dr-Alexander-AR-72002/247595904_zpid/,,169000,2026-09-16T00:00:00.000Z,Listed for rent,2025-12-24T00:00:00.000Z,Listing removed,2025-11-13T00:00:00.000Z,Listed for rent,2023-05-30T00:00:00.000Z,Listing removed,2023-05-15T00:00:00.000Z,Listed for rent,2021-06-30T00:00:00.000Z,Listing removed,2021-06-22T00:00:00.000Z,Listed for rent,2021-06-14T00:00:00.000Z,Sold,2021-06-13T00:00:00.000Z,Contingent,2021-05-13T00:00:00.000Z,Listed for sale,2016-12-16T00:00:00.000Z,Sold,,,,,,,,,,,,,,,,,,,,,,,,,,,,,,,,,,
"6065 Discovery Trl, Bauxite, AR 72011",6065 Discovery Trl,Bauxite,AR,72011,,forRent,4,1459,,1595,1,https://www.zillow.com/homedetails/6065-Discovery-Trl-Bauxite-AR-72011/442588179_zpid/,,192660,2026-09-15T00:00:00.000Z,Listed for rent,2026-08-11T00:00:00.000Z,Listing removed,2026-08-03T00:00:00.000Z,Listed for rent,2025-07-01T00:00:00.000Z,Listing removed,2025-05-23T00:00:00.000Z,Listed for rent,2025-05-09T00:00:00.000Z,Sold,2025-05-01T00:00:00.000Z,Contingent,2025-04-15T00:00:00.000Z,Price change,2025-04-04T00:00:00.000Z,Price change,2025-03-07T00:00:00.000Z,Price change,2025-02-28T00:00:00.000Z,Price change,2025-01-30T00:00:00.000Z,Price change,2024-12-14T00:00:00.000Z,Listed for sale,2024-11-22T00:00:00.000Z,Listing removed,2024-11-14T00:00:00.000Z,Listed for sale,,,,,,,,,,,,,,,,,,,,,,,,,,
"2705 Timbermist Cir, Benton, AR 72015",2705 Timbermist Cir,Benton,AR,72015,,forRent,3,1200,,1575,0,https://www.zillow.com/homedetails/2705-Timbermist-Cir-Benton-AR-72015/386796_zpid/,,151000,2026-09-17T00:00:00.000Z,Listed for rent,2025-09-02T00:00:00.000Z,Listing removed,2025-08-27T00:00:00.000Z,Price change,2025-08-14T00:00:00.000Z,Price change,2025-06-30T00:00:00.000Z,Listed for rent,2022-08-30T00:00:00.000Z,Listing removed,2022-08-24T00:00:00.000Z,Listed for rent,2021-08-09T00:00:00.000Z,Listing removed,2021-08-05T00:00:00.000Z,Listed for rent,2021-07-07T00:00:00.000Z,Sold,2021-07-07T00:00:00.000Z,Contingent,2021-06-05T00:00:00.000Z,Listed for sale,2021-03-24T00:00:00.000Z,Listing removed,2018-12-27T00:00:00.000Z,Listing removed,2018-09-29T00:00:00.000Z,Listed for sale,2008-06-20T00:00:00.000Z,Sold,,,,,,,,,,,,,,,,,,,,,,,,
"726 Mimosa Ct, Bryant, AR 72022",726 Mimosa Ct,Bryant,AR,72022,,forRent,3,1369,,1695,0,https://www.zillow.com/homedetails/726-Mimosa-Ct-Bryant-AR-72022/118171657_zpid/,,192000,2026-09-17T00:00:00.000Z,Listed for rent,2026-04-12T00:00:00.000Z,Listing removed,2026-04-07T00:00:00.000Z,Listed for rent,2025-03-22T00:00:00.000Z,Listing removed,2025-03-10T00:00:00.000Z,Listed for rent,2025-03-08T00:00:00.000Z,Listing removed,2025-02-27T00:00:00.000Z,Listed for rent,2023-10-08T00:00:00.000Z,Listing removed,2023-09-26T00:00:00.000Z,Listed for rent,2023-01-15T00:00:00.000Z,Listing removed,2023-01-03T00:00:00.000Z,Listed for rent,2021-11-02T00:00:00.000Z,Listing removed,2021-10-26T00:00:00.000Z,Price change,2021-10-21T00:00:00.000Z,Price change,2021-10-05T00:00:00.000Z,Listed for rent,2021-08-27T00:00:00.000Z,Sold,2021-07-29T00:00:00.000Z,Listed for sale,2021-07-21T00:00:00.000Z,Pending sale,2021-07-07T00:00:00.000Z,Listed for sale,2016-12-30T00:00:00.000Z,Sold,2014-05-02T00:00:00.000Z,Sold,2013-11-21T00:00:00.000Z,Price change,2013-09-27T00:00:00.000Z,Listed for sale,2013-07-22T00:00:00.000Z,Sold,,,,,,,,
"14611 Parkway Meadows Dr, Alexander, AR 72002",14611 Parkway Meadows Dr,Alexander,AR,72002,,forRent,3,1500,,1625,0,https://www.zillow.com/homedetails/14611-Parkway-Meadows-Dr-Alexander-AR-72002/112089546_zpid/,,192000,2026-09-17T00:00:00.000Z,Listed for rent,2025-09-08T00:00:00.000Z,Listing removed,2025-08-28T00:00:00.000Z,Listed for rent,2024-09-13T00:00:00.000Z,Listing removed,2024-08-05T00:00:00.000Z,Listed for rent,2024-07-24T00:00:00.000Z,Listing removed,2024-06-28T00:00:00.000Z,Listed for rent,2022-05-19T00:00:00.000Z,Listing removed,2022-05-04T00:00:00.000Z,Price change,2022-04-15T00:00:00.000Z,Listed for rent,2022-03-09T00:00:00.000Z,Sold,2022-02-17T00:00:00.000Z,Contingent,2022-02-15T00:00:00.000Z,Listed for sale,2019-11-19T00:00:00.000Z,Sold,2019-09-16T00:00:00.000Z,Price change,2019-08-19T00:00:00.000Z,Listed for sale,2013-07-11T00:00:00.000Z,Sold,2013-03-06T00:00:00.000Z,Price change,2013-01-31T00:00:00.000Z,Price change,2013-01-19T00:00:00.000Z,Listed for sale,2010-04-21T00:00:00.000Z,Sold,,,,,,,,,,,,,,
"830 Gussy Ln, Benton, AR 72019",830 Gussy Ln,Benton,AR,72019,,forRent,,,,,,https://www.zillow.com/b/830-gussy-ln-benton-ar-CqYvFB/,,,,,,,,,,,,,,,,,,,,,,,,,,,,,,,,,,,,,,,,,,,,,,,,,,,,,,,,,,
"4340 Sloan Dr, Alexander, AR 72002",4340 Sloan Dr,Alexander,AR,72002,,forRent,4,1850,,2140,53,https://www.zillow.com/homedetails/4340-Sloan-Dr-Alexander-AR-72002/442183331_zpid/,,267480,2026-08-09T00:00:00.000Z,Listed for rent,2026-07-28T00:00:00.000Z,Listing removed,2026-07-25T00:00:00.000Z,Listed for rent,2026-07-08T00:00:00.000Z,Listing removed,2026-06-20T00:00:00.000Z,Listed for rent,2025-08-06T00:00:00.000Z,Listing removed,2025-07-11T00:00:00.000Z,Listed for rent,2025-03-25T00:00:00.000Z,Sold,2025-02-10T00:00:00.000Z,Contingent,2025-01-17T00:00:00.000Z,Price change,2025-01-16T00:00:00.000Z,Price change,2024-10-30T00:00:00.000Z,Listed for sale,,,,,,,,,,,,,,,,,,,,,,,,,,,,,,,,
"8512 Highway 5 N, Benton, AR 72019",8512 Highway 5 N,Benton,AR,72019,,forRent,4,1533,,1895,2,https://www.zillow.com/homedetails/8512-Highway-5-N-Benton-AR-72019/394628139_zpid/,,,2026-09-14T00:00:00.000Z,Listed for rent,2024-09-13T00:00:00.000Z,Listing removed,2024-07-15T00:00:00.000Z,Listed for rent,,,,,,,,,,,,,,,,,,,,,,,,,,,,,,,,,,,,,,,,,,,,,,,,,,
"22930 Sam Tillery Dr, Alexander, AR 72002",22930 Sam Tillery Dr,Alexander,AR,72002,,forRent,4,1640,,2000,23,https://www.zillow.com/homedetails/22930-Sam-Tillery-Dr-Alexander-AR-72002/464786376_zpid/,,,2026-09-10T00:00:00.000Z,Price change,2026-09-08T00:00:00.000Z,Price change,2026-08-24T00:00:00.000Z,Listed for rent,,,,,,,,,,,,,,,,,,,,,,,,,,,,,,,,,,,,,,,,,,,,,,,,,,
"1710 Cedarhurst Dr, Benton, AR 72015",1710 Cedarhurst Dr,Benton,AR,72015,,forRent,3,1680,,1595,55,https://www.zillow.com/homedetails/1710-Cedarhurst-Dr-Benton-AR-72015/384477_zpid/,,127500,2026-09-12T00:00:00.000Z,Price change,2026-09-04T00:00:00.000Z,Price change,2026-08-29T00:00:00.000Z,Price change,2026-06-23T00:00:00.000Z,Listed for rent,2024-05-13T00:00:00.000Z,Listing removed,2024-02-10T00:00:00.000Z,Listed for rent,2024-01-31T00:00:00.000Z,Sold,2024-01-24T00:00:00.000Z,Contingent,2024-01-22T00:00:00.000Z,Listed for sale,2019-11-07T00:00:00.000Z,Listing removed,2019-10-07T00:00:00.000Z,Listed for rent,2016-12-15T00:00:00.000Z,Listing removed,2016-01-13T00:00:00.000Z,Listing removed,2016-01-11T00:00:00.000Z,Listed for rent,2015-05-22T00:00:00.000Z,Sold,2015-01-21T00:00:00.000Z,Listing removed,2014-07-25T00:00:00.000Z,Listed for rent,2014-06-23T00:00:00.000Z,Listing removed,2014-05-25T00:00:00.000Z,Price change,2014-05-07T00:00:00.000Z,Price change,2014-04-11T00:00:00.000Z,Price change,2014-02-17T00:00:00.000Z,Listed for sale,,,,,,,,,,,,
"1008 Santa Fe Trl, Bauxite, AR 72011",1008 Santa Fe Trl,Bauxite,AR,72011,,forRent,,,,,,https://www.zillow.com/b/1008-santa-fe-trl-bauxite-ar-BqKjfx/,,,,,,,,,,,,,,,,,,,,,,,,,,,,,,,,,,,,,,,,,,,,,,,,,,,,,,,,,,
"402 Stone Creek Dr, Benton, AR 72015",402 Stone Creek Dr,Benton,AR,72015,,forRent,4,1762,,1895,8,https://www.zillow.com/homedetails/402-Stone-Creek-Dr-Benton-AR-72015/71716020_zpid/,,178000,2026-09-08T00:00:00.000Z,Listed for rent,2023-09-17T00:00:00.000Z,Listing removed,2023-07-18T00:00:00.000Z,Listing removed,2023-06-14T00:00:00.000Z,Price change,2023-06-06T00:00:00.000Z,Listed for rent,2021-09-16T00:00:00.000Z,Sold,2016-08-06T00:00:00.000Z,Listing removed,2016-07-13T00:00:00.000Z,Listed for sale,2016-05-27T00:00:00.000Z,Listing removed,2016-04-15T00:00:00.000Z,Listed for sale,2006-07-11T00:00:00.000Z,Sold,,,,,,,,,,,,,,,,,,,,,,,,,,,,,,,,,,
"3002 Forest Dr, Bryant, AR 72022",3002 Forest Dr,Bryant,AR,72022,,forRent,3,1409,,1650,7,https://www.zillow.com/homedetails/3002-Forest-Dr-Bryant-AR-72022/390575_zpid/,,213000,2026-09-10T00:00:00.000Z,Listed for rent,2026-08-24T00:00:00.000Z,Sold,2026-06-30T00:00:00.000Z,Listed for sale,2018-03-05T00:00:00.000Z,Sold,2011-03-18T00:00:00.000Z,Sold,2011-02-13T00:00:00.000Z,Listed for sale,2006-08-16T00:00:00.000Z,Sold,,,,,,,,,,,,,,,,,,,,,,,,,,,,,,,,,,,,,,,,,,
"821 Church, Benton, AR 72015",821 Church,Benton,AR,72015,,forRent,4,1540,,1675,12,https://www.zillow.com/homedetails/821-Church-Benton-AR-72015/387634_zpid/,,155000,2026-09-04T00:00:00.000Z,Listed for rent,2021-08-04T00:00:00.000Z,Listing removed,2021-07-27T00:00:00.000Z,Listed for rent,2021-06-04T00:00:00.000Z,Sold,2020-12-14T00:00:00.000Z,Sold,2020-10-24T00:00:00.000Z,Listed for sale,,,,,,,,,,,,,,,,,,,,,,,,,,,,,,,,,,,,,,,,,,,,
"2114 Richland Park Dr, Bryant, AR 72022",2114 Richland Park Dr,Bryant,AR,72022,,forRent,3,1595,,1575,8,https://www.zillow.com/homedetails/2114-Richland-Park-Dr-Bryant-AR-72022/71716425_zpid/,,5656,2026-09-08T00:00:00.000Z,Listed for rent,2025-07-05T00:00:00.000Z,Listing removed,2025-07-04T00:00:00.000Z,Listed for rent,2025-07-04T00:00:00.000Z,Listing removed,2025-07-02T00:00:00.000Z,Listed for rent,2023-05-02T00:00:00.000Z,Listing removed,2023-04-19T00:00:00.000Z,Listed for rent,2022-11-16T00:00:00.000Z,Listing removed,2022-06-26T00:00:00.000Z,Listed for rent,2019-04-06T00:00:00.000Z,Listing removed,2019-03-16T00:00:00.000Z,Listed for rent,2012-08-23T00:00:00.000Z,Sold,,,,,,,,,,,,,,,,,,,,,,,,,,,,,,,,
"6413 Amalie Dr, Alexander, AR 72002",6413 Amalie Dr,Alexander,AR,72002,,forRent,3,1485,,1675,8,https://www.zillow.com/homedetails/6413-Amalie-Dr-Alexander-AR-72002/247595729_zpid/,,198000,2026-09-08T00:00:00.000Z,Listed for rent,2025-08-18T00:00:00.000Z,Listing removed,2025-08-06T00:00:00.000Z,Listed for rent,2022-05-12T00:00:00.000Z,Listing removed,2022-05-04T00:00:00.000Z,Price change,2022-04-27T00:00:00.000Z,Price change,2022-04-12T00:00:00.000Z,Listed for rent,2022-03-01T00:00:00.000Z,Sold,2022-01-18T00:00:00.000Z,Listed for sale,2018-09-21T00:00:00.000Z,Sold,2018-08-07T00:00:00.000Z,Listed for sale,2018-06-21T00:00:00.000Z,Listing removed,2018-05-23T00:00:00.000Z,Price change,2018-05-11T00:00:00.000Z,Listed for sale,,,,,,,,,,,,,,,,,,,,,,,,,,,,
"3001 Wild Berry Dr, Benton, AR 72015",3001 Wild Berry Dr,Benton,AR,72015,,forRent,3,1486,,1725,26,https://www.zillow.com/homedetails/3001-Wild-Berry-Dr-Benton-AR-72015/71716346_zpid/,,184900,2026-08-21T00:00:00.000Z,Listed for rent,2024-07-31T00:00:00.000Z,Listing removed,2024-07-05T00:00:00.000Z,Listed for rent,2023-04-21T00:00:00.000Z,Listing removed,2023-04-19T00:00:00.000Z,Listed for rent,2022-03-28T00:00:00.000Z,Listing removed,2022-03-24T00:00:00.000Z,Price change,2022-03-11T00:00:00.000Z,Listed for rent,2022-02-01T00:00:00.000Z,Sold,2022-02-01T00:00:00.000Z,Contingent,2022-01-06T00:00:00.000Z,Listed for sale,2020-08-31T00:00:00.000Z,Sold,2020-07-10T00:00:00.000Z,Listed for sale,2008-07-11T00:00:00.000Z,Sold,,,,,,,,,,,,,,,,,,,,,,,,,,,,
"6634 Hollywood Ave, Benton, AR 72019",6634 Hollywood Ave,Benton,AR,72019,,forRent,3,1051,,1195,8,https://www.zillow.com/homedetails/6634-Hollywood-Ave-Benton-AR-72019/459936342_zpid/,,,2026-09-09T00:00:00.000Z,Listed for rent,2026-08-14T00:00:00.000Z,Listing removed,2026-06-25T00:00:00.000Z,Price change,2026-06-17T00:00:00.000Z,Price change,2026-06-08T00:00:00.000Z,Price change,2026-05-28T00:00:00.000Z,Price change,2026-05-07T00:00:00.000Z,Price change,2026-05-06T00:00:00.000Z,Price change,2026-05-05T00:00:00.000Z,Price change,2026-05-02T00:00:00.000Z,Listed for sale,2026-04-23T00:00:00.000Z,Contingent,2026-03-31T00:00:00.000Z,Price change,2026-03-18T00:00:00.000Z,Price change,2026-03-03T00:00:00.000Z,Price change,2026-02-14T00:00:00.000Z,Price change,2026-02-03T00:00:00.000Z,Price change,2026-01-23T00:00:00.000Z,Listed for sale,,,,,,,,,,,,,,,,,,,,,,
"227 Iris St, Haskell, AR 72015",227 Iris St,Haskell,AR,72015,,forRent,3,1420,,1675,52,https://www.zillow.com/homedetails/227-Iris-St-Haskell-AR-72015/2060765172_zpid/,,195000,2026-09-10T00:00:00.000Z,Price change,2026-08-27T00:00:00.000Z,Price change,2026-07-27T00:00:00.000Z,Listed for rent,2023-02-16T00:00:00.000Z,Listing removed,2023-02-08T00:00:00.000Z,Price change,2023-01-26T00:00:00.000Z,Price change,2022-12-09T00:00:00.000Z,Listed for rent,2022-11-10T00:00:00.000Z,Sold,,,,,,,,,,,,,,,,,,,,,,,,,,,,,,,,,,,,,,,,
"6688 Hollywood Ave, Benton, AR 72019",6688 Hollywood Ave,Benton,AR,72019,,forRent,3,1051,,1595,12,https://www.zillow.com/homedetails/6688-Hollywood-Ave-Benton-AR-72019/460744960_zpid/,,183900,2026-09-04T00:00:00.000Z,Listed for rent,2026-08-28T00:00:00.000Z,Sold,2026-08-10T00:00:00.000Z,Contingent,2026-06-25T00:00:00.000Z,Price change,2026-06-18T00:00:00.000Z,Price change,2026-06-09T00:00:00.000Z,Price change,2026-05-02T00:00:00.000Z,Price change,2026-03-31T00:00:00.000Z,Price change,2026-03-03T00:00:00.000Z,Price change,2026-02-27T00:00:00.000Z,Listed for sale,,,,,,,,,,,,,,,,,,,,,,,,,,,,,,,,,,,,
"14095 Magnolia Glen Dr, Alexander, AR 72002",14095 Magnolia Glen Dr,Alexander,AR,72002,,forRent,3,1228,,1530,15,https://www.zillow.com/homedetails/14095-Magnolia-Glen-Dr-Alexander-AR-72002/88906053_zpid/,,119500,2026-09-01T00:00:00.000Z,Listed for rent,2020-12-08T00:00:00.000Z,Listing removed,2020-12-02T00:00:00.000Z,Listed for rent,2016-09-27T00:00:00.000Z,Sold,2016-06-29T00:00:00.000Z,Price change,2016-06-06T00:00:00.000Z,Listed for sale,2015-07-08T00:00:00.000Z,Listing removed,2015-06-13T00:00:00.000Z,Listed for rent,2014-07-19T00:00:00.000Z,Listing removed,2014-06-20T00:00:00.000Z,Listed for rent,2013-07-17T00:00:00.000Z,Listing removed,2013-07-03T00:00:00.000Z,Price change,2013-06-14T00:00:00.000Z,Price change,2013-05-17T00:00:00.000Z,Listed for rent,2009-11-06T00:00:00.000Z,Sold,,,,,,,,,,,,,,,,,,,,,,,,,,
"3264 Sidell Estates Dr, Benton, AR 72015",3264 Sidell Estates Dr,Benton,AR,72015,,forRent,4,1652,,1795,33,https://www.zillow.com/homedetails/3264-Sidell-Estates-Dr-Benton-AR-72015/2063496322_zpid/,,,2026-08-14T00:00:00.000Z,Listed for rent,2022-07-02T00:00:00.000Z,Listing removed,2022-06-10T00:00:00.000Z,Price change,2022-04-28T00:00:00.000Z,Listed for sale,,,,,,,,,,,,,,,,,,,,,,,,,,,,,,,,,,,,,,,,,,,,,,,,
"65 Swayze Rhys Ln, Cabot, AR 72023",65 Swayze Rhys Ln,Cabot,AR,72023,,forRent,3,1633,,1675,34,https://www.zillow.com/homedetails/65-Swayze-Rhys-Ln-Cabot-AR-72023/2052994194_zpid/,,213925,2026-09-08T00:00:00.000Z,Price change,2026-08-13T00:00:00.000Z,Listed for rent,2024-05-01T00:00:00.000Z,Sold,2024-04-05T00:00:00.000Z,Contingent,2024-02-09T00:00:00.000Z,Price change,2024-02-01T00:00:00.000Z,Listed for sale,,,,,,,,,,,,,,,,,,,,,,,,,,,,,,,,,,,,,,,,,,,,
"70 Kinley Brook Ln, Cabot, AR 72023",70 Kinley Brook Ln,Cabot,AR,72023,,forRent,3,1012,,1595,37,https://www.zillow.com/homedetails/70-Kinley-Brook-Ln-Cabot-AR-72023/2055560788_zpid/,,175775,2026-08-11T00:00:00.000Z,Listed for rent,2024-06-17T00:00:00.000Z,Listing removed,2024-05-22T00:00:00.000Z,Price change,2024-03-06T00:00:00.000Z,Listed for rent,2024-02-27T00:00:00.000Z,Sold,2024-02-17T00:00:00.000Z,Contingent,2023-12-26T00:00:00.000Z,Price change,2023-11-15T00:00:00.000Z,Price change,2023-09-12T00:00:00.000Z,Listed for sale,,,,,,,,,,,,,,,,,,,,,,,,,,,,,,,,,,,,,,
"125 Powder River Dr, Beebe, AR 72012",125 Powder River Dr,Beebe,AR,72012,,forRent,4,1640,,1600,9,https://www.zillow.com/homedetails/125-Powder-River-Dr-Beebe-AR-72012/458967504_zpid/,,188900,2026-09-07T00:00:00.000Z,Listed for rent,2026-07-24T00:00:00.000Z,Sold,2026-07-09T00:00:00.000Z,Contingent,2026-06-17T00:00:00.000Z,Listed for sale,2026-06-09T00:00:00.000Z,Contingent,2026-06-08T00:00:00.000Z,Price change,2026-06-03T00:00:00.000Z,Price change,2026-05-29T00:00:00.000Z,Price change,2026-05-22T00:00:00.000Z,Price change,2026-05-18T00:00:00.000Z,Price change,2026-05-07T00:00:00.000Z,Price change,2026-04-07T00:00:00.000Z,Price change,2026-04-02T00:00:00.000Z,Price change,2026-03-30T00:00:00.000Z,Price change,2026-03-24T00:00:00.000Z,Price change,2026-03-18T00:00:00.000Z,Price change,2026-02-06T00:00:00.000Z,Price change,2026-02-03T00:00:00.000Z,Price change,2026-01-13T00:00:00.000Z,Price change,2026-01-12T00:00:00.000Z,Price change,2025-12-13T00:00:00.000Z,Listed for sale,,,,,,,,,,,,,,
"116 Preston Ln, Hensley, AR 72065",116 Preston Ln,Hensley,AR,72065,,forRent,4,1655,,1825,26,https://www.zillow.com/homedetails/116-Preston-Ln-Hensley-AR-72065/463777019_zpid/,,,2026-08-29T00:00:00.000Z,Listing removed,2026-08-22T00:00:00.000Z,Listed for rent,2026-07-10T00:00:00.000Z,Listed for sale,,,,,,,,,,,,,,,,,,,,,,,,,,,,,,,,,,,,,,,,,,,,,,,,,,
"8072 Chesapeake Trl, Bauxite, AR 72011",8072 Chesapeake Trl,Bauxite,AR,72011,,forRent,4,1492,,1650,5,https://www.zillow.com/homedetails/8072-Chesapeake-Trl-Bauxite-AR-72011/457082278_zpid/,,208600,2026-09-12T00:00:00.000Z,Listed for rent,2026-07-30T00:00:00.000Z,Sold,2026-07-09T00:00:00.000Z,Contingent,2026-07-06T00:00:00.000Z,Price change,2026-06-25T00:00:00.000Z,Price change,2026-06-08T00:00:00.000Z,Price change,2026-04-11T00:00:00.000Z,Price change,2026-04-03T00:00:00.000Z,Price change,2026-03-31T00:00:00.000Z,Price change,2026-03-18T00:00:00.000Z,Price change,2026-03-16T00:00:00.000Z,Price change,2026-02-17T00:00:00.000Z,Listed for sale,2025-10-02T00:00:00.000Z,Listing removed,2025-09-30T00:00:00.000Z,Listed for sale,,,,,,,,,,,,,,,,,,,,,,,,,,,,
"133 Preston Ln, Hensley, AR 72065",133 Preston Ln,Hensley,AR,72065,,forRent,5,1867,,1895,26,https://www.zillow.com/homedetails/133-Preston-Ln-Hensley-AR-72065/458636124_zpid/,,,2026-08-22T00:00:00.000Z,Listed for rent,2026-08-20T00:00:00.000Z,Listing removed,2026-06-01T00:00:00.000Z,Price change,2026-05-29T00:00:00.000Z,Price change,2026-04-18T00:00:00.000Z,Price change,2026-04-06T00:00:00.000Z,Price change,2026-04-06T00:00:00.000Z,Listed for sale,2026-01-08T00:00:00.000Z,Contingent,2025-11-29T00:00:00.000Z,Listed for sale,,,,,,,,,,,,,,,,,,,,,,,,,,,,,,,,,,,,,,
"6005 Coywolf, Maumelle, AR 72113",6005 Coywolf,Maumelle,AR,72113,,forRent,4,1955,,2300,0,https://www.zillow.com/homedetails/6005-Coywolf-Maumelle-AR-72113/465322717_zpid/,,,2026-09-16T00:00:00.000Z,Listed for rent,,,,,,,,,,,,,,,,,,,,,,,,,,,,,,,,,,,,,,,,,,,,,,,,,,,,,,
"8616 Eastwood Creek Dr, North Little Rock, AR 72113",8616 Eastwood Creek Dr,North Little Rock,AR,72113,,forRent,3,1722,,1950,27,https://www.zillow.com/homedetails/8616-Eastwood-Creek-Dr-North-Little-Rock-AR-72113/2059022685_zpid/,,246600,2026-08-20T00:00:00.000Z,Listed for rent,2026-08-20T00:00:00.000Z,Listing removed,2026-08-08T00:00:00.000Z,Price change,2026-07-16T00:00:00.000Z,Listed for rent,2023-06-12T00:00:00.000Z,Sold,2023-05-02T00:00:00.000Z,Contingent,2023-03-02T00:00:00.000Z,Listed for sale,2023-03-01T00:00:00.000Z,Contingent,2023-02-24T00:00:00.000Z,Listed for sale,,,,,,,,,,,,,,,,,,,,,,,,,,,,,,,,,,,,,,
"100 Preston Ln, Hensley, AR 72065",100 Preston Ln,Hensley,AR,72065,,forRent,4,1655,,1825,26,https://www.zillow.com/homedetails/100-Preston-Ln-Hensley-AR-72065/463777020_zpid/,,,2026-09-15T00:00:00.000Z,Listing removed,2026-08-22T00:00:00.000Z,Listed for rent,2026-07-10T00:00:00.000Z,Listed for sale,,,,,,,,,,,,,,,,,,,,,,,,,,,,,,,,,,,,,,,,,,,,,,,,,,
"10700 Mason Dr, North Little Rock, AR 72113",10700 Mason Dr,North Little Rock,AR,72113,,forRent,3,1248,,1700,8,https://www.zillow.com/homedetails/10700-Mason-Dr-North-Little-Rock-AR-72113/457082284_zpid/,,204325,2026-09-08T00:00:00.000Z,Listed for rent,2026-03-11T00:00:00.000Z,Sold,2026-01-15T00:00:00.000Z,Contingent,2025-12-30T00:00:00.000Z,Listed for sale,2025-10-30T00:00:00.000Z,Listing removed,2025-09-30T00:00:00.000Z,Listed for sale,,,,,,,,,,,,,,,,,,,,,,,,,,,,,,,,,,,,,,,,,,,,
"2400 SW Ednruance Way #2, Maumelle, AR 72113",2400 SW Ednruance Way #2,Maumelle,AR,72113,,forRent,3,1200,,1995,86,https://www.zillow.com/homedetails/2400-SW-Ednruance-Way-2-Maumelle-AR-72113/463401793_zpid/,,,2026-09-08T00:00:00.000Z,Price change,2026-06-23T00:00:00.000Z,Listed for rent,,,,,,,,,,,,,,,,,,,,,,,,,,,,,,,,,,,,,,,,,,,,,,,,,,,,
"15 Vineyard Dr, Mayflower, AR 72106",15 Vineyard Dr,Mayflower,AR,72106,,forRent,5,1867,,1855,7,https://www.zillow.com/homedetails/15-Vineyard-Dr-Mayflower-AR-72106/460693101_zpid/,,222000,2026-09-09T00:00:00.000Z,Listed for rent,2026-08-24T00:00:00.000Z,Sold,2026-07-26T00:00:00.000Z,Contingent,2026-05-11T00:00:00.000Z,Price change,2026-04-30T00:00:00.000Z,Listed for sale,2026-03-31T00:00:00.000Z,Contingent,2026-02-25T00:00:00.000Z,Listed for sale,,,,,,,,,,,,,,,,,,,,,,,,,,,,,,,,,,,,,,,,,,
"164 Preston Ln, Hensley, AR 72065",164 Preston Ln,Hensley,AR,72065,,forRent,4,1655,,1825,26,https://www.zillow.com/homedetails/164-Preston-Ln-Hensley-AR-72065/463494189_zpid/,,,2026-08-26T00:00:00.000Z,Listing removed,2026-08-22T00:00:00.000Z,Listed for rent,2026-06-26T00:00:00.000Z,Listed for sale,,,,,,,,,,,,,,,,,,,,,,,,,,,,,,,,,,,,,,,,,,,,,,,,,,
"10 Cabernet Way, Mayflower, AR 72106",10 Cabernet Way,Mayflower,AR,72106,,forRent,4,1810,,1845,8,https://www.zillow.com/homedetails/10-Cabernet-Way-Mayflower-AR-72106/463444691_zpid/,,,2026-09-09T00:00:00.000Z,Listed for rent,2026-08-14T00:00:00.000Z,Listing removed,2026-08-04T00:00:00.000Z,Price change,2026-06-24T00:00:00.000Z,Listed for sale,,,,,,,,,,,,,,,,,,,,,,,,,,,,,,,,,,,,,,,,,,,,,,,,
"15 Cabernet Way, Mayflower, AR 72106",15 Cabernet Way,Mayflower,AR,72106,,forRent,4,1810,,1845,6,https://www.zillow.com/homedetails/15-Cabernet-Way-Mayflower-AR-72106/464353000_zpid/,,,2026-09-10T00:00:00.000Z,Listed for rent,2026-08-26T00:00:00.000Z,Listing removed,2026-08-18T00:00:00.000Z,Price change,2026-08-10T00:00:00.000Z,Price change,2026-08-07T00:00:00.000Z,Price change,2026-08-06T00:00:00.000Z,Price change,2026-08-05T00:00:00.000Z,Listed for sale,,,,,,,,,,,,,,,,,,,,,,,,,,,,,,,,,,,,,,,,,,
"113 Lucy Ln, Maumelle, AR 72113",113 Lucy Ln,Maumelle,AR,72113,,forRent,3,1051,,1460,8,https://www.zillow.com/homedetails/113-Lucy-Ln-Maumelle-AR-72113/463057776_zpid/,,,2026-09-09T00:00:00.000Z,Listed for rent,2026-08-14T00:00:00.000Z,Listing removed,2026-08-10T00:00:00.000Z,Price change,2026-07-17T00:00:00.000Z,Price change,2026-07-13T00:00:00.000Z,Price change,2026-07-09T00:00:00.000Z,Price change,2026-07-06T00:00:00.000Z,Price change,2026-06-09T00:00:00.000Z,Listed for sale,,,,,,,,,,,,,,,,,,,,,,,,,,,,,,,,,,,,,,,,
"103 Jo Park Ln, Maumelle, AR 72113",103 Jo Park Ln,Maumelle,AR,72113,,forRent,3,1491,,1700,0,https://www.zillow.com/homedetails/103-Jo-Park-Ln-Maumelle-AR-72113/2058345725_zpid/,,223425,2026-09-16T00:00:00.000Z,Listed for rent,2023-08-10T00:00:00.000Z,Sold,2023-04-29T00:00:00.000Z,Listing removed,2023-04-18T00:00:00.000Z,Price change,2023-03-26T00:00:00.000Z,Listed for sale,,,,,,,,,,,,,,,,,,,,,,,,,,,,,,,,,,,,,,,,,,,,,,
"7 Cabernet Way, Mayflower, AR 72106",7 Cabernet Way,Mayflower,AR,72106,,forRent,3,1290,,1600,14,https://www.zillow.com/homedetails/7-Cabernet-Way-Mayflower-AR-72106/463057997_zpid/,,208300,2026-09-02T00:00:00.000Z,Listed for rent,2026-08-28T00:00:00.000Z,Sold,2026-08-12T00:00:00.000Z,Price change,2026-08-11T00:00:00.000Z,Listed for sale,2026-08-11T00:00:00.000Z,Contingent,2026-08-10T00:00:00.000Z,Price change,2026-07-08T00:00:00.000Z,Price change,2026-06-09T00:00:00.000Z,Listed for sale,,,,,,,,,,,,,,,,,,,,,,,,,,,,,,,,,,,,,,,,
"148 Preston Ln, Hensley, AR 72065",148 Preston Ln,Hensley,AR,72065,,forRent,4,1525,,1775,26,https://www.zillow.com/homedetails/148-Preston-Ln-Hensley-AR-72065/463777017_zpid/,,,2026-08-26T00:00:00.000Z,Listing removed,2026-08-22T00:00:00.000Z,Listed for rent,2026-07-10T00:00:00.000Z,Listed for sale,,,,,,,,,,,,,,,,,,,,,,,,,,,,,,,,,,,,,,,,,,,,,,,,,,
"196 Preston Ln, Hensley, AR 72065",196 Preston Ln,Hensley,AR,72065,,forRent,4,1525,,1775,26,https://www.zillow.com/homedetails/196-Preston-Ln-Hensley-AR-72065/462387776_zpid/,,,2026-08-22T00:00:00.000Z,Listed for rent,2026-08-22T00:00:00.000Z,Listing removed,2026-07-11T00:00:00.000Z,Price change,2026-05-12T00:00:00.000Z,Listed for sale,,,,,,,,,,,,,,,,,,,,,,,,,,,,,,,,,,,,,,,,,,,,,,,,
"15096 Thompson Branch Trl, Hensley, AR 72065",15096 Thompson Branch Trl,Hensley,AR,72065,,forRent,4,1699,,1605,8,https://www.zillow.com/homedetails/15096-Thompson-Branch-Trl-Hensley-AR-72065/463333814_zpid/,,,2026-09-09T00:00:00.000Z,Listed for rent,2026-08-14T00:00:00.000Z,Listing removed,2026-07-06T00:00:00.000Z,Price change,2026-06-18T00:00:00.000Z,Listed for sale,,,,,,,,,,,,,,,,,,,,,,,,,,,,,,,,,,,,,,,,,,,,,,,,
"180 Preston Ln, Hensley, AR 72065",180 Preston Ln,Hensley,AR,72065,,forRent,3,1364,,1700,26,https://www.zillow.com/homedetails/180-Preston-Ln-Hensley-AR-72065/462386542_zpid/,,,2026-08-22T00:00:00.000Z,Listed for rent,2026-08-20T00:00:00.000Z,Listing removed,2026-07-11T00:00:00.000Z,Price change,2026-05-12T00:00:00.000Z,Listed for sale,,,,,,,,,,,,,,,,,,,,,,,,,,,,,,,,,,,,,,,,,,,,,,,,
"2352 Bassett St, Benton, AR 72019",2352 Bassett St,Benton,AR,72019,,forRent,4,1852,,1695,8,https://www.zillow.com/homedetails/2352-Bassett-St-Benton-AR-72019/461516492_zpid/,,,2026-09-09T00:00:00.000Z,Listed for rent,2026-08-14T00:00:00.000Z,Listing removed,2026-08-04T00:00:00.000Z,Price change,2026-07-16T00:00:00.000Z,Listed for sale,2026-04-06T00:00:00.000Z,Listing removed,2026-04-05T00:00:00.000Z,Listed for sale,,,,,,,,,,,,,,,,,,,,,,,,,,,,,,,,,,,,,,,,,,,,
"15112 Thompson Branch Trl, Hensley, AR 72065",15112 Thompson Branch Trl,Hensley,AR,72065,,forRent,3,1612,,1555,8,https://www.zillow.com/homedetails/15112-Thompson-Branch-Trl-Hensley-AR-72065/463333808_zpid/,,,2026-09-09T00:00:00.000Z,Listed for rent,2026-08-14T00:00:00.000Z,Listing removed,2026-07-06T00:00:00.000Z,Price change,2026-06-18T00:00:00.000Z,Listed for sale,,,,,,,,,,,,,,,,,,,,,,,,,,,,,,,,,,,,,,,,,,,,,,,,
"15088 Thompson Branch Trl, Hensley, AR 72065",15088 Thompson Branch Trl,Hensley,AR,72065,,forRent,3,1523,,1505,8,https://www.zillow.com/homedetails/15088-Thompson-Branch-Trl-Hensley-AR-72065/461413231_zpid/,,,2026-09-09T00:00:00.000Z,Listed for rent,2026-08-14T00:00:00.000Z,Listing removed,2026-07-17T00:00:00.000Z,Price change,2026-07-06T00:00:00.000Z,Price change,2026-06-25T00:00:00.000Z,Price change,2026-06-17T00:00:00.000Z,Price change,2026-05-12T00:00:00.000Z,Price change,2026-03-31T00:00:00.000Z,Listed for sale,,,,,,,,,,,,,,,,,,,,,,,,,,,,,,,,,,,,,,,,
"15128 Thompson Branch Trl, Hensley, AR 72065",15128 Thompson Branch Trl,Hensley,AR,72065,,forRent,3,1612,,1555,8,https://www.zillow.com/homedetails/15128-Thompson-Branch-Trl-Hensley-AR-72065/463866341_zpid/,,,2026-09-09T00:00:00.000Z,Listed for rent,2026-08-14T00:00:00.000Z,Listing removed,2026-07-24T00:00:00.000Z,Price change,2026-07-14T00:00:00.000Z,Listed for sale,,,,,,,,,,,,,,,,,,,,,,,,,,,,,,,,,,,,,,,,,,,,,,,,
"124 Preston Ln, Hensley, AR 72065",124 Preston Ln,Hensley,AR,72065,,forRent,4,1525,,1775,26,https://www.zillow.com/homedetails/124-Preston-Ln-Hensley-AR-72065/463777018_zpid/,,,2026-08-29T00:00:00.000Z,Listing removed,2026-08-22T00:00:00.000Z,Listed for rent,2026-07-10T00:00:00.000Z,Listed for sale,,,,,,,,,,,,,,,,,,,,,,,,,,,,,,,,,,,,,,,,,,,,,,,,,,
"3802 Pinecrest Ln, Maumelle, AR 72113",3802 Pinecrest Ln,Maumelle,AR,72113,,forRent,4,2435,,2600,13,https://www.zillow.com/homedetails/3802-Pinecrest-Ln-Maumelle-AR-72113/465038347_zpid/,,,2026-09-15T00:00:00.000Z,Price change,2026-09-03T00:00:00.000Z,Listed for rent,,,,,,,,,,,,,,,,,,,,,,,,,,,,,,,,,,,,,,,,,,,,,,,,,,,,
"15105 Thompson Branch Trl, Hensley, AR 72065",15105 Thompson Branch Trl,Hensley,AR,72065,,forRent,3,1446,,1460,8,https://www.zillow.com/homedetails/15105-Thompson-Branch-Trl-Hensley-AR-72065/462191989_zpid/,,,2026-09-09T00:00:00.000Z,Listed for rent,2026-08-14T00:00:00.000Z,Listing removed,2026-07-06T00:00:00.000Z,Price change,2026-06-17T00:00:00.000Z,Price change,2026-05-05T00:00:00.000Z,Listed for sale,,,,,,,,,,,,,,,,,,,,,,,,,,,,,,,,,,,,,,,,,,,,,,
"15120 Thompson Branch Trl, Hensley, AR 72065",15120 Thompson Branch Trl,Hensley,AR,72065,,forRent,3,1355,,1460,8,https://www.zillow.com/homedetails/15120-Thompson-Branch-Trl-Hensley-AR-72065/463333816_zpid/,,,2026-09-09T00:00:00.000Z,Listed for rent,2026-08-14T00:00:00.000Z,Listing removed,2026-07-06T00:00:00.000Z,Price change,2026-06-18T00:00:00.000Z,Listed for sale,,,,,,,,,,,,,,,,,,,,,,,,,,,,,,,,,,,,,,,,,,,,,,,,
"8065 Chesapeake Trl, Bauxite, AR 72011",8065 Chesapeake Trl,Bauxite,AR,72011,,forRent,4,1699,,1595,8,https://www.zillow.com/homedetails/8065-Chesapeake-Trl-Bauxite-AR-72011/462191986_zpid/,,,2026-09-09T00:00:00.000Z,Listed for rent,2026-08-14T00:00:00.000Z,Listing removed,2026-08-10T00:00:00.000Z,Price change,2026-08-06T00:00:00.000Z,Price change,2026-08-04T00:00:00.000Z,Price change,2026-07-31T00:00:00.000Z,Price change,2026-07-29T00:00:00.000Z,Listed for sale,2026-07-27T00:00:00.000Z,Contingent,2026-06-25T00:00:00.000Z,Price change,2026-06-17T00:00:00.000Z,Price change,2026-05-05T00:00:00.000Z,Listed for sale,,,,,,,,,,,,,,,,,,,,,,,,,,,,,,,,,,
"8057 Chesapeake Trl, Bauxite, AR 72011",8057 Chesapeake Trl,Bauxite,AR,72011,,forRent,4,1496,,1545,8,https://www.zillow.com/homedetails/8057-Chesapeake-Trl-Bauxite-AR-72011/462191990_zpid/,,,2026-09-09T00:00:00.000Z,Listed for rent,2026-08-14T00:00:00.000Z,Listing removed,2026-08-13T00:00:00.000Z,Price change,2026-08-10T00:00:00.000Z,Price change,2026-08-04T00:00:00.000Z,Price change,2026-06-25T00:00:00.000Z,Price change,2026-06-17T00:00:00.000Z,Price change,2026-05-05T00:00:00.000Z,Listed for sale,,,,,,,,,,,,,,,,,,,,,,,,,,,,,,,,,,,,,,,,
"5041 Red Fox Trl, Bauxite, AR 72011",5041 Red Fox Trl,Bauxite,AR,72011,,forRent,3,1200,,1550,92,https://www.zillow.com/homedetails/5041-Red-Fox-Trl-Bauxite-AR-72011/2071703035_zpid/,,191000,2026-08-25T00:00:00.000Z,Price change,2026-06-23T00:00:00.000Z,Price change,2026-06-16T00:00:00.000Z,Listed for rent,2021-09-17T00:00:00.000Z,Sold,2021-06-24T00:00:00.000Z,Pending sale,2021-06-23T00:00:00.000Z,Contingent,2021-06-04T00:00:00.000Z,Price change,2021-04-30T00:00:00.000Z,Price change,2021-04-22T00:00:00.000Z,Price change,2021-04-16T00:00:00.000Z,Price change,2021-04-14T00:00:00.000Z,Listed for sale,,,,,,,,,,,,,,,,,,,,,,,,,,,,,,,,,,
"8056 Chesapeake Trl, Bauxite, AR 72011",8056 Chesapeake Trl,Bauxite,AR,72011,,forRent,3,1651,,1545,8,https://www.zillow.com/homedetails/8056-Chesapeake-Trl-Bauxite-AR-72011/457082351_zpid/,,,2026-09-09T00:00:00.000Z,Listed for rent,2026-08-14T00:00:00.000Z,Listing removed,2026-08-10T00:00:00.000Z,Price change,2026-07-17T00:00:00.000Z,Price change,2026-07-06T00:00:00.000Z,Price change,2026-06-25T00:00:00.000Z,Price change,2026-05-19T00:00:00.000Z,Price change,2026-05-05T00:00:00.000Z,Listed for sale,2025-10-02T00:00:00.000Z,Listing removed,2025-09-30T00:00:00.000Z,Listed for sale,,,,,,,,,,,,,,,,,,,,,,,,,,,,,,,,,,,,
"802 Gussy Ln, Benton, AR 72019",802 Gussy Ln,Benton,AR,72019,,forRent,4,1459,,1650,26,https://www.zillow.com/homedetails/802-Gussy-Ln-Benton-AR-72019/460667108_zpid/,,222900,2026-08-21T00:00:00.000Z,Listed for rent,2026-08-11T00:00:00.000Z,Sold,2026-07-13T00:00:00.000Z,Contingent,2026-07-04T00:00:00.000Z,Price change,2026-06-03T00:00:00.000Z,Listed for sale,2026-05-01T00:00:00.000Z,Contingent,2026-04-14T00:00:00.000Z,Price change,2026-04-07T00:00:00.000Z,Price change,2026-04-02T00:00:00.000Z,Price change,2026-02-27T00:00:00.000Z,Price change,2026-02-24T00:00:00.000Z,Listed for sale,,,,,,,,,,,,,,,,,,,,,,,,,,,,,,,,,,
"2344 Bassett St, Benton, AR 72019",2344 Bassett St,Benton,AR,72019,,forRent,3,1523,,1545,8,https://www.zillow.com/homedetails/2344-Bassett-St-Benton-AR-72019/463059714_zpid/,,,2026-09-09T00:00:00.000Z,Listed for rent,2026-08-14T00:00:00.000Z,Listing removed,2026-08-10T00:00:00.000Z,Price change,2026-07-13T00:00:00.000Z,Price change,2026-06-09T00:00:00.000Z,Listed for sale,,,,,,,,,,,,,,,,,,,,,,,,,,,,,,,,,,,,,,,,,,,,,,
"8073 Chesapeake Trl, Bauxite, AR 72011",8073 Chesapeake Trl,Bauxite,AR,72011,,forRent,3,1442,,1495,8,https://www.zillow.com/homedetails/8073-Chesapeake-Trl-Bauxite-AR-72011/460744961_zpid/,,,2026-09-09T00:00:00.000Z,Listed for rent,2026-08-14T00:00:00.000Z,Listing removed,2026-08-13T00:00:00.000Z,Price change,2026-07-17T00:00:00.000Z,Price change,2026-07-10T00:00:00.000Z,Price change,2026-07-08T00:00:00.000Z,Listed for sale,2026-06-12T00:00:00.000Z,Contingent,2026-06-08T00:00:00.000Z,Price change,2026-04-14T00:00:00.000Z,Price change,2026-02-27T00:00:00.000Z,Listed for sale,,,,,,,,,,,,,,,,,,,,,,,,,,,,,,,,,,,,
"15104 Thompson Branch Trl, Hensley, AR 72065",15104 Thompson Branch Trl,Hensley,AR,72065,,forRent,4,1442,,1460,8,https://www.zillow.com/homedetails/15104-Thompson-Branch-Trl-Hensley-AR-72065/463333815_zpid/,,,2026-09-09T00:00:00.000Z,Listed for rent,2026-08-14T00:00:00.000Z,Listing removed,2026-07-06T00:00:00.000Z,Price change,2026-06-18T00:00:00.000Z,Listed for sale,,,,,,,,,,,,,,,,,,,,,,,,,,,,,,,,,,,,,,,,,,,,,,,,
"8000 Chesapeake Trl, Bauxite, AR 72011",8000 Chesapeake Trl,Bauxite,AR,72011,,forRent,3,1373,,1445,8,https://www.zillow.com/homedetails/8000-Chesapeake-Trl-Bauxite-AR-72011/464083308_zpid/,,,2026-09-09T00:00:00.000Z,Listed for rent,2026-08-14T00:00:00.000Z,Listing removed,2026-07-24T00:00:00.000Z,Price change,2026-07-23T00:00:00.000Z,Listed for sale,,,,,,,,,,,,,,,,,,,,,,,,,,,,,,,,,,,,,,,,,,,,,,,,
"8040 Chesapeake Trl, Bauxite, AR 72011",8040 Chesapeake Trl,Bauxite,AR,72011,,forRent,4,1496,,1495,8,https://www.zillow.com/homedetails/8040-Chesapeake-Trl-Bauxite-AR-72011/457082335_zpid/,,,2026-09-09T00:00:00.000Z,Listed for rent,2026-08-14T00:00:00.000Z,Listing removed,2026-08-13T00:00:00.000Z,Price change,2026-08-10T00:00:00.000Z,Price change,2026-07-17T00:00:00.000Z,Price change,2026-07-06T00:00:00.000Z,Price change,2026-06-25T00:00:00.000Z,Price change,2026-06-17T00:00:00.000Z,Price change,2026-06-08T00:00:00.000Z,Price change,2026-05-05T00:00:00.000Z,Listed for sale,2025-10-02T00:00:00.000Z,Listing removed,2025-09-30T00:00:00.000Z,Listed for sale,,,,,,,,,,,,,,,,,,,,,,,,,,,,,,,,
"8049 Chesapeake Trl, Bauxite, AR 72011",8049 Chesapeake Trl,Bauxite,AR,72011,,forRent,3,1301,,1395,8,https://www.zillow.com/homedetails/8049-Chesapeake-Trl-Bauxite-AR-72011/463059708_zpid/,,,2026-09-09T00:00:00.000Z,Listed for rent,2026-08-14T00:00:00.000Z,Listing removed,2026-08-10T00:00:00.000Z,Price change,2026-08-04T00:00:00.000Z,Price change,2026-06-25T00:00:00.000Z,Price change,2026-06-18T00:00:00.000Z,Price change,2026-06-09T00:00:00.000Z,Listed for sale,,,,,,,,,,,,,,,,,,,,,,,,,,,,,,,,,,,,,,,,,,
"8016 Chesapeake Trl, Bauxite, AR 72011",8016 Chesapeake Trl,Bauxite,AR,72011,,forRent,3,1442,,1495,8,https://www.zillow.com/homedetails/8016-Chesapeake-Trl-Bauxite-AR-72011/457082295_zpid/,,,2026-09-09T00:00:00.000Z,Listed for rent,2026-08-14T00:00:00.000Z,Listing removed,2026-08-13T00:00:00.000Z,Price change,2026-07-24T00:00:00.000Z,Price change,2026-07-23T00:00:00.000Z,Listed for sale,2025-10-02T00:00:00.000Z,Listing removed,2025-09-30T00:00:00.000Z,Listed for sale,,,,,,,,,,,,,,,,,,,,,,,,,,,,,,,,,,,,,,,,,,
"118 Powder River Dr, Beebe, AR 72012",118 Powder River Dr,Beebe,AR,72012,,forRent,3,1301,,1500,9,https://www.zillow.com/homedetails/118-Powder-River-Dr-Beebe-AR-72012/460485207_zpid/,,183825,2026-09-07T00:00:00.000Z,Listed for rent,2026-07-24T00:00:00.000Z,Sold,2026-07-09T00:00:00.000Z,Contingent,2026-06-17T00:00:00.000Z,Price change,2026-06-08T00:00:00.000Z,Price change,2026-05-07T00:00:00.000Z,Price change,2026-04-07T00:00:00.000Z,Price change,2026-03-31T00:00:00.000Z,Price change,2026-03-26T00:00:00.000Z,Price change,2026-02-13T00:00:00.000Z,Listed for sale,,,,,,,,,,,,,,,,,,,,,,,,,,,,,,,,,,,,
"102 Powder River Dr, Beebe, AR 72012",102 Powder River Dr,Beebe,AR,72012,,forRent,4,1613,,1595,48,https://www.zillow.com/homedetails/102-Powder-River-Dr-Beebe-AR-72012/460485262_zpid/,,201000,2026-09-12T00:00:00.000Z,Price change,2026-09-04T00:00:00.000Z,Price change,2026-07-31T00:00:00.000Z,Listed for rent,2026-07-10T00:00:00.000Z,Sold,2026-06-30T00:00:00.000Z,Contingent,2026-06-17T00:00:00.000Z,Price change,2026-06-08T00:00:00.000Z,Price change,2026-06-05T00:00:00.000Z,Price change,2026-05-27T00:00:00.000Z,Price change,2026-05-22T00:00:00.000Z,Price change,2026-05-18T00:00:00.000Z,Price change,2026-05-07T00:00:00.000Z,Price change,2026-05-04T00:00:00.000Z,Price change,2026-04-20T00:00:00.000Z,Price change,2026-04-07T00:00:00.000Z,Price change,2026-02-13T00:00:00.000Z,Listed for sale,,,,,,,,,,,,,,,,,,,,,,,,
"110 Sunland Dr, Beebe, AR 72012",110 Sunland Dr,Beebe,AR,72012,,forRent,4,1800,,1550,29,https://www.zillow.com/homedetails/110-Sunland-Dr-Beebe-AR-72012/2063501308_zpid/,,178200,2026-08-25T00:00:00.000Z,Price change,2026-08-19T00:00:00.000Z,Sold,2026-08-19T00:00:00.000Z,Listed for rent,2022-07-25T00:00:00.000Z,Sold,2022-06-04T00:00:00.000Z,Contingent,2022-04-28T00:00:00.000Z,Listed for sale,,,,,,,,,,,,,,,,,,,,,,,,,,,,,,,,,,,,,,,,,,,,
"102 Southfork Dr, Beebe, AR 72012",102 Southfork Dr,Beebe,AR,72012,,forRent,3,1472,,1375,8,https://www.zillow.com/homedetails/102-Southfork-Dr-Beebe-AR-72012/458613273_zpid/,,,2026-09-09T00:00:00.000Z,Listed for rent,2026-08-14T00:00:00.000Z,Listing removed,2026-07-27T00:00:00.000Z,Price change,2026-07-23T00:00:00.000Z,Listed for sale,2025-12-19T00:00:00.000Z,Listing removed,2025-11-27T00:00:00.000Z,Listed for sale,,,,,,,,,,,,,,,,,,,,,,,,,,,,,,,,,,,,,,,,,,,,
"106 Powder Dr, Beebe, AR 72012",106 Powder Dr,Beebe,AR,72012,,forRent,3,1472,,1375,8,https://www.zillow.com/homedetails/106-Powder-Dr-Beebe-AR-72012/465114738_zpid/,,,2026-09-09T00:00:00.000Z,Listed for rent,,,,,,,,,,,,,,,,,,,,,,,,,,,,,,,,,,,,,,,,,,,,,,,,,,,,,,
"754 Gussy Ln, Benton, AR 72019",754 Gussy Ln,Benton,AR,72019,,forRent,3,1523,,1600,5,https://www.zillow.com/homedetails/754-Gussy-Ln-Benton-AR-72019/464376472_zpid/,,220900,2026-09-11T00:00:00.000Z,Listed for rent,2026-08-27T00:00:00.000Z,Sold,,,,,,,,,,,,,,,,,,,,,,,,,,,,,,,,,,,,,,,,,,,,,,,,,,,,
"8024 Chesapeake Trl, Bauxite, AR 72011",8024 Chesapeake Trl,Bauxite,AR,72011,,forRent,3,1248,,1345,8,https://www.zillow.com/homedetails/8024-Chesapeake-Trl-Bauxite-AR-72011/457082320_zpid/,,,2026-09-09T00:00:00.000Z,Listed for rent,2026-08-14T00:00:00.000Z,Listing removed,2026-07-24T00:00:00.000Z,Price change,2026-07-23T00:00:00.000Z,Listed for sale,2025-10-02T00:00:00.000Z,Listing removed,2025-09-30T00:00:00.000Z,Listed for sale,,,,,,,,,,,,,,,,,,,,,,,,,,,,,,,,,,,,,,,,,,,,
"155 Maddison Dr, Cabot, AR 72023",155 Maddison Dr,Cabot,AR,72023,,forRent,4,1600,,1535,2,https://www.zillow.com/homedetails/155-Maddison-Dr-Cabot-AR-72023/465236137_zpid/,,,2026-09-14T00:00:00.000Z,Listed for rent,,,,,,,,,,,,,,,,,,,,,,,,,,,,,,,,,,,,,,,,,,,,,,,,,,,,,,
"126 Powder River Dr, Beebe, AR 72012",126 Powder River Dr,Beebe,AR,72012,,forRent,4,1496,,1420,8,https://www.zillow.com/homedetails/126-Powder-River-Dr-Beebe-AR-72012/463467372_zpid/,,,2026-09-09T00:00:00.000Z,Listed for rent,2026-08-14T00:00:00.000Z,Listing removed,2026-08-10T00:00:00.000Z,Price change,2026-07-24T00:00:00.000Z,Price change,2026-07-09T00:00:00.000Z,Price change,2026-07-06T00:00:00.000Z,Price change,2026-06-25T00:00:00.000Z,Listed for sale,,,,,,,,,,,,,,,,,,,,,,,,,,,,,,,,,,,,,,,,,,
"7001 Potomac Trl, Bauxite, AR 72011",7001 Potomac Trl,Bauxite,AR,72011,,forRent,3,1051,,1295,8,https://www.zillow.com/homedetails/7001-Potomac-Trl-Bauxite-AR-72011/461516494_zpid/,,,2026-09-09T00:00:00.000Z,Listed for rent,2026-08-14T00:00:00.000Z,Listing removed,2026-08-10T00:00:00.000Z,Price change,2026-07-17T00:00:00.000Z,Price change,2026-06-25T00:00:00.000Z,Price change,2026-06-17T00:00:00.000Z,Price change,2026-05-19T00:00:00.000Z,Price change,2026-04-05T00:00:00.000Z,Listed for sale,,,,,,,,,,,,,,,,,,,,,,,,,,,,,,,,,,,,,,,,
"55 Maddison Rachael, Cabot, AR 72023",55 Maddison Rachael,Cabot,AR,72023,,forRent,4,1459,,1475,47,https://www.zillow.com/homedetails/55-Maddison-Rachael-Cabot-AR-72023/461972684_zpid/,,212900,2026-08-27T00:00:00.000Z,Price change,2026-07-31T00:00:00.000Z,Listed for rent,2026-07-24T00:00:00.000Z,Sold,2026-06-01T00:00:00.000Z,Contingent,2026-04-24T00:00:00.000Z,Listed for sale,,,,,,,,,,,,,,,,,,,,,,,,,,,,,,,,,,,,,,,,,,,,,,
"100 Nona Ruth Ln, Cabot, AR 72023",100 Nona Ruth Ln,Cabot,AR,72023,,forRent,4,1459,,1460,8,https://www.zillow.com/homedetails/100-Nona-Ruth-Ln-Cabot-AR-72023/463333811_zpid/,,,2026-09-09T00:00:00.000Z,Listed for rent,2026-08-14T00:00:00.000Z,Listing removed,2026-08-04T00:00:00.000Z,Price change,2026-07-20T00:00:00.000Z,Price change,2026-07-06T00:00:00.000Z,Price change,2026-06-18T00:00:00.000Z,Listed for sale,,,,,,,,,,,,,,,,,,,,,,,,,,,,,,,,,,,,,,,,,,,,
"35 Foster Louis Ln, Cabot, AR 72023",35 Foster Louis Ln,Cabot,AR,72023,,forRent,3,1234,,1455,19,https://www.zillow.com/homedetails/35-Foster-Louis-Ln-Cabot-AR-72023/349183675_zpid/,,,2026-08-28T00:00:00.000Z,Listed for rent,2024-08-07T00:00:00.000Z,Listing removed,2024-08-06T00:00:00.000Z,Listed for rent,2024-08-06T00:00:00.000Z,Listing removed,2024-05-04T00:00:00.000Z,Listed for rent,,,,,,,,,,,,,,,,,,,,,,,,,,,,,,,,,,,,,,,,,,,,,,
"128 Powder River Dr, Beebe, AR 72012",128 Powder River Dr,Beebe,AR,72012,,forRent,4,1496,,1420,8,https://www.zillow.com/homedetails/128-Powder-River-Dr-Beebe-AR-72012/463057955_zpid/,,,2026-09-09T00:00:00.000Z,Listed for rent,2026-08-14T00:00:00.000Z,Listing removed,2026-08-10T00:00:00.000Z,Price change,2026-07-09T00:00:00.000Z,Price change,2026-07-06T00:00:00.000Z,Price change,2026-06-25T00:00:00.000Z,Price change,2026-06-19T00:00:00.000Z,Price change,2026-06-09T00:00:00.000Z,Listed for sale,,,,,,,,,,,,,,,,,,,,,,,,,,,,,,,,,,,,,,,,
"105 Maddison Rachael, Cabot, AR 72023",105 Maddison Rachael,Cabot,AR,72023,,forRent,4,1459,,1460,8,https://www.zillow.com/homedetails/105-Maddison-Rachael-Cabot-AR-72023/463333812_zpid/,,,2026-09-09T00:00:00.000Z,Listed for rent,2026-08-14T00:00:00.000Z,Listing removed,2026-08-04T00:00:00.000Z,Price change,2026-07-20T00:00:00.000Z,Price change,2026-06-18T00:00:00.000Z,Listed for sale,,,,,,,,,,,,,,,,,,,,,,,,,,,,,,,,,,,,,,,,,,,,,,
"140 Nona Ruth Ln, Cabot, AR 72023",140 Nona Ruth Ln,Cabot,AR,72023,,forRent,3,1402,,1410,2,https://www.zillow.com/homedetails/140-Nona-Ruth-Ln-Cabot-AR-72023/464348901_zpid/,,,2026-09-14T00:00:00.000Z,Listed for rent,2026-08-18T00:00:00.000Z,Listing removed,2026-08-07T00:00:00.000Z,Price change,2026-08-06T00:00:00.000Z,Price change,2026-08-06T00:00:00.000Z,Listed for sale,,,,,,,,,,,,,,,,,,,,,,,,,,,,,,,,,,,,,,,,,,,,,,
"101 King Ranch Dr, Beebe, AR 72012",101 King Ranch Dr,Beebe,AR,72012,,forRent,3,1413,,1325,8,https://www.zillow.com/homedetails/101-King-Ranch-Dr-Beebe-AR-72012/463785355_zpid/,,,2026-09-09T00:00:00.000Z,Listed for rent,2026-08-14T00:00:00.000Z,Listing removed,2026-07-27T00:00:00.000Z,Price change,2026-07-17T00:00:00.000Z,Price change,2026-07-14T00:00:00.000Z,Price change,2026-07-10T00:00:00.000Z,Listed for sale,,,,,,,,,,,,,,,,,,,,,,,,,,,,,,,,,,,,,,,,,,,,
"60 Leruss Blvd, Cabot, AR 72023",60 Leruss Blvd,Cabot,AR,72023,,forRent,3,1422,,1399,43,https://www.zillow.com/homedetails/60-Leruss-Blvd-Cabot-AR-72023/342062290_zpid/,,203000,2026-09-14T00:00:00.000Z,Price change,2026-08-27T00:00:00.000Z,Price change,2026-08-04T00:00:00.000Z,Listed for rent,2024-06-22T00:00:00.000Z,Listing removed,2024-06-15T00:00:00.000Z,Listed for rent,2024-06-11T00:00:00.000Z,Sold,2024-04-10T00:00:00.000Z,Listing removed,2024-04-04T00:00:00.000Z,Price change,2024-03-02T00:00:00.000Z,Price change,2024-02-27T00:00:00.000Z,Listed for sale,,,,,,,,,,,,,,,,,,,,,,,,,,,,,,,,,,,,
"115 Maddison Rachael, Cabot, AR 72023",115 Maddison Rachael,Cabot,AR,72023,,forRent,3,1373,,1410,8,https://www.zillow.com/homedetails/115-Maddison-Rachael-Cabot-AR-72023/463940284_zpid/,,,2026-09-09T00:00:00.000Z,Listed for rent,2026-08-14T00:00:00.000Z,Listing removed,2026-08-04T00:00:00.000Z,Price change,2026-07-20T00:00:00.000Z,Price change,2026-07-17T00:00:00.000Z,Listed for sale,,,,,,,,,,,,,,,,,,,,,,,,,,,,,,,,,,,,,,,,,,,,,,
"24-1 Five Oddie Ln, Ward, AR 72023",24-1 Five Oddie Ln,Ward,AR,72023,,forRent,2,825,,725,7,https://www.zillow.com/homedetails/24-1-Five-Oddie-Ln-Ward-AR-72023/464237325_zpid/,,,2026-09-11T00:00:00.000Z,Price change,2026-09-09T00:00:00.000Z,Listed for rent,2026-08-26T00:00:00.000Z,Listing removed,2026-07-30T00:00:00.000Z,Listed for rent,,,,,,,,,,,,,,,,,,,,,,,,,,,,,,,,,,,,,,,,,,,,,,,,
"25 Maddison Rachael, Cabot, AR 72023",25 Maddison Rachael,Cabot,AR,72023,,forRent,3,1248,,1310,8,https://www.zillow.com/homedetails/25-Maddison-Rachael-Cabot-AR-72023/460872609_zpid/,,,2026-09-09T00:00:00.000Z,Listed for rent,2026-08-14T00:00:00.000Z,Listing removed,2026-07-24T00:00:00.000Z,Price change,2026-07-20T00:00:00.000Z,Price change,2026-07-17T00:00:00.000Z,Price change,2026-07-09T00:00:00.000Z,Price change,2026-07-06T00:00:00.000Z,Price change,2026-06-25T00:00:00.000Z,Price change,2026-06-17T00:00:00.000Z,Price change,2026-04-30T00:00:00.000Z,Price change,2026-04-24T00:00:00.000Z,Price change,2026-04-07T00:00:00.000Z,Price change,2026-03-31T00:00:00.000Z,Price change,2026-03-13T00:00:00.000Z,Price change,2026-03-05T00:00:00.000Z,Listed for sale,,,,,,,,,,,,,,,,,,,,,,,,,,
"120 Nona Ruth Ln, Cabot, AR 72023",120 Nona Ruth Ln,Cabot,AR,72023,,forRent,3,1402,,1410,8,https://www.zillow.com/homedetails/120-Nona-Ruth-Ln-Cabot-AR-72023/464079221_zpid/,,,2026-09-09T00:00:00.000Z,Listed for rent,2026-08-14T00:00:00.000Z,Listing removed,2026-07-24T00:00:00.000Z,Price change,2026-07-23T00:00:00.000Z,Listed for sale,,,,,,,,,,,,,,,,,,,,,,,,,,,,,,,,,,,,,,,,,,,,,,,,
"110 Nona Ruth Ln, Cabot, AR 72023",110 Nona Ruth Ln,Cabot,AR,72023,,forRent,3,1248,,1310,8,https://www.zillow.com/homedetails/110-Nona-Ruth-Ln-Cabot-AR-72023/463333813_zpid/,,,2026-09-09T00:00:00.000Z,Listed for rent,2026-08-14T00:00:00.000Z,Listing removed,2026-08-04T00:00:00.000Z,Price change,2026-07-24T00:00:00.000Z,Price change,2026-07-20T00:00:00.000Z,Price change,2026-07-09T00:00:00.000Z,Price change,2026-06-18T00:00:00.000Z,Listed for sale,,,,,,,,,,,,,,,,,,,,,,,,,,,,,,,,,,,,,,,,,,
"3008 Emerald Park Trl, Bauxite, AR 72011",3008 Emerald Park Trl,Bauxite,AR,72011,,forRent,3,1528,,1500,16,https://www.zillow.com/homedetails/3008-Emerald-Park-Trl-Bauxite-AR-72011/2070250448_zpid/,,181875,2026-09-05T00:00:00.000Z,Listed for rent,2026-03-14T00:00:00.000Z,Listing removed,2026-02-26T00:00:00.000Z,Listed for rent,2026-02-16T00:00:00.000Z,Listing removed,2026-01-22T00:00:00.000Z,Price change,2026-01-12T00:00:00.000Z,Price change,2025-12-23T00:00:00.000Z,Price change,2025-12-03T00:00:00.000Z,Price change,2025-12-02T00:00:00.000Z,Listed for rent,2023-09-01T00:00:00.000Z,Listing removed,2021-09-27T00:00:00.000Z,Listing removed,2021-09-20T00:00:00.000Z,Listed for rent,2021-08-31T00:00:00.000Z,Sold,,,,,,,,,,,,,,,,,,,,,,,,,,,,,,
"105 King Ranch Dr, Beebe, AR 72012",105 King Ranch Dr,Beebe,AR,72012,,forRent,3,1569,,1420,8,https://www.zillow.com/homedetails/105-King-Ranch-Dr-Beebe-AR-72012/463785363_zpid/,,,2026-09-09T00:00:00.000Z,Listed for rent,2026-08-14T00:00:00.000Z,Listing removed,2026-07-27T00:00:00.000Z,Price change,2026-07-17T00:00:00.000Z,Price change,2026-07-14T00:00:00.000Z,Price change,2026-07-10T00:00:00.000Z,Listed for sale,,,,,,,,,,,,,,,,,,,,,,,,,,,,,,,,,,,,,,,,,,,,
"6404 Fairfax Ct, Maiden, NC 28650",6404 Fairfax Ct,Maiden,NC,28650,,forRent,,,,,,https://www.zillow.com/apartments/maiden-nc/shannon-woods/CttJ95/,,,,,,,,,,,,,,,,,,,,,,,,,,,,,,,,,,,,,,,,,,,,,,,,,,,,,,,,,,
"2953 31st Street Ln NE, Hickory, NC 28601",2953 31st Street Ln NE,Hickory,NC,28601,,forRent,4,2097,,2295,1,https://www.zillow.com/homedetails/2953-31st-Street-Ln-NE-Hickory-NC-28601/463168265_zpid/,,,2026-09-16T00:00:00.000Z,Listed for rent,2026-08-18T00:00:00.000Z,Listing removed,2026-08-12T00:00:00.000Z,Price change,2026-07-18T00:00:00.000Z,Price change,2026-07-17T00:00:00.000Z,Price change,2026-06-24T00:00:00.000Z,Price change,2026-06-12T00:00:00.000Z,Listed for sale,,,,,,,,,,,,,,,,,,,,,,,,,,,,,,,,,,,,,,,,,,
"4050 Freesia St, Sherrills Ford, NC 28673",4050 Freesia St,Sherrills Ford,NC,28673,,forRent,,,,,,https://www.zillow.com/apartments/sherrills-ford-nc/amavi-sherrills-ford/CkB99w/,,,,,,,,,,,,,,,,,,,,,,,,,,,,,,,,,,,,,,,,,,,,,,,,,,,,,,,,,,
"2957 31st Street Ln NE, Hickory, NC 28601",2957 31st Street Ln NE,Hickory,NC,28601,,forRent,4,1889,,2225,1,https://www.zillow.com/homedetails/2957-31st-Street-Ln-NE-Hickory-NC-28601/463788123_zpid/,,,2026-09-16T00:00:00.000Z,Listed for rent,2026-08-18T00:00:00.000Z,Listing removed,2026-07-17T00:00:00.000Z,Price change,2026-07-10T00:00:00.000Z,Listed for sale,,,,,,,,,,,,,,,,,,,,,,,,,,,,,,,,,,,,,,,,,,,,,,,,
"2326-2346 13th Street Dr NE, Hickory, NC 28601",2326-2346 13th Street Dr NE,Hickory,NC,28601,,forRent,,,,,,https://www.zillow.com/apartments/hickory-nc/modern-townhome-for-rent-modern-living-at-its-best!/CtftDB/,,,,,,,,,,,,,,,,,,,,,,,,,,,,,,,,,,,,,,,,,,,,,,,,,,,,,,,,,,
"2964 Old Shelby Rd, Hickory, NC 28602",2964 Old Shelby Rd,Hickory,NC,28602,,forRent,,,,,,https://www.zillow.com/apartments/hickory-nc/old-shelby-rd/CmKdnz/,,,,,,,,,,,,,,,,,,,,,,,,,,,,,,,,,,,,,,,,,,,,,,,,,,,,,,,,,,
"818 2nd Street Pl NE, Hickory, NC 28601",818 2nd Street Pl NE,Hickory,NC,28601,,forRent,,,,,,https://www.zillow.com/apartments/hickory-nc/colonial-house-apartments/5XhwGV/,,,,,,,,,,,,,,,,,,,,,,,,,,,,,,,,,,,,,,,,,,,,,,,,,,,,,,,,,,
"1009 22nd St NE, Hickory, NC 28601",1009 22nd St NE,Hickory,NC,28601,,forRent,,,,,,https://www.zillow.com/apartments/hickory-nc/collins-management-llc-1009-22nd-street-northeast/9PnqKK/,,,,,,,,,,,,,,,,,,,,,,,,,,,,,,,,,,,,,,,,,,,,,,,,,,,,,,,,,,
"2957 31st Street Ln NE, Hickory, NC 28601",2957 31st Street Ln NE,Hickory,NC,28601,,forRent,4,1889,,2225,1,https://www.zillow.com/homedetails/2957-31st-Street-Ln-NE-Hickory-NC-28601/463788123_zpid/,,,2026-09-16T00:00:00.000Z,Listed for rent,2026-08-18T00:00:00.000Z,Listing removed,2026-07-17T00:00:00.000Z,Price change,2026-07-10T00:00:00.000Z,Listed for sale,,,,,,,,,,,,,,,,,,,,,,,,,,,,,,,,,,,,,,,,,,,,,,,,
"1227 10th Street Blvd NW, Hickory, NC 28601",1227 10th Street Blvd NW,Hickory,NC,28601,,forRent,,,,,,https://www.zillow.com/apartments/hickory-nc/creekside-apartments/5XhwHX/,,,,,,,,,,,,,,,,,,,,,,,,,,,,,,,,,,,,,,,,,,,,,,,,,,,,,,,,,,
"1250 5th St NE, Hickory, NC 28601",1250 5th St NE,Hickory,NC,28601,,forRent,,,,,,https://www.zillow.com/apartments/hickory-nc/hickory-trace-village-apartments/5XhwK5/,,,,,,,,,,,,,,,,,,,,,,,,,,,,,,,,,,,,,,,,,,,,,,,,,,,,,,,,,,
"2953 31st Street Ln NE, Hickory, NC 28601",2953 31st Street Ln NE,Hickory,NC,28601,,forRent,4,2097,,2295,1,https://www.zillow.com/homedetails/2953-31st-Street-Ln-NE-Hickory-NC-28601/463168265_zpid/,,,2026-09-16T00:00:00.000Z,Listed for rent,2026-08-18T00:00:00.000Z,Listing removed,2026-08-12T00:00:00.000Z,Price change,2026-07-18T00:00:00.000Z,Price change,2026-07-17T00:00:00.000Z,Price change,2026-06-24T00:00:00.000Z,Price change,2026-06-12T00:00:00.000Z,Listed for sale,,,,,,,,,,,,,,,,,,,,,,,,,,,,,,,,,,,,,,,,,,
"2290 Liberty Church Rd, Hickory, NC 28601",2290 Liberty Church Rd,Hickory,NC,28601,,forRent,,,,,,https://www.zillow.com/apartments/hickory-nc/liberty-church-mhc/B5mtBZ/,,,,,,,,,,,,,,,,,,,,,,,,,,,,,,,,,,,,,,,,,,,,,,,,,,,,,,,,,,
"4078 Oxford Glen Dr, Claremont, NC 28610",4078 Oxford Glen Dr,Claremont,NC,28610,,forRent,5,2578,,2135,9,https://www.zillow.com/homedetails/4078-Oxford-Glen-Dr-Claremont-NC-28610/465094289_zpid/,,,2026-09-08T00:00:00.000Z,Listed for rent,,,,,,,,,,,,,,,,,,,,,,,,,,,,,,,,,,,,,,,,,,,,,,,,,,,,,,
"4087 Oxford Glen Dr, Claremont, NC 28610",4087 Oxford Glen Dr,Claremont,NC,28610,,forRent,5,2578,,2135,9,https://www.zillow.com/homedetails/4087-Oxford-Glen-Dr-Claremont-NC-28610/465094282_zpid/,,,2026-09-08T00:00:00.000Z,Listed for rent,,,,,,,,,,,,,,,,,,,,,,,,,,,,,,,,,,,,,,,,,,,,,,,,,,,,,,
"3755 Charles St NW, Conover, NC 28613",3755 Charles St NW,Conover,NC,28613,,forRent,4,2565,,2400,75,https://www.zillow.com/homedetails/3755-Charles-St-NW-Conover-NC-28613/345078496_zpid/,,359000,2026-08-05T00:00:00.000Z,Price change,2026-07-30T00:00:00.000Z,Price change,2026-07-18T00:00:00.000Z,Price change,2026-07-05T00:00:00.000Z,Listed for rent,2024-10-15T00:00:00.000Z,Sold,2024-08-13T00:00:00.000Z,Price change,2024-08-05T00:00:00.000Z,Price change,2024-07-24T00:00:00.000Z,Price change,2024-04-17T00:00:00.000Z,Price change,2024-04-08T00:00:00.000Z,Price change,2024-03-19T00:00:00.000Z,Listed for sale,,,,,,,,,,,,,,,,,,,,,,,,,,,,,,,,,,
"4114 Oxford Glen Dr, Claremont, NC 28610",4114 Oxford Glen Dr,Claremont,NC,28610,,forRent,4,2307,,1990,9,https://www.zillow.com/homedetails/4114-Oxford-Glen-Dr-Claremont-NC-28610/465094287_zpid/,,,2026-09-08T00:00:00.000Z,Listed for rent,,,,,,,,,,,,,,,,,,,,,,,,,,,,,,,,,,,,,,,,,,,,,,,,,,,,,,
"4126 Oxford Glen Dr, Claremont, NC 28610",4126 Oxford Glen Dr,Claremont,NC,28610,,forRent,5,2578,,2135,9,https://www.zillow.com/homedetails/4126-Oxford-Glen-Dr-Claremont-NC-28610/465094293_zpid/,,,2026-09-08T00:00:00.000Z,Listed for rent,,,,,,,,,,,,,,,,,,,,,,,,,,,,,,,,,,,,,,,,,,,,,,,,,,,,,,
"4108 Oxford Glen Dr, Claremont, NC 28610",4108 Oxford Glen Dr,Claremont,NC,28610,,forRent,5,2578,,2135,9,https://www.zillow.com/homedetails/4108-Oxford-Glen-Dr-Claremont-NC-28610/465094285_zpid/,,,2026-09-08T00:00:00.000Z,Listed for rent,,,,,,,,,,,,,,,,,,,,,,,,,,,,,,,,,,,,,,,,,,,,,,,,,,,,,,
"4105 Oxford Glen Dr, Claremont, NC 28610",4105 Oxford Glen Dr,Claremont,NC,28610,,forRent,5,2578,,2135,9,https://www.zillow.com/homedetails/4105-Oxford-Glen-Dr-Claremont-NC-28610/465094283_zpid/,,,2026-09-08T00:00:00.000Z,Listed for rent,,,,,,,,,,,,,,,,,,,,,,,,,,,,,,,,,,,,,,,,,,,,,,,,,,,,,,
"4093 Oxford Glen Dr, Claremont, NC 28610",4093 Oxford Glen Dr,Claremont,NC,28610,,forRent,4,2213,,1990,9,https://www.zillow.com/homedetails/4093-Oxford-Glen-Dr-Claremont-NC-28610/464050697_zpid/,,,2026-09-08T00:00:00.000Z,Listed for rent,2026-08-14T00:00:00.000Z,Listing removed,2026-08-06T00:00:00.000Z,Price change,2026-07-28T00:00:00.000Z,Price change,2026-07-22T00:00:00.000Z,Listed for sale,,,,,,,,,,,,,,,,,,,,,,,,,,,,,,,,,,,,,,,,,,,,,,
"4127 Village Blvd, Conover, NC 28613",4127 Village Blvd,Conover,NC,28613,,forRent,3,1854,,2100,13,https://www.zillow.com/homedetails/4127-Village-Blvd-Conover-NC-28613/446200738_zpid/,,299000,2026-09-13T00:00:00.000Z,Price change,2026-09-08T00:00:00.000Z,Price change,2026-09-03T00:00:00.000Z,Listed for rent,2023-06-28T00:00:00.000Z,Sold,2023-04-25T00:00:00.000Z,Pending sale,2023-04-24T00:00:00.000Z,Price change,2023-01-23T00:00:00.000Z,Price change,2023-01-01T00:00:00.000Z,Listed for sale,,,,,,,,,,,,,,,,,,,,,,,,,,,,,,,,,,,,,,,,
"4099 Oxford Glen Dr, Claremont, NC 28610",4099 Oxford Glen Dr,Claremont,NC,28610,,forRent,4,1956,,1945,9,https://www.zillow.com/homedetails/4099-Oxford-Glen-Dr-Claremont-NC-28610/465094294_zpid/,,,2026-09-08T00:00:00.000Z,Listed for rent,,,,,,,,,,,,,,,,,,,,,,,,,,,,,,,,,,,,,,,,,,,,,,,,,,,,,,
"4090 Oxford Glen Dr, Claremont, NC 28610",4090 Oxford Glen Dr,Claremont,NC,28610,,forRent,4,1956,,1945,9,https://www.zillow.com/homedetails/4090-Oxford-Glen-Dr-Claremont-NC-28610/465094288_zpid/,,,2026-09-08T00:00:00.000Z,Listed for rent,,,,,,,,,,,,,,,,,,,,,,,,,,,,,,,,,,,,,,,,,,,,,,,,,,,,,,
"4066 Oxford Glen Dr, Claremont, NC 28610",4066 Oxford Glen Dr,Claremont,NC,28610,,forRent,4,1956,,1945,9,https://www.zillow.com/homedetails/4066-Oxford-Glen-Dr-Claremont-NC-28610/465094292_zpid/,,,2026-09-08T00:00:00.000Z,Listed for rent,,,,,,,,,,,,,,,,,,,,,,,,,,,,,,,,,,,,,,,,,,,,,,,,,,,,,,
"4102 Oxford Glen Dr, Claremont, NC 28610",4102 Oxford Glen Dr,Claremont,NC,28610,,forRent,3,1665,,1800,9,https://www.zillow.com/homedetails/4102-Oxford-Glen-Dr-Claremont-NC-28610/465094280_zpid/,,,2026-09-08T00:00:00.000Z,Listed for rent,,,,,,,,,,,,,,,,,,,,,,,,,,,,,,,,,,,,,,,,,,,,,,,,,,,,,,
"4081 Oxford Glen Dr, Claremont, NC 28610",4081 Oxford Glen Dr,Claremont,NC,28610,,forRent,4,2307,,1990,9,https://www.zillow.com/homedetails/4081-Oxford-Glen-Dr-Claremont-NC-28610/465094290_zpid/,,,2026-09-08T00:00:00.000Z,Listed for rent,,,,,,,,,,,,,,,,,,,,,,,,,,,,,,,,,,,,,,,,,,,,,,,,,,,,,,
"4096 Oxford Glen Dr, Claremont, NC 28610",4096 Oxford Glen Dr,Claremont,NC,28610,,forRent,4,2307,,1990,9,https://www.zillow.com/homedetails/4096-Oxford-Glen-Dr-Claremont-NC-28610/465094295_zpid/,,,2026-09-08T00:00:00.000Z,Listed for rent,,,,,,,,,,,,,,,,,,,,,,,,,,,,,,,,,,,,,,,,,,,,,,,,,,,,,,
"4117 Oxford Glen Dr, Claremont, NC 28610",4117 Oxford Glen Dr,Claremont,NC,28610,,forRent,3,1665,,1800,9,https://www.zillow.com/homedetails/4117-Oxford-Glen-Dr-Claremont-NC-28610/465094291_zpid/,,,2026-09-08T00:00:00.000Z,Listed for rent,,,,,,,,,,,,,,,,,,,,,,,,,,,,,,,,,,,,,,,,,,,,,,,,,,,,,,
"4054 Oxford Glen Dr, Claremont, NC 28610",4054 Oxford Glen Dr,Claremont,NC,28610,,forRent,3,1665,,1800,9,https://www.zillow.com/homedetails/4054-Oxford-Glen-Dr-Claremont-NC-28610/465094281_zpid/,,,2026-09-08T00:00:00.000Z,Listed for rent,,,,,,,,,,,,,,,,,,,,,,,,,,,,,,,,,,,,,,,,,,,,,,,,,,,,,,
"4072 Oxford Glen Dr, Claremont, NC 28610",4072 Oxford Glen Dr,Claremont,NC,28610,,forRent,4,2307,,1990,9,https://www.zillow.com/homedetails/4072-Oxford-Glen-Dr-Claremont-NC-28610/465094284_zpid/,,,2026-09-08T00:00:00.000Z,Listed for rent,,,,,,,,,,,,,,,,,,,,,,,,,,,,,,,,,,,,,,,,,,,,,,,,,,,,,,
"4084 Oxford Glen Dr, Claremont, NC 28610",4084 Oxford Glen Dr,Claremont,NC,28610,,forRent,3,1665,,1800,9,https://www.zillow.com/homedetails/4084-Oxford-Glen-Dr-Claremont-NC-28610/465094279_zpid/,,,2026-09-08T00:00:00.000Z,Listed for rent,,,,,,,,,,,,,,,,,,,,,,,,,,,,,,,,,,,,,,,,,,,,,,,,,,,,,,
"4075 Oxford Glen Dr, Claremont, NC 28610",4075 Oxford Glen Dr,Claremont,NC,28610,,forRent,5,2578,,2135,9,https://www.zillow.com/homedetails/4075-Oxford-Glen-Dr-Claremont-NC-28610/465094286_zpid/,,,2026-09-08T00:00:00.000Z,Listed for rent,,,,,,,,,,,,,,,,,,,,,,,,,,,,,,,,,,,,,,,,,,,,,,,,,,,,,,
"450 Brinkley Dr, Kings Mountain, NC 28086",450 Brinkley Dr,Kings Mountain,NC,28086,,forRent,5,2511,,2445,14,https://www.zillow.com/homedetails/450-Brinkley-Dr-Kings-Mountain-NC-28086/463353765_zpid/,,325000,2026-09-02T00:00:00.000Z,Listed for rent,2026-08-20T00:00:00.000Z,Sold,2026-07-16T00:00:00.000Z,Pending sale,2026-06-19T00:00:00.000Z,Listed for sale,,,,,,,,,,,,,,,,,,,,,,,,,,,,,,,,,,,,,,,,,,,,,,,,
"456 Brinkley Dr, Kings Mountain, NC 28086",456 Brinkley Dr,Kings Mountain,NC,28086,,forRent,5,2175,,2225,0,https://www.zillow.com/homedetails/456-Brinkley-Dr-Kings-Mountain-NC-28086/463854737_zpid/,,295000,2026-09-17T00:00:00.000Z,Listed for rent,2026-08-20T00:00:00.000Z,Sold,2026-07-16T00:00:00.000Z,Pending sale,2026-07-14T00:00:00.000Z,Listed for sale,,,,,,,,,,,,,,,,,,,,,,,,,,,,,,,,,,,,,,,,,,,,,,,,
"140 W Mountain St, Kings Mountain, NC 28086",140 W Mountain St,Kings Mountain,NC,28086,,forRent,,,,,,https://www.zillow.com/apartments/kings-mountain-nc/140-w-mountain-st/CFTcnh/,,,,,,,,,,,,,,,,,,,,,,,,,,,,,,,,,,,,,,,,,,,,,,,,,,,,,,,,,,
"111 Wells St, Kings Mountain, NC 28086",111 Wells St,Kings Mountain,NC,28086,,other,,,,,,https://www.zillow.com/apartments/kings-mountain-nc/111-wells-st/9BMCmy/,,,,,,,,,,,,,,,,,,,,,,,,,,,,,,,,,,,,,,,,,,,,,,,,,,,,,,,,,,
"311 E King St, Kings Mountain, NC 28086",311 E King St,Kings Mountain,NC,28086,,forRent,,,,,,https://www.zillow.com/apartments/kings-mountain-nc/sh368-the-towns-at-kings-mountain/9Pm8gB/,,,,,,,,,,,,,,,,,,,,,,,,,,,,,,,,,,,,,,,,,,,,,,,,,,,,,,,,,,
"225 Ebenezer Rd, Kings Mountain, NC 28086",225 Ebenezer Rd,Kings Mountain,NC,28086,,other,,,,,,https://www.zillow.com/apartments/kings-mountain-nc/225-ebenezer-rd-/CqBmQB/,,,,,,,,,,,,,,,,,,,,,,,,,,,,,,,,,,,,,,,,,,,,,,,,,,,,,,,,,,
"48 Julian St, Kings Mountain, NC 28086",48 Julian St,Kings Mountain,NC,28086,,forRent,,,,,,https://www.zillow.com/apartments/kings-mountain-nc/48-julian-street/5Yrsd5/,,,,,,,,,,,,,,,,,,,,,,,,,,,,,,,,,,,,,,,,,,,,,,,,,,,,,,,,,,
"107 Kings Oak Cir, Kings Mountain, NC 28086",107 Kings Oak Cir,Kings Mountain,NC,28086,,forRent,,,,,,https://www.zillow.com/apartments/kings-mountain-nc/cambridge-oaks-ii-apts/ChKpLx/,,,,,,,,,,,,,,,,,,,,,,,,,,,,,,,,,,,,,,,,,,,,,,,,,,,,,,,,,,
"450 Brinkley Dr, Kings Mountain, NC 28086",450 Brinkley Dr,Kings Mountain,NC,28086,,forRent,5,2511,,2445,14,https://www.zillow.com/homedetails/450-Brinkley-Dr-Kings-Mountain-NC-28086/463353765_zpid/,,325000,2026-09-02T00:00:00.000Z,Listed for rent,2026-08-20T00:00:00.000Z,Sold,2026-07-16T00:00:00.000Z,Pending sale,2026-06-19T00:00:00.000Z,Listed for sale,,,,,,,,,,,,,,,,,,,,,,,,,,,,,,,,,,,,,,,,,,,,,,,,
"456 Brinkley Dr, Kings Mountain, NC 28086",456 Brinkley Dr,Kings Mountain,NC,28086,,forRent,5,2175,,2225,0,https://www.zillow.com/homedetails/456-Brinkley-Dr-Kings-Mountain-NC-28086/463854737_zpid/,,295000,2026-09-17T00:00:00.000Z,Listed for rent,2026-08-20T00:00:00.000Z,Sold,2026-07-16T00:00:00.000Z,Pending sale,2026-07-14T00:00:00.000Z,Listed for sale,,,,,,,,,,,,,,,,,,,,,,,,,,,,,,,,,,,,,,,,,,,,,,,,
"456 Brinkley Dr, Kings Mountain, NC 28086",456 Brinkley Dr,Kings Mountain,NC,28086,,forRent,5,2175,,2225,0,https://www.zillow.com/homedetails/456-Brinkley-Dr-Kings-Mountain-NC-28086/463854737_zpid/,,295000,2026-09-17T00:00:00.000Z,Listed for rent,2026-08-20T00:00:00.000Z,Sold,2026-07-16T00:00:00.000Z,Pending sale,2026-07-14T00:00:00.000Z,Listed for sale,,,,,,,,,,,,,,,,,,,,,,,,,,,,,,,,,,,,,,,,,,,,,,,,
"450 Brinkley Dr, Kings Mountain, NC 28086",450 Brinkley Dr,Kings Mountain,NC,28086,,forRent,5,2511,,2445,14,https://www.zillow.com/homedetails/450-Brinkley-Dr-Kings-Mountain-NC-28086/463353765_zpid/,,325000,2026-09-02T00:00:00.000Z,Listed for rent,2026-08-20T00:00:00.000Z,Sold,2026-07-16T00:00:00.000Z,Pending sale,2026-06-19T00:00:00.000Z,Listed for sale,,,,,,,,,,,,,,,,,,,,,,,,,,,,,,,,,,,,,,,,,,,,,,,,
"19161 Pagoda Ln, Summerdale, AL 36580",19161 Pagoda Ln,Summerdale,AL,36580,,forRent,4,1504,,2300,0,https://www.zillow.com/homedetails/19161-Pagoda-Ln-Summerdale-AL-36580/465337465_zpid/,,,2026-09-17T00:00:00.000Z,Listed for rent,,,,,,,,,,,,,,,,,,,,,,,,,,,,,,,,,,,,,,,,,,,,,,,,,,,,,,
"1802 Cashew Cir, Foley, AL 36535",1802 Cashew Cir,Foley,AL,36535,,forRent,,,,,,https://www.zillow.com/apartments/foley-al/outpost-orchard-residential/CgKL5n/,,,,,,,,,,,,,,,,,,,,,,,,,,,,,,,,,,,,,,,,,,,,,,,,,,,,,,,,,,
"22257 Seabrooke Ave, Foley, AL 36535",22257 Seabrooke Ave,Foley,AL,36535,,forRent,4,1924,,2400,0,https://www.zillow.com/homedetails/22257-Seabrooke-Ave-Foley-AL-36535/341947469_zpid/,,354558,2026-09-16T00:00:00.000Z,Listed for rent,2026-08-31T00:00:00.000Z,Listing removed,2026-08-04T00:00:00.000Z,Price change,2026-07-13T00:00:00.000Z,Price change,2026-06-03T00:00:00.000Z,Listed for sale,2024-03-28T00:00:00.000Z,Sold,2024-02-26T00:00:00.000Z,Pending sale,,,,,,,,,,,,,,,,,,,,,,,,,,,,,,,,,,,,,,,,,,
"830 State Highway 98, Daphne, AL 36526",830 State Highway 98,Daphne,AL,36526,,forRent,,,,,,https://www.zillow.com/apartments/daphne-al/colonnade-at-eastern-shore/CkWVjp/,,,,,,,,,,,,,,,,,,,,,,,,,,,,,,,,,,,,,,,,,,,,,,,,,,,,,,,,,,
"32667 Revere Dr, Daphne, AL 36527",32667 Revere Dr,Daphne,AL,36527,,forRent,4,,,1850,38,https://www.zillow.com/homedetails/32667-Revere-Dr-Daphne-AL-36527/450801650_zpid/,,,2026-09-17T00:00:00.000Z,Price change,2026-09-01T00:00:00.000Z,Price change,2026-08-10T00:00:00.000Z,Listed for rent,2025-07-30T00:00:00.000Z,Listing removed,2025-05-06T00:00:00.000Z,Listed for sale,,,,,,,,,,,,,,,,,,,,,,,,,,,,,,,,,,,,,,,,,,,,,,
"20040 Clover Field Ln, Summerdale, AL 36580",20040 Clover Field Ln,Summerdale,AL,36580,,forRent,4,1810,,2045,13,https://www.zillow.com/homedetails/20040-Clover-Field-Ln-Summerdale-AL-36580/465041436_zpid/,,,2026-09-04T00:00:00.000Z,Listed for rent,,,,,,,,,,,,,,,,,,,,,,,,,,,,,,,,,,,,,,,,,,,,,,,,,,,,,,
"12807 Philadelphia Blvd, Daphne, AL 36527",12807 Philadelphia Blvd,Daphne,AL,36527,,forRent,3,1437,,1750,84,https://www.zillow.com/homedetails/12807-Philadelphia-Blvd-Daphne-AL-36527/343594922_zpid/,,239800,2026-09-09T00:00:00.000Z,Price change,2026-08-18T00:00:00.000Z,Price change,2026-07-24T00:00:00.000Z,Price change,2026-06-24T00:00:00.000Z,Listed for rent,2024-12-19T00:00:00.000Z,Sold,2024-11-04T00:00:00.000Z,Pending sale,2024-10-31T00:00:00.000Z,Price change,2024-10-07T00:00:00.000Z,Price change,2024-09-27T00:00:00.000Z,Pending sale,2024-07-08T00:00:00.000Z,Price change,2024-03-11T00:00:00.000Z,Price change,2024-03-04T00:00:00.000Z,Listed for sale,,,,,,,,,,,,,,,,,,,,,,,,,,,,,,,,
"20018 Clover Field Ln, Summerdale, AL 36580",20018 Clover Field Ln,Summerdale,AL,36580,,forRent,4,1732,,1995,13,https://www.zillow.com/homedetails/20018-Clover-Field-Ln-Summerdale-AL-36580/465041468_zpid/,,,2026-09-04T00:00:00.000Z,Listed for rent,,,,,,,,,,,,,,,,,,,,,,,,,,,,,,,,,,,,,,,,,,,,,,,,,,,,,,
"1714 Grouse St, Foley, AL 36535",1714 Grouse St,Foley,AL,36535,,forRent,3,2033,,2100,42,https://www.zillow.com/homedetails/1714-Grouse-St-Foley-AL-36535/457850513_zpid/,,331000,2026-08-05T00:00:00.000Z,Listed for rent,2024-07-27T00:00:00.000Z,Listing removed,2024-07-11T00:00:00.000Z,Price change,2024-07-10T00:00:00.000Z,Price change,2024-06-05T00:00:00.000Z,Listed for rent,2023-03-31T00:00:00.000Z,Sold,,,,,,,,,,,,,,,,,,,,,,,,,,,,,,,,,,,,,,,,,,,,
"3886 Puerto St, Foley, AL 36535",3886 Puerto St,Foley,AL,36535,,forRent,4,2142,,2090,13,https://www.zillow.com/homedetails/3886-Puerto-St-Foley-AL-36535/463785344_zpid/,,,2026-09-04T00:00:00.000Z,Listed for rent,2026-08-14T00:00:00.000Z,Listing removed,2026-07-11T00:00:00.000Z,Price change,2026-07-10T00:00:00.000Z,Listed for sale,,,,,,,,,,,,,,,,,,,,,,,,,,,,,,,,,,,,,,,,,,,,,,,,
"13437 Antler Hill Rd, Spanish Fort, AL 36527",13437 Antler Hill Rd,Spanish Fort,AL,36527,,forRent,4,1931,,2350,20,https://www.zillow.com/homedetails/13437-Antler-Hill-Rd-Spanish-Fort-AL-36527/2058500497_zpid/,,319950,2026-08-27T00:00:00.000Z,Listed for rent,2026-08-04T00:00:00.000Z,Listing removed,2026-05-26T00:00:00.000Z,Listed for sale,2024-11-19T00:00:00.000Z,Sold,2023-06-16T00:00:00.000Z,Sold,2023-05-17T00:00:00.000Z,Price change,2023-05-10T00:00:00.000Z,Price change,2023-05-02T00:00:00.000Z,Price change,2023-04-18T00:00:00.000Z,Price change,2023-03-15T00:00:00.000Z,Listed for sale,,,,,,,,,,,,,,,,,,,,,,,,,,,,,,,,,,,,
"22396 Aleutian Ave, Foley, AL 36535",22396 Aleutian Ave,Foley,AL,36535,,forRent,4,1387,,2100,84,https://www.zillow.com/homedetails/22396-Aleutian-Ave-Foley-AL-36535/2057095001_zpid/,,300000,2026-06-24T00:00:00.000Z,Listed for rent,2024-05-07T00:00:00.000Z,Listing removed,2024-04-16T00:00:00.000Z,Listed for rent,2024-04-07T00:00:00.000Z,Listing removed,2024-02-20T00:00:00.000Z,Price change,2024-01-04T00:00:00.000Z,Listed for rent,2023-12-28T00:00:00.000Z,Sold,2023-12-11T00:00:00.000Z,Pending sale,2023-11-17T00:00:00.000Z,Price change,2023-08-02T00:00:00.000Z,Price change,2023-06-17T00:00:00.000Z,Listed for sale,,,,,,,,,,,,,,,,,,,,,,,,,,,,,,,,,,
"904 Shagbark Rd, Foley, AL 36535",904 Shagbark Rd,Foley,AL,36535,,forRent,,,,,,https://www.zillow.com/apartments/foley-al/the-village-at-hickory-street/CgLXC4/,,,,,,,,,,,,,,,,,,,,,,,,,,,,,,,,,,,,,,,,,,,,,,,,,,,,,,,,,,
"22360 Aleutian Ave, Foley, AL 36535",22360 Aleutian Ave,Foley,AL,36535,,forRent,4,1800,,2150,26,https://www.zillow.com/homedetails/22360-Aleutian-Ave-Foley-AL-36535/2057095002_zpid/,,309900,2026-09-14T00:00:00.000Z,Price change,2026-09-02T00:00:00.000Z,Price change,2026-08-21T00:00:00.000Z,Listed for rent,2023-11-29T00:00:00.000Z,Sold,2023-07-12T00:00:00.000Z,Contingent,2023-07-01T00:00:00.000Z,Price change,2023-06-26T00:00:00.000Z,Listed for sale,2023-06-24T00:00:00.000Z,Listing removed,2023-06-23T00:00:00.000Z,Pending sale,2023-06-22T00:00:00.000Z,Price change,2023-06-22T00:00:00.000Z,Pending sale,2023-06-17T00:00:00.000Z,Listed for sale,,,,,,,,,,,,,,,,,,,,,,,,,,,,,,,,
"7496 Brompton Dr, Foley, AL 36535",7496 Brompton Dr,Foley,AL,36535,,forRent,4,1980,,2200,15,https://www.zillow.com/homedetails/7496-Brompton-Dr-Foley-AL-36535/2068386206_zpid/,,286425,2026-09-02T00:00:00.000Z,Listed for rent,2025-07-21T00:00:00.000Z,Listing removed,2025-06-05T00:00:00.000Z,Listed for rent,2022-03-31T00:00:00.000Z,Sold,2022-02-01T00:00:00.000Z,Pending sale,2022-01-02T00:00:00.000Z,Price change,2021-10-02T00:00:00.000Z,Price change,2021-09-25T00:00:00.000Z,Listed for sale,,,,,,,,,,,,,,,,,,,,,,,,,,,,,,,,,,,,,,,,
"3892 Camino St, Foley, AL 36535",3892 Camino St,Foley,AL,36535,,forRent,4,2000,,2045,13,https://www.zillow.com/homedetails/3892-Camino-St-Foley-AL-36535/465041452_zpid/,,,2026-09-04T00:00:00.000Z,Listed for rent,,,,,,,,,,,,,,,,,,,,,,,,,,,,,,,,,,,,,,,,,,,,,,,,,,,,,,
"18156 Zoysia Loop, Foley, AL 36535",18156 Zoysia Loop,Foley,AL,36535,,forRent,4,1810,,1945,13,https://www.zillow.com/homedetails/18156-Zoysia-Loop-Foley-AL-36535/464376380_zpid/,,,2026-09-04T00:00:00.000Z,Listed for rent,2026-08-14T00:00:00.000Z,Listing removed,2026-08-06T00:00:00.000Z,Listed for sale,,,,,,,,,,,,,,,,,,,,,,,,,,,,,,,,,,,,,,,,,,,,,,,,,,
"3911 Camino St, Foley, AL 36535",3911 Camino St,Foley,AL,36535,,forRent,4,2000,,2045,13,https://www.zillow.com/homedetails/3911-Camino-St-Foley-AL-36535/463785339_zpid/,,,2026-09-04T00:00:00.000Z,Listed for rent,2026-08-14T00:00:00.000Z,Listing removed,2026-07-11T00:00:00.000Z,Price change,2026-07-10T00:00:00.000Z,Listed for sale,,,,,,,,,,,,,,,,,,,,,,,,,,,,,,,,,,,,,,,,,,,,,,,,
"3898 Puerto St, Foley, AL 36535",3898 Puerto St,Foley,AL,36535,,forRent,4,2000,,2045,13,https://www.zillow.com/homedetails/3898-Puerto-St-Foley-AL-36535/465041463_zpid/,,,2026-09-04T00:00:00.000Z,Listed for rent,,,,,,,,,,,,,,,,,,,,,,,,,,,,,,,,,,,,,,,,,,,,,,,,,,,,,,
"10387 Buffalo St, Foley, AL 36535",10387 Buffalo St,Foley,AL,36535,,forRent,4,1810,,1945,13,https://www.zillow.com/homedetails/10387-Buffalo-St-Foley-AL-36535/465041450_zpid/,,,2026-09-04T00:00:00.000Z,Listed for rent,,,,,,,,,,,,,,,,,,,,,,,,,,,,,,,,,,,,,,,,,,,,,,,,,,,,,,
"18864 Zoysia Loop, Foley, AL 36535",18864 Zoysia Loop,Foley,AL,36535,,forRent,4,1707,,1895,13,https://www.zillow.com/homedetails/18864-Zoysia-Loop-Foley-AL-36535/463866352_zpid/,,,2026-09-04T00:00:00.000Z,Listed for rent,2026-08-14T00:00:00.000Z,Listing removed,2026-07-31T00:00:00.000Z,Price change,2026-07-25T00:00:00.000Z,Price change,2026-07-14T00:00:00.000Z,Listed for sale,,,,,,,,,,,,,,,,,,,,,,,,,,,,,,,,,,,,,,,,,,,,,,
"15361 Planters Ln, Foley, AL 36535",15361 Planters Ln,Foley,AL,36535,,forRent,4,1732,,1945,13,https://www.zillow.com/homedetails/15361-Planters-Ln-Foley-AL-36535/465041462_zpid/,,,2026-09-04T00:00:00.000Z,Listed for rent,,,,,,,,,,,,,,,,,,,,,,,,,,,,,,,,,,,,,,,,,,,,,,,,,,,,,,
"15332 Tiller Ln, Foley, AL 36535",15332 Tiller Ln,Foley,AL,36535,,forRent,4,1732,,1945,13,https://www.zillow.com/homedetails/15332-Tiller-Ln-Foley-AL-36535/462955413_zpid/,,,2026-09-04T00:00:00.000Z,Listed for rent,2026-08-14T00:00:00.000Z,Listing removed,2026-07-31T00:00:00.000Z,Price change,2026-07-11T00:00:00.000Z,Price change,2026-06-24T00:00:00.000Z,Price change,2026-06-13T00:00:00.000Z,Price change,2026-06-10T00:00:00.000Z,Price change,2026-06-05T00:00:00.000Z,Listed for sale,,,,,,,,,,,,,,,,,,,,,,,,,,,,,,,,,,,,,,,,
"18883 Zoysia Loop, Foley, AL 36535",18883 Zoysia Loop,Foley,AL,36535,,forRent,4,1707,,1895,13,https://www.zillow.com/homedetails/18883-Zoysia-Loop-Foley-AL-36535/465041447_zpid/,,,2026-09-04T00:00:00.000Z,Listed for rent,,,,,,,,,,,,,,,,,,,,,,,,,,,,,,,,,,,,,,,,,,,,,,,,,,,,,,
"10375 Buffalo St, Foley, AL 36535",10375 Buffalo St,Foley,AL,36535,,forRent,4,1732,,1895,13,https://www.zillow.com/homedetails/10375-Buffalo-St-Foley-AL-36535/463944498_zpid/,,,2026-09-04T00:00:00.000Z,Listed for rent,2026-08-14T00:00:00.000Z,Listing removed,2026-08-01T00:00:00.000Z,Price change,2026-07-28T00:00:00.000Z,Price change,2026-07-25T00:00:00.000Z,Price change,2026-07-17T00:00:00.000Z,Listed for sale,,,,,,,,,,,,,,,,,,,,,,,,,,,,,,,,,,,,,,,,,,,,
"1033 Chloe St, Foley, AL 36535",1033 Chloe St,Foley,AL,36535,,forRent,3,1745,,1799,36,https://www.zillow.com/homedetails/1033-Chloe-St-Foley-AL-36535/2067657072_zpid/,,267620,2026-09-10T00:00:00.000Z,Price change,2026-09-09T00:00:00.000Z,Price change,2026-09-04T00:00:00.000Z,Price change,2026-09-01T00:00:00.000Z,Price change,2026-08-28T00:00:00.000Z,Price change,2026-08-27T00:00:00.000Z,Price change,2026-08-26T00:00:00.000Z,Price change,2026-08-24T00:00:00.000Z,Price change,2026-08-15T00:00:00.000Z,Price change,2026-08-11T00:00:00.000Z,Listed for rent,2025-08-07T00:00:00.000Z,Listing removed,2025-08-01T00:00:00.000Z,Price change,2025-07-30T00:00:00.000Z,Price change,2025-07-22T00:00:00.000Z,Price change,2025-07-11T00:00:00.000Z,Price change,2025-07-09T00:00:00.000Z,Price change,2025-07-04T00:00:00.000Z,Price change,2025-06-24T00:00:00.000Z,Listed for rent,2023-07-23T00:00:00.000Z,Listing removed,2023-07-21T00:00:00.000Z,Price change,2023-07-20T00:00:00.000Z,Listed for rent,2022-01-22T00:00:00.000Z,Listing removed,2022-01-09T00:00:00.000Z,Price change,2022-01-01T00:00:00.000Z,Price change,2021-12-29T00:00:00.000Z,Listed for rent,2021-12-28T00:00:00.000Z,Sold,,,,
"10341 Buffalo St, Foley, AL 36535",10341 Buffalo St,Foley,AL,36535,,forRent,3,1569,,1800,13,https://www.zillow.com/homedetails/10341-Buffalo-St-Foley-AL-36535/463944491_zpid/,,,2026-09-04T00:00:00.000Z,Listed for rent,2026-08-14T00:00:00.000Z,Listing removed,2026-08-01T00:00:00.000Z,Price change,2026-07-28T00:00:00.000Z,Price change,2026-07-25T00:00:00.000Z,Price change,2026-07-17T00:00:00.000Z,Listed for sale,,,,,,,,,,,,,,,,,,,,,,,,,,,,,,,,,,,,,,,,,,,,
"17030 Baldwin County Rd #Llc, Foley, AL 36535",17030 Baldwin County Rd #Llc,Foley,AL,36535,,forRent,3,1216,,1095,182,https://www.zillow.com/homedetails/17030-Baldwin-County-Rd-LLC-Foley-AL-36535/461142819_zpid/,,,2026-03-18T00:00:00.000Z,Listed for rent,2025-06-05T00:00:00.000Z,Listing removed,2024-07-31T00:00:00.000Z,Listed for rent,,,,,,,,,,,,,,,,,,,,,,,,,,,,,,,,,,,,,,,,,,,,,,,,,,
"19364 Chelsey Dr, Foley, AL 36535",19364 Chelsey Dr,Foley,AL,36535,,forRent,3,1355,,1549,124,https://www.zillow.com/homedetails/19364-Chelsey-Dr-Foley-AL-36535/462463232_zpid/,,,2026-05-15T00:00:00.000Z,Listed for rent,,,,,,,,,,,,,,,,,,,,,,,,,,,,,,,,,,,,,,,,,,,,,,,,,,,,,,
"15375 Planters Ln, Foley, AL 36535",15375 Planters Ln,Foley,AL,36535,,forRent,4,1891,,1995,13,https://www.zillow.com/homedetails/15375-Planters-Ln-Foley-AL-36535/463785362_zpid/,,,2026-09-04T00:00:00.000Z,Listed for rent,2026-08-14T00:00:00.000Z,Listing removed,2026-07-25T00:00:00.000Z,Price change,2026-07-14T00:00:00.000Z,Price change,2026-07-10T00:00:00.000Z,Listed for sale,,,,,,,,,,,,,,,,,,,,,,,,,,,,,,,,,,,,,,,,,,,,,,
"10305 Buffalo St, Foley, AL 36535",10305 Buffalo St,Foley,AL,36535,,forRent,3,1413,,1755,5,https://www.zillow.com/homedetails/10305-Buffalo-St-Foley-AL-36535/464140308_zpid/,,,2026-09-11T00:00:00.000Z,Listed for rent,2026-08-15T00:00:00.000Z,Listing removed,2026-08-01T00:00:00.000Z,Price change,2026-07-28T00:00:00.000Z,Price change,2026-07-25T00:00:00.000Z,Listed for sale,,,,,,,,,,,,,,,,,,,,,,,,,,,,,,,,,,,,,,,,,,,,,,
"19360 Chelsey Dr, Foley, AL 36535",19360 Chelsey Dr,Foley,AL,36535,,forRent,1,809,,1249,124,https://www.zillow.com/homedetails/19360-Chelsey-Dr-Foley-AL-36535/462463231_zpid/,,,2026-05-15T00:00:00.000Z,Listed for rent,,,,,,,,,,,,,,,,,,,,,,,,,,,,,,,,,,,,,,,,,,,,,,,,,,,,,,
"19362 Chelsey Dr, Foley, AL 36535",19362 Chelsey Dr,Foley,AL,36535,,forRent,2,1102,,1375,124,https://www.zillow.com/homedetails/19362-Chelsey-Dr-Foley-AL-36535/462463228_zpid/,,,2026-05-15T00:00:00.000Z,Listed for rent,,,,,,,,,,,,,,,,,,,,,,,,,,,,,,,,,,,,,,,,,,,,,,,,,,,,,,
"14423 Headlands Ln, Foley, AL 36535",14423 Headlands Ln,Foley,AL,36535,,forRent,4,1787,,1900,7,https://www.zillow.com/homedetails/14423-Headlands-Ln-Foley-AL-36535/2076444453_zpid/,,220275,2026-09-09T00:00:00.000Z,Listed for rent,2023-12-20T00:00:00.000Z,Listing removed,2023-12-12T00:00:00.000Z,Listed for rent,2023-11-08T00:00:00.000Z,Listing removed,2023-09-21T00:00:00.000Z,Price change,2023-08-30T00:00:00.000Z,Price change,2023-07-11T00:00:00.000Z,Listed for rent,2021-09-10T00:00:00.000Z,Sold,,,,,,,,,,,,,,,,,,,,,,,,,,,,,,,,,,,,,,,,
"31 Lago Ln, Freeport, FL 36580",31 Lago Ln,Freeport,FL,36580,,forRent,4,1810,,1990,13,https://www.zillow.com/homedetails/31-Lago-Ln-Freeport-FL-36580/463510914_zpid/,,,2026-09-04T00:00:00.000Z,Listed for rent,2026-08-14T00:00:00.000Z,Listing removed,2026-07-22T00:00:00.000Z,Price change,2026-06-27T00:00:00.000Z,Listed for sale,,,,,,,,,,,,,,,,,,,,,,,,,,,,,,,,,,,,,,,,,,,,,,,,
"14578 Dayton Cir, Foley, AL 36535",14578 Dayton Cir,Foley,AL,36535,,forRent,4,2031,,2500,1,https://www.zillow.com/homedetails/14578-Dayton-Cir-Foley-AL-36535/447119813_zpid/,,322000,2026-09-15T00:00:00.000Z,Listed for rent,2025-03-31T00:00:00.000Z,Sold,2025-03-18T00:00:00.000Z,Pending sale,2025-03-16T00:00:00.000Z,Price change,2025-02-07T00:00:00.000Z,Pending sale,,,,,,,,,,,,,,,,,,,,,,,,,,,,,,,,,,,,,,,,,,,,,,
"14531 Dayton Cir, Foley, AL 36535",14531 Dayton Cir,Foley,AL,36535,,forRent,4,2031,,2500,1,https://www.zillow.com/homedetails/14531-Dayton-Cir-Foley-AL-36535/462698096_zpid/,,324000,2026-09-15T00:00:00.000Z,Listed for rent,2026-08-24T00:00:00.000Z,Sold,2026-07-02T00:00:00.000Z,Pending sale,2026-05-27T00:00:00.000Z,Listed for sale,,,,,,,,,,,,,,,,,,,,,,,,,,,,,,,,,,,,,,,,,,,,,,,,
"36 Lago Ln, Freeport, FL 36580",36 Lago Ln,Freeport,FL,36580,,forRent,4,1732,,1945,13,https://www.zillow.com/homedetails/36-Lago-Ln-Freeport-FL-36580/463510920_zpid/,,,2026-09-04T00:00:00.000Z,Listed for rent,2026-08-14T00:00:00.000Z,Listing removed,2026-07-22T00:00:00.000Z,Price change,2026-06-27T00:00:00.000Z,Listed for sale,,,,,,,,,,,,,,,,,,,,,,,,,,,,,,,,,,,,,,,,,,,,,,,,
"41 Lago Ln, Freeport, FL 36580",41 Lago Ln,Freeport,FL,36580,,forRent,3,1569,,1850,13,https://www.zillow.com/homedetails/41-Lago-Ln-Freeport-FL-36580/465046099_zpid/,,,2026-09-04T00:00:00.000Z,Listed for rent,,,,,,,,,,,,,,,,,,,,,,,,,,,,,,,,,,,,,,,,,,,,,,,,,,,,,,
"19976 Clover Field Ln, Summerdale, AL 36580",19976 Clover Field Ln,Summerdale,AL,36580,,forRent,3,1569,,1845,5,https://www.zillow.com/homedetails/19976-Clover-Field-Ln-Summerdale-AL-36580/465209719_zpid/,,,2026-09-11T00:00:00.000Z,Listed for rent,,,,,,,,,,,,,,,,,,,,,,,,,,,,,,,,,,,,,,,,,,,,,,,,,,,,,,
"18661 Facet Rd, Summerdale, AL 36580",18661 Facet Rd,Summerdale,AL,36580,,forRent,4,1810,,1850,13,https://www.zillow.com/homedetails/18661-Facet-Rd-Summerdale-AL-36580/465041464_zpid/,,,2026-09-04T00:00:00.000Z,Listed for rent,,,,,,,,,,,,,,,,,,,,,,,,,,,,,,,,,,,,,,,,,,,,,,,,,,,,,,
"365 Lago Ln, Freeport, FL 36580",365 Lago Ln,Freeport,FL,36580,,forRent,4,1732,,1945,13,https://www.zillow.com/homedetails/365-Lago-Ln-Freeport-FL-36580/465046097_zpid/,,,2026-09-04T00:00:00.000Z,Listed for rent,,,,,,,,,,,,,,,,,,,,,,,,,,,,,,,,,,,,,,,,,,,,,,,,,,,,,,
"18639 Facet Rd, Summerdale, AL 36580",18639 Facet Rd,Summerdale,AL,36580,,forRent,3,1569,,1755,13,https://www.zillow.com/homedetails/18639-Facet-Rd-Summerdale-AL-36580/465041485_zpid/,,,2026-09-04T00:00:00.000Z,Listed for rent,,,,,,,,,,,,,,,,,,,,,,,,,,,,,,,,,,,,,,,,,,,,,,,,,,,,,,
"18685 Facet Rd, Summerdale, AL 36580",18685 Facet Rd,Summerdale,AL,36580,,forRent,3,1569,,1755,13,https://www.zillow.com/homedetails/18685-Facet-Rd-Summerdale-AL-36580/465041482_zpid/,,,2026-09-04T00:00:00.000Z,Listed for rent,,,,,,,,,,,,,,,,,,,,,,,,,,,,,,,,,,,,,,,,,,,,,,,,,,,,,,
"20052 Clover Field Ln, Summerdale, AL 36580",20052 Clover Field Ln,Summerdale,AL,36580,,forRent,3,1413,,1795,13,https://www.zillow.com/homedetails/20052-Clover-Field-Ln-Summerdale-AL-36580/465041471_zpid/,,,2026-09-04T00:00:00.000Z,Listed for rent,,,,,,,,,,,,,,,,,,,,,,,,,,,,,,,,,,,,,,,,,,,,,,,,,,,,,,
"18697 Facet Rd, Summerdale, AL 36580",18697 Facet Rd,Summerdale,AL,36580,,forRent,4,1810,,1850,13,https://www.zillow.com/homedetails/18697-Facet-Rd-Summerdale-AL-36580/465041476_zpid/,,,2026-09-04T00:00:00.000Z,Listed for rent,,,,,,,,,,,,,,,,,,,,,,,,,,,,,,,,,,,,,,,,,,,,,,,,,,,,,,
"353 Lago Ln, Freeport, FL 36580",353 Lago Ln,Freeport,FL,36580,,forRent,4,1810,,1990,13,https://www.zillow.com/homedetails/353-Lago-Ln-Freeport-FL-36580/465046095_zpid/,,,2026-09-04T00:00:00.000Z,Listed for rent,,,,,,,,,,,,,,,,,,,,,,,,,,,,,,,,,,,,,,,,,,,,,,,,,,,,,,
"365 Lago Ln, Freeport, FL 36580",365 Lago Ln,Freeport,FL,36580,,forRent,4,1732,,1945,13,https://www.zillow.com/homedetails/365-Lago-Ln-Freeport-FL-36580/465046097_zpid/,,,2026-09-04T00:00:00.000Z,Listed for rent,,,,,,,,,,,,,,,,,,,,,,,,,,,,,,,,,,,,,,,,,,,,,,,,,,,,,,
"36 Lago Ln, Freeport, FL 36580",36 Lago Ln,Freeport,FL,36580,,forRent,4,1732,,1945,13,https://www.zillow.com/homedetails/36-Lago-Ln-Freeport-FL-36580/463510920_zpid/,,,2026-09-04T00:00:00.000Z,Listed for rent,2026-08-14T00:00:00.000Z,Listing removed,2026-07-22T00:00:00.000Z,Price change,2026-06-27T00:00:00.000Z,Listed for sale,,,,,,,,,,,,,,,,,,,,,,,,,,,,,,,,,,,,,,,,,,,,,,,,
"20040 Clover Field Ln, Summerdale, AL 36580",20040 Clover Field Ln,Summerdale,AL,36580,,forRent,4,1810,,2045,13,https://www.zillow.com/homedetails/20040-Clover-Field-Ln-Summerdale-AL-36580/465041436_zpid/,,,2026-09-04T00:00:00.000Z,Listed for rent,,,,,,,,,,,,,,,,,,,,,,,,,,,,,,,,,,,,,,,,,,,,,,,,,,,,,,
"31 Lago Ln, Freeport, FL 36580",31 Lago Ln,Freeport,FL,36580,,forRent,4,1810,,1990,13,https://www.zillow.com/homedetails/31-Lago-Ln-Freeport-FL-36580/463510914_zpid/,,,2026-09-04T00:00:00.000Z,Listed for rent,2026-08-14T00:00:00.000Z,Listing removed,2026-07-22T00:00:00.000Z,Price change,2026-06-27T00:00:00.000Z,Listed for sale,,,,,,,,,,,,,,,,,,,,,,,,,,,,,,,,,,,,,,,,,,,,,,,,
"19161 Pagoda Ln, Summerdale, AL 36580",19161 Pagoda Ln,Summerdale,AL,36580,,forRent,4,1504,,2300,0,https://www.zillow.com/homedetails/19161-Pagoda-Ln-Summerdale-AL-36580/465337465_zpid/,,,2026-09-17T00:00:00.000Z,Listed for rent,,,,,,,,,,,,,,,,,,,,,,,,,,,,,,,,,,,,,,,,,,,,,,,,,,,,,,
"20018 Clover Field Ln, Summerdale, AL 36580",20018 Clover Field Ln,Summerdale,AL,36580,,forRent,4,1732,,1995,13,https://www.zillow.com/homedetails/20018-Clover-Field-Ln-Summerdale-AL-36580/465041468_zpid/,,,2026-09-04T00:00:00.000Z,Listed for rent,,,,,,,,,,,,,,,,,,,,,,,,,,,,,,,,,,,,,,,,,,,,,,,,,,,,,,
"20052 Clover Field Ln, Summerdale, AL 36580",20052 Clover Field Ln,Summerdale,AL,36580,,forRent,3,1413,,1795,13,https://www.zillow.com/homedetails/20052-Clover-Field-Ln-Summerdale-AL-36580/465041471_zpid/,,,2026-09-04T00:00:00.000Z,Listed for rent,,,,,,,,,,,,,,,,,,,,,,,,,,,,,,,,,,,,,,,,,,,,,,,,,,,,,,
"18697 Facet Rd, Summerdale, AL 36580",18697 Facet Rd,Summerdale,AL,36580,,forRent,4,1810,,1850,13,https://www.zillow.com/homedetails/18697-Facet-Rd-Summerdale-AL-36580/465041476_zpid/,,,2026-09-04T00:00:00.000Z,Listed for rent,,,,,,,,,,,,,,,,,,,,,,,,,,,,,,,,,,,,,,,,,,,,,,,,,,,,,,
"18685 Facet Rd, Summerdale, AL 36580",18685 Facet Rd,Summerdale,AL,36580,,forRent,3,1569,,1755,13,https://www.zillow.com/homedetails/18685-Facet-Rd-Summerdale-AL-36580/465041482_zpid/,,,2026-09-04T00:00:00.000Z,Listed for rent,,,,,,,,,,,,,,,,,,,,,,,,,,,,,,,,,,,,,,,,,,,,,,,,,,,,,,
"18661 Facet Rd, Summerdale, AL 36580",18661 Facet Rd,Summerdale,AL,36580,,forRent,4,1810,,1850,13,https://www.zillow.com/homedetails/18661-Facet-Rd-Summerdale-AL-36580/465041464_zpid/,,,2026-09-04T00:00:00.000Z,Listed for rent,,,,,,,,,,,,,,,,,,,,,,,,,,,,,,,,,,,,,,,,,,,,,,,,,,,,,,
"19976 Clover Field Ln, Summerdale, AL 36580",19976 Clover Field Ln,Summerdale,AL,36580,,forRent,3,1569,,1845,5,https://www.zillow.com/homedetails/19976-Clover-Field-Ln-Summerdale-AL-36580/465209719_zpid/,,,2026-09-11T00:00:00.000Z,Listed for rent,,,,,,,,,,,,,,,,,,,,,,,,,,,,,,,,,,,,,,,,,,,,,,,,,,,,,,
"18639 Facet Rd, Summerdale, AL 36580",18639 Facet Rd,Summerdale,AL,36580,,forRent,3,1569,,1755,13,https://www.zillow.com/homedetails/18639-Facet-Rd-Summerdale-AL-36580/465041485_zpid/,,,2026-09-04T00:00:00.000Z,Listed for rent,,,,,,,,,,,,,,,,,,,,,,,,,,,,,,,,,,,,,,,,,,,,,,,,,,,,,,
"41 Lago Ln, Freeport, FL 36580",41 Lago Ln,Freeport,FL,36580,,forRent,3,1569,,1850,13,https://www.zillow.com/homedetails/41-Lago-Ln-Freeport-FL-36580/465046099_zpid/,,,2026-09-04T00:00:00.000Z,Listed for rent,,,,,,,,,,,,,,,,,,,,,,,,,,,,,,,,,,,,,,,,,,,,,,,,,,,,,,
"353 Lago Ln, Freeport, FL 36580",353 Lago Ln,Freeport,FL,36580,,forRent,4,1810,,1990,13,https://www.zillow.com/homedetails/353-Lago-Ln-Freeport-FL-36580/465046095_zpid/,,,2026-09-04T00:00:00.000Z,Listed for rent,,,,,,,,,,,,,,,,,,,,,,,,,,,,,,,,,,,,,,,,,,,,,,,,,,,,,,
"4246 Lost Bay Dr #Id1541220p, Orange Beach, AL 36561",4246 Lost Bay Dr #Id1541220p,Orange Beach,AL,36561,,forRent,6,3595,,5255,47,https://www.zillow.com/homedetails/4246-Lost-Bay-Dr-ID1541220P-Orange-Beach-AL-36561/462641711_zpid/,,,2026-09-17T00:00:00.000Z,Price change,2026-09-16T00:00:00.000Z,Price change,2026-09-14T00:00:00.000Z,Price change,2026-09-13T00:00:00.000Z,Price change,2026-09-12T00:00:00.000Z,Price change,2026-09-10T00:00:00.000Z,Price change,2026-09-08T00:00:00.000Z,Price change,2026-09-06T00:00:00.000Z,Price change,2026-09-04T00:00:00.000Z,Price change,2026-09-02T00:00:00.000Z,Price change,2026-09-01T00:00:00.000Z,Price change,2026-08-29T00:00:00.000Z,Price change,2026-08-28T00:00:00.000Z,Price change,2026-08-26T00:00:00.000Z,Price change,2026-08-25T00:00:00.000Z,Price change,2026-08-24T00:00:00.000Z,Price change,2026-08-22T00:00:00.000Z,Price change,2026-08-21T00:00:00.000Z,Price change,2026-08-19T00:00:00.000Z,Price change,2026-08-17T00:00:00.000Z,Price change,2026-08-15T00:00:00.000Z,Price change,2026-08-14T00:00:00.000Z,Price change,2026-08-12T00:00:00.000Z,Price change,2026-08-10T00:00:00.000Z,Price change,2026-08-09T00:00:00.000Z,Listed for rent,,,,,,
"4310 Lost Bay Dr #4310, Orange Beach, AL 36561",4310 Lost Bay Dr #4310,Orange Beach,AL,36561,,forRent,3,1437,,3250,3,https://www.zillow.com/homedetails/4310-Lost-Bay-Dr-4310-Orange-Beach-AL-36561/464334411_zpid/,,,2026-09-14T00:00:00.000Z,Listed for rent,2026-09-05T00:00:00.000Z,Listing removed,2026-08-04T00:00:00.000Z,Listed for rent,,,,,,,,,,,,,,,,,,,,,,,,,,,,,,,,,,,,,,,,,,,,,,,,,,
"4294 Lost Bay Dr, Orange Beach, AL 36561",4294 Lost Bay Dr,Orange Beach,AL,36561,,forRent,3,1437,,2700,15,https://www.zillow.com/homedetails/4294-Lost-Bay-Dr-Orange-Beach-AL-36561/457020516_zpid/,,370000,2026-09-16T00:00:00.000Z,Price change,2026-09-01T00:00:00.000Z,Listed for rent,2025-12-26T00:00:00.000Z,Sold,2025-11-18T00:00:00.000Z,Pending sale,2025-11-10T00:00:00.000Z,Price change,2025-09-27T00:00:00.000Z,Listed for sale,,,,,,,,,,,,,,,,,,,,,,,,,,,,,,,,,,,,,,,,,,,,
"4688 Casablanca Dr, Orange Beach, AL 36561",4688 Casablanca Dr,Orange Beach,AL,36561,,forRent,3,2008,,3500,70,https://www.zillow.com/homedetails/4688-Casablanca-Dr-Orange-Beach-AL-36561/2067521250_zpid/,,490000,2026-07-08T00:00:00.000Z,Listed for rent,2025-09-21T00:00:00.000Z,Listing removed,2025-09-02T00:00:00.000Z,Listed for rent,2025-05-29T00:00:00.000Z,Sold,2025-05-28T00:00:00.000Z,Pending sale,2025-05-11T00:00:00.000Z,Contingent,2025-05-11T00:00:00.000Z,Listed for sale,2025-05-10T00:00:00.000Z,Pending sale,2025-04-29T00:00:00.000Z,Listed for sale,2024-02-21T00:00:00.000Z,Listing removed,2024-02-20T00:00:00.000Z,Listed for rent,2022-04-27T00:00:00.000Z,Listing removed,2022-04-19T00:00:00.000Z,Listed for rent,2022-02-25T00:00:00.000Z,Sold,2022-02-16T00:00:00.000Z,Contingent,2022-01-20T00:00:00.000Z,Pending sale,2022-01-12T00:00:00.000Z,Listing removed,2021-11-18T00:00:00.000Z,Listed for rent,,,,,,,,,,,,,,,,,,,,
"4246 Lost Bay Dr #Id1541221p, Orange Beach, AL 36561",4246 Lost Bay Dr #Id1541221p,Orange Beach,AL,36561,,forRent,3,1797,,2556,47,https://www.zillow.com/homedetails/4246-Lost-Bay-Dr-ID1541221P-Orange-Beach-AL-36561/462641758_zpid/,,,2026-09-17T00:00:00.000Z,Price change,2026-09-15T00:00:00.000Z,Price change,2026-09-13T00:00:00.000Z,Price change,2026-09-12T00:00:00.000Z,Price change,2026-09-10T00:00:00.000Z,Price change,2026-09-08T00:00:00.000Z,Price change,2026-09-06T00:00:00.000Z,Price change,2026-09-04T00:00:00.000Z,Price change,2026-09-02T00:00:00.000Z,Price change,2026-09-01T00:00:00.000Z,Price change,2026-08-30T00:00:00.000Z,Price change,2026-08-28T00:00:00.000Z,Price change,2026-08-26T00:00:00.000Z,Price change,2026-08-25T00:00:00.000Z,Price change,2026-08-24T00:00:00.000Z,Price change,2026-08-22T00:00:00.000Z,Price change,2026-08-21T00:00:00.000Z,Price change,2026-08-19T00:00:00.000Z,Price change,2026-08-17T00:00:00.000Z,Price change,2026-08-15T00:00:00.000Z,Price change,2026-08-14T00:00:00.000Z,Price change,2026-08-12T00:00:00.000Z,Price change,2026-08-10T00:00:00.000Z,Price change,2026-08-09T00:00:00.000Z,Price change,2026-08-06T00:00:00.000Z,Listed for rent,,,,,,
"4242 Lost Bay Dr #4242, Orange Beach, AL 36561",4242 Lost Bay Dr #4242,Orange Beach,AL,36561,,forRent,3,1437,,3250,3,https://www.zillow.com/homedetails/4242-Lost-Bay-Dr-4242-Orange-Beach-AL-36561/464334412_zpid/,,,2026-09-14T00:00:00.000Z,Listed for rent,2026-09-05T00:00:00.000Z,Listing removed,2026-08-04T00:00:00.000Z,Listed for rent,,,,,,,,,,,,,,,,,,,,,,,,,,,,,,,,,,,,,,,,,,,,,,,,,,
"4021 Blue Water Dr #4021, Orange Beach, AL 36561",4021 Blue Water Dr #4021,Orange Beach,AL,36561,,forRent,3,1437,,2250,17,https://www.zillow.com/homedetails/4021-Blue-Water-Dr-4021-Orange-Beach-AL-36561/458825663_zpid/,,,2025-12-08T00:00:00.000Z,Listed for rent,,,,,,,,,,,,,,,,,,,,,,,,,,,,,,,,,,,,,,,,,,,,,,,,,,,,,,
"4302 Lost Bay Dr #1, Orange Beach, AL 36561",4302 Lost Bay Dr #1,Orange Beach,AL,36561,,forRent,3,,,2300,17,https://www.zillow.com/homedetails/4302-Lost-Bay-Dr-1-Orange-Beach-AL-36561/464932718_zpid/,,,2026-08-30T00:00:00.000Z,Listed for rent,,,,,,,,,,,,,,,,,,,,,,,,,,,,,,,,,,,,,,,,,,,,,,,,,,,,,,
"4246 Lost Bay Dr #Id1541223p, Orange Beach, AL 36561",4246 Lost Bay Dr #Id1541223p,Orange Beach,AL,36561,,forRent,3,1797,,2502,58,https://www.zillow.com/homedetails/4246-Lost-Bay-Dr-ID1541223P-Orange-Beach-AL-36561/462641751_zpid/,,,2026-09-17T00:00:00.000Z,Price change,2026-09-16T00:00:00.000Z,Price change,2026-09-15T00:00:00.000Z,Price change,2026-09-14T00:00:00.000Z,Price change,2026-09-12T00:00:00.000Z,Price change,2026-09-10T00:00:00.000Z,Price change,2026-09-08T00:00:00.000Z,Price change,2026-09-07T00:00:00.000Z,Price change,2026-09-05T00:00:00.000Z,Price change,2026-09-02T00:00:00.000Z,Price change,2026-08-30T00:00:00.000Z,Price change,2026-08-29T00:00:00.000Z,Price change,2026-08-28T00:00:00.000Z,Price change,2026-08-26T00:00:00.000Z,Price change,2026-08-25T00:00:00.000Z,Price change,2026-08-24T00:00:00.000Z,Price change,2026-08-22T00:00:00.000Z,Price change,2026-08-21T00:00:00.000Z,Price change,2026-08-19T00:00:00.000Z,Price change,2026-08-17T00:00:00.000Z,Price change,2026-08-15T00:00:00.000Z,Price change,2026-08-14T00:00:00.000Z,Price change,2026-08-12T00:00:00.000Z,Price change,2026-08-10T00:00:00.000Z,Price change,2026-08-09T00:00:00.000Z,Listed for rent,,,,,,
"4306 Lost Bay Dr #1, Orange Beach, AL 36561",4306 Lost Bay Dr #1,Orange Beach,AL,36561,,forRent,3,,,2300,17,https://www.zillow.com/homedetails/4306-Lost-Bay-Dr-1-Orange-Beach-AL-36561/459688316_zpid/,,,2026-08-30T00:00:00.000Z,Listed for rent,2026-05-26T00:00:00.000Z,Listing removed,2026-03-02T00:00:00.000Z,Listed for rent,2026-03-02T00:00:00.000Z,Listing removed,2026-01-11T00:00:00.000Z,Listed for rent,,,,,,,,,,,,,,,,,,,,,,,,,,,,,,,,,,,,,,,,,,,,,,
"4148 Lost Bay Dr #1, Orange Beach, AL 36561",4148 Lost Bay Dr #1,Orange Beach,AL,36561,,forRent,3,1437,,2250,69,https://www.zillow.com/homedetails/4148-Lost-Bay-Dr-1-Orange-Beach-AL-36561/463764832_zpid/,,,2026-07-09T00:00:00.000Z,Listed for rent,,,,,,,,,,,,,,,,,,,,,,,,,,,,,,,,,,,,,,,,,,,,,,,,,,,,,,
"20040 Clover Field Ln, Summerdale, AL 36580",20040 Clover Field Ln,Summerdale,AL,36580,,forRent,4,1810,,2045,13,https://www.zillow.com/homedetails/20040-Clover-Field-Ln-Summerdale-AL-36580/465041436_zpid/,,,2026-09-04T00:00:00.000Z,Listed for rent,,,,,,,,,,,,,,,,,,,,,,,,,,,,,,,,,,,,,,,,,,,,,,,,,,,,,,
"13330 Shea Cir, Foley, AL 36535",13330 Shea Cir,Foley,AL,36535,,forRent,3,1430,,2100,37,https://www.zillow.com/homedetails/13330-Shea-Cir-Foley-AL-36535/462523648_zpid/,,,2026-09-04T00:00:00.000Z,Price change,2026-08-24T00:00:00.000Z,Price change,2026-08-10T00:00:00.000Z,Listed for rent,2026-07-09T00:00:00.000Z,Listing removed,2026-06-18T00:00:00.000Z,Pending sale,2026-05-18T00:00:00.000Z,Listed for sale,,,,,,,,,,,,,,,,,,,,,,,,,,,,,,,,,,,,,,,,,,,,
"19976 Clover Field Ln, Summerdale, AL 36580",19976 Clover Field Ln,Summerdale,AL,36580,,forRent,3,1569,,1845,5,https://www.zillow.com/homedetails/19976-Clover-Field-Ln-Summerdale-AL-36580/465209719_zpid/,,,2026-09-11T00:00:00.000Z,Listed for rent,,,,,,,,,,,,,,,,,,,,,,,,,,,,,,,,,,,,,,,,,,,,,,,,,,,,,,
"4306 Lost Bay Dr #1, Orange Beach, AL 36561",4306 Lost Bay Dr #1,Orange Beach,AL,36561,,forRent,3,,,2300,17,https://www.zillow.com/homedetails/4306-Lost-Bay-Dr-1-Orange-Beach-AL-36561/459688316_zpid/,,,2026-08-30T00:00:00.000Z,Listed for rent,2026-05-26T00:00:00.000Z,Listing removed,2026-03-02T00:00:00.000Z,Listed for rent,2026-03-02T00:00:00.000Z,Listing removed,2026-01-11T00:00:00.000Z,Listed for rent,,,,,,,,,,,,,,,,,,,,,,,,,,,,,,,,,,,,,,,,,,,,,,
"20018 Clover Field Ln, Summerdale, AL 36580",20018 Clover Field Ln,Summerdale,AL,36580,,forRent,4,1732,,1995,13,https://www.zillow.com/homedetails/20018-Clover-Field-Ln-Summerdale-AL-36580/465041468_zpid/,,,2026-09-04T00:00:00.000Z,Listed for rent,,,,,,,,,,,,,,,,,,,,,,,,,,,,,,,,,,,,,,,,,,,,,,,,,,,,,,
"19161 Pagoda Ln, Summerdale, AL 36580",19161 Pagoda Ln,Summerdale,AL,36580,,forRent,4,1504,,2300,0,https://www.zillow.com/homedetails/19161-Pagoda-Ln-Summerdale-AL-36580/465337465_zpid/,,,2026-09-17T00:00:00.000Z,Listed for rent,,,,,,,,,,,,,,,,,,,,,,,,,,,,,,,,,,,,,,,,,,,,,,,,,,,,,,
"4148 Lost Bay Dr #1, Orange Beach, AL 36561",4148 Lost Bay Dr #1,Orange Beach,AL,36561,,forRent,3,1437,,2250,69,https://www.zillow.com/homedetails/4148-Lost-Bay-Dr-1-Orange-Beach-AL-36561/463764832_zpid/,,,2026-07-09T00:00:00.000Z,Listed for rent,,,,,,,,,,,,,,,,,,,,,,,,,,,,,,,,,,,,,,,,,,,,,,,,,,,,,,
"16363 Apricot Dr, Loxley, AL 36551",16363 Apricot Dr,Loxley,AL,36551,,forRent,4,2142,,2090,13,https://www.zillow.com/homedetails/16363-Apricot-Dr-Loxley-AL-36551/465041459_zpid/,,,2026-09-04T00:00:00.000Z,Listed for rent,,,,,,,,,,,,,,,,,,,,,,,,,,,,,,,,,,,,,,,,,,,,,,,,,,,,,,
"20052 Clover Field Ln, Summerdale, AL 36580",20052 Clover Field Ln,Summerdale,AL,36580,,forRent,3,1413,,1795,13,https://www.zillow.com/homedetails/20052-Clover-Field-Ln-Summerdale-AL-36580/465041471_zpid/,,,2026-09-04T00:00:00.000Z,Listed for rent,,,,,,,,,,,,,,,,,,,,,,,,,,,,,,,,,,,,,,,,,,,,,,,,,,,,,,
"18661 Facet Rd, Summerdale, AL 36580",18661 Facet Rd,Summerdale,AL,36580,,forRent,4,1810,,1850,13,https://www.zillow.com/homedetails/18661-Facet-Rd-Summerdale-AL-36580/465041464_zpid/,,,2026-09-04T00:00:00.000Z,Listed for rent,,,,,,,,,,,,,,,,,,,,,,,,,,,,,,,,,,,,,,,,,,,,,,,,,,,,,,
"18639 Facet Rd, Summerdale, AL 36580",18639 Facet Rd,Summerdale,AL,36580,,forRent,3,1569,,1755,13,https://www.zillow.com/homedetails/18639-Facet-Rd-Summerdale-AL-36580/465041485_zpid/,,,2026-09-04T00:00:00.000Z,Listed for rent,,,,,,,,,,,,,,,,,,,,,,,,,,,,,,,,,,,,,,,,,,,,,,,,,,,,,,
"18697 Facet Rd, Summerdale, AL 36580",18697 Facet Rd,Summerdale,AL,36580,,forRent,4,1810,,1850,13,https://www.zillow.com/homedetails/18697-Facet-Rd-Summerdale-AL-36580/465041476_zpid/,,,2026-09-04T00:00:00.000Z,Listed for rent,,,,,,,,,,,,,,,,,,,,,,,,,,,,,,,,,,,,,,,,,,,,,,,,,,,,,,
"25128 Citrus Ct, Loxley, AL 36551",25128 Citrus Ct,Loxley,AL,36551,,forRent,4,2000,,1995,5,https://www.zillow.com/homedetails/25128-Citrus-Ct-Loxley-AL-36551/465209730_zpid/,,,2026-09-11T00:00:00.000Z,Listed for rent,,,,,,,,,,,,,,,,,,,,,,,,,,,,,,,,,,,,,,,,,,,,,,,,,,,,,,
"16404 Apricot Dr, Loxley, AL 36551",16404 Apricot Dr,Loxley,AL,36551,,forRent,3,1550,,1750,13,https://www.zillow.com/homedetails/16404-Apricot-Dr-Loxley-AL-36551/462793552_zpid/,,,2026-09-04T00:00:00.000Z,Listed for rent,2026-08-14T00:00:00.000Z,Listing removed,2026-07-25T00:00:00.000Z,Price change,2026-06-27T00:00:00.000Z,Price change,2026-06-23T00:00:00.000Z,Price change,2026-05-30T00:00:00.000Z,Listed for sale,,,,,,,,,,,,,,,,,,,,,,,,,,,,,,,,,,,,,,,,,,,,
"18685 Facet Rd, Summerdale, AL 36580",18685 Facet Rd,Summerdale,AL,36580,,forRent,3,1569,,1755,13,https://www.zillow.com/homedetails/18685-Facet-Rd-Summerdale-AL-36580/465041482_zpid/,,,2026-09-04T00:00:00.000Z,Listed for rent,,,,,,,,,,,,,,,,,,,,,,,,,,,,,,,,,,,,,,,,,,,,,,,,,,,,,,
"24775 Raynagua Blvd, Loxley, AL 36551",24775 Raynagua Blvd,Loxley,AL,36551,,forRent,4,2000,,1995,13,https://www.zillow.com/homedetails/24775-Raynagua-Blvd-Loxley-AL-36551/463944561_zpid/,,,2026-09-04T00:00:00.000Z,Listed for rent,2026-08-14T00:00:00.000Z,Listing removed,2026-07-25T00:00:00.000Z,Price change,2026-07-17T00:00:00.000Z,Listed for sale,,,,,,,,,,,,,,,,,,,,,,,,,,,,,,,,,,,,,,,,,,,,,,,,
"24743 Raynagua Blvd, Loxley, AL 36551",24743 Raynagua Blvd,Loxley,AL,36551,,forRent,3,1891,,1945,5,https://www.zillow.com/homedetails/24743-Raynagua-Blvd-Loxley-AL-36551/465215409_zpid/,,,2026-09-12T00:00:00.000Z,Listed for rent,,,,,,,,,,,,,,,,,,,,,,,,,,,,,,,,,,,,,,,,,,,,,,,,,,,,,,
"31543 Lyon Rd, Daphne, AL 36527",31543 Lyon Rd,Daphne,AL,36527,,forRent,5,,,2600,39,https://www.zillow.com/homedetails/31543-Lyon-Rd-Daphne-AL-36527/456321716_zpid/,,354500,2026-08-07T00:00:00.000Z,Listed for rent,2026-07-31T00:00:00.000Z,Sold,2026-03-10T00:00:00.000Z,Pending sale,2026-01-19T00:00:00.000Z,Price change,2025-12-12T00:00:00.000Z,Price change,2025-11-10T00:00:00.000Z,Price change,2025-09-23T00:00:00.000Z,Price change,2025-08-30T00:00:00.000Z,Listed for sale,,,,,,,,,,,,,,,,,,,,,,,,,,,,,,,,,,,,,,,,
"4294 Lost Bay Dr, Orange Beach, AL 36561",4294 Lost Bay Dr,Orange Beach,AL,36561,,forRent,3,1437,,2700,15,https://www.zillow.com/homedetails/4294-Lost-Bay-Dr-Orange-Beach-AL-36561/457020516_zpid/,,370000,2026-09-16T00:00:00.000Z,Price change,2026-09-01T00:00:00.000Z,Listed for rent,2025-12-26T00:00:00.000Z,Sold,2025-11-18T00:00:00.000Z,Pending sale,2025-11-10T00:00:00.000Z,Price change,2025-09-27T00:00:00.000Z,Listed for sale,,,,,,,,,,,,,,,,,,,,,,,,,,,,,,,,,,,,,,,,,,,,
"4310 Lost Bay Dr #4310, Orange Beach, AL 36561",4310 Lost Bay Dr #4310,Orange Beach,AL,36561,,forRent,3,1437,,3250,3,https://www.zillow.com/homedetails/4310-Lost-Bay-Dr-4310-Orange-Beach-AL-36561/464334411_zpid/,,,2026-09-14T00:00:00.000Z,Listed for rent,2026-09-05T00:00:00.000Z,Listing removed,2026-08-04T00:00:00.000Z,Listed for rent,,,,,,,,,,,,,,,,,,,,,,,,,,,,,,,,,,,,,,,,,,,,,,,,,,
"19135 Pagoda Ln, Summerdale, AL 36580",19135 Pagoda Ln,Summerdale,AL,36580,,forRent,4,1504,,2100,14,https://www.zillow.com/homedetails/19135-Pagoda-Ln-Summerdale-AL-36580/465006855_zpid/,,,2026-09-03T00:00:00.000Z,Listed for rent,,,,,,,,,,,,,,,,,,,,,,,,,,,,,,,,,,,,,,,,,,,,,,,,,,,,,,
"4302 Lost Bay Dr #1, Orange Beach, AL 36561",4302 Lost Bay Dr #1,Orange Beach,AL,36561,,forRent,3,,,2300,17,https://www.zillow.com/homedetails/4302-Lost-Bay-Dr-1-Orange-Beach-AL-36561/464932718_zpid/,,,2026-08-30T00:00:00.000Z,Listed for rent,,,,,,,,,,,,,,,,,,,,,,,,,,,,,,,,,,,,,,,,,,,,,,,,,,,,,,
"4246 Lost Bay Dr #Id1541220p, Orange Beach, AL 36561",4246 Lost Bay Dr #Id1541220p,Orange Beach,AL,36561,,forRent,6,3595,,5255,47,https://www.zillow.com/homedetails/4246-Lost-Bay-Dr-ID1541220P-Orange-Beach-AL-36561/462641711_zpid/,,,2026-09-17T00:00:00.000Z,Price change,2026-09-16T00:00:00.000Z,Price change,2026-09-14T00:00:00.000Z,Price change,2026-09-13T00:00:00.000Z,Price change,2026-09-12T00:00:00.000Z,Price change,2026-09-10T00:00:00.000Z,Price change,2026-09-08T00:00:00.000Z,Price change,2026-09-06T00:00:00.000Z,Price change,2026-09-04T00:00:00.000Z,Price change,2026-09-02T00:00:00.000Z,Price change,2026-09-01T00:00:00.000Z,Price change,2026-08-29T00:00:00.000Z,Price change,2026-08-28T00:00:00.000Z,Price change,2026-08-26T00:00:00.000Z,Price change,2026-08-25T00:00:00.000Z,Price change,2026-08-24T00:00:00.000Z,Price change,2026-08-22T00:00:00.000Z,Price change,2026-08-21T00:00:00.000Z,Price change,2026-08-19T00:00:00.000Z,Price change,2026-08-17T00:00:00.000Z,Price change,2026-08-15T00:00:00.000Z,Price change,2026-08-14T00:00:00.000Z,Price change,2026-08-12T00:00:00.000Z,Price change,2026-08-10T00:00:00.000Z,Price change,2026-08-09T00:00:00.000Z,Listed for rent,,,,,,
"4242 Lost Bay Dr #4242, Orange Beach, AL 36561",4242 Lost Bay Dr #4242,Orange Beach,AL,36561,,forRent,3,1437,,3250,3,https://www.zillow.com/homedetails/4242-Lost-Bay-Dr-4242-Orange-Beach-AL-36561/464334412_zpid/,,,2026-09-14T00:00:00.000Z,Listed for rent,2026-09-05T00:00:00.000Z,Listing removed,2026-08-04T00:00:00.000Z,Listed for rent,,,,,,,,,,,,,,,,,,,,,,,,,,,,,,,,,,,,,,,,,,,,,,,,,,
"4246 Lost Bay Dr #Id1541223p, Orange Beach, AL 36561",4246 Lost Bay Dr #Id1541223p,Orange Beach,AL,36561,,forRent,3,1797,,2502,58,https://www.zillow.com/homedetails/4246-Lost-Bay-Dr-ID1541223P-Orange-Beach-AL-36561/462641751_zpid/,,,2026-09-17T00:00:00.000Z,Price change,2026-09-16T00:00:00.000Z,Price change,2026-09-15T00:00:00.000Z,Price change,2026-09-14T00:00:00.000Z,Price change,2026-09-12T00:00:00.000Z,Price change,2026-09-10T00:00:00.000Z,Price change,2026-09-08T00:00:00.000Z,Price change,2026-09-07T00:00:00.000Z,Price change,2026-09-05T00:00:00.000Z,Price change,2026-09-02T00:00:00.000Z,Price change,2026-08-30T00:00:00.000Z,Price change,2026-08-29T00:00:00.000Z,Price change,2026-08-28T00:00:00.000Z,Price change,2026-08-26T00:00:00.000Z,Price change,2026-08-25T00:00:00.000Z,Price change,2026-08-24T00:00:00.000Z,Price change,2026-08-22T00:00:00.000Z,Price change,2026-08-21T00:00:00.000Z,Price change,2026-08-19T00:00:00.000Z,Price change,2026-08-17T00:00:00.000Z,Price change,2026-08-15T00:00:00.000Z,Price change,2026-08-14T00:00:00.000Z,Price change,2026-08-12T00:00:00.000Z,Price change,2026-08-10T00:00:00.000Z,Price change,2026-08-09T00:00:00.000Z,Listed for rent,,,,,,
"24759 Raynagua Blvd, Loxley, AL 36551",24759 Raynagua Blvd,Loxley,AL,36551,,forRent,4,2142,,2090,13,https://www.zillow.com/homedetails/24759-Raynagua-Blvd-Loxley-AL-36551/463510991_zpid/,,,2026-09-04T00:00:00.000Z,Listed for rent,2026-08-14T00:00:00.000Z,Listing removed,2026-07-25T00:00:00.000Z,Price change,2026-06-27T00:00:00.000Z,Listed for sale,,,,,,,,,,,,,,,,,,,,,,,,,,,,,,,,,,,,,,,,,,,,,,,,
"4246 Lost Bay Dr #Id1541221p, Orange Beach, AL 36561",4246 Lost Bay Dr #Id1541221p,Orange Beach,AL,36561,,forRent,3,1797,,2556,47,https://www.zillow.com/homedetails/4246-Lost-Bay-Dr-ID1541221P-Orange-Beach-AL-36561/462641758_zpid/,,,2026-09-17T00:00:00.000Z,Price change,2026-09-15T00:00:00.000Z,Price change,2026-09-13T00:00:00.000Z,Price change,2026-09-12T00:00:00.000Z,Price change,2026-09-10T00:00:00.000Z,Price change,2026-09-08T00:00:00.000Z,Price change,2026-09-06T00:00:00.000Z,Price change,2026-09-04T00:00:00.000Z,Price change,2026-09-02T00:00:00.000Z,Price change,2026-09-01T00:00:00.000Z,Price change,2026-08-30T00:00:00.000Z,Price change,2026-08-28T00:00:00.000Z,Price change,2026-08-26T00:00:00.000Z,Price change,2026-08-25T00:00:00.000Z,Price change,2026-08-24T00:00:00.000Z,Price change,2026-08-22T00:00:00.000Z,Price change,2026-08-21T00:00:00.000Z,Price change,2026-08-19T00:00:00.000Z,Price change,2026-08-17T00:00:00.000Z,Price change,2026-08-15T00:00:00.000Z,Price change,2026-08-14T00:00:00.000Z,Price change,2026-08-12T00:00:00.000Z,Price change,2026-08-10T00:00:00.000Z,Price change,2026-08-09T00:00:00.000Z,Price change,2026-08-06T00:00:00.000Z,Listed for rent,,,,,,
