"Picture Count","Status","List Price","Price","Subdivision","Address","Apx SQFT","Beds","Full Baths","Apx ACR","Input Date","Price Date","Price Per SQFT","Closed Date"
"30","SLD","$152,900","$150,000","BELLINGRATH","104 Jasmine Court","869","2","2","0.13","10/28/2025 1:25 PM","4/14/2026","$172.61","4/13/2026"
"32","SLD","$154,570","$154,570","TERRENCE COVE","107 Terrence Drive","869","2","2","0.15","6/12/2025 11:45 AM","12/30/2025","$177.87","1/29/2026"
"30","SLD","$154,638","$154,638","SOUTH HAVEN ESTATES PHASE 1","514 N Harding Street","800","2","1","0.10","6/17/2025 2:49 PM","10/2/2025","$193.30","12/18/2025"
"30","SLD","$156,819","$155,800","SOUTH HAVEN ESTATES PHASE 1","510 N Harding Street","869","2","2","0.20","6/17/2025 2:30 PM","12/2/2025","$179.29","12/1/2025"
"31","SLD","$158,895","$157,500","TERRENCE COVE","115 Terrence Drive","800","2","1","0.15","8/1/2025 11:48 AM","12/17/2025","$196.88","12/17/2025"
"29","SLD","$159,575","$159,575","BELLINGRATH","107 Jasmine Court","1051","3","2","0.30","10/28/2025 1:42 PM","4/2/2026","$151.83","5/15/2026"
"29","SLD","$162,970","$162,500","TERRENCE COVE","105 Terrence Drive","800","2","1","0.15","6/12/2025 11:52 AM","12/19/2025","$203.13","12/19/2025"
"30","WITH","$162,850","$162,850","HILL FARM","88 Farmhouse Circle","800","2","1","0.17","7/1/2025 1:04 PM","10/20/2025","$203.56",
"32","SLD","$163,120","$163,120","PARKWAY MEADOWS","6017 Discovery Trail","869","2","2","0.15","4/10/2025 3:43 PM","6/26/2025","$187.71","8/18/2025"
"30","SLD","$164,900","$164,900","WHITE OAK CROSSING","8209 Fitzgerald Lane","1114","2","2","0.10","3/19/2025 1:14 PM","8/25/2025","$148.03","10/6/2025"
"30","SLD","$176,675","$166,675","WHITE OAK CROSSING","8305 Fitzgerald Lane","1217","3","2","0.10","3/19/2025 12:45 PM","9/12/2025","$136.96","9/11/2025"
"29","SLD","$169,900","$166,900","SOUTH HAVEN ESTATES PHASE 1","1302 Maple Street","1051","3","2","0.22","6/17/2025 3:31 PM","10/30/2025","$158.80","10/28/2025"
"30","SLD","$168,750","$167,000","DEERFIELD ESTATES","46 Remington Lane","1051","3","2","0.15","12/2/2025 2:51 PM","7/23/2026","$158.90","7/22/2026"
"30","SLD","$162,250","$167,250","STAGECOACH MEADOWS","270 Sarah Alyse Lane","869","2","2","0.15","11/12/2025 1:47 PM","1/30/2026","$192.46","1/30/2026"
"30","SLD","$168,385","$168,385","PARKWAY MEADOWS","3136 Emerald Park Trail","1217","3","2","0.15","4/29/2025 1:41 PM","6/26/2025","$138.36","8/8/2025"
"30","SLD","$168,575","$168,575","HILL FARM","72 Farmhouse Circle","1243","3","2","0.17","11/18/2025 1:59 PM","1/20/2026","$135.62","2/25/2026"
"1","SLD","$168,800","$168,800","HILL FARM","91 Farmhouse Circle","869","2","2","0.16","3/10/2025 5:05 PM","5/23/2025","$194.25","7/25/2025"
"9","SLD","$169,900","$168,850","SOUTH HAVEN ESTATES PHASE 1","1296 Maple Street","1143","3","2","0.21","6/17/2025 1:27 PM","9/30/2025","$147.73","9/26/2025"
"31","SLD","$169,045","$169,045","THE GROVE AT CENTENNIAL VALLEY","6089 Croft Avenue","869","2","2","0.15","6/13/2025 12:15 PM","8/8/2025","$194.53","10/17/2025"
"32","SLD","$169,360","$169,360","DEERFIELD ESTATES","27 Doe Run Drive","1249","3","2","0.19","1/31/2025 5:44 PM","9/5/2025","$135.60","11/7/2025"
"1","SLD","$169,675","$169,675","COUNTRY CLUB OF ARK THE","10228 Marilyn Drive","869","2","2","0.12","4/11/2025 3:24 PM","7/25/2025","$195.25","8/21/2025"
"30","SLD","$169,850","$169,900","SPRINGLAKE TRAILS","12240 Duck Creek Drive","1051","3","2","0.17","7/9/2025 12:34 PM","1/30/2026","$161.66","1/29/2026"
"12","SLD","$169,900","$169,900","SOUTH HAVEN ESTATES PHASE 1","1298 Maple Street","1051","3","2","0.21","6/17/2025 3:35 PM","8/25/2025","$161.66","10/15/2025"
"1","SLD","$172,375","$170,000","DEERFIELD ESTATES","34 Ten Point Lane","1243","3","2","0.23","6/30/2025 3:19 PM","9/26/2025","$136.77","9/25/2025"
"30","SLD","$170,550","$170,550","HILL FARM","73 Farmhouse Circle","1243","3","2","0.16","11/18/2025 1:57 PM","1/20/2026","$137.21","3/3/2026"
"33","SLD","$171,900","$171,900","South Fork","227 Baldwin Drive","1143","3","2","0.17","12/17/2024 10:29 PM","2/28/2025","$150.39","3/28/2025"
"2","SBL","$172,000","$172,000","STAGECOACH MEADOWS","210 Leruss Boulevard","1012","3","2","0.14","4/22/2025 8:51 AM","4/22/2025","$169.96","4/18/2025"
"8","SLD","$176,885","$172,000","South Fork","201 Baldwin Drive","1143","3","2","0.15","3/3/2025 4:01 PM","7/15/2025","$150.48","7/11/2025"
"1","SLD","$180,205","$172,000","DEERFIELD ESTATES","41 Ten Point Lane","1355","3","2","0.21","7/28/2025 10:19 AM","9/22/2025","$126.94","9/19/2025"
"30","SLD","$172,900","$172,900","South Fork","231 Baldwin Drive","1243","3","2","0.17","11/17/2024 10:15 PM","2/7/2025","$139.10","6/17/2025"
"30","SLD","$171,900","$172,900","DEERFIELD ESTATES","43 Ten Point Lane","1051","3","2","0.22","8/22/2025 10:39 AM","12/11/2025","$164.51","12/11/2025"
"29","SLD","$173,150","$173,000","COUNTRY CLUB OF ARK THE","10620 Mason Drive","1051","3","2","0.10","12/31/2025 11:12 AM","4/3/2026","$164.61","4/2/2026"
"2","SLD","$186,200","$173,000","COUNTRY CLUB OF ARK THE","10801 Mason Drive","869","2","2","0.10","9/26/2025 3:46 PM","1/8/2026","$199.08","1/7/2026"
"32","SLD","$174,900","$173,000","TERRENCE COVE","102 Terrence Drive","1143","3","2","0.34","6/12/2025 12:21 PM","9/29/2025","$151.36","9/26/2025"
"31","SLD","$166,255","$173,000","WHITE OAK CROSSING","8201 Stacey Lane","1114","2","2","0.11","6/16/2025 2:05 PM","9/22/2025","$155.30","9/17/2025"
"11","SLD","$173,435","$173,435","South Fork","210 Baldwin Drive","1143","3","2","0.17","12/18/2024 1:51 PM","3/7/2025","$151.74","4/17/2025"
"30","SLD","$173,900","$173,900","DEERFIELD ESTATES","39 Remington Lane","1051","3","2","0.16","10/21/2025 4:15 PM","12/9/2025","$165.46","1/20/2026"
"1","SLD","$175,550","$174,000","STAGECOACH MEADOWS","130 Maddison Rachael","1248","3","2","0.14","1/29/2026 1:53 PM","4/23/2026","$139.42","4/20/2026"
"30","SLD","$168,800","$174,800","HILL FARM","79 Farmhouse Circle","1243","3","2","0.16","9/24/2025 10:52 AM","3/2/2026","$140.63","2/26/2026"
"32","SLD","$174,900","$174,900","STAGECOACH MEADOWS","45 Sarah Alyse Lane","1362","3","2","0.15","4/17/2025 5:22 PM","7/24/2025","$128.41","8/25/2025"
"1","SLD","$175,900","$174,900","THE MEADOWS","6081 Discovery Trail","1248","3","2","0.16","12/17/2024 10:14 PM","4/22/2025","$140.14","4/14/2025"
"30","SLD","$185,755","$174,900","TERRENCE COVE","101 Terrence Drive","1143","3","2","0.25","6/12/2025 12:26 PM","9/22/2025","$153.02","9/19/2025"
"1","SLD","$193,250","$175,000","TERRENCE COVE","161 Meadow Drive","1143","3","2","0.16","7/30/2025 3:44 PM","10/22/2025","$153.11","10/22/2025"
"9","SLD","$178,780","$175,000","STAGECOACH MEADOWS","230 Leruss Boulevard","1249","3","2","0.15","6/12/2025 9:07 AM","8/8/2025","$140.11","8/8/2025"
"1","SLD","$174,200","$175,200","DEERFIELD ESTATES","13 Ruger Cove","1143","3","2","0.15","12/2/2025 2:47 PM","3/6/2026","$153.28","3/5/2026"
"1","SLD","$177,600","$175,600","HILL FARM","63 Farmhouse Circle","1243","3","2","0.15","1/12/2026 1:47 PM","3/13/2026","$141.27","3/12/2026"
"1","SLD","$175,900","$175,900","WHITE OAK CROSSING","10900 Mason Drive","1217","3","2","0.10","7/2/2025 2:06 PM","8/11/2025","$144.54","10/17/2025"
"1","SLD","$179,270","$176,000","COUNTRY CLUB OF ARK THE","8025 Donna Drive","869","2","2","0.10","9/30/2025 3:43 PM","1/12/2026","$202.53","1/12/2026"
"31","SLD","$179,900","$176,000","THE MEADOWS","6041 Discovery Trail","1248","3","2","0.12","7/14/2025 1:55 PM","10/22/2025","$141.03","10/21/2025"
"13","SLD","$177,500","$176,500","South Fork","211 Baldwin Drive","1243","3","2","0.19","12/18/2024 1:43 PM","3/31/2025","$142.00","3/31/2025"
"30","SLD","$178,500","$176,500","HILL FARM","23 Hearthstone Trail","1143","3","2","0.17","3/10/2025 4:20 PM","6/23/2025","$154.42","6/20/2025"
"1","SLD","$179,050","$176,850","COUNTRY CLUB OF ARK THE","10608 Mason Drive","1051","3","2","0.10","2/5/2026 11:54 AM","5/4/2026","$168.27","4/29/2026"
"1","SLD","$189,275","$176,850","THE MEADOWS","7032 Potomac Trail","1051","3","2","0.14","10/21/2025 9:46 AM","2/5/2026","$168.27","2/3/2026"
"12","SLD","$179,811","$176,850","SOUTH HAVEN ESTATES PHASE 1","1300 Maple Street","1243","3","2","0.21","6/17/2025 2:22 PM","8/28/2025","$142.28","8/28/2025"
"15","SLD","$176,950","$176,950","DEERFIELD ESTATES","22 Buckshot Drive","1143","3","2","0.16","1/6/2026 1:24 PM","3/18/2026","$154.81","4/10/2026"
"1","SLD","$177,853","$177,000","HILL FARM","2 Barnwood Drive","1216","3","2","0.22","1/21/2026 10:58 AM","3/26/2026","$145.56","3/25/2026"
"1","SLD","$178,600","$177,600","HILL FARM","35 Hearthstone Trail","1243","3","2","0.22","1/21/2026 10:52 AM","3/30/2026","$142.88","3/27/2026"
"1","SBL","$177,700","$177,700","COUNTRY CLUB OF ARK THE","8108 Eastwood Creek Drive","1145","3","2","0.11","6/26/2026 10:28 AM","6/26/2026","$155.20","6/24/2026"
"30","SLD","$177,800","$177,800","HILL FARM","34 Hearthstone Trail","1355","3","2","0.16","11/18/2025 2:08 PM","2/3/2026","$131.22","5/15/2026"
"30","SLD","$177,900","$177,900","SPRINGLAKE TRAILS","13064 River Creek Lane","1209","3","2","0.16","11/24/2024 10:12 PM","2/7/2025","$147.15","3/27/2025"
"1","SLD","$179,925","$177,925","TERRACE MEADOWS","219 Terrace Drive","1355","3","2","0.15","12/18/2025 2:40 PM","2/18/2026","$131.31","2/13/2026"
"10","WITH","$178,825","$178,825","DEERFIELD ESTATES","43 Remington Lane","1243","3","2","0.19","10/21/2025 1:48 PM","12/15/2025","$143.87",
"15","SLD","$178,890","$178,890","SOUTH HAVEN ESTATES PHASE 1","1290 Maple Street","1216","3","2","0.22","6/17/2025 3:06 PM","8/8/2025","$147.11","9/19/2025"
"11","SLD","$177,900","$178,900","THE MEADOWS","3096 Emerald Park Trail","1216","3","2","0.16","12/17/2024 9:47 PM","3/7/2025","$147.12","3/7/2025"
"1","WITH","$178,900","$178,900","STAGECOACH MEADOWS","85 Sarah Alyse Lane","1459","4","2","0.14","6/12/2025 8:41 AM","7/24/2025","$122.62",
"29","SLD","$179,025","$179,025","WHITE OAK CROSSING","8204 Stacey Lane","1145","3","2","0.10","6/16/2025 2:37 PM","9/22/2025","$156.35","11/12/2025"
"1","SLD","$179,350","$179,350","HILL FARM","66 Farmhouse Circle","1243","3","2","0.16","1/12/2026 1:49 PM","2/3/2026","$144.29","3/6/2026"
"1","SLD","$179,495","$179,495","DEERFIELD ESTATES","35 Ten Point Lane","1243","3","2","0.17","6/9/2025 3:09 PM","7/23/2025","$144.40","9/25/2025"
"5","WITH","$179,495","$179,495","COUNTRY CLUB OF ARK THE","10429 Marilyn Drive","869","2","2","0.21","7/8/2025 10:41 AM","10/20/2025","$206.55",
"32","WITH","$179,735","$179,735","TERRENCE COVE","113 Terrence Drive","1355","3","2","0.15","7/30/2025 4:26 PM","9/22/2025","$132.65",
"1","WITH","$179,750","$179,750","TERRENCE COVE","167 Meadow Drive","1216","3","2","0.16","7/2/2025 10:15 AM","9/5/2025","$147.82",
"1","SLD","$179,825","$179,825","South Fork","239 Baldwin Drive","1143","3","2","0.13","3/28/2025 4:55 PM","4/17/2025","$157.33","5/30/2025"
"4","WITH","$179,825","$179,825","BELLINGRATH","109 Jasmine Court","1216","3","2","0.31","12/17/2025 10:37 AM","2/20/2026","$147.88",
"33","WITH","$179,860","$179,860","TERRENCE COVE","110 Terrence Drive","1355","3","2","0.16","7/30/2025 4:14 PM","9/22/2025","$132.74",
"30","SLD","$179,900","$179,900","SPRINGLAKE TRAILS","13056 River Creek Lane","1301","3","2","0.16","10/31/2024 8:51 PM","1/24/2025","$138.28","2/21/2025"
"28","SLD","$179,900","$179,900","SPRINGLAKE TRAILS","13097 River Creek Lane","1301","3","2","0.16","7/25/2024 6:55 PM","1/24/2025","$138.28","2/28/2025"
"1","SLD","$178,900","$179,900","STAGECOACH MEADOWS","75 Sarah Alyse Lane","1249","3","2","0.17","4/21/2025 1:38 PM","9/24/2025","$144.04","9/23/2025"
"31","SLD","$179,900","$179,900","SPRINGLAKE TRAILS","13016 River Creek Lane","1243","3","2","0.16","10/15/2024 12:33 AM","1/24/2025","$144.73","2/28/2025"
"11","SLD","$180,900","$179,900","STAGECOACH MEADOWS","85 Kyndall Lauren Lane","1249","3","2","0.17","12/27/2024 4:56 PM","4/22/2025","$144.04","4/21/2025"
"1","SLD","$179,960","$179,960","SOUTH HAVEN ESTATES PHASE 1","1288 Maple Street","1243","3","2","0.22","6/17/2025 2:17 PM","7/24/2025","$144.78","9/4/2025"
"11","SLD","$181,550","$180,000","HILL FARM","86 Farmhouse Circle","1243","3","2","0.17","7/1/2025 12:04 PM","11/21/2025","$144.81","11/21/2025"
"1","SLD","$180,622","$180,622","BELL VALLEY","1285 Crotale Street","800","2","1","0.14","5/15/2025 4:46 PM","5/15/2025","$225.78","7/25/2025"
"30","SLD","$181,350","$181,000","DEERFIELD ESTATES","13 Ten Point Lane","1143","3","2","0.21","2/26/2026 12:04 PM","5/21/2026","$158.36","5/21/2026"
"1","SLD","$182,550","$181,000","HILL FARM","24 Hearthstone Trail","1355","3","2","0.16","11/18/2025 2:06 PM","2/26/2026","$133.58","2/26/2026"
"30","SLD","$185,900","$181,000","SOUTHFORK RANCH S/D PH I","104 Powder River Drive","1301","3","2","0.18","4/9/2026 3:38 PM","7/16/2026","$139.12","7/15/2026"
"30","SLD","$181,425","$181,425","DEERFIELD ESTATES","14 Buckshot Drive","1243","3","2","0.16","1/21/2026 10:09 AM","4/29/2026","$145.96","5/28/2026"
"30","SLD","$181,900","$181,900","SPRINGLAKE TRAILS","13024 River Creek Lane","1355","3","2","0.16","10/15/2024 12:18 AM","2/7/2025","$134.24","3/28/2025"
"14","SLD","$182,209","$182,000","SOUTH HAVEN ESTATES PHASE 1","508 N Harding Street","1355","3","2","0.27","6/17/2025 1:36 PM","9/15/2025","$134.32","9/12/2025"
"1","SLD","$194,900","$182,000","STAGECOACH MEADOWS","40 Maddison Rachael","1373","3","2","0.14","1/12/2026 11:06 AM","2/26/2026","$132.56","2/23/2026"
"28","SLD","$179,900","$182,400","THE MEADOWS","1185 Santa Fe Trail","1301","3","2","0.16","12/17/2024 9:17 PM","3/28/2025","$140.20","3/24/2025"
"30","SLD","$184,720","$182,500","STAGECOACH MEADOWS","240 Leruss Boulevard","1249","3","2","0.14","8/4/2025 4:27 PM","12/17/2025","$146.12","12/16/2025"
"1","SLD","$182,870","$182,870","DEERFIELD ESTATES","11 Sig Cove","1355","3","2","0.24","6/9/2025 2:50 PM","7/23/2025","$134.96","9/19/2025"
"30","SLD","$182,885","$182,885","STAGECOACH MEADOWS","35 Kyndall Lauren Lane","1402","3","2","0.15","2/7/2025 3:19 PM","6/26/2025","$130.45","8/28/2025"
"32","SLD","$179,910","$183,000","DEERFIELD ESTATES","29 Doe Run Drive","1355","3","2","0.19","1/31/2025 5:37 PM","9/22/2025","$135.06","9/18/2025"
"1","SLD","$184,060","$183,000","STAGECOACH MEADOWS","35 Sarah Alyse Lane","1249","3","2","0.14","2/3/2025 4:35 PM","5/29/2025","$146.52","5/23/2025"
"31","SLD","$188,000","$183,000","THE MEADOWS","1233 Santa Fe Trail","1402","3","2","0.15","3/25/2025 5:56 PM","7/31/2025","$130.53","7/30/2025"
"8","SLD","$183,025","$183,025","HILL FARM","15 Hearthstone Trail","1243","3","2","0.17","2/20/2025 3:24 PM","4/17/2025","$147.24","5/19/2025"
"1","SLD","$183,200","$183,200","HILL FARM","3 Hearthstone Trail","1143","3","2","0.17","2/20/2025 3:19 PM","2/20/2025","$160.28","4/17/2025"
"30","SLD","$183,635","$183,635","THE MEADOWS","1225 Santa Fe Trail","1362","3","2","0.15","2/3/2025 2:38 PM","5/9/2025","$134.83","5/29/2025"
"29","SLD","$187,150","$183,825","SOUTHFORK RANCH S/D PH I","118 Powder River Drive","1301","3","2","0.18","3/10/2026 10:19 AM","7/24/2026","$141.30","7/24/2026"
"13","SLD","$182,275","$184,000","BELLINGRATH","101 Jasmine Court","1216","3","2","0.34","1/30/2026 11:43 AM","5/13/2026","$151.32","5/11/2026"
"1","SLD","$194,850","$184,000","STAGECOACH MEADOWS","15 Maddison Rachael","1459","4","2","0.19","3/10/2026 3:04 PM","4/30/2026","$126.11","4/30/2026"
"1","SLD","$193,575","$184,000","COUNTRY CLUB OF ARK THE","10808 Mason Drive","1051","3","2","0.10","10/30/2025 11:24 AM","12/24/2025","$175.07","12/23/2025"
"8","SLD","$185,630","$184,000","WHITE OAK CROSSING","11000 Mason Drive","1249","3","2","0.10","6/16/2025 2:30 PM","10/8/2025","$147.32","10/6/2025"
"1","SLD","$182,835","$184,000","OAK SPRINGS SUBDIVISION","15 Sunny Oak Trail","1301","3","2","0.15","11/24/2024 11:12 PM","1/31/2025","$141.43","1/31/2025"
"32","SLD","$184,010","$184,010","South Fork","207 Baldwin Drive","1355","3","2","0.15","2/4/2025 6:27 PM","5/23/2025","$135.80","7/10/2025"
"9","SLD","$184,075","$184,075","STAGECOACH MEADOWS","120 Maddison Rachael","1373","3","2","0.14","12/18/2025 1:39 PM","2/27/2026","$134.07","3/27/2026"
"32","SLD","$184,300","$184,300","THE MEADOWS","3137 Emerald Park Trail","1248","3","2","0.16","6/19/2024 9:35 AM","12/27/2024","$147.68","1/28/2025"
"1","SLD","$184,375","$184,375","STAGECOACH MEADOWS","80 Maddison Rachael","1373","3","2","0.14","12/18/2025 12:13 PM","2/11/2026","$134.29","4/2/2026"
"11","SLD","$184,900","$184,425","South Fork","228 Baldwin Drive","1355","3","2","0.17","11/17/2024 10:48 PM","2/14/2025","$136.11","2/14/2025"
"31","SLD","$184,475","$184,475","WHITE OAK CROSSING","8208 Fitzgerald Lane","1114","2","2","0.10","3/28/2025 12:37 PM","6/26/2025","$165.60","7/30/2025"
"30","SLD","$184,550","$184,550","HILL FARM","71 Farmhouse Circle","1470","4","2","0.15","12/17/2025 12:28 PM","2/11/2026","$125.54","3/20/2026"
"1","SLD","$184,575","$184,575","DEERFIELD ESTATES","20 Buckshot Drive","1243","3","2","0.16","1/6/2026 1:28 PM","2/11/2026","$148.49","3/27/2026"
"30","SLD","$184,900","$184,900","SOUTHFORK RANCH S/D PH I","105 Powder River Drive","1288","3","2","0.18","1/5/2026 2:57 PM","2/12/2026","$143.56","3/26/2026"
"15","WITH","$184,900","$184,900","SOUTHFORK RANCH S/D PH I","111 Powder River Drive","1301","3","2","0.18","1/5/2026 2:42 PM","2/11/2026","$142.12",
"7","SLD","$184,900","$184,900","THE MEADOWS","1193 Santa Fe Trail","1355","3","2","0.16","12/17/2024 9:26 PM","1/24/2025","$136.46","2/20/2025"
"28","SLD","$184,900","$184,900","THE MEADOWS","3153 Emerald Park Trail","1402","3","2","0.16","12/17/2024 9:58 PM","1/24/2025","$131.88","2/28/2025"
"30","SLD","$184,900","$184,900","STAGECOACH MEADOWS","105 Kyndall Lauren Lane","1362","3","2","0.17","12/27/2024 5:29 PM","3/19/2025","$135.76","4/29/2025"
"1","WITH","$184,900","$184,900","DEERFIELD ESTATES","15 Ten Point Lane","1355","3","2","0.21","8/22/2025 10:31 AM","8/22/2025","$136.46",
"30","SLD","$184,925","$184,925","HILL FARM","67 Farmhouse Circle","1439","4","2","0.15","11/18/2025 2:31 PM","2/3/2026","$128.51","3/10/2026"
"30","SLD","$187,075","$185,000","THE MEADOWS","3145 Emerald Park Trail","1496","4","2","0.16","8/3/2024 7:57 PM","1/31/2025","$123.66","1/31/2025"
"30","SLD","$185,900","$185,000","SOUTHFORK RANCH S/D PH I","121 Powder River Drive","1288","3","2","0.18","1/5/2026 2:54 PM","6/16/2026","$143.63","6/15/2026"
"1","SLD","$189,930","$185,000","DEERFIELD ESTATES","37 Ten Point Lane","1470","4","2","0.14","7/28/2025 10:12 AM","9/30/2025","$125.85","9/30/2025"
"33","SLD","$189,780","$185,000","TERRENCE COVE","103 Terrence Drive","1470","4","2","0.15","6/12/2025 12:02 PM","10/31/2025","$125.85","10/29/2025"
"30","SLD","$184,600","$185,000","BELLINGRATH","141 Jasmine Court","1243","3","2","0.28","12/2/2025 1:42 PM","3/2/2026","$148.83","2/27/2026"
"33","SLD","$189,900","$185,000","DEERFIELD ESTATES","10 Sig Cove","1470","4","2","0.22","3/11/2025 9:17 AM","9/30/2025","$125.85","9/30/2025"
"32","SLD","$189,400","$185,000","TERRENCE COVE","106 Terrence Drive","1439","4","2","0.22","7/30/2025 3:22 PM","10/31/2025","$128.56","10/29/2025"
"32","SLD","$189,325","$185,000","TERRENCE COVE","111 Terrence Drive","1470","4","2","0.15","7/30/2025 3:33 PM","10/31/2025","$125.85","10/29/2025"
"1","SLD","$186,900","$185,000","STAGECOACH MEADOWS","20 Nona Ruth Lane","1248","3","2","0.14","3/18/2026 1:18 PM","5/22/2026","$148.24","5/21/2026"
"1","SLD","$185,000","$185,000","OAK SPRINGS SUBDIVISION","10 Fallen Oak Drive","1209","3","2","0.14","3/18/2025 9:04 AM","3/18/2025","$153.02","6/20/2025"
"1","SLD","$185,070","$185,070","WHITE OAK CROSSING","10920 Mason Drive","1249","3","2","0.10","6/16/2025 1:59 PM","8/11/2025","$148.17","8/25/2025"
"32","SLD","$185,125","$185,125","HILL FARM","43 Farmhouse Circle","1470","4","2","0.15","9/11/2024 12:30 PM","12/27/2024","$125.94","2/5/2025"
"1","SLD","$185,300","$185,300","TRAMMEL ESTATES","6686 Leatherwood Loop","1143","3","2","0.15","1/19/2025 7:40 PM","1/19/2025","$162.12","1/29/2025"
"30","SLD","$184,435","$185,435","DEERFIELD ESTATES","28 Doe Run Drive","1425","3","2","0.18","3/11/2025 10:27 AM","9/11/2025","$130.13","9/10/2025"
"10","SLD","$186,935","$186,000","THE MEADOWS","6073 Discovery Trail","1362","3","2","0.16","1/12/2025 10:48 PM","5/21/2025","$136.56","5/19/2025"
"12","SLD","$187,900","$186,000","STAGECOACH MEADOWS","80 Kyndall Lauren Lane","1340","3","2","0.17","12/17/2024 11:38 PM","3/19/2025","$138.81","3/19/2025"
"1","SLD","$187,229","$186,000","SOUTH HAVEN ESTATES PHASE 1","506 N Harding Street","1470","4","2","0.19","6/17/2025 1:11 PM","9/2/2025","$126.53","8/29/2025"
"1","SLD","$188,425","$186,000","TRAMMEL ESTATES","6752 Watercrest Loop","1143","3","2","0.14","2/21/2025 4:31 PM","9/10/2025","$162.73","9/9/2025"
"1","SLD","$186,720","$186,000","THE MEADOWS","1241 Santa Fe Trail","1216","3","2","0.15","4/10/2025 3:13 PM","7/22/2025","$152.96","7/18/2025"
"28","SLD","$179,585","$186,000","Metes & Bounds","21 Ten Point Lane","1301","3","2","0.20","2/26/2025 3:31 PM","8/1/2025","$142.97","7/31/2025"
"1","SLD","$187,775","$186,000","THE MEADOWS","1249 Santa Fe Trail","1301","3","2","0.15","4/10/2025 3:25 PM","6/16/2025","$142.97","6/13/2025"
"1","SLD","$191,125","$186,125","TRAMMEL ESTATES","6656 Watercrest Loop","1143","3","2","0.15","7/2/2025 1:30 PM","10/1/2025","$162.84","9/30/2025"
"1","SLD","$186,305","$186,305","THE MEADOWS","7041 Potomac Trail","1301","3","2","0.14","11/20/2025 1:20 PM","1/12/2026","$143.20","2/20/2026"
"1","SLD","$186,425","$186,425","STAGECOACH MEADOWS","90 Kyndall Lauren Lane","1249","3","2","0.17","12/17/2024 11:22 PM","12/27/2024","$149.26","2/11/2025"
"1","SLD","$186,450","$186,450","HILL FARM","36 Hearthstone Trail","1439","4","2","0.22","1/12/2026 1:53 PM","2/3/2026","$129.57","3/25/2026"
"33","SLD","$186,900","$186,900","South Fork","214 Baldwin Drive","1470","4","2","0.17","8/30/2024 9:24 AM","2/7/2025","$127.14","3/25/2025"
"11","SLD","$186,900","$186,900","THE GROVE AT CENTENNIAL VALLEY","1295 Meadows Drive","1243","3","2","0.16","12/14/2024 4:05 PM","1/30/2025","$150.36","2/27/2025"
"1","SLD","$196,450","$187,000","WHITE OAK CROSSING","10908 Mason Drive","1051","3","2","0.10","7/2/2025 2:23 PM","3/18/2026","$177.93","3/16/2026"
"1","SLD","$187,025","$187,000","HILL FARM","95 Farmhouse Circle","1243","3","2","0.17","3/18/2025 11:17 AM","5/25/2025","$150.44","5/22/2025"
"1","SLD","$192,223","$187,223","OAK SPRINGS SUBDIVISION","12 Bird House Way","1301","3","2","0.15","4/25/2025 2:30 PM","7/25/2025","$143.91","7/23/2025"
"1","SLD","$187,415","$187,415","HILL FARM","28 Hearthstone Trail","1243","3","2","0.16","11/18/2025 1:54 PM","11/24/2025","$150.78","1/16/2026"
"30","SLD","$191,900","$187,500","THE MEADOWS","7025 Potomac Trail","1248","3","2","0.14","2/3/2026 2:40 PM","5/22/2026","$150.24","5/21/2026"
"1","SLD","$189,800","$187,800","OAK SPRINGS SUBDIVISION","40 Sourdough Creek Lane","1216","3","2","0.14","9/5/2025 2:21 PM","12/24/2025","$154.44","12/22/2025"
"1","SLD","$187,825","$187,825","OAK SPRINGS SUBDIVISION","37 Sourdough Creek Lane","1216","3","2","0.17","9/5/2025 2:16 PM","9/5/2025","$154.46","1/22/2026"
"4","SLD","$187,900","$187,900","South Fork","213 Baldwin Drive","1640","4","2","0.19","12/17/2024 11:06 PM","2/7/2025","$114.57","3/4/2025"
"1","SLD","$188,000","$188,000","STAGECOACH MEADOWS","145 Sarah Alyse Lane","1340","3","2","0.14","7/14/2025 11:06 AM","7/24/2025","$140.30","9/19/2025"
"30","SLD","$188,650","$188,000","SOUTHFORK RANCH S/D PH I","110 Powder River Drive","1288","3","2","0.18","3/10/2026 9:52 AM","6/5/2026","$145.96","6/4/2026"
"1","SLD","$189,125","$188,000","STAGECOACH MEADOWS","210 Sarah Alyse Lane","1248","3","2","0.23","8/25/2025 11:30 AM","12/15/2025","$150.64","12/12/2025"
"1","SLD","$188,000","$188,000","THE MEADOWS","6009 Discovery Trail","1248","3","2","0.15","4/29/2025 2:52 PM","4/29/2025","$150.64","6/27/2025"
"1","SLD","$196,525","$188,125","WHITE OAK CROSSING","10709 Mason Drive","1114","2","2","0.10","10/30/2025 11:43 AM","1/30/2026","$168.87","1/30/2026"
"31","SLD","$188,360","$188,360","THE MEADOWS","3144 Emerald Park Trail","1402","3","2","0.15","6/13/2025 3:19 PM","6/26/2025","$134.35","8/18/2025"
"1","SLD","$188,450","$188,450","HILL FARM","74 Farmhouse Circle","1523","3","2","0.17","11/18/2025 2:48 PM","12/30/2025","$123.74","2/2/2026"
"30","WITH","$188,450","$188,450","SOUTHFORK RANCH S/D PH I","103 Powder River Drive","1496","4","2","0.18","1/5/2026 2:50 PM","2/3/2026","$125.97",
"10","WITH","$188,525","$188,525","STAGECOACH MEADOWS","250 Sarah Alyse Lane","1248","3","2","0.15","11/12/2025 1:55 PM","11/12/2025","$151.06",
"30","SLD","$184,000","$188,625","HILL FARM","68 Farmhouse Circle","1470","4","2","0.17","11/18/2025 2:14 PM","4/24/2026","$128.32","4/24/2026"
"26","SLD","$188,750","$188,750","BELL VALLEY","1305 Agogo Lane","1216","3","2","0.16","9/2/2024 4:59 PM","12/27/2024","$155.22","1/29/2025"
"10","SLD","$188,800","$188,800","THE MEADOWS","1201 Santa Fe Trail","1301","3","2","0.14","2/3/2025 2:13 PM","3/7/2025","$145.12","3/31/2025"
"1","SLD","$188,800","$188,800","OAK SPRINGS SUBDIVISION","13 Sourdough Creek Lane","1216","3","2","0.14","9/2/2025 3:12 PM","9/2/2025","$155.26","9/24/2025"
"30","ACT","$188,900","$188,900","THE GROVE AT CENTENNIAL VALLEY","6634 Hollywood Avenue","1051","3","2","0.15","1/23/2026 3:20 PM","6/25/2026","$179.73",
"30","SLD","$189,900","$188,900","SPRINGLAKE TRAILS","11153 River Valley Drive","1243","3","2","0.17","7/28/2025 1:16 PM","1/28/2026","$151.97","1/27/2026"
"29","SLD","$188,900","$188,900","HILL FARM","97 Farmhouse Circle","1355","3","2","0.17","3/18/2025 11:21 AM","6/26/2025","$139.41","7/31/2025"
"30","SLD","$202,075","$188,900","SOUTHFORK RANCH S/D PH I","125 Powder River Drive","1640","4","2","0.18","1/12/2026 2:58 PM","7/24/2026","$115.18","7/24/2026"
"1","SLD","$189,495","$189,000","THE GROVE AT CENTENNIAL VALLEY","6025 Croft Avenue","1243","3","2","0.14","2/25/2025 1:48 PM","7/10/2025","$152.05","7/2/2025"
"1","SLD","$190,234","$189,000","OAK SPRINGS SUBDIVISION","22 Sourdough Creek Lane","1216","3","2","0.14","7/28/2025 12:00 PM","10/17/2025","$155.43","10/16/2025"
"30","SLD","$189,380","$189,000","SPRINGLAKE TRAILS","11188 River Valley Drive","1243","3","2","0.18","6/11/2025 4:16 PM","9/29/2025","$152.05","9/26/2025"
"1","SLD","$187,210","$189,000","THE MEADOWS","3120 Emerald Park Trail","1248","3","2","0.15","2/3/2025 2:46 PM","4/30/2025","$151.44","4/30/2025"
"1","SLD","$189,000","$189,000","OAK SPRINGS SUBDIVISION","23 Sunny Oak Trail","1340","3","2","0.15","11/25/2024 7:23 AM","12/27/2024","$141.04","1/30/2025"
"30","SLD","$189,900","$189,000","South Fork","225 Baldwin Drive","1523","3","2","0.18","12/17/2024 10:58 PM","6/16/2025","$124.10","6/13/2025"
"1","SLD","$189,050","$189,050","SPRINGLAKE TRAILS","15072 Thompson Branch Trail","1243","3","2","0.17","1/6/2026 4:42 PM","2/27/2026","$152.09","5/8/2026"
"2","SLD","$189,325","$189,050","OAK SPRINGS SUBDIVISION","15 Fallen Oak Drive","1243","3","2","0.17","1/28/2025 3:37 PM","5/16/2025","$152.09","5/13/2025"
"1","SLD","$189,110","$189,110","TRAMMEL ESTATES","6663 Leatherwood Loop","1243","3","2","0.15","11/18/2024 12:02 AM","11/18/2024","$152.14","1/29/2025"
"1","SLD","$189,205","$189,205","DEERFIELD ESTATES","15 Ruger Cove","1355","3","2","0.27","12/2/2025 2:32 PM","12/15/2025","$139.63","2/26/2026"
"33","SLD","$189,275","$189,275","HILL FARM","5 Hearthstone Trail","1439","4","2","0.17","2/20/2025 3:30 PM","5/23/2025","$131.53","7/17/2025"
"32","SLD","$194,530","$189,280","STAGECOACH MEADOWS","115 Sarah Alyse Lane","1402","3","2","0.14","7/29/2025 12:26 PM","10/24/2025","$135.01","10/24/2025"
"1","SLD","$192,460","$189,310","STAGECOACH MEADOWS","90 Sarah Alyse Lane","1402","3","2","0.15","3/6/2025 10:42 AM","7/16/2025","$135.03","7/15/2025"
"33","SLD","$189,425","$189,425","HILL FARM","19 Hearthstone Trail","1470","4","2","0.17","2/20/2025 2:57 PM","7/23/2025","$128.86","8/29/2025"
"6","SLD","$193,900","$189,475","THE MEADOWS","7040 Potomac Trail","1248","3","2","0.13","11/20/2025 1:04 PM","3/26/2026","$151.82","3/25/2026"
"1","SLD","$201,505","$189,500","DEERFIELD ESTATES","45 Ten Point Lane","1470","4","2","0.17","6/30/2025 3:04 PM","10/31/2025","$128.91","10/29/2025"
"7","SLD","$189,535","$189,535","TRAMMEL ESTATES","6710 Leatherwood Loop","1243","3","2","0.15","12/12/2024 3:38 PM","12/12/2024","$152.48","2/27/2025"
"1","SLD","$189,625","$189,625","South Fork","241 Baldwin Drive","1355","3","2","0.11","3/28/2025 4:58 PM","5/9/2025","$139.94","6/23/2025"
"1","SLD","$189,635","$189,635","STAGECOACH MEADOWS","40 Sarah Alyse Lane","1402","3","2","0.15","3/6/2025 10:46 AM","5/24/2025","$135.26","6/30/2025"
"30","WITH","$189,650","$189,650","HILL FARM","31 Hearthstone Trail","1439","4","2","0.17","6/26/2025 11:03 AM","10/20/2025","$131.79",
"12","WITH","$189,725","$189,725","COUNTRY CLUB OF ARK THE","10428 Marilyn Drive","1114","2","2","0.12","7/8/2025 10:37 AM","10/20/2025","$170.31",
"1","SLD","$189,725","$189,725","OAK SPRINGS SUBDIVISION","33 Sunny Oak Trail","1301","3","2","0.15","1/19/2025 7:52 PM","1/19/2025","$145.83","1/31/2025"
"1","SLD","$189,790","$189,790","HILL FARM","80 Farmhouse Circle","1355","3","2","0.17","10/30/2025 9:56 AM","11/6/2025","$140.07","12/12/2025"
"29","SLD","$189,810","$189,810","DEERFIELD ESTATES","14 Sig Cove","1243","3","2","0.18","3/11/2025 10:37 AM","5/22/2025","$152.70","7/21/2025"
"31","WITH","$189,850","$189,850","HILL FARM","11 Hearthstone Trail","1355","3","2","0.17","2/20/2025 3:35 PM","10/20/2025","$140.11",
"6","WITH","$189,875","$189,875","COUNTRY CLUB OF ARK THE","8105 Donna Drive","1114","2","2","0.11","7/8/2025 10:21 AM","10/20/2025","$170.44",
"1","SLD","$189,880","$189,880","COUNTRY CLUB OF ARK THE","10408 Marilyn Drive","1249","3","2","0.12","7/30/2025 11:28 AM","9/5/2025","$152.03","11/20/2025"
"9","SLD","$192,900","$189,900","SPRINGLAKE TRAILS","11145 River Valley Drive","1355","3","2","0.17","7/28/2025 1:09 PM","9/29/2025","$140.15","9/26/2025"
"5","SLD","$189,900","$189,900","SPRINGLAKE TRAILS","11156 River Valley Drive","1243","3","2","0.17","7/28/2025 1:22 PM","8/25/2025","$152.78","11/10/2025"
"1","SLD","$189,900","$189,900","THE GROVE AT CENTENNIAL VALLEY","1289 Meadows Drive","1355","3","2","0.16","12/14/2024 4:22 PM","2/7/2025","$140.15","3/7/2025"
"8","ACT","$189,900","$189,900","SOUTHFORK RANCH S/D PH I","103 King Ranch Drive","1290","3","2","0.18","7/17/2026 12:34 PM","7/27/2026","$147.21",
"1","SLD","$189,900","$189,900","OAK SPRINGS SUBDIVISION","9 Fallen Oak Drive","1301","3","2","0.14","3/28/2025 3:28 PM","3/28/2025","$145.96","5/28/2025"
"31","ACT","$189,900","$189,900","STAGECOACH MEADOWS","25 Maddison Rachael","1248","3","2","0.14","3/10/2026 2:55 PM","7/24/2026","$152.16",
"30","SLD","$189,900","$189,900","TERRENCE COVE","152 Meadow Drive","1505","3","2","0.12","7/2/2025 11:11 AM","12/8/2025","$126.18","1/16/2026"
"1","SLD","$190,900","$189,900","STAGECOACH MEADOWS","65 Sarah Alyse Lane","1402","3","2","0.15","4/17/2025 5:30 PM","6/26/2025","$135.45","6/26/2025"
"1","SLD","$190,432","$189,952","OAK SPRINGS SUBDIVISION","6 Bird House Way","1209","3","2","0.14","4/1/2025 9:14 AM","7/22/2025","$157.11","7/18/2025"
"33","SLD","$189,955","$189,955","South Fork","215 Baldwin Drive","1470","4","2","0.17","10/15/2024 2:18 PM","5/23/2025","$129.22","7/14/2025"
"17","SLD","$189,990","$189,990","SOUTH HAVEN ESTATES PHASE 1","1294 Maple Street","1472","3","2","0.22","6/17/2025 2:39 PM","7/24/2025","$129.07","9/5/2025"
"1","SLD","$192,650","$190,000","TRAMMEL ESTATES","6649 Watercrest Loop","1143","3","2","0.13","7/30/2025 9:34 AM","9/30/2025","$166.23","9/29/2025"
"1","SLD","$190,950","$190,000","SPRINGLAKE TRAILS","15065 Thompson Branch Trail","1243","3","2","0.14","3/10/2026 11:54 AM","5/14/2026","$152.86","5/13/2026"
"11","SLD","$190,325","$190,000","THE MEADOWS","6057 Discovery Trail","1362","3","2","0.12","3/11/2025 1:44 PM","6/27/2025","$139.50","6/26/2025"
"1","SLD","$192,295","$190,000","STAGECOACH MEADOWS","105 Sarah Alyse Lane","1340","3","2","0.14","7/29/2025 12:06 PM","9/18/2025","$141.79","9/16/2025"
"10","SLD","$196,240","$190,000","TRAMMEL ESTATES","6736 Watercrest Loop","1243","3","2","0.14","6/16/2025 11:33 AM","9/26/2025","$152.86","9/24/2025"
"1","SLD","$190,020","$190,020","HILL FARM","76 Farmhouse Circle","1640","4","2","0.17","11/18/2025 2:35 PM","12/30/2025","$115.87","2/2/2026"
"1","SLD","$190,135","$190,135","TRAMMEL ESTATES","6582 Leatherwood Loop","1243","3","2","0.18","3/7/2025 10:04 AM","3/7/2025","$152.96","5/23/2025"
"30","SLD","$189,425","$190,425","TERRENCE COVE","157 Meadow Drive","1216","3","2","0.16","10/2/2025 4:37 PM","12/19/2025","$156.60","12/19/2025"
"1","SLD","$190,505","$190,505","STAGECOACH MEADOWS","110 Maddison Rachael","1402","3","2","0.14","12/18/2025 1:46 PM","1/6/2026","$135.88","3/25/2026"
"1","SLD","$190,900","$190,900","OAK SPRINGS SUBDIVISION","4 Fallen Oak Drive","1301","3","2","0.14","3/31/2025 4:34 PM","3/31/2025","$146.73","6/2/2025"
"1","SLD","$191,050","$191,000","SPRINGLAKE TRAILS","15033 Thompson Branch Trail","1355","3","2","0.10","3/10/2026 11:49 AM","4/30/2026","$140.96","4/30/2026"
"1","SLD","$194,500","$191,000","COUNTRY CLUB OF ARK THE","10417 Marilyn Drive","1362","3","2","0.12","7/2/2025 2:50 PM","10/2/2025","$140.23","10/1/2025"
"1","SLD","$191,725","$191,000","STAGECOACH MEADOWS","50 Maddison Rachael","1402","3","2","0.14","12/30/2025 4:50 PM","2/26/2026","$136.23","2/24/2026"
"1","SLD","$199,725","$191,000","THE MEADOWS","7088 Potomac Trail","1248","3","2","0.15","9/3/2025 3:32 PM","12/23/2025","$153.04","12/23/2025"
"1","SLD","$189,575","$191,125","TRAMMEL ESTATES","6557 Leatherwood Loop","1243","3","2","0.15","3/10/2025 3:29 PM","5/30/2025","$153.76","5/30/2025"
"1","SLD","$191,265","$191,265","TRAMMEL ESTATES","6745 Watercrest Loop","1143","3","2","0.14","8/4/2025 4:08 PM","8/4/2025","$167.34","8/15/2025"
"1","WITH","$191,350","$191,350","STAGECOACH MEADOWS","240 Sarah Alyse Lane","1373","3","2","0.15","8/25/2025 12:01 PM","9/22/2025","$139.37",
"4","WITH","$191,530","$191,530","BELLINGRATH","111 Jasmine Court","1446","3","2","0.45","12/17/2025 11:00 AM","2/20/2026","$132.46",
"1","SLD","$194,555","$191,555","STAGECOACH MEADOWS","85 Sarah Alyse Lane","1459","4","2","0.14","7/24/2025 2:28 PM","10/1/2025","$131.29","9/29/2025"
"30","SLD","$191,600","$191,600","DEERFIELD ESTATES","12 Buckshot Drive","1355","3","2","0.16","1/21/2026 10:21 AM","5/7/2026","$141.40","5/29/2026"
"1","SLD","$191,850","$191,850","BELL VALLEY","1276 Agogo Lane","1216","3","2","0.16","12/21/2024 7:07 AM","12/27/2024","$157.77","2/27/2025"
"10","SLD","$192,900","$191,900","SPRINGLAKE TRAILS","11172 River Valley Drive","1355","3","2","0.17","7/28/2025 1:12 PM","11/6/2025","$141.62","11/5/2025"
"31","ACT","$191,900","$191,900","STAGECOACH MEADOWS","85 Maddison Rachael","1248","3","2","0.14","4/29/2026 1:22 PM","7/24/2026","$153.77",
"31","UCT","$191,900","$191,900","COTTAGE WALK SUBDIVISION PHASE 1","1000 Raven Walk Drive","1051","3","2","0.11","4/24/2026 1:36 PM","7/20/2026","$182.59","8/27/2026"
"1","SLD","$192,925","$191,925","HILL FARM","78 Farmhouse Circle","1470","4","2","0.17","11/18/2025 2:16 PM","3/2/2026","$130.56","2/27/2026"
"1","SLD","$192,525","$192,000","HILL FARM","26 Hearthstone Trail","1640","4","2","0.16","12/17/2025 12:42 PM","1/23/2026","$117.07","1/22/2026"
"4","SLD","$194,835","$192,000","THE GROVE AT CENTENNIAL VALLEY","6041 Croft Avenue","1355","3","2","0.14","2/25/2025 1:03 PM","7/10/2025","$141.70","7/8/2025"
"8","SLD","$194,810","$192,000","SPRINGLAKE TRAILS","13096 River Creek Lane","1143","3","2","0.17","2/6/2025 11:55 AM","3/31/2025","$167.98","3/31/2025"
"1","SLD","$192,141","$192,141","SOUTH HAVEN ESTATES PHASE 1","1292 Maple Street","1470","4","2","0.23","6/17/2025 1:19 PM","6/26/2025","$130.71","8/8/2025"
"32","SLD","$194,275","$192,275","TERRENCE COVE","112 Terrence Drive","1523","3","2","0.16","8/1/2025 11:44 AM","10/15/2025","$126.25","10/15/2025"
"30","SLD","$192,425","$192,425","DEERFIELD ESTATES","17 Ten Point Lane","1470","4","2","0.19","2/26/2026 12:00 PM","5/7/2026","$130.90","6/12/2026"
"1","SLD","$194,225","$192,500","STAGECOACH MEADOWS","100 Maddison Rachael","1459","4","2","0.14","12/18/2025 1:43 PM","3/31/2026","$131.94","3/31/2026"
"13","SLD","$194,605","$192,605","STAGECOACH MEADOWS","155 Sarah Alyse Lane","1402","3","2","0.14","7/1/2025 4:50 PM","11/21/2025","$137.38","11/21/2025"
"29","SLD","$194,650","$192,650","DEERFIELD ESTATES","27 Ten Point Lane","1420","3","2","0.18","3/11/2025 9:58 AM","8/27/2025","$135.67","8/26/2025"
"30","SLD","$192,660","$192,660","THE MEADOWS","6065 Discovery Trail","1459","4","2","0.16","1/12/2025 10:32 PM","4/17/2025","$132.05","5/9/2025"
"1","SLD","$192,895","$192,895","THE MEADOWS","3128 Emerald Park Trail","1355","3","2","0.15","3/25/2025 6:12 PM","3/25/2025","$142.36","5/28/2025"
"30","SLD","$193,825","$193,000","DEERFIELD ESTATES","11 Ten Point Lane","1470","4","2","0.34","2/26/2026 11:56 AM","5/29/2026","$131.29","5/29/2026"
"29","SLD","$194,625","$193,000","DEERFIELD ESTATES","30 Doe Run Drive","1505","3","2","0.19","10/29/2025 1:12 PM","4/24/2026","$128.24","4/24/2026"
"11","SLD","$194,000","$193,000","STAGECOACH MEADOWS","115 Kyndall Lauren Lane","1355","3","2","0.17","12/27/2024 6:12 PM","3/17/2025","$142.44","3/14/2025"
"13","SLD","$193,860","$193,000","THE MEADOWS","6137 Discovery Trail","1402","3","2","0.16","10/14/2024 10:55 AM","1/22/2025","$137.66","1/22/2025"
"8","SLD","$195,850","$193,000","THE MEADOWS","3104 Emerald Park Trail","1362","3","2","0.15","2/3/2025 2:27 PM","4/28/2025","$141.70","4/25/2025"
"32","SLD","$194,660","$193,000","STAGECOACH MEADOWS","30 Sarah Alyse Lane","1459","4","2","0.15","2/3/2025 4:13 PM","6/30/2025","$132.28","6/27/2025"
"1","SLD","$194,375","$193,000","SPRINGLAKE TRAILS","11185 River Valley Drive","1355","3","2","0.17","7/9/2025 12:03 PM","10/6/2025","$142.44","10/3/2025"
"1","SLD","$194,050","$193,050","STAGECOACH MEADOWS","30 Nona Ruth Lane","1496","4","2","0.14","3/18/2026 1:15 PM","5/28/2026","$129.04","5/27/2026"
"30","SLD","$193,250","$193,250","HILL FARM","27 Hearthstone Trail","1470","4","2","0.17","9/2/2025 1:44 PM","10/10/2025","$131.46","10/27/2025"
"1","SLD","$193,342","$193,342","OAK SPRINGS SUBDIVISION","14 Sourdough Creek Lane","1301","3","2","0.14","7/1/2025 1:46 PM","8/8/2025","$148.61","10/30/2025"
"1","SLD","$194,400","$193,400","OAK SPRINGS SUBDIVISION","50 Sourdough Creek Lane","1301","3","2","0.15","9/24/2025 11:35 AM","1/23/2026","$148.65","1/22/2026"
"30","ACT","$193,400","$193,400","THE GROVE AT CENTENNIAL VALLEY","6688 Hollywood Avenue","1051","3","2","0.14","3/10/2026 1:51 PM","5/29/2026","$184.02",
"1","SLD","$193,500","$193,500","HILL FARM","25 Hearthstone Trail","1243","3","2","0.17","7/1/2025 11:53 AM","8/8/2025","$155.67","9/25/2025"
"1","SBL","$193,530","$193,530","COUNTRY CLUB OF ARK THE","10712 Mason Drive","1459","4","2","0.10","2/20/2026 4:51 PM","2/20/2026","$132.65","2/20/2026"
"1","SLD","$193,595","$193,595","THE MEADOWS","3152 Emerald Park Trail","1362","3","2","0.13","5/2/2025 3:48 PM","5/2/2025","$142.14","7/2/2025"
"32","SLD","$194,680","$193,680","SPRINGLAKE TRAILS","11102 River Valley Drive","1355","3","2","0.19","6/10/2025 3:19 PM","8/18/2025","$142.94","8/15/2025"
"32","SLD","$201,910","$193,800","STAGECOACH MEADOWS","70 Sarah Alyse Lane","1496","4","2","0.15","2/3/2025 3:33 PM","7/1/2025","$129.55","6/30/2025"
"1","SLD","$198,850","$193,850","BELLINGRATH","105 Jasmine Court","1633","3","2","0.33","1/30/2026 11:40 AM","3/31/2026","$118.71","3/31/2026"
"1","SLD","$193,870","$193,870","STAGECOACH MEADOWS","50 Sarah Alyse Lane","1355","3","2","0.15","3/14/2025 1:08 PM","4/17/2025","$143.08","7/16/2025"
"1","WITH","$193,975","$193,975","DEERFIELD ESTATES","42 Ten Point Lane","1143","3","2","0.23","7/1/2025 11:13 AM","8/7/2025","$169.71",
"30","SLD","$198,875","$194,000","SOUTHFORK RANCH S/D PH I","112 Powder River Drive","1640","4","2","0.18","4/9/2026 3:40 PM","7/24/2026","$118.29","7/24/2026"
"1","SLD","$194,000","$194,000","THE MEADOWS","7009 Potomac Trail","1248","3","2","0.14","2/3/2026 2:43 PM","4/16/2026","$155.45","4/10/2026"
"1","SLD","$199,075","$194,025","TRAMMEL ESTATES","6726 Leatherwood Loop","1243","3","2","0.15","8/25/2025 1:30 PM","11/14/2025","$156.09","11/14/2025"
"1","SLD","$194,080","$194,080","STAGECOACH MEADOWS","175 Sarah Alyse Lane","1249","3","2","0.14","7/2/2025 9:18 AM","7/2/2025","$155.39","11/14/2025"
"1","SLD","$199,125","$194,125","HILL FARM","81 Farmhouse Circle","1630","4","2","0.16","8/22/2025 11:39 AM","11/21/2025","$119.10","11/21/2025"
"1","SLD","$205,145","$194,145","THE GROVE AT CENTENNIAL VALLEY","1503 Meadows Drive","1243","3","2","0.14","6/13/2025 11:14 AM","7/23/2025","$156.19","7/18/2025"
"33","WITH","$194,200","$194,200","TERRENCE COVE","108 Terrence Drive","1613","4","2","0.16","7/30/2025 4:30 PM","9/22/2025","$120.40",
"1","WITH","$194,225","$194,225","TERRENCE COVE","154 Meadow Drive","1523","3","2","0.18","7/2/2025 10:08 AM","9/5/2025","$127.53",
"4","SLD","$195,395","$194,395","SPRINGLAKE TRAILS","11164 River Valley Drive","1496","4","2","0.17","6/11/2025 4:24 PM","9/10/2025","$129.94","9/10/2025"
"1","SLD","$194,425","$194,425","OAK SPRINGS SUBDIVISION","15 Sourdough Creek Lane","1301","3","2","0.14","6/26/2025 11:39 AM","6/26/2025","$149.44","10/15/2025"
"1","SLD","$194,435","$194,435","COUNTRY CLUB OF ARK THE","10417 Paul Eells Drive","1125","3","2","0.12","10/30/2025 12:24 PM","1/6/2026","$172.83","2/20/2026"
"1","SLD","$194,470","$194,470","South Fork","233 Baldwin Drive","1640","4","2","0.19","11/17/2024 11:05 PM","12/27/2024","$118.58","1/31/2025"
"11","SLD","$196,550","$194,500","THE MEADOWS","3112 Emerald Park Trail","1355","3","2","0.15","2/3/2025 2:51 PM","4/22/2025","$143.54","4/18/2025"
"2","SLD","$193,685","$194,500","OAK SPRINGS SUBDIVISION","19 Fallen Oak Drive","1243","3","2","0.17","2/7/2025 10:34 AM","4/21/2025","$156.48","4/16/2025"
"32","SLD","$194,505","$194,505","SPRINGLAKE TRAILS","11116 River Valley Drive","1470","4","2","0.11","6/10/2025 3:01 PM","7/24/2025","$132.32","8/28/2025"
"1","SLD","$194,525","$194,525","HILL FARM","93 Farmhouse Circle","1470","4","2","0.16","3/18/2025 11:11 AM","5/23/2025","$132.33","7/7/2025"
"1","SLD","$229,900","$194,575","TERRENCE COVE","223 Terrace Drive","1470","4","2","0.15","1/12/2026 10:53 AM","2/18/2026","$132.36","2/13/2026"
"9","WITH","$194,605","$194,605","DEERFIELD ESTATES","14 Ruger Cove","1470","4","2","0.13","12/2/2025 2:22 PM","2/11/2026","$132.38",
"4","WITH","$194,630","$194,630","STAGECOACH MEADOWS","250 Leruss Boulevard","1248","3","2","0.19","7/2/2025 8:41 AM","9/22/2025","$155.95",
"30","SLD","$191,650","$194,650","DEERFIELD ESTATES","18 Buckshot Drive","1355","3","2","0.16","1/21/2026 10:15 AM","5/29/2026","$143.65","5/28/2026"
"1","SLD","$194,685","$194,685","OAK SPRINGS SUBDIVISION","41 Sunny Oak Trail","1243","3","2","0.15","12/27/2024 2:08 PM","12/27/2024","$156.63","2/28/2025"
"32","SLD","$194,705","$194,705","SPRINGLAKE TRAILS","11094 River Valley Drive","1470","4","2","0.16","6/10/2025 3:11 PM","7/24/2025","$132.45","9/5/2025"
"1","SLD","$194,720","$194,720","HILL FARM","99 Farmhouse Circle","1355","3","2","0.19","4/11/2025 2:15 PM","5/23/2025","$143.70","7/7/2025"
"1","SLD","$194,805","$194,805","STAGECOACH MEADOWS","70 Maddison Rachael","1459","4","2","0.14","1/12/2026 11:02 AM","1/12/2026","$133.52","2/23/2026"
"30","ACT","$194,900","$194,900","THE MEADOWS","7001 Potomac Trail","1051","3","2","0.14","4/8/2026 12:07 PM","7/17/2026","$185.44",
"30","SLD","$194,900","$194,900","South Fork","205 Baldwin Drive","1523","3","2","0.15","3/3/2025 3:49 PM","4/17/2025","$127.97","6/2/2025"
"3","SLD","$194,900","$194,900","STAGECOACH MEADOWS","95 Kyndall Lauren Lane","1459","4","2","0.17","12/27/2024 5:10 PM","1/24/2025","$133.58","5/5/2025"
"1","SLD","$194,900","$194,900","OAK SPRINGS SUBDIVISION","27 Fallen Oak Drive","1426","3","2","0.15","12/27/2024 12:55 PM","1/24/2025","$136.68","4/10/2025"
"1","SLD","$199,375","$195,000","HILL FARM","85 Farmhouse Circle","1355","3","2","0.16","9/2/2025 2:07 PM","10/29/2025","$143.91","10/28/2025"
"7","SLD","$190,135","$195,000","STAGECOACH MEADOWS","25 Kyndall Lauren Lane","1362","3","2","0.15","2/7/2025 3:07 PM","6/4/2025","$143.17","6/3/2025"
"1","SLD","$196,900","$195,000","SPRINGLAKE TRAILS","15040 Thompson Branch Trail","1355","3","2","0.15","1/6/2026 4:06 PM","4/14/2026","$143.91","4/10/2026"
"1","SLD","$197,375","$195,000","TRAMMEL ESTATES","6624 Watercrest Loop","1243","3","2","0.14","7/9/2025 12:52 PM","12/31/2025","$156.88","12/29/2025"
"1","SLD","$197,285","$195,000","COUNTRY CLUB OF ARK THE","10401 Paul Eells Drive","1125","3","2","0.12","11/19/2025 3:12 PM","2/20/2026","$173.33","2/20/2026"
"1","SLD","$190,700","$195,000","STAGECOACH MEADOWS","140 Maddison Rachael","1496","4","2","0.14","1/29/2026 1:33 PM","4/22/2026","$130.35","4/20/2026"
"10","SLD","$200,900","$195,000","SPRINGLAKE TRAILS","11137 River Valley Drive","1470","4","2","0.17","7/28/2025 1:02 PM","9/8/2025","$132.65","9/5/2025"
"2","SLD","$195,285","$195,285","OAK SPRINGS SUBDIVISION","29 Sunny Oak Trail","1301","3","2","0.14","2/3/2025 11:27 AM","2/3/2025","$150.10","3/18/2025"
"1","SLD","$197,300","$195,300","STAGECOACH MEADOWS","30 Maddison Rachael","1699","4","2","0.14","11/19/2025 12:36 PM","2/27/2026","$114.95","2/25/2026"
"1","SLD","$200,355","$195,355","STAGECOACH MEADOWS","200 Sarah Alyse Lane","1459","4","2","0.15","8/25/2025 12:19 PM","12/15/2025","$133.90","12/12/2025"
"1","SLD","$195,390","$195,390","HILL FARM","75 Farmhouse Circle","1355","3","2","0.16","11/13/2025 2:32 PM","11/13/2025","$144.20","12/11/2025"
"31","SLD","$189,900","$195,400","SPRINGLAKE TRAILS","11129 River Valley Drive","1243","3","2","0.19","4/11/2025 1:33 PM","7/25/2025","$157.20","7/24/2025"
"1","SLD","$195,700","$195,700","TRAMMEL ESTATES","6670 Leatherwood Loop","1355","3","2","0.15","1/19/2025 7:28 PM","1/19/2025","$144.43","1/24/2025"
"1","SLD","$193,710","$195,710","Metes & Bounds","39 Ten Point Lane","1523","3","2","0.21","7/28/2025 10:24 AM","10/13/2025","$128.50","10/10/2025"
"1","SLD","$194,600","$195,875","STAGECOACH MEADOWS","160 Maddison Rachael","1459","4","2","0.14","1/29/2026 1:28 PM","4/24/2026","$134.25","4/22/2026"
"1","SLD","$194,900","$195,900","DEERFIELD ESTATES","13 Sig Cove","1633","3","2","0.12","6/9/2025 3:19 PM","9/29/2025","$119.96","9/25/2025"
"11","SLD","$194,000","$196,000","HILL FARM","69 Farmhouse Circle","1523","3","2","0.15","12/17/2025 12:50 PM","2/12/2026","$128.69","2/11/2026"
"30","SLD","$199,850","$196,000","THE MEADOWS","7017 Potomac Trail","1373","3","2","0.14","2/3/2026 2:46 PM","4/30/2026","$142.75","4/29/2026"
"1","SLD","$197,900","$196,000","STAGECOACH MEADOWS","60 Nona Ruth Lane","1402","3","2","0.14","4/8/2026 11:00 AM","7/20/2026","$139.80","7/17/2026"
"1","SLD","$196,065","$196,065","STAGECOACH MEADOWS","125 Sarah Alyse Lane","1459","4","2","0.14","7/29/2025 12:12 PM","8/8/2025","$134.38","9/10/2025"
"1","WITH","$196,075","$196,075","DEERFIELD ESTATES","44 Ten Point Lane","1243","3","2","0.18","6/30/2025 3:14 PM","8/7/2025","$157.74",
"1","SLD","$197,975","$196,150","BELLINGRATH","103 Jasmine Court","1640","4","2","0.33","1/30/2026 10:44 AM","4/17/2026","$119.60","4/17/2026"
"2","SLD","$197,285","$196,285","OAK SPRINGS SUBDIVISION","20 Fallen Oak Drive","1243","3","2","0.17","3/6/2025 10:01 AM","5/29/2025","$157.91","5/8/2025"
"1","SLD","$196,285","$196,285","COUNTRY CLUB OF ARK THE","10301 Paul Eells Drive","1125","3","2","0.12","3/25/2026 3:38 PM","3/25/2026","$174.48","3/25/2026"
"33","SLD","$199,610","$196,300","DEERFIELD ESTATES","23 Ten Point Lane","1470","4","2","0.18","2/26/2025 3:15 PM","7/11/2025","$133.54","7/10/2025"
"2","ACT","$196,400","$196,400","THE GROVE AT CENTENNIAL VALLEY","6696 Hollywood Avenue","1051","3","2","0.19","7/23/2026 12:38 PM","7/24/2026","$186.87",
"1","WITH","$196,580","$196,580","STAGECOACH MEADOWS","300 Sarah Alyse Lane","1459","4","2","0.15","10/2/2025 4:25 PM","10/28/2025","$134.74",
"1","SLD","$196,680","$196,680","THE MEADOWS","7057 Potomac Trail","1373","3","2","0.15","11/20/2025 1:08 PM","1/12/2026","$143.25","3/9/2026"
"30","WITH","$196,800","$196,800","HILL FARM","33 Hearthstone Trail","1523","3","2","0.17","7/1/2025 12:42 PM","10/20/2025","$129.22",
"32","SLD","$197,900","$196,900","COUNTRY CLUB OF ARK THE","8208 Eastwood Creek Drive","1249","3","2","0.12","12/18/2024 8:04 PM","5/29/2025","$157.65","5/27/2025"
"32","SLD","$199,550","$197,000","SPRINGLAKE TRAILS","13080 River Creek Lane","1355","3","2","0.17","3/3/2025 3:16 PM","6/16/2025","$145.39","6/13/2025"
"30","SLD","$198,700","$197,000","SPRINGLAKE TRAILS","15056 Thompson Branch Trail","1446","3","2","0.18","1/6/2026 4:39 PM","4/29/2026","$136.24","4/29/2026"
"26","SLD","$198,350","$197,000","Metes & Bounds","18 Sig Cove","1633","3","2","0.42","4/11/2025 5:28 PM","7/31/2025","$120.64","7/30/2025"
"1","SLD","$199,125","$197,125","TRAMMEL ESTATES","6648 Watercrest Loop","1355","3","2","0.15","7/2/2025 1:05 PM","12/22/2025","$145.48","12/19/2025"
"30","WITH","$197,425","$197,425","HILL FARM","82 Farmhouse Circle","1439","4","2","0.17","7/1/2025 12:21 PM","10/20/2025","$137.20",
"1","SLD","$197,460","$197,460","DEERFIELD ESTATES","17 Sig Cove","1523","3","2","0.23","6/9/2025 3:46 PM","7/23/2025","$129.65","8/22/2025"
"1","WITH","$197,525","$197,525","STAGECOACH MEADOWS","310 Sarah Alyse Lane","1402","3","2","0.15","11/12/2025 2:21 PM","11/12/2025","$140.89",
"1","SLD","$197,550","$197,550","SPRINGLAKE TRAILS","15001 Thompson Branch Trail","1243","3","2","0.23","3/10/2026 11:56 AM","4/8/2026","$158.93","5/22/2026"
"8","WITH","$197,625","$197,625","STAGECOACH MEADOWS","290 Sarah Alyse Lane","1496","4","2","0.15","9/24/2025 2:16 PM","10/2/2025","$132.10",
"1","SLD","$197,650","$197,650","THE MEADOWS","7048 Potomac Trail","1442","3","2","0.14","11/20/2025 1:31 PM","1/12/2026","$137.07","3/5/2026"
"30","WITH","$197,680","$197,680","BELLINGRATH","145 Jasmine Court","1633","3","2","0.35","12/2/2025 1:50 PM","2/20/2026","$121.05",
"1","WITH","$197,700","$197,700","STAGECOACH MEADOWS","190 Sarah Alyse Lane","1402","3","2","0.15","7/2/2025 8:30 AM","9/22/2025","$141.01",
"1","SBL","$197,710","$197,710","THE MEADOWS","6033 Discovery Trail","1459","4","2","0.12","7/7/2025 10:40 AM","7/7/2025","$135.51","6/30/2025"
"1","SBL","$197,855","$197,855","TRAMMEL ESTATES","6737 Watercrest Loop","1243","3","2","0.14","7/31/2025 3:11 PM","7/31/2025","$159.18","7/30/2025"
"1","SLD","$197,900","$197,900","South Fork","237 Baldwin Drive","1523","3","2","0.13","3/28/2025 5:01 PM","4/17/2025","$129.94","5/29/2025"
"6","WITH","$197,900","$197,900","BELLINGRATH","133 Jasmine Court","1243","3","2","0.21","11/5/2025 12:52 PM","11/5/2025","$159.21",
"35","SLD","$197,900","$197,900","SPRINGLAKE TRAILS","11089 River Valley Drive","1613","4","2","0.18","3/26/2025 1:53 PM","7/24/2025","$122.69","8/28/2025"
"7","UCT","$197,900","$197,900","SOUTHFORK RANCH S/D PH I","100 Powder River Drive","1496","4","2","0.20","6/18/2026 1:09 PM","7/9/2026","$132.29",
"1","SLD","$198,000","$198,000","COUNTRY CLUB OF ARK THE","10313 Paul Eells Drive","1125","3","2","0.12","2/12/2026 4:53 PM","2/12/2026","$176.00","2/13/2026"
"31","SLD","$198,000","$198,000","DEERFIELD ESTATES","31 Doe Run Drive","1470","4","2","0.19","1/31/2025 5:59 PM","6/4/2025","$134.69","6/23/2025"
"33","SLD","$199,945","$198,000","THE GROVE AT CENTENNIAL VALLEY","6024 Croft Avenue","1355","3","2","0.14","2/25/2025 12:55 PM","5/19/2025","$146.13","5/15/2025"
"1","SLD","$199,900","$198,000","Ridgefield","1300 Springvine Drive","1446","3","2","0.17","12/27/2024 3:56 PM","2/27/2025","$136.93","2/26/2025"
"1","SLD","$199,335","$198,000","TERRENCE COVE","109 Terrence Drive","1355","3","2","0.15","6/12/2025 11:35 AM","8/18/2025","$146.13","8/15/2025"
"1","SLD","$198,010","$198,010","SPRINGLAKE TRAILS","13072 River Creek Lane","1470","4","2","0.16","11/24/2024 9:33 PM","12/27/2024","$134.70","2/20/2025"
"1","SLD","$202,833","$198,033","OAK SPRINGS SUBDIVISION","20 Bird House Way","1496","4","2","0.14","5/16/2025 3:43 PM","10/31/2025","$132.38","10/30/2025"
"8","WITH","$198,125","$198,125","STAGECOACH MEADOWS","185 Sarah Alyse Lane","1459","4","2","0.14","7/2/2025 8:54 AM","9/22/2025","$135.80",
"1","SLD","$199,175","$198,175","OAK SPRINGS SUBDIVISION","21 Sunny Oak Trail","1496","4","2","0.15","11/24/2024 11:36 PM","1/31/2025","$132.47","1/31/2025"
"31","SLD","$198,185","$198,185","THE MEADOWS","1217 Santa Fe Trail","1496","4","2","0.15","2/3/2025 2:20 PM","4/17/2025","$132.48","6/6/2025"
"1","WITH","$198,195","$198,195","STAGECOACH MEADOWS","10 Maddison Rachael","1355","3","2","0.18","11/12/2025 2:11 PM","11/12/2025","$146.27",
"1","SLD","$198,305","$198,305","TRAMMEL ESTATES","6704 Watercrest Loop","1243","3","2","0.19","6/16/2025 12:19 PM","6/16/2025","$159.54","8/28/2025"
"1","WITH","$198,325","$198,325","WHITE OAK CROSSING","8209 Fitzgerald Lane","1114","2","2","0.10","6/16/2025 3:00 PM","6/16/2025","$178.03",
"1","SLD","$194,900","$198,425","THE MEADOWS","6089 Discovery Trail","1459","4","2","0.16","12/27/2024 2:52 PM","3/6/2025","$136.00","3/4/2025"
"10","SLD","$198,460","$198,460","THE MEADOWS","6049 Discovery Trail","1459","4","2","0.12","3/11/2025 1:37 PM","5/12/2025","$136.02","5/23/2025"
"12","SLD","$198,485","$198,485","SPRINGLAKE TRAILS","11140 River Valley Drive","1613","4","2","0.17","6/10/2025 2:18 PM","7/24/2025","$123.05","9/25/2025"
"1","SLD","$214,900","$198,600","THE MEADOWS","7049 Potomac Trail","1442","3","2","0.14","12/18/2025 3:08 PM","3/9/2026","$137.73","3/6/2026"
"1","SLD","$197,150","$198,650","STAGECOACH MEADOWS","180 Sarah Alyse Lane","1373","3","2","0.19","7/2/2025 8:48 AM","10/21/2025","$144.68","10/17/2025"
"33","SLD","$198,810","$198,810","THE GROVE AT CENTENNIAL VALLEY","6049 Croft Avenue","1496","4","2","0.14","2/25/2025 1:22 PM","6/26/2025","$132.89","7/28/2025"
"32","SLD","$199,900","$198,850","THE GROVE AT CENTENNIAL VALLEY","1281 Meadows Drive","1523","3","2","0.16","10/14/2024 7:27 PM","2/21/2025","$130.56","2/18/2025"
"1","SLD","$198,860","$198,860","THE GROVE AT CENTENNIAL VALLEY","1384 Meadows Drive","1470","4","2","0.16","12/14/2024 3:58 PM","12/27/2024","$135.28","1/29/2025"
"29","UCT","$198,900","$198,900","STAGECOACH MEADOWS","65 Maddison Rachael","1402","3","2","0.14","4/29/2026 1:35 PM","7/20/2026","$141.87","8/27/2026"
"1","SLD","$201,960","$198,960","OAK SPRINGS SUBDIVISION","24 Fallen Oak Drive","1355","3","2","0.16","1/28/2025 1:55 PM","10/20/2025","$146.83","10/17/2025"
"11","SLD","$200,900","$199,000","SPRINGLAKE TRAILS","11161 River Valley Drive","1496","4","2","0.17","7/28/2025 12:59 PM","9/16/2025","$133.02","9/15/2025"
"31","SLD","$200,350","$199,000","HILL FARM","17 Hearthstone Trail","1523","3","2","0.17","3/10/2025 4:32 PM","6/18/2025","$130.66","6/17/2025"
"1","SLD","$199,900","$199,000","COUNTRY CLUB OF ARK THE","10304 Marilyn Drive","1249","3","2","0.12","7/30/2025 11:31 AM","9/30/2025","$159.33","9/29/2025"
"31","SLD","$199,110","$199,105","TERRENCE COVE","117 Terrence Drive","1633","3","2","0.15","8/1/2025 12:18 PM","10/27/2025","$121.93","10/24/2025"
"1","SBL","$199,155","$199,155","COUNTRY CLUB OF ARK THE","8204 Kennedy Lane","1373","3","2","0.10","5/28/2026 12:38 PM","5/28/2026","$145.05","5/27/2026"
"33","SLD","$199,260","$199,260","TERRENCE COVE","114 Terrence Drive","1633","3","2","0.31","8/1/2025 12:11 PM","9/5/2025","$122.02","10/16/2025"
"36","SLD","$199,270","$199,270","SPRINGLAKE TRAILS","11086 River Valley Drive","1613","4","2","0.18","4/11/2025 1:50 PM","7/24/2025","$123.54","8/29/2025"
"16","SLD","$199,330","$199,330","Metes & Bounds","49 Remington Lane","1523","3","2","0.14","10/2/2025 4:02 PM","12/15/2025","$130.88","2/6/2026"
"7","WITH","$199,400","$199,400","BELLINGRATH","125 Jasmine Court","1216","3","2","0.21","10/28/2025 1:33 PM","10/28/2025","$163.98",
"32","SLD","$199,410","$199,410","COUNTRY CLUB OF ARK THE","10216 Marilyn Drive","1249","3","2","0.12","2/7/2025 3:59 PM","5/24/2025","$159.66","7/1/2025"
"1","SLD","$199,410","$199,410","COUNTRY CLUB OF ARK THE","8108 Kim Drive","1249","3","2","0.11","2/5/2025 5:11 PM","6/9/2025","$159.66","7/23/2025"
"1","SLD","$199,425","$199,425","HILL FARM","22 Hearthstone Trail","1470","4","2","0.16","10/30/2025 9:50 AM","11/6/2025","$135.66","12/3/2025"
"1","SLD","$199,450","$199,450","STAGECOACH MEADOWS","180 Maddison Rachael","1496","4","2","0.14","3/10/2026 2:59 PM","3/13/2026","$133.32","5/13/2026"
"1","SLD","$199,570","$199,570","COUNTRY CLUB OF ARK THE","10409 Marilyn Drive","1402","3","2","0.11","7/30/2025 11:38 AM","9/5/2025","$142.35","10/30/2025"
"1","SLD","$199,570","$199,570","WHITE OAK CROSSING","8305 Stacey Lane","1249","3","2","0.10","6/16/2025 1:53 PM","6/26/2025","$159.78","8/20/2025"
"1","SLD","$199,600","$199,600","SOUTHFORK RANCH S/D PH I","115 Powder River Drive","1472","3","2","0.18","1/12/2026 11:21 AM","1/12/2026","$135.60","3/25/2026"
"30","ACT","$199,600","$199,600","SOUTHFORK RANCH S/D PH I","106 Powder River Drive","1472","3","2","0.18","3/10/2026 10:34 AM","7/27/2026","$135.60",
"33","SLD","$199,610","$199,610","THE GROVE AT CENTENNIAL VALLEY","6056 Croft Avenue","1355","3","2","0.16","1/12/2025 11:11 PM","4/17/2025","$147.31","5/21/2025"
"1","SLD","$202,675","$199,675","COUNTRY CLUB OF ARK THE","10416 Marilyn Drive","1402","3","2","0.12","7/2/2025 3:01 PM","10/31/2025","$142.42","10/30/2025"
"29","WITH","$199,725","$199,725","BELLINGRATH","143 Jasmine Court","1640","4","2","0.28","12/2/2025 1:46 PM","2/20/2026","$121.78",
"1","SLD","$199,735","$199,735","COUNTRY CLUB OF ARK THE","10221 Paul Eells Drive","1125","3","2","0.12","1/23/2026 2:55 PM","1/23/2026","$177.54","4/28/2026"
"13","SLD","$199,950","$199,750","THE MEADOWS","3088 Emerald Park Trail","1496","4","2","0.16","11/24/2024 10:33 PM","1/24/2025","$133.52","1/24/2025"
"31","SLD","$199,825","$199,825","DEERFIELD ESTATES","16 Sig Cove","1470","4","2","0.19","3/11/2025 9:30 AM","6/26/2025","$135.94","7/17/2025"
"10","SLD","$199,885","$199,885","COUNTRY CLUB OF ARK THE","10400 Marilyn Drive","1402","3","2","0.12","7/30/2025 11:42 AM","9/5/2025","$142.57","10/14/2025"
"7","UCT","$199,900","$199,900","THE GROVE AT CENTENNIAL VALLEY","6665 Hollywood Avenue","1143","3","2","0.10","4/8/2026 11:50 AM","6/17/2026","$174.89","7/20/2026"
"1","SLD","$199,900","$199,900","OAK SPRINGS SUBDIVISION","13 Fallen Oak Drive","1426","3","2","0.17","3/10/2025 3:46 PM","3/10/2025","$140.18","7/1/2025"
"13","ACT","$199,900","$199,900","SOUTHFORK RANCH S/D PH I","126 Powder River Drive","1496","4","2","0.18","6/25/2026 9:57 AM","7/24/2026","$133.62",
"2","ACT","$199,900","$199,900","SOUTHFORK RANCH S/D PH I","101 King Ranch Drive","1413","3","2","0.20","7/17/2026 12:29 PM","7/27/2026","$141.47",
"3","SLD","$199,900","$199,900","THE GROVE AT CENTENNIAL VALLEY","4575 Olympic Drive","1496","4","2","0.16","12/27/2024 12:12 PM","3/4/2025","$133.62","4/29/2025"
"1","SLD","$199,900","$199,900","TERRENCE COVE","156 Meadow Drive","1630","4","2","0.30","8/1/2025 12:02 PM","9/5/2025","$122.64","10/16/2025"
"9","SLD","$199,900","$199,900","OAK SPRINGS SUBDIVISION","29 Fallen Oak Drive","1470","4","2","0.15","12/27/2024 1:19 PM","1/24/2025","$135.99","2/27/2025"
"4","WITH","$199,900","$199,900","SOUTHFORK RANCH S/D PH I","113 Powder River Drive","1496","4","2","0.18","1/5/2026 2:48 PM","2/11/2026","$133.62",
"1","SLD","$199,900","$199,900","OAK SPRINGS SUBDIVISION","2 Fallen Oak Drive","1340","3","2","0.15","4/11/2025 5:54 PM","4/11/2025","$149.18","6/6/2025"
"1","WITH","$199,950","$199,950","STAGECOACH MEADOWS","90 Maddison Rachael","1613","4","2","0.14","1/12/2026 3:17 PM","1/16/2026","$123.96",
"32","SLD","$199,970","$199,970","WHITE OAK CROSSING","8200 Fitzgerald Lane","1249","3","2","0.11","3/28/2025 12:51 PM","6/26/2025","$160.10","8/14/2025"
"8","SLD","$197,025","$200,000","South Fork","203 Baldwin Drive","1640","4","2","0.15","3/3/2025 3:42 PM","5/27/2025","$121.95","5/23/2025"
"32","SLD","$189,900","$200,000","Metes & Bounds","25 Ten Point Lane","1523","3","2","0.18","2/26/2025 3:37 PM","10/22/2025","$131.32","10/21/2025"
"1","SLD","$204,950","$200,000","STAGECOACH MEADOWS","90 Maddison Rachael","1699","4","2","0.14","1/23/2026 9:30 AM","3/26/2026","$117.72","3/25/2026"
"1","SLD","$201,030","$200,000","COUNTRY CLUB OF ARK THE","10624 Mason Drive","1373","3","2","0.10","12/31/2025 11:20 AM","4/15/2026","$145.67","4/15/2026"
"1","SLD","$203,950","$200,000","SPRINGLAKE TRAILS","15064 Thompson Branch Trail","1470","4","2","0.17","1/6/2026 4:01 PM","3/31/2026","$136.05","3/30/2026"
"1","SLD","$201,600","$200,000","SPRINGLAKE TRAILS","15017 Thompson Branch Trail","1442","3","2","0.17","3/10/2026 11:43 AM","5/13/2026","$138.70","5/11/2026"
"1","SLD","$202,900","$200,000","HILL FARM","87 Farmhouse Circle","1439","4","2","0.16","8/22/2025 11:01 AM","10/29/2025","$138.99","10/28/2025"
"31","SLD","$203,035","$200,000","SPRINGLAKE TRAILS","11070 River Valley Drive","1470","4","2","0.23","3/26/2025 2:14 PM","8/25/2025","$136.05","8/22/2025"
"15","SLD","$201,900","$200,000","THE GROVE AT CENTENNIAL VALLEY","6072 Croft Avenue","1243","3","2","0.16","1/5/2025 8:06 PM","3/28/2025","$160.90","3/25/2025"
"1","SLD","$205,650","$200,000","THE GROVE AT CENTENNIAL VALLEY","6672 Hollywood Avenue","1243","3","2","0.08","4/8/2026 11:43 AM","5/21/2026","$160.90","5/20/2026"
"1","SLD","$204,190","$200,000","THE MEADOWS","6025 Discovery Trail","1402","3","2","0.15","4/1/2025 9:36 AM","7/10/2025","$142.65","7/7/2025"
"1","SLD","$199,120","$200,370","BELL VALLEY","1229 Agogo Lane","1216","3","2","0.16","1/13/2025 7:25 AM","3/27/2025","$164.78","3/25/2025"
"1","SLD","$202,900","$200,400","STAGECOACH MEADOWS","110 Sarah Alyse Lane","1402","3","2","0.15","3/20/2025 3:10 PM","9/30/2025","$142.94","9/25/2025"
"1","SLD","$200,400","$200,400","OAK SPRINGS SUBDIVISION","2 Sourdough Creek Lane","1340","3","2","0.17","7/1/2025 2:03 PM","8/8/2025","$149.55","10/22/2025"
"1","SLD","$200,460","$200,460","TRAMMEL ESTATES","6516 Leatherwood Loop","1355","3","2","0.25","2/21/2025 5:22 PM","2/21/2025","$147.94","5/30/2025"
"1","SLD","$201,675","$200,675","OAK SPRINGS SUBDIVISION","6 Candlelight Drive","1612","3","2","0.15","10/7/2024 2:02 PM","1/24/2025","$124.49","1/24/2025"
"1","SLD","$200,860","$200,800","STAGECOACH MEADOWS","120 Sarah Alyse Lane","1459","4","2","0.14","7/2/2025 9:03 AM","10/13/2025","$137.63","10/10/2025"
"1","SLD","$200,805","$200,805","DEERFIELD ESTATES","11 Ruger Cove","1613","4","2","0.24","12/2/2025 2:43 PM","1/9/2026","$124.49","2/24/2026"
"4","WITH","$200,850","$200,850","TERRENCE COVE","171 Meadow Drive","1355","3","2","0.21","7/2/2025 9:53 AM","8/11/2025","$148.23",
"30","SLD","$200,900","$200,900","SOUTHFORK RANCH S/D PH I","122 Powder River Drive","1472","3","2","0.18","5/6/2026 12:37 PM","6/25/2026","$136.48","7/10/2026"
"1","SBL","$200,925","$200,925","OAK SPRINGS SUBDIVISION","28 Fallen Oak Drive","1355","3","2","0.16","2/27/2025 5:00 PM","2/27/2025","$148.28","2/24/2025"
"1","SLD","$206,040","$201,000","OAK SPRINGS SUBDIVISION","10 Sourdough Creek Lane","1459","4","2","0.14","7/1/2025 2:14 PM","11/3/2025","$137.77","10/30/2025"
"30","SLD","$202,425","$201,000","SOUTHFORK RANCH S/D PH I","102 Powder River Drive","1613","4","2","0.18","4/9/2026 3:42 PM","7/10/2026","$124.61","7/10/2026"
"1","SLD","$202,175","$201,000","TRAMMEL ESTATES","6657 Watercrest Loop","1355","3","2","0.14","7/2/2025 1:01 PM","10/21/2025","$148.34","10/20/2025"
"1","SLD","$202,545","$201,000","TRAMMEL ESTATES","6687 Leatherwood Loop","1355","3","2","0.15","11/18/2024 9:40 AM","1/28/2025","$148.34","1/27/2025"
"30","SLD","$204,295","$201,000","SOUTHFORK RANCH S/D PH I","109 Powder River Drive","1613","4","2","0.18","2/3/2026 1:16 PM","7/1/2026","$124.61","6/30/2026"
"1","SLD","$201,900","$201,000","TRAMMEL ESTATES","6640 Watercrest Loop","1470","4","2","0.14","9/3/2025 8:45 AM","9/30/2025","$136.73","9/29/2025"
"1","SLD","$202,075","$201,075","TRAMMEL ESTATES","6768 Watercrest Loop","1355","3","2","0.14","4/11/2025 4:14 PM","6/26/2025","$148.39","6/25/2025"
"30","WITH","$201,132","$201,132","HILL FARM","84 Farmhouse Circle","1652","4","2","0.17","7/1/2025 12:49 PM","10/20/2025","$121.75",
"1","SLD","$208,225","$201,175","MIDLAND ESTATES PHASE 1","3140 Ted Craig Drive","1243","3","2","0.12","12/30/2025 2:16 PM","4/1/2026","$161.85","3/31/2026"
"1","SLD","$201,210","$201,210","SPRINGLAKE TRAILS","11033 River Valley Drive","1470","4","2","0.17","2/21/2025 5:33 PM","2/21/2025","$136.88","6/3/2025"
"9","WITH","$201,225","$201,225","STAGECOACH MEADOWS","165 Sarah Alyse Lane","1362","3","2","0.14","8/5/2025 10:28 AM","9/22/2025","$147.74",
"1","SLD","$201,225","$201,225","DEERFIELD ESTATES","10 Ruger Cove","1523","3","2","0.26","1/6/2026 1:33 PM","3/18/2026","$132.12","3/31/2026"
"9","SLD","$199,775","$201,275","DEERFIELD ESTATES","12 Sig Cove","1355","3","2","0.18","3/11/2025 9:24 AM","7/1/2025","$148.54","6/30/2025"
"30","SLD","$201,200","$201,400","SPRINGLAKE TRAILS","11233 River Valley Drive","1355","3","2","0.17","7/9/2025 12:11 PM","1/14/2026","$148.63","1/13/2026"
"1","SLD","$201,525","$201,525","SPRINGLAKE TRAILS","13048 River Creek Lane","1496","4","2","0.16","11/24/2024 9:57 PM","12/27/2024","$134.71","1/31/2025"
"4","WITH","$201,575","$201,575","OAK SPRINGS SUBDIVISION","12 Sourdough Creek Lane","1340","3","2","0.14","7/1/2025 2:07 PM","8/8/2025","$150.43",
"1","SLD","$203,300","$201,575","OAK SPRINGS SUBDIVISION","36 Sourdough Creek Lane","1373","3","2","0.14","8/25/2025 9:02 AM","12/11/2025","$146.81","12/9/2025"
"1","SLD","$201,625","$201,625","TRAMMEL ESTATES","6614 Leatherwood Loop","1355","3","2","0.15","1/19/2025 10:43 PM","1/19/2025","$148.80","2/14/2025"
"1","SLD","$201,770","$201,770","TRAMMEL ESTATES","6703 Leatherwood Loop","1355","3","2","0.15","1/19/2025 7:06 PM","1/19/2025","$148.91","2/5/2025"
"30","WITH","$201,859","$201,859","HILL FARM","20 Hearthstone Trail","1652","4","2","0.16","7/1/2025 11:58 AM","10/20/2025","$122.19",
"7","ACT","$201,900","$201,900","SOUTHFORK RANCH S/D PH I","128 Powder River Drive","1496","4","2","0.20","6/18/2026 1:17 PM","7/9/2026","$134.96",
"1","SLD","$201,900","$201,900","OAK SPRINGS SUBDIVISION","6 Fallen Oak Drive","1459","4","2","0.14","3/28/2025 3:42 PM","3/28/2025","$138.38","6/25/2025"
"1","SLD","$201,900","$201,900","THE MEADOWS","8064 Chesapeake Trail","1301","3","2","0.14","3/10/2026 12:34 PM","4/3/2026","$155.19","5/22/2026"
"31","SLD","$201,900","$201,900","COUNTRY CLUB OF ARK THE","10209 Debbie Drive","1249","3","2","0.15","11/5/2024 1:20 PM","2/7/2025","$161.65","3/25/2025"
"31","SLD","$216,930","$201,900","SPRINGLAKE TRAILS","11180 River Valley Drive","1470","4","2","0.17","6/10/2025 3:33 PM","11/18/2025","$137.35","11/17/2025"
"30","SLD","$205,900","$201,900","DEERFIELD ESTATES","15 Ten Point Lane","1355","3","2","0.16","5/27/2026 4:18 PM","7/22/2026","$149.00","7/20/2026"
"1","SLD","$201,975","$201,975","TRAMMEL ESTATES","6622 Leatherwood Loop","1425","3","2","0.15","12/12/2024 3:10 PM","12/12/2024","$141.74","2/10/2025"
"30","SLD","$207,900","$202,000","COTTAGE WALK SUBDIVISION PHASE 1","1048 Raven Walk Drive","1301","3","2","0.13","3/27/2026 11:04 AM","7/17/2026","$155.27","7/16/2026"
"1","SLD","$202,045","$202,045","COUNTRY CLUB OF ARK THE","8300 Eastwood Creek Drive","1301","3","2","0.12","12/27/2024 11:52 AM","3/7/2025","$155.30","4/16/2025"
"1","SLD","$202,085","$202,085","OAK SPRINGS SUBDIVISION","39 Sunny Oak Trail","1355","3","2","0.15","1/5/2025 8:47 PM","1/5/2025","$149.14","2/28/2025"
"1","SLD","$202,130","$202,130","SPRINGLAKE TRAILS","15024 Thompson Branch Trail","1470","4","2","0.17","12/30/2025 4:29 PM","2/27/2026","$137.50","3/27/2026"
"1","SLD","$202,230","$202,230","OAK SPRINGS SUBDIVISION","17 Fallen Oak Drive","1426","3","2","0.17","2/21/2025 11:14 AM","2/21/2025","$141.82","5/23/2025"
"1","SLD","$202,380","$202,380","COUNTRY CLUB OF ARK THE","10800 Mason Drive","1373","3","2","0.10","10/30/2025 11:29 AM","1/12/2026","$147.40","3/5/2026"
"1","SLD","$199,400","$202,400","South Fork","209 Baldwin Drive","1640","4","2","0.15","2/4/2025 6:21 PM","5/25/2025","$123.41","5/22/2025"
"1","SLD","$202,435","$202,435","OAK SPRINGS SUBDIVISION","18 Bird House Way","1340","3","2","0.14","5/1/2025 4:12 PM","5/1/2025","$151.07","7/3/2025"
"30","SLD","$202,450","$202,450","COTTAGE WALK SUBDIVISION PHASE 1","1028 Raven Walk Drive","1248","3","2","0.12","3/27/2026 11:36 AM","6/17/2026","$162.22","6/30/2026"
"1","SLD","$203,560","$202,560","TRAMMEL ESTATES","6679 Leatherwood Loop","1470","4","2","0.15","1/19/2025 6:37 PM","1/22/2025","$137.80","1/22/2025"
"1","SLD","$202,675","$202,625","COUNTRY CLUB OF ARK THE","10425 Marilyn Drive","1402","3","2","0.11","7/2/2025 3:13 PM","10/15/2025","$144.53","10/14/2025"
"1","SLD","$204,680","$202,680","COUNTRY CLUB OF ARK THE","8101 Donna Drive","1249","3","2","0.11","7/8/2025 10:03 AM","11/25/2025","$162.27","11/21/2025"
"1","SLD","$203,680","$202,680","THE MEADOWS","7064 Potomac Trail","1373","3","2","0.14","9/5/2025 3:29 PM","12/19/2025","$147.62","12/18/2025"
"1","SLD","$203,750","$202,750","STAGECOACH MEADOWS","150 Maddison Rachael","1699","4","2","0.14","1/29/2026 1:42 PM","4/28/2026","$119.33","4/27/2026"
"1","SLD","$202,750","$202,750","OAK SPRINGS SUBDIVISION","32 Sourdough Creek Lane","1425","3","2","0.14","8/25/2025 9:07 AM","8/25/2025","$142.28","12/11/2025"
"1","SLD","$204,780","$202,780","DEERFIELD ESTATES","44 Remington Lane","1633","3","2","0.20","10/2/2025 3:52 PM","1/30/2026","$124.18","1/29/2026"
"1","SLD","$202,825","$202,825","TRAMMEL ESTATES","6524 Leatherwood Loop","1355","3","2","0.17","1/28/2025 1:42 PM","1/28/2025","$149.69","6/27/2025"
"1","SLD","$202,900","$202,900","HILL FARM","4 Barnwood Drive","1470","4","2","0.19","4/10/2026 1:08 PM","4/10/2026","$138.03","4/10/2026"
"8","WITH","$202,900","$202,900","BELLINGRATH","135 Jasmine Court","1355","3","2","0.21","11/5/2025 12:49 PM","11/5/2025","$149.74",
"2","ACT","$202,900","$202,900","STAGECOACH MEADOWS","110 Nona Ruth Lane","1248","3","2","0.14","6/23/2026 2:47 PM","7/24/2026","$162.58",
"1","SLD","$202,905","$202,905","WHITE OAK CROSSING","10716 Mason Drive","1249","3","2","0.10","11/26/2025 1:36 PM","12/15/2025","$162.45","2/17/2026"
"1","SLD","$202,984","$202,984","OAK SPRINGS SUBDIVISION","22 Bird House Way","1459","4","2","0.14","5/1/2025 3:45 PM","5/1/2025","$139.13","7/29/2025"
"1","SBL","$203,000","$203,000","TRAMMEL ESTATES","6744 Watercrest Loop","1355","3","2","0.14","8/27/2025 9:08 AM","8/27/2025","$149.82","8/22/2025"
"1","SLD","$204,900","$203,000","THE GROVE AT CENTENNIAL VALLEY","2312 Bassett Street","1243","3","2","0.15","6/10/2026 12:39 PM","7/23/2026","$163.31","7/22/2026"
"30","SLD","$205,500","$203,000","SOUTHFORK RANCH S/D PH I","124 Powder River Drive","1640","4","2","0.18","5/6/2026 12:33 PM","7/28/2026","$123.78","7/27/2026"
"1","SLD","$204,125","$203,000","OAK SPRINGS SUBDIVISION","18 Sourdough Creek Lane","1426","3","2","0.14","7/28/2025 11:44 AM","11/11/2025","$142.36","11/7/2025"
"30","SLD","$203,350","$203,350","SOUTHFORK RANCH S/D PH I","116 Powder River Drive","1613","4","2","0.18","3/10/2026 10:03 AM","6/8/2026","$126.07","7/16/2026"
"1","SLD","$203,400","$203,400","COTTAGE WALK SUBDIVISION PHASE 1","1092 Raven Walk Drive","1301","3","2","0.15","3/27/2026 10:49 AM","4/2/2026","$156.34","4/30/2026"
"9","WITH","$203,525","$203,525","DEERFIELD ESTATES","40 Ten Point Lane","1523","3","2","0.22","6/30/2025 3:31 PM","8/7/2025","$133.63",
"1","WITH","$203,560","$203,560","TRAMMEL ESTATES","6679 Leatherwood Loop","1470","4","2","0.15","11/18/2024 9:04 AM","11/18/2024","$138.48",
"1","SLD","$203,600","$203,600","OAK SPRINGS SUBDIVISION","35 Sourdough Creek Lane","1459","4","2","0.17","9/5/2025 2:09 PM","9/5/2025","$139.55","12/23/2025"
"1","SLD","$203,600","$203,600","TRAMMEL ESTATES","6664 Watercrest Loop","1355","3","2","0.18","9/3/2025 8:57 AM","9/3/2025","$150.26","9/30/2025"
"1","SBL","$203,850","$203,850","OAK SPRINGS SUBDIVISION","5 Candlelight Drive","1425","3","2","0.14","3/12/2026 4:12 PM","3/12/2026","$143.05","3/9/2026"
"1","SLD","$204,900","$203,900","OAK SPRINGS SUBDIVISION","5 Fallen Oak Drive","1496","4","2","0.14","3/28/2025 3:24 PM","6/2/2025","$136.30","5/30/2025"
"31","SLD","$203,900","$203,900","COUNTRY CLUB OF ARK THE","8112 Eastwood Creek Drive","1249","3","2","0.12","12/12/2024 4:08 PM","2/7/2025","$163.25","3/5/2025"
"15","SLD","$206,900","$203,900","Ridgefield","1712 Ridgefield Circle","1559","4","2","0.20","12/27/2024 3:17 PM","2/28/2025","$130.79","2/28/2025"
"1","SLD","$203,905","$203,905","SPRINGLAKE TRAILS","11225 River Valley Drive","1470","4","2","0.17","7/9/2025 11:59 AM","8/8/2025","$138.71","10/29/2025"
"2","SLD","$203,930","$203,930","South Fork","217 Baldwin Drive","1640","4","2","0.17","10/15/2024 1:58 PM","10/15/2024","$124.35","2/12/2025"
"27","SLD","$207,700","$204,000","OAK SPRINGS SUBDIVISION","23 Sourdough Creek Lane","1496","4","2","0.17","8/18/2025 3:10 PM","2/26/2026","$136.36","2/25/2026"
"32","SLD","$204,000","$204,000","THE GROVE AT CENTENNIAL VALLEY","6057 Croft Avenue","1523","3","2","0.14","2/25/2025 1:53 PM","6/26/2025","$133.95","8/14/2025"
"1","SLD","$220,745","$204,000","THE GROVE AT CENTENNIAL VALLEY","1537 Meadows Drive","1496","4","2","0.15","6/13/2025 11:03 AM","7/25/2025","$136.36","7/24/2025"
"10","SLD","$206,610","$204,000","THE GROVE AT CENTENNIAL VALLEY","6017 Croft Avenue","1422","3","2","0.14","3/14/2025 5:13 PM","7/11/2025","$143.46","7/9/2025"
"1","SLD","$205,535","$204,000","COUNTRY CLUB OF ARK THE","10201 Marilyn Drive","1249","3","2","0.14","3/6/2025 12:58 PM","6/16/2025","$163.33","6/13/2025"
"1","SLD","$204,430","$204,000","COUNTRY CLUB OF ARK THE","8300 Stacey Lane","1402","3","2","0.10","6/16/2025 3:08 PM","10/31/2025","$145.51","10/30/2025"
"1","SBL","$204,041","$204,041","SOUTH HAVEN ESTATES PHASE 1","512 N Harding Street","1523","3","2","0.20","8/4/2025 9:23 AM","8/4/2025","$133.97","8/1/2025"
"1","SLD","$204,900","$204,185","TRAMMEL ESTATES","6573 Leatherwood Loop","1470","4","2","0.15","1/19/2025 9:07 PM","2/28/2025","$138.90","2/27/2025"
"5","ACT","$204,300","$204,300","CYPRESS BEND AT WHITE OAK CROSSING","142 Jonathan Drive","1051","3","2","0.11","4/24/2026 2:06 PM","7/17/2026","$194.39",
"1","SLD","$206,325","$204,325","COUNTRY CLUB OF ARK THE","10700 Mason Drive","1248","3","2","0.10","12/31/2025 11:07 AM","3/13/2026","$163.72","3/11/2026"
"31","SLD","$204,580","$204,500","COUNTRY CLUB OF ARK THE","8301 Stacey Lane","1373","3","2","0.10","6/16/2025 2:10 PM","9/30/2025","$148.94","9/29/2025"
"1","SLD","$204,510","$204,510","SPRINGLAKE TRAILS","11017 River Valley Drive","1470","4","2","0.17","2/25/2025 8:43 AM","2/25/2025","$139.12","5/14/2025"
"2","ACT","$204,550","$204,550","SOUTHFORK RANCH S/D PH I","102 Southfork Drive","1472","3","2","0.18","7/23/2026 11:43 AM","7/27/2026","$138.96",
"1","SLD","$204,595","$204,595","TRAMMEL ESTATES","6574 Leatherwood Loop","1470","4","2","0.17","2/10/2025 11:04 AM","2/10/2025","$139.18","6/9/2025"
"2","SLD","$204,675","$204,675","SPRINGLAKE TRAILS","13088 River Creek Lane","1523","3","2","0.16","1/13/2025 7:49 AM","1/30/2025","$134.39","3/21/2025"
"1","SLD","$204,805","$204,805","WHITE OAK CROSSING","10805 Mason Drive","1249","3","2","0.10","9/30/2025 2:43 PM","9/30/2025","$163.98","12/29/2025"
"1","SLD","$204,884","$204,884","OAK SPRINGS SUBDIVISION","17 Sourdough Creek Lane","1426","3","2","0.14","6/26/2025 3:32 PM","8/8/2025","$143.68","9/19/2025"
"5","SLD","$204,900","$204,900","OAK SPRINGS SUBDIVISION","30 Fallen Oak Drive","1470","4","2","0.15","12/27/2024 1:33 PM","1/30/2025","$139.39","3/12/2025"
"1","SLD","$204,900","$204,900","OAK SPRINGS SUBDIVISION","8 Fallen Oak Drive","1496","4","2","0.14","3/20/2025 3:34 PM","3/20/2025","$136.97","6/30/2025"
"30","SLD","$204,900","$204,900","SPRINGLAKE TRAILS","11148 River Valley Drive","1523","3","2","0.17","8/5/2025 9:55 AM","8/8/2025","$134.54","10/20/2025"
"1","SLD","$205,700","$204,900","SOUTHFORK RANCH S/D PH I","108 Powder River Drive","1496","4","2","0.18","3/10/2026 10:23 AM","4/29/2026","$136.97","4/29/2026"
"2","ACT","$204,900","$204,900","THE MEADOWS","8024 Chesapeake Trail","1248","3","2","0.14","7/23/2026 2:37 PM","7/24/2026","$164.18",
"31","ACT","$204,900","$204,900","THE MEADOWS","8049 Chesapeake Trail","1301","3","2","0.14","6/24/2026 12:03 PM","6/25/2026","$157.49",
"12","SLD","$204,900","$204,900","COUNTRY CLUB OF ARK THE","8216 Eastwood Creek Drive","1301","3","2","0.12","12/18/2024 7:40 PM","2/28/2025","$157.49","3/27/2025"
"7","WITH","$204,900","$204,900","BELLINGRATH","129 Jasmine Court","1442","3","2","0.21","11/5/2025 1:47 PM","11/5/2025","$142.09",
"31","SLD","$204,910","$204,910","THE GROVE AT CENTENNIAL VALLEY","6073 Croft Avenue","1422","3","2","0.14","2/25/2025 1:43 PM","5/9/2025","$144.10","6/13/2025"
"31","SLD","$204,900","$204,970","OAK SPRINGS SUBDIVISION","13 Sunny Oak Trail","1651","3","2","0.15","11/24/2024 11:00 PM","2/24/2025","$124.15","2/21/2025"
"1","SLD","$208,750","$205,000","MIDLAND ESTATES PHASE 1","5101 Cornus Drive","1243","3","2","0.16","2/3/2026 12:42 PM","4/29/2026","$164.92","4/28/2026"
"12","SLD","$206,030","$205,000","SPRINGLAKE TRAILS","11193 River Valley Drive","1470","4","2","0.24","7/9/2025 11:48 AM","11/21/2025","$139.46","11/21/2025"
"1","SLD","$209,100","$205,000","HILL FARM","29 Hearthstone Trail","1652","4","2","0.17","6/26/2025 10:58 AM","9/22/2025","$124.09","9/19/2025"
"11","SLD","$207,025","$205,000","DEERFIELD ESTATES","15 Sig Cove","1652","4","2","0.18","6/9/2025 3:57 PM","9/10/2025","$124.09","9/10/2025"
"1","SLD","$214,500","$205,000","COUNTRY CLUB OF ARK THE","8009 Donna Drive","1248","3","2","0.11","9/30/2025 3:31 PM","12/19/2025","$164.26","12/18/2025"
"10","SLD","$207,437","$205,000","BELL VALLEY","1261 Crotale Street","1216","3","2","0.14","4/11/2025 4:59 PM","8/11/2025","$168.59","8/8/2025"
"1","SLD","$209,750","$205,000","MIDLAND ESTATES PHASE 1","2244 Sam Tillery Drive","1243","3","2","0.16","2/3/2026 12:38 PM","4/30/2026","$164.92","4/28/2026"
"1","SLD","$207,900","$205,000","BELL VALLEY","1236 Crotale Street","1216","3","2","0.13","8/5/2025 11:27 AM","8/28/2025","$168.59","8/25/2025"
"14","SLD","$206,785","$205,000","THE GROVE AT CENTENNIAL VALLEY","1368 Meadows Drive","1633","3","2","0.16","12/14/2024 3:39 PM","2/14/2025","$125.54","2/14/2025"
"1","SLD","$205,060","$205,060","COUNTRY CLUB OF ARK THE","10405 Marilyn Drive","1249","3","2","0.11","3/6/2025 12:54 PM","5/9/2025","$164.18","7/7/2025"
"7","WITH","$205,299","$205,299","OAK SPRINGS SUBDIVISION","24 Sourdough Creek Lane","1459","4","2","0.14","7/28/2025 11:53 AM","8/8/2025","$140.71",
"31","SLD","$205,425","$205,425","HILL FARM","13 Hearthstone Trail","1640","4","2","0.17","2/20/2025 3:39 PM","4/17/2025","$125.26","6/20/2025"
"1","SLD","$205,480","$205,480","TRAMMEL ESTATES","6565 Leatherwood Loop","1355","3","2","0.15","2/26/2025 9:00 AM","2/26/2025","$151.65","6/30/2025"
"2","ACT","$205,550","$205,550","STAGECOACH MEADOWS","115 Maddison Rachael","1373","3","2","0.14","7/17/2026 2:30 PM","7/20/2026","$149.71",
"1","SLD","$205,560","$205,560","STAGECOACH MEADOWS","95 Sarah Alyse Lane","1496","4","2","0.14","6/11/2025 5:10 PM","6/11/2025","$137.41","7/25/2025"
"2","SLD","$205,825","$205,825","STAGECOACH MEADOWS","170 Leruss Boulevard","1459","4","2","0.17","10/31/2024 9:23 PM","12/5/2024","$141.07","2/6/2025"
"1","SLD","$205,875","$205,875","TRAMMEL ESTATES","6616 Watercrest Loop","1355","3","2","0.12","9/3/2025 9:06 AM","10/28/2025","$151.94","10/24/2025"
"1","SLD","$205,875","$205,875","HILL FARM","1 Hearthstone Trail","1470","4","2","0.17","2/20/2025 3:01 PM","2/20/2025","$140.05","4/28/2025"
"1","SLD","$205,900","$205,900","COTTAGE WALK SUBDIVISION PHASE 1","1012 Raven Walk Drive","1301","3","2","0.11","5/4/2026 9:59 AM","5/7/2026","$158.26","6/26/2026"
"6","ACT","$205,900","$205,900","COTTAGE WALK SUBDIVISION PHASE 1","1628 Rambling Brook Drive","1216","3","2","0.15","6/10/2026 9:48 AM","7/20/2026","$169.33",
"1","SLD","$205,900","$205,900","STAGECOACH MEADOWS","90 Nona Ruth Lane","1699","4","2","0.14","4/8/2026 10:51 AM","4/8/2026","$121.19","7/29/2026"
"1","SLD","$205,905","$205,905","COUNTRY CLUB OF ARK THE","10604 Mason Drive","1248","3","2","0.08","2/5/2026 12:00 PM","2/6/2026","$164.99","6/30/2026"
"1","SLD","$207,484","$206,000","OAK SPRINGS SUBDIVISION","26 Sourdough Creek Lane","1496","4","2","0.14","8/25/2025 9:14 AM","11/26/2025","$137.70","11/25/2025"
"1","SLD","$206,054","$206,000","OAK SPRINGS SUBDIVISION","14 Bird House Way","1496","4","2","0.15","5/16/2025 3:20 PM","8/22/2025","$137.70","8/21/2025"
"1","SLD","$217,300","$206,000","TRAMMEL ESTATES","6633 Watercrest Loop","1355","3","2","0.14","8/11/2025 9:02 AM","11/18/2025","$152.03","11/17/2025"
"1","SLD","$207,675","$206,000","THE GROVE AT CENTENNIAL VALLEY","5017 Cobblefield Cove","1355","3","2","0.20","12/30/2025 5:30 PM","4/30/2026","$152.03","4/28/2026"
"1","SLD","$207,750","$206,000","MIDLAND ESTATES PHASE 1","2413 Sam Tillery Drive","1243","3","2","0.17","2/3/2026 12:44 PM","4/28/2026","$165.73","4/27/2026"
"1","SLD","$206,035","$206,035","OAK SPRINGS SUBDIVISION","25 Fallen Oak Drive","1470","4","2","0.17","2/7/2025 2:15 PM","2/7/2025","$140.16","4/11/2025"
"1","SLD","$206,056","$206,056","OAK SPRINGS SUBDIVISION","2 Bird House Way","1496","4","2","0.14","4/11/2025 5:59 PM","4/11/2025","$137.74","7/25/2025"
"1","SLD","$206,175","$206,175","OAK SPRINGS SUBDIVISION","18 Fallen Oak Drive","1470","4","2","0.17","2/21/2025 5:43 PM","2/21/2025","$140.26","4/28/2025"
"1","SLD","$206,225","$206,225","TRAMMEL ESTATES","6662 Leatherwood Loop","1470","4","2","0.15","1/19/2025 9:21 PM","1/19/2025","$140.29","2/28/2025"
"1","SLD","$206,525","$206,525","HILL FARM","32 Hearthstone Trail","1523","3","2","0.16","1/12/2026 9:45 AM","1/12/2026","$135.60","1/23/2026"
"1","SLD","$208,800","$206,600","THE MEADOWS","8080 Chesapeake Trail","1373","3","2","0.14","3/10/2026 12:55 PM","6/12/2026","$150.47","6/12/2026"
"1","SBL","$206,700","$206,700","OAK SPRINGS SUBDIVISION","16 Oak Leaf Drive","1496","4","2","0.14","3/2/2026 3:54 PM","3/2/2026","$138.17","2/27/2026"
"1","SLD","$204,725","$206,725","THE MEADOWS","7081 Potomac Trail","1425","3","2","0.16","9/3/2025 3:59 PM","4/15/2026","$145.07","4/14/2026"
"1","SLD","$205,985","$206,785","BELL VALLEY","1241 Agogo Lane","1355","3","2","0.16","12/21/2024 6:45 AM","3/7/2025","$152.61","3/6/2025"
"1","WITH","$206,900","$206,900","BELL VALLEY","1255 Tsar Road","1381","3","2","0.07","7/25/2025 1:31 PM","8/25/2025","$149.82",
"19","WITH","$206,900","$206,900","SOUTHFORK RANCH S/D PH I","117 Powder River Drive","1630","4","2","0.18","1/5/2026 3:02 PM","2/11/2026","$126.93",
"5","ACT","$206,900","$206,900","CYPRESS BEND AT WHITE OAK CROSSING","113 Lucy Lane","1051","3","2","0.12","6/10/2026 10:12 AM","7/17/2026","$196.86",
"1","SLD","$207,910","$206,910","SPRINGLAKE TRAILS","11057 River Valley Drive","1355","3","2","0.17","2/6/2025 11:33 AM","4/16/2025","$152.70","4/15/2025"
"32","SLD","$210,445","$207,000","TERRENCE COVE","104 Terrence Drive","1613","4","2","0.21","6/12/2025 12:11 PM","9/30/2025","$128.33","9/30/2025"
"30","SLD","$208,850","$207,000","THE MEADOWS","7033 Potomac Trail","1496","4","2","0.14","2/3/2026 2:33 PM","4/30/2026","$138.37","4/30/2026"
"1","SLD","$207,850","$207,000","SPRINGLAKE TRAILS","15025 Thompson Branch Trail","1612","3","2","0.17","3/10/2026 11:22 AM","5/1/2026","$128.41","4/30/2026"
"1","SLD","$207,000","$207,000","WHITE OAK CROSSING","8204 Fitzgerald Lane","1459","4","2","0.10","3/28/2025 12:45 PM","6/5/2025","$141.88","6/27/2025"
"1","SLD","$207,525","$207,000","THE MEADOWS","1209 Santa Fe Trail","1496","4","2","0.15","2/3/2025 2:32 PM","4/14/2025","$138.37","4/11/2025"
"1","SLD","$221,200","$207,000","PANTHER COVE","771 Gussy Lane","1459","4","2","0.15","4/2/2026 1:21 PM","4/30/2026","$141.88","4/28/2026"
"22","SLD","$209,880","$207,000","SPRINGLAKE TRAILS","15000 Thompson Branch Trail","1523","3","2","0.23","12/17/2025 3:53 PM","4/15/2026","$135.92","4/15/2026"
"1","SLD","$209,005","$207,005","THE GROVE AT CENTENNIAL VALLEY","6641 Hollywood Avenue","1355","3","2","0.13","12/30/2025 5:33 PM","3/30/2026","$152.77","3/27/2026"
"1","WITH","$207,014","$207,014","OAK SPRINGS SUBDIVISION","31 Sourdough Creek Lane","1355","3","2","0.17","8/22/2025 12:04 PM","8/22/2025","$152.78",
"1","SLD","$204,085","$207,085","TRAMMEL ESTATES","6606 Leatherwood Loop","1470","4","2","0.17","12/12/2024 2:50 PM","2/25/2025","$140.87","2/24/2025"
"1","SLD","$207,200","$207,200","OAK SPRINGS SUBDIVISION","9 Sourdough Creek Lane","1355","3","2","0.18","6/26/2025 3:46 PM","6/26/2025","$152.92","9/25/2025"
"1","SLD","$207,260","$207,260","OAK SPRINGS SUBDIVISION","46 Sourdough Creek Lane","1355","3","2","0.14","9/24/2025 11:49 AM","9/24/2025","$152.96","1/23/2026"
"5","SLD","$205,445","$207,500","COUNTRY CLUB OF ARK THE","11004 Mason Drive","1402","3","2","0.10","6/16/2025 2:22 PM","9/25/2025","$148.00","9/24/2025"
"1","SLD","$207,550","$207,550","DEERFIELD ESTATES","21 Buckshot Drive","1633","3","2","0.19","12/30/2025 1:29 PM","1/12/2026","$127.10","3/20/2026"
"1","SLD","$212,655","$207,655","THE GROVE AT CENTENNIAL VALLEY","1511 Meadows Drive","1470","4","2","0.14","6/13/2025 10:52 AM","8/1/2025","$141.26","7/31/2025"
"1","SLD","$207,700","$207,700","DEERFIELD ESTATES","12 Ruger Cove","1613","4","2","0.16","1/28/2026 2:15 PM","1/28/2026","$128.77","2/26/2026"
"8","WITH","$207,760","$207,760","OAK SPRINGS SUBDIVISION","20 Sourdough Creek Lane","1355","3","2","0.14","7/28/2025 11:48 AM","8/8/2025","$153.33",
"1","SLD","$212,800","$207,800","OAK SPRINGS SUBDIVISION","30 Sourdough Creek Lane","1651","3","2","0.14","8/25/2025 9:19 AM","1/20/2026","$125.86","1/16/2026"
"1","SLD","$207,825","$207,825","OAK SPRINGS SUBDIVISION","19 Sunny Oak Trail","1699","4","2","0.15","11/24/2024 11:25 PM","12/27/2024","$122.32","2/13/2025"
"1","SLD","$207,900","$207,900","BELL VALLEY","1252 Agogo Lane","1472","3","2","0.16","12/14/2024 5:46 PM","2/7/2025","$141.24","3/19/2025"
"1","SLD","$210,600","$207,900","STAGECOACH MEADOWS","40 Nona Ruth Lane","1699","4","2","0.14","4/8/2026 10:48 AM","5/29/2026","$122.37","5/28/2026"
"6","WITH","$207,900","$207,900","BELLINGRATH","131 Jasmine Court","1446","3","2","0.21","11/5/2025 12:42 PM","11/5/2025","$143.78",
"11","SLD","$209,600","$208,000","THE MEADOWS","7073 Potomac Trail","1496","4","2","0.14","9/3/2025 4:31 PM","12/31/2025","$139.04","12/29/2025"
"1","SLD","$209,675","$208,000","WHITE OAK CROSSING","8304 Fitzgerald Lane","1402","3","2","0.10","3/28/2025 12:41 PM","7/3/2025","$148.36","6/30/2025"
"1","SLD","$209,200","$208,000","COUNTRY CLUB OF ARK THE","8013 Donna Drive","1373","3","2","0.12","9/30/2025 3:50 PM","11/26/2025","$151.49","11/26/2025"
"1","SLD","$230,375","$208,000","TERRENCE COVE","159 Meadow Drive","1523","3","2","0.16","10/2/2025 4:43 PM","11/13/2025","$136.57","11/12/2025"
"1","SBL","$208,000","$208,000","HILL FARM","65 Farmhouse Circle","1652","4","2","0.15","3/19/2026 4:42 PM","3/19/2026","$125.91","3/18/2026"
"1","SLD","$208,075","$208,075","OAK SPRINGS SUBDIVISION","10 Bird House Way","1459","4","2","0.15","5/16/2025 3:56 PM","5/16/2025","$142.61","7/14/2025"
"1","SBL","$208,202","$208,202","WHITETAIL CROSSING SUBDIVISON","5707 Young Drive","1362","3","2","0.14","5/22/2025 5:38 PM","5/22/2025","$152.86","5/19/2025"
"1","SLD","$208,217","$208,217","OAK SPRINGS SUBDIVISION","4 Sourdough Creek Lane","1355","3","2","0.14","9/2/2025 2:20 PM","9/2/2025","$153.67","12/2/2025"
"2","SLD","$207,615","$208,265","OAK SPRINGS SUBDIVISION","16 Fallen Oak Drive","1523","3","2","0.16","2/3/2025 9:03 AM","5/21/2025","$136.75","5/16/2025"
"5","ACT","$208,300","$208,300","THE VINEYARD SUBDIVISION PHASE 2","7 Cabernet Way","1290","3","2","0.23","6/24/2026 1:14 PM","7/9/2026","$161.47",
"1","SLD","$208,360","$208,360","OAK SPRINGS SUBDIVISION","34 Sourdough Creek Lane","1355","3","2","0.14","8/25/2025 8:58 AM","8/25/2025","$153.77","12/5/2025"
"30","SLD","$209,475","$208,475","DEERFIELD ESTATES","16 Buckshot Drive","1652","4","2","0.16","1/21/2026 10:03 AM","5/28/2026","$126.20","5/26/2026"
"1","SLD","$207,505","$208,505","THE MEADOWS","7016 Potomac Trail","1612","3","2","0.14","12/18/2025 3:02 PM","3/2/2026","$129.35","2/27/2026"
"9","SLD","$208,545","$208,545","HILLDALE CROSSING","1000 Sams Hill Estates","1355","3","2","0.17","10/2/2024 10:43 PM","11/11/2024","$153.91","12/20/2024"
"30","SLD","$208,600","$208,600","THE MEADOWS","8072 Chesapeake Trail","1496","4","2","0.14","3/10/2026 12:38 PM","7/6/2026","$139.44","7/30/2026"
"1","SLD","$210,750","$208,750","COTTAGE WALK SUBDIVISION PHASE 1","1084 Raven Walk Drive","1459","4","2","0.15","3/27/2026 1:12 PM","4/23/2026","$143.08","4/21/2026"
"1","SBL","$208,750","$208,750","HILL FARM","6 Barnwood Drive","1640","4","2","0.18","4/1/2026 10:14 AM","4/1/2026","$127.29","3/31/2026"
"1","SLD","$208,805","$208,805","COUNTRY CLUB OF ARK THE","10612 Mason Drive","1402","3","2","0.10","2/5/2026 12:04 PM","4/3/2026","$148.93","5/15/2026"
"1","SLD","$213,535","$208,835","COUNTRY CLUB OF ARK THE","8113 Eastwood Creek Drive","1402","3","2","0.13","2/7/2025 1:22 PM","6/26/2025","$148.96","6/24/2025"
"1","SLD","$208,900","$208,900","STAGECOACH MEADOWS","55 Sarah Alyse Lane","1699","4","2","0.15","4/17/2025 5:27 PM","4/17/2025","$122.95","5/28/2025"
"1","SLD","$209,900","$208,900","OAK SPRINGS SUBDIVISION","28 Bird House Way","1470","4","2","0.16","3/17/2025 4:52 PM","7/3/2025","$142.11","6/30/2025"
"30","SLD","$211,900","$208,900","SPRINGLAKE TRAILS","15081 Thompson Branch Trail","1442","3","2","0.16","4/8/2026 9:51 AM","7/31/2026","$144.87","7/31/2026"
"1","SLD","$209,900","$208,900","OAK SPRINGS SUBDIVISION","11 Fallen Oak Drive","1651","3","2","0.14","3/28/2025 3:36 PM","8/25/2025","$126.53","8/22/2025"
"31","ACT","$208,900","$208,900","STAGECOACH MEADOWS","100 Nona Ruth Lane","1459","4","2","0.14","6/23/2026 2:26 PM","7/20/2026","$143.18",
"1","SLD","$208,905","$208,905","STAGECOACH MEADOWS","100 Sarah Alyse Lane","1613","4","2","0.15","6/13/2025 9:54 AM","6/13/2025","$129.51","10/21/2025"
"1","SLD","$210,450","$209,000","HILL FARM","83 Farmhouse Circle","1652","4","2","0.16","8/22/2025 11:21 AM","11/19/2025","$126.51","11/18/2025"
"10","SLD","$211,475","$209,000","MIDLAND ESTATES PHASE 1","3149 Ted Craig Drive","1243","3","2","0.12","12/30/2025 2:04 PM","4/23/2026","$168.14","4/21/2026"
"34","SLD","$209,900","$209,000","SPRINGLAKE TRAILS","11121 River Valley Drive","1613","4","2","0.21","4/11/2025 1:36 PM","8/22/2025","$129.57","8/21/2025"
"1","WITH","$209,155","$209,155","DEERFIELD ESTATES","47 Remington Lane","1470","4","2","0.39","10/29/2025 1:21 PM","11/5/2025","$142.28",
"31","SLD","$209,800","$209,200","SOUTHFORK RANCH S/D PH I","127 Powder River Drive","1613","4","2","0.17","1/30/2026 1:41 PM","6/25/2026","$129.70","6/24/2026"
"1","SLD","$209,330","$209,330","COUNTRY CLUB OF ARK THE","10300 Marilyn Drive","1459","4","2","0.12","7/30/2025 11:51 AM","7/30/2025","$143.47","8/28/2025"
"6","WITH","$209,400","$209,400","Metes & Bounds","32 Ten Point Lane","1613","4","2","0.28","6/30/2025 2:59 PM","9/5/2025","$129.82",
"30","SLD","$210,400","$209,400","SPRINGLAKE TRAILS","15009 Thompson Branch Trail","1470","4","2","0.17","3/10/2026 11:37 AM","5/29/2026","$142.45","5/28/2026"
"1","SBL","$209,400","$209,400","BOSTON PROPER SUB","4717 Bosworth Street","1613","4","2","0.15","10/8/2025 3:24 PM","10/8/2025","$129.82","8/26/2025"
"5","SLD","$209,420","$209,420","THE GROVE AT CENTENNIAL VALLEY","6080 Croft Avenue","1470","4","2","0.14","4/11/2025 4:45 PM","5/24/2025","$142.46","7/18/2025"
"1","SLD","$211,450","$209,500","STAGECOACH MEADOWS","60 Maddison Rachael","1699","4","2","0.14","11/26/2025 1:07 PM","3/4/2026","$123.31","3/3/2026"
"1","SLD","$211,550","$209,500","THE GROVE AT CENTENNIAL VALLEY","6656 Hollywood Avenue","1355","3","2","0.08","3/10/2026 2:07 PM","5/15/2026","$154.61","5/14/2026"
"1","SLD","$209,505","$209,505","HILL FARM","70 Farmhouse Circle","1652","4","2","0.17","11/18/2025 2:41 PM","12/9/2025","$126.82","1/20/2026"
"1","SLD","$209,635","$209,635","STAGECOACH MEADOWS","200 Leruss Boulevard","1699","4","2","0.15","3/19/2025 4:37 PM","3/19/2025","$123.39","5/30/2025"
"1","SLD","$209,646","$209,646","OAK SPRINGS SUBDIVISION","8 Sourdough Creek Lane","1612","3","2","0.14","7/1/2025 1:51 PM","7/1/2025","$130.05","10/29/2025"
"4","SLD","$209,800","$209,800","STAGECOACH MEADOWS","110 Kyndall Lauren Lane","1699","4","2","0.17","12/27/2024 4:22 PM","12/27/2024","$123.48","4/25/2025"
"30","SLD","$209,425","$209,800","SPRINGLAKE TRAILS","11169 River Valley Drive","1613","4","2","0.17","7/9/2025 12:16 PM","10/31/2025","$130.07","10/30/2025"
"1","SLD","$210,850","$209,850","PANTHER COVE","763 Gussy Lane","1523","3","2","0.16","3/6/2026 10:34 AM","4/24/2026","$137.79","4/24/2026"
"29","SLD","$209,850","$209,850","COUNTRY CLUB OF ARK THE","10212 Debbie Drive","1362","3","2","0.15","12/27/2024 7:37 PM","4/14/2025","$154.07","6/18/2025"
"11","ACT","$209,900","$209,900","STAGECOACH MEADOWS","120 Nona Ruth Lane","1402","3","2","0.14","7/23/2026 12:09 PM","7/24/2026","$149.71",
"7","WITH","$209,900","$209,900","BELLINGRATH","127 Jasmine Court","1446","3","2","0.14","11/5/2025 12:45 PM","11/5/2025","$145.16",
"1","SLD","$211,900","$209,900","PANTHER COVE","818 Gussy Lane","1355","3","2","0.16","4/7/2026 3:28 PM","5/1/2026","$154.91","4/30/2026"
"1","SLD","$209,900","$209,900","PANTHER COVE","806 Gussy Lane","1355","3","2","0.16","4/7/2026 4:17 PM","4/7/2026","$154.91","6/24/2026"
"1","SLD","$209,900","$209,900","SPRINGLAKE TRAILS","11081 River Valley Drive","1523","3","2","0.17","3/26/2025 2:19 PM","6/4/2025","$137.82","7/15/2025"
"31","SLD","$209,900","$209,900","SPRINGLAKE TRAILS","11097 River Valley Drive","1470","4","2","0.18","3/26/2025 2:06 PM","8/12/2025","$142.79","7/24/2025"
"1","SLD","$209,900","$209,900","STAGECOACH MEADOWS","35 Maddison Rachael","1402","3","2","0.14","3/18/2026 1:25 PM","4/24/2026","$149.71","5/28/2026"
"2","ACT","$209,900","$209,900","SOUTHFORK RANCH S/D PH I","105 King Ranch Drive","1569","3","2","0.18","7/17/2026 12:40 PM","7/27/2026","$133.78",
"2","ACT","$209,900","$209,900","CYPRESS BEND AT WHITE OAK CROSSING","110 Lucy Lane","1051","3","2","0.12","7/17/2026 11:02 AM","7/17/2026","$199.71",
"31","ACT","$209,900","$209,900","THE MEADOWS","8040 Chesapeake Trail","1496","4","2","0.14","5/7/2026 8:41 AM","7/17/2026","$140.31",
"1","SLD","$209,900","$209,900","THE VINEYARD SUBDIVISION PHASE 2","7 E Reliance Court","1355","3","2","0.16","5/7/2026 10:18 AM","6/8/2026","$154.91","6/30/2026"
"8","SLD","$209,900","$209,900","COUNTRY CLUB OF ARK THE","8212 Eastwood Creek Drive","1373","3","2","0.12","12/18/2024 7:55 PM","2/28/2025","$152.88","3/28/2025"
"1","SLD","$209,900","$209,900","SPRINGLAKE TRAILS","11113 River Valley Drive","1355","3","2","0.20","4/11/2025 1:40 PM","5/24/2025","$154.91","6/20/2025"
"7","WITH","$209,900","$209,900","COUNTRY CLUB OF ARK THE","10916 Mason Drive","1402","3","2","0.10","6/16/2025 2:45 PM","8/25/2025","$149.71",
"31","SLD","$214,900","$209,900","COUNTRY CLUB OF ARK THE","8205 Eastwood Creek Drive","1373","3","2","0.12","11/5/2024 12:12 PM","2/27/2025","$152.88","2/27/2025"
"1","WITH","$209,900","$209,900","STAGECOACH MEADOWS","25 Leruss Boulevard","1470","4","2","0.17","8/25/2025 11:19 AM","8/25/2025","$142.79",
"5","ACT","$209,900","$209,900","SPRINGLAKE TRAILS","15120 Thompson Branch Trail","1355","3","2","0.17","6/18/2026 2:23 PM","7/6/2026","$154.91",
"14","ACT","$209,900","$209,900","THE MEADOWS","8073 Chesapeake Trail","1442","3","2","0.14","3/10/2026 12:50 PM","7/17/2026","$145.56",
"2","SLD","$209,910","$209,910","STAGECOACH MEADOWS","25 Sarah Alyse Lane","1699","4","2","0.15","2/3/2025 4:30 PM","3/19/2025","$123.55","4/22/2025"
"1","SLD","$209,924","$209,924","OAK SPRINGS SUBDIVISION","13 Oak Leaf Drive","1612","3","2","0.17","12/2/2025 3:06 PM","12/15/2025","$130.23","3/27/2026"
"2","SLD","$209,950","$209,950","THE GROVE AT CENTENNIAL VALLEY","6032 Croft Avenue","1422","3","2","0.14","2/25/2025 1:39 PM","3/18/2025","$147.64","4/25/2025"
"11","SLD","$210,300","$210,000","SPRINGLAKE TRAILS","11177 River Valley Drive","1523","3","2","0.17","7/9/2025 12:20 PM","10/29/2025","$137.89","10/27/2025"
"1","SLD","$211,000","$210,000","THE GROVE AT CENTENNIAL VALLEY","6657 Hollywood Avenue","1470","4","2","0.09","4/8/2026 11:30 AM","5/18/2026","$142.86","5/15/2026"
"1","SLD","$210,900","$210,000","SPRINGLAKE TRAILS","15048 Thompson Branch Trail","1612","3","2","0.17","1/6/2026 3:54 PM","5/11/2026","$130.27","5/8/2026"
"1","SLD","$213,800","$210,000","THE MEADOWS","7080 Potomac Trail","1442","3","2","0.15","9/3/2025 4:44 PM","1/7/2026","$145.63","1/5/2026"
"1","SLD","$213,650","$210,000","PANTHER COVE","787 Gussy Lane","1523","3","2","0.16","4/7/2026 3:43 PM","4/30/2026","$137.89","4/28/2026"
"1","SLD","$215,900","$210,000","CYPRESS BEND AT WHITE OAK CROSSING","107 Sofia Drive","1248","3","2","0.12","3/5/2026 9:36 AM","5/29/2026","$168.27","5/28/2026"
"1","SLD","$210,000","$210,000","STAGECOACH MEADOWS","135 Sarah Alyse Lane","1699","4","2","0.14","6/27/2025 2:20 PM","6/27/2025","$123.60","8/11/2025"
"1","SLD","$210,035","$210,035","TRAMMEL ESTATES","6549 Leatherwood Loop","1523","3","2","0.15","2/25/2025 9:59 AM","2/25/2025","$137.91","6/23/2025"
"1","SLD","$210,135","$210,135","OAK SPRINGS SUBDIVISION","27 Sunny Oak Trail","1496","4","2","0.15","1/5/2025 9:46 PM","1/5/2025","$140.46","3/21/2025"
"1","SLD","$210,150","$210,150","THE GROVE AT CENTENNIAL VALLEY","1360 Meadows Drive","1652","4","2","0.16","12/14/2024 3:45 PM","12/27/2024","$127.21","1/31/2025"
"1","SLD","$211,555","$210,155","THE GROVE AT CENTENNIAL VALLEY","1487 Meadows Drive","1523","3","2","0.14","7/2/2025 12:08 PM","8/26/2025","$137.99","8/25/2025"
"1","SLD","$212,545","$210,195","STAGECOACH MEADOWS","230 Sarah Alyse Lane","1613","4","2","0.15","9/2/2025 3:49 PM","12/9/2025","$130.31","12/8/2025"
"1","SLD","$209,875","$210,200","COUNTRY CLUB OF ARK THE","10401 Marilyn Drive","1459","4","2","0.11","3/6/2025 1:05 PM","6/27/2025","$144.07","6/24/2025"
"1","SLD","$210,525","$210,525","TRAMMEL ESTATES","6590 Leatherwood Loop","1523","3","2","0.15","2/28/2025 2:27 PM","2/28/2025","$138.23","5/29/2025"
"30","SLD","$210,675","$210,675","COUNTRY CLUB OF ARK THE","10320 Debbie Drive","1362","3","2","0.15","8/6/2024 4:34 PM","2/28/2025","$154.68","3/28/2025"
"1","SLD","$210,680","$210,680","THE GROVE AT CENTENNIAL VALLEY","1479 Meadows Drive","1355","3","2","0.14","7/2/2025 11:59 AM","7/2/2025","$155.48","8/25/2025"
"1","SLD","$210,750","$210,750","COTTAGE WALK SUBDIVISION PHASE 1","1056 Raven Walk Drive","1459","4","2","0.13","3/27/2026 12:57 PM","4/7/2026","$144.45","5/27/2026"
"1","SLD","$210,759","$210,759","OAK SPRINGS SUBDIVISION","6 Sourdough Creek Lane","1651","3","2","0.14","7/1/2025 2:11 PM","7/21/2025","$127.66","9/26/2025"
"1","SLD","$210,800","$210,800","BELL VALLEY","1222 Agogo Lane","1355","3","2","0.13","2/4/2025 5:40 PM","2/4/2025","$155.57","4/14/2025"
"5","ACT","$210,900","$210,900","COTTAGE WALK SUBDIVISION PHASE 1","1617 Rambling Brook Drive","1301","3","2","0.16","7/23/2026 9:49 AM","7/23/2026","$162.11",
"7","WITH","$210,900","$210,900","BELLINGRATH","139 Jasmine Court","1446","3","2","0.26","11/5/2025 1:41 PM","11/5/2025","$145.85",
"7","WITH","$210,900","$210,900","TERRENCE COVE","165 Meadow Drive","1472","3","2","0.16","8/1/2025 11:39 AM","8/1/2025","$143.27",
"1","SLD","$210,900","$210,900","SPRINGLAKE TRAILS","15016 Thompson Branch Trail","1442","3","2","0.17","12/30/2025 4:36 PM","2/11/2026","$146.26","3/16/2026"
"1","SBL","$211,000","$211,000","COUNTRY CLUB OF ARK THE","8200 Kennedy Lane","1402","3","2","0.11","6/19/2026 1:41 PM","6/19/2026","$150.50","6/18/2026"
"32","SLD","$214,700","$211,000","COUNTRY CLUB OF ARK THE","10208 Debbie Drive","1459","4","2","0.15","12/27/2024 7:19 PM","8/25/2025","$144.62","8/22/2025"
"1","SLD","$204,955","$211,000","STAGECOACH MEADOWS","220 Leruss Boulevard","1699","4","2","0.14","7/2/2025 8:34 AM","10/15/2025","$124.19","10/14/2025"
"1","SLD","$211,375","$211,000","SPRINGLAKE TRAILS","11236 River Valley Drive","1523","3","2","0.17","7/9/2025 12:25 PM","9/29/2025","$138.54","9/24/2025"
"1","SLD","$211,035","$211,035","BELL VALLEY","1229 Crotale Street","1355","3","2","0.13","2/28/2025 2:47 PM","2/28/2025","$155.75","6/25/2025"
"1","SLD","$207,425","$211,075","OAK SPRINGS SUBDIVISION","48 Sourdough Creek Lane","1496","4","2","0.15","9/24/2025 11:40 AM","2/19/2026","$141.09","2/17/2026"
"30","SLD","$208,900","$211,100","STAGECOACH MEADOWS","170 Maddison Rachael","1402","3","2","0.14","1/29/2026 2:03 PM","6/30/2026","$150.57","6/29/2026"
"1","SLD","$210,900","$211,287","OAK SPRINGS SUBDIVISION","1 Fallen Oak Drive","1651","3","2","0.15","3/14/2025 5:35 PM","7/29/2025","$127.98","7/25/2025"
"1","SBL","$216,131","$211,482","OAK SPRINGS SUBDIVISION","16 Bird House Way","1651","3","2","0.15","7/11/2025 9:11 AM","7/11/2025","$128.09","7/10/2025"
"1","SLD","$213,000","$211,500","THE GROVE AT CENTENNIAL VALLEY","6649 Hollywood Avenue","1422","3","2","0.20","1/23/2026 3:16 PM","5/22/2026","$148.73","5/20/2026"
"4","SLD","$211,525","$211,525","STAGECOACH MEADOWS","80 Sarah Alyse Lane","1613","4","2","0.15","3/14/2025 1:13 PM","3/19/2025","$131.14","5/7/2025"
"1","SLD","$214,545","$211,545","THE GROVE AT CENTENNIAL VALLEY","6065 Croft Avenue","1470","4","2","0.14","2/25/2025 1:31 PM","5/19/2025","$143.91","5/15/2025"
"30","TBU","$211,550","$211,550","THE MEADOWS","8088 Chesapeake Trail","1442","3","2","0.14","3/10/2026 12:48 PM","4/3/2026","$146.71",
"1","SLD","$213,555","$211,555","THE GROVE AT CENTENNIAL VALLEY","1455 Meadows Drive","1422","3","2","0.14","7/2/2025 11:54 AM","8/29/2025","$148.77","8/27/2025"
"1","SBL","$211,600","$211,600","PANTHER COVE","759 Gussy Lane","1633","4","2","0.16","4/1/2026 1:44 PM","4/1/2026","$129.58","3/31/2026"
"9","SLD","$212,680","$211,680","CYPRESS BEND AT WHITE OAK CROSSING","102 Sofia Drive","1248","3","2","0.11","1/6/2026 12:44 PM","4/23/2026","$169.62","4/20/2026"
"1","SLD","$213,700","$211,700","SPRINGLAKE TRAILS","11209 River Valley Drive","1613","4","2","0.17","10/2/2025 4:13 PM","11/26/2025","$131.25","11/26/2025"
"1","SLD","$217,755","$211,755","DEERFIELD ESTATES","38 Ten Point Lane","1652","4","2","0.21","6/30/2025 3:25 PM","10/24/2025","$128.18","10/23/2025"
"1","SLD","$213,275","$211,775","OAK SPRINGS SUBDIVISION","29 Sourdough Creek Lane","1470","4","2","0.17","8/22/2025 11:52 AM","11/26/2025","$144.06","11/25/2025"
"1","SLD","$211,830","$211,830","DEERFIELD ESTATES","16 Ruger Cove","1652","4","2","0.14","12/2/2025 2:38 PM","12/15/2025","$128.23","4/2/2026"
"14","SLD","$211,900","$211,900","THE GROVE AT CENTENNIAL VALLEY","6064 Croft Avenue","1470","4","2","0.16","1/5/2025 8:18 PM","2/25/2025","$144.15","3/31/2025"
"1","SLD","$211,900","$211,900","STAGECOACH MEADOWS","50 Nona Ruth Lane","1459","4","2","0.14","3/18/2026 1:21 PM","4/24/2026","$145.24","5/28/2026"
"14","ACT","$211,900","$211,900","COTTAGE WALK SUBDIVISION PHASE 1","1620 Rambling Brook Drive","1355","3","2","0.15","6/10/2026 9:43 AM","7/20/2026","$156.38",
"1","SLD","$210,400","$211,900","TRAMMEL ESTATES","6632 Watercrest Loop","1470","4","2","0.14","7/8/2025 4:32 PM","12/23/2025","$144.15","12/22/2025"
"2","ACT","$211,900","$211,900","STAGECOACH MEADOWS","105 Maddison Rachael","1459","4","2","0.14","6/23/2026 2:09 PM","7/20/2026","$145.24",
"1","SLD","$211,900","$211,900","PANTHER COVE","794 Gussy Lane","1355","3","2","0.06","4/7/2026 4:14 PM","4/7/2026","$156.38","5/29/2026"
"1","SLD","$221,900","$211,900","THE MEADOWS","8097 Chesapeake Trail","1612","3","2","0.14","4/8/2026 12:05 PM","6/19/2026","$131.45","6/17/2026"
"1","SLD","$213,900","$211,900","THE GROVE AT CENTENNIAL VALLEY","6681 Hollywood Avenue","1422","3","2","0.14","4/8/2026 11:33 AM","5/29/2026","$149.02","5/28/2026"
"1","SBL","$211,925","$211,925","OAK SPRINGS SUBDIVISION","10 Oak Leaf Drive","1355","3","2","0.14","4/10/2026 12:08 PM","4/10/2026","$156.40","4/9/2026"
"1","SLD","$213,155","$212,000","THE MEADOWS","7056 Potomac Trail","1699","4","2","0.14","10/30/2025 10:23 AM","3/2/2026","$124.78","2/27/2026"
"1","SLD","$213,530","$212,000","THE MEADOWS","7008 Potomac Trail","1699","4","2","0.14","12/18/2025 3:16 PM","2/27/2026","$124.78","2/26/2026"
"1","SLD","$214,450","$212,000","PANTHER COVE","767 Gussy Lane","1633","3","2","0.16","3/5/2026 11:59 AM","5/1/2026","$129.82","4/29/2026"
"1","SLD","$212,000","$212,000","MIDLAND ESTATES PHASE 1","3116 Ted Craig Drive","1355","3","2","0.15","1/21/2026 11:17 AM","2/23/2026","$156.46","5/11/2026"
"1","SLD","$213,035","$212,000","BELL VALLEY","1206 Agogo Lane","1216","3","2","0.14","2/7/2025 1:51 PM","4/29/2025","$174.34","4/25/2025"
"1","SBL","$212,000","$212,000","THE GROVE AT CENTENNIAL VALLEY","1527 Meadows Drive","1355","3","2","0.17","7/25/2025 9:04 AM","7/25/2025","$156.46","7/23/2025"
"33","SLD","$213,150","$212,000","Metes & Bounds","19 Ten Point Lane","1613","4","2","0.19","2/26/2025 3:23 PM","7/7/2025","$131.43","7/3/2025"
"11","SLD","$213,005","$212,005","THE MEADOWS","7072 Potomac Trail","1496","4","2","0.14","9/3/2025 4:25 PM","12/24/2025","$141.71","12/23/2025"
"1","SLD","$212,060","$212,060","TRAMMEL ESTATES","6654 Leatherwood Loop","1523","3","2","0.15","12/12/2024 3:26 PM","12/12/2024","$139.24","1/31/2025"
"1","SLD","$212,174","$212,174","OAK SPRINGS SUBDIVISION","42 Sourdough Creek Lane","1612","3","2","0.14","9/5/2025 2:06 PM","9/5/2025","$131.62","12/23/2025"
"1","SBL","$212,400","$212,400","THE VINEYARD SUBDIVISION PHASE 2","17 E Reliance Court","1355","3","2","0.14","5/29/2026 5:13 PM","5/29/2026","$156.75","5/29/2026"
"2","SLD","$212,610","$212,610","TRAMMEL ESTATES","6533 Leatherwood Loop","1640","4","2","0.20","3/19/2025 2:37 PM","3/19/2025","$129.64","5/23/2025"
"1","SLD","$212,650","$212,650","THE MEADOWS","7065 Potomac Trail","1651","3","2","0.15","11/20/2025 1:15 PM","1/6/2026","$128.80","2/27/2026"
"1","SLD","$212,675","$212,675","THE GROVE AT CENTENNIAL VALLEY","6016 Croft Avenue","1496","4","2","0.14","2/25/2025 1:16 PM","4/17/2025","$142.16","5/30/2025"
"1","SLD","$212,767","$212,767","TRAMMEL ESTATES","6678 Leatherwood Loop","1523","3","2","0.15","1/19/2025 6:54 PM","1/19/2025","$139.70","1/23/2025"
"1","SLD","$212,800","$212,800","OAK SPRINGS SUBDIVISION","44 Sourdough Creek Lane","1651","3","2","0.14","9/24/2025 11:59 AM","9/24/2025","$128.89","2/10/2026"
"1","SLD","$212,825","$212,825","HILL FARM","9 Hearthstone Trail","1652","4","2","0.17","2/20/2025 3:11 PM","2/20/2025","$128.83","5/1/2025"
"1","SLD","$212,885","$212,885","THE GROVE AT CENTENNIAL VALLEY","1463 Meadows Drive","1470","4","2","0.14","7/2/2025 11:50 AM","7/3/2025","$144.82","8/14/2025"
"7","WITH","$212,900","$212,900","TERRENCE COVE","163 Meadow Drive","1439","4","2","0.16","8/1/2025 11:54 AM","8/1/2025","$147.95",
"7","SLD","$212,900","$212,900","COUNTRY CLUB OF ARK THE","10216 Debbie Drive","1459","4","2","0.15","12/5/2024 1:53 PM","1/30/2025","$145.92","2/27/2025"
"1","SLD","$212,900","$212,900","STAGECOACH MEADOWS","55 Maddison Rachael","1459","4","2","0.14","4/29/2026 1:28 PM","4/29/2026","$145.92","7/24/2026"
"1","SLD","$214,900","$212,900","BELL VALLEY","1268 Agogo Lane","1439","4","2","0.16","12/21/2024 7:26 AM","2/28/2025","$147.95","2/28/2025"
"1","SLD","$212,900","$212,900","OAK SPRINGS SUBDIVISION","26 Fallen Oak Drive","1633","3","2","0.17","2/21/2025 11:21 AM","2/21/2025","$130.37","4/18/2025"
"11","ACT","$212,900","$212,900","THE MEADOWS","8000 Chesapeake Trail","1373","3","2","0.14","7/23/2026 2:44 PM","7/24/2026","$155.06",
"1","SLD","$212,985","$212,985","TRAMMEL ESTATES","6532 Leatherwood Loop","1640","4","2","0.20","3/19/2025 2:40 PM","3/19/2025","$129.87","6/16/2025"
"1","SLD","$216,100","$213,000","STAGECOACH MEADOWS","45 Maddison Rachael","1496","4","2","0.14","3/18/2026 1:04 PM","5/28/2026","$142.38","5/27/2026"
"1","SLD","$213,000","$213,000","STAGECOACH MEADOWS","20 Sarah Alyse Lane","1613","4","2","0.15","2/3/2025 4:20 PM","2/3/2025","$132.05","4/11/2025"
"2","SLD","$214,725","$213,000","COUNTRY CLUB OF ARK THE","10204 Debbie Drive","1362","3","2","0.15","12/27/2024 7:06 PM","4/22/2025","$156.39","4/18/2025"
"1","SLD","$216,030","$213,000","COUNTRY CLUB OF ARK THE","8205 Kennedy Lane","1567","3","2","0.10","11/19/2025 2:53 PM","3/13/2026","$135.93","3/12/2026"
"1","SLD","$213,050","$213,050","HILL FARM","21 Hearthstone Trail","1652","4","2","0.17","2/20/2025 3:08 PM","2/20/2025","$128.96","5/22/2025"
"14","SLD","$213,155","$213,155","TRAMMEL ESTATES","6728 Watercrest Loop","1470","4","2","0.10","6/16/2025 11:53 AM","6/16/2025","$145.00","9/26/2025"
"1","SLD","$218,251","$213,251","BELL VALLEY","1218 Crotale Street","1355","3","2","0.13","6/9/2025 10:20 AM","8/26/2025","$157.38","8/25/2025"
"1","SLD","$213,405","$213,405","TRAMMEL ESTATES","6760 Watercrest Loop","1470","4","2","0.14","4/11/2025 4:09 PM","4/11/2025","$145.17","6/23/2025"
"1","SLD","$214,735","$213,435","SPRINGLAKE TRAILS","11078 River Valley Drive","1523","3","2","0.17","3/26/2025 2:22 PM","6/24/2025","$140.14","6/20/2025"
"1","SLD","$213,500","$213,500","OAK SPRINGS SUBDIVISION","19 Sourdough Creek Lane","1651","3","2","0.14","10/29/2025 3:24 PM","10/29/2025","$129.32","10/29/2025"
"1","SLD","$213,725","$213,725","COUNTRY CLUB OF ARK THE","8209 Kennedy Lane","1373","3","2","0.10","11/19/2025 2:58 PM","11/19/2025","$155.66","1/29/2026"
"29","ACT","$213,900","$213,900","SPRINGLAKE TRAILS","15088 Thompson Branch Trail","1523","3","2","0.16","4/8/2026 9:59 AM","7/17/2026","$140.45",
"1","SLD","$213,900","$213,900","OAK SPRINGS SUBDIVISION","12 Fallen Oake Drive","1699","4","2","0.14","3/18/2025 9:19 AM","3/18/2025","$125.90","6/6/2025"
"31","SLD","$217,550","$214,000","THE GROVE AT CENTENNIAL VALLEY","6009 Croft Avenue","1496","4","2","0.14","3/14/2025 5:16 PM","5/29/2025","$143.05","5/28/2025"
"1","SLD","$214,600","$214,000","THE MEADOWS","8096 Chesapeake Trail","1496","4","2","0.14","3/10/2026 12:40 PM","5/29/2026","$143.05","5/28/2026"
"1","SLD","$214,030","$214,030","TRAMMEL ESTATES","6776 Watercrest Loop","1523","3","2","0.15","2/21/2025 4:22 PM","2/21/2025","$140.53","6/23/2025"
"1","SLD","$214,055","$214,055","TRAMMEL ESTATES","6712 Watercrest Loop","1425","3","2","0.38","6/16/2025 12:09 PM","6/16/2025","$150.21","8/28/2025"
"1","SLD","$214,155","$214,155","WHITE OAK CROSSING","8209 Stacey Lane","1459","4","2","0.10","6/16/2025 2:14 PM","6/26/2025","$146.78","7/22/2025"
"31","SLD","$214,250","$214,250","COUNTRY CLUB OF ARK THE","10217 Debbie Drive","1402","3","2","0.15","11/5/2024 12:43 PM","12/27/2024","$152.82","2/13/2025"
"3","SBL","$214,285","$214,285","TRAMMEL ESTATES","6694 Leatherwood Loop","1640","4","2","0.17","2/28/2025 11:09 AM","2/28/2025","$130.66","2/27/2025"
"3","SLD","$214,490","$214,490","STAGECOACH MEADOWS","125 Kyndall Lauren Lane","1613","4","2","0.17","12/27/2024 4:37 PM","3/7/2025","$132.98","4/28/2025"
"1","SLD","$215,500","$214,500","WHITE OAK CROSSING","8208 Stacey Lane","1459","4","2","0.10","6/16/2025 3:04 PM","9/30/2025","$147.02","9/30/2025"
"1","SLD","$214,535","$214,535","THE GROVE AT CENTENNIAL VALLEY","6008 Croft Avenue","1470","4","2","0.14","2/25/2025 1:27 PM","3/18/2025","$145.94","4/23/2025"
"1","SLD","$214,500","$214,550","COUNTRY CLUB OF ARK THE","10420 Marilyn Drive","1362","3","2","0.12","7/2/2025 2:57 PM","9/24/2025","$157.53","9/19/2025"
"5","WITH","$214,775","$214,775","OAK SPRINGS SUBDIVISION","33 Sourdough Creek Lane","1699","4","2","0.17","8/22/2025 12:00 PM","8/22/2025","$126.41",
"1","SLD","$211,450","$214,800","TRAMMEL ESTATES","6641 Watercrest Loop","1470","4","2","0.14","7/9/2025 12:48 PM","10/30/2025","$146.12","10/29/2025"
"1","WITH","$214,815","$214,815","BELL VALLEY","1280 Tsar Road","1446","3","2","0.16","7/25/2025 1:35 PM","8/22/2025","$148.56",
"1","SLD","$218,275","$214,875","COUNTRY CLUB OF ARK THE","10720 Mason Drive","1402","3","2","0.10","10/30/2025 11:33 AM","1/26/2026","$153.26","1/23/2026"
"30","SLD","$216,900","$214,900","SPRINGLAKE TRAILS","15057 Thompson Branch Trail","1523","3","2","0.17","3/10/2026 12:05 PM","7/1/2026","$141.10","6/30/2026"
"31","ACT","$214,900","$214,900","SPRINGLAKE TRAILS","15105 Thompson Branch Trail","1446","3","2","0.17","5/6/2026 1:05 PM","7/6/2026","$148.62",
"9","TBU","$214,900","$214,900","SPRINGLAKE TRAILS","15121 Thompson Branch Trail","1446","3","2","0.17","5/6/2026 1:02 PM","6/17/2026","$148.62",
"10","ACT","$214,900","$214,900","SPRINGLAKE TRAILS","15104 Thompson Branch Trail","1442","3","2","0.17","6/18/2026 2:13 PM","7/6/2026","$149.03",
"1","UCT","$214,900","$214,900","STAGECOACH MEADOWS","70 Nona Ruth Lane","1612","3","2","0.14","4/29/2026 1:41 PM","4/29/2026","$133.31","7/9/2026"
"30","ACT","$214,900","$214,900","SPRINGLAKE TRAILS","15089 Thompson Branch Trail","1612","3","2","0.16","4/8/2026 10:06 AM","7/17/2026","$133.31",
"2","SLD","$214,900","$214,900","THE GROVE AT CENTENNIAL VALLEY","4567 Olympic Drive","1640","4","2","0.15","1/31/2025 4:21 PM","2/7/2025","$131.04","3/21/2025"
"1","SLD","$214,900","$214,900","OAK SPRINGS SUBDIVISION","8 Bird House Way","1699","4","2","0.15","3/18/2025 8:53 AM","3/18/2025","$126.49","6/30/2025"
"1","SLD","$213,125","$214,900","OAK SPRINGS SUBDIVISION","7 Fallen Oak Drive","1699","4","2","0.14","3/18/2025 9:13 AM","6/26/2025","$126.49","6/25/2025"
"1","SLD","$214,900","$214,900","PANTHER COVE","814 Gussy Lane","1442","3","2","0.16","4/2/2026 1:10 PM","4/7/2026","$149.03","5/6/2026"
"5","ACT","$214,900","$214,900","THE MEADOWS","8016 Chesapeake Trail","1442","3","2","0.14","7/23/2026 2:17 PM","7/24/2026","$149.03",
"33","SLD","$214,900","$214,900","SPRINGLAKE TRAILS","11105 River Valley Drive","1613","4","2","0.17","3/26/2025 1:47 PM","6/4/2025","$133.23","7/10/2025"
"1","SLD","$214,910","$214,910","BELL VALLEY","1235 Agogo Lane","1439","4","2","0.16","12/21/2024 6:57 AM","1/30/2025","$149.35","3/28/2025"
"1","SBL","$214,925","$214,925","TRAMMEL ESTATES","6695 Leatherwood Loop","1652","4","2","0.15","1/22/2025 11:04 AM","1/22/2025","$130.10","1/21/2025"
"1","WITH","$214,925","$214,925","TRAMMEL ESTATES","6695 Leatherwood Loop","1652","4","2","0.15","1/19/2025 9:59 PM","1/19/2025","$130.10",
"1","SLD","$215,275","$215,000","COUNTRY CLUB OF ARK THE","10616 Mason Drive","1459","4","2","0.10","12/31/2025 11:17 AM","4/1/2026","$147.36","3/31/2026"
"1","SLD","$220,985","$215,000","BELL VALLEY","1232 Agogo Lane","1509","4","2","0.13","1/31/2025 5:08 PM","7/25/2025","$142.48","7/23/2025"
"30","SLD","$217,705","$215,000","SPRINGLAKE TRAILS","15008 Thompson Branch Trail","1613","4","2","0.17","12/17/2025 3:43 PM","4/23/2026","$133.29","4/23/2026"
"1","SLD","$224,435","$215,000","COUNTRY CLUB OF ARK THE","10412 Marilyn Drive","1459","4","2","0.12","6/27/2025 1:35 PM","9/30/2025","$147.36","9/29/2025"
"1","SLD","$210,900","$215,000","TRAMMEL ESTATES","6696 Watercrest Loop","1523","3","2","0.15","6/16/2025 11:57 AM","9/12/2025","$141.17","9/10/2025"
"10","SLD","$220,540","$215,000","BELL VALLEY","1241 Crotale Street","1355","3","2","0.13","3/28/2025 2:02 PM","7/25/2025","$158.67","7/24/2025"
"1","SLD","$216,400","$215,100","THE GROVE AT CENTENNIAL VALLEY","2337 Bassett Street","1422","3","2","0.15","5/6/2026 2:13 PM","7/31/2026","$151.27","7/30/2026"
"1","SLD","$219,125","$215,125","MIDLAND ESTATES PHASE 1","3133 Ted Craig Drive","1381","3","2","0.16","12/30/2025 1:44 PM","3/18/2026","$155.77","3/17/2026"
"1","SLD","$215,185","$215,185","STAGECOACH MEADOWS","60 Sarah Alyse Lane","1699","4","2","0.15","2/3/2025 4:04 PM","3/7/2025","$126.65","4/25/2025"
"1","SLD","$215,235","$215,235","OAK SPRINGS SUBDIVISION","23 Fallen Oak Drive","1523","3","2","0.17","2/3/2025 9:12 AM","2/3/2025","$141.32","4/18/2025"
"1","SLD","$215,275","$215,275","STAGECOACH MEADOWS","220 Sarah Alyse Lane","1699","4","2","0.18","8/25/2025 11:44 AM","8/25/2025","$126.71","11/25/2025"
"1","SLD","$215,385","$215,385","TRAMMEL ESTATES","6753 Watercrest Loop","1470","4","2","0.14","4/28/2025 4:32 PM","4/28/2025","$146.52","7/29/2025"
"1","SLD","$215,400","$215,400","COTTAGE WALK SUBDIVISION PHASE 1","1040 Raven Walk Drive","1496","4","2","0.13","3/27/2026 11:09 AM","5/18/2026","$143.98","6/26/2026"
"10","SLD","$216,425","$215,425","SPRINGLAKE TRAILS","13081 River Creek Lane","1523","3","2","0.16","8/22/2024 8:54 PM","1/29/2025","$141.45","10/30/2024"
"1","SLD","$216,700","$215,500","SPRINGLAKE TRAILS","11217 River Valley Drive","1652","4","2","0.17","10/16/2025 11:33 AM","12/5/2025","$130.45","12/5/2025"
"1","SLD","$215,600","$215,600","SOUTHFORK RANCH S/D PH I","123 Powder River Drive","1852","4","2","0.18","1/12/2026 3:01 PM","2/3/2026","$116.41","3/27/2026"
"1","SLD","$217,600","$215,600","THE GROVE AT CENTENNIAL VALLEY","6648 Hollywood Avenue","1470","4","2","0.15","3/10/2026 2:01 PM","5/29/2026","$146.67","5/28/2026"
"2","SLD","$215,895","$215,895","OAK SPRINGS SUBDIVISION","25 Sunny Oak Trail","1651","3","2","0.15","1/5/2025 9:27 PM","1/5/2025","$130.77","3/28/2025"
"8","ACT","$215,900","$215,900","ROSEMARY FIELDS PHASE I","209 Flat Wood Avenue","1290","3","2","0.12","7/21/2026 4:26 PM","7/21/2026","$167.36",
"2","ACT","$215,900","$215,900","THE VINEYARD SUBDIVISION PHASE 2","103 E Concord Road","1413","3","2","0.23","6/24/2026 3:53 PM","7/20/2026","$152.80",
"31","ACT","$215,900","$215,900","THE MEADOWS","8057 Chesapeake Trail","1496","4","2","0.14","5/7/2026 8:38 AM","6/25/2026","$144.32",
"1","SLD","$215,900","$215,900","PANTHER COVE","834 Gussy Lane","1442","3","2","0.14","4/7/2026 3:22 PM","4/7/2026","$149.72","5/18/2026"
"1","SLD","$217,900","$215,900","THE GROVE AT CENTENNIAL VALLEY","6673 Hollywood Avenue","1470","4","2","0.14","4/8/2026 11:27 AM","5/29/2026","$146.87","5/28/2026"
"1","SLD","$215,900","$215,900","STAGECOACH MEADOWS","75 Maddison Rachael","1612","3","2","0.14","4/29/2026 1:50 PM","4/29/2026","$133.93","6/29/2026"
"1","SLD","$216,935","$215,935","COUNTRY CLUB OF ARK THE","10220 Marilyn Drive","1402","3","2","0.12","3/6/2025 1:12 PM","6/2/2025","$154.02","5/29/2025"
"1","WITH","$215,975","$215,975","TERRENCE COVE","169 Meadow Drive","1613","4","2","0.16","7/2/2025 9:45 AM","9/10/2025","$133.90",
"1","SLD","$217,710","$216,000","BELL VALLEY","1223 Agogo Lane","1420","3","2","0.16","1/13/2025 7:38 AM","3/7/2025","$152.11","3/7/2025"
"15","SLD","$216,235","$216,000","THE GROVE AT CENTENNIAL VALLEY","6040 Croft Avenue","1523","3","2","0.16","1/12/2025 11:39 PM","3/31/2025","$141.83","3/31/2025"
"1","SLD","$219,825","$216,000","MIDLAND ESTATES PHASE 1","3109 Ted Craig Drive","1355","3","2","0.15","1/6/2026 2:06 PM","3/19/2026","$159.41","3/18/2026"
"1","SLD","$216,131","$216,131","OAK SPRINGS SUBDIVISION","4 Bird House Way","1651","3","2","0.14","4/3/2025 4:32 PM","4/3/2025","$130.91","6/27/2025"
"1","SLD","$216,295","$216,295","COTTAGE WALK SUBDIVISION PHASE 1","1036 Raven Walk Drive","1459","4","2","0.12","3/31/2026 3:08 PM","5/7/2026","$148.25","6/30/2026"
"30","SLD","$216,900","$216,325","SOUTHFORK RANCH S/D PH I","119 Powder River Drive","1840","4","2","0.18","1/5/2026 3:06 PM","5/22/2026","$117.57","5/22/2026"
"1","SLD","$218,360","$216,360","WHITE OAK CROSSING","11008 Mason Drive","1459","4","2","0.11","6/16/2025 2:41 PM","9/17/2025","$148.29","9/12/2025"
"2","WITH","$216,600","$216,600","PANTHER COVE","759 Gussy Lane","1633","4","2","0.16","3/5/2026 12:38 PM","3/5/2026","$132.64",
"1","SLD","$218,700","$216,700","COTTAGE WALK SUBDIVISION PHASE 1","1612 Rambling Brook Drive","1459","4","2","0.15","5/22/2026 11:33 AM","7/30/2026","$148.53","7/29/2026"
"1","SLD","$216,700","$216,700","STAGECOACH MEADOWS","120 Kyndall Lauren Lane","1699","4","2","0.15","4/3/2025 3:45 PM","4/3/2025","$127.55","7/28/2025"
"1","SLD","$216,775","$216,775","SPRINGLAKE TRAILS","11073 River Valley Drive","1470","4","2","0.17","2/21/2025 4:57 PM","2/21/2025","$147.47","7/2/2025"
"1","SLD","$217,825","$216,800","OAK SPRINGS SUBDIVISION","31 Sunny Oak Trail","1612","3","2","0.14","2/3/2025 11:36 AM","4/4/2025","$134.49","4/3/2025"
"1","WITH","$216,875","$216,875","COUNTRY CLUB OF ARK THE","10412 Marilyn Drive","1459","4","2","0.12","6/27/2025 1:29 PM","6/27/2025","$148.65",
"32","SLD","$216,875","$216,875","COUNTRY CLUB OF ARK THE","10212 Marilyn Drive","1459","4","2","0.12","2/7/2025 3:46 PM","5/9/2025","$148.65","6/9/2025"
"30","UCT","$216,900","$216,900","COTTAGE WALK SUBDIVISION PHASE 1","1044 Raven Walk Drive","1651","3","2","0.13","4/7/2026 11:46 AM","7/20/2026","$131.37","8/28/2026"
"31","UCT","$216,900","$216,900","COTTAGE WALK SUBDIVISION PHASE 1","1016 Raven Walk Drive","1651","3","2","0.12","4/7/2026 11:41 AM","7/20/2026","$131.37","8/18/2026"
"30","UCT","$216,900","$216,900","COTTAGE WALK SUBDIVISION PHASE 1","1004 Raven Walk Drive","1612","3","2","0.11","5/22/2026 11:30 AM","7/20/2026","$134.55","8/31/2026"
"1","SLD","$219,900","$216,900","PANTHER COVE","786 Gussy Lane","1459","4","2","0.16","4/2/2026 1:16 PM","6/30/2026","$148.66","6/29/2026"
"1","SBL","$216,900","$216,900","COTTAGE WALK SUBDIVISION PHASE 1","1600 Rambling Brook Drive","1442","4","2","0.17","7/17/2026 4:22 PM","7/17/2026","$150.42","7/16/2026"
"8","ACT","$216,900","$216,900","COTTAGE WALK SUBDIVISION PHASE 1","1613 Rambling Brook Drive","1441","3","2","0.15","7/23/2026 9:59 AM","7/23/2026","$150.52",
"2","ACT","$216,900","$216,900","THE VINEYARD SUBDIVISION PHASE 2","12 Cabernet Way","1413","3","2","0.16","7/23/2026 3:03 PM","7/23/2026","$153.50",
"1","SLD","$216,925","$216,925","WHITE OAK CROSSING","8205 Fitzgerald Lane","1459","4","2","0.10","3/19/2025 1:20 PM","5/7/2025","$148.68","7/22/2025"
"1","SLD","$216,960","$216,960","OAK SPRINGS SUBDIVISION","21 Fallen Oak Drive","1633","3","2","0.17","2/3/2025 11:07 AM","2/3/2025","$132.86","5/14/2025"
"1","SLD","$231,900","$217,000","COTTAGE WALK SUBDIVISION PHASE 1","1052 Raven Walk Drive","1699","4","2","0.13","4/7/2026 12:25 PM","4/24/2026","$127.72","4/24/2026"
"1","SLD","$213,925","$217,000","STAGECOACH MEADOWS","260 Sarah Alyse Lane","1699","4","2","0.15","10/16/2025 11:10 AM","12/3/2025","$127.72","12/1/2025"
"1","SLD","$218,160","$217,000","COUNTRY CLUB OF ARK THE","10208 Marilyn Drive","1362","3","2","0.12","2/7/2025 3:55 PM","5/25/2025","$159.32","5/22/2025"
"1","SLD","$214,900","$217,000","THE GROVE AT CENTENNIAL VALLEY","5016 Cobblefield Cove","1496","4","2","0.20","12/30/2025 5:25 PM","4/17/2026","$145.05","4/17/2026"
"1","SLD","$218,900","$217,000","THE GROVE AT CENTENNIAL VALLEY","6642 Hollywood Avenue","1523","3","2","0.15","1/23/2026 3:23 PM","5/27/2026","$142.48","5/26/2026"
"1","SLD","$215,785","$217,000","SPRINGLAKE TRAILS","11041 River Valley Drive","1523","3","2","0.14","2/6/2025 11:39 AM","5/2/2025","$142.48","5/2/2025"
"2","SLD","$219,650","$217,000","SPRINGLAKE TRAILS","13008 River Creek Lane","1496","4","2","0.20","2/26/2025 9:27 AM","3/28/2025","$145.05","3/28/2025"
"1","SLD","$217,080","$217,080","OAK SPRINGS SUBDIVISION","38 Sourdough Creek Lane","1699","4","2","0.14","9/2/2025 2:37 PM","9/2/2025","$127.77","2/18/2026"
"1","SLD","$217,808","$217,080","COUNTRY CLUB OF ARK THE","10721 Mason Drive","1373","3","2","0.10","9/30/2025 2:59 PM","12/31/2025","$158.11","12/29/2025"
"1","SLD","$217,350","$217,350","COUNTRY CLUB OF ARK THE","10320 Marilyn Drive","1362","3","2","0.12","8/12/2025 2:00 PM","8/12/2025","$159.58","8/11/2025"
"8","WITH","$217,400","$217,400","BELLINGRATH","123 Jasmine Court","1640","4","2","0.17","10/29/2025 12:24 PM","10/29/2025","$132.56",
"1","SLD","$217,400","$217,400","PANTHER COVE","830 Gussy Lane","1459","4","2","0.10","3/6/2026 10:29 AM","3/6/2026","$149.01","4/29/2026"
"1","SLD","$217,475","$217,475","WHITE OAK CROSSING","8201 Fitzgerald Lane","1402","3","2","0.11","3/19/2025 1:26 PM","5/7/2025","$155.12","7/23/2025"
"30","SLD","$217,500","$217,500","MIDLAND ESTATES PHASE 1","3132 Ted Craig Drive","1381","3","2","0.15","12/30/2025 1:54 PM","4/7/2026","$157.49","5/18/2026"
"1","SLD","$217,550","$217,550","SPRINGLAKE TRAILS","15049 Thompson Branch Trail","1613","4","2","0.10","3/10/2026 12:01 PM","5/7/2026","$134.87","7/17/2026"
"13","SLD","$217,600","$217,600","PANTHER COVE","779 Gussy Lane","1633","3","2","0.16","3/5/2026 12:05 PM","3/18/2026","$133.25","4/22/2026"
"32","SLD","$217,705","$217,705","COUNTRY CLUB OF ARK THE","8209 Eastwood Creek Drive","1459","4","2","0.12","11/5/2024 11:55 AM","12/27/2024","$149.22","1/22/2025"
"1","SLD","$217,775","$217,775","COUNTRY CLUB OF ARK THE","8016 Kim Drive","1362","3","2","0.11","4/11/2025 3:31 PM","4/11/2025","$159.89","6/24/2025"
"1","SLD","$217,800","$217,800","STAGECOACH MEADOWS","280 Sarah Alyse Lane","1699","4","2","0.15","11/13/2025 1:30 PM","11/13/2025","$128.19","12/12/2025"
"1","SLD","$222,165","$217,815","SOUTHFORK RANCH S/D PH I","107 Powder River Drive","1852","4","2","0.18","1/12/2026 10:01 AM","1/28/2026","$117.61","1/27/2026"
"1","SLD","$220,500","$217,850","THE GROVE AT CENTENNIAL VALLEY","6680 Hollywood Avenue","1523","3","2","0.15","3/10/2026 1:55 PM","5/29/2026","$143.04","5/28/2026"
"1","SBL","$217,900","$217,900","COUNTRY CLUB OF ARK THE","8300 Kim Drive","1470","4","2","0.16","7/31/2026 11:56 AM","7/31/2026","$148.23","7/30/2026"
"1","SLD","$222,190","$217,900","COUNTRY CLUB OF ARK THE","8021 Donna Drive","1459","4","2","0.11","9/30/2025 3:57 PM","12/15/2025","$149.35","12/12/2025"
"1","SLD","$217,900","$217,900","TRAMMEL ESTATES","6734 Leatherwood Loop","1470","4","2","0.15","8/28/2025 3:21 PM","8/28/2025","$148.23","9/29/2025"
"1","SLD","$217,900","$217,900","THE MEADOWS","8081 Chesapeake Trail","1612","3","2","0.14","3/10/2026 12:44 PM","3/16/2026","$135.17","5/29/2026"
"2","UCT","$217,900","$217,900","THE VINEYARD SUBDIVISION PHASE 2","3 E Reliance Court","1470","4","2","0.16","5/7/2026 9:56 AM","5/7/2026","$148.23","6/12/2026"
"9","ACT","$217,900","$217,900","ROSEMARY FIELDS PHASE I","141 Flat Wood Avenue","1500","4","2","0.13","7/21/2026 4:58 PM","7/21/2026","$145.27",
"1","SLD","$219,180","$217,900","DEERFIELD ESTATES","48 Remington Lane","1652","4","2","0.19","10/2/2025 3:40 PM","12/23/2025","$131.90","12/22/2025"
"10","SLD","$219,920","$217,920","BELL VALLEY","1266 Crotale Street","1442","3","2","0.13","5/15/2025 4:03 PM","8/27/2025","$151.12","8/26/2025"
"1","SBL","$217,925","$217,925","COUNTRY CLUB OF ARK THE","8208 Kennedy Lane","1459","4","2","0.10","7/30/2026 4:31 PM","7/30/2026","$149.37","7/29/2026"
"31","SLD","$217,975","$217,975","Metes & Bounds","25 Doe Run Drive","1613","4","2","0.23","4/11/2025 5:37 PM","4/11/2025","$135.14","8/8/2025"
"1","SBL","$217,980","$217,980","THE GROVE AT CENTENNIAL VALLEY","6633 Hollywood Avenue","1470","4","2","0.17","4/1/2026 1:59 PM","4/1/2026","$148.29","3/30/2026"
"1","SLD","$219,675","$218,000","COUNTRY CLUB OF ARK THE","8017 Donna Drive","1402","3","2","0.11","11/6/2025 11:57 AM","11/25/2025","$155.49","11/25/2025"
"1","SLD","$218,925","$218,000","TRAMMEL ESTATES","6665 Watercrest Loop","1652","4","2","0.19","9/3/2025 9:37 AM","10/31/2025","$131.96","10/29/2025"
"1","SLD","$220,000","$218,000","TRAMMEL ESTATES","6672 Watercrest Loop","1640","4","2","0.20","7/2/2025 1:11 PM","10/8/2025","$132.93","10/6/2025"
"1","SLD","$219,605","$218,000","WHITE OAK CROSSING","10904 Mason Drive","1459","4","2","0.10","7/2/2025 2:09 PM","11/21/2025","$149.42","11/20/2025"
"10","SLD","$218,010","$218,010","COUNTRY CLUB OF ARK THE","10204 Marilyn Drive","1402","3","2","0.12","2/7/2025 3:50 PM","4/17/2025","$155.50","5/28/2025"
"1","SBL","$218,280","$218,280","OAK SPRINGS SUBDIVISION","14 Oak Leaf Drive","1699","4","2","0.14","3/30/2026 12:20 PM","3/30/2026","$128.48","3/27/2026"
"1","SLD","$218,350","$218,350","Metes & Bounds","19 Sig Cove","1523","3","2","0.18","4/1/2025 9:29 AM","4/1/2025","$143.37","6/9/2025"
"30","SLD","$218,475","$218,475","MIDLAND ESTATES PHASE 1","3148 Ted Craig Drive","1381","3","2","0.12","12/30/2025 1:50 PM","4/7/2026","$158.20","5/22/2026"
"1","SLD","$218,500","$218,500","MIDLAND ESTATES PHASE 1","3117 Ted Craig Drive","1439","4","2","0.15","1/6/2026 2:02 PM","2/3/2026","$151.84","3/27/2026"
"30","SLD","$219,625","$218,625","TRAMMEL ESTATES","6688 Watercrest Loop","1640","4","2","0.13","9/3/2025 9:10 AM","2/5/2026","$133.31","2/5/2026"
"30","SLD","$218,625","$218,625","COUNTRY CLUB OF ARK THE","10213 Debbie Drive","1459","4","2","0.15","11/5/2024 1:36 PM","12/27/2024","$149.85","1/30/2025"
"1","SLD","$218,630","$218,630","WHITE OAK CROSSING","10713 Mason Drive","1402","3","2","0.10","9/30/2025 3:06 PM","9/30/2025","$155.94","12/29/2025"
"1","SLD","$218,637","$218,637","OAK SPRINGS SUBDIVISION","21 Sourdough Creek Lane","1699","4","2","0.17","9/2/2025 2:26 PM","9/2/2025","$128.69","11/13/2025"
"1","WITH","$218,675","$218,675","DEERFIELD ESTATES","36 Ten Point Lane","1425","3","2","0.24","6/30/2025 3:36 PM","8/7/2025","$153.46",
"1","SBL","$218,710","$218,710","TRAMMEL ESTATES","6630 Leatherwood Loop","1652","4","2","0.20","2/25/2025 10:14 AM","2/25/2025","$132.39","2/24/2025"
"1","SLD","$220,765","$218,765","BELL VALLEY","1230 Crotale Street","1355","3","2","0.13","6/9/2025 11:23 AM","9/23/2025","$161.45","9/19/2025"
"1","SLD","$218,900","$218,900","SPRINGLAKE TRAILS","15097 Thompson Branch Trail","1470","4","2","0.14","4/8/2026 10:03 AM","4/8/2026","$148.91","7/16/2026"
"2","UCT","$218,900","$218,900","SPRINGLAKE TRAILS","15144 Thompson Branch Trail","1470","4","2","0.17","7/17/2026 1:22 PM","7/17/2026","$148.91","8/31/2026"
"2","UCT","$218,900","$218,900","THE GROVE AT CENTENNIAL VALLEY","2361 Bassett Street","1470","4","2","0.16","6/10/2026 12:31 PM","6/17/2026","$148.91","8/27/2026"
"1","SLD","$218,900","$218,900","COTTAGE WALK SUBDIVISION PHASE 1","1032 Raven Walk Drive","1612","3","2","0.12","3/27/2026 11:14 AM","4/30/2026","$135.79","6/22/2026"
"31","ACT","$218,900","$218,900","COTTAGE WALK SUBDIVISION PHASE 1","1605 Rambling Brook Drive","1496","4","2","0.16","4/24/2026 1:29 PM","7/20/2026","$146.32",
"1","SLD","$221,900","$218,900","PANTHER COVE","778 Gussy Lane","1523","3","2","0.15","5/6/2026 12:26 PM","7/30/2026","$143.73","7/30/2026"
"1","SBL","$218,900","$218,900","WHITE OAK CROSSING","10704 Mason Drive","1402","3","2","0.10","2/20/2026 4:42 PM","2/20/2026","$156.13","2/20/2026"
"1","SLD","$218,900","$218,900","THE VINEYARD SUBDIVISION PHASE 2","11 E Reliance Court","1470","4","2","0.16","5/7/2026 10:02 AM","5/7/2026","$148.91","6/30/2026"
"1","SLD","$219,900","$218,900","THE GROVE AT CENTENNIAL VALLEY","5009 Cobblefield Cove","1652","4","2","0.13","3/10/2026 2:24 PM","4/28/2026","$132.51","4/28/2026"
"1","SLD","$218,900","$218,900","THE MEADOWS","8048 Chesapeake Trail","1612","3","2","0.14","5/7/2026 8:47 AM","6/17/2026","$135.79","7/24/2026"
"1","SLD","$218,905","$218,905","TRAMMEL ESTATES","6784 Watercrest Loop","1652","4","2","0.24","2/21/2025 4:44 PM","2/21/2025","$132.51","9/8/2025"
"11","SLD","$218,975","$218,975","HILL FARM","77 Farmhouse Circle","1852","4","2","0.16","9/24/2025 11:05 AM","12/15/2025","$118.24","2/19/2026"
"1","SLD","$216,885","$219,000","TRAMMEL ESTATES","6718 Leatherwood Loop","1640","4","2","0.15","3/27/2025 3:34 PM","6/19/2025","$133.54","6/18/2025"
"1","SLD","$220,835","$219,000","COUNTRY CLUB OF ARK THE","10224 Marilyn Drive","1459","4","2","0.12","3/6/2025 1:09 PM","6/2/2025","$150.10","5/29/2025"
"1","SLD","$220,770","$219,000","BELL VALLEY","1216 Agogo Lane","1472","3","2","0.13","2/7/2025 1:57 PM","4/23/2025","$148.78","4/18/2025"
"5","SLD","$221,035","$219,035","COUNTRY CLUB OF ARK THE","8020 Kim Drive","1402","3","2","0.11","4/11/2025 3:44 PM","7/1/2025","$156.23","6/30/2025"
"1","SLD","$214,900","$219,065","BELL VALLEY","1560 Carillon Lane","1420","3","2","0.13","2/7/2025 10:58 AM","6/6/2025","$154.27","6/4/2025"
"11","SLD","$219,120","$219,120","COUNTRY CLUB OF ARK THE","8100 Kim Drive","1459","4","2","0.11","2/5/2025 5:05 PM","4/17/2025","$150.19","5/29/2025"
"9","WITH","$219,125","$219,125","BELLINGRATH","137 Jasmine Court","1640","4","2","0.21","11/5/2025 12:56 PM","11/5/2025","$133.61",
"1","SLD","$219,161","$219,161","BELL VALLEY","1278 Crotale Street","1355","3","2","0.13","4/11/2025 1:01 PM","4/11/2025","$161.74","7/29/2025"
"2","UCT","$219,200","$219,200","THE VINEYARD SUBDIVISION PHASE 2","5 Cabernet Way","1569","3","2","0.25","6/25/2026 9:07 AM","7/9/2026","$139.71","8/27/2026"
"1","SLD","$218,220","$219,245","TRAMMEL ESTATES","6541 Leatherwood Loop","1652","4","2","0.15","3/19/2025 2:31 PM","5/30/2025","$132.71","5/28/2025"
"2","PCHG","$219,400","$219,400","THE GROVE AT CENTENNIAL VALLEY","2360 Bassett Street","1496","4","2","0.35","7/23/2026 1:12 PM","7/31/2026","$146.66",
"1","SLD","$219,445","$219,445","TRAMMEL ESTATES","6702 Leatherwood Loop","1652","4","2","0.15","2/10/2025 1:03 PM","2/10/2025","$132.84","2/27/2025"
"2","ACT","$219,450","$219,450","STAGECOACH MEADOWS","125 Maddison Rachael","1699","4","2","0.14","6/23/2026 1:58 PM","7/20/2026","$129.16",
"1","SLD","$219,478","$219,478","BELL VALLEY","1279 Crotale Street","1355","3","2","0.13","4/7/2025 4:31 PM","4/7/2025","$161.98","7/18/2025"
"33","SLD","$219,535","$219,535","THE GROVE AT CENTENNIAL VALLEY","6048 Croft Avenue","1652","4","2","0.16","1/12/2025 11:29 PM","3/7/2025","$132.89","4/16/2025"
"7","WITH","$219,698","$219,698","OAK SPRINGS SUBDIVISION","16 Sourdough Creek Lane","1699","4","2","0.14","7/1/2025 1:58 PM","8/8/2025","$129.31",
"1","SLD","$219,760","$219,760","BELL VALLEY","1360 Agogo Lane","1470","4","2","0.16","12/14/2024 5:33 PM","12/27/2024","$149.50","2/10/2025"
"1","SLD","$219,775","$219,775","STAGECOACH MEADOWS","10 Nona Ruth Lane","1613","4","2","0.15","4/8/2026 10:55 AM","4/8/2026","$136.25","5/11/2026"
"9","UCT","$219,900","$219,900","THE MEADOWS","8032 Chesapeake Trail","1699","4","2","0.14","5/7/2026 8:53 AM","7/17/2026","$129.43","8/28/2026"
"31","ACT","$219,900","$219,900","THE MEADOWS","8056 Chesapeake Trail","1651","3","2","0.14","5/7/2026 9:18 AM","7/17/2026","$133.19",
"1","SLD","$223,400","$219,900","PANTHER COVE","750 Gussy Lane","1442","3","2","0.16","5/20/2026 12:39 PM","6/19/2026","$152.50","6/18/2026"
"30","UCT","$219,900","$219,900","COTTAGE WALK SUBDIVISION PHASE 1","1608 Rambling Brook Drive","1496","4","2","0.15","5/22/2026 11:26 AM","7/6/2026","$146.99","8/7/2026"
"1","SLD","$221,900","$219,900","CYPRESS BEND AT WHITE OAK CROSSING","113 Sofia Drive","1402","3","2","0.12","3/5/2026 9:45 AM","4/30/2026","$156.85","4/29/2026"
"8","ACT","$219,900","$219,900","ROSEMARY FIELDS PHASE I","221 Flat Wood Avenue","1413","3","2","0.12","7/21/2026 4:46 PM","7/21/2026","$155.63",
"1","SBL","$219,900","$219,900","THE VINEYARD SUBDIVISION PHASE 2","13 E Reliance Court","1472","3","2","0.16","6/15/2026 10:29 AM","6/15/2026","$149.39","6/12/2026"
"2","ACT","$219,900","$219,900","THE GROVE AT CENTENNIAL VALLEY","6112 Croft Avenue","1496","4","2","0.14","7/23/2026 1:17 PM","7/23/2026","$146.99",
"1","SLD","$219,900","$219,900","MIDLAND ESTATES PHASE 1","2220 Sam Tillery Drive","1446","3","2","0.14","2/3/2026 12:00 PM","2/27/2026","$152.07","6/9/2026"
"8","ACT","$219,900","$219,900","SPRINGLAKE TRAILS","15128 Thompson Branch Trail","1612","3","2","0.17","7/17/2026 1:18 PM","7/24/2026","$136.41",
"1","SLD","$220,910","$219,910","BELL VALLEY","1205 Crotale Street","1216","3","2","0.14","3/5/2025 4:00 PM","5/22/2025","$180.85","5/16/2025"
"2","UCT","$219,950","$219,950","THE VINEYARD SUBDIVISION PHASE 2","10 E Reliance Court","1523","3","2","0.24","5/22/2026 1:55 PM","7/17/2026","$144.42","8/27/2026"
"1","SLD","$224,700","$220,000","COTTAGE WALK SUBDIVISION PHASE 1","1616 Rambling Brook Drive","1472","3","2","0.15","5/22/2026 11:41 AM","7/17/2026","$149.46","7/17/2026"
"1","SLD","$221,290","$220,000","HILL FARM","30 Hearthstone Trail","1852","4","2","0.16","11/18/2025 2:28 PM","1/30/2026","$118.79","1/30/2026"
"10","SLD","$223,778","$220,000","BELL VALLEY","1249 Crotale Street","1472","3","2","0.13","3/28/2025 1:59 PM","7/31/2025","$149.46","7/31/2025"
"1","SLD","$221,055","$220,055","CYPRESS BEND AT WHITE OAK CROSSING","106 Sofia Drive","1402","3","2","0.11","1/6/2026 1:01 PM","4/17/2026","$156.96","4/17/2026"
"1","SLD","$220,775","$220,175","BELL VALLEY","1217 Crotale Street","1420","3","2","0.13","1/30/2025 2:27 PM","5/29/2025","$155.05","5/23/2025"
"1","SLD","$221,205","$220,205","COUNTRY CLUB OF ARK THE","10708 Mason Drive","1567","3","2","0.10","11/26/2025 1:33 PM","4/8/2026","$140.53","4/6/2026"
"1","SLD","$220,275","$220,275","TRAMMEL ESTATES","6742 Leatherwood Loop","1523","3","2","0.20","8/25/2025 1:24 PM","8/25/2025","$144.63","11/18/2025"
"30","UCT","$220,400","$220,400","THE GROVE AT CENTENNIAL VALLEY","2329 Bassett Street","1523","3","2","0.20","4/8/2026 11:37 AM","6/25/2026","$144.71","8/14/2026"
"1","SLD","$220,400","$220,400","TRAMMEL ESTATES","6769 Watercrest Loop","1652","4","2","0.19","6/16/2025 12:02 PM","6/16/2025","$133.41","9/19/2025"
"1","SLD","$220,670","$220,670","TRAMMEL ESTATES","6598 Leatherwood Loop","1652","4","2","0.20","2/5/2025 5:39 PM","2/5/2025","$133.58","6/3/2025"
"1","SLD","$220,710","$220,710","CYPRESS BEND AT WHITE OAK CROSSING","110 Sofia Drive","1373","3","2","0.11","12/24/2025 12:55 PM","2/20/2026","$160.75","3/27/2026"
"9","WITH","$220,830","$220,830","BELLINGRATH","113 Jasmine Court","1633","3","2","0.27","10/28/2025 1:14 PM","10/28/2025","$135.23",
"1","SLD","$220,900","$220,900","CYPRESS BEND AT WHITE OAK CROSSING","140 Jonathan Drive","1248","3","2","0.11","4/24/2026 2:03 PM","4/24/2026","$177.00","7/22/2026"
"1","SBL","$220,900","$220,900","THE VINEYARD SUBDIVISION PHASE 2","15 E Reliance Court","1523","3","2","0.16","5/29/2026 4:23 PM","5/29/2026","$145.04","5/28/2026"
"10","ACT","$220,900","$220,900","SPRINGLAKE TRAILS","15112 Thompson Branch Trail","1612","3","2","0.17","6/18/2026 2:08 PM","7/6/2026","$137.03",
"31","UCT","$220,900","$220,900","THE MEADOWS","8041 Chesapeake Trail","1651","3","2","0.14","6/24/2026 11:38 AM","6/25/2026","$133.80","8/28/2026"
"8","ACT","$220,900","$220,900","ROSEMARY FIELDS PHASE I","201 Flat Wood Avenue","1413","3","2","0.12","7/21/2026 4:43 PM","7/21/2026","$156.33",
"2","UCT","$220,900","$220,900","THE GROVE AT CENTENNIAL VALLEY","6104 Croft Avenue","1523","3","2","0.14","7/23/2026 12:42 PM","7/23/2026","$145.04","9/23/2026"
"2","ACT","$220,900","$220,900","THE GROVE AT CENTENNIAL VALLEY","6096 Croft Avenue","1523","3","2","0.14","7/23/2026 12:44 PM","7/23/2026","$145.04",
"1","SBL","$220,900","$220,900","COUNTRY CLUB OF ARK THE","10201 Brandi Kay Drive","1470","4","2","0.16","7/31/2026 12:11 PM","7/31/2026","$150.27","7/30/2026"
"1","SLD","$221,000","$221,000","COUNTRY CLUB OF ARK THE","10324 Marilyn Drive","1459","4","2","0.12","6/27/2025 1:42 PM","6/27/2025","$151.47","8/27/2025"
"1","SLD","$221,750","$221,000","MIDLAND ESTATES PHASE 1","2405 Sam Tillery Drive","1470","4","2","0.17","1/30/2026 1:55 PM","4/30/2026","$150.34","4/29/2026"
"1","SLD","$221,003","$221,003","OAK SPRINGS SUBDIVISION","3 Fallen Oak Drive","1699","4","2","0.14","4/7/2025 4:15 PM","4/7/2025","$130.08","7/11/2025"
"1","SLD","$221,067","$221,067","COTTAGE WALK SUBDIVISION PHASE 1","1080 Raven Walk Drive","1699","4","2","0.14","3/27/2026 11:41 AM","4/2/2026","$130.12","4/30/2026"
"1","SLD","$221,330","$221,330","THE GROVE AT CENTENNIAL VALLEY","1471 Meadows Drive","1852","4","2","0.14","7/2/2025 12:03 PM","7/24/2025","$119.51","8/26/2025"
"1","SLD","$222,345","$221,345","SPRINGLAKE TRAILS","12029 Duck Creek Drive","1652","4","2","0.17","2/6/2025 11:46 AM","4/29/2025","$133.99","4/25/2025"
"6","UCT","$221,400","$221,400","THE GROVE AT CENTENNIAL VALLEY","2320 Bassett Street","1470","4","2","0.16","6/10/2026 12:34 PM","6/10/2026","$150.61","8/27/2026"
"1","SLD","$221,450","$221,450","BELL VALLEY","1211 Agogo Lane","1439","4","2","0.13","2/7/2025 1:44 PM","2/7/2025","$153.89","4/21/2025"
"1","SBL","$221,460","$221,460","TRAMMEL ESTATES","6719 Leatherwood Loop","1652","4","2","0.16","3/12/2025 5:20 PM","3/12/2025","$134.06","3/11/2025"
"1","SLD","$221,542","$221,524","TRAMMEL ESTATES","6761 Watercrest Loop","1652","4","2","0.14","6/16/2025 11:41 AM","8/8/2025","$134.09","8/8/2025"
"1","SLD","$221,530","$221,530","TRAMMEL ESTATES","6720 Watercrest Loop","1640","4","2","0.12","9/3/2025 9:21 AM","9/3/2025","$135.08","9/5/2025"
"1","WITH","$221,730","$221,730","THE MEADOWS","7024 Potomac Trail","1651","3","2","0.14","10/30/2025 10:28 AM","10/30/2025","$134.30",
"2","ACT","$221,800","$221,800","THE GROVE AT CENTENNIAL VALLEY","2344 Bassett Street","1523","3","2","0.31","6/10/2026 12:25 PM","7/13/2026","$145.63",
"1","SLD","$221,815","$221,815","SOUTHFORK RANCH S/D PH I","120 Powder River Drive","1852","4","2","0.18","3/10/2026 10:38 AM","3/10/2026","$119.77","5/15/2026"
"1","SLD","$221,835","$221,835","COUNTRY CLUB OF ARK THE","10200 Marilyn Drive","1459","4","2","0.15","2/7/2025 3:39 PM","4/17/2025","$152.05","6/23/2025"
"1","SBL","$221,900","$221,900","COUNTRY CLUB OF ARK THE","10200 Lori Kaye Drive","1470","4","2","0.21","7/31/2026 12:01 PM","7/31/2026","$150.95","7/30/2026"
"2","ACT","$221,900","$221,900","THE VINEYARD SUBDIVISION PHASE 2","8 Cabernet Way","1569","3","2","0.17","6/25/2026 9:04 AM","6/25/2026","$141.43",
"12","UCT","$221,900","$221,900","THE VINEYARD SUBDIVISION PHASE 2","12 E Reliance Court","1633","3","2","0.18","5/22/2026 1:49 PM","7/20/2026","$135.88","8/27/2026"
"1","SBL","$221,900","$221,900","SOUTHFORK RANCH S/D PH I","114 Powder River Drive","1852","4","2","0.18","5/18/2026 11:35 AM","5/18/2026","$119.82","5/15/2026"
"1","SLD","$222,995","$221,995","SPRINGLAKE TRAILS","11065 River Valley Drive","1496","4","2","0.17","3/26/2025 2:28 PM","5/29/2025","$148.39","5/28/2025"
"11","SLD","$223,980","$222,000","COUNTRY CLUB OF ARK THE","8024 Kim Drive","1402","3","2","0.11","2/5/2025 5:17 PM","4/30/2025","$158.35","4/30/2025"
"1","SLD","$222,505","$222,000","COUNTRY CLUB OF ARK THE","10804 Mason Drive","1459","4","2","0.10","10/30/2025 11:16 AM","12/31/2025","$152.16","12/30/2025"
"1","SLD","$219,900","$222,125","MIDLAND ESTATES PHASE 1","2397 Sam Tillery Drive","1355","3","2","0.14","3/3/2026 12:32 PM","6/18/2026","$163.93","6/17/2026"
"1","SLD","$222,210","$222,210","TRAMMEL ESTATES","6792 Watercrest Loop","1652","4","2","0.16","4/11/2025 4:17 PM","4/11/2025","$134.51","6/24/2025"
"1","SLD","$221,585","$222,535","BELL VALLEY","1217 Agogo Lane","1420","3","2","0.13","1/31/2025 4:59 PM","5/16/2025","$156.71","5/14/2025"
"1","SLD","$215,900","$222,700","COTTAGE WALK SUBDIVISION PHASE 1","1020 Raven Walk Drive","1442","4","2","0.12","3/27/2026 11:28 AM","7/16/2026","$154.44","7/15/2026"
"1","SLD","$221,810","$222,810","BELL VALLEY","1211 Crotale Street","1509","4","2","0.13","3/5/2025 4:06 PM","5/9/2025","$147.65","5/5/2025"
"1","SLD","$224,900","$222,900","PANTHER COVE","783 Gussy Lane","1613","4","2","0.16","4/7/2026 3:50 PM","4/14/2026","$138.19","4/13/2026"
"1","SLD","$234,965","$222,900","PANTHER COVE","790 Gussy Lane","1613","4","2","0.16","4/7/2026 3:52 PM","5/28/2026","$138.19","5/27/2026"
"31","UCT","$222,900","$222,900","PANTHER COVE","802 Gussy Lane","1459","4","2","0.16","4/2/2026 1:18 PM","4/14/2026","$152.78","8/14/2026"
"1","SLD","$225,900","$222,900","MIDLAND ESTATES PHASE 1","2356 Sam Tillery Drive","1446","3","2","0.14","5/4/2026 10:20 AM","6/30/2026","$154.15","6/29/2026"
"1","SBL","$222,900","$222,900","THE VINEYARD SUBDIVISION PHASE 2","16 E Reliance Court","1472","3","2","0.21","6/12/2026 12:11 PM","6/12/2026","$151.43","6/10/2026"
"10","UCT","$222,900","$222,900","MIDLAND ESTATES PHASE 1","2180 Sam Tillery Drive","1355","3","2","0.17","7/23/2026 10:56 AM","7/23/2026","$164.50","9/28/2026"
"2","ACT","$222,900","$222,900","THE GROVE AT CENTENNIAL VALLEY","6113 Croft Avenue","1523","3","2","0.14","7/23/2026 12:46 PM","7/23/2026","$146.36",
"1","SLD","$225,100","$222,900","MIDLAND ESTATES PHASE 1","2228 Sam Tillery Drive","1355","3","2","0.14","1/21/2026 11:28 AM","5/29/2026","$164.50","5/29/2026"
"1","SLD","$223,900","$223,000","BELL VALLEY","1275 Crotale Street","1509","4","2","0.13","3/28/2025 1:47 PM","8/22/2025","$147.78","8/21/2025"
"1","SLD","$223,040","$223,040","TRAMMEL ESTATES","6601 Watercrest Loop","1652","4","2","0.19","7/9/2025 12:55 PM","7/9/2025","$135.01","10/24/2025"
"1","WITH","$223,105","$223,105","DEERFIELD ESTATES","45 Remington Lane","1613","4","2","0.17","10/21/2025 1:39 PM","10/29/2025","$138.32",
"1","SBL","$223,150","$223,150","BELL VALLEY","1240 Agogo Lane","1420","3","2","0.13","2/7/2025 5:51 PM","2/7/2025","$157.15","2/6/2025"
"1","SLD","$223,340","$223,340","TRAMMEL ESTATES","6500 Leatherwood Loop","1652","4","2","0.16","8/25/2025 1:41 PM","8/25/2025","$135.19","11/21/2025"
"31","TBU","$223,600","$223,600","THE MEADOWS","8089 Chesapeake Trail","1699","4","2","0.14","4/8/2026 12:20 PM","4/14/2026","$131.61",
"7","SLD","$233,820","$223,820","COUNTRY CLUB OF ARK THE","10424 Marilyn Drive","1689","3","2","0.12","7/2/2025 3:34 PM","10/23/2025","$132.52","10/22/2025"
"1","SLD","$226,050","$223,900","MIDLAND ESTATES PHASE 1","2389 Sam Tillery Drive","1470","4","2","0.14","3/3/2026 12:28 PM","6/11/2026","$152.31","6/9/2026"
"1","SLD","$222,900","$223,900","THE VINEYARD SUBDIVISION PHASE 2","9 E Reliance Court","1633","3","2","0.16","5/7/2026 10:28 AM","7/31/2026","$137.11","7/31/2026"
"31","UCT","$223,900","$223,900","SPRINGLAKE TRAILS","15113 Thompson Branch Trail","1613","4","2","0.17","5/6/2026 12:58 PM","7/6/2026","$138.81","8/10/2026"
"1","SLD","$223,900","$223,900","SPRINGLAKE TRAILS","15080 Thompson Branch Trail","1613","4","2","0.16","4/8/2026 9:54 AM","5/4/2026","$138.81","6/26/2026"
"2","UCT","$223,900","$223,900","COUNTRY CLUB OF ARK THE","8304 Kim Drive","1523","3","2","0.16","7/29/2026 12:17 PM","7/29/2026","$147.01","8/27/2026"
"1","SLD","$226,900","$223,900","MIDLAND ESTATES PHASE 1","2349 Sam Tillery Drive","1446","3","2","0.14","4/2/2026 11:25 AM","7/1/2026","$154.84","6/30/2026"
"1","SLD","$224,000","$224,000","COUNTRY CLUB OF ARK THE","8005 Donna Drive","1459","4","2","0.11","11/13/2025 2:40 PM","11/13/2025","$153.53","2/26/2026"
"1","SLD","$225,900","$224,000","MIDLAND ESTATES PHASE 1","2396 Sam Tillery Drive","1446","3","2","0.15","4/7/2026 2:41 PM","6/25/2026","$154.91","6/25/2026"
"1","SLD","$224,000","$224,000","COTTAGE WALK SUBDIVISION PHASE 1","1088 Raven Walk Drive","1651","3","2","0.15","3/27/2026 12:52 PM","4/23/2026","$135.68","6/11/2026"
"1","SLD","$224,122","$224,122","TRAMMEL ESTATES","6705 Watercrest Loop","1652","4","2","0.19","6/16/2025 12:14 PM","6/16/2025","$135.67","7/30/2025"
"1","SLD","$224,260","$224,260","SPRINGLAKE TRAILS","11025 River Valley Drive","1852","4","2","0.18","3/12/2025 3:37 PM","3/12/2025","$121.09","4/29/2025"
"30","UCT","$224,400","$224,400","MAGNOLIA MANOR","1410 Manor Court","1470","4","2","0.14","7/6/2026 10:25 AM","7/24/2026","$152.65","8/28/2026"
"1","SLD","$224,650","$224,650","PANTHER COVE","775 Gussy Lane","1852","4","2","0.16","3/6/2026 10:20 AM","3/18/2026","$121.30","5/14/2026"
"31","UCT","$224,750","$224,750","MAGNOLIA MANOR","1408 Manor Court","1523","3","2","0.17","7/17/2026 12:05 PM","7/20/2026","$147.57","8/21/2026"
"2","SLD","$224,870","$224,870","THE GROVE AT CENTENNIAL VALLEY","1376 Meadows Drive","1652","4","2","0.16","1/19/2025 10:25 PM","1/19/2025","$136.12","1/31/2025"
"1","SLD","$224,896","$224,896","BELL VALLEY","1235 Crotale Street","1420","3","2","0.13","3/28/2025 1:55 PM","3/28/2025","$158.38","7/14/2025"
"2","UCT","$224,900","$224,900","CYPRESS BEND AT WHITE OAK CROSSING","105 Lucy Lane","1373","3","2","0.12","6/18/2026 12:24 PM","7/6/2026","$163.80","9/10/2026"
"1","SLD","$224,900","$224,900","MIDLAND ESTATES PHASE 1","2309 Sam Tillery Drive","1439","4","2","0.15","6/18/2026 12:48 PM","6/18/2026","$156.29","7/30/2026"
"1","SLD","$224,900","$224,900","PANTHER COVE","810 Gussy Lane","1613","4","2","0.16","4/7/2026 4:04 PM","4/7/2026","$139.43","5/29/2026"
"2","ACT","$224,900","$224,900","MAGNOLIA MANOR","1406 Manor Oaks Boulevard","1355","3","2","0.14","7/23/2026 10:35 AM","7/27/2026","$165.98",
"1","SLD","$227,900","$224,900","MIDLAND ESTATES PHASE 1","2365 Sam Tillery Drive","1470","4","2","0.14","4/2/2026 11:19 AM","6/30/2026","$152.99","6/29/2026"
"2","ACT","$224,900","$224,900","COTTAGE WALK SUBDIVISION PHASE 1","1621 Rambling Brook Drive","1612","3","2","0.15","7/23/2026 9:54 AM","7/23/2026","$139.52",
"1","SLD","$224,970","$224,970","THE GROVE AT CENTENNIAL VALLEY","6033 Croft Avenue","1652","4","2","0.14","2/25/2025 1:59 PM","3/18/2025","$136.18","5/15/2025"
"1","SLD","$225,000","$225,000","BELL VALLEY","1242 Crotale Street","1472","3","2","0.13","8/22/2025 2:14 PM","8/22/2025","$152.85","9/15/2025"
"11","SLD","$229,600","$225,000","THE GROVE AT CENTENNIAL VALLEY","1519 Meadows Drive","1652","4","2","0.14","6/11/2025 12:15 PM","9/12/2025","$136.20","9/4/2025"
"31","ACT","$225,000","$225,000","COTTAGE WALK SUBDIVISION PHASE 1","1601 Rambling Brook Drive","1612","3","2","0.21","4/24/2026 1:31 PM","7/23/2026","$139.58",
"1","SLD","$225,900","$225,000","THE VINEYARD SUBDIVISION PHASE 2","5 E Reliance Court","1640","4","2","0.16","5/7/2026 10:24 AM","6/26/2026","$137.20","6/26/2026"
"2","SLD","$229,150","$225,150","CYPRESS BEND AT WHITE OAK CROSSING","144 Jonathan Drive","1402","3","2","0.11","5/22/2026 11:56 AM","7/31/2026","$160.59","7/31/2026"
"1","SLD","$225,181","$225,181","BELL VALLEY","1254 Crotale Street","1442","3","2","0.13","6/9/2025 11:13 AM","6/9/2025","$156.16","9/12/2025"
"1","SLD","$225,485","$225,485","BELL VALLEY","1226 Agogo Lane","1420","3","2","0.13","1/28/2025 2:51 PM","1/28/2025","$158.79","3/28/2025"
"1","SLD","$225,800","$225,800","BELL VALLEY","1223 Crotale Lane","1439","4","2","0.13","1/30/2025 1:06 PM","1/30/2025","$156.91","5/30/2025"
"1","SLD","$225,890","$225,890","HILLDALE CROSSING","1001 Sams Hill Estates","1613","4","2","0.17","10/18/2024 8:48 AM","12/12/2024","$140.04","1/22/2025"
"4","ACT","$225,900","$225,900","ROSEMARY FIELDS PHASE I","205 Flat Wood Avenue","1569","3","2","0.12","7/21/2026 4:40 PM","7/21/2026","$143.98",
"11","TBU","$225,900","$225,900","THE MEADOWS","8065 Chesapeake Trail","1699","4","2","0.14","5/7/2026 8:50 AM","6/25/2026","$132.96",
"16","SLD","$225,980","$225,980","THE GROVE AT CENTENNIAL VALLEY","1495 Meadows Drive","1652","4","2","0.14","6/27/2025 1:51 PM","10/2/2025","$136.79","11/3/2025"
"1","SLD","$228,900","$226,000","COTTAGE WALK SUBDIVISION PHASE 1","1008 Raven Walk Drive","1699","4","2","0.11","5/22/2026 11:38 AM","6/19/2026","$133.02","6/18/2026"
"1","SLD","$225,096","$226,000","BELL VALLEY","1224 Crotale Street","1446","3","2","0.13","6/9/2025 10:45 AM","8/29/2025","$156.29","8/28/2025"
"1","SLD","$228,530","$226,000","MIDLAND ESTATES PHASE 1","3125 Ted Craig Drive","1446","3","2","0.15","1/6/2026 1:54 PM","4/30/2026","$156.29","4/29/2026"
"1","SLD","$226,455","$226,455","COUNTRY CLUB OF ARK THE","8104 Kim Drive","1362","3","2","0.11","2/3/2025 9:21 AM","2/3/2025","$166.27","3/31/2025"
"1","SLD","$226,457","$226,475","OAK SPRINGS SUBDIVISION","15 Oak Leaf Drive","1840","4","2","0.14","12/2/2025 3:28 PM","3/20/2026","$123.08","3/18/2026"
"7","UCT","$226,500","$226,500","MIDLAND ESTATES PHASE 1","2373 Sam Tillery Drive","1355","3","2","0.14","4/2/2026 11:30 AM","6/3/2026","$167.16","7/28/2026"
"1","SBL","$226,900","$226,900","MIDLAND ESTATES PHASE 1","2364 Sam Tillery Drive","1470","4","2","0.14","7/1/2026 3:42 PM","7/1/2026","$154.35","6/30/2026"
"7","ACT","$226,900","$226,900","ROSEMARY FIELDS PHASE I","217 Flat Wood Avenue","1569","3","2","0.12","7/21/2026 4:37 PM","7/21/2026","$144.61",
"1","SLD","$229,900","$226,900","COTTAGE WALK SUBDIVISION PHASE 1","1024 Raven Walk Drive","1699","4","2","0.12","4/7/2026 11:57 AM","6/18/2026","$133.55","6/17/2026"
"1","SBL","$226,900","$226,900","CYPRESS BEND AT WHITE OAK CROSSING","146 Jonathan Drive","1373","3","2","0.11","6/30/2026 3:53 PM","6/30/2026","$165.26","6/30/2026"
"2","UCT","$226,900","$226,900","THE VINEYARD SUBDIVISION PHASE 2","3 Cabernet Way","1732","4","2","0.27","6/24/2026 4:44 PM","6/24/2026","$131.00",
"3","ACT","$226,900","$226,900","MIDLAND ESTATES PHASE 1","2245 Sam Tillery Drive","1381","3","2","0.13","7/23/2026 11:05 AM","7/23/2026","$164.30",
"1","SLD","$226,900","$226,900","THE VINEYARD SUBDIVISION PHASE 2","14 E Reliance Court","1640","4","2","0.18","5/22/2026 1:51 PM","5/22/2026","$138.35","7/23/2026"
"1","SLD","$226,900","$226,900","MIDLAND ESTATES PHASE 1","2341 Sam Tillery Drive","1439","4","2","0.15","5/22/2026 12:29 PM","5/22/2026","$157.68","7/31/2026"
"30","SLD","$228,900","$226,900","MIDLAND ESTATES PHASE 1","2333 Sam Tillery Drive","1472","3","2","0.15","5/22/2026 12:36 PM","7/30/2026","$154.14","7/30/2026"
"1","SLD","$226,935","$226,935","DEERFIELD ESTATES","20 Sig Cove","1652","4","2","0.47","6/2/2025 3:25 PM","6/2/2025","$137.37","6/12/2025"
"7","SLD","$230,321","$227,000","BELL VALLEY","1272 Crotale Street","1472","3","2","0.13","5/15/2025 3:43 PM","7/31/2025","$154.21","7/29/2025"
"1","SLD","$232,250","$227,250","OAK SPRINGS SUBDIVISION","28 Sourdough Creek Lane","1840","4","2","0.14","8/25/2025 9:28 AM","1/20/2026","$123.51","1/16/2026"
"3","SLD","$227,425","$227,425","OAK SPRINGS SUBDIVISION","22 Fallen Oak Drive","1852","4","2","0.16","4/1/2025 10:36 AM","4/1/2025","$122.80","4/4/2025"
"30","SLD","$227,575","$227,575","COUNTRY CLUB OF ARK THE","10325 Paul Eells Drive","1857","3","2","0.12","10/21/2025 10:45 AM","2/11/2026","$122.55","3/13/2026"
"1","SLD","$227,675","$227,675","BELL VALLEY","1212 Crotale Street","1420","3","2","0.13","6/9/2025 10:33 AM","6/9/2025","$160.33","8/22/2025"
"1","SLD","$227,851","$227,851","BELL VALLEY","1248 Crotale Street","1420","3","2","0.13","4/1/2025 9:04 AM","4/1/2025","$160.46","7/30/2025"
"1","SBL","$227,900","$227,900","PANTHER COVE","762 Gussy Lane","1633","4","2","0.16","6/30/2026 5:07 PM","6/30/2026","$139.56","6/26/2026"
"1","SLD","$229,900","$227,900","MIDLAND ESTATES PHASE 1","2236 Sam Tillery Drive","1470","4","2","0.14","2/3/2026 11:57 AM","4/24/2026","$155.03","4/24/2026"
"11","ACT","$227,900","$227,900","SPRINGLAKE TRAILS","15096 Thompson Branch Trail","1699","4","2","0.20","6/18/2026 2:28 PM","7/6/2026","$134.14",
"7","UCT","$227,900","$227,900","THE MEADOWS","8008 Chesapeake Trail","1699","4","2","0.14","7/23/2026 2:21 PM","7/23/2026","$134.14","8/31/2026"
"2","UCT","$227,900","$227,900","THE GROVE AT CENTENNIAL VALLEY","2328 Bassett Street","1652","4","2","0.17","6/10/2026 12:17 PM","6/10/2026","$137.95","8/21/2026"
"1","SLD","$231,700","$228,000","HILL FARM","89 Farmhouse Circle","1852","4","2","0.16","9/2/2025 2:13 PM","10/27/2025","$123.11","10/24/2025"
"2","SBL","$228,295","$228,295","TRAMMEL ESTATES","6646 Leatherwood Loop","1652","4","2","0.16","2/6/2025 7:06 PM","2/6/2025","$138.19","2/5/2025"
"1","SLD","$231,150","$228,900","OAK SPRINGS SUBDIVISION","11 Sourdough Creek Lane","1840","4","2","0.14","9/2/2025 2:53 PM","9/29/2025","$124.40","9/26/2025"
"9","UCT","$228,900","$228,900","THE GROVE AT CENTENNIAL VALLEY","2345 Bassett Street","1652","4","2","0.21","5/6/2026 2:22 PM","6/17/2026","$138.56","8/14/2026"
"1","SLD","$228,900","$228,900","MIDLAND ESTATES PHASE 1","3108 Ted Craig Drive","1523","3","2","0.15","4/7/2026 2:55 PM","4/7/2026","$150.30","4/24/2026"
"1","SLD","$228,900","$228,900","CYPRESS BEND AT WHITE OAK CROSSING","150 Jonathan Drive","1402","3","2","0.11","4/7/2026 1:12 PM","4/7/2026","$163.27","7/17/2026"
"1","SLD","$228,925","$228,925","COUNTRY CLUB OF ARK THE","10309 Paul Eells Drive","1857","3","2","0.12","12/31/2025 10:14 AM","2/11/2026","$123.28","4/17/2026"
"1","SLD","$229,900","$229,000","COUNTRY CLUB OF ARK THE","10404 Marilyn Drive","1663","3","2","0.12","7/30/2025 12:02 PM","10/1/2025","$137.70","9/30/2025"
"1","SLD","$234,775","$229,000","OAK SPRINGS SUBDIVISION","3 Candlelight Drive","1840","4","2","0.14","2/9/2026 12:37 PM","3/18/2026","$124.46","3/16/2026"
"1","SLD","$224,975","$229,000","COUNTRY CLUB OF ARK THE","10425 Paul Eells Drive","1857","3","2","0.12","10/30/2025 12:15 PM","4/1/2026","$123.32","3/30/2026"
"1","SLD","$241,585","$229,000","CYPRESS BEND AT WHITE OAK CROSSING","112 Sofia Drive","1402","3","2","0.11","4/7/2026 1:07 PM","4/24/2026","$163.34","4/24/2026"
"1","SLD","$229,220","$229,220","COTTAGE WALK SUBDIVISION PHASE 1","1096 Raven Walk Drive","1612","3","2","0.12","4/7/2026 12:20 PM","4/24/2026","$142.20","5/22/2026"
"1","SLD","$229,437","$229,437","BELL VALLEY","1206 Crotale Street","1470","4","2","0.17","4/28/2025 4:11 PM","4/28/2025","$156.08","8/20/2025"
"1","SLD","$228,900","$229,485","OAK SPRINGS SUBDIVISION","14 Fallen Oak Drive","1840","4","2","0.16","3/18/2025 8:44 AM","6/20/2025","$124.72","6/18/2025"
"1","SLD","$228,405","$229,555","BELL VALLEY","1255 Crotale Street","1420","3","2","0.13","3/28/2025 1:51 PM","7/7/2025","$161.66","7/3/2025"
"2","ACT","$229,900","$229,900","THE VINEYARD SUBDIVISION PHASE 2","10 Cabernet Way","1810","4","2","0.16","6/24/2026 3:40 PM","6/24/2026","$127.02",
"2","ACT","$229,900","$229,900","THE VINEYARD SUBDIVISION PHASE 2","6 E Concord Road","1732","4","2","0.16","6/24/2026 4:36 PM","6/24/2026","$132.74",
"31","ACT","$229,900","$229,900","MAGNOLIA MANOR","906 Magnolia Springs Drive","1446","3","2","0.15","7/6/2026 10:29 AM","7/6/2026","$158.99",
"31","SLD","$229,900","$229,900","BELL VALLEY","1355 Agogo Lane","1689","3","2","0.16","9/4/2024 9:32 PM","1/24/2025","$136.12","2/27/2025"
"8","ACT","$229,900","$229,900","ROSEMARY FIELDS PHASE I","213 Flat Wood Avenue","1732","4","2","0.12","7/21/2026 4:31 PM","7/21/2026","$132.74",
"31","UCT","$229,900","$229,900","MIDLAND ESTATES PHASE 1","2317 Sam Tillery Drive","1472","3","2","0.15","5/22/2026 12:39 PM","5/22/2026","$156.18","8/12/2026"
"30","SLD","$235,900","$230,000","MIDLAND ESTATES PHASE 1","4101 Red Maple Lane","1523","3","2","0.14","5/4/2026 10:25 AM","7/28/2026","$151.02","7/27/2026"
"30","SLD","$230,400","$230,000","COUNTRY CLUB OF ARK THE","10421 Paul Eells Drive","1743","3","2","0.12","11/19/2025 3:17 PM","4/30/2026","$131.96","4/29/2026"
"1","SLD","$233,400","$230,000","COUNTRY CLUB OF ARK THE","10213 Paul Eells Drive","1857","3","2","0.12","1/23/2026 2:59 PM","4/15/2026","$123.86","4/15/2026"
"1","SLD","$231,900","$230,000","CYPRESS BEND AT WHITE OAK CROSSING","117 Sofia Drive","1459","4","2","0.12","4/7/2026 1:02 PM","4/23/2026","$157.64","4/17/2026"
"31","SLD","$232,900","$230,000","MIDLAND ESTATES PHASE 1","2325 Sam Tillery Drive","1523","3","2","0.15","5/22/2026 12:42 PM","7/30/2026","$151.02","7/30/2026"
"1","SLD","$230,665","$230,665","BELL VALLEY","1540 Carillon Lane","1420","3","2","0.13","2/10/2025 12:41 PM","2/10/2025","$162.44","5/30/2025"
"11","UCT","$230,900","$230,900","COTTAGE WALK SUBDIVISION PHASE 1","1625 Rambling Brook Drive","1699","4","2","0.15","7/23/2026 10:03 AM","7/23/2026","$135.90","8/28/2026"
"1","SLD","$230,900","$230,900","MIDLAND ESTATES PHASE 1","2380 Sam Tillery Drive","1472","3","2","0.14","3/18/2026 9:52 AM","4/7/2026","$156.86","6/4/2026"
"1","SLD","$232,155","$230,955","CYPRESS BEND AT WHITE OAK CROSSING","103 Sofia Drive","1373","3","2","0.12","7/6/2026 7:42 AM","7/9/2026","$168.21","7/9/2026"
"1","SLD","$231,324","$231,234","OAK SPRINGS SUBDIVISION","27 Sourdough Creek Lane","1840","4","2","0.17","9/2/2025 2:58 PM","12/16/2025","$125.67","12/15/2025"
"1","SLD","$233,300","$231,300","COUNTRY CLUB OF ARK THE","10229 Paul Eells Drive","1743","3","2","0.12","1/14/2026 4:24 PM","4/23/2026","$132.70","4/16/2026"
"1","SBL","$231,350","$231,350","BELL VALLEY","1570 Carillon Lane","1420","3","2","0.16","2/24/2025 5:03 PM","2/24/2025","$162.92","2/24/2025"
"1","SBL","$231,400","$231,400","HILL FARM","10 Barnwood Drive","1852","4","2","0.30","4/1/2026 10:31 AM","4/1/2026","$124.95","3/31/2026"
"1","SLD","$231,900","$231,900","OAK SPRINGS SUBDIVISION","30 Bird House Way","1840","4","2","0.20","3/17/2025 5:05 PM","3/17/2025","$126.03","6/26/2025"
"1","SBL","$231,900","$231,900","COTTAGE WALK SUBDIVISION PHASE 1","1604 Rambling Brook Drive","1699","4","2","0.13","7/27/2026 2:10 PM","7/27/2026","$136.49","7/24/2026"
"2","SLD","$231,900","$231,900","PANTHER COVE","758 Gussy Lane","1633","3","2","0.16","5/4/2026 10:37 AM","5/4/2026","$142.01","7/9/2026"
"1","SLD","$231,900","$231,900","SPRINGLAKE TRAILS","15073 Thompson Branch Trail","1852","4","2","0.16","4/8/2026 10:13 AM","4/8/2026","$125.22","7/14/2026"
"1","SLD","$233,255","$232,255","CYPRESS BEND AT WHITE OAK CROSSING","105 Sofia Drive","1459","4","2","0.12","3/5/2026 9:47 AM","5/29/2026","$159.19","5/28/2026"
"1","SLD","$232,350","$232,350","COUNTRY CLUB OF ARK THE","10317 Paul Eells Drive","1743","3","2","0.12","11/26/2025 1:46 PM","1/20/2026","$133.30","2/24/2026"
"12","SLD","$232,355","$232,355","COUNTRY CLUB OF ARK THE","10413 Marilyn Drive","1663","3","2","0.11","7/30/2025 12:06 PM","10/20/2025","$139.72","12/15/2025"
"1","SLD","$237,540","$232,540","TRAMMEL ESTATES","6608 Watercrest Loop","1840","4","2","0.16","7/30/2025 9:27 AM","10/31/2025","$126.38","10/30/2025"
"1","SLD","$232,635","$232,675","TRAMMEL ESTATES","6508 Leatherwood Loop","1852","4","2","0.13","11/6/2025 11:42 AM","11/14/2025","$125.63","11/13/2025"
"1","SLD","$234,900","$232,900","MIDLAND ESTATES PHASE 1","2388 Sam Tillery Drive","1640","4","2","0.14","3/18/2026 9:49 AM","5/29/2026","$142.01","5/29/2026"
"2","ACT","$232,900","$232,900","MIDLAND ESTATES PHASE 1","2261 Sam Tillery Drive","1470","4","2","0.13","7/23/2026 11:10 AM","7/23/2026","$158.44",
"8","UCT","$232,900","$232,900","MIDLAND ESTATES PHASE 1","2269 Sam Tillery Drive","1523","3","2","0.16","6/18/2026 12:35 PM","6/18/2026","$152.92","8/28/2026"
"2","UCT","$232,900","$232,900","COTTAGE WALK SUBDIVISION PHASE 1","1609 Rambling Brook Drive","1699","4","2","0.15","7/23/2026 10:08 AM","7/23/2026","$137.08","9/14/2026"
"1","SLD","$234,740","$233,740","TRAMMEL ESTATES","6680 Watercrest Loop","1840","4","2","0.20","7/2/2025 1:37 PM","9/5/2025","$127.03","9/3/2025"
"1","SLD","$233,805","$233,805","TERRENCE COVE","100 Terrence Drive","1472","3","2","0.27","4/7/2025 4:52 PM","4/7/2025","$158.83","7/7/2025"
"1","SBL","$233,900","$233,900","Jonesboro City","5333 Orchard Pass","1640","4","2","0.18","7/1/2026 2:52 PM","7/1/2026","$142.62","6/29/2026"
"1","SBL","$233,900","$233,900","PANTHER COVE","774 Gussy Lane","1852","4","2","0.16","7/29/2026 4:37 PM","7/29/2026","$126.30","7/28/2026"
"1","SLD","$234,915","$234,000","COUNTRY CLUB OF ARK THE","8109 Donna Drive","1567","3","2","0.11","7/8/2025 10:49 AM","11/21/2025","$149.33","11/20/2025"
"1","SBL","$234,225","$234,225","BELL VALLEY","1205 Agogo Lane","1472","3","2","0.13","3/17/2025 8:21 AM","3/17/2025","$159.12","3/13/2025"
"1","SLD","$234,775","$234,775","MIDLAND ESTATES PHASE 1","4100 Red Maple Lane","1640","4","2","0.16","1/6/2026 1:58 PM","1/6/2026","$143.16","4/15/2026"
"8","ACT","$234,900","$234,900","MAGNOLIA MANOR","1205 Manor Oaks Boulevard","1470","4","2","0.16","7/6/2026 10:22 AM","7/6/2026","$159.80",
"1","SLD","$238,850","$235,000","PANTHER COVE","822 Gussy Lane","1951","4","2","0.11","3/18/2026 11:36 AM","5/13/2026","$120.45","5/11/2026"
"30","SLD","$229,605","$235,000","WHITE OAK CROSSING","10812 Mason Drive","1567","3","2","0.10","10/30/2025 11:51 AM","4/23/2026","$149.97","4/20/2026"
"1","SLD","$237,505","$235,000","CYPRESS BEND AT WHITE OAK CROSSING","108 Sofia Drive","1459","4","2","0.11","1/6/2026 12:55 PM","3/30/2026","$161.07","3/25/2026"
"1","SLD","$235,146","$235,146","OAK SPRINGS SUBDIVISION","24 Bird House Way","1840","4","2","0.17","7/16/2025 10:53 AM","7/16/2025","$127.80","7/23/2025"
"1","SLD","$235,215","$235,215","BELL VALLEY","1282 Agogo Lane","1439","4","2","0.16","1/19/2025 9:42 PM","1/19/2025","$163.46","1/24/2025"
"1","SLD","$235,475","$235,475","MIDLAND ESTATES PHASE 1","2381 Sam Tillery Drive","1523","3","2","0.14","4/2/2026 11:48 AM","4/7/2026","$154.61","6/24/2026"
"1","SLD","$235,514","$235,514","BELL VALLEY","1260 Tsar Road","1472","3","2","0.15","8/22/2025 2:31 PM","8/22/2025","$160.00","11/26/2025"
"1","SLD","$235,900","$235,900","MIDLAND ESTATES PHASE 1","2372 Sam Tillery Drive","1633","3","2","0.14","7/6/2026 7:32 AM","7/6/2026","$144.46","7/2/2026"
"1","SLD","$235,900","$235,900","MIDLAND ESTATES PHASE 1","2357 Sam Tillery Drive","1640","4","2","0.14","4/2/2026 11:38 AM","4/7/2026","$143.84","6/9/2026"
"1","SLD","$235,953","$235,953","OAK SPRINGS SUBDIVISION","26 Bird House Way","1840","4","2","0.16","3/31/2025 4:24 PM","3/31/2025","$128.24","7/28/2025"
"1","SLD","$237,600","$236,000","COUNTRY CLUB OF ARK THE","10413 Paul Eells Drive","1743","3","2","0.12","10/14/2025 3:06 PM","2/26/2026","$135.40","2/25/2026"
"1","SLD","$239,330","$236,330","CYPRESS BEND AT WHITE OAK CROSSING","118 Sofia Drive","1459","4","2","0.11","12/24/2025 12:51 PM","3/20/2026","$161.98","3/19/2026"
"1","SLD","$233,900","$236,400","PANTHER COVE","826 Gussy Lane","1770","3","2","0.13","3/5/2026 12:17 PM","5/18/2026","$133.56","5/15/2026"
"1","SLD","$233,156","$236,656","OAK SPRINGS SUBDIVISION","39 Sourdough Creek Lane","1840","4","2","0.19","9/2/2025 3:03 PM","12/23/2025","$128.62","12/22/2025"
"1","SLD","$236,840","$236,840","TRAMMEL ESTATES","6600 Watercrest Loop","1840","4","2","0.16","9/3/2025 9:30 AM","9/3/2025","$128.72","11/7/2025"
"1","SLD","$237,900","$236,900","THE VINEYARD SUBDIVISION PHASE 2","19 Vineyard Drive","1852","4","2","0.20","5/7/2026 10:39 AM","6/5/2026","$127.92","6/4/2026"
"11","ACT","$236,900","$236,900","MIDLAND ESTATES PHASE 1","2237 Sam Tillery Drive","1640","4","2","0.17","7/23/2026 11:26 AM","7/23/2026","$144.45",
"2","SLD","$236,900","$236,900","THE GROVE AT CENTENNIAL VALLEY","2353 Bassett Street","1852","4","2","0.26","6/10/2026 12:46 PM","6/10/2026","$127.92","7/30/2026"
"1","SLD","$236,982","$236,982","OAK SPRINGS SUBDIVISION","1 Candlelight Drive","1840","4","2","0.18","1/12/2026 11:17 AM","1/12/2026","$128.79","2/26/2026"
"1","SLD","$239,380","$237,000","THE GROVE AT CENTENNIAL VALLEY","5008 Cobblefield Cove","1852","4","2","0.20","12/30/2025 5:20 PM","3/26/2026","$127.97","3/25/2026"
"1","SLD","$237,400","$237,400","SPRINGLAKE TRAILS","11201 River Valley Drive","1852","4","2","0.28","9/2/2025 3:28 PM","9/2/2025","$128.19","11/12/2025"
"1","SLD","$237,775","$237,775","BELL VALLEY","1290 Agogo Lane","1439","4","2","0.16","1/19/2025 10:14 PM","1/19/2025","$165.24","1/30/2025"
"1","SLD","$237,900","$237,900","THE GROVE AT CENTENNIAL VALLEY","6689 Hollywood Avenue","1852","4","2","0.16","4/8/2026 11:46 AM","5/29/2026","$128.46","6/29/2026"
"1","SBL","$238,590","$238,590","THE GROVE AT CENTENNIAL VALLEY","6081 Croft Avenue","1652","4","2","0.14","4/23/2025 8:15 AM","4/23/2025","$144.42","4/17/2025"
"1","SLD","$238,900","$238,900","PANTHER COVE","782 Gussy Lane","1951","4","2","0.16","4/2/2026 1:04 PM","4/7/2026","$122.45","6/10/2026"
"1","SLD","$239,275","$239,275","BELL VALLEY","1290 Tsar Road","1689","3","2","0.29","7/25/2025 11:30 AM","8/20/2025","$141.67","11/19/2025"
"2","UCT","$239,400","$239,400","MAGNOLIA MANOR","1404 Manor Oaks Boulevard","1633","3","2","0.15","7/23/2026 10:32 AM","7/27/2026","$146.60","10/22/2026"
"31","ACT","$239,400","$239,400","MAGNOLIA MANOR","1206 Manor Oaks Boulevard","1633","3","2","0.15","7/6/2026 10:32 AM","7/24/2026","$146.60",
"2","ACT","$239,600","$239,600","THE GROVE AT CENTENNIAL VALLEY","2352 Bassett Street","1852","4","2","0.31","7/23/2026 1:09 PM","7/23/2026","$129.37",
"1","SLD","$239,605","$239,605","COUNTRY CLUB OF ARK THE","10421 Marilyn Drive","1903","4","2","0.11","7/2/2025 3:26 PM","9/5/2025","$125.91","10/14/2025"
"1","SLD","$239,855","$239,705","CYPRESS BEND AT WHITE OAK CROSSING","116 Sofia Drive","1567","3","2","0.11","12/24/2025 12:44 PM","4/30/2026","$152.97","4/28/2026"
"1","SLD","$239,750","$239,750","BELL VALLEY","1500 Carillon Lane","1689","3","2","0.18","7/1/2025 10:39 AM","8/20/2025","$141.95","10/31/2025"
"2","SLD","$239,795","$239,795","TRAMMEL ESTATES","6638 Leatherwood Loop","1852","4","2","0.20","2/5/2025 4:43 PM","2/5/2025","$129.48","3/7/2025"
"5","ACT","$239,900","$239,900","MAGNOLIA MANOR","1207 Manor Oaks Boulevard","1559","4","2","0.16","7/17/2026 11:57 AM","7/17/2026","$153.88",
"1","SLD","$241,900","$239,900","MIDLAND ESTATES PHASE 1","3100 Ted Craig Drive","1640","4","2","0.17","4/7/2026 2:44 PM","4/24/2026","$146.28","4/22/2026"
"27","SLD","$238,510","$240,000","COUNTRY CLUB OF ARK THE","10429 Paul Eells Drive","2002","3","2","0.19","10/30/2025 12:35 PM","3/30/2026","$119.88","3/27/2026"
"1","SLD","$240,425","$240,425","MIDLAND ESTATES PHASE 1","2348 Sam Tillery Drive","1633","3","2","0.14","6/26/2026 3:00 PM","6/26/2026","$147.23","7/27/2026"
"1","SBL","$240,480","$240,480","MIDLAND ESTATES PHASE 1","3101 Ted Craig Drive","1523","3","2","0.17","3/18/2026 5:44 PM","3/18/2026","$157.90","3/16/2026"
"6","SLD","$241,525","$241,525","COUNTRY CLUB OF ARK THE","10409 Paul Eells Drive","2002","3","2","0.12","11/19/2025 3:26 PM","2/27/2026","$120.64","4/13/2026"
"1","SLD","$241,875","$241,875","COUNTRY CLUB OF ARK THE","10305 Paul Eells Drive","2002","3","2","0.12","12/31/2025 10:18 AM","2/20/2026","$120.82","4/10/2026"
"1","SLD","$240,550","$242,850","SPRINGLAKE TRAILS","12024 Duck Creek Drive","1852","4","2","0.18","2/6/2025 11:27 AM","3/28/2025","$131.13","3/28/2025"
"1","SLD","$242,900","$242,900","SPRINGLAKE TRAILS","15041 Thompson Branch Trail","1852","4","2","0.17","4/8/2026 10:10 AM","4/8/2026","$131.16","5/30/2026"
"1","UCBL","$243,125","$243,125","MIDLAND ESTATES PHASE 1","3124 Ted Craig Drive","1640","4","2","0.15","4/7/2026 2:51 PM","4/7/2026","$148.25","4/23/2026"
"9","WITH","$243,220","$243,220","WHITE OAK CROSSING","8200 Stacey Lane","1567","3","2","0.11","7/2/2025 2:13 PM","9/22/2025","$155.21",
"31","UCT","$243,400","$243,400","MAGNOLIA MANOR","1406 Manor Court","1652","4","2","0.17","7/17/2026 11:29 AM","7/24/2026","$147.34","8/24/2026"
"1","SBL","$243,425","$243,425","BOSTON PROPER SUB","4733 Copley Drive","1852","4","2","0.24","7/7/2025 9:33 AM","7/7/2025","$131.44","6/27/2025"
"4","SLD","$248,405","$244,455","WHITE OAK CROSSING","8205 Stacey Lane","1567","3","2","0.10","6/23/2025 3:34 PM","7/25/2025","$156.00","7/23/2025"
"4","ACT","$244,700","$244,700","CYPRESS BEND AT WHITE OAK CROSSING","138 Jonathan Drive","1567","3","2","0.11","4/24/2026 2:00 PM","7/17/2026","$156.16",
"6","UCT","$244,900","$244,900","MAGNOLIA MANOR","1403 Gum Spring Road","1652","4","2","0.24","7/6/2026 10:37 AM","7/6/2026","$148.24","8/21/2026"
"1","SBL","$245,000","$245,000","COUNTRY CLUB OF ARK THE","10225 Paul Eells Drive","2002","3","2","0.12","4/30/2026 9:09 AM","4/30/2026","$122.38","4/29/2026"
"30","UCT","$245,550","$245,550","COUNTRY CLUB OF ARK THE","10405 Paul Eells Drive","1857","3","2","0.12","10/30/2025 12:12 PM","6/4/2026","$132.23","7/8/2026"
"1","SLD","$245,900","$245,900","PANTHER COVE","798 Gussy Lane","1852","4","2","0.19","4/7/2026 3:25 PM","4/7/2026","$132.78","5/29/2026"
"30","SLD","$248,450","$246,000","CYPRESS BEND AT WHITE OAK CROSSING","115 Sofia Drive","1567","3","2","0.12","3/5/2026 9:39 AM","7/28/2026","$156.99","7/27/2026"
"1","SLD","$246,325","$246,325","COUNTRY CLUB OF ARK THE","10217 Paul Eells Drive","1743","3","2","0.12","1/23/2026 3:02 PM","6/17/2026","$141.32","7/24/2026"
"1","SBL","$246,425","$246,425","SPRINGLAKE TRAILS","15032 Thompson Branch Trail","1852","4","2","0.14","3/20/2026 4:31 PM","3/20/2026","$133.06","3/30/2026"
"1","SLD","$248,160","$247,160","COUNTRY CLUB OF ARK THE","10321 Paul Eells Drive","2002","3","2","0.12","11/26/2025 1:51 PM","2/19/2026","$123.46","2/17/2026"
"1","SLD","$247,970","$247,970","THE GROVE AT CENTENNIAL VALLEY","6088 Croft Avenue","1852","4","2","0.16","3/28/2025 12:14 PM","3/28/2025","$133.89","3/28/2025"
"1","UCT","$248,140","$248,140","CYPRESS BEND AT WHITE OAK CROSSING","109 Lucy Lane","1567","3","2","0.12","7/6/2026 8:41 AM","7/9/2026","$158.35","9/25/2026"
"1","SLD","$249,575","$248,575","BELL VALLEY","1525 Parsifal Lane","2065","4","2","0.16","9/24/2024 4:12 PM","1/31/2025","$120.38","1/30/2025"
"1","SLD","$246,555","$249,255","WHITE OAK CROSSING","10809 Mason Drive","1903","4","2","0.10","9/30/2025 2:51 PM","2/6/2026","$130.98","2/4/2026"
"1","SBL","$250,000","$250,000","COUNTRY CLUB OF ARK THE","10209 Paul Eells Drive","2002","3","2","0.13","5/29/2026 4:50 PM","5/29/2026","$124.88","5/28/2026"
"1","SLD","$250,935","$250,935","WHITE OAK CROSSING","10912 Mason Drive","2065","4","2","0.10","6/16/2025 3:17 PM","8/11/2025","$121.52","9/19/2025"
"1","SBL","$251,000","$251,000","COUNTRY CLUB OF ARK THE","8101 Eastwood Creek Drive","2065","4","2","0.12","6/19/2026 1:49 PM","6/19/2026","$121.55","6/18/2026"
"30","SLD","$251,523","$251,523","BELL VALLEY","1520 Carillon Lane","1903","4","2","0.13","8/22/2025 2:20 PM","1/16/2026","$132.17","2/17/2026"
"1","SLD","$252,502","$252,502","BELL VALLEY","1200 Crotale","1852","4","2","0.18","4/25/2025 2:01 PM","4/25/2025","$136.34","8/22/2025"
"1","SBL","$253,555","$253,555","COUNTRY CLUB OF ARK THE","10600 Mason Drive","1903","4","2","0.13","5/29/2026 5:07 PM","5/29/2026","$133.24","5/28/2026"
"1","SLD","$253,555","$253,555","WHITE OAK CROSSING","8201 Kennedy Lane","1903","4","2","0.11","1/12/2026 9:54 AM","1/12/2026","$133.24","1/28/2026"
"1","SBL","$253,605","$253,605","COUNTRY CLUB OF ARK THE","8100 Eastwood Creek Drive","2065","4","2","0.12","6/26/2026 10:46 AM","6/26/2026","$122.81","6/25/2026"
"2","SLD","$255,645","$254,645","COUNTRY CLUB OF ARK THE","8304 Eastwood Creek Drive","1903","4","2","0.12","12/27/2024 11:39 AM","3/28/2025","$133.81","3/28/2025"
"1","SLD","$256,235","$256,235","CYPRESS BEND AT WHITE OAK CROSSING","104 Sofia Drive","1903","4","2","0.11","1/6/2026 12:51 PM","4/7/2026","$134.65","6/11/2026"
"1","SLD","$259,605","$259,605","WHITE OAK CROSSING","8304 Stacey Lane","2065","4","2","0.10","6/16/2025 3:22 PM","7/24/2025","$125.72","9/25/2025"
"1","SLD","$260,900","$260,900","BELL VALLEY","1267 Crotale Street","1903","4","2","0.13","3/17/2025 4:34 PM","3/17/2025","$137.10","7/11/2025"
"1","SLD","$250,635","$261,000","WHITE OAK CROSSING","8301 Fitzgerald Lane","1903","4","2","0.10","3/19/2025 1:00 PM","6/6/2025","$137.15","6/5/2025"
"1","SLD","$264,855","$264,855","WHITE OAK CROSSING","10717 Mason Drive","2065","4","2","0.10","9/30/2025 2:34 PM","9/30/2025","$128.26","1/9/2026"
"1","SLD","$264,790","$264,857","BELL VALLEY","1550 Carillon Lane","2065","4","2","0.13","2/10/2025 12:48 PM","5/30/2025","$128.26","5/28/2025"
"1","SLD","$268,000","$268,000","BELL VALLEY","1510 Carillon Lane","2065","2","2","0.15","8/22/2025 2:47 PM","8/22/2025","$129.78","11/21/2025"
"1","SLD","$269,100","$269,100","BELL VALLEY","1530 Carillon Lane","2065","4","2","0.13","3/28/2025 12:02 PM","3/28/2025","$130.31","3/28/2025"
"1","SLD","$269,250","$269,250","COUNTRY CLUB OF ARK THE","8001 Donna Drive","2065","4","2","0.16","12/19/2025 9:56 AM","12/19/2025","$130.39","1/13/2026"
"3","UCT","$269,900","$269,900","CYPRESS BEND AT WHITE OAK CROSSING","116 Lucy Lane","2065","4","2","0.12","6/10/2026 10:20 AM","6/10/2026","$130.70","8/28/2026"
"1","SLD","$273,080","$270,000","BELL VALLEY","1284 Crotale Street","2065","4","2","0.19","3/17/2025 4:40 PM","7/28/2025","$130.75","7/25/2025"
"1","SBL","$270,900","$270,900","BELL VALLEY","1212 Agogo Lane","2065","4","2","0.13","2/27/2025 5:35 PM","2/27/2025","$131.19","2/26/2025"
"1","SLD","$271,900","$271,900","CYPRESS BEND AT WHITE OAK CROSSING","111 Sofia Drive","2065","4","2","0.12","3/5/2026 9:30 AM","3/5/2026","$131.67","5/4/2026"
"1","SLD","$271,525","$274,820","WHITE OAK CROSSING","8300 Fitzgerald Lane","2065","4","2","0.11","2/28/2025 2:11 PM","6/27/2025","$133.08","6/24/2025"
"30","SLD","$278,450","$278,450","CYPRESS BEND AT WHITE OAK CROSSING","114 Sofia Drive","2065","4","2","0.11","12/24/2025 1:00 PM","4/7/2026","$134.84","5/29/2026"
"1","UCT","$279,000","$279,000","CYPRESS BEND AT WHITE OAK CROSSING","109 Sofia Drive","2344","4","2","0.12","4/7/2026 1:21 PM","7/17/2026","$119.03","8/26/2026"
"1","SLD","$282,900","$280,000","CYPRESS BEND AT WHITE OAK CROSSING","148 Jonathan Drive","2344","4","2","0.11","4/7/2026 12:55 PM","7/23/2026","$119.45","7/22/2026"
"1","SLD","$280,402","$280,402","BELL VALLEY","1260 Crotale Street","2065","4","2","0.19","4/1/2025 8:53 AM","4/1/2025","$135.79","8/20/2025"
"1","SLD","$286,675","$284,120","CYPRESS BEND AT WHITE OAK CROSSING","100 Sofia Drive","2333","4","3","0.07","4/7/2026 1:47 PM","7/2/2026","$121.78","7/2/2026"
"39","SLD","$284,545","$284,545","COUNTRY CLUB OF ARK THE","8008 Kim Drive","2345","4","2","0.11","2/21/2025 5:14 PM","2/21/2025","$121.34","8/14/2025"
"1","UCBL","$285,900","$285,900","CYPRESS BEND AT WHITE OAK CROSSING","101 Sofia Drive","2344","4","2","0.17","4/7/2026 1:25 PM","4/7/2026","$121.97","5/27/2026"
"2","UCT","$285,900","$285,900","CYPRESS BEND AT WHITE OAK CROSSING","152 Jonathan Drive","2344","4","2","0.10","4/7/2026 1:17 PM","4/7/2026","$121.97","8/27/2026"
"1","SLD","$282,900","$286,010","COUNTRY CLUB OF ARK THE","8012 Kim Drive","2345","4","2","0.11","2/10/2025 10:45 AM","5/29/2025","$121.97","5/27/2025"
