listingAddress/full,listingAddress/street,listingAddress/city,listingAddress/state,listingAddress/zipCode,homeStatus,listingStatus,bedrooms,livingArea,price,listingPrice/amount,daysOnZillow,propertyUrl,hdpUrl,lastSoldPrice,listingPriceHistory/0/date,listingPriceHistory/0/event,listingPriceHistory/1/date,listingPriceHistory/1/event,listingPriceHistory/2/date,listingPriceHistory/2/event,listingPriceHistory/3/date,listingPriceHistory/3/event,listingPriceHistory/4/date,listingPriceHistory/4/event,listingPriceHistory/5/date,listingPriceHistory/5/event,listingPriceHistory/6/date,listingPriceHistory/6/event,listingPriceHistory/7/date,listingPriceHistory/7/event,listingPriceHistory/8/date,listingPriceHistory/8/event,listingPriceHistory/9/date,listingPriceHistory/9/event,listingPriceHistory/10/date,listingPriceHistory/10/event,listingPriceHistory/11/date,listingPriceHistory/11/event,listingPriceHistory/12/date,listingPriceHistory/12/event,listingPriceHistory/13/date,listingPriceHistory/13/event,listingPriceHistory/14/date,listingPriceHistory/14/event,listingPriceHistory/15/date,listingPriceHistory/15/event,listingPriceHistory/16/date,listingPriceHistory/16/event,listingPriceHistory/17/date,listingPriceHistory/17/event,listingPriceHistory/18/date,listingPriceHistory/18/event,listingPriceHistory/19/date,listingPriceHistory/19/event,listingPriceHistory/20/date,listingPriceHistory/20/event,listingPriceHistory/21/date,listingPriceHistory/21/event,listingPriceHistory/22/date,listingPriceHistory/22/event,listingPriceHistory/23/date,listingPriceHistory/23/event,listingPriceHistory/24/date,listingPriceHistory/24/event,listingPriceHistory/25/date,listingPriceHistory/25/event,listingPriceHistory/26/date,listingPriceHistory/26/event,listingPriceHistory/27/date,listingPriceHistory/27/event
"3802 Pinecrest Ln, Maumelle, AR 72113",3802 Pinecrest Ln,Maumelle,AR,72113,,forRent,4,2435,,2600,14,https://www.zillow.com/homedetails/3802-Pinecrest-Ln-Maumelle-AR-72113/465038347_zpid/,,,2026-09-15T00:00:00.000Z,Price change,2026-09-03T00:00:00.000Z,Listed for rent,,,,,,,,,,,,,,,,,,,,,,,,,,,,,,,,,,,,,,,,,,,,,,,,,,,,
"2400 SW Ednruance Way #2, Maumelle, AR 72113",2400 SW Ednruance Way #2,Maumelle,AR,72113,,forRent,3,1200,,1995,87,https://www.zillow.com/homedetails/2400-SW-Ednruance-Way-2-Maumelle-AR-72113/463401793_zpid/,,,2026-09-08T00:00:00.000Z,Price change,2026-06-23T00:00:00.000Z,Listed for rent,,,,,,,,,,,,,,,,,,,,,,,,,,,,,,,,,,,,,,,,,,,,,,,,,,,,
"10700 Mason Dr, North Little Rock, AR 72113",10700 Mason Dr,North Little Rock,AR,72113,,forRent,3,1248,,1700,9,https://www.zillow.com/homedetails/10700-Mason-Dr-North-Little-Rock-AR-72113/457082284_zpid/,,204325,2026-09-08T00:00:00.000Z,Listed for rent,2026-03-11T00:00:00.000Z,Sold,2026-01-15T00:00:00.000Z,Contingent,2025-12-30T00:00:00.000Z,Listed for sale,2025-10-30T00:00:00.000Z,Listing removed,2025-09-30T00:00:00.000Z,Listed for sale,,,,,,,,,,,,,,,,,,,,,,,,,,,,,,,,,,,,,,,,,,,,
"8616 Eastwood Creek Dr, North Little Rock, AR 72113",8616 Eastwood Creek Dr,North Little Rock,AR,72113,,forRent,3,1722,,1950,28,https://www.zillow.com/homedetails/8616-Eastwood-Creek-Dr-North-Little-Rock-AR-72113/2059022685_zpid/,,246600,2026-08-20T00:00:00.000Z,Listed for rent,2026-08-20T00:00:00.000Z,Listing removed,2026-08-08T00:00:00.000Z,Price change,2026-07-16T00:00:00.000Z,Listed for rent,2023-06-12T00:00:00.000Z,Sold,2023-05-02T00:00:00.000Z,Contingent,2023-03-02T00:00:00.000Z,Listed for sale,2023-03-01T00:00:00.000Z,Contingent,2023-02-24T00:00:00.000Z,Listed for sale,,,,,,,,,,,,,,,,,,,,,,,,,,,,,,,,,,,,,,
"103 Jo Park Ln, Maumelle, AR 72113",103 Jo Park Ln,Maumelle,AR,72113,,forRent,3,1491,,1700,1,https://www.zillow.com/homedetails/103-Jo-Park-Ln-Maumelle-AR-72113/2058345725_zpid/,,223425,2026-09-16T00:00:00.000Z,Listed for rent,2023-08-10T00:00:00.000Z,Sold,2023-04-29T00:00:00.000Z,Listing removed,2023-04-18T00:00:00.000Z,Price change,2023-03-26T00:00:00.000Z,Listed for sale,,,,,,,,,,,,,,,,,,,,,,,,,,,,,,,,,,,,,,,,,,,,,,
"6005 Coywolf, Maumelle, AR 72113",6005 Coywolf,Maumelle,AR,72113,,forRent,4,1955,,2300,1,https://www.zillow.com/homedetails/6005-Coywolf-Maumelle-AR-72113/465322717_zpid/,,,2026-09-16T00:00:00.000Z,Listed for rent,,,,,,,,,,,,,,,,,,,,,,,,,,,,,,,,,,,,,,,,,,,,,,,,,,,,,,
"65 Swayze Rhys Ln, Cabot, AR 72023",65 Swayze Rhys Ln,Cabot,AR,72023,,forRent,3,1633,,1675,35,https://www.zillow.com/homedetails/65-Swayze-Rhys-Ln-Cabot-AR-72023/2052994194_zpid/,,213925,2026-09-08T00:00:00.000Z,Price change,2026-08-13T00:00:00.000Z,Listed for rent,2024-05-01T00:00:00.000Z,Sold,2024-04-05T00:00:00.000Z,Contingent,2024-02-09T00:00:00.000Z,Price change,2024-02-01T00:00:00.000Z,Listed for sale,,,,,,,,,,,,,,,,,,,,,,,,,,,,,,,,,,,,,,,,,,,,
"113 Lucy Ln, Maumelle, AR 72113",113 Lucy Ln,Maumelle,AR,72113,,forRent,3,1051,,1460,9,https://www.zillow.com/homedetails/113-Lucy-Ln-Maumelle-AR-72113/463057776_zpid/,,,2026-09-09T00:00:00.000Z,Listed for rent,2026-08-14T00:00:00.000Z,Listing removed,2026-08-10T00:00:00.000Z,Price change,2026-07-17T00:00:00.000Z,Price change,2026-07-13T00:00:00.000Z,Price change,2026-07-09T00:00:00.000Z,Price change,2026-07-06T00:00:00.000Z,Price change,2026-06-09T00:00:00.000Z,Listed for sale,,,,,,,,,,,,,,,,,,,,,,,,,,,,,,,,,,,,,,,,
"70 Kinley Brook Ln, Cabot, AR 72023",70 Kinley Brook Ln,Cabot,AR,72023,,forRent,3,1012,,1595,37,https://www.zillow.com/homedetails/70-Kinley-Brook-Ln-Cabot-AR-72023/2055560788_zpid/,,175775,2026-08-11T00:00:00.000Z,Listed for rent,2024-06-17T00:00:00.000Z,Listing removed,2024-05-22T00:00:00.000Z,Price change,2024-03-06T00:00:00.000Z,Listed for rent,2024-02-27T00:00:00.000Z,Sold,2024-02-17T00:00:00.000Z,Contingent,2023-12-26T00:00:00.000Z,Price change,2023-11-15T00:00:00.000Z,Price change,2023-09-12T00:00:00.000Z,Listed for sale,,,,,,,,,,,,,,,,,,,,,,,,,,,,,,,,,,,,,,
"115 Maddison Rachael, Cabot, AR 72023",115 Maddison Rachael,Cabot,AR,72023,,forRent,3,1373,,1410,9,https://www.zillow.com/homedetails/115-Maddison-Rachael-Cabot-AR-72023/463940284_zpid/,,,2026-09-09T00:00:00.000Z,Listed for rent,2026-08-14T00:00:00.000Z,Listing removed,2026-08-04T00:00:00.000Z,Price change,2026-07-20T00:00:00.000Z,Price change,2026-07-17T00:00:00.000Z,Listed for sale,,,,,,,,,,,,,,,,,,,,,,,,,,,,,,,,,,,,,,,,,,,,,,
"140 Nona Ruth Ln, Cabot, AR 72023",140 Nona Ruth Ln,Cabot,AR,72023,,forRent,3,1402,,1410,3,https://www.zillow.com/homedetails/140-Nona-Ruth-Ln-Cabot-AR-72023/464348901_zpid/,,,2026-09-14T00:00:00.000Z,Listed for rent,2026-08-18T00:00:00.000Z,Listing removed,2026-08-07T00:00:00.000Z,Price change,2026-08-06T00:00:00.000Z,Price change,2026-08-06T00:00:00.000Z,Listed for sale,,,,,,,,,,,,,,,,,,,,,,,,,,,,,,,,,,,,,,,,,,,,,,
"35 Foster Louis Ln, Cabot, AR 72023",35 Foster Louis Ln,Cabot,AR,72023,,forRent,3,1234,,1455,20,https://www.zillow.com/homedetails/35-Foster-Louis-Ln-Cabot-AR-72023/349183675_zpid/,,,2026-08-28T00:00:00.000Z,Listed for rent,2024-08-07T00:00:00.000Z,Listing removed,2024-08-06T00:00:00.000Z,Listed for rent,2024-08-06T00:00:00.000Z,Listing removed,2024-05-04T00:00:00.000Z,Listed for rent,,,,,,,,,,,,,,,,,,,,,,,,,,,,,,,,,,,,,,,,,,,,,,
"60 Leruss Blvd, Cabot, AR 72023",60 Leruss Blvd,Cabot,AR,72023,,forRent,3,1422,,1399,44,https://www.zillow.com/homedetails/60-Leruss-Blvd-Cabot-AR-72023/342062290_zpid/,,203000,2026-09-14T00:00:00.000Z,Price change,2026-08-27T00:00:00.000Z,Price change,2026-08-04T00:00:00.000Z,Listed for rent,2024-06-22T00:00:00.000Z,Listing removed,2024-06-15T00:00:00.000Z,Listed for rent,2024-06-11T00:00:00.000Z,Sold,2024-04-10T00:00:00.000Z,Listing removed,2024-04-04T00:00:00.000Z,Price change,2024-03-02T00:00:00.000Z,Price change,2024-02-27T00:00:00.000Z,Listed for sale,,,,,,,,,,,,,,,,,,,,,,,,,,,,,,,,,,,,
"25 Maddison Rachael, Cabot, AR 72023",25 Maddison Rachael,Cabot,AR,72023,,forRent,3,1248,,1310,9,https://www.zillow.com/homedetails/25-Maddison-Rachael-Cabot-AR-72023/460872609_zpid/,,,2026-09-09T00:00:00.000Z,Listed for rent,2026-08-14T00:00:00.000Z,Listing removed,2026-07-24T00:00:00.000Z,Price change,2026-07-20T00:00:00.000Z,Price change,2026-07-17T00:00:00.000Z,Price change,2026-07-09T00:00:00.000Z,Price change,2026-07-06T00:00:00.000Z,Price change,2026-06-25T00:00:00.000Z,Price change,2026-06-17T00:00:00.000Z,Price change,2026-04-30T00:00:00.000Z,Price change,2026-04-24T00:00:00.000Z,Price change,2026-04-07T00:00:00.000Z,Price change,2026-03-31T00:00:00.000Z,Price change,2026-03-13T00:00:00.000Z,Price change,2026-03-05T00:00:00.000Z,Listed for sale,,,,,,,,,,,,,,,,,,,,,,,,,,
"24-1 Five Oddie Ln, Ward, AR 72023",24-1 Five Oddie Ln,Ward,AR,72023,,forRent,2,825,,725,8,https://www.zillow.com/homedetails/24-1-Five-Oddie-Ln-Ward-AR-72023/464237325_zpid/,,,2026-09-11T00:00:00.000Z,Price change,2026-09-09T00:00:00.000Z,Listed for rent,2026-08-26T00:00:00.000Z,Listing removed,2026-07-30T00:00:00.000Z,Listed for rent,,,,,,,,,,,,,,,,,,,,,,,,,,,,,,,,,,,,,,,,,,,,,,,,
"105 Maddison Rachael, Cabot, AR 72023",105 Maddison Rachael,Cabot,AR,72023,,forRent,4,1459,,1460,9,https://www.zillow.com/homedetails/105-Maddison-Rachael-Cabot-AR-72023/463333812_zpid/,,,2026-09-09T00:00:00.000Z,Listed for rent,2026-08-14T00:00:00.000Z,Listing removed,2026-08-04T00:00:00.000Z,Price change,2026-07-20T00:00:00.000Z,Price change,2026-06-18T00:00:00.000Z,Listed for sale,,,,,,,,,,,,,,,,,,,,,,,,,,,,,,,,,,,,,,,,,,,,,,
"120 Nona Ruth Ln, Cabot, AR 72023",120 Nona Ruth Ln,Cabot,AR,72023,,forRent,3,1402,,1410,9,https://www.zillow.com/homedetails/120-Nona-Ruth-Ln-Cabot-AR-72023/464079221_zpid/,,,2026-09-09T00:00:00.000Z,Listed for rent,2026-08-14T00:00:00.000Z,Listing removed,2026-07-24T00:00:00.000Z,Price change,2026-07-23T00:00:00.000Z,Listed for sale,,,,,,,,,,,,,,,,,,,,,,,,,,,,,,,,,,,,,,,,,,,,,,,,
"55 Maddison Rachael, Cabot, AR 72023",55 Maddison Rachael,Cabot,AR,72023,,forRent,4,1459,,1475,48,https://www.zillow.com/homedetails/55-Maddison-Rachael-Cabot-AR-72023/461972684_zpid/,,212900,2026-08-27T00:00:00.000Z,Price change,2026-07-31T00:00:00.000Z,Listed for rent,2026-07-24T00:00:00.000Z,Sold,2026-06-01T00:00:00.000Z,Contingent,2026-04-24T00:00:00.000Z,Listed for sale,,,,,,,,,,,,,,,,,,,,,,,,,,,,,,,,,,,,,,,,,,,,,,
"100 Nona Ruth Ln, Cabot, AR 72023",100 Nona Ruth Ln,Cabot,AR,72023,,forRent,4,1459,,1460,9,https://www.zillow.com/homedetails/100-Nona-Ruth-Ln-Cabot-AR-72023/463333811_zpid/,,,2026-09-09T00:00:00.000Z,Listed for rent,2026-08-14T00:00:00.000Z,Listing removed,2026-08-04T00:00:00.000Z,Price change,2026-07-20T00:00:00.000Z,Price change,2026-07-06T00:00:00.000Z,Price change,2026-06-18T00:00:00.000Z,Listed for sale,,,,,,,,,,,,,,,,,,,,,,,,,,,,,,,,,,,,,,,,,,,,
"155 Maddison Dr, Cabot, AR 72023",155 Maddison Dr,Cabot,AR,72023,,forRent,4,1600,,1535,3,https://www.zillow.com/homedetails/155-Maddison-Dr-Cabot-AR-72023/465236137_zpid/,,,2026-09-14T00:00:00.000Z,Listed for rent,,,,,,,,,,,,,,,,,,,,,,,,,,,,,,,,,,,,,,,,,,,,,,,,,,,,,,
"110 Nona Ruth Ln, Cabot, AR 72023",110 Nona Ruth Ln,Cabot,AR,72023,,forRent,3,1248,,1310,9,https://www.zillow.com/homedetails/110-Nona-Ruth-Ln-Cabot-AR-72023/463333813_zpid/,,,2026-09-09T00:00:00.000Z,Listed for rent,2026-08-14T00:00:00.000Z,Listing removed,2026-08-04T00:00:00.000Z,Price change,2026-07-24T00:00:00.000Z,Price change,2026-07-20T00:00:00.000Z,Price change,2026-07-09T00:00:00.000Z,Price change,2026-06-18T00:00:00.000Z,Listed for sale,,,,,,,,,,,,,,,,,,,,,,,,,,,,,,,,,,,,,,,,,,
"15 Leruss Blvd, Cabot, AR 72023",15 Leruss Blvd,Cabot,AR,72023,,forRent,,,,,,https://www.zillow.com/b/15-leruss-blvd-cabot-ar-CkhJp8/,,,,,,,,,,,,,,,,,,,,,,,,,,,,,,,,,,,,,,,,,,,,,,,,,,,,,,,,,,
"1610 Raden St, Conway, AR 72032",1610 Raden St,Conway,AR,72032,,forRent,3,1243,,1650,36,https://www.zillow.com/homedetails/1610-Raden-St-Conway-AR-72032/2066419442_zpid/,,,2026-08-12T00:00:00.000Z,Listed for rent,2025-10-04T00:00:00.000Z,Listing removed,2025-10-03T00:00:00.000Z,Listed for rent,2025-10-03T00:00:00.000Z,Listing removed,2025-07-18T00:00:00.000Z,Listed for rent,2023-12-30T00:00:00.000Z,Listing removed,2023-12-29T00:00:00.000Z,Listed for rent,2023-12-28T00:00:00.000Z,Listing removed,2023-12-01T00:00:00.000Z,Price change,2023-09-08T00:00:00.000Z,Listed for rent,2023-04-19T00:00:00.000Z,Listing removed,2023-03-28T00:00:00.000Z,Listed for rent,2022-04-21T00:00:00.000Z,Listing removed,2022-02-16T00:00:00.000Z,Listed for rent,,,,,,,,,,,,,,,,,,,,,,,,,,,,
"103 E Concord Rd, Mayflower, AR 72106",103 E Concord Rd,Mayflower,AR,72106,,forRent,3,1413,,1660,9,https://www.zillow.com/homedetails/103-E-Concord-Rd-Mayflower-AR-72106/463058000_zpid/,,,2026-09-09T00:00:00.000Z,Listed for rent,2026-08-14T00:00:00.000Z,Listing removed,2026-07-20T00:00:00.000Z,Price change,2026-06-09T00:00:00.000Z,Listed for sale,,,,,,,,,,,,,,,,,,,,,,,,,,,,,,,,,,,,,,,,,,,,,,,,
"640 Cherub Dr, Conway, AR 72034",640 Cherub Dr,Conway,AR,72034,,forRent,3,1144,,1500,4,https://www.zillow.com/homedetails/640-Cherub-Dr-Conway-AR-72034/242932_zpid/,,180000,2026-09-13T00:00:00.000Z,Listed for rent,2026-08-28T00:00:00.000Z,Sold,2026-08-27T00:00:00.000Z,Contingent,2026-07-26T00:00:00.000Z,Listed for sale,2018-04-26T00:00:00.000Z,Sold,2013-10-04T00:00:00.000Z,Sold,2010-09-24T00:00:00.000Z,Sold,,,,,,,,,,,,,,,,,,,,,,,,,,,,,,,,,,,,,,,,,,
"1306 Bellemeade Dr, Conway, AR 72034",1306 Bellemeade Dr,Conway,AR,72034,,forRent,3,2220,,1775,35,https://www.zillow.com/homedetails/1306-Bellemeade-Dr-Conway-AR-72034/234155_zpid/,,89090,2026-08-13T00:00:00.000Z,Listed for rent,2025-06-20T00:00:00.000Z,Listing removed,2025-05-09T00:00:00.000Z,Listed for rent,2017-12-01T00:00:00.000Z,Listing removed,2017-08-20T00:00:00.000Z,Price change,2017-05-31T00:00:00.000Z,Listed for sale,2013-10-16T00:00:00.000Z,Listing removed,2013-07-18T00:00:00.000Z,Listed for sale,2013-04-01T00:00:00.000Z,Sold,2012-06-28T00:00:00.000Z,Sold,,,,,,,,,,,,,,,,,,,,,,,,,,,,,,,,,,,,
"1740 Raden St, Conway, AR 72032",1740 Raden St,Conway,AR,72032,,forRent,3,1243,,1650,8,https://www.zillow.com/homedetails/1740-Raden-St-Conway-AR-72032/2061816633_zpid/,,,2026-09-09T00:00:00.000Z,Listed for rent,2026-05-19T00:00:00.000Z,Listing removed,2026-02-27T00:00:00.000Z,Price change,2022-11-09T00:00:00.000Z,Price change,2022-10-11T00:00:00.000Z,Price change,2022-08-22T00:00:00.000Z,Listed for rent,,,,,,,,,,,,,,,,,,,,,,,,,,,,,,,,,,,,,,,,,,,,
"1810 Rich Smith Ln, Conway, AR 72032",1810 Rich Smith Ln,Conway,AR,72032,,forRent,3,2310,,2500,52,https://www.zillow.com/homedetails/1810-Rich-Smith-Ln-Conway-AR-72032/102992676_zpid/,,,2026-07-27T00:00:00.000Z,Price change,2026-06-22T00:00:00.000Z,Price change,2026-04-22T00:00:00.000Z,Price change,2026-01-07T00:00:00.000Z,Listed for rent,,,,,,,,,,,,,,,,,,,,,,,,,,,,,,,,,,,,,,,,,,,,,,,,
"2400 SW Ednruance Way, Maumelle, AR 72113",2400 SW Ednruance Way,Maumelle,AR,72113,,other,,,,,,"https://www.zillow.com/b/2400-sw-ednruance-way-maumelle-ar/34.87126275998,-92.450398671503_ll/",,,,,,,,,,,,,,,,,,,,,,,,,,,,,,,,,,,,,,,,,,,,,,,,,,,,,,,,,,
"2042 Moody Gdns, Conway, AR 72034",2042 Moody Gdns,Conway,AR,72034,,forRent,3,1416,,1600,0,https://www.zillow.com/homedetails/2042-Moody-Gdns-Conway-AR-72034/352031406_zpid/,,,2026-09-17T00:00:00.000Z,Listed for rent,,,,,,,,,,,,,,,,,,,,,,,,,,,,,,,,,,,,,,,,,,,,,,,,,,,,,,
"1155 Mimosa Dr, Conway, AR 72034",1155 Mimosa Dr,Conway,AR,72034,,forRent,3,1236,,1400,13,https://www.zillow.com/homedetails/1155-Mimosa-Dr-Conway-AR-72034/35730018_zpid/,,78000,2026-09-04T00:00:00.000Z,Listed for rent,2025-06-19T00:00:00.000Z,Listing removed,2025-06-16T00:00:00.000Z,Listed for rent,2023-09-26T00:00:00.000Z,Listing removed,2023-09-11T00:00:00.000Z,Listed for rent,2019-06-13T00:00:00.000Z,Listing removed,2019-06-05T00:00:00.000Z,Listed for rent,2001-06-27T00:00:00.000Z,Sold,,,,,,,,,,,,,,,,,,,,,,,,,,,,,,,,,,,,,,,,
"31 Haley Renee Dr, Greenbrier, AR 72058",31 Haley Renee Dr,Greenbrier,AR,72058,,forRent,3,1527,,1400,43,https://www.zillow.com/homedetails/31-Haley-Renee-Dr-Greenbrier-AR-72058/464349852_zpid/,,,2026-08-05T00:00:00.000Z,Listed for rent,,,,,,,,,,,,,,,,,,,,,,,,,,,,,,,,,,,,,,,,,,,,,,,,,,,,,,
"63 Autumn Hills Rd, Greenbrier, AR 72058",63 Autumn Hills Rd,Greenbrier,AR,72058,,forRent,3,1420,,1450,2,https://www.zillow.com/homedetails/63-Autumn-Hills-Rd-Greenbrier-AR-72058/82246957_zpid/,,,2026-09-15T00:00:00.000Z,Listed for rent,2025-01-21T00:00:00.000Z,Listing removed,2025-01-17T00:00:00.000Z,Listed for rent,,,,,,,,,,,,,,,,,,,,,,,,,,,,,,,,,,,,,,,,,,,,,,,,,,
"2004 Hairston Ave, Conway, AR 72034",2004 Hairston Ave,Conway,AR,72034,,forRent,3,1703,,2800,15,https://www.zillow.com/homedetails/2004-Hairston-Ave-Conway-AR-72034/444384959_zpid/,,,2026-09-02T00:00:00.000Z,Listed for rent,2026-02-25T00:00:00.000Z,Listing removed,2026-01-13T00:00:00.000Z,Listed for rent,2025-12-29T00:00:00.000Z,Listing removed,2025-11-07T00:00:00.000Z,Listed for rent,2025-06-27T00:00:00.000Z,Listing removed,2025-06-10T00:00:00.000Z,Listed for rent,2025-05-29T00:00:00.000Z,Listing removed,2025-03-24T00:00:00.000Z,Price change,2025-01-29T00:00:00.000Z,Price change,2025-01-15T00:00:00.000Z,Listed for rent,2024-11-29T00:00:00.000Z,Listing removed,2024-10-16T00:00:00.000Z,Listed for rent,,,,,,,,,,,,,,,,,,,,,,,,,,,,,,
"1906 Dave Ward Dr, Conway, AR 72034",1906 Dave Ward Dr,Conway,AR,72034,,forRent,3,1335,,1000,37,https://www.zillow.com/homedetails/1906-Dave-Ward-Dr-Conway-AR-72034/2061771487_zpid/,,,2026-08-11T00:00:00.000Z,Listed for rent,2025-12-18T00:00:00.000Z,Listing removed,2025-11-11T00:00:00.000Z,Price change,2025-10-28T00:00:00.000Z,Price change,2025-10-03T00:00:00.000Z,Price change,2025-06-27T00:00:00.000Z,Listed for rent,2024-05-29T00:00:00.000Z,Listing removed,2024-05-14T00:00:00.000Z,Price change,2024-04-23T00:00:00.000Z,Price change,2024-04-15T00:00:00.000Z,Price change,2024-03-18T00:00:00.000Z,Price change,2024-02-16T00:00:00.000Z,Price change,2024-02-13T00:00:00.000Z,Price change,2024-01-31T00:00:00.000Z,Listed for rent,2023-11-30T00:00:00.000Z,Listing removed,2023-11-15T00:00:00.000Z,Listed for rent,2022-10-25T00:00:00.000Z,Listing removed,2022-10-18T00:00:00.000Z,Price change,2022-10-02T00:00:00.000Z,Price change,2022-08-26T00:00:00.000Z,Listed for rent,,,,,,,,,,,,,,,,
"10 Harvest Ln, Conway, AR 72032",10 Harvest Ln,Conway,AR,72032,,forRent,3,1288,,1395,30,https://www.zillow.com/homedetails/10-Harvest-Ln-Conway-AR-72032/338960356_zpid/,,,2026-09-10T00:00:00.000Z,Price change,2026-08-18T00:00:00.000Z,Listed for rent,2024-10-10T00:00:00.000Z,Listing removed,2024-09-25T00:00:00.000Z,Listed for rent,2022-09-22T00:00:00.000Z,Listing removed,2022-08-25T00:00:00.000Z,Price change,2022-08-03T00:00:00.000Z,Listed for sale,,,,,,,,,,,,,,,,,,,,,,,,,,,,,,,,,,,,,,,,,,
"4555 Graham Dr, Conway, AR 72034",4555 Graham Dr,Conway,AR,72034,,forRent,3,1192,,1400,35,https://www.zillow.com/homedetails/4555-Graham-Dr-Conway-AR-72034/59917944_zpid/,,185000,2026-08-13T00:00:00.000Z,Listed for rent,2024-10-02T00:00:00.000Z,Listing removed,2024-09-23T00:00:00.000Z,Listed for rent,2023-07-28T00:00:00.000Z,Sold,2023-06-28T00:00:00.000Z,Contingent,2023-06-28T00:00:00.000Z,Listed for sale,2021-03-24T00:00:00.000Z,Listing removed,2016-11-28T00:00:00.000Z,Listing removed,2016-11-28T00:00:00.000Z,Listed for sale,2016-09-29T00:00:00.000Z,Sold,2016-09-06T00:00:00.000Z,Pending sale,2016-07-30T00:00:00.000Z,Price change,2016-07-21T00:00:00.000Z,Listed for sale,2011-06-21T00:00:00.000Z,Sold,2005-10-20T00:00:00.000Z,Sold,,,,,,,,,,,,,,,,,,,,,,,,,,
"1267 Hamilton St, Conway, AR 72032",1267 Hamilton St,Conway,AR,72032,,forRent,3,1056,,1158,29,https://www.zillow.com/homedetails/1267-Hamilton-St-Conway-AR-72032/234905_zpid/,,52000,2026-09-16T00:00:00.000Z,Price change,2026-09-14T00:00:00.000Z,Price change,2026-08-20T00:00:00.000Z,Listed for rent,2024-09-19T00:00:00.000Z,Listing removed,2024-09-17T00:00:00.000Z,Price change,2024-09-15T00:00:00.000Z,Price change,2024-09-13T00:00:00.000Z,Listed for rent,2022-12-30T00:00:00.000Z,Listing removed,2022-12-17T00:00:00.000Z,Price change,2022-12-03T00:00:00.000Z,Price change,2022-11-22T00:00:00.000Z,Price change,2022-11-08T00:00:00.000Z,Listed for rent,2022-11-04T00:00:00.000Z,Listing removed,2022-10-28T00:00:00.000Z,Price change,2022-09-30T00:00:00.000Z,Listed for sale,2021-12-14T00:00:00.000Z,Sold,2015-03-20T00:00:00.000Z,Sold,,,,,,,,,,,,,,,,,,,,,,
"89 Solomon Grove Rd, Damascus, AR 72039",89 Solomon Grove Rd,Damascus,AR,72039,,forRent,3,1456,,1025,8,https://www.zillow.com/homedetails/89-Solomon-Grove-Rd-Damascus-AR-72039/244831_zpid/,,241000,2026-09-09T00:00:00.000Z,Listed for rent,2023-11-27T00:00:00.000Z,Listing removed,2023-11-20T00:00:00.000Z,Price change,2023-10-24T00:00:00.000Z,Listed for rent,2014-10-30T00:00:00.000Z,Sold,,,,,,,,,,,,,,,,,,,,,,,,,,,,,,,,,,,,,,,,,,,,,,
"175 Southerland Rd, Conway, AR 72032",175 Southerland Rd,Conway,AR,72032,,forRent,3,1532,,1650,15,https://www.zillow.com/homedetails/175-Southerland-Rd-Conway-AR-72032/35730518_zpid/,,165000,2026-09-02T00:00:00.000Z,Listed for rent,2025-07-03T00:00:00.000Z,Listing removed,2025-06-23T00:00:00.000Z,Listed for rent,2024-06-07T00:00:00.000Z,Listing removed,2024-05-25T00:00:00.000Z,Listed for rent,2022-05-09T00:00:00.000Z,Listing removed,2022-04-18T00:00:00.000Z,Listed for rent,2022-04-06T00:00:00.000Z,Sold,2022-02-18T00:00:00.000Z,Contingent,2022-02-03T00:00:00.000Z,Listed for sale,2020-07-20T00:00:00.000Z,Listing removed,2020-07-17T00:00:00.000Z,Listed for sale,2018-02-03T00:00:00.000Z,Listing removed,2017-12-31T00:00:00.000Z,Listed for rent,2015-07-20T00:00:00.000Z,Sold,2015-06-17T00:00:00.000Z,Pending sale,2015-05-02T00:00:00.000Z,Listed for sale,2015-01-01T00:00:00.000Z,Listing removed,2014-06-19T00:00:00.000Z,Listed for sale,2006-09-26T00:00:00.000Z,Sold,,,,,,,,,,,,,,,,
"2255 Rainbow Rd, Conway, AR 72032",2255 Rainbow Rd,Conway,AR,72032,,forRent,3,1254,,1600,1,https://www.zillow.com/homedetails/2255-Rainbow-Rd-Conway-AR-72032/240098_zpid/,,203000,2026-09-16T00:00:00.000Z,Listed for rent,2026-09-15T00:00:00.000Z,Sold,2026-08-14T00:00:00.000Z,Contingent,2026-08-12T00:00:00.000Z,Listed for sale,2024-08-23T00:00:00.000Z,Listing removed,2024-07-31T00:00:00.000Z,Listed for rent,2022-08-16T00:00:00.000Z,Listing removed,2022-08-08T00:00:00.000Z,Price change,2022-07-28T00:00:00.000Z,Listed for rent,2014-05-28T00:00:00.000Z,Sold,2010-06-23T00:00:00.000Z,Sold,,,,,,,,,,,,,,,,,,,,,,,,,,,,,,,,,,
"1425 Ola St, Conway, AR 72032",1425 Ola St,Conway,AR,72032,,forRent,3,1268,,3100,15,https://www.zillow.com/homedetails/1425-Ola-St-Conway-AR-72032/63265054_zpid/,,115000,2026-09-02T00:00:00.000Z,Listed for rent,2026-02-22T00:00:00.000Z,Listing removed,2026-01-13T00:00:00.000Z,Listed for rent,2025-12-29T00:00:00.000Z,Listing removed,2025-11-07T00:00:00.000Z,Listed for rent,2025-06-27T00:00:00.000Z,Listing removed,2025-06-10T00:00:00.000Z,Listed for rent,2025-05-29T00:00:00.000Z,Listing removed,2025-03-22T00:00:00.000Z,Price change,2025-02-10T00:00:00.000Z,Listed for rent,2025-02-01T00:00:00.000Z,Listing removed,2025-01-15T00:00:00.000Z,Listed for rent,2024-12-10T00:00:00.000Z,Listing removed,2024-11-30T00:00:00.000Z,Listed for rent,2024-11-23T00:00:00.000Z,Listing removed,2024-10-16T00:00:00.000Z,Listed for rent,2015-03-23T00:00:00.000Z,Sold,2015-01-09T00:00:00.000Z,Price change,2014-10-12T00:00:00.000Z,Price change,2014-08-27T00:00:00.000Z,Listed for sale,2009-12-01T00:00:00.000Z,Sold,2009-10-21T00:00:00.000Z,Listed for sale,,,,,,,,,,,,
"22 Marshall Rd N, Vilonia, AR 72173",22 Marshall Rd N,Vilonia,AR,72173,,forRent,3,1500,,1350,12,https://www.zillow.com/homedetails/22-Marshall-Rd-N-Vilonia-AR-72173/52392644_zpid/,,,2026-09-17T00:00:00.000Z,Price change,2026-09-06T00:00:00.000Z,Listed for rent,2025-12-21T00:00:00.000Z,Listing removed,2025-11-17T00:00:00.000Z,Price change,2025-11-12T00:00:00.000Z,Price change,2025-10-27T00:00:00.000Z,Listed for rent,2024-09-06T00:00:00.000Z,Listing removed,2024-08-28T00:00:00.000Z,Price change,2024-08-13T00:00:00.000Z,Price change,2024-07-23T00:00:00.000Z,Listed for rent,,,,,,,,,,,,,,,,,,,,,,,,,,,,,,,,,,,,
"1930 College Ave, Conway, AR 72034",1930 College Ave,Conway,AR,72034,,forRent,3,1926,,3100,15,https://www.zillow.com/homedetails/1930-College-Ave-Conway-AR-72034/237634_zpid/,,160268,2026-09-02T00:00:00.000Z,Listed for rent,2026-03-18T00:00:00.000Z,Listing removed,2026-02-19T00:00:00.000Z,Price change,2026-02-05T00:00:00.000Z,Listed for rent,2026-01-28T00:00:00.000Z,Listing removed,2026-01-13T00:00:00.000Z,Listed for rent,2025-09-23T00:00:00.000Z,Listing removed,2025-08-26T00:00:00.000Z,Price change,2025-08-07T00:00:00.000Z,Price change,2025-07-30T00:00:00.000Z,Listed for rent,2025-06-27T00:00:00.000Z,Listing removed,2025-06-10T00:00:00.000Z,Listed for rent,2025-05-29T00:00:00.000Z,Listing removed,2025-03-22T00:00:00.000Z,Price change,2025-02-10T00:00:00.000Z,Listed for rent,2025-02-01T00:00:00.000Z,Listing removed,2025-01-15T00:00:00.000Z,Listed for rent,2024-12-10T00:00:00.000Z,Listing removed,2024-11-30T00:00:00.000Z,Listed for rent,2024-11-23T00:00:00.000Z,Listing removed,2024-10-16T00:00:00.000Z,Listed for rent,2023-05-02T00:00:00.000Z,Sold,2023-02-20T00:00:00.000Z,Price change,2023-01-29T00:00:00.000Z,Listed for sale,2013-08-23T00:00:00.000Z,Sold,,,,,,
"4540 Thompson St, Conway, AR 72034",4540 Thompson St,Conway,AR,72034,,forRent,3,1195,,1450,22,https://www.zillow.com/homedetails/4540-Thompson-St-Conway-AR-72034/52392329_zpid/,,110000,2026-08-26T00:00:00.000Z,Listed for rent,2024-05-02T00:00:00.000Z,Listing removed,2024-04-25T00:00:00.000Z,Listed for rent,2022-08-10T00:00:00.000Z,Listing removed,2022-07-30T00:00:00.000Z,Listed for rent,2021-08-09T00:00:00.000Z,Listing removed,2021-08-04T00:00:00.000Z,Listed for rent,2012-06-11T00:00:00.000Z,Sold,2011-02-21T00:00:00.000Z,Sold,2003-05-13T00:00:00.000Z,Sold,,,,,,,,,,,,,,,,,,,,,,,,,,,,,,,,,,,,
"1120 Trenton Dr, Conway, AR 72034",1120 Trenton Dr,Conway,AR,72034,,forRent,3,1230,,1450,7,https://www.zillow.com/homedetails/1120-Trenton-Dr-Conway-AR-72034/82275033_zpid/,,92000,2026-09-10T00:00:00.000Z,Listed for rent,2026-03-11T00:00:00.000Z,Listing removed,2026-03-04T00:00:00.000Z,Listed for rent,2021-03-24T00:00:00.000Z,Listing removed,2020-02-09T00:00:00.000Z,Listing removed,2020-01-09T00:00:00.000Z,Price change,2019-11-07T00:00:00.000Z,Price change,2019-10-20T00:00:00.000Z,Listed for rent,2005-05-03T00:00:00.000Z,Sold,,,,,,,,,,,,,,,,,,,,,,,,,,,,,,,,,,,,,,
"8616 Eastwood Creek Dr, North Little Rock, AR 72113",8616 Eastwood Creek Dr,North Little Rock,AR,72113,,forRent,3,1722,,1950,28,https://www.zillow.com/homedetails/8616-Eastwood-Creek-Dr-North-Little-Rock-AR-72113/2059022685_zpid/,,246600,2026-08-20T00:00:00.000Z,Listed for rent,2026-08-20T00:00:00.000Z,Listing removed,2026-08-08T00:00:00.000Z,Price change,2026-07-16T00:00:00.000Z,Listed for rent,2023-06-12T00:00:00.000Z,Sold,2023-05-02T00:00:00.000Z,Contingent,2023-03-02T00:00:00.000Z,Listed for sale,2023-03-01T00:00:00.000Z,Contingent,2023-02-24T00:00:00.000Z,Listed for sale,,,,,,,,,,,,,,,,,,,,,,,,,,,,,,,,,,,,,,
"3802 Pinecrest Ln, Maumelle, AR 72113",3802 Pinecrest Ln,Maumelle,AR,72113,,forRent,4,2435,,2600,14,https://www.zillow.com/homedetails/3802-Pinecrest-Ln-Maumelle-AR-72113/465038347_zpid/,,,2026-09-15T00:00:00.000Z,Price change,2026-09-03T00:00:00.000Z,Listed for rent,,,,,,,,,,,,,,,,,,,,,,,,,,,,,,,,,,,,,,,,,,,,,,,,,,,,
"6005 Coywolf, Maumelle, AR 72113",6005 Coywolf,Maumelle,AR,72113,,forRent,4,1955,,2300,1,https://www.zillow.com/homedetails/6005-Coywolf-Maumelle-AR-72113/465322717_zpid/,,,2026-09-16T00:00:00.000Z,Listed for rent,,,,,,,,,,,,,,,,,,,,,,,,,,,,,,,,,,,,,,,,,,,,,,,,,,,,,,
"103 Jo Park Ln, Maumelle, AR 72113",103 Jo Park Ln,Maumelle,AR,72113,,forRent,3,1491,,1700,1,https://www.zillow.com/homedetails/103-Jo-Park-Ln-Maumelle-AR-72113/2058345725_zpid/,,223425,2026-09-16T00:00:00.000Z,Listed for rent,2023-08-10T00:00:00.000Z,Sold,2023-04-29T00:00:00.000Z,Listing removed,2023-04-18T00:00:00.000Z,Price change,2023-03-26T00:00:00.000Z,Listed for sale,,,,,,,,,,,,,,,,,,,,,,,,,,,,,,,,,,,,,,,,,,,,,,
"2400 SW Ednruance Way #2, Maumelle, AR 72113",2400 SW Ednruance Way #2,Maumelle,AR,72113,,forRent,3,1200,,1995,87,https://www.zillow.com/homedetails/2400-SW-Ednruance-Way-2-Maumelle-AR-72113/463401793_zpid/,,,2026-09-08T00:00:00.000Z,Price change,2026-06-23T00:00:00.000Z,Listed for rent,,,,,,,,,,,,,,,,,,,,,,,,,,,,,,,,,,,,,,,,,,,,,,,,,,,,
"113 Lucy Ln, Maumelle, AR 72113",113 Lucy Ln,Maumelle,AR,72113,,forRent,3,1051,,1460,9,https://www.zillow.com/homedetails/113-Lucy-Ln-Maumelle-AR-72113/463057776_zpid/,,,2026-09-09T00:00:00.000Z,Listed for rent,2026-08-14T00:00:00.000Z,Listing removed,2026-08-10T00:00:00.000Z,Price change,2026-07-17T00:00:00.000Z,Price change,2026-07-13T00:00:00.000Z,Price change,2026-07-09T00:00:00.000Z,Price change,2026-07-06T00:00:00.000Z,Price change,2026-06-09T00:00:00.000Z,Listed for sale,,,,,,,,,,,,,,,,,,,,,,,,,,,,,,,,,,,,,,,,
"10700 Mason Dr, North Little Rock, AR 72113",10700 Mason Dr,North Little Rock,AR,72113,,forRent,3,1248,,1700,9,https://www.zillow.com/homedetails/10700-Mason-Dr-North-Little-Rock-AR-72113/457082284_zpid/,,204325,2026-09-08T00:00:00.000Z,Listed for rent,2026-03-11T00:00:00.000Z,Sold,2026-01-15T00:00:00.000Z,Contingent,2025-12-30T00:00:00.000Z,Listed for sale,2025-10-30T00:00:00.000Z,Listing removed,2025-09-30T00:00:00.000Z,Listed for sale,,,,,,,,,,,,,,,,,,,,,,,,,,,,,,,,,,,,,,,,,,,,
"15 Silverado Ct, Cabot, AR 72023",15 Silverado Ct,Cabot,AR,72023,,forRent,3,1382,,1350,28,https://www.zillow.com/homedetails/15-Silverado-Ct-Cabot-AR-72023/35732243_zpid/,,150000,2026-08-20T00:00:00.000Z,Listed for rent,2024-11-11T00:00:00.000Z,Listing removed,2024-09-27T00:00:00.000Z,Listed for rent,2022-10-26T00:00:00.000Z,Sold,2020-12-16T00:00:00.000Z,Listing removed,2020-12-08T00:00:00.000Z,Listed for rent,2020-05-16T00:00:00.000Z,Listing removed,2020-04-22T00:00:00.000Z,Listed for rent,2020-04-17T00:00:00.000Z,Sold,,,,,,,,,,,,,,,,,,,,,,,,,,,,,,,,,,,,,,
"22 Oakland Cir, Austin, AR 72007",22 Oakland Cir,Austin,AR,72007,,forRent,3,1328,,1575,23,https://www.zillow.com/homedetails/22-Oakland-Cir-Austin-AR-72007/251409763_zpid/,,176000,2026-08-25T00:00:00.000Z,Listed for rent,2024-07-01T00:00:00.000Z,Listing removed,2024-05-14T00:00:00.000Z,Listed for rent,2024-05-02T00:00:00.000Z,Listing removed,2024-04-15T00:00:00.000Z,Price change,2024-03-28T00:00:00.000Z,Price change,2024-03-14T00:00:00.000Z,Price change,2024-02-14T00:00:00.000Z,Listed for rent,2024-01-09T00:00:00.000Z,Sold,2023-11-28T00:00:00.000Z,Listed for sale,2023-03-24T00:00:00.000Z,Sold,2019-03-29T00:00:00.000Z,Sold,,,,,,,,,,,,,,,,,,,,,,,,,,,,,,,,
"32 Fortson Dr, Cabot, AR 72023",32 Fortson Dr,Cabot,AR,72023,,forRent,3,1064,,875,26,https://www.zillow.com/homedetails/32-Fortson-Dr-Cabot-AR-72023/63161011_zpid/,,750000,2026-08-22T00:00:00.000Z,Listed for rent,2024-02-17T00:00:00.000Z,Listing removed,2024-02-03T00:00:00.000Z,Listed for rent,2004-08-10T00:00:00.000Z,Sold,,,,,,,,,,,,,,,,,,,,,,,,,,,,,,,,,,,,,,,,,,,,,,,,
"509 E Elm St, Cabot, AR 72023",509 E Elm St,Cabot,AR,72023,,forRent,3,1056,,1450,70,https://www.zillow.com/homedetails/509-E-Elm-St-Cabot-AR-72023/257181_zpid/,,185000,2026-08-20T00:00:00.000Z,Price change,2026-07-23T00:00:00.000Z,Price change,2026-07-09T00:00:00.000Z,Listed for rent,2026-07-09T00:00:00.000Z,Listing removed,2026-05-02T00:00:00.000Z,Listed for rent,2026-04-16T00:00:00.000Z,Listing removed,2026-02-18T00:00:00.000Z,Price change,2026-02-04T00:00:00.000Z,Listed for rent,2023-04-10T00:00:00.000Z,Sold,2023-01-19T00:00:00.000Z,Listing removed,2023-01-18T00:00:00.000Z,Listed for rent,2023-01-06T00:00:00.000Z,Listing removed,2022-10-26T00:00:00.000Z,Listed for sale,2021-05-28T00:00:00.000Z,Sold,2015-07-27T00:00:00.000Z,Sold,2012-10-07T00:00:00.000Z,Listing removed,2012-09-20T00:00:00.000Z,Price change,2012-06-20T00:00:00.000Z,Listed for sale,,,,,,,,,,,,,,,,,,,,
"21 Meadowlark Dr, Cabot, AR 72023",21 Meadowlark Dr,Cabot,AR,72023,,forRent,3,1013,,1395,36,https://www.zillow.com/homedetails/21-Meadowlark-Dr-Cabot-AR-72023/255213_zpid/,,147900,2026-08-12T00:00:00.000Z,Listed for rent,2024-01-16T00:00:00.000Z,Listing removed,2024-01-04T00:00:00.000Z,Sold,2023-08-22T00:00:00.000Z,Sold,2023-07-17T00:00:00.000Z,Contingent,2023-05-12T00:00:00.000Z,Listed for sale,2023-04-19T00:00:00.000Z,Listing removed,2023-03-17T00:00:00.000Z,Listed for rent,2022-03-21T00:00:00.000Z,Sold,,,,,,,,,,,,,,,,,,,,,,,,,,,,,,,,,,,,,,
"1045 E Main St, Austin, AR 72007",1045 E Main St,Austin,AR,72007,,forRent,3,1266,,1375,12,https://www.zillow.com/homedetails/1045-E-Main-St-Austin-AR-72007/99406768_zpid/,,70000,2026-09-05T00:00:00.000Z,Listed for rent,2025-07-07T00:00:00.000Z,Listing removed,2025-06-26T00:00:00.000Z,Listed for rent,2021-03-24T00:00:00.000Z,Listing removed,2017-12-02T00:00:00.000Z,Listing removed,2017-11-20T00:00:00.000Z,Listed for rent,2015-07-16T00:00:00.000Z,Listing removed,2015-06-22T00:00:00.000Z,Listed for rent,2014-10-06T00:00:00.000Z,Sold,2014-09-06T00:00:00.000Z,Price change,2014-08-04T00:00:00.000Z,Price change,2014-06-25T00:00:00.000Z,Price change,2014-04-24T00:00:00.000Z,Price change,2013-12-13T00:00:00.000Z,Price change,2013-09-29T00:00:00.000Z,Price change,2013-06-29T00:00:00.000Z,Listed for sale,,,,,,,,,,,,,,,,,,,,,,,,
"16 Mustang Dr, Cabot, AR 72023",16 Mustang Dr,Cabot,AR,72023,,forRent,3,1494,,1450,41,https://www.zillow.com/homedetails/16-Mustang-Dr-Cabot-AR-72023/63160974_zpid/,,2988,2026-08-07T00:00:00.000Z,Listed for rent,2020-02-08T00:00:00.000Z,Listing removed,2020-01-25T00:00:00.000Z,Listed for rent,2018-12-12T00:00:00.000Z,Listing removed,2018-11-14T00:00:00.000Z,Listed for rent,2012-08-23T00:00:00.000Z,Sold,2004-02-25T00:00:00.000Z,Sold,,,,,,,,,,,,,,,,,,,,,,,,,,,,,,,,,,,,,,,,,,
"53 Bent Tree Dr, Cabot, AR 72023",53 Bent Tree Dr,Cabot,AR,72023,,forRent,3,1645,,1495,57,https://www.zillow.com/homedetails/53-Bent-Tree-Dr-Cabot-AR-72023/256157_zpid/,,10000,2026-09-01T00:00:00.000Z,Price change,2026-07-22T00:00:00.000Z,Listed for rent,2002-07-18T00:00:00.000Z,Sold,1993-11-12T00:00:00.000Z,Sold,,,,,,,,,,,,,,,,,,,,,,,,,,,,,,,,,,,,,,,,,,,,,,,,
"54 Magnolia Dr, Cabot, AR 72023",54 Magnolia Dr,Cabot,AR,72023,,forRent,3,1394,,1350,62,https://www.zillow.com/homedetails/54-Magnolia-Dr-Cabot-AR-72023/60314948_zpid/,,117000,2026-09-15T00:00:00.000Z,Price change,2026-07-17T00:00:00.000Z,Listed for rent,2025-09-24T00:00:00.000Z,Listing removed,2025-09-04T00:00:00.000Z,Listed for rent,2024-08-02T00:00:00.000Z,Listing removed,2024-07-20T00:00:00.000Z,Price change,2024-06-25T00:00:00.000Z,Listed for rent,2023-06-25T00:00:00.000Z,Listing removed,2023-06-02T00:00:00.000Z,Listed for rent,2021-12-27T00:00:00.000Z,Listing removed,2021-12-19T00:00:00.000Z,Listed for rent,2013-05-01T00:00:00.000Z,Listing removed,2013-04-21T00:00:00.000Z,Listed for rent,2013-04-19T00:00:00.000Z,Sold,2012-12-01T00:00:00.000Z,Price change,2012-10-15T00:00:00.000Z,Listed for sale,2011-04-01T00:00:00.000Z,Sold,2011-01-17T00:00:00.000Z,Price change,2011-01-15T00:00:00.000Z,Listed for sale,,,,,,,,,,,,,,,,,,
"140 Dolphin Rd, Humnoke, AR 72072",140 Dolphin Rd,Humnoke,AR,72072,,forRent,3,1577,,900,1,https://www.zillow.com/homedetails/140-Dolphin-Rd-Humnoke-AR-72072/2077399951_zpid/,,,2026-09-17T00:00:00.000Z,Listed for rent,2026-06-01T00:00:00.000Z,Listing removed,2026-03-04T00:00:00.000Z,Listed for rent,2025-09-10T00:00:00.000Z,Listing removed,2025-08-12T00:00:00.000Z,Listed for rent,2023-08-28T00:00:00.000Z,Listing removed,2023-08-14T00:00:00.000Z,Listed for rent,2023-08-04T00:00:00.000Z,Listing removed,2023-06-20T00:00:00.000Z,Listed for rent,2022-07-10T00:00:00.000Z,Listing removed,2022-07-01T00:00:00.000Z,Price change,2022-06-25T00:00:00.000Z,Listed for rent,2020-10-29T00:00:00.000Z,Listing removed,2020-10-22T00:00:00.000Z,Listed for rent,,,,,,,,,,,,,,,,,,,,,,,,,,,,
"454 Maple Tree Cv, Lonoke, AR 72086",454 Maple Tree Cv,Lonoke,AR,72086,,forRent,3,1344,,1400,3,https://www.zillow.com/homedetails/454-Maple-Tree-Cv-Lonoke-AR-72086/67448696_zpid/,,,2026-09-14T00:00:00.000Z,Listed for rent,,,,,,,,,,,,,,,,,,,,,,,,,,,,,,,,,,,,,,,,,,,,,,,,,,,,,,
"17 Farrah St, Ward, AR 72176",17 Farrah St,Ward,AR,72176,,forRent,3,1563,,1250,100,https://www.zillow.com/homedetails/17-Farrah-St-Ward-AR-72176/52495486_zpid/,,,2026-06-09T00:00:00.000Z,Listed for rent,2025-05-24T00:00:00.000Z,Listing removed,2025-05-06T00:00:00.000Z,Price change,2025-04-20T00:00:00.000Z,Listed for rent,2017-02-23T00:00:00.000Z,Listing removed,2017-02-17T00:00:00.000Z,Listed for rent,2014-02-28T00:00:00.000Z,Listing removed,2014-02-05T00:00:00.000Z,Price change,2014-01-29T00:00:00.000Z,Price change,2013-12-14T00:00:00.000Z,Price change,2013-11-30T00:00:00.000Z,Listed for sale,2013-10-25T00:00:00.000Z,Listing removed,2013-09-19T00:00:00.000Z,Price change,2013-09-18T00:00:00.000Z,Price change,2013-06-29T00:00:00.000Z,Listed for sale,,,,,,,,,,,,,,,,,,,,,,,,,,
"1609 Moon Rd, Ward, AR 72176",1609 Moon Rd,Ward,AR,72176,,forRent,3,1026,,1095,17,https://www.zillow.com/homedetails/1609-Moon-Rd-Ward-AR-72176/99444948_zpid/,,125000,2026-08-31T00:00:00.000Z,Listed for rent,2024-05-16T00:00:00.000Z,Listing removed,2024-05-09T00:00:00.000Z,Listed for rent,2021-10-19T00:00:00.000Z,Sold,2021-09-23T00:00:00.000Z,Pending sale,2021-09-23T00:00:00.000Z,Contingent,2021-09-20T00:00:00.000Z,Listed for sale,2017-10-19T00:00:00.000Z,Sold,2017-07-13T00:00:00.000Z,Listed for sale,2011-10-22T00:00:00.000Z,Listing removed,2011-05-29T00:00:00.000Z,Price change,2011-05-07T00:00:00.000Z,Listed for sale,,,,,,,,,,,,,,,,,,,,,,,,,,,,,,,,
"72 Branchwood Ln, Austin, AR 72007",72 Branchwood Ln,Austin,AR,72007,,forRent,3,1216,,1200,21,https://www.zillow.com/homedetails/72-Branchwood-Ln-Austin-AR-72007/252707_zpid/,,1710000,2026-08-27T00:00:00.000Z,Price change,2022-12-04T00:00:00.000Z,Listed for rent,2021-02-23T00:00:00.000Z,Listing removed,2020-08-27T00:00:00.000Z,Listing removed,2020-08-03T00:00:00.000Z,Listed for rent,2019-06-08T00:00:00.000Z,Listing removed,2019-06-05T00:00:00.000Z,Listed for rent,2018-11-12T00:00:00.000Z,Listing removed,2018-11-09T00:00:00.000Z,Listed for rent,2015-01-30T00:00:00.000Z,Sold,2009-07-17T00:00:00.000Z,Sold,,,,,,,,,,,,,,,,,,,,,,,,,,,,,,,,,,
"203 Lynn Ln, Lonoke, AR 72086",203 Lynn Ln,Lonoke,AR,72086,,forRent,3,1200,,1195,94,https://www.zillow.com/homedetails/203-Lynn-Ln-Lonoke-AR-72086/260453_zpid/,,105000,2026-09-02T00:00:00.000Z,Price change,2026-06-30T00:00:00.000Z,Price change,2026-06-15T00:00:00.000Z,Listed for rent,2026-06-01T00:00:00.000Z,Listing removed,2026-05-14T00:00:00.000Z,Listed for rent,2022-05-19T00:00:00.000Z,Sold,2022-05-13T00:00:00.000Z,Contingent,2022-05-05T00:00:00.000Z,Listed for sale,2014-05-30T00:00:00.000Z,Sold,2014-02-20T00:00:00.000Z,Sold,2014-01-11T00:00:00.000Z,Listed for sale,,,,,,,,,,,,,,,,,,,,,,,,,,,,,,,,,,
"120 Suda St, Cabot, AR 72023",120 Suda St,Cabot,AR,72023,,forRent,3,1008,,995,152,https://www.zillow.com/homedetails/120-Suda-St-Cabot-AR-72023/213595966_zpid/,,120000,2026-09-04T00:00:00.000Z,Price change,2026-06-17T00:00:00.000Z,Price change,2026-05-05T00:00:00.000Z,Price change,2026-04-18T00:00:00.000Z,Listed for rent,2024-08-02T00:00:00.000Z,Sold,2024-07-23T00:00:00.000Z,Listing removed,2024-07-04T00:00:00.000Z,Listed for rent,2024-06-25T00:00:00.000Z,Listed for sale,2024-05-20T00:00:00.000Z,Contingent,2024-05-03T00:00:00.000Z,Listed for sale,2023-10-26T00:00:00.000Z,Listing removed,2023-10-21T00:00:00.000Z,Listed for rent,2021-03-24T00:00:00.000Z,Listing removed,2018-04-27T00:00:00.000Z,Listing removed,2018-04-17T00:00:00.000Z,Listed for rent,,,,,,,,,,,,,,,,,,,,,,,,,,
"42 Winners Cir, Cabot, AR 72023",42 Winners Cir,Cabot,AR,72023,,forRent,3,1521,,1850,7,https://www.zillow.com/homedetails/42-Winners-Cir-Cabot-AR-72023/72176611_zpid/,,196500,2026-08-07T00:00:00.000Z,Listed for rent,2025-10-07T00:00:00.000Z,Listing removed,2025-09-15T00:00:00.000Z,Listed for rent,2025-07-09T00:00:00.000Z,Sold,2025-04-28T00:00:00.000Z,Price change,2025-04-14T00:00:00.000Z,Price change,2025-04-03T00:00:00.000Z,Price change,2025-03-27T00:00:00.000Z,Listed for sale,,,,,,,,,,,,,,,,,,,,,,,,,,,,,,,,,,,,,,,,
"87 Sycamore Cir, Cabot, AR 72023",87 Sycamore Cir,Cabot,AR,72023,,forRent,3,1252,,1350,34,https://www.zillow.com/homedetails/87-Sycamore-Cir-Cabot-AR-72023/256430_zpid/,,151500,2026-09-14T00:00:00.000Z,Price change,2026-08-29T00:00:00.000Z,Price change,2026-08-14T00:00:00.000Z,Listed for rent,2026-07-17T00:00:00.000Z,Sold,2026-06-05T00:00:00.000Z,Listed for sale,2026-05-27T00:00:00.000Z,Listing removed,2026-05-15T00:00:00.000Z,Listed for rent,2020-06-03T00:00:00.000Z,Sold,2020-02-28T00:00:00.000Z,Sold,2013-03-25T00:00:00.000Z,Sold,,,,,,,,,,,,,,,,,,,,,,,,,,,,,,,,,,,,
"32 Thunderbird Dr, Cabot, AR 72023",32 Thunderbird Dr,Cabot,AR,72023,,forRent,3,1444,,1475,14,https://www.zillow.com/homedetails/32-Thunderbird-Dr-Cabot-AR-72023/67447424_zpid/,,,2026-09-03T00:00:00.000Z,Listed for rent,2021-03-24T00:00:00.000Z,Listing removed,2017-03-08T00:00:00.000Z,Listing removed,2017-02-06T00:00:00.000Z,Listed for rent,,,,,,,,,,,,,,,,,,,,,,,,,,,,,,,,,,,,,,,,,,,,,,,,
"11 W Plaza Blvd, Cabot, AR 72023",11 W Plaza Blvd,Cabot,AR,72023,,forRent,3,1487,,1525,24,https://www.zillow.com/homedetails/11-W-Plaza-Blvd-Cabot-AR-72023/256262_zpid/,,229049,2026-08-24T00:00:00.000Z,Listed for rent,2024-09-13T00:00:00.000Z,Listing removed,2024-07-02T00:00:00.000Z,Listed for rent,2013-02-26T00:00:00.000Z,Sold,,,,,,,,,,,,,,,,,,,,,,,,,,,,,,,,,,,,,,,,,,,,,,,,
"12 Applewood Dr, Cabot, AR 72023",12 Applewood Dr,Cabot,AR,72023,,forRent,3,1348,,1600,2,https://www.zillow.com/homedetails/12-Applewood-Dr-Cabot-AR-72023/35732364_zpid/,,192000,2026-09-15T00:00:00.000Z,Listed for rent,2026-08-31T00:00:00.000Z,Sold,2026-08-31T00:00:00.000Z,Contingent,2026-07-24T00:00:00.000Z,Listed for sale,2022-08-05T00:00:00.000Z,Sold,2019-04-30T00:00:00.000Z,Sold,2019-04-23T00:00:00.000Z,Pending sale,2019-02-27T00:00:00.000Z,Listed for sale,,,,,,,,,,,,,,,,,,,,,,,,,,,,,,,,,,,,,,,,
"44 Kirkland Dr, Cabot, AR 72023",44 Kirkland Dr,Cabot,AR,72023,,forRent,3,2077,,1900,167,https://www.zillow.com/homedetails/44-Kirkland-Dr-Cabot-AR-72023/52495420_zpid/,,,2026-04-03T00:00:00.000Z,Listed for rent,2026-04-03T00:00:00.000Z,Listing removed,2026-02-11T00:00:00.000Z,Listed for rent,2025-09-22T00:00:00.000Z,Listing removed,2025-08-19T00:00:00.000Z,Listing removed,2025-08-17T00:00:00.000Z,Listed for rent,2025-01-03T00:00:00.000Z,Price change,2024-11-04T00:00:00.000Z,Price change,2024-10-10T00:00:00.000Z,Price change,2024-09-24T00:00:00.000Z,Listed for sale,2015-02-21T00:00:00.000Z,Listing removed,2015-01-28T00:00:00.000Z,Price change,2014-11-18T00:00:00.000Z,Price change,2014-08-30T00:00:00.000Z,Listed for rent,2013-05-18T00:00:00.000Z,Listing removed,2013-04-17T00:00:00.000Z,Listed for rent,2012-10-25T00:00:00.000Z,Listing removed,2012-09-25T00:00:00.000Z,Listed for rent,2012-07-12T00:00:00.000Z,Listing removed,2012-06-12T00:00:00.000Z,Price change,2012-05-25T00:00:00.000Z,Listed for rent,2011-08-23T00:00:00.000Z,Listing removed,2010-10-08T00:00:00.000Z,Listed for sale,,,,,,,,,,
"15 Applewood Cv, Cabot, AR 72023",15 Applewood Cv,Cabot,AR,72023,,forRent,3,1588,,1600,62,https://www.zillow.com/homedetails/15-Applewood-Cv-Cabot-AR-72023/35732370_zpid/,,226000,2026-07-17T00:00:00.000Z,Listed for rent,2024-05-04T00:00:00.000Z,Listing removed,2024-04-27T00:00:00.000Z,Listed for rent,2024-04-19T00:00:00.000Z,Sold,2024-03-14T00:00:00.000Z,Listed for sale,2022-10-31T00:00:00.000Z,Sold,2022-08-02T00:00:00.000Z,Listed for sale,2019-10-28T00:00:00.000Z,Sold,2019-09-18T00:00:00.000Z,Listed for sale,2014-01-02T00:00:00.000Z,Sold,2013-11-23T00:00:00.000Z,Price change,2013-10-17T00:00:00.000Z,Price change,2013-09-20T00:00:00.000Z,Listed for sale,2012-03-08T00:00:00.000Z,Listing removed,2011-09-23T00:00:00.000Z,Listed for sale,2011-05-07T00:00:00.000Z,Listing removed,2011-01-23T00:00:00.000Z,Listed for sale,,,,,,,,,,,,,,,,,,,,,,
"27 Trinity Dr, Cabot, AR 72023",27 Trinity Dr,Cabot,AR,72023,,forRent,3,1442,,1525,27,https://www.zillow.com/homedetails/27-Trinity-Dr-Cabot-AR-72023/113948501_zpid/,,,2026-08-21T00:00:00.000Z,Listed for rent,2025-09-11T00:00:00.000Z,Listing removed,2025-07-29T00:00:00.000Z,Price change,2025-07-03T00:00:00.000Z,Listed for rent,,,,,,,,,,,,,,,,,,,,,,,,,,,,,,,,,,,,,,,,,,,,,,,,
"29 Mattie Lene Dr, Ward, AR 72176",29 Mattie Lene Dr,Ward,AR,72176,,forRent,3,1301,,1350,7,https://www.zillow.com/homedetails/29-Mattie-Lene-Dr-Ward-AR-72176/35732499_zpid/,,80000,2026-09-10T00:00:00.000Z,Listed for rent,2026-03-20T00:00:00.000Z,Listing removed,2026-01-05T00:00:00.000Z,Listed for rent,2024-10-09T00:00:00.000Z,Listing removed,2024-09-16T00:00:00.000Z,Listed for rent,2009-05-16T00:00:00.000Z,Listing removed,2009-01-18T00:00:00.000Z,Listed for sale,2005-09-22T00:00:00.000Z,Sold,2004-02-23T00:00:00.000Z,Sold,2003-01-24T00:00:00.000Z,Sold,,,,,,,,,,,,,,,,,,,,,,,,,,,,,,,,,,,,
"117 Logan Dr, Maumelle, AR 72113",117 Logan Dr,Maumelle,AR,72113,,forRent,3,1472,,1835,72,https://www.zillow.com/homedetails/117-Logan-Dr-Maumelle-AR-72113/2057186355_zpid/,,,2026-07-07T00:00:00.000Z,Listed for rent,2023-07-30T00:00:00.000Z,Listing removed,2023-07-29T00:00:00.000Z,Listed for rent,2023-07-29T00:00:00.000Z,Listing removed,2023-06-10T00:00:00.000Z,Listed for rent,,,,,,,,,,,,,,,,,,,,,,,,,,,,,,,,,,,,,,,,,,,,,,
"120 Melville Dr, Maumelle, AR 72113",120 Melville Dr,Maumelle,AR,72113,,forRent,3,1921,,2330,1,https://www.zillow.com/homedetails/120-Melville-Dr-Maumelle-AR-72113/124731365_zpid/,,255000,2026-09-16T00:00:00.000Z,Listed for rent,2024-12-28T00:00:00.000Z,Listing removed,2024-09-26T00:00:00.000Z,Listed for rent,2021-08-19T00:00:00.000Z,Listing removed,2021-08-03T00:00:00.000Z,Listed for rent,2017-11-07T00:00:00.000Z,Sold,,,,,,,,,,,,,,,,,,,,,,,,,,,,,,,,,,,,,,,,,,,,
"158 Ridgeland Dr, Maumelle, AR 72113",158 Ridgeland Dr,Maumelle,AR,72113,,forRent,3,1835,,1975,9,https://www.zillow.com/homedetails/158-Ridgeland-Dr-Maumelle-AR-72113/325729_zpid/,,188900,2026-09-08T00:00:00.000Z,Listed for rent,2025-04-11T00:00:00.000Z,Listing removed,2024-12-03T00:00:00.000Z,Listed for rent,2023-01-20T00:00:00.000Z,Listing removed,2023-01-06T00:00:00.000Z,Listed for rent,2019-11-19T00:00:00.000Z,Listing removed,2019-09-17T00:00:00.000Z,Listed for rent,2018-03-09T00:00:00.000Z,Sold,2018-01-24T00:00:00.000Z,Listed for sale,2014-07-14T00:00:00.000Z,Sold,2014-05-25T00:00:00.000Z,Price change,2014-05-10T00:00:00.000Z,Price change,2014-04-14T00:00:00.000Z,Price change,2014-03-29T00:00:00.000Z,Listed for sale,2013-06-27T00:00:00.000Z,Sold,2001-02-05T00:00:00.000Z,Sold,2000-07-13T00:00:00.000Z,Sold,,,,,,,,,,,,,,,,,,,,,,
"205 Logan Dr, Maumelle, AR 72113",205 Logan Dr,Maumelle,AR,72113,,forRent,3,1472,,1835,62,https://www.zillow.com/homedetails/205-Logan-Dr-Maumelle-AR-72113/2057186361_zpid/,,,2026-08-05T00:00:00.000Z,Price change,2026-07-17T00:00:00.000Z,Listed for rent,2025-09-04T00:00:00.000Z,Listing removed,2025-09-03T00:00:00.000Z,Listed for rent,2025-09-03T00:00:00.000Z,Listing removed,2025-08-29T00:00:00.000Z,Price change,2025-07-15T00:00:00.000Z,Listed for rent,2023-09-10T00:00:00.000Z,Listing removed,2023-09-09T00:00:00.000Z,Listed for rent,2023-09-08T00:00:00.000Z,Listing removed,2023-06-10T00:00:00.000Z,Listed for rent,,,,,,,,,,,,,,,,,,,,,,,,,,,,,,,,,,
"106 Jo Park Ln, Maumelle, AR 72113",106 Jo Park Ln,Maumelle,AR,72113,,forRent,4,1640,,2000,42,https://www.zillow.com/homedetails/106-Jo-Park-Ln-Maumelle-AR-72113/2056841941_zpid/,,,2026-08-06T00:00:00.000Z,Listed for rent,2023-10-04T00:00:00.000Z,Listing removed,2023-10-03T00:00:00.000Z,Listed for rent,2023-10-03T00:00:00.000Z,Listing removed,2023-06-29T00:00:00.000Z,Listed for rent,,,,,,,,,,,,,,,,,,,,,,,,,,,,,,,,,,,,,,,,,,,,,,
"203 Logan Dr, Maumelle, AR 72113",203 Logan Dr,Maumelle,AR,72113,,forRent,3,1472,,1835,48,https://www.zillow.com/homedetails/203-Logan-Dr-Maumelle-AR-72113/2057186362_zpid/,,,2026-08-05T00:00:00.000Z,Price change,2026-07-31T00:00:00.000Z,Listed for rent,2024-08-27T00:00:00.000Z,Listing removed,2024-08-01T00:00:00.000Z,Listed for rent,2023-06-19T00:00:00.000Z,Listing removed,2023-06-10T00:00:00.000Z,Listed for rent,,,,,,,,,,,,,,,,,,,,,,,,,,,,,,,,,,,,,,,,,,,,
"110 River Valley Loop, Maumelle, AR 72113",110 River Valley Loop,Maumelle,AR,72113,,forRent,4,2670,,2600,8,https://www.zillow.com/homedetails/110-River-Valley-Loop-Maumelle-AR-72113/79782764_zpid/,,340000,2026-09-10T00:00:00.000Z,Listed for rent,2026-08-14T00:00:00.000Z,Listing removed,2026-06-10T00:00:00.000Z,Listed for sale,2021-06-15T00:00:00.000Z,Sold,2014-12-02T00:00:00.000Z,Sold,2014-11-16T00:00:00.000Z,Listed for sale,2014-09-09T00:00:00.000Z,Listing removed,2014-07-17T00:00:00.000Z,Price change,2014-04-29T00:00:00.000Z,Price change,2014-03-21T00:00:00.000Z,Listed for sale,,,,,,,,,,,,,,,,,,,,,,,,,,,,,,,,,,,,
"21 Pin Oak Loop, Maumelle, AR 72113",21 Pin Oak Loop,Maumelle,AR,72113,,forRent,3,1270,,1500,1,https://www.zillow.com/homedetails/21-Pin-Oak-Loop-Maumelle-AR-72113/326790_zpid/,,177000,2026-09-16T00:00:00.000Z,Listed for rent,2025-06-29T00:00:00.000Z,Listing removed,2025-06-19T00:00:00.000Z,Listed for rent,2025-04-11T00:00:00.000Z,Sold,2025-04-11T00:00:00.000Z,Contingent,2025-02-24T00:00:00.000Z,Price change,2025-01-22T00:00:00.000Z,Price change,2025-01-03T00:00:00.000Z,Listed for sale,2023-03-17T00:00:00.000Z,Sold,2023-02-13T00:00:00.000Z,Contingent,2023-02-10T00:00:00.000Z,Listed for sale,2012-07-26T00:00:00.000Z,Sold,2012-03-29T00:00:00.000Z,Listing removed,2011-10-07T00:00:00.000Z,Price change,2011-04-16T00:00:00.000Z,Listed for sale,2009-03-04T00:00:00.000Z,Sold,1998-11-03T00:00:00.000Z,Sold,,,,,,,,,,,,,,,,,,,,,,
"10413 Cypress Knee Dr, Maumelle, AR 72113",10413 Cypress Knee Dr,Maumelle,AR,72113,,forRent,3,1480,,1800,78,https://www.zillow.com/homedetails/10413-Cypress-Knee-Dr-Maumelle-AR-72113/2060938533_zpid/,,,2026-07-01T00:00:00.000Z,Listed for rent,2025-04-22T00:00:00.000Z,Listing removed,2025-04-04T00:00:00.000Z,Listed for rent,2022-11-13T00:00:00.000Z,Listing removed,2022-10-25T00:00:00.000Z,Listed for rent,,,,,,,,,,,,,,,,,,,,,,,,,,,,,,,,,,,,,,,,,,,,,,
"7 Southland Dr, Maumelle, AR 72113",7 Southland Dr,Maumelle,AR,72113,,forRent,2,925,,850,79,https://www.zillow.com/homedetails/7-Southland-Dr-Maumelle-AR-72113/2109744736_zpid/,,,2026-06-30T00:00:00.000Z,Listed for rent,2018-07-15T00:00:00.000Z,Listing removed,2018-06-28T00:00:00.000Z,Listed for rent,2016-06-28T00:00:00.000Z,Listing removed,2014-12-12T00:00:00.000Z,Listing removed,2014-07-29T00:00:00.000Z,Listed for rent,2013-12-30T00:00:00.000Z,Listing removed,2013-11-27T00:00:00.000Z,Listed for rent,,,,,,,,,,,,,,,,,,,,,,,,,,,,,,,,,,,,,,,,
"2400 SW Ednruance Way, Maumelle, AR 72113",2400 SW Ednruance Way,Maumelle,AR,72113,,other,,,,,,"https://www.zillow.com/b/2400-sw-ednruance-way-maumelle-ar/34.87126275998,-92.450398671503_ll/",,,,,,,,,,,,,,,,,,,,,,,,,,,,,,,,,,,,,,,,,,,,,,,,,,,,,,,,,,
"111 Miramar Dr, Maumelle, AR 72113",111 Miramar Dr,Maumelle,AR,72113,,forRent,3,2404,,2390,13,https://www.zillow.com/homedetails/111-Miramar-Dr-Maumelle-AR-72113/328081_zpid/,,240000,2026-09-04T00:00:00.000Z,Listed for rent,2025-04-03T00:00:00.000Z,Listing removed,2025-03-18T00:00:00.000Z,Listed for rent,2024-02-23T00:00:00.000Z,Listing removed,2024-01-18T00:00:00.000Z,Listed for rent,2022-02-23T00:00:00.000Z,Listing removed,2022-01-06T00:00:00.000Z,Listed for rent,2022-01-04T00:00:00.000Z,Sold,2021-11-29T00:00:00.000Z,Price change,2021-11-01T00:00:00.000Z,Price change,2021-10-13T00:00:00.000Z,Price change,2021-09-28T00:00:00.000Z,Price change,2021-08-25T00:00:00.000Z,Listed for sale,2015-07-22T00:00:00.000Z,Sold,2012-09-27T00:00:00.000Z,Sold,2012-06-03T00:00:00.000Z,Listed for sale,,,,,,,,,,,,,,,,,,,,,,,,
"127 Chambery Dr, Maumelle, AR 72113",127 Chambery Dr,Maumelle,AR,72113,,forRent,4,1651,,2500,14,https://www.zillow.com/homedetails/127-Chambery-Dr-Maumelle-AR-72113/122006196_zpid/,,,2026-09-03T00:00:00.000Z,Price change,2026-07-24T00:00:00.000Z,Listed for rent,2019-06-07T00:00:00.000Z,Listing removed,2019-03-21T00:00:00.000Z,Price change,2019-02-14T00:00:00.000Z,Listed for rent,2017-11-15T00:00:00.000Z,Listing removed,2017-08-30T00:00:00.000Z,Price change,2017-08-08T00:00:00.000Z,Price change,2017-04-27T00:00:00.000Z,Listed for rent,,,,,,,,,,,,,,,,,,,,,,,,,,,,,,,,,,,,,,
"216 Chantilly Cir, Maumelle, AR 72113",216 Chantilly Cir,Maumelle,AR,72113,,forRent,3,1632,,2200,18,https://www.zillow.com/homedetails/216-Chantilly-Cir-Maumelle-AR-72113/328342_zpid/,,300000,2026-08-30T00:00:00.000Z,Listed for rent,2025-09-26T00:00:00.000Z,Listing removed,2025-09-19T00:00:00.000Z,Sold,2025-08-30T00:00:00.000Z,Listed for rent,2025-08-09T00:00:00.000Z,Listed for sale,2017-12-05T00:00:00.000Z,Listing removed,2017-10-21T00:00:00.000Z,Listed for sale,2015-07-13T00:00:00.000Z,Sold,2006-08-30T00:00:00.000Z,Sold,2003-10-15T00:00:00.000Z,Sold,2003-04-04T00:00:00.000Z,Sold,1997-10-13T00:00:00.000Z,Sold,,,,,,,,,,,,,,,,,,,,,,,,,,,,,,,,
"61 Pin Oak Loop, Maumelle, AR 72113",61 Pin Oak Loop,Maumelle,AR,72113,,forRent,3,1173,,1495,76,https://www.zillow.com/homedetails/61-Pin-Oak-Loop-Maumelle-AR-72113/326810_zpid/,,175000,2026-08-14T00:00:00.000Z,Price change,2026-08-12T00:00:00.000Z,Price change,2026-07-03T00:00:00.000Z,Listed for rent,2024-04-25T00:00:00.000Z,Listing removed,2024-04-09T00:00:00.000Z,Listed for rent,2023-02-09T00:00:00.000Z,Listing removed,2022-12-28T00:00:00.000Z,Price change,2022-10-26T00:00:00.000Z,Listed for rent,2022-09-30T00:00:00.000Z,Sold,2022-08-28T00:00:00.000Z,Contingent,2022-08-26T00:00:00.000Z,Listed for sale,2018-04-24T00:00:00.000Z,Sold,2018-03-07T00:00:00.000Z,Price change,2018-02-07T00:00:00.000Z,Listed for sale,2017-06-08T00:00:00.000Z,Listing removed,2017-05-10T00:00:00.000Z,Listed for sale,2014-05-05T00:00:00.000Z,Sold,2011-07-04T00:00:00.000Z,Listing removed,2011-06-09T00:00:00.000Z,Listed for sale,2006-08-02T00:00:00.000Z,Sold,2003-05-01T00:00:00.000Z,Sold,2000-09-22T00:00:00.000Z,Sold,,,,,,,,,,,,
"263 Lake Valley Dr, Maumelle, AR 72113",263 Lake Valley Dr,Maumelle,AR,72113,,forRent,5,3100,,2600,20,https://www.zillow.com/homedetails/263-Lake-Valley-Dr-Maumelle-AR-72113/89031838_zpid/,,308200,2026-08-28T00:00:00.000Z,Listed for rent,2025-08-11T00:00:00.000Z,Listing removed,2025-07-23T00:00:00.000Z,Price change,2025-07-05T00:00:00.000Z,Listed for rent,2024-09-12T00:00:00.000Z,Listing removed,2024-08-20T00:00:00.000Z,Listed for rent,2024-08-14T00:00:00.000Z,Listing removed,2024-08-12T00:00:00.000Z,Listed for rent,2023-06-29T00:00:00.000Z,Listing removed,2023-06-08T00:00:00.000Z,Listed for rent,2019-09-12T00:00:00.000Z,Sold,2019-08-27T00:00:00.000Z,Pending sale,2019-08-02T00:00:00.000Z,Price change,2019-07-11T00:00:00.000Z,Price change,2019-06-07T00:00:00.000Z,Price change,2019-05-23T00:00:00.000Z,Price change,2019-04-25T00:00:00.000Z,Price change,2019-04-11T00:00:00.000Z,Price change,2019-03-27T00:00:00.000Z,Price change,2019-03-06T00:00:00.000Z,Price change,2019-02-07T00:00:00.000Z,Price change,2019-01-16T00:00:00.000Z,Price change,2018-12-17T00:00:00.000Z,Listed for sale,2018-10-23T00:00:00.000Z,Listing removed,2013-04-17T00:00:00.000Z,Sold,2010-03-01T00:00:00.000Z,Sold,2008-08-04T00:00:00.000Z,Sold,2008-03-04T00:00:00.000Z,Sold
"57 Stoneledge Dr, Maumelle, AR 72113",57 Stoneledge Dr,Maumelle,AR,72113,,forRent,4,1961,,1950,27,https://www.zillow.com/homedetails/57-Stoneledge-Dr-Maumelle-AR-72113/326028_zpid/,,145000,2026-08-21T00:00:00.000Z,Listed for rent,2024-06-09T00:00:00.000Z,Listing removed,2024-05-08T00:00:00.000Z,Listed for rent,2024-04-23T00:00:00.000Z,Sold,2024-04-06T00:00:00.000Z,Listed for sale,2013-09-20T00:00:00.000Z,Sold,,,,,,,,,,,,,,,,,,,,,,,,,,,,,,,,,,,,,,,,,,,,
"9 Oak Forest Dr, Maumelle, AR 72113",9 Oak Forest Dr,Maumelle,AR,72113,,forRent,3,1176,,1675,2,https://www.zillow.com/homedetails/9-Oak-Forest-Dr-Maumelle-AR-72113/326498_zpid/,,785000,2026-09-15T00:00:00.000Z,Listed for rent,2026-01-10T00:00:00.000Z,Listing removed,2025-12-01T00:00:00.000Z,Listed for rent,2015-05-29T00:00:00.000Z,Sold,2008-09-12T00:00:00.000Z,Sold,,,,,,,,,,,,,,,,,,,,,,,,,,,,,,,,,,,,,,,,,,,,,,
"81 Oak Forest Loop, Maumelle, AR 72113",81 Oak Forest Loop,Maumelle,AR,72113,,forRent,3,1300,,1700,59,https://www.zillow.com/homedetails/81-Oak-Forest-Loop-Maumelle-AR-72113/326542_zpid/,,145000,2026-07-20T00:00:00.000Z,Listed for rent,2021-01-15T00:00:00.000Z,Sold,2012-10-11T00:00:00.000Z,Sold,1997-04-16T00:00:00.000Z,Sold,,,,,,,,,,,,,,,,,,,,,,,,,,,,,,,,,,,,,,,,,,,,,,,,
"124 Im Dr, Maumelle, AR 72113",124 Im Dr,Maumelle,AR,72113,,forRent,4,1500,,1850,73,https://www.zillow.com/homedetails/124-Im-Dr-Maumelle-AR-72113/2056969175_zpid/,,222925,2026-09-10T00:00:00.000Z,Price change,2026-07-06T00:00:00.000Z,Listed for rent,2025-08-27T00:00:00.000Z,Listing removed,2025-07-18T00:00:00.000Z,Listed for rent,2024-08-21T00:00:00.000Z,Listing removed,2024-07-30T00:00:00.000Z,Listed for rent,2023-09-26T00:00:00.000Z,Sold,,,,,,,,,,,,,,,,,,,,,,,,,,,,,,,,,,,,,,,,,,
"2 Corbet Ln, Maumelle, AR 72113",2 Corbet Ln,Maumelle,AR,72113,,forRent,3,1523,,2300,27,https://www.zillow.com/homedetails/2-Corbet-Ln-Maumelle-AR-72113/122005820_zpid/,,,2026-08-21T00:00:00.000Z,Listed for rent,2025-04-21T00:00:00.000Z,Listing removed,2025-03-25T00:00:00.000Z,Price change,2025-03-04T00:00:00.000Z,Listed for rent,2025-01-27T00:00:00.000Z,Listing removed,2025-01-14T00:00:00.000Z,Price change,2025-01-13T00:00:00.000Z,Listed for rent,2022-11-11T00:00:00.000Z,Listing removed,2022-10-11T00:00:00.000Z,Listed for rent,2017-10-06T00:00:00.000Z,Listing removed,2017-08-30T00:00:00.000Z,Price change,2017-08-08T00:00:00.000Z,Price change,2017-06-26T00:00:00.000Z,Listed for rent,,,,,,,,,,,,,,,,,,,,,,,,,,,,,,
"32 Cinderwood Cv, Maumelle, AR 72113",32 Cinderwood Cv,Maumelle,AR,72113,,forRent,3,2467,,1895,18,https://www.zillow.com/homedetails/32-Cinderwood-Cv-Maumelle-AR-72113/343619_zpid/,,505000,2026-08-30T00:00:00.000Z,Listed for rent,2025-10-09T00:00:00.000Z,Listing removed,2025-09-04T00:00:00.000Z,Price change,2025-08-30T00:00:00.000Z,Listed for rent,2016-07-22T00:00:00.000Z,Listing removed,2016-07-21T00:00:00.000Z,Price change,2016-06-17T00:00:00.000Z,Price change,2016-05-21T00:00:00.000Z,Listed for sale,2015-09-30T00:00:00.000Z,Sold,2008-05-09T00:00:00.000Z,Sold,,,,,,,,,,,,,,,,,,,,,,,,,,,,,,,,,,,,
"11 Page Cv, Maumelle, AR 72113",11 Page Cv,Maumelle,AR,72113,,forRent,3,1294,,1695,15,https://www.zillow.com/homedetails/11-Page-Cv-Maumelle-AR-72113/326629_zpid/,,222125,2026-09-02T00:00:00.000Z,Listed for rent,2019-05-21T00:00:00.000Z,Listing removed,2019-02-11T00:00:00.000Z,Listed for rent,2017-11-18T00:00:00.000Z,Listing removed,2017-10-06T00:00:00.000Z,Price change,2017-09-16T00:00:00.000Z,Price change,2017-08-12T00:00:00.000Z,Listed for rent,2017-04-01T00:00:00.000Z,Listing removed,2017-02-23T00:00:00.000Z,Listed for rent,2016-01-29T00:00:00.000Z,Listing removed,2016-01-13T00:00:00.000Z,Listed for rent,2014-01-01T00:00:00.000Z,Sold,1983-10-01T00:00:00.000Z,Sold,,,,,,,,,,,,,,,,,,,,,,,,,,,,,,
"5 Stoneledge Dr, Maumelle, AR 72113",5 Stoneledge Dr,Maumelle,AR,72113,,forRent,3,1755,,1850,34,https://www.zillow.com/homedetails/5-Stoneledge-Dr-Maumelle-AR-72113/326005_zpid/,,240000,2026-08-14T00:00:00.000Z,Listed for rent,2025-04-10T00:00:00.000Z,Listing removed,2025-03-28T00:00:00.000Z,Listed for rent,2025-02-06T00:00:00.000Z,Sold,2024-11-23T00:00:00.000Z,Listing removed,2024-07-30T00:00:00.000Z,Listed for rent,2015-02-24T00:00:00.000Z,Sold,,,,,,,,,,,,,,,,,,,,,,,,,,,,,,,,,,,,,,,,,,
"(Undisclosed Address), Maumelle, AR 72113",(Undisclosed Address),Maumelle,AR,72113,,forRent,3,1430,,1700,26,https://www.zillow.com/homedetails/Maumelle-AR-72113/326296_zpid/,,295000,2026-08-22T00:00:00.000Z,Listed for rent,2025-10-31T00:00:00.000Z,Listing removed,2025-09-27T00:00:00.000Z,Price change,2025-08-03T00:00:00.000Z,Price change,2025-07-20T00:00:00.000Z,Listed for rent,2023-04-29T00:00:00.000Z,Listing removed,2023-04-28T00:00:00.000Z,Listed for rent,2023-04-20T00:00:00.000Z,Listing removed,2023-04-19T00:00:00.000Z,Listed for rent,2021-08-07T00:00:00.000Z,Listing removed,2021-08-05T00:00:00.000Z,Listed for rent,2021-07-28T00:00:00.000Z,Listing removed,2021-07-26T00:00:00.000Z,Listed for rent,2021-02-23T00:00:00.000Z,Listing removed,2020-07-23T00:00:00.000Z,Listing removed,2020-07-22T00:00:00.000Z,Price change,2020-07-20T00:00:00.000Z,Listed for rent,2019-10-31T00:00:00.000Z,Listing removed,2019-10-21T00:00:00.000Z,Price change,2019-10-01T00:00:00.000Z,Listed for rent,2018-08-19T00:00:00.000Z,Listing removed,2018-08-06T00:00:00.000Z,Listed for rent,2017-11-14T00:00:00.000Z,Listing removed,2017-10-11T00:00:00.000Z,Listed for rent,2014-05-06T00:00:00.000Z,Sold,2003-07-08T00:00:00.000Z,Sold,1998-12-11T00:00:00.000Z,Sold,1997-10-24T00:00:00.000Z,Sold
"802 Gussy Ln, Benton, AR 72019",802 Gussy Ln,Benton,AR,72019,,forRent,4,1459,,1650,27,https://www.zillow.com/homedetails/802-Gussy-Ln-Benton-AR-72019/460667108_zpid/,,222900,2026-08-21T00:00:00.000Z,Listed for rent,2026-08-11T00:00:00.000Z,Sold,2026-07-13T00:00:00.000Z,Contingent,2026-07-04T00:00:00.000Z,Price change,2026-06-03T00:00:00.000Z,Listed for sale,2026-05-01T00:00:00.000Z,Contingent,2026-04-14T00:00:00.000Z,Price change,2026-04-07T00:00:00.000Z,Price change,2026-04-02T00:00:00.000Z,Price change,2026-02-27T00:00:00.000Z,Price change,2026-02-24T00:00:00.000Z,Listed for sale,,,,,,,,,,,,,,,,,,,,,,,,,,,,,,,,,,
"8065 Chesapeake Trl, Bauxite, AR 72011",8065 Chesapeake Trl,Bauxite,AR,72011,,forRent,4,1699,,1595,9,https://www.zillow.com/homedetails/8065-Chesapeake-Trl-Bauxite-AR-72011/462191986_zpid/,,,2026-09-09T00:00:00.000Z,Listed for rent,2026-08-14T00:00:00.000Z,Listing removed,2026-08-10T00:00:00.000Z,Price change,2026-08-06T00:00:00.000Z,Price change,2026-08-04T00:00:00.000Z,Price change,2026-07-31T00:00:00.000Z,Price change,2026-07-29T00:00:00.000Z,Listed for sale,2026-07-27T00:00:00.000Z,Contingent,2026-06-25T00:00:00.000Z,Price change,2026-06-17T00:00:00.000Z,Price change,2026-05-05T00:00:00.000Z,Listed for sale,,,,,,,,,,,,,,,,,,,,,,,,,,,,,,,,,,
"2344 Bassett St, Benton, AR 72019",2344 Bassett St,Benton,AR,72019,,forRent,3,1523,,1545,9,https://www.zillow.com/homedetails/2344-Bassett-St-Benton-AR-72019/463059714_zpid/,,,2026-09-09T00:00:00.000Z,Listed for rent,2026-08-14T00:00:00.000Z,Listing removed,2026-08-10T00:00:00.000Z,Price change,2026-07-13T00:00:00.000Z,Price change,2026-06-09T00:00:00.000Z,Listed for sale,,,,,,,,,,,,,,,,,,,,,,,,,,,,,,,,,,,,,,,,,,,,,,
"8072 Chesapeake Trl, Bauxite, AR 72011",8072 Chesapeake Trl,Bauxite,AR,72011,,forRent,4,1492,,1650,6,https://www.zillow.com/homedetails/8072-Chesapeake-Trl-Bauxite-AR-72011/457082278_zpid/,,208600,2026-09-12T00:00:00.000Z,Listed for rent,2026-07-30T00:00:00.000Z,Sold,2026-07-09T00:00:00.000Z,Contingent,2026-07-06T00:00:00.000Z,Price change,2026-06-25T00:00:00.000Z,Price change,2026-06-08T00:00:00.000Z,Price change,2026-04-11T00:00:00.000Z,Price change,2026-04-03T00:00:00.000Z,Price change,2026-03-31T00:00:00.000Z,Price change,2026-03-18T00:00:00.000Z,Price change,2026-03-16T00:00:00.000Z,Price change,2026-02-17T00:00:00.000Z,Listed for sale,2025-10-02T00:00:00.000Z,Listing removed,2025-09-30T00:00:00.000Z,Listed for sale,,,,,,,,,,,,,,,,,,,,,,,,,,,,
"5041 Red Fox Trl, Bauxite, AR 72011",5041 Red Fox Trl,Bauxite,AR,72011,,forRent,3,1200,,1550,93,https://www.zillow.com/homedetails/5041-Red-Fox-Trl-Bauxite-AR-72011/2071703035_zpid/,,191000,2026-08-25T00:00:00.000Z,Price change,2026-06-23T00:00:00.000Z,Price change,2026-06-16T00:00:00.000Z,Listed for rent,2021-09-17T00:00:00.000Z,Sold,2021-06-24T00:00:00.000Z,Pending sale,2021-06-23T00:00:00.000Z,Contingent,2021-06-04T00:00:00.000Z,Price change,2021-04-30T00:00:00.000Z,Price change,2021-04-22T00:00:00.000Z,Price change,2021-04-16T00:00:00.000Z,Price change,2021-04-14T00:00:00.000Z,Listed for sale,,,,,,,,,,,,,,,,,,,,,,,,,,,,,,,,,,
"8057 Chesapeake Trl, Bauxite, AR 72011",8057 Chesapeake Trl,Bauxite,AR,72011,,forRent,4,1496,,1545,9,https://www.zillow.com/homedetails/8057-Chesapeake-Trl-Bauxite-AR-72011/462191990_zpid/,,,2026-09-09T00:00:00.000Z,Listed for rent,2026-08-14T00:00:00.000Z,Listing removed,2026-08-13T00:00:00.000Z,Price change,2026-08-10T00:00:00.000Z,Price change,2026-08-04T00:00:00.000Z,Price change,2026-06-25T00:00:00.000Z,Price change,2026-06-17T00:00:00.000Z,Price change,2026-05-05T00:00:00.000Z,Listed for sale,,,,,,,,,,,,,,,,,,,,,,,,,,,,,,,,,,,,,,,,
"2352 Bassett St, Benton, AR 72019",2352 Bassett St,Benton,AR,72019,,forRent,4,1852,,1695,9,https://www.zillow.com/homedetails/2352-Bassett-St-Benton-AR-72019/461516492_zpid/,,,2026-09-09T00:00:00.000Z,Listed for rent,2026-08-14T00:00:00.000Z,Listing removed,2026-08-04T00:00:00.000Z,Price change,2026-07-16T00:00:00.000Z,Listed for sale,2026-04-06T00:00:00.000Z,Listing removed,2026-04-05T00:00:00.000Z,Listed for sale,,,,,,,,,,,,,,,,,,,,,,,,,,,,,,,,,,,,,,,,,,,,
"8073 Chesapeake Trl, Bauxite, AR 72011",8073 Chesapeake Trl,Bauxite,AR,72011,,forRent,3,1442,,1495,9,https://www.zillow.com/homedetails/8073-Chesapeake-Trl-Bauxite-AR-72011/460744961_zpid/,,,2026-09-09T00:00:00.000Z,Listed for rent,2026-08-14T00:00:00.000Z,Listing removed,2026-08-13T00:00:00.000Z,Price change,2026-07-17T00:00:00.000Z,Price change,2026-07-10T00:00:00.000Z,Price change,2026-07-08T00:00:00.000Z,Listed for sale,2026-06-12T00:00:00.000Z,Contingent,2026-06-08T00:00:00.000Z,Price change,2026-04-14T00:00:00.000Z,Price change,2026-02-27T00:00:00.000Z,Listed for sale,,,,,,,,,,,,,,,,,,,,,,,,,,,,,,,,,,,,
"754 Gussy Ln, Benton, AR 72019",754 Gussy Ln,Benton,AR,72019,,forRent,3,1523,,1600,6,https://www.zillow.com/homedetails/754-Gussy-Ln-Benton-AR-72019/464376472_zpid/,,220900,2026-09-11T00:00:00.000Z,Listed for rent,2026-08-27T00:00:00.000Z,Sold,,,,,,,,,,,,,,,,,,,,,,,,,,,,,,,,,,,,,,,,,,,,,,,,,,,,
"8040 Chesapeake Trl, Bauxite, AR 72011",8040 Chesapeake Trl,Bauxite,AR,72011,,forRent,4,1496,,1495,9,https://www.zillow.com/homedetails/8040-Chesapeake-Trl-Bauxite-AR-72011/457082335_zpid/,,,2026-09-09T00:00:00.000Z,Listed for rent,2026-08-14T00:00:00.000Z,Listing removed,2026-08-13T00:00:00.000Z,Price change,2026-08-10T00:00:00.000Z,Price change,2026-07-17T00:00:00.000Z,Price change,2026-07-06T00:00:00.000Z,Price change,2026-06-25T00:00:00.000Z,Price change,2026-06-17T00:00:00.000Z,Price change,2026-06-08T00:00:00.000Z,Price change,2026-05-05T00:00:00.000Z,Listed for sale,2025-10-02T00:00:00.000Z,Listing removed,2025-09-30T00:00:00.000Z,Listed for sale,,,,,,,,,,,,,,,,,,,,,,,,,,,,,,,,
"8049 Chesapeake Trl, Bauxite, AR 72011",8049 Chesapeake Trl,Bauxite,AR,72011,,forRent,3,1301,,1395,9,https://www.zillow.com/homedetails/8049-Chesapeake-Trl-Bauxite-AR-72011/463059708_zpid/,,,2026-09-09T00:00:00.000Z,Listed for rent,2026-08-14T00:00:00.000Z,Listing removed,2026-08-10T00:00:00.000Z,Price change,2026-08-04T00:00:00.000Z,Price change,2026-06-25T00:00:00.000Z,Price change,2026-06-18T00:00:00.000Z,Price change,2026-06-09T00:00:00.000Z,Listed for sale,,,,,,,,,,,,,,,,,,,,,,,,,,,,,,,,,,,,,,,,,,
"8000 Chesapeake Trl, Bauxite, AR 72011",8000 Chesapeake Trl,Bauxite,AR,72011,,forRent,3,1373,,1445,9,https://www.zillow.com/homedetails/8000-Chesapeake-Trl-Bauxite-AR-72011/464083308_zpid/,,,2026-09-09T00:00:00.000Z,Listed for rent,2026-08-14T00:00:00.000Z,Listing removed,2026-07-24T00:00:00.000Z,Price change,2026-07-23T00:00:00.000Z,Listed for sale,,,,,,,,,,,,,,,,,,,,,,,,,,,,,,,,,,,,,,,,,,,,,,,,
"8024 Chesapeake Trl, Bauxite, AR 72011",8024 Chesapeake Trl,Bauxite,AR,72011,,forRent,3,1248,,1345,9,https://www.zillow.com/homedetails/8024-Chesapeake-Trl-Bauxite-AR-72011/457082320_zpid/,,,2026-09-09T00:00:00.000Z,Listed for rent,2026-08-14T00:00:00.000Z,Listing removed,2026-07-24T00:00:00.000Z,Price change,2026-07-23T00:00:00.000Z,Listed for sale,2025-10-02T00:00:00.000Z,Listing removed,2025-09-30T00:00:00.000Z,Listed for sale,,,,,,,,,,,,,,,,,,,,,,,,,,,,,,,,,,,,,,,,,,,,
"8056 Chesapeake Trl, Bauxite, AR 72011",8056 Chesapeake Trl,Bauxite,AR,72011,,forRent,3,1651,,1545,9,https://www.zillow.com/homedetails/8056-Chesapeake-Trl-Bauxite-AR-72011/457082351_zpid/,,,2026-09-09T00:00:00.000Z,Listed for rent,2026-08-14T00:00:00.000Z,Listing removed,2026-08-10T00:00:00.000Z,Price change,2026-07-17T00:00:00.000Z,Price change,2026-07-06T00:00:00.000Z,Price change,2026-06-25T00:00:00.000Z,Price change,2026-05-19T00:00:00.000Z,Price change,2026-05-05T00:00:00.000Z,Listed for sale,2025-10-02T00:00:00.000Z,Listing removed,2025-09-30T00:00:00.000Z,Listed for sale,,,,,,,,,,,,,,,,,,,,,,,,,,,,,,,,,,,,
"3008 Emerald Park Trl, Bauxite, AR 72011",3008 Emerald Park Trl,Bauxite,AR,72011,,forRent,3,1528,,1500,17,https://www.zillow.com/homedetails/3008-Emerald-Park-Trl-Bauxite-AR-72011/2070250448_zpid/,,181875,2026-09-05T00:00:00.000Z,Listed for rent,2026-03-14T00:00:00.000Z,Listing removed,2026-02-26T00:00:00.000Z,Listed for rent,2026-02-16T00:00:00.000Z,Listing removed,2026-01-22T00:00:00.000Z,Price change,2026-01-12T00:00:00.000Z,Price change,2025-12-23T00:00:00.000Z,Price change,2025-12-03T00:00:00.000Z,Price change,2025-12-02T00:00:00.000Z,Listed for rent,2023-09-01T00:00:00.000Z,Listing removed,2021-09-27T00:00:00.000Z,Listing removed,2021-09-20T00:00:00.000Z,Listed for rent,2021-08-31T00:00:00.000Z,Sold,,,,,,,,,,,,,,,,,,,,,,,,,,,,,,
"7001 Potomac Trl, Bauxite, AR 72011",7001 Potomac Trl,Bauxite,AR,72011,,forRent,3,1051,,1295,9,https://www.zillow.com/homedetails/7001-Potomac-Trl-Bauxite-AR-72011/461516494_zpid/,,,2026-09-09T00:00:00.000Z,Listed for rent,2026-08-14T00:00:00.000Z,Listing removed,2026-08-10T00:00:00.000Z,Price change,2026-07-17T00:00:00.000Z,Price change,2026-06-25T00:00:00.000Z,Price change,2026-06-17T00:00:00.000Z,Price change,2026-05-19T00:00:00.000Z,Price change,2026-04-05T00:00:00.000Z,Listed for sale,,,,,,,,,,,,,,,,,,,,,,,,,,,,,,,,,,,,,,,,
"8016 Chesapeake Trl, Bauxite, AR 72011",8016 Chesapeake Trl,Bauxite,AR,72011,,forRent,3,1442,,1495,9,https://www.zillow.com/homedetails/8016-Chesapeake-Trl-Bauxite-AR-72011/457082295_zpid/,,,2026-09-09T00:00:00.000Z,Listed for rent,2026-08-14T00:00:00.000Z,Listing removed,2026-08-13T00:00:00.000Z,Price change,2026-07-24T00:00:00.000Z,Price change,2026-07-23T00:00:00.000Z,Listed for sale,2025-10-02T00:00:00.000Z,Listing removed,2025-09-30T00:00:00.000Z,Listed for sale,,,,,,,,,,,,,,,,,,,,,,,,,,,,,,,,,,,,,,,,,,
"830 Gussy Ln, Benton, AR 72019",830 Gussy Ln,Benton,AR,72019,,forRent,,,,,,https://www.zillow.com/b/830-gussy-ln-benton-ar-CqYvFB/,,,,,,,,,,,,,,,,,,,,,,,,,,,,,,,,,,,,,,,,,,,,,,,,,,,,,,,,,,
"2705 Timbermist Cir, Benton, AR 72015",2705 Timbermist Cir,Benton,AR,72015,,forRent,3,1200,,1575,0,https://www.zillow.com/homedetails/2705-Timbermist-Cir-Benton-AR-72015/386796_zpid/,,151000,2026-09-17T00:00:00.000Z,Listed for rent,2025-09-02T00:00:00.000Z,Listing removed,2025-08-27T00:00:00.000Z,Price change,2025-08-14T00:00:00.000Z,Price change,2025-06-30T00:00:00.000Z,Listed for rent,2022-08-30T00:00:00.000Z,Listing removed,2022-08-24T00:00:00.000Z,Listed for rent,2021-08-09T00:00:00.000Z,Listing removed,2021-08-05T00:00:00.000Z,Listed for rent,2021-07-07T00:00:00.000Z,Sold,2021-07-07T00:00:00.000Z,Contingent,2021-06-05T00:00:00.000Z,Listed for sale,2021-03-24T00:00:00.000Z,Listing removed,2018-12-27T00:00:00.000Z,Listing removed,2018-09-29T00:00:00.000Z,Listed for sale,2008-06-20T00:00:00.000Z,Sold,,,,,,,,,,,,,,,,,,,,,,,,
"14457 Skyline Dr, Alexander, AR 72002",14457 Skyline Dr,Alexander,AR,72002,,forRent,3,1974,,1950,3,https://www.zillow.com/homedetails/14457-Skyline-Dr-Alexander-AR-72002/120792053_zpid/,,210000,2026-09-15T00:00:00.000Z,Listed for rent,2021-11-05T00:00:00.000Z,Sold,2015-12-17T00:00:00.000Z,Sold,,,,,,,,,,,,,,,,,,,,,,,,,,,,,,,,,,,,,,,,,,,,,,,,,,
"4340 Sloan Dr, Alexander, AR 72002",4340 Sloan Dr,Alexander,AR,72002,,forRent,4,1850,,2140,54,https://www.zillow.com/homedetails/4340-Sloan-Dr-Alexander-AR-72002/442183331_zpid/,,267480,2026-08-09T00:00:00.000Z,Listed for rent,2026-07-28T00:00:00.000Z,Listing removed,2026-07-25T00:00:00.000Z,Listed for rent,2026-07-08T00:00:00.000Z,Listing removed,2026-06-20T00:00:00.000Z,Listed for rent,2025-08-06T00:00:00.000Z,Listing removed,2025-07-11T00:00:00.000Z,Listed for rent,2025-03-25T00:00:00.000Z,Sold,2025-02-10T00:00:00.000Z,Contingent,2025-01-17T00:00:00.000Z,Price change,2025-01-16T00:00:00.000Z,Price change,2024-10-30T00:00:00.000Z,Listed for sale,,,,,,,,,,,,,,,,,,,,,,,,,,,,,,,,
"14611 Parkway Meadows Dr, Alexander, AR 72002",14611 Parkway Meadows Dr,Alexander,AR,72002,,forRent,3,1500,,1625,0,https://www.zillow.com/homedetails/14611-Parkway-Meadows-Dr-Alexander-AR-72002/112089546_zpid/,,192000,2026-09-17T00:00:00.000Z,Listed for rent,2025-09-08T00:00:00.000Z,Listing removed,2025-08-28T00:00:00.000Z,Listed for rent,2024-09-13T00:00:00.000Z,Listing removed,2024-08-05T00:00:00.000Z,Listed for rent,2024-07-24T00:00:00.000Z,Listing removed,2024-06-28T00:00:00.000Z,Listed for rent,2022-05-19T00:00:00.000Z,Listing removed,2022-05-04T00:00:00.000Z,Price change,2022-04-15T00:00:00.000Z,Listed for rent,2022-03-09T00:00:00.000Z,Sold,2022-02-17T00:00:00.000Z,Contingent,2022-02-15T00:00:00.000Z,Listed for sale,2019-11-19T00:00:00.000Z,Sold,2019-09-16T00:00:00.000Z,Price change,2019-08-19T00:00:00.000Z,Listed for sale,2013-07-11T00:00:00.000Z,Sold,2013-03-06T00:00:00.000Z,Price change,2013-01-31T00:00:00.000Z,Price change,2013-01-19T00:00:00.000Z,Listed for sale,2010-04-21T00:00:00.000Z,Sold,,,,,,,,,,,,,,
"5096 Woodstream Dr, Alexander, AR 72002",5096 Woodstream Dr,Alexander,AR,72002,,forRent,3,1594,,2600,13,https://www.zillow.com/homedetails/5096-Woodstream-Dr-Alexander-AR-72002/2077881150_zpid/,,180150,2026-09-05T00:00:00.000Z,Listed for rent,2024-10-14T00:00:00.000Z,Listing removed,2023-08-19T00:00:00.000Z,Listing removed,2023-07-23T00:00:00.000Z,Listed for rent,2023-03-09T00:00:00.000Z,Listing removed,2023-02-12T00:00:00.000Z,Listed for rent,2021-03-10T00:00:00.000Z,Sold,2020-10-02T00:00:00.000Z,Price change,2020-09-12T00:00:00.000Z,Listed for sale,,,,,,,,,,,,,,,,,,,,,,,,,,,,,,,,,,,,,,
"1710 Cedarhurst Dr, Benton, AR 72015",1710 Cedarhurst Dr,Benton,AR,72015,,forRent,3,1680,,1595,56,https://www.zillow.com/homedetails/1710-Cedarhurst-Dr-Benton-AR-72015/384477_zpid/,,127500,2026-09-12T00:00:00.000Z,Price change,2026-09-04T00:00:00.000Z,Price change,2026-08-29T00:00:00.000Z,Price change,2026-06-23T00:00:00.000Z,Listed for rent,2024-05-13T00:00:00.000Z,Listing removed,2024-02-10T00:00:00.000Z,Listed for rent,2024-01-31T00:00:00.000Z,Sold,2024-01-24T00:00:00.000Z,Contingent,2024-01-22T00:00:00.000Z,Listed for sale,2019-11-07T00:00:00.000Z,Listing removed,2019-10-07T00:00:00.000Z,Listed for rent,2016-12-15T00:00:00.000Z,Listing removed,2016-01-13T00:00:00.000Z,Listing removed,2016-01-11T00:00:00.000Z,Listed for rent,2015-05-22T00:00:00.000Z,Sold,2015-01-21T00:00:00.000Z,Listing removed,2014-07-25T00:00:00.000Z,Listed for rent,2014-06-23T00:00:00.000Z,Listing removed,2014-05-25T00:00:00.000Z,Price change,2014-05-07T00:00:00.000Z,Price change,2014-04-11T00:00:00.000Z,Price change,2014-02-17T00:00:00.000Z,Listed for sale,,,,,,,,,,,,
"4541 Western Woods Dr, Benton, AR 72015",4541 Western Woods Dr,Benton,AR,72015,,forRent,4,2000,,1895,2,https://www.zillow.com/homedetails/4541-Western-Woods-Dr-Benton-AR-72015/2061302075_zpid/,,313100,2026-09-15T00:00:00.000Z,Listed for rent,2023-03-31T00:00:00.000Z,Sold,2022-11-05T00:00:00.000Z,Listing removed,2022-09-30T00:00:00.000Z,Listed for rent,,,,,,,,,,,,,,,,,,,,,,,,,,,,,,,,,,,,,,,,,,,,,,,,
"402 Stone Creek Dr, Benton, AR 72015",402 Stone Creek Dr,Benton,AR,72015,,forRent,4,1762,,1895,9,https://www.zillow.com/homedetails/402-Stone-Creek-Dr-Benton-AR-72015/71716020_zpid/,,178000,2026-09-08T00:00:00.000Z,Listed for rent,2023-09-17T00:00:00.000Z,Listing removed,2023-07-18T00:00:00.000Z,Listing removed,2023-06-14T00:00:00.000Z,Price change,2023-06-06T00:00:00.000Z,Listed for rent,2021-09-16T00:00:00.000Z,Sold,2016-08-06T00:00:00.000Z,Listing removed,2016-07-13T00:00:00.000Z,Listed for sale,2016-05-27T00:00:00.000Z,Listing removed,2016-04-15T00:00:00.000Z,Listed for sale,2006-07-11T00:00:00.000Z,Sold,,,,,,,,,,,,,,,,,,,,,,,,,,,,,,,,,,
"6413 Amalie Dr, Alexander, AR 72002",6413 Amalie Dr,Alexander,AR,72002,,forRent,3,1485,,1675,9,https://www.zillow.com/homedetails/6413-Amalie-Dr-Alexander-AR-72002/247595729_zpid/,,198000,2026-09-08T00:00:00.000Z,Listed for rent,2025-08-18T00:00:00.000Z,Listing removed,2025-08-06T00:00:00.000Z,Listed for rent,2022-05-12T00:00:00.000Z,Listing removed,2022-05-04T00:00:00.000Z,Price change,2022-04-27T00:00:00.000Z,Price change,2022-04-12T00:00:00.000Z,Listed for rent,2022-03-01T00:00:00.000Z,Sold,2022-01-18T00:00:00.000Z,Listed for sale,2018-09-21T00:00:00.000Z,Sold,2018-08-07T00:00:00.000Z,Listed for sale,2018-06-21T00:00:00.000Z,Listing removed,2018-05-23T00:00:00.000Z,Price change,2018-05-11T00:00:00.000Z,Listed for sale,,,,,,,,,,,,,,,,,,,,,,,,,,,,
"3002 Forest Dr, Bryant, AR 72022",3002 Forest Dr,Bryant,AR,72022,,forRent,3,1409,,1650,8,https://www.zillow.com/homedetails/3002-Forest-Dr-Bryant-AR-72022/390575_zpid/,,213000,2026-09-10T00:00:00.000Z,Listed for rent,2026-08-24T00:00:00.000Z,Sold,2026-06-30T00:00:00.000Z,Listed for sale,2018-03-05T00:00:00.000Z,Sold,2011-03-18T00:00:00.000Z,Sold,2011-02-13T00:00:00.000Z,Listed for sale,2006-08-16T00:00:00.000Z,Sold,,,,,,,,,,,,,,,,,,,,,,,,,,,,,,,,,,,,,,,,,,
"6688 Hollywood Ave, Benton, AR 72019",6688 Hollywood Ave,Benton,AR,72019,,forRent,3,1051,,1595,13,https://www.zillow.com/homedetails/6688-Hollywood-Ave-Benton-AR-72019/460744960_zpid/,,183900,2026-09-04T00:00:00.000Z,Listed for rent,2026-08-28T00:00:00.000Z,Sold,2026-08-10T00:00:00.000Z,Contingent,2026-06-25T00:00:00.000Z,Price change,2026-06-18T00:00:00.000Z,Price change,2026-06-09T00:00:00.000Z,Price change,2026-05-02T00:00:00.000Z,Price change,2026-03-31T00:00:00.000Z,Price change,2026-03-03T00:00:00.000Z,Price change,2026-02-27T00:00:00.000Z,Listed for sale,,,,,,,,,,,,,,,,,,,,,,,,,,,,,,,,,,,,
"3001 Wild Berry Dr, Benton, AR 72015",3001 Wild Berry Dr,Benton,AR,72015,,forRent,3,1486,,1725,27,https://www.zillow.com/homedetails/3001-Wild-Berry-Dr-Benton-AR-72015/71716346_zpid/,,184900,2026-08-21T00:00:00.000Z,Listed for rent,2024-07-31T00:00:00.000Z,Listing removed,2024-07-05T00:00:00.000Z,Listed for rent,2023-04-21T00:00:00.000Z,Listing removed,2023-04-19T00:00:00.000Z,Listed for rent,2022-03-28T00:00:00.000Z,Listing removed,2022-03-24T00:00:00.000Z,Price change,2022-03-11T00:00:00.000Z,Listed for rent,2022-02-01T00:00:00.000Z,Sold,2022-02-01T00:00:00.000Z,Contingent,2022-01-06T00:00:00.000Z,Listed for sale,2020-08-31T00:00:00.000Z,Sold,2020-07-10T00:00:00.000Z,Listed for sale,2008-07-11T00:00:00.000Z,Sold,,,,,,,,,,,,,,,,,,,,,,,,,,,,
"22930 Sam Tillery Dr, Alexander, AR 72002",22930 Sam Tillery Dr,Alexander,AR,72002,,forRent,4,1640,,2000,24,https://www.zillow.com/homedetails/22930-Sam-Tillery-Dr-Alexander-AR-72002/464786376_zpid/,,,2026-09-10T00:00:00.000Z,Price change,2026-09-08T00:00:00.000Z,Price change,2026-08-24T00:00:00.000Z,Listed for rent,,,,,,,,,,,,,,,,,,,,,,,,,,,,,,,,,,,,,,,,,,,,,,,,,,
"14095 Magnolia Glen Dr, Alexander, AR 72002",14095 Magnolia Glen Dr,Alexander,AR,72002,,forRent,3,1228,,1530,16,https://www.zillow.com/homedetails/14095-Magnolia-Glen-Dr-Alexander-AR-72002/88906053_zpid/,,119500,2026-09-01T00:00:00.000Z,Listed for rent,2020-12-08T00:00:00.000Z,Listing removed,2020-12-02T00:00:00.000Z,Listed for rent,2016-09-27T00:00:00.000Z,Sold,2016-06-29T00:00:00.000Z,Price change,2016-06-06T00:00:00.000Z,Listed for sale,2015-07-08T00:00:00.000Z,Listing removed,2015-06-13T00:00:00.000Z,Listed for rent,2014-07-19T00:00:00.000Z,Listing removed,2014-06-20T00:00:00.000Z,Listed for rent,2013-07-17T00:00:00.000Z,Listing removed,2013-07-03T00:00:00.000Z,Price change,2013-06-14T00:00:00.000Z,Price change,2013-05-17T00:00:00.000Z,Listed for rent,2009-11-06T00:00:00.000Z,Sold,,,,,,,,,,,,,,,,,,,,,,,,,,
"1008 Santa Fe Trl, Bauxite, AR 72011",1008 Santa Fe Trl,Bauxite,AR,72011,,forRent,,,,,,https://www.zillow.com/b/1008-santa-fe-trl-bauxite-ar-BqKjfx/,,,,,,,,,,,,,,,,,,,,,,,,,,,,,,,,,,,,,,,,,,,,,,,,,,,,,,,,,,
"8512 Highway 5 N, Benton, AR 72019",8512 Highway 5 N,Benton,AR,72019,,forRent,4,1533,,1895,3,https://www.zillow.com/homedetails/8512-Highway-5-N-Benton-AR-72019/394628139_zpid/,,,2026-09-14T00:00:00.000Z,Listed for rent,2024-09-13T00:00:00.000Z,Listing removed,2024-07-15T00:00:00.000Z,Listed for rent,,,,,,,,,,,,,,,,,,,,,,,,,,,,,,,,,,,,,,,,,,,,,,,,,,
"2064 Fern Valley Dr, Alexander, AR 72002",2064 Fern Valley Dr,Alexander,AR,72002,,forRent,3,1394,,1595,1,https://www.zillow.com/homedetails/2064-Fern-Valley-Dr-Alexander-AR-72002/247595904_zpid/,,169000,2026-09-16T00:00:00.000Z,Listed for rent,2025-12-24T00:00:00.000Z,Listing removed,2025-11-13T00:00:00.000Z,Listed for rent,2023-05-30T00:00:00.000Z,Listing removed,2023-05-15T00:00:00.000Z,Listed for rent,2021-06-30T00:00:00.000Z,Listing removed,2021-06-22T00:00:00.000Z,Listed for rent,2021-06-14T00:00:00.000Z,Sold,2021-06-13T00:00:00.000Z,Contingent,2021-05-13T00:00:00.000Z,Listed for sale,2016-12-16T00:00:00.000Z,Sold,,,,,,,,,,,,,,,,,,,,,,,,,,,,,,,,,,
"3264 Sidell Estates Dr, Benton, AR 72015",3264 Sidell Estates Dr,Benton,AR,72015,,forRent,4,1652,,1795,34,https://www.zillow.com/homedetails/3264-Sidell-Estates-Dr-Benton-AR-72015/2063496322_zpid/,,,2026-08-14T00:00:00.000Z,Listed for rent,2022-07-02T00:00:00.000Z,Listing removed,2022-06-10T00:00:00.000Z,Price change,2022-04-28T00:00:00.000Z,Listed for sale,,,,,,,,,,,,,,,,,,,,,,,,,,,,,,,,,,,,,,,,,,,,,,,,
"2114 Richland Park Dr, Bryant, AR 72022",2114 Richland Park Dr,Bryant,AR,72022,,forRent,3,1595,,1575,9,https://www.zillow.com/homedetails/2114-Richland-Park-Dr-Bryant-AR-72022/71716425_zpid/,,5656,2026-09-08T00:00:00.000Z,Listed for rent,2025-07-05T00:00:00.000Z,Listing removed,2025-07-04T00:00:00.000Z,Listed for rent,2025-07-04T00:00:00.000Z,Listing removed,2025-07-02T00:00:00.000Z,Listed for rent,2023-05-02T00:00:00.000Z,Listing removed,2023-04-19T00:00:00.000Z,Listed for rent,2022-11-16T00:00:00.000Z,Listing removed,2022-06-26T00:00:00.000Z,Listed for rent,2019-04-06T00:00:00.000Z,Listing removed,2019-03-16T00:00:00.000Z,Listed for rent,2012-08-23T00:00:00.000Z,Sold,,,,,,,,,,,,,,,,,,,,,,,,,,,,,,,,
"5399 Heritage Valley Dr, Benton, AR 72019",5399 Heritage Valley Dr,Benton,AR,72019,,forRent,4,1790,,1800,52,https://www.zillow.com/homedetails/5399-Heritage-Valley-Dr-Benton-AR-72019/2062299989_zpid/,,245000,2026-09-10T00:00:00.000Z,Price change,2026-08-31T00:00:00.000Z,Price change,2026-07-27T00:00:00.000Z,Listed for rent,2026-07-15T00:00:00.000Z,Listing removed,2026-05-22T00:00:00.000Z,Price change,2026-04-02T00:00:00.000Z,Listed for sale,2026-04-01T00:00:00.000Z,Listing removed,2025-11-06T00:00:00.000Z,Price change,2025-10-13T00:00:00.000Z,Price change,2025-10-04T00:00:00.000Z,Listed for sale,2025-02-24T00:00:00.000Z,Sold,2025-02-05T00:00:00.000Z,Contingent,2024-11-30T00:00:00.000Z,Price change,2024-10-04T00:00:00.000Z,Price change,2024-09-29T00:00:00.000Z,Price change,2024-09-07T00:00:00.000Z,Listed for sale,2022-08-29T00:00:00.000Z,Sold,,,,,,,,,,,,,,,,,,,,,,
"821 Church, Benton, AR 72015",821 Church,Benton,AR,72015,,forRent,4,1540,,1675,13,https://www.zillow.com/homedetails/821-Church-Benton-AR-72015/387634_zpid/,,155000,2026-09-04T00:00:00.000Z,Listed for rent,2021-08-04T00:00:00.000Z,Listing removed,2021-07-27T00:00:00.000Z,Listed for rent,2021-06-04T00:00:00.000Z,Sold,2020-12-14T00:00:00.000Z,Sold,2020-10-24T00:00:00.000Z,Listed for sale,,,,,,,,,,,,,,,,,,,,,,,,,,,,,,,,,,,,,,,,,,,,
"227 Iris St, Haskell, AR 72015",227 Iris St,Haskell,AR,72015,,forRent,3,1420,,1675,52,https://www.zillow.com/homedetails/227-Iris-St-Haskell-AR-72015/2060765172_zpid/,,195000,2026-09-10T00:00:00.000Z,Price change,2026-08-27T00:00:00.000Z,Price change,2026-07-27T00:00:00.000Z,Listed for rent,2023-02-16T00:00:00.000Z,Listing removed,2023-02-08T00:00:00.000Z,Price change,2023-01-26T00:00:00.000Z,Price change,2022-12-09T00:00:00.000Z,Listed for rent,2022-11-10T00:00:00.000Z,Sold,,,,,,,,,,,,,,,,,,,,,,,,,,,,,,,,,,,,,,,,
"313 S Neeley St, Benton, AR 72015",313 S Neeley St,Benton,AR,72015,,forRent,3,1800,,1595,31,https://www.zillow.com/homedetails/313-S-Neeley-St-Benton-AR-72015/2067919637_zpid/,,205000,2026-09-10T00:00:00.000Z,Price change,2026-08-17T00:00:00.000Z,Listed for rent,2025-09-14T00:00:00.000Z,Listing removed,2025-09-02T00:00:00.000Z,Listed for rent,2023-02-17T00:00:00.000Z,Listing removed,2023-01-29T00:00:00.000Z,Listed for rent,2021-11-03T00:00:00.000Z,Listing removed,2021-10-25T00:00:00.000Z,Price change,2021-10-19T00:00:00.000Z,Price change,2021-10-12T00:00:00.000Z,Listed for rent,2021-08-20T00:00:00.000Z,Sold,,,,,,,,,,,,,,,,,,,,,,,,,,,,,,,,,,
"6065 Discovery Trl, Bauxite, AR 72011",6065 Discovery Trl,Bauxite,AR,72011,,forRent,4,1459,,1595,2,https://www.zillow.com/homedetails/6065-Discovery-Trl-Bauxite-AR-72011/442588179_zpid/,,192660,2026-09-15T00:00:00.000Z,Listed for rent,2026-08-11T00:00:00.000Z,Listing removed,2026-08-03T00:00:00.000Z,Listed for rent,2025-07-01T00:00:00.000Z,Listing removed,2025-05-23T00:00:00.000Z,Listed for rent,2025-05-09T00:00:00.000Z,Sold,2025-05-01T00:00:00.000Z,Contingent,2025-04-15T00:00:00.000Z,Price change,2025-04-04T00:00:00.000Z,Price change,2025-03-07T00:00:00.000Z,Price change,2025-02-28T00:00:00.000Z,Price change,2025-01-30T00:00:00.000Z,Price change,2024-12-14T00:00:00.000Z,Listed for sale,2024-11-22T00:00:00.000Z,Listing removed,2024-11-14T00:00:00.000Z,Listed for sale,,,,,,,,,,,,,,,,,,,,,,,,,,
"2352 Bassett St, Benton, AR 72019",2352 Bassett St,Benton,AR,72019,,forRent,4,1852,,1695,9,https://www.zillow.com/homedetails/2352-Bassett-St-Benton-AR-72019/461516492_zpid/,,,2026-09-09T00:00:00.000Z,Listed for rent,2026-08-14T00:00:00.000Z,Listing removed,2026-08-04T00:00:00.000Z,Price change,2026-07-16T00:00:00.000Z,Listed for sale,2026-04-06T00:00:00.000Z,Listing removed,2026-04-05T00:00:00.000Z,Listed for sale,,,,,,,,,,,,,,,,,,,,,,,,,,,,,,,,,,,,,,,,,,,,
"118 Powder River Dr, Beebe, AR 72012",118 Powder River Dr,Beebe,AR,72012,,forRent,3,1301,,1500,10,https://www.zillow.com/homedetails/118-Powder-River-Dr-Beebe-AR-72012/460485207_zpid/,,183825,2026-09-07T00:00:00.000Z,Listed for rent,2026-07-24T00:00:00.000Z,Sold,2026-07-09T00:00:00.000Z,Contingent,2026-06-17T00:00:00.000Z,Price change,2026-06-08T00:00:00.000Z,Price change,2026-05-07T00:00:00.000Z,Price change,2026-04-07T00:00:00.000Z,Price change,2026-03-31T00:00:00.000Z,Price change,2026-03-26T00:00:00.000Z,Price change,2026-02-13T00:00:00.000Z,Listed for sale,,,,,,,,,,,,,,,,,,,,,,,,,,,,,,,,,,,,
"133 Preston Ln, Hensley, AR 72065",133 Preston Ln,Hensley,AR,72065,,forRent,5,1867,,1895,26,https://www.zillow.com/homedetails/133-Preston-Ln-Hensley-AR-72065/458636124_zpid/,,,2026-08-22T00:00:00.000Z,Listed for rent,2026-08-20T00:00:00.000Z,Listing removed,2026-06-01T00:00:00.000Z,Price change,2026-05-29T00:00:00.000Z,Price change,2026-04-18T00:00:00.000Z,Price change,2026-04-06T00:00:00.000Z,Price change,2026-04-06T00:00:00.000Z,Listed for sale,2026-01-08T00:00:00.000Z,Contingent,2025-11-29T00:00:00.000Z,Listed for sale,,,,,,,,,,,,,,,,,,,,,,,,,,,,,,,,,,,,,,
"125 Powder River Dr, Beebe, AR 72012",125 Powder River Dr,Beebe,AR,72012,,forRent,4,1640,,1600,10,https://www.zillow.com/homedetails/125-Powder-River-Dr-Beebe-AR-72012/458967504_zpid/,,188900,2026-09-07T00:00:00.000Z,Listed for rent,2026-07-24T00:00:00.000Z,Sold,2026-07-09T00:00:00.000Z,Contingent,2026-06-17T00:00:00.000Z,Listed for sale,2026-06-09T00:00:00.000Z,Contingent,2026-06-08T00:00:00.000Z,Price change,2026-06-03T00:00:00.000Z,Price change,2026-05-29T00:00:00.000Z,Price change,2026-05-22T00:00:00.000Z,Price change,2026-05-18T00:00:00.000Z,Price change,2026-05-07T00:00:00.000Z,Price change,2026-04-07T00:00:00.000Z,Price change,2026-04-02T00:00:00.000Z,Price change,2026-03-30T00:00:00.000Z,Price change,2026-03-24T00:00:00.000Z,Price change,2026-03-18T00:00:00.000Z,Price change,2026-02-06T00:00:00.000Z,Price change,2026-02-03T00:00:00.000Z,Price change,2026-01-13T00:00:00.000Z,Price change,2026-01-12T00:00:00.000Z,Price change,2025-12-13T00:00:00.000Z,Listed for sale,,,,,,,,,,,,,,
"15 Vineyard Dr, Mayflower, AR 72106",15 Vineyard Dr,Mayflower,AR,72106,,forRent,5,1867,,1855,8,https://www.zillow.com/homedetails/15-Vineyard-Dr-Mayflower-AR-72106/460693101_zpid/,,222000,2026-09-09T00:00:00.000Z,Listed for rent,2026-08-24T00:00:00.000Z,Sold,2026-07-26T00:00:00.000Z,Contingent,2026-05-11T00:00:00.000Z,Price change,2026-04-30T00:00:00.000Z,Listed for sale,2026-03-31T00:00:00.000Z,Contingent,2026-02-25T00:00:00.000Z,Listed for sale,,,,,,,,,,,,,,,,,,,,,,,,,,,,,,,,,,,,,,,,,,
"100 Preston Ln, Hensley, AR 72065",100 Preston Ln,Hensley,AR,72065,,forRent,4,1655,,1825,26,https://www.zillow.com/homedetails/100-Preston-Ln-Hensley-AR-72065/463777020_zpid/,,,2026-09-15T00:00:00.000Z,Listing removed,2026-08-22T00:00:00.000Z,Listed for rent,2026-07-10T00:00:00.000Z,Listed for sale,,,,,,,,,,,,,,,,,,,,,,,,,,,,,,,,,,,,,,,,,,,,,,,,,,
"110 Sunland Dr, Beebe, AR 72012",110 Sunland Dr,Beebe,AR,72012,,forRent,4,1800,,1550,30,https://www.zillow.com/homedetails/110-Sunland-Dr-Beebe-AR-72012/2063501308_zpid/,,178200,2026-08-25T00:00:00.000Z,Price change,2026-08-19T00:00:00.000Z,Sold,2026-08-19T00:00:00.000Z,Listed for rent,2022-07-25T00:00:00.000Z,Sold,2022-06-04T00:00:00.000Z,Contingent,2022-04-28T00:00:00.000Z,Listed for sale,,,,,,,,,,,,,,,,,,,,,,,,,,,,,,,,,,,,,,,,,,,,
"8065 Chesapeake Trl, Bauxite, AR 72011",8065 Chesapeake Trl,Bauxite,AR,72011,,forRent,4,1699,,1595,9,https://www.zillow.com/homedetails/8065-Chesapeake-Trl-Bauxite-AR-72011/462191986_zpid/,,,2026-09-09T00:00:00.000Z,Listed for rent,2026-08-14T00:00:00.000Z,Listing removed,2026-08-10T00:00:00.000Z,Price change,2026-08-06T00:00:00.000Z,Price change,2026-08-04T00:00:00.000Z,Price change,2026-07-31T00:00:00.000Z,Price change,2026-07-29T00:00:00.000Z,Listed for sale,2026-07-27T00:00:00.000Z,Contingent,2026-06-25T00:00:00.000Z,Price change,2026-06-17T00:00:00.000Z,Price change,2026-05-05T00:00:00.000Z,Listed for sale,,,,,,,,,,,,,,,,,,,,,,,,,,,,,,,,,,
"8057 Chesapeake Trl, Bauxite, AR 72011",8057 Chesapeake Trl,Bauxite,AR,72011,,forRent,4,1496,,1545,9,https://www.zillow.com/homedetails/8057-Chesapeake-Trl-Bauxite-AR-72011/462191990_zpid/,,,2026-09-09T00:00:00.000Z,Listed for rent,2026-08-14T00:00:00.000Z,Listing removed,2026-08-13T00:00:00.000Z,Price change,2026-08-10T00:00:00.000Z,Price change,2026-08-04T00:00:00.000Z,Price change,2026-06-25T00:00:00.000Z,Price change,2026-06-17T00:00:00.000Z,Price change,2026-05-05T00:00:00.000Z,Listed for sale,,,,,,,,,,,,,,,,,,,,,,,,,,,,,,,,,,,,,,,,
"128 Powder River Dr, Beebe, AR 72012",128 Powder River Dr,Beebe,AR,72012,,forRent,4,1496,,1420,9,https://www.zillow.com/homedetails/128-Powder-River-Dr-Beebe-AR-72012/463057955_zpid/,,,2026-09-09T00:00:00.000Z,Listed for rent,2026-08-14T00:00:00.000Z,Listing removed,2026-08-10T00:00:00.000Z,Price change,2026-07-09T00:00:00.000Z,Price change,2026-07-06T00:00:00.000Z,Price change,2026-06-25T00:00:00.000Z,Price change,2026-06-19T00:00:00.000Z,Price change,2026-06-09T00:00:00.000Z,Listed for sale,,,,,,,,,,,,,,,,,,,,,,,,,,,,,,,,,,,,,,,,
"164 Preston Ln, Hensley, AR 72065",164 Preston Ln,Hensley,AR,72065,,forRent,4,1655,,1825,26,https://www.zillow.com/homedetails/164-Preston-Ln-Hensley-AR-72065/463494189_zpid/,,,2026-08-26T00:00:00.000Z,Listing removed,2026-08-22T00:00:00.000Z,Listed for rent,2026-06-26T00:00:00.000Z,Listed for sale,,,,,,,,,,,,,,,,,,,,,,,,,,,,,,,,,,,,,,,,,,,,,,,,,,
"8056 Chesapeake Trl, Bauxite, AR 72011",8056 Chesapeake Trl,Bauxite,AR,72011,,forRent,3,1651,,1545,9,https://www.zillow.com/homedetails/8056-Chesapeake-Trl-Bauxite-AR-72011/457082351_zpid/,,,2026-09-09T00:00:00.000Z,Listed for rent,2026-08-14T00:00:00.000Z,Listing removed,2026-08-10T00:00:00.000Z,Price change,2026-07-17T00:00:00.000Z,Price change,2026-07-06T00:00:00.000Z,Price change,2026-06-25T00:00:00.000Z,Price change,2026-05-19T00:00:00.000Z,Price change,2026-05-05T00:00:00.000Z,Listed for sale,2025-10-02T00:00:00.000Z,Listing removed,2025-09-30T00:00:00.000Z,Listed for sale,,,,,,,,,,,,,,,,,,,,,,,,,,,,,,,,,,,,
"8073 Chesapeake Trl, Bauxite, AR 72011",8073 Chesapeake Trl,Bauxite,AR,72011,,forRent,3,1442,,1495,9,https://www.zillow.com/homedetails/8073-Chesapeake-Trl-Bauxite-AR-72011/460744961_zpid/,,,2026-09-09T00:00:00.000Z,Listed for rent,2026-08-14T00:00:00.000Z,Listing removed,2026-08-13T00:00:00.000Z,Price change,2026-07-17T00:00:00.000Z,Price change,2026-07-10T00:00:00.000Z,Price change,2026-07-08T00:00:00.000Z,Listed for sale,2026-06-12T00:00:00.000Z,Contingent,2026-06-08T00:00:00.000Z,Price change,2026-04-14T00:00:00.000Z,Price change,2026-02-27T00:00:00.000Z,Listed for sale,,,,,,,,,,,,,,,,,,,,,,,,,,,,,,,,,,,,
"5041 Red Fox Trl, Bauxite, AR 72011",5041 Red Fox Trl,Bauxite,AR,72011,,forRent,3,1200,,1550,93,https://www.zillow.com/homedetails/5041-Red-Fox-Trl-Bauxite-AR-72011/2071703035_zpid/,,191000,2026-08-25T00:00:00.000Z,Price change,2026-06-23T00:00:00.000Z,Price change,2026-06-16T00:00:00.000Z,Listed for rent,2021-09-17T00:00:00.000Z,Sold,2021-06-24T00:00:00.000Z,Pending sale,2021-06-23T00:00:00.000Z,Contingent,2021-06-04T00:00:00.000Z,Price change,2021-04-30T00:00:00.000Z,Price change,2021-04-22T00:00:00.000Z,Price change,2021-04-16T00:00:00.000Z,Price change,2021-04-14T00:00:00.000Z,Listed for sale,,,,,,,,,,,,,,,,,,,,,,,,,,,,,,,,,,
"116 Preston Ln, Hensley, AR 72065",116 Preston Ln,Hensley,AR,72065,,forRent,4,1655,,1825,26,https://www.zillow.com/homedetails/116-Preston-Ln-Hensley-AR-72065/463777019_zpid/,,,2026-08-29T00:00:00.000Z,Listing removed,2026-08-22T00:00:00.000Z,Listed for rent,2026-07-10T00:00:00.000Z,Listed for sale,,,,,,,,,,,,,,,,,,,,,,,,,,,,,,,,,,,,,,,,,,,,,,,,,,
"8072 Chesapeake Trl, Bauxite, AR 72011",8072 Chesapeake Trl,Bauxite,AR,72011,,forRent,4,1492,,1650,6,https://www.zillow.com/homedetails/8072-Chesapeake-Trl-Bauxite-AR-72011/457082278_zpid/,,208600,2026-09-12T00:00:00.000Z,Listed for rent,2026-07-30T00:00:00.000Z,Sold,2026-07-09T00:00:00.000Z,Contingent,2026-07-06T00:00:00.000Z,Price change,2026-06-25T00:00:00.000Z,Price change,2026-06-08T00:00:00.000Z,Price change,2026-04-11T00:00:00.000Z,Price change,2026-04-03T00:00:00.000Z,Price change,2026-03-31T00:00:00.000Z,Price change,2026-03-18T00:00:00.000Z,Price change,2026-03-16T00:00:00.000Z,Price change,2026-02-17T00:00:00.000Z,Listed for sale,2025-10-02T00:00:00.000Z,Listing removed,2025-09-30T00:00:00.000Z,Listed for sale,,,,,,,,,,,,,,,,,,,,,,,,,,,,
"3008 Emerald Park Trl, Bauxite, AR 72011",3008 Emerald Park Trl,Bauxite,AR,72011,,forRent,3,1528,,1500,17,https://www.zillow.com/homedetails/3008-Emerald-Park-Trl-Bauxite-AR-72011/2070250448_zpid/,,181875,2026-09-05T00:00:00.000Z,Listed for rent,2026-03-14T00:00:00.000Z,Listing removed,2026-02-26T00:00:00.000Z,Listed for rent,2026-02-16T00:00:00.000Z,Listing removed,2026-01-22T00:00:00.000Z,Price change,2026-01-12T00:00:00.000Z,Price change,2025-12-23T00:00:00.000Z,Price change,2025-12-03T00:00:00.000Z,Price change,2025-12-02T00:00:00.000Z,Listed for rent,2023-09-01T00:00:00.000Z,Listing removed,2021-09-27T00:00:00.000Z,Listing removed,2021-09-20T00:00:00.000Z,Listed for rent,2021-08-31T00:00:00.000Z,Sold,,,,,,,,,,,,,,,,,,,,,,,,,,,,,,
"8024 Chesapeake Trl, Bauxite, AR 72011",8024 Chesapeake Trl,Bauxite,AR,72011,,forRent,3,1248,,1345,9,https://www.zillow.com/homedetails/8024-Chesapeake-Trl-Bauxite-AR-72011/457082320_zpid/,,,2026-09-09T00:00:00.000Z,Listed for rent,2026-08-14T00:00:00.000Z,Listing removed,2026-07-24T00:00:00.000Z,Price change,2026-07-23T00:00:00.000Z,Listed for sale,2025-10-02T00:00:00.000Z,Listing removed,2025-09-30T00:00:00.000Z,Listed for sale,,,,,,,,,,,,,,,,,,,,,,,,,,,,,,,,,,,,,,,,,,,,
"7001 Potomac Trl, Bauxite, AR 72011",7001 Potomac Trl,Bauxite,AR,72011,,forRent,3,1051,,1295,9,https://www.zillow.com/homedetails/7001-Potomac-Trl-Bauxite-AR-72011/461516494_zpid/,,,2026-09-09T00:00:00.000Z,Listed for rent,2026-08-14T00:00:00.000Z,Listing removed,2026-08-10T00:00:00.000Z,Price change,2026-07-17T00:00:00.000Z,Price change,2026-06-25T00:00:00.000Z,Price change,2026-06-17T00:00:00.000Z,Price change,2026-05-19T00:00:00.000Z,Price change,2026-04-05T00:00:00.000Z,Listed for sale,,,,,,,,,,,,,,,,,,,,,,,,,,,,,,,,,,,,,,,,
"8040 Chesapeake Trl, Bauxite, AR 72011",8040 Chesapeake Trl,Bauxite,AR,72011,,forRent,4,1496,,1495,9,https://www.zillow.com/homedetails/8040-Chesapeake-Trl-Bauxite-AR-72011/457082335_zpid/,,,2026-09-09T00:00:00.000Z,Listed for rent,2026-08-14T00:00:00.000Z,Listing removed,2026-08-13T00:00:00.000Z,Price change,2026-08-10T00:00:00.000Z,Price change,2026-07-17T00:00:00.000Z,Price change,2026-07-06T00:00:00.000Z,Price change,2026-06-25T00:00:00.000Z,Price change,2026-06-17T00:00:00.000Z,Price change,2026-06-08T00:00:00.000Z,Price change,2026-05-05T00:00:00.000Z,Listed for sale,2025-10-02T00:00:00.000Z,Listing removed,2025-09-30T00:00:00.000Z,Listed for sale,,,,,,,,,,,,,,,,,,,,,,,,,,,,,,,,
"8000 Chesapeake Trl, Bauxite, AR 72011",8000 Chesapeake Trl,Bauxite,AR,72011,,forRent,3,1373,,1445,9,https://www.zillow.com/homedetails/8000-Chesapeake-Trl-Bauxite-AR-72011/464083308_zpid/,,,2026-09-09T00:00:00.000Z,Listed for rent,2026-08-14T00:00:00.000Z,Listing removed,2026-07-24T00:00:00.000Z,Price change,2026-07-23T00:00:00.000Z,Listed for sale,,,,,,,,,,,,,,,,,,,,,,,,,,,,,,,,,,,,,,,,,,,,,,,,
"180 Preston Ln, Hensley, AR 72065",180 Preston Ln,Hensley,AR,72065,,forRent,3,1364,,1700,26,https://www.zillow.com/homedetails/180-Preston-Ln-Hensley-AR-72065/462386542_zpid/,,,2026-08-22T00:00:00.000Z,Listed for rent,2026-08-20T00:00:00.000Z,Listing removed,2026-07-11T00:00:00.000Z,Price change,2026-05-12T00:00:00.000Z,Listed for sale,,,,,,,,,,,,,,,,,,,,,,,,,,,,,,,,,,,,,,,,,,,,,,,,
"196 Preston Ln, Hensley, AR 72065",196 Preston Ln,Hensley,AR,72065,,forRent,4,1525,,1775,26,https://www.zillow.com/homedetails/196-Preston-Ln-Hensley-AR-72065/462387776_zpid/,,,2026-08-22T00:00:00.000Z,Listed for rent,2026-08-22T00:00:00.000Z,Listing removed,2026-07-11T00:00:00.000Z,Price change,2026-05-12T00:00:00.000Z,Listed for sale,,,,,,,,,,,,,,,,,,,,,,,,,,,,,,,,,,,,,,,,,,,,,,,,
"15112 Thompson Branch Trl, Hensley, AR 72065",15112 Thompson Branch Trl,Hensley,AR,72065,,forRent,3,1612,,1555,9,https://www.zillow.com/homedetails/15112-Thompson-Branch-Trl-Hensley-AR-72065/463333808_zpid/,,,2026-09-09T00:00:00.000Z,Listed for rent,2026-08-14T00:00:00.000Z,Listing removed,2026-07-06T00:00:00.000Z,Price change,2026-06-18T00:00:00.000Z,Listed for sale,,,,,,,,,,,,,,,,,,,,,,,,,,,,,,,,,,,,,,,,,,,,,,,,
"15088 Thompson Branch Trl, Hensley, AR 72065",15088 Thompson Branch Trl,Hensley,AR,72065,,forRent,3,1523,,1505,9,https://www.zillow.com/homedetails/15088-Thompson-Branch-Trl-Hensley-AR-72065/461413231_zpid/,,,2026-09-09T00:00:00.000Z,Listed for rent,2026-08-14T00:00:00.000Z,Listing removed,2026-07-17T00:00:00.000Z,Price change,2026-07-06T00:00:00.000Z,Price change,2026-06-25T00:00:00.000Z,Price change,2026-06-17T00:00:00.000Z,Price change,2026-05-12T00:00:00.000Z,Price change,2026-03-31T00:00:00.000Z,Listed for sale,,,,,,,,,,,,,,,,,,,,,,,,,,,,,,,,,,,,,,,,
"15096 Thompson Branch Trl, Hensley, AR 72065",15096 Thompson Branch Trl,Hensley,AR,72065,,forRent,4,1699,,1605,9,https://www.zillow.com/homedetails/15096-Thompson-Branch-Trl-Hensley-AR-72065/463333814_zpid/,,,2026-09-09T00:00:00.000Z,Listed for rent,2026-08-14T00:00:00.000Z,Listing removed,2026-07-06T00:00:00.000Z,Price change,2026-06-18T00:00:00.000Z,Listed for sale,,,,,,,,,,,,,,,,,,,,,,,,,,,,,,,,,,,,,,,,,,,,,,,,
"8049 Chesapeake Trl, Bauxite, AR 72011",8049 Chesapeake Trl,Bauxite,AR,72011,,forRent,3,1301,,1395,9,https://www.zillow.com/homedetails/8049-Chesapeake-Trl-Bauxite-AR-72011/463059708_zpid/,,,2026-09-09T00:00:00.000Z,Listed for rent,2026-08-14T00:00:00.000Z,Listing removed,2026-08-10T00:00:00.000Z,Price change,2026-08-04T00:00:00.000Z,Price change,2026-06-25T00:00:00.000Z,Price change,2026-06-18T00:00:00.000Z,Price change,2026-06-09T00:00:00.000Z,Listed for sale,,,,,,,,,,,,,,,,,,,,,,,,,,,,,,,,,,,,,,,,,,
"124 Preston Ln, Hensley, AR 72065",124 Preston Ln,Hensley,AR,72065,,forRent,4,1525,,1775,26,https://www.zillow.com/homedetails/124-Preston-Ln-Hensley-AR-72065/463777018_zpid/,,,2026-08-29T00:00:00.000Z,Listing removed,2026-08-22T00:00:00.000Z,Listed for rent,2026-07-10T00:00:00.000Z,Listed for sale,,,,,,,,,,,,,,,,,,,,,,,,,,,,,,,,,,,,,,,,,,,,,,,,,,
"15105 Thompson Branch Trl, Hensley, AR 72065",15105 Thompson Branch Trl,Hensley,AR,72065,,forRent,3,1446,,1460,9,https://www.zillow.com/homedetails/15105-Thompson-Branch-Trl-Hensley-AR-72065/462191989_zpid/,,,2026-09-09T00:00:00.000Z,Listed for rent,2026-08-14T00:00:00.000Z,Listing removed,2026-07-06T00:00:00.000Z,Price change,2026-06-17T00:00:00.000Z,Price change,2026-05-05T00:00:00.000Z,Listed for sale,,,,,,,,,,,,,,,,,,,,,,,,,,,,,,,,,,,,,,,,,,,,,,
"15104 Thompson Branch Trl, Hensley, AR 72065",15104 Thompson Branch Trl,Hensley,AR,72065,,forRent,4,1442,,1460,9,https://www.zillow.com/homedetails/15104-Thompson-Branch-Trl-Hensley-AR-72065/463333815_zpid/,,,2026-09-09T00:00:00.000Z,Listed for rent,2026-08-14T00:00:00.000Z,Listing removed,2026-07-06T00:00:00.000Z,Price change,2026-06-18T00:00:00.000Z,Listed for sale,,,,,,,,,,,,,,,,,,,,,,,,,,,,,,,,,,,,,,,,,,,,,,,,
"15128 Thompson Branch Trl, Hensley, AR 72065",15128 Thompson Branch Trl,Hensley,AR,72065,,forRent,3,1612,,1555,9,https://www.zillow.com/homedetails/15128-Thompson-Branch-Trl-Hensley-AR-72065/463866341_zpid/,,,2026-09-09T00:00:00.000Z,Listed for rent,2026-08-14T00:00:00.000Z,Listing removed,2026-07-24T00:00:00.000Z,Price change,2026-07-14T00:00:00.000Z,Listed for sale,,,,,,,,,,,,,,,,,,,,,,,,,,,,,,,,,,,,,,,,,,,,,,,,
"8016 Chesapeake Trl, Bauxite, AR 72011",8016 Chesapeake Trl,Bauxite,AR,72011,,forRent,3,1442,,1495,9,https://www.zillow.com/homedetails/8016-Chesapeake-Trl-Bauxite-AR-72011/457082295_zpid/,,,2026-09-09T00:00:00.000Z,Listed for rent,2026-08-14T00:00:00.000Z,Listing removed,2026-08-13T00:00:00.000Z,Price change,2026-07-24T00:00:00.000Z,Price change,2026-07-23T00:00:00.000Z,Listed for sale,2025-10-02T00:00:00.000Z,Listing removed,2025-09-30T00:00:00.000Z,Listed for sale,,,,,,,,,,,,,,,,,,,,,,,,,,,,,,,,,,,,,,,,,,
"754 Gussy Ln, Benton, AR 72019",754 Gussy Ln,Benton,AR,72019,,forRent,3,1523,,1600,6,https://www.zillow.com/homedetails/754-Gussy-Ln-Benton-AR-72019/464376472_zpid/,,220900,2026-09-11T00:00:00.000Z,Listed for rent,2026-08-27T00:00:00.000Z,Sold,,,,,,,,,,,,,,,,,,,,,,,,,,,,,,,,,,,,,,,,,,,,,,,,,,,,
"10 Cabernet Way, Mayflower, AR 72106",10 Cabernet Way,Mayflower,AR,72106,,forRent,4,1810,,1845,9,https://www.zillow.com/homedetails/10-Cabernet-Way-Mayflower-AR-72106/463444691_zpid/,,,2026-09-09T00:00:00.000Z,Listed for rent,2026-08-14T00:00:00.000Z,Listing removed,2026-08-04T00:00:00.000Z,Price change,2026-06-24T00:00:00.000Z,Listed for sale,,,,,,,,,,,,,,,,,,,,,,,,,,,,,,,,,,,,,,,,,,,,,,,,
"2344 Bassett St, Benton, AR 72019",2344 Bassett St,Benton,AR,72019,,forRent,3,1523,,1545,9,https://www.zillow.com/homedetails/2344-Bassett-St-Benton-AR-72019/463059714_zpid/,,,2026-09-09T00:00:00.000Z,Listed for rent,2026-08-14T00:00:00.000Z,Listing removed,2026-08-10T00:00:00.000Z,Price change,2026-07-13T00:00:00.000Z,Price change,2026-06-09T00:00:00.000Z,Listed for sale,,,,,,,,,,,,,,,,,,,,,,,,,,,,,,,,,,,,,,,,,,,,,,
"15 Cabernet Way, Mayflower, AR 72106",15 Cabernet Way,Mayflower,AR,72106,,forRent,4,1810,,1845,7,https://www.zillow.com/homedetails/15-Cabernet-Way-Mayflower-AR-72106/464353000_zpid/,,,2026-09-10T00:00:00.000Z,Listed for rent,2026-08-26T00:00:00.000Z,Listing removed,2026-08-18T00:00:00.000Z,Price change,2026-08-10T00:00:00.000Z,Price change,2026-08-07T00:00:00.000Z,Price change,2026-08-06T00:00:00.000Z,Price change,2026-08-05T00:00:00.000Z,Listed for sale,,,,,,,,,,,,,,,,,,,,,,,,,,,,,,,,,,,,,,,,,,
"7 Cabernet Way, Mayflower, AR 72106",7 Cabernet Way,Mayflower,AR,72106,,forRent,3,1290,,1600,15,https://www.zillow.com/homedetails/7-Cabernet-Way-Mayflower-AR-72106/463057997_zpid/,,208300,2026-09-02T00:00:00.000Z,Listed for rent,2026-08-28T00:00:00.000Z,Sold,2026-08-12T00:00:00.000Z,Price change,2026-08-11T00:00:00.000Z,Listed for sale,2026-08-11T00:00:00.000Z,Contingent,2026-08-10T00:00:00.000Z,Price change,2026-07-08T00:00:00.000Z,Price change,2026-06-09T00:00:00.000Z,Listed for sale,,,,,,,,,,,,,,,,,,,,,,,,,,,,,,,,,,,,,,,,
"126 Powder River Dr, Beebe, AR 72012",126 Powder River Dr,Beebe,AR,72012,,forRent,4,1496,,1420,9,https://www.zillow.com/homedetails/126-Powder-River-Dr-Beebe-AR-72012/463467372_zpid/,,,2026-09-09T00:00:00.000Z,Listed for rent,2026-08-14T00:00:00.000Z,Listing removed,2026-08-10T00:00:00.000Z,Price change,2026-07-24T00:00:00.000Z,Price change,2026-07-09T00:00:00.000Z,Price change,2026-07-06T00:00:00.000Z,Price change,2026-06-25T00:00:00.000Z,Listed for sale,,,,,,,,,,,,,,,,,,,,,,,,,,,,,,,,,,,,,,,,,,
"148 Preston Ln, Hensley, AR 72065",148 Preston Ln,Hensley,AR,72065,,forRent,4,1525,,1775,26,https://www.zillow.com/homedetails/148-Preston-Ln-Hensley-AR-72065/463777017_zpid/,,,2026-08-26T00:00:00.000Z,Listing removed,2026-08-22T00:00:00.000Z,Listed for rent,2026-07-10T00:00:00.000Z,Listed for sale,,,,,,,,,,,,,,,,,,,,,,,,,,,,,,,,,,,,,,,,,,,,,,,,,,
"101 King Ranch Dr, Beebe, AR 72012",101 King Ranch Dr,Beebe,AR,72012,,forRent,3,1413,,1325,9,https://www.zillow.com/homedetails/101-King-Ranch-Dr-Beebe-AR-72012/463785355_zpid/,,,2026-09-09T00:00:00.000Z,Listed for rent,2026-08-14T00:00:00.000Z,Listing removed,2026-07-27T00:00:00.000Z,Price change,2026-07-17T00:00:00.000Z,Price change,2026-07-14T00:00:00.000Z,Price change,2026-07-10T00:00:00.000Z,Listed for sale,,,,,,,,,,,,,,,,,,,,,,,,,,,,,,,,,,,,,,,,,,,,
"102 Southfork Dr, Beebe, AR 72012",102 Southfork Dr,Beebe,AR,72012,,forRent,3,1472,,1375,9,https://www.zillow.com/homedetails/102-Southfork-Dr-Beebe-AR-72012/458613273_zpid/,,,2026-09-09T00:00:00.000Z,Listed for rent,2026-08-14T00:00:00.000Z,Listing removed,2026-07-27T00:00:00.000Z,Price change,2026-07-23T00:00:00.000Z,Listed for sale,2025-12-19T00:00:00.000Z,Listing removed,2025-11-27T00:00:00.000Z,Listed for sale,,,,,,,,,,,,,,,,,,,,,,,,,,,,,,,,,,,,,,,,,,,,
"15120 Thompson Branch Trl, Hensley, AR 72065",15120 Thompson Branch Trl,Hensley,AR,72065,,forRent,3,1355,,1460,9,https://www.zillow.com/homedetails/15120-Thompson-Branch-Trl-Hensley-AR-72065/463333816_zpid/,,,2026-09-09T00:00:00.000Z,Listed for rent,2026-08-14T00:00:00.000Z,Listing removed,2026-07-06T00:00:00.000Z,Price change,2026-06-18T00:00:00.000Z,Listed for sale,,,,,,,,,,,,,,,,,,,,,,,,,,,,,,,,,,,,,,,,,,,,,,,,
"3802 Pinecrest Ln, Maumelle, AR 72113",3802 Pinecrest Ln,Maumelle,AR,72113,,forRent,4,2435,,2600,14,https://www.zillow.com/homedetails/3802-Pinecrest-Ln-Maumelle-AR-72113/465038347_zpid/,,,2026-09-15T00:00:00.000Z,Price change,2026-09-03T00:00:00.000Z,Listed for rent,,,,,,,,,,,,,,,,,,,,,,,,,,,,,,,,,,,,,,,,,,,,,,,,,,,,
"106 Powder Dr, Beebe, AR 72012",106 Powder Dr,Beebe,AR,72012,,forRent,3,1472,,1375,9,https://www.zillow.com/homedetails/106-Powder-Dr-Beebe-AR-72012/465114738_zpid/,,,2026-09-09T00:00:00.000Z,Listed for rent,,,,,,,,,,,,,,,,,,,,,,,,,,,,,,,,,,,,,,,,,,,,,,,,,,,,,,
"6005 Coywolf, Maumelle, AR 72113",6005 Coywolf,Maumelle,AR,72113,,forRent,4,1955,,2300,1,https://www.zillow.com/homedetails/6005-Coywolf-Maumelle-AR-72113/465322717_zpid/,,,2026-09-16T00:00:00.000Z,Listed for rent,,,,,,,,,,,,,,,,,,,,,,,,,,,,,,,,,,,,,,,,,,,,,,,,,,,,,,
"2400 SW Ednruance Way #2, Maumelle, AR 72113",2400 SW Ednruance Way #2,Maumelle,AR,72113,,forRent,3,1200,,1995,87,https://www.zillow.com/homedetails/2400-SW-Ednruance-Way-2-Maumelle-AR-72113/463401793_zpid/,,,2026-09-08T00:00:00.000Z,Price change,2026-06-23T00:00:00.000Z,Listed for rent,,,,,,,,,,,,,,,,,,,,,,,,,,,,,,,,,,,,,,,,,,,,,,,,,,,,
"103 Jo Park Ln, Maumelle, AR 72113",103 Jo Park Ln,Maumelle,AR,72113,,forRent,3,1491,,1700,1,https://www.zillow.com/homedetails/103-Jo-Park-Ln-Maumelle-AR-72113/2058345725_zpid/,,223425,2026-09-16T00:00:00.000Z,Listed for rent,2023-08-10T00:00:00.000Z,Sold,2023-04-29T00:00:00.000Z,Listing removed,2023-04-18T00:00:00.000Z,Price change,2023-03-26T00:00:00.000Z,Listed for sale,,,,,,,,,,,,,,,,,,,,,,,,,,,,,,,,,,,,,,,,,,,,,,
"10700 Mason Dr, North Little Rock, AR 72113",10700 Mason Dr,North Little Rock,AR,72113,,forRent,3,1248,,1700,9,https://www.zillow.com/homedetails/10700-Mason-Dr-North-Little-Rock-AR-72113/457082284_zpid/,,204325,2026-09-08T00:00:00.000Z,Listed for rent,2026-03-11T00:00:00.000Z,Sold,2026-01-15T00:00:00.000Z,Contingent,2025-12-30T00:00:00.000Z,Listed for sale,2025-10-30T00:00:00.000Z,Listing removed,2025-09-30T00:00:00.000Z,Listed for sale,,,,,,,,,,,,,,,,,,,,,,,,,,,,,,,,,,,,,,,,,,,,
"113 Lucy Ln, Maumelle, AR 72113",113 Lucy Ln,Maumelle,AR,72113,,forRent,3,1051,,1460,9,https://www.zillow.com/homedetails/113-Lucy-Ln-Maumelle-AR-72113/463057776_zpid/,,,2026-09-09T00:00:00.000Z,Listed for rent,2026-08-14T00:00:00.000Z,Listing removed,2026-08-10T00:00:00.000Z,Price change,2026-07-17T00:00:00.000Z,Price change,2026-07-13T00:00:00.000Z,Price change,2026-07-09T00:00:00.000Z,Price change,2026-07-06T00:00:00.000Z,Price change,2026-06-09T00:00:00.000Z,Listed for sale,,,,,,,,,,,,,,,,,,,,,,,,,,,,,,,,,,,,,,,,
"802 Gussy Ln, Benton, AR 72019",802 Gussy Ln,Benton,AR,72019,,forRent,4,1459,,1650,27,https://www.zillow.com/homedetails/802-Gussy-Ln-Benton-AR-72019/460667108_zpid/,,222900,2026-08-21T00:00:00.000Z,Listed for rent,2026-08-11T00:00:00.000Z,Sold,2026-07-13T00:00:00.000Z,Contingent,2026-07-04T00:00:00.000Z,Price change,2026-06-03T00:00:00.000Z,Listed for sale,2026-05-01T00:00:00.000Z,Contingent,2026-04-14T00:00:00.000Z,Price change,2026-04-07T00:00:00.000Z,Price change,2026-04-02T00:00:00.000Z,Price change,2026-02-27T00:00:00.000Z,Price change,2026-02-24T00:00:00.000Z,Listed for sale,,,,,,,,,,,,,,,,,,,,,,,,,,,,,,,,,,
"105 King Ranch Dr, Beebe, AR 72012",105 King Ranch Dr,Beebe,AR,72012,,forRent,3,1569,,1420,9,https://www.zillow.com/homedetails/105-King-Ranch-Dr-Beebe-AR-72012/463785363_zpid/,,,2026-09-09T00:00:00.000Z,Listed for rent,2026-08-14T00:00:00.000Z,Listing removed,2026-07-27T00:00:00.000Z,Price change,2026-07-17T00:00:00.000Z,Price change,2026-07-14T00:00:00.000Z,Price change,2026-07-10T00:00:00.000Z,Listed for sale,,,,,,,,,,,,,,,,,,,,,,,,,,,,,,,,,,,,,,,,,,,,
"8616 Eastwood Creek Dr, North Little Rock, AR 72113",8616 Eastwood Creek Dr,North Little Rock,AR,72113,,forRent,3,1722,,1950,28,https://www.zillow.com/homedetails/8616-Eastwood-Creek-Dr-North-Little-Rock-AR-72113/2059022685_zpid/,,246600,2026-08-20T00:00:00.000Z,Listed for rent,2026-08-20T00:00:00.000Z,Listing removed,2026-08-08T00:00:00.000Z,Price change,2026-07-16T00:00:00.000Z,Listed for rent,2023-06-12T00:00:00.000Z,Sold,2023-05-02T00:00:00.000Z,Contingent,2023-03-02T00:00:00.000Z,Listed for sale,2023-03-01T00:00:00.000Z,Contingent,2023-02-24T00:00:00.000Z,Listed for sale,,,,,,,,,,,,,,,,,,,,,,,,,,,,,,,,,,,,,,
"6404 Fairfax Ct, Maiden, NC 28650",6404 Fairfax Ct,Maiden,NC,28650,,forRent,,,,,,https://www.zillow.com/apartments/maiden-nc/shannon-woods/CttJ95/,,,,,,,,,,,,,,,,,,,,,,,,,,,,,,,,,,,,,,,,,,,,,,,,,,,,,,,,,,
"4050 Freesia St, Sherrills Ford, NC 28673",4050 Freesia St,Sherrills Ford,NC,28673,,forRent,,,,,,https://www.zillow.com/apartments/sherrills-ford-nc/amavi-sherrills-ford/CkB99w/,,,,,,,,,,,,,,,,,,,,,,,,,,,,,,,,,,,,,,,,,,,,,,,,,,,,,,,,,,
"2953 31st Street Ln NE, Hickory, NC 28601",2953 31st Street Ln NE,Hickory,NC,28601,,forRent,4,2097,,2295,1,https://www.zillow.com/homedetails/2953-31st-Street-Ln-NE-Hickory-NC-28601/463168265_zpid/,,,2026-09-16T00:00:00.000Z,Listed for rent,2026-08-18T00:00:00.000Z,Listing removed,2026-08-12T00:00:00.000Z,Price change,2026-07-18T00:00:00.000Z,Price change,2026-07-17T00:00:00.000Z,Price change,2026-06-24T00:00:00.000Z,Price change,2026-06-12T00:00:00.000Z,Listed for sale,,,,,,,,,,,,,,,,,,,,,,,,,,,,,,,,,,,,,,,,,,
"2957 31st Street Ln NE, Hickory, NC 28601",2957 31st Street Ln NE,Hickory,NC,28601,,forRent,4,1889,,2225,1,https://www.zillow.com/homedetails/2957-31st-Street-Ln-NE-Hickory-NC-28601/463788123_zpid/,,,2026-09-16T00:00:00.000Z,Listed for rent,2026-08-18T00:00:00.000Z,Listing removed,2026-07-17T00:00:00.000Z,Price change,2026-07-10T00:00:00.000Z,Listed for sale,,,,,,,,,,,,,,,,,,,,,,,,,,,,,,,,,,,,,,,,,,,,,,,,
"2540 5th St NE, Hickory, NC 28601",2540 5th St NE,Hickory,NC,28601,,forRent,,,,,,https://www.zillow.com/apartments/hickory-nc/cedar-village-townhomes/9PntvK/,,,,,,,,,,,,,,,,,,,,,,,,,,,,,,,,,,,,,,,,,,,,,,,,,,,,,,,,,,
"415 26th Ave NE, Hickory, NC 28601",415 26th Ave NE,Hickory,NC,28601,,forRent,,,,,,https://www.zillow.com/apartments/hickory-nc/villas-at-northview/5XqTFq/,,,,,,,,,,,,,,,,,,,,,,,,,,,,,,,,,,,,,,,,,,,,,,,,,,,,,,,,,,
"3062 12th Ave SE, Hickory, NC 28602",3062 12th Ave SE,Hickory,NC,28602,,forRent,,,,,,https://www.zillow.com/apartments/hickory-nc/redwood-hickory/ChZKXj/,,,,,,,,,,,,,,,,,,,,,,,,,,,,,,,,,,,,,,,,,,,,,,,,,,,,,,,,,,
"2830 16th St NE, Hickory, NC 28601",2830 16th St NE,Hickory,NC,28601,,forRent,,,,,,https://www.zillow.com/apartments/hickory-nc/argyle-place-apartment-homes/5XpDNP/,,,,,,,,,,,,,,,,,,,,,,,,,,,,,,,,,,,,,,,,,,,,,,,,,,,,,,,,,,
"1001-1017 7th Street Blvd SE, Hickory, NC 28602",1001-1017 7th Street Blvd SE,Hickory,NC,28602,,other,,,,,,https://www.zillow.com/apartments/hickory-nc/1001-1017-7th-street-blvd-se/CtnD7s/,,,,,,,,,,,,,,,,,,,,,,,,,,,,,,,,,,,,,,,,,,,,,,,,,,,,,,,,,,
"1602 18th Ave NE, Hickory, NC 28601",1602 18th Ave NE,Hickory,NC,28601,,other,,,,,,https://www.zillow.com/apartments/hickory-nc/la-vie-on-18th-ave./5tRNds/,,,,,,,,,,,,,,,,,,,,,,,,,,,,,,,,,,,,,,,,,,,,,,,,,,,,,,,,,,
"2953 31st Street Ln NE, Hickory, NC 28601",2953 31st Street Ln NE,Hickory,NC,28601,,forRent,4,2097,,2295,1,https://www.zillow.com/homedetails/2953-31st-Street-Ln-NE-Hickory-NC-28601/463168265_zpid/,,,2026-09-16T00:00:00.000Z,Listed for rent,2026-08-18T00:00:00.000Z,Listing removed,2026-08-12T00:00:00.000Z,Price change,2026-07-18T00:00:00.000Z,Price change,2026-07-17T00:00:00.000Z,Price change,2026-06-24T00:00:00.000Z,Price change,2026-06-12T00:00:00.000Z,Listed for sale,,,,,,,,,,,,,,,,,,,,,,,,,,,,,,,,,,,,,,,,,,
"1445 4th Street Dr NW, Hickory, NC 28601",1445 4th Street Dr NW,Hickory,NC,28601,,forRent,,,,,,https://www.zillow.com/apartments/hickory-nc/the-townhomes-at-viewmont/5j8D4k/,,,,,,,,,,,,,,,,,,,,,,,,,,,,,,,,,,,,,,,,,,,,,,,,,,,,,,,,,,
"380 9th Avenue Dr NE, Hickory, NC 28601",380 9th Avenue Dr NE,Hickory,NC,28601,,forRent,,,,,,https://www.zillow.com/apartments/hickory-nc/the-abbey/Cjqy8Q/,,,,,,,,,,,,,,,,,,,,,,,,,,,,,,,,,,,,,,,,,,,,,,,,,,,,,,,,,,
"2957 31st Street Ln NE, Hickory, NC 28601",2957 31st Street Ln NE,Hickory,NC,28601,,forRent,4,1889,,2225,1,https://www.zillow.com/homedetails/2957-31st-Street-Ln-NE-Hickory-NC-28601/463788123_zpid/,,,2026-09-16T00:00:00.000Z,Listed for rent,2026-08-18T00:00:00.000Z,Listing removed,2026-07-17T00:00:00.000Z,Price change,2026-07-10T00:00:00.000Z,Listed for sale,,,,,,,,,,,,,,,,,,,,,,,,,,,,,,,,,,,,,,,,,,,,,,,,
"4075 Oxford Glen Dr, Claremont, NC 28610",4075 Oxford Glen Dr,Claremont,NC,28610,,forRent,5,2578,,2135,10,https://www.zillow.com/homedetails/4075-Oxford-Glen-Dr-Claremont-NC-28610/465094286_zpid/,,,2026-09-08T00:00:00.000Z,Listed for rent,,,,,,,,,,,,,,,,,,,,,,,,,,,,,,,,,,,,,,,,,,,,,,,,,,,,,,
"4087 Oxford Glen Dr, Claremont, NC 28610",4087 Oxford Glen Dr,Claremont,NC,28610,,forRent,5,2578,,2135,10,https://www.zillow.com/homedetails/4087-Oxford-Glen-Dr-Claremont-NC-28610/465094282_zpid/,,,2026-09-08T00:00:00.000Z,Listed for rent,,,,,,,,,,,,,,,,,,,,,,,,,,,,,,,,,,,,,,,,,,,,,,,,,,,,,,
"4108 Oxford Glen Dr, Claremont, NC 28610",4108 Oxford Glen Dr,Claremont,NC,28610,,forRent,5,2578,,2135,10,https://www.zillow.com/homedetails/4108-Oxford-Glen-Dr-Claremont-NC-28610/465094285_zpid/,,,2026-09-08T00:00:00.000Z,Listed for rent,,,,,,,,,,,,,,,,,,,,,,,,,,,,,,,,,,,,,,,,,,,,,,,,,,,,,,
"4072 Oxford Glen Dr, Claremont, NC 28610",4072 Oxford Glen Dr,Claremont,NC,28610,,forRent,4,2307,,1990,10,https://www.zillow.com/homedetails/4072-Oxford-Glen-Dr-Claremont-NC-28610/465094284_zpid/,,,2026-09-08T00:00:00.000Z,Listed for rent,,,,,,,,,,,,,,,,,,,,,,,,,,,,,,,,,,,,,,,,,,,,,,,,,,,,,,
"4078 Oxford Glen Dr, Claremont, NC 28610",4078 Oxford Glen Dr,Claremont,NC,28610,,forRent,5,2578,,2135,10,https://www.zillow.com/homedetails/4078-Oxford-Glen-Dr-Claremont-NC-28610/465094289_zpid/,,,2026-09-08T00:00:00.000Z,Listed for rent,,,,,,,,,,,,,,,,,,,,,,,,,,,,,,,,,,,,,,,,,,,,,,,,,,,,,,
"4105 Oxford Glen Dr, Claremont, NC 28610",4105 Oxford Glen Dr,Claremont,NC,28610,,forRent,5,2578,,2135,10,https://www.zillow.com/homedetails/4105-Oxford-Glen-Dr-Claremont-NC-28610/465094283_zpid/,,,2026-09-08T00:00:00.000Z,Listed for rent,,,,,,,,,,,,,,,,,,,,,,,,,,,,,,,,,,,,,,,,,,,,,,,,,,,,,,
"4126 Oxford Glen Dr, Claremont, NC 28610",4126 Oxford Glen Dr,Claremont,NC,28610,,forRent,5,2578,,2135,10,https://www.zillow.com/homedetails/4126-Oxford-Glen-Dr-Claremont-NC-28610/465094293_zpid/,,,2026-09-08T00:00:00.000Z,Listed for rent,,,,,,,,,,,,,,,,,,,,,,,,,,,,,,,,,,,,,,,,,,,,,,,,,,,,,,
"4099 Oxford Glen Dr, Claremont, NC 28610",4099 Oxford Glen Dr,Claremont,NC,28610,,forRent,4,1956,,1945,10,https://www.zillow.com/homedetails/4099-Oxford-Glen-Dr-Claremont-NC-28610/465094294_zpid/,,,2026-09-08T00:00:00.000Z,Listed for rent,,,,,,,,,,,,,,,,,,,,,,,,,,,,,,,,,,,,,,,,,,,,,,,,,,,,,,
"4114 Oxford Glen Dr, Claremont, NC 28610",4114 Oxford Glen Dr,Claremont,NC,28610,,forRent,4,2307,,1990,10,https://www.zillow.com/homedetails/4114-Oxford-Glen-Dr-Claremont-NC-28610/465094287_zpid/,,,2026-09-08T00:00:00.000Z,Listed for rent,,,,,,,,,,,,,,,,,,,,,,,,,,,,,,,,,,,,,,,,,,,,,,,,,,,,,,
"4081 Oxford Glen Dr, Claremont, NC 28610",4081 Oxford Glen Dr,Claremont,NC,28610,,forRent,4,2307,,1990,10,https://www.zillow.com/homedetails/4081-Oxford-Glen-Dr-Claremont-NC-28610/465094290_zpid/,,,2026-09-08T00:00:00.000Z,Listed for rent,,,,,,,,,,,,,,,,,,,,,,,,,,,,,,,,,,,,,,,,,,,,,,,,,,,,,,
"4096 Oxford Glen Dr, Claremont, NC 28610",4096 Oxford Glen Dr,Claremont,NC,28610,,forRent,4,2307,,1990,10,https://www.zillow.com/homedetails/4096-Oxford-Glen-Dr-Claremont-NC-28610/465094295_zpid/,,,2026-09-08T00:00:00.000Z,Listed for rent,,,,,,,,,,,,,,,,,,,,,,,,,,,,,,,,,,,,,,,,,,,,,,,,,,,,,,
"4093 Oxford Glen Dr, Claremont, NC 28610",4093 Oxford Glen Dr,Claremont,NC,28610,,forRent,4,2213,,1990,10,https://www.zillow.com/homedetails/4093-Oxford-Glen-Dr-Claremont-NC-28610/464050697_zpid/,,,2026-09-08T00:00:00.000Z,Listed for rent,2026-08-14T00:00:00.000Z,Listing removed,2026-08-06T00:00:00.000Z,Price change,2026-07-28T00:00:00.000Z,Price change,2026-07-22T00:00:00.000Z,Listed for sale,,,,,,,,,,,,,,,,,,,,,,,,,,,,,,,,,,,,,,,,,,,,,,
"3755 Charles St NW, Conover, NC 28613",3755 Charles St NW,Conover,NC,28613,,forRent,4,2565,,2400,76,https://www.zillow.com/homedetails/3755-Charles-St-NW-Conover-NC-28613/345078496_zpid/,,359000,2026-08-05T00:00:00.000Z,Price change,2026-07-30T00:00:00.000Z,Price change,2026-07-18T00:00:00.000Z,Price change,2026-07-05T00:00:00.000Z,Listed for rent,2024-10-15T00:00:00.000Z,Sold,2024-08-13T00:00:00.000Z,Price change,2024-08-05T00:00:00.000Z,Price change,2024-07-24T00:00:00.000Z,Price change,2024-04-17T00:00:00.000Z,Price change,2024-04-08T00:00:00.000Z,Price change,2024-03-19T00:00:00.000Z,Listed for sale,,,,,,,,,,,,,,,,,,,,,,,,,,,,,,,,,,
"4127 Village Blvd, Conover, NC 28613",4127 Village Blvd,Conover,NC,28613,,forRent,3,1854,,2100,14,https://www.zillow.com/homedetails/4127-Village-Blvd-Conover-NC-28613/446200738_zpid/,,299000,2026-09-13T00:00:00.000Z,Price change,2026-09-08T00:00:00.000Z,Price change,2026-09-03T00:00:00.000Z,Listed for rent,2023-06-28T00:00:00.000Z,Sold,2023-04-25T00:00:00.000Z,Pending sale,2023-04-24T00:00:00.000Z,Price change,2023-01-23T00:00:00.000Z,Price change,2023-01-01T00:00:00.000Z,Listed for sale,,,,,,,,,,,,,,,,,,,,,,,,,,,,,,,,,,,,,,,,
"4090 Oxford Glen Dr, Claremont, NC 28610",4090 Oxford Glen Dr,Claremont,NC,28610,,forRent,4,1956,,1945,10,https://www.zillow.com/homedetails/4090-Oxford-Glen-Dr-Claremont-NC-28610/465094288_zpid/,,,2026-09-08T00:00:00.000Z,Listed for rent,,,,,,,,,,,,,,,,,,,,,,,,,,,,,,,,,,,,,,,,,,,,,,,,,,,,,,
"4054 Oxford Glen Dr, Claremont, NC 28610",4054 Oxford Glen Dr,Claremont,NC,28610,,forRent,3,1665,,1800,10,https://www.zillow.com/homedetails/4054-Oxford-Glen-Dr-Claremont-NC-28610/465094281_zpid/,,,2026-09-08T00:00:00.000Z,Listed for rent,,,,,,,,,,,,,,,,,,,,,,,,,,,,,,,,,,,,,,,,,,,,,,,,,,,,,,
"4084 Oxford Glen Dr, Claremont, NC 28610",4084 Oxford Glen Dr,Claremont,NC,28610,,forRent,3,1665,,1800,10,https://www.zillow.com/homedetails/4084-Oxford-Glen-Dr-Claremont-NC-28610/465094279_zpid/,,,2026-09-08T00:00:00.000Z,Listed for rent,,,,,,,,,,,,,,,,,,,,,,,,,,,,,,,,,,,,,,,,,,,,,,,,,,,,,,
"4102 Oxford Glen Dr, Claremont, NC 28610",4102 Oxford Glen Dr,Claremont,NC,28610,,forRent,3,1665,,1800,10,https://www.zillow.com/homedetails/4102-Oxford-Glen-Dr-Claremont-NC-28610/465094280_zpid/,,,2026-09-08T00:00:00.000Z,Listed for rent,,,,,,,,,,,,,,,,,,,,,,,,,,,,,,,,,,,,,,,,,,,,,,,,,,,,,,
"4117 Oxford Glen Dr, Claremont, NC 28610",4117 Oxford Glen Dr,Claremont,NC,28610,,forRent,3,1665,,1800,10,https://www.zillow.com/homedetails/4117-Oxford-Glen-Dr-Claremont-NC-28610/465094291_zpid/,,,2026-09-08T00:00:00.000Z,Listed for rent,,,,,,,,,,,,,,,,,,,,,,,,,,,,,,,,,,,,,,,,,,,,,,,,,,,,,,
"4066 Oxford Glen Dr, Claremont, NC 28610",4066 Oxford Glen Dr,Claremont,NC,28610,,forRent,4,1956,,1945,10,https://www.zillow.com/homedetails/4066-Oxford-Glen-Dr-Claremont-NC-28610/465094292_zpid/,,,2026-09-08T00:00:00.000Z,Listed for rent,,,,,,,,,,,,,,,,,,,,,,,,,,,,,,,,,,,,,,,,,,,,,,,,,,,,,,
"456 Brinkley Dr, Kings Mountain, NC 28086",456 Brinkley Dr,Kings Mountain,NC,28086,,forRent,5,2175,,2225,0,https://www.zillow.com/homedetails/456-Brinkley-Dr-Kings-Mountain-NC-28086/463854737_zpid/,,295000,2026-09-17T00:00:00.000Z,Listed for rent,2026-08-20T00:00:00.000Z,Sold,2026-07-16T00:00:00.000Z,Pending sale,2026-07-14T00:00:00.000Z,Listed for sale,,,,,,,,,,,,,,,,,,,,,,,,,,,,,,,,,,,,,,,,,,,,,,,,
"450 Brinkley Dr, Kings Mountain, NC 28086",450 Brinkley Dr,Kings Mountain,NC,28086,,forRent,5,2511,,2445,15,https://www.zillow.com/homedetails/450-Brinkley-Dr-Kings-Mountain-NC-28086/463353765_zpid/,,325000,2026-09-02T00:00:00.000Z,Listed for rent,2026-08-20T00:00:00.000Z,Sold,2026-07-16T00:00:00.000Z,Pending sale,2026-06-19T00:00:00.000Z,Listed for sale,,,,,,,,,,,,,,,,,,,,,,,,,,,,,,,,,,,,,,,,,,,,,,,,
"450 Brinkley Dr, Kings Mountain, NC 28086",450 Brinkley Dr,Kings Mountain,NC,28086,,forRent,5,2511,,2445,15,https://www.zillow.com/homedetails/450-Brinkley-Dr-Kings-Mountain-NC-28086/463353765_zpid/,,325000,2026-09-02T00:00:00.000Z,Listed for rent,2026-08-20T00:00:00.000Z,Sold,2026-07-16T00:00:00.000Z,Pending sale,2026-06-19T00:00:00.000Z,Listed for sale,,,,,,,,,,,,,,,,,,,,,,,,,,,,,,,,,,,,,,,,,,,,,,,,
"456 Brinkley Dr, Kings Mountain, NC 28086",456 Brinkley Dr,Kings Mountain,NC,28086,,forRent,5,2175,,2225,0,https://www.zillow.com/homedetails/456-Brinkley-Dr-Kings-Mountain-NC-28086/463854737_zpid/,,295000,2026-09-17T00:00:00.000Z,Listed for rent,2026-08-20T00:00:00.000Z,Sold,2026-07-16T00:00:00.000Z,Pending sale,2026-07-14T00:00:00.000Z,Listed for sale,,,,,,,,,,,,,,,,,,,,,,,,,,,,,,,,,,,,,,,,,,,,,,,,
"450 Brinkley Dr, Kings Mountain, NC 28086",450 Brinkley Dr,Kings Mountain,NC,28086,,forRent,5,2511,,2445,15,https://www.zillow.com/homedetails/450-Brinkley-Dr-Kings-Mountain-NC-28086/463353765_zpid/,,325000,2026-09-02T00:00:00.000Z,Listed for rent,2026-08-20T00:00:00.000Z,Sold,2026-07-16T00:00:00.000Z,Pending sale,2026-06-19T00:00:00.000Z,Listed for sale,,,,,,,,,,,,,,,,,,,,,,,,,,,,,,,,,,,,,,,,,,,,,,,,
"456 Brinkley Dr, Kings Mountain, NC 28086",456 Brinkley Dr,Kings Mountain,NC,28086,,forRent,5,2175,,2225,0,https://www.zillow.com/homedetails/456-Brinkley-Dr-Kings-Mountain-NC-28086/463854737_zpid/,,295000,2026-09-17T00:00:00.000Z,Listed for rent,2026-08-20T00:00:00.000Z,Sold,2026-07-16T00:00:00.000Z,Pending sale,2026-07-14T00:00:00.000Z,Listed for sale,,,,,,,,,,,,,,,,,,,,,,,,,,,,,,,,,,,,,,,,,,,,,,,,
"2230 Cedar Oaks Dr, Conway, AR 72032",2230 Cedar Oaks Dr,Conway,AR,72032,,forRent,3,1200,,1500,4,https://www.zillow.com/homedetails/2230-Cedar-Oaks-Dr-Conway-AR-72032/239909_zpid/,,640000,2026-09-13T00:00:00.000Z,Listed for rent,2014-10-22T00:00:00.000Z,Sold,2006-05-30T00:00:00.000Z,Sold,,,,,,,,,,,,,,,,,,,,,,,,,,,,,,,,,,,,,,,,,,,,,,,,,,
"2804 Bruce St, Conway, AR 72034",2804 Bruce St,Conway,AR,72034,,forRent,3,1232,,1375,10,https://www.zillow.com/homedetails/2804-Bruce-St-Conway-AR-72034/238249_zpid/,,115000,2026-09-07T00:00:00.000Z,Listed for rent,2017-11-12T00:00:00.000Z,Listing removed,2017-11-01T00:00:00.000Z,Listed for rent,2016-07-19T00:00:00.000Z,Listing removed,2016-07-19T00:00:00.000Z,Listed for sale,2016-07-18T00:00:00.000Z,Sold,2016-06-22T00:00:00.000Z,Pending sale,2016-06-09T00:00:00.000Z,Listed for sale,2011-06-20T00:00:00.000Z,Sold,2006-12-04T00:00:00.000Z,Sold,,,,,,,,,,,,,,,,,,,,,,,,,,,,,,,,,,,,
"1955 Bellingrath Gdns, Conway, AR 72034",1955 Bellingrath Gdns,Conway,AR,72034,,forRent,3,1752,,2000,16,https://www.zillow.com/homedetails/1955-Bellingrath-Gdns-Conway-AR-72034/119403911_zpid/,,199900,2026-09-01T00:00:00.000Z,Listed for rent,2025-09-17T00:00:00.000Z,Listing removed,2025-09-05T00:00:00.000Z,Price change,2025-08-27T00:00:00.000Z,Listed for rent,2025-05-28T00:00:00.000Z,Listing removed,2025-05-09T00:00:00.000Z,Listed for rent,2024-01-01T00:00:00.000Z,Listing removed,2023-12-15T00:00:00.000Z,Listed for rent,2018-04-02T00:00:00.000Z,Sold,2018-02-03T00:00:00.000Z,Listed for sale,2016-07-01T00:00:00.000Z,Listing removed,2015-10-23T00:00:00.000Z,Price change,2015-09-29T00:00:00.000Z,Listed for sale,,,,,,,,,,,,,,,,,,,,,,,,,,,,,,
"202 Skunk Hollow Rd, Conway, AR 72032",202 Skunk Hollow Rd,Conway,AR,72032,,forRent,3,1120,,1425,29,https://www.zillow.com/homedetails/202-Skunk-Hollow-Rd-Conway-AR-72032/228041_zpid/,,116083,2026-09-09T00:00:00.000Z,Listed for rent,2026-08-20T00:00:00.000Z,Listing removed,2026-08-19T00:00:00.000Z,Listed for rent,2026-07-20T00:00:00.000Z,Sold,2026-05-18T00:00:00.000Z,Contingent,2026-05-08T00:00:00.000Z,Listed for sale,2014-12-02T00:00:00.000Z,Sold,,,,,,,,,,,,,,,,,,,,,,,,,,,,,,,,,,,,,,,,,,
"4605 Valiant Dr, Conway, AR 72034",4605 Valiant Dr,Conway,AR,72034,,forRent,3,1324,,1500,67,https://www.zillow.com/homedetails/4605-Valiant-Dr-Conway-AR-72034/52392383_zpid/,,122000,2026-08-01T00:00:00.000Z,Price change,2026-07-13T00:00:00.000Z,Listed for rent,2023-05-19T00:00:00.000Z,Listing removed,2023-05-02T00:00:00.000Z,Listed for rent,2022-04-11T00:00:00.000Z,Listing removed,2022-04-06T00:00:00.000Z,Listed for rent,2011-09-02T00:00:00.000Z,Sold,2011-06-12T00:00:00.000Z,Listed for sale,2008-09-08T00:00:00.000Z,Sold,,,,,,,,,,,,,,,,,,,,,,,,,,,,,,,,,,,,,,
"225 Shiloh Dr, Conway, AR 72032",225 Shiloh Dr,Conway,AR,72032,,forRent,3,1228,,1450,8,https://www.zillow.com/homedetails/225-Shiloh-Dr-Conway-AR-72032/82281664_zpid/,,125000,2026-09-09T00:00:00.000Z,Listed for rent,2026-08-22T00:00:00.000Z,Listing removed,2026-08-07T00:00:00.000Z,Listed for rent,2026-02-26T00:00:00.000Z,Listing removed,2026-02-19T00:00:00.000Z,Price change,2026-02-13T00:00:00.000Z,Listed for rent,2020-11-12T00:00:00.000Z,Sold,2006-07-28T00:00:00.000Z,Sold,,,,,,,,,,,,,,,,,,,,,,,,,,,,,,,,,,,,,,,,
"405 S Ash St, Conway, AR 72034",405 S Ash St,Conway,AR,72034,,forRent,3,1100,,1200,7,https://www.zillow.com/homedetails/405-S-Ash-St-Conway-AR-72034/238063_zpid/,,75000,2026-09-10T00:00:00.000Z,Listed for rent,2021-02-23T00:00:00.000Z,Listing removed,2020-06-04T00:00:00.000Z,Listing removed,2020-06-02T00:00:00.000Z,Listed for rent,2020-04-30T00:00:00.000Z,Sold,2020-04-14T00:00:00.000Z,Listed for sale,2013-09-25T00:00:00.000Z,Sold,2006-03-23T00:00:00.000Z,Sold,,,,,,,,,,,,,,,,,,,,,,,,,,,,,,,,,,,,,,,,
"1845 Arden Ln, Conway, AR 72034",1845 Arden Ln,Conway,AR,72034,,forRent,3,1205,,1575,3,https://www.zillow.com/homedetails/1845-Arden-Ln-Conway-AR-72034/71714882_zpid/,,139000,2026-08-30T00:00:00.000Z,Price change,2026-07-17T00:00:00.000Z,Listed for rent,2024-07-03T00:00:00.000Z,Listing removed,2024-06-25T00:00:00.000Z,Listed for rent,2023-02-27T00:00:00.000Z,Listing removed,2023-02-22T00:00:00.000Z,Listed for rent,2021-01-19T00:00:00.000Z,Listing removed,2021-01-09T00:00:00.000Z,Listed for rent,2020-12-16T00:00:00.000Z,Sold,,,,,,,,,,,,,,,,,,,,,,,,,,,,,,,,,,,,,,
"2 Hawthorne Dr, Conway, AR 72034",2 Hawthorne Dr,Conway,AR,72034,,forRent,3,1408,,1650,55,https://www.zillow.com/homedetails/2-Hawthorne-Dr-Conway-AR-72034/237001_zpid/,,102000,2026-09-06T00:00:00.000Z,Price change,2026-08-27T00:00:00.000Z,Price change,2026-07-24T00:00:00.000Z,Listed for rent,2014-07-29T00:00:00.000Z,Sold,2014-05-16T00:00:00.000Z,Price change,2014-02-28T00:00:00.000Z,Listed for sale,2014-01-01T00:00:00.000Z,Listing removed,2013-10-29T00:00:00.000Z,Price change,2013-10-04T00:00:00.000Z,Price change,2013-08-08T00:00:00.000Z,Listed for sale,2011-08-31T00:00:00.000Z,Sold,,,,,,,,,,,,,,,,,,,,,,,,,,,,,,,,,,
"20 Summer Breeze Rd, Conway, AR 72032",20 Summer Breeze Rd,Conway,AR,72032,,forRent,3,1592,,1600,12,https://www.zillow.com/homedetails/20-Summer-Breeze-Rd-Conway-AR-72032/2076495598_zpid/,,207000,2026-09-05T00:00:00.000Z,Listed for rent,2024-04-17T00:00:00.000Z,Listing removed,2024-03-28T00:00:00.000Z,Listed for rent,2024-03-08T00:00:00.000Z,Sold,2024-02-22T00:00:00.000Z,Contingent,2024-02-21T00:00:00.000Z,Price change,2024-02-19T00:00:00.000Z,Listed for sale,2021-01-21T00:00:00.000Z,Sold,,,,,,,,,,,,,,,,,,,,,,,,,,,,,,,,,,,,,,,,
"(Undisclosed Address), Conway, AR 72034",(Undisclosed Address),Conway,AR,72034,,forRent,3,1689,,1750,17,https://www.zillow.com/homedetails/Conway-AR-72034/241235_zpid/,,131000,2026-09-01T00:00:00.000Z,Price change,2026-07-12T00:00:00.000Z,Listed for rent,2026-06-15T00:00:00.000Z,Listing removed,2026-05-25T00:00:00.000Z,Listed for rent,2026-05-16T00:00:00.000Z,Listing removed,2026-04-25T00:00:00.000Z,Listed for rent,2024-05-02T00:00:00.000Z,Listing removed,2024-04-11T00:00:00.000Z,Listed for rent,2021-08-22T00:00:00.000Z,Listing removed,2021-08-02T00:00:00.000Z,Listed for rent,2013-04-18T00:00:00.000Z,Sold,2013-02-04T00:00:00.000Z,Sold,2006-01-27T00:00:00.000Z,Sold,,,,,,,,,,,,,,,,,,,,,,,,,,,,,,
"40 Ridge Trl, Sherwood, AR 72120",40 Ridge Trl,Sherwood,AR,72120,,forRent,3,2200,,2100,27,https://www.zillow.com/homedetails/40-Ridge-Trl-Sherwood-AR-72120/232839_zpid/,,230600,2026-08-31T00:00:00.000Z,Price change,2026-08-21T00:00:00.000Z,Listed for rent,2026-08-12T00:00:00.000Z,Listing removed,2026-07-20T00:00:00.000Z,Listed for rent,2026-06-17T00:00:00.000Z,Listing removed,2026-06-02T00:00:00.000Z,Price change,2025-09-19T00:00:00.000Z,Price change,2025-07-22T00:00:00.000Z,Price change,2025-06-24T00:00:00.000Z,Price change,2025-04-15T00:00:00.000Z,Price change,2025-03-14T00:00:00.000Z,Price change,2025-02-27T00:00:00.000Z,Listed for rent,2014-10-03T00:00:00.000Z,Sold,2001-09-05T00:00:00.000Z,Sold,,,,,,,,,,,,,,,,,,,,,,,,,,,,
"120 Melville Dr, Maumelle, AR 72113",120 Melville Dr,Maumelle,AR,72113,,forRent,3,1921,,2330,1,https://www.zillow.com/homedetails/120-Melville-Dr-Maumelle-AR-72113/124731365_zpid/,,255000,2026-09-16T00:00:00.000Z,Listed for rent,2024-12-28T00:00:00.000Z,Listing removed,2024-09-26T00:00:00.000Z,Listed for rent,2021-08-19T00:00:00.000Z,Listing removed,2021-08-03T00:00:00.000Z,Listed for rent,2017-11-07T00:00:00.000Z,Sold,,,,,,,,,,,,,,,,,,,,,,,,,,,,,,,,,,,,,,,,,,,,
"2530 Peabody Dr, Conway, AR 72032",2530 Peabody Dr,Conway,AR,72032,,forRent,3,1271,,1500,33,https://www.zillow.com/homedetails/2530-Peabody-Dr-Conway-AR-72032/239829_zpid/,,199000,2026-08-15T00:00:00.000Z,Listed for rent,2025-07-28T00:00:00.000Z,Sold,2025-06-29T00:00:00.000Z,Contingent,2025-06-28T00:00:00.000Z,Listed for sale,2014-12-23T00:00:00.000Z,Sold,2013-09-19T00:00:00.000Z,Sold,2013-06-28T00:00:00.000Z,Listed for sale,2012-12-14T00:00:00.000Z,Listing removed,2012-10-15T00:00:00.000Z,Listed for sale,,,,,,,,,,,,,,,,,,,,,,,,,,,,,,,,,,,,,,
"2220 Chase Dr, Conway, AR 72034",2220 Chase Dr,Conway,AR,72034,,forRent,3,1582,,1850,63,https://www.zillow.com/homedetails/2220-Chase-Dr-Conway-AR-72034/35730147_zpid/,,141000,2026-07-16T00:00:00.000Z,Listed for rent,2025-04-11T00:00:00.000Z,Listing removed,2025-04-06T00:00:00.000Z,Listed for rent,2025-03-29T00:00:00.000Z,Listing removed,2025-01-19T00:00:00.000Z,Price change,2025-01-18T00:00:00.000Z,Listed for rent,2012-10-25T00:00:00.000Z,Sold,2011-08-25T00:00:00.000Z,Sold,2009-07-29T00:00:00.000Z,Sold,2009-04-13T00:00:00.000Z,Sold,2006-02-08T00:00:00.000Z,Sold,,,,,,,,,,,,,,,,,,,,,,,,,,,,,,,,,,
"158 Ridgeland Dr, Maumelle, AR 72113",158 Ridgeland Dr,Maumelle,AR,72113,,forRent,3,1835,,1975,9,https://www.zillow.com/homedetails/158-Ridgeland-Dr-Maumelle-AR-72113/325729_zpid/,,188900,2026-09-08T00:00:00.000Z,Listed for rent,2025-04-11T00:00:00.000Z,Listing removed,2024-12-03T00:00:00.000Z,Listed for rent,2023-01-20T00:00:00.000Z,Listing removed,2023-01-06T00:00:00.000Z,Listed for rent,2019-11-19T00:00:00.000Z,Listing removed,2019-09-17T00:00:00.000Z,Listed for rent,2018-03-09T00:00:00.000Z,Sold,2018-01-24T00:00:00.000Z,Listed for sale,2014-07-14T00:00:00.000Z,Sold,2014-05-25T00:00:00.000Z,Price change,2014-05-10T00:00:00.000Z,Price change,2014-04-14T00:00:00.000Z,Price change,2014-03-29T00:00:00.000Z,Listed for sale,2013-06-27T00:00:00.000Z,Sold,2001-02-05T00:00:00.000Z,Sold,2000-07-13T00:00:00.000Z,Sold,,,,,,,,,,,,,,,,,,,,,,
"110 River Valley Loop, Maumelle, AR 72113",110 River Valley Loop,Maumelle,AR,72113,,forRent,4,2670,,2600,8,https://www.zillow.com/homedetails/110-River-Valley-Loop-Maumelle-AR-72113/79782764_zpid/,,340000,2026-09-10T00:00:00.000Z,Listed for rent,2026-08-14T00:00:00.000Z,Listing removed,2026-06-10T00:00:00.000Z,Listed for sale,2021-06-15T00:00:00.000Z,Sold,2014-12-02T00:00:00.000Z,Sold,2014-11-16T00:00:00.000Z,Listed for sale,2014-09-09T00:00:00.000Z,Listing removed,2014-07-17T00:00:00.000Z,Price change,2014-04-29T00:00:00.000Z,Price change,2014-03-21T00:00:00.000Z,Listed for sale,,,,,,,,,,,,,,,,,,,,,,,,,,,,,,,,,,,,
"106 Jo Park Ln, Maumelle, AR 72113",106 Jo Park Ln,Maumelle,AR,72113,,forRent,4,1640,,2000,42,https://www.zillow.com/homedetails/106-Jo-Park-Ln-Maumelle-AR-72113/2056841941_zpid/,,,2026-08-06T00:00:00.000Z,Listed for rent,2023-10-04T00:00:00.000Z,Listing removed,2023-10-03T00:00:00.000Z,Listed for rent,2023-10-03T00:00:00.000Z,Listing removed,2023-06-29T00:00:00.000Z,Listed for rent,,,,,,,,,,,,,,,,,,,,,,,,,,,,,,,,,,,,,,,,,,,,,,
"15 Summerfield Dr, Conway, AR 72034",15 Summerfield Dr,Conway,AR,72034,,forRent,3,1508,,1800,19,https://www.zillow.com/homedetails/15-Summerfield-Dr-Conway-AR-72034/238239_zpid/,,99000,2026-08-29T00:00:00.000Z,Listed for rent,2014-12-30T00:00:00.000Z,Sold,2005-06-02T00:00:00.000Z,Sold,,,,,,,,,,,,,,,,,,,,,,,,,,,,,,,,,,,,,,,,,,,,,,,,,,
"205 Logan Dr, Maumelle, AR 72113",205 Logan Dr,Maumelle,AR,72113,,forRent,3,1472,,1835,62,https://www.zillow.com/homedetails/205-Logan-Dr-Maumelle-AR-72113/2057186361_zpid/,,,2026-08-05T00:00:00.000Z,Price change,2026-07-17T00:00:00.000Z,Listed for rent,2025-09-04T00:00:00.000Z,Listing removed,2025-09-03T00:00:00.000Z,Listed for rent,2025-09-03T00:00:00.000Z,Listing removed,2025-08-29T00:00:00.000Z,Price change,2025-07-15T00:00:00.000Z,Listed for rent,2023-09-10T00:00:00.000Z,Listing removed,2023-09-09T00:00:00.000Z,Listed for rent,2023-09-08T00:00:00.000Z,Listing removed,2023-06-10T00:00:00.000Z,Listed for rent,,,,,,,,,,,,,,,,,,,,,,,,,,,,,,,,,,
"117 Logan Dr, Maumelle, AR 72113",117 Logan Dr,Maumelle,AR,72113,,forRent,3,1472,,1835,72,https://www.zillow.com/homedetails/117-Logan-Dr-Maumelle-AR-72113/2057186355_zpid/,,,2026-07-07T00:00:00.000Z,Listed for rent,2023-07-30T00:00:00.000Z,Listing removed,2023-07-29T00:00:00.000Z,Listed for rent,2023-07-29T00:00:00.000Z,Listing removed,2023-06-10T00:00:00.000Z,Listed for rent,,,,,,,,,,,,,,,,,,,,,,,,,,,,,,,,,,,,,,,,,,,,,,
"124 Im Dr, Maumelle, AR 72113",124 Im Dr,Maumelle,AR,72113,,forRent,4,1500,,1850,73,https://www.zillow.com/homedetails/124-Im-Dr-Maumelle-AR-72113/2056969175_zpid/,,222925,2026-09-10T00:00:00.000Z,Price change,2026-07-06T00:00:00.000Z,Listed for rent,2025-08-27T00:00:00.000Z,Listing removed,2025-07-18T00:00:00.000Z,Listed for rent,2024-08-21T00:00:00.000Z,Listing removed,2024-07-30T00:00:00.000Z,Listed for rent,2023-09-26T00:00:00.000Z,Sold,,,,,,,,,,,,,,,,,,,,,,,,,,,,,,,,,,,,,,,,,,
"2953 31st Street Ln NE, Hickory, NC 28601",2953 31st Street Ln NE,Hickory,NC,28601,,forRent,,,,,,"https://www.zillow.com/b/2953-31st-street-ln-ne-hickory-nc/35.765053,-81.271_ll/",,,,,,,,,,,,,,,,,,,,,,,,,,,,,,,,,,,,,,,,,,,,,,,,,,,,,,,,,,
"3531 Wandering Ln NE, Hickory, NC 28601",3531 Wandering Ln NE,Hickory,NC,28601,,forRent,3,1800,,2600,3,https://www.zillow.com/homedetails/3531-Wandering-Ln-NE-Hickory-NC-28601/71944979_zpid/,,172000,2026-09-14T00:00:00.000Z,Listed for rent,2026-06-08T00:00:00.000Z,Sold,2021-04-21T00:00:00.000Z,Sold,,,,,,,,,,,,,,,,,,,,,,,,,,,,,,,,,,,,,,,,,,,,,,,,,,
"4640 Oregon Trl, Conway, AR 72034",4640 Oregon Trl,Conway,AR,72034,,forRent,3,1482,,1800,29,https://www.zillow.com/homedetails/4640-Oregon-Trl-Conway-AR-72034/35730645_zpid/,,250000,2026-08-19T00:00:00.000Z,Listed for rent,2026-02-25T00:00:00.000Z,Listing removed,2026-02-10T00:00:00.000Z,Listed for rent,2025-10-31T00:00:00.000Z,Sold,2025-10-23T00:00:00.000Z,Contingent,2025-09-12T00:00:00.000Z,Price change,2025-08-21T00:00:00.000Z,Listed for sale,2021-11-15T00:00:00.000Z,Sold,2021-10-11T00:00:00.000Z,Pending sale,2021-10-11T00:00:00.000Z,Contingent,2021-10-05T00:00:00.000Z,Listed for sale,2021-03-24T00:00:00.000Z,Listing removed,2017-06-02T00:00:00.000Z,Sold,2017-03-21T00:00:00.000Z,Listed for sale,2015-07-07T00:00:00.000Z,Sold,2015-05-28T00:00:00.000Z,Listed for sale,2015-04-16T00:00:00.000Z,Listing removed,2014-12-26T00:00:00.000Z,Listed for sale,,,,,,,,,,,,,,,,,,,,
"617 14th St SW, Hickory, NC 28602",617 14th St SW,Hickory,NC,28602,,forRent,3,1190,,1665,7,https://www.zillow.com/homedetails/617-14th-St-SW-Hickory-NC-28602/456095233_zpid/,,,2026-09-10T00:00:00.000Z,Listed for rent,2025-10-02T00:00:00.000Z,Listing removed,2025-09-12T00:00:00.000Z,Price change,2025-09-05T00:00:00.000Z,Price change,2025-08-20T00:00:00.000Z,Listed for rent,,,,,,,,,,,,,,,,,,,,,,,,,,,,,,,,,,,,,,,,,,,,,,
"10413 Cypress Knee Dr, Maumelle, AR 72113",10413 Cypress Knee Dr,Maumelle,AR,72113,,forRent,3,1480,,1800,78,https://www.zillow.com/homedetails/10413-Cypress-Knee-Dr-Maumelle-AR-72113/2060938533_zpid/,,,2026-07-01T00:00:00.000Z,Listed for rent,2025-04-22T00:00:00.000Z,Listing removed,2025-04-04T00:00:00.000Z,Listed for rent,2022-11-13T00:00:00.000Z,Listing removed,2022-10-25T00:00:00.000Z,Listed for rent,,,,,,,,,,,,,,,,,,,,,,,,,,,,,,,,,,,,,,,,,,,,,,
"1415 Mammoth Rd, Hickory, NC 28602",1415 Mammoth Rd,Hickory,NC,28602,,forRent,4,1927,,2145,15,https://www.zillow.com/homedetails/1415-Mammoth-Rd-Hickory-NC-28602/461722523_zpid/,,272500,2026-09-02T00:00:00.000Z,Listed for rent,2026-08-20T00:00:00.000Z,Sold,2026-07-16T00:00:00.000Z,Pending sale,2026-06-02T00:00:00.000Z,Price change,2026-04-15T00:00:00.000Z,Listed for sale,,,,,,,,,,,,,,,,,,,,,,,,,,,,,,,,,,,,,,,,,,,,,,
"1431 Mammoth Rd, Hickory, NC 28602",1431 Mammoth Rd,Hickory,NC,28602,,forRent,5,2368,,2245,16,https://www.zillow.com/homedetails/1431-Mammoth-Rd-Hickory-NC-28602/455924046_zpid/,,307679,2026-09-11T00:00:00.000Z,Price change,2026-09-01T00:00:00.000Z,Listed for rent,2026-08-31T00:00:00.000Z,Sold,2026-07-20T00:00:00.000Z,Pending sale,2026-07-14T00:00:00.000Z,Price change,2026-06-30T00:00:00.000Z,Price change,2026-02-23T00:00:00.000Z,Listed for sale,2025-10-07T00:00:00.000Z,Listing removed,2025-08-13T00:00:00.000Z,Price change,2025-08-12T00:00:00.000Z,Listed for sale,,,,,,,,,,,,,,,,,,,,,,,,,,,,,,,,,,,,
"2098 10th St SE, Hickory, NC 28601",2098 10th St SE,Hickory,NC,28601,,forRent,4,2174,,2395,15,https://www.zillow.com/homedetails/2098-10th-St-SE-Hickory-NC-28601/461180979_zpid/,,309000,2026-09-02T00:00:00.000Z,Listed for rent,2026-08-20T00:00:00.000Z,Sold,2026-03-20T00:00:00.000Z,Pending sale,2026-03-20T00:00:00.000Z,Listed for sale,,,,,,,,,,,,,,,,,,,,,,,,,,,,,,,,,,,,,,,,,,,,,,,,
"1406 Mammoth Rd, Hickory, NC 28602",1406 Mammoth Rd,Hickory,NC,28602,,forRent,3,1749,,2025,15,https://www.zillow.com/homedetails/1406-Mammoth-Rd-Hickory-NC-28602/460650036_zpid/,,258000,2026-09-02T00:00:00.000Z,Listed for rent,2026-08-20T00:00:00.000Z,Sold,2026-07-16T00:00:00.000Z,Pending sale,2026-06-02T00:00:00.000Z,Price change,2026-05-12T00:00:00.000Z,Price change,2026-02-24T00:00:00.000Z,Price change,2026-02-23T00:00:00.000Z,Listed for sale,,,,,,,,,,,,,,,,,,,,,,,,,,,,,,,,,,,,,,,,,,
"15 Harvest Ridge Dr, Hickory, NC 28601",15 Harvest Ridge Dr,Hickory,NC,28601,,forRent,4,2000,,2200,18,https://www.zillow.com/homedetails/15-Harvest-Ridge-Dr-Hickory-NC-28601/2063037302_zpid/,,220990,2026-09-04T00:00:00.000Z,Price change,2026-08-30T00:00:00.000Z,Listed for rent,2025-06-28T00:00:00.000Z,Listing removed,2025-06-09T00:00:00.000Z,Listed for rent,2023-09-11T00:00:00.000Z,Listing removed,2023-09-04T00:00:00.000Z,Listed for rent,2022-08-02T00:00:00.000Z,Listing removed,2022-06-24T00:00:00.000Z,Listing removed,2022-06-01T00:00:00.000Z,Listed for rent,2022-01-12T00:00:00.000Z,Sold,2021-04-09T00:00:00.000Z,Pending sale,,,,,,,,,,,,,,,,,,,,,,,,,,,,,,,,,,
"2130 10th St SE, Hickory, NC 28602",2130 10th St SE,Hickory,NC,28602,,forRent,4,2174,,2250,41,https://www.zillow.com/homedetails/2130-10th-St-SE-Hickory-NC-28602/463122074_zpid/,,,2026-08-07T00:00:00.000Z,Listed for rent,2026-07-20T00:00:00.000Z,Listing removed,2026-07-17T00:00:00.000Z,Price change,2026-06-11T00:00:00.000Z,Listed for sale,,,,,,,,,,,,,,,,,,,,,,,,,,,,,,,,,,,,,,,,,,,,,,,,
"1417 17th Ave NE, Hickory, NC 28601",1417 17th Ave NE,Hickory,NC,28601,,forRent,3,1400,,1725,41,https://www.zillow.com/homedetails/1417-17th-Ave-NE-Hickory-NC-28601/71551010_zpid/,,99000,2026-08-21T00:00:00.000Z,Price change,2026-08-07T00:00:00.000Z,Listed for rent,2006-11-13T00:00:00.000Z,Sold,,,,,,,,,,,,,,,,,,,,,,,,,,,,,,,,,,,,,,,,,,,,,,,,,,
"1423 Mammoth Rd, Hickory, NC 28602",1423 Mammoth Rd,Hickory,NC,28602,,forRent,4,1927,,2095,66,https://www.zillow.com/homedetails/1423-Mammoth-Rd-Hickory-NC-28602/461722831_zpid/,,,2026-09-11T00:00:00.000Z,Price change,2026-07-14T00:00:00.000Z,Listed for rent,2026-05-26T00:00:00.000Z,Listing removed,2026-05-19T00:00:00.000Z,Price change,2026-04-15T00:00:00.000Z,Listed for sale,,,,,,,,,,,,,,,,,,,,,,,,,,,,,,,,,,,,,,,,,,,,,,
"1419 Mammoth Rd, Hickory, NC 28602",1419 Mammoth Rd,Hickory,NC,28602,,forRent,5,2368,,2275,15,https://www.zillow.com/homedetails/1419-Mammoth-Rd-Hickory-NC-28602/461722721_zpid/,,292400,2026-09-02T00:00:00.000Z,Listed for rent,2026-08-20T00:00:00.000Z,Sold,2026-07-16T00:00:00.000Z,Pending sale,2026-04-15T00:00:00.000Z,Listed for sale,,,,,,,,,,,,,,,,,,,,,,,,,,,,,,,,,,,,,,,,,,,,,,,,
"512 12th Ave NE, Hickory, NC 28601",512 12th Ave NE,Hickory,NC,28601,,forRent,3,1334,,1595,66,https://www.zillow.com/homedetails/512-12th-Ave-NE-Hickory-NC-28601/463832995_zpid/,,,2026-07-13T00:00:00.000Z,Listed for rent,,,,,,,,,,,,,,,,,,,,,,,,,,,,,,,,,,,,,,,,,,,,,,,,,,,,,,
"765 8th Avenue Dr SE, Hickory, NC 28602",765 8th Avenue Dr SE,Hickory,NC,28602,,forRent,3,1463,,1750,87,https://www.zillow.com/homedetails/765-8th-Avenue-Dr-SE-Hickory-NC-28602/71963561_zpid/,,110000,2026-08-20T00:00:00.000Z,Price change,2026-06-22T00:00:00.000Z,Listed for rent,2023-05-15T00:00:00.000Z,Listing removed,2023-04-28T00:00:00.000Z,Price change,2023-04-07T00:00:00.000Z,Listed for rent,2023-01-25T00:00:00.000Z,Sold,2013-09-03T00:00:00.000Z,Sold,2006-10-20T00:00:00.000Z,Sold,,,,,,,,,,,,,,,,,,,,,,,,,,,,,,,,,,,,,,,,
"63 8th St SE, Hickory, NC 28602",63 8th St SE,Hickory,NC,28602,,forRent,3,1226,,1895,1,https://www.zillow.com/homedetails/63-8th-St-SE-Hickory-NC-28602/82176711_zpid/,,89000,2026-09-16T00:00:00.000Z,Listed for rent,2025-08-13T00:00:00.000Z,Listing removed,2025-08-08T00:00:00.000Z,Listed for rent,2024-07-16T00:00:00.000Z,Listing removed,2024-07-05T00:00:00.000Z,Listed for rent,2024-06-20T00:00:00.000Z,Listing removed,2024-06-14T00:00:00.000Z,Listed for rent,2023-08-31T00:00:00.000Z,Sold,2023-08-15T00:00:00.000Z,Listed for sale,2010-06-29T00:00:00.000Z,Sold,,,,,,,,,,,,,,,,,,,,,,,,,,,,,,,,,,,,
"4030 Buff St, Hickory, NC 28602",4030 Buff St,Hickory,NC,28602,,forRent,3,2000,,1950,9,https://www.zillow.com/homedetails/4030-Buff-St-Hickory-NC-28602/227237379_zpid/,,132400,2026-09-08T00:00:00.000Z,Listed for rent,2024-04-24T00:00:00.000Z,Listing removed,2024-04-05T00:00:00.000Z,Price change,2023-11-29T00:00:00.000Z,Price change,2023-11-06T00:00:00.000Z,Price change,2023-10-16T00:00:00.000Z,Listed for rent,2023-01-18T00:00:00.000Z,Sold,,,,,,,,,,,,,,,,,,,,,,,,,,,,,,,,,,,,,,,,,,
"2781 19th Ave NE, Hickory, NC 28601",2781 19th Ave NE,Hickory,NC,28601,,forRent,3,2500,,2200,31,https://www.zillow.com/homedetails/2781-19th-Ave-NE-Hickory-NC-28601/71935770_zpid/,,,2026-08-17T00:00:00.000Z,Listed for rent,2025-10-14T00:00:00.000Z,Listing removed,2025-09-27T00:00:00.000Z,Price change,2025-09-15T00:00:00.000Z,Listed for rent,2025-07-13T00:00:00.000Z,Listing removed,2025-07-10T00:00:00.000Z,Listed for rent,2025-06-29T00:00:00.000Z,Listing removed,2025-05-31T00:00:00.000Z,Price change,2025-05-27T00:00:00.000Z,Price change,2025-05-10T00:00:00.000Z,Price change,2025-04-26T00:00:00.000Z,Listed for rent,,,,,,,,,,,,,,,,,,,,,,,,,,,,,,,,,,
"3315 23rd St NE, Hickory, NC 28601",3315 23rd St NE,Hickory,NC,28601,,forRent,3,1369,,1995,14,https://www.zillow.com/homedetails/3315-23rd-St-NE-Hickory-NC-28601/71909821_zpid/,,145000,2026-09-03T00:00:00.000Z,Listed for rent,2026-07-02T00:00:00.000Z,Sold,2026-06-18T00:00:00.000Z,Listed for sale,,,,,,,,,,,,,,,,,,,,,,,,,,,,,,,,,,,,,,,,,,,,,,,,,,
"1181 Courtney Dr, Hickory, NC 28602",1181 Courtney Dr,Hickory,NC,28602,,forRent,4,993,,1950,14,https://www.zillow.com/homedetails/1181-Courtney-Dr-Hickory-NC-28602/71914325_zpid/,,115000,2026-09-03T00:00:00.000Z,Listed for rent,2025-03-27T00:00:00.000Z,Listing removed,2025-02-28T00:00:00.000Z,Listed for rent,2024-09-18T00:00:00.000Z,Sold,2005-05-02T00:00:00.000Z,Sold,,,,,,,,,,,,,,,,,,,,,,,,,,,,,,,,,,,,,,,,,,,,,,
"1936 Eigth St, Hickory, NC 28602",1936 Eigth St,Hickory,NC,28602,,forRent,3,1695,,1695,85,https://www.zillow.com/homedetails/1936-Eigth-St-Hickory-NC-28602/2052991619_zpid/,,,2026-09-10T00:00:00.000Z,Price change,2026-08-31T00:00:00.000Z,Price change,2026-08-14T00:00:00.000Z,Price change,2026-07-27T00:00:00.000Z,Price change,2026-07-07T00:00:00.000Z,Price change,2026-06-24T00:00:00.000Z,Listed for rent,2024-03-28T00:00:00.000Z,Listing removed,2024-03-18T00:00:00.000Z,Price change,2024-03-05T00:00:00.000Z,Price change,2024-02-22T00:00:00.000Z,Price change,2024-02-21T00:00:00.000Z,Price change,2024-02-01T00:00:00.000Z,Listed for rent,,,,,,,,,,,,,,,,,,,,,,,,,,,,,,,,
"1411 Mammoth Rd, Hickory, NC 28602",1411 Mammoth Rd,Hickory,NC,28602,,forRent,5,2368,,2255,15,https://www.zillow.com/homedetails/1411-Mammoth-Rd-Hickory-NC-28602/463736170_zpid/,,292400,2026-09-02T00:00:00.000Z,Listed for rent,2026-08-20T00:00:00.000Z,Sold,2026-07-16T00:00:00.000Z,Pending sale,2026-07-08T00:00:00.000Z,Listed for sale,,,,,,,,,,,,,,,,,,,,,,,,,,,,,,,,,,,,,,,,,,,,,,,,
"1117 13th Ave NW, Hickory, NC 28601",1117 13th Ave NW,Hickory,NC,28601,,forRent,3,1600,,1800,1,https://www.zillow.com/homedetails/1117-13th-Ave-NW-Hickory-NC-28601/71915627_zpid/,,252000,2026-09-16T00:00:00.000Z,Listed for rent,2025-09-19T00:00:00.000Z,Listing removed,2025-09-02T00:00:00.000Z,Price change,2025-07-23T00:00:00.000Z,Price change,2025-07-15T00:00:00.000Z,Listed for rent,2025-05-20T00:00:00.000Z,Listing removed,2025-04-17T00:00:00.000Z,Listed for rent,2023-12-06T00:00:00.000Z,Listing removed,2023-11-08T00:00:00.000Z,Listed for rent,2023-01-29T00:00:00.000Z,Listing removed,2022-12-27T00:00:00.000Z,Listed for rent,2022-02-18T00:00:00.000Z,Sold,2022-01-09T00:00:00.000Z,Contingent,2022-01-07T00:00:00.000Z,Listed for sale,2021-02-16T00:00:00.000Z,Sold,2018-10-05T00:00:00.000Z,Sold,2018-08-25T00:00:00.000Z,Pending sale,2018-06-22T00:00:00.000Z,Listed for sale,2018-05-22T00:00:00.000Z,Pending sale,2018-05-03T00:00:00.000Z,Listed for sale,,,,,,,,,,,,,,,,
"5944 Bakers Point, Hickory, NC 28602",5944 Bakers Point,Hickory,NC,28602,,forRent,5,3953,,3600,30,https://www.zillow.com/homedetails/5944-Bakers-Point-Hickory-NC-28602/98192272_zpid/,,90000,2026-08-18T00:00:00.000Z,Listed for rent,2026-08-13T00:00:00.000Z,Listing removed,2026-07-27T00:00:00.000Z,Price change,2026-06-23T00:00:00.000Z,Price change,2026-04-30T00:00:00.000Z,Listed for sale,2026-03-01T00:00:00.000Z,Listing removed,2025-11-14T00:00:00.000Z,Listed for sale,2024-12-12T00:00:00.000Z,Sold,2024-11-12T00:00:00.000Z,Listed for sale,2022-10-23T00:00:00.000Z,Listing removed,2022-07-25T00:00:00.000Z,Listed for sale,2011-06-20T00:00:00.000Z,Sold,2011-04-15T00:00:00.000Z,Listed for sale,2011-02-18T00:00:00.000Z,Sold,,,,,,,,,,,,,,,,,,,,,,,,,,,,
"103 E Concord Rd, Mayflower, AR 72106",103 E Concord Rd,Mayflower,AR,72106,,forRent,3,1413,,1660,9,https://www.zillow.com/homedetails/103-E-Concord-Rd-Mayflower-AR-72106/463058000_zpid/,,,2026-09-09T00:00:00.000Z,Listed for rent,2026-08-14T00:00:00.000Z,Listing removed,2026-07-20T00:00:00.000Z,Price change,2026-06-09T00:00:00.000Z,Listed for sale,,,,,,,,,,,,,,,,,,,,,,,,,,,,,,,,,,,,,,,,,,,,,,,,
"640 Cherub Dr, Conway, AR 72034",640 Cherub Dr,Conway,AR,72034,,forRent,3,1144,,1500,4,https://www.zillow.com/homedetails/640-Cherub-Dr-Conway-AR-72034/242932_zpid/,,180000,2026-09-13T00:00:00.000Z,Listed for rent,2026-08-28T00:00:00.000Z,Sold,2026-08-27T00:00:00.000Z,Contingent,2026-07-26T00:00:00.000Z,Listed for sale,2018-04-26T00:00:00.000Z,Sold,2013-10-04T00:00:00.000Z,Sold,2010-09-24T00:00:00.000Z,Sold,,,,,,,,,,,,,,,,,,,,,,,,,,,,,,,,,,,,,,,,,,
"175 Southerland Rd, Conway, AR 72032",175 Southerland Rd,Conway,AR,72032,,forRent,3,1532,,1650,15,https://www.zillow.com/homedetails/175-Southerland-Rd-Conway-AR-72032/35730518_zpid/,,165000,2026-09-02T00:00:00.000Z,Listed for rent,2025-07-03T00:00:00.000Z,Listing removed,2025-06-23T00:00:00.000Z,Listed for rent,2024-06-07T00:00:00.000Z,Listing removed,2024-05-25T00:00:00.000Z,Listed for rent,2022-05-09T00:00:00.000Z,Listing removed,2022-04-18T00:00:00.000Z,Listed for rent,2022-04-06T00:00:00.000Z,Sold,2022-02-18T00:00:00.000Z,Contingent,2022-02-03T00:00:00.000Z,Listed for sale,2020-07-20T00:00:00.000Z,Listing removed,2020-07-17T00:00:00.000Z,Listed for sale,2018-02-03T00:00:00.000Z,Listing removed,2017-12-31T00:00:00.000Z,Listed for rent,2015-07-20T00:00:00.000Z,Sold,2015-06-17T00:00:00.000Z,Pending sale,2015-05-02T00:00:00.000Z,Listed for sale,2015-01-01T00:00:00.000Z,Listing removed,2014-06-19T00:00:00.000Z,Listed for sale,2006-09-26T00:00:00.000Z,Sold,,,,,,,,,,,,,,,,
"2400 SW Ednruance Way, Maumelle, AR 72113",2400 SW Ednruance Way,Maumelle,AR,72113,,other,,,,,,"https://www.zillow.com/b/2400-sw-ednruance-way-maumelle-ar/34.87126275998,-92.450398671503_ll/",,,,,,,,,,,,,,,,,,,,,,,,,,,,,,,,,,,,,,,,,,,,,,,,,,,,,,,,,,
"5694 Claridge Dr, Hickory, NC 28602",5694 Claridge Dr,Hickory,NC,28602,,forRent,3,2200,,2150,118,https://www.zillow.com/homedetails/5694-Claridge-Dr-Hickory-NC-28602/71906250_zpid/,,113500,2026-05-22T00:00:00.000Z,Listed for rent,2024-09-13T00:00:00.000Z,Listing removed,2024-08-02T00:00:00.000Z,Listed for rent,2000-11-03T00:00:00.000Z,Sold,,,,,,,,,,,,,,,,,,,,,,,,,,,,,,,,,,,,,,,,,,,,,,,,
"1155 Mimosa Dr, Conway, AR 72034",1155 Mimosa Dr,Conway,AR,72034,,forRent,3,1236,,1400,13,https://www.zillow.com/homedetails/1155-Mimosa-Dr-Conway-AR-72034/35730018_zpid/,,78000,2026-09-04T00:00:00.000Z,Listed for rent,2025-06-19T00:00:00.000Z,Listing removed,2025-06-16T00:00:00.000Z,Listed for rent,2023-09-26T00:00:00.000Z,Listing removed,2023-09-11T00:00:00.000Z,Listed for rent,2019-06-13T00:00:00.000Z,Listing removed,2019-06-05T00:00:00.000Z,Listed for rent,2001-06-27T00:00:00.000Z,Sold,,,,,,,,,,,,,,,,,,,,,,,,,,,,,,,,,,,,,,,,
"2042 Moody Gdns, Conway, AR 72034",2042 Moody Gdns,Conway,AR,72034,,forRent,3,1416,,1600,0,https://www.zillow.com/homedetails/2042-Moody-Gdns-Conway-AR-72034/352031406_zpid/,,,2026-09-17T00:00:00.000Z,Listed for rent,,,,,,,,,,,,,,,,,,,,,,,,,,,,,,,,,,,,,,,,,,,,,,,,,,,,,,
"1610 Raden St, Conway, AR 72032",1610 Raden St,Conway,AR,72032,,forRent,3,1243,,1650,36,https://www.zillow.com/homedetails/1610-Raden-St-Conway-AR-72032/2066419442_zpid/,,,2026-08-12T00:00:00.000Z,Listed for rent,2025-10-04T00:00:00.000Z,Listing removed,2025-10-03T00:00:00.000Z,Listed for rent,2025-10-03T00:00:00.000Z,Listing removed,2025-07-18T00:00:00.000Z,Listed for rent,2023-12-30T00:00:00.000Z,Listing removed,2023-12-29T00:00:00.000Z,Listed for rent,2023-12-28T00:00:00.000Z,Listing removed,2023-12-01T00:00:00.000Z,Price change,2023-09-08T00:00:00.000Z,Listed for rent,2023-04-19T00:00:00.000Z,Listing removed,2023-03-28T00:00:00.000Z,Listed for rent,2022-04-21T00:00:00.000Z,Listing removed,2022-02-16T00:00:00.000Z,Listed for rent,,,,,,,,,,,,,,,,,,,,,,,,,,,,
"1810 Rich Smith Ln, Conway, AR 72032",1810 Rich Smith Ln,Conway,AR,72032,,forRent,3,2310,,2500,52,https://www.zillow.com/homedetails/1810-Rich-Smith-Ln-Conway-AR-72032/102992676_zpid/,,,2026-07-27T00:00:00.000Z,Price change,2026-06-22T00:00:00.000Z,Price change,2026-04-22T00:00:00.000Z,Price change,2026-01-07T00:00:00.000Z,Listed for rent,,,,,,,,,,,,,,,,,,,,,,,,,,,,,,,,,,,,,,,,,,,,,,,,
"1267 Hamilton St, Conway, AR 72032",1267 Hamilton St,Conway,AR,72032,,forRent,3,1056,,1158,29,https://www.zillow.com/homedetails/1267-Hamilton-St-Conway-AR-72032/234905_zpid/,,52000,2026-09-16T00:00:00.000Z,Price change,2026-09-14T00:00:00.000Z,Price change,2026-08-20T00:00:00.000Z,Listed for rent,2024-09-19T00:00:00.000Z,Listing removed,2024-09-17T00:00:00.000Z,Price change,2024-09-15T00:00:00.000Z,Price change,2024-09-13T00:00:00.000Z,Listed for rent,2022-12-30T00:00:00.000Z,Listing removed,2022-12-17T00:00:00.000Z,Price change,2022-12-03T00:00:00.000Z,Price change,2022-11-22T00:00:00.000Z,Price change,2022-11-08T00:00:00.000Z,Listed for rent,2022-11-04T00:00:00.000Z,Listing removed,2022-10-28T00:00:00.000Z,Price change,2022-09-30T00:00:00.000Z,Listed for sale,2021-12-14T00:00:00.000Z,Sold,2015-03-20T00:00:00.000Z,Sold,,,,,,,,,,,,,,,,,,,,,,
"1306 Bellemeade Dr, Conway, AR 72034",1306 Bellemeade Dr,Conway,AR,72034,,forRent,3,2220,,1775,35,https://www.zillow.com/homedetails/1306-Bellemeade-Dr-Conway-AR-72034/234155_zpid/,,89090,2026-08-13T00:00:00.000Z,Listed for rent,2025-06-20T00:00:00.000Z,Listing removed,2025-05-09T00:00:00.000Z,Listed for rent,2017-12-01T00:00:00.000Z,Listing removed,2017-08-20T00:00:00.000Z,Price change,2017-05-31T00:00:00.000Z,Listed for sale,2013-10-16T00:00:00.000Z,Listing removed,2013-07-18T00:00:00.000Z,Listed for sale,2013-04-01T00:00:00.000Z,Sold,2012-06-28T00:00:00.000Z,Sold,,,,,,,,,,,,,,,,,,,,,,,,,,,,,,,,,,,,
"10 Harvest Ln, Conway, AR 72032",10 Harvest Ln,Conway,AR,72032,,forRent,3,1288,,1395,30,https://www.zillow.com/homedetails/10-Harvest-Ln-Conway-AR-72032/338960356_zpid/,,,2026-09-10T00:00:00.000Z,Price change,2026-08-18T00:00:00.000Z,Listed for rent,2024-10-10T00:00:00.000Z,Listing removed,2024-09-25T00:00:00.000Z,Listed for rent,2022-09-22T00:00:00.000Z,Listing removed,2022-08-25T00:00:00.000Z,Price change,2022-08-03T00:00:00.000Z,Listed for sale,,,,,,,,,,,,,,,,,,,,,,,,,,,,,,,,,,,,,,,,,,
"31 Haley Renee Dr, Greenbrier, AR 72058",31 Haley Renee Dr,Greenbrier,AR,72058,,forRent,3,1527,,1400,43,https://www.zillow.com/homedetails/31-Haley-Renee-Dr-Greenbrier-AR-72058/464349852_zpid/,,,2026-08-05T00:00:00.000Z,Listed for rent,,,,,,,,,,,,,,,,,,,,,,,,,,,,,,,,,,,,,,,,,,,,,,,,,,,,,,
"22 Marshall Rd N, Vilonia, AR 72173",22 Marshall Rd N,Vilonia,AR,72173,,forRent,3,1500,,1350,12,https://www.zillow.com/homedetails/22-Marshall-Rd-N-Vilonia-AR-72173/52392644_zpid/,,,2026-09-17T00:00:00.000Z,Price change,2026-09-06T00:00:00.000Z,Listed for rent,2025-12-21T00:00:00.000Z,Listing removed,2025-11-17T00:00:00.000Z,Price change,2025-11-12T00:00:00.000Z,Price change,2025-10-27T00:00:00.000Z,Listed for rent,2024-09-06T00:00:00.000Z,Listing removed,2024-08-28T00:00:00.000Z,Price change,2024-08-13T00:00:00.000Z,Price change,2024-07-23T00:00:00.000Z,Listed for rent,,,,,,,,,,,,,,,,,,,,,,,,,,,,,,,,,,,,
"1740 Raden St, Conway, AR 72032",1740 Raden St,Conway,AR,72032,,forRent,3,1243,,1650,8,https://www.zillow.com/homedetails/1740-Raden-St-Conway-AR-72032/2061816633_zpid/,,,2026-09-09T00:00:00.000Z,Listed for rent,2026-05-19T00:00:00.000Z,Listing removed,2026-02-27T00:00:00.000Z,Price change,2022-11-09T00:00:00.000Z,Price change,2022-10-11T00:00:00.000Z,Price change,2022-08-22T00:00:00.000Z,Listed for rent,,,,,,,,,,,,,,,,,,,,,,,,,,,,,,,,,,,,,,,,,,,,
"63 Autumn Hills Rd, Greenbrier, AR 72058",63 Autumn Hills Rd,Greenbrier,AR,72058,,forRent,3,1420,,1450,2,https://www.zillow.com/homedetails/63-Autumn-Hills-Rd-Greenbrier-AR-72058/82246957_zpid/,,,2026-09-15T00:00:00.000Z,Listed for rent,2025-01-21T00:00:00.000Z,Listing removed,2025-01-17T00:00:00.000Z,Listed for rent,,,,,,,,,,,,,,,,,,,,,,,,,,,,,,,,,,,,,,,,,,,,,,,,,,
"4555 Graham Dr, Conway, AR 72034",4555 Graham Dr,Conway,AR,72034,,forRent,3,1192,,1400,35,https://www.zillow.com/homedetails/4555-Graham-Dr-Conway-AR-72034/59917944_zpid/,,185000,2026-08-13T00:00:00.000Z,Listed for rent,2024-10-02T00:00:00.000Z,Listing removed,2024-09-23T00:00:00.000Z,Listed for rent,2023-07-28T00:00:00.000Z,Sold,2023-06-28T00:00:00.000Z,Contingent,2023-06-28T00:00:00.000Z,Listed for sale,2021-03-24T00:00:00.000Z,Listing removed,2016-11-28T00:00:00.000Z,Listing removed,2016-11-28T00:00:00.000Z,Listed for sale,2016-09-29T00:00:00.000Z,Sold,2016-09-06T00:00:00.000Z,Pending sale,2016-07-30T00:00:00.000Z,Price change,2016-07-21T00:00:00.000Z,Listed for sale,2011-06-21T00:00:00.000Z,Sold,2005-10-20T00:00:00.000Z,Sold,,,,,,,,,,,,,,,,,,,,,,,,,,
"1906 Dave Ward Dr, Conway, AR 72034",1906 Dave Ward Dr,Conway,AR,72034,,forRent,3,1335,,1000,37,https://www.zillow.com/homedetails/1906-Dave-Ward-Dr-Conway-AR-72034/2061771487_zpid/,,,2026-08-11T00:00:00.000Z,Listed for rent,2025-12-18T00:00:00.000Z,Listing removed,2025-11-11T00:00:00.000Z,Price change,2025-10-28T00:00:00.000Z,Price change,2025-10-03T00:00:00.000Z,Price change,2025-06-27T00:00:00.000Z,Listed for rent,2024-05-29T00:00:00.000Z,Listing removed,2024-05-14T00:00:00.000Z,Price change,2024-04-23T00:00:00.000Z,Price change,2024-04-15T00:00:00.000Z,Price change,2024-03-18T00:00:00.000Z,Price change,2024-02-16T00:00:00.000Z,Price change,2024-02-13T00:00:00.000Z,Price change,2024-01-31T00:00:00.000Z,Listed for rent,2023-11-30T00:00:00.000Z,Listing removed,2023-11-15T00:00:00.000Z,Listed for rent,2022-10-25T00:00:00.000Z,Listing removed,2022-10-18T00:00:00.000Z,Price change,2022-10-02T00:00:00.000Z,Price change,2022-08-26T00:00:00.000Z,Listed for rent,,,,,,,,,,,,,,,,
"1930 College Ave, Conway, AR 72034",1930 College Ave,Conway,AR,72034,,forRent,3,1926,,3100,15,https://www.zillow.com/homedetails/1930-College-Ave-Conway-AR-72034/237634_zpid/,,160268,2026-09-02T00:00:00.000Z,Listed for rent,2026-03-18T00:00:00.000Z,Listing removed,2026-02-19T00:00:00.000Z,Price change,2026-02-05T00:00:00.000Z,Listed for rent,2026-01-28T00:00:00.000Z,Listing removed,2026-01-13T00:00:00.000Z,Listed for rent,2025-09-23T00:00:00.000Z,Listing removed,2025-08-26T00:00:00.000Z,Price change,2025-08-07T00:00:00.000Z,Price change,2025-07-30T00:00:00.000Z,Listed for rent,2025-06-27T00:00:00.000Z,Listing removed,2025-06-10T00:00:00.000Z,Listed for rent,2025-05-29T00:00:00.000Z,Listing removed,2025-03-22T00:00:00.000Z,Price change,2025-02-10T00:00:00.000Z,Listed for rent,2025-02-01T00:00:00.000Z,Listing removed,2025-01-15T00:00:00.000Z,Listed for rent,2024-12-10T00:00:00.000Z,Listing removed,2024-11-30T00:00:00.000Z,Listed for rent,2024-11-23T00:00:00.000Z,Listing removed,2024-10-16T00:00:00.000Z,Listed for rent,2023-05-02T00:00:00.000Z,Sold,2023-02-20T00:00:00.000Z,Price change,2023-01-29T00:00:00.000Z,Listed for sale,2013-08-23T00:00:00.000Z,Sold,,,,,,
"2004 Hairston Ave, Conway, AR 72034",2004 Hairston Ave,Conway,AR,72034,,forRent,3,1703,,2800,15,https://www.zillow.com/homedetails/2004-Hairston-Ave-Conway-AR-72034/444384959_zpid/,,,2026-09-02T00:00:00.000Z,Listed for rent,2026-02-25T00:00:00.000Z,Listing removed,2026-01-13T00:00:00.000Z,Listed for rent,2025-12-29T00:00:00.000Z,Listing removed,2025-11-07T00:00:00.000Z,Listed for rent,2025-06-27T00:00:00.000Z,Listing removed,2025-06-10T00:00:00.000Z,Listed for rent,2025-05-29T00:00:00.000Z,Listing removed,2025-03-24T00:00:00.000Z,Price change,2025-01-29T00:00:00.000Z,Price change,2025-01-15T00:00:00.000Z,Listed for rent,2024-11-29T00:00:00.000Z,Listing removed,2024-10-16T00:00:00.000Z,Listed for rent,,,,,,,,,,,,,,,,,,,,,,,,,,,,,,
"4540 Thompson St, Conway, AR 72034",4540 Thompson St,Conway,AR,72034,,forRent,3,1195,,1450,22,https://www.zillow.com/homedetails/4540-Thompson-St-Conway-AR-72034/52392329_zpid/,,110000,2026-08-26T00:00:00.000Z,Listed for rent,2024-05-02T00:00:00.000Z,Listing removed,2024-04-25T00:00:00.000Z,Listed for rent,2022-08-10T00:00:00.000Z,Listing removed,2022-07-30T00:00:00.000Z,Listed for rent,2021-08-09T00:00:00.000Z,Listing removed,2021-08-04T00:00:00.000Z,Listed for rent,2012-06-11T00:00:00.000Z,Sold,2011-02-21T00:00:00.000Z,Sold,2003-05-13T00:00:00.000Z,Sold,,,,,,,,,,,,,,,,,,,,,,,,,,,,,,,,,,,,
"1425 Ola St, Conway, AR 72032",1425 Ola St,Conway,AR,72032,,forRent,3,1268,,3100,15,https://www.zillow.com/homedetails/1425-Ola-St-Conway-AR-72032/63265054_zpid/,,115000,2026-09-02T00:00:00.000Z,Listed for rent,2026-02-22T00:00:00.000Z,Listing removed,2026-01-13T00:00:00.000Z,Listed for rent,2025-12-29T00:00:00.000Z,Listing removed,2025-11-07T00:00:00.000Z,Listed for rent,2025-06-27T00:00:00.000Z,Listing removed,2025-06-10T00:00:00.000Z,Listed for rent,2025-05-29T00:00:00.000Z,Listing removed,2025-03-22T00:00:00.000Z,Price change,2025-02-10T00:00:00.000Z,Listed for rent,2025-02-01T00:00:00.000Z,Listing removed,2025-01-15T00:00:00.000Z,Listed for rent,2024-12-10T00:00:00.000Z,Listing removed,2024-11-30T00:00:00.000Z,Listed for rent,2024-11-23T00:00:00.000Z,Listing removed,2024-10-16T00:00:00.000Z,Listed for rent,2015-03-23T00:00:00.000Z,Sold,2015-01-09T00:00:00.000Z,Price change,2014-10-12T00:00:00.000Z,Price change,2014-08-27T00:00:00.000Z,Listed for sale,2009-12-01T00:00:00.000Z,Sold,2009-10-21T00:00:00.000Z,Listed for sale,,,,,,,,,,,,
"2255 Rainbow Rd, Conway, AR 72032",2255 Rainbow Rd,Conway,AR,72032,,forRent,3,1254,,1600,1,https://www.zillow.com/homedetails/2255-Rainbow-Rd-Conway-AR-72032/240098_zpid/,,203000,2026-09-16T00:00:00.000Z,Listed for rent,2026-09-15T00:00:00.000Z,Sold,2026-08-14T00:00:00.000Z,Contingent,2026-08-12T00:00:00.000Z,Listed for sale,2024-08-23T00:00:00.000Z,Listing removed,2024-07-31T00:00:00.000Z,Listed for rent,2022-08-16T00:00:00.000Z,Listing removed,2022-08-08T00:00:00.000Z,Price change,2022-07-28T00:00:00.000Z,Listed for rent,2014-05-28T00:00:00.000Z,Sold,2010-06-23T00:00:00.000Z,Sold,,,,,,,,,,,,,,,,,,,,,,,,,,,,,,,,,,
"149 20th Ave NW, Hickory, NC 28601",149 20th Ave NW,Hickory,NC,28601,,forRent,4,3010,,2400,6,https://www.zillow.com/homedetails/149-20th-Ave-NW-Hickory-NC-28601/71962215_zpid/,,,2026-09-11T00:00:00.000Z,Listed for rent,2026-02-26T00:00:00.000Z,Listing removed,2026-01-15T00:00:00.000Z,Listed for rent,,,,,,,,,,,,,,,,,,,,,,,,,,,,,,,,,,,,,,,,,,,,,,,,,,
"514 12th Ave NE, Hickory, NC 28601",514 12th Ave NE,Hickory,NC,28601,,forRent,3,1334,,1595,5,https://www.zillow.com/homedetails/514-12th-Ave-NE-Hickory-NC-28601/463091031_zpid/,,,2026-09-12T00:00:00.000Z,Listed for rent,2026-07-13T00:00:00.000Z,Listing removed,2026-06-10T00:00:00.000Z,Listed for rent,,,,,,,,,,,,,,,,,,,,,,,,,,,,,,,,,,,,,,,,,,,,,,,,,,
"4029 6th Street Dr NW, Hickory, NC 28601",4029 6th Street Dr NW,Hickory,NC,28601,,forRent,3,1566,,2400,6,https://www.zillow.com/homedetails/4029-6th-Street-Dr-NW-Hickory-NC-28601/71931514_zpid/,,173000,2026-09-11T00:00:00.000Z,Listed for rent,2020-02-24T00:00:00.000Z,Sold,2020-01-18T00:00:00.000Z,Pending sale,2019-11-30T00:00:00.000Z,Listed for sale,2019-11-06T00:00:00.000Z,Pending sale,2019-09-24T00:00:00.000Z,Price change,2019-08-19T00:00:00.000Z,Price change,2019-07-17T00:00:00.000Z,Listed for sale,,,,,,,,,,,,,,,,,,,,,,,,,,,,,,,,,,,,,,,,
"89 Solomon Grove Rd, Damascus, AR 72039",89 Solomon Grove Rd,Damascus,AR,72039,,forRent,3,1456,,1025,8,https://www.zillow.com/homedetails/89-Solomon-Grove-Rd-Damascus-AR-72039/244831_zpid/,,241000,2026-09-09T00:00:00.000Z,Listed for rent,2023-11-27T00:00:00.000Z,Listing removed,2023-11-20T00:00:00.000Z,Price change,2023-10-24T00:00:00.000Z,Listed for rent,2014-10-30T00:00:00.000Z,Sold,,,,,,,,,,,,,,,,,,,,,,,,,,,,,,,,,,,,,,,,,,,,,,
"3605 16th St NE, Hickory, NC 28601",3605 16th St NE,Hickory,NC,28601,,forRent,3,1395,,1850,17,https://www.zillow.com/homedetails/3605-16th-St-NE-Hickory-NC-28601/71966217_zpid/,,150000,2026-08-31T00:00:00.000Z,Listed for rent,2026-06-19T00:00:00.000Z,Listing removed,2026-05-22T00:00:00.000Z,Listed for rent,2025-11-10T00:00:00.000Z,Sold,2025-09-09T00:00:00.000Z,Price change,2025-09-02T00:00:00.000Z,Price change,2025-08-26T00:00:00.000Z,Listed for sale,,,,,,,,,,,,,,,,,,,,,,,,,,,,,,,,,,,,,,,,,,
"422 Janie Cir, Hickory, NC 28601",422 Janie Cir,Hickory,NC,28601,,forRent,4,2800,,2500,17,https://www.zillow.com/homedetails/422-Janie-Cir-Hickory-NC-28601/460859494_zpid/,,,2026-09-01T00:00:00.000Z,Listed for rent,2026-07-21T00:00:00.000Z,Listing removed,2026-03-05T00:00:00.000Z,Listed for rent,,,,,,,,,,,,,,,,,,,,,,,,,,,,,,,,,,,,,,,,,,,,,,,,,,
"803 Phillips Dr, Kings Mountain, NC 28086",803 Phillips Dr,Kings Mountain,NC,28086,,forRent,3,1648,,1595,1,https://www.zillow.com/homedetails/803-Phillips-Dr-Kings-Mountain-NC-28086/93015632_zpid/,,139000,2026-09-16T00:00:00.000Z,Listed for rent,2023-04-09T00:00:00.000Z,Listing removed,2023-03-24T00:00:00.000Z,Listed for rent,2023-02-14T00:00:00.000Z,Sold,2022-12-04T00:00:00.000Z,Pending sale,2022-10-20T00:00:00.000Z,Listed for sale,2013-06-07T00:00:00.000Z,Listing removed,2012-10-20T00:00:00.000Z,Listed for sale,,,,,,,,,,,,,,,,,,,,,,,,,,,,,,,,,,,,,,,,
"3927 Newhall Dr NW, Hickory, NC 28601",3927 Newhall Dr NW,Hickory,NC,28601,,forRent,3,1082,,1450,14,https://www.zillow.com/homedetails/3927-Newhall-Dr-NW-Hickory-NC-28601/98193008_zpid/,,205000,2026-09-03T00:00:00.000Z,Listed for rent,2024-07-24T00:00:00.000Z,Listing removed,2024-07-18T00:00:00.000Z,Price change,2024-07-08T00:00:00.000Z,Price change,2024-05-07T00:00:00.000Z,Listed for rent,2022-03-30T00:00:00.000Z,Sold,2022-03-01T00:00:00.000Z,Contingent,2022-01-26T00:00:00.000Z,Price change,2022-01-25T00:00:00.000Z,Listed for sale,2022-01-18T00:00:00.000Z,Listing removed,2022-01-06T00:00:00.000Z,Listed for sale,2022-01-06T00:00:00.000Z,Listing removed,2021-12-01T00:00:00.000Z,Listed for sale,2017-12-12T00:00:00.000Z,Listing removed,2017-11-15T00:00:00.000Z,Listed for sale,2017-08-09T00:00:00.000Z,Listing removed,2017-08-04T00:00:00.000Z,Listed for sale,,,,,,,,,,,,,,,,,,,,,,
"106 10th Ave SE, Hickory, NC 28602",106 10th Ave SE,Hickory,NC,28602,,forRent,3,1333,,1595,93,https://www.zillow.com/homedetails/106-10th-Ave-SE-Hickory-NC-28602/463282226_zpid/,,,2026-06-16T00:00:00.000Z,Listed for rent,,,,,,,,,,,,,,,,,,,,,,,,,,,,,,,,,,,,,,,,,,,,,,,,,,,,,,
"104 10th Ave SE, Hickory, NC 28602",104 10th Ave SE,Hickory,NC,28602,,forRent,3,1333,,1595,100,https://www.zillow.com/homedetails/104-10th-Ave-SE-Hickory-NC-28602/71959215_zpid/,,420000,2026-06-09T00:00:00.000Z,Listed for rent,2025-12-17T00:00:00.000Z,Sold,2025-10-09T00:00:00.000Z,Listed for sale,2024-12-30T00:00:00.000Z,Sold,2024-11-05T00:00:00.000Z,Listed for sale,2015-02-28T00:00:00.000Z,Listing removed,2015-02-20T00:00:00.000Z,Price change,2015-02-04T00:00:00.000Z,Listed for sale,,,,,,,,,,,,,,,,,,,,,,,,,,,,,,,,,,,,,,,,
"242 Colton Ct, Kings Mountain, NC 28086",242 Colton Ct,Kings Mountain,NC,28086,,forRent,5,2511,,2455,0,https://www.zillow.com/homedetails/242-Colton-Ct-Kings-Mountain-NC-28086/462106908_zpid/,,325000,2026-09-17T00:00:00.000Z,Listed for rent,2026-08-20T00:00:00.000Z,Sold,2026-07-16T00:00:00.000Z,Pending sale,2026-06-16T00:00:00.000Z,Price change,2026-05-01T00:00:00.000Z,Listed for sale,,,,,,,,,,,,,,,,,,,,,,,,,,,,,,,,,,,,,,,,,,,,,,
"502 12th Ave NE, Hickory, NC 28601",502 12th Ave NE,Hickory,NC,28601,,forRent,3,1334,,1595,22,https://www.zillow.com/homedetails/502-12th-Ave-NE-Hickory-NC-28601/463061458_zpid/,,,2026-08-26T00:00:00.000Z,Listed for rent,2026-07-31T00:00:00.000Z,Listing removed,2026-06-09T00:00:00.000Z,Listed for rent,,,,,,,,,,,,,,,,,,,,,,,,,,,,,,,,,,,,,,,,,,,,,,,,,,
"15 Leruss Blvd, Cabot, AR 72023",15 Leruss Blvd,Cabot,AR,72023,,forRent,,,,,,https://www.zillow.com/b/15-leruss-blvd-cabot-ar-CkhJp8/,,,,,,,,,,,,,,,,,,,,,,,,,,,,,,,,,,,,,,,,,,,,,,,,,,,,,,,,,,
"3967 Newhall Dr NW, Hickory, NC 28601",3967 Newhall Dr NW,Hickory,NC,28601,,forRent,3,1158,,1400,23,https://www.zillow.com/homedetails/3967-Newhall-Dr-NW-Hickory-NC-28601/343810572_zpid/,,,2026-08-25T00:00:00.000Z,Listed for rent,2025-08-12T00:00:00.000Z,Listing removed,2025-07-23T00:00:00.000Z,Listed for rent,2025-04-17T00:00:00.000Z,Listing removed,2025-03-28T00:00:00.000Z,Listed for rent,2024-03-28T00:00:00.000Z,Listing removed,2024-03-06T00:00:00.000Z,Listed for rent,,,,,,,,,,,,,,,,,,,,,,,,,,,,,,,,,,,,,,,,,,
"404 Marcella Dr, Kings Mountain, NC 28086",404 Marcella Dr,Kings Mountain,NC,28086,,forRent,3,1507,,1839,38,https://www.zillow.com/homedetails/404-Marcella-Dr-Kings-Mountain-NC-28086/214091791_zpid/,,255000,2026-09-16T00:00:00.000Z,Price change,2026-09-09T00:00:00.000Z,Price change,2026-09-02T00:00:00.000Z,Price change,2026-08-25T00:00:00.000Z,Price change,2026-08-18T00:00:00.000Z,Price change,2026-08-11T00:00:00.000Z,Listed for rent,2021-08-17T00:00:00.000Z,Listing removed,2021-08-06T00:00:00.000Z,Price change,2021-07-22T00:00:00.000Z,Listed for rent,2021-06-24T00:00:00.000Z,Sold,2021-06-03T00:00:00.000Z,Pending sale,2021-05-26T00:00:00.000Z,Listed for sale,2016-05-24T00:00:00.000Z,Sold,,,,,,,,,,,,,,,,,,,,,,,,,,,,,,
"191 Rosedale St, Kings Mountain, NC 28086",191 Rosedale St,Kings Mountain,NC,28086,,forRent,3,1679,,1795,3,https://www.zillow.com/homedetails/191-Rosedale-St-Kings-Mountain-NC-28086/338483251_zpid/,,246900,2026-09-14T00:00:00.000Z,Listed for rent,2024-12-14T00:00:00.000Z,Listing removed,2024-11-12T00:00:00.000Z,Listed for rent,2023-11-08T00:00:00.000Z,Listing removed,2023-11-03T00:00:00.000Z,Price change,2023-10-18T00:00:00.000Z,Listed for rent,2021-06-11T00:00:00.000Z,Sold,2021-02-04T00:00:00.000Z,Contingent,2021-01-26T00:00:00.000Z,Listed for sale,,,,,,,,,,,,,,,,,,,,,,,,,,,,,,,,,,,,,,
"449 Brinkley Dr, Kings Mountain, NC 28086",449 Brinkley Dr,Kings Mountain,NC,28086,,forRent,4,2175,,2195,15,https://www.zillow.com/homedetails/449-Brinkley-Dr-Kings-Mountain-NC-28086/462249560_zpid/,,295000,2026-09-02T00:00:00.000Z,Listed for rent,2026-08-20T00:00:00.000Z,Sold,2026-07-16T00:00:00.000Z,Pending sale,2026-06-05T00:00:00.000Z,Price change,2026-05-07T00:00:00.000Z,Listed for sale,,,,,,,,,,,,,,,,,,,,,,,,,,,,,,,,,,,,,,,,,,,,,,
"231 Brinkley Dr, Kings Mountain, NC 28086",231 Brinkley Dr,Kings Mountain,NC,28086,,forRent,5,2400,,2595,63,https://www.zillow.com/homedetails/231-Brinkley-Dr-Kings-Mountain-NC-28086/349365612_zpid/,,332000,2026-08-07T00:00:00.000Z,Price change,2026-07-16T00:00:00.000Z,Listed for rent,2026-07-10T00:00:00.000Z,Sold,2026-05-14T00:00:00.000Z,Listed for sale,2026-05-10T00:00:00.000Z,Listing removed,2026-03-03T00:00:00.000Z,Price change,2026-02-05T00:00:00.000Z,Price change,2025-11-06T00:00:00.000Z,Listed for sale,2024-10-25T00:00:00.000Z,Sold,2024-08-21T00:00:00.000Z,Price change,2024-08-14T00:00:00.000Z,Price change,2024-07-09T00:00:00.000Z,Price change,2024-05-07T00:00:00.000Z,Price change,2024-05-04T00:00:00.000Z,Listed for sale,,,,,,,,,,,,,,,,,,,,,,,,,,,,
"109 Ann St, Kings Mountain, NC 28086",109 Ann St,Kings Mountain,NC,28086,,forRent,3,1508,,1850,24,https://www.zillow.com/homedetails/109-Ann-St-Kings-Mountain-NC-28086/214091787_zpid/,,126000,2026-09-09T00:00:00.000Z,Price change,2026-08-24T00:00:00.000Z,Listed for rent,2016-05-27T00:00:00.000Z,Sold,,,,,,,,,,,,,,,,,,,,,,,,,,,,,,,,,,,,,,,,,,,,,,,,,,
"1330 37th Avenue Ln NE, Hickory, NC 28601",1330 37th Avenue Ln NE,Hickory,NC,28601,,forRent,5,2368,,2700,44,https://www.zillow.com/homedetails/1330-37th-Avenue-Ln-NE-Hickory-NC-28601/452771842_zpid/,,330000,2026-08-04T00:00:00.000Z,Listed for rent,2025-09-16T00:00:00.000Z,Sold,2025-06-09T00:00:00.000Z,Pending sale,2025-06-04T00:00:00.000Z,Price change,2025-05-31T00:00:00.000Z,Listed for sale,,,,,,,,,,,,,,,,,,,,,,,,,,,,,,,,,,,,,,,,,,,,,,
"2034 Shelby Rd, Kings Mountain, NC 28086",2034 Shelby Rd,Kings Mountain,NC,28086,,forRent,3,910,,1250,118,https://www.zillow.com/homedetails/2034-Shelby-Rd-Kings-Mountain-NC-28086/93001483_zpid/,,,2026-05-23T00:00:00.000Z,Listed for rent,2025-11-06T00:00:00.000Z,Listing removed,2025-10-06T00:00:00.000Z,Listed for rent,2025-06-28T00:00:00.000Z,Listing removed,2025-06-25T00:00:00.000Z,Listed for rent,,,,,,,,,,,,,,,,,,,,,,,,,,,,,,,,,,,,,,,,,,,,,,
"450 Brinkley Dr, Kings Mountain, NC 28086",450 Brinkley Dr,Kings Mountain,NC,28086,,forRent,,,,,,"https://www.zillow.com/b/450-brinkley-dr-kings-mountain-nc/35.22453,-81.3785_ll/",,,,,,,,,,,,,,,,,,,,,,,,,,,,,,,,,,,,,,,,,,,,,,,,,,,,,,,,,,
"(Undisclosed Address), Kings Mountain, NC 28086",(Undisclosed Address),Kings Mountain,NC,28086,,forRent,5,1750,,1850,3,https://www.zillow.com/homedetails/Kings-Mountain-NC-28086/93015498_zpid/,,37000,2026-09-14T00:00:00.000Z,Listed for rent,2020-09-23T00:00:00.000Z,Sold,2019-09-19T00:00:00.000Z,Listing removed,2019-08-22T00:00:00.000Z,Listed for rent,2018-10-24T00:00:00.000Z,Listing removed,2018-09-21T00:00:00.000Z,Price change,2018-08-16T00:00:00.000Z,Price change,2018-07-25T00:00:00.000Z,Listed for rent,,,,,,,,,,,,,,,,,,,,,,,,,,,,,,,,,,,,,,,,
"538 Belcaro Dr, Kings Mountain, NC 28086",538 Belcaro Dr,Kings Mountain,NC,28086,,forRent,3,1800,,1965,1,https://www.zillow.com/homedetails/538-Belcaro-Dr-Kings-Mountain-NC-28086/339891879_zpid/,,,2026-09-16T00:00:00.000Z,Price change,2026-09-02T00:00:00.000Z,Price change,2026-08-26T00:00:00.000Z,Price change,2026-08-18T00:00:00.000Z,Price change,2026-08-12T00:00:00.000Z,Price change,2026-07-31T00:00:00.000Z,Listed for rent,2025-08-22T00:00:00.000Z,Listing removed,2025-08-12T00:00:00.000Z,Price change,2025-08-06T00:00:00.000Z,Price change,2025-07-30T00:00:00.000Z,Price change,2025-07-22T00:00:00.000Z,Price change,2025-07-15T00:00:00.000Z,Price change,2025-07-08T00:00:00.000Z,Price change,2025-07-01T00:00:00.000Z,Price change,2025-06-25T00:00:00.000Z,Listed for rent,2025-06-23T00:00:00.000Z,Listing removed,2025-06-17T00:00:00.000Z,Listed for rent,2025-04-17T00:00:00.000Z,Listing removed,2025-04-15T00:00:00.000Z,Price change,2025-03-31T00:00:00.000Z,Listed for rent,2022-08-11T00:00:00.000Z,Listing removed,2022-07-15T00:00:00.000Z,Listed for sale,,,,,,,,,,,,
"4541 Western Woods Dr, Benton, AR 72015",4541 Western Woods Dr,Benton,AR,72015,,forRent,4,2000,,1895,2,https://www.zillow.com/homedetails/4541-Western-Woods-Dr-Benton-AR-72015/2061302075_zpid/,,313100,2026-09-15T00:00:00.000Z,Listed for rent,2023-03-31T00:00:00.000Z,Sold,2022-11-05T00:00:00.000Z,Listing removed,2022-09-30T00:00:00.000Z,Listed for rent,,,,,,,,,,,,,,,,,,,,,,,,,,,,,,,,,,,,,,,,,,,,,,,,
"170 Crown Ct, Kings Mountain, NC 28086",170 Crown Ct,Kings Mountain,NC,28086,,forRent,3,1320,,1715,8,https://www.zillow.com/homedetails/170-Crown-Ct-Kings-Mountain-NC-28086/214084781_zpid/,,22000,2026-09-09T00:00:00.000Z,Listed for rent,2025-08-22T00:00:00.000Z,Sold,2022-02-11T00:00:00.000Z,Sold,2021-12-21T00:00:00.000Z,Contingent,2018-04-23T00:00:00.000Z,Listed for sale,,,,,,,,,,,,,,,,,,,,,,,,,,,,,,,,,,,,,,,,,,,,,,
"736 12th Ave NW, Hickory, NC 28601",736 12th Ave NW,Hickory,NC,28601,,forRent,3,1852,,1900,17,https://www.zillow.com/homedetails/736-12th-Ave-NW-Hickory-NC-28601/71948672_zpid/,,,2026-08-31T00:00:00.000Z,Listed for rent,,,,,,,,,,,,,,,,,,,,,,,,,,,,,,,,,,,,,,,,,,,,,,,,,,,,,,
"9 Oak Forest Dr, Maumelle, AR 72113",9 Oak Forest Dr,Maumelle,AR,72113,,forRent,3,1176,,1675,2,https://www.zillow.com/homedetails/9-Oak-Forest-Dr-Maumelle-AR-72113/326498_zpid/,,785000,2026-09-15T00:00:00.000Z,Listed for rent,2026-01-10T00:00:00.000Z,Listing removed,2025-12-01T00:00:00.000Z,Listed for rent,2015-05-29T00:00:00.000Z,Sold,2008-09-12T00:00:00.000Z,Sold,,,,,,,,,,,,,,,,,,,,,,,,,,,,,,,,,,,,,,,,,,,,,,
"8512 Highway 5 N, Benton, AR 72019",8512 Highway 5 N,Benton,AR,72019,,forRent,4,1533,,1895,3,https://www.zillow.com/homedetails/8512-Highway-5-N-Benton-AR-72019/394628139_zpid/,,,2026-09-14T00:00:00.000Z,Listed for rent,2024-09-13T00:00:00.000Z,Listing removed,2024-07-15T00:00:00.000Z,Listed for rent,,,,,,,,,,,,,,,,,,,,,,,,,,,,,,,,,,,,,,,,,,,,,,,,,,
"21 Pin Oak Loop, Maumelle, AR 72113",21 Pin Oak Loop,Maumelle,AR,72113,,forRent,3,1270,,1500,1,https://www.zillow.com/homedetails/21-Pin-Oak-Loop-Maumelle-AR-72113/326790_zpid/,,177000,2026-09-16T00:00:00.000Z,Listed for rent,2025-06-29T00:00:00.000Z,Listing removed,2025-06-19T00:00:00.000Z,Listed for rent,2025-04-11T00:00:00.000Z,Sold,2025-04-11T00:00:00.000Z,Contingent,2025-02-24T00:00:00.000Z,Price change,2025-01-22T00:00:00.000Z,Price change,2025-01-03T00:00:00.000Z,Listed for sale,2023-03-17T00:00:00.000Z,Sold,2023-02-13T00:00:00.000Z,Contingent,2023-02-10T00:00:00.000Z,Listed for sale,2012-07-26T00:00:00.000Z,Sold,2012-03-29T00:00:00.000Z,Listing removed,2011-10-07T00:00:00.000Z,Price change,2011-04-16T00:00:00.000Z,Listed for sale,2009-03-04T00:00:00.000Z,Sold,1998-11-03T00:00:00.000Z,Sold,,,,,,,,,,,,,,,,,,,,,,
"2064 Fern Valley Dr, Alexander, AR 72002",2064 Fern Valley Dr,Alexander,AR,72002,,forRent,3,1394,,1595,1,https://www.zillow.com/homedetails/2064-Fern-Valley-Dr-Alexander-AR-72002/247595904_zpid/,,169000,2026-09-16T00:00:00.000Z,Listed for rent,2025-12-24T00:00:00.000Z,Listing removed,2025-11-13T00:00:00.000Z,Listed for rent,2023-05-30T00:00:00.000Z,Listing removed,2023-05-15T00:00:00.000Z,Listed for rent,2021-06-30T00:00:00.000Z,Listing removed,2021-06-22T00:00:00.000Z,Listed for rent,2021-06-14T00:00:00.000Z,Sold,2021-06-13T00:00:00.000Z,Contingent,2021-05-13T00:00:00.000Z,Listed for sale,2016-12-16T00:00:00.000Z,Sold,,,,,,,,,,,,,,,,,,,,,,,,,,,,,,,,,,
"111 Miramar Dr, Maumelle, AR 72113",111 Miramar Dr,Maumelle,AR,72113,,forRent,3,2404,,2390,13,https://www.zillow.com/homedetails/111-Miramar-Dr-Maumelle-AR-72113/328081_zpid/,,240000,2026-09-04T00:00:00.000Z,Listed for rent,2025-04-03T00:00:00.000Z,Listing removed,2025-03-18T00:00:00.000Z,Listed for rent,2024-02-23T00:00:00.000Z,Listing removed,2024-01-18T00:00:00.000Z,Listed for rent,2022-02-23T00:00:00.000Z,Listing removed,2022-01-06T00:00:00.000Z,Listed for rent,2022-01-04T00:00:00.000Z,Sold,2021-11-29T00:00:00.000Z,Price change,2021-11-01T00:00:00.000Z,Price change,2021-10-13T00:00:00.000Z,Price change,2021-09-28T00:00:00.000Z,Price change,2021-08-25T00:00:00.000Z,Listed for sale,2015-07-22T00:00:00.000Z,Sold,2012-09-27T00:00:00.000Z,Sold,2012-06-03T00:00:00.000Z,Listed for sale,,,,,,,,,,,,,,,,,,,,,,,,
"61 Pin Oak Loop, Maumelle, AR 72113",61 Pin Oak Loop,Maumelle,AR,72113,,forRent,3,1173,,1495,76,https://www.zillow.com/homedetails/61-Pin-Oak-Loop-Maumelle-AR-72113/326810_zpid/,,175000,2026-08-14T00:00:00.000Z,Price change,2026-08-12T00:00:00.000Z,Price change,2026-07-03T00:00:00.000Z,Listed for rent,2024-04-25T00:00:00.000Z,Listing removed,2024-04-09T00:00:00.000Z,Listed for rent,2023-02-09T00:00:00.000Z,Listing removed,2022-12-28T00:00:00.000Z,Price change,2022-10-26T00:00:00.000Z,Listed for rent,2022-09-30T00:00:00.000Z,Sold,2022-08-28T00:00:00.000Z,Contingent,2022-08-26T00:00:00.000Z,Listed for sale,2018-04-24T00:00:00.000Z,Sold,2018-03-07T00:00:00.000Z,Price change,2018-02-07T00:00:00.000Z,Listed for sale,2017-06-08T00:00:00.000Z,Listing removed,2017-05-10T00:00:00.000Z,Listed for sale,2014-05-05T00:00:00.000Z,Sold,2011-07-04T00:00:00.000Z,Listing removed,2011-06-09T00:00:00.000Z,Listed for sale,2006-08-02T00:00:00.000Z,Sold,2003-05-01T00:00:00.000Z,Sold,2000-09-22T00:00:00.000Z,Sold,,,,,,,,,,,,
"7 Southland Dr, Maumelle, AR 72113",7 Southland Dr,Maumelle,AR,72113,,forRent,2,925,,850,79,https://www.zillow.com/homedetails/7-Southland-Dr-Maumelle-AR-72113/2109744736_zpid/,,,2026-06-30T00:00:00.000Z,Listed for rent,2018-07-15T00:00:00.000Z,Listing removed,2018-06-28T00:00:00.000Z,Listed for rent,2016-06-28T00:00:00.000Z,Listing removed,2014-12-12T00:00:00.000Z,Listing removed,2014-07-29T00:00:00.000Z,Listed for rent,2013-12-30T00:00:00.000Z,Listing removed,2013-11-27T00:00:00.000Z,Listed for rent,,,,,,,,,,,,,,,,,,,,,,,,,,,,,,,,,,,,,,,,
"42 Winners Cir, Cabot, AR 72023",42 Winners Cir,Cabot,AR,72023,,forRent,3,1521,,1850,7,https://www.zillow.com/homedetails/42-Winners-Cir-Cabot-AR-72023/72176611_zpid/,,196500,2026-08-07T00:00:00.000Z,Listed for rent,2025-10-07T00:00:00.000Z,Listing removed,2025-09-15T00:00:00.000Z,Listed for rent,2025-07-09T00:00:00.000Z,Sold,2025-04-28T00:00:00.000Z,Price change,2025-04-14T00:00:00.000Z,Price change,2025-04-03T00:00:00.000Z,Price change,2025-03-27T00:00:00.000Z,Listed for sale,,,,,,,,,,,,,,,,,,,,,,,,,,,,,,,,,,,,,,,,
"29 Mattie Lene Dr, Ward, AR 72176",29 Mattie Lene Dr,Ward,AR,72176,,forRent,3,1301,,1350,7,https://www.zillow.com/homedetails/29-Mattie-Lene-Dr-Ward-AR-72176/35732499_zpid/,,80000,2026-09-10T00:00:00.000Z,Listed for rent,2026-03-20T00:00:00.000Z,Listing removed,2026-01-05T00:00:00.000Z,Listed for rent,2024-10-09T00:00:00.000Z,Listing removed,2024-09-16T00:00:00.000Z,Listed for rent,2009-05-16T00:00:00.000Z,Listing removed,2009-01-18T00:00:00.000Z,Listed for sale,2005-09-22T00:00:00.000Z,Sold,2004-02-23T00:00:00.000Z,Sold,2003-01-24T00:00:00.000Z,Sold,,,,,,,,,,,,,,,,,,,,,,,,,,,,,,,,,,,,
"6413 Amalie Dr, Alexander, AR 72002",6413 Amalie Dr,Alexander,AR,72002,,forRent,3,1485,,1675,9,https://www.zillow.com/homedetails/6413-Amalie-Dr-Alexander-AR-72002/247595729_zpid/,,198000,2026-09-08T00:00:00.000Z,Listed for rent,2025-08-18T00:00:00.000Z,Listing removed,2025-08-06T00:00:00.000Z,Listed for rent,2022-05-12T00:00:00.000Z,Listing removed,2022-05-04T00:00:00.000Z,Price change,2022-04-27T00:00:00.000Z,Price change,2022-04-12T00:00:00.000Z,Listed for rent,2022-03-01T00:00:00.000Z,Sold,2022-01-18T00:00:00.000Z,Listed for sale,2018-09-21T00:00:00.000Z,Sold,2018-08-07T00:00:00.000Z,Listed for sale,2018-06-21T00:00:00.000Z,Listing removed,2018-05-23T00:00:00.000Z,Price change,2018-05-11T00:00:00.000Z,Listed for sale,,,,,,,,,,,,,,,,,,,,,,,,,,,,
"2 Corbet Ln, Maumelle, AR 72113",2 Corbet Ln,Maumelle,AR,72113,,forRent,3,1523,,2300,27,https://www.zillow.com/homedetails/2-Corbet-Ln-Maumelle-AR-72113/122005820_zpid/,,,2026-08-21T00:00:00.000Z,Listed for rent,2025-04-21T00:00:00.000Z,Listing removed,2025-03-25T00:00:00.000Z,Price change,2025-03-04T00:00:00.000Z,Listed for rent,2025-01-27T00:00:00.000Z,Listing removed,2025-01-14T00:00:00.000Z,Price change,2025-01-13T00:00:00.000Z,Listed for rent,2022-11-11T00:00:00.000Z,Listing removed,2022-10-11T00:00:00.000Z,Listed for rent,2017-10-06T00:00:00.000Z,Listing removed,2017-08-30T00:00:00.000Z,Price change,2017-08-08T00:00:00.000Z,Price change,2017-06-26T00:00:00.000Z,Listed for rent,,,,,,,,,,,,,,,,,,,,,,,,,,,,,,
"12 Applewood Dr, Cabot, AR 72023",12 Applewood Dr,Cabot,AR,72023,,forRent,3,1348,,1600,2,https://www.zillow.com/homedetails/12-Applewood-Dr-Cabot-AR-72023/35732364_zpid/,,192000,2026-09-15T00:00:00.000Z,Listed for rent,2026-08-31T00:00:00.000Z,Sold,2026-08-31T00:00:00.000Z,Contingent,2026-07-24T00:00:00.000Z,Listed for sale,2022-08-05T00:00:00.000Z,Sold,2019-04-30T00:00:00.000Z,Sold,2019-04-23T00:00:00.000Z,Pending sale,2019-02-27T00:00:00.000Z,Listed for sale,,,,,,,,,,,,,,,,,,,,,,,,,,,,,,,,,,,,,,,,
"87 Sycamore Cir, Cabot, AR 72023",87 Sycamore Cir,Cabot,AR,72023,,forRent,3,1252,,1350,34,https://www.zillow.com/homedetails/87-Sycamore-Cir-Cabot-AR-72023/256430_zpid/,,151500,2026-09-14T00:00:00.000Z,Price change,2026-08-29T00:00:00.000Z,Price change,2026-08-14T00:00:00.000Z,Listed for rent,2026-07-17T00:00:00.000Z,Sold,2026-06-05T00:00:00.000Z,Listed for sale,2026-05-27T00:00:00.000Z,Listing removed,2026-05-15T00:00:00.000Z,Listed for rent,2020-06-03T00:00:00.000Z,Sold,2020-02-28T00:00:00.000Z,Sold,2013-03-25T00:00:00.000Z,Sold,,,,,,,,,,,,,,,,,,,,,,,,,,,,,,,,,,,,
"(Undisclosed Address), Maumelle, AR 72113",(Undisclosed Address),Maumelle,AR,72113,,forRent,3,1430,,1700,26,https://www.zillow.com/homedetails/Maumelle-AR-72113/326296_zpid/,,295000,2026-08-22T00:00:00.000Z,Listed for rent,2025-10-31T00:00:00.000Z,Listing removed,2025-09-27T00:00:00.000Z,Price change,2025-08-03T00:00:00.000Z,Price change,2025-07-20T00:00:00.000Z,Listed for rent,2023-04-29T00:00:00.000Z,Listing removed,2023-04-28T00:00:00.000Z,Listed for rent,2023-04-20T00:00:00.000Z,Listing removed,2023-04-19T00:00:00.000Z,Listed for rent,2021-08-07T00:00:00.000Z,Listing removed,2021-08-05T00:00:00.000Z,Listed for rent,2021-07-28T00:00:00.000Z,Listing removed,2021-07-26T00:00:00.000Z,Listed for rent,2021-02-23T00:00:00.000Z,Listing removed,2020-07-23T00:00:00.000Z,Listing removed,2020-07-22T00:00:00.000Z,Price change,2020-07-20T00:00:00.000Z,Listed for rent,2019-10-31T00:00:00.000Z,Listing removed,2019-10-21T00:00:00.000Z,Price change,2019-10-01T00:00:00.000Z,Listed for rent,2018-08-19T00:00:00.000Z,Listing removed,2018-08-06T00:00:00.000Z,Listed for rent,2017-11-14T00:00:00.000Z,Listing removed,2017-10-11T00:00:00.000Z,Listed for rent,2014-05-06T00:00:00.000Z,Sold,2003-07-08T00:00:00.000Z,Sold,1998-12-11T00:00:00.000Z,Sold,1997-10-24T00:00:00.000Z,Sold
"127 Chambery Dr, Maumelle, AR 72113",127 Chambery Dr,Maumelle,AR,72113,,forRent,4,1651,,2500,14,https://www.zillow.com/homedetails/127-Chambery-Dr-Maumelle-AR-72113/122006196_zpid/,,,2026-09-03T00:00:00.000Z,Price change,2026-07-24T00:00:00.000Z,Listed for rent,2019-06-07T00:00:00.000Z,Listing removed,2019-03-21T00:00:00.000Z,Price change,2019-02-14T00:00:00.000Z,Listed for rent,2017-11-15T00:00:00.000Z,Listing removed,2017-08-30T00:00:00.000Z,Price change,2017-08-08T00:00:00.000Z,Price change,2017-04-27T00:00:00.000Z,Listed for rent,,,,,,,,,,,,,,,,,,,,,,,,,,,,,,,,,,,,,,
"11 W Plaza Blvd, Cabot, AR 72023",11 W Plaza Blvd,Cabot,AR,72023,,forRent,3,1487,,1525,24,https://www.zillow.com/homedetails/11-W-Plaza-Blvd-Cabot-AR-72023/256262_zpid/,,229049,2026-08-24T00:00:00.000Z,Listed for rent,2024-09-13T00:00:00.000Z,Listing removed,2024-07-02T00:00:00.000Z,Listed for rent,2013-02-26T00:00:00.000Z,Sold,,,,,,,,,,,,,,,,,,,,,,,,,,,,,,,,,,,,,,,,,,,,,,,,
"6065 Discovery Trl, Bauxite, AR 72011",6065 Discovery Trl,Bauxite,AR,72011,,forRent,4,1459,,1595,2,https://www.zillow.com/homedetails/6065-Discovery-Trl-Bauxite-AR-72011/442588179_zpid/,,192660,2026-09-15T00:00:00.000Z,Listed for rent,2026-08-11T00:00:00.000Z,Listing removed,2026-08-03T00:00:00.000Z,Listed for rent,2025-07-01T00:00:00.000Z,Listing removed,2025-05-23T00:00:00.000Z,Listed for rent,2025-05-09T00:00:00.000Z,Sold,2025-05-01T00:00:00.000Z,Contingent,2025-04-15T00:00:00.000Z,Price change,2025-04-04T00:00:00.000Z,Price change,2025-03-07T00:00:00.000Z,Price change,2025-02-28T00:00:00.000Z,Price change,2025-01-30T00:00:00.000Z,Price change,2024-12-14T00:00:00.000Z,Listed for sale,2024-11-22T00:00:00.000Z,Listing removed,2024-11-14T00:00:00.000Z,Listed for sale,,,,,,,,,,,,,,,,,,,,,,,,,,
"216 Chantilly Cir, Maumelle, AR 72113",216 Chantilly Cir,Maumelle,AR,72113,,forRent,3,1632,,2200,18,https://www.zillow.com/homedetails/216-Chantilly-Cir-Maumelle-AR-72113/328342_zpid/,,300000,2026-08-30T00:00:00.000Z,Listed for rent,2025-09-26T00:00:00.000Z,Listing removed,2025-09-19T00:00:00.000Z,Sold,2025-08-30T00:00:00.000Z,Listed for rent,2025-08-09T00:00:00.000Z,Listed for sale,2017-12-05T00:00:00.000Z,Listing removed,2017-10-21T00:00:00.000Z,Listed for sale,2015-07-13T00:00:00.000Z,Sold,2006-08-30T00:00:00.000Z,Sold,2003-10-15T00:00:00.000Z,Sold,2003-04-04T00:00:00.000Z,Sold,1997-10-13T00:00:00.000Z,Sold,,,,,,,,,,,,,,,,,,,,,,,,,,,,,,,,
"11 Page Cv, Maumelle, AR 72113",11 Page Cv,Maumelle,AR,72113,,forRent,3,1294,,1695,15,https://www.zillow.com/homedetails/11-Page-Cv-Maumelle-AR-72113/326629_zpid/,,222125,2026-09-02T00:00:00.000Z,Listed for rent,2019-05-21T00:00:00.000Z,Listing removed,2019-02-11T00:00:00.000Z,Listed for rent,2017-11-18T00:00:00.000Z,Listing removed,2017-10-06T00:00:00.000Z,Price change,2017-09-16T00:00:00.000Z,Price change,2017-08-12T00:00:00.000Z,Listed for rent,2017-04-01T00:00:00.000Z,Listing removed,2017-02-23T00:00:00.000Z,Listed for rent,2016-01-29T00:00:00.000Z,Listing removed,2016-01-13T00:00:00.000Z,Listed for rent,2014-01-01T00:00:00.000Z,Sold,1983-10-01T00:00:00.000Z,Sold,,,,,,,,,,,,,,,,,,,,,,,,,,,,,,
"3002 Forest Dr, Bryant, AR 72022",3002 Forest Dr,Bryant,AR,72022,,forRent,3,1409,,1650,8,https://www.zillow.com/homedetails/3002-Forest-Dr-Bryant-AR-72022/390575_zpid/,,213000,2026-09-10T00:00:00.000Z,Listed for rent,2026-08-24T00:00:00.000Z,Sold,2026-06-30T00:00:00.000Z,Listed for sale,2018-03-05T00:00:00.000Z,Sold,2011-03-18T00:00:00.000Z,Sold,2011-02-13T00:00:00.000Z,Listed for sale,2006-08-16T00:00:00.000Z,Sold,,,,,,,,,,,,,,,,,,,,,,,,,,,,,,,,,,,,,,,,,,
"6688 Hollywood Ave, Benton, AR 72019",6688 Hollywood Ave,Benton,AR,72019,,forRent,3,1051,,1595,13,https://www.zillow.com/homedetails/6688-Hollywood-Ave-Benton-AR-72019/460744960_zpid/,,183900,2026-09-04T00:00:00.000Z,Listed for rent,2026-08-28T00:00:00.000Z,Sold,2026-08-10T00:00:00.000Z,Contingent,2026-06-25T00:00:00.000Z,Price change,2026-06-18T00:00:00.000Z,Price change,2026-06-09T00:00:00.000Z,Price change,2026-05-02T00:00:00.000Z,Price change,2026-03-31T00:00:00.000Z,Price change,2026-03-03T00:00:00.000Z,Price change,2026-02-27T00:00:00.000Z,Listed for sale,,,,,,,,,,,,,,,,,,,,,,,,,,,,,,,,,,,,
"57 Stoneledge Dr, Maumelle, AR 72113",57 Stoneledge Dr,Maumelle,AR,72113,,forRent,4,1961,,1950,28,https://www.zillow.com/homedetails/57-Stoneledge-Dr-Maumelle-AR-72113/326028_zpid/,,145000,2026-08-21T00:00:00.000Z,Listed for rent,2024-06-09T00:00:00.000Z,Listing removed,2024-05-08T00:00:00.000Z,Listed for rent,2024-04-23T00:00:00.000Z,Sold,2024-04-06T00:00:00.000Z,Listed for sale,2013-09-20T00:00:00.000Z,Sold,,,,,,,,,,,,,,,,,,,,,,,,,,,,,,,,,,,,,,,,,,,,
"27 Trinity Dr, Cabot, AR 72023",27 Trinity Dr,Cabot,AR,72023,,forRent,3,1442,,1525,27,https://www.zillow.com/homedetails/27-Trinity-Dr-Cabot-AR-72023/113948501_zpid/,,,2026-08-21T00:00:00.000Z,Listed for rent,2025-09-11T00:00:00.000Z,Listing removed,2025-07-29T00:00:00.000Z,Price change,2025-07-03T00:00:00.000Z,Listed for rent,,,,,,,,,,,,,,,,,,,,,,,,,,,,,,,,,,,,,,,,,,,,,,,,
"402 Stone Creek Dr, Benton, AR 72015",402 Stone Creek Dr,Benton,AR,72015,,forRent,4,1762,,1895,9,https://www.zillow.com/homedetails/402-Stone-Creek-Dr-Benton-AR-72015/71716020_zpid/,,178000,2026-09-08T00:00:00.000Z,Listed for rent,2023-09-17T00:00:00.000Z,Listing removed,2023-07-18T00:00:00.000Z,Listing removed,2023-06-14T00:00:00.000Z,Price change,2023-06-06T00:00:00.000Z,Listed for rent,2021-09-16T00:00:00.000Z,Sold,2016-08-06T00:00:00.000Z,Listing removed,2016-07-13T00:00:00.000Z,Listed for sale,2016-05-27T00:00:00.000Z,Listing removed,2016-04-15T00:00:00.000Z,Listed for sale,2006-07-11T00:00:00.000Z,Sold,,,,,,,,,,,,,,,,,,,,,,,,,,,,,,,,,,
"821 Church, Benton, AR 72015",821 Church,Benton,AR,72015,,forRent,4,1540,,1675,13,https://www.zillow.com/homedetails/821-Church-Benton-AR-72015/387634_zpid/,,155000,2026-09-04T00:00:00.000Z,Listed for rent,2021-08-04T00:00:00.000Z,Listing removed,2021-07-27T00:00:00.000Z,Listed for rent,2021-06-04T00:00:00.000Z,Sold,2020-12-14T00:00:00.000Z,Sold,2020-10-24T00:00:00.000Z,Listed for sale,,,,,,,,,,,,,,,,,,,,,,,,,,,,,,,,,,,,,,,,,,,,
"209 N Madison St, Cabot, AR 72023",209 N Madison St,Cabot,AR,72023,,forRent,3,1524,,1895,69,https://www.zillow.com/homedetails/209-N-Madison-St-Cabot-AR-72023/439267452_zpid/,,,2026-07-10T00:00:00.000Z,Listed for rent,2025-06-24T00:00:00.000Z,Listing removed,2025-06-19T00:00:00.000Z,Listed for rent,2025-06-19T00:00:00.000Z,Listing removed,2025-04-10T00:00:00.000Z,Price change,2025-03-05T00:00:00.000Z,Listed for rent,2025-03-05T00:00:00.000Z,Listing removed,2025-03-04T00:00:00.000Z,Listed for rent,2025-03-03T00:00:00.000Z,Listing removed,2025-02-28T00:00:00.000Z,Listed for rent,2024-12-28T00:00:00.000Z,Listing removed,2024-12-04T00:00:00.000Z,Price change,2024-09-23T00:00:00.000Z,Listing removed,2024-09-21T00:00:00.000Z,Price change,2024-09-17T00:00:00.000Z,Price change,2024-09-11T00:00:00.000Z,Listed for rent,2024-08-21T00:00:00.000Z,Listed for sale,,,,,,,,,,,,,,,,,,,,,,
"3001 Wild Berry Dr, Benton, AR 72015",3001 Wild Berry Dr,Benton,AR,72015,,forRent,3,1486,,1725,27,https://www.zillow.com/homedetails/3001-Wild-Berry-Dr-Benton-AR-72015/71716346_zpid/,,184900,2026-08-21T00:00:00.000Z,Listed for rent,2024-07-31T00:00:00.000Z,Listing removed,2024-07-05T00:00:00.000Z,Listed for rent,2023-04-21T00:00:00.000Z,Listing removed,2023-04-19T00:00:00.000Z,Listed for rent,2022-03-28T00:00:00.000Z,Listing removed,2022-03-24T00:00:00.000Z,Price change,2022-03-11T00:00:00.000Z,Listed for rent,2022-02-01T00:00:00.000Z,Sold,2022-02-01T00:00:00.000Z,Contingent,2022-01-06T00:00:00.000Z,Listed for sale,2020-08-31T00:00:00.000Z,Sold,2020-07-10T00:00:00.000Z,Listed for sale,2008-07-11T00:00:00.000Z,Sold,,,,,,,,,,,,,,,,,,,,,,,,,,,,
"56 Razorback Cv, Austin, AR 72007",56 Razorback Cv,Austin,AR,72007,,forRent,3,1250,,1595,0,https://www.zillow.com/homedetails/56-Razorback-Cv-Austin-AR-72007/99434828_zpid/,,195000,2026-09-18T00:00:00.000Z,Listed for rent,2022-09-27T00:00:00.000Z,Sold,2022-07-29T00:00:00.000Z,Sold,2020-03-01T00:00:00.000Z,Listing removed,2019-10-07T00:00:00.000Z,Listed for sale,2019-08-01T00:00:00.000Z,Listing removed,2018-04-05T00:00:00.000Z,Listed for sale,,,,,,,,,,,,,,,,,,,,,,,,,,,,,,,,,,,,,,,,,,
"32 Cinderwood Cv, Maumelle, AR 72113",32 Cinderwood Cv,Maumelle,AR,72113,,forRent,3,2467,,1895,18,https://www.zillow.com/homedetails/32-Cinderwood-Cv-Maumelle-AR-72113/343619_zpid/,,505000,2026-08-30T00:00:00.000Z,Listed for rent,2025-10-09T00:00:00.000Z,Listing removed,2025-09-04T00:00:00.000Z,Price change,2025-08-30T00:00:00.000Z,Listed for rent,2016-07-22T00:00:00.000Z,Listing removed,2016-07-21T00:00:00.000Z,Price change,2016-06-17T00:00:00.000Z,Price change,2016-05-21T00:00:00.000Z,Listed for sale,2015-09-30T00:00:00.000Z,Sold,2008-05-09T00:00:00.000Z,Sold,,,,,,,,,,,,,,,,,,,,,,,,,,,,,,,,,,,,
"28 Burns Dr, Cabot, AR 72023",28 Burns Dr,Cabot,AR,72023,,forRent,3,1288,,1350,58,https://www.zillow.com/homedetails/28-Burns-Dr-Cabot-AR-72023/255699_zpid/,,146000,2026-08-31T00:00:00.000Z,Price change,2026-07-21T00:00:00.000Z,Listed for rent,2025-08-07T00:00:00.000Z,Listing removed,2025-07-14T00:00:00.000Z,Price change,2025-07-03T00:00:00.000Z,Listed for rent,2022-06-28T00:00:00.000Z,Sold,2014-11-26T00:00:00.000Z,Sold,2012-06-24T00:00:00.000Z,Listing removed,2012-06-08T00:00:00.000Z,Listed for rent,2011-04-29T00:00:00.000Z,Listing removed,2011-01-27T00:00:00.000Z,Listed for sale,2010-06-04T00:00:00.000Z,Sold,2010-04-29T00:00:00.000Z,Listed for sale,,,,,,,,,,,,,,,,,,,,,,,,,,,,,,
"2668 Chapel Creek Dr, Benton, AR 72015",2668 Chapel Creek Dr,Benton,AR,72015,,forRent,3,1478,,1595,10,https://www.zillow.com/homedetails/2668-Chapel-Creek-Dr-Benton-AR-72015/120791136_zpid/,,,2026-07-31T00:00:00.000Z,Listed for rent,2020-04-14T00:00:00.000Z,Listing removed,2020-04-08T00:00:00.000Z,Listed for rent,2017-08-19T00:00:00.000Z,Listing removed,2017-08-03T00:00:00.000Z,Listed for rent,,,,,,,,,,,,,,,,,,,,,,,,,,,,,,,,,,,,,,,,,,,,,,
"17024 Congo Ferndale Rd, Little Rock, AR 72210",17024 Congo Ferndale Rd,Little Rock,AR,72210,,forRent,4,1590,,1675,99,https://www.zillow.com/homedetails/17024-Congo-Ferndale-Rd-Little-Rock-AR-72210/370120_zpid/,,279500,2026-06-10T00:00:00.000Z,Listed for rent,2020-09-11T00:00:00.000Z,Listing removed,2020-07-23T00:00:00.000Z,Listed for rent,2018-05-13T00:00:00.000Z,Listing removed,2018-01-31T00:00:00.000Z,Listed for rent,2017-03-29T00:00:00.000Z,Sold,,,,,,,,,,,,,,,,,,,,,,,,,,,,,,,,,,,,,,,,,,,,
"227 Iris St, Haskell, AR 72015",227 Iris St,Haskell,AR,72015,,forRent,3,1420,,1675,52,https://www.zillow.com/homedetails/227-Iris-St-Haskell-AR-72015/2060765172_zpid/,,195000,2026-09-10T00:00:00.000Z,Price change,2026-08-27T00:00:00.000Z,Price change,2026-07-27T00:00:00.000Z,Listed for rent,2023-02-16T00:00:00.000Z,Listing removed,2023-02-08T00:00:00.000Z,Price change,2023-01-26T00:00:00.000Z,Price change,2022-12-09T00:00:00.000Z,Listed for rent,2022-11-10T00:00:00.000Z,Sold,,,,,,,,,,,,,,,,,,,,,,,,,,,,,,,,,,,,,,,,
"44 Kirkland Dr, Cabot, AR 72023",44 Kirkland Dr,Cabot,AR,72023,,forRent,3,2077,,1900,167,https://www.zillow.com/homedetails/44-Kirkland-Dr-Cabot-AR-72023/52495420_zpid/,,,2026-04-03T00:00:00.000Z,Listed for rent,2026-04-03T00:00:00.000Z,Listing removed,2026-02-11T00:00:00.000Z,Listed for rent,2025-09-22T00:00:00.000Z,Listing removed,2025-08-19T00:00:00.000Z,Listing removed,2025-08-17T00:00:00.000Z,Listed for rent,2025-01-03T00:00:00.000Z,Price change,2024-11-04T00:00:00.000Z,Price change,2024-10-10T00:00:00.000Z,Price change,2024-09-24T00:00:00.000Z,Listed for sale,2015-02-21T00:00:00.000Z,Listing removed,2015-01-28T00:00:00.000Z,Price change,2014-11-18T00:00:00.000Z,Price change,2014-08-30T00:00:00.000Z,Listed for rent,2013-05-18T00:00:00.000Z,Listing removed,2013-04-17T00:00:00.000Z,Listed for rent,2012-10-25T00:00:00.000Z,Listing removed,2012-09-25T00:00:00.000Z,Listed for rent,2012-07-12T00:00:00.000Z,Listing removed,2012-06-12T00:00:00.000Z,Price change,2012-05-25T00:00:00.000Z,Listed for rent,2011-08-23T00:00:00.000Z,Listing removed,2010-10-08T00:00:00.000Z,Listed for sale,,,,,,,,,,
"5399 Heritage Valley Dr, Benton, AR 72019",5399 Heritage Valley Dr,Benton,AR,72019,,forRent,4,1790,,1800,52,https://www.zillow.com/homedetails/5399-Heritage-Valley-Dr-Benton-AR-72019/2062299989_zpid/,,245000,2026-09-10T00:00:00.000Z,Price change,2026-08-31T00:00:00.000Z,Price change,2026-07-27T00:00:00.000Z,Listed for rent,2026-07-15T00:00:00.000Z,Listing removed,2026-05-22T00:00:00.000Z,Price change,2026-04-02T00:00:00.000Z,Listed for sale,2026-04-01T00:00:00.000Z,Listing removed,2025-11-06T00:00:00.000Z,Price change,2025-10-13T00:00:00.000Z,Price change,2025-10-04T00:00:00.000Z,Listed for sale,2025-02-24T00:00:00.000Z,Sold,2025-02-05T00:00:00.000Z,Contingent,2024-11-30T00:00:00.000Z,Price change,2024-10-04T00:00:00.000Z,Price change,2024-09-29T00:00:00.000Z,Price change,2024-09-07T00:00:00.000Z,Listed for sale,2022-08-29T00:00:00.000Z,Sold,,,,,,,,,,,,,,,,,,,,,,
"81 Oak Forest Loop, Maumelle, AR 72113",81 Oak Forest Loop,Maumelle,AR,72113,,forRent,3,1300,,1700,59,https://www.zillow.com/homedetails/81-Oak-Forest-Loop-Maumelle-AR-72113/326542_zpid/,,145000,2026-07-20T00:00:00.000Z,Listed for rent,2021-01-15T00:00:00.000Z,Sold,2012-10-11T00:00:00.000Z,Sold,1997-04-16T00:00:00.000Z,Sold,,,,,,,,,,,,,,,,,,,,,,,,,,,,,,,,,,,,,,,,,,,,,,,,
"3264 Sidell Estates Dr, Benton, AR 72015",3264 Sidell Estates Dr,Benton,AR,72015,,forRent,4,1652,,1795,34,https://www.zillow.com/homedetails/3264-Sidell-Estates-Dr-Benton-AR-72015/2063496322_zpid/,,,2026-08-14T00:00:00.000Z,Listed for rent,2022-07-02T00:00:00.000Z,Listing removed,2022-06-10T00:00:00.000Z,Price change,2022-04-28T00:00:00.000Z,Listed for sale,,,,,,,,,,,,,,,,,,,,,,,,,,,,,,,,,,,,,,,,,,,,,,,,
"263 Lake Valley Dr, Maumelle, AR 72113",263 Lake Valley Dr,Maumelle,AR,72113,,forRent,5,3100,,2600,20,https://www.zillow.com/homedetails/263-Lake-Valley-Dr-Maumelle-AR-72113/89031838_zpid/,,308200,2026-08-28T00:00:00.000Z,Listed for rent,2025-08-11T00:00:00.000Z,Listing removed,2025-07-23T00:00:00.000Z,Price change,2025-07-05T00:00:00.000Z,Listed for rent,2024-09-12T00:00:00.000Z,Listing removed,2024-08-20T00:00:00.000Z,Listed for rent,2024-08-14T00:00:00.000Z,Listing removed,2024-08-12T00:00:00.000Z,Listed for rent,2023-06-29T00:00:00.000Z,Listing removed,2023-06-08T00:00:00.000Z,Listed for rent,2019-09-12T00:00:00.000Z,Sold,2019-08-27T00:00:00.000Z,Pending sale,2019-08-02T00:00:00.000Z,Price change,2019-07-11T00:00:00.000Z,Price change,2019-06-07T00:00:00.000Z,Price change,2019-05-23T00:00:00.000Z,Price change,2019-04-25T00:00:00.000Z,Price change,2019-04-11T00:00:00.000Z,Price change,2019-03-27T00:00:00.000Z,Price change,2019-03-06T00:00:00.000Z,Price change,2019-02-07T00:00:00.000Z,Price change,2019-01-16T00:00:00.000Z,Price change,2018-12-17T00:00:00.000Z,Listed for sale,2018-10-23T00:00:00.000Z,Listing removed,2013-04-17T00:00:00.000Z,Sold,2010-03-01T00:00:00.000Z,Sold,2008-08-04T00:00:00.000Z,Sold,2008-03-04T00:00:00.000Z,Sold
"5 Stoneledge Dr, Maumelle, AR 72113",5 Stoneledge Dr,Maumelle,AR,72113,,forRent,3,1755,,1850,34,https://www.zillow.com/homedetails/5-Stoneledge-Dr-Maumelle-AR-72113/326005_zpid/,,240000,2026-08-14T00:00:00.000Z,Listed for rent,2025-04-10T00:00:00.000Z,Listing removed,2025-03-28T00:00:00.000Z,Listed for rent,2025-02-06T00:00:00.000Z,Sold,2024-11-23T00:00:00.000Z,Listing removed,2024-07-30T00:00:00.000Z,Listed for rent,2015-02-24T00:00:00.000Z,Sold,,,,,,,,,,,,,,,,,,,,,,,,,,,,,,,,,,,,,,,,,,
"4056 Kings River Trl, Bauxite, AR 72011",4056 Kings River Trl,Bauxite,AR,72011,,forRent,3,1480,,1395,51,https://www.zillow.com/homedetails/4056-Kings-River-Trl-Bauxite-AR-72011/2062403626_zpid/,,200660,2026-08-27T00:00:00.000Z,Price change,2026-08-20T00:00:00.000Z,Price change,2026-08-13T00:00:00.000Z,Price change,2026-07-29T00:00:00.000Z,Listed for rent,2023-02-11T00:00:00.000Z,Listing removed,2023-02-03T00:00:00.000Z,Price change,2023-01-11T00:00:00.000Z,Price change,2022-12-14T00:00:00.000Z,Price change,2022-11-22T00:00:00.000Z,Price change,2022-11-10T00:00:00.000Z,Listed for rent,2022-10-28T00:00:00.000Z,Sold,2022-10-08T00:00:00.000Z,Contingent,2022-08-24T00:00:00.000Z,Price change,2022-08-04T00:00:00.000Z,Price change,2022-07-26T00:00:00.000Z,Price change,2022-07-21T00:00:00.000Z,Listed for sale,2022-07-18T00:00:00.000Z,Listing removed,2022-07-13T00:00:00.000Z,Listed for sale,,,,,,,,,,,,,,,,,,,,
"1710 Cedarhurst Dr, Benton, AR 72015",1710 Cedarhurst Dr,Benton,AR,72015,,forRent,3,1680,,1595,56,https://www.zillow.com/homedetails/1710-Cedarhurst-Dr-Benton-AR-72015/384477_zpid/,,127500,2026-09-12T00:00:00.000Z,Price change,2026-09-04T00:00:00.000Z,Price change,2026-08-29T00:00:00.000Z,Price change,2026-06-23T00:00:00.000Z,Listed for rent,2024-05-13T00:00:00.000Z,Listing removed,2024-02-10T00:00:00.000Z,Listed for rent,2024-01-31T00:00:00.000Z,Sold,2024-01-24T00:00:00.000Z,Contingent,2024-01-22T00:00:00.000Z,Listed for sale,2019-11-07T00:00:00.000Z,Listing removed,2019-10-07T00:00:00.000Z,Listed for rent,2016-12-15T00:00:00.000Z,Listing removed,2016-01-13T00:00:00.000Z,Listing removed,2016-01-11T00:00:00.000Z,Listed for rent,2015-05-22T00:00:00.000Z,Sold,2015-01-21T00:00:00.000Z,Listing removed,2014-07-25T00:00:00.000Z,Listed for rent,2014-06-23T00:00:00.000Z,Listing removed,2014-05-25T00:00:00.000Z,Price change,2014-05-07T00:00:00.000Z,Price change,2014-04-11T00:00:00.000Z,Price change,2014-02-17T00:00:00.000Z,Listed for sale,,,,,,,,,,,,
"14457 Skyline Dr, Alexander, AR 72002",14457 Skyline Dr,Alexander,AR,72002,,forRent,3,1974,,1950,3,https://www.zillow.com/homedetails/14457-Skyline-Dr-Alexander-AR-72002/120792053_zpid/,,210000,2026-09-15T00:00:00.000Z,Listed for rent,2021-11-05T00:00:00.000Z,Sold,2015-12-17T00:00:00.000Z,Sold,,,,,,,,,,,,,,,,,,,,,,,,,,,,,,,,,,,,,,,,,,,,,,,,,,
"103 Pope Dr, Benton, AR 72015",103 Pope Dr,Benton,AR,72015,,forRent,3,1559,,1625,78,https://www.zillow.com/homedetails/103-Pope-Dr-Benton-AR-72015/82243468_zpid/,,115000,2026-07-01T00:00:00.000Z,Listed for rent,2024-08-21T00:00:00.000Z,Listing removed,2024-07-02T00:00:00.000Z,Price change,2024-05-31T00:00:00.000Z,Listed for rent,2017-07-19T00:00:00.000Z,Listing removed,2017-06-17T00:00:00.000Z,Listed for rent,2016-11-06T00:00:00.000Z,Listing removed,2014-04-08T00:00:00.000Z,Listing removed,2014-01-31T00:00:00.000Z,Sold,2014-01-29T00:00:00.000Z,Listed for rent,2013-11-25T00:00:00.000Z,Listed for sale,2013-10-08T00:00:00.000Z,Sold,2012-06-06T00:00:00.000Z,Listing removed,2012-05-24T00:00:00.000Z,Price change,2012-03-22T00:00:00.000Z,Listed for sale,2008-01-28T00:00:00.000Z,Sold,,,,,,,,,,,,,,,,,,,,,,,,
"3225 Jean Cv, Alexander, AR 72002",3225 Jean Cv,Alexander,AR,72002,,forRent,3,2827,,2600,163,https://www.zillow.com/homedetails/3225-Jean-Cv-Alexander-AR-72002/378862_zpid/,,,2026-07-27T00:00:00.000Z,Price change,2026-04-07T00:00:00.000Z,Listed for rent,,,,,,,,,,,,,,,,,,,,,,,,,,,,,,,,,,,,,,,,,,,,,,,,,,,,
"1155 Jackson Rd, Ward, AR 72176",1155 Jackson Rd,Ward,AR,72176,,forRent,3,1280,,1300,7,https://www.zillow.com/homedetails/1155-Jackson-Rd-Ward-AR-72176/99441054_zpid/,,,2026-09-10T00:00:00.000Z,Listed for rent,2026-03-18T00:00:00.000Z,Listing removed,2026-03-13T00:00:00.000Z,Price change,2026-02-24T00:00:00.000Z,Listed for rent,2026-01-12T00:00:00.000Z,Listing removed,2025-11-14T00:00:00.000Z,Price change,2025-10-06T00:00:00.000Z,Price change,2025-01-16T00:00:00.000Z,Listed for rent,2015-10-08T00:00:00.000Z,Listing removed,2015-09-18T00:00:00.000Z,Listed for rent,,,,,,,,,,,,,,,,,,,,,,,,,,,,,,,,,,,,
"1105 Lingo Rd, Lonoke, AR 72086",1105 Lingo Rd,Lonoke,AR,72086,,forRent,3,1502,,1495,2,https://www.zillow.com/homedetails/1105-Lingo-Rd-Lonoke-AR-72086/247788_zpid/,,60000,2026-09-15T00:00:00.000Z,Listed for rent,2026-08-07T00:00:00.000Z,Sold,2026-06-16T00:00:00.000Z,Listed for sale,2026-06-16T00:00:00.000Z,Listing removed,2026-03-25T00:00:00.000Z,Listed for rent,2018-10-14T00:00:00.000Z,Listing removed,2018-09-05T00:00:00.000Z,Listed for sale,,,,,,,,,,,,,,,,,,,,,,,,,,,,,,,,,,,,,,,,,,
"26 Stonewood Dr, Cabot, AR 72023",26 Stonewood Dr,Cabot,AR,72023,,forRent,3,1698,,1900,24,https://www.zillow.com/homedetails/26-Stonewood-Dr-Cabot-AR-72023/55151081_zpid/,,157000,2026-08-24T00:00:00.000Z,Listed for rent,2026-04-27T00:00:00.000Z,Sold,2025-11-06T00:00:00.000Z,Listing removed,2025-10-20T00:00:00.000Z,Price change,2025-09-18T00:00:00.000Z,Listed for sale,2018-02-05T00:00:00.000Z,Listing removed,2017-09-28T00:00:00.000Z,Price change,2017-09-12T00:00:00.000Z,Listed for sale,2014-11-09T00:00:00.000Z,Listing removed,2014-08-01T00:00:00.000Z,Listed for sale,2012-03-12T00:00:00.000Z,Listing removed,2012-02-02T00:00:00.000Z,Listed for sale,,,,,,,,,,,,,,,,,,,,,,,,,,,,,,,,
"2114 Richland Park Dr, Bryant, AR 72022",2114 Richland Park Dr,Bryant,AR,72022,,forRent,3,1595,,1575,9,https://www.zillow.com/homedetails/2114-Richland-Park-Dr-Bryant-AR-72022/71716425_zpid/,,5656,2026-09-08T00:00:00.000Z,Listed for rent,2025-07-05T00:00:00.000Z,Listing removed,2025-07-04T00:00:00.000Z,Listed for rent,2025-07-04T00:00:00.000Z,Listing removed,2025-07-02T00:00:00.000Z,Listed for rent,2023-05-02T00:00:00.000Z,Listing removed,2023-04-19T00:00:00.000Z,Listed for rent,2022-11-16T00:00:00.000Z,Listing removed,2022-06-26T00:00:00.000Z,Listed for rent,2019-04-06T00:00:00.000Z,Listing removed,2019-03-16T00:00:00.000Z,Listed for rent,2012-08-23T00:00:00.000Z,Sold,,,,,,,,,,,,,,,,,,,,,,,,,,,,,,,,
"830 Gussy Ln, Benton, AR 72019",830 Gussy Ln,Benton,AR,72019,,forRent,,,,,,https://www.zillow.com/b/830-gussy-ln-benton-ar-CqYvFB/,,,,,,,,,,,,,,,,,,,,,,,,,,,,,,,,,,,,,,,,,,,,,,,,,,,,,,,,,,
"127 Rolling Oaks Dr, Maumelle, AR 72113",127 Rolling Oaks Dr,Maumelle,AR,72113,,forRent,3,1240,,1475,17,https://www.zillow.com/homedetails/127-Rolling-Oaks-Dr-Maumelle-AR-72113/326438_zpid/,,79500,2026-08-31T00:00:00.000Z,Listed for rent,2024-06-10T00:00:00.000Z,Listing removed,2024-06-07T00:00:00.000Z,Listed for rent,2024-06-06T00:00:00.000Z,Listing removed,2024-06-05T00:00:00.000Z,Listed for rent,2019-10-17T00:00:00.000Z,Listing removed,2019-10-01T00:00:00.000Z,Listed for rent,2015-09-28T00:00:00.000Z,Listing removed,2015-07-30T00:00:00.000Z,Listed for rent,2014-05-01T00:00:00.000Z,Sold,2009-07-14T00:00:00.000Z,Sold,2009-03-20T00:00:00.000Z,Sold,2000-08-25T00:00:00.000Z,Sold,1999-01-05T00:00:00.000Z,Sold,,,,,,,,,,,,,,,,,,,,,,,,,,,,
"13757 Cedar Glen Cv, Alexander, AR 72002",13757 Cedar Glen Cv,Alexander,AR,72002,,forRent,3,1408,,1575,22,https://www.zillow.com/homedetails/13757-Cedar-Glen-Cv-Alexander-AR-72002/92432562_zpid/,,124900,2026-08-26T00:00:00.000Z,Listed for rent,2017-02-19T00:00:00.000Z,Listing removed,2017-01-26T00:00:00.000Z,Listed for rent,2007-07-18T00:00:00.000Z,Sold,2007-01-31T00:00:00.000Z,Sold,,,,,,,,,,,,,,,,,,,,,,,,,,,,,,,,,,,,,,,,,,,,,,
"6056 Orange Valley Cv, Mabelvale, AR 72103",6056 Orange Valley Cv,Mabelvale,AR,72103,,forRent,4,1537,,1675,10,https://www.zillow.com/homedetails/6056-Orange-Valley-Cv-Mabelvale-AR-72103/463591455_zpid/,,,2026-07-01T00:00:00.000Z,Listed for rent,,,,,,,,,,,,,,,,,,,,,,,,,,,,,,,,,,,,,,,,,,,,,,,,,,,,,,
"5813 Heritage Heights Dr, Benton, AR 72019",5813 Heritage Heights Dr,Benton,AR,72019,,forRent,4,1792,,1695,105,https://www.zillow.com/homedetails/5813-Heritage-Heights-Dr-Benton-AR-72019/71715692_zpid/,,199000,2026-08-27T00:00:00.000Z,Price change,2026-08-12T00:00:00.000Z,Price change,2026-07-29T00:00:00.000Z,Price change,2026-07-15T00:00:00.000Z,Price change,2026-06-04T00:00:00.000Z,Listed for rent,2024-04-06T00:00:00.000Z,Listing removed,2024-03-28T00:00:00.000Z,Listed for rent,2023-07-05T00:00:00.000Z,Listing removed,2023-06-23T00:00:00.000Z,Listed for rent,2022-05-23T00:00:00.000Z,Listing removed,2022-05-17T00:00:00.000Z,Listed for rent,2022-02-23T00:00:00.000Z,Listing removed,2022-02-04T00:00:00.000Z,Price change,2021-12-21T00:00:00.000Z,Listed for rent,2021-11-17T00:00:00.000Z,Sold,2021-11-12T00:00:00.000Z,Contingent,2021-10-13T00:00:00.000Z,Listed for sale,2016-02-17T00:00:00.000Z,Sold,2014-10-06T00:00:00.000Z,Listing removed,2014-07-21T00:00:00.000Z,Price change,2013-10-18T00:00:00.000Z,Listed for sale,,,,,,,,,,,,,,
"313 S Neeley St, Benton, AR 72015",313 S Neeley St,Benton,AR,72015,,forRent,3,1800,,1595,31,https://www.zillow.com/homedetails/313-S-Neeley-St-Benton-AR-72015/2067919637_zpid/,,205000,2026-09-10T00:00:00.000Z,Price change,2026-08-17T00:00:00.000Z,Listed for rent,2025-09-14T00:00:00.000Z,Listing removed,2025-09-02T00:00:00.000Z,Listed for rent,2023-02-17T00:00:00.000Z,Listing removed,2023-01-29T00:00:00.000Z,Listed for rent,2021-11-03T00:00:00.000Z,Listing removed,2021-10-25T00:00:00.000Z,Price change,2021-10-19T00:00:00.000Z,Price change,2021-10-12T00:00:00.000Z,Listed for rent,2021-08-20T00:00:00.000Z,Sold,,,,,,,,,,,,,,,,,,,,,,,,,,,,,,,,,,
"18 Lilly Ann Ct, Ward, AR 72176",18 Lilly Ann Ct,Ward,AR,72176,,forRent,3,1355,,0,2,https://www.zillow.com/homedetails/18-Lilly-Ann-Ct-Ward-AR-72176/445792648_zpid/,,18000,2026-09-15T00:00:00.000Z,Listed for rent,2022-10-25T00:00:00.000Z,Listing removed,2022-10-07T00:00:00.000Z,Listed for sale,2017-08-16T00:00:00.000Z,Sold,,,,,,,,,,,,,,,,,,,,,,,,,,,,,,,,,,,,,,,,,,,,,,,,
"125 Old Red Rd, Ward, AR 72176",125 Old Red Rd,Ward,AR,72176,,forRent,3,1280,,1000,14,https://www.zillow.com/homedetails/125-Old-Red-Rd-Ward-AR-72176/99434787_zpid/,,,2026-09-03T00:00:00.000Z,Listed for rent,2026-06-01T00:00:00.000Z,Listing removed,2026-05-19T00:00:00.000Z,Listed for rent,2026-04-20T00:00:00.000Z,Listing removed,2026-03-26T00:00:00.000Z,Listed for rent,2025-10-29T00:00:00.000Z,Listing removed,2025-10-06T00:00:00.000Z,Price change,2025-01-16T00:00:00.000Z,Listed for rent,2021-03-24T00:00:00.000Z,Listing removed,2018-02-28T00:00:00.000Z,Listing removed,2018-02-26T00:00:00.000Z,Listed for rent,,,,,,,,,,,,,,,,,,,,,,,,,,,,,,,,,,
"1294 Ridge Rd, Benton, AR 72015",1294 Ridge Rd,Benton,AR,72015,,forRent,3,1108,,1145,11,https://www.zillow.com/homedetails/1294-Ridge-Rd-Benton-AR-72015/114182952_zpid/,,2000,2026-09-06T00:00:00.000Z,Listed for rent,2022-08-12T00:00:00.000Z,Listing removed,2022-08-01T00:00:00.000Z,Price change,2022-07-27T00:00:00.000Z,Listed for rent,2013-02-01T00:00:00.000Z,Sold,,,,,,,,,,,,,,,,,,,,,,,,,,,,,,,,,,,,,,,,,,,,,,
"5096 Woodstream Dr, Alexander, AR 72002",5096 Woodstream Dr,Alexander,AR,72002,,forRent,3,1594,,2600,13,https://www.zillow.com/homedetails/5096-Woodstream-Dr-Alexander-AR-72002/2077881150_zpid/,,180150,2026-09-05T00:00:00.000Z,Listed for rent,2024-10-14T00:00:00.000Z,Listing removed,2023-08-19T00:00:00.000Z,Listing removed,2023-07-23T00:00:00.000Z,Listed for rent,2023-03-09T00:00:00.000Z,Listing removed,2023-02-12T00:00:00.000Z,Listed for rent,2021-03-10T00:00:00.000Z,Sold,2020-10-02T00:00:00.000Z,Price change,2020-09-12T00:00:00.000Z,Listed for sale,,,,,,,,,,,,,,,,,,,,,,,,,,,,,,,,,,,,,,
"104 Herald Pl, Cabot, AR 72023",104 Herald Pl,Cabot,AR,72023,,forRent,3,1232,,1095,45,https://www.zillow.com/homedetails/104-Herald-Pl-Cabot-AR-72023/252206_zpid/,,155000,2026-08-03T00:00:00.000Z,Listed for rent,2024-11-23T00:00:00.000Z,Listing removed,2024-11-14T00:00:00.000Z,Listed for rent,2023-12-28T00:00:00.000Z,Listing removed,2023-11-10T00:00:00.000Z,Price change,2023-10-18T00:00:00.000Z,Listed for rent,2022-04-09T00:00:00.000Z,Listing removed,2022-02-16T00:00:00.000Z,Listed for rent,2019-06-20T00:00:00.000Z,Listing removed,2019-05-08T00:00:00.000Z,Listed for rent,2018-08-24T00:00:00.000Z,Listing removed,2018-08-16T00:00:00.000Z,Price change,2018-08-01T00:00:00.000Z,Listed for rent,2017-12-07T00:00:00.000Z,Listing removed,2017-10-14T00:00:00.000Z,Listed for rent,2013-01-30T00:00:00.000Z,Sold,2008-01-10T00:00:00.000Z,Sold,1988-08-30T00:00:00.000Z,Sold,,,,,,,,,,,,,,,,,,,,
"15 Jennifer Cv, Ward, AR 72176",15 Jennifer Cv,Ward,AR,72176,,forRent,3,1328,,1595,42,https://www.zillow.com/homedetails/15-Jennifer-Cv-Ward-AR-72176/2063023920_zpid/,,210000,2026-09-12T00:00:00.000Z,Price change,2026-08-07T00:00:00.000Z,Listed for rent,2023-12-19T00:00:00.000Z,Sold,2022-06-21T00:00:00.000Z,Listing removed,2022-06-07T00:00:00.000Z,Price change,2022-06-02T00:00:00.000Z,Listed for rent,2022-05-31T00:00:00.000Z,Sold,,,,,,,,,,,,,,,,,,,,,,,,,,,,,,,,,,,,,,,,,,
"53 Bent Tree Dr, Cabot, AR 72023",53 Bent Tree Dr,Cabot,AR,72023,,forRent,3,1645,,1495,57,https://www.zillow.com/homedetails/53-Bent-Tree-Dr-Cabot-AR-72023/256157_zpid/,,10000,2026-09-01T00:00:00.000Z,Price change,2026-07-22T00:00:00.000Z,Listed for rent,2002-07-18T00:00:00.000Z,Sold,1993-11-12T00:00:00.000Z,Sold,,,,,,,,,,,,,,,,,,,,,,,,,,,,,,,,,,,,,,,,,,,,,,,,
"4340 Sloan Dr, Alexander, AR 72002",4340 Sloan Dr,Alexander,AR,72002,,forRent,4,1850,,2140,54,https://www.zillow.com/homedetails/4340-Sloan-Dr-Alexander-AR-72002/442183331_zpid/,,267480,2026-08-09T00:00:00.000Z,Listed for rent,2026-07-28T00:00:00.000Z,Listing removed,2026-07-25T00:00:00.000Z,Listed for rent,2026-07-08T00:00:00.000Z,Listing removed,2026-06-20T00:00:00.000Z,Listed for rent,2025-08-06T00:00:00.000Z,Listing removed,2025-07-11T00:00:00.000Z,Listed for rent,2025-03-25T00:00:00.000Z,Sold,2025-02-10T00:00:00.000Z,Contingent,2025-01-17T00:00:00.000Z,Price change,2025-01-16T00:00:00.000Z,Price change,2024-10-30T00:00:00.000Z,Listed for sale,,,,,,,,,,,,,,,,,,,,,,,,,,,,,,,,
"34 Woodhaven Dr, Cabot, AR 72023",34 Woodhaven Dr,Cabot,AR,72023,,forRent,3,1305,,1595,42,https://www.zillow.com/homedetails/34-Woodhaven-Dr-Cabot-AR-72023/338206710_zpid/,,165000,2026-09-12T00:00:00.000Z,Price change,2026-08-07T00:00:00.000Z,Listed for rent,2025-04-03T00:00:00.000Z,Listing removed,2025-03-15T00:00:00.000Z,Price change,2025-02-13T00:00:00.000Z,Price change,2025-02-11T00:00:00.000Z,Listed for rent,2020-11-30T00:00:00.000Z,Sold,2020-10-19T00:00:00.000Z,Sold,,,,,,,,,,,,,,,,,,,,,,,,,,,,,,,,,,,,,,,,
"22 Kirkland St, Ward, AR 72176",22 Kirkland St,Ward,AR,72176,,forRent,3,1185,,1350,16,https://www.zillow.com/homedetails/22-Kirkland-St-Ward-AR-72176/261280_zpid/,,84000,2026-07-15T00:00:00.000Z,Listed for rent,2026-06-16T00:00:00.000Z,Sold,2026-06-14T00:00:00.000Z,Contingent,2026-06-02T00:00:00.000Z,Price change,2026-05-28T00:00:00.000Z,Listed for sale,2014-10-30T00:00:00.000Z,Sold,,,,,,,,,,,,,,,,,,,,,,,,,,,,,,,,,,,,,,,,,,,,
"6587 Westminster, Benton, AR 72019",6587 Westminster,Benton,AR,72019,,forRent,4,3650,,3558,52,https://www.zillow.com/homedetails/6587-Westminster-Benton-AR-72019/120554683_zpid/,,555000,2026-09-17T00:00:00.000Z,Price change,2026-09-02T00:00:00.000Z,Price change,2026-08-25T00:00:00.000Z,Price change,2026-07-27T00:00:00.000Z,Listed for rent,2025-06-03T00:00:00.000Z,Listing removed,2025-05-23T00:00:00.000Z,Listed for rent,2025-05-21T00:00:00.000Z,Listing removed,2025-05-04T00:00:00.000Z,Listed for rent,2024-02-14T00:00:00.000Z,Listing removed,2024-01-31T00:00:00.000Z,Price change,2024-01-05T00:00:00.000Z,Price change,2023-12-15T00:00:00.000Z,Price change,2023-11-29T00:00:00.000Z,Listed for rent,2022-06-07T00:00:00.000Z,Listing removed,2022-06-03T00:00:00.000Z,Price change,2022-06-02T00:00:00.000Z,Listed for rent,2022-05-25T00:00:00.000Z,Listing removed,2022-05-20T00:00:00.000Z,Price change,2022-05-09T00:00:00.000Z,Listed for rent,2022-04-29T00:00:00.000Z,Listing removed,2022-04-04T00:00:00.000Z,Listed for rent,2021-12-28T00:00:00.000Z,Listing removed,2021-11-28T00:00:00.000Z,Listed for rent,2021-07-07T00:00:00.000Z,Sold,2021-06-01T00:00:00.000Z,Contingent,2021-05-28T00:00:00.000Z,Listed for sale,2015-02-03T00:00:00.000Z,Sold,,
"17 Greenbrier Dr, Benton, AR 72015",17 Greenbrier Dr,Benton,AR,72015,,forRent,3,1460,,1545,45,https://www.zillow.com/homedetails/17-Greenbrier-Dr-Benton-AR-72015/386172_zpid/,,143000,2026-09-17T00:00:00.000Z,Price change,2026-08-27T00:00:00.000Z,Price change,2026-08-03T00:00:00.000Z,Listed for rent,2026-02-23T00:00:00.000Z,Listing removed,2026-02-19T00:00:00.000Z,Price change,2026-01-29T00:00:00.000Z,Price change,2026-01-15T00:00:00.000Z,Price change,2025-12-30T00:00:00.000Z,Price change,2025-11-24T00:00:00.000Z,Listed for rent,2024-10-01T00:00:00.000Z,Listing removed,2024-08-29T00:00:00.000Z,Listed for rent,2022-03-07T00:00:00.000Z,Listing removed,2021-12-31T00:00:00.000Z,Listed for rent,2021-11-19T00:00:00.000Z,Sold,2014-09-17T00:00:00.000Z,Listing removed,2014-07-15T00:00:00.000Z,Listed for rent,2007-07-20T00:00:00.000Z,Sold,2006-08-01T00:00:00.000Z,Sold,,,,,,,,,,,,,,,,,,,,
"22930 Sam Tillery Dr, Alexander, AR 72002",22930 Sam Tillery Dr,Alexander,AR,72002,,forRent,4,1640,,2000,24,https://www.zillow.com/homedetails/22930-Sam-Tillery-Dr-Alexander-AR-72002/464786376_zpid/,,,2026-09-10T00:00:00.000Z,Price change,2026-09-08T00:00:00.000Z,Price change,2026-08-24T00:00:00.000Z,Listed for rent,,,,,,,,,,,,,,,,,,,,,,,,,,,,,,,,,,,,,,,,,,,,,,,,,,
"103 E Scott St, Carlisle, AR 72024",103 E Scott St,Carlisle,AR,72024,,forRent,3,1556,,1250,5,https://www.zillow.com/homedetails/103-E-Scott-St-Carlisle-AR-72024/258138_zpid/,,75000,2026-09-13T00:00:00.000Z,Price change,2026-08-09T00:00:00.000Z,Listed for rent,2025-05-14T00:00:00.000Z,Sold,2025-03-28T00:00:00.000Z,Sold,2024-12-02T00:00:00.000Z,Listed for sale,2014-01-15T00:00:00.000Z,Sold,2013-07-17T00:00:00.000Z,Sold,2013-06-26T00:00:00.000Z,Price change,2013-05-17T00:00:00.000Z,Price change,2013-02-20T00:00:00.000Z,Price change,2013-01-27T00:00:00.000Z,Listed for sale,,,,,,,,,,,,,,,,,,,,,,,,,,,,,,,,,,
"6634 Hollywood Ave, Benton, AR 72019",6634 Hollywood Ave,Benton,AR,72019,,forRent,3,1051,,1195,9,https://www.zillow.com/homedetails/6634-Hollywood-Ave-Benton-AR-72019/459936342_zpid/,,,2026-09-09T00:00:00.000Z,Listed for rent,2026-08-14T00:00:00.000Z,Listing removed,2026-06-25T00:00:00.000Z,Price change,2026-06-17T00:00:00.000Z,Price change,2026-06-08T00:00:00.000Z,Price change,2026-05-28T00:00:00.000Z,Price change,2026-05-07T00:00:00.000Z,Price change,2026-05-06T00:00:00.000Z,Price change,2026-05-05T00:00:00.000Z,Price change,2026-05-02T00:00:00.000Z,Listed for sale,2026-04-23T00:00:00.000Z,Contingent,2026-03-31T00:00:00.000Z,Price change,2026-03-18T00:00:00.000Z,Price change,2026-03-03T00:00:00.000Z,Price change,2026-02-14T00:00:00.000Z,Price change,2026-02-03T00:00:00.000Z,Price change,2026-01-23T00:00:00.000Z,Listed for sale,,,,,,,,,,,,,,,,,,,,,,
"32 Fortson Dr, Cabot, AR 72023",32 Fortson Dr,Cabot,AR,72023,,forRent,3,1064,,875,26,https://www.zillow.com/homedetails/32-Fortson-Dr-Cabot-AR-72023/63161011_zpid/,,750000,2026-08-22T00:00:00.000Z,Listed for rent,2024-02-17T00:00:00.000Z,Listing removed,2024-02-03T00:00:00.000Z,Listed for rent,2004-08-10T00:00:00.000Z,Sold,,,,,,,,,,,,,,,,,,,,,,,,,,,,,,,,,,,,,,,,,,,,,,,,
"2705 Timbermist Cir, Benton, AR 72015",2705 Timbermist Cir,Benton,AR,72015,,forRent,3,1200,,1575,0,https://www.zillow.com/homedetails/2705-Timbermist-Cir-Benton-AR-72015/386796_zpid/,,151000,2026-09-17T00:00:00.000Z,Listed for rent,2025-09-02T00:00:00.000Z,Listing removed,2025-08-27T00:00:00.000Z,Price change,2025-08-14T00:00:00.000Z,Price change,2025-06-30T00:00:00.000Z,Listed for rent,2022-08-30T00:00:00.000Z,Listing removed,2022-08-24T00:00:00.000Z,Listed for rent,2021-08-09T00:00:00.000Z,Listing removed,2021-08-05T00:00:00.000Z,Listed for rent,2021-07-07T00:00:00.000Z,Sold,2021-07-07T00:00:00.000Z,Contingent,2021-06-05T00:00:00.000Z,Listed for sale,2021-03-24T00:00:00.000Z,Listing removed,2018-12-27T00:00:00.000Z,Listing removed,2018-09-29T00:00:00.000Z,Listed for sale,2008-06-20T00:00:00.000Z,Sold,,,,,,,,,,,,,,,,,,,,,,,,
"21 Meadowlark Dr, Cabot, AR 72023",21 Meadowlark Dr,Cabot,AR,72023,,forRent,3,1013,,1395,37,https://www.zillow.com/homedetails/21-Meadowlark-Dr-Cabot-AR-72023/255213_zpid/,,147900,2026-08-12T00:00:00.000Z,Listed for rent,2024-01-16T00:00:00.000Z,Listing removed,2024-01-04T00:00:00.000Z,Sold,2023-08-22T00:00:00.000Z,Sold,2023-07-17T00:00:00.000Z,Contingent,2023-05-12T00:00:00.000Z,Listed for sale,2023-04-19T00:00:00.000Z,Listing removed,2023-03-17T00:00:00.000Z,Listed for rent,2022-03-21T00:00:00.000Z,Sold,,,,,,,,,,,,,,,,,,,,,,,,,,,,,,,,,,,,,,
"1045 E Main St, Austin, AR 72007",1045 E Main St,Austin,AR,72007,,forRent,3,1266,,1375,12,https://www.zillow.com/homedetails/1045-E-Main-St-Austin-AR-72007/99406768_zpid/,,70000,2026-09-05T00:00:00.000Z,Listed for rent,2025-07-07T00:00:00.000Z,Listing removed,2025-06-26T00:00:00.000Z,Listed for rent,2021-03-24T00:00:00.000Z,Listing removed,2017-12-02T00:00:00.000Z,Listing removed,2017-11-20T00:00:00.000Z,Listed for rent,2015-07-16T00:00:00.000Z,Listing removed,2015-06-22T00:00:00.000Z,Listed for rent,2014-10-06T00:00:00.000Z,Sold,2014-09-06T00:00:00.000Z,Price change,2014-08-04T00:00:00.000Z,Price change,2014-06-25T00:00:00.000Z,Price change,2014-04-24T00:00:00.000Z,Price change,2013-12-13T00:00:00.000Z,Price change,2013-09-29T00:00:00.000Z,Price change,2013-06-29T00:00:00.000Z,Listed for sale,,,,,,,,,,,,,,,,,,,,,,,,
"905 Pheasant Cv, Benton, AR 72019",905 Pheasant Cv,Benton,AR,72019,,forRent,3,1415,,1595,14,https://www.zillow.com/homedetails/905-Pheasant-Cv-Benton-AR-72019/385747_zpid/,,158000,2026-09-03T00:00:00.000Z,Listed for rent,2022-05-16T00:00:00.000Z,Listing removed,2022-04-20T00:00:00.000Z,Price change,2022-04-14T00:00:00.000Z,Price change,2022-04-06T00:00:00.000Z,Price change,2022-03-22T00:00:00.000Z,Listed for rent,2022-02-01T00:00:00.000Z,Sold,2022-01-21T00:00:00.000Z,Contingent,2022-01-19T00:00:00.000Z,Listed for sale,,,,,,,,,,,,,,,,,,,,,,,,,,,,,,,,,,,,,,
"53 Dunnaway Dr, Austin, AR 72007",53 Dunnaway Dr,Austin,AR,72007,,forRent,3,1403,,1375,64,https://www.zillow.com/homedetails/53-Dunnaway-Dr-Austin-AR-72007/2056813469_zpid/,,195000,2026-09-13T00:00:00.000Z,Price change,2026-09-04T00:00:00.000Z,Price change,2026-08-25T00:00:00.000Z,Price change,2026-07-16T00:00:00.000Z,Listed for rent,2025-09-03T00:00:00.000Z,Listing removed,2025-09-02T00:00:00.000Z,Listing removed,2025-07-29T00:00:00.000Z,Listed for rent,2025-06-14T00:00:00.000Z,Listed for sale,2023-10-13T00:00:00.000Z,Sold,2023-09-06T00:00:00.000Z,Contingent,2023-07-15T00:00:00.000Z,Listed for sale,,,,,,,,,,,,,,,,,,,,,,,,,,,,,,,,,,
"26 Alexis Dr, Cabot, AR 72023",26 Alexis Dr,Cabot,AR,72023,,forRent,3,1288,,1425,15,https://www.zillow.com/homedetails/26-Alexis-Dr-Cabot-AR-72023/255240_zpid/,,152900,2026-08-11T00:00:00.000Z,Price change,2026-07-29T00:00:00.000Z,Price change,2026-07-14T00:00:00.000Z,Listed for rent,2023-05-31T00:00:00.000Z,Listing removed,2023-05-17T00:00:00.000Z,Listed for rent,2023-03-10T00:00:00.000Z,Sold,2023-02-09T00:00:00.000Z,Contingent,2023-02-07T00:00:00.000Z,Listed for sale,2014-11-14T00:00:00.000Z,Sold,,,,,,,,,,,,,,,,,,,,,,,,,,,,,,,,,,,,,,
"1008 Santa Fe Trl, Bauxite, AR 72011",1008 Santa Fe Trl,Bauxite,AR,72011,,forRent,,,,,,https://www.zillow.com/b/1008-santa-fe-trl-bauxite-ar-BqKjfx/,,,,,,,,,,,,,,,,,,,,,,,,,,,,,,,,,,,,,,,,,,,,,,,,,,,,,,,,,,
"22 Oakland Cir, Austin, AR 72007",22 Oakland Cir,Austin,AR,72007,,forRent,3,1328,,1575,23,https://www.zillow.com/homedetails/22-Oakland-Cir-Austin-AR-72007/251409763_zpid/,,176000,2026-08-25T00:00:00.000Z,Listed for rent,2024-07-01T00:00:00.000Z,Listing removed,2024-05-14T00:00:00.000Z,Listed for rent,2024-05-02T00:00:00.000Z,Listing removed,2024-04-15T00:00:00.000Z,Price change,2024-03-28T00:00:00.000Z,Price change,2024-03-14T00:00:00.000Z,Price change,2024-02-14T00:00:00.000Z,Listed for rent,2024-01-09T00:00:00.000Z,Sold,2023-11-28T00:00:00.000Z,Listed for sale,2023-03-24T00:00:00.000Z,Sold,2019-03-29T00:00:00.000Z,Sold,,,,,,,,,,,,,,,,,,,,,,,,,,,,,,,,
"509 E Elm St, Cabot, AR 72023",509 E Elm St,Cabot,AR,72023,,forRent,3,1056,,1450,70,https://www.zillow.com/homedetails/509-E-Elm-St-Cabot-AR-72023/257181_zpid/,,185000,2026-08-20T00:00:00.000Z,Price change,2026-07-23T00:00:00.000Z,Price change,2026-07-09T00:00:00.000Z,Listed for rent,2026-07-09T00:00:00.000Z,Listing removed,2026-05-02T00:00:00.000Z,Listed for rent,2026-04-16T00:00:00.000Z,Listing removed,2026-02-18T00:00:00.000Z,Price change,2026-02-04T00:00:00.000Z,Listed for rent,2023-04-10T00:00:00.000Z,Sold,2023-01-19T00:00:00.000Z,Listing removed,2023-01-18T00:00:00.000Z,Listed for rent,2023-01-06T00:00:00.000Z,Listing removed,2022-10-26T00:00:00.000Z,Listed for sale,2021-05-28T00:00:00.000Z,Sold,2015-07-27T00:00:00.000Z,Sold,2012-10-07T00:00:00.000Z,Listing removed,2012-09-20T00:00:00.000Z,Price change,2012-06-20T00:00:00.000Z,Listed for sale,,,,,,,,,,,,,,,,,,,,
"16 Emerald Cir, Cabot, AR 72023",16 Emerald Cir,Cabot,AR,72023,,forRent,3,1959,,1850,64,https://www.zillow.com/homedetails/16-Emerald-Cir-Cabot-AR-72023/254439_zpid/,,3400000,2026-08-19T00:00:00.000Z,Price change,2026-07-25T00:00:00.000Z,Price change,2026-07-16T00:00:00.000Z,Listed for rent,2015-04-15T00:00:00.000Z,Sold,,,,,,,,,,,,,,,,,,,,,,,,,,,,,,,,,,,,,,,,,,,,,,,,
"14611 Parkway Meadows Dr, Alexander, AR 72002",14611 Parkway Meadows Dr,Alexander,AR,72002,,forRent,3,1500,,1625,0,https://www.zillow.com/homedetails/14611-Parkway-Meadows-Dr-Alexander-AR-72002/112089546_zpid/,,192000,2026-09-17T00:00:00.000Z,Listed for rent,2025-09-08T00:00:00.000Z,Listing removed,2025-08-28T00:00:00.000Z,Listed for rent,2024-09-13T00:00:00.000Z,Listing removed,2024-08-05T00:00:00.000Z,Listed for rent,2024-07-24T00:00:00.000Z,Listing removed,2024-06-28T00:00:00.000Z,Listed for rent,2022-05-19T00:00:00.000Z,Listing removed,2022-05-04T00:00:00.000Z,Price change,2022-04-15T00:00:00.000Z,Listed for rent,2022-03-09T00:00:00.000Z,Sold,2022-02-17T00:00:00.000Z,Contingent,2022-02-15T00:00:00.000Z,Listed for sale,2019-11-19T00:00:00.000Z,Sold,2019-09-16T00:00:00.000Z,Price change,2019-08-19T00:00:00.000Z,Listed for sale,2013-07-11T00:00:00.000Z,Sold,2013-03-06T00:00:00.000Z,Price change,2013-01-31T00:00:00.000Z,Price change,2013-01-19T00:00:00.000Z,Listed for sale,2010-04-21T00:00:00.000Z,Sold,,,,,,,,,,,,,,
"1067 Huntington Dr, Benton, AR 72019",1067 Huntington Dr,Benton,AR,72019,,forRent,4,1459,,1495,35,https://www.zillow.com/homedetails/1067-Huntington-Dr-Benton-AR-72019/2061767452_zpid/,,,2026-09-17T00:00:00.000Z,Price change,2026-08-13T00:00:00.000Z,Listed for rent,2024-11-08T00:00:00.000Z,Listing removed,2024-11-05T00:00:00.000Z,Listed for rent,2024-03-22T00:00:00.000Z,Listing removed,2024-02-27T00:00:00.000Z,Listed for rent,2023-02-14T00:00:00.000Z,Listing removed,2023-01-26T00:00:00.000Z,Listed for rent,2022-12-17T00:00:00.000Z,Listing removed,2022-12-01T00:00:00.000Z,Price change,2022-11-11T00:00:00.000Z,Price change,2022-08-26T00:00:00.000Z,Listed for sale,,,,,,,,,,,,,,,,,,,,,,,,,,,,,,,,
"32 Thunderbird Dr, Cabot, AR 72023",32 Thunderbird Dr,Cabot,AR,72023,,forRent,3,1444,,1475,14,https://www.zillow.com/homedetails/32-Thunderbird-Dr-Cabot-AR-72023/67447424_zpid/,,,2026-09-03T00:00:00.000Z,Listed for rent,2021-03-24T00:00:00.000Z,Listing removed,2017-03-08T00:00:00.000Z,Listing removed,2017-02-06T00:00:00.000Z,Listed for rent,,,,,,,,,,,,,,,,,,,,,,,,,,,,,,,,,,,,,,,,,,,,,,,,
"15 Silverado Ct, Cabot, AR 72023",15 Silverado Ct,Cabot,AR,72023,,forRent,3,1382,,1350,28,https://www.zillow.com/homedetails/15-Silverado-Ct-Cabot-AR-72023/35732243_zpid/,,150000,2026-08-20T00:00:00.000Z,Listed for rent,2024-11-11T00:00:00.000Z,Listing removed,2024-09-27T00:00:00.000Z,Listed for rent,2022-10-26T00:00:00.000Z,Sold,2020-12-16T00:00:00.000Z,Listing removed,2020-12-08T00:00:00.000Z,Listed for rent,2020-05-16T00:00:00.000Z,Listing removed,2020-04-22T00:00:00.000Z,Listed for rent,2020-04-17T00:00:00.000Z,Sold,,,,,,,,,,,,,,,,,,,,,,,,,,,,,,,,,,,,,,
"54 Magnolia Dr, Cabot, AR 72023",54 Magnolia Dr,Cabot,AR,72023,,forRent,3,1394,,1350,62,https://www.zillow.com/homedetails/54-Magnolia-Dr-Cabot-AR-72023/60314948_zpid/,,117000,2026-09-15T00:00:00.000Z,Price change,2026-07-17T00:00:00.000Z,Listed for rent,2025-09-24T00:00:00.000Z,Listing removed,2025-09-04T00:00:00.000Z,Listed for rent,2024-08-02T00:00:00.000Z,Listing removed,2024-07-20T00:00:00.000Z,Price change,2024-06-25T00:00:00.000Z,Listed for rent,2023-06-25T00:00:00.000Z,Listing removed,2023-06-02T00:00:00.000Z,Listed for rent,2021-12-27T00:00:00.000Z,Listing removed,2021-12-19T00:00:00.000Z,Listed for rent,2013-05-01T00:00:00.000Z,Listing removed,2013-04-21T00:00:00.000Z,Listed for rent,2013-04-19T00:00:00.000Z,Sold,2012-12-01T00:00:00.000Z,Price change,2012-10-15T00:00:00.000Z,Listed for sale,2011-04-01T00:00:00.000Z,Sold,2011-01-17T00:00:00.000Z,Price change,2011-01-15T00:00:00.000Z,Listed for sale,,,,,,,,,,,,,,,,,,
"13808 Cherry Hill Dr, Alexander, AR 72002",13808 Cherry Hill Dr,Alexander,AR,72002,,forRent,3,1247,,1550,1,https://www.zillow.com/homedetails/13808-Cherry-Hill-Dr-Alexander-AR-72002/49814136_zpid/,,91000,2026-09-17T00:00:00.000Z,Listed for rent,2008-05-22T00:00:00.000Z,Sold,2007-01-05T00:00:00.000Z,Sold,,,,,,,,,,,,,,,,,,,,,,,,,,,,,,,,,,,,,,,,,,,,,,,,,,
"1609 Moon Rd, Ward, AR 72176",1609 Moon Rd,Ward,AR,72176,,forRent,3,1026,,1095,17,https://www.zillow.com/homedetails/1609-Moon-Rd-Ward-AR-72176/99444948_zpid/,,125000,2026-08-31T00:00:00.000Z,Listed for rent,2024-05-16T00:00:00.000Z,Listing removed,2024-05-09T00:00:00.000Z,Listed for rent,2021-10-19T00:00:00.000Z,Sold,2021-09-23T00:00:00.000Z,Pending sale,2021-09-23T00:00:00.000Z,Contingent,2021-09-20T00:00:00.000Z,Listed for sale,2017-10-19T00:00:00.000Z,Sold,2017-07-13T00:00:00.000Z,Listed for sale,2011-10-22T00:00:00.000Z,Listing removed,2011-05-29T00:00:00.000Z,Price change,2011-05-07T00:00:00.000Z,Listed for sale,,,,,,,,,,,,,,,,,,,,,,,,,,,,,,,,
"4326 Glenda Ln, Benton, AR 72019",4326 Glenda Ln,Benton,AR,72019,,forRent,3,1398,,1495,44,https://www.zillow.com/homedetails/4326-Glenda-Ln-Benton-AR-72019/68021994_zpid/,,157000,2026-09-17T00:00:00.000Z,Price change,2026-08-04T00:00:00.000Z,Listed for rent,2025-07-11T00:00:00.000Z,Listing removed,2025-07-01T00:00:00.000Z,Listed for rent,2025-06-26T00:00:00.000Z,Listing removed,2025-06-12T00:00:00.000Z,Price change,2025-06-04T00:00:00.000Z,Price change,2025-04-08T00:00:00.000Z,Listed for rent,2023-12-27T00:00:00.000Z,Listing removed,2023-12-19T00:00:00.000Z,Listed for rent,2023-09-04T00:00:00.000Z,Listing removed,2021-11-01T00:00:00.000Z,Listing removed,2021-10-26T00:00:00.000Z,Price change,2021-10-21T00:00:00.000Z,Price change,2021-10-04T00:00:00.000Z,Listed for rent,2021-09-03T00:00:00.000Z,Sold,2021-08-08T00:00:00.000Z,Contingent,2021-07-30T00:00:00.000Z,Listed for sale,2017-08-31T00:00:00.000Z,Sold,2017-07-28T00:00:00.000Z,Price change,2017-06-22T00:00:00.000Z,Listed for sale,2005-06-10T00:00:00.000Z,Sold,,,,,,,,,,,,
"140 Dolphin Rd, Humnoke, AR 72072",140 Dolphin Rd,Humnoke,AR,72072,,forRent,3,1577,,900,1,https://www.zillow.com/homedetails/140-Dolphin-Rd-Humnoke-AR-72072/2077399951_zpid/,,,2026-09-17T00:00:00.000Z,Listed for rent,2026-06-01T00:00:00.000Z,Listing removed,2026-03-04T00:00:00.000Z,Listed for rent,2025-09-10T00:00:00.000Z,Listing removed,2025-08-12T00:00:00.000Z,Listed for rent,2023-08-28T00:00:00.000Z,Listing removed,2023-08-14T00:00:00.000Z,Listed for rent,2023-08-04T00:00:00.000Z,Listing removed,2023-06-20T00:00:00.000Z,Listed for rent,2022-07-10T00:00:00.000Z,Listing removed,2022-07-01T00:00:00.000Z,Price change,2022-06-25T00:00:00.000Z,Listed for rent,2020-10-29T00:00:00.000Z,Listing removed,2020-10-22T00:00:00.000Z,Listed for rent,,,,,,,,,,,,,,,,,,,,,,,,,,,,
"454 Maple Tree Cv, Lonoke, AR 72086",454 Maple Tree Cv,Lonoke,AR,72086,,forRent,3,1344,,1400,3,https://www.zillow.com/homedetails/454-Maple-Tree-Cv-Lonoke-AR-72086/67448696_zpid/,,,2026-09-14T00:00:00.000Z,Listed for rent,,,,,,,,,,,,,,,,,,,,,,,,,,,,,,,,,,,,,,,,,,,,,,,,,,,,,,
"3006 Hilldale Rd, Alexander, AR 72002",3006 Hilldale Rd,Alexander,AR,72002,,forRent,3,1960,,1695,14,https://www.zillow.com/homedetails/3006-Hilldale-Rd-Alexander-AR-72002/368446_zpid/,,210000,2026-09-17T00:00:00.000Z,Price change,2026-08-27T00:00:00.000Z,Price change,2026-08-12T00:00:00.000Z,Price change,2026-07-29T00:00:00.000Z,Price change,2026-06-09T00:00:00.000Z,Listed for rent,2025-05-30T00:00:00.000Z,Listing removed,2025-04-23T00:00:00.000Z,Price change,2025-03-15T00:00:00.000Z,Listed for rent,2024-11-06T00:00:00.000Z,Listing removed,2024-10-24T00:00:00.000Z,Price change,2024-10-16T00:00:00.000Z,Price change,2024-10-10T00:00:00.000Z,Listed for rent,2024-10-01T00:00:00.000Z,Listing removed,2024-09-25T00:00:00.000Z,Price change,2024-09-24T00:00:00.000Z,Listed for rent,2024-05-21T00:00:00.000Z,Listing removed,2024-05-13T00:00:00.000Z,Price change,2024-05-10T00:00:00.000Z,Price change,2024-05-09T00:00:00.000Z,Price change,2024-05-02T00:00:00.000Z,Price change,2024-05-01T00:00:00.000Z,Price change,2024-04-25T00:00:00.000Z,Price change,2024-04-02T00:00:00.000Z,Listed for rent,2024-01-08T00:00:00.000Z,Listing removed,2023-10-01T00:00:00.000Z,Listed for sale,2021-06-21T00:00:00.000Z,Sold,2017-02-15T00:00:00.000Z,Sold,,
"17 Farrah St, Ward, AR 72176",17 Farrah St,Ward,AR,72176,,forRent,3,1563,,1250,100,https://www.zillow.com/homedetails/17-Farrah-St-Ward-AR-72176/52495486_zpid/,,,2026-06-09T00:00:00.000Z,Listed for rent,2025-05-24T00:00:00.000Z,Listing removed,2025-05-06T00:00:00.000Z,Price change,2025-04-20T00:00:00.000Z,Listed for rent,2017-02-23T00:00:00.000Z,Listing removed,2017-02-17T00:00:00.000Z,Listed for rent,2014-02-28T00:00:00.000Z,Listing removed,2014-02-05T00:00:00.000Z,Price change,2014-01-29T00:00:00.000Z,Price change,2013-12-14T00:00:00.000Z,Price change,2013-11-30T00:00:00.000Z,Listed for sale,2013-10-25T00:00:00.000Z,Listing removed,2013-09-19T00:00:00.000Z,Price change,2013-09-18T00:00:00.000Z,Price change,2013-06-29T00:00:00.000Z,Listed for sale,,,,,,,,,,,,,,,,,,,,,,,,,,
"203 Lynn Ln, Lonoke, AR 72086",203 Lynn Ln,Lonoke,AR,72086,,forRent,3,1200,,1195,94,https://www.zillow.com/homedetails/203-Lynn-Ln-Lonoke-AR-72086/260453_zpid/,,105000,2026-09-02T00:00:00.000Z,Price change,2026-06-30T00:00:00.000Z,Price change,2026-06-15T00:00:00.000Z,Listed for rent,2026-06-01T00:00:00.000Z,Listing removed,2026-05-14T00:00:00.000Z,Listed for rent,2022-05-19T00:00:00.000Z,Sold,2022-05-13T00:00:00.000Z,Contingent,2022-05-05T00:00:00.000Z,Listed for sale,2014-05-30T00:00:00.000Z,Sold,2014-02-20T00:00:00.000Z,Sold,2014-01-11T00:00:00.000Z,Listed for sale,,,,,,,,,,,,,,,,,,,,,,,,,,,,,,,,,,
"72 Branchwood Ln, Austin, AR 72007",72 Branchwood Ln,Austin,AR,72007,,forRent,3,1216,,1200,21,https://www.zillow.com/homedetails/72-Branchwood-Ln-Austin-AR-72007/252707_zpid/,,1710000,2026-08-27T00:00:00.000Z,Price change,2022-12-04T00:00:00.000Z,Listed for rent,2021-02-23T00:00:00.000Z,Listing removed,2020-08-27T00:00:00.000Z,Listing removed,2020-08-03T00:00:00.000Z,Listed for rent,2019-06-08T00:00:00.000Z,Listing removed,2019-06-05T00:00:00.000Z,Listed for rent,2018-11-12T00:00:00.000Z,Listing removed,2018-11-09T00:00:00.000Z,Listed for rent,2015-01-30T00:00:00.000Z,Sold,2009-07-17T00:00:00.000Z,Sold,,,,,,,,,,,,,,,,,,,,,,,,,,,,,,,,,,
"120 Suda St, Cabot, AR 72023",120 Suda St,Cabot,AR,72023,,forRent,3,1008,,995,153,https://www.zillow.com/homedetails/120-Suda-St-Cabot-AR-72023/213595966_zpid/,,120000,2026-09-04T00:00:00.000Z,Price change,2026-06-17T00:00:00.000Z,Price change,2026-05-05T00:00:00.000Z,Price change,2026-04-18T00:00:00.000Z,Listed for rent,2024-08-02T00:00:00.000Z,Sold,2024-07-23T00:00:00.000Z,Listing removed,2024-07-04T00:00:00.000Z,Listed for rent,2024-06-25T00:00:00.000Z,Listed for sale,2024-05-20T00:00:00.000Z,Contingent,2024-05-03T00:00:00.000Z,Listed for sale,2023-10-26T00:00:00.000Z,Listing removed,2023-10-21T00:00:00.000Z,Listed for rent,2021-03-24T00:00:00.000Z,Listing removed,2018-04-27T00:00:00.000Z,Listing removed,2018-04-17T00:00:00.000Z,Listed for rent,,,,,,,,,,,,,,,,,,,,,,,,,,
"1628 Rambling Brook Dr, Benton, AR 72015",1628 Rambling Brook Dr,Benton,AR,72015,,forRent,3,1216,,1850,7,https://www.zillow.com/homedetails/1628-Rambling-Brook-Dr-Benton-AR-72015/463057763_zpid/,,200900,2026-09-10T00:00:00.000Z,Listed for rent,2026-08-28T00:00:00.000Z,Sold,2026-08-05T00:00:00.000Z,Contingent,2026-07-20T00:00:00.000Z,Price change,2026-07-09T00:00:00.000Z,Price change,2026-06-09T00:00:00.000Z,Listed for sale,,,,,,,,,,,,,,,,,,,,,,,,,,,,,,,,,,,,,,,,,,,,
"16 Mustang Dr, Cabot, AR 72023",16 Mustang Dr,Cabot,AR,72023,,forRent,3,1494,,1450,41,https://www.zillow.com/homedetails/16-Mustang-Dr-Cabot-AR-72023/63160974_zpid/,,2988,2026-08-07T00:00:00.000Z,Listed for rent,2020-02-08T00:00:00.000Z,Listing removed,2020-01-25T00:00:00.000Z,Listed for rent,2018-12-12T00:00:00.000Z,Listing removed,2018-11-14T00:00:00.000Z,Listed for rent,2012-08-23T00:00:00.000Z,Sold,2004-02-25T00:00:00.000Z,Sold,,,,,,,,,,,,,,,,,,,,,,,,,,,,,,,,,,,,,,,,,,
"15 Applewood Cv, Cabot, AR 72023",15 Applewood Cv,Cabot,AR,72023,,forRent,3,1588,,1600,62,https://www.zillow.com/homedetails/15-Applewood-Cv-Cabot-AR-72023/35732370_zpid/,,226000,2026-07-17T00:00:00.000Z,Listed for rent,2024-05-04T00:00:00.000Z,Listing removed,2024-04-27T00:00:00.000Z,Listed for rent,2024-04-19T00:00:00.000Z,Sold,2024-03-14T00:00:00.000Z,Listed for sale,2022-10-31T00:00:00.000Z,Sold,2022-08-02T00:00:00.000Z,Listed for sale,2019-10-28T00:00:00.000Z,Sold,2019-09-18T00:00:00.000Z,Listed for sale,2014-01-02T00:00:00.000Z,Sold,2013-11-23T00:00:00.000Z,Price change,2013-10-17T00:00:00.000Z,Price change,2013-09-20T00:00:00.000Z,Listed for sale,2012-03-08T00:00:00.000Z,Listing removed,2011-09-23T00:00:00.000Z,Listed for sale,2011-05-07T00:00:00.000Z,Listing removed,2011-01-23T00:00:00.000Z,Listed for sale,,,,,,,,,,,,,,,,,,,,,,
"351 Meadow Creek Dr, Haskell, AR 72015",351 Meadow Creek Dr,Haskell,AR,72015,,forRent,3,1625,,1650,41,https://www.zillow.com/homedetails/351-Meadow-Creek-Dr-Haskell-AR-72015/92428597_zpid/,,139900,2026-08-07T00:00:00.000Z,Listed for rent,2024-09-13T00:00:00.000Z,Listing removed,2024-07-17T00:00:00.000Z,Listed for rent,2022-10-26T00:00:00.000Z,Listing removed,2022-10-15T00:00:00.000Z,Price change,2022-10-04T00:00:00.000Z,Price change,2022-08-28T00:00:00.000Z,Price change,2022-08-25T00:00:00.000Z,Listed for rent,2018-10-05T00:00:00.000Z,Sold,2018-08-13T00:00:00.000Z,Listed for sale,2016-04-28T00:00:00.000Z,Sold,2010-02-10T00:00:00.000Z,Sold,,,,,,,,,,,,,,,,,,,,,,,,,,,,,,,,
"1411 Oak Glenn Ct, Bryant, AR 72022",1411 Oak Glenn Ct,Bryant,AR,72022,,forRent,3,1400,,1650,2,https://www.zillow.com/homedetails/1411-Oak-Glenn-Ct-Bryant-AR-72022/199778685_zpid/,,,2026-09-15T00:00:00.000Z,Listed for rent,2026-05-28T00:00:00.000Z,Listing removed,2026-05-06T00:00:00.000Z,Listed for rent,2025-11-06T00:00:00.000Z,Listing removed,2025-09-18T00:00:00.000Z,Listed for rent,2024-02-16T00:00:00.000Z,Listing removed,2024-01-08T00:00:00.000Z,Listed for rent,,,,,,,,,,,,,,,,,,,,,,,,,,,,,,,,,,,,,,,,,,
"1602 Harmon Dr, Benton, AR 72015",1602 Harmon Dr,Benton,AR,72015,,forRent,4,1881,,1595,0,https://www.zillow.com/homedetails/1602-Harmon-Dr-Benton-AR-72015/384937_zpid/,,100000,2026-09-18T00:00:00.000Z,Listed for rent,2025-09-12T00:00:00.000Z,Listing removed,2025-06-03T00:00:00.000Z,Listed for rent,2025-05-27T00:00:00.000Z,Listing removed,2025-05-22T00:00:00.000Z,Listed for sale,2025-05-13T00:00:00.000Z,Sold,2025-05-13T00:00:00.000Z,Listed for sale,,,,,,,,,,,,,,,,,,,,,,,,,,,,,,,,,,,,,,,,,,
"1105 River Oaks Dr, Benton, AR 72019",1105 River Oaks Dr,Benton,AR,72019,,forRent,4,2350,,2600,44,https://www.zillow.com/homedetails/1105-River-Oaks-Dr-Benton-AR-72019/453260567_zpid/,,,2026-08-04T00:00:00.000Z,Listed for rent,2025-07-28T00:00:00.000Z,Listing removed,2025-07-04T00:00:00.000Z,Price change,2025-06-21T00:00:00.000Z,Price change,2025-06-12T00:00:00.000Z,Listed for rent,,,,,,,,,,,,,,,,,,,,,,,,,,,,,,,,,,,,,,,,,,,,,,
"2925 Gillis Dr, Benton, AR 72015",2925 Gillis Dr,Benton,AR,72015,,forRent,4,2021,,2350,10,https://www.zillow.com/homedetails/2925-Gillis-Dr-Benton-AR-72015/2068772088_zpid/,,,2026-09-07T00:00:00.000Z,Listed for rent,2025-02-28T00:00:00.000Z,Listing removed,2025-02-07T00:00:00.000Z,Listed for rent,2021-10-21T00:00:00.000Z,Listing removed,2021-08-19T00:00:00.000Z,Listed for sale,,,,,,,,,,,,,,,,,,,,,,,,,,,,,,,,,,,,,,,,,,,,,,
"1620 Rambling Brook Dr, Benton, AR 72015",1620 Rambling Brook Dr,Benton,AR,72015,,forRent,3,1355,,1850,7,https://www.zillow.com/homedetails/1620-Rambling-Brook-Dr-Benton-AR-72015/463057732_zpid/,,206900,2026-09-10T00:00:00.000Z,Listed for rent,2026-08-28T00:00:00.000Z,Sold,2026-08-05T00:00:00.000Z,Contingent,2026-07-20T00:00:00.000Z,Price change,2026-07-09T00:00:00.000Z,Price change,2026-06-09T00:00:00.000Z,Listed for sale,,,,,,,,,,,,,,,,,,,,,,,,,,,,,,,,,,,,,,,,,,,,
"2721 Timbermist Dr, Benton, AR 72015",2721 Timbermist Dr,Benton,AR,72015,,forRent,3,1200,,1600,18,https://www.zillow.com/homedetails/2721-Timbermist-Dr-Benton-AR-72015/386806_zpid/,,83000,2026-08-30T00:00:00.000Z,Listed for rent,2025-09-01T00:00:00.000Z,Listing removed,2025-06-30T00:00:00.000Z,Price change,2025-03-03T00:00:00.000Z,Price change,2024-12-20T00:00:00.000Z,Listed for rent,2024-12-06T00:00:00.000Z,Listing removed,2024-11-26T00:00:00.000Z,Price change,2024-11-20T00:00:00.000Z,Listed for rent,2024-11-12T00:00:00.000Z,Listing removed,2024-10-30T00:00:00.000Z,Price change,2024-10-23T00:00:00.000Z,Listed for rent,2023-06-20T00:00:00.000Z,Listing removed,2023-06-03T00:00:00.000Z,Listed for rent,2023-05-22T00:00:00.000Z,Listing removed,2023-05-01T00:00:00.000Z,Price change,2023-04-04T00:00:00.000Z,Listed for rent,2021-03-24T00:00:00.000Z,Listing removed,2017-08-01T00:00:00.000Z,Listing removed,2017-07-22T00:00:00.000Z,Listed for rent,2011-04-13T00:00:00.000Z,Sold,2011-02-02T00:00:00.000Z,Listed for sale,,,,,,,,,,,,,,
"911 James Madison Dr, Benton, AR 72019",911 James Madison Dr,Benton,AR,72019,,forRent,3,2014,,1700,1,https://www.zillow.com/homedetails/911-James-Madison-Dr-Benton-AR-72019/82278084_zpid/,,175000,2026-09-16T00:00:00.000Z,Listed for rent,2024-07-26T00:00:00.000Z,Sold,2021-07-01T00:00:00.000Z,Sold,2014-03-12T00:00:00.000Z,Sold,,,,,,,,,,,,,,,,,,,,,,,,,,,,,,,,,,,,,,,,,,,,,,,,
"6409 Walnut Cv, Benton, AR 72019",6409 Walnut Cv,Benton,AR,72019,,forRent,3,2024,,1300,9,https://www.zillow.com/homedetails/6409-Walnut-Cv-Benton-AR-72019/371444_zpid/,,0,2026-09-08T00:00:00.000Z,Listed for rent,2026-05-01T00:00:00.000Z,Listing removed,2026-04-16T00:00:00.000Z,Listed for rent,2023-04-05T00:00:00.000Z,Listing removed,2023-03-29T00:00:00.000Z,Listed for rent,2022-07-12T00:00:00.000Z,Listing removed,2022-07-04T00:00:00.000Z,Listed for rent,2021-07-01T00:00:00.000Z,Listing removed,2021-06-27T00:00:00.000Z,Listed for rent,2017-03-21T00:00:00.000Z,Sold,,,,,,,,,,,,,,,,,,,,,,,,,,,,,,,,,,,,
"4825 Coronell Way, Bryant, AR 72022",4825 Coronell Way,Bryant,AR,72022,,forRent,4,2060,,3050,31,https://www.zillow.com/homedetails/4825-Coronell-Way-Bryant-AR-72022/453104565_zpid/,,,2026-07-13T00:00:00.000Z,Listed for rent,,,,,,,,,,,,,,,,,,,,,,,,,,,,,,,,,,,,,,,,,,,,,,,,,,,,,,
"3369 Garden Club Dr, Benton, AR 72022",3369 Garden Club Dr,Benton,AR,72022,,forRent,3,1305,,1700,4,https://www.zillow.com/homedetails/3369-Garden-Club-Dr-Benton-AR-72022/118174164_zpid/,,172500,2026-09-14T00:00:00.000Z,Listed for rent,2025-06-21T00:00:00.000Z,Listing removed,2025-05-20T00:00:00.000Z,Listed for rent,2025-02-04T00:00:00.000Z,Listing removed,2025-01-07T00:00:00.000Z,Listed for rent,2024-09-03T00:00:00.000Z,Listing removed,2024-08-27T00:00:00.000Z,Listed for rent,2022-08-31T00:00:00.000Z,Sold,2021-05-21T00:00:00.000Z,Sold,2018-06-22T00:00:00.000Z,Sold,,,,,,,,,,,,,,,,,,,,,,,,,,,,,,,,,,,,
"1804 Clara Dr, Conway, AR 72034",1804 Clara Dr,Conway,AR,72034,,forRent,3,2000,,1695,13,https://www.zillow.com/homedetails/1804-Clara-Dr-Conway-AR-72034/235007_zpid/,,20000,2026-09-04T00:00:00.000Z,Listed for rent,2024-07-11T00:00:00.000Z,Listing removed,2024-06-26T00:00:00.000Z,Listed for rent,2023-06-13T00:00:00.000Z,Listing removed,2023-05-30T00:00:00.000Z,Listed for rent,2022-05-04T00:00:00.000Z,Listing removed,2022-04-06T00:00:00.000Z,Listed for rent,2019-05-17T00:00:00.000Z,Listing removed,2019-05-15T00:00:00.000Z,Listed for rent,2015-12-07T00:00:00.000Z,Listing removed,2015-09-23T00:00:00.000Z,Listed for rent,2014-06-21T00:00:00.000Z,Listing removed,2014-05-12T00:00:00.000Z,Listed for rent,2013-05-06T00:00:00.000Z,Sold,2013-04-25T00:00:00.000Z,Listing removed,2013-04-24T00:00:00.000Z,Price change,2013-03-24T00:00:00.000Z,Listed for rent,2012-03-18T00:00:00.000Z,Listing removed,2012-03-15T00:00:00.000Z,Price change,2012-03-05T00:00:00.000Z,Listed for rent,,,,,,,,,,,,,,,,
"508 SW 4th St, Bryant, AR 72022",508 SW 4th St,Bryant,AR,72022,,forRent,3,1510,,1950,10,https://www.zillow.com/homedetails/508-SW-4th-St-Bryant-AR-72022/391129_zpid/,,231000,2026-09-07T00:00:00.000Z,Listed for rent,2026-07-02T00:00:00.000Z,Listing removed,2026-06-18T00:00:00.000Z,Sold,2026-06-18T00:00:00.000Z,Listed for rent,2026-05-27T00:00:00.000Z,Contingent,2026-05-22T00:00:00.000Z,Price change,2026-05-12T00:00:00.000Z,Price change,2026-05-01T00:00:00.000Z,Price change,2026-04-04T00:00:00.000Z,Listed for sale,2014-11-21T00:00:00.000Z,Sold,,,,,,,,,,,,,,,,,,,,,,,,,,,,,,,,,,,,
"2933 Gillis Dr, Benton, AR 72015",2933 Gillis Dr,Benton,AR,72015,,forRent,5,2500,,2500,10,https://www.zillow.com/homedetails/2933-Gillis-Dr-Benton-AR-72015/443098023_zpid/,,,2026-09-07T00:00:00.000Z,Listed for rent,2025-02-28T00:00:00.000Z,Listing removed,2025-02-18T00:00:00.000Z,Listed for rent,,,,,,,,,,,,,,,,,,,,,,,,,,,,,,,,,,,,,,,,,,,,,,,,,,
"294 Stone Mountain Rd, Conway, AR 72032",294 Stone Mountain Rd,Conway,AR,72032,,forRent,3,1216,,1650,4,https://www.zillow.com/homedetails/294-Stone-Mountain-Rd-Conway-AR-72032/122006123_zpid/,,42300,2026-09-13T00:00:00.000Z,Listed for rent,2025-04-17T00:00:00.000Z,Sold,2025-03-26T00:00:00.000Z,Contingent,2025-03-22T00:00:00.000Z,Listed for sale,,,,,,,,,,,,,,,,,,,,,,,,,,,,,,,,,,,,,,,,,,,,,,,,
"1116 Kenwood Cv, Bryant, AR 72022",1116 Kenwood Cv,Bryant,AR,72022,,forRent,4,1931,,2100,28,https://www.zillow.com/homedetails/1116-Kenwood-Cv-Bryant-AR-72022/52934559_zpid/,,120000,2026-08-20T00:00:00.000Z,Listed for rent,2025-07-26T00:00:00.000Z,Listing removed,2025-07-22T00:00:00.000Z,Listed for rent,2024-01-18T00:00:00.000Z,Listing removed,2023-10-26T00:00:00.000Z,Listed for rent,2022-06-08T00:00:00.000Z,Listing removed,2022-06-02T00:00:00.000Z,Listed for rent,2022-05-25T00:00:00.000Z,Listing removed,2022-04-09T00:00:00.000Z,Listed for rent,2022-03-31T00:00:00.000Z,Listing removed,2022-02-09T00:00:00.000Z,Price change,2022-01-28T00:00:00.000Z,Listed for rent,2019-06-16T00:00:00.000Z,Listing removed,2019-05-09T00:00:00.000Z,Price change,2019-01-11T00:00:00.000Z,Listed for rent,2011-10-13T00:00:00.000Z,Listing removed,2011-08-06T00:00:00.000Z,Listed for rent,2001-12-26T00:00:00.000Z,Sold,,,,,,,,,,,,,,,,,,,,
"307 S 4th St, Benton, AR 72015",307 S 4th St,Benton,AR,72015,,forRent,3,1051,,1600,18,https://www.zillow.com/homedetails/307-S-4th-St-Benton-AR-72015/386521_zpid/,,161000,2026-08-31T00:00:00.000Z,Listed for rent,2025-05-30T00:00:00.000Z,Listing removed,2025-05-20T00:00:00.000Z,Sold,2025-05-20T00:00:00.000Z,Listed for rent,2025-04-19T00:00:00.000Z,Contingent,2025-04-18T00:00:00.000Z,Listed for sale,2023-03-31T00:00:00.000Z,Sold,2023-03-02T00:00:00.000Z,Listed for sale,,,,,,,,,,,,,,,,,,,,,,,,,,,,,,,,,,,,,,,,
"153 Harwill, Hensley, AR 72065",153 Harwill,Hensley,AR,72065,,forRent,4,2359,,2500,38,https://www.zillow.com/homedetails/153-Harwill-Hensley-AR-72065/2082362397_zpid/,,,2026-08-10T00:00:00.000Z,Listed for rent,2025-08-04T00:00:00.000Z,Listing removed,2025-07-01T00:00:00.000Z,Listed for rent,2025-06-30T00:00:00.000Z,Listing removed,2025-06-09T00:00:00.000Z,Listed for rent,2019-11-13T00:00:00.000Z,Listing removed,2019-10-15T00:00:00.000Z,Listed for rent,,,,,,,,,,,,,,,,,,,,,,,,,,,,,,,,,,,,,,,,,,
"2906 Pamela, Benton, AR 72015",2906 Pamela,Benton,AR,72015,,forRent,3,1372,,1495,24,https://www.zillow.com/homedetails/2906-Pamela-Benton-AR-72015/385308_zpid/,,,2026-08-25T00:00:00.000Z,Listed for rent,2025-08-04T00:00:00.000Z,Listing removed,2025-07-29T00:00:00.000Z,Price change,2025-07-08T00:00:00.000Z,Price change,2025-03-05T00:00:00.000Z,Listed for rent,2025-02-27T00:00:00.000Z,Listing removed,2025-02-24T00:00:00.000Z,Price change,2025-02-14T00:00:00.000Z,Listed for sale,,,,,,,,,,,,,,,,,,,,,,,,,,,,,,,,,,,,,,,,
"418 S Main, Benton, AR 72015",418 S Main,Benton,AR,72015,,forRent,3,1096,,1300,31,https://www.zillow.com/homedetails/418-S-Main-Benton-AR-72015/71708118_zpid/,,99500,2026-09-08T00:00:00.000Z,Listed for rent,2026-09-01T00:00:00.000Z,Listing removed,2026-08-17T00:00:00.000Z,Listed for rent,2018-08-10T00:00:00.000Z,Sold,2018-06-20T00:00:00.000Z,Sold,2018-04-03T00:00:00.000Z,Listed for sale,,,,,,,,,,,,,,,,,,,,,,,,,,,,,,,,,,,,,,,,,,,,
"13900 Ridgecrest Dr, Alexander, AR 72002",13900 Ridgecrest Dr,Alexander,AR,72002,,forRent,3,1088,,1595,23,https://www.zillow.com/homedetails/13900-Ridgecrest-Dr-Alexander-AR-72002/49814165_zpid/,,100000,2026-08-31T00:00:00.000Z,Sold,2026-08-25T00:00:00.000Z,Listed for rent,,,,,,,,,,,,,,,,,,,,,,,,,,,,,,,,,,,,,,,,,,,,,,,,,,,,
"6316 Warwick Dr, Alexander, AR 72002",6316 Warwick Dr,Alexander,AR,72002,,forRent,4,1884,,2400,48,https://www.zillow.com/homedetails/6316-Warwick-Dr-Alexander-AR-72002/461049113_zpid/,,277000,2026-07-31T00:00:00.000Z,Listed for rent,2026-06-29T00:00:00.000Z,Sold,2026-05-29T00:00:00.000Z,Contingent,2026-05-29T00:00:00.000Z,Price change,2026-03-14T00:00:00.000Z,Listed for sale,,,,,,,,,,,,,,,,,,,,,,,,,,,,,,,,,,,,,,,,,,,,,,
"2423 S Chatfield Rd, Bauxite, AR 72011",2423 S Chatfield Rd,Bauxite,AR,72011,,forRent,4,1802,,1795,18,https://www.zillow.com/homedetails/2423-S-Chatfield-Rd-Bauxite-AR-72011/114169056_zpid/,,99000,2026-09-08T00:00:00.000Z,Price change,2026-08-30T00:00:00.000Z,Listed for rent,2026-07-20T00:00:00.000Z,Listing removed,2026-06-26T00:00:00.000Z,Price change,2026-06-12T00:00:00.000Z,Listed for rent,2025-11-26T00:00:00.000Z,Sold,2025-10-29T00:00:00.000Z,Contingent,2025-10-27T00:00:00.000Z,Listed for sale,2025-10-08T00:00:00.000Z,Contingent,2025-10-05T00:00:00.000Z,Listed for sale,,,,,,,,,,,,,,,,,,,,,,,,,,,,,,,,,,,,
"1430 Arapaho Trl, Conway, AR 72034",1430 Arapaho Trl,Conway,AR,72034,,forRent,3,1118,,1350,1,https://www.zillow.com/homedetails/1430-Arapaho-Trl-Conway-AR-72034/35730285_zpid/,,164346,2026-09-16T00:00:00.000Z,Listed for rent,2024-09-23T00:00:00.000Z,Listing removed,2024-07-09T00:00:00.000Z,Listed for rent,2023-04-08T00:00:00.000Z,Listing removed,2023-03-29T00:00:00.000Z,Listed for rent,2022-06-03T00:00:00.000Z,Sold,2007-04-05T00:00:00.000Z,Sold,,,,,,,,,,,,,,,,,,,,,,,,,,,,,,,,,,,,,,,,,,
"21051 Natalie Ln, Little Rock, AR 72206",21051 Natalie Ln,Little Rock,AR,72206,,forRent,3,1550,,1700,7,https://www.zillow.com/homedetails/21051-Natalie-Ln-Little-Rock-AR-72206/64691031_zpid/,,,2026-09-10T00:00:00.000Z,Listed for rent,,,,,,,,,,,,,,,,,,,,,,,,,,,,,,,,,,,,,,,,,,,,,,,,,,,,,,
"2007 Arkansas Ave, Conway, AR 72034",2007 Arkansas Ave,Conway,AR,72034,,forRent,3,1301,,1495,16,https://www.zillow.com/homedetails/2007-Arkansas-Ave-Conway-AR-72034/234341_zpid/,,90000,2026-09-02T00:00:00.000Z,Listed for rent,2026-08-26T00:00:00.000Z,Sold,2026-08-25T00:00:00.000Z,Contingent,2026-07-20T00:00:00.000Z,Price change,2026-05-19T00:00:00.000Z,Listed for sale,2026-05-19T00:00:00.000Z,Listing removed,2026-04-17T00:00:00.000Z,Price change,2026-03-09T00:00:00.000Z,Price change,2025-11-18T00:00:00.000Z,Listed for sale,2015-02-18T00:00:00.000Z,Sold,2012-05-07T00:00:00.000Z,Sold,,,,,,,,,,,,,,,,,,,,,,,,,,,,,,,,,,
"2615 Stivers Blvd, Bryant, AR 72022",2615 Stivers Blvd,Bryant,AR,72022,,forRent,3,1736,,1700,5,https://www.zillow.com/homedetails/2615-Stivers-Blvd-Bryant-AR-72022/391919_zpid/,,190000,2026-09-16T00:00:00.000Z,Price change,2026-09-12T00:00:00.000Z,Listed for rent,2025-04-04T00:00:00.000Z,Sold,2025-03-05T00:00:00.000Z,Contingent,2025-03-01T00:00:00.000Z,Listed for sale,2022-06-13T00:00:00.000Z,Listing removed,2022-06-05T00:00:00.000Z,Listed for rent,2022-06-02T00:00:00.000Z,Listing removed,2022-04-24T00:00:00.000Z,Listed for sale,2022-04-04T00:00:00.000Z,Listing removed,2022-03-29T00:00:00.000Z,Listed for rent,2021-02-23T00:00:00.000Z,Listing removed,2020-11-10T00:00:00.000Z,Listing removed,2020-11-09T00:00:00.000Z,Listed for rent,2019-09-04T00:00:00.000Z,Listing removed,2019-09-03T00:00:00.000Z,Listing removed,2019-08-20T00:00:00.000Z,Listed for rent,2019-08-04T00:00:00.000Z,Price change,2019-06-28T00:00:00.000Z,Price change,2019-06-22T00:00:00.000Z,Price change,2019-06-15T00:00:00.000Z,Listed for sale,2019-02-11T00:00:00.000Z,Sold,,,,,,,,,,,,
"804 Drake Dr, Conway, AR 72034",804 Drake Dr,Conway,AR,72034,,forRent,3,1663,,1650,7,https://www.zillow.com/homedetails/804-Drake-Dr-Conway-AR-72034/243037_zpid/,,164500,2026-09-11T00:00:00.000Z,Listed for rent,2024-04-20T00:00:00.000Z,Listing removed,2024-04-09T00:00:00.000Z,Listed for rent,2023-09-11T00:00:00.000Z,Listing removed,2023-09-10T00:00:00.000Z,Listed for rent,2023-09-10T00:00:00.000Z,Listing removed,2023-08-29T00:00:00.000Z,Price change,2023-08-22T00:00:00.000Z,Price change,2023-08-16T00:00:00.000Z,Price change,2023-08-09T00:00:00.000Z,Price change,2023-08-02T00:00:00.000Z,Price change,2023-07-25T00:00:00.000Z,Price change,2023-07-19T00:00:00.000Z,Price change,2023-06-03T00:00:00.000Z,Listed for rent,2017-03-06T00:00:00.000Z,Sold,2016-10-17T00:00:00.000Z,Listed for sale,2015-06-05T00:00:00.000Z,Sold,,,,,,,,,,,,,,,,,,,,,,
"2714 Gage Dr, Benton, AR 72019",2714 Gage Dr,Benton,AR,72019,,forRent,3,1303,,1500,17,https://www.zillow.com/homedetails/2714-Gage-Dr-Benton-AR-72019/92431557_zpid/,,122580,2026-08-31T00:00:00.000Z,Listed for rent,2022-03-04T00:00:00.000Z,Sold,2018-05-12T00:00:00.000Z,Listing removed,2018-04-07T00:00:00.000Z,Listed for rent,2018-02-11T00:00:00.000Z,Listing removed,2018-01-21T00:00:00.000Z,Price change,2017-11-09T00:00:00.000Z,Listed for rent,2017-04-11T00:00:00.000Z,Listing removed,2017-03-19T00:00:00.000Z,Listed for rent,2016-08-25T00:00:00.000Z,Listing removed,2015-11-21T00:00:00.000Z,Listing removed,2015-11-13T00:00:00.000Z,Listed for rent,2007-05-24T00:00:00.000Z,Sold,,,,,,,,,,,,,,,,,,,,,,,,,,,,,,
"717 Burton St, Benton, AR 72015",717 Burton St,Benton,AR,72015,,forRent,3,1544,,1650,24,https://www.zillow.com/homedetails/717-Burton-St-Benton-AR-72015/385729_zpid/,,22000,2026-08-24T00:00:00.000Z,Listed for rent,2026-08-07T00:00:00.000Z,Listing removed,2026-08-03T00:00:00.000Z,Price change,2026-07-21T00:00:00.000Z,Listed for rent,2026-07-21T00:00:00.000Z,Listing removed,2026-07-07T00:00:00.000Z,Price change,2026-06-01T00:00:00.000Z,Price change,2026-05-07T00:00:00.000Z,Listed for sale,2026-05-07T00:00:00.000Z,Listing removed,2026-05-05T00:00:00.000Z,Listed for sale,2023-08-31T00:00:00.000Z,Sold,2023-08-28T00:00:00.000Z,Contingent,2023-08-23T00:00:00.000Z,Listed for sale,,,,,,,,,,,,,,,,,,,,,,,,,,,,,,
"721 S Richards, Benton, AR 72015",721 S Richards,Benton,AR,72015,,forRent,3,1544,,1650,34,https://www.zillow.com/homedetails/721-S-Richards-Benton-AR-72015/389133_zpid/,,29900,2026-08-14T00:00:00.000Z,Listed for rent,2026-08-07T00:00:00.000Z,Listing removed,2026-08-03T00:00:00.000Z,Price change,2026-07-22T00:00:00.000Z,Listed for rent,2023-07-28T00:00:00.000Z,Sold,2023-07-09T00:00:00.000Z,Contingent,2023-06-29T00:00:00.000Z,Listed for sale,,,,,,,,,,,,,,,,,,,,,,,,,,,,,,,,,,,,,,,,,,
"21 Willard St, Ward, AR 72176",21 Willard St,Ward,AR,72176,,forRent,3,1301,,1395,34,https://www.zillow.com/homedetails/21-Willard-St-Ward-AR-72176/55151159_zpid/,,165000,2026-08-14T00:00:00.000Z,Listed for rent,2022-08-08T00:00:00.000Z,Sold,2014-12-24T00:00:00.000Z,Listing removed,2014-11-06T00:00:00.000Z,Price change,2014-10-02T00:00:00.000Z,Listed for rent,2014-04-10T00:00:00.000Z,Listing removed,2014-03-01T00:00:00.000Z,Listed for rent,2014-02-18T00:00:00.000Z,Listing removed,2014-02-07T00:00:00.000Z,Price change,2014-01-09T00:00:00.000Z,Price change,2013-10-25T00:00:00.000Z,Price change,2013-08-24T00:00:00.000Z,Listed for sale,2013-05-23T00:00:00.000Z,Listing removed,2013-04-18T00:00:00.000Z,Price change,2013-03-30T00:00:00.000Z,Price change,2013-03-13T00:00:00.000Z,Price change,2013-02-26T00:00:00.000Z,Price change,2013-02-10T00:00:00.000Z,Listed for sale,2012-07-04T00:00:00.000Z,Listing removed,2012-05-16T00:00:00.000Z,Price change,2012-04-12T00:00:00.000Z,Price change,2012-04-09T00:00:00.000Z,Price change,2012-03-23T00:00:00.000Z,Price change,2012-03-15T00:00:00.000Z,Listed for sale,,,,,,,,
"7 Cabernet Way, Mayflower, AR 72106",7 Cabernet Way,Mayflower,AR,72106,,forRent,3,1290,,1600,15,https://www.zillow.com/homedetails/7-Cabernet-Way-Mayflower-AR-72106/463057997_zpid/,,208300,2026-09-02T00:00:00.000Z,Listed for rent,2026-08-28T00:00:00.000Z,Sold,2026-08-12T00:00:00.000Z,Price change,2026-08-11T00:00:00.000Z,Listed for sale,2026-08-11T00:00:00.000Z,Contingent,2026-08-10T00:00:00.000Z,Price change,2026-07-08T00:00:00.000Z,Price change,2026-06-09T00:00:00.000Z,Listed for sale,,,,,,,,,,,,,,,,,,,,,,,,,,,,,,,,,,,,,,,,
"5210 Stockton Rd, Conway, AR 72034",5210 Stockton Rd,Conway,AR,72034,,forRent,3,1245,,1400,13,https://www.zillow.com/homedetails/5210-Stockton-Rd-Conway-AR-72034/63265504_zpid/,,,2026-09-04T00:00:00.000Z,Listed for rent,,,,,,,,,,,,,,,,,,,,,,,,,,,,,,,,,,,,,,,,,,,,,,,,,,,,,,
"14815 Parkway Meadows Dr, Alexander, AR 72002",14815 Parkway Meadows Dr,Alexander,AR,72002,,forRent,3,1243,,1495,19,https://www.zillow.com/homedetails/14815-Parkway-Meadows-Dr-Alexander-AR-72002/114165875_zpid/,,187500,2026-09-14T00:00:00.000Z,Price change,2026-08-29T00:00:00.000Z,Listed for rent,2025-08-21T00:00:00.000Z,Listing removed,2025-08-07T00:00:00.000Z,Price change,2025-07-31T00:00:00.000Z,Price change,2025-07-24T00:00:00.000Z,Listed for rent,2023-04-06T00:00:00.000Z,Sold,2023-03-22T00:00:00.000Z,Contingent,2023-02-17T00:00:00.000Z,Price change,2023-01-20T00:00:00.000Z,Price change,2023-01-06T00:00:00.000Z,Listed for sale,2017-05-23T00:00:00.000Z,Sold,2011-04-28T00:00:00.000Z,Sold,,,,,,,,,,,,,,,,,,,,,,,,,,,,,,
"1505 Hathaway Dr, Conway, AR 72034",1505 Hathaway Dr,Conway,AR,72034,,forRent,3,1207,,1475,14,https://www.zillow.com/homedetails/1505-Hathaway-Dr-Conway-AR-72034/241555_zpid/,,70000,2026-09-03T00:00:00.000Z,Listed for rent,2024-01-31T00:00:00.000Z,Listing removed,2024-01-30T00:00:00.000Z,Listed for rent,2024-01-29T00:00:00.000Z,Listing removed,2024-01-27T00:00:00.000Z,Listed for rent,2016-01-09T00:00:00.000Z,Listing removed,2015-12-15T00:00:00.000Z,Listed for rent,2015-09-24T00:00:00.000Z,Sold,2015-08-15T00:00:00.000Z,Listed for sale,2013-10-31T00:00:00.000Z,Sold,,,,,,,,,,,,,,,,,,,,,,,,,,,,,,,,,,,,
"1219 N Parker Haskell St, Benton, AR 72015",1219 N Parker Haskell St,Benton,AR,72015,,forRent,3,1680,,1400,1,https://www.zillow.com/homedetails/1219-N-Parker-Haskell-St-Benton-AR-72015/392830_zpid/,,35564,2026-08-31T00:00:00.000Z,Price change,2026-08-06T00:00:00.000Z,Price change,2026-07-09T00:00:00.000Z,Listed for rent,2025-12-12T00:00:00.000Z,Listing removed,2025-11-20T00:00:00.000Z,Listed for rent,2025-05-09T00:00:00.000Z,Listing removed,2025-05-04T00:00:00.000Z,Listing removed,2025-04-22T00:00:00.000Z,Price change,2025-04-13T00:00:00.000Z,Listed for rent,2025-03-03T00:00:00.000Z,Price change,2025-02-10T00:00:00.000Z,Price change,2025-02-02T00:00:00.000Z,Listed for sale,2023-09-17T00:00:00.000Z,Listing removed,2023-09-03T00:00:00.000Z,Listed for rent,2023-08-29T00:00:00.000Z,Listing removed,2023-06-16T00:00:00.000Z,Listed for sale,2023-04-17T00:00:00.000Z,Listing removed,2023-03-05T00:00:00.000Z,Price change,2023-02-01T00:00:00.000Z,Listed for sale,2022-05-23T00:00:00.000Z,Listing removed,2022-04-30T00:00:00.000Z,Listed for sale,2022-04-28T00:00:00.000Z,Contingent,2022-04-27T00:00:00.000Z,Price change,2022-03-26T00:00:00.000Z,Listed for sale,2016-02-18T00:00:00.000Z,Sold,2015-09-02T00:00:00.000Z,Sold,2009-08-13T00:00:00.000Z,Sold,2008-05-06T00:00:00.000Z,Sold
"1961 Auburn Hills Dr, Benton, AR 72015",1961 Auburn Hills Dr,Benton,AR,72015,,forRent,3,1470,,1850,45,https://www.zillow.com/homedetails/1961-Auburn-Hills-Dr-Benton-AR-72015/2061982521_zpid/,,210000,2026-08-04T00:00:00.000Z,Sold,2026-08-04T00:00:00.000Z,Listed for rent,2026-08-04T00:00:00.000Z,Contingent,2026-06-22T00:00:00.000Z,Price change,2026-05-30T00:00:00.000Z,Price change,2026-05-06T00:00:00.000Z,Price change,2026-04-27T00:00:00.000Z,Price change,2026-04-02T00:00:00.000Z,Price change,2026-03-31T00:00:00.000Z,Price change,2026-03-28T00:00:00.000Z,Listed for sale,2022-12-16T00:00:00.000Z,Sold,2022-11-18T00:00:00.000Z,Contingent,2022-11-11T00:00:00.000Z,Price change,2022-10-04T00:00:00.000Z,Price change,2022-08-23T00:00:00.000Z,Price change,2022-08-10T00:00:00.000Z,Listed for sale,,,,,,,,,,,,,,,,,,,,,,,,
"27 Emerald Cir, Cabot, AR 72023",27 Emerald Cir,Cabot,AR,72023,,forRent,3,1688,,1700,5,https://www.zillow.com/homedetails/27-Emerald-Cir-Cabot-AR-72023/254457_zpid/,,400000,2026-09-12T00:00:00.000Z,Listed for rent,2026-07-24T00:00:00.000Z,Listing removed,2026-07-22T00:00:00.000Z,Listed for rent,2026-07-10T00:00:00.000Z,Listing removed,2026-07-01T00:00:00.000Z,Listed for rent,2025-07-17T00:00:00.000Z,Listing removed,2025-07-03T00:00:00.000Z,Listed for rent,2020-05-06T00:00:00.000Z,Listing removed,2020-04-16T00:00:00.000Z,Listed for rent,2014-07-18T00:00:00.000Z,Sold,,,,,,,,,,,,,,,,,,,,,,,,,,,,,,,,,,,,
"2500 Gibby Dr, Conway, AR 72032",2500 Gibby Dr,Conway,AR,72032,,forRent,3,1221,,1350,13,https://www.zillow.com/homedetails/2500-Gibby-Dr-Conway-AR-72032/239939_zpid/,,123000,2026-09-04T00:00:00.000Z,Listed for rent,2021-03-24T00:00:00.000Z,Listing removed,2021-03-12T00:00:00.000Z,Sold,2015-06-30T00:00:00.000Z,Sold,2015-03-29T00:00:00.000Z,Listing removed,2015-03-15T00:00:00.000Z,Listed for sale,2014-01-02T00:00:00.000Z,Sold,2008-03-10T00:00:00.000Z,Sold,,,,,,,,,,,,,,,,,,,,,,,,,,,,,,,,,,,,,,,,
"1609 Rushing Cir, Conway, AR 72032",1609 Rushing Cir,Conway,AR,72032,,forRent,3,1400,,1475,17,https://www.zillow.com/homedetails/1609-Rushing-Cir-Conway-AR-72032/235792_zpid/,,116000,2026-08-31T00:00:00.000Z,Listed for rent,2024-09-13T00:00:00.000Z,Listing removed,2024-06-19T00:00:00.000Z,Listed for rent,2024-06-19T00:00:00.000Z,Listing removed,2024-05-25T00:00:00.000Z,Listed for rent,2023-03-31T00:00:00.000Z,Listing removed,2023-03-22T00:00:00.000Z,Listed for rent,2022-08-11T00:00:00.000Z,Listing removed,2022-08-02T00:00:00.000Z,Listed for rent,2019-02-28T00:00:00.000Z,Listing removed,2019-01-02T00:00:00.000Z,Listed for rent,2015-07-25T00:00:00.000Z,Listing removed,2015-07-03T00:00:00.000Z,Listed for rent,2014-10-30T00:00:00.000Z,Sold,2013-09-22T00:00:00.000Z,Listing removed,2013-09-13T00:00:00.000Z,Price change,2013-08-03T00:00:00.000Z,Listed for rent,2010-01-13T00:00:00.000Z,Sold,2009-12-04T00:00:00.000Z,Listed for sale,,,,,,,,,,,,,,,,,,
"623 Dyer Cir, Benton, AR 72015",623 Dyer Cir,Benton,AR,72015,,forRent,3,2053,,1995,20,https://www.zillow.com/homedetails/623-Dyer-Cir-Benton-AR-72015/386376_zpid/,,87000,2026-07-27T00:00:00.000Z,Price change,2026-07-17T00:00:00.000Z,Listed for rent,2004-07-02T00:00:00.000Z,Sold,,,,,,,,,,,,,,,,,,,,,,,,,,,,,,,,,,,,,,,,,,,,,,,,,,
"414 Newcomb Cv, Benton, AR 72015",414 Newcomb Cv,Benton,AR,72015,,forRent,3,1384,,1600,62,https://www.zillow.com/homedetails/414-Newcomb-Cv-Benton-AR-72015/384931_zpid/,,65531,2026-07-17T00:00:00.000Z,Listed for rent,2010-11-30T00:00:00.000Z,Sold,2005-03-03T00:00:00.000Z,Sold,,,,,,,,,,,,,,,,,,,,,,,,,,,,,,,,,,,,,,,,,,,,,,,,,,
"1948 Cambridge Village Dr, Conway, AR 72032",1948 Cambridge Village Dr,Conway,AR,72032,,forRent,3,1502,,1500,5,https://www.zillow.com/homedetails/1948-Cambridge-Village-Dr-Conway-AR-72032/203896115_zpid/,,,2026-09-12T00:00:00.000Z,Listed for rent,2026-08-06T00:00:00.000Z,Listing removed,2026-05-25T00:00:00.000Z,Price change,2026-05-06T00:00:00.000Z,Listed for rent,2025-04-16T00:00:00.000Z,Listing removed,2025-03-18T00:00:00.000Z,Listed for rent,2024-06-20T00:00:00.000Z,Listing removed,2024-06-10T00:00:00.000Z,Listed for rent,2024-06-10T00:00:00.000Z,Listing removed,2024-05-14T00:00:00.000Z,Listed for rent,2023-05-16T00:00:00.000Z,Listing removed,2023-03-15T00:00:00.000Z,Listed for rent,2022-04-14T00:00:00.000Z,Listing removed,2022-02-19T00:00:00.000Z,Price change,2022-01-28T00:00:00.000Z,Listed for rent,,,,,,,,,,,,,,,,,,,,,,,,,,
"209 Rose St, Haskell, AR 72015",209 Rose St,Haskell,AR,72015,,forRent,4,1290,,1495,8,https://www.zillow.com/homedetails/209-Rose-St-Haskell-AR-72015/71713627_zpid/,,95000,2026-09-09T00:00:00.000Z,Listed for rent,2026-07-09T00:00:00.000Z,Sold,2006-09-21T00:00:00.000Z,Sold,,,,,,,,,,,,,,,,,,,,,,,,,,,,,,,,,,,,,,,,,,,,,,,,,,
"35 G St, Cabot, AR 72023",35 G St,Cabot,AR,72023,,forRent,3,1849,,1825,71,https://www.zillow.com/homedetails/35-G-St-Cabot-AR-72023/254255_zpid/,,230000,2026-07-25T00:00:00.000Z,Price change,2026-07-09T00:00:00.000Z,Price change,2026-05-03T00:00:00.000Z,Listed for rent,2025-05-25T00:00:00.000Z,Listing removed,2025-05-14T00:00:00.000Z,Price change,2025-05-01T00:00:00.000Z,Listed for rent,2021-06-07T00:00:00.000Z,Sold,2020-09-03T00:00:00.000Z,Sold,2020-06-19T00:00:00.000Z,Listed for sale,2018-06-22T00:00:00.000Z,Sold,2018-05-08T00:00:00.000Z,Listed for sale,2014-04-28T00:00:00.000Z,Sold,,,,,,,,,,,,,,,,,,,,,,,,,,,,,,,,
"5719 Heritage Heights Dr, Benton, AR 72019",5719 Heritage Heights Dr,Benton,AR,72019,,forRent,4,1650,,1800,34,https://www.zillow.com/homedetails/5719-Heritage-Heights-Dr-Benton-AR-72019/71715729_zpid/,,22000,2026-08-14T00:00:00.000Z,Listed for rent,2025-04-01T00:00:00.000Z,Listing removed,2025-03-06T00:00:00.000Z,Listed for rent,2023-10-30T00:00:00.000Z,Listing removed,2023-10-23T00:00:00.000Z,Listed for rent,2022-10-27T00:00:00.000Z,Listing removed,2022-09-26T00:00:00.000Z,Price change,2022-08-22T00:00:00.000Z,Listed for rent,2021-03-24T00:00:00.000Z,Listing removed,2018-08-04T00:00:00.000Z,Listing removed,2018-07-30T00:00:00.000Z,Listed for rent,2017-02-19T00:00:00.000Z,Listing removed,2017-02-06T00:00:00.000Z,Listed for rent,2016-10-28T00:00:00.000Z,Listing removed,2014-04-08T00:00:00.000Z,Listing removed,2014-03-29T00:00:00.000Z,Listed for rent,2013-01-05T00:00:00.000Z,Listing removed,2012-10-26T00:00:00.000Z,Listed for sale,2012-10-26T00:00:00.000Z,Listing removed,2012-10-07T00:00:00.000Z,Listed for rent,2010-03-24T00:00:00.000Z,Sold,,,,,,,,,,,,,,
"345 Joyner Loop, Lonoke, AR 72086",345 Joyner Loop,Lonoke,AR,72086,,forRent,3,1120,,1200,76,https://www.zillow.com/homedetails/345-Joyner-Loop-Lonoke-AR-72086/99446243_zpid/,,36000,2026-07-05T00:00:00.000Z,Price change,2026-07-03T00:00:00.000Z,Listed for rent,2026-06-23T00:00:00.000Z,Listing removed,2026-02-11T00:00:00.000Z,Listed for rent,2025-11-22T00:00:00.000Z,Listing removed,2025-11-15T00:00:00.000Z,Price change,2025-11-05T00:00:00.000Z,Listed for rent,2025-09-05T00:00:00.000Z,Listing removed,2025-08-06T00:00:00.000Z,Listed for rent,2007-02-20T00:00:00.000Z,Sold,,,,,,,,,,,,,,,,,,,,,,,,,,,,,,,,,,,,
"5845 Heritage Heights Dr, Benton, AR 72019",5845 Heritage Heights Dr,Benton,AR,72019,,forRent,4,1725,,1750,31,https://www.zillow.com/homedetails/5845-Heritage-Heights-Dr-Benton-AR-72019/440162513_zpid/,,,2026-08-17T00:00:00.000Z,Listed for rent,2024-09-13T00:00:00.000Z,Listing removed,2024-09-10T00:00:00.000Z,Listed for rent,,,,,,,,,,,,,,,,,,,,,,,,,,,,,,,,,,,,,,,,,,,,,,,,,,
"5 Weatherwood Dr, Greenbrier, AR 72058",5 Weatherwood Dr,Greenbrier,AR,72058,,forRent,3,1547,,1575,71,https://www.zillow.com/homedetails/5-Weatherwood-Dr-Greenbrier-AR-72058/102993946_zpid/,,154000,2026-09-09T00:00:00.000Z,Price change,2026-07-09T00:00:00.000Z,Listed for rent,2022-10-04T00:00:00.000Z,Listing removed,2022-09-19T00:00:00.000Z,Listed for rent,2022-09-16T00:00:00.000Z,Listed for sale,2008-04-30T00:00:00.000Z,Sold,,,,,,,,,,,,,,,,,,,,,,,,,,,,,,,,,,,,,,,,,,,,
"2765 Archer Ln, Conway, AR 72034",2765 Archer Ln,Conway,AR,72034,,forRent,3,1560,,1700,34,https://www.zillow.com/homedetails/2765-Archer-Ln-Conway-AR-72034/241241_zpid/,,154500,2026-08-14T00:00:00.000Z,Listed for rent,2025-09-17T00:00:00.000Z,Listing removed,2025-08-12T00:00:00.000Z,Listed for rent,2024-05-31T00:00:00.000Z,Listing removed,2024-05-16T00:00:00.000Z,Listed for rent,2023-06-05T00:00:00.000Z,Listing removed,2023-06-02T00:00:00.000Z,Listed for rent,2019-12-17T00:00:00.000Z,Sold,2019-11-19T00:00:00.000Z,Price change,2019-09-30T00:00:00.000Z,Listed for sale,2014-10-14T00:00:00.000Z,Sold,,,,,,,,,,,,,,,,,,,,,,,,,,,,,,,,,,
"18 Kimberly Dr, Vilonia, AR 72173",18 Kimberly Dr,Vilonia,AR,72173,,forRent,3,1954,,1945,1,https://www.zillow.com/homedetails/18-Kimberly-Dr-Vilonia-AR-72173/245526_zpid/,,270000,2026-08-26T00:00:00.000Z,Price change,2026-05-04T00:00:00.000Z,Listed for rent,2026-01-05T00:00:00.000Z,Sold,2025-11-20T00:00:00.000Z,Listed for sale,2025-11-20T00:00:00.000Z,Listing removed,2025-09-18T00:00:00.000Z,Listed for sale,2015-07-09T00:00:00.000Z,Sold,2000-03-15T00:00:00.000Z,Sold,,,,,,,,,,,,,,,,,,,,,,,,,,,,,,,,,,,,,,,,
"211 Rodney Guthrie Dr, Cabot, AR 72023",211 Rodney Guthrie Dr,Cabot,AR,72023,,forRent,3,1268,,1345,42,https://www.zillow.com/homedetails/211-Rodney-Guthrie-Dr-Cabot-AR-72023/256835_zpid/,,155000,2026-08-06T00:00:00.000Z,Listed for rent,2025-09-22T00:00:00.000Z,Listing removed,2025-08-26T00:00:00.000Z,Price change,2025-07-29T00:00:00.000Z,Listed for rent,2023-07-27T00:00:00.000Z,Listing removed,2023-07-06T00:00:00.000Z,Listed for rent,2022-03-10T00:00:00.000Z,Sold,2022-01-31T00:00:00.000Z,Listed for sale,2019-09-20T00:00:00.000Z,Sold,2019-09-11T00:00:00.000Z,Listed for sale,2019-08-26T00:00:00.000Z,Pending sale,2019-08-13T00:00:00.000Z,Price change,2019-05-31T00:00:00.000Z,Price change,2019-03-17T00:00:00.000Z,Listed for sale,2017-02-23T00:00:00.000Z,Listing removed,2017-01-02T00:00:00.000Z,Price change,2016-07-05T00:00:00.000Z,Listed for sale,2016-06-27T00:00:00.000Z,Sold,2015-11-21T00:00:00.000Z,Listed for sale,2014-09-16T00:00:00.000Z,Sold,,,,,,,,,,,,,,,,
"13824 Joan Dr, Shannon Hills, AR 72103",13824 Joan Dr,Shannon Hills,AR,72103,,forRent,4,1200,,1400,14,https://www.zillow.com/homedetails/13824-Joan-Dr-Shannon-Hills-AR-72103/393598_zpid/,,59000,2026-07-12T00:00:00.000Z,Listed for rent,2019-03-19T00:00:00.000Z,Listing removed,2018-09-14T00:00:00.000Z,Listed for rent,2018-09-13T00:00:00.000Z,Sold,2018-07-24T00:00:00.000Z,Price change,2018-07-04T00:00:00.000Z,Listed for sale,,,,,,,,,,,,,,,,,,,,,,,,,,,,,,,,,,,,,,,,,,,,
"37 Saint John St, Cabot, AR 72023",37 Saint John St,Cabot,AR,72023,,forRent,3,1188,,1295,79,https://www.zillow.com/homedetails/37-Saint-John-St-Cabot-AR-72023/253499_zpid/,,81500,2026-09-03T00:00:00.000Z,Price change,2026-03-31T00:00:00.000Z,Listed for rent,2026-03-26T00:00:00.000Z,Sold,2026-03-19T00:00:00.000Z,Contingent,2026-03-14T00:00:00.000Z,Price change,2026-02-27T00:00:00.000Z,Price change,2026-01-28T00:00:00.000Z,Listed for sale,2016-05-26T00:00:00.000Z,Sold,2016-04-08T00:00:00.000Z,Listed for sale,2013-05-16T00:00:00.000Z,Sold,,,,,,,,,,,,,,,,,,,,,,,,,,,,,,,,,,,,
"831 Watkins St, Conway, AR 72034",831 Watkins St,Conway,AR,72034,,forRent,3,1176,,1175,22,https://www.zillow.com/homedetails/831-Watkins-St-Conway-AR-72034/237666_zpid/,,85000,2026-08-27T00:00:00.000Z,Listed for rent,2025-12-01T00:00:00.000Z,Listing removed,2025-10-29T00:00:00.000Z,Listed for rent,2019-08-02T00:00:00.000Z,Listing removed,2019-07-17T00:00:00.000Z,Price change,2019-07-13T00:00:00.000Z,Listed for rent,2018-11-15T00:00:00.000Z,Listing removed,2018-08-03T00:00:00.000Z,Listed for rent,2017-10-03T00:00:00.000Z,Listing removed,2017-09-29T00:00:00.000Z,Price change,2017-09-12T00:00:00.000Z,Listed for rent,2016-11-22T00:00:00.000Z,Listing removed,2016-07-07T00:00:00.000Z,Listing removed,2014-11-19T00:00:00.000Z,Listing removed,2014-10-31T00:00:00.000Z,Listed for rent,2014-06-25T00:00:00.000Z,Sold,2012-01-25T00:00:00.000Z,Listing removed,2012-01-06T00:00:00.000Z,Listed for sale,2008-10-24T00:00:00.000Z,Sold,,,,,,,,,,,,,,,,,,
"1425 Joyner Dr, Conway, AR 72034",1425 Joyner Dr,Conway,AR,72034,,forRent,3,1157,,1450,34,https://www.zillow.com/homedetails/1425-Joyner-Dr-Conway-AR-72034/35730195_zpid/,,155000,2026-08-14T00:00:00.000Z,Listed for rent,2025-10-28T00:00:00.000Z,Listing removed,2025-08-29T00:00:00.000Z,Price change,2025-08-12T00:00:00.000Z,Listed for rent,2024-09-13T00:00:00.000Z,Listing removed,2024-08-16T00:00:00.000Z,Listed for rent,2022-04-27T00:00:00.000Z,Sold,2021-12-16T00:00:00.000Z,Listing removed,2021-10-26T00:00:00.000Z,Listed for rent,2019-05-14T00:00:00.000Z,Sold,2019-03-21T00:00:00.000Z,Listed for sale,2016-05-03T00:00:00.000Z,Sold,2016-02-17T00:00:00.000Z,Listed for sale,2011-04-01T00:00:00.000Z,Sold,2011-01-22T00:00:00.000Z,Price change,2011-01-01T00:00:00.000Z,Price change,2010-11-18T00:00:00.000Z,Listed for sale,2010-10-15T00:00:00.000Z,Listing removed,2010-10-15T00:00:00.000Z,Price change,2010-09-24T00:00:00.000Z,Listed for sale,,,,,,,,,,,,,,,,
"3915 Ledbetter Dr, Conway, AR 72034",3915 Ledbetter Dr,Conway,AR,72034,,forRent,3,1052,,1100,5,https://www.zillow.com/homedetails/3915-Ledbetter-Dr-Conway-AR-72034/242880_zpid/,,134000,2026-01-14T00:00:00.000Z,Listed for rent,2026-01-14T00:00:00.000Z,Listing removed,2026-01-08T00:00:00.000Z,Listed for rent,2024-12-09T00:00:00.000Z,Listing removed,2024-10-16T00:00:00.000Z,Price change,2024-08-16T00:00:00.000Z,Listed for rent,2024-02-29T00:00:00.000Z,Listing removed,2024-02-16T00:00:00.000Z,Price change,2024-01-08T00:00:00.000Z,Listed for rent,2023-02-08T00:00:00.000Z,Listing removed,2023-01-25T00:00:00.000Z,Price change,2022-11-23T00:00:00.000Z,Listed for rent,2022-11-14T00:00:00.000Z,Sold,2022-10-13T00:00:00.000Z,Contingent,2022-10-09T00:00:00.000Z,Listed for sale,2015-07-17T00:00:00.000Z,Sold,2002-05-31T00:00:00.000Z,Sold,,,,,,,,,,,,,,,,,,,,,,
"4903 Natalie Dr, Bryant, AR 72022",4903 Natalie Dr,Bryant,AR,72022,,forRent,4,1990,,1860,24,https://www.zillow.com/homedetails/4903-Natalie-Dr-Bryant-AR-72022/82281136_zpid/,,38000,2026-08-24T00:00:00.000Z,Listed for rent,2007-08-22T00:00:00.000Z,Sold,,,,,,,,,,,,,,,,,,,,,,,,,,,,,,,,,,,,,,,,,,,,,,,,,,,,
"3123 Lori Lake Rd, Benton, AR 72019",3123 Lori Lake Rd,Benton,AR,72019,,forRent,3,1280,,1000,196,https://www.zillow.com/homedetails/3123-Lori-Lake-Rd-Benton-AR-72019/453026788_zpid/,,,2025-06-07T00:00:00.000Z,Listed for rent,,,,,,,,,,,,,,,,,,,,,,,,,,,,,,,,,,,,,,,,,,,,,,,,,,,,,,
"607 Timberline Rd, Jacksonville, AR 72076",607 Timberline Rd,Jacksonville,AR,72076,,forRent,3,1305,,1700,12,https://www.zillow.com/homedetails/607-Timberline-Rd-Jacksonville-AR-72076/447645046_zpid/,,,2026-09-05T00:00:00.000Z,Listed for rent,2025-08-07T00:00:00.000Z,Listing removed,2025-07-01T00:00:00.000Z,Price change,2025-04-02T00:00:00.000Z,Price change,2025-02-27T00:00:00.000Z,Listed for rent,2025-02-27T00:00:00.000Z,Listing removed,2025-02-24T00:00:00.000Z,Listed for rent,,,,,,,,,,,,,,,,,,,,,,,,,,,,,,,,,,,,,,,,,,
"600 S Davis St, Conway, AR 72034",600 S Davis St,Conway,AR,72034,,forRent,3,1728,,1500,87,https://www.zillow.com/homedetails/600-S-Davis-St-Conway-AR-72034/235022_zpid/,,108500,2026-09-02T00:00:00.000Z,Price change,2026-07-20T00:00:00.000Z,Price change,2026-07-06T00:00:00.000Z,Price change,2026-06-22T00:00:00.000Z,Listed for rent,2022-10-20T00:00:00.000Z,Listing removed,2022-10-11T00:00:00.000Z,Price change,2022-09-22T00:00:00.000Z,Listed for rent,2017-06-15T00:00:00.000Z,Sold,2017-05-06T00:00:00.000Z,Listed for sale,2015-04-17T00:00:00.000Z,Sold,2005-07-22T00:00:00.000Z,Sold,,,,,,,,,,,,,,,,,,,,,,,,,,,,,,,,,,
"2912 Highway 319 W, Austin, AR 72007",2912 Highway 319 W,Austin,AR,72007,,forRent,3,1992,,1695,309,https://www.zillow.com/homedetails/2912-Highway-319-W-Austin-AR-72007/249702_zpid/,,640000,2026-08-19T00:00:00.000Z,Price change,2026-07-25T00:00:00.000Z,Price change,2026-05-29T00:00:00.000Z,Price change,2026-03-06T00:00:00.000Z,Price change,2026-02-18T00:00:00.000Z,Price change,2026-02-03T00:00:00.000Z,Price change,2025-11-12T00:00:00.000Z,Listed for rent,2013-09-27T00:00:00.000Z,Sold,1991-10-10T00:00:00.000Z,Sold,,,,,,,,,,,,,,,,,,,,,,,,,,,,,,,,,,,,,,
"2225 Redwood, Benton, AR 72015",2225 Redwood,Benton,AR,72015,,forRent,3,1758,,1800,108,https://www.zillow.com/homedetails/2225-Redwood-Benton-AR-72015/52934068_zpid/,,132000,2026-09-03T00:00:00.000Z,Price change,2026-08-17T00:00:00.000Z,Price change,2026-07-13T00:00:00.000Z,Price change,2026-06-01T00:00:00.000Z,Listed for rent,2025-05-31T00:00:00.000Z,Listing removed,2025-05-17T00:00:00.000Z,Listed for rent,2025-05-16T00:00:00.000Z,Listing removed,2025-04-17T00:00:00.000Z,Listed for rent,2025-04-16T00:00:00.000Z,Listing removed,2024-10-29T00:00:00.000Z,Listed for rent,2023-07-19T00:00:00.000Z,Listing removed,2023-06-20T00:00:00.000Z,Listed for rent,2022-03-04T00:00:00.000Z,Listing removed,2022-02-12T00:00:00.000Z,Listed for rent,2020-08-15T00:00:00.000Z,Listing removed,2020-08-04T00:00:00.000Z,Listed for rent,2019-06-13T00:00:00.000Z,Listing removed,2019-06-04T00:00:00.000Z,Listed for rent,2018-10-16T00:00:00.000Z,Listing removed,2018-08-10T00:00:00.000Z,Price change,2018-08-07T00:00:00.000Z,Listed for rent,2015-07-18T00:00:00.000Z,Listing removed,2015-06-11T00:00:00.000Z,Listed for rent,2014-04-25T00:00:00.000Z,Listing removed,2014-02-22T00:00:00.000Z,Listed for rent,2013-10-18T00:00:00.000Z,Sold,2011-11-01T00:00:00.000Z,Sold,2009-01-13T00:00:00.000Z,Sold
"918 Cedar Haskell St, Haskell, AR 72015",918 Cedar Haskell St,Haskell,AR,72015,,forRent,3,1088,,1150,29,https://www.zillow.com/homedetails/918-Cedar-Haskell-St-Haskell-AR-72015/61187359_zpid/,,,2026-07-13T00:00:00.000Z,Listed for rent,,,,,,,,,,,,,,,,,,,,,,,,,,,,,,,,,,,,,,,,,,,,,,,,,,,,,,
"1519 Mulberry Salem Rd, Benton, AR 72019",1519 Mulberry Salem Rd,Benton,AR,72019,,forRent,3,1712,,1700,17,https://www.zillow.com/homedetails/1519-Mulberry-Salem-Rd-Benton-AR-72019/376849_zpid/,,340000,2026-09-05T00:00:00.000Z,Listed for rent,2026-02-25T00:00:00.000Z,Listing removed,2026-02-19T00:00:00.000Z,Listed for rent,2025-11-07T00:00:00.000Z,Sold,2024-09-15T00:00:00.000Z,Listing removed,2024-06-17T00:00:00.000Z,Listed for sale,2023-03-01T00:00:00.000Z,Sold,,,,,,,,,,,,,,,,,,,,,,,,,,,,,,,,,,,,,,,,,,
"6099 Meridian Dr, Alexander, AR 72002",6099 Meridian Dr,Alexander,AR,72002,,forRent,4,1824,,2195,7,https://www.zillow.com/homedetails/6099-Meridian-Dr-Alexander-AR-72002/456178536_zpid/,,,2026-09-10T00:00:00.000Z,Listed for rent,2026-01-22T00:00:00.000Z,Listing removed,2025-12-23T00:00:00.000Z,Listed for rent,2025-11-27T00:00:00.000Z,Listing removed,2025-08-22T00:00:00.000Z,Listed for sale,,,,,,,,,,,,,,,,,,,,,,,,,,,,,,,,,,,,,,,,,,,,,,
"3562 Terrace Hill Ct, Benton, AR 72019",3562 Terrace Hill Ct,Benton,AR,72019,,forRent,3,,,1450,56,https://www.zillow.com/homedetails/3562-Terrace-Hill-Ct-Benton-AR-72019/247594484_zpid/,,122580,2026-08-24T00:00:00.000Z,Price change,2026-07-23T00:00:00.000Z,Listed for rent,2023-06-22T00:00:00.000Z,Listing removed,2023-06-11T00:00:00.000Z,Listed for rent,2022-05-05T00:00:00.000Z,Listing removed,2022-04-19T00:00:00.000Z,Listed for rent,2022-03-04T00:00:00.000Z,Sold,,,,,,,,,,,,,,,,,,,,,,,,,,,,,,,,,,,,,,,,,,
"500 SE 1st St, Bryant, AR 72022",500 SE 1st St,Bryant,AR,72022,,forRent,3,1231,,1500,17,https://www.zillow.com/homedetails/500-SE-1st-St-Bryant-AR-72022/52934639_zpid/,,195000,2026-08-31T00:00:00.000Z,Listed for rent,2026-07-31T00:00:00.000Z,Listing removed,2026-07-17T00:00:00.000Z,Listed for rent,2025-07-07T00:00:00.000Z,Listing removed,2025-07-04T00:00:00.000Z,Listed for rent,2025-07-01T00:00:00.000Z,Sold,2025-06-14T00:00:00.000Z,Contingent,2025-06-12T00:00:00.000Z,Listed for sale,2021-08-02T00:00:00.000Z,Sold,2021-07-03T00:00:00.000Z,Contingent,2021-06-30T00:00:00.000Z,Listed for sale,2021-03-24T00:00:00.000Z,Listing removed,2020-06-01T00:00:00.000Z,Sold,2020-03-07T00:00:00.000Z,Pending sale,2020-03-04T00:00:00.000Z,Listed for sale,2020-01-29T00:00:00.000Z,Sold,2018-03-27T00:00:00.000Z,Sold,2018-02-02T00:00:00.000Z,Listed for sale,2011-08-29T00:00:00.000Z,Sold,2011-06-25T00:00:00.000Z,Price change,2010-12-03T00:00:00.000Z,Price change,2010-11-28T00:00:00.000Z,Price change,2010-11-22T00:00:00.000Z,Price change,2010-11-14T00:00:00.000Z,Price change,2010-10-30T00:00:00.000Z,Price change,2010-05-27T00:00:00.000Z,Listed for sale,,,,
"56 Eden Valley Ranch Rd, Vilonia, AR 72173",56 Eden Valley Ranch Rd,Vilonia,AR,72173,,forRent,3,1280,,1395,5,https://www.zillow.com/homedetails/56-Eden-Valley-Ranch-Rd-Vilonia-AR-72173/102990816_zpid/,,91800,2026-09-12T00:00:00.000Z,Listed for rent,2026-08-25T00:00:00.000Z,Listing removed,2026-07-20T00:00:00.000Z,Price change,2026-07-02T00:00:00.000Z,Price change,2026-06-22T00:00:00.000Z,Price change,2026-06-13T00:00:00.000Z,Listed for rent,2024-04-05T00:00:00.000Z,Sold,2024-03-07T00:00:00.000Z,Listing removed,2024-02-29T00:00:00.000Z,Listed for sale,2022-08-05T00:00:00.000Z,Sold,2022-06-16T00:00:00.000Z,Listed for sale,,,,,,,,,,,,,,,,,,,,,,,,,,,,,,,,,,
"3509 Terrace Hill Ct, Benton, AR 72019",3509 Terrace Hill Ct,Benton,AR,72019,,forRent,3,1500,,1400,17,https://www.zillow.com/homedetails/3509-Terrace-Hill-Ct-Benton-AR-72019/124735446_zpid/,,122580,2026-09-08T00:00:00.000Z,Price change,2026-08-31T00:00:00.000Z,Listed for rent,2023-07-09T00:00:00.000Z,Listing removed,2023-07-06T00:00:00.000Z,Listed for rent,2022-03-04T00:00:00.000Z,Sold,2014-09-04T00:00:00.000Z,Sold,,,,,,,,,,,,,,,,,,,,,,,,,,,,,,,,,,,,,,,,,,,,
"14095 Magnolia Glen Dr, Alexander, AR 72002",14095 Magnolia Glen Dr,Alexander,AR,72002,,forRent,3,1228,,1530,16,https://www.zillow.com/homedetails/14095-Magnolia-Glen-Dr-Alexander-AR-72002/88906053_zpid/,,119500,2026-09-01T00:00:00.000Z,Listed for rent,2020-12-08T00:00:00.000Z,Listing removed,2020-12-02T00:00:00.000Z,Listed for rent,2016-09-27T00:00:00.000Z,Sold,2016-06-29T00:00:00.000Z,Price change,2016-06-06T00:00:00.000Z,Listed for sale,2015-07-08T00:00:00.000Z,Listing removed,2015-06-13T00:00:00.000Z,Listed for rent,2014-07-19T00:00:00.000Z,Listing removed,2014-06-20T00:00:00.000Z,Listed for rent,2013-07-17T00:00:00.000Z,Listing removed,2013-07-03T00:00:00.000Z,Price change,2013-06-14T00:00:00.000Z,Price change,2013-05-17T00:00:00.000Z,Listed for rent,2009-11-06T00:00:00.000Z,Sold,,,,,,,,,,,,,,,,,,,,,,,,,,
"1120 Trenton Dr, Conway, AR 72034",1120 Trenton Dr,Conway,AR,72034,,forRent,3,1230,,1450,7,https://www.zillow.com/homedetails/1120-Trenton-Dr-Conway-AR-72034/82275033_zpid/,,92000,2026-09-10T00:00:00.000Z,Listed for rent,2026-03-11T00:00:00.000Z,Listing removed,2026-03-04T00:00:00.000Z,Listed for rent,2021-03-24T00:00:00.000Z,Listing removed,2020-02-09T00:00:00.000Z,Listing removed,2020-01-09T00:00:00.000Z,Price change,2019-11-07T00:00:00.000Z,Price change,2019-10-20T00:00:00.000Z,Listed for rent,2005-05-03T00:00:00.000Z,Sold,,,,,,,,,,,,,,,,,,,,,,,,,,,,,,,,,,,,,,
"203 Logan Dr, Maumelle, AR 72113",203 Logan Dr,Maumelle,AR,72113,,forRent,3,1472,,1835,48,https://www.zillow.com/homedetails/203-Logan-Dr-Maumelle-AR-72113/2057186362_zpid/,,,2026-08-05T00:00:00.000Z,Price change,2026-07-31T00:00:00.000Z,Listed for rent,2024-08-27T00:00:00.000Z,Listing removed,2024-08-01T00:00:00.000Z,Listed for rent,2023-06-19T00:00:00.000Z,Listing removed,2023-06-10T00:00:00.000Z,Listed for rent,,,,,,,,,,,,,,,,,,,,,,,,,,,,,,,,,,,,,,,,,,,,
"1928 36th Ave NE, Hickory, NC 28601",1928 36th Ave NE,Hickory,NC,28601,,forRent,3,,,2000,44,https://www.zillow.com/homedetails/1928-36th-Ave-NE-Hickory-NC-28601/71548772_zpid/,,206146,2026-09-04T00:00:00.000Z,Price change,2026-08-04T00:00:00.000Z,Listed for rent,2023-06-02T00:00:00.000Z,Sold,2023-05-10T00:00:00.000Z,Pending sale,,,,,,,,,,,,,,,,,,,,,,,,,,,,,,,,,,,,,,,,,,,,,,,,
"11201 Donnie Dr, Shannon Hills, AR 72103",11201 Donnie Dr,Shannon Hills,AR,72103,,forRent,3,1353,,1250,57,https://www.zillow.com/homedetails/11201-Donnie-Dr-Shannon-Hills-AR-72103/393627_zpid/,,134900,2026-09-12T00:00:00.000Z,Price change,2026-09-04T00:00:00.000Z,Price change,2026-08-29T00:00:00.000Z,Price change,2026-07-23T00:00:00.000Z,Listed for rent,2020-04-07T00:00:00.000Z,Sold,2020-04-05T00:00:00.000Z,Listing removed,2020-03-23T00:00:00.000Z,Price change,2020-03-02T00:00:00.000Z,Price change,2019-12-27T00:00:00.000Z,Listed for rent,2019-11-20T00:00:00.000Z,Listing removed,2019-11-19T00:00:00.000Z,Price change,2019-11-18T00:00:00.000Z,Price change,2019-11-16T00:00:00.000Z,Price change,2019-11-13T00:00:00.000Z,Price change,2019-11-08T00:00:00.000Z,Price change,2019-11-04T00:00:00.000Z,Price change,2019-11-02T00:00:00.000Z,Listed for sale,2019-10-31T00:00:00.000Z,Sold,2019-10-28T00:00:00.000Z,Price change,2019-10-26T00:00:00.000Z,Price change,2019-10-23T00:00:00.000Z,Price change,2019-10-22T00:00:00.000Z,Price change,2019-10-20T00:00:00.000Z,Price change,2019-10-14T00:00:00.000Z,Price change,2019-10-11T00:00:00.000Z,Price change,2019-10-09T00:00:00.000Z,Price change,2019-10-06T00:00:00.000Z,Listed for sale,,
"605 Valley Vista Dr, Benton, AR 72019",605 Valley Vista Dr,Benton,AR,72019,,forRent,4,1942,,1875,72,https://www.zillow.com/homedetails/605-Valley-Vista-Dr-Benton-AR-72019/387089_zpid/,,,2026-07-07T00:00:00.000Z,Listed for rent,,,,,,,,,,,,,,,,,,,,,,,,,,,,,,,,,,,,,,,,,,,,,,,,,,,,,,
"8889 State Highway 127, Hickory, NC 28601",8889 State Highway 127,Hickory,NC,28601,,forRent,3,920,,1300,7,https://www.zillow.com/homedetails/8889-State-Highway-127-Hickory-NC-28601/229589331_zpid/,,115000,2026-09-10T00:00:00.000Z,Listed for rent,2025-06-26T00:00:00.000Z,Listing removed,2025-06-20T00:00:00.000Z,Listed for rent,2015-06-10T00:00:00.000Z,Sold,,,,,,,,,,,,,,,,,,,,,,,,,,,,,,,,,,,,,,,,,,,,,,,,
"5017 Windflower Cv, Alexander, AR 72002",5017 Windflower Cv,Alexander,AR,72002,,forRent,4,1470,,1800,7,https://www.zillow.com/homedetails/5017-Windflower-Cv-Alexander-AR-72002/346557333_zpid/,,220375,2026-09-10T00:00:00.000Z,Listed for rent,2024-07-08T00:00:00.000Z,Listing removed,2024-07-01T00:00:00.000Z,Listed for rent,2024-06-28T00:00:00.000Z,Sold,2024-06-13T00:00:00.000Z,Contingent,2024-03-30T00:00:00.000Z,Listed for sale,,,,,,,,,,,,,,,,,,,,,,,,,,,,,,,,,,,,,,,,,,,,
"102 Rosebud Cir, Cabot, AR 72023",102 Rosebud Cir,Cabot,AR,72023,,forRent,3,1277,,1375,48,https://www.zillow.com/homedetails/102-Rosebud-Cir-Cabot-AR-72023/63160774_zpid/,,199000,2026-09-15T00:00:00.000Z,Price change,2026-07-31T00:00:00.000Z,Listed for rent,2024-10-10T00:00:00.000Z,Listing removed,2024-10-09T00:00:00.000Z,Price change,2024-09-26T00:00:00.000Z,Listed for rent,2024-08-23T00:00:00.000Z,Sold,2024-07-15T00:00:00.000Z,Listed for sale,2019-02-08T00:00:00.000Z,Sold,2019-01-11T00:00:00.000Z,Pending sale,2018-12-01T00:00:00.000Z,Price change,2018-09-22T00:00:00.000Z,Price change,2018-08-05T00:00:00.000Z,Listed for sale,,,,,,,,,,,,,,,,,,,,,,,,,,,,,,,,
"1740 Raden St, Conway, AR 72032",1740 Raden St,Conway,AR,72032,,forRent,3,1243,,1650,8,https://www.zillow.com/homedetails/1740-Raden-St-Conway-AR-72032/2061816633_zpid/,,,2026-09-09T00:00:00.000Z,Listed for rent,2026-05-19T00:00:00.000Z,Listing removed,2026-02-27T00:00:00.000Z,Price change,2022-11-09T00:00:00.000Z,Price change,2022-10-11T00:00:00.000Z,Price change,2022-08-22T00:00:00.000Z,Listed for rent,,,,,,,,,,,,,,,,,,,,,,,,,,,,,,,,,,,,,,,,,,,,
"2042 Moody Gdns, Conway, AR 72034",2042 Moody Gdns,Conway,AR,72034,,forRent,3,1416,,1600,0,https://www.zillow.com/homedetails/2042-Moody-Gdns-Conway-AR-72034/352031406_zpid/,,,2026-09-17T00:00:00.000Z,Listed for rent,,,,,,,,,,,,,,,,,,,,,,,,,,,,,,,,,,,,,,,,,,,,,,,,,,,,,,
"103 E Concord Rd, Mayflower, AR 72106",103 E Concord Rd,Mayflower,AR,72106,,forRent,3,1413,,1660,9,https://www.zillow.com/homedetails/103-E-Concord-Rd-Mayflower-AR-72106/463058000_zpid/,,,2026-09-09T00:00:00.000Z,Listed for rent,2026-08-14T00:00:00.000Z,Listing removed,2026-07-20T00:00:00.000Z,Price change,2026-06-09T00:00:00.000Z,Listed for sale,,,,,,,,,,,,,,,,,,,,,,,,,,,,,,,,,,,,,,,,,,,,,,,,
"640 Cherub Dr, Conway, AR 72034",640 Cherub Dr,Conway,AR,72034,,forRent,3,1144,,1500,4,https://www.zillow.com/homedetails/640-Cherub-Dr-Conway-AR-72034/242932_zpid/,,180000,2026-09-13T00:00:00.000Z,Listed for rent,2026-08-28T00:00:00.000Z,Sold,2026-08-27T00:00:00.000Z,Contingent,2026-07-26T00:00:00.000Z,Listed for sale,2018-04-26T00:00:00.000Z,Sold,2013-10-04T00:00:00.000Z,Sold,2010-09-24T00:00:00.000Z,Sold,,,,,,,,,,,,,,,,,,,,,,,,,,,,,,,,,,,,,,,,,,
"1155 Mimosa Dr, Conway, AR 72034",1155 Mimosa Dr,Conway,AR,72034,,forRent,3,1236,,1400,13,https://www.zillow.com/homedetails/1155-Mimosa-Dr-Conway-AR-72034/35730018_zpid/,,78000,2026-09-04T00:00:00.000Z,Listed for rent,2025-06-19T00:00:00.000Z,Listing removed,2025-06-16T00:00:00.000Z,Listed for rent,2023-09-26T00:00:00.000Z,Listing removed,2023-09-11T00:00:00.000Z,Listed for rent,2019-06-13T00:00:00.000Z,Listing removed,2019-06-05T00:00:00.000Z,Listed for rent,2001-06-27T00:00:00.000Z,Sold,,,,,,,,,,,,,,,,,,,,,,,,,,,,,,,,,,,,,,,,
"175 Southerland Rd, Conway, AR 72032",175 Southerland Rd,Conway,AR,72032,,forRent,3,1532,,1650,15,https://www.zillow.com/homedetails/175-Southerland-Rd-Conway-AR-72032/35730518_zpid/,,165000,2026-09-02T00:00:00.000Z,Listed for rent,2025-07-03T00:00:00.000Z,Listing removed,2025-06-23T00:00:00.000Z,Listed for rent,2024-06-07T00:00:00.000Z,Listing removed,2024-05-25T00:00:00.000Z,Listed for rent,2022-05-09T00:00:00.000Z,Listing removed,2022-04-18T00:00:00.000Z,Listed for rent,2022-04-06T00:00:00.000Z,Sold,2022-02-18T00:00:00.000Z,Contingent,2022-02-03T00:00:00.000Z,Listed for sale,2020-07-20T00:00:00.000Z,Listing removed,2020-07-17T00:00:00.000Z,Listed for sale,2018-02-03T00:00:00.000Z,Listing removed,2017-12-31T00:00:00.000Z,Listed for rent,2015-07-20T00:00:00.000Z,Sold,2015-06-17T00:00:00.000Z,Pending sale,2015-05-02T00:00:00.000Z,Listed for sale,2015-01-01T00:00:00.000Z,Listing removed,2014-06-19T00:00:00.000Z,Listed for sale,2006-09-26T00:00:00.000Z,Sold,,,,,,,,,,,,,,,,
"1120 Trenton Dr, Conway, AR 72034",1120 Trenton Dr,Conway,AR,72034,,forRent,3,1230,,1450,7,https://www.zillow.com/homedetails/1120-Trenton-Dr-Conway-AR-72034/82275033_zpid/,,92000,2026-09-10T00:00:00.000Z,Listed for rent,2026-03-11T00:00:00.000Z,Listing removed,2026-03-04T00:00:00.000Z,Listed for rent,2021-03-24T00:00:00.000Z,Listing removed,2020-02-09T00:00:00.000Z,Listing removed,2020-01-09T00:00:00.000Z,Price change,2019-11-07T00:00:00.000Z,Price change,2019-10-20T00:00:00.000Z,Listed for rent,2005-05-03T00:00:00.000Z,Sold,,,,,,,,,,,,,,,,,,,,,,,,,,,,,,,,,,,,,,
"1306 Bellemeade Dr, Conway, AR 72034",1306 Bellemeade Dr,Conway,AR,72034,,forRent,3,2220,,1775,35,https://www.zillow.com/homedetails/1306-Bellemeade-Dr-Conway-AR-72034/234155_zpid/,,89090,2026-08-13T00:00:00.000Z,Listed for rent,2025-06-20T00:00:00.000Z,Listing removed,2025-05-09T00:00:00.000Z,Listed for rent,2017-12-01T00:00:00.000Z,Listing removed,2017-08-20T00:00:00.000Z,Price change,2017-05-31T00:00:00.000Z,Listed for sale,2013-10-16T00:00:00.000Z,Listing removed,2013-07-18T00:00:00.000Z,Listed for sale,2013-04-01T00:00:00.000Z,Sold,2012-06-28T00:00:00.000Z,Sold,,,,,,,,,,,,,,,,,,,,,,,,,,,,,,,,,,,,
"1610 Raden St, Conway, AR 72032",1610 Raden St,Conway,AR,72032,,forRent,3,1243,,1650,36,https://www.zillow.com/homedetails/1610-Raden-St-Conway-AR-72032/2066419442_zpid/,,,2026-08-12T00:00:00.000Z,Listed for rent,2025-10-04T00:00:00.000Z,Listing removed,2025-10-03T00:00:00.000Z,Listed for rent,2025-10-03T00:00:00.000Z,Listing removed,2025-07-18T00:00:00.000Z,Listed for rent,2023-12-30T00:00:00.000Z,Listing removed,2023-12-29T00:00:00.000Z,Listed for rent,2023-12-28T00:00:00.000Z,Listing removed,2023-12-01T00:00:00.000Z,Price change,2023-09-08T00:00:00.000Z,Listed for rent,2023-04-19T00:00:00.000Z,Listing removed,2023-03-28T00:00:00.000Z,Listed for rent,2022-04-21T00:00:00.000Z,Listing removed,2022-02-16T00:00:00.000Z,Listed for rent,,,,,,,,,,,,,,,,,,,,,,,,,,,,
"3802 Pinecrest Ln, Maumelle, AR 72113",3802 Pinecrest Ln,Maumelle,AR,72113,,forRent,4,2435,,2600,14,https://www.zillow.com/homedetails/3802-Pinecrest-Ln-Maumelle-AR-72113/465038347_zpid/,,,2026-09-15T00:00:00.000Z,Price change,2026-09-03T00:00:00.000Z,Listed for rent,,,,,,,,,,,,,,,,,,,,,,,,,,,,,,,,,,,,,,,,,,,,,,,,,,,,
"10 Harvest Ln, Conway, AR 72032",10 Harvest Ln,Conway,AR,72032,,forRent,3,1288,,1395,30,https://www.zillow.com/homedetails/10-Harvest-Ln-Conway-AR-72032/338960356_zpid/,,,2026-09-10T00:00:00.000Z,Price change,2026-08-18T00:00:00.000Z,Listed for rent,2024-10-10T00:00:00.000Z,Listing removed,2024-09-25T00:00:00.000Z,Listed for rent,2022-09-22T00:00:00.000Z,Listing removed,2022-08-25T00:00:00.000Z,Price change,2022-08-03T00:00:00.000Z,Listed for sale,,,,,,,,,,,,,,,,,,,,,,,,,,,,,,,,,,,,,,,,,,
"1810 Rich Smith Ln, Conway, AR 72032",1810 Rich Smith Ln,Conway,AR,72032,,forRent,3,2310,,2500,52,https://www.zillow.com/homedetails/1810-Rich-Smith-Ln-Conway-AR-72032/102992676_zpid/,,,2026-07-27T00:00:00.000Z,Price change,2026-06-22T00:00:00.000Z,Price change,2026-04-22T00:00:00.000Z,Price change,2026-01-07T00:00:00.000Z,Listed for rent,,,,,,,,,,,,,,,,,,,,,,,,,,,,,,,,,,,,,,,,,,,,,,,,
"6005 Coywolf, Maumelle, AR 72113",6005 Coywolf,Maumelle,AR,72113,,forRent,4,1955,,2300,1,https://www.zillow.com/homedetails/6005-Coywolf-Maumelle-AR-72113/465322717_zpid/,,,2026-09-16T00:00:00.000Z,Listed for rent,,,,,,,,,,,,,,,,,,,,,,,,,,,,,,,,,,,,,,,,,,,,,,,,,,,,,,
"4555 Graham Dr, Conway, AR 72034",4555 Graham Dr,Conway,AR,72034,,forRent,3,1192,,1400,35,https://www.zillow.com/homedetails/4555-Graham-Dr-Conway-AR-72034/59917944_zpid/,,185000,2026-08-13T00:00:00.000Z,Listed for rent,2024-10-02T00:00:00.000Z,Listing removed,2024-09-23T00:00:00.000Z,Listed for rent,2023-07-28T00:00:00.000Z,Sold,2023-06-28T00:00:00.000Z,Contingent,2023-06-28T00:00:00.000Z,Listed for sale,2021-03-24T00:00:00.000Z,Listing removed,2016-11-28T00:00:00.000Z,Listing removed,2016-11-28T00:00:00.000Z,Listed for sale,2016-09-29T00:00:00.000Z,Sold,2016-09-06T00:00:00.000Z,Pending sale,2016-07-30T00:00:00.000Z,Price change,2016-07-21T00:00:00.000Z,Listed for sale,2011-06-21T00:00:00.000Z,Sold,2005-10-20T00:00:00.000Z,Sold,,,,,,,,,,,,,,,,,,,,,,,,,,
"2400 SW Ednruance Way #2, Maumelle, AR 72113",2400 SW Ednruance Way #2,Maumelle,AR,72113,,forRent,3,1200,,1995,87,https://www.zillow.com/homedetails/2400-SW-Ednruance-Way-2-Maumelle-AR-72113/463401793_zpid/,,,2026-09-08T00:00:00.000Z,Price change,2026-06-23T00:00:00.000Z,Listed for rent,,,,,,,,,,,,,,,,,,,,,,,,,,,,,,,,,,,,,,,,,,,,,,,,,,,,
"10700 Mason Dr, North Little Rock, AR 72113",10700 Mason Dr,North Little Rock,AR,72113,,forRent,3,1248,,1700,9,https://www.zillow.com/homedetails/10700-Mason-Dr-North-Little-Rock-AR-72113/457082284_zpid/,,204325,2026-09-08T00:00:00.000Z,Listed for rent,2026-03-11T00:00:00.000Z,Sold,2026-01-15T00:00:00.000Z,Contingent,2025-12-30T00:00:00.000Z,Listed for sale,2025-10-30T00:00:00.000Z,Listing removed,2025-09-30T00:00:00.000Z,Listed for sale,,,,,,,,,,,,,,,,,,,,,,,,,,,,,,,,,,,,,,,,,,,,
"103 Jo Park Ln, Maumelle, AR 72113",103 Jo Park Ln,Maumelle,AR,72113,,forRent,3,1491,,1700,1,https://www.zillow.com/homedetails/103-Jo-Park-Ln-Maumelle-AR-72113/2058345725_zpid/,,223425,2026-09-16T00:00:00.000Z,Listed for rent,2023-08-10T00:00:00.000Z,Sold,2023-04-29T00:00:00.000Z,Listing removed,2023-04-18T00:00:00.000Z,Price change,2023-03-26T00:00:00.000Z,Listed for sale,,,,,,,,,,,,,,,,,,,,,,,,,,,,,,,,,,,,,,,,,,,,,,
"113 Lucy Ln, Maumelle, AR 72113",113 Lucy Ln,Maumelle,AR,72113,,forRent,3,1051,,1460,9,https://www.zillow.com/homedetails/113-Lucy-Ln-Maumelle-AR-72113/463057776_zpid/,,,2026-09-09T00:00:00.000Z,Listed for rent,2026-08-14T00:00:00.000Z,Listing removed,2026-08-10T00:00:00.000Z,Price change,2026-07-17T00:00:00.000Z,Price change,2026-07-13T00:00:00.000Z,Price change,2026-07-09T00:00:00.000Z,Price change,2026-07-06T00:00:00.000Z,Price change,2026-06-09T00:00:00.000Z,Listed for sale,,,,,,,,,,,,,,,,,,,,,,,,,,,,,,,,,,,,,,,,
"1267 Hamilton St, Conway, AR 72032",1267 Hamilton St,Conway,AR,72032,,forRent,3,1056,,1158,29,https://www.zillow.com/homedetails/1267-Hamilton-St-Conway-AR-72032/234905_zpid/,,52000,2026-09-16T00:00:00.000Z,Price change,2026-09-14T00:00:00.000Z,Price change,2026-08-20T00:00:00.000Z,Listed for rent,2024-09-19T00:00:00.000Z,Listing removed,2024-09-17T00:00:00.000Z,Price change,2024-09-15T00:00:00.000Z,Price change,2024-09-13T00:00:00.000Z,Listed for rent,2022-12-30T00:00:00.000Z,Listing removed,2022-12-17T00:00:00.000Z,Price change,2022-12-03T00:00:00.000Z,Price change,2022-11-22T00:00:00.000Z,Price change,2022-11-08T00:00:00.000Z,Listed for rent,2022-11-04T00:00:00.000Z,Listing removed,2022-10-28T00:00:00.000Z,Price change,2022-09-30T00:00:00.000Z,Listed for sale,2021-12-14T00:00:00.000Z,Sold,2015-03-20T00:00:00.000Z,Sold,,,,,,,,,,,,,,,,,,,,,,
"63 Autumn Hills Rd, Greenbrier, AR 72058",63 Autumn Hills Rd,Greenbrier,AR,72058,,forRent,3,1420,,1450,2,https://www.zillow.com/homedetails/63-Autumn-Hills-Rd-Greenbrier-AR-72058/82246957_zpid/,,,2026-09-15T00:00:00.000Z,Listed for rent,2025-01-21T00:00:00.000Z,Listing removed,2025-01-17T00:00:00.000Z,Listed for rent,,,,,,,,,,,,,,,,,,,,,,,,,,,,,,,,,,,,,,,,,,,,,,,,,,
"1906 Dave Ward Dr, Conway, AR 72034",1906 Dave Ward Dr,Conway,AR,72034,,forRent,3,1335,,1000,37,https://www.zillow.com/homedetails/1906-Dave-Ward-Dr-Conway-AR-72034/2061771487_zpid/,,,2026-08-11T00:00:00.000Z,Listed for rent,2025-12-18T00:00:00.000Z,Listing removed,2025-11-11T00:00:00.000Z,Price change,2025-10-28T00:00:00.000Z,Price change,2025-10-03T00:00:00.000Z,Price change,2025-06-27T00:00:00.000Z,Listed for rent,2024-05-29T00:00:00.000Z,Listing removed,2024-05-14T00:00:00.000Z,Price change,2024-04-23T00:00:00.000Z,Price change,2024-04-15T00:00:00.000Z,Price change,2024-03-18T00:00:00.000Z,Price change,2024-02-16T00:00:00.000Z,Price change,2024-02-13T00:00:00.000Z,Price change,2024-01-31T00:00:00.000Z,Listed for rent,2023-11-30T00:00:00.000Z,Listing removed,2023-11-15T00:00:00.000Z,Listed for rent,2022-10-25T00:00:00.000Z,Listing removed,2022-10-18T00:00:00.000Z,Price change,2022-10-02T00:00:00.000Z,Price change,2022-08-26T00:00:00.000Z,Listed for rent,,,,,,,,,,,,,,,,
"65 Swayze Rhys Ln, Cabot, AR 72023",65 Swayze Rhys Ln,Cabot,AR,72023,,forRent,3,1633,,1675,35,https://www.zillow.com/homedetails/65-Swayze-Rhys-Ln-Cabot-AR-72023/2052994194_zpid/,,213925,2026-09-08T00:00:00.000Z,Price change,2026-08-13T00:00:00.000Z,Listed for rent,2024-05-01T00:00:00.000Z,Sold,2024-04-05T00:00:00.000Z,Contingent,2024-02-09T00:00:00.000Z,Price change,2024-02-01T00:00:00.000Z,Listed for sale,,,,,,,,,,,,,,,,,,,,,,,,,,,,,,,,,,,,,,,,,,,,
"31 Haley Renee Dr, Greenbrier, AR 72058",31 Haley Renee Dr,Greenbrier,AR,72058,,forRent,3,1527,,1400,43,https://www.zillow.com/homedetails/31-Haley-Renee-Dr-Greenbrier-AR-72058/464349852_zpid/,,,2026-08-05T00:00:00.000Z,Listed for rent,,,,,,,,,,,,,,,,,,,,,,,,,,,,,,,,,,,,,,,,,,,,,,,,,,,,,,
"100 Nona Ruth Ln, Cabot, AR 72023",100 Nona Ruth Ln,Cabot,AR,72023,,forRent,4,1459,,1460,9,https://www.zillow.com/homedetails/100-Nona-Ruth-Ln-Cabot-AR-72023/463333811_zpid/,,,2026-09-09T00:00:00.000Z,Listed for rent,2026-08-14T00:00:00.000Z,Listing removed,2026-08-04T00:00:00.000Z,Price change,2026-07-20T00:00:00.000Z,Price change,2026-07-06T00:00:00.000Z,Price change,2026-06-18T00:00:00.000Z,Listed for sale,,,,,,,,,,,,,,,,,,,,,,,,,,,,,,,,,,,,,,,,,,,,
"55 Maddison Rachael, Cabot, AR 72023",55 Maddison Rachael,Cabot,AR,72023,,forRent,4,1459,,1475,48,https://www.zillow.com/homedetails/55-Maddison-Rachael-Cabot-AR-72023/461972684_zpid/,,212900,2026-08-27T00:00:00.000Z,Price change,2026-07-31T00:00:00.000Z,Listed for rent,2026-07-24T00:00:00.000Z,Sold,2026-06-01T00:00:00.000Z,Contingent,2026-04-24T00:00:00.000Z,Listed for sale,,,,,,,,,,,,,,,,,,,,,,,,,,,,,,,,,,,,,,,,,,,,,,
"70 Kinley Brook Ln, Cabot, AR 72023",70 Kinley Brook Ln,Cabot,AR,72023,,forRent,3,1012,,1595,38,https://www.zillow.com/homedetails/70-Kinley-Brook-Ln-Cabot-AR-72023/2055560788_zpid/,,175775,2026-08-11T00:00:00.000Z,Listed for rent,2024-06-17T00:00:00.000Z,Listing removed,2024-05-22T00:00:00.000Z,Price change,2024-03-06T00:00:00.000Z,Listed for rent,2024-02-27T00:00:00.000Z,Sold,2024-02-17T00:00:00.000Z,Contingent,2023-12-26T00:00:00.000Z,Price change,2023-11-15T00:00:00.000Z,Price change,2023-09-12T00:00:00.000Z,Listed for sale,,,,,,,,,,,,,,,,,,,,,,,,,,,,,,,,,,,,,,
"22 Marshall Rd N, Vilonia, AR 72173",22 Marshall Rd N,Vilonia,AR,72173,,forRent,3,1500,,1350,12,https://www.zillow.com/homedetails/22-Marshall-Rd-N-Vilonia-AR-72173/52392644_zpid/,,,2026-09-17T00:00:00.000Z,Price change,2026-09-06T00:00:00.000Z,Listed for rent,2025-12-21T00:00:00.000Z,Listing removed,2025-11-17T00:00:00.000Z,Price change,2025-11-12T00:00:00.000Z,Price change,2025-10-27T00:00:00.000Z,Listed for rent,2024-09-06T00:00:00.000Z,Listing removed,2024-08-28T00:00:00.000Z,Price change,2024-08-13T00:00:00.000Z,Price change,2024-07-23T00:00:00.000Z,Listed for rent,,,,,,,,,,,,,,,,,,,,,,,,,,,,,,,,,,,,
"8616 Eastwood Creek Dr, North Little Rock, AR 72113",8616 Eastwood Creek Dr,North Little Rock,AR,72113,,forRent,3,1722,,1950,28,https://www.zillow.com/homedetails/8616-Eastwood-Creek-Dr-North-Little-Rock-AR-72113/2059022685_zpid/,,246600,2026-08-20T00:00:00.000Z,Listed for rent,2026-08-20T00:00:00.000Z,Listing removed,2026-08-08T00:00:00.000Z,Price change,2026-07-16T00:00:00.000Z,Listed for rent,2023-06-12T00:00:00.000Z,Sold,2023-05-02T00:00:00.000Z,Contingent,2023-03-02T00:00:00.000Z,Listed for sale,2023-03-01T00:00:00.000Z,Contingent,2023-02-24T00:00:00.000Z,Listed for sale,,,,,,,,,,,,,,,,,,,,,,,,,,,,,,,,,,,,,,
"2004 Hairston Ave, Conway, AR 72034",2004 Hairston Ave,Conway,AR,72034,,forRent,3,1703,,2800,15,https://www.zillow.com/homedetails/2004-Hairston-Ave-Conway-AR-72034/444384959_zpid/,,,2026-09-02T00:00:00.000Z,Listed for rent,2026-02-25T00:00:00.000Z,Listing removed,2026-01-13T00:00:00.000Z,Listed for rent,2025-12-29T00:00:00.000Z,Listing removed,2025-11-07T00:00:00.000Z,Listed for rent,2025-06-27T00:00:00.000Z,Listing removed,2025-06-10T00:00:00.000Z,Listed for rent,2025-05-29T00:00:00.000Z,Listing removed,2025-03-24T00:00:00.000Z,Price change,2025-01-29T00:00:00.000Z,Price change,2025-01-15T00:00:00.000Z,Listed for rent,2024-11-29T00:00:00.000Z,Listing removed,2024-10-16T00:00:00.000Z,Listed for rent,,,,,,,,,,,,,,,,,,,,,,,,,,,,,,
"155 Maddison Dr, Cabot, AR 72023",155 Maddison Dr,Cabot,AR,72023,,forRent,4,1600,,1535,3,https://www.zillow.com/homedetails/155-Maddison-Dr-Cabot-AR-72023/465236137_zpid/,,,2026-09-14T00:00:00.000Z,Listed for rent,,,,,,,,,,,,,,,,,,,,,,,,,,,,,,,,,,,,,,,,,,,,,,,,,,,,,,
"105 Maddison Rachael, Cabot, AR 72023",105 Maddison Rachael,Cabot,AR,72023,,forRent,4,1459,,1460,9,https://www.zillow.com/homedetails/105-Maddison-Rachael-Cabot-AR-72023/463333812_zpid/,,,2026-09-09T00:00:00.000Z,Listed for rent,2026-08-14T00:00:00.000Z,Listing removed,2026-08-04T00:00:00.000Z,Price change,2026-07-20T00:00:00.000Z,Price change,2026-06-18T00:00:00.000Z,Listed for sale,,,,,,,,,,,,,,,,,,,,,,,,,,,,,,,,,,,,,,,,,,,,,,
"120 Nona Ruth Ln, Cabot, AR 72023",120 Nona Ruth Ln,Cabot,AR,72023,,forRent,3,1402,,1410,9,https://www.zillow.com/homedetails/120-Nona-Ruth-Ln-Cabot-AR-72023/464079221_zpid/,,,2026-09-09T00:00:00.000Z,Listed for rent,2026-08-14T00:00:00.000Z,Listing removed,2026-07-24T00:00:00.000Z,Price change,2026-07-23T00:00:00.000Z,Listed for sale,,,,,,,,,,,,,,,,,,,,,,,,,,,,,,,,,,,,,,,,,,,,,,,,
"24-1 Five Oddie Ln, Ward, AR 72023",24-1 Five Oddie Ln,Ward,AR,72023,,forRent,2,825,,725,8,https://www.zillow.com/homedetails/24-1-Five-Oddie-Ln-Ward-AR-72023/464237325_zpid/,,,2026-09-11T00:00:00.000Z,Price change,2026-09-09T00:00:00.000Z,Listed for rent,2026-08-26T00:00:00.000Z,Listing removed,2026-07-30T00:00:00.000Z,Listed for rent,,,,,,,,,,,,,,,,,,,,,,,,,,,,,,,,,,,,,,,,,,,,,,,,
"35 Foster Louis Ln, Cabot, AR 72023",35 Foster Louis Ln,Cabot,AR,72023,,forRent,3,1234,,1455,20,https://www.zillow.com/homedetails/35-Foster-Louis-Ln-Cabot-AR-72023/349183675_zpid/,,,2026-08-28T00:00:00.000Z,Listed for rent,2024-08-07T00:00:00.000Z,Listing removed,2024-08-06T00:00:00.000Z,Listed for rent,2024-08-06T00:00:00.000Z,Listing removed,2024-05-04T00:00:00.000Z,Listed for rent,,,,,,,,,,,,,,,,,,,,,,,,,,,,,,,,,,,,,,,,,,,,,,
"25 Maddison Rachael, Cabot, AR 72023",25 Maddison Rachael,Cabot,AR,72023,,forRent,3,1248,,1310,9,https://www.zillow.com/homedetails/25-Maddison-Rachael-Cabot-AR-72023/460872609_zpid/,,,2026-09-09T00:00:00.000Z,Listed for rent,2026-08-14T00:00:00.000Z,Listing removed,2026-07-24T00:00:00.000Z,Price change,2026-07-20T00:00:00.000Z,Price change,2026-07-17T00:00:00.000Z,Price change,2026-07-09T00:00:00.000Z,Price change,2026-07-06T00:00:00.000Z,Price change,2026-06-25T00:00:00.000Z,Price change,2026-06-17T00:00:00.000Z,Price change,2026-04-30T00:00:00.000Z,Price change,2026-04-24T00:00:00.000Z,Price change,2026-04-07T00:00:00.000Z,Price change,2026-03-31T00:00:00.000Z,Price change,2026-03-13T00:00:00.000Z,Price change,2026-03-05T00:00:00.000Z,Listed for sale,,,,,,,,,,,,,,,,,,,,,,,,,,
"1930 College Ave, Conway, AR 72034",1930 College Ave,Conway,AR,72034,,forRent,3,1926,,3100,15,https://www.zillow.com/homedetails/1930-College-Ave-Conway-AR-72034/237634_zpid/,,160268,2026-09-02T00:00:00.000Z,Listed for rent,2026-03-18T00:00:00.000Z,Listing removed,2026-02-19T00:00:00.000Z,Price change,2026-02-05T00:00:00.000Z,Listed for rent,2026-01-28T00:00:00.000Z,Listing removed,2026-01-13T00:00:00.000Z,Listed for rent,2025-09-23T00:00:00.000Z,Listing removed,2025-08-26T00:00:00.000Z,Price change,2025-08-07T00:00:00.000Z,Price change,2025-07-30T00:00:00.000Z,Listed for rent,2025-06-27T00:00:00.000Z,Listing removed,2025-06-10T00:00:00.000Z,Listed for rent,2025-05-29T00:00:00.000Z,Listing removed,2025-03-22T00:00:00.000Z,Price change,2025-02-10T00:00:00.000Z,Listed for rent,2025-02-01T00:00:00.000Z,Listing removed,2025-01-15T00:00:00.000Z,Listed for rent,2024-12-10T00:00:00.000Z,Listing removed,2024-11-30T00:00:00.000Z,Listed for rent,2024-11-23T00:00:00.000Z,Listing removed,2024-10-16T00:00:00.000Z,Listed for rent,2023-05-02T00:00:00.000Z,Sold,2023-02-20T00:00:00.000Z,Price change,2023-01-29T00:00:00.000Z,Listed for sale,2013-08-23T00:00:00.000Z,Sold,,,,,,
"60 Leruss Blvd, Cabot, AR 72023",60 Leruss Blvd,Cabot,AR,72023,,forRent,3,1422,,1399,44,https://www.zillow.com/homedetails/60-Leruss-Blvd-Cabot-AR-72023/342062290_zpid/,,203000,2026-09-14T00:00:00.000Z,Price change,2026-08-27T00:00:00.000Z,Price change,2026-08-04T00:00:00.000Z,Listed for rent,2024-06-22T00:00:00.000Z,Listing removed,2024-06-15T00:00:00.000Z,Listed for rent,2024-06-11T00:00:00.000Z,Sold,2024-04-10T00:00:00.000Z,Listing removed,2024-04-04T00:00:00.000Z,Price change,2024-03-02T00:00:00.000Z,Price change,2024-02-27T00:00:00.000Z,Listed for sale,,,,,,,,,,,,,,,,,,,,,,,,,,,,,,,,,,,,
"89 Solomon Grove Rd, Damascus, AR 72039",89 Solomon Grove Rd,Damascus,AR,72039,,forRent,3,1456,,1025,8,https://www.zillow.com/homedetails/89-Solomon-Grove-Rd-Damascus-AR-72039/244831_zpid/,,241000,2026-09-09T00:00:00.000Z,Listed for rent,2023-11-27T00:00:00.000Z,Listing removed,2023-11-20T00:00:00.000Z,Price change,2023-10-24T00:00:00.000Z,Listed for rent,2014-10-30T00:00:00.000Z,Sold,,,,,,,,,,,,,,,,,,,,,,,,,,,,,,,,,,,,,,,,,,,,,,
"140 Nona Ruth Ln, Cabot, AR 72023",140 Nona Ruth Ln,Cabot,AR,72023,,forRent,3,1402,,1410,3,https://www.zillow.com/homedetails/140-Nona-Ruth-Ln-Cabot-AR-72023/464348901_zpid/,,,2026-09-14T00:00:00.000Z,Listed for rent,2026-08-18T00:00:00.000Z,Listing removed,2026-08-07T00:00:00.000Z,Price change,2026-08-06T00:00:00.000Z,Price change,2026-08-06T00:00:00.000Z,Listed for sale,,,,,,,,,,,,,,,,,,,,,,,,,,,,,,,,,,,,,,,,,,,,,,
"110 Nona Ruth Ln, Cabot, AR 72023",110 Nona Ruth Ln,Cabot,AR,72023,,forRent,3,1248,,1310,9,https://www.zillow.com/homedetails/110-Nona-Ruth-Ln-Cabot-AR-72023/463333813_zpid/,,,2026-09-09T00:00:00.000Z,Listed for rent,2026-08-14T00:00:00.000Z,Listing removed,2026-08-04T00:00:00.000Z,Price change,2026-07-24T00:00:00.000Z,Price change,2026-07-20T00:00:00.000Z,Price change,2026-07-09T00:00:00.000Z,Price change,2026-06-18T00:00:00.000Z,Listed for sale,,,,,,,,,,,,,,,,,,,,,,,,,,,,,,,,,,,,,,,,,,
"1425 Ola St, Conway, AR 72032",1425 Ola St,Conway,AR,72032,,forRent,3,1268,,3100,15,https://www.zillow.com/homedetails/1425-Ola-St-Conway-AR-72032/63265054_zpid/,,115000,2026-09-02T00:00:00.000Z,Listed for rent,2026-02-22T00:00:00.000Z,Listing removed,2026-01-13T00:00:00.000Z,Listed for rent,2025-12-29T00:00:00.000Z,Listing removed,2025-11-07T00:00:00.000Z,Listed for rent,2025-06-27T00:00:00.000Z,Listing removed,2025-06-10T00:00:00.000Z,Listed for rent,2025-05-29T00:00:00.000Z,Listing removed,2025-03-22T00:00:00.000Z,Price change,2025-02-10T00:00:00.000Z,Listed for rent,2025-02-01T00:00:00.000Z,Listing removed,2025-01-15T00:00:00.000Z,Listed for rent,2024-12-10T00:00:00.000Z,Listing removed,2024-11-30T00:00:00.000Z,Listed for rent,2024-11-23T00:00:00.000Z,Listing removed,2024-10-16T00:00:00.000Z,Listed for rent,2015-03-23T00:00:00.000Z,Sold,2015-01-09T00:00:00.000Z,Price change,2014-10-12T00:00:00.000Z,Price change,2014-08-27T00:00:00.000Z,Listed for sale,2009-12-01T00:00:00.000Z,Sold,2009-10-21T00:00:00.000Z,Listed for sale,,,,,,,,,,,,
"2255 Rainbow Rd, Conway, AR 72032",2255 Rainbow Rd,Conway,AR,72032,,forRent,3,1254,,1600,1,https://www.zillow.com/homedetails/2255-Rainbow-Rd-Conway-AR-72032/240098_zpid/,,203000,2026-09-16T00:00:00.000Z,Listed for rent,2026-09-15T00:00:00.000Z,Sold,2026-08-14T00:00:00.000Z,Contingent,2026-08-12T00:00:00.000Z,Listed for sale,2024-08-23T00:00:00.000Z,Listing removed,2024-07-31T00:00:00.000Z,Listed for rent,2022-08-16T00:00:00.000Z,Listing removed,2022-08-08T00:00:00.000Z,Price change,2022-07-28T00:00:00.000Z,Listed for rent,2014-05-28T00:00:00.000Z,Sold,2010-06-23T00:00:00.000Z,Sold,,,,,,,,,,,,,,,,,,,,,,,,,,,,,,,,,,
"3605 16th St NE, Hickory, NC 28601",3605 16th St NE,Hickory,NC,28601,,forRent,3,1395,,1850,17,https://www.zillow.com/homedetails/3605-16th-St-NE-Hickory-NC-28601/71966217_zpid/,,150000,2026-08-31T00:00:00.000Z,Listed for rent,2026-06-19T00:00:00.000Z,Listing removed,2026-05-22T00:00:00.000Z,Listed for rent,2025-11-10T00:00:00.000Z,Sold,2025-09-09T00:00:00.000Z,Price change,2025-09-02T00:00:00.000Z,Price change,2025-08-26T00:00:00.000Z,Listed for sale,,,,,,,,,,,,,,,,,,,,,,,,,,,,,,,,,,,,,,,,,,
"4540 Thompson St, Conway, AR 72034",4540 Thompson St,Conway,AR,72034,,forRent,3,1195,,1450,22,https://www.zillow.com/homedetails/4540-Thompson-St-Conway-AR-72034/52392329_zpid/,,110000,2026-08-26T00:00:00.000Z,Listed for rent,2024-05-02T00:00:00.000Z,Listing removed,2024-04-25T00:00:00.000Z,Listed for rent,2022-08-10T00:00:00.000Z,Listing removed,2022-07-30T00:00:00.000Z,Listed for rent,2021-08-09T00:00:00.000Z,Listing removed,2021-08-04T00:00:00.000Z,Listed for rent,2012-06-11T00:00:00.000Z,Sold,2011-02-21T00:00:00.000Z,Sold,2003-05-13T00:00:00.000Z,Sold,,,,,,,,,,,,,,,,,,,,,,,,,,,,,,,,,,,,
"3927 Newhall Dr NW, Hickory, NC 28601",3927 Newhall Dr NW,Hickory,NC,28601,,forRent,3,1082,,1450,14,https://www.zillow.com/homedetails/3927-Newhall-Dr-NW-Hickory-NC-28601/98193008_zpid/,,205000,2026-09-03T00:00:00.000Z,Listed for rent,2024-07-24T00:00:00.000Z,Listing removed,2024-07-18T00:00:00.000Z,Price change,2024-07-08T00:00:00.000Z,Price change,2024-05-07T00:00:00.000Z,Listed for rent,2022-03-30T00:00:00.000Z,Sold,2022-03-01T00:00:00.000Z,Contingent,2022-01-26T00:00:00.000Z,Price change,2022-01-25T00:00:00.000Z,Listed for sale,2022-01-18T00:00:00.000Z,Listing removed,2022-01-06T00:00:00.000Z,Listed for sale,2022-01-06T00:00:00.000Z,Listing removed,2021-12-01T00:00:00.000Z,Listed for sale,2017-12-12T00:00:00.000Z,Listing removed,2017-11-15T00:00:00.000Z,Listed for sale,2017-08-09T00:00:00.000Z,Listing removed,2017-08-04T00:00:00.000Z,Listed for sale,,,,,,,,,,,,,,,,,,,,,,
"736 12th Ave NW, Hickory, NC 28601",736 12th Ave NW,Hickory,NC,28601,,forRent,3,1852,,1900,17,https://www.zillow.com/homedetails/736-12th-Ave-NW-Hickory-NC-28601/71948672_zpid/,,,2026-08-31T00:00:00.000Z,Listed for rent,,,,,,,,,,,,,,,,,,,,,,,,,,,,,,,,,,,,,,,,,,,,,,,,,,,,,,
"149 20th Ave NW, Hickory, NC 28601",149 20th Ave NW,Hickory,NC,28601,,forRent,4,3010,,2400,6,https://www.zillow.com/homedetails/149-20th-Ave-NW-Hickory-NC-28601/71962215_zpid/,,,2026-09-11T00:00:00.000Z,Listed for rent,2026-02-26T00:00:00.000Z,Listing removed,2026-01-15T00:00:00.000Z,Listed for rent,,,,,,,,,,,,,,,,,,,,,,,,,,,,,,,,,,,,,,,,,,,,,,,,,,
"514 12th Ave NE, Hickory, NC 28601",514 12th Ave NE,Hickory,NC,28601,,forRent,3,1334,,1595,5,https://www.zillow.com/homedetails/514-12th-Ave-NE-Hickory-NC-28601/463091031_zpid/,,,2026-09-12T00:00:00.000Z,Listed for rent,2026-07-13T00:00:00.000Z,Listing removed,2026-06-10T00:00:00.000Z,Listed for rent,,,,,,,,,,,,,,,,,,,,,,,,,,,,,,,,,,,,,,,,,,,,,,,,,,
"4029 6th Street Dr NW, Hickory, NC 28601",4029 6th Street Dr NW,Hickory,NC,28601,,forRent,3,1566,,2400,6,https://www.zillow.com/homedetails/4029-6th-Street-Dr-NW-Hickory-NC-28601/71931514_zpid/,,173000,2026-09-11T00:00:00.000Z,Listed for rent,2020-02-24T00:00:00.000Z,Sold,2020-01-18T00:00:00.000Z,Pending sale,2019-11-30T00:00:00.000Z,Listed for sale,2019-11-06T00:00:00.000Z,Pending sale,2019-09-24T00:00:00.000Z,Price change,2019-08-19T00:00:00.000Z,Price change,2019-07-17T00:00:00.000Z,Listed for sale,,,,,,,,,,,,,,,,,,,,,,,,,,,,,,,,,,,,,,,,
"115 Maddison Rachael, Cabot, AR 72023",115 Maddison Rachael,Cabot,AR,72023,,forRent,3,1373,,1410,9,https://www.zillow.com/homedetails/115-Maddison-Rachael-Cabot-AR-72023/463940284_zpid/,,,2026-09-09T00:00:00.000Z,Listed for rent,2026-08-14T00:00:00.000Z,Listing removed,2026-08-04T00:00:00.000Z,Price change,2026-07-20T00:00:00.000Z,Price change,2026-07-17T00:00:00.000Z,Listed for sale,,,,,,,,,,,,,,,,,,,,,,,,,,,,,,,,,,,,,,,,,,,,,,
"106 10th Ave SE, Hickory, NC 28602",106 10th Ave SE,Hickory,NC,28602,,forRent,3,1333,,1595,93,https://www.zillow.com/homedetails/106-10th-Ave-SE-Hickory-NC-28602/463282226_zpid/,,,2026-06-16T00:00:00.000Z,Listed for rent,,,,,,,,,,,,,,,,,,,,,,,,,,,,,,,,,,,,,,,,,,,,,,,,,,,,,,
"104 10th Ave SE, Hickory, NC 28602",104 10th Ave SE,Hickory,NC,28602,,forRent,3,1333,,1595,100,https://www.zillow.com/homedetails/104-10th-Ave-SE-Hickory-NC-28602/71959215_zpid/,,420000,2026-06-09T00:00:00.000Z,Listed for rent,2025-12-17T00:00:00.000Z,Sold,2025-10-09T00:00:00.000Z,Listed for sale,2024-12-30T00:00:00.000Z,Sold,2024-11-05T00:00:00.000Z,Listed for sale,2015-02-28T00:00:00.000Z,Listing removed,2015-02-20T00:00:00.000Z,Price change,2015-02-04T00:00:00.000Z,Listed for sale,,,,,,,,,,,,,,,,,,,,,,,,,,,,,,,,,,,,,,,,
"422 Janie Cir, Hickory, NC 28601",422 Janie Cir,Hickory,NC,28601,,forRent,4,2800,,2500,17,https://www.zillow.com/homedetails/422-Janie-Cir-Hickory-NC-28601/460859494_zpid/,,,2026-09-01T00:00:00.000Z,Listed for rent,2026-07-21T00:00:00.000Z,Listing removed,2026-03-05T00:00:00.000Z,Listed for rent,,,,,,,,,,,,,,,,,,,,,,,,,,,,,,,,,,,,,,,,,,,,,,,,,,
"3967 Newhall Dr NW, Hickory, NC 28601",3967 Newhall Dr NW,Hickory,NC,28601,,forRent,3,1158,,1400,23,https://www.zillow.com/homedetails/3967-Newhall-Dr-NW-Hickory-NC-28601/343810572_zpid/,,,2026-08-25T00:00:00.000Z,Listed for rent,2025-08-12T00:00:00.000Z,Listing removed,2025-07-23T00:00:00.000Z,Listed for rent,2025-04-17T00:00:00.000Z,Listing removed,2025-03-28T00:00:00.000Z,Listed for rent,2024-03-28T00:00:00.000Z,Listing removed,2024-03-06T00:00:00.000Z,Listed for rent,,,,,,,,,,,,,,,,,,,,,,,,,,,,,,,,,,,,,,,,,,
"242 Colton Ct, Kings Mountain, NC 28086",242 Colton Ct,Kings Mountain,NC,28086,,forRent,5,2511,,2455,0,https://www.zillow.com/homedetails/242-Colton-Ct-Kings-Mountain-NC-28086/462106908_zpid/,,325000,2026-09-17T00:00:00.000Z,Listed for rent,2026-08-20T00:00:00.000Z,Sold,2026-07-16T00:00:00.000Z,Pending sale,2026-06-16T00:00:00.000Z,Price change,2026-05-01T00:00:00.000Z,Listed for sale,,,,,,,,,,,,,,,,,,,,,,,,,,,,,,,,,,,,,,,,,,,,,,
"1928 36th Ave NE, Hickory, NC 28601",1928 36th Ave NE,Hickory,NC,28601,,forRent,3,,,2000,44,https://www.zillow.com/homedetails/1928-36th-Ave-NE-Hickory-NC-28601/71548772_zpid/,,206146,2026-09-04T00:00:00.000Z,Price change,2026-08-04T00:00:00.000Z,Listed for rent,2023-06-02T00:00:00.000Z,Sold,2023-05-10T00:00:00.000Z,Pending sale,,,,,,,,,,,,,,,,,,,,,,,,,,,,,,,,,,,,,,,,,,,,,,,,
"1330 37th Avenue Ln NE, Hickory, NC 28601",1330 37th Avenue Ln NE,Hickory,NC,28601,,forRent,5,2368,,2700,44,https://www.zillow.com/homedetails/1330-37th-Avenue-Ln-NE-Hickory-NC-28601/452771842_zpid/,,330000,2026-08-04T00:00:00.000Z,Listed for rent,2025-09-16T00:00:00.000Z,Sold,2025-06-09T00:00:00.000Z,Pending sale,2025-06-04T00:00:00.000Z,Price change,2025-05-31T00:00:00.000Z,Listed for sale,,,,,,,,,,,,,,,,,,,,,,,,,,,,,,,,,,,,,,,,,,,,,,
"456 Brinkley Dr, Kings Mountain, NC 28086",456 Brinkley Dr,Kings Mountain,NC,28086,,forRent,5,2175,,2225,0,https://www.zillow.com/homedetails/456-Brinkley-Dr-Kings-Mountain-NC-28086/463854737_zpid/,,295000,2026-09-17T00:00:00.000Z,Listed for rent,2026-08-20T00:00:00.000Z,Sold,2026-07-16T00:00:00.000Z,Pending sale,2026-07-14T00:00:00.000Z,Listed for sale,,,,,,,,,,,,,,,,,,,,,,,,,,,,,,,,,,,,,,,,,,,,,,,,
"538 Belcaro Dr, Kings Mountain, NC 28086",538 Belcaro Dr,Kings Mountain,NC,28086,,forRent,3,1800,,1965,1,https://www.zillow.com/homedetails/538-Belcaro-Dr-Kings-Mountain-NC-28086/339891879_zpid/,,,2026-09-16T00:00:00.000Z,Price change,2026-09-02T00:00:00.000Z,Price change,2026-08-26T00:00:00.000Z,Price change,2026-08-18T00:00:00.000Z,Price change,2026-08-12T00:00:00.000Z,Price change,2026-07-31T00:00:00.000Z,Listed for rent,2025-08-22T00:00:00.000Z,Listing removed,2025-08-12T00:00:00.000Z,Price change,2025-08-06T00:00:00.000Z,Price change,2025-07-30T00:00:00.000Z,Price change,2025-07-22T00:00:00.000Z,Price change,2025-07-15T00:00:00.000Z,Price change,2025-07-08T00:00:00.000Z,Price change,2025-07-01T00:00:00.000Z,Price change,2025-06-25T00:00:00.000Z,Listed for rent,2025-06-23T00:00:00.000Z,Listing removed,2025-06-17T00:00:00.000Z,Listed for rent,2025-04-17T00:00:00.000Z,Listing removed,2025-04-15T00:00:00.000Z,Price change,2025-03-31T00:00:00.000Z,Listed for rent,2022-08-11T00:00:00.000Z,Listing removed,2022-07-15T00:00:00.000Z,Listed for sale,,,,,,,,,,,,
"191 Rosedale St, Kings Mountain, NC 28086",191 Rosedale St,Kings Mountain,NC,28086,,forRent,3,1679,,1795,3,https://www.zillow.com/homedetails/191-Rosedale-St-Kings-Mountain-NC-28086/338483251_zpid/,,246900,2026-09-14T00:00:00.000Z,Listed for rent,2024-12-14T00:00:00.000Z,Listing removed,2024-11-12T00:00:00.000Z,Listed for rent,2023-11-08T00:00:00.000Z,Listing removed,2023-11-03T00:00:00.000Z,Price change,2023-10-18T00:00:00.000Z,Listed for rent,2021-06-11T00:00:00.000Z,Sold,2021-02-04T00:00:00.000Z,Contingent,2021-01-26T00:00:00.000Z,Listed for sale,,,,,,,,,,,,,,,,,,,,,,,,,,,,,,,,,,,,,,
"502 12th Ave NE, Hickory, NC 28601",502 12th Ave NE,Hickory,NC,28601,,forRent,3,1334,,1595,22,https://www.zillow.com/homedetails/502-12th-Ave-NE-Hickory-NC-28601/463061458_zpid/,,,2026-08-26T00:00:00.000Z,Listed for rent,2026-07-31T00:00:00.000Z,Listing removed,2026-06-09T00:00:00.000Z,Listed for rent,,,,,,,,,,,,,,,,,,,,,,,,,,,,,,,,,,,,,,,,,,,,,,,,,,
"803 Phillips Dr, Kings Mountain, NC 28086",803 Phillips Dr,Kings Mountain,NC,28086,,forRent,3,1648,,1595,1,https://www.zillow.com/homedetails/803-Phillips-Dr-Kings-Mountain-NC-28086/93015632_zpid/,,139000,2026-09-16T00:00:00.000Z,Listed for rent,2023-04-09T00:00:00.000Z,Listing removed,2023-03-24T00:00:00.000Z,Listed for rent,2023-02-14T00:00:00.000Z,Sold,2022-12-04T00:00:00.000Z,Pending sale,2022-10-20T00:00:00.000Z,Listed for sale,2013-06-07T00:00:00.000Z,Listing removed,2012-10-20T00:00:00.000Z,Listed for sale,,,,,,,,,,,,,,,,,,,,,,,,,,,,,,,,,,,,,,,,
"109 Ann St, Kings Mountain, NC 28086",109 Ann St,Kings Mountain,NC,28086,,forRent,3,1508,,1850,24,https://www.zillow.com/homedetails/109-Ann-St-Kings-Mountain-NC-28086/214091787_zpid/,,126000,2026-09-09T00:00:00.000Z,Price change,2026-08-24T00:00:00.000Z,Listed for rent,2016-05-27T00:00:00.000Z,Sold,,,,,,,,,,,,,,,,,,,,,,,,,,,,,,,,,,,,,,,,,,,,,,,,,,
"(Undisclosed Address), Kings Mountain, NC 28086",(Undisclosed Address),Kings Mountain,NC,28086,,forRent,5,1750,,1850,3,https://www.zillow.com/homedetails/Kings-Mountain-NC-28086/93015498_zpid/,,37000,2026-09-14T00:00:00.000Z,Listed for rent,2020-09-23T00:00:00.000Z,Sold,2019-09-19T00:00:00.000Z,Listing removed,2019-08-22T00:00:00.000Z,Listed for rent,2018-10-24T00:00:00.000Z,Listing removed,2018-09-21T00:00:00.000Z,Price change,2018-08-16T00:00:00.000Z,Price change,2018-07-25T00:00:00.000Z,Listed for rent,,,,,,,,,,,,,,,,,,,,,,,,,,,,,,,,,,,,,,,,
"2034 Shelby Rd, Kings Mountain, NC 28086",2034 Shelby Rd,Kings Mountain,NC,28086,,forRent,3,910,,1250,118,https://www.zillow.com/homedetails/2034-Shelby-Rd-Kings-Mountain-NC-28086/93001483_zpid/,,,2026-05-23T00:00:00.000Z,Listed for rent,2025-11-06T00:00:00.000Z,Listing removed,2025-10-06T00:00:00.000Z,Listed for rent,2025-06-28T00:00:00.000Z,Listing removed,2025-06-25T00:00:00.000Z,Listed for rent,,,,,,,,,,,,,,,,,,,,,,,,,,,,,,,,,,,,,,,,,,,,,,
"450 Brinkley Dr, Kings Mountain, NC 28086",450 Brinkley Dr,Kings Mountain,NC,28086,,forRent,5,2511,,2445,15,https://www.zillow.com/homedetails/450-Brinkley-Dr-Kings-Mountain-NC-28086/463353765_zpid/,,325000,2026-09-02T00:00:00.000Z,Listed for rent,2026-08-20T00:00:00.000Z,Sold,2026-07-16T00:00:00.000Z,Pending sale,2026-06-19T00:00:00.000Z,Listed for sale,,,,,,,,,,,,,,,,,,,,,,,,,,,,,,,,,,,,,,,,,,,,,,,,
"3531 Wandering Ln NE, Hickory, NC 28601",3531 Wandering Ln NE,Hickory,NC,28601,,forRent,3,1800,,2600,3,https://www.zillow.com/homedetails/3531-Wandering-Ln-NE-Hickory-NC-28601/71944979_zpid/,,172000,2026-09-14T00:00:00.000Z,Listed for rent,2026-06-08T00:00:00.000Z,Sold,2021-04-21T00:00:00.000Z,Sold,,,,,,,,,,,,,,,,,,,,,,,,,,,,,,,,,,,,,,,,,,,,,,,,,,
"2098 10th St SE, Hickory, NC 28601",2098 10th St SE,Hickory,NC,28601,,forRent,4,2174,,2395,15,https://www.zillow.com/homedetails/2098-10th-St-SE-Hickory-NC-28601/461180979_zpid/,,309000,2026-09-02T00:00:00.000Z,Listed for rent,2026-08-20T00:00:00.000Z,Sold,2026-03-20T00:00:00.000Z,Pending sale,2026-03-20T00:00:00.000Z,Listed for sale,,,,,,,,,,,,,,,,,,,,,,,,,,,,,,,,,,,,,,,,,,,,,,,,
"231 Brinkley Dr, Kings Mountain, NC 28086",231 Brinkley Dr,Kings Mountain,NC,28086,,forRent,5,2400,,2595,63,https://www.zillow.com/homedetails/231-Brinkley-Dr-Kings-Mountain-NC-28086/349365612_zpid/,,332000,2026-08-07T00:00:00.000Z,Price change,2026-07-16T00:00:00.000Z,Listed for rent,2026-07-10T00:00:00.000Z,Sold,2026-05-14T00:00:00.000Z,Listed for sale,2026-05-10T00:00:00.000Z,Listing removed,2026-03-03T00:00:00.000Z,Price change,2026-02-05T00:00:00.000Z,Price change,2025-11-06T00:00:00.000Z,Listed for sale,2024-10-25T00:00:00.000Z,Sold,2024-08-21T00:00:00.000Z,Price change,2024-08-14T00:00:00.000Z,Price change,2024-07-09T00:00:00.000Z,Price change,2024-05-07T00:00:00.000Z,Price change,2024-05-04T00:00:00.000Z,Listed for sale,,,,,,,,,,,,,,,,,,,,,,,,,,,,
"1419 Mammoth Rd, Hickory, NC 28602",1419 Mammoth Rd,Hickory,NC,28602,,forRent,5,2368,,2275,15,https://www.zillow.com/homedetails/1419-Mammoth-Rd-Hickory-NC-28602/461722721_zpid/,,292400,2026-09-02T00:00:00.000Z,Listed for rent,2026-08-20T00:00:00.000Z,Sold,2026-07-16T00:00:00.000Z,Pending sale,2026-04-15T00:00:00.000Z,Listed for sale,,,,,,,,,,,,,,,,,,,,,,,,,,,,,,,,,,,,,,,,,,,,,,,,
"1431 Mammoth Rd, Hickory, NC 28602",1431 Mammoth Rd,Hickory,NC,28602,,forRent,5,2368,,2245,16,https://www.zillow.com/homedetails/1431-Mammoth-Rd-Hickory-NC-28602/455924046_zpid/,,307679,2026-09-11T00:00:00.000Z,Price change,2026-09-01T00:00:00.000Z,Listed for rent,2026-08-31T00:00:00.000Z,Sold,2026-07-20T00:00:00.000Z,Pending sale,2026-07-14T00:00:00.000Z,Price change,2026-06-30T00:00:00.000Z,Price change,2026-02-23T00:00:00.000Z,Listed for sale,2025-10-07T00:00:00.000Z,Listing removed,2025-08-13T00:00:00.000Z,Price change,2025-08-12T00:00:00.000Z,Listed for sale,,,,,,,,,,,,,,,,,,,,,,,,,,,,,,,,,,,,
"449 Brinkley Dr, Kings Mountain, NC 28086",449 Brinkley Dr,Kings Mountain,NC,28086,,forRent,4,2175,,2195,15,https://www.zillow.com/homedetails/449-Brinkley-Dr-Kings-Mountain-NC-28086/462249560_zpid/,,295000,2026-09-02T00:00:00.000Z,Listed for rent,2026-08-20T00:00:00.000Z,Sold,2026-07-16T00:00:00.000Z,Pending sale,2026-06-05T00:00:00.000Z,Price change,2026-05-07T00:00:00.000Z,Listed for sale,,,,,,,,,,,,,,,,,,,,,,,,,,,,,,,,,,,,,,,,,,,,,,
"617 14th St SW, Hickory, NC 28602",617 14th St SW,Hickory,NC,28602,,forRent,3,1190,,1665,7,https://www.zillow.com/homedetails/617-14th-St-SW-Hickory-NC-28602/456095233_zpid/,,,2026-09-10T00:00:00.000Z,Listed for rent,2025-10-02T00:00:00.000Z,Listing removed,2025-09-12T00:00:00.000Z,Price change,2025-09-05T00:00:00.000Z,Price change,2025-08-20T00:00:00.000Z,Listed for rent,,,,,,,,,,,,,,,,,,,,,,,,,,,,,,,,,,,,,,,,,,,,,,
"2953 31st Street Ln NE, Hickory, NC 28601",2953 31st Street Ln NE,Hickory,NC,28601,,forRent,4,2097,,2295,1,https://www.zillow.com/homedetails/2953-31st-Street-Ln-NE-Hickory-NC-28601/463168265_zpid/,,,2026-09-16T00:00:00.000Z,Listed for rent,2026-08-18T00:00:00.000Z,Listing removed,2026-08-12T00:00:00.000Z,Price change,2026-07-18T00:00:00.000Z,Price change,2026-07-17T00:00:00.000Z,Price change,2026-06-24T00:00:00.000Z,Price change,2026-06-12T00:00:00.000Z,Listed for sale,,,,,,,,,,,,,,,,,,,,,,,,,,,,,,,,,,,,,,,,,,
"170 Crown Ct, Kings Mountain, NC 28086",170 Crown Ct,Kings Mountain,NC,28086,,forRent,3,1320,,1715,8,https://www.zillow.com/homedetails/170-Crown-Ct-Kings-Mountain-NC-28086/214084781_zpid/,,22000,2026-09-09T00:00:00.000Z,Listed for rent,2025-08-22T00:00:00.000Z,Sold,2022-02-11T00:00:00.000Z,Sold,2021-12-21T00:00:00.000Z,Contingent,2018-04-23T00:00:00.000Z,Listed for sale,,,,,,,,,,,,,,,,,,,,,,,,,,,,,,,,,,,,,,,,,,,,,,
"1415 Mammoth Rd, Hickory, NC 28602",1415 Mammoth Rd,Hickory,NC,28602,,forRent,4,1927,,2145,15,https://www.zillow.com/homedetails/1415-Mammoth-Rd-Hickory-NC-28602/461722523_zpid/,,272500,2026-09-02T00:00:00.000Z,Listed for rent,2026-08-20T00:00:00.000Z,Sold,2026-07-16T00:00:00.000Z,Pending sale,2026-06-02T00:00:00.000Z,Price change,2026-04-15T00:00:00.000Z,Listed for sale,,,,,,,,,,,,,,,,,,,,,,,,,,,,,,,,,,,,,,,,,,,,,,
"2957 31st Street Ln NE, Hickory, NC 28601",2957 31st Street Ln NE,Hickory,NC,28601,,forRent,4,1889,,2225,1,https://www.zillow.com/homedetails/2957-31st-Street-Ln-NE-Hickory-NC-28601/463788123_zpid/,,,2026-09-16T00:00:00.000Z,Listed for rent,2026-08-18T00:00:00.000Z,Listing removed,2026-07-17T00:00:00.000Z,Price change,2026-07-10T00:00:00.000Z,Listed for sale,,,,,,,,,,,,,,,,,,,,,,,,,,,,,,,,,,,,,,,,,,,,,,,,
"1417 17th Ave NE, Hickory, NC 28601",1417 17th Ave NE,Hickory,NC,28601,,forRent,3,1400,,1725,41,https://www.zillow.com/homedetails/1417-17th-Ave-NE-Hickory-NC-28601/71551010_zpid/,,99000,2026-08-21T00:00:00.000Z,Price change,2026-08-07T00:00:00.000Z,Listed for rent,2006-11-13T00:00:00.000Z,Sold,,,,,,,,,,,,,,,,,,,,,,,,,,,,,,,,,,,,,,,,,,,,,,,,,,
"512 12th Ave NE, Hickory, NC 28601",512 12th Ave NE,Hickory,NC,28601,,forRent,3,1334,,1595,66,https://www.zillow.com/homedetails/512-12th-Ave-NE-Hickory-NC-28601/463832995_zpid/,,,2026-07-13T00:00:00.000Z,Listed for rent,,,,,,,,,,,,,,,,,,,,,,,,,,,,,,,,,,,,,,,,,,,,,,,,,,,,,,
"15 Harvest Ridge Dr, Hickory, NC 28601",15 Harvest Ridge Dr,Hickory,NC,28601,,forRent,4,2000,,2200,18,https://www.zillow.com/homedetails/15-Harvest-Ridge-Dr-Hickory-NC-28601/2063037302_zpid/,,220990,2026-09-04T00:00:00.000Z,Price change,2026-08-30T00:00:00.000Z,Listed for rent,2025-06-28T00:00:00.000Z,Listing removed,2025-06-09T00:00:00.000Z,Listed for rent,2023-09-11T00:00:00.000Z,Listing removed,2023-09-04T00:00:00.000Z,Listed for rent,2022-08-02T00:00:00.000Z,Listing removed,2022-06-24T00:00:00.000Z,Listing removed,2022-06-01T00:00:00.000Z,Listed for rent,2022-01-12T00:00:00.000Z,Sold,2021-04-09T00:00:00.000Z,Pending sale,,,,,,,,,,,,,,,,,,,,,,,,,,,,,,,,,,
"1411 Mammoth Rd, Hickory, NC 28602",1411 Mammoth Rd,Hickory,NC,28602,,forRent,5,2368,,2255,15,https://www.zillow.com/homedetails/1411-Mammoth-Rd-Hickory-NC-28602/463736170_zpid/,,292400,2026-09-02T00:00:00.000Z,Listed for rent,2026-08-20T00:00:00.000Z,Sold,2026-07-16T00:00:00.000Z,Pending sale,2026-07-08T00:00:00.000Z,Listed for sale,,,,,,,,,,,,,,,,,,,,,,,,,,,,,,,,,,,,,,,,,,,,,,,,
"765 8th Avenue Dr SE, Hickory, NC 28602",765 8th Avenue Dr SE,Hickory,NC,28602,,forRent,3,1463,,1750,87,https://www.zillow.com/homedetails/765-8th-Avenue-Dr-SE-Hickory-NC-28602/71963561_zpid/,,110000,2026-08-20T00:00:00.000Z,Price change,2026-06-22T00:00:00.000Z,Listed for rent,2023-05-15T00:00:00.000Z,Listing removed,2023-04-28T00:00:00.000Z,Price change,2023-04-07T00:00:00.000Z,Listed for rent,2023-01-25T00:00:00.000Z,Sold,2013-09-03T00:00:00.000Z,Sold,2006-10-20T00:00:00.000Z,Sold,,,,,,,,,,,,,,,,,,,,,,,,,,,,,,,,,,,,,,,,
"1936 Eigth St, Hickory, NC 28602",1936 Eigth St,Hickory,NC,28602,,forRent,3,1695,,1695,85,https://www.zillow.com/homedetails/1936-Eigth-St-Hickory-NC-28602/2052991619_zpid/,,,2026-09-10T00:00:00.000Z,Price change,2026-08-31T00:00:00.000Z,Price change,2026-08-14T00:00:00.000Z,Price change,2026-07-27T00:00:00.000Z,Price change,2026-07-07T00:00:00.000Z,Price change,2026-06-24T00:00:00.000Z,Listed for rent,2024-03-28T00:00:00.000Z,Listing removed,2024-03-18T00:00:00.000Z,Price change,2024-03-05T00:00:00.000Z,Price change,2024-02-22T00:00:00.000Z,Price change,2024-02-21T00:00:00.000Z,Price change,2024-02-01T00:00:00.000Z,Listed for rent,,,,,,,,,,,,,,,,,,,,,,,,,,,,,,,,
"1406 Mammoth Rd, Hickory, NC 28602",1406 Mammoth Rd,Hickory,NC,28602,,forRent,3,1749,,2025,15,https://www.zillow.com/homedetails/1406-Mammoth-Rd-Hickory-NC-28602/460650036_zpid/,,258000,2026-09-02T00:00:00.000Z,Listed for rent,2026-08-20T00:00:00.000Z,Sold,2026-07-16T00:00:00.000Z,Pending sale,2026-06-02T00:00:00.000Z,Price change,2026-05-12T00:00:00.000Z,Price change,2026-02-24T00:00:00.000Z,Price change,2026-02-23T00:00:00.000Z,Listed for sale,,,,,,,,,,,,,,,,,,,,,,,,,,,,,,,,,,,,,,,,,,
"4030 Buff St, Hickory, NC 28602",4030 Buff St,Hickory,NC,28602,,forRent,3,2000,,1950,9,https://www.zillow.com/homedetails/4030-Buff-St-Hickory-NC-28602/227237379_zpid/,,132400,2026-09-08T00:00:00.000Z,Listed for rent,2024-04-24T00:00:00.000Z,Listing removed,2024-04-05T00:00:00.000Z,Price change,2023-11-29T00:00:00.000Z,Price change,2023-11-06T00:00:00.000Z,Price change,2023-10-16T00:00:00.000Z,Listed for rent,2023-01-18T00:00:00.000Z,Sold,,,,,,,,,,,,,,,,,,,,,,,,,,,,,,,,,,,,,,,,,,
"2781 19th Ave NE, Hickory, NC 28601",2781 19th Ave NE,Hickory,NC,28601,,forRent,3,2500,,2200,31,https://www.zillow.com/homedetails/2781-19th-Ave-NE-Hickory-NC-28601/71935770_zpid/,,,2026-08-17T00:00:00.000Z,Listed for rent,2025-10-14T00:00:00.000Z,Listing removed,2025-09-27T00:00:00.000Z,Price change,2025-09-15T00:00:00.000Z,Listed for rent,2025-07-13T00:00:00.000Z,Listing removed,2025-07-10T00:00:00.000Z,Listed for rent,2025-06-29T00:00:00.000Z,Listing removed,2025-05-31T00:00:00.000Z,Price change,2025-05-27T00:00:00.000Z,Price change,2025-05-10T00:00:00.000Z,Price change,2025-04-26T00:00:00.000Z,Listed for rent,,,,,,,,,,,,,,,,,,,,,,,,,,,,,,,,,,
"1181 Courtney Dr, Hickory, NC 28602",1181 Courtney Dr,Hickory,NC,28602,,forRent,4,993,,1950,14,https://www.zillow.com/homedetails/1181-Courtney-Dr-Hickory-NC-28602/71914325_zpid/,,115000,2026-09-03T00:00:00.000Z,Listed for rent,2025-03-27T00:00:00.000Z,Listing removed,2025-02-28T00:00:00.000Z,Listed for rent,2024-09-18T00:00:00.000Z,Sold,2005-05-02T00:00:00.000Z,Sold,,,,,,,,,,,,,,,,,,,,,,,,,,,,,,,,,,,,,,,,,,,,,,
"5694 Claridge Dr, Hickory, NC 28602",5694 Claridge Dr,Hickory,NC,28602,,forRent,3,2200,,2150,118,https://www.zillow.com/homedetails/5694-Claridge-Dr-Hickory-NC-28602/71906250_zpid/,,113500,2026-05-22T00:00:00.000Z,Listed for rent,2024-09-13T00:00:00.000Z,Listing removed,2024-08-02T00:00:00.000Z,Listed for rent,2000-11-03T00:00:00.000Z,Sold,,,,,,,,,,,,,,,,,,,,,,,,,,,,,,,,,,,,,,,,,,,,,,,,
"2804 Bruce St, Conway, AR 72034",2804 Bruce St,Conway,AR,72034,,forRent,3,1232,,1375,10,https://www.zillow.com/homedetails/2804-Bruce-St-Conway-AR-72034/238249_zpid/,,115000,2026-09-07T00:00:00.000Z,Listed for rent,2017-11-12T00:00:00.000Z,Listing removed,2017-11-01T00:00:00.000Z,Listed for rent,2016-07-19T00:00:00.000Z,Listing removed,2016-07-19T00:00:00.000Z,Listed for sale,2016-07-18T00:00:00.000Z,Sold,2016-06-22T00:00:00.000Z,Pending sale,2016-06-09T00:00:00.000Z,Listed for sale,2011-06-20T00:00:00.000Z,Sold,2006-12-04T00:00:00.000Z,Sold,,,,,,,,,,,,,,,,,,,,,,,,,,,,,,,,,,,,
"1117 13th Ave NW, Hickory, NC 28601",1117 13th Ave NW,Hickory,NC,28601,,forRent,3,1600,,1800,1,https://www.zillow.com/homedetails/1117-13th-Ave-NW-Hickory-NC-28601/71915627_zpid/,,252000,2026-09-16T00:00:00.000Z,Listed for rent,2025-09-19T00:00:00.000Z,Listing removed,2025-09-02T00:00:00.000Z,Price change,2025-07-23T00:00:00.000Z,Price change,2025-07-15T00:00:00.000Z,Listed for rent,2025-05-20T00:00:00.000Z,Listing removed,2025-04-17T00:00:00.000Z,Listed for rent,2023-12-06T00:00:00.000Z,Listing removed,2023-11-08T00:00:00.000Z,Listed for rent,2023-01-29T00:00:00.000Z,Listing removed,2022-12-27T00:00:00.000Z,Listed for rent,2022-02-18T00:00:00.000Z,Sold,2022-01-09T00:00:00.000Z,Contingent,2022-01-07T00:00:00.000Z,Listed for sale,2021-02-16T00:00:00.000Z,Sold,2018-10-05T00:00:00.000Z,Sold,2018-08-25T00:00:00.000Z,Pending sale,2018-06-22T00:00:00.000Z,Listed for sale,2018-05-22T00:00:00.000Z,Pending sale,2018-05-03T00:00:00.000Z,Listed for sale,,,,,,,,,,,,,,,,
"8889 State Highway 127, Hickory, NC 28601",8889 State Highway 127,Hickory,NC,28601,,forRent,3,920,,1300,7,https://www.zillow.com/homedetails/8889-State-Highway-127-Hickory-NC-28601/229589331_zpid/,,115000,2026-09-10T00:00:00.000Z,Listed for rent,2025-06-26T00:00:00.000Z,Listing removed,2025-06-20T00:00:00.000Z,Listed for rent,2015-06-10T00:00:00.000Z,Sold,,,,,,,,,,,,,,,,,,,,,,,,,,,,,,,,,,,,,,,,,,,,,,,,
"63 8th St SE, Hickory, NC 28602",63 8th St SE,Hickory,NC,28602,,forRent,3,1226,,1895,1,https://www.zillow.com/homedetails/63-8th-St-SE-Hickory-NC-28602/82176711_zpid/,,89000,2026-09-16T00:00:00.000Z,Listed for rent,2025-08-13T00:00:00.000Z,Listing removed,2025-08-08T00:00:00.000Z,Listed for rent,2024-07-16T00:00:00.000Z,Listing removed,2024-07-05T00:00:00.000Z,Listed for rent,2024-06-20T00:00:00.000Z,Listing removed,2024-06-14T00:00:00.000Z,Listed for rent,2023-08-31T00:00:00.000Z,Sold,2023-08-15T00:00:00.000Z,Listed for sale,2010-06-29T00:00:00.000Z,Sold,,,,,,,,,,,,,,,,,,,,,,,,,,,,,,,,,,,,
"405 S Ash St, Conway, AR 72034",405 S Ash St,Conway,AR,72034,,forRent,3,1100,,1200,7,https://www.zillow.com/homedetails/405-S-Ash-St-Conway-AR-72034/238063_zpid/,,75000,2026-09-10T00:00:00.000Z,Listed for rent,2021-02-23T00:00:00.000Z,Listing removed,2020-06-04T00:00:00.000Z,Listing removed,2020-06-02T00:00:00.000Z,Listed for rent,2020-04-30T00:00:00.000Z,Sold,2020-04-14T00:00:00.000Z,Listed for sale,2013-09-25T00:00:00.000Z,Sold,2006-03-23T00:00:00.000Z,Sold,,,,,,,,,,,,,,,,,,,,,,,,,,,,,,,,,,,,,,,,
"4605 Valiant Dr, Conway, AR 72034",4605 Valiant Dr,Conway,AR,72034,,forRent,3,1324,,1500,67,https://www.zillow.com/homedetails/4605-Valiant-Dr-Conway-AR-72034/52392383_zpid/,,122000,2026-08-01T00:00:00.000Z,Price change,2026-07-13T00:00:00.000Z,Listed for rent,2023-05-19T00:00:00.000Z,Listing removed,2023-05-02T00:00:00.000Z,Listed for rent,2022-04-11T00:00:00.000Z,Listing removed,2022-04-06T00:00:00.000Z,Listed for rent,2011-09-02T00:00:00.000Z,Sold,2011-06-12T00:00:00.000Z,Listed for sale,2008-09-08T00:00:00.000Z,Sold,,,,,,,,,,,,,,,,,,,,,,,,,,,,,,,,,,,,,,
"20 Summer Breeze Rd, Conway, AR 72032",20 Summer Breeze Rd,Conway,AR,72032,,forRent,3,1592,,1600,12,https://www.zillow.com/homedetails/20-Summer-Breeze-Rd-Conway-AR-72032/2076495598_zpid/,,207000,2026-09-05T00:00:00.000Z,Listed for rent,2024-04-17T00:00:00.000Z,Listing removed,2024-03-28T00:00:00.000Z,Listed for rent,2024-03-08T00:00:00.000Z,Sold,2024-02-22T00:00:00.000Z,Contingent,2024-02-21T00:00:00.000Z,Price change,2024-02-19T00:00:00.000Z,Listed for sale,2021-01-21T00:00:00.000Z,Sold,,,,,,,,,,,,,,,,,,,,,,,,,,,,,,,,,,,,,,,,
"2 Hawthorne Dr, Conway, AR 72034",2 Hawthorne Dr,Conway,AR,72034,,forRent,3,1408,,1650,55,https://www.zillow.com/homedetails/2-Hawthorne-Dr-Conway-AR-72034/237001_zpid/,,102000,2026-09-06T00:00:00.000Z,Price change,2026-08-27T00:00:00.000Z,Price change,2026-07-24T00:00:00.000Z,Listed for rent,2014-07-29T00:00:00.000Z,Sold,2014-05-16T00:00:00.000Z,Price change,2014-02-28T00:00:00.000Z,Listed for sale,2014-01-01T00:00:00.000Z,Listing removed,2013-10-29T00:00:00.000Z,Price change,2013-10-04T00:00:00.000Z,Price change,2013-08-08T00:00:00.000Z,Listed for sale,2011-08-31T00:00:00.000Z,Sold,,,,,,,,,,,,,,,,,,,,,,,,,,,,,,,,,,
"1955 Bellingrath Gdns, Conway, AR 72034",1955 Bellingrath Gdns,Conway,AR,72034,,forRent,3,1752,,2000,16,https://www.zillow.com/homedetails/1955-Bellingrath-Gdns-Conway-AR-72034/119403911_zpid/,,199900,2026-09-01T00:00:00.000Z,Listed for rent,2025-09-17T00:00:00.000Z,Listing removed,2025-09-05T00:00:00.000Z,Price change,2025-08-27T00:00:00.000Z,Listed for rent,2025-05-28T00:00:00.000Z,Listing removed,2025-05-09T00:00:00.000Z,Listed for rent,2024-01-01T00:00:00.000Z,Listing removed,2023-12-15T00:00:00.000Z,Listed for rent,2018-04-02T00:00:00.000Z,Sold,2018-02-03T00:00:00.000Z,Listed for sale,2016-07-01T00:00:00.000Z,Listing removed,2015-10-23T00:00:00.000Z,Price change,2015-09-29T00:00:00.000Z,Listed for sale,,,,,,,,,,,,,,,,,,,,,,,,,,,,,,
"2220 Chase Dr, Conway, AR 72034",2220 Chase Dr,Conway,AR,72034,,forRent,3,1582,,1850,63,https://www.zillow.com/homedetails/2220-Chase-Dr-Conway-AR-72034/35730147_zpid/,,141000,2026-07-16T00:00:00.000Z,Listed for rent,2025-04-11T00:00:00.000Z,Listing removed,2025-04-06T00:00:00.000Z,Listed for rent,2025-03-29T00:00:00.000Z,Listing removed,2025-01-19T00:00:00.000Z,Price change,2025-01-18T00:00:00.000Z,Listed for rent,2012-10-25T00:00:00.000Z,Sold,2011-08-25T00:00:00.000Z,Sold,2009-07-29T00:00:00.000Z,Sold,2009-04-13T00:00:00.000Z,Sold,2006-02-08T00:00:00.000Z,Sold,,,,,,,,,,,,,,,,,,,,,,,,,,,,,,,,,,
"4640 Oregon Trl, Conway, AR 72034",4640 Oregon Trl,Conway,AR,72034,,forRent,3,1482,,1800,29,https://www.zillow.com/homedetails/4640-Oregon-Trl-Conway-AR-72034/35730645_zpid/,,250000,2026-08-19T00:00:00.000Z,Listed for rent,2026-02-25T00:00:00.000Z,Listing removed,2026-02-10T00:00:00.000Z,Listed for rent,2025-10-31T00:00:00.000Z,Sold,2025-10-23T00:00:00.000Z,Contingent,2025-09-12T00:00:00.000Z,Price change,2025-08-21T00:00:00.000Z,Listed for sale,2021-11-15T00:00:00.000Z,Sold,2021-10-11T00:00:00.000Z,Pending sale,2021-10-11T00:00:00.000Z,Contingent,2021-10-05T00:00:00.000Z,Listed for sale,2021-03-24T00:00:00.000Z,Listing removed,2017-06-02T00:00:00.000Z,Sold,2017-03-21T00:00:00.000Z,Listed for sale,2015-07-07T00:00:00.000Z,Sold,2015-05-28T00:00:00.000Z,Listed for sale,2015-04-16T00:00:00.000Z,Listing removed,2014-12-26T00:00:00.000Z,Listed for sale,,,,,,,,,,,,,,,,,,,,
"40 Ridge Trl, Sherwood, AR 72120",40 Ridge Trl,Sherwood,AR,72120,,forRent,3,2200,,2100,27,https://www.zillow.com/homedetails/40-Ridge-Trl-Sherwood-AR-72120/232839_zpid/,,230600,2026-08-31T00:00:00.000Z,Price change,2026-08-21T00:00:00.000Z,Listed for rent,2026-08-12T00:00:00.000Z,Listing removed,2026-07-20T00:00:00.000Z,Listed for rent,2026-06-17T00:00:00.000Z,Listing removed,2026-06-02T00:00:00.000Z,Price change,2025-09-19T00:00:00.000Z,Price change,2025-07-22T00:00:00.000Z,Price change,2025-06-24T00:00:00.000Z,Price change,2025-04-15T00:00:00.000Z,Price change,2025-03-14T00:00:00.000Z,Price change,2025-02-27T00:00:00.000Z,Listed for rent,2014-10-03T00:00:00.000Z,Sold,2001-09-05T00:00:00.000Z,Sold,,,,,,,,,,,,,,,,,,,,,,,,,,,,
"158 Ridgeland Dr, Maumelle, AR 72113",158 Ridgeland Dr,Maumelle,AR,72113,,forRent,3,1835,,1975,9,https://www.zillow.com/homedetails/158-Ridgeland-Dr-Maumelle-AR-72113/325729_zpid/,,188900,2026-09-08T00:00:00.000Z,Listed for rent,2025-04-11T00:00:00.000Z,Listing removed,2024-12-03T00:00:00.000Z,Listed for rent,2023-01-20T00:00:00.000Z,Listing removed,2023-01-06T00:00:00.000Z,Listed for rent,2019-11-19T00:00:00.000Z,Listing removed,2019-09-17T00:00:00.000Z,Listed for rent,2018-03-09T00:00:00.000Z,Sold,2018-01-24T00:00:00.000Z,Listed for sale,2014-07-14T00:00:00.000Z,Sold,2014-05-25T00:00:00.000Z,Price change,2014-05-10T00:00:00.000Z,Price change,2014-04-14T00:00:00.000Z,Price change,2014-03-29T00:00:00.000Z,Listed for sale,2013-06-27T00:00:00.000Z,Sold,2001-02-05T00:00:00.000Z,Sold,2000-07-13T00:00:00.000Z,Sold,,,,,,,,,,,,,,,,,,,,,,
"15 Summerfield Dr, Conway, AR 72034",15 Summerfield Dr,Conway,AR,72034,,forRent,3,1508,,1800,19,https://www.zillow.com/homedetails/15-Summerfield-Dr-Conway-AR-72034/238239_zpid/,,99000,2026-08-29T00:00:00.000Z,Listed for rent,2014-12-30T00:00:00.000Z,Sold,2005-06-02T00:00:00.000Z,Sold,,,,,,,,,,,,,,,,,,,,,,,,,,,,,,,,,,,,,,,,,,,,,,,,,,
"202 Skunk Hollow Rd, Conway, AR 72032",202 Skunk Hollow Rd,Conway,AR,72032,,forRent,3,1120,,1425,29,https://www.zillow.com/homedetails/202-Skunk-Hollow-Rd-Conway-AR-72032/228041_zpid/,,116083,2026-09-09T00:00:00.000Z,Listed for rent,2026-08-20T00:00:00.000Z,Listing removed,2026-08-19T00:00:00.000Z,Listed for rent,2026-07-20T00:00:00.000Z,Sold,2026-05-18T00:00:00.000Z,Contingent,2026-05-08T00:00:00.000Z,Listed for sale,2014-12-02T00:00:00.000Z,Sold,,,,,,,,,,,,,,,,,,,,,,,,,,,,,,,,,,,,,,,,,,
"120 Melville Dr, Maumelle, AR 72113",120 Melville Dr,Maumelle,AR,72113,,forRent,3,1921,,2330,1,https://www.zillow.com/homedetails/120-Melville-Dr-Maumelle-AR-72113/124731365_zpid/,,255000,2026-09-16T00:00:00.000Z,Listed for rent,2024-12-28T00:00:00.000Z,Listing removed,2024-09-26T00:00:00.000Z,Listed for rent,2021-08-19T00:00:00.000Z,Listing removed,2021-08-03T00:00:00.000Z,Listed for rent,2017-11-07T00:00:00.000Z,Sold,,,,,,,,,,,,,,,,,,,,,,,,,,,,,,,,,,,,,,,,,,,,
"106 Jo Park Ln, Maumelle, AR 72113",106 Jo Park Ln,Maumelle,AR,72113,,forRent,4,1640,,2000,42,https://www.zillow.com/homedetails/106-Jo-Park-Ln-Maumelle-AR-72113/2056841941_zpid/,,,2026-08-06T00:00:00.000Z,Listed for rent,2023-10-04T00:00:00.000Z,Listing removed,2023-10-03T00:00:00.000Z,Listed for rent,2023-10-03T00:00:00.000Z,Listing removed,2023-06-29T00:00:00.000Z,Listed for rent,,,,,,,,,,,,,,,,,,,,,,,,,,,,,,,,,,,,,,,,,,,,,,
"205 Logan Dr, Maumelle, AR 72113",205 Logan Dr,Maumelle,AR,72113,,forRent,3,1472,,1835,62,https://www.zillow.com/homedetails/205-Logan-Dr-Maumelle-AR-72113/2057186361_zpid/,,,2026-08-05T00:00:00.000Z,Price change,2026-07-17T00:00:00.000Z,Listed for rent,2025-09-04T00:00:00.000Z,Listing removed,2025-09-03T00:00:00.000Z,Listed for rent,2025-09-03T00:00:00.000Z,Listing removed,2025-08-29T00:00:00.000Z,Price change,2025-07-15T00:00:00.000Z,Listed for rent,2023-09-10T00:00:00.000Z,Listing removed,2023-09-09T00:00:00.000Z,Listed for rent,2023-09-08T00:00:00.000Z,Listing removed,2023-06-10T00:00:00.000Z,Listed for rent,,,,,,,,,,,,,,,,,,,,,,,,,,,,,,,,,,
"203 Logan Dr, Maumelle, AR 72113",203 Logan Dr,Maumelle,AR,72113,,forRent,3,1472,,1835,48,https://www.zillow.com/homedetails/203-Logan-Dr-Maumelle-AR-72113/2057186362_zpid/,,,2026-08-05T00:00:00.000Z,Price change,2026-07-31T00:00:00.000Z,Listed for rent,2024-08-27T00:00:00.000Z,Listing removed,2024-08-01T00:00:00.000Z,Listed for rent,2023-06-19T00:00:00.000Z,Listing removed,2023-06-10T00:00:00.000Z,Listed for rent,,,,,,,,,,,,,,,,,,,,,,,,,,,,,,,,,,,,,,,,,,,,
"124 Im Dr, Maumelle, AR 72113",124 Im Dr,Maumelle,AR,72113,,forRent,4,1500,,1850,73,https://www.zillow.com/homedetails/124-Im-Dr-Maumelle-AR-72113/2056969175_zpid/,,222925,2026-09-10T00:00:00.000Z,Price change,2026-07-06T00:00:00.000Z,Listed for rent,2025-08-27T00:00:00.000Z,Listing removed,2025-07-18T00:00:00.000Z,Listed for rent,2024-08-21T00:00:00.000Z,Listing removed,2024-07-30T00:00:00.000Z,Listed for rent,2023-09-26T00:00:00.000Z,Sold,,,,,,,,,,,,,,,,,,,,,,,,,,,,,,,,,,,,,,,,,,
"110 River Valley Loop, Maumelle, AR 72113",110 River Valley Loop,Maumelle,AR,72113,,forRent,4,2670,,2600,8,https://www.zillow.com/homedetails/110-River-Valley-Loop-Maumelle-AR-72113/79782764_zpid/,,340000,2026-09-10T00:00:00.000Z,Listed for rent,2026-08-14T00:00:00.000Z,Listing removed,2026-06-10T00:00:00.000Z,Listed for sale,2021-06-15T00:00:00.000Z,Sold,2014-12-02T00:00:00.000Z,Sold,2014-11-16T00:00:00.000Z,Listed for sale,2014-09-09T00:00:00.000Z,Listing removed,2014-07-17T00:00:00.000Z,Price change,2014-04-29T00:00:00.000Z,Price change,2014-03-21T00:00:00.000Z,Listed for sale,,,,,,,,,,,,,,,,,,,,,,,,,,,,,,,,,,,,
"1845 Arden Ln, Conway, AR 72034",1845 Arden Ln,Conway,AR,72034,,forRent,3,1205,,1575,3,https://www.zillow.com/homedetails/1845-Arden-Ln-Conway-AR-72034/71714882_zpid/,,139000,2026-08-30T00:00:00.000Z,Price change,2026-07-17T00:00:00.000Z,Listed for rent,2024-07-03T00:00:00.000Z,Listing removed,2024-06-25T00:00:00.000Z,Listed for rent,2023-02-27T00:00:00.000Z,Listing removed,2023-02-22T00:00:00.000Z,Listed for rent,2021-01-19T00:00:00.000Z,Listing removed,2021-01-09T00:00:00.000Z,Listed for rent,2020-12-16T00:00:00.000Z,Sold,,,,,,,,,,,,,,,,,,,,,,,,,,,,,,,,,,,,,,
"3315 23rd St NE, Hickory, NC 28601",3315 23rd St NE,Hickory,NC,28601,,forRent,3,1369,,1995,14,https://www.zillow.com/homedetails/3315-23rd-St-NE-Hickory-NC-28601/71909821_zpid/,,145000,2026-09-03T00:00:00.000Z,Listed for rent,2026-07-02T00:00:00.000Z,Sold,2026-06-18T00:00:00.000Z,Listed for sale,,,,,,,,,,,,,,,,,,,,,,,,,,,,,,,,,,,,,,,,,,,,,,,,,,
"117 Logan Dr, Maumelle, AR 72113",117 Logan Dr,Maumelle,AR,72113,,forRent,3,1472,,1835,72,https://www.zillow.com/homedetails/117-Logan-Dr-Maumelle-AR-72113/2057186355_zpid/,,,2026-07-07T00:00:00.000Z,Listed for rent,2023-07-30T00:00:00.000Z,Listing removed,2023-07-29T00:00:00.000Z,Listed for rent,2023-07-29T00:00:00.000Z,Listing removed,2023-06-10T00:00:00.000Z,Listed for rent,,,,,,,,,,,,,,,,,,,,,,,,,,,,,,,,,,,,,,,,,,,,,,
"7 Southland Dr, Maumelle, AR 72113",7 Southland Dr,Maumelle,AR,72113,,forRent,2,925,,850,79,https://www.zillow.com/homedetails/7-Southland-Dr-Maumelle-AR-72113/2109744736_zpid/,,,2026-06-30T00:00:00.000Z,Listed for rent,2018-07-15T00:00:00.000Z,Listing removed,2018-06-28T00:00:00.000Z,Listed for rent,2016-06-28T00:00:00.000Z,Listing removed,2014-12-12T00:00:00.000Z,Listing removed,2014-07-29T00:00:00.000Z,Listed for rent,2013-12-30T00:00:00.000Z,Listing removed,2013-11-27T00:00:00.000Z,Listed for rent,,,,,,,,,,,,,,,,,,,,,,,,,,,,,,,,,,,,,,,,
"4056 Kings River Trl, Bauxite, AR 72011",4056 Kings River Trl,Bauxite,AR,72011,,forRent,3,1480,,1395,51,https://www.zillow.com/homedetails/4056-Kings-River-Trl-Bauxite-AR-72011/2062403626_zpid/,,200660,2026-08-27T00:00:00.000Z,Price change,2026-08-20T00:00:00.000Z,Price change,2026-08-13T00:00:00.000Z,Price change,2026-07-29T00:00:00.000Z,Listed for rent,2023-02-11T00:00:00.000Z,Listing removed,2023-02-03T00:00:00.000Z,Price change,2023-01-11T00:00:00.000Z,Price change,2022-12-14T00:00:00.000Z,Price change,2022-11-22T00:00:00.000Z,Price change,2022-11-10T00:00:00.000Z,Listed for rent,2022-10-28T00:00:00.000Z,Sold,2022-10-08T00:00:00.000Z,Contingent,2022-08-24T00:00:00.000Z,Price change,2022-08-04T00:00:00.000Z,Price change,2022-07-26T00:00:00.000Z,Price change,2022-07-21T00:00:00.000Z,Listed for sale,2022-07-18T00:00:00.000Z,Listing removed,2022-07-13T00:00:00.000Z,Listed for sale,,,,,,,,,,,,,,,,,,,,
"17024 Congo Ferndale Rd, Little Rock, AR 72210",17024 Congo Ferndale Rd,Little Rock,AR,72210,,forRent,4,1590,,1675,99,https://www.zillow.com/homedetails/17024-Congo-Ferndale-Rd-Little-Rock-AR-72210/370120_zpid/,,279500,2026-06-10T00:00:00.000Z,Listed for rent,2020-09-11T00:00:00.000Z,Listing removed,2020-07-23T00:00:00.000Z,Listed for rent,2018-05-13T00:00:00.000Z,Listing removed,2018-01-31T00:00:00.000Z,Listed for rent,2017-03-29T00:00:00.000Z,Sold,,,,,,,,,,,,,,,,,,,,,,,,,,,,,,,,,,,,,,,,,,,,
"2668 Chapel Creek Dr, Benton, AR 72015",2668 Chapel Creek Dr,Benton,AR,72015,,forRent,3,1478,,1595,10,https://www.zillow.com/homedetails/2668-Chapel-Creek-Dr-Benton-AR-72015/120791136_zpid/,,,2026-07-31T00:00:00.000Z,Listed for rent,2020-04-14T00:00:00.000Z,Listing removed,2020-04-08T00:00:00.000Z,Listed for rent,2017-08-19T00:00:00.000Z,Listing removed,2017-08-03T00:00:00.000Z,Listed for rent,,,,,,,,,,,,,,,,,,,,,,,,,,,,,,,,,,,,,,,,,,,,,,
"29 Mattie Lene Dr, Ward, AR 72176",29 Mattie Lene Dr,Ward,AR,72176,,forRent,3,1301,,1350,7,https://www.zillow.com/homedetails/29-Mattie-Lene-Dr-Ward-AR-72176/35732499_zpid/,,80000,2026-09-10T00:00:00.000Z,Listed for rent,2026-03-20T00:00:00.000Z,Listing removed,2026-01-05T00:00:00.000Z,Listed for rent,2024-10-09T00:00:00.000Z,Listing removed,2024-09-16T00:00:00.000Z,Listed for rent,2009-05-16T00:00:00.000Z,Listing removed,2009-01-18T00:00:00.000Z,Listed for sale,2005-09-22T00:00:00.000Z,Sold,2004-02-23T00:00:00.000Z,Sold,2003-01-24T00:00:00.000Z,Sold,,,,,,,,,,,,,,,,,,,,,,,,,,,,,,,,,,,,
"42 Winners Cir, Cabot, AR 72023",42 Winners Cir,Cabot,AR,72023,,forRent,3,1521,,1850,7,https://www.zillow.com/homedetails/42-Winners-Cir-Cabot-AR-72023/72176611_zpid/,,196500,2026-08-07T00:00:00.000Z,Listed for rent,2025-10-07T00:00:00.000Z,Listing removed,2025-09-15T00:00:00.000Z,Listed for rent,2025-07-09T00:00:00.000Z,Sold,2025-04-28T00:00:00.000Z,Price change,2025-04-14T00:00:00.000Z,Price change,2025-04-03T00:00:00.000Z,Price change,2025-03-27T00:00:00.000Z,Listed for sale,,,,,,,,,,,,,,,,,,,,,,,,,,,,,,,,,,,,,,,,
"2530 Peabody Dr, Conway, AR 72032",2530 Peabody Dr,Conway,AR,72032,,forRent,3,1271,,1500,33,https://www.zillow.com/homedetails/2530-Peabody-Dr-Conway-AR-72032/239829_zpid/,,199000,2026-08-15T00:00:00.000Z,Listed for rent,2025-07-28T00:00:00.000Z,Sold,2025-06-29T00:00:00.000Z,Contingent,2025-06-28T00:00:00.000Z,Listed for sale,2014-12-23T00:00:00.000Z,Sold,2013-09-19T00:00:00.000Z,Sold,2013-06-28T00:00:00.000Z,Listed for sale,2012-12-14T00:00:00.000Z,Listing removed,2012-10-15T00:00:00.000Z,Listed for sale,,,,,,,,,,,,,,,,,,,,,,,,,,,,,,,,,,,,,,
"2230 Cedar Oaks Dr, Conway, AR 72032",2230 Cedar Oaks Dr,Conway,AR,72032,,forRent,3,1200,,1500,4,https://www.zillow.com/homedetails/2230-Cedar-Oaks-Dr-Conway-AR-72032/239909_zpid/,,640000,2026-09-13T00:00:00.000Z,Listed for rent,2014-10-22T00:00:00.000Z,Sold,2006-05-30T00:00:00.000Z,Sold,,,,,,,,,,,,,,,,,,,,,,,,,,,,,,,,,,,,,,,,,,,,,,,,,,
"10413 Cypress Knee Dr, Maumelle, AR 72113",10413 Cypress Knee Dr,Maumelle,AR,72113,,forRent,3,1480,,1800,78,https://www.zillow.com/homedetails/10413-Cypress-Knee-Dr-Maumelle-AR-72113/2060938533_zpid/,,,2026-07-01T00:00:00.000Z,Listed for rent,2025-04-22T00:00:00.000Z,Listing removed,2025-04-04T00:00:00.000Z,Listed for rent,2022-11-13T00:00:00.000Z,Listing removed,2022-10-25T00:00:00.000Z,Listed for rent,,,,,,,,,,,,,,,,,,,,,,,,,,,,,,,,,,,,,,,,,,,,,,
"12 Applewood Dr, Cabot, AR 72023",12 Applewood Dr,Cabot,AR,72023,,forRent,3,1348,,1600,2,https://www.zillow.com/homedetails/12-Applewood-Dr-Cabot-AR-72023/35732364_zpid/,,192000,2026-09-15T00:00:00.000Z,Listed for rent,2026-08-31T00:00:00.000Z,Sold,2026-08-31T00:00:00.000Z,Contingent,2026-07-24T00:00:00.000Z,Listed for sale,2022-08-05T00:00:00.000Z,Sold,2019-04-30T00:00:00.000Z,Sold,2019-04-23T00:00:00.000Z,Pending sale,2019-02-27T00:00:00.000Z,Listed for sale,,,,,,,,,,,,,,,,,,,,,,,,,,,,,,,,,,,,,,,,
"111 Miramar Dr, Maumelle, AR 72113",111 Miramar Dr,Maumelle,AR,72113,,forRent,3,2404,,2390,13,https://www.zillow.com/homedetails/111-Miramar-Dr-Maumelle-AR-72113/328081_zpid/,,240000,2026-09-04T00:00:00.000Z,Listed for rent,2025-04-03T00:00:00.000Z,Listing removed,2025-03-18T00:00:00.000Z,Listed for rent,2024-02-23T00:00:00.000Z,Listing removed,2024-01-18T00:00:00.000Z,Listed for rent,2022-02-23T00:00:00.000Z,Listing removed,2022-01-06T00:00:00.000Z,Listed for rent,2022-01-04T00:00:00.000Z,Sold,2021-11-29T00:00:00.000Z,Price change,2021-11-01T00:00:00.000Z,Price change,2021-10-13T00:00:00.000Z,Price change,2021-09-28T00:00:00.000Z,Price change,2021-08-25T00:00:00.000Z,Listed for sale,2015-07-22T00:00:00.000Z,Sold,2012-09-27T00:00:00.000Z,Sold,2012-06-03T00:00:00.000Z,Listed for sale,,,,,,,,,,,,,,,,,,,,,,,,
"103 Pope Dr, Benton, AR 72015",103 Pope Dr,Benton,AR,72015,,forRent,3,1559,,1625,78,https://www.zillow.com/homedetails/103-Pope-Dr-Benton-AR-72015/82243468_zpid/,,115000,2026-07-01T00:00:00.000Z,Listed for rent,2024-08-21T00:00:00.000Z,Listing removed,2024-07-02T00:00:00.000Z,Price change,2024-05-31T00:00:00.000Z,Listed for rent,2017-07-19T00:00:00.000Z,Listing removed,2017-06-17T00:00:00.000Z,Listed for rent,2016-11-06T00:00:00.000Z,Listing removed,2014-04-08T00:00:00.000Z,Listing removed,2014-01-31T00:00:00.000Z,Sold,2014-01-29T00:00:00.000Z,Listed for rent,2013-11-25T00:00:00.000Z,Listed for sale,2013-10-08T00:00:00.000Z,Sold,2012-06-06T00:00:00.000Z,Listing removed,2012-05-24T00:00:00.000Z,Price change,2012-03-22T00:00:00.000Z,Listed for sale,2008-01-28T00:00:00.000Z,Sold,,,,,,,,,,,,,,,,,,,,,,,,
"11 W Plaza Blvd, Cabot, AR 72023",11 W Plaza Blvd,Cabot,AR,72023,,forRent,3,1487,,1525,24,https://www.zillow.com/homedetails/11-W-Plaza-Blvd-Cabot-AR-72023/256262_zpid/,,229049,2026-08-24T00:00:00.000Z,Listed for rent,2024-09-13T00:00:00.000Z,Listing removed,2024-07-02T00:00:00.000Z,Listed for rent,2013-02-26T00:00:00.000Z,Sold,,,,,,,,,,,,,,,,,,,,,,,,,,,,,,,,,,,,,,,,,,,,,,,,
"3225 Jean Cv, Alexander, AR 72002",3225 Jean Cv,Alexander,AR,72002,,forRent,3,2827,,2600,163,https://www.zillow.com/homedetails/3225-Jean-Cv-Alexander-AR-72002/378862_zpid/,,,2026-07-27T00:00:00.000Z,Price change,2026-04-07T00:00:00.000Z,Listed for rent,,,,,,,,,,,,,,,,,,,,,,,,,,,,,,,,,,,,,,,,,,,,,,,,,,,,
"8512 Highway 5 N, Benton, AR 72019",8512 Highway 5 N,Benton,AR,72019,,forRent,4,1533,,1895,3,https://www.zillow.com/homedetails/8512-Highway-5-N-Benton-AR-72019/394628139_zpid/,,,2026-09-14T00:00:00.000Z,Listed for rent,2024-09-13T00:00:00.000Z,Listing removed,2024-07-15T00:00:00.000Z,Listed for rent,,,,,,,,,,,,,,,,,,,,,,,,,,,,,,,,,,,,,,,,,,,,,,,,,,
"4541 Western Woods Dr, Benton, AR 72015",4541 Western Woods Dr,Benton,AR,72015,,forRent,4,2000,,1895,2,https://www.zillow.com/homedetails/4541-Western-Woods-Dr-Benton-AR-72015/2061302075_zpid/,,313100,2026-09-15T00:00:00.000Z,Listed for rent,2023-03-31T00:00:00.000Z,Sold,2022-11-05T00:00:00.000Z,Listing removed,2022-09-30T00:00:00.000Z,Listed for rent,,,,,,,,,,,,,,,,,,,,,,,,,,,,,,,,,,,,,,,,,,,,,,,,
"6056 Orange Valley Cv, Mabelvale, AR 72103",6056 Orange Valley Cv,Mabelvale,AR,72103,,forRent,4,1537,,1675,10,https://www.zillow.com/homedetails/6056-Orange-Valley-Cv-Mabelvale-AR-72103/463591455_zpid/,,,2026-07-01T00:00:00.000Z,Listed for rent,,,,,,,,,,,,,,,,,,,,,,,,,,,,,,,,,,,,,,,,,,,,,,,,,,,,,,
"11 Page Cv, Maumelle, AR 72113",11 Page Cv,Maumelle,AR,72113,,forRent,3,1294,,1695,15,https://www.zillow.com/homedetails/11-Page-Cv-Maumelle-AR-72113/326629_zpid/,,222125,2026-09-02T00:00:00.000Z,Listed for rent,2019-05-21T00:00:00.000Z,Listing removed,2019-02-11T00:00:00.000Z,Listed for rent,2017-11-18T00:00:00.000Z,Listing removed,2017-10-06T00:00:00.000Z,Price change,2017-09-16T00:00:00.000Z,Price change,2017-08-12T00:00:00.000Z,Listed for rent,2017-04-01T00:00:00.000Z,Listing removed,2017-02-23T00:00:00.000Z,Listed for rent,2016-01-29T00:00:00.000Z,Listing removed,2016-01-13T00:00:00.000Z,Listed for rent,2014-01-01T00:00:00.000Z,Sold,1983-10-01T00:00:00.000Z,Sold,,,,,,,,,,,,,,,,,,,,,,,,,,,,,,
"6065 Discovery Trl, Bauxite, AR 72011",6065 Discovery Trl,Bauxite,AR,72011,,forRent,4,1459,,1595,2,https://www.zillow.com/homedetails/6065-Discovery-Trl-Bauxite-AR-72011/442588179_zpid/,,192660,2026-09-15T00:00:00.000Z,Listed for rent,2026-08-11T00:00:00.000Z,Listing removed,2026-08-03T00:00:00.000Z,Listed for rent,2025-07-01T00:00:00.000Z,Listing removed,2025-05-23T00:00:00.000Z,Listed for rent,2025-05-09T00:00:00.000Z,Sold,2025-05-01T00:00:00.000Z,Contingent,2025-04-15T00:00:00.000Z,Price change,2025-04-04T00:00:00.000Z,Price change,2025-03-07T00:00:00.000Z,Price change,2025-02-28T00:00:00.000Z,Price change,2025-01-30T00:00:00.000Z,Price change,2024-12-14T00:00:00.000Z,Listed for sale,2024-11-22T00:00:00.000Z,Listing removed,2024-11-14T00:00:00.000Z,Listed for sale,,,,,,,,,,,,,,,,,,,,,,,,,,
"21 Pin Oak Loop, Maumelle, AR 72113",21 Pin Oak Loop,Maumelle,AR,72113,,forRent,3,1270,,1500,1,https://www.zillow.com/homedetails/21-Pin-Oak-Loop-Maumelle-AR-72113/326790_zpid/,,177000,2026-09-16T00:00:00.000Z,Listed for rent,2025-06-29T00:00:00.000Z,Listing removed,2025-06-19T00:00:00.000Z,Listed for rent,2025-04-11T00:00:00.000Z,Sold,2025-04-11T00:00:00.000Z,Contingent,2025-02-24T00:00:00.000Z,Price change,2025-01-22T00:00:00.000Z,Price change,2025-01-03T00:00:00.000Z,Listed for sale,2023-03-17T00:00:00.000Z,Sold,2023-02-13T00:00:00.000Z,Contingent,2023-02-10T00:00:00.000Z,Listed for sale,2012-07-26T00:00:00.000Z,Sold,2012-03-29T00:00:00.000Z,Listing removed,2011-10-07T00:00:00.000Z,Price change,2011-04-16T00:00:00.000Z,Listed for sale,2009-03-04T00:00:00.000Z,Sold,1998-11-03T00:00:00.000Z,Sold,,,,,,,,,,,,,,,,,,,,,,
"2064 Fern Valley Dr, Alexander, AR 72002",2064 Fern Valley Dr,Alexander,AR,72002,,forRent,3,1394,,1595,1,https://www.zillow.com/homedetails/2064-Fern-Valley-Dr-Alexander-AR-72002/247595904_zpid/,,169000,2026-09-16T00:00:00.000Z,Listed for rent,2025-12-24T00:00:00.000Z,Listing removed,2025-11-13T00:00:00.000Z,Listed for rent,2023-05-30T00:00:00.000Z,Listing removed,2023-05-15T00:00:00.000Z,Listed for rent,2021-06-30T00:00:00.000Z,Listing removed,2021-06-22T00:00:00.000Z,Listed for rent,2021-06-14T00:00:00.000Z,Sold,2021-06-13T00:00:00.000Z,Contingent,2021-05-13T00:00:00.000Z,Listed for sale,2016-12-16T00:00:00.000Z,Sold,,,,,,,,,,,,,,,,,,,,,,,,,,,,,,,,,,
"32 Fortson Dr, Cabot, AR 72023",32 Fortson Dr,Cabot,AR,72023,,forRent,3,1064,,875,26,https://www.zillow.com/homedetails/32-Fortson-Dr-Cabot-AR-72023/63161011_zpid/,,750000,2026-08-22T00:00:00.000Z,Listed for rent,2024-02-17T00:00:00.000Z,Listing removed,2024-02-03T00:00:00.000Z,Listed for rent,2004-08-10T00:00:00.000Z,Sold,,,,,,,,,,,,,,,,,,,,,,,,,,,,,,,,,,,,,,,,,,,,,,,,
"5813 Heritage Heights Dr, Benton, AR 72019",5813 Heritage Heights Dr,Benton,AR,72019,,forRent,4,1792,,1695,105,https://www.zillow.com/homedetails/5813-Heritage-Heights-Dr-Benton-AR-72019/71715692_zpid/,,199000,2026-08-27T00:00:00.000Z,Price change,2026-08-12T00:00:00.000Z,Price change,2026-07-29T00:00:00.000Z,Price change,2026-07-15T00:00:00.000Z,Price change,2026-06-04T00:00:00.000Z,Listed for rent,2024-04-06T00:00:00.000Z,Listing removed,2024-03-28T00:00:00.000Z,Listed for rent,2023-07-05T00:00:00.000Z,Listing removed,2023-06-23T00:00:00.000Z,Listed for rent,2022-05-23T00:00:00.000Z,Listing removed,2022-05-17T00:00:00.000Z,Listed for rent,2022-02-23T00:00:00.000Z,Listing removed,2022-02-04T00:00:00.000Z,Price change,2021-12-21T00:00:00.000Z,Listed for rent,2021-11-17T00:00:00.000Z,Sold,2021-11-12T00:00:00.000Z,Contingent,2021-10-13T00:00:00.000Z,Listed for sale,2016-02-17T00:00:00.000Z,Sold,2014-10-06T00:00:00.000Z,Listing removed,2014-07-21T00:00:00.000Z,Price change,2013-10-18T00:00:00.000Z,Listed for sale,,,,,,,,,,,,,,
"(Undisclosed Address), Conway, AR 72034",(Undisclosed Address),Conway,AR,72034,,forRent,3,1689,,1750,17,https://www.zillow.com/homedetails/Conway-AR-72034/241235_zpid/,,131000,2026-09-01T00:00:00.000Z,Price change,2026-07-12T00:00:00.000Z,Listed for rent,2026-06-15T00:00:00.000Z,Listing removed,2026-05-25T00:00:00.000Z,Listed for rent,2026-05-16T00:00:00.000Z,Listing removed,2026-04-25T00:00:00.000Z,Listed for rent,2024-05-02T00:00:00.000Z,Listing removed,2024-04-11T00:00:00.000Z,Listed for rent,2021-08-22T00:00:00.000Z,Listing removed,2021-08-02T00:00:00.000Z,Listed for rent,2013-04-18T00:00:00.000Z,Sold,2013-02-04T00:00:00.000Z,Sold,2006-01-27T00:00:00.000Z,Sold,,,,,,,,,,,,,,,,,,,,,,,,,,,,,,
"28 Burns Dr, Cabot, AR 72023",28 Burns Dr,Cabot,AR,72023,,forRent,3,1288,,1350,58,https://www.zillow.com/homedetails/28-Burns-Dr-Cabot-AR-72023/255699_zpid/,,146000,2026-08-31T00:00:00.000Z,Price change,2026-07-21T00:00:00.000Z,Listed for rent,2025-08-07T00:00:00.000Z,Listing removed,2025-07-14T00:00:00.000Z,Price change,2025-07-03T00:00:00.000Z,Listed for rent,2022-06-28T00:00:00.000Z,Sold,2014-11-26T00:00:00.000Z,Sold,2012-06-24T00:00:00.000Z,Listing removed,2012-06-08T00:00:00.000Z,Listed for rent,2011-04-29T00:00:00.000Z,Listing removed,2011-01-27T00:00:00.000Z,Listed for sale,2010-06-04T00:00:00.000Z,Sold,2010-04-29T00:00:00.000Z,Listed for sale,,,,,,,,,,,,,,,,,,,,,,,,,,,,,,
"(Undisclosed Address), Maumelle, AR 72113",(Undisclosed Address),Maumelle,AR,72113,,forRent,3,1430,,1700,26,https://www.zillow.com/homedetails/Maumelle-AR-72113/326296_zpid/,,295000,2026-08-22T00:00:00.000Z,Listed for rent,2025-10-31T00:00:00.000Z,Listing removed,2025-09-27T00:00:00.000Z,Price change,2025-08-03T00:00:00.000Z,Price change,2025-07-20T00:00:00.000Z,Listed for rent,2023-04-29T00:00:00.000Z,Listing removed,2023-04-28T00:00:00.000Z,Listed for rent,2023-04-20T00:00:00.000Z,Listing removed,2023-04-19T00:00:00.000Z,Listed for rent,2021-08-07T00:00:00.000Z,Listing removed,2021-08-05T00:00:00.000Z,Listed for rent,2021-07-28T00:00:00.000Z,Listing removed,2021-07-26T00:00:00.000Z,Listed for rent,2021-02-23T00:00:00.000Z,Listing removed,2020-07-23T00:00:00.000Z,Listing removed,2020-07-22T00:00:00.000Z,Price change,2020-07-20T00:00:00.000Z,Listed for rent,2019-10-31T00:00:00.000Z,Listing removed,2019-10-21T00:00:00.000Z,Price change,2019-10-01T00:00:00.000Z,Listed for rent,2018-08-19T00:00:00.000Z,Listing removed,2018-08-06T00:00:00.000Z,Listed for rent,2017-11-14T00:00:00.000Z,Listing removed,2017-10-11T00:00:00.000Z,Listed for rent,2014-05-06T00:00:00.000Z,Sold,2003-07-08T00:00:00.000Z,Sold,1998-12-11T00:00:00.000Z,Sold,1997-10-24T00:00:00.000Z,Sold
"6413 Amalie Dr, Alexander, AR 72002",6413 Amalie Dr,Alexander,AR,72002,,forRent,3,1485,,1675,9,https://www.zillow.com/homedetails/6413-Amalie-Dr-Alexander-AR-72002/247595729_zpid/,,198000,2026-09-08T00:00:00.000Z,Listed for rent,2025-08-18T00:00:00.000Z,Listing removed,2025-08-06T00:00:00.000Z,Listed for rent,2022-05-12T00:00:00.000Z,Listing removed,2022-05-04T00:00:00.000Z,Price change,2022-04-27T00:00:00.000Z,Price change,2022-04-12T00:00:00.000Z,Listed for rent,2022-03-01T00:00:00.000Z,Sold,2022-01-18T00:00:00.000Z,Listed for sale,2018-09-21T00:00:00.000Z,Sold,2018-08-07T00:00:00.000Z,Listed for sale,2018-06-21T00:00:00.000Z,Listing removed,2018-05-23T00:00:00.000Z,Price change,2018-05-11T00:00:00.000Z,Listed for sale,,,,,,,,,,,,,,,,,,,,,,,,,,,,
"27 Trinity Dr, Cabot, AR 72023",27 Trinity Dr,Cabot,AR,72023,,forRent,3,1442,,1525,27,https://www.zillow.com/homedetails/27-Trinity-Dr-Cabot-AR-72023/113948501_zpid/,,,2026-08-21T00:00:00.000Z,Listed for rent,2025-09-11T00:00:00.000Z,Listing removed,2025-07-29T00:00:00.000Z,Price change,2025-07-03T00:00:00.000Z,Listed for rent,,,,,,,,,,,,,,,,,,,,,,,,,,,,,,,,,,,,,,,,,,,,,,,,
"209 N Madison St, Cabot, AR 72023",209 N Madison St,Cabot,AR,72023,,forRent,3,1524,,1895,69,https://www.zillow.com/homedetails/209-N-Madison-St-Cabot-AR-72023/439267452_zpid/,,,2026-07-10T00:00:00.000Z,Listed for rent,2025-06-24T00:00:00.000Z,Listing removed,2025-06-19T00:00:00.000Z,Listed for rent,2025-06-19T00:00:00.000Z,Listing removed,2025-04-10T00:00:00.000Z,Price change,2025-03-05T00:00:00.000Z,Listed for rent,2025-03-05T00:00:00.000Z,Listing removed,2025-03-04T00:00:00.000Z,Listed for rent,2025-03-03T00:00:00.000Z,Listing removed,2025-02-28T00:00:00.000Z,Listed for rent,2024-12-28T00:00:00.000Z,Listing removed,2024-12-04T00:00:00.000Z,Price change,2024-09-23T00:00:00.000Z,Listing removed,2024-09-21T00:00:00.000Z,Price change,2024-09-17T00:00:00.000Z,Price change,2024-09-11T00:00:00.000Z,Listed for rent,2024-08-21T00:00:00.000Z,Listed for sale,,,,,,,,,,,,,,,,,,,,,,
"127 Chambery Dr, Maumelle, AR 72113",127 Chambery Dr,Maumelle,AR,72113,,forRent,4,1651,,2500,14,https://www.zillow.com/homedetails/127-Chambery-Dr-Maumelle-AR-72113/122006196_zpid/,,,2026-09-03T00:00:00.000Z,Price change,2026-07-24T00:00:00.000Z,Listed for rent,2019-06-07T00:00:00.000Z,Listing removed,2019-03-21T00:00:00.000Z,Price change,2019-02-14T00:00:00.000Z,Listed for rent,2017-11-15T00:00:00.000Z,Listing removed,2017-08-30T00:00:00.000Z,Price change,2017-08-08T00:00:00.000Z,Price change,2017-04-27T00:00:00.000Z,Listed for rent,,,,,,,,,,,,,,,,,,,,,,,,,,,,,,,,,,,,,,
"216 Chantilly Cir, Maumelle, AR 72113",216 Chantilly Cir,Maumelle,AR,72113,,forRent,3,1632,,2200,18,https://www.zillow.com/homedetails/216-Chantilly-Cir-Maumelle-AR-72113/328342_zpid/,,300000,2026-08-30T00:00:00.000Z,Listed for rent,2025-09-26T00:00:00.000Z,Listing removed,2025-09-19T00:00:00.000Z,Sold,2025-08-30T00:00:00.000Z,Listed for rent,2025-08-09T00:00:00.000Z,Listed for sale,2017-12-05T00:00:00.000Z,Listing removed,2017-10-21T00:00:00.000Z,Listed for sale,2015-07-13T00:00:00.000Z,Sold,2006-08-30T00:00:00.000Z,Sold,2003-10-15T00:00:00.000Z,Sold,2003-04-04T00:00:00.000Z,Sold,1997-10-13T00:00:00.000Z,Sold,,,,,,,,,,,,,,,,,,,,,,,,,,,,,,,,
"402 Stone Creek Dr, Benton, AR 72015",402 Stone Creek Dr,Benton,AR,72015,,forRent,4,1762,,1895,9,https://www.zillow.com/homedetails/402-Stone-Creek-Dr-Benton-AR-72015/71716020_zpid/,,178000,2026-09-08T00:00:00.000Z,Listed for rent,2023-09-17T00:00:00.000Z,Listing removed,2023-07-18T00:00:00.000Z,Listing removed,2023-06-14T00:00:00.000Z,Price change,2023-06-06T00:00:00.000Z,Listed for rent,2021-09-16T00:00:00.000Z,Sold,2016-08-06T00:00:00.000Z,Listing removed,2016-07-13T00:00:00.000Z,Listed for sale,2016-05-27T00:00:00.000Z,Listing removed,2016-04-15T00:00:00.000Z,Listed for sale,2006-07-11T00:00:00.000Z,Sold,,,,,,,,,,,,,,,,,,,,,,,,,,,,,,,,,,
"509 E Elm St, Cabot, AR 72023",509 E Elm St,Cabot,AR,72023,,forRent,3,1056,,1450,70,https://www.zillow.com/homedetails/509-E-Elm-St-Cabot-AR-72023/257181_zpid/,,185000,2026-08-20T00:00:00.000Z,Price change,2026-07-23T00:00:00.000Z,Price change,2026-07-09T00:00:00.000Z,Listed for rent,2026-07-09T00:00:00.000Z,Listing removed,2026-05-02T00:00:00.000Z,Listed for rent,2026-04-16T00:00:00.000Z,Listing removed,2026-02-18T00:00:00.000Z,Price change,2026-02-04T00:00:00.000Z,Listed for rent,2023-04-10T00:00:00.000Z,Sold,2023-01-19T00:00:00.000Z,Listing removed,2023-01-18T00:00:00.000Z,Listed for rent,2023-01-06T00:00:00.000Z,Listing removed,2022-10-26T00:00:00.000Z,Listed for sale,2021-05-28T00:00:00.000Z,Sold,2015-07-27T00:00:00.000Z,Sold,2012-10-07T00:00:00.000Z,Listing removed,2012-09-20T00:00:00.000Z,Price change,2012-06-20T00:00:00.000Z,Listed for sale,,,,,,,,,,,,,,,,,,,,
"44 Kirkland Dr, Cabot, AR 72023",44 Kirkland Dr,Cabot,AR,72023,,forRent,3,2077,,1900,167,https://www.zillow.com/homedetails/44-Kirkland-Dr-Cabot-AR-72023/52495420_zpid/,,,2026-04-03T00:00:00.000Z,Listed for rent,2026-04-03T00:00:00.000Z,Listing removed,2026-02-11T00:00:00.000Z,Listed for rent,2025-09-22T00:00:00.000Z,Listing removed,2025-08-19T00:00:00.000Z,Listing removed,2025-08-17T00:00:00.000Z,Listed for rent,2025-01-03T00:00:00.000Z,Price change,2024-11-04T00:00:00.000Z,Price change,2024-10-10T00:00:00.000Z,Price change,2024-09-24T00:00:00.000Z,Listed for sale,2015-02-21T00:00:00.000Z,Listing removed,2015-01-28T00:00:00.000Z,Price change,2014-11-18T00:00:00.000Z,Price change,2014-08-30T00:00:00.000Z,Listed for rent,2013-05-18T00:00:00.000Z,Listing removed,2013-04-17T00:00:00.000Z,Listed for rent,2012-10-25T00:00:00.000Z,Listing removed,2012-09-25T00:00:00.000Z,Listed for rent,2012-07-12T00:00:00.000Z,Listing removed,2012-06-12T00:00:00.000Z,Price change,2012-05-25T00:00:00.000Z,Listed for rent,2011-08-23T00:00:00.000Z,Listing removed,2010-10-08T00:00:00.000Z,Listed for sale,,,,,,,,,,
"87 Sycamore Cir, Cabot, AR 72023",87 Sycamore Cir,Cabot,AR,72023,,forRent,3,1252,,1350,34,https://www.zillow.com/homedetails/87-Sycamore-Cir-Cabot-AR-72023/256430_zpid/,,151500,2026-09-14T00:00:00.000Z,Price change,2026-08-29T00:00:00.000Z,Price change,2026-08-14T00:00:00.000Z,Listed for rent,2026-07-17T00:00:00.000Z,Sold,2026-06-05T00:00:00.000Z,Listed for sale,2026-05-27T00:00:00.000Z,Listing removed,2026-05-15T00:00:00.000Z,Listed for rent,2020-06-03T00:00:00.000Z,Sold,2020-02-28T00:00:00.000Z,Sold,2013-03-25T00:00:00.000Z,Sold,,,,,,,,,,,,,,,,,,,,,,,,,,,,,,,,,,,,
"3002 Forest Dr, Bryant, AR 72022",3002 Forest Dr,Bryant,AR,72022,,forRent,3,1409,,1650,8,https://www.zillow.com/homedetails/3002-Forest-Dr-Bryant-AR-72022/390575_zpid/,,213000,2026-09-10T00:00:00.000Z,Listed for rent,2026-08-24T00:00:00.000Z,Sold,2026-06-30T00:00:00.000Z,Listed for sale,2018-03-05T00:00:00.000Z,Sold,2011-03-18T00:00:00.000Z,Sold,2011-02-13T00:00:00.000Z,Listed for sale,2006-08-16T00:00:00.000Z,Sold,,,,,,,,,,,,,,,,,,,,,,,,,,,,,,,,,,,,,,,,,,
"57 Stoneledge Dr, Maumelle, AR 72113",57 Stoneledge Dr,Maumelle,AR,72113,,forRent,4,1961,,1950,28,https://www.zillow.com/homedetails/57-Stoneledge-Dr-Maumelle-AR-72113/326028_zpid/,,145000,2026-08-21T00:00:00.000Z,Listed for rent,2024-06-09T00:00:00.000Z,Listing removed,2024-05-08T00:00:00.000Z,Listed for rent,2024-04-23T00:00:00.000Z,Sold,2024-04-06T00:00:00.000Z,Listed for sale,2013-09-20T00:00:00.000Z,Sold,,,,,,,,,,,,,,,,,,,,,,,,,,,,,,,,,,,,,,,,,,,,
"61 Pin Oak Loop, Maumelle, AR 72113",61 Pin Oak Loop,Maumelle,AR,72113,,forRent,3,1173,,1495,76,https://www.zillow.com/homedetails/61-Pin-Oak-Loop-Maumelle-AR-72113/326810_zpid/,,175000,2026-08-14T00:00:00.000Z,Price change,2026-08-12T00:00:00.000Z,Price change,2026-07-03T00:00:00.000Z,Listed for rent,2024-04-25T00:00:00.000Z,Listing removed,2024-04-09T00:00:00.000Z,Listed for rent,2023-02-09T00:00:00.000Z,Listing removed,2022-12-28T00:00:00.000Z,Price change,2022-10-26T00:00:00.000Z,Listed for rent,2022-09-30T00:00:00.000Z,Sold,2022-08-28T00:00:00.000Z,Contingent,2022-08-26T00:00:00.000Z,Listed for sale,2018-04-24T00:00:00.000Z,Sold,2018-03-07T00:00:00.000Z,Price change,2018-02-07T00:00:00.000Z,Listed for sale,2017-06-08T00:00:00.000Z,Listing removed,2017-05-10T00:00:00.000Z,Listed for sale,2014-05-05T00:00:00.000Z,Sold,2011-07-04T00:00:00.000Z,Listing removed,2011-06-09T00:00:00.000Z,Listed for sale,2006-08-02T00:00:00.000Z,Sold,2003-05-01T00:00:00.000Z,Sold,2000-09-22T00:00:00.000Z,Sold,,,,,,,,,,,,
"56 Razorback Cv, Austin, AR 72007",56 Razorback Cv,Austin,AR,72007,,forRent,3,1250,,1595,0,https://www.zillow.com/homedetails/56-Razorback-Cv-Austin-AR-72007/99434828_zpid/,,195000,2026-09-18T00:00:00.000Z,Listed for rent,2022-09-27T00:00:00.000Z,Sold,2022-07-29T00:00:00.000Z,Sold,2020-03-01T00:00:00.000Z,Listing removed,2019-10-07T00:00:00.000Z,Listed for sale,2019-08-01T00:00:00.000Z,Listing removed,2018-04-05T00:00:00.000Z,Listed for sale,,,,,,,,,,,,,,,,,,,,,,,,,,,,,,,,,,,,,,,,,,
"821 Church, Benton, AR 72015",821 Church,Benton,AR,72015,,forRent,4,1540,,1675,13,https://www.zillow.com/homedetails/821-Church-Benton-AR-72015/387634_zpid/,,155000,2026-09-04T00:00:00.000Z,Listed for rent,2021-08-04T00:00:00.000Z,Listing removed,2021-07-27T00:00:00.000Z,Listed for rent,2021-06-04T00:00:00.000Z,Sold,2020-12-14T00:00:00.000Z,Sold,2020-10-24T00:00:00.000Z,Listed for sale,,,,,,,,,,,,,,,,,,,,,,,,,,,,,,,,,,,,,,,,,,,,
"22 Oakland Cir, Austin, AR 72007",22 Oakland Cir,Austin,AR,72007,,forRent,3,1328,,1575,23,https://www.zillow.com/homedetails/22-Oakland-Cir-Austin-AR-72007/251409763_zpid/,,176000,2026-08-25T00:00:00.000Z,Listed for rent,2024-07-01T00:00:00.000Z,Listing removed,2024-05-14T00:00:00.000Z,Listed for rent,2024-05-02T00:00:00.000Z,Listing removed,2024-04-15T00:00:00.000Z,Price change,2024-03-28T00:00:00.000Z,Price change,2024-03-14T00:00:00.000Z,Price change,2024-02-14T00:00:00.000Z,Listed for rent,2024-01-09T00:00:00.000Z,Sold,2023-11-28T00:00:00.000Z,Listed for sale,2023-03-24T00:00:00.000Z,Sold,2019-03-29T00:00:00.000Z,Sold,,,,,,,,,,,,,,,,,,,,,,,,,,,,,,,,
"1045 E Main St, Austin, AR 72007",1045 E Main St,Austin,AR,72007,,forRent,3,1266,,1375,12,https://www.zillow.com/homedetails/1045-E-Main-St-Austin-AR-72007/99406768_zpid/,,70000,2026-09-05T00:00:00.000Z,Listed for rent,2025-07-07T00:00:00.000Z,Listing removed,2025-06-26T00:00:00.000Z,Listed for rent,2021-03-24T00:00:00.000Z,Listing removed,2017-12-02T00:00:00.000Z,Listing removed,2017-11-20T00:00:00.000Z,Listed for rent,2015-07-16T00:00:00.000Z,Listing removed,2015-06-22T00:00:00.000Z,Listed for rent,2014-10-06T00:00:00.000Z,Sold,2014-09-06T00:00:00.000Z,Price change,2014-08-04T00:00:00.000Z,Price change,2014-06-25T00:00:00.000Z,Price change,2014-04-24T00:00:00.000Z,Price change,2013-12-13T00:00:00.000Z,Price change,2013-09-29T00:00:00.000Z,Price change,2013-06-29T00:00:00.000Z,Listed for sale,,,,,,,,,,,,,,,,,,,,,,,,
"32 Cinderwood Cv, Maumelle, AR 72113",32 Cinderwood Cv,Maumelle,AR,72113,,forRent,3,2467,,1895,18,https://www.zillow.com/homedetails/32-Cinderwood-Cv-Maumelle-AR-72113/343619_zpid/,,505000,2026-08-30T00:00:00.000Z,Listed for rent,2025-10-09T00:00:00.000Z,Listing removed,2025-09-04T00:00:00.000Z,Price change,2025-08-30T00:00:00.000Z,Listed for rent,2016-07-22T00:00:00.000Z,Listing removed,2016-07-21T00:00:00.000Z,Price change,2016-06-17T00:00:00.000Z,Price change,2016-05-21T00:00:00.000Z,Listed for sale,2015-09-30T00:00:00.000Z,Sold,2008-05-09T00:00:00.000Z,Sold,,,,,,,,,,,,,,,,,,,,,,,,,,,,,,,,,,,,
"6688 Hollywood Ave, Benton, AR 72019",6688 Hollywood Ave,Benton,AR,72019,,forRent,3,1051,,1595,13,https://www.zillow.com/homedetails/6688-Hollywood-Ave-Benton-AR-72019/460744960_zpid/,,183900,2026-09-04T00:00:00.000Z,Listed for rent,2026-08-28T00:00:00.000Z,Sold,2026-08-10T00:00:00.000Z,Contingent,2026-06-25T00:00:00.000Z,Price change,2026-06-18T00:00:00.000Z,Price change,2026-06-09T00:00:00.000Z,Price change,2026-05-02T00:00:00.000Z,Price change,2026-03-31T00:00:00.000Z,Price change,2026-03-03T00:00:00.000Z,Price change,2026-02-27T00:00:00.000Z,Listed for sale,,,,,,,,,,,,,,,,,,,,,,,,,,,,,,,,,,,,
"2 Corbet Ln, Maumelle, AR 72113",2 Corbet Ln,Maumelle,AR,72113,,forRent,3,1523,,2300,27,https://www.zillow.com/homedetails/2-Corbet-Ln-Maumelle-AR-72113/122005820_zpid/,,,2026-08-21T00:00:00.000Z,Listed for rent,2025-04-21T00:00:00.000Z,Listing removed,2025-03-25T00:00:00.000Z,Price change,2025-03-04T00:00:00.000Z,Listed for rent,2025-01-27T00:00:00.000Z,Listing removed,2025-01-14T00:00:00.000Z,Price change,2025-01-13T00:00:00.000Z,Listed for rent,2022-11-11T00:00:00.000Z,Listing removed,2022-10-11T00:00:00.000Z,Listed for rent,2017-10-06T00:00:00.000Z,Listing removed,2017-08-30T00:00:00.000Z,Price change,2017-08-08T00:00:00.000Z,Price change,2017-06-26T00:00:00.000Z,Listed for rent,,,,,,,,,,,,,,,,,,,,,,,,,,,,,,
"1105 Lingo Rd, Lonoke, AR 72086",1105 Lingo Rd,Lonoke,AR,72086,,forRent,3,1502,,1495,2,https://www.zillow.com/homedetails/1105-Lingo-Rd-Lonoke-AR-72086/247788_zpid/,,60000,2026-09-15T00:00:00.000Z,Listed for rent,2026-08-07T00:00:00.000Z,Sold,2026-06-16T00:00:00.000Z,Listed for sale,2026-06-16T00:00:00.000Z,Listing removed,2026-03-25T00:00:00.000Z,Listed for rent,2018-10-14T00:00:00.000Z,Listing removed,2018-09-05T00:00:00.000Z,Listed for sale,,,,,,,,,,,,,,,,,,,,,,,,,,,,,,,,,,,,,,,,,,
"81 Oak Forest Loop, Maumelle, AR 72113",81 Oak Forest Loop,Maumelle,AR,72113,,forRent,3,1300,,1700,59,https://www.zillow.com/homedetails/81-Oak-Forest-Loop-Maumelle-AR-72113/326542_zpid/,,145000,2026-07-20T00:00:00.000Z,Listed for rent,2021-01-15T00:00:00.000Z,Sold,2012-10-11T00:00:00.000Z,Sold,1997-04-16T00:00:00.000Z,Sold,,,,,,,,,,,,,,,,,,,,,,,,,,,,,,,,,,,,,,,,,,,,,,,,
"53 Bent Tree Dr, Cabot, AR 72023",53 Bent Tree Dr,Cabot,AR,72023,,forRent,3,1645,,1495,57,https://www.zillow.com/homedetails/53-Bent-Tree-Dr-Cabot-AR-72023/256157_zpid/,,10000,2026-09-01T00:00:00.000Z,Price change,2026-07-22T00:00:00.000Z,Listed for rent,2002-07-18T00:00:00.000Z,Sold,1993-11-12T00:00:00.000Z,Sold,,,,,,,,,,,,,,,,,,,,,,,,,,,,,,,,,,,,,,,,,,,,,,,,
"14095 Magnolia Glen Dr, Alexander, AR 72002",14095 Magnolia Glen Dr,Alexander,AR,72002,,forRent,3,1228,,1530,16,https://www.zillow.com/homedetails/14095-Magnolia-Glen-Dr-Alexander-AR-72002/88906053_zpid/,,119500,2026-09-01T00:00:00.000Z,Listed for rent,2020-12-08T00:00:00.000Z,Listing removed,2020-12-02T00:00:00.000Z,Listed for rent,2016-09-27T00:00:00.000Z,Sold,2016-06-29T00:00:00.000Z,Price change,2016-06-06T00:00:00.000Z,Listed for sale,2015-07-08T00:00:00.000Z,Listing removed,2015-06-13T00:00:00.000Z,Listed for rent,2014-07-19T00:00:00.000Z,Listing removed,2014-06-20T00:00:00.000Z,Listed for rent,2013-07-17T00:00:00.000Z,Listing removed,2013-07-03T00:00:00.000Z,Price change,2013-06-14T00:00:00.000Z,Price change,2013-05-17T00:00:00.000Z,Listed for rent,2009-11-06T00:00:00.000Z,Sold,,,,,,,,,,,,,,,,,,,,,,,,,,
"15 Silverado Ct, Cabot, AR 72023",15 Silverado Ct,Cabot,AR,72023,,forRent,3,1382,,1350,28,https://www.zillow.com/homedetails/15-Silverado-Ct-Cabot-AR-72023/35732243_zpid/,,150000,2026-08-20T00:00:00.000Z,Listed for rent,2024-11-11T00:00:00.000Z,Listing removed,2024-09-27T00:00:00.000Z,Listed for rent,2022-10-26T00:00:00.000Z,Sold,2020-12-16T00:00:00.000Z,Listing removed,2020-12-08T00:00:00.000Z,Listed for rent,2020-05-16T00:00:00.000Z,Listing removed,2020-04-22T00:00:00.000Z,Listed for rent,2020-04-17T00:00:00.000Z,Sold,,,,,,,,,,,,,,,,,,,,,,,,,,,,,,,,,,,,,,
"18 Lilly Ann Ct, Ward, AR 72176",18 Lilly Ann Ct,Ward,AR,72176,,forRent,3,1355,,0,2,https://www.zillow.com/homedetails/18-Lilly-Ann-Ct-Ward-AR-72176/445792648_zpid/,,18000,2026-09-15T00:00:00.000Z,Listed for rent,2022-10-25T00:00:00.000Z,Listing removed,2022-10-07T00:00:00.000Z,Listed for sale,2017-08-16T00:00:00.000Z,Sold,,,,,,,,,,,,,,,,,,,,,,,,,,,,,,,,,,,,,,,,,,,,,,,,
"26 Stonewood Dr, Cabot, AR 72023",26 Stonewood Dr,Cabot,AR,72023,,forRent,3,1698,,1900,24,https://www.zillow.com/homedetails/26-Stonewood-Dr-Cabot-AR-72023/55151081_zpid/,,157000,2026-08-24T00:00:00.000Z,Listed for rent,2026-04-27T00:00:00.000Z,Sold,2025-11-06T00:00:00.000Z,Listing removed,2025-10-20T00:00:00.000Z,Price change,2025-09-18T00:00:00.000Z,Listed for sale,2018-02-05T00:00:00.000Z,Listing removed,2017-09-28T00:00:00.000Z,Price change,2017-09-12T00:00:00.000Z,Listed for sale,2014-11-09T00:00:00.000Z,Listing removed,2014-08-01T00:00:00.000Z,Listed for sale,2012-03-12T00:00:00.000Z,Listing removed,2012-02-02T00:00:00.000Z,Listed for sale,,,,,,,,,,,,,,,,,,,,,,,,,,,,,,,,
"32 Thunderbird Dr, Cabot, AR 72023",32 Thunderbird Dr,Cabot,AR,72023,,forRent,3,1444,,1475,14,https://www.zillow.com/homedetails/32-Thunderbird-Dr-Cabot-AR-72023/67447424_zpid/,,,2026-09-03T00:00:00.000Z,Listed for rent,2021-03-24T00:00:00.000Z,Listing removed,2017-03-08T00:00:00.000Z,Listing removed,2017-02-06T00:00:00.000Z,Listed for rent,,,,,,,,,,,,,,,,,,,,,,,,,,,,,,,,,,,,,,,,,,,,,,,,
"15 Jennifer Cv, Ward, AR 72176",15 Jennifer Cv,Ward,AR,72176,,forRent,3,1328,,1595,42,https://www.zillow.com/homedetails/15-Jennifer-Cv-Ward-AR-72176/2063023920_zpid/,,210000,2026-09-12T00:00:00.000Z,Price change,2026-08-07T00:00:00.000Z,Listed for rent,2023-12-19T00:00:00.000Z,Sold,2022-06-21T00:00:00.000Z,Listing removed,2022-06-07T00:00:00.000Z,Price change,2022-06-02T00:00:00.000Z,Listed for rent,2022-05-31T00:00:00.000Z,Sold,,,,,,,,,,,,,,,,,,,,,,,,,,,,,,,,,,,,,,,,,,
"1710 Cedarhurst Dr, Benton, AR 72015",1710 Cedarhurst Dr,Benton,AR,72015,,forRent,3,1680,,1595,56,https://www.zillow.com/homedetails/1710-Cedarhurst-Dr-Benton-AR-72015/384477_zpid/,,127500,2026-09-12T00:00:00.000Z,Price change,2026-09-04T00:00:00.000Z,Price change,2026-08-29T00:00:00.000Z,Price change,2026-06-23T00:00:00.000Z,Listed for rent,2024-05-13T00:00:00.000Z,Listing removed,2024-02-10T00:00:00.000Z,Listed for rent,2024-01-31T00:00:00.000Z,Sold,2024-01-24T00:00:00.000Z,Contingent,2024-01-22T00:00:00.000Z,Listed for sale,2019-11-07T00:00:00.000Z,Listing removed,2019-10-07T00:00:00.000Z,Listed for rent,2016-12-15T00:00:00.000Z,Listing removed,2016-01-13T00:00:00.000Z,Listing removed,2016-01-11T00:00:00.000Z,Listed for rent,2015-05-22T00:00:00.000Z,Sold,2015-01-21T00:00:00.000Z,Listing removed,2014-07-25T00:00:00.000Z,Listed for rent,2014-06-23T00:00:00.000Z,Listing removed,2014-05-25T00:00:00.000Z,Price change,2014-05-07T00:00:00.000Z,Price change,2014-04-11T00:00:00.000Z,Price change,2014-02-17T00:00:00.000Z,Listed for sale,,,,,,,,,,,,
"3001 Wild Berry Dr, Benton, AR 72015",3001 Wild Berry Dr,Benton,AR,72015,,forRent,3,1486,,1725,27,https://www.zillow.com/homedetails/3001-Wild-Berry-Dr-Benton-AR-72015/71716346_zpid/,,184900,2026-08-21T00:00:00.000Z,Listed for rent,2024-07-31T00:00:00.000Z,Listing removed,2024-07-05T00:00:00.000Z,Listed for rent,2023-04-21T00:00:00.000Z,Listing removed,2023-04-19T00:00:00.000Z,Listed for rent,2022-03-28T00:00:00.000Z,Listing removed,2022-03-24T00:00:00.000Z,Price change,2022-03-11T00:00:00.000Z,Listed for rent,2022-02-01T00:00:00.000Z,Sold,2022-02-01T00:00:00.000Z,Contingent,2022-01-06T00:00:00.000Z,Listed for sale,2020-08-31T00:00:00.000Z,Sold,2020-07-10T00:00:00.000Z,Listed for sale,2008-07-11T00:00:00.000Z,Sold,,,,,,,,,,,,,,,,,,,,,,,,,,,,
"5 Stoneledge Dr, Maumelle, AR 72113",5 Stoneledge Dr,Maumelle,AR,72113,,forRent,3,1755,,1850,34,https://www.zillow.com/homedetails/5-Stoneledge-Dr-Maumelle-AR-72113/326005_zpid/,,240000,2026-08-14T00:00:00.000Z,Listed for rent,2025-04-10T00:00:00.000Z,Listing removed,2025-03-28T00:00:00.000Z,Listed for rent,2025-02-06T00:00:00.000Z,Sold,2024-11-23T00:00:00.000Z,Listing removed,2024-07-30T00:00:00.000Z,Listed for rent,2015-02-24T00:00:00.000Z,Sold,,,,,,,,,,,,,,,,,,,,,,,,,,,,,,,,,,,,,,,,,,
"15 Applewood Cv, Cabot, AR 72023",15 Applewood Cv,Cabot,AR,72023,,forRent,3,1588,,1600,62,https://www.zillow.com/homedetails/15-Applewood-Cv-Cabot-AR-72023/35732370_zpid/,,226000,2026-07-17T00:00:00.000Z,Listed for rent,2024-05-04T00:00:00.000Z,Listing removed,2024-04-27T00:00:00.000Z,Listed for rent,2024-04-19T00:00:00.000Z,Sold,2024-03-14T00:00:00.000Z,Listed for sale,2022-10-31T00:00:00.000Z,Sold,2022-08-02T00:00:00.000Z,Listed for sale,2019-10-28T00:00:00.000Z,Sold,2019-09-18T00:00:00.000Z,Listed for sale,2014-01-02T00:00:00.000Z,Sold,2013-11-23T00:00:00.000Z,Price change,2013-10-17T00:00:00.000Z,Price change,2013-09-20T00:00:00.000Z,Listed for sale,2012-03-08T00:00:00.000Z,Listing removed,2011-09-23T00:00:00.000Z,Listed for sale,2011-05-07T00:00:00.000Z,Listing removed,2011-01-23T00:00:00.000Z,Listed for sale,,,,,,,,,,,,,,,,,,,,,,
"5399 Heritage Valley Dr, Benton, AR 72019",5399 Heritage Valley Dr,Benton,AR,72019,,forRent,4,1790,,1800,52,https://www.zillow.com/homedetails/5399-Heritage-Valley-Dr-Benton-AR-72019/2062299989_zpid/,,245000,2026-09-10T00:00:00.000Z,Price change,2026-08-31T00:00:00.000Z,Price change,2026-07-27T00:00:00.000Z,Listed for rent,2026-07-15T00:00:00.000Z,Listing removed,2026-05-22T00:00:00.000Z,Price change,2026-04-02T00:00:00.000Z,Listed for sale,2026-04-01T00:00:00.000Z,Listing removed,2025-11-06T00:00:00.000Z,Price change,2025-10-13T00:00:00.000Z,Price change,2025-10-04T00:00:00.000Z,Listed for sale,2025-02-24T00:00:00.000Z,Sold,2025-02-05T00:00:00.000Z,Contingent,2024-11-30T00:00:00.000Z,Price change,2024-10-04T00:00:00.000Z,Price change,2024-09-29T00:00:00.000Z,Price change,2024-09-07T00:00:00.000Z,Listed for sale,2022-08-29T00:00:00.000Z,Sold,,,,,,,,,,,,,,,,,,,,,,
"227 Iris St, Haskell, AR 72015",227 Iris St,Haskell,AR,72015,,forRent,3,1420,,1675,52,https://www.zillow.com/homedetails/227-Iris-St-Haskell-AR-72015/2060765172_zpid/,,195000,2026-09-10T00:00:00.000Z,Price change,2026-08-27T00:00:00.000Z,Price change,2026-07-27T00:00:00.000Z,Listed for rent,2023-02-16T00:00:00.000Z,Listing removed,2023-02-08T00:00:00.000Z,Price change,2023-01-26T00:00:00.000Z,Price change,2022-12-09T00:00:00.000Z,Listed for rent,2022-11-10T00:00:00.000Z,Sold,,,,,,,,,,,,,,,,,,,,,,,,,,,,,,,,,,,,,,,,
"16 Mustang Dr, Cabot, AR 72023",16 Mustang Dr,Cabot,AR,72023,,forRent,3,1494,,1450,41,https://www.zillow.com/homedetails/16-Mustang-Dr-Cabot-AR-72023/63160974_zpid/,,2988,2026-08-07T00:00:00.000Z,Listed for rent,2020-02-08T00:00:00.000Z,Listing removed,2020-01-25T00:00:00.000Z,Listed for rent,2018-12-12T00:00:00.000Z,Listing removed,2018-11-14T00:00:00.000Z,Listed for rent,2012-08-23T00:00:00.000Z,Sold,2004-02-25T00:00:00.000Z,Sold,,,,,,,,,,,,,,,,,,,,,,,,,,,,,,,,,,,,,,,,,,
"1155 Jackson Rd, Ward, AR 72176",1155 Jackson Rd,Ward,AR,72176,,forRent,3,1280,,1300,7,https://www.zillow.com/homedetails/1155-Jackson-Rd-Ward-AR-72176/99441054_zpid/,,,2026-09-10T00:00:00.000Z,Listed for rent,2026-03-18T00:00:00.000Z,Listing removed,2026-03-13T00:00:00.000Z,Price change,2026-02-24T00:00:00.000Z,Listed for rent,2026-01-12T00:00:00.000Z,Listing removed,2025-11-14T00:00:00.000Z,Price change,2025-10-06T00:00:00.000Z,Price change,2025-01-16T00:00:00.000Z,Listed for rent,2015-10-08T00:00:00.000Z,Listing removed,2015-09-18T00:00:00.000Z,Listed for rent,,,,,,,,,,,,,,,,,,,,,,,,,,,,,,,,,,,,
"104 Herald Pl, Cabot, AR 72023",104 Herald Pl,Cabot,AR,72023,,forRent,3,1232,,1095,45,https://www.zillow.com/homedetails/104-Herald-Pl-Cabot-AR-72023/252206_zpid/,,155000,2026-08-03T00:00:00.000Z,Listed for rent,2024-11-23T00:00:00.000Z,Listing removed,2024-11-14T00:00:00.000Z,Listed for rent,2023-12-28T00:00:00.000Z,Listing removed,2023-11-10T00:00:00.000Z,Price change,2023-10-18T00:00:00.000Z,Listed for rent,2022-04-09T00:00:00.000Z,Listing removed,2022-02-16T00:00:00.000Z,Listed for rent,2019-06-20T00:00:00.000Z,Listing removed,2019-05-08T00:00:00.000Z,Listed for rent,2018-08-24T00:00:00.000Z,Listing removed,2018-08-16T00:00:00.000Z,Price change,2018-08-01T00:00:00.000Z,Listed for rent,2017-12-07T00:00:00.000Z,Listing removed,2017-10-14T00:00:00.000Z,Listed for rent,2013-01-30T00:00:00.000Z,Sold,2008-01-10T00:00:00.000Z,Sold,1988-08-30T00:00:00.000Z,Sold,,,,,,,,,,,,,,,,,,,,
"125 Old Red Rd, Ward, AR 72176",125 Old Red Rd,Ward,AR,72176,,forRent,3,1280,,1000,14,https://www.zillow.com/homedetails/125-Old-Red-Rd-Ward-AR-72176/99434787_zpid/,,,2026-09-03T00:00:00.000Z,Listed for rent,2026-06-01T00:00:00.000Z,Listing removed,2026-05-19T00:00:00.000Z,Listed for rent,2026-04-20T00:00:00.000Z,Listing removed,2026-03-26T00:00:00.000Z,Listed for rent,2025-10-29T00:00:00.000Z,Listing removed,2025-10-06T00:00:00.000Z,Price change,2025-01-16T00:00:00.000Z,Listed for rent,2021-03-24T00:00:00.000Z,Listing removed,2018-02-28T00:00:00.000Z,Listing removed,2018-02-26T00:00:00.000Z,Listed for rent,,,,,,,,,,,,,,,,,,,,,,,,,,,,,,,,,,
"127 Rolling Oaks Dr, Maumelle, AR 72113",127 Rolling Oaks Dr,Maumelle,AR,72113,,forRent,3,1240,,1475,17,https://www.zillow.com/homedetails/127-Rolling-Oaks-Dr-Maumelle-AR-72113/326438_zpid/,,79500,2026-08-31T00:00:00.000Z,Listed for rent,2024-06-10T00:00:00.000Z,Listing removed,2024-06-07T00:00:00.000Z,Listed for rent,2024-06-06T00:00:00.000Z,Listing removed,2024-06-05T00:00:00.000Z,Listed for rent,2019-10-17T00:00:00.000Z,Listing removed,2019-10-01T00:00:00.000Z,Listed for rent,2015-09-28T00:00:00.000Z,Listing removed,2015-07-30T00:00:00.000Z,Listed for rent,2014-05-01T00:00:00.000Z,Sold,2009-07-14T00:00:00.000Z,Sold,2009-03-20T00:00:00.000Z,Sold,2000-08-25T00:00:00.000Z,Sold,1999-01-05T00:00:00.000Z,Sold,,,,,,,,,,,,,,,,,,,,,,,,,,,,
"3264 Sidell Estates Dr, Benton, AR 72015",3264 Sidell Estates Dr,Benton,AR,72015,,forRent,4,1652,,1795,34,https://www.zillow.com/homedetails/3264-Sidell-Estates-Dr-Benton-AR-72015/2063496322_zpid/,,,2026-08-14T00:00:00.000Z,Listed for rent,2022-07-02T00:00:00.000Z,Listing removed,2022-06-10T00:00:00.000Z,Price change,2022-04-28T00:00:00.000Z,Listed for sale,,,,,,,,,,,,,,,,,,,,,,,,,,,,,,,,,,,,,,,,,,,,,,,,
"1609 Moon Rd, Ward, AR 72176",1609 Moon Rd,Ward,AR,72176,,forRent,3,1026,,1095,17,https://www.zillow.com/homedetails/1609-Moon-Rd-Ward-AR-72176/99444948_zpid/,,125000,2026-08-31T00:00:00.000Z,Listed for rent,2024-05-16T00:00:00.000Z,Listing removed,2024-05-09T00:00:00.000Z,Listed for rent,2021-10-19T00:00:00.000Z,Sold,2021-09-23T00:00:00.000Z,Pending sale,2021-09-23T00:00:00.000Z,Contingent,2021-09-20T00:00:00.000Z,Listed for sale,2017-10-19T00:00:00.000Z,Sold,2017-07-13T00:00:00.000Z,Listed for sale,2011-10-22T00:00:00.000Z,Listing removed,2011-05-29T00:00:00.000Z,Price change,2011-05-07T00:00:00.000Z,Listed for sale,,,,,,,,,,,,,,,,,,,,,,,,,,,,,,,,
"14457 Skyline Dr, Alexander, AR 72002",14457 Skyline Dr,Alexander,AR,72002,,forRent,3,1974,,1950,3,https://www.zillow.com/homedetails/14457-Skyline-Dr-Alexander-AR-72002/120792053_zpid/,,210000,2026-09-15T00:00:00.000Z,Listed for rent,2021-11-05T00:00:00.000Z,Sold,2015-12-17T00:00:00.000Z,Sold,,,,,,,,,,,,,,,,,,,,,,,,,,,,,,,,,,,,,,,,,,,,,,,,,,
"5096 Woodstream Dr, Alexander, AR 72002",5096 Woodstream Dr,Alexander,AR,72002,,forRent,3,1594,,2600,13,https://www.zillow.com/homedetails/5096-Woodstream-Dr-Alexander-AR-72002/2077881150_zpid/,,180150,2026-09-05T00:00:00.000Z,Listed for rent,2024-10-14T00:00:00.000Z,Listing removed,2023-08-19T00:00:00.000Z,Listing removed,2023-07-23T00:00:00.000Z,Listed for rent,2023-03-09T00:00:00.000Z,Listing removed,2023-02-12T00:00:00.000Z,Listed for rent,2021-03-10T00:00:00.000Z,Sold,2020-10-02T00:00:00.000Z,Price change,2020-09-12T00:00:00.000Z,Listed for sale,,,,,,,,,,,,,,,,,,,,,,,,,,,,,,,,,,,,,,
"4340 Sloan Dr, Alexander, AR 72002",4340 Sloan Dr,Alexander,AR,72002,,forRent,4,1850,,2140,54,https://www.zillow.com/homedetails/4340-Sloan-Dr-Alexander-AR-72002/442183331_zpid/,,267480,2026-08-09T00:00:00.000Z,Listed for rent,2026-07-28T00:00:00.000Z,Listing removed,2026-07-25T00:00:00.000Z,Listed for rent,2026-07-08T00:00:00.000Z,Listing removed,2026-06-20T00:00:00.000Z,Listed for rent,2025-08-06T00:00:00.000Z,Listing removed,2025-07-11T00:00:00.000Z,Listed for rent,2025-03-25T00:00:00.000Z,Sold,2025-02-10T00:00:00.000Z,Contingent,2025-01-17T00:00:00.000Z,Price change,2025-01-16T00:00:00.000Z,Price change,2024-10-30T00:00:00.000Z,Listed for sale,,,,,,,,,,,,,,,,,,,,,,,,,,,,,,,,
"103 E Scott St, Carlisle, AR 72024",103 E Scott St,Carlisle,AR,72024,,forRent,3,1556,,1250,5,https://www.zillow.com/homedetails/103-E-Scott-St-Carlisle-AR-72024/258138_zpid/,,75000,2026-09-13T00:00:00.000Z,Price change,2026-08-09T00:00:00.000Z,Listed for rent,2025-05-14T00:00:00.000Z,Sold,2025-03-28T00:00:00.000Z,Sold,2024-12-02T00:00:00.000Z,Listed for sale,2014-01-15T00:00:00.000Z,Sold,2013-07-17T00:00:00.000Z,Sold,2013-06-26T00:00:00.000Z,Price change,2013-05-17T00:00:00.000Z,Price change,2013-02-20T00:00:00.000Z,Price change,2013-01-27T00:00:00.000Z,Listed for sale,,,,,,,,,,,,,,,,,,,,,,,,,,,,,,,,,,
"34 Woodhaven Dr, Cabot, AR 72023",34 Woodhaven Dr,Cabot,AR,72023,,forRent,3,1305,,1595,42,https://www.zillow.com/homedetails/34-Woodhaven-Dr-Cabot-AR-72023/338206710_zpid/,,165000,2026-09-12T00:00:00.000Z,Price change,2026-08-07T00:00:00.000Z,Listed for rent,2025-04-03T00:00:00.000Z,Listing removed,2025-03-15T00:00:00.000Z,Price change,2025-02-13T00:00:00.000Z,Price change,2025-02-11T00:00:00.000Z,Listed for rent,2020-11-30T00:00:00.000Z,Sold,2020-10-19T00:00:00.000Z,Sold,,,,,,,,,,,,,,,,,,,,,,,,,,,,,,,,,,,,,,,,
"2114 Richland Park Dr, Bryant, AR 72022",2114 Richland Park Dr,Bryant,AR,72022,,forRent,3,1595,,1575,9,https://www.zillow.com/homedetails/2114-Richland-Park-Dr-Bryant-AR-72022/71716425_zpid/,,5656,2026-09-08T00:00:00.000Z,Listed for rent,2025-07-05T00:00:00.000Z,Listing removed,2025-07-04T00:00:00.000Z,Listed for rent,2025-07-04T00:00:00.000Z,Listing removed,2025-07-02T00:00:00.000Z,Listed for rent,2023-05-02T00:00:00.000Z,Listing removed,2023-04-19T00:00:00.000Z,Listed for rent,2022-11-16T00:00:00.000Z,Listing removed,2022-06-26T00:00:00.000Z,Listed for rent,2019-04-06T00:00:00.000Z,Listing removed,2019-03-16T00:00:00.000Z,Listed for rent,2012-08-23T00:00:00.000Z,Sold,,,,,,,,,,,,,,,,,,,,,,,,,,,,,,,,
"22 Kirkland St, Ward, AR 72176",22 Kirkland St,Ward,AR,72176,,forRent,3,1185,,1350,16,https://www.zillow.com/homedetails/22-Kirkland-St-Ward-AR-72176/261280_zpid/,,84000,2026-07-15T00:00:00.000Z,Listed for rent,2026-06-16T00:00:00.000Z,Sold,2026-06-14T00:00:00.000Z,Contingent,2026-06-02T00:00:00.000Z,Price change,2026-05-28T00:00:00.000Z,Listed for sale,2014-10-30T00:00:00.000Z,Sold,,,,,,,,,,,,,,,,,,,,,,,,,,,,,,,,,,,,,,,,,,,,
"13757 Cedar Glen Cv, Alexander, AR 72002",13757 Cedar Glen Cv,Alexander,AR,72002,,forRent,3,1408,,1575,22,https://www.zillow.com/homedetails/13757-Cedar-Glen-Cv-Alexander-AR-72002/92432562_zpid/,,124900,2026-08-26T00:00:00.000Z,Listed for rent,2017-02-19T00:00:00.000Z,Listing removed,2017-01-26T00:00:00.000Z,Listed for rent,2007-07-18T00:00:00.000Z,Sold,2007-01-31T00:00:00.000Z,Sold,,,,,,,,,,,,,,,,,,,,,,,,,,,,,,,,,,,,,,,,,,,,,,
"53 Dunnaway Dr, Austin, AR 72007",53 Dunnaway Dr,Austin,AR,72007,,forRent,3,1403,,1375,64,https://www.zillow.com/homedetails/53-Dunnaway-Dr-Austin-AR-72007/2056813469_zpid/,,195000,2026-09-13T00:00:00.000Z,Price change,2026-09-04T00:00:00.000Z,Price change,2026-08-25T00:00:00.000Z,Price change,2026-07-16T00:00:00.000Z,Listed for rent,2025-09-03T00:00:00.000Z,Listing removed,2025-09-02T00:00:00.000Z,Listing removed,2025-07-29T00:00:00.000Z,Listed for rent,2025-06-14T00:00:00.000Z,Listed for sale,2023-10-13T00:00:00.000Z,Sold,2023-09-06T00:00:00.000Z,Contingent,2023-07-15T00:00:00.000Z,Listed for sale,,,,,,,,,,,,,,,,,,,,,,,,,,,,,,,,,,
"22930 Sam Tillery Dr, Alexander, AR 72002",22930 Sam Tillery Dr,Alexander,AR,72002,,forRent,4,1640,,2000,24,https://www.zillow.com/homedetails/22930-Sam-Tillery-Dr-Alexander-AR-72002/464786376_zpid/,,,2026-09-10T00:00:00.000Z,Price change,2026-09-08T00:00:00.000Z,Price change,2026-08-24T00:00:00.000Z,Listed for rent,,,,,,,,,,,,,,,,,,,,,,,,,,,,,,,,,,,,,,,,,,,,,,,,,,
"140 Dolphin Rd, Humnoke, AR 72072",140 Dolphin Rd,Humnoke,AR,72072,,forRent,3,1577,,900,1,https://www.zillow.com/homedetails/140-Dolphin-Rd-Humnoke-AR-72072/2077399951_zpid/,,,2026-09-17T00:00:00.000Z,Listed for rent,2026-06-01T00:00:00.000Z,Listing removed,2026-03-04T00:00:00.000Z,Listed for rent,2025-09-10T00:00:00.000Z,Listing removed,2025-08-12T00:00:00.000Z,Listed for rent,2023-08-28T00:00:00.000Z,Listing removed,2023-08-14T00:00:00.000Z,Listed for rent,2023-08-04T00:00:00.000Z,Listing removed,2023-06-20T00:00:00.000Z,Listed for rent,2022-07-10T00:00:00.000Z,Listing removed,2022-07-01T00:00:00.000Z,Price change,2022-06-25T00:00:00.000Z,Listed for rent,2020-10-29T00:00:00.000Z,Listing removed,2020-10-22T00:00:00.000Z,Listed for rent,,,,,,,,,,,,,,,,,,,,,,,,,,,,
"203 Lynn Ln, Lonoke, AR 72086",203 Lynn Ln,Lonoke,AR,72086,,forRent,3,1200,,1195,94,https://www.zillow.com/homedetails/203-Lynn-Ln-Lonoke-AR-72086/260453_zpid/,,105000,2026-09-02T00:00:00.000Z,Price change,2026-06-30T00:00:00.000Z,Price change,2026-06-15T00:00:00.000Z,Listed for rent,2026-06-01T00:00:00.000Z,Listing removed,2026-05-14T00:00:00.000Z,Listed for rent,2022-05-19T00:00:00.000Z,Sold,2022-05-13T00:00:00.000Z,Contingent,2022-05-05T00:00:00.000Z,Listed for sale,2014-05-30T00:00:00.000Z,Sold,2014-02-20T00:00:00.000Z,Sold,2014-01-11T00:00:00.000Z,Listed for sale,,,,,,,,,,,,,,,,,,,,,,,,,,,,,,,,,,
"454 Maple Tree Cv, Lonoke, AR 72086",454 Maple Tree Cv,Lonoke,AR,72086,,forRent,3,1344,,1400,3,https://www.zillow.com/homedetails/454-Maple-Tree-Cv-Lonoke-AR-72086/67448696_zpid/,,,2026-09-14T00:00:00.000Z,Listed for rent,,,,,,,,,,,,,,,,,,,,,,,,,,,,,,,,,,,,,,,,,,,,,,,,,,,,,,
"313 S Neeley St, Benton, AR 72015",313 S Neeley St,Benton,AR,72015,,forRent,3,1800,,1595,31,https://www.zillow.com/homedetails/313-S-Neeley-St-Benton-AR-72015/2067919637_zpid/,,205000,2026-09-10T00:00:00.000Z,Price change,2026-08-17T00:00:00.000Z,Listed for rent,2025-09-14T00:00:00.000Z,Listing removed,2025-09-02T00:00:00.000Z,Listed for rent,2023-02-17T00:00:00.000Z,Listing removed,2023-01-29T00:00:00.000Z,Listed for rent,2021-11-03T00:00:00.000Z,Listing removed,2021-10-25T00:00:00.000Z,Price change,2021-10-19T00:00:00.000Z,Price change,2021-10-12T00:00:00.000Z,Listed for rent,2021-08-20T00:00:00.000Z,Sold,,,,,,,,,,,,,,,,,,,,,,,,,,,,,,,,,,
"263 Lake Valley Dr, Maumelle, AR 72113",263 Lake Valley Dr,Maumelle,AR,72113,,forRent,5,3100,,2600,20,https://www.zillow.com/homedetails/263-Lake-Valley-Dr-Maumelle-AR-72113/89031838_zpid/,,308200,2026-08-28T00:00:00.000Z,Listed for rent,2025-08-11T00:00:00.000Z,Listing removed,2025-07-23T00:00:00.000Z,Price change,2025-07-05T00:00:00.000Z,Listed for rent,2024-09-12T00:00:00.000Z,Listing removed,2024-08-20T00:00:00.000Z,Listed for rent,2024-08-14T00:00:00.000Z,Listing removed,2024-08-12T00:00:00.000Z,Listed for rent,2023-06-29T00:00:00.000Z,Listing removed,2023-06-08T00:00:00.000Z,Listed for rent,2019-09-12T00:00:00.000Z,Sold,2019-08-27T00:00:00.000Z,Pending sale,2019-08-02T00:00:00.000Z,Price change,2019-07-11T00:00:00.000Z,Price change,2019-06-07T00:00:00.000Z,Price change,2019-05-23T00:00:00.000Z,Price change,2019-04-25T00:00:00.000Z,Price change,2019-04-11T00:00:00.000Z,Price change,2019-03-27T00:00:00.000Z,Price change,2019-03-06T00:00:00.000Z,Price change,2019-02-07T00:00:00.000Z,Price change,2019-01-16T00:00:00.000Z,Price change,2018-12-17T00:00:00.000Z,Listed for sale,2018-10-23T00:00:00.000Z,Listing removed,2013-04-17T00:00:00.000Z,Sold,2010-03-01T00:00:00.000Z,Sold,2008-08-04T00:00:00.000Z,Sold,2008-03-04T00:00:00.000Z,Sold
"17 Farrah St, Ward, AR 72176",17 Farrah St,Ward,AR,72176,,forRent,3,1563,,1250,100,https://www.zillow.com/homedetails/17-Farrah-St-Ward-AR-72176/52495486_zpid/,,,2026-06-09T00:00:00.000Z,Listed for rent,2025-05-24T00:00:00.000Z,Listing removed,2025-05-06T00:00:00.000Z,Price change,2025-04-20T00:00:00.000Z,Listed for rent,2017-02-23T00:00:00.000Z,Listing removed,2017-02-17T00:00:00.000Z,Listed for rent,2014-02-28T00:00:00.000Z,Listing removed,2014-02-05T00:00:00.000Z,Price change,2014-01-29T00:00:00.000Z,Price change,2013-12-14T00:00:00.000Z,Price change,2013-11-30T00:00:00.000Z,Listed for sale,2013-10-25T00:00:00.000Z,Listing removed,2013-09-19T00:00:00.000Z,Price change,2013-09-18T00:00:00.000Z,Price change,2013-06-29T00:00:00.000Z,Listed for sale,,,,,,,,,,,,,,,,,,,,,,,,,,
"26 Alexis Dr, Cabot, AR 72023",26 Alexis Dr,Cabot,AR,72023,,forRent,3,1288,,1425,15,https://www.zillow.com/homedetails/26-Alexis-Dr-Cabot-AR-72023/255240_zpid/,,152900,2026-08-11T00:00:00.000Z,Price change,2026-07-29T00:00:00.000Z,Price change,2026-07-14T00:00:00.000Z,Listed for rent,2023-05-31T00:00:00.000Z,Listing removed,2023-05-17T00:00:00.000Z,Listed for rent,2023-03-10T00:00:00.000Z,Sold,2023-02-09T00:00:00.000Z,Contingent,2023-02-07T00:00:00.000Z,Listed for sale,2014-11-14T00:00:00.000Z,Sold,,,,,,,,,,,,,,,,,,,,,,,,,,,,,,,,,,,,,,
"6587 Westminster, Benton, AR 72019",6587 Westminster,Benton,AR,72019,,forRent,4,3650,,3558,52,https://www.zillow.com/homedetails/6587-Westminster-Benton-AR-72019/120554683_zpid/,,555000,2026-09-17T00:00:00.000Z,Price change,2026-09-02T00:00:00.000Z,Price change,2026-08-25T00:00:00.000Z,Price change,2026-07-27T00:00:00.000Z,Listed for rent,2025-06-03T00:00:00.000Z,Listing removed,2025-05-23T00:00:00.000Z,Listed for rent,2025-05-21T00:00:00.000Z,Listing removed,2025-05-04T00:00:00.000Z,Listed for rent,2024-02-14T00:00:00.000Z,Listing removed,2024-01-31T00:00:00.000Z,Price change,2024-01-05T00:00:00.000Z,Price change,2023-12-15T00:00:00.000Z,Price change,2023-11-29T00:00:00.000Z,Listed for rent,2022-06-07T00:00:00.000Z,Listing removed,2022-06-03T00:00:00.000Z,Price change,2022-06-02T00:00:00.000Z,Listed for rent,2022-05-25T00:00:00.000Z,Listing removed,2022-05-20T00:00:00.000Z,Price change,2022-05-09T00:00:00.000Z,Listed for rent,2022-04-29T00:00:00.000Z,Listing removed,2022-04-04T00:00:00.000Z,Listed for rent,2021-12-28T00:00:00.000Z,Listing removed,2021-11-28T00:00:00.000Z,Listed for rent,2021-07-07T00:00:00.000Z,Sold,2021-06-01T00:00:00.000Z,Contingent,2021-05-28T00:00:00.000Z,Listed for sale,2015-02-03T00:00:00.000Z,Sold,,
"6634 Hollywood Ave, Benton, AR 72019",6634 Hollywood Ave,Benton,AR,72019,,forRent,3,1051,,1195,9,https://www.zillow.com/homedetails/6634-Hollywood-Ave-Benton-AR-72019/459936342_zpid/,,,2026-09-09T00:00:00.000Z,Listed for rent,2026-08-14T00:00:00.000Z,Listing removed,2026-06-25T00:00:00.000Z,Price change,2026-06-17T00:00:00.000Z,Price change,2026-06-08T00:00:00.000Z,Price change,2026-05-28T00:00:00.000Z,Price change,2026-05-07T00:00:00.000Z,Price change,2026-05-06T00:00:00.000Z,Price change,2026-05-05T00:00:00.000Z,Price change,2026-05-02T00:00:00.000Z,Listed for sale,2026-04-23T00:00:00.000Z,Contingent,2026-03-31T00:00:00.000Z,Price change,2026-03-18T00:00:00.000Z,Price change,2026-03-03T00:00:00.000Z,Price change,2026-02-14T00:00:00.000Z,Price change,2026-02-03T00:00:00.000Z,Price change,2026-01-23T00:00:00.000Z,Listed for sale,,,,,,,,,,,,,,,,,,,,,,
"14611 Parkway Meadows Dr, Alexander, AR 72002",14611 Parkway Meadows Dr,Alexander,AR,72002,,forRent,3,1500,,1625,0,https://www.zillow.com/homedetails/14611-Parkway-Meadows-Dr-Alexander-AR-72002/112089546_zpid/,,192000,2026-09-17T00:00:00.000Z,Listed for rent,2025-09-08T00:00:00.000Z,Listing removed,2025-08-28T00:00:00.000Z,Listed for rent,2024-09-13T00:00:00.000Z,Listing removed,2024-08-05T00:00:00.000Z,Listed for rent,2024-07-24T00:00:00.000Z,Listing removed,2024-06-28T00:00:00.000Z,Listed for rent,2022-05-19T00:00:00.000Z,Listing removed,2022-05-04T00:00:00.000Z,Price change,2022-04-15T00:00:00.000Z,Listed for rent,2022-03-09T00:00:00.000Z,Sold,2022-02-17T00:00:00.000Z,Contingent,2022-02-15T00:00:00.000Z,Listed for sale,2019-11-19T00:00:00.000Z,Sold,2019-09-16T00:00:00.000Z,Price change,2019-08-19T00:00:00.000Z,Listed for sale,2013-07-11T00:00:00.000Z,Sold,2013-03-06T00:00:00.000Z,Price change,2013-01-31T00:00:00.000Z,Price change,2013-01-19T00:00:00.000Z,Listed for sale,2010-04-21T00:00:00.000Z,Sold,,,,,,,,,,,,,,
"72 Branchwood Ln, Austin, AR 72007",72 Branchwood Ln,Austin,AR,72007,,forRent,3,1216,,1200,21,https://www.zillow.com/homedetails/72-Branchwood-Ln-Austin-AR-72007/252707_zpid/,,1710000,2026-08-27T00:00:00.000Z,Price change,2022-12-04T00:00:00.000Z,Listed for rent,2021-02-23T00:00:00.000Z,Listing removed,2020-08-27T00:00:00.000Z,Listing removed,2020-08-03T00:00:00.000Z,Listed for rent,2019-06-08T00:00:00.000Z,Listing removed,2019-06-05T00:00:00.000Z,Listed for rent,2018-11-12T00:00:00.000Z,Listing removed,2018-11-09T00:00:00.000Z,Listed for rent,2015-01-30T00:00:00.000Z,Sold,2009-07-17T00:00:00.000Z,Sold,,,,,,,,,,,,,,,,,,,,,,,,,,,,,,,,,,
"120 Suda St, Cabot, AR 72023",120 Suda St,Cabot,AR,72023,,forRent,3,1008,,995,153,https://www.zillow.com/homedetails/120-Suda-St-Cabot-AR-72023/213595966_zpid/,,120000,2026-09-04T00:00:00.000Z,Price change,2026-06-17T00:00:00.000Z,Price change,2026-05-05T00:00:00.000Z,Price change,2026-04-18T00:00:00.000Z,Listed for rent,2024-08-02T00:00:00.000Z,Sold,2024-07-23T00:00:00.000Z,Listing removed,2024-07-04T00:00:00.000Z,Listed for rent,2024-06-25T00:00:00.000Z,Listed for sale,2024-05-20T00:00:00.000Z,Contingent,2024-05-03T00:00:00.000Z,Listed for sale,2023-10-26T00:00:00.000Z,Listing removed,2023-10-21T00:00:00.000Z,Listed for rent,2021-03-24T00:00:00.000Z,Listing removed,2018-04-27T00:00:00.000Z,Listing removed,2018-04-17T00:00:00.000Z,Listed for rent,,,,,,,,,,,,,,,,,,,,,,,,,,
"905 Pheasant Cv, Benton, AR 72019",905 Pheasant Cv,Benton,AR,72019,,forRent,3,1415,,1595,14,https://www.zillow.com/homedetails/905-Pheasant-Cv-Benton-AR-72019/385747_zpid/,,158000,2026-09-03T00:00:00.000Z,Listed for rent,2022-05-16T00:00:00.000Z,Listing removed,2022-04-20T00:00:00.000Z,Price change,2022-04-14T00:00:00.000Z,Price change,2022-04-06T00:00:00.000Z,Price change,2022-03-22T00:00:00.000Z,Listed for rent,2022-02-01T00:00:00.000Z,Sold,2022-01-21T00:00:00.000Z,Contingent,2022-01-19T00:00:00.000Z,Listed for sale,,,,,,,,,,,,,,,,,,,,,,,,,,,,,,,,,,,,,,
"13808 Cherry Hill Dr, Alexander, AR 72002",13808 Cherry Hill Dr,Alexander,AR,72002,,forRent,3,1247,,1550,1,https://www.zillow.com/homedetails/13808-Cherry-Hill-Dr-Alexander-AR-72002/49814136_zpid/,,91000,2026-09-17T00:00:00.000Z,Listed for rent,2008-05-22T00:00:00.000Z,Sold,2007-01-05T00:00:00.000Z,Sold,,,,,,,,,,,,,,,,,,,,,,,,,,,,,,,,,,,,,,,,,,,,,,,,,,
"2705 Timbermist Cir, Benton, AR 72015",2705 Timbermist Cir,Benton,AR,72015,,forRent,3,1200,,1575,0,https://www.zillow.com/homedetails/2705-Timbermist-Cir-Benton-AR-72015/386796_zpid/,,151000,2026-09-17T00:00:00.000Z,Listed for rent,2025-09-02T00:00:00.000Z,Listing removed,2025-08-27T00:00:00.000Z,Price change,2025-08-14T00:00:00.000Z,Price change,2025-06-30T00:00:00.000Z,Listed for rent,2022-08-30T00:00:00.000Z,Listing removed,2022-08-24T00:00:00.000Z,Listed for rent,2021-08-09T00:00:00.000Z,Listing removed,2021-08-05T00:00:00.000Z,Listed for rent,2021-07-07T00:00:00.000Z,Sold,2021-07-07T00:00:00.000Z,Contingent,2021-06-05T00:00:00.000Z,Listed for sale,2021-03-24T00:00:00.000Z,Listing removed,2018-12-27T00:00:00.000Z,Listing removed,2018-09-29T00:00:00.000Z,Listed for sale,2008-06-20T00:00:00.000Z,Sold,,,,,,,,,,,,,,,,,,,,,,,,
"3006 Hilldale Rd, Alexander, AR 72002",3006 Hilldale Rd,Alexander,AR,72002,,forRent,3,1960,,1695,14,https://www.zillow.com/homedetails/3006-Hilldale-Rd-Alexander-AR-72002/368446_zpid/,,210000,2026-09-17T00:00:00.000Z,Price change,2026-08-27T00:00:00.000Z,Price change,2026-08-12T00:00:00.000Z,Price change,2026-07-29T00:00:00.000Z,Price change,2026-06-09T00:00:00.000Z,Listed for rent,2025-05-30T00:00:00.000Z,Listing removed,2025-04-23T00:00:00.000Z,Price change,2025-03-15T00:00:00.000Z,Listed for rent,2024-11-06T00:00:00.000Z,Listing removed,2024-10-24T00:00:00.000Z,Price change,2024-10-16T00:00:00.000Z,Price change,2024-10-10T00:00:00.000Z,Listed for rent,2024-10-01T00:00:00.000Z,Listing removed,2024-09-25T00:00:00.000Z,Price change,2024-09-24T00:00:00.000Z,Listed for rent,2024-05-21T00:00:00.000Z,Listing removed,2024-05-13T00:00:00.000Z,Price change,2024-05-10T00:00:00.000Z,Price change,2024-05-09T00:00:00.000Z,Price change,2024-05-02T00:00:00.000Z,Price change,2024-05-01T00:00:00.000Z,Price change,2024-04-25T00:00:00.000Z,Price change,2024-04-02T00:00:00.000Z,Listed for rent,2024-01-08T00:00:00.000Z,Listing removed,2023-10-01T00:00:00.000Z,Listed for sale,2021-06-21T00:00:00.000Z,Sold,2017-02-15T00:00:00.000Z,Sold,,
"54 Magnolia Dr, Cabot, AR 72023",54 Magnolia Dr,Cabot,AR,72023,,forRent,3,1394,,1350,62,https://www.zillow.com/homedetails/54-Magnolia-Dr-Cabot-AR-72023/60314948_zpid/,,117000,2026-09-15T00:00:00.000Z,Price change,2026-07-17T00:00:00.000Z,Listed for rent,2025-09-24T00:00:00.000Z,Listing removed,2025-09-04T00:00:00.000Z,Listed for rent,2024-08-02T00:00:00.000Z,Listing removed,2024-07-20T00:00:00.000Z,Price change,2024-06-25T00:00:00.000Z,Listed for rent,2023-06-25T00:00:00.000Z,Listing removed,2023-06-02T00:00:00.000Z,Listed for rent,2021-12-27T00:00:00.000Z,Listing removed,2021-12-19T00:00:00.000Z,Listed for rent,2013-05-01T00:00:00.000Z,Listing removed,2013-04-21T00:00:00.000Z,Listed for rent,2013-04-19T00:00:00.000Z,Sold,2012-12-01T00:00:00.000Z,Price change,2012-10-15T00:00:00.000Z,Listed for sale,2011-04-01T00:00:00.000Z,Sold,2011-01-17T00:00:00.000Z,Price change,2011-01-15T00:00:00.000Z,Listed for sale,,,,,,,,,,,,,,,,,,
"17 Greenbrier Dr, Benton, AR 72015",17 Greenbrier Dr,Benton,AR,72015,,forRent,3,1460,,1545,45,https://www.zillow.com/homedetails/17-Greenbrier-Dr-Benton-AR-72015/386172_zpid/,,143000,2026-09-17T00:00:00.000Z,Price change,2026-08-27T00:00:00.000Z,Price change,2026-08-03T00:00:00.000Z,Listed for rent,2026-02-23T00:00:00.000Z,Listing removed,2026-02-19T00:00:00.000Z,Price change,2026-01-29T00:00:00.000Z,Price change,2026-01-15T00:00:00.000Z,Price change,2025-12-30T00:00:00.000Z,Price change,2025-11-24T00:00:00.000Z,Listed for rent,2024-10-01T00:00:00.000Z,Listing removed,2024-08-29T00:00:00.000Z,Listed for rent,2022-03-07T00:00:00.000Z,Listing removed,2021-12-31T00:00:00.000Z,Listed for rent,2021-11-19T00:00:00.000Z,Sold,2014-09-17T00:00:00.000Z,Listing removed,2014-07-15T00:00:00.000Z,Listed for rent,2007-07-20T00:00:00.000Z,Sold,2006-08-01T00:00:00.000Z,Sold,,,,,,,,,,,,,,,,,,,,
"16 Emerald Cir, Cabot, AR 72023",16 Emerald Cir,Cabot,AR,72023,,forRent,3,1959,,1850,64,https://www.zillow.com/homedetails/16-Emerald-Cir-Cabot-AR-72023/254439_zpid/,,3400000,2026-08-19T00:00:00.000Z,Price change,2026-07-25T00:00:00.000Z,Price change,2026-07-16T00:00:00.000Z,Listed for rent,2015-04-15T00:00:00.000Z,Sold,,,,,,,,,,,,,,,,,,,,,,,,,,,,,,,,,,,,,,,,,,,,,,,,
"414 Newcomb Cv, Benton, AR 72015",414 Newcomb Cv,Benton,AR,72015,,forRent,3,1384,,1600,62,https://www.zillow.com/homedetails/414-Newcomb-Cv-Benton-AR-72015/384931_zpid/,,65531,2026-07-17T00:00:00.000Z,Listed for rent,2010-11-30T00:00:00.000Z,Sold,2005-03-03T00:00:00.000Z,Sold,,,,,,,,,,,,,,,,,,,,,,,,,,,,,,,,,,,,,,,,,,,,,,,,,,
"1294 Ridge Rd, Benton, AR 72015",1294 Ridge Rd,Benton,AR,72015,,forRent,3,1108,,1145,11,https://www.zillow.com/homedetails/1294-Ridge-Rd-Benton-AR-72015/114182952_zpid/,,2000,2026-09-06T00:00:00.000Z,Listed for rent,2022-08-12T00:00:00.000Z,Listing removed,2022-08-01T00:00:00.000Z,Price change,2022-07-27T00:00:00.000Z,Listed for rent,2013-02-01T00:00:00.000Z,Sold,,,,,,,,,,,,,,,,,,,,,,,,,,,,,,,,,,,,,,,,,,,,,,
"1628 Rambling Brook Dr, Benton, AR 72015",1628 Rambling Brook Dr,Benton,AR,72015,,forRent,3,1216,,1850,7,https://www.zillow.com/homedetails/1628-Rambling-Brook-Dr-Benton-AR-72015/463057763_zpid/,,200900,2026-09-10T00:00:00.000Z,Listed for rent,2026-08-28T00:00:00.000Z,Sold,2026-08-05T00:00:00.000Z,Contingent,2026-07-20T00:00:00.000Z,Price change,2026-07-09T00:00:00.000Z,Price change,2026-06-09T00:00:00.000Z,Listed for sale,,,,,,,,,,,,,,,,,,,,,,,,,,,,,,,,,,,,,,,,,,,,
"8065 Chesapeake Trl, Bauxite, AR 72011",8065 Chesapeake Trl,Bauxite,AR,72011,,forRent,4,1699,,1595,9,https://www.zillow.com/homedetails/8065-Chesapeake-Trl-Bauxite-AR-72011/462191986_zpid/,,,2026-09-09T00:00:00.000Z,Listed for rent,2026-08-14T00:00:00.000Z,Listing removed,2026-08-10T00:00:00.000Z,Price change,2026-08-06T00:00:00.000Z,Price change,2026-08-04T00:00:00.000Z,Price change,2026-07-31T00:00:00.000Z,Price change,2026-07-29T00:00:00.000Z,Listed for sale,2026-07-27T00:00:00.000Z,Contingent,2026-06-25T00:00:00.000Z,Price change,2026-06-17T00:00:00.000Z,Price change,2026-05-05T00:00:00.000Z,Listed for sale,,,,,,,,,,,,,,,,,,,,,,,,,,,,,,,,,,
"3369 Garden Club Dr, Benton, AR 72022",3369 Garden Club Dr,Benton,AR,72022,,forRent,3,1305,,1700,4,https://www.zillow.com/homedetails/3369-Garden-Club-Dr-Benton-AR-72022/118174164_zpid/,,172500,2026-09-14T00:00:00.000Z,Listed for rent,2025-06-21T00:00:00.000Z,Listing removed,2025-05-20T00:00:00.000Z,Listed for rent,2025-02-04T00:00:00.000Z,Listing removed,2025-01-07T00:00:00.000Z,Listed for rent,2024-09-03T00:00:00.000Z,Listing removed,2024-08-27T00:00:00.000Z,Listed for rent,2022-08-31T00:00:00.000Z,Sold,2021-05-21T00:00:00.000Z,Sold,2018-06-22T00:00:00.000Z,Sold,,,,,,,,,,,,,,,,,,,,,,,,,,,,,,,,,,,,
"1067 Huntington Dr, Benton, AR 72019",1067 Huntington Dr,Benton,AR,72019,,forRent,4,1459,,1495,35,https://www.zillow.com/homedetails/1067-Huntington-Dr-Benton-AR-72019/2061767452_zpid/,,,2026-09-17T00:00:00.000Z,Price change,2026-08-13T00:00:00.000Z,Listed for rent,2024-11-08T00:00:00.000Z,Listing removed,2024-11-05T00:00:00.000Z,Listed for rent,2024-03-22T00:00:00.000Z,Listing removed,2024-02-27T00:00:00.000Z,Listed for rent,2023-02-14T00:00:00.000Z,Listing removed,2023-01-26T00:00:00.000Z,Listed for rent,2022-12-17T00:00:00.000Z,Listing removed,2022-12-01T00:00:00.000Z,Price change,2022-11-11T00:00:00.000Z,Price change,2022-08-26T00:00:00.000Z,Listed for sale,,,,,,,,,,,,,,,,,,,,,,,,,,,,,,,,
"5041 Red Fox Trl, Bauxite, AR 72011",5041 Red Fox Trl,Bauxite,AR,72011,,forRent,3,1200,,1550,93,https://www.zillow.com/homedetails/5041-Red-Fox-Trl-Bauxite-AR-72011/2071703035_zpid/,,191000,2026-08-25T00:00:00.000Z,Price change,2026-06-23T00:00:00.000Z,Price change,2026-06-16T00:00:00.000Z,Listed for rent,2021-09-17T00:00:00.000Z,Sold,2021-06-24T00:00:00.000Z,Pending sale,2021-06-23T00:00:00.000Z,Contingent,2021-06-04T00:00:00.000Z,Price change,2021-04-30T00:00:00.000Z,Price change,2021-04-22T00:00:00.000Z,Price change,2021-04-16T00:00:00.000Z,Price change,2021-04-14T00:00:00.000Z,Listed for sale,,,,,,,,,,,,,,,,,,,,,,,,,,,,,,,,,,
"8073 Chesapeake Trl, Bauxite, AR 72011",8073 Chesapeake Trl,Bauxite,AR,72011,,forRent,3,1442,,1495,9,https://www.zillow.com/homedetails/8073-Chesapeake-Trl-Bauxite-AR-72011/460744961_zpid/,,,2026-09-09T00:00:00.000Z,Listed for rent,2026-08-14T00:00:00.000Z,Listing removed,2026-08-13T00:00:00.000Z,Price change,2026-07-17T00:00:00.000Z,Price change,2026-07-10T00:00:00.000Z,Price change,2026-07-08T00:00:00.000Z,Listed for sale,2026-06-12T00:00:00.000Z,Contingent,2026-06-08T00:00:00.000Z,Price change,2026-04-14T00:00:00.000Z,Price change,2026-02-27T00:00:00.000Z,Listed for sale,,,,,,,,,,,,,,,,,,,,,,,,,,,,,,,,,,,,
"4326 Glenda Ln, Benton, AR 72019",4326 Glenda Ln,Benton,AR,72019,,forRent,3,1398,,1495,44,https://www.zillow.com/homedetails/4326-Glenda-Ln-Benton-AR-72019/68021994_zpid/,,157000,2026-09-17T00:00:00.000Z,Price change,2026-08-04T00:00:00.000Z,Listed for rent,2025-07-11T00:00:00.000Z,Listing removed,2025-07-01T00:00:00.000Z,Listed for rent,2025-06-26T00:00:00.000Z,Listing removed,2025-06-12T00:00:00.000Z,Price change,2025-06-04T00:00:00.000Z,Price change,2025-04-08T00:00:00.000Z,Listed for rent,2023-12-27T00:00:00.000Z,Listing removed,2023-12-19T00:00:00.000Z,Listed for rent,2023-09-04T00:00:00.000Z,Listing removed,2021-11-01T00:00:00.000Z,Listing removed,2021-10-26T00:00:00.000Z,Price change,2021-10-21T00:00:00.000Z,Price change,2021-10-04T00:00:00.000Z,Listed for rent,2021-09-03T00:00:00.000Z,Sold,2021-08-08T00:00:00.000Z,Contingent,2021-07-30T00:00:00.000Z,Listed for sale,2017-08-31T00:00:00.000Z,Sold,2017-07-28T00:00:00.000Z,Price change,2017-06-22T00:00:00.000Z,Listed for sale,2005-06-10T00:00:00.000Z,Sold,,,,,,,,,,,,
"8056 Chesapeake Trl, Bauxite, AR 72011",8056 Chesapeake Trl,Bauxite,AR,72011,,forRent,3,1651,,1545,9,https://www.zillow.com/homedetails/8056-Chesapeake-Trl-Bauxite-AR-72011/457082351_zpid/,,,2026-09-09T00:00:00.000Z,Listed for rent,2026-08-14T00:00:00.000Z,Listing removed,2026-08-10T00:00:00.000Z,Price change,2026-07-17T00:00:00.000Z,Price change,2026-07-06T00:00:00.000Z,Price change,2026-06-25T00:00:00.000Z,Price change,2026-05-19T00:00:00.000Z,Price change,2026-05-05T00:00:00.000Z,Listed for sale,2025-10-02T00:00:00.000Z,Listing removed,2025-09-30T00:00:00.000Z,Listed for sale,,,,,,,,,,,,,,,,,,,,,,,,,,,,,,,,,,,,
"8072 Chesapeake Trl, Bauxite, AR 72011",8072 Chesapeake Trl,Bauxite,AR,72011,,forRent,4,1492,,1650,6,https://www.zillow.com/homedetails/8072-Chesapeake-Trl-Bauxite-AR-72011/457082278_zpid/,,208600,2026-09-12T00:00:00.000Z,Listed for rent,2026-07-30T00:00:00.000Z,Sold,2026-07-09T00:00:00.000Z,Contingent,2026-07-06T00:00:00.000Z,Price change,2026-06-25T00:00:00.000Z,Price change,2026-06-08T00:00:00.000Z,Price change,2026-04-11T00:00:00.000Z,Price change,2026-04-03T00:00:00.000Z,Price change,2026-03-31T00:00:00.000Z,Price change,2026-03-18T00:00:00.000Z,Price change,2026-03-16T00:00:00.000Z,Price change,2026-02-17T00:00:00.000Z,Listed for sale,2025-10-02T00:00:00.000Z,Listing removed,2025-09-30T00:00:00.000Z,Listed for sale,,,,,,,,,,,,,,,,,,,,,,,,,,,,
"8024 Chesapeake Trl, Bauxite, AR 72011",8024 Chesapeake Trl,Bauxite,AR,72011,,forRent,3,1248,,1345,9,https://www.zillow.com/homedetails/8024-Chesapeake-Trl-Bauxite-AR-72011/457082320_zpid/,,,2026-09-09T00:00:00.000Z,Listed for rent,2026-08-14T00:00:00.000Z,Listing removed,2026-07-24T00:00:00.000Z,Price change,2026-07-23T00:00:00.000Z,Listed for sale,2025-10-02T00:00:00.000Z,Listing removed,2025-09-30T00:00:00.000Z,Listed for sale,,,,,,,,,,,,,,,,,,,,,,,,,,,,,,,,,,,,,,,,,,,,
"8049 Chesapeake Trl, Bauxite, AR 72011",8049 Chesapeake Trl,Bauxite,AR,72011,,forRent,3,1301,,1395,9,https://www.zillow.com/homedetails/8049-Chesapeake-Trl-Bauxite-AR-72011/463059708_zpid/,,,2026-09-09T00:00:00.000Z,Listed for rent,2026-08-14T00:00:00.000Z,Listing removed,2026-08-10T00:00:00.000Z,Price change,2026-08-04T00:00:00.000Z,Price change,2026-06-25T00:00:00.000Z,Price change,2026-06-18T00:00:00.000Z,Price change,2026-06-09T00:00:00.000Z,Listed for sale,,,,,,,,,,,,,,,,,,,,,,,,,,,,,,,,,,,,,,,,,,
"7001 Potomac Trl, Bauxite, AR 72011",7001 Potomac Trl,Bauxite,AR,72011,,forRent,3,1051,,1295,9,https://www.zillow.com/homedetails/7001-Potomac-Trl-Bauxite-AR-72011/461516494_zpid/,,,2026-09-09T00:00:00.000Z,Listed for rent,2026-08-14T00:00:00.000Z,Listing removed,2026-08-10T00:00:00.000Z,Price change,2026-07-17T00:00:00.000Z,Price change,2026-06-25T00:00:00.000Z,Price change,2026-06-17T00:00:00.000Z,Price change,2026-05-19T00:00:00.000Z,Price change,2026-04-05T00:00:00.000Z,Listed for sale,,,,,,,,,,,,,,,,,,,,,,,,,,,,,,,,,,,,,,,,
"8057 Chesapeake Trl, Bauxite, AR 72011",8057 Chesapeake Trl,Bauxite,AR,72011,,forRent,4,1496,,1545,9,https://www.zillow.com/homedetails/8057-Chesapeake-Trl-Bauxite-AR-72011/462191990_zpid/,,,2026-09-09T00:00:00.000Z,Listed for rent,2026-08-14T00:00:00.000Z,Listing removed,2026-08-13T00:00:00.000Z,Price change,2026-08-10T00:00:00.000Z,Price change,2026-08-04T00:00:00.000Z,Price change,2026-06-25T00:00:00.000Z,Price change,2026-06-17T00:00:00.000Z,Price change,2026-05-05T00:00:00.000Z,Listed for sale,,,,,,,,,,,,,,,,,,,,,,,,,,,,,,,,,,,,,,,,
"911 James Madison Dr, Benton, AR 72019",911 James Madison Dr,Benton,AR,72019,,forRent,3,2014,,1700,1,https://www.zillow.com/homedetails/911-James-Madison-Dr-Benton-AR-72019/82278084_zpid/,,175000,2026-09-16T00:00:00.000Z,Listed for rent,2024-07-26T00:00:00.000Z,Sold,2021-07-01T00:00:00.000Z,Sold,2014-03-12T00:00:00.000Z,Sold,,,,,,,,,,,,,,,,,,,,,,,,,,,,,,,,,,,,,,,,,,,,,,,,
"8000 Chesapeake Trl, Bauxite, AR 72011",8000 Chesapeake Trl,Bauxite,AR,72011,,forRent,3,1373,,1445,9,https://www.zillow.com/homedetails/8000-Chesapeake-Trl-Bauxite-AR-72011/464083308_zpid/,,,2026-09-09T00:00:00.000Z,Listed for rent,2026-08-14T00:00:00.000Z,Listing removed,2026-07-24T00:00:00.000Z,Price change,2026-07-23T00:00:00.000Z,Listed for sale,,,,,,,,,,,,,,,,,,,,,,,,,,,,,,,,,,,,,,,,,,,,,,,,
"2925 Gillis Dr, Benton, AR 72015",2925 Gillis Dr,Benton,AR,72015,,forRent,4,2021,,2350,10,https://www.zillow.com/homedetails/2925-Gillis-Dr-Benton-AR-72015/2068772088_zpid/,,,2026-09-07T00:00:00.000Z,Listed for rent,2025-02-28T00:00:00.000Z,Listing removed,2025-02-07T00:00:00.000Z,Listed for rent,2021-10-21T00:00:00.000Z,Listing removed,2021-08-19T00:00:00.000Z,Listed for sale,,,,,,,,,,,,,,,,,,,,,,,,,,,,,,,,,,,,,,,,,,,,,,
"804 Drake Dr, Conway, AR 72034",804 Drake Dr,Conway,AR,72034,,forRent,3,1663,,1650,7,https://www.zillow.com/homedetails/804-Drake-Dr-Conway-AR-72034/243037_zpid/,,164500,2026-09-11T00:00:00.000Z,Listed for rent,2024-04-20T00:00:00.000Z,Listing removed,2024-04-09T00:00:00.000Z,Listed for rent,2023-09-11T00:00:00.000Z,Listing removed,2023-09-10T00:00:00.000Z,Listed for rent,2023-09-10T00:00:00.000Z,Listing removed,2023-08-29T00:00:00.000Z,Price change,2023-08-22T00:00:00.000Z,Price change,2023-08-16T00:00:00.000Z,Price change,2023-08-09T00:00:00.000Z,Price change,2023-08-02T00:00:00.000Z,Price change,2023-07-25T00:00:00.000Z,Price change,2023-07-19T00:00:00.000Z,Price change,2023-06-03T00:00:00.000Z,Listed for rent,2017-03-06T00:00:00.000Z,Sold,2016-10-17T00:00:00.000Z,Listed for sale,2015-06-05T00:00:00.000Z,Sold,,,,,,,,,,,,,,,,,,,,,,
"1430 Arapaho Trl, Conway, AR 72034",1430 Arapaho Trl,Conway,AR,72034,,forRent,3,1118,,1350,1,https://www.zillow.com/homedetails/1430-Arapaho-Trl-Conway-AR-72034/35730285_zpid/,,164346,2026-09-16T00:00:00.000Z,Listed for rent,2024-09-23T00:00:00.000Z,Listing removed,2024-07-09T00:00:00.000Z,Listed for rent,2023-04-08T00:00:00.000Z,Listing removed,2023-03-29T00:00:00.000Z,Listed for rent,2022-06-03T00:00:00.000Z,Sold,2007-04-05T00:00:00.000Z,Sold,,,,,,,,,,,,,,,,,,,,,,,,,,,,,,,,,,,,,,,,,,
"7 Cabernet Way, Mayflower, AR 72106",7 Cabernet Way,Mayflower,AR,72106,,forRent,3,1290,,1600,15,https://www.zillow.com/homedetails/7-Cabernet-Way-Mayflower-AR-72106/463057997_zpid/,,208300,2026-09-02T00:00:00.000Z,Listed for rent,2026-08-28T00:00:00.000Z,Sold,2026-08-12T00:00:00.000Z,Price change,2026-08-11T00:00:00.000Z,Listed for sale,2026-08-11T00:00:00.000Z,Contingent,2026-08-10T00:00:00.000Z,Price change,2026-07-08T00:00:00.000Z,Price change,2026-06-09T00:00:00.000Z,Listed for sale,,,,,,,,,,,,,,,,,,,,,,,,,,,,,,,,,,,,,,,,
"1620 Rambling Brook Dr, Benton, AR 72015",1620 Rambling Brook Dr,Benton,AR,72015,,forRent,3,1355,,1850,7,https://www.zillow.com/homedetails/1620-Rambling-Brook-Dr-Benton-AR-72015/463057732_zpid/,,206900,2026-09-10T00:00:00.000Z,Listed for rent,2026-08-28T00:00:00.000Z,Sold,2026-08-05T00:00:00.000Z,Contingent,2026-07-20T00:00:00.000Z,Price change,2026-07-09T00:00:00.000Z,Price change,2026-06-09T00:00:00.000Z,Listed for sale,,,,,,,,,,,,,,,,,,,,,,,,,,,,,,,,,,,,,,,,,,,,
"13900 Ridgecrest Dr, Alexander, AR 72002",13900 Ridgecrest Dr,Alexander,AR,72002,,forRent,3,1088,,1595,23,https://www.zillow.com/homedetails/13900-Ridgecrest-Dr-Alexander-AR-72002/49814165_zpid/,,100000,2026-08-31T00:00:00.000Z,Sold,2026-08-25T00:00:00.000Z,Listed for rent,,,,,,,,,,,,,,,,,,,,,,,,,,,,,,,,,,,,,,,,,,,,,,,,,,,,
"8040 Chesapeake Trl, Bauxite, AR 72011",8040 Chesapeake Trl,Bauxite,AR,72011,,forRent,4,1496,,1495,9,https://www.zillow.com/homedetails/8040-Chesapeake-Trl-Bauxite-AR-72011/457082335_zpid/,,,2026-09-09T00:00:00.000Z,Listed for rent,2026-08-14T00:00:00.000Z,Listing removed,2026-08-13T00:00:00.000Z,Price change,2026-08-10T00:00:00.000Z,Price change,2026-07-17T00:00:00.000Z,Price change,2026-07-06T00:00:00.000Z,Price change,2026-06-25T00:00:00.000Z,Price change,2026-06-17T00:00:00.000Z,Price change,2026-06-08T00:00:00.000Z,Price change,2026-05-05T00:00:00.000Z,Listed for sale,2025-10-02T00:00:00.000Z,Listing removed,2025-09-30T00:00:00.000Z,Listed for sale,,,,,,,,,,,,,,,,,,,,,,,,,,,,,,,,
"5210 Stockton Rd, Conway, AR 72034",5210 Stockton Rd,Conway,AR,72034,,forRent,3,1245,,1400,13,https://www.zillow.com/homedetails/5210-Stockton-Rd-Conway-AR-72034/63265504_zpid/,,,2026-09-04T00:00:00.000Z,Listed for rent,,,,,,,,,,,,,,,,,,,,,,,,,,,,,,,,,,,,,,,,,,,,,,,,,,,,,,
"1505 Hathaway Dr, Conway, AR 72034",1505 Hathaway Dr,Conway,AR,72034,,forRent,3,1207,,1475,14,https://www.zillow.com/homedetails/1505-Hathaway-Dr-Conway-AR-72034/241555_zpid/,,70000,2026-09-03T00:00:00.000Z,Listed for rent,2024-01-31T00:00:00.000Z,Listing removed,2024-01-30T00:00:00.000Z,Listed for rent,2024-01-29T00:00:00.000Z,Listing removed,2024-01-27T00:00:00.000Z,Listed for rent,2016-01-09T00:00:00.000Z,Listing removed,2015-12-15T00:00:00.000Z,Listed for rent,2015-09-24T00:00:00.000Z,Sold,2015-08-15T00:00:00.000Z,Listed for sale,2013-10-31T00:00:00.000Z,Sold,,,,,,,,,,,,,,,,,,,,,,,,,,,,,,,,,,,,
"2007 Arkansas Ave, Conway, AR 72034",2007 Arkansas Ave,Conway,AR,72034,,forRent,3,1301,,1495,16,https://www.zillow.com/homedetails/2007-Arkansas-Ave-Conway-AR-72034/234341_zpid/,,90000,2026-09-02T00:00:00.000Z,Listed for rent,2026-08-26T00:00:00.000Z,Sold,2026-08-25T00:00:00.000Z,Contingent,2026-07-20T00:00:00.000Z,Price change,2026-05-19T00:00:00.000Z,Listed for sale,2026-05-19T00:00:00.000Z,Listing removed,2026-04-17T00:00:00.000Z,Price change,2026-03-09T00:00:00.000Z,Price change,2025-11-18T00:00:00.000Z,Listed for sale,2015-02-18T00:00:00.000Z,Sold,2012-05-07T00:00:00.000Z,Sold,,,,,,,,,,,,,,,,,,,,,,,,,,,,,,,,,,
"8016 Chesapeake Trl, Bauxite, AR 72011",8016 Chesapeake Trl,Bauxite,AR,72011,,forRent,3,1442,,1495,9,https://www.zillow.com/homedetails/8016-Chesapeake-Trl-Bauxite-AR-72011/457082295_zpid/,,,2026-09-09T00:00:00.000Z,Listed for rent,2026-08-14T00:00:00.000Z,Listing removed,2026-08-13T00:00:00.000Z,Price change,2026-07-24T00:00:00.000Z,Price change,2026-07-23T00:00:00.000Z,Listed for sale,2025-10-02T00:00:00.000Z,Listing removed,2025-09-30T00:00:00.000Z,Listed for sale,,,,,,,,,,,,,,,,,,,,,,,,,,,,,,,,,,,,,,,,,,
"802 Gussy Ln, Benton, AR 72019",802 Gussy Ln,Benton,AR,72019,,forRent,4,1459,,1650,27,https://www.zillow.com/homedetails/802-Gussy-Ln-Benton-AR-72019/460667108_zpid/,,222900,2026-08-21T00:00:00.000Z,Listed for rent,2026-08-11T00:00:00.000Z,Sold,2026-07-13T00:00:00.000Z,Contingent,2026-07-04T00:00:00.000Z,Price change,2026-06-03T00:00:00.000Z,Listed for sale,2026-05-01T00:00:00.000Z,Contingent,2026-04-14T00:00:00.000Z,Price change,2026-04-07T00:00:00.000Z,Price change,2026-04-02T00:00:00.000Z,Price change,2026-02-27T00:00:00.000Z,Price change,2026-02-24T00:00:00.000Z,Listed for sale,,,,,,,,,,,,,,,,,,,,,,,,,,,,,,,,,,
"294 Stone Mountain Rd, Conway, AR 72032",294 Stone Mountain Rd,Conway,AR,72032,,forRent,3,1216,,1650,4,https://www.zillow.com/homedetails/294-Stone-Mountain-Rd-Conway-AR-72032/122006123_zpid/,,42300,2026-09-13T00:00:00.000Z,Listed for rent,2025-04-17T00:00:00.000Z,Sold,2025-03-26T00:00:00.000Z,Contingent,2025-03-22T00:00:00.000Z,Listed for sale,,,,,,,,,,,,,,,,,,,,,,,,,,,,,,,,,,,,,,,,,,,,,,,,
"1411 Oak Glenn Ct, Bryant, AR 72022",1411 Oak Glenn Ct,Bryant,AR,72022,,forRent,3,1400,,1650,2,https://www.zillow.com/homedetails/1411-Oak-Glenn-Ct-Bryant-AR-72022/199778685_zpid/,,,2026-09-15T00:00:00.000Z,Listed for rent,2026-05-28T00:00:00.000Z,Listing removed,2026-05-06T00:00:00.000Z,Listed for rent,2025-11-06T00:00:00.000Z,Listing removed,2025-09-18T00:00:00.000Z,Listed for rent,2024-02-16T00:00:00.000Z,Listing removed,2024-01-08T00:00:00.000Z,Listed for rent,,,,,,,,,,,,,,,,,,,,,,,,,,,,,,,,,,,,,,,,,,
"21 Meadowlark Dr, Cabot, AR 72023",21 Meadowlark Dr,Cabot,AR,72023,,forRent,3,1013,,1395,37,https://www.zillow.com/homedetails/21-Meadowlark-Dr-Cabot-AR-72023/255213_zpid/,,147900,2026-08-12T00:00:00.000Z,Listed for rent,2024-01-16T00:00:00.000Z,Listing removed,2024-01-04T00:00:00.000Z,Sold,2023-08-22T00:00:00.000Z,Sold,2023-07-17T00:00:00.000Z,Contingent,2023-05-12T00:00:00.000Z,Listed for sale,2023-04-19T00:00:00.000Z,Listing removed,2023-03-17T00:00:00.000Z,Listed for rent,2022-03-21T00:00:00.000Z,Sold,,,,,,,,,,,,,,,,,,,,,,,,,,,,,,,,,,,,,,
"2933 Gillis Dr, Benton, AR 72015",2933 Gillis Dr,Benton,AR,72015,,forRent,5,2500,,2500,10,https://www.zillow.com/homedetails/2933-Gillis-Dr-Benton-AR-72015/443098023_zpid/,,,2026-09-07T00:00:00.000Z,Listed for rent,2025-02-28T00:00:00.000Z,Listing removed,2025-02-18T00:00:00.000Z,Listed for rent,,,,,,,,,,,,,,,,,,,,,,,,,,,,,,,,,,,,,,,,,,,,,,,,,,
"1602 Harmon Dr, Benton, AR 72015",1602 Harmon Dr,Benton,AR,72015,,forRent,4,1881,,1595,0,https://www.zillow.com/homedetails/1602-Harmon-Dr-Benton-AR-72015/384937_zpid/,,100000,2026-09-18T00:00:00.000Z,Listed for rent,2025-09-12T00:00:00.000Z,Listing removed,2025-06-03T00:00:00.000Z,Listed for rent,2025-05-27T00:00:00.000Z,Listing removed,2025-05-22T00:00:00.000Z,Listed for sale,2025-05-13T00:00:00.000Z,Sold,2025-05-13T00:00:00.000Z,Listed for sale,,,,,,,,,,,,,,,,,,,,,,,,,,,,,,,,,,,,,,,,,,
"1804 Clara Dr, Conway, AR 72034",1804 Clara Dr,Conway,AR,72034,,forRent,3,2000,,1695,13,https://www.zillow.com/homedetails/1804-Clara-Dr-Conway-AR-72034/235007_zpid/,,20000,2026-09-04T00:00:00.000Z,Listed for rent,2024-07-11T00:00:00.000Z,Listing removed,2024-06-26T00:00:00.000Z,Listed for rent,2023-06-13T00:00:00.000Z,Listing removed,2023-05-30T00:00:00.000Z,Listed for rent,2022-05-04T00:00:00.000Z,Listing removed,2022-04-06T00:00:00.000Z,Listed for rent,2019-05-17T00:00:00.000Z,Listing removed,2019-05-15T00:00:00.000Z,Listed for rent,2015-12-07T00:00:00.000Z,Listing removed,2015-09-23T00:00:00.000Z,Listed for rent,2014-06-21T00:00:00.000Z,Listing removed,2014-05-12T00:00:00.000Z,Listed for rent,2013-05-06T00:00:00.000Z,Sold,2013-04-25T00:00:00.000Z,Listing removed,2013-04-24T00:00:00.000Z,Price change,2013-03-24T00:00:00.000Z,Listed for rent,2012-03-18T00:00:00.000Z,Listing removed,2012-03-15T00:00:00.000Z,Price change,2012-03-05T00:00:00.000Z,Listed for rent,,,,,,,,,,,,,,,,
"6409 Walnut Cv, Benton, AR 72019",6409 Walnut Cv,Benton,AR,72019,,forRent,3,2024,,1300,9,https://www.zillow.com/homedetails/6409-Walnut-Cv-Benton-AR-72019/371444_zpid/,,0,2026-09-08T00:00:00.000Z,Listed for rent,2026-05-01T00:00:00.000Z,Listing removed,2026-04-16T00:00:00.000Z,Listed for rent,2023-04-05T00:00:00.000Z,Listing removed,2023-03-29T00:00:00.000Z,Listed for rent,2022-07-12T00:00:00.000Z,Listing removed,2022-07-04T00:00:00.000Z,Listed for rent,2021-07-01T00:00:00.000Z,Listing removed,2021-06-27T00:00:00.000Z,Listed for rent,2017-03-21T00:00:00.000Z,Sold,,,,,,,,,,,,,,,,,,,,,,,,,,,,,,,,,,,,
"1105 River Oaks Dr, Benton, AR 72019",1105 River Oaks Dr,Benton,AR,72019,,forRent,4,2350,,2600,44,https://www.zillow.com/homedetails/1105-River-Oaks-Dr-Benton-AR-72019/453260567_zpid/,,,2026-08-04T00:00:00.000Z,Listed for rent,2025-07-28T00:00:00.000Z,Listing removed,2025-07-04T00:00:00.000Z,Price change,2025-06-21T00:00:00.000Z,Price change,2025-06-12T00:00:00.000Z,Listed for rent,,,,,,,,,,,,,,,,,,,,,,,,,,,,,,,,,,,,,,,,,,,,,,
"2906 Pamela, Benton, AR 72015",2906 Pamela,Benton,AR,72015,,forRent,3,1372,,1495,24,https://www.zillow.com/homedetails/2906-Pamela-Benton-AR-72015/385308_zpid/,,,2026-08-25T00:00:00.000Z,Listed for rent,2025-08-04T00:00:00.000Z,Listing removed,2025-07-29T00:00:00.000Z,Price change,2025-07-08T00:00:00.000Z,Price change,2025-03-05T00:00:00.000Z,Listed for rent,2025-02-27T00:00:00.000Z,Listing removed,2025-02-24T00:00:00.000Z,Price change,2025-02-14T00:00:00.000Z,Listed for sale,,,,,,,,,,,,,,,,,,,,,,,,,,,,,,,,,,,,,,,,
"5017 Windflower Cv, Alexander, AR 72002",5017 Windflower Cv,Alexander,AR,72002,,forRent,4,1470,,1800,7,https://www.zillow.com/homedetails/5017-Windflower-Cv-Alexander-AR-72002/346557333_zpid/,,220375,2026-09-10T00:00:00.000Z,Listed for rent,2024-07-08T00:00:00.000Z,Listing removed,2024-07-01T00:00:00.000Z,Listed for rent,2024-06-28T00:00:00.000Z,Sold,2024-06-13T00:00:00.000Z,Contingent,2024-03-30T00:00:00.000Z,Listed for sale,,,,,,,,,,,,,,,,,,,,,,,,,,,,,,,,,,,,,,,,,,,,
"1116 Kenwood Cv, Bryant, AR 72022",1116 Kenwood Cv,Bryant,AR,72022,,forRent,4,1931,,2100,28,https://www.zillow.com/homedetails/1116-Kenwood-Cv-Bryant-AR-72022/52934559_zpid/,,120000,2026-08-20T00:00:00.000Z,Listed for rent,2025-07-26T00:00:00.000Z,Listing removed,2025-07-22T00:00:00.000Z,Listed for rent,2024-01-18T00:00:00.000Z,Listing removed,2023-10-26T00:00:00.000Z,Listed for rent,2022-06-08T00:00:00.000Z,Listing removed,2022-06-02T00:00:00.000Z,Listed for rent,2022-05-25T00:00:00.000Z,Listing removed,2022-04-09T00:00:00.000Z,Listed for rent,2022-03-31T00:00:00.000Z,Listing removed,2022-02-09T00:00:00.000Z,Price change,2022-01-28T00:00:00.000Z,Listed for rent,2019-06-16T00:00:00.000Z,Listing removed,2019-05-09T00:00:00.000Z,Price change,2019-01-11T00:00:00.000Z,Listed for rent,2011-10-13T00:00:00.000Z,Listing removed,2011-08-06T00:00:00.000Z,Listed for rent,2001-12-26T00:00:00.000Z,Sold,,,,,,,,,,,,,,,,,,,,
"1948 Cambridge Village Dr, Conway, AR 72032",1948 Cambridge Village Dr,Conway,AR,72032,,forRent,3,1502,,1500,5,https://www.zillow.com/homedetails/1948-Cambridge-Village-Dr-Conway-AR-72032/203896115_zpid/,,,2026-09-12T00:00:00.000Z,Listed for rent,2026-08-06T00:00:00.000Z,Listing removed,2026-05-25T00:00:00.000Z,Price change,2026-05-06T00:00:00.000Z,Listed for rent,2025-04-16T00:00:00.000Z,Listing removed,2025-03-18T00:00:00.000Z,Listed for rent,2024-06-20T00:00:00.000Z,Listing removed,2024-06-10T00:00:00.000Z,Listed for rent,2024-06-10T00:00:00.000Z,Listing removed,2024-05-14T00:00:00.000Z,Listed for rent,2023-05-16T00:00:00.000Z,Listing removed,2023-03-15T00:00:00.000Z,Listed for rent,2022-04-14T00:00:00.000Z,Listing removed,2022-02-19T00:00:00.000Z,Price change,2022-01-28T00:00:00.000Z,Listed for rent,,,,,,,,,,,,,,,,,,,,,,,,,,
"754 Gussy Ln, Benton, AR 72019",754 Gussy Ln,Benton,AR,72019,,forRent,3,1523,,1600,6,https://www.zillow.com/homedetails/754-Gussy-Ln-Benton-AR-72019/464376472_zpid/,,220900,2026-09-11T00:00:00.000Z,Listed for rent,2026-08-27T00:00:00.000Z,Sold,,,,,,,,,,,,,,,,,,,,,,,,,,,,,,,,,,,,,,,,,,,,,,,,,,,,
"351 Meadow Creek Dr, Haskell, AR 72015",351 Meadow Creek Dr,Haskell,AR,72015,,forRent,3,1625,,1650,41,https://www.zillow.com/homedetails/351-Meadow-Creek-Dr-Haskell-AR-72015/92428597_zpid/,,139900,2026-08-07T00:00:00.000Z,Listed for rent,2024-09-13T00:00:00.000Z,Listing removed,2024-07-17T00:00:00.000Z,Listed for rent,2022-10-26T00:00:00.000Z,Listing removed,2022-10-15T00:00:00.000Z,Price change,2022-10-04T00:00:00.000Z,Price change,2022-08-28T00:00:00.000Z,Price change,2022-08-25T00:00:00.000Z,Listed for rent,2018-10-05T00:00:00.000Z,Sold,2018-08-13T00:00:00.000Z,Listed for sale,2016-04-28T00:00:00.000Z,Sold,2010-02-10T00:00:00.000Z,Sold,,,,,,,,,,,,,,,,,,,,,,,,,,,,,,,,
"153 Harwill, Hensley, AR 72065",153 Harwill,Hensley,AR,72065,,forRent,4,2359,,2500,38,https://www.zillow.com/homedetails/153-Harwill-Hensley-AR-72065/2082362397_zpid/,,,2026-08-10T00:00:00.000Z,Listed for rent,2025-08-04T00:00:00.000Z,Listing removed,2025-07-01T00:00:00.000Z,Listed for rent,2025-06-30T00:00:00.000Z,Listing removed,2025-06-09T00:00:00.000Z,Listed for rent,2019-11-13T00:00:00.000Z,Listing removed,2019-10-15T00:00:00.000Z,Listed for rent,,,,,,,,,,,,,,,,,,,,,,,,,,,,,,,,,,,,,,,,,,
"6316 Warwick Dr, Alexander, AR 72002",6316 Warwick Dr,Alexander,AR,72002,,forRent,4,1884,,2400,48,https://www.zillow.com/homedetails/6316-Warwick-Dr-Alexander-AR-72002/461049113_zpid/,,277000,2026-07-31T00:00:00.000Z,Listed for rent,2026-06-29T00:00:00.000Z,Sold,2026-05-29T00:00:00.000Z,Contingent,2026-05-29T00:00:00.000Z,Price change,2026-03-14T00:00:00.000Z,Listed for sale,,,,,,,,,,,,,,,,,,,,,,,,,,,,,,,,,,,,,,,,,,,,,,
"209 Rose St, Haskell, AR 72015",209 Rose St,Haskell,AR,72015,,forRent,4,1290,,1495,8,https://www.zillow.com/homedetails/209-Rose-St-Haskell-AR-72015/71713627_zpid/,,95000,2026-09-09T00:00:00.000Z,Listed for rent,2026-07-09T00:00:00.000Z,Sold,2006-09-21T00:00:00.000Z,Sold,,,,,,,,,,,,,,,,,,,,,,,,,,,,,,,,,,,,,,,,,,,,,,,,,,
"27 Emerald Cir, Cabot, AR 72023",27 Emerald Cir,Cabot,AR,72023,,forRent,3,1688,,1700,5,https://www.zillow.com/homedetails/27-Emerald-Cir-Cabot-AR-72023/254457_zpid/,,400000,2026-09-12T00:00:00.000Z,Listed for rent,2026-07-24T00:00:00.000Z,Listing removed,2026-07-22T00:00:00.000Z,Listed for rent,2026-07-10T00:00:00.000Z,Listing removed,2026-07-01T00:00:00.000Z,Listed for rent,2025-07-17T00:00:00.000Z,Listing removed,2025-07-03T00:00:00.000Z,Listed for rent,2020-05-06T00:00:00.000Z,Listing removed,2020-04-16T00:00:00.000Z,Listed for rent,2014-07-18T00:00:00.000Z,Sold,,,,,,,,,,,,,,,,,,,,,,,,,,,,,,,,,,,,
"5 Weatherwood Dr, Greenbrier, AR 72058",5 Weatherwood Dr,Greenbrier,AR,72058,,forRent,3,1547,,1575,71,https://www.zillow.com/homedetails/5-Weatherwood-Dr-Greenbrier-AR-72058/102993946_zpid/,,154000,2026-09-09T00:00:00.000Z,Price change,2026-07-09T00:00:00.000Z,Listed for rent,2022-10-04T00:00:00.000Z,Listing removed,2022-09-19T00:00:00.000Z,Listed for rent,2022-09-16T00:00:00.000Z,Listed for sale,2008-04-30T00:00:00.000Z,Sold,,,,,,,,,,,,,,,,,,,,,,,,,,,,,,,,,,,,,,,,,,,,
"2721 Timbermist Dr, Benton, AR 72015",2721 Timbermist Dr,Benton,AR,72015,,forRent,3,1200,,1600,18,https://www.zillow.com/homedetails/2721-Timbermist-Dr-Benton-AR-72015/386806_zpid/,,83000,2026-08-30T00:00:00.000Z,Listed for rent,2025-09-01T00:00:00.000Z,Listing removed,2025-06-30T00:00:00.000Z,Price change,2025-03-03T00:00:00.000Z,Price change,2024-12-20T00:00:00.000Z,Listed for rent,2024-12-06T00:00:00.000Z,Listing removed,2024-11-26T00:00:00.000Z,Price change,2024-11-20T00:00:00.000Z,Listed for rent,2024-11-12T00:00:00.000Z,Listing removed,2024-10-30T00:00:00.000Z,Price change,2024-10-23T00:00:00.000Z,Listed for rent,2023-06-20T00:00:00.000Z,Listing removed,2023-06-03T00:00:00.000Z,Listed for rent,2023-05-22T00:00:00.000Z,Listing removed,2023-05-01T00:00:00.000Z,Price change,2023-04-04T00:00:00.000Z,Listed for rent,2021-03-24T00:00:00.000Z,Listing removed,2017-08-01T00:00:00.000Z,Listing removed,2017-07-22T00:00:00.000Z,Listed for rent,2011-04-13T00:00:00.000Z,Sold,2011-02-02T00:00:00.000Z,Listed for sale,,,,,,,,,,,,,,
"508 SW 4th St, Bryant, AR 72022",508 SW 4th St,Bryant,AR,72022,,forRent,3,1510,,1950,10,https://www.zillow.com/homedetails/508-SW-4th-St-Bryant-AR-72022/391129_zpid/,,231000,2026-09-07T00:00:00.000Z,Listed for rent,2026-07-02T00:00:00.000Z,Listing removed,2026-06-18T00:00:00.000Z,Sold,2026-06-18T00:00:00.000Z,Listed for rent,2026-05-27T00:00:00.000Z,Contingent,2026-05-22T00:00:00.000Z,Price change,2026-05-12T00:00:00.000Z,Price change,2026-05-01T00:00:00.000Z,Price change,2026-04-04T00:00:00.000Z,Listed for sale,2014-11-21T00:00:00.000Z,Sold,,,,,,,,,,,,,,,,,,,,,,,,,,,,,,,,,,,,
"2352 Bassett St, Benton, AR 72019",2352 Bassett St,Benton,AR,72019,,forRent,4,1852,,1695,9,https://www.zillow.com/homedetails/2352-Bassett-St-Benton-AR-72019/461516492_zpid/,,,2026-09-09T00:00:00.000Z,Listed for rent,2026-08-14T00:00:00.000Z,Listing removed,2026-08-04T00:00:00.000Z,Price change,2026-07-16T00:00:00.000Z,Listed for sale,2026-04-06T00:00:00.000Z,Listing removed,2026-04-05T00:00:00.000Z,Listed for sale,,,,,,,,,,,,,,,,,,,,,,,,,,,,,,,,,,,,,,,,,,,,
"2500 Gibby Dr, Conway, AR 72032",2500 Gibby Dr,Conway,AR,72032,,forRent,3,1221,,1350,13,https://www.zillow.com/homedetails/2500-Gibby-Dr-Conway-AR-72032/239939_zpid/,,123000,2026-09-04T00:00:00.000Z,Listed for rent,2021-03-24T00:00:00.000Z,Listing removed,2021-03-12T00:00:00.000Z,Sold,2015-06-30T00:00:00.000Z,Sold,2015-03-29T00:00:00.000Z,Listing removed,2015-03-15T00:00:00.000Z,Listed for sale,2014-01-02T00:00:00.000Z,Sold,2008-03-10T00:00:00.000Z,Sold,,,,,,,,,,,,,,,,,,,,,,,,,,,,,,,,,,,,,,,,
"2714 Gage Dr, Benton, AR 72019",2714 Gage Dr,Benton,AR,72019,,forRent,3,1303,,1500,17,https://www.zillow.com/homedetails/2714-Gage-Dr-Benton-AR-72019/92431557_zpid/,,122580,2026-08-31T00:00:00.000Z,Listed for rent,2022-03-04T00:00:00.000Z,Sold,2018-05-12T00:00:00.000Z,Listing removed,2018-04-07T00:00:00.000Z,Listed for rent,2018-02-11T00:00:00.000Z,Listing removed,2018-01-21T00:00:00.000Z,Price change,2017-11-09T00:00:00.000Z,Listed for rent,2017-04-11T00:00:00.000Z,Listing removed,2017-03-19T00:00:00.000Z,Listed for rent,2016-08-25T00:00:00.000Z,Listing removed,2015-11-21T00:00:00.000Z,Listing removed,2015-11-13T00:00:00.000Z,Listed for rent,2007-05-24T00:00:00.000Z,Sold,,,,,,,,,,,,,,,,,,,,,,,,,,,,,,
"831 Watkins St, Conway, AR 72034",831 Watkins St,Conway,AR,72034,,forRent,3,1176,,1175,22,https://www.zillow.com/homedetails/831-Watkins-St-Conway-AR-72034/237666_zpid/,,85000,2026-08-27T00:00:00.000Z,Listed for rent,2025-12-01T00:00:00.000Z,Listing removed,2025-10-29T00:00:00.000Z,Listed for rent,2019-08-02T00:00:00.000Z,Listing removed,2019-07-17T00:00:00.000Z,Price change,2019-07-13T00:00:00.000Z,Listed for rent,2018-11-15T00:00:00.000Z,Listing removed,2018-08-03T00:00:00.000Z,Listed for rent,2017-10-03T00:00:00.000Z,Listing removed,2017-09-29T00:00:00.000Z,Price change,2017-09-12T00:00:00.000Z,Listed for rent,2016-11-22T00:00:00.000Z,Listing removed,2016-07-07T00:00:00.000Z,Listing removed,2014-11-19T00:00:00.000Z,Listing removed,2014-10-31T00:00:00.000Z,Listed for rent,2014-06-25T00:00:00.000Z,Sold,2012-01-25T00:00:00.000Z,Listing removed,2012-01-06T00:00:00.000Z,Listed for sale,2008-10-24T00:00:00.000Z,Sold,,,,,,,,,,,,,,,,,,
"1425 Joyner Dr, Conway, AR 72034",1425 Joyner Dr,Conway,AR,72034,,forRent,3,1157,,1450,34,https://www.zillow.com/homedetails/1425-Joyner-Dr-Conway-AR-72034/35730195_zpid/,,155000,2026-08-14T00:00:00.000Z,Listed for rent,2025-10-28T00:00:00.000Z,Listing removed,2025-08-29T00:00:00.000Z,Price change,2025-08-12T00:00:00.000Z,Listed for rent,2024-09-13T00:00:00.000Z,Listing removed,2024-08-16T00:00:00.000Z,Listed for rent,2022-04-27T00:00:00.000Z,Sold,2021-12-16T00:00:00.000Z,Listing removed,2021-10-26T00:00:00.000Z,Listed for rent,2019-05-14T00:00:00.000Z,Sold,2019-03-21T00:00:00.000Z,Listed for sale,2016-05-03T00:00:00.000Z,Sold,2016-02-17T00:00:00.000Z,Listed for sale,2011-04-01T00:00:00.000Z,Sold,2011-01-22T00:00:00.000Z,Price change,2011-01-01T00:00:00.000Z,Price change,2010-11-18T00:00:00.000Z,Listed for sale,2010-10-15T00:00:00.000Z,Listing removed,2010-10-15T00:00:00.000Z,Price change,2010-09-24T00:00:00.000Z,Listed for sale,,,,,,,,,,,,,,,,
"2344 Bassett St, Benton, AR 72019",2344 Bassett St,Benton,AR,72019,,forRent,3,1523,,1545,9,https://www.zillow.com/homedetails/2344-Bassett-St-Benton-AR-72019/463059714_zpid/,,,2026-09-09T00:00:00.000Z,Listed for rent,2026-08-14T00:00:00.000Z,Listing removed,2026-08-10T00:00:00.000Z,Price change,2026-07-13T00:00:00.000Z,Price change,2026-06-09T00:00:00.000Z,Listed for sale,,,,,,,,,,,,,,,,,,,,,,,,,,,,,,,,,,,,,,,,,,,,,,
"2765 Archer Ln, Conway, AR 72034",2765 Archer Ln,Conway,AR,72034,,forRent,3,1560,,1700,34,https://www.zillow.com/homedetails/2765-Archer-Ln-Conway-AR-72034/241241_zpid/,,154500,2026-08-14T00:00:00.000Z,Listed for rent,2025-09-17T00:00:00.000Z,Listing removed,2025-08-12T00:00:00.000Z,Listed for rent,2024-05-31T00:00:00.000Z,Listing removed,2024-05-16T00:00:00.000Z,Listed for rent,2023-06-05T00:00:00.000Z,Listing removed,2023-06-02T00:00:00.000Z,Listed for rent,2019-12-17T00:00:00.000Z,Sold,2019-11-19T00:00:00.000Z,Price change,2019-09-30T00:00:00.000Z,Listed for sale,2014-10-14T00:00:00.000Z,Sold,,,,,,,,,,,,,,,,,,,,,,,,,,,,,,,,,,
"211 Rodney Guthrie Dr, Cabot, AR 72023",211 Rodney Guthrie Dr,Cabot,AR,72023,,forRent,3,1268,,1345,42,https://www.zillow.com/homedetails/211-Rodney-Guthrie-Dr-Cabot-AR-72023/256835_zpid/,,155000,2026-08-06T00:00:00.000Z,Listed for rent,2025-09-22T00:00:00.000Z,Listing removed,2025-08-26T00:00:00.000Z,Price change,2025-07-29T00:00:00.000Z,Listed for rent,2023-07-27T00:00:00.000Z,Listing removed,2023-07-06T00:00:00.000Z,Listed for rent,2022-03-10T00:00:00.000Z,Sold,2022-01-31T00:00:00.000Z,Listed for sale,2019-09-20T00:00:00.000Z,Sold,2019-09-11T00:00:00.000Z,Listed for sale,2019-08-26T00:00:00.000Z,Pending sale,2019-08-13T00:00:00.000Z,Price change,2019-05-31T00:00:00.000Z,Price change,2019-03-17T00:00:00.000Z,Listed for sale,2017-02-23T00:00:00.000Z,Listing removed,2017-01-02T00:00:00.000Z,Price change,2016-07-05T00:00:00.000Z,Listed for sale,2016-06-27T00:00:00.000Z,Sold,2015-11-21T00:00:00.000Z,Listed for sale,2014-09-16T00:00:00.000Z,Sold,,,,,,,,,,,,,,,,
"21 Willard St, Ward, AR 72176",21 Willard St,Ward,AR,72176,,forRent,3,1301,,1395,34,https://www.zillow.com/homedetails/21-Willard-St-Ward-AR-72176/55151159_zpid/,,165000,2026-08-14T00:00:00.000Z,Listed for rent,2022-08-08T00:00:00.000Z,Sold,2014-12-24T00:00:00.000Z,Listing removed,2014-11-06T00:00:00.000Z,Price change,2014-10-02T00:00:00.000Z,Listed for rent,2014-04-10T00:00:00.000Z,Listing removed,2014-03-01T00:00:00.000Z,Listed for rent,2014-02-18T00:00:00.000Z,Listing removed,2014-02-07T00:00:00.000Z,Price change,2014-01-09T00:00:00.000Z,Price change,2013-10-25T00:00:00.000Z,Price change,2013-08-24T00:00:00.000Z,Listed for sale,2013-05-23T00:00:00.000Z,Listing removed,2013-04-18T00:00:00.000Z,Price change,2013-03-30T00:00:00.000Z,Price change,2013-03-13T00:00:00.000Z,Price change,2013-02-26T00:00:00.000Z,Price change,2013-02-10T00:00:00.000Z,Listed for sale,2012-07-04T00:00:00.000Z,Listing removed,2012-05-16T00:00:00.000Z,Price change,2012-04-12T00:00:00.000Z,Price change,2012-04-09T00:00:00.000Z,Price change,2012-03-23T00:00:00.000Z,Price change,2012-03-15T00:00:00.000Z,Listed for sale,,,,,,,,
"345 Joyner Loop, Lonoke, AR 72086",345 Joyner Loop,Lonoke,AR,72086,,forRent,3,1120,,1200,76,https://www.zillow.com/homedetails/345-Joyner-Loop-Lonoke-AR-72086/99446243_zpid/,,36000,2026-07-05T00:00:00.000Z,Price change,2026-07-03T00:00:00.000Z,Listed for rent,2026-06-23T00:00:00.000Z,Listing removed,2026-02-11T00:00:00.000Z,Listed for rent,2025-11-22T00:00:00.000Z,Listing removed,2025-11-15T00:00:00.000Z,Price change,2025-11-05T00:00:00.000Z,Listed for rent,2025-09-05T00:00:00.000Z,Listing removed,2025-08-06T00:00:00.000Z,Listed for rent,2007-02-20T00:00:00.000Z,Sold,,,,,,,,,,,,,,,,,,,,,,,,,,,,,,,,,,,,
"600 S Davis St, Conway, AR 72034",600 S Davis St,Conway,AR,72034,,forRent,3,1728,,1500,87,https://www.zillow.com/homedetails/600-S-Davis-St-Conway-AR-72034/235022_zpid/,,108500,2026-09-02T00:00:00.000Z,Price change,2026-07-20T00:00:00.000Z,Price change,2026-07-06T00:00:00.000Z,Price change,2026-06-22T00:00:00.000Z,Listed for rent,2022-10-20T00:00:00.000Z,Listing removed,2022-10-11T00:00:00.000Z,Price change,2022-09-22T00:00:00.000Z,Listed for rent,2017-06-15T00:00:00.000Z,Sold,2017-05-06T00:00:00.000Z,Listed for sale,2015-04-17T00:00:00.000Z,Sold,2005-07-22T00:00:00.000Z,Sold,,,,,,,,,,,,,,,,,,,,,,,,,,,,,,,,,,
"4903 Natalie Dr, Bryant, AR 72022",4903 Natalie Dr,Bryant,AR,72022,,forRent,4,1990,,1860,24,https://www.zillow.com/homedetails/4903-Natalie-Dr-Bryant-AR-72022/82281136_zpid/,,38000,2026-08-24T00:00:00.000Z,Listed for rent,2007-08-22T00:00:00.000Z,Sold,,,,,,,,,,,,,,,,,,,,,,,,,,,,,,,,,,,,,,,,,,,,,,,,,,,,
"605 Valley Vista Dr, Benton, AR 72019",605 Valley Vista Dr,Benton,AR,72019,,forRent,4,1942,,1875,72,https://www.zillow.com/homedetails/605-Valley-Vista-Dr-Benton-AR-72019/387089_zpid/,,,2026-07-07T00:00:00.000Z,Listed for rent,,,,,,,,,,,,,,,,,,,,,,,,,,,,,,,,,,,,,,,,,,,,,,,,,,,,,,
"418 S Main, Benton, AR 72015",418 S Main,Benton,AR,72015,,forRent,3,1096,,1300,31,https://www.zillow.com/homedetails/418-S-Main-Benton-AR-72015/71708118_zpid/,,99500,2026-09-08T00:00:00.000Z,Listed for rent,2026-09-01T00:00:00.000Z,Listing removed,2026-08-17T00:00:00.000Z,Listed for rent,2018-08-10T00:00:00.000Z,Sold,2018-06-20T00:00:00.000Z,Sold,2018-04-03T00:00:00.000Z,Listed for sale,,,,,,,,,,,,,,,,,,,,,,,,,,,,,,,,,,,,,,,,,,,,
"2615 Stivers Blvd, Bryant, AR 72022",2615 Stivers Blvd,Bryant,AR,72022,,forRent,3,1736,,1700,5,https://www.zillow.com/homedetails/2615-Stivers-Blvd-Bryant-AR-72022/391919_zpid/,,190000,2026-09-16T00:00:00.000Z,Price change,2026-09-12T00:00:00.000Z,Listed for rent,2025-04-04T00:00:00.000Z,Sold,2025-03-05T00:00:00.000Z,Contingent,2025-03-01T00:00:00.000Z,Listed for sale,2022-06-13T00:00:00.000Z,Listing removed,2022-06-05T00:00:00.000Z,Listed for rent,2022-06-02T00:00:00.000Z,Listing removed,2022-04-24T00:00:00.000Z,Listed for sale,2022-04-04T00:00:00.000Z,Listing removed,2022-03-29T00:00:00.000Z,Listed for rent,2021-02-23T00:00:00.000Z,Listing removed,2020-11-10T00:00:00.000Z,Listing removed,2020-11-09T00:00:00.000Z,Listed for rent,2019-09-04T00:00:00.000Z,Listing removed,2019-09-03T00:00:00.000Z,Listing removed,2019-08-20T00:00:00.000Z,Listed for rent,2019-08-04T00:00:00.000Z,Price change,2019-06-28T00:00:00.000Z,Price change,2019-06-22T00:00:00.000Z,Price change,2019-06-15T00:00:00.000Z,Listed for sale,2019-02-11T00:00:00.000Z,Sold,,,,,,,,,,,,
"102 Rosebud Cir, Cabot, AR 72023",102 Rosebud Cir,Cabot,AR,72023,,forRent,3,1277,,1375,48,https://www.zillow.com/homedetails/102-Rosebud-Cir-Cabot-AR-72023/63160774_zpid/,,199000,2026-09-15T00:00:00.000Z,Price change,2026-07-31T00:00:00.000Z,Listed for rent,2024-10-10T00:00:00.000Z,Listing removed,2024-10-09T00:00:00.000Z,Price change,2024-09-26T00:00:00.000Z,Listed for rent,2024-08-23T00:00:00.000Z,Sold,2024-07-15T00:00:00.000Z,Listed for sale,2019-02-08T00:00:00.000Z,Sold,2019-01-11T00:00:00.000Z,Pending sale,2018-12-01T00:00:00.000Z,Price change,2018-09-22T00:00:00.000Z,Price change,2018-08-05T00:00:00.000Z,Listed for sale,,,,,,,,,,,,,,,,,,,,,,,,,,,,,,,,
"4825 Coronell Way, Bryant, AR 72022",4825 Coronell Way,Bryant,AR,72022,,forRent,4,2060,,3050,31,https://www.zillow.com/homedetails/4825-Coronell-Way-Bryant-AR-72022/453104565_zpid/,,,2026-07-13T00:00:00.000Z,Listed for rent,,,,,,,,,,,,,,,,,,,,,,,,,,,,,,,,,,,,,,,,,,,,,,,,,,,,,,
"21051 Natalie Ln, Little Rock, AR 72206",21051 Natalie Ln,Little Rock,AR,72206,,forRent,3,1550,,1700,7,https://www.zillow.com/homedetails/21051-Natalie-Ln-Little-Rock-AR-72206/64691031_zpid/,,,2026-09-10T00:00:00.000Z,Listed for rent,,,,,,,,,,,,,,,,,,,,,,,,,,,,,,,,,,,,,,,,,,,,,,,,,,,,,,
"35 G St, Cabot, AR 72023",35 G St,Cabot,AR,72023,,forRent,3,1849,,1825,71,https://www.zillow.com/homedetails/35-G-St-Cabot-AR-72023/254255_zpid/,,230000,2026-07-25T00:00:00.000Z,Price change,2026-07-09T00:00:00.000Z,Price change,2026-05-03T00:00:00.000Z,Listed for rent,2025-05-25T00:00:00.000Z,Listing removed,2025-05-14T00:00:00.000Z,Price change,2025-05-01T00:00:00.000Z,Listed for rent,2021-06-07T00:00:00.000Z,Sold,2020-09-03T00:00:00.000Z,Sold,2020-06-19T00:00:00.000Z,Listed for sale,2018-06-22T00:00:00.000Z,Sold,2018-05-08T00:00:00.000Z,Listed for sale,2014-04-28T00:00:00.000Z,Sold,,,,,,,,,,,,,,,,,,,,,,,,,,,,,,,,
"2912 Highway 319 W, Austin, AR 72007",2912 Highway 319 W,Austin,AR,72007,,forRent,3,1992,,1695,309,https://www.zillow.com/homedetails/2912-Highway-319-W-Austin-AR-72007/249702_zpid/,,640000,2026-08-19T00:00:00.000Z,Price change,2026-07-25T00:00:00.000Z,Price change,2026-05-29T00:00:00.000Z,Price change,2026-03-06T00:00:00.000Z,Price change,2026-02-18T00:00:00.000Z,Price change,2026-02-03T00:00:00.000Z,Price change,2025-11-12T00:00:00.000Z,Listed for rent,2013-09-27T00:00:00.000Z,Sold,1991-10-10T00:00:00.000Z,Sold,,,,,,,,,,,,,,,,,,,,,,,,,,,,,,,,,,,,,,
"1219 N Parker Haskell St, Benton, AR 72015",1219 N Parker Haskell St,Benton,AR,72015,,forRent,3,1680,,1400,1,https://www.zillow.com/homedetails/1219-N-Parker-Haskell-St-Benton-AR-72015/392830_zpid/,,35564,2026-08-31T00:00:00.000Z,Price change,2026-08-06T00:00:00.000Z,Price change,2026-07-09T00:00:00.000Z,Listed for rent,2025-12-12T00:00:00.000Z,Listing removed,2025-11-20T00:00:00.000Z,Listed for rent,2025-05-09T00:00:00.000Z,Listing removed,2025-05-04T00:00:00.000Z,Listing removed,2025-04-22T00:00:00.000Z,Price change,2025-04-13T00:00:00.000Z,Listed for rent,2025-03-03T00:00:00.000Z,Price change,2025-02-10T00:00:00.000Z,Price change,2025-02-02T00:00:00.000Z,Listed for sale,2023-09-17T00:00:00.000Z,Listing removed,2023-09-03T00:00:00.000Z,Listed for rent,2023-08-29T00:00:00.000Z,Listing removed,2023-06-16T00:00:00.000Z,Listed for sale,2023-04-17T00:00:00.000Z,Listing removed,2023-03-05T00:00:00.000Z,Price change,2023-02-01T00:00:00.000Z,Listed for sale,2022-05-23T00:00:00.000Z,Listing removed,2022-04-30T00:00:00.000Z,Listed for sale,2022-04-28T00:00:00.000Z,Contingent,2022-04-27T00:00:00.000Z,Price change,2022-03-26T00:00:00.000Z,Listed for sale,2016-02-18T00:00:00.000Z,Sold,2015-09-02T00:00:00.000Z,Sold,2009-08-13T00:00:00.000Z,Sold,2008-05-06T00:00:00.000Z,Sold
"3915 Ledbetter Dr, Conway, AR 72034",3915 Ledbetter Dr,Conway,AR,72034,,forRent,3,1052,,1100,5,https://www.zillow.com/homedetails/3915-Ledbetter-Dr-Conway-AR-72034/242880_zpid/,,134000,2026-01-14T00:00:00.000Z,Listed for rent,2026-01-14T00:00:00.000Z,Listing removed,2026-01-08T00:00:00.000Z,Listed for rent,2024-12-09T00:00:00.000Z,Listing removed,2024-10-16T00:00:00.000Z,Price change,2024-08-16T00:00:00.000Z,Listed for rent,2024-02-29T00:00:00.000Z,Listing removed,2024-02-16T00:00:00.000Z,Price change,2024-01-08T00:00:00.000Z,Listed for rent,2023-02-08T00:00:00.000Z,Listing removed,2023-01-25T00:00:00.000Z,Price change,2022-11-23T00:00:00.000Z,Listed for rent,2022-11-14T00:00:00.000Z,Sold,2022-10-13T00:00:00.000Z,Contingent,2022-10-09T00:00:00.000Z,Listed for sale,2015-07-17T00:00:00.000Z,Sold,2002-05-31T00:00:00.000Z,Sold,,,,,,,,,,,,,,,,,,,,,,
"1609 Rushing Cir, Conway, AR 72032",1609 Rushing Cir,Conway,AR,72032,,forRent,3,1400,,1475,17,https://www.zillow.com/homedetails/1609-Rushing-Cir-Conway-AR-72032/235792_zpid/,,116000,2026-08-31T00:00:00.000Z,Listed for rent,2024-09-13T00:00:00.000Z,Listing removed,2024-06-19T00:00:00.000Z,Listed for rent,2024-06-19T00:00:00.000Z,Listing removed,2024-05-25T00:00:00.000Z,Listed for rent,2023-03-31T00:00:00.000Z,Listing removed,2023-03-22T00:00:00.000Z,Listed for rent,2022-08-11T00:00:00.000Z,Listing removed,2022-08-02T00:00:00.000Z,Listed for rent,2019-02-28T00:00:00.000Z,Listing removed,2019-01-02T00:00:00.000Z,Listed for rent,2015-07-25T00:00:00.000Z,Listing removed,2015-07-03T00:00:00.000Z,Listed for rent,2014-10-30T00:00:00.000Z,Sold,2013-09-22T00:00:00.000Z,Listing removed,2013-09-13T00:00:00.000Z,Price change,2013-08-03T00:00:00.000Z,Listed for rent,2010-01-13T00:00:00.000Z,Sold,2009-12-04T00:00:00.000Z,Listed for sale,,,,,,,,,,,,,,,,,,
"607 Timberline Rd, Jacksonville, AR 72076",607 Timberline Rd,Jacksonville,AR,72076,,forRent,3,1305,,1700,12,https://www.zillow.com/homedetails/607-Timberline-Rd-Jacksonville-AR-72076/447645046_zpid/,,,2026-09-05T00:00:00.000Z,Listed for rent,2025-08-07T00:00:00.000Z,Listing removed,2025-07-01T00:00:00.000Z,Price change,2025-04-02T00:00:00.000Z,Price change,2025-02-27T00:00:00.000Z,Listed for rent,2025-02-27T00:00:00.000Z,Listing removed,2025-02-24T00:00:00.000Z,Listed for rent,,,,,,,,,,,,,,,,,,,,,,,,,,,,,,,,,,,,,,,,,,
"2225 Redwood, Benton, AR 72015",2225 Redwood,Benton,AR,72015,,forRent,3,1758,,1800,108,https://www.zillow.com/homedetails/2225-Redwood-Benton-AR-72015/52934068_zpid/,,132000,2026-09-03T00:00:00.000Z,Price change,2026-08-17T00:00:00.000Z,Price change,2026-07-13T00:00:00.000Z,Price change,2026-06-01T00:00:00.000Z,Listed for rent,2025-05-31T00:00:00.000Z,Listing removed,2025-05-17T00:00:00.000Z,Listed for rent,2025-05-16T00:00:00.000Z,Listing removed,2025-04-17T00:00:00.000Z,Listed for rent,2025-04-16T00:00:00.000Z,Listing removed,2024-10-29T00:00:00.000Z,Listed for rent,2023-07-19T00:00:00.000Z,Listing removed,2023-06-20T00:00:00.000Z,Listed for rent,2022-03-04T00:00:00.000Z,Listing removed,2022-02-12T00:00:00.000Z,Listed for rent,2020-08-15T00:00:00.000Z,Listing removed,2020-08-04T00:00:00.000Z,Listed for rent,2019-06-13T00:00:00.000Z,Listing removed,2019-06-04T00:00:00.000Z,Listed for rent,2018-10-16T00:00:00.000Z,Listing removed,2018-08-10T00:00:00.000Z,Price change,2018-08-07T00:00:00.000Z,Listed for rent,2015-07-18T00:00:00.000Z,Listing removed,2015-06-11T00:00:00.000Z,Listed for rent,2014-04-25T00:00:00.000Z,Listing removed,2014-02-22T00:00:00.000Z,Listed for rent,2013-10-18T00:00:00.000Z,Sold,2011-11-01T00:00:00.000Z,Sold,2009-01-13T00:00:00.000Z,Sold
"14815 Parkway Meadows Dr, Alexander, AR 72002",14815 Parkway Meadows Dr,Alexander,AR,72002,,forRent,3,1243,,1495,19,https://www.zillow.com/homedetails/14815-Parkway-Meadows-Dr-Alexander-AR-72002/114165875_zpid/,,187500,2026-09-14T00:00:00.000Z,Price change,2026-08-29T00:00:00.000Z,Listed for rent,2025-08-21T00:00:00.000Z,Listing removed,2025-08-07T00:00:00.000Z,Price change,2025-07-31T00:00:00.000Z,Price change,2025-07-24T00:00:00.000Z,Listed for rent,2023-04-06T00:00:00.000Z,Sold,2023-03-22T00:00:00.000Z,Contingent,2023-02-17T00:00:00.000Z,Price change,2023-01-20T00:00:00.000Z,Price change,2023-01-06T00:00:00.000Z,Listed for sale,2017-05-23T00:00:00.000Z,Sold,2011-04-28T00:00:00.000Z,Sold,,,,,,,,,,,,,,,,,,,,,,,,,,,,,,
"56 Eden Valley Ranch Rd, Vilonia, AR 72173",56 Eden Valley Ranch Rd,Vilonia,AR,72173,,forRent,3,1280,,1395,5,https://www.zillow.com/homedetails/56-Eden-Valley-Ranch-Rd-Vilonia-AR-72173/102990816_zpid/,,91800,2026-09-12T00:00:00.000Z,Listed for rent,2026-08-25T00:00:00.000Z,Listing removed,2026-07-20T00:00:00.000Z,Price change,2026-07-02T00:00:00.000Z,Price change,2026-06-22T00:00:00.000Z,Price change,2026-06-13T00:00:00.000Z,Listed for rent,2024-04-05T00:00:00.000Z,Sold,2024-03-07T00:00:00.000Z,Listing removed,2024-02-29T00:00:00.000Z,Listed for sale,2022-08-05T00:00:00.000Z,Sold,2022-06-16T00:00:00.000Z,Listed for sale,,,,,,,,,,,,,,,,,,,,,,,,,,,,,,,,,,
"717 Burton St, Benton, AR 72015",717 Burton St,Benton,AR,72015,,forRent,3,1544,,1650,24,https://www.zillow.com/homedetails/717-Burton-St-Benton-AR-72015/385729_zpid/,,22000,2026-08-24T00:00:00.000Z,Listed for rent,2026-08-07T00:00:00.000Z,Listing removed,2026-08-03T00:00:00.000Z,Price change,2026-07-21T00:00:00.000Z,Listed for rent,2026-07-21T00:00:00.000Z,Listing removed,2026-07-07T00:00:00.000Z,Price change,2026-06-01T00:00:00.000Z,Price change,2026-05-07T00:00:00.000Z,Listed for sale,2026-05-07T00:00:00.000Z,Listing removed,2026-05-05T00:00:00.000Z,Listed for sale,2023-08-31T00:00:00.000Z,Sold,2023-08-28T00:00:00.000Z,Contingent,2023-08-23T00:00:00.000Z,Listed for sale,,,,,,,,,,,,,,,,,,,,,,,,,,,,,,
"11201 Donnie Dr, Shannon Hills, AR 72103",11201 Donnie Dr,Shannon Hills,AR,72103,,forRent,3,1353,,1250,57,https://www.zillow.com/homedetails/11201-Donnie-Dr-Shannon-Hills-AR-72103/393627_zpid/,,134900,2026-09-12T00:00:00.000Z,Price change,2026-09-04T00:00:00.000Z,Price change,2026-08-29T00:00:00.000Z,Price change,2026-07-23T00:00:00.000Z,Listed for rent,2020-04-07T00:00:00.000Z,Sold,2020-04-05T00:00:00.000Z,Listing removed,2020-03-23T00:00:00.000Z,Price change,2020-03-02T00:00:00.000Z,Price change,2019-12-27T00:00:00.000Z,Listed for rent,2019-11-20T00:00:00.000Z,Listing removed,2019-11-19T00:00:00.000Z,Price change,2019-11-18T00:00:00.000Z,Price change,2019-11-16T00:00:00.000Z,Price change,2019-11-13T00:00:00.000Z,Price change,2019-11-08T00:00:00.000Z,Price change,2019-11-04T00:00:00.000Z,Price change,2019-11-02T00:00:00.000Z,Listed for sale,2019-10-31T00:00:00.000Z,Sold,2019-10-28T00:00:00.000Z,Price change,2019-10-26T00:00:00.000Z,Price change,2019-10-23T00:00:00.000Z,Price change,2019-10-22T00:00:00.000Z,Price change,2019-10-20T00:00:00.000Z,Price change,2019-10-14T00:00:00.000Z,Price change,2019-10-11T00:00:00.000Z,Price change,2019-10-09T00:00:00.000Z,Price change,2019-10-06T00:00:00.000Z,Listed for sale,,
"18 Kimberly Dr, Vilonia, AR 72173",18 Kimberly Dr,Vilonia,AR,72173,,forRent,3,1954,,1945,1,https://www.zillow.com/homedetails/18-Kimberly-Dr-Vilonia-AR-72173/245526_zpid/,,270000,2026-08-26T00:00:00.000Z,Price change,2026-05-04T00:00:00.000Z,Listed for rent,2026-01-05T00:00:00.000Z,Sold,2025-11-20T00:00:00.000Z,Listed for sale,2025-11-20T00:00:00.000Z,Listing removed,2025-09-18T00:00:00.000Z,Listed for sale,2015-07-09T00:00:00.000Z,Sold,2000-03-15T00:00:00.000Z,Sold,,,,,,,,,,,,,,,,,,,,,,,,,,,,,,,,,,,,,,,,
"3509 Terrace Hill Ct, Benton, AR 72019",3509 Terrace Hill Ct,Benton,AR,72019,,forRent,3,1500,,1400,17,https://www.zillow.com/homedetails/3509-Terrace-Hill-Ct-Benton-AR-72019/124735446_zpid/,,122580,2026-09-08T00:00:00.000Z,Price change,2026-08-31T00:00:00.000Z,Listed for rent,2023-07-09T00:00:00.000Z,Listing removed,2023-07-06T00:00:00.000Z,Listed for rent,2022-03-04T00:00:00.000Z,Sold,2014-09-04T00:00:00.000Z,Sold,,,,,,,,,,,,,,,,,,,,,,,,,,,,,,,,,,,,,,,,,,,,
"500 SE 1st St, Bryant, AR 72022",500 SE 1st St,Bryant,AR,72022,,forRent,3,1231,,1500,17,https://www.zillow.com/homedetails/500-SE-1st-St-Bryant-AR-72022/52934639_zpid/,,195000,2026-08-31T00:00:00.000Z,Listed for rent,2026-07-31T00:00:00.000Z,Listing removed,2026-07-17T00:00:00.000Z,Listed for rent,2025-07-07T00:00:00.000Z,Listing removed,2025-07-04T00:00:00.000Z,Listed for rent,2025-07-01T00:00:00.000Z,Sold,2025-06-14T00:00:00.000Z,Contingent,2025-06-12T00:00:00.000Z,Listed for sale,2021-08-02T00:00:00.000Z,Sold,2021-07-03T00:00:00.000Z,Contingent,2021-06-30T00:00:00.000Z,Listed for sale,2021-03-24T00:00:00.000Z,Listing removed,2020-06-01T00:00:00.000Z,Sold,2020-03-07T00:00:00.000Z,Pending sale,2020-03-04T00:00:00.000Z,Listed for sale,2020-01-29T00:00:00.000Z,Sold,2018-03-27T00:00:00.000Z,Sold,2018-02-02T00:00:00.000Z,Listed for sale,2011-08-29T00:00:00.000Z,Sold,2011-06-25T00:00:00.000Z,Price change,2010-12-03T00:00:00.000Z,Price change,2010-11-28T00:00:00.000Z,Price change,2010-11-22T00:00:00.000Z,Price change,2010-11-14T00:00:00.000Z,Price change,2010-10-30T00:00:00.000Z,Price change,2010-05-27T00:00:00.000Z,Listed for sale,,,,
"37 Saint John St, Cabot, AR 72023",37 Saint John St,Cabot,AR,72023,,forRent,3,1188,,1295,79,https://www.zillow.com/homedetails/37-Saint-John-St-Cabot-AR-72023/253499_zpid/,,81500,2026-09-03T00:00:00.000Z,Price change,2026-03-31T00:00:00.000Z,Listed for rent,2026-03-26T00:00:00.000Z,Sold,2026-03-19T00:00:00.000Z,Contingent,2026-03-14T00:00:00.000Z,Price change,2026-02-27T00:00:00.000Z,Price change,2026-01-28T00:00:00.000Z,Listed for sale,2016-05-26T00:00:00.000Z,Sold,2016-04-08T00:00:00.000Z,Listed for sale,2013-05-16T00:00:00.000Z,Sold,,,,,,,,,,,,,,,,,,,,,,,,,,,,,,,,,,,,
"5719 Heritage Heights Dr, Benton, AR 72019",5719 Heritage Heights Dr,Benton,AR,72019,,forRent,4,1650,,1800,34,https://www.zillow.com/homedetails/5719-Heritage-Heights-Dr-Benton-AR-72019/71715729_zpid/,,22000,2026-08-14T00:00:00.000Z,Listed for rent,2025-04-01T00:00:00.000Z,Listing removed,2025-03-06T00:00:00.000Z,Listed for rent,2023-10-30T00:00:00.000Z,Listing removed,2023-10-23T00:00:00.000Z,Listed for rent,2022-10-27T00:00:00.000Z,Listing removed,2022-09-26T00:00:00.000Z,Price change,2022-08-22T00:00:00.000Z,Listed for rent,2021-03-24T00:00:00.000Z,Listing removed,2018-08-04T00:00:00.000Z,Listing removed,2018-07-30T00:00:00.000Z,Listed for rent,2017-02-19T00:00:00.000Z,Listing removed,2017-02-06T00:00:00.000Z,Listed for rent,2016-10-28T00:00:00.000Z,Listing removed,2014-04-08T00:00:00.000Z,Listing removed,2014-03-29T00:00:00.000Z,Listed for rent,2013-01-05T00:00:00.000Z,Listing removed,2012-10-26T00:00:00.000Z,Listed for sale,2012-10-26T00:00:00.000Z,Listing removed,2012-10-07T00:00:00.000Z,Listed for rent,2010-03-24T00:00:00.000Z,Sold,,,,,,,,,,,,,,
"307 S 4th St, Benton, AR 72015",307 S 4th St,Benton,AR,72015,,forRent,3,1051,,1600,18,https://www.zillow.com/homedetails/307-S-4th-St-Benton-AR-72015/386521_zpid/,,161000,2026-08-31T00:00:00.000Z,Listed for rent,2025-05-30T00:00:00.000Z,Listing removed,2025-05-20T00:00:00.000Z,Sold,2025-05-20T00:00:00.000Z,Listed for rent,2025-04-19T00:00:00.000Z,Contingent,2025-04-18T00:00:00.000Z,Listed for sale,2023-03-31T00:00:00.000Z,Sold,2023-03-02T00:00:00.000Z,Listed for sale,,,,,,,,,,,,,,,,,,,,,,,,,,,,,,,,,,,,,,,,
"721 S Richards, Benton, AR 72015",721 S Richards,Benton,AR,72015,,forRent,3,1544,,1650,34,https://www.zillow.com/homedetails/721-S-Richards-Benton-AR-72015/389133_zpid/,,29900,2026-08-14T00:00:00.000Z,Listed for rent,2026-08-07T00:00:00.000Z,Listing removed,2026-08-03T00:00:00.000Z,Price change,2026-07-22T00:00:00.000Z,Listed for rent,2023-07-28T00:00:00.000Z,Sold,2023-07-09T00:00:00.000Z,Contingent,2023-06-29T00:00:00.000Z,Listed for sale,,,,,,,,,,,,,,,,,,,,,,,,,,,,,,,,,,,,,,,,,,
"623 Dyer Cir, Benton, AR 72015",623 Dyer Cir,Benton,AR,72015,,forRent,3,2053,,1995,20,https://www.zillow.com/homedetails/623-Dyer-Cir-Benton-AR-72015/386376_zpid/,,87000,2026-07-27T00:00:00.000Z,Price change,2026-07-17T00:00:00.000Z,Listed for rent,2004-07-02T00:00:00.000Z,Sold,,,,,,,,,,,,,,,,,,,,,,,,,,,,,,,,,,,,,,,,,,,,,,,,,,
"5845 Heritage Heights Dr, Benton, AR 72019",5845 Heritage Heights Dr,Benton,AR,72019,,forRent,4,1725,,1750,31,https://www.zillow.com/homedetails/5845-Heritage-Heights-Dr-Benton-AR-72019/440162513_zpid/,,,2026-08-17T00:00:00.000Z,Listed for rent,2024-09-13T00:00:00.000Z,Listing removed,2024-09-10T00:00:00.000Z,Listed for rent,,,,,,,,,,,,,,,,,,,,,,,,,,,,,,,,,,,,,,,,,,,,,,,,,,
"13824 Joan Dr, Shannon Hills, AR 72103",13824 Joan Dr,Shannon Hills,AR,72103,,forRent,4,1200,,1400,14,https://www.zillow.com/homedetails/13824-Joan-Dr-Shannon-Hills-AR-72103/393598_zpid/,,59000,2026-07-12T00:00:00.000Z,Listed for rent,2019-03-19T00:00:00.000Z,Listing removed,2018-09-14T00:00:00.000Z,Listed for rent,2018-09-13T00:00:00.000Z,Sold,2018-07-24T00:00:00.000Z,Price change,2018-07-04T00:00:00.000Z,Listed for sale,,,,,,,,,,,,,,,,,,,,,,,,,,,,,,,,,,,,,,,,,,,,
"1519 Mulberry Salem Rd, Benton, AR 72019",1519 Mulberry Salem Rd,Benton,AR,72019,,forRent,3,1712,,1700,17,https://www.zillow.com/homedetails/1519-Mulberry-Salem-Rd-Benton-AR-72019/376849_zpid/,,340000,2026-09-05T00:00:00.000Z,Listed for rent,2026-02-25T00:00:00.000Z,Listing removed,2026-02-19T00:00:00.000Z,Listed for rent,2025-11-07T00:00:00.000Z,Sold,2024-09-15T00:00:00.000Z,Listing removed,2024-06-17T00:00:00.000Z,Listed for sale,2023-03-01T00:00:00.000Z,Sold,,,,,,,,,,,,,,,,,,,,,,,,,,,,,,,,,,,,,,,,,,
"2130 10th St SE, Hickory, NC 28602",2130 10th St SE,Hickory,NC,28602,,forRent,4,2174,,2250,41,https://www.zillow.com/homedetails/2130-10th-St-SE-Hickory-NC-28602/463122074_zpid/,,,2026-08-07T00:00:00.000Z,Listed for rent,2026-07-20T00:00:00.000Z,Listing removed,2026-07-17T00:00:00.000Z,Price change,2026-06-11T00:00:00.000Z,Listed for sale,,,,,,,,,,,,,,,,,,,,,,,,,,,,,,,,,,,,,,,,,,,,,,,,
"918 Cedar Haskell St, Haskell, AR 72015",918 Cedar Haskell St,Haskell,AR,72015,,forRent,3,1088,,1150,29,https://www.zillow.com/homedetails/918-Cedar-Haskell-St-Haskell-AR-72015/61187359_zpid/,,,2026-07-13T00:00:00.000Z,Listed for rent,,,,,,,,,,,,,,,,,,,,,,,,,,,,,,,,,,,,,,,,,,,,,,,,,,,,,,
"9 Oak Forest Dr, Maumelle, AR 72113",9 Oak Forest Dr,Maumelle,AR,72113,,forRent,3,1176,,1675,2,https://www.zillow.com/homedetails/9-Oak-Forest-Dr-Maumelle-AR-72113/326498_zpid/,,785000,2026-09-15T00:00:00.000Z,Listed for rent,2026-01-10T00:00:00.000Z,Listing removed,2025-12-01T00:00:00.000Z,Listed for rent,2015-05-29T00:00:00.000Z,Sold,2008-09-12T00:00:00.000Z,Sold,,,,,,,,,,,,,,,,,,,,,,,,,,,,,,,,,,,,,,,,,,,,,,
"2423 S Chatfield Rd, Bauxite, AR 72011",2423 S Chatfield Rd,Bauxite,AR,72011,,forRent,4,1802,,1795,18,https://www.zillow.com/homedetails/2423-S-Chatfield-Rd-Bauxite-AR-72011/114169056_zpid/,,99000,2026-09-08T00:00:00.000Z,Price change,2026-08-30T00:00:00.000Z,Listed for rent,2026-07-20T00:00:00.000Z,Listing removed,2026-06-26T00:00:00.000Z,Price change,2026-06-12T00:00:00.000Z,Listed for rent,2025-11-26T00:00:00.000Z,Sold,2025-10-29T00:00:00.000Z,Contingent,2025-10-27T00:00:00.000Z,Listed for sale,2025-10-08T00:00:00.000Z,Contingent,2025-10-05T00:00:00.000Z,Listed for sale,,,,,,,,,,,,,,,,,,,,,,,,,,,,,,,,,,,,
"3562 Terrace Hill Ct, Benton, AR 72019",3562 Terrace Hill Ct,Benton,AR,72019,,forRent,3,,,1450,56,https://www.zillow.com/homedetails/3562-Terrace-Hill-Ct-Benton-AR-72019/247594484_zpid/,,122580,2026-08-24T00:00:00.000Z,Price change,2026-07-23T00:00:00.000Z,Listed for rent,2023-06-22T00:00:00.000Z,Listing removed,2023-06-11T00:00:00.000Z,Listed for rent,2022-05-05T00:00:00.000Z,Listing removed,2022-04-19T00:00:00.000Z,Listed for rent,2022-03-04T00:00:00.000Z,Sold,,,,,,,,,,,,,,,,,,,,,,,,,,,,,,,,,,,,,,,,,,
"6099 Meridian Dr, Alexander, AR 72002",6099 Meridian Dr,Alexander,AR,72002,,forRent,4,1824,,2195,7,https://www.zillow.com/homedetails/6099-Meridian-Dr-Alexander-AR-72002/456178536_zpid/,,,2026-09-10T00:00:00.000Z,Listed for rent,2026-01-22T00:00:00.000Z,Listing removed,2025-12-23T00:00:00.000Z,Listed for rent,2025-11-27T00:00:00.000Z,Listing removed,2025-08-22T00:00:00.000Z,Listed for sale,,,,,,,,,,,,,,,,,,,,,,,,,,,,,,,,,,,,,,,,,,,,,,
"5944 Bakers Point, Hickory, NC 28602",5944 Bakers Point,Hickory,NC,28602,,forRent,5,3953,,3600,30,https://www.zillow.com/homedetails/5944-Bakers-Point-Hickory-NC-28602/98192272_zpid/,,90000,2026-08-18T00:00:00.000Z,Listed for rent,2026-08-13T00:00:00.000Z,Listing removed,2026-07-27T00:00:00.000Z,Price change,2026-06-23T00:00:00.000Z,Price change,2026-04-30T00:00:00.000Z,Listed for sale,2026-03-01T00:00:00.000Z,Listing removed,2025-11-14T00:00:00.000Z,Listed for sale,2024-12-12T00:00:00.000Z,Sold,2024-11-12T00:00:00.000Z,Listed for sale,2022-10-23T00:00:00.000Z,Listing removed,2022-07-25T00:00:00.000Z,Listed for sale,2011-06-20T00:00:00.000Z,Sold,2011-04-15T00:00:00.000Z,Listed for sale,2011-02-18T00:00:00.000Z,Sold,,,,,,,,,,,,,,,,,,,,,,,,,,,,
"1423 Mammoth Rd, Hickory, NC 28602",1423 Mammoth Rd,Hickory,NC,28602,,forRent,4,1927,,2095,66,https://www.zillow.com/homedetails/1423-Mammoth-Rd-Hickory-NC-28602/461722831_zpid/,,,2026-09-11T00:00:00.000Z,Price change,2026-07-14T00:00:00.000Z,Listed for rent,2026-05-26T00:00:00.000Z,Listing removed,2026-05-19T00:00:00.000Z,Price change,2026-04-15T00:00:00.000Z,Listed for sale,,,,,,,,,,,,,,,,,,,,,,,,,,,,,,,,,,,,,,,,,,,,,,
"225 Shiloh Dr, Conway, AR 72032",225 Shiloh Dr,Conway,AR,72032,,forRent,3,1228,,1450,8,https://www.zillow.com/homedetails/225-Shiloh-Dr-Conway-AR-72032/82281664_zpid/,,125000,2026-09-09T00:00:00.000Z,Listed for rent,2026-08-22T00:00:00.000Z,Listing removed,2026-08-07T00:00:00.000Z,Listed for rent,2026-02-26T00:00:00.000Z,Listing removed,2026-02-19T00:00:00.000Z,Price change,2026-02-13T00:00:00.000Z,Listed for rent,2020-11-12T00:00:00.000Z,Sold,2006-07-28T00:00:00.000Z,Sold,,,,,,,,,,,,,,,,,,,,,,,,,,,,,,,,,,,,,,,,
"3008 Emerald Park Trl, Bauxite, AR 72011",3008 Emerald Park Trl,Bauxite,AR,72011,,forRent,3,1528,,1500,17,https://www.zillow.com/homedetails/3008-Emerald-Park-Trl-Bauxite-AR-72011/2070250448_zpid/,,181875,2026-09-05T00:00:00.000Z,Listed for rent,2026-03-14T00:00:00.000Z,Listing removed,2026-02-26T00:00:00.000Z,Listed for rent,2026-02-16T00:00:00.000Z,Listing removed,2026-01-22T00:00:00.000Z,Price change,2026-01-12T00:00:00.000Z,Price change,2025-12-23T00:00:00.000Z,Price change,2025-12-03T00:00:00.000Z,Price change,2025-12-02T00:00:00.000Z,Listed for rent,2023-09-01T00:00:00.000Z,Listing removed,2021-09-27T00:00:00.000Z,Listing removed,2021-09-20T00:00:00.000Z,Listed for rent,2021-08-31T00:00:00.000Z,Sold,,,,,,,,,,,,,,,,,,,,,,,,,,,,,,
"404 Marcella Dr, Kings Mountain, NC 28086",404 Marcella Dr,Kings Mountain,NC,28086,,forRent,3,1507,,1839,38,https://www.zillow.com/homedetails/404-Marcella-Dr-Kings-Mountain-NC-28086/214091791_zpid/,,255000,2026-09-16T00:00:00.000Z,Price change,2026-09-09T00:00:00.000Z,Price change,2026-09-02T00:00:00.000Z,Price change,2026-08-25T00:00:00.000Z,Price change,2026-08-18T00:00:00.000Z,Price change,2026-08-11T00:00:00.000Z,Listed for rent,2021-08-17T00:00:00.000Z,Listing removed,2021-08-06T00:00:00.000Z,Price change,2021-07-22T00:00:00.000Z,Listed for rent,2021-06-24T00:00:00.000Z,Sold,2021-06-03T00:00:00.000Z,Pending sale,2021-05-26T00:00:00.000Z,Listed for sale,2016-05-24T00:00:00.000Z,Sold,,,,,,,,,,,,,,,,,,,,,,,,,,,,,,
"1961 Auburn Hills Dr, Benton, AR 72015",1961 Auburn Hills Dr,Benton,AR,72015,,forRent,3,1470,,1850,45,https://www.zillow.com/homedetails/1961-Auburn-Hills-Dr-Benton-AR-72015/2061982521_zpid/,,210000,2026-08-04T00:00:00.000Z,Sold,2026-08-04T00:00:00.000Z,Listed for rent,2026-08-04T00:00:00.000Z,Contingent,2026-06-22T00:00:00.000Z,Price change,2026-05-30T00:00:00.000Z,Price change,2026-05-06T00:00:00.000Z,Price change,2026-04-27T00:00:00.000Z,Price change,2026-04-02T00:00:00.000Z,Price change,2026-03-31T00:00:00.000Z,Price change,2026-03-28T00:00:00.000Z,Listed for sale,2022-12-16T00:00:00.000Z,Sold,2022-11-18T00:00:00.000Z,Contingent,2022-11-11T00:00:00.000Z,Price change,2022-10-04T00:00:00.000Z,Price change,2022-08-23T00:00:00.000Z,Price change,2022-08-10T00:00:00.000Z,Listed for sale,,,,,,,,,,,,,,,,,,,,,,,,
"3123 Lori Lake Rd, Benton, AR 72019",3123 Lori Lake Rd,Benton,AR,72019,,forRent,3,1280,,1000,196,https://www.zillow.com/homedetails/3123-Lori-Lake-Rd-Benton-AR-72019/453026788_zpid/,,,2025-06-07T00:00:00.000Z,Listed for rent,,,,,,,,,,,,,,,,,,,,,,,,,,,,,,,,,,,,,,,,,,,,,,,,,,,,,,
