bedrooms,daysOnZillow,hdpUrl,homeStatus,lastSoldPrice,listingAddress/full,listingAddress/street,listingPrice/amount,listingPriceHistory/0/date,listingPriceHistory/0/event,listingPriceHistory/1/date,listingPriceHistory/1/event,listingPriceHistory/10/date,listingPriceHistory/10/event,listingPriceHistory/11/date,listingPriceHistory/11/event,listingPriceHistory/12/date,listingPriceHistory/12/event,listingPriceHistory/13/date,listingPriceHistory/13/event,listingPriceHistory/14/date,listingPriceHistory/14/event,listingPriceHistory/15/date,listingPriceHistory/15/event,listingPriceHistory/16/date,listingPriceHistory/16/event,listingPriceHistory/17/date,listingPriceHistory/17/event,listingPriceHistory/18/date,listingPriceHistory/18/event,listingPriceHistory/19/date,listingPriceHistory/19/event,listingPriceHistory/2/date,listingPriceHistory/2/event,listingPriceHistory/20/date,listingPriceHistory/20/event,listingPriceHistory/21/date,listingPriceHistory/21/event,listingPriceHistory/22/date,listingPriceHistory/22/event,listingPriceHistory/23/date,listingPriceHistory/23/event,listingPriceHistory/24/date,listingPriceHistory/24/event,listingPriceHistory/25/date,listingPriceHistory/25/event,listingPriceHistory/26/date,listingPriceHistory/26/event,listingPriceHistory/27/date,listingPriceHistory/27/event,listingPriceHistory/3/date,listingPriceHistory/3/event,listingPriceHistory/4/date,listingPriceHistory/4/event,listingPriceHistory/5/date,listingPriceHistory/5/event,listingPriceHistory/6/date,listingPriceHistory/6/event,listingPriceHistory/7/date,listingPriceHistory/7/event,listingPriceHistory/8/date,listingPriceHistory/8/event,listingPriceHistory/9/date,listingPriceHistory/9/event,livingArea,price,propertyUrl
3,60,/homedetails/1670-Ryder-St-Conway-AR-72032/338960302_zpid/,FOR_RENT,,"1670 Ryder St, Conway, AR 72032",1670 Ryder St,1650,2026-06-04T00:00:00.000Z,Listed for rent,2025-03-14T00:00:00.000Z,Listing removed,,,,,,,,,,,,,,,,,,,,,2024-12-31T00:00:00.000Z,Listed for rent,,,,,,,,,,,,,,,,,2023-01-25T00:00:00.000Z,Listing removed,2022-12-15T00:00:00.000Z,Listed for rent,,,,,,,,,,,1243,1650,https://www.zillow.com/homedetails/1670-Ryder-St-Conway-AR-72032/338960302_zpid/
3,13,/homedetails/1406-Bruce-St-Conway-AR-72034/235425_zpid/,FOR_RENT,87000,"1406 Bruce St, Conway, AR 72034",1406 Bruce St,2500,2026-07-21T00:00:00.000Z,Listed for rent,2025-09-27T00:00:00.000Z,Listing removed,2018-03-31T00:00:00.000Z,Listing removed,2018-03-24T00:00:00.000Z,Price change,2018-02-27T00:00:00.000Z,Price change,2018-02-08T00:00:00.000Z,Listed for rent,2018-02-08T00:00:00.000Z,Listing removed,2017-12-14T00:00:00.000Z,Listed for sale,2017-06-06T00:00:00.000Z,Sold,2017-05-03T00:00:00.000Z,Listed for sale,2015-04-09T00:00:00.000Z,Listing removed,2015-04-01T00:00:00.000Z,Listed for sale,2025-08-07T00:00:00.000Z,Listed for rent,2015-02-19T00:00:00.000Z,Listing removed,2014-10-09T00:00:00.000Z,Listed for sale,2014-06-03T00:00:00.000Z,Listing removed,2014-04-15T00:00:00.000Z,Price change,2014-02-25T00:00:00.000Z,Listed for sale,2010-06-02T00:00:00.000Z,Sold,2004-10-01T00:00:00.000Z,Sold,,,2024-06-24T00:00:00.000Z,Listing removed,2024-06-18T00:00:00.000Z,Listed for rent,2022-03-09T00:00:00.000Z,Listing removed,2022-02-19T00:00:00.000Z,Price change,2022-01-31T00:00:00.000Z,Listed for rent,2019-02-28T00:00:00.000Z,Listing removed,2019-02-09T00:00:00.000Z,Listed for rent,1500,2500,https://www.zillow.com/homedetails/1406-Bruce-St-Conway-AR-72034/235425_zpid/
3,60,/homedetails/1605-Ryder-St-Conway-AR-72032/2066411863_zpid/,FOR_RENT,,"1605 Ryder St, Conway, AR 72032",1605 Ryder St,1650,2026-06-22T00:00:00.000Z,Price change,2026-06-04T00:00:00.000Z,Listed for rent,,,,,,,,,,,,,,,,,,,,,2022-04-19T00:00:00.000Z,Listing removed,,,,,,,,,,,,,,,,,2022-02-16T00:00:00.000Z,Listed for rent,,,,,,,,,,,,,1243,1650,https://www.zillow.com/homedetails/1605-Ryder-St-Conway-AR-72032/2066411863_zpid/
3,13,/homedetails/2024-Weems-St-Conway-AR-72034/338960334_zpid/,FOR_RENT,,"2024 Weems St, Conway, AR 72034",2024 Weems St,2500,2026-07-21T00:00:00.000Z,Listed for rent,,,,,,,,,,,,,,,,,,,,,,,,,,,,,,,,,,,,,,,,,,,,,,,,,,,,,,,,2500,https://www.zillow.com/homedetails/2024-Weems-St-Conway-AR-72034/338960334_zpid/
3,14,/homedetails/40-Ridge-Trl-Sherwood-AR-72120/232839_zpid/,FOR_RENT,230600,"40 Ridge Trl, Sherwood, AR 72120",40 Ridge Trl,1899,2026-07-20T00:00:00.000Z,Listed for rent,2026-06-17T00:00:00.000Z,Listing removed,2001-09-05T00:00:00.000Z,Sold,,,,,,,,,,,,,,,,,,,2026-06-02T00:00:00.000Z,Price change,,,,,,,,,,,,,,,,,2025-09-19T00:00:00.000Z,Price change,2025-07-22T00:00:00.000Z,Price change,2025-06-24T00:00:00.000Z,Price change,2025-04-15T00:00:00.000Z,Price change,2025-03-14T00:00:00.000Z,Price change,2025-02-27T00:00:00.000Z,Listed for rent,2014-10-03T00:00:00.000Z,Sold,2200,1899,https://www.zillow.com/homedetails/40-Ridge-Trl-Sherwood-AR-72120/232839_zpid/
3,5,/homedetails/2135-Raintree-Dr-Conway-AR-72032/240139_zpid/,FOR_RENT,106000,"2135 Raintree Dr, Conway, AR 72032",2135 Raintree Dr,1435,2026-07-29T00:00:00.000Z,Listed for rent,2024-07-03T00:00:00.000Z,Listing removed,2013-11-15T00:00:00.000Z,Sold,2013-04-06T00:00:00.000Z,Listing removed,2013-03-20T00:00:00.000Z,Listed for rent,2008-04-30T00:00:00.000Z,Sold,,,,,,,,,,,,,2024-07-01T00:00:00.000Z,Listed for rent,,,,,,,,,,,,,,,,,2019-07-11T00:00:00.000Z,Listing removed,2019-07-03T00:00:00.000Z,Listed for rent,2019-05-01T00:00:00.000Z,Sold,2017-02-27T00:00:00.000Z,Listing removed,2017-02-24T00:00:00.000Z,Listed for rent,2015-01-18T00:00:00.000Z,Listing removed,2015-01-15T00:00:00.000Z,Listed for rent,1042,1435,https://www.zillow.com/homedetails/2135-Raintree-Dr-Conway-AR-72032/240139_zpid/
3,0,/homedetails/1250-Cumulus-Dr-Conway-AR-72034/242831_zpid/,FOR_RENT,470000,"1250 Cumulus Dr, Conway, AR 72034",1250 Cumulus Dr,1350,2026-08-03T00:00:00.000Z,Listed for rent,2015-03-27T00:00:00.000Z,Sold,,,,,,,,,,,,,,,,,,,,,2006-10-25T00:00:00.000Z,Sold,,,,,,,,,,,,,,,,,,,,,,,,,,,,,,,1068,1350,https://www.zillow.com/homedetails/1250-Cumulus-Dr-Conway-AR-72034/242831_zpid/
3,118,/homedetails/2-Centennial-Loop-Greenbrier-AR-72058/461545841_zpid/,FOR_RENT,,"2 Centennial Loop, Greenbrier, AR 72058",2 Centennial Loop,1400,2026-04-07T00:00:00.000Z,Listed for rent,,,,,,,,,,,,,,,,,,,,,,,,,,,,,,,,,,,,,,,,,,,,,,,,,,,,,,,1340,1400,https://www.zillow.com/homedetails/2-Centennial-Loop-Greenbrier-AR-72058/461545841_zpid/
3,47,/homedetails/1405-Appalachain-Dr-Conway-AR-72034/35730407_zpid/,FOR_RENT,180500,"1405 Appalachain Dr, Conway, AR 72034",1405 Appalachain Dr,1450,2026-06-17T00:00:00.000Z,Listed for rent,2025-01-27T00:00:00.000Z,Listing removed,2022-04-20T00:00:00.000Z,Pending sale,2022-04-20T00:00:00.000Z,Contingent,2022-04-16T00:00:00.000Z,Listed for sale,2016-09-01T00:00:00.000Z,Sold,2016-08-01T00:00:00.000Z,Listed for sale,,,,,,,,,,,2024-10-29T00:00:00.000Z,Price change,,,,,,,,,,,,,,,,,2024-09-04T00:00:00.000Z,Listed for rent,2023-09-26T00:00:00.000Z,Listing removed,2023-08-03T00:00:00.000Z,Price change,2023-06-22T00:00:00.000Z,Listed for rent,2022-07-05T00:00:00.000Z,Listing removed,2022-06-23T00:00:00.000Z,Listed for rent,2022-06-02T00:00:00.000Z,Sold,1145,1450,https://www.zillow.com/homedetails/1405-Appalachain-Dr-Conway-AR-72034/35730407_zpid/
3,12,/homedetails/115-Beckett-Mountain-Rd-Mount-Vernon-AR-72111/305852421_zpid/,FOR_RENT,129000,"115 Beckett Mountain Rd, Mount Vernon, AR 72111",115 Beckett Mountain Rd,2500,2026-07-22T00:00:00.000Z,Listed for rent,2006-01-09T00:00:00.000Z,Sold,,,,,,,,,,,,,,,,,,,,,2005-10-25T00:00:00.000Z,Sold,,,,,,,,,,,,,,,,,,,,,,,,,,,,,,,2619,2500,https://www.zillow.com/homedetails/115-Beckett-Mountain-Rd-Mount-Vernon-AR-72111/305852421_zpid/
3,2,/homedetails/860-Davis-St-Conway-AR-72034/237520_zpid/,FOR_RENT,255000,"860 Davis St, Conway, AR 72034",860 Davis St,2500,2026-08-01T00:00:00.000Z,Listed for rent,2026-01-15T00:00:00.000Z,Listing removed,,,,,,,,,,,,,,,,,,,,,2025-12-19T00:00:00.000Z,Listed for rent,,,,,,,,,,,,,,,,,2022-04-27T00:00:00.000Z,Sold,2022-04-04T00:00:00.000Z,Listed for sale,2007-09-11T00:00:00.000Z,Sold,2005-06-27T00:00:00.000Z,Sold,2002-08-30T00:00:00.000Z,Sold,,,,,1649,2500,https://www.zillow.com/homedetails/860-Davis-St-Conway-AR-72034/237520_zpid/
3,4,/homedetails/1125-Trenton-Dr-Conway-AR-72034/35729992_zpid/,FOR_RENT,114000,"1125 Trenton Dr, Conway, AR 72034",1125 Trenton Dr,1500,2026-07-30T00:00:00.000Z,Listed for rent,2025-08-21T00:00:00.000Z,Listing removed,,,,,,,,,,,,,,,,,,,,,2025-08-17T00:00:00.000Z,Listed for rent,,,,,,,,,,,,,,,,,2022-05-04T00:00:00.000Z,Listing removed,2022-04-16T00:00:00.000Z,Listed for rent,2007-10-05T00:00:00.000Z,Sold,2003-06-17T00:00:00.000Z,Sold,,,,,,,1228,1500,https://www.zillow.com/homedetails/1125-Trenton-Dr-Conway-AR-72034/35729992_zpid/
3,6,/homedetails/382-Highway-285-N-Greenbrier-AR-72058/2060559969_zpid/,FOR_RENT,,"382 Highway 285 N, Greenbrier, AR 72058",382 Highway 285 N,1300,2026-07-28T00:00:00.000Z,Price change,2022-12-01T00:00:00.000Z,Listed for rent,,,,,,,,,,,,,,,,,,,,,,,,,,,,,,,,,,,,,,,,,,,,,,,,,,,,,1300,1300,https://www.zillow.com/homedetails/382-Highway-285-N-Greenbrier-AR-72058/2060559969_zpid/
3,14,/homedetails/5-Valmont-St-Greenbrier-AR-72058/71715127_zpid/,FOR_RENT,140000,"5 Valmont St, Greenbrier, AR 72058",5 Valmont St,1500,2026-07-20T00:00:00.000Z,Listed for rent,2024-06-04T00:00:00.000Z,Listing removed,2018-12-28T00:00:00.000Z,Listed for rent,2018-10-15T00:00:00.000Z,Sold,2018-09-17T00:00:00.000Z,Listed for sale,2006-10-16T00:00:00.000Z,Sold,,,,,,,,,,,,,2024-05-16T00:00:00.000Z,Price change,,,,,,,,,,,,,,,,,2024-05-08T00:00:00.000Z,Listed for rent,2023-09-23T00:00:00.000Z,Listing removed,2023-09-01T00:00:00.000Z,Listed for rent,2021-03-24T00:00:00.000Z,Listing removed,2019-10-23T00:00:00.000Z,Listing removed,2019-10-02T00:00:00.000Z,Listed for rent,2019-01-23T00:00:00.000Z,Listing removed,1750,1500,https://www.zillow.com/homedetails/5-Valmont-St-Greenbrier-AR-72058/71715127_zpid/
3,12,/homedetails/18-Ledrick-Cir-Mayflower-AR-72106/464066466_zpid/,FOR_RENT,,"18 Ledrick Cir, Mayflower, AR 72106",18 Ledrick Cir,1650,2026-07-23T00:00:00.000Z,Listed for rent,,,,,,,,,,,,,,,,,,,,,,,,,,,,,,,,,,,,,,,,,,,,,,,,,,,,,,,1300,1650,https://www.zillow.com/homedetails/18-Ledrick-Cir-Mayflower-AR-72106/464066466_zpid/
3,16,/homedetails/8-Cemetery-Rd-Vilonia-AR-72173/305836626_zpid/,FOR_RENT,,"8 Cemetery Rd, Vilonia, AR 72173",8 Cemetery Rd,1500,2026-07-18T00:00:00.000Z,Listed for rent,,,,,,,,,,,,,,,,,,,,,,,,,,,,,,,,,,,,,,,,,,,,,,,,,,,,,,,1500,1500,https://www.zillow.com/homedetails/8-Cemetery-Rd-Vilonia-AR-72173/305836626_zpid/
3,3,/homedetails/1716-College-Ave-Conway-AR-72034/2088717945_zpid/,FOR_RENT,,"1716 College Ave, Conway, AR 72034",1716 College Ave,1400,2026-07-31T00:00:00.000Z,Listed for rent,2021-03-24T00:00:00.000Z,Listing removed,,,,,,,,,,,,,,,,,,,,,2019-12-08T00:00:00.000Z,Listing removed,,,,,,,,,,,,,,,,,2019-11-13T00:00:00.000Z,Price change,2019-09-30T00:00:00.000Z,Listed for rent,2019-07-11T00:00:00.000Z,Listing removed,2019-05-17T00:00:00.000Z,Listed for rent,2018-08-14T00:00:00.000Z,Listing removed,2018-08-10T00:00:00.000Z,Price change,2018-07-09T00:00:00.000Z,Listed for rent,1300,1400,https://www.zillow.com/homedetails/1716-College-Ave-Conway-AR-72034/2088717945_zpid/
3,10,/homedetails/2-Hawthorne-Dr-Conway-AR-72034/237001_zpid/,FOR_RENT,102000,"2 Hawthorne Dr, Conway, AR 72034",2 Hawthorne Dr,1800,2026-07-24T00:00:00.000Z,Listed for rent,2014-07-29T00:00:00.000Z,Sold,,,,,,,,,,,,,,,,,,,,,2014-05-16T00:00:00.000Z,Price change,,,,,,,,,,,,,,,,,2014-02-28T00:00:00.000Z,Listed for sale,2014-01-01T00:00:00.000Z,Listing removed,2013-10-29T00:00:00.000Z,Price change,2013-10-04T00:00:00.000Z,Price change,2013-08-08T00:00:00.000Z,Listed for sale,2011-08-31T00:00:00.000Z,Sold,,,1408,1800,https://www.zillow.com/homedetails/2-Hawthorne-Dr-Conway-AR-72034/237001_zpid/
3,20,/homedetails/Conway-AR-72034/59918018_zpid/,FOR_RENT,164000,"(Undisclosed Address), Conway, AR 72034",(Undisclosed Address),1600,2026-07-15T00:00:00.000Z,Listed for rent,2020-08-14T00:00:00.000Z,Sold,,,,,,,,,,,,,,,,,,,,,2020-07-11T00:00:00.000Z,Listed for sale,,,,,,,,,,,,,,,,,2008-11-19T00:00:00.000Z,Sold,,,,,,,,,,,,,1389,1600,https://www.zillow.com/homedetails/Conway-AR-72034/59918018_zpid/
3,33,/homedetails/535-Milam-Dr-Conway-AR-72032/235059_zpid/,FOR_RENT,75000,"535 Milam Dr, Conway, AR 72032",535 Milam Dr,1700,2026-07-01T00:00:00.000Z,Listed for rent,2023-09-14T00:00:00.000Z,Listing removed,2019-02-18T00:00:00.000Z,Listed for rent,2014-04-08T00:00:00.000Z,Listing removed,2014-03-16T00:00:00.000Z,Price change,2014-02-22T00:00:00.000Z,Price change,2014-02-20T00:00:00.000Z,Price change,2014-01-11T00:00:00.000Z,Listed for sale,2013-10-15T00:00:00.000Z,Sold,2013-07-18T00:00:00.000Z,Price change,2013-06-16T00:00:00.000Z,Listed for sale,,,2023-08-25T00:00:00.000Z,Listed for rent,,,,,,,,,,,,,,,,,2023-08-04T00:00:00.000Z,Listing removed,2023-08-02T00:00:00.000Z,Listed for rent,2023-07-24T00:00:00.000Z,Listing removed,2023-07-20T00:00:00.000Z,Listed for rent,2021-03-24T00:00:00.000Z,Listing removed,2019-03-11T00:00:00.000Z,Listing removed,2019-02-25T00:00:00.000Z,Price change,1824,1700,https://www.zillow.com/homedetails/535-Milam-Dr-Conway-AR-72032/235059_zpid/
3,15,/homedetails/2-Dunwood-Dr-Greenbrier-AR-72058/122006897_zpid/,FOR_RENT,213000,"2 Dunwood Dr, Greenbrier, AR 72058",2 Dunwood Dr,1600,2026-07-19T00:00:00.000Z,Listed for rent,2023-06-07T00:00:00.000Z,Listing removed,2014-07-22T00:00:00.000Z,Sold,,,,,,,,,,,,,,,,,,,2023-06-03T00:00:00.000Z,Listed for rent,,,,,,,,,,,,,,,,,2023-05-23T00:00:00.000Z,Sold,2023-04-27T00:00:00.000Z,Contingent,2023-04-23T00:00:00.000Z,Price change,2023-04-14T00:00:00.000Z,Listed for sale,2019-03-29T00:00:00.000Z,Sold,2019-01-31T00:00:00.000Z,Price change,2018-11-05T00:00:00.000Z,Listed for sale,1521,1600,https://www.zillow.com/homedetails/2-Dunwood-Dr-Greenbrier-AR-72058/122006897_zpid/
3,3,/homedetails/504-12th-Ave-NE-Hickory-NC-28601/461605081_zpid/,FOR_RENT,430000,"504 12th Ave NE, Hickory, NC 28601",504 12th Ave NE,1595,2026-07-31T00:00:00.000Z,Listed for rent,2026-05-29T00:00:00.000Z,Sold,,,,,,,,,,,,,,,,,,,,,2026-04-10T00:00:00.000Z,Pending sale,,,,,,,,,,,,,,,,,2026-04-09T00:00:00.000Z,Listed for sale,,,,,,,,,,,,,1334,1595,https://www.zillow.com/homedetails/504-12th-Ave-NE-Hickory-NC-28601/461605081_zpid/
4,0,/homedetails/1031-20th-Avenue-Loop-SE-Hickory-NC-28602/447124343_zpid/,FOR_RENT,,"1031 20th Avenue Loop SE, Hickory, NC 28602",1031 20th Avenue Loop SE,1995,2026-08-03T00:00:00.000Z,Listed for rent,2025-06-21T00:00:00.000Z,Listing removed,,,,,,,,,,,,,,,,,,,,,2025-05-22T00:00:00.000Z,Listed for rent,,,,,,,,,,,,,,,,,2025-04-17T00:00:00.000Z,Listing removed,2025-04-15T00:00:00.000Z,Price change,2025-02-07T00:00:00.000Z,Listed for sale,,,,,,,,,1613,1995,https://www.zillow.com/homedetails/1031-20th-Avenue-Loop-SE-Hickory-NC-28602/447124343_zpid/
4,20,/homedetails/667-13th-Avenue-Dr-NE-Hickory-NC-28601/461540370_zpid/,FOR_RENT,,"667 13th Avenue Dr NE, Hickory, NC 28601",667 13th Avenue Dr NE,2355,2026-07-14T00:00:00.000Z,Listed for rent,2026-05-18T00:00:00.000Z,Listing removed,,,,,,,,,,,,,,,,,,,,,2026-04-07T00:00:00.000Z,Listed for sale,,,,,,,,,,,,,,,,,,,,,,,,,,,,,,,2174,2355,https://www.zillow.com/homedetails/667-13th-Avenue-Dr-NE-Hickory-NC-28601/461540370_zpid/
4,20,/homedetails/654-13th-Avenue-Dr-NE-Hickory-NC-28601/463865047_zpid/,FOR_RENT,,"654 13th Avenue Dr NE, Hickory, NC 28601",654 13th Avenue Dr NE,2375,2026-07-14T00:00:00.000Z,Listed for rent,,,,,,,,,,,,,,,,,,,,,,,,,,,,,,,,,,,,,,,,,,,,,,,,,,,,,,,2174,2375,https://www.zillow.com/homedetails/654-13th-Avenue-Dr-NE-Hickory-NC-28601/463865047_zpid/
3,21,/homedetails/512-12th-Ave-NE-Hickory-NC-28601/463832995_zpid/,FOR_RENT,,"512 12th Ave NE, Hickory, NC 28601",512 12th Ave NE,1595,2026-07-13T00:00:00.000Z,Listed for rent,,,,,,,,,,,,,,,,,,,,,,,,,,,,,,,,,,,,,,,,,,,,,,,,,,,,,,,1334,1595,https://www.zillow.com/homedetails/512-12th-Ave-NE-Hickory-NC-28601/463832995_zpid/
3,18,/homedetails/2250-Wilmington-Dr-Conway-AR-72034/59917837_zpid/,FOR_RENT,141000,"2250 Wilmington Dr, Conway, AR 72034",2250 Wilmington Dr,1600,2026-07-16T00:00:00.000Z,Listed for rent,2023-03-14T00:00:00.000Z,Listing removed,,,,,,,,,,,,,,,,,,,,,2023-03-10T00:00:00.000Z,Listed for rent,,,,,,,,,,,,,,,,,2020-01-10T00:00:00.000Z,Listing removed,2019-11-04T00:00:00.000Z,Listed for rent,2017-08-31T00:00:00.000Z,Sold,2017-07-31T00:00:00.000Z,Price change,2017-07-17T00:00:00.000Z,Listed for sale,2005-02-23T00:00:00.000Z,Sold,,,1449,1600,https://www.zillow.com/homedetails/2250-Wilmington-Dr-Conway-AR-72034/59917837_zpid/
3,40,/homedetails/1936-Eigth-St-Hickory-NC-28602/2052991619_zpid/,FOR_RENT,,"1936 Eigth St, Hickory, NC 28602",1936 Eigth St,1850,2026-07-27T00:00:00.000Z,Price change,2026-07-07T00:00:00.000Z,Price change,,,,,,,,,,,,,,,,,,,,,2026-06-24T00:00:00.000Z,Listed for rent,,,,,,,,,,,,,,,,,2024-03-28T00:00:00.000Z,Listing removed,2024-03-18T00:00:00.000Z,Price change,2024-03-05T00:00:00.000Z,Price change,2024-02-22T00:00:00.000Z,Price change,2024-02-21T00:00:00.000Z,Price change,2024-02-01T00:00:00.000Z,Listed for rent,,,1695,1850,https://www.zillow.com/homedetails/1936-Eigth-St-Hickory-NC-28602/2052991619_zpid/
4,11,/homedetails/1339-37th-Avenue-Ln-NE-Hickory-NC-28601/443216841_zpid/,FOR_RENT,,"1339 37th Avenue Ln NE, Hickory, NC 28601",1339 37th Avenue Ln NE,2200,2026-07-23T00:00:00.000Z,Listed for rent,2026-02-11T00:00:00.000Z,Listing removed,,,,,,,,,,,,,,,,,,,,,2026-01-28T00:00:00.000Z,Price change,,,,,,,,,,,,,,,,,2026-01-21T00:00:00.000Z,Price change,2026-01-13T00:00:00.000Z,Price change,2025-11-03T00:00:00.000Z,Listed for rent,2025-08-12T00:00:00.000Z,Listing removed,2025-06-24T00:00:00.000Z,Listed for sale,2025-03-30T00:00:00.000Z,Listing removed,2024-12-09T00:00:00.000Z,Listed for sale,1613,2200,https://www.zillow.com/homedetails/1339-37th-Avenue-Ln-NE-Hickory-NC-28601/443216841_zpid/
4,15,/homedetails/2645-Kool-Park-Rd-NE-Hickory-NC-28601/71921041_zpid/,FOR_RENT,300000,"2645 Kool Park Rd NE, Hickory, NC 28601",2645 Kool Park Rd NE,2354,2026-07-19T00:00:00.000Z,Listed for rent,2026-07-13T00:00:00.000Z,Sold,2025-06-19T00:00:00.000Z,Price change,2025-05-27T00:00:00.000Z,Listed for sale,2014-01-24T00:00:00.000Z,Listing removed,2013-10-09T00:00:00.000Z,Listed for sale,,,,,,,,,,,,,2026-04-02T00:00:00.000Z,Listed for sale,,,,,,,,,,,,,,,,,2026-03-26T00:00:00.000Z,Listing removed,2026-03-03T00:00:00.000Z,Price change,2026-01-02T00:00:00.000Z,Price change,2025-12-11T00:00:00.000Z,Listed for sale,2025-10-19T00:00:00.000Z,Listing removed,2025-09-24T00:00:00.000Z,Price change,2025-08-15T00:00:00.000Z,Price change,2412,2354,https://www.zillow.com/homedetails/2645-Kool-Park-Rd-NE-Hickory-NC-28601/71921041_zpid/
3,42,/homedetails/765-8th-Avenue-Dr-SE-Hickory-NC-28602/71963561_zpid/,FOR_RENT,110000,"765 8th Avenue Dr SE, Hickory, NC 28602",765 8th Avenue Dr SE,1795,2026-06-22T00:00:00.000Z,Listed for rent,2023-05-15T00:00:00.000Z,Listing removed,,,,,,,,,,,,,,,,,,,,,2023-04-28T00:00:00.000Z,Price change,,,,,,,,,,,,,,,,,2023-04-07T00:00:00.000Z,Listed for rent,2023-01-25T00:00:00.000Z,Sold,2013-09-03T00:00:00.000Z,Sold,2006-10-20T00:00:00.000Z,Sold,,,,,,,1463,1795,https://www.zillow.com/homedetails/765-8th-Avenue-Dr-SE-Hickory-NC-28602/71963561_zpid/
3,5,/homedetails/1266-18th-St-NE-Hickory-NC-28601/71903862_zpid/,FOR_RENT,225000,"1266 18th St NE, Hickory, NC 28601",1266 18th St NE,1800,2026-07-30T00:00:00.000Z,Listed for rent,2025-10-07T00:00:00.000Z,Listing removed,2023-03-20T00:00:00.000Z,Pending sale,2023-03-18T00:00:00.000Z,Price change,2023-03-08T00:00:00.000Z,Price change,2023-02-21T00:00:00.000Z,Price change,2023-02-10T00:00:00.000Z,Listed for sale,,,,,,,,,,,2025-08-27T00:00:00.000Z,Listed for rent,,,,,,,,,,,,,,,,,2025-08-22T00:00:00.000Z,Sold,2025-07-23T00:00:00.000Z,Price change,2025-07-09T00:00:00.000Z,Price change,2025-06-27T00:00:00.000Z,Price change,2025-06-06T00:00:00.000Z,Price change,2025-06-02T00:00:00.000Z,Listed for sale,2023-04-19T00:00:00.000Z,Sold,1288,1800,https://www.zillow.com/homedetails/1266-18th-St-NE-Hickory-NC-28601/71903862_zpid/
6,27,/homedetails/755-2nd-Ave-SW-Hickory-NC-28602/71962373_zpid/,FOR_RENT,200000,"755 2nd Ave SW, Hickory, NC 28602",755 2nd Ave SW,3650,2026-07-08T00:00:00.000Z,Listed for rent,2023-10-20T00:00:00.000Z,Sold,,,,,,,,,,,,,,,,,,,,,2010-10-28T00:00:00.000Z,Sold,,,,,,,,,,,,,,,,,2010-09-02T00:00:00.000Z,Price change,2010-05-22T00:00:00.000Z,Listed for sale,,,,,,,,,,,2779,3650,https://www.zillow.com/homedetails/755-2nd-Ave-SW-Hickory-NC-28602/71962373_zpid/
3,48,/homedetails/106-10th-Ave-SE-Hickory-NC-28602/463282226_zpid/,FOR_RENT,,"106 10th Ave SE, Hickory, NC 28602",106 10th Ave SE,1595,2026-06-16T00:00:00.000Z,Listed for rent,,,,,,,,,,,,,,,,,,,,,,,,,,,,,,,,,,,,,,,,,,,,,,,,,,,,,,,1333,1595,https://www.zillow.com/homedetails/106-10th-Ave-SE-Hickory-NC-28602/463282226_zpid/
3,73,/homedetails/5694-Claridge-Dr-Hickory-NC-28602/71906250_zpid/,FOR_RENT,113500,"5694 Claridge Dr, Hickory, NC 28602",5694 Claridge Dr,2150,2026-05-22T00:00:00.000Z,Listed for rent,2024-09-13T00:00:00.000Z,Listing removed,,,,,,,,,,,,,,,,,,,,,2024-08-02T00:00:00.000Z,Listed for rent,,,,,,,,,,,,,,,,,2000-11-03T00:00:00.000Z,Sold,,,,,,,,,,,,,2200,2150,https://www.zillow.com/homedetails/5694-Claridge-Dr-Hickory-NC-28602/71906250_zpid/
3,22,/homedetails/131-8th-Avenue-Dr-SE-Hickory-NC-28602/71936930_zpid/,FOR_RENT,60000,"131 8th Avenue Dr SE, Hickory, NC 28602",131 8th Avenue Dr SE,1595,2026-07-13T00:00:00.000Z,Listed for rent,2025-10-21T00:00:00.000Z,Sold,,,,,,,,,,,,,,,,,,,,,2018-08-01T00:00:00.000Z,Listing removed,,,,,,,,,,,,,,,,,2018-03-21T00:00:00.000Z,Listed for sale,2018-02-15T00:00:00.000Z,Listing removed,2016-06-03T00:00:00.000Z,Listed for sale,,,,,,,,,1298,1595,https://www.zillow.com/homedetails/131-8th-Avenue-Dr-SE-Hickory-NC-28602/71936930_zpid/
4,21,/homedetails/1423-Mammoth-Rd-Hickory-NC-28602/461722831_zpid/,FOR_RENT,,"1423 Mammoth Rd, Hickory, NC 28602",1423 Mammoth Rd,2195,2026-07-14T00:00:00.000Z,Listed for rent,2026-05-26T00:00:00.000Z,Listing removed,,,,,,,,,,,,,,,,,,,,,2026-05-19T00:00:00.000Z,Price change,,,,,,,,,,,,,,,,,2026-04-15T00:00:00.000Z,Listed for sale,,,,,,,,,,,,,1927,2195,https://www.zillow.com/homedetails/1423-Mammoth-Rd-Hickory-NC-28602/461722831_zpid/
4,5,/homedetails/1342-37th-Avenue-Ln-NE-Hickory-NC-28601/453027689_zpid/,FOR_RENT,,"1342 37th Avenue Ln NE, Hickory, NC 28601",1342 37th Avenue Ln NE,2350,2026-07-30T00:00:00.000Z,Listed for rent,2025-08-12T00:00:00.000Z,Listing removed,,,,,,,,,,,,,,,,,,,,,2025-07-31T00:00:00.000Z,Listed for rent,,,,,,,,,,,,,,,,,2025-06-14T00:00:00.000Z,Listing removed,2025-06-07T00:00:00.000Z,Listed for sale,,,,,,,,,,,1927,2350,https://www.zillow.com/homedetails/1342-37th-Avenue-Ln-NE-Hickory-NC-28601/453027689_zpid/
3,53,/homedetails/2110-24th-St-NE-Hickory-NC-28601/71911952_zpid/,FOR_RENT,100000,"2110 24th St NE, Hickory, NC 28601",2110 24th St NE,1700,2026-05-13T00:00:00.000Z,Price change,2026-02-27T00:00:00.000Z,Listed for rent,,,,,,,,,,,,,,,,,,,,,1994-09-01T00:00:00.000Z,Sold,,,,,,,,,,,,,,,,,,,,,,,,,,,,,,,1248,1700,https://www.zillow.com/homedetails/2110-24th-St-NE-Hickory-NC-28601/71911952_zpid/
3,55,/homedetails/104-10th-Ave-SE-Hickory-NC-28602/71959215_zpid/,FOR_RENT,420000,"104 10th Ave SE, Hickory, NC 28602",104 10th Ave SE,1595,2026-06-09T00:00:00.000Z,Listed for rent,2025-12-17T00:00:00.000Z,Sold,,,,,,,,,,,,,,,,,,,,,2025-10-09T00:00:00.000Z,Listed for sale,,,,,,,,,,,,,,,,,2024-12-30T00:00:00.000Z,Sold,2024-11-05T00:00:00.000Z,Listed for sale,2015-02-28T00:00:00.000Z,Listing removed,2015-02-20T00:00:00.000Z,Price change,2015-02-04T00:00:00.000Z,Listed for sale,,,,,1333,1595,https://www.zillow.com/homedetails/104-10th-Ave-SE-Hickory-NC-28602/71959215_zpid/
4,27,/homedetails/1361-37th-Avenue-Ln-NE-Hickory-NC-28601/455076115_zpid/,FOR_RENT,,"1361 37th Avenue Ln NE, Hickory, NC 28601",1361 37th Avenue Ln NE,2400,2026-07-08T00:00:00.000Z,Listed for rent,2026-06-26T00:00:00.000Z,Listing removed,2025-07-16T00:00:00.000Z,Listed for sale,,,,,,,,,,,,,,,,,,,2026-06-04T00:00:00.000Z,Price change,,,,,,,,,,,,,,,,,2026-05-18T00:00:00.000Z,Listed for rent,2026-04-09T00:00:00.000Z,Listing removed,2026-03-30T00:00:00.000Z,Listed for sale,2026-03-16T00:00:00.000Z,Listing removed,2026-03-03T00:00:00.000Z,Price change,2025-11-18T00:00:00.000Z,Price change,2025-10-21T00:00:00.000Z,Price change,1927,2400,https://www.zillow.com/homedetails/1361-37th-Avenue-Ln-NE-Hickory-NC-28601/455076115_zpid/
5,96,/homedetails/121-Pleasant-Pointe-Dr-Hickory-NC-28601/113748345_zpid/,FOR_RENT,1345000,"121 Pleasant Pointe Dr, Hickory, NC 28601",121 Pleasant Pointe Dr,6500,2026-07-01T00:00:00.000Z,Price change,2026-06-30T00:00:00.000Z,Sold,,,,,,,,,,,,,,,,,,,,,2026-05-27T00:00:00.000Z,Price change,,,,,,,,,,,,,,,,,2026-04-29T00:00:00.000Z,Listed for rent,2026-03-09T00:00:00.000Z,Price change,2026-02-25T00:00:00.000Z,Price change,2026-01-18T00:00:00.000Z,Price change,2025-12-06T00:00:00.000Z,Listed for sale,2015-02-27T00:00:00.000Z,Sold,2014-05-20T00:00:00.000Z,Listed for sale,4160,6500,https://www.zillow.com/homedetails/121-Pleasant-Pointe-Dr-Hickory-NC-28601/113748345_zpid/
4,6,/homedetails/4568-Western-Woods-Dr-Benton-AR-72015/2057412537_zpid/,FOR_RENT,313100,"4568 Western Woods Dr, Benton, AR 72015",4568 Western Woods Dr,1895,2026-07-29T00:00:00.000Z,Listed for rent,2025-04-17T00:00:00.000Z,Listing removed,,,,,,,,,,,,,,,,,,,,,2025-04-10T00:00:00.000Z,Listed for rent,,,,,,,,,,,,,,,,,2023-03-31T00:00:00.000Z,Sold,,,,,,,,,,,,,1734,1895,https://www.zillow.com/homedetails/4568-Western-Woods-Dr-Benton-AR-72015/2057412537_zpid/
3,6,/homedetails/2106-Cherry-Creek-Cir-Bryant-AR-72022/390348_zpid/,FOR_RENT,175000,"2106 Cherry Creek Cir, Bryant, AR 72022",2106 Cherry Creek Cir,1695,2026-07-28T00:00:00.000Z,Listed for rent,2022-05-10T00:00:00.000Z,Listing removed,,,,,,,,,,,,,,,,,,,,,2022-04-26T00:00:00.000Z,Listed for rent,,,,,,,,,,,,,,,,,2022-03-25T00:00:00.000Z,Sold,2022-02-21T00:00:00.000Z,Contingent,2022-02-17T00:00:00.000Z,Listed for sale,2016-07-11T00:00:00.000Z,Sold,2006-10-03T00:00:00.000Z,Sold,,,,,1468,1695,https://www.zillow.com/homedetails/2106-Cherry-Creek-Cir-Bryant-AR-72022/390348_zpid/
4,7,/homedetails/13724-Joan-Dr-Shannon-Hills-AR-72103/393639_zpid/,FOR_RENT,118000,"13724 Joan Dr, Shannon Hills, AR 72103",13724 Joan Dr,1100,2026-07-27T00:00:00.000Z,Listed for rent,2022-08-18T00:00:00.000Z,Listing removed,,,,,,,,,,,,,,,,,,,,,2022-08-05T00:00:00.000Z,Listed for rent,,,,,,,,,,,,,,,,,2022-04-26T00:00:00.000Z,Sold,2021-09-28T00:00:00.000Z,Listing removed,2021-08-30T00:00:00.000Z,Listed for rent,2019-12-04T00:00:00.000Z,Listing removed,2019-08-26T00:00:00.000Z,Price change,2019-08-16T00:00:00.000Z,Price change,2019-07-31T00:00:00.000Z,Listed for rent,1299,1100,https://www.zillow.com/homedetails/13724-Joan-Dr-Shannon-Hills-AR-72103/393639_zpid/
3,7,/homedetails/1810-Rich-Smith-Ln-Conway-AR-72032/102992676_zpid/,FOR_RENT,,"1810 Rich Smith Ln, Conway, AR 72032",1810 Rich Smith Ln,2500,2026-07-27T00:00:00.000Z,Price change,2026-06-22T00:00:00.000Z,Price change,,,,,,,,,,,,,,,,,,,,,2026-04-22T00:00:00.000Z,Price change,,,,,,,,,,,,,,,,,2026-01-07T00:00:00.000Z,Listed for rent,,,,,,,,,,,,,2310,2500,https://www.zillow.com/homedetails/1810-Rich-Smith-Ln-Conway-AR-72032/102992676_zpid/
3,6,/homedetails/40-Camily-Ct-Vilonia-AR-72173/2103976763_zpid/,FOR_RENT,,"40 Camily Ct, Vilonia, AR 72173",40 Camily Ct,950,2026-07-28T00:00:00.000Z,Listed for rent,,,,,,,,,,,,,,,,,,,,,,,,,,,,,,,,,,,,,,,,,,,,,,,,,,,,,,,1250,950,https://www.zillow.com/homedetails/40-Camily-Ct-Vilonia-AR-72173/2103976763_zpid/
3,6,/homedetails/1826-Auburn-Hills-Dr-Benton-AR-72015/64760739_zpid/,FOR_RENT,147500,"1826 Auburn Hills Dr, Benton, AR 72015",1826 Auburn Hills Dr,1625,2026-07-28T00:00:00.000Z,Listed for rent,2025-04-16T00:00:00.000Z,Listing removed,2022-01-24T00:00:00.000Z,Sold,2013-08-18T00:00:00.000Z,Listing removed,2013-06-02T00:00:00.000Z,Listed for sale,,,,,,,,,,,,,,,2025-03-18T00:00:00.000Z,Listed for rent,,,,,,,,,,,,,,,,,2023-08-09T00:00:00.000Z,Listing removed,2023-08-07T00:00:00.000Z,Listed for rent,2023-07-27T00:00:00.000Z,Listing removed,2023-07-24T00:00:00.000Z,Listed for rent,2022-12-21T00:00:00.000Z,Sold,2022-03-16T00:00:00.000Z,Listing removed,2022-02-28T00:00:00.000Z,Listed for rent,1300,1625,https://www.zillow.com/homedetails/1826-Auburn-Hills-Dr-Benton-AR-72015/64760739_zpid/
3,6,/homedetails/13498-Alexis-Dr-Alexander-AR-72002/68024857_zpid/,FOR_RENT,143000,"13498 Alexis Dr, Alexander, AR 72002",13498 Alexis Dr,1550,2026-07-29T00:00:00.000Z,Listed for rent,2024-09-13T00:00:00.000Z,Listing removed,2015-08-21T00:00:00.000Z,Listing removed,2015-07-02T00:00:00.000Z,Price change,2015-06-05T00:00:00.000Z,Listed for rent,2007-01-02T00:00:00.000Z,Sold,,,,,,,,,,,,,2024-08-06T00:00:00.000Z,Listed for rent,,,,,,,,,,,,,,,,,2024-08-05T00:00:00.000Z,Listing removed,2024-07-26T00:00:00.000Z,Listed for rent,2020-06-18T00:00:00.000Z,Listing removed,2020-05-22T00:00:00.000Z,Listed for rent,2018-10-25T00:00:00.000Z,Listing removed,2018-09-02T00:00:00.000Z,Listed for rent,2016-09-07T00:00:00.000Z,Listing removed,1545,1550,https://www.zillow.com/homedetails/13498-Alexis-Dr-Alexander-AR-72002/68024857_zpid/
3,21,/homedetails/509-North-St-Bryant-AR-72022/391371_zpid/,FOR_RENT,155000,"509 North St, Bryant, AR 72022",509 North St,1875,2026-07-13T00:00:00.000Z,Listed for rent,2022-06-22T00:00:00.000Z,Listing removed,2016-04-19T00:00:00.000Z,Listed for sale,2013-11-05T00:00:00.000Z,Sold,,,,,,,,,,,,,,,,,2022-06-17T00:00:00.000Z,Listed for rent,,,,,,,,,,,,,,,,,2021-05-17T00:00:00.000Z,Listing removed,2021-05-13T00:00:00.000Z,Listed for rent,2021-04-13T00:00:00.000Z,Sold,2021-01-02T00:00:00.000Z,Contingent,2020-12-14T00:00:00.000Z,Price change,2020-11-17T00:00:00.000Z,Listed for sale,2016-04-29T00:00:00.000Z,Listing removed,1850,1875,https://www.zillow.com/homedetails/509-North-St-Bryant-AR-72022/391371_zpid/
3,32,/homedetails/2750-Bowman-Ln-Conway-AR-72034/241246_zpid/,FOR_RENT,255000,"2750 Bowman Ln, Conway, AR 72034",2750 Bowman Ln,1650,2026-07-17T00:00:00.000Z,Price change,2026-07-03T00:00:00.000Z,Listed for rent,,,,,,,,,,,,,,,,,,,,,2023-12-20T00:00:00.000Z,Listing removed,,,,,,,,,,,,,,,,,2023-11-30T00:00:00.000Z,Price change,2023-11-04T00:00:00.000Z,Listed for rent,2014-07-02T00:00:00.000Z,Sold,2007-07-18T00:00:00.000Z,Sold,1994-06-06T00:00:00.000Z,Sold,,,,,1668,1650,https://www.zillow.com/homedetails/2750-Bowman-Ln-Conway-AR-72034/241246_zpid/
3,28,/homedetails/807-S-Main-Benton-AR-72015/382019_zpid/,FOR_RENT,109900,"807 S Main, Benton, AR 72015",807 S Main,1300,2026-07-31T00:00:00.000Z,Price change,2026-07-27T00:00:00.000Z,Price change,2019-10-11T00:00:00.000Z,Price change,2019-10-09T00:00:00.000Z,Price change,2019-10-07T00:00:00.000Z,Price change,2019-10-04T00:00:00.000Z,Price change,2019-10-02T00:00:00.000Z,Price change,2019-09-30T00:00:00.000Z,Price change,2019-09-28T00:00:00.000Z,Listed for sale,2019-09-27T00:00:00.000Z,Sold,2019-09-23T00:00:00.000Z,Price change,2019-09-21T00:00:00.000Z,Price change,2026-07-06T00:00:00.000Z,Listed for rent,2019-09-18T00:00:00.000Z,Price change,2019-09-16T00:00:00.000Z,Price change,2019-09-14T00:00:00.000Z,Price change,2019-09-11T00:00:00.000Z,Price change,2019-09-07T00:00:00.000Z,Price change,2019-08-31T00:00:00.000Z,Price change,2019-08-29T00:00:00.000Z,Listed for sale,2009-03-31T00:00:00.000Z,Sold,2020-04-16T00:00:00.000Z,Sold,2020-04-06T00:00:00.000Z,Listing removed,2020-04-02T00:00:00.000Z,Price change,2020-02-17T00:00:00.000Z,Listed for rent,2019-10-19T00:00:00.000Z,Listing removed,2019-10-18T00:00:00.000Z,Price change,2019-10-16T00:00:00.000Z,Price change,1288,1300,https://www.zillow.com/homedetails/807-S-Main-Benton-AR-72015/382019_zpid/
3,17,/homedetails/414-Newcomb-Cv-Benton-AR-72015/384931_zpid/,FOR_RENT,65531,"414 Newcomb Cv, Benton, AR 72015",414 Newcomb Cv,1600,2026-07-17T00:00:00.000Z,Listed for rent,2010-11-30T00:00:00.000Z,Sold,,,,,,,,,,,,,,,,,,,,,2005-03-03T00:00:00.000Z,Sold,,,,,,,,,,,,,,,,,,,,,,,,,,,,,,,1384,1600,https://www.zillow.com/homedetails/414-Newcomb-Cv-Benton-AR-72015/384931_zpid/
4,44,/homedetails/6673-Hollywood-Ave-Benton-AR-72019/461413230_zpid/,FOR_RENT,215900,"6673 Hollywood Ave, Benton, AR 72019",6673 Hollywood Ave,1845,2026-07-22T00:00:00.000Z,Price change,2026-07-07T00:00:00.000Z,Price change,,,,,,,,,,,,,,,,,,,,,2026-06-20T00:00:00.000Z,Listed for rent,,,,,,,,,,,,,,,,,2026-05-28T00:00:00.000Z,Sold,2026-04-30T00:00:00.000Z,Contingent,2026-03-31T00:00:00.000Z,Listed for sale,,,,,,,,,2250,1845,https://www.zillow.com/homedetails/6673-Hollywood-Ave-Benton-AR-72019/461413230_zpid/
3,33,/homedetails/103-Pope-Dr-Benton-AR-72015/82243468_zpid/,FOR_RENT,115000,"103 Pope Dr, Benton, AR 72015",103 Pope Dr,1625,2026-07-01T00:00:00.000Z,Listed for rent,2024-08-21T00:00:00.000Z,Listing removed,2013-11-25T00:00:00.000Z,Listed for sale,2013-10-08T00:00:00.000Z,Sold,2012-06-06T00:00:00.000Z,Listing removed,2012-05-24T00:00:00.000Z,Price change,2012-03-22T00:00:00.000Z,Listed for sale,2008-01-28T00:00:00.000Z,Sold,,,,,,,,,2024-07-02T00:00:00.000Z,Price change,,,,,,,,,,,,,,,,,2024-05-31T00:00:00.000Z,Listed for rent,2017-07-19T00:00:00.000Z,Listing removed,2017-06-17T00:00:00.000Z,Listed for rent,2016-11-06T00:00:00.000Z,Listing removed,2014-04-08T00:00:00.000Z,Listing removed,2014-01-31T00:00:00.000Z,Sold,2014-01-29T00:00:00.000Z,Listed for rent,1559,1625,https://www.zillow.com/homedetails/103-Pope-Dr-Benton-AR-72015/82243468_zpid/
4,32,/homedetails/1056-Huntington-Dr-Benton-AR-72019/2061811695_zpid/,FOR_RENT,206900,"1056 Huntington Dr, Benton, AR 72019",1056 Huntington Dr,1625,2026-07-02T00:00:00.000Z,Listed for rent,2025-06-23T00:00:00.000Z,Listing removed,2022-10-05T00:00:00.000Z,Contingent,2022-10-04T00:00:00.000Z,Price change,2022-08-23T00:00:00.000Z,Listed for sale,,,,,,,,,,,,,,,2025-05-14T00:00:00.000Z,Price change,,,,,,,,,,,,,,,,,2025-05-07T00:00:00.000Z,Price change,2025-04-30T00:00:00.000Z,Price change,2025-04-23T00:00:00.000Z,Price change,2025-04-04T00:00:00.000Z,Listed for rent,2024-02-10T00:00:00.000Z,Listing removed,2024-01-25T00:00:00.000Z,Listed for rent,2022-11-23T00:00:00.000Z,Sold,1470,1625,https://www.zillow.com/homedetails/1056-Huntington-Dr-Benton-AR-72019/2061811695_zpid/
4,54,/homedetails/17024-Congo-Ferndale-Rd-Little-Rock-AR-72210/370120_zpid/,FOR_RENT,279500,"17024 Congo Ferndale Rd, Little Rock, AR 72210",17024 Congo Ferndale Rd,1675,2026-06-10T00:00:00.000Z,Listed for rent,2020-09-11T00:00:00.000Z,Listing removed,,,,,,,,,,,,,,,,,,,,,2020-07-23T00:00:00.000Z,Listed for rent,,,,,,,,,,,,,,,,,2018-05-13T00:00:00.000Z,Listing removed,2018-01-31T00:00:00.000Z,Listed for rent,2017-03-29T00:00:00.000Z,Sold,,,,,,,,,1590,1675,https://www.zillow.com/homedetails/17024-Congo-Ferndale-Rd-Little-Rock-AR-72210/370120_zpid/
4,44,/homedetails/6648-Hollywood-Ave-Benton-AR-72019/460872553_zpid/,FOR_RENT,215600,"6648 Hollywood Ave, Benton, AR 72019",6648 Hollywood Ave,1745,2026-07-22T00:00:00.000Z,Price change,2026-07-07T00:00:00.000Z,Price change,,,,,,,,,,,,,,,,,,,,,2026-06-20T00:00:00.000Z,Listed for rent,,,,,,,,,,,,,,,,,2026-05-28T00:00:00.000Z,Sold,2026-04-30T00:00:00.000Z,Contingent,2026-03-31T00:00:00.000Z,Price change,2026-03-05T00:00:00.000Z,Listed for sale,,,,,,,1470,1745,https://www.zillow.com/homedetails/6648-Hollywood-Ave-Benton-AR-72019/460872553_zpid/
4,10,/homedetails/1604-Rambling-Brook-Dr-Benton-AR-72015/462316832_zpid/,FOR_RENT,231900,"1604 Rambling Brook Dr, Benton, AR 72015",1604 Rambling Brook Dr,2000,2026-07-24T00:00:00.000Z,Sold,2026-07-24T00:00:00.000Z,Listed for rent,,,,,,,,,,,,,,,,,,,,,2026-05-09T00:00:00.000Z,Listed for sale,,,,,,,,,,,,,,,,,,,,,,,,,,,,,,,1699,2000,https://www.zillow.com/homedetails/1604-Rambling-Brook-Dr-Benton-AR-72015/462316832_zpid/
3,3,/homedetails/2668-Chapel-Creek-Dr-Benton-AR-72015/120791136_zpid/,FOR_RENT,,"2668 Chapel Creek Dr, Benton, AR 72015",2668 Chapel Creek Dr,1595,2026-07-31T00:00:00.000Z,Listed for rent,2020-04-14T00:00:00.000Z,Listing removed,,,,,,,,,,,,,,,,,,,,,2020-04-08T00:00:00.000Z,Listed for rent,,,,,,,,,,,,,,,,,2017-08-19T00:00:00.000Z,Listing removed,2017-08-03T00:00:00.000Z,Listed for rent,,,,,,,,,,,1478,1595,https://www.zillow.com/homedetails/2668-Chapel-Creek-Dr-Benton-AR-72015/120791136_zpid/
3,48,/homedetails/13996-Pine-Glen-Cv-Alexander-AR-72002/92431875_zpid/,FOR_RENT,179000,"13996 Pine Glen Cv, Alexander, AR 72002",13996 Pine Glen Cv,1595,2026-06-17T00:00:00.000Z,Listed for rent,2023-06-14T00:00:00.000Z,Listing removed,2010-09-18T00:00:00.000Z,Price change,2010-09-11T00:00:00.000Z,Listed for sale,2008-02-05T00:00:00.000Z,Sold,,,,,,,,,,,,,,,2023-05-31T00:00:00.000Z,Listed for rent,,,,,,,,,,,,,,,,,2023-03-15T00:00:00.000Z,Sold,2022-11-15T00:00:00.000Z,Listed for sale,2011-05-15T00:00:00.000Z,Listing removed,2011-01-31T00:00:00.000Z,Pending sale,2010-12-27T00:00:00.000Z,Price change,2010-11-20T00:00:00.000Z,Pending sale,2010-10-29T00:00:00.000Z,Price change,1400,1595,https://www.zillow.com/homedetails/13996-Pine-Glen-Cv-Alexander-AR-72002/92431875_zpid/
4,1,/homedetails/6056-Orange-Valley-Cv-Mabelvale-AR-72103/463591455_zpid/,FOR_RENT,,"6056 Orange Valley Cv, Mabelvale, AR 72103",6056 Orange Valley Cv,1675,2026-07-01T00:00:00.000Z,Listed for rent,,,,,,,,,,,,,,,,,,,,,,,,,,,,,,,,,,,,,,,,,,,,,,,,,,,,,,,1537,1675,https://www.zillow.com/homedetails/6056-Orange-Valley-Cv-Mabelvale-AR-72103/463591455_zpid/
3,68,/homedetails/14805-Post-Oaks-Pl-Mabelvale-AR-72103/377459_zpid/,FOR_RENT,139000,"14805 Post Oaks Pl, Mabelvale, AR 72103",14805 Post Oaks Pl,1595,2026-07-29T00:00:00.000Z,Price change,2026-07-15T00:00:00.000Z,Price change,2018-12-03T00:00:00.000Z,Sold,2018-12-01T00:00:00.000Z,Pending sale,2018-10-30T00:00:00.000Z,Price change,2018-10-10T00:00:00.000Z,Listed for sale,2011-05-20T00:00:00.000Z,Listing removed,2010-12-02T00:00:00.000Z,Sold,2010-05-23T00:00:00.000Z,Listed for sale,2007-12-05T00:00:00.000Z,Sold,,,,,2026-06-05T00:00:00.000Z,Price change,,,,,,,,,,,,,,,,,2026-05-27T00:00:00.000Z,Listed for rent,2023-11-16T00:00:00.000Z,Listing removed,2023-10-31T00:00:00.000Z,Listed for rent,2021-09-17T00:00:00.000Z,Listing removed,2021-08-30T00:00:00.000Z,Listed for rent,2021-06-21T00:00:00.000Z,Sold,2021-05-19T00:00:00.000Z,Listed for sale,1418,1595,https://www.zillow.com/homedetails/14805-Post-Oaks-Pl-Mabelvale-AR-72103/377459_zpid/
3,58,/homedetails/3020-Beechwood-Dr-Conway-AR-72032/251479599_zpid/,FOR_RENT,184000,"3020 Beechwood Dr, Conway, AR 72032",3020 Beechwood Dr,1500,2026-06-06T00:00:00.000Z,Listed for rent,2023-06-10T00:00:00.000Z,Listing removed,2017-10-13T00:00:00.000Z,Sold,,,,,,,,,,,,,,,,,,,2023-05-15T00:00:00.000Z,Listed for rent,,,,,,,,,,,,,,,,,2022-08-16T00:00:00.000Z,Sold,2022-07-13T00:00:00.000Z,Contingent,2022-07-11T00:00:00.000Z,Price change,2022-07-05T00:00:00.000Z,Listed for sale,2021-07-02T00:00:00.000Z,Sold,2021-05-30T00:00:00.000Z,Contingent,2021-05-27T00:00:00.000Z,Listed for sale,1289,1500,https://www.zillow.com/homedetails/3020-Beechwood-Dr-Conway-AR-72032/251479599_zpid/
4,61,/homedetails/5813-Heritage-Heights-Dr-Benton-AR-72019/71715692_zpid/,FOR_RENT,199000,"5813 Heritage Heights Dr, Benton, AR 72019",5813 Heritage Heights Dr,1795,2026-07-29T00:00:00.000Z,Price change,2026-07-15T00:00:00.000Z,Price change,2022-02-04T00:00:00.000Z,Price change,2021-12-21T00:00:00.000Z,Listed for rent,2021-11-17T00:00:00.000Z,Sold,2021-11-12T00:00:00.000Z,Contingent,2021-10-13T00:00:00.000Z,Listed for sale,2016-02-17T00:00:00.000Z,Sold,2014-10-06T00:00:00.000Z,Listing removed,2014-07-21T00:00:00.000Z,Price change,2013-10-18T00:00:00.000Z,Listed for sale,,,2026-06-04T00:00:00.000Z,Listed for rent,,,,,,,,,,,,,,,,,2024-04-06T00:00:00.000Z,Listing removed,2024-03-28T00:00:00.000Z,Listed for rent,2023-07-05T00:00:00.000Z,Listing removed,2023-06-23T00:00:00.000Z,Listed for rent,2022-05-23T00:00:00.000Z,Listing removed,2022-05-17T00:00:00.000Z,Listed for rent,2022-02-23T00:00:00.000Z,Listing removed,1792,1795,https://www.zillow.com/homedetails/5813-Heritage-Heights-Dr-Benton-AR-72019/71715692_zpid/
3,8,/homedetails/1319-Collier-Dr-Conway-AR-72032/240324_zpid/,FOR_RENT,225000,"1319 Collier Dr, Conway, AR 72032",1319 Collier Dr,1350,2026-07-26T00:00:00.000Z,Listed for rent,2026-06-27T00:00:00.000Z,Listing removed,2025-01-29T00:00:00.000Z,Price change,2024-01-03T00:00:00.000Z,Listing removed,2023-12-13T00:00:00.000Z,Price change,2023-10-03T00:00:00.000Z,Listed for sale,2022-12-05T00:00:00.000Z,Price change,2022-11-23T00:00:00.000Z,Listed for rent,2015-04-30T00:00:00.000Z,Sold,1987-08-25T00:00:00.000Z,Sold,,,,,2026-05-19T00:00:00.000Z,Listed for rent,,,,,,,,,,,,,,,,,2025-07-02T00:00:00.000Z,Listing removed,2025-06-23T00:00:00.000Z,Price change,2025-06-18T00:00:00.000Z,Listed for rent,2025-05-22T00:00:00.000Z,Listing removed,2025-05-19T00:00:00.000Z,Listed for rent,2025-03-07T00:00:00.000Z,Sold,2025-02-11T00:00:00.000Z,Contingent,1132,1350,https://www.zillow.com/homedetails/1319-Collier-Dr-Conway-AR-72032/240324_zpid/
3,28,/homedetails/2530-Jayme-Cir-Conway-AR-72032/239955_zpid/,FOR_RENT,153000,"2530 Jayme Cir, Conway, AR 72032",2530 Jayme Cir,1500,2026-07-06T00:00:00.000Z,Listed for rent,2026-06-27T00:00:00.000Z,Listing removed,2022-10-11T00:00:00.000Z,Listing removed,2022-10-02T00:00:00.000Z,Listed for rent,2022-08-26T00:00:00.000Z,Sold,2022-08-26T00:00:00.000Z,Contingent,2022-07-21T00:00:00.000Z,Listed for sale,2015-01-27T00:00:00.000Z,Sold,2014-12-12T00:00:00.000Z,Listed for sale,2014-07-18T00:00:00.000Z,Sold,,,,,2026-06-02T00:00:00.000Z,Listed for rent,,,,,,,,,,,,,,,,,2025-04-23T00:00:00.000Z,Listing removed,2025-04-16T00:00:00.000Z,Price change,2025-03-24T00:00:00.000Z,Listed for rent,2024-02-18T00:00:00.000Z,Listing removed,2024-02-05T00:00:00.000Z,Price change,2024-02-02T00:00:00.000Z,Price change,2023-11-27T00:00:00.000Z,Listed for rent,1424,1500,https://www.zillow.com/homedetails/2530-Jayme-Cir-Conway-AR-72032/239955_zpid/
3,22,/homedetails/4605-Valiant-Dr-Conway-AR-72034/52392383_zpid/,FOR_RENT,122000,"4605 Valiant Dr, Conway, AR 72034",4605 Valiant Dr,1500,2026-08-01T00:00:00.000Z,Price change,2026-07-13T00:00:00.000Z,Listed for rent,,,,,,,,,,,,,,,,,,,,,2023-05-19T00:00:00.000Z,Listing removed,,,,,,,,,,,,,,,,,2023-05-02T00:00:00.000Z,Listed for rent,2022-04-11T00:00:00.000Z,Listing removed,2022-04-06T00:00:00.000Z,Listed for rent,2011-09-02T00:00:00.000Z,Sold,2011-06-12T00:00:00.000Z,Listed for sale,2008-09-08T00:00:00.000Z,Sold,,,1324,1500,https://www.zillow.com/homedetails/4605-Valiant-Dr-Conway-AR-72034/52392383_zpid/
3,25,/homedetails/21-Center-Rd-Mayflower-AR-72106/35731070_zpid/,FOR_RENT,195500,"21 Center Rd, Mayflower, AR 72106",21 Center Rd,1850,2026-07-27T00:00:00.000Z,Price change,2026-07-10T00:00:00.000Z,Listed for rent,2024-10-01T00:00:00.000Z,Listed for sale,2012-05-24T00:00:00.000Z,Sold,2012-02-19T00:00:00.000Z,Listed for sale,,,,,,,,,,,,,,,2026-05-21T00:00:00.000Z,Listing removed,,,,,,,,,,,,,,,,,2026-05-06T00:00:00.000Z,Price change,2026-05-03T00:00:00.000Z,Listed for rent,2026-04-11T00:00:00.000Z,Listing removed,2026-03-25T00:00:00.000Z,Listed for rent,2025-09-24T00:00:00.000Z,Listing removed,2025-09-03T00:00:00.000Z,Listed for rent,2024-11-15T00:00:00.000Z,Sold,1344,1850,https://www.zillow.com/homedetails/21-Center-Rd-Mayflower-AR-72106/35731070_zpid/
3,11,/homedetails/3420-Bentonville-Dr-Conway-AR-72032/82249372_zpid/,FOR_RENT,158000,"3420 Bentonville Dr, Conway, AR 72032",3420 Bentonville Dr,1400,2026-07-23T00:00:00.000Z,Listed for rent,2026-02-13T00:00:00.000Z,Sold,,,,,,,,,,,,,,,,,,,,,2026-01-07T00:00:00.000Z,Pending sale,,,,,,,,,,,,,,,,,2026-01-06T00:00:00.000Z,Contingent,2025-11-24T00:00:00.000Z,Listed for sale,2019-04-28T00:00:00.000Z,Sold,2019-03-14T00:00:00.000Z,Listed for sale,2015-06-03T00:00:00.000Z,Sold,2008-05-27T00:00:00.000Z,Sold,2007-05-31T00:00:00.000Z,Sold,,1400,https://www.zillow.com/homedetails/3420-Bentonville-Dr-Conway-AR-72032/82249372_zpid/
3,9,/homedetails/2105-Lookout-Ave-Conway-AR-72034/235105_zpid/,FOR_RENT,40000,"2105 Lookout Ave, Conway, AR 72034",2105 Lookout Ave,1600,,,,,,,,,,,,,,,,,,,,,,,,,,,,,,,,,,,,,,,,,,,,,,,,,,,,,,,,,1080,1600,https://www.zillow.com/homedetails/2105-Lookout-Ave-Conway-AR-72034/235105_zpid/
3,18,/homedetails/2220-Chase-Dr-Conway-AR-72034/35730147_zpid/,FOR_RENT,141000,"2220 Chase Dr, Conway, AR 72034",2220 Chase Dr,1850,2026-07-16T00:00:00.000Z,Listed for rent,2025-04-11T00:00:00.000Z,Listing removed,2006-02-08T00:00:00.000Z,Sold,,,,,,,,,,,,,,,,,,,2025-04-06T00:00:00.000Z,Listed for rent,,,,,,,,,,,,,,,,,2025-03-29T00:00:00.000Z,Listing removed,2025-01-19T00:00:00.000Z,Price change,2025-01-18T00:00:00.000Z,Listed for rent,2012-10-25T00:00:00.000Z,Sold,2011-08-25T00:00:00.000Z,Sold,2009-07-29T00:00:00.000Z,Sold,2009-04-13T00:00:00.000Z,Sold,1582,1850,https://www.zillow.com/homedetails/2220-Chase-Dr-Conway-AR-72034/35730147_zpid/
3,23,/homedetails/Conway-AR-72034/241235_zpid/,FOR_RENT,131000,"(Undisclosed Address), Conway, AR 72034",(Undisclosed Address),1800,2026-07-12T00:00:00.000Z,Listed for rent,2026-06-15T00:00:00.000Z,Listing removed,2013-02-04T00:00:00.000Z,Sold,2006-01-27T00:00:00.000Z,Sold,,,,,,,,,,,,,,,,,2026-05-25T00:00:00.000Z,Listed for rent,,,,,,,,,,,,,,,,,2026-05-16T00:00:00.000Z,Listing removed,2026-04-25T00:00:00.000Z,Listed for rent,2024-05-02T00:00:00.000Z,Listing removed,2024-04-11T00:00:00.000Z,Listed for rent,2021-08-22T00:00:00.000Z,Listing removed,2021-08-02T00:00:00.000Z,Listed for rent,2013-04-18T00:00:00.000Z,Sold,1689,1800,https://www.zillow.com/homedetails/Conway-AR-72034/241235_zpid/
4,40,/homedetails/4521-Western-Woods-Dr-Benton-AR-72015/2057974580_zpid/,FOR_RENT,313100,"4521 Western Woods Dr, Benton, AR 72015",4521 Western Woods Dr,1945,2026-06-25T00:00:00.000Z,Listed for rent,2023-05-03T00:00:00.000Z,Listing removed,,,,,,,,,,,,,,,,,,,,,2023-04-24T00:00:00.000Z,Price change,,,,,,,,,,,,,,,,,2023-04-22T00:00:00.000Z,Listed for rent,2023-03-31T00:00:00.000Z,Sold,,,,,,,,,,,1843,1945,https://www.zillow.com/homedetails/4521-Western-Woods-Dr-Benton-AR-72015/2057974580_zpid/
5,35,/homedetails/2318-Redwood-Dr-Benton-AR-72015/52934050_zpid/,FOR_RENT,216000,"2318 Redwood Dr, Benton, AR 72015",2318 Redwood Dr,2095,2026-07-23T00:00:00.000Z,Price change,2026-07-14T00:00:00.000Z,Price change,2021-12-21T00:00:00.000Z,Listed for rent,2021-11-01T00:00:00.000Z,Sold,2021-10-03T00:00:00.000Z,Contingent,2021-09-30T00:00:00.000Z,Listed for sale,,,,,,,,,,,,,2026-06-29T00:00:00.000Z,Listed for rent,,,,,,,,,,,,,,,,,2024-11-05T00:00:00.000Z,Listing removed,2024-05-02T00:00:00.000Z,Listing removed,2024-05-02T00:00:00.000Z,Listed for rent,2024-04-25T00:00:00.000Z,Listing removed,2024-04-23T00:00:00.000Z,Listed for rent,2022-01-24T00:00:00.000Z,Listing removed,2022-01-19T00:00:00.000Z,Price change,1909,2095,https://www.zillow.com/homedetails/2318-Redwood-Dr-Benton-AR-72015/52934050_zpid/
3,20,/homedetails/1298-Ridge-Rd-Benton-AR-72015/114166758_zpid/,FOR_RENT,,"1298 Ridge Rd, Benton, AR 72015",1298 Ridge Rd,1245,2026-07-14T00:00:00.000Z,Listed for rent,2022-10-07T00:00:00.000Z,Listing removed,,,,,,,,,,,,,,,,,,,,,2022-09-22T00:00:00.000Z,Listed for rent,,,,,,,,,,,,,,,,,2021-09-20T00:00:00.000Z,Listing removed,2021-08-20T00:00:00.000Z,Listed for rent,,,,,,,,,,,1108,1245,https://www.zillow.com/homedetails/1298-Ridge-Rd-Benton-AR-72015/114166758_zpid/
3,48,/homedetails/781-Highway-365-Mayflower-AR-72106/227206_zpid/,FOR_RENT,165700,"781 Highway 365, Mayflower, AR 72106",781 Highway 365,1175,2026-07-28T00:00:00.000Z,Price change,2026-06-16T00:00:00.000Z,Listed for rent,,,,,,,,,,,,,,,,,,,,,2023-11-01T00:00:00.000Z,Listing removed,,,,,,,,,,,,,,,,,2023-10-21T00:00:00.000Z,Price change,2023-09-12T00:00:00.000Z,Listed for rent,2023-03-10T00:00:00.000Z,Listing removed,2023-02-13T00:00:00.000Z,Listed for rent,2013-04-30T00:00:00.000Z,Sold,2007-03-14T00:00:00.000Z,Sold,,,1140,1175,https://www.zillow.com/homedetails/781-Highway-365-Mayflower-AR-72106/227206_zpid/
3,0,/homedetails/3005-Chapman-Ct-Bryant-AR-72022/116220648_zpid/,FOR_RENT,224500,"3005 Chapman Ct, Bryant, AR 72022",3005 Chapman Ct,2100,2026-08-03T00:00:00.000Z,Listed for rent,2025-09-21T00:00:00.000Z,Listing removed,2022-08-12T00:00:00.000Z,Listed for rent,2022-07-28T00:00:00.000Z,Price change,2022-07-23T00:00:00.000Z,Listed for sale,2012-07-16T00:00:00.000Z,Sold,2012-01-19T00:00:00.000Z,Sold,,,,,,,,,,,2025-09-09T00:00:00.000Z,Price change,,,,,,,,,,,,,,,,,2025-08-02T00:00:00.000Z,Listed for rent,2024-10-14T00:00:00.000Z,Listing removed,2024-07-01T00:00:00.000Z,Listing removed,2024-06-08T00:00:00.000Z,Listed for rent,2022-09-21T00:00:00.000Z,Listing removed,2022-09-15T00:00:00.000Z,Price change,2022-09-01T00:00:00.000Z,Sold,1588,2100,https://www.zillow.com/homedetails/3005-Chapman-Ct-Bryant-AR-72022/116220648_zpid/
3,1,/homedetails/4-Colonial-Dr-Conway-AR-72034/236366_zpid/,FOR_RENT,332392,"4 Colonial Dr, Conway, AR 72034",4 Colonial Dr,1300,2026-08-03T00:00:00.000Z,Listed for rent,2020-11-13T00:00:00.000Z,Listing removed,,,,,,,,,,,,,,,,,,,,,2020-11-01T00:00:00.000Z,Price change,,,,,,,,,,,,,,,,,2020-10-07T00:00:00.000Z,Listed for sale,2014-08-07T00:00:00.000Z,Sold,,,,,,,,,,,1200,1300,https://www.zillow.com/homedetails/4-Colonial-Dr-Conway-AR-72034/236366_zpid/
4,7,/homedetails/6587-Westminster-Benton-AR-72019/120554683_zpid/,FOR_RENT,555000,"6587 Westminster, Benton, AR 72019",6587 Westminster,3695,2026-07-27T00:00:00.000Z,Listed for rent,2025-06-03T00:00:00.000Z,Listing removed,2022-06-07T00:00:00.000Z,Listing removed,2022-06-03T00:00:00.000Z,Price change,2022-06-02T00:00:00.000Z,Listed for rent,2022-05-25T00:00:00.000Z,Listing removed,2022-05-20T00:00:00.000Z,Price change,2022-05-09T00:00:00.000Z,Listed for rent,2022-04-29T00:00:00.000Z,Listing removed,2022-04-04T00:00:00.000Z,Listed for rent,2021-12-28T00:00:00.000Z,Listing removed,2021-11-28T00:00:00.000Z,Listed for rent,2025-05-23T00:00:00.000Z,Listed for rent,2021-07-07T00:00:00.000Z,Sold,2021-06-01T00:00:00.000Z,Contingent,2021-05-28T00:00:00.000Z,Listed for sale,2015-02-03T00:00:00.000Z,Sold,,,,,,,,,2025-05-21T00:00:00.000Z,Listing removed,2025-05-04T00:00:00.000Z,Listed for rent,2024-02-14T00:00:00.000Z,Listing removed,2024-01-31T00:00:00.000Z,Price change,2024-01-05T00:00:00.000Z,Price change,2023-12-15T00:00:00.000Z,Price change,2023-11-29T00:00:00.000Z,Listed for rent,3650,3695,https://www.zillow.com/homedetails/6587-Westminster-Benton-AR-72019/120554683_zpid/
3,25,/homedetails/2704-Bruce-St-Conway-AR-72034/238257_zpid/,FOR_RENT,123000,"2704 Bruce St, Conway, AR 72034",2704 Bruce St,1550,2026-07-09T00:00:00.000Z,Listed for rent,2025-08-11T00:00:00.000Z,Listing removed,,,,,,,,,,,,,,,,,,,,,2025-06-27T00:00:00.000Z,Listed for rent,,,,,,,,,,,,,,,,,2014-08-01T00:00:00.000Z,Sold,2014-06-12T00:00:00.000Z,Listed for sale,2013-01-13T00:00:00.000Z,Sold,2009-11-16T00:00:00.000Z,Sold,,,,,,,1503,1550,https://www.zillow.com/homedetails/2704-Bruce-St-Conway-AR-72034/238257_zpid/
3,8,/homedetails/227-Iris-St-Haskell-AR-72015/2060765172_zpid/,FOR_RENT,195000,"227 Iris St, Haskell, AR 72015",227 Iris St,1795,2026-07-27T00:00:00.000Z,Listed for rent,2023-02-16T00:00:00.000Z,Listing removed,,,,,,,,,,,,,,,,,,,,,2023-02-08T00:00:00.000Z,Price change,,,,,,,,,,,,,,,,,2023-01-26T00:00:00.000Z,Price change,2022-12-09T00:00:00.000Z,Listed for rent,2022-11-10T00:00:00.000Z,Sold,,,,,,,,,1420,1795,https://www.zillow.com/homedetails/227-Iris-St-Haskell-AR-72015/2060765172_zpid/
4,0,/homedetails/6065-Discovery-Trl-Bauxite-AR-72011/442588179_zpid/,FOR_RENT,192660,"6065 Discovery Trl, Bauxite, AR 72011",6065 Discovery Trl,1595,2026-08-03T00:00:00.000Z,Listed for rent,2025-07-01T00:00:00.000Z,Listing removed,2024-12-14T00:00:00.000Z,Listed for sale,2024-11-22T00:00:00.000Z,Listing removed,2024-11-14T00:00:00.000Z,Listed for sale,,,,,,,,,,,,,,,2025-05-23T00:00:00.000Z,Listed for rent,,,,,,,,,,,,,,,,,2025-05-09T00:00:00.000Z,Sold,2025-05-01T00:00:00.000Z,Contingent,2025-04-15T00:00:00.000Z,Price change,2025-04-04T00:00:00.000Z,Price change,2025-03-07T00:00:00.000Z,Price change,2025-02-28T00:00:00.000Z,Price change,2025-01-30T00:00:00.000Z,Price change,1459,1595,https://www.zillow.com/homedetails/6065-Discovery-Trl-Bauxite-AR-72011/442588179_zpid/
3,0,/homedetails/17-Greenbrier-Dr-Benton-AR-72015/386172_zpid/,FOR_RENT,143000,"17 Greenbrier Dr, Benton, AR 72015",17 Greenbrier Dr,1625,2026-08-03T00:00:00.000Z,Listed for rent,2026-02-23T00:00:00.000Z,Listing removed,2021-12-31T00:00:00.000Z,Listed for rent,2021-11-19T00:00:00.000Z,Sold,2014-09-17T00:00:00.000Z,Listing removed,2014-07-15T00:00:00.000Z,Listed for rent,2007-07-20T00:00:00.000Z,Sold,2006-08-01T00:00:00.000Z,Sold,,,,,,,,,2026-02-19T00:00:00.000Z,Price change,,,,,,,,,,,,,,,,,2026-01-29T00:00:00.000Z,Price change,2026-01-15T00:00:00.000Z,Price change,2025-12-30T00:00:00.000Z,Price change,2025-11-24T00:00:00.000Z,Listed for rent,2024-10-01T00:00:00.000Z,Listing removed,2024-08-29T00:00:00.000Z,Listed for rent,2022-03-07T00:00:00.000Z,Listing removed,1460,1625,https://www.zillow.com/homedetails/17-Greenbrier-Dr-Benton-AR-72015/386172_zpid/
4,0,/homedetails/2510-Eagle-Run-Benton-AR-72015/383043_zpid/,FOR_RENT,135000,"2510 Eagle Run, Benton, AR 72015",2510 Eagle Run,1695,2026-08-03T00:00:00.000Z,Listed for rent,2025-07-19T00:00:00.000Z,Listing removed,2019-12-08T00:00:00.000Z,Price change,2019-12-07T00:00:00.000Z,Price change,2019-12-04T00:00:00.000Z,Price change,2019-12-01T00:00:00.000Z,Price change,2019-11-30T00:00:00.000Z,Price change,2019-11-29T00:00:00.000Z,Price change,2019-11-26T00:00:00.000Z,Price change,2019-11-25T00:00:00.000Z,Price change,2019-11-23T00:00:00.000Z,Price change,2019-11-19T00:00:00.000Z,Price change,2025-07-10T00:00:00.000Z,Price change,2019-11-17T00:00:00.000Z,Price change,2019-11-13T00:00:00.000Z,Listed for sale,,,,,,,,,,,,,2025-07-02T00:00:00.000Z,Price change,2025-06-26T00:00:00.000Z,Price change,2025-04-30T00:00:00.000Z,Listed for rent,2024-04-10T00:00:00.000Z,Listing removed,2024-04-04T00:00:00.000Z,Listed for rent,2021-07-09T00:00:00.000Z,Sold,2019-12-11T00:00:00.000Z,Sold,1644,1695,https://www.zillow.com/homedetails/2510-Eagle-Run-Benton-AR-72015/383043_zpid/
4,2,/homedetails/6032-Orange-Valley-Cv-Mabelvale-AR-72103/2062762647_zpid/,FOR_RENT,,"6032 Orange Valley Cv, Mabelvale, AR 72103",6032 Orange Valley Cv,1675,2026-08-01T00:00:00.000Z,Listed for rent,2022-06-27T00:00:00.000Z,Listing removed,,,,,,,,,,,,,,,,,,,,,2022-06-15T00:00:00.000Z,Listed for rent,,,,,,,,,,,,,,,,,,,,,,,,,,,,,,,1504,1675,https://www.zillow.com/homedetails/6032-Orange-Valley-Cv-Mabelvale-AR-72103/2062762647_zpid/
4,55,/homedetails/12239-Skyview-Dr-Bauxite-AR-72011/71715798_zpid/,FOR_RENT,135000,"12239 Skyview Dr, Bauxite, AR 72011",12239 Skyview Dr,1725,2026-07-30T00:00:00.000Z,Price change,2026-06-09T00:00:00.000Z,Listed for rent,,,,,,,,,,,,,,,,,,,,,2024-05-15T00:00:00.000Z,Sold,,,,,,,,,,,,,,,,,2021-02-06T00:00:00.000Z,Sold,2020-10-27T00:00:00.000Z,Price change,2020-09-10T00:00:00.000Z,Listed for sale,2008-07-10T00:00:00.000Z,Sold,,,,,,,1600,1725,https://www.zillow.com/homedetails/12239-Skyview-Dr-Bauxite-AR-72011/71715798_zpid/
3,4,/homedetails/7000-Cold-Crk-Alexander-AR-72002/454188885_zpid/,FOR_RENT,,"7000 Cold Crk, Alexander, AR 72002",7000 Cold Crk,2475,2026-07-31T00:00:00.000Z,Listed for rent,2026-07-25T00:00:00.000Z,Listing removed,,,,,,,,,,,,,,,,,,,,,2026-06-11T00:00:00.000Z,Listing removed,,,,,,,,,,,,,,,,,2026-06-04T00:00:00.000Z,Listed for rent,2026-02-26T00:00:00.000Z,Listed for sale,2026-02-22T00:00:00.000Z,Listing removed,2025-06-30T00:00:00.000Z,Listed for sale,,,,,,,2429,2475,https://www.zillow.com/homedetails/7000-Cold-Crk-Alexander-AR-72002/454188885_zpid/
3,61,/homedetails/3280-Sidell-Estates-Dr-Benton-AR-72015/2060825478_zpid/,FOR_RENT,198945,"3280 Sidell Estates Dr, Benton, AR 72015",3280 Sidell Estates Dr,1445,2026-07-30T00:00:00.000Z,Price change,2026-07-23T00:00:00.000Z,Price change,2023-03-29T00:00:00.000Z,Listing removed,2023-03-08T00:00:00.000Z,Listed for rent,2023-02-14T00:00:00.000Z,Sold,2023-01-20T00:00:00.000Z,Contingent,2022-12-27T00:00:00.000Z,Price change,2022-11-04T00:00:00.000Z,Listed for sale,,,,,,,,,2026-07-16T00:00:00.000Z,Price change,,,,,,,,,,,,,,,,,2026-07-09T00:00:00.000Z,Price change,2026-06-03T00:00:00.000Z,Listed for rent,2024-11-07T00:00:00.000Z,Listing removed,2024-10-31T00:00:00.000Z,Price change,2024-08-30T00:00:00.000Z,Listed for rent,2024-08-19T00:00:00.000Z,Listing removed,2024-07-20T00:00:00.000Z,Listed for rent,1422,1445,https://www.zillow.com/homedetails/3280-Sidell-Estates-Dr-Benton-AR-72015/2060825478_zpid/
4,7,/homedetails/5399-Heritage-Valley-Dr-Benton-AR-72019/2062299989_zpid/,FOR_RENT,245000,"5399 Heritage Valley Dr, Benton, AR 72019",5399 Heritage Valley Dr,2000,2026-07-27T00:00:00.000Z,Listed for rent,2026-07-15T00:00:00.000Z,Listing removed,2024-11-30T00:00:00.000Z,Price change,2024-10-04T00:00:00.000Z,Price change,2024-09-29T00:00:00.000Z,Price change,2024-09-07T00:00:00.000Z,Listed for sale,2022-08-29T00:00:00.000Z,Sold,,,,,,,,,,,2026-05-22T00:00:00.000Z,Price change,,,,,,,,,,,,,,,,,2026-04-02T00:00:00.000Z,Listed for sale,2026-04-01T00:00:00.000Z,Listing removed,2025-11-06T00:00:00.000Z,Price change,2025-10-13T00:00:00.000Z,Price change,2025-10-04T00:00:00.000Z,Listed for sale,2025-02-24T00:00:00.000Z,Sold,2025-02-05T00:00:00.000Z,Contingent,1790,2000,https://www.zillow.com/homedetails/5399-Heritage-Valley-Dr-Benton-AR-72019/2062299989_zpid/
3,3,/homedetails/203-Logan-Dr-Maumelle-AR-72113/2057186362_zpid/,FOR_RENT,,"203 Logan Dr, Maumelle, AR 72113",203 Logan Dr,1830,2026-07-31T00:00:00.000Z,Listed for rent,2024-08-27T00:00:00.000Z,Listing removed,,,,,,,,,,,,,,,,,,,,,2024-08-01T00:00:00.000Z,Listed for rent,,,,,,,,,,,,,,,,,2023-06-19T00:00:00.000Z,Listing removed,2023-06-10T00:00:00.000Z,Listed for rent,,,,,,,,,,,1472,1830,https://www.zillow.com/homedetails/203-Logan-Dr-Maumelle-AR-72113/2057186362_zpid/
5,17,/homedetails/15-Piney-Cove-Mnr-Maumelle-AR-72113/327022_zpid/,FOR_RENT,21000,"15 Piney Cove Mnr, Maumelle, AR 72113",15 Piney Cove Mnr,2495,2026-07-17T00:00:00.000Z,Listed for rent,2025-10-08T00:00:00.000Z,Listing removed,,,,,,,,,,,,,,,,,,,,,2025-09-29T00:00:00.000Z,Price change,,,,,,,,,,,,,,,,,2025-09-23T00:00:00.000Z,Listed for rent,2013-04-30T00:00:00.000Z,Sold,1989-11-01T00:00:00.000Z,Sold,,,,,,,,,2407,2495,https://www.zillow.com/homedetails/15-Piney-Cove-Mnr-Maumelle-AR-72113/327022_zpid/
3,55,/homedetails/3006-Hilldale-Rd-Alexander-AR-72002/368446_zpid/,FOR_RENT,210000,"3006 Hilldale Rd, Alexander, AR 72002",3006 Hilldale Rd,1845,2026-07-29T00:00:00.000Z,Price change,2026-06-09T00:00:00.000Z,Listed for rent,2024-09-25T00:00:00.000Z,Price change,2024-09-24T00:00:00.000Z,Listed for rent,2024-05-21T00:00:00.000Z,Listing removed,2024-05-13T00:00:00.000Z,Price change,2024-05-10T00:00:00.000Z,Price change,2024-05-09T00:00:00.000Z,Price change,2024-05-02T00:00:00.000Z,Price change,2024-05-01T00:00:00.000Z,Price change,2024-04-25T00:00:00.000Z,Price change,2024-04-02T00:00:00.000Z,Listed for rent,2025-05-30T00:00:00.000Z,Listing removed,2024-01-08T00:00:00.000Z,Listing removed,2023-10-01T00:00:00.000Z,Price change,2023-08-19T00:00:00.000Z,Price change,2023-08-02T00:00:00.000Z,Listed for sale,2022-09-20T00:00:00.000Z,Listing removed,2021-06-21T00:00:00.000Z,Sold,2017-02-15T00:00:00.000Z,Sold,,,2025-04-23T00:00:00.000Z,Price change,2025-03-15T00:00:00.000Z,Listed for rent,2024-11-06T00:00:00.000Z,Listing removed,2024-10-24T00:00:00.000Z,Price change,2024-10-16T00:00:00.000Z,Price change,2024-10-10T00:00:00.000Z,Listed for rent,2024-10-01T00:00:00.000Z,Listing removed,1960,1845,https://www.zillow.com/homedetails/3006-Hilldale-Rd-Alexander-AR-72002/368446_zpid/
3,26,/homedetails/5-Weatherwood-Dr-Greenbrier-AR-72058/102993946_zpid/,FOR_RENT,154000,"5 Weatherwood Dr, Greenbrier, AR 72058",5 Weatherwood Dr,1600,2026-07-09T00:00:00.000Z,Listed for rent,2022-10-04T00:00:00.000Z,Listing removed,,,,,,,,,,,,,,,,,,,,,2022-09-19T00:00:00.000Z,Listed for rent,,,,,,,,,,,,,,,,,2022-09-16T00:00:00.000Z,Listed for sale,2008-04-30T00:00:00.000Z,Sold,,,,,,,,,,,1547,1600,https://www.zillow.com/homedetails/5-Weatherwood-Dr-Greenbrier-AR-72058/102993946_zpid/
4,46,/homedetails/9207-Pleasant-Valley-Dr-Alexander-AR-72002/305110248_zpid/,FOR_RENT,,"9207 Pleasant Valley Dr, Alexander, AR 72002",9207 Pleasant Valley Dr,1695,2026-07-09T00:00:00.000Z,Listed for rent,2026-06-26T00:00:00.000Z,Listing removed,,,,,,,,,,,,,,,,,,,,,2026-06-18T00:00:00.000Z,Listed for rent,,,,,,,,,,,,,,,,,2023-10-30T00:00:00.000Z,Listing removed,2023-10-26T00:00:00.000Z,Listed for rent,,,,,,,,,,,1476,1695,https://www.zillow.com/homedetails/9207-Pleasant-Valley-Dr-Alexander-AR-72002/305110248_zpid/
3,13,/homedetails/9-Jarman-Ln-Vilonia-AR-72173/225149_zpid/,FOR_RENT,230000,"9 Jarman Ln, Vilonia, AR 72173",9 Jarman Ln,2000,2026-07-21T00:00:00.000Z,Listed for rent,2026-07-02T00:00:00.000Z,Listing removed,,,,,,,,,,,,,,,,,,,,,2026-05-29T00:00:00.000Z,Listed for rent,,,,,,,,,,,,,,,,,2013-07-03T00:00:00.000Z,Sold,2012-07-19T00:00:00.000Z,Sold,,,,,,,,,,,2100,2000,https://www.zillow.com/homedetails/9-Jarman-Ln-Vilonia-AR-72173/225149_zpid/
3,52,/homedetails/56-Eden-Valley-Ranch-Rd-Vilonia-AR-72173/102990816_zpid/,FOR_RENT,91800,"56 Eden Valley Ranch Rd, Vilonia, AR 72173",56 Eden Valley Ranch Rd,1295,2026-07-20T00:00:00.000Z,Price change,2026-07-02T00:00:00.000Z,Price change,,,,,,,,,,,,,,,,,,,,,2026-06-22T00:00:00.000Z,Price change,,,,,,,,,,,,,,,,,2026-06-13T00:00:00.000Z,Listed for rent,2024-04-05T00:00:00.000Z,Sold,2024-03-07T00:00:00.000Z,Listing removed,2024-02-29T00:00:00.000Z,Listed for sale,2022-08-05T00:00:00.000Z,Sold,2022-06-16T00:00:00.000Z,Listed for sale,,,1280,1295,https://www.zillow.com/homedetails/56-Eden-Valley-Ranch-Rd-Vilonia-AR-72173/102990816_zpid/
3,27,/homedetails/117-Logan-Dr-Maumelle-AR-72113/2057186355_zpid/,FOR_RENT,,"117 Logan Dr, Maumelle, AR 72113",117 Logan Dr,1835,2026-07-07T00:00:00.000Z,Listed for rent,2023-07-30T00:00:00.000Z,Listing removed,,,,,,,,,,,,,,,,,,,,,2023-07-29T00:00:00.000Z,Listed for rent,,,,,,,,,,,,,,,,,2023-07-29T00:00:00.000Z,Listing removed,2023-06-10T00:00:00.000Z,Listed for rent,,,,,,,,,,,1472,1835,https://www.zillow.com/homedetails/117-Logan-Dr-Maumelle-AR-72113/2057186355_zpid/
3,17,/homedetails/205-Logan-Dr-Maumelle-AR-72113/2057186361_zpid/,FOR_RENT,,"205 Logan Dr, Maumelle, AR 72113",205 Logan Dr,1795,2026-07-17T00:00:00.000Z,Listed for rent,2025-09-04T00:00:00.000Z,Listing removed,,,,,,,,,,,,,,,,,,,,,2025-09-03T00:00:00.000Z,Listed for rent,,,,,,,,,,,,,,,,,2025-09-03T00:00:00.000Z,Listing removed,2025-08-29T00:00:00.000Z,Price change,2025-07-15T00:00:00.000Z,Listed for rent,2023-09-10T00:00:00.000Z,Listing removed,2023-09-09T00:00:00.000Z,Listed for rent,2023-09-08T00:00:00.000Z,Listing removed,2023-06-10T00:00:00.000Z,Listed for rent,1472,1795,https://www.zillow.com/homedetails/205-Logan-Dr-Maumelle-AR-72113/2057186361_zpid/
3,91,/homedetails/18-Kimberly-Dr-Vilonia-AR-72173/245526_zpid/,FOR_RENT,270000,"18 Kimberly Dr, Vilonia, AR 72173",18 Kimberly Dr,1995,2026-05-04T00:00:00.000Z,Listed for rent,2026-01-05T00:00:00.000Z,Sold,,,,,,,,,,,,,,,,,,,,,2025-11-20T00:00:00.000Z,Listed for sale,,,,,,,,,,,,,,,,,2025-11-20T00:00:00.000Z,Listing removed,2025-09-18T00:00:00.000Z,Listed for sale,2015-07-09T00:00:00.000Z,Sold,2000-03-15T00:00:00.000Z,Sold,,,,,,,1954,1995,https://www.zillow.com/homedetails/18-Kimberly-Dr-Vilonia-AR-72173/245526_zpid/
3,42,/homedetails/600-S-Davis-St-Conway-AR-72034/235022_zpid/,FOR_RENT,108500,"600 S Davis St, Conway, AR 72034",600 S Davis St,1525,2026-07-20T00:00:00.000Z,Price change,2026-07-06T00:00:00.000Z,Price change,,,,,,,,,,,,,,,,,,,,,2026-06-22T00:00:00.000Z,Listed for rent,,,,,,,,,,,,,,,,,2022-10-20T00:00:00.000Z,Listing removed,2022-10-11T00:00:00.000Z,Price change,2022-09-22T00:00:00.000Z,Listed for rent,2017-06-15T00:00:00.000Z,Sold,2017-05-06T00:00:00.000Z,Listed for sale,2015-04-17T00:00:00.000Z,Sold,2005-07-22T00:00:00.000Z,Sold,1728,1525,https://www.zillow.com/homedetails/600-S-Davis-St-Conway-AR-72034/235022_zpid/
4,28,/homedetails/124-Im-Dr-Maumelle-AR-72113/2056969175_zpid/,FOR_RENT,222925,"124 Im Dr, Maumelle, AR 72113",124 Im Dr,1950,2026-07-06T00:00:00.000Z,Listed for rent,2025-08-27T00:00:00.000Z,Listing removed,,,,,,,,,,,,,,,,,,,,,2025-07-18T00:00:00.000Z,Listed for rent,,,,,,,,,,,,,,,,,2024-08-21T00:00:00.000Z,Listing removed,2024-07-30T00:00:00.000Z,Listed for rent,2023-09-26T00:00:00.000Z,Sold,,,,,,,,,1500,1950,https://www.zillow.com/homedetails/124-Im-Dr-Maumelle-AR-72113/2056969175_zpid/
3,33,/homedetails/10413-Cypress-Knee-Dr-Maumelle-AR-72113/2060938533_zpid/,FOR_RENT,,"10413 Cypress Knee Dr, Maumelle, AR 72113",10413 Cypress Knee Dr,1800,2026-07-01T00:00:00.000Z,Listed for rent,2025-04-22T00:00:00.000Z,Listing removed,,,,,,,,,,,,,,,,,,,,,2025-04-04T00:00:00.000Z,Listed for rent,,,,,,,,,,,,,,,,,2022-11-13T00:00:00.000Z,Listing removed,2022-10-25T00:00:00.000Z,Listed for rent,,,,,,,,,,,1480,1800,https://www.zillow.com/homedetails/10413-Cypress-Knee-Dr-Maumelle-AR-72113/2060938533_zpid/
3,208,/homedetails/3915-Ledbetter-Dr-Conway-AR-72034/242880_zpid/,FOR_RENT,134000,"3915 Ledbetter Dr, Conway, AR 72034",3915 Ledbetter Dr,1100,2026-01-14T00:00:00.000Z,Listed for rent,2026-01-14T00:00:00.000Z,Listing removed,2023-01-25T00:00:00.000Z,Price change,2022-11-23T00:00:00.000Z,Listed for rent,2022-11-14T00:00:00.000Z,Sold,2022-10-13T00:00:00.000Z,Contingent,2022-10-09T00:00:00.000Z,Listed for sale,2015-07-17T00:00:00.000Z,Sold,2002-05-31T00:00:00.000Z,Sold,,,,,,,2026-01-08T00:00:00.000Z,Listed for rent,,,,,,,,,,,,,,,,,2024-12-09T00:00:00.000Z,Listing removed,2024-10-16T00:00:00.000Z,Price change,2024-08-16T00:00:00.000Z,Listed for rent,2024-02-29T00:00:00.000Z,Listing removed,2024-02-16T00:00:00.000Z,Price change,2024-01-08T00:00:00.000Z,Listed for rent,2023-02-08T00:00:00.000Z,Listing removed,1052,1100,https://www.zillow.com/homedetails/3915-Ledbetter-Dr-Conway-AR-72034/242880_zpid/
3,6,/homedetails/13-Holly-Brook-Cv-Maumelle-AR-72113/35734402_zpid/,FOR_RENT,112749,"13 Holly Brook Cv, Maumelle, AR 72113",13 Holly Brook Cv,1700,2026-07-28T00:00:00.000Z,Listed for rent,2007-02-28T00:00:00.000Z,Sold,,,,,,,,,,,,,,,,,,,,,2002-10-07T00:00:00.000Z,Sold,,,,,,,,,,,,,,,,,2000-05-31T00:00:00.000Z,Sold,1997-06-09T00:00:00.000Z,Sold,,,,,,,,,,,1272,1700,https://www.zillow.com/homedetails/13-Holly-Brook-Cv-Maumelle-AR-72113/35734402_zpid/
2,34,/homedetails/7-Southland-Dr-Maumelle-AR-72113/2109744736_zpid/,FOR_RENT,,"7 Southland Dr, Maumelle, AR 72113",7 Southland Dr,850,2026-06-30T00:00:00.000Z,Listed for rent,2018-07-15T00:00:00.000Z,Listing removed,,,,,,,,,,,,,,,,,,,,,2018-06-28T00:00:00.000Z,Listed for rent,,,,,,,,,,,,,,,,,2016-06-28T00:00:00.000Z,Listing removed,2014-12-12T00:00:00.000Z,Listing removed,2014-07-29T00:00:00.000Z,Listed for rent,2013-12-30T00:00:00.000Z,Listing removed,2013-11-27T00:00:00.000Z,Listed for rent,,,,,925,850,https://www.zillow.com/homedetails/7-Southland-Dr-Maumelle-AR-72113/2109744736_zpid/
3,16,/homedetails/31-Vantage-Dr-Maumelle-AR-72113/326142_zpid/,FOR_RENT,198000,"31 Vantage Dr, Maumelle, AR 72113",31 Vantage Dr,1500,2026-08-04T00:00:00.000Z,Price change,2026-07-18T00:00:00.000Z,Listed for rent,2002-01-17T00:00:00.000Z,Sold,,,,,,,,,,,,,,,,,,,2024-04-06T00:00:00.000Z,Listing removed,,,,,,,,,,,,,,,,,2024-04-03T00:00:00.000Z,Price change,2024-03-28T00:00:00.000Z,Listed for rent,2021-03-24T00:00:00.000Z,Listing removed,2017-10-24T00:00:00.000Z,Listing removed,2017-09-24T00:00:00.000Z,Listed for rent,2013-01-07T00:00:00.000Z,Sold,2006-03-20T00:00:00.000Z,Sold,1300,1500,https://www.zillow.com/homedetails/31-Vantage-Dr-Maumelle-AR-72113/326142_zpid/
4,40,/homedetails/1088-Huntington-Dr-Benton-AR-72019/2062453392_zpid/,FOR_RENT,,"1088 Huntington Dr, Benton, AR 72019",1088 Huntington Dr,1595,2026-07-23T00:00:00.000Z,Price change,2026-06-25T00:00:00.000Z,Listed for rent,2022-07-12T00:00:00.000Z,Price change,2022-07-08T00:00:00.000Z,Listed for sale,,,,,,,,,,,,,,,,,2022-12-30T00:00:00.000Z,Listing removed,,,,,,,,,,,,,,,,,2022-12-14T00:00:00.000Z,Price change,2022-11-22T00:00:00.000Z,Price change,2022-10-26T00:00:00.000Z,Listed for rent,2022-09-10T00:00:00.000Z,Listing removed,2022-08-23T00:00:00.000Z,Price change,2022-08-02T00:00:00.000Z,Price change,2022-07-25T00:00:00.000Z,Price change,1640,1595,https://www.zillow.com/homedetails/1088-Huntington-Dr-Benton-AR-72019/2062453392_zpid/
3,82,/homedetails/3153-Stonewall-Dr-Benton-AR-72015/92431831_zpid/,FOR_RENT,420000,"3153 Stonewall Dr, Benton, AR 72015",3153 Stonewall Dr,2099,2026-06-17T00:00:00.000Z,Price change,2026-05-13T00:00:00.000Z,Listed for rent,,,,,,,,,,,,,,,,,,,,,2026-02-02T00:00:00.000Z,Listing removed,,,,,,,,,,,,,,,,,2025-11-17T00:00:00.000Z,Listed for rent,2023-06-16T00:00:00.000Z,Listing removed,2023-05-24T00:00:00.000Z,Listed for rent,2008-10-03T00:00:00.000Z,Sold,2007-07-18T00:00:00.000Z,Sold,2007-03-01T00:00:00.000Z,Sold,,,2104,2099,https://www.zillow.com/homedetails/3153-Stonewall-Dr-Benton-AR-72015/92431831_zpid/
3,118,/homedetails/3225-Jean-Cv-Alexander-AR-72002/378862_zpid/,FOR_RENT,,"3225 Jean Cv, Alexander, AR 72002",3225 Jean Cv,2600,2026-07-27T00:00:00.000Z,Price change,2026-04-07T00:00:00.000Z,Listed for rent,,,,,,,,,,,,,,,,,,,,,,,,,,,,,,,,,,,,,,,,,,,,,,,,,,,,,2827,2600,https://www.zillow.com/homedetails/3225-Jean-Cv-Alexander-AR-72002/378862_zpid/
3,48,/homedetails/14806-White-Oaks-Ln-Mabelvale-AR-72103/377453_zpid/,FOR_RENT,135000,"14806 White Oaks Ln, Mabelvale, AR 72103",14806 White Oaks Ln,1445,2026-07-29T00:00:00.000Z,Price change,2026-07-09T00:00:00.000Z,Price change,2021-10-19T00:00:00.000Z,Contingent,2021-10-16T00:00:00.000Z,Price change,2021-10-08T00:00:00.000Z,Listed for sale,2021-08-19T00:00:00.000Z,Contingent,2021-08-09T00:00:00.000Z,Listed for sale,2021-07-26T00:00:00.000Z,Sold,2006-08-30T00:00:00.000Z,Sold,,,,,,,2026-06-16T00:00:00.000Z,Listed for rent,,,,,,,,,,,,,,,,,2026-06-03T00:00:00.000Z,Listing removed,2026-05-07T00:00:00.000Z,Listed for rent,2022-04-20T00:00:00.000Z,Listing removed,2022-04-14T00:00:00.000Z,Price change,2022-03-30T00:00:00.000Z,Price change,2022-01-20T00:00:00.000Z,Listed for rent,2021-11-08T00:00:00.000Z,Sold,1383,1445,https://www.zillow.com/homedetails/14806-White-Oaks-Ln-Mabelvale-AR-72103/377453_zpid/
2,27,/homedetails/9706-Elderberry-Trl-Maumelle-AR-72113/453342131_zpid/,FOR_RENT,,"9706 Elderberry Trl, Maumelle, AR 72113",9706 Elderberry Trl,800,2026-07-07T00:00:00.000Z,Listed for rent,,,,,,,,,,,,,,,,,,,,,,,,,,,,,,,,,,,,,,,,,,,,,,,,,,,,,,,868,800,https://www.zillow.com/homedetails/9706-Elderberry-Trl-Maumelle-AR-72113/453342131_zpid/
3,49,/homedetails/2555-Winchester-Dr-Conway-AR-72032/239881_zpid/,FOR_RENT,180000,"2555 Winchester Dr, Conway, AR 72032",2555 Winchester Dr,1450,2026-07-20T00:00:00.000Z,Price change,2026-07-01T00:00:00.000Z,Price change,2025-02-26T00:00:00.000Z,Listing removed,2025-01-08T00:00:00.000Z,Listed for rent,2024-11-23T00:00:00.000Z,Listing removed,2024-11-02T00:00:00.000Z,Listed for rent,2024-10-26T00:00:00.000Z,Listing removed,2024-10-14T00:00:00.000Z,Price change,2024-09-18T00:00:00.000Z,Price change,2024-09-03T00:00:00.000Z,Listed for rent,2015-06-12T00:00:00.000Z,Sold,1996-09-18T00:00:00.000Z,Sold,2026-06-15T00:00:00.000Z,Listed for rent,1994-12-02T00:00:00.000Z,Sold,,,,,,,,,,,,,,,2026-05-08T00:00:00.000Z,Listing removed,2026-05-01T00:00:00.000Z,Listed for rent,2025-05-29T00:00:00.000Z,Listing removed,2025-05-22T00:00:00.000Z,Listed for rent,2025-04-07T00:00:00.000Z,Sold,2025-03-08T00:00:00.000Z,Contingent,2025-03-05T00:00:00.000Z,Listed for sale,1104,1450,https://www.zillow.com/homedetails/2555-Winchester-Dr-Conway-AR-72032/239881_zpid/
3,318,/homedetails/14025-Cottontail-Ln-Alexander-AR-72002/52934775_zpid/,FOR_RENT,120000,"14025 Cottontail Ln, Alexander, AR 72002",14025 Cottontail Ln,1595,2026-06-24T00:00:00.000Z,Listing removed,2026-02-15T00:00:00.000Z,Listed for sale,,,,,,,,,,,,,,,,,,,,,2025-09-20T00:00:00.000Z,Listed for rent,,,,,,,,,,,,,,,,,2025-07-01T00:00:00.000Z,Sold,2022-04-20T00:00:00.000Z,Sold,2005-05-09T00:00:00.000Z,Sold,,,,,,,,,1224,1595,https://www.zillow.com/homedetails/14025-Cottontail-Ln-Alexander-AR-72002/52934775_zpid/
4,10,/homedetails/136-Chambery-Dr-Maumelle-AR-72113/122005734_zpid/,FOR_RENT,,"136 Chambery Dr, Maumelle, AR 72113",136 Chambery Dr,2400,2026-07-24T00:00:00.000Z,Listed for rent,2018-04-13T00:00:00.000Z,Listing removed,,,,,,,,,,,,,,,,,,,,,2018-03-27T00:00:00.000Z,Listed for rent,,,,,,,,,,,,,,,,,2018-01-22T00:00:00.000Z,Listing removed,2017-12-29T00:00:00.000Z,Listed for rent,2017-03-30T00:00:00.000Z,Listing removed,2017-01-27T00:00:00.000Z,Listed for sale,,,,,,,1651,2400,https://www.zillow.com/homedetails/136-Chambery-Dr-Maumelle-AR-72113/122005734_zpid/
3,20,/homedetails/80-Garden-Oaks-Dr-Maumelle-AR-72113/326252_zpid/,FOR_RENT,139900,"80 Garden Oaks Dr, Maumelle, AR 72113",80 Garden Oaks Dr,1650,2026-07-14T00:00:00.000Z,Listed for rent,2025-02-18T00:00:00.000Z,Listing removed,2014-07-14T00:00:00.000Z,Sold,2014-06-05T00:00:00.000Z,Price change,2014-04-25T00:00:00.000Z,Listed for sale,2014-01-29T00:00:00.000Z,Sold,2013-07-19T00:00:00.000Z,Sold,1997-10-13T00:00:00.000Z,Sold,,,,,,,,,2025-01-20T00:00:00.000Z,Listed for rent,,,,,,,,,,,,,,,,,2024-02-15T00:00:00.000Z,Listing removed,2024-01-18T00:00:00.000Z,Listed for rent,2021-02-23T00:00:00.000Z,Listing removed,2020-06-27T00:00:00.000Z,Listing removed,2020-06-21T00:00:00.000Z,Listed for rent,2014-10-28T00:00:00.000Z,Listing removed,2014-10-17T00:00:00.000Z,Sold,1300,1650,https://www.zillow.com/homedetails/80-Garden-Oaks-Dr-Maumelle-AR-72113/326252_zpid/
3,6,/homedetails/215-Nantucket-Loop-Maumelle-AR-72113/122005891_zpid/,FOR_RENT,227000,"215 Nantucket Loop, Maumelle, AR 72113",215 Nantucket Loop,1825,2026-07-28T00:00:00.000Z,Listed for rent,2022-08-31T00:00:00.000Z,Listing removed,2014-06-17T00:00:00.000Z,Sold,,,,,,,,,,,,,,,,,,,2022-08-20T00:00:00.000Z,Listed for rent,,,,,,,,,,,,,,,,,2022-04-13T00:00:00.000Z,Listing removed,2022-04-05T00:00:00.000Z,Listed for rent,2021-02-28T00:00:00.000Z,Listing removed,2020-07-30T00:00:00.000Z,Listing removed,2020-07-20T00:00:00.000Z,Listed for rent,2019-04-05T00:00:00.000Z,Sold,2019-01-23T00:00:00.000Z,Listed for sale,1734,1825,https://www.zillow.com/homedetails/215-Nantucket-Loop-Maumelle-AR-72113/122005891_zpid/
3,6,/homedetails/5-Hickory-Ln-Maumelle-AR-72113/326945_zpid/,FOR_RENT,149500,"5 Hickory Ln, Maumelle, AR 72113",5 Hickory Ln,1625,2026-07-28T00:00:00.000Z,Listed for rent,2025-07-23T00:00:00.000Z,Listing removed,2022-10-04T00:00:00.000Z,Listed for rent,2021-05-20T00:00:00.000Z,Sold,2014-07-25T00:00:00.000Z,Sold,2005-02-22T00:00:00.000Z,Sold,,,,,,,,,,,,,2025-07-09T00:00:00.000Z,Listed for rent,,,,,,,,,,,,,,,,,2024-05-28T00:00:00.000Z,Listing removed,2024-05-23T00:00:00.000Z,Listed for rent,2024-05-23T00:00:00.000Z,Listing removed,2024-05-10T00:00:00.000Z,Listed for rent,2022-11-09T00:00:00.000Z,Listing removed,2022-10-20T00:00:00.000Z,Price change,2022-10-13T00:00:00.000Z,Price change,1411,1625,https://www.zillow.com/homedetails/5-Hickory-Ln-Maumelle-AR-72113/326945_zpid/
4,0,/homedetails/1105-River-Oaks-Dr-Benton-AR-72019/453260567_zpid/,FOR_RENT,,"1105 River Oaks Dr, Benton, AR 72019",1105 River Oaks Dr,2600,2026-08-04T00:00:00.000Z,Listed for rent,2025-07-28T00:00:00.000Z,Listing removed,,,,,,,,,,,,,,,,,,,,,2025-07-04T00:00:00.000Z,Price change,,,,,,,,,,,,,,,,,2025-06-21T00:00:00.000Z,Price change,2025-06-12T00:00:00.000Z,Listed for rent,,,,,,,,,,,2350,2600,https://www.zillow.com/homedetails/1105-River-Oaks-Dr-Benton-AR-72019/453260567_zpid/
3,39,/homedetails/2548-Garden-Dr-Benton-AR-72015/350936742_zpid/,FOR_RENT,,"2548 Garden Dr, Benton, AR 72015",2548 Garden Dr,1825,2026-07-17T00:00:00.000Z,Price change,2026-06-25T00:00:00.000Z,Listed for rent,,,,,,,,,,,,,,,,,,,,,2026-06-15T00:00:00.000Z,Listing removed,,,,,,,,,,,,,,,,,2026-05-29T00:00:00.000Z,Listed for rent,2026-05-22T00:00:00.000Z,Listing removed,2026-05-01T00:00:00.000Z,Listed for rent,2025-05-06T00:00:00.000Z,Listing removed,2025-04-16T00:00:00.000Z,Listed for rent,,,,,1400,1825,https://www.zillow.com/homedetails/2548-Garden-Dr-Benton-AR-72015/350936742_zpid/
4,4,/homedetails/15-Iris-Cv-Maumelle-AR-72113/327989_zpid/,FOR_RENT,380000,"15 Iris Cv, Maumelle, AR 72113",15 Iris Cv,3000,2026-07-30T00:00:00.000Z,Listed for rent,2026-07-24T00:00:00.000Z,Sold,2001-04-05T00:00:00.000Z,Sold,,,,,,,,,,,,,,,,,,,2026-05-22T00:00:00.000Z,Listed for sale,,,,,,,,,,,,,,,,,2019-02-06T00:00:00.000Z,Sold,2019-01-22T00:00:00.000Z,Pending sale,2018-12-01T00:00:00.000Z,Price change,2018-10-03T00:00:00.000Z,Price change,2018-06-15T00:00:00.000Z,Listed for sale,2015-06-26T00:00:00.000Z,Sold,2002-05-24T00:00:00.000Z,Sold,2320,3000,https://www.zillow.com/homedetails/15-Iris-Cv-Maumelle-AR-72113/327989_zpid/
3,12,/homedetails/721-S-Richards-Benton-AR-72015/389133_zpid/,FOR_RENT,29900,"721 S Richards, Benton, AR 72015",721 S Richards,1650,2026-08-03T00:00:00.000Z,Price change,2026-07-22T00:00:00.000Z,Listed for rent,,,,,,,,,,,,,,,,,,,,,2023-07-28T00:00:00.000Z,Sold,,,,,,,,,,,,,,,,,2023-07-09T00:00:00.000Z,Contingent,2023-06-29T00:00:00.000Z,Listed for sale,,,,,,,,,,,1544,1650,https://www.zillow.com/homedetails/721-S-Richards-Benton-AR-72015/389133_zpid/
4,10,/homedetails/127-Chambery-Dr-Maumelle-AR-72113/122006196_zpid/,FOR_RENT,,"127 Chambery Dr, Maumelle, AR 72113",127 Chambery Dr,2400,2026-07-24T00:00:00.000Z,Listed for rent,2019-06-07T00:00:00.000Z,Listing removed,,,,,,,,,,,,,,,,,,,,,2019-03-21T00:00:00.000Z,Price change,,,,,,,,,,,,,,,,,2019-02-14T00:00:00.000Z,Listed for rent,2017-11-15T00:00:00.000Z,Listing removed,2017-08-30T00:00:00.000Z,Price change,2017-08-08T00:00:00.000Z,Price change,2017-04-27T00:00:00.000Z,Listed for rent,,,,,1651,2400,https://www.zillow.com/homedetails/127-Chambery-Dr-Maumelle-AR-72113/122006196_zpid/
3,15,/homedetails/81-Oak-Forest-Loop-Maumelle-AR-72113/326542_zpid/,FOR_RENT,145000,"81 Oak Forest Loop, Maumelle, AR 72113",81 Oak Forest Loop,1700,2026-07-20T00:00:00.000Z,Listed for rent,2021-01-15T00:00:00.000Z,Sold,,,,,,,,,,,,,,,,,,,,,2012-10-11T00:00:00.000Z,Sold,,,,,,,,,,,,,,,,,1997-04-16T00:00:00.000Z,Sold,,,,,,,,,,,,,1300,1700,https://www.zillow.com/homedetails/81-Oak-Forest-Loop-Maumelle-AR-72113/326542_zpid/
3,13,/homedetails/717-Burton-St-Benton-AR-72015/385729_zpid/,FOR_RENT,22000,"717 Burton St, Benton, AR 72015",717 Burton St,1650,2026-08-03T00:00:00.000Z,Price change,2026-07-21T00:00:00.000Z,Listed for rent,2023-08-23T00:00:00.000Z,Listed for sale,,,,,,,,,,,,,,,,,,,2026-07-21T00:00:00.000Z,Listing removed,,,,,,,,,,,,,,,,,2026-07-07T00:00:00.000Z,Price change,2026-06-01T00:00:00.000Z,Price change,2026-05-07T00:00:00.000Z,Listed for sale,2026-05-07T00:00:00.000Z,Listing removed,2026-05-05T00:00:00.000Z,Listed for sale,2023-08-31T00:00:00.000Z,Sold,2023-08-28T00:00:00.000Z,Contingent,1544,1650,https://www.zillow.com/homedetails/717-Burton-St-Benton-AR-72015/385729_zpid/
3,2,/homedetails/2201-S-Fox-Trl-Benton-AR-72019/382738_zpid/,FOR_RENT,273000,"2201 S Fox Trl, Benton, AR 72019",2201 S Fox Trl,2100,2026-08-02T00:00:00.000Z,Listed for rent,2025-02-11T00:00:00.000Z,Listing removed,2015-08-05T00:00:00.000Z,Listing removed,2015-08-01T00:00:00.000Z,Listed for rent,2015-03-28T00:00:00.000Z,Listing removed,2015-01-22T00:00:00.000Z,Listed for rent,2014-07-18T00:00:00.000Z,Listing removed,2014-07-09T00:00:00.000Z,Listed for rent,2013-03-19T00:00:00.000Z,Sold,2007-11-01T00:00:00.000Z,Sold,,,,,2025-01-21T00:00:00.000Z,Listed for rent,,,,,,,,,,,,,,,,,2024-07-12T00:00:00.000Z,Sold,2024-05-22T00:00:00.000Z,Price change,2024-05-06T00:00:00.000Z,Listed for sale,2017-09-25T00:00:00.000Z,Sold,2017-08-01T00:00:00.000Z,Listed for sale,2016-01-31T00:00:00.000Z,Listing removed,2016-01-24T00:00:00.000Z,Listed for rent,1927,2100,https://www.zillow.com/homedetails/2201-S-Fox-Trl-Benton-AR-72019/382738_zpid/
3,10,/homedetails/2810-Longbow-Ln-Conway-AR-72034/241142_zpid/,FOR_RENT,0,"2810 Longbow Ln, Conway, AR 72034",2810 Longbow Ln,1275,2026-07-24T00:00:00.000Z,Listed for rent,2021-08-16T00:00:00.000Z,Listing removed,1994-04-05T00:00:00.000Z,Sold,,,,,,,,,,,,,,,,,,,2021-08-04T00:00:00.000Z,Listed for rent,,,,,,,,,,,,,,,,,2021-02-23T00:00:00.000Z,Listing removed,2020-02-12T00:00:00.000Z,Listing removed,2019-12-13T00:00:00.000Z,Price change,2019-10-01T00:00:00.000Z,Price change,2019-09-14T00:00:00.000Z,Listed for rent,2014-10-16T00:00:00.000Z,Sold,2006-07-05T00:00:00.000Z,Sold,1194,1275,https://www.zillow.com/homedetails/2810-Longbow-Ln-Conway-AR-72034/241142_zpid/
3,25,/homedetails/1219-N-Parker-Haskell-St-Benton-AR-72015/392830_zpid/,FOR_RENT,35564,"1219 N Parker Haskell St, Benton, AR 72015",1219 N Parker Haskell St,1600,2026-07-09T00:00:00.000Z,Listed for rent,2025-12-12T00:00:00.000Z,Listing removed,2023-09-17T00:00:00.000Z,Listing removed,2023-09-03T00:00:00.000Z,Listed for rent,2023-08-29T00:00:00.000Z,Listing removed,2023-06-16T00:00:00.000Z,Listed for sale,2023-04-17T00:00:00.000Z,Listing removed,2023-03-05T00:00:00.000Z,Price change,2023-02-01T00:00:00.000Z,Listed for sale,2022-05-23T00:00:00.000Z,Listing removed,2022-04-30T00:00:00.000Z,Listed for sale,2022-04-28T00:00:00.000Z,Contingent,2025-11-20T00:00:00.000Z,Listed for rent,2022-04-27T00:00:00.000Z,Price change,2022-03-26T00:00:00.000Z,Listed for sale,2016-02-18T00:00:00.000Z,Sold,2016-01-11T00:00:00.000Z,Price change,2015-12-18T00:00:00.000Z,Listed for sale,2015-09-02T00:00:00.000Z,Sold,2009-08-13T00:00:00.000Z,Sold,2008-05-06T00:00:00.000Z,Sold,2025-05-09T00:00:00.000Z,Listing removed,2025-05-04T00:00:00.000Z,Listing removed,2025-04-22T00:00:00.000Z,Price change,2025-04-13T00:00:00.000Z,Listed for rent,2025-03-03T00:00:00.000Z,Price change,2025-02-10T00:00:00.000Z,Price change,2025-02-02T00:00:00.000Z,Listed for sale,1680,1600,https://www.zillow.com/homedetails/1219-N-Parker-Haskell-St-Benton-AR-72015/392830_zpid/
3,11,/homedetails/3404-Vicki-Dr-Bryant-AR-72022/2062654565_zpid/,FOR_RENT,,"3404 Vicki Dr, Bryant, AR 72022",3404 Vicki Dr,1600,2026-07-23T00:00:00.000Z,Listed for rent,2023-11-18T00:00:00.000Z,Listing removed,,,,,,,,,,,,,,,,,,,,,2023-10-26T00:00:00.000Z,Listed for rent,,,,,,,,,,,,,,,,,2022-07-31T00:00:00.000Z,Listing removed,2022-07-11T00:00:00.000Z,Listed for rent,2022-06-29T00:00:00.000Z,Listing removed,2022-06-23T00:00:00.000Z,Listed for rent,,,,,,,1478,1600,https://www.zillow.com/homedetails/3404-Vicki-Dr-Bryant-AR-72022/2062654565_zpid/
4,21,/homedetails/4825-Coronell-Way-Bryant-AR-72022/453104565_zpid/,FOR_RENT,,"4825 Coronell Way, Bryant, AR 72022",4825 Coronell Way,3050,2026-07-13T00:00:00.000Z,Listed for rent,,,,,,,,,,,,,,,,,,,,,,,,,,,,,,,,,,,,,,,,,,,,,,,,,,,,,,,2060,3050,https://www.zillow.com/homedetails/4825-Coronell-Way-Bryant-AR-72022/453104565_zpid/
3,7,/homedetails/13723-Southfork-Dr-Alexander-AR-72002/393770_zpid/,FOR_RENT,135000,"13723 Southfork Dr, Alexander, AR 72002",13723 Southfork Dr,1450,2026-07-27T00:00:00.000Z,Listed for rent,2026-07-10T00:00:00.000Z,Sold,2019-05-17T00:00:00.000Z,Price change,2019-05-16T00:00:00.000Z,Price change,2019-05-15T00:00:00.000Z,Price change,2019-05-12T00:00:00.000Z,Price change,2019-05-10T00:00:00.000Z,Price change,2019-05-09T00:00:00.000Z,Price change,2019-05-07T00:00:00.000Z,Price change,2019-05-05T00:00:00.000Z,Price change,2019-05-02T00:00:00.000Z,Price change,2019-02-11T00:00:00.000Z,Price change,2021-06-23T00:00:00.000Z,Listing removed,2019-01-15T00:00:00.000Z,Listed for sale,,,,,,,,,,,,,,,2021-06-18T00:00:00.000Z,Listed for rent,2019-06-13T00:00:00.000Z,Sold,2019-05-31T00:00:00.000Z,Price change,2019-05-30T00:00:00.000Z,Price change,2019-05-25T00:00:00.000Z,Price change,2019-05-23T00:00:00.000Z,Price change,2019-05-20T00:00:00.000Z,Price change,1311,1450,https://www.zillow.com/homedetails/13723-Southfork-Dr-Alexander-AR-72002/393770_zpid/
3,0,/homedetails/15106-Southview-Dr-Alexander-AR-72002/113197084_zpid/,FOR_RENT,90000,"15106 Southview Dr, Alexander, AR 72002",15106 Southview Dr,1495,2026-08-03T00:00:00.000Z,Listed for rent,2018-01-29T00:00:00.000Z,Listing removed,2017-01-01T00:00:00.000Z,Price change,2016-12-15T00:00:00.000Z,Listed for sale,,,,,,,,,,,,,,,,,2018-01-12T00:00:00.000Z,Sold,,,,,,,,,,,,,,,,,2018-01-05T00:00:00.000Z,Listed for rent,2017-12-28T00:00:00.000Z,Pending sale,2017-11-30T00:00:00.000Z,Price change,2017-09-12T00:00:00.000Z,Pending sale,2017-09-10T00:00:00.000Z,Price change,2017-03-13T00:00:00.000Z,Listed for sale,2017-01-05T00:00:00.000Z,Listing removed,1250,1495,https://www.zillow.com/homedetails/15106-Southview-Dr-Alexander-AR-72002/113197084_zpid/
3,26,/homedetails/1343-S-Battleground-Ave-Kings-Mountain-NC-28086/78285925_zpid/,FOR_RENT,995000,"1343 S Battleground Ave, Kings Mountain, NC 28086",1343 S Battleground Ave,2400,2026-07-10T00:00:00.000Z,Listed for rent,2023-09-02T00:00:00.000Z,Listing removed,2022-03-30T00:00:00.000Z,Sold,2022-02-17T00:00:00.000Z,Pending sale,2022-02-16T00:00:00.000Z,Contingent,2022-02-15T00:00:00.000Z,Listed for sale,2021-11-16T00:00:00.000Z,Contingent,2021-11-06T00:00:00.000Z,Pending sale,2021-11-06T00:00:00.000Z,Contingent,2021-08-15T00:00:00.000Z,Listed for sale,,,,,2023-08-28T00:00:00.000Z,Listed for rent,,,,,,,,,,,,,,,,,2023-08-05T00:00:00.000Z,Listing removed,2023-08-04T00:00:00.000Z,Price change,2023-08-01T00:00:00.000Z,Listed for rent,2022-10-25T00:00:00.000Z,Listing removed,2022-09-08T00:00:00.000Z,Listed for rent,2022-07-22T00:00:00.000Z,Listing removed,2022-07-17T00:00:00.000Z,Listed for rent,1724,2400,https://www.zillow.com/homedetails/1343-S-Battleground-Ave-Kings-Mountain-NC-28086/78285925_zpid/
3,17,/homedetails/623-Dyer-Cir-Benton-AR-72015/386376_zpid/,FOR_RENT,87000,"623 Dyer Cir, Benton, AR 72015",623 Dyer Cir,1995,2026-07-27T00:00:00.000Z,Price change,2026-07-17T00:00:00.000Z,Listed for rent,,,,,,,,,,,,,,,,,,,,,2004-07-02T00:00:00.000Z,Sold,,,,,,,,,,,,,,,,,,,,,,,,,,,,,,,2053,1995,https://www.zillow.com/homedetails/623-Dyer-Cir-Benton-AR-72015/386376_zpid/
3,73,/homedetails/2034-Shelby-Rd-Kings-Mountain-NC-28086/93001483_zpid/,FOR_RENT,,"2034 Shelby Rd, Kings Mountain, NC 28086",2034 Shelby Rd,1250,2026-05-23T00:00:00.000Z,Listed for rent,2025-11-06T00:00:00.000Z,Listing removed,,,,,,,,,,,,,,,,,,,,,2025-10-06T00:00:00.000Z,Listed for rent,,,,,,,,,,,,,,,,,2025-06-28T00:00:00.000Z,Listing removed,2025-06-25T00:00:00.000Z,Listed for rent,,,,,,,,,,,910,1250,https://www.zillow.com/homedetails/2034-Shelby-Rd-Kings-Mountain-NC-28086/93001483_zpid/
3,13,/homedetails/Kings-Mountain-NC-28086/93014355_zpid/,FOR_RENT,350000,"(Undisclosed Address), Kings Mountain, NC 28086",(Undisclosed Address),2400,2026-07-23T00:00:00.000Z,Price change,2026-07-22T00:00:00.000Z,Listed for rent,2009-04-24T00:00:00.000Z,Sold,,,,,,,,,,,,,,,,,,,2024-12-03T00:00:00.000Z,Sold,,,,,,,,,,,,,,,,,2024-10-31T00:00:00.000Z,Pending sale,2024-10-22T00:00:00.000Z,Price change,2024-10-04T00:00:00.000Z,Price change,2024-09-21T00:00:00.000Z,Listed for sale,2018-04-06T00:00:00.000Z,Sold,2018-03-05T00:00:00.000Z,Pending sale,2018-03-03T00:00:00.000Z,Listed for sale,1573,2400,https://www.zillow.com/homedetails/Kings-Mountain-NC-28086/93014355_zpid/
4,28,/homedetails/821-Desoto-Pl-Benton-AR-72015/382881_zpid/,FOR_RENT,50000,"821 Desoto Pl, Benton, AR 72015",821 Desoto Pl,1700,2026-07-14T00:00:00.000Z,Price change,2026-07-06T00:00:00.000Z,Listed for rent,2011-04-01T00:00:00.000Z,Sold,2011-02-24T00:00:00.000Z,Listed for sale,2010-02-21T00:00:00.000Z,Listing removed,2010-02-05T00:00:00.000Z,Listed for sale,2006-09-06T00:00:00.000Z,Sold,,,,,,,,,,,2017-11-28T00:00:00.000Z,Sold,,,,,,,,,,,,,,,,,2017-10-18T00:00:00.000Z,Listed for sale,2017-07-31T00:00:00.000Z,Listing removed,2017-07-15T00:00:00.000Z,Listed for sale,2017-03-10T00:00:00.000Z,Sold,2017-02-09T00:00:00.000Z,Listed for sale,2011-12-14T00:00:00.000Z,Listing removed,2011-09-15T00:00:00.000Z,Listed for sale,2288,1700,https://www.zillow.com/homedetails/821-Desoto-Pl-Benton-AR-72015/382881_zpid/
3,18,/homedetails/627-Timberline-Rd-Jacksonville-AR-72076/449592145_zpid/,FOR_RENT,,"627 Timberline Rd, Jacksonville, AR 72076",627 Timberline Rd,1725,2026-07-17T00:00:00.000Z,Listed for rent,2025-07-17T00:00:00.000Z,Listing removed,,,,,,,,,,,,,,,,,,,,,2025-07-01T00:00:00.000Z,Price change,,,,,,,,,,,,,,,,,2025-05-20T00:00:00.000Z,Listed for rent,2025-04-09T00:00:00.000Z,Listing removed,2025-04-09T00:00:00.000Z,Listed for rent,,,,,,,,,1305,1725,https://www.zillow.com/homedetails/627-Timberline-Rd-Jacksonville-AR-72076/449592145_zpid/
3,59,/homedetails/203-Benfield-Rd-Kings-Mountain-NC-28086/446679273_zpid/,FOR_RENT,265000,"203 Benfield Rd, Kings Mountain, NC 28086",203 Benfield Rd,1850,2026-07-09T00:00:00.000Z,Price change,2026-06-06T00:00:00.000Z,Listed for rent,,,,,,,,,,,,,,,,,,,,,2025-04-02T00:00:00.000Z,Sold,,,,,,,,,,,,,,,,,2025-02-26T00:00:00.000Z,Price change,2025-01-29T00:00:00.000Z,Listed for sale,,,,,,,,,,,1530,1850,https://www.zillow.com/homedetails/203-Benfield-Rd-Kings-Mountain-NC-28086/446679273_zpid/
3,14,/homedetails/356-Navaho-Trl-Conway-AR-72032/242016_zpid/,FOR_RENT,140000,"356 Navaho Trl, Conway, AR 72032",356 Navaho Trl,1750,2026-07-20T00:00:00.000Z,Listed for rent,2025-08-06T00:00:00.000Z,Listing removed,2016-03-24T00:00:00.000Z,Listing removed,2015-09-29T00:00:00.000Z,Listed for rent,2015-07-13T00:00:00.000Z,Sold,2011-02-28T00:00:00.000Z,Sold,2010-08-04T00:00:00.000Z,Listing removed,2010-04-17T00:00:00.000Z,Price change,2010-01-24T00:00:00.000Z,Price change,2009-11-29T00:00:00.000Z,Price change,2009-10-31T00:00:00.000Z,Price change,2009-04-08T00:00:00.000Z,Listed for sale,2025-07-18T00:00:00.000Z,Listed for rent,,,,,,,,,,,,,,,,,2022-10-25T00:00:00.000Z,Listing removed,2022-10-17T00:00:00.000Z,Listed for rent,2021-03-24T00:00:00.000Z,Listing removed,2018-10-08T00:00:00.000Z,Listing removed,2018-07-10T00:00:00.000Z,Listed for rent,2017-07-04T00:00:00.000Z,Listing removed,2017-06-26T00:00:00.000Z,Listed for rent,1789,1750,https://www.zillow.com/homedetails/356-Navaho-Trl-Conway-AR-72032/242016_zpid/
3,1,/homedetails/310-Scotland-Dr-Kings-Mountain-NC-28086/78287650_zpid/,FOR_RENT,80700,"310 Scotland Dr, Kings Mountain, NC 28086",310 Scotland Dr,1650,2026-08-03T00:00:00.000Z,Listed for rent,2017-07-04T00:00:00.000Z,Listing removed,,,,,,,,,,,,,,,,,,,,,2017-06-24T00:00:00.000Z,Listed for rent,,,,,,,,,,,,,,,,,2013-11-10T00:00:00.000Z,Listing removed,2013-10-30T00:00:00.000Z,Listed for rent,2013-07-29T00:00:00.000Z,Sold,2013-05-06T00:00:00.000Z,Sold,,,,,,,1487,1650,https://www.zillow.com/homedetails/310-Scotland-Dr-Kings-Mountain-NC-28086/78287650_zpid/
3,11,/homedetails/101-Cedar-Creek-Loop-Cabot-AR-72023/88905306_zpid/,FOR_RENT,,"101 Cedar Creek Loop, Cabot, AR 72023",101 Cedar Creek Loop,1395,2026-07-30T00:00:00.000Z,Price change,2026-07-23T00:00:00.000Z,Listed for rent,,,,,,,,,,,,,,,,,,,,,,,,,,,,,,,,,,,,,,,,,,,,,,,,,,,,,1422,1395,https://www.zillow.com/homedetails/101-Cedar-Creek-Loop-Cabot-AR-72023/88905306_zpid/
3,20,/homedetails/314-Ray-St-Cabot-AR-72023/257086_zpid/,FOR_RENT,700000,"314 Ray St, Cabot, AR 72023",314 Ray St,1375,2026-07-14T00:00:00.000Z,Listed for rent,2022-08-09T00:00:00.000Z,Listing removed,2017-07-20T00:00:00.000Z,Listed for rent,2015-03-28T00:00:00.000Z,Listing removed,2015-02-26T00:00:00.000Z,Listed for rent,2014-01-15T00:00:00.000Z,Sold,2003-03-18T00:00:00.000Z,Sold,,,,,,,,,,,2022-08-05T00:00:00.000Z,Listed for rent,,,,,,,,,,,,,,,,,2021-03-24T00:00:00.000Z,Listing removed,2020-05-19T00:00:00.000Z,Listing removed,2020-04-10T00:00:00.000Z,Listed for rent,2018-10-23T00:00:00.000Z,Listing removed,2018-09-25T00:00:00.000Z,Listed for rent,2017-09-28T00:00:00.000Z,Listing removed,2017-08-19T00:00:00.000Z,Price change,1449,1375,https://www.zillow.com/homedetails/314-Ray-St-Cabot-AR-72023/257086_zpid/
4,20,/homedetails/206-Churchill-Dr-Kings-Mountain-NC-28086/336757347_zpid/,FOR_RENT,218000,"206 Churchill Dr, Kings Mountain, NC 28086",206 Churchill Dr,2099,2026-07-14T00:00:00.000Z,Listed for rent,2025-08-22T00:00:00.000Z,Listing removed,2025-03-19T00:00:00.000Z,Price change,2025-02-26T00:00:00.000Z,Listed for rent,2023-03-17T00:00:00.000Z,Listing removed,2023-03-09T00:00:00.000Z,Price change,2023-03-01T00:00:00.000Z,Price change,2023-01-26T00:00:00.000Z,Price change,2023-01-21T00:00:00.000Z,Price change,2023-01-11T00:00:00.000Z,Listed for rent,2022-11-10T00:00:00.000Z,Sold,2022-10-18T00:00:00.000Z,Pending sale,2025-08-20T00:00:00.000Z,Price change,2020-10-01T00:00:00.000Z,Sold,,,,,,,,,,,,,,,2025-08-13T00:00:00.000Z,Price change,2025-08-06T00:00:00.000Z,Price change,2025-08-02T00:00:00.000Z,Price change,2025-07-29T00:00:00.000Z,Price change,2025-07-23T00:00:00.000Z,Listed for rent,2025-03-26T00:00:00.000Z,Listing removed,2025-03-26T00:00:00.000Z,Price change,1710,2099,https://www.zillow.com/homedetails/206-Churchill-Dr-Kings-Mountain-NC-28086/336757347_zpid/
3,17,/homedetails/54-Magnolia-Dr-Cabot-AR-72023/60314948_zpid/,FOR_RENT,117000,"54 Magnolia Dr, Cabot, AR 72023",54 Magnolia Dr,1400,2026-07-17T00:00:00.000Z,Listed for rent,2025-09-24T00:00:00.000Z,Listing removed,2013-05-01T00:00:00.000Z,Listing removed,2013-04-21T00:00:00.000Z,Listed for rent,2013-04-19T00:00:00.000Z,Sold,2012-12-01T00:00:00.000Z,Price change,2012-10-15T00:00:00.000Z,Listed for sale,2011-04-01T00:00:00.000Z,Sold,2011-01-17T00:00:00.000Z,Price change,2011-01-15T00:00:00.000Z,Listed for sale,,,,,2025-09-04T00:00:00.000Z,Listed for rent,,,,,,,,,,,,,,,,,2024-08-02T00:00:00.000Z,Listing removed,2024-07-20T00:00:00.000Z,Price change,2024-06-25T00:00:00.000Z,Listed for rent,2023-06-25T00:00:00.000Z,Listing removed,2023-06-02T00:00:00.000Z,Listed for rent,2021-12-27T00:00:00.000Z,Listing removed,2021-12-19T00:00:00.000Z,Listed for rent,1394,1400,https://www.zillow.com/homedetails/54-Magnolia-Dr-Cabot-AR-72023/60314948_zpid/
4,4,/homedetails/4466-S-Aaronfield-Cir-Benton-AR-72015/92429011_zpid/,FOR_RENT,120000,"4466 S Aaronfield Cir, Benton, AR 72015",4466 S Aaronfield Cir,1550,2026-07-31T00:00:00.000Z,Listed for rent,2012-11-01T00:00:00.000Z,Sold,,,,,,,,,,,,,,,,,,,,,2008-01-22T00:00:00.000Z,Sold,,,,,,,,,,,,,,,,,,,,,,,,,,,,,,,1725,1550,https://www.zillow.com/homedetails/4466-S-Aaronfield-Cir-Benton-AR-72015/92429011_zpid/
3,33,/homedetails/7400-Fairplay-Rd-Benton-AR-72019/92431960_zpid/,FOR_RENT,,"7400 Fairplay Rd, Benton, AR 72019",7400 Fairplay Rd,2900,2026-07-01T00:00:00.000Z,Price change,2026-06-11T00:00:00.000Z,Price change,,,,,,,,,,,,,,,,,,,,,2026-05-26T00:00:00.000Z,Listed for rent,,,,,,,,,,,,,,,,,,,,,,,,,,,,,,,3108,2900,https://www.zillow.com/homedetails/7400-Fairplay-Rd-Benton-AR-72019/92431960_zpid/
3,10,/homedetails/36-Parkview-Dr-Cabot-AR-72023/255635_zpid/,FOR_RENT,105000,"36 Parkview Dr, Cabot, AR 72023",36 Parkview Dr,1195,2026-07-24T00:00:00.000Z,Listed for rent,2024-01-09T00:00:00.000Z,Listing removed,2020-02-01T00:00:00.000Z,Listed for rent,2019-11-18T00:00:00.000Z,Sold,2019-10-04T00:00:00.000Z,Listed for sale,2018-11-01T00:00:00.000Z,Listing removed,2018-08-29T00:00:00.000Z,Listed for sale,2017-03-23T00:00:00.000Z,Sold,2016-12-12T00:00:00.000Z,Listed for sale,2016-10-13T00:00:00.000Z,Sold,2016-09-07T00:00:00.000Z,Listed for sale,2015-03-26T00:00:00.000Z,Sold,2023-12-28T00:00:00.000Z,Listed for rent,,,,,,,,,,,,,,,,,2022-10-11T00:00:00.000Z,Listing removed,2022-10-03T00:00:00.000Z,Listed for rent,2022-02-08T00:00:00.000Z,Listing removed,2022-01-25T00:00:00.000Z,Price change,2022-01-04T00:00:00.000Z,Listed for rent,2020-03-10T00:00:00.000Z,Listing removed,2020-02-11T00:00:00.000Z,Price change,1137,1195,https://www.zillow.com/homedetails/36-Parkview-Dr-Cabot-AR-72023/255635_zpid/
3,10,/homedetails/124-Brickyard-Ct-Cabot-AR-72023/122006670_zpid/,FOR_RENT,149000,"124 Brickyard Ct, Cabot, AR 72023",124 Brickyard Ct,1425,2026-07-24T00:00:00.000Z,Listed for rent,2022-10-13T00:00:00.000Z,Listing removed,,,,,,,,,,,,,,,,,,,,,2022-10-10T00:00:00.000Z,Listed for rent,,,,,,,,,,,,,,,,,2020-07-14T00:00:00.000Z,Listing removed,2020-07-11T00:00:00.000Z,Listed for rent,2019-07-31T00:00:00.000Z,Sold,2019-06-26T00:00:00.000Z,Pending sale,2019-04-14T00:00:00.000Z,Price change,2019-03-19T00:00:00.000Z,Listed for sale,2015-06-26T00:00:00.000Z,Sold,1458,1425,https://www.zillow.com/homedetails/124-Brickyard-Ct-Cabot-AR-72023/122006670_zpid/
3,17,/homedetails/15-Applewood-Cv-Cabot-AR-72023/35732370_zpid/,FOR_RENT,226000,"15 Applewood Cv, Cabot, AR 72023",15 Applewood Cv,1600,2026-07-17T00:00:00.000Z,Listed for rent,2024-05-04T00:00:00.000Z,Listing removed,2013-11-23T00:00:00.000Z,Price change,2013-10-17T00:00:00.000Z,Price change,2013-09-20T00:00:00.000Z,Listed for sale,2012-03-08T00:00:00.000Z,Listing removed,2011-09-23T00:00:00.000Z,Listed for sale,2011-05-07T00:00:00.000Z,Listing removed,2011-01-23T00:00:00.000Z,Listed for sale,,,,,,,2024-04-27T00:00:00.000Z,Listed for rent,,,,,,,,,,,,,,,,,2024-04-19T00:00:00.000Z,Sold,2024-03-14T00:00:00.000Z,Listed for sale,2022-10-31T00:00:00.000Z,Sold,2022-08-02T00:00:00.000Z,Listed for sale,2019-10-28T00:00:00.000Z,Sold,2019-09-18T00:00:00.000Z,Listed for sale,2014-01-02T00:00:00.000Z,Sold,1588,1600,https://www.zillow.com/homedetails/15-Applewood-Cv-Cabot-AR-72023/35732370_zpid/
3,11,/homedetails/2717-Timbermist-Dr-Benton-AR-72015/386808_zpid/,FOR_RENT,165000,"2717 Timbermist Dr, Benton, AR 72015",2717 Timbermist Dr,1650,2026-07-23T00:00:00.000Z,Listed for rent,2025-07-18T00:00:00.000Z,Listing removed,2015-06-16T00:00:00.000Z,Listing removed,2015-03-07T00:00:00.000Z,Listed for sale,2010-05-12T00:00:00.000Z,Sold,2009-09-06T00:00:00.000Z,Listing removed,2009-08-21T00:00:00.000Z,Listed for sale,,,,,,,,,,,2025-07-08T00:00:00.000Z,Listed for rent,,,,,,,,,,,,,,,,,2025-05-12T00:00:00.000Z,Sold,2021-03-24T00:00:00.000Z,Listing removed,2016-06-11T00:00:00.000Z,Listing removed,2016-06-11T00:00:00.000Z,Listed for sale,2016-06-09T00:00:00.000Z,Sold,2016-04-26T00:00:00.000Z,Pending sale,2015-11-21T00:00:00.000Z,Listed for sale,1413,1650,https://www.zillow.com/homedetails/2717-Timbermist-Dr-Benton-AR-72015/386808_zpid/
3,60,/homedetails/20-Maddison-Rachael-Cabot-AR-72023/457082330_zpid/,FOR_RENT,,"20 Maddison Rachael, Cabot, AR 72023",20 Maddison Rachael,1295,2026-07-16T00:00:00.000Z,Price change,2026-06-05T00:00:00.000Z,Listed for rent,,,,,,,,,,,,,,,,,,,,,2025-11-20T00:00:00.000Z,Listing removed,,,,,,,,,,,,,,,,,2025-11-18T00:00:00.000Z,Listed for sale,,,,,,,,,,,,,1248,1295,https://www.zillow.com/homedetails/20-Maddison-Rachael-Cabot-AR-72023/457082330_zpid/
3,2,/homedetails/267-Creek-View-Dr-Austin-AR-72007/99430851_zpid/,FOR_RENT,170000,"267 Creek View Dr, Austin, AR 72007",267 Creek View Dr,1450,2026-08-01T00:00:00.000Z,Listed for rent,2022-08-21T00:00:00.000Z,Sold,,,,,,,,,,,,,,,,,,,,,2020-02-18T00:00:00.000Z,Sold,,,,,,,,,,,,,,,,,2015-02-19T00:00:00.000Z,Listing removed,2014-07-25T00:00:00.000Z,Listed for sale,,,,,,,,,,,1443,1450,https://www.zillow.com/homedetails/267-Creek-View-Dr-Austin-AR-72007/99430851_zpid/
3,20,/homedetails/61-Whitetail-Dr-Ward-AR-72176/338206844_zpid/,FOR_RENT,212000,"61 Whitetail Dr, Ward, AR 72176",61 Whitetail Dr,1445,2026-07-14T00:00:00.000Z,Listed for rent,2024-06-04T00:00:00.000Z,Listing removed,,,,,,,,,,,,,,,,,,,,,2024-05-28T00:00:00.000Z,Listed for rent,,,,,,,,,,,,,,,,,2023-04-22T00:00:00.000Z,Listing removed,2023-04-12T00:00:00.000Z,Listed for rent,2023-03-09T00:00:00.000Z,Sold,2023-02-13T00:00:00.000Z,Contingent,2023-02-10T00:00:00.000Z,Listed for sale,2020-09-02T00:00:00.000Z,Sold,,,1473,1445,https://www.zillow.com/homedetails/61-Whitetail-Dr-Ward-AR-72176/338206844_zpid/
3,14,/homedetails/43-Bud-Grimes-Rd-Ward-AR-72176/35732506_zpid/,FOR_RENT,152500,"43 Bud Grimes Rd, Ward, AR 72176",43 Bud Grimes Rd,1295,2026-07-20T00:00:00.000Z,Listed for rent,2026-02-24T00:00:00.000Z,Listing removed,2016-11-15T00:00:00.000Z,Price change,2016-10-12T00:00:00.000Z,Price change,2016-09-08T00:00:00.000Z,Price change,2016-06-29T00:00:00.000Z,Listed for sale,,,,,,,,,,,,,2026-02-17T00:00:00.000Z,Price change,,,,,,,,,,,,,,,,,2026-02-03T00:00:00.000Z,Listed for rent,2022-09-15T00:00:00.000Z,Listing removed,2022-08-24T00:00:00.000Z,Listed for rent,2022-05-27T00:00:00.000Z,Sold,2022-05-12T00:00:00.000Z,Contingent,2022-05-11T00:00:00.000Z,Listed for sale,2017-03-07T00:00:00.000Z,Sold,1200,1295,https://www.zillow.com/homedetails/43-Bud-Grimes-Rd-Ward-AR-72176/35732506_zpid/
3,1,/homedetails/18-Marian-Cv-Cabot-AR-72023/256302_zpid/,FOR_RENT,146000,"18 Marian Cv, Cabot, AR 72023",18 Marian Cv,1400,2026-08-02T00:00:00.000Z,Listed for rent,2025-04-21T00:00:00.000Z,Listing removed,,,,,,,,,,,,,,,,,,,,,2025-04-02T00:00:00.000Z,Listed for rent,,,,,,,,,,,,,,,,,2020-09-10T00:00:00.000Z,Listing removed,2020-09-01T00:00:00.000Z,Listed for rent,2014-03-14T00:00:00.000Z,Sold,,,,,,,,,1400,1400,https://www.zillow.com/homedetails/18-Marian-Cv-Cabot-AR-72023/256302_zpid/
3,24,/homedetails/127-Rachel-Cv-Haskell-AR-72015/92428814_zpid/,FOR_RENT,,"127 Rachel Cv, Haskell, AR 72015",127 Rachel Cv,1200,2026-07-10T00:00:00.000Z,Listed for rent,2025-01-29T00:00:00.000Z,Listing removed,,,,,,,,,,,,,,,,,,,,,2025-01-07T00:00:00.000Z,Listed for rent,,,,,,,,,,,,,,,,,2024-12-13T00:00:00.000Z,Listing removed,2024-10-22T00:00:00.000Z,Listed for rent,,,,,,,,,,,1456,1200,https://www.zillow.com/homedetails/127-Rachel-Cv-Haskell-AR-72015/92428814_zpid/
3,50,/homedetails/203-Lynn-Ln-Lonoke-AR-72086/260453_zpid/,FOR_RENT,105000,"203 Lynn Ln, Lonoke, AR 72086",203 Lynn Ln,1225,2026-06-30T00:00:00.000Z,Price change,2026-06-15T00:00:00.000Z,Listed for rent,,,,,,,,,,,,,,,,,,,,,2026-06-01T00:00:00.000Z,Listing removed,,,,,,,,,,,,,,,,,2026-05-14T00:00:00.000Z,Listed for rent,2022-05-19T00:00:00.000Z,Sold,2022-05-13T00:00:00.000Z,Contingent,2022-05-05T00:00:00.000Z,Listed for sale,2014-05-30T00:00:00.000Z,Sold,2014-02-20T00:00:00.000Z,Sold,2014-01-11T00:00:00.000Z,Listed for sale,1200,1225,https://www.zillow.com/homedetails/203-Lynn-Ln-Lonoke-AR-72086/260453_zpid/
3,5,/homedetails/14-Gold-Meadows-Loop-Ward-AR-72176/99436612_zpid/,FOR_RENT,173500,"14 Gold Meadows Loop, Ward, AR 72176",14 Gold Meadows Loop,1450,2026-07-29T00:00:00.000Z,Listed for rent,2025-03-20T00:00:00.000Z,Listing removed,,,,,,,,,,,,,,,,,,,,,2025-03-15T00:00:00.000Z,Listed for rent,,,,,,,,,,,,,,,,,2023-11-07T00:00:00.000Z,Sold,2023-10-21T00:00:00.000Z,Price change,2023-10-11T00:00:00.000Z,Listed for sale,2013-07-19T00:00:00.000Z,Listing removed,2013-06-27T00:00:00.000Z,Price change,2013-05-31T00:00:00.000Z,Listed for sale,,,1538,1450,https://www.zillow.com/homedetails/14-Gold-Meadows-Loop-Ward-AR-72176/99436612_zpid/
3,108,/homedetails/120-Suda-St-Cabot-AR-72023/213595966_zpid/,FOR_RENT,120000,"120 Suda St, Cabot, AR 72023",120 Suda St,1095,2026-06-17T00:00:00.000Z,Price change,2026-05-05T00:00:00.000Z,Price change,2023-10-21T00:00:00.000Z,Listed for rent,2021-03-24T00:00:00.000Z,Listing removed,2018-04-27T00:00:00.000Z,Listing removed,2018-04-17T00:00:00.000Z,Listed for rent,,,,,,,,,,,,,2026-04-18T00:00:00.000Z,Listed for rent,,,,,,,,,,,,,,,,,2024-08-02T00:00:00.000Z,Sold,2024-07-23T00:00:00.000Z,Listing removed,2024-07-04T00:00:00.000Z,Listed for rent,2024-06-25T00:00:00.000Z,Listed for sale,2024-05-20T00:00:00.000Z,Contingent,2024-05-03T00:00:00.000Z,Listed for sale,2023-10-26T00:00:00.000Z,Listing removed,1008,1095,https://www.zillow.com/homedetails/120-Suda-St-Cabot-AR-72023/213595966_zpid/
3,11,/homedetails/1710-Cedarhurst-Dr-Benton-AR-72015/384477_zpid/,FOR_RENT,127500,"1710 Cedarhurst Dr, Benton, AR 72015",1710 Cedarhurst Dr,1750,2026-06-23T00:00:00.000Z,Listed for rent,2024-05-13T00:00:00.000Z,Listing removed,2016-01-11T00:00:00.000Z,Listed for rent,2015-05-22T00:00:00.000Z,Sold,2015-01-21T00:00:00.000Z,Listing removed,2014-07-25T00:00:00.000Z,Listed for rent,2014-06-23T00:00:00.000Z,Listing removed,2014-05-25T00:00:00.000Z,Price change,2014-05-07T00:00:00.000Z,Price change,2014-04-11T00:00:00.000Z,Price change,2014-02-17T00:00:00.000Z,Listed for sale,,,2024-02-10T00:00:00.000Z,Listed for rent,,,,,,,,,,,,,,,,,2024-01-31T00:00:00.000Z,Sold,2024-01-24T00:00:00.000Z,Contingent,2024-01-22T00:00:00.000Z,Listed for sale,2019-11-07T00:00:00.000Z,Listing removed,2019-10-07T00:00:00.000Z,Listed for rent,2016-12-15T00:00:00.000Z,Listing removed,2016-01-13T00:00:00.000Z,Listing removed,1680,1750,https://www.zillow.com/homedetails/1710-Cedarhurst-Dr-Benton-AR-72015/384477_zpid/
3,12,/homedetails/53-Bent-Tree-Dr-Cabot-AR-72023/256157_zpid/,FOR_RENT,10000,"53 Bent Tree Dr, Cabot, AR 72023",53 Bent Tree Dr,1595,2026-07-22T00:00:00.000Z,Listed for rent,2002-07-18T00:00:00.000Z,Sold,,,,,,,,,,,,,,,,,,,,,1993-11-12T00:00:00.000Z,Sold,,,,,,,,,,,,,,,,,,,,,,,,,,,,,,,1645,1595,https://www.zillow.com/homedetails/53-Bent-Tree-Dr-Cabot-AR-72023/256157_zpid/
3,5,/homedetails/14-Saunder-Dr-N-Austin-AR-72007/347067074_zpid/,FOR_RENT,198000,"14 Saunder Dr N, Austin, AR 72007",14 Saunder Dr N,1550,2026-07-29T00:00:00.000Z,Listed for rent,2023-03-16T00:00:00.000Z,Sold,,,,,,,,,,,,,,,,,,,,,2023-02-13T00:00:00.000Z,Contingent,,,,,,,,,,,,,,,,,2023-01-20T00:00:00.000Z,Listed for sale,,,,,,,,,,,,,1392,1550,https://www.zillow.com/homedetails/14-Saunder-Dr-N-Austin-AR-72007/347067074_zpid/
3,84,/homedetails/120-Butterfield-Xing-Haskell-AR-72015/88907708_zpid/,FOR_RENT,99200,"120 Butterfield Xing, Haskell, AR 72015",120 Butterfield Xing,1400,2026-07-29T00:00:00.000Z,Price change,2026-06-30T00:00:00.000Z,Price change,2023-04-24T00:00:00.000Z,Price change,2023-04-05T00:00:00.000Z,Listed for rent,2017-06-21T00:00:00.000Z,Sold,2009-12-21T00:00:00.000Z,Sold,,,,,,,,,,,,,2026-05-11T00:00:00.000Z,Listed for rent,,,,,,,,,,,,,,,,,2026-04-30T00:00:00.000Z,Listing removed,2026-04-01T00:00:00.000Z,Listed for rent,2024-12-07T00:00:00.000Z,Listing removed,2024-11-25T00:00:00.000Z,Listed for rent,2024-11-12T00:00:00.000Z,Listing removed,2024-10-09T00:00:00.000Z,Listed for rent,2023-05-18T00:00:00.000Z,Listing removed,1250,1400,https://www.zillow.com/homedetails/120-Butterfield-Xing-Haskell-AR-72015/88907708_zpid/
3,3,/homedetails/3201-Stivers-Blvd-Bryant-AR-72022/391950_zpid/,FOR_RENT,125000,"3201 Stivers Blvd, Bryant, AR 72022",3201 Stivers Blvd,1600,2026-07-31T00:00:00.000Z,Listed for rent,2022-12-14T00:00:00.000Z,Listing removed,,,,,,,,,,,,,,,,,,,,,2022-12-05T00:00:00.000Z,Listed for rent,,,,,,,,,,,,,,,,,2020-07-28T00:00:00.000Z,Listing removed,2020-07-21T00:00:00.000Z,Listed for rent,2020-07-20T00:00:00.000Z,Sold,2016-10-28T00:00:00.000Z,Sold,2016-08-21T00:00:00.000Z,Listed for sale,2008-08-15T00:00:00.000Z,Sold,,,1279,1600,https://www.zillow.com/homedetails/3201-Stivers-Blvd-Bryant-AR-72022/391950_zpid/
3,34,/homedetails/28-Overlook-Cv-Cabot-AR-72023/52495282_zpid/,FOR_RENT,119857,"28 Overlook Cv, Cabot, AR 72023",28 Overlook Cv,1700,2026-07-28T00:00:00.000Z,Price change,2026-06-30T00:00:00.000Z,Listed for rent,2010-12-11T00:00:00.000Z,Listing removed,2010-09-05T00:00:00.000Z,Price change,2010-08-13T00:00:00.000Z,Price change,2010-07-22T00:00:00.000Z,Listed for sale,2010-05-26T00:00:00.000Z,Sold,,,,,,,,,,,2024-07-08T00:00:00.000Z,Listing removed,,,,,,,,,,,,,,,,,2024-07-04T00:00:00.000Z,Listed for rent,2022-03-09T00:00:00.000Z,Listing removed,2022-01-23T00:00:00.000Z,Listed for rent,2020-05-08T00:00:00.000Z,Listing removed,2020-04-24T00:00:00.000Z,Listed for rent,2019-09-06T00:00:00.000Z,Listing removed,2019-08-28T00:00:00.000Z,Listed for rent,1564,1700,https://www.zillow.com/homedetails/28-Overlook-Cv-Cabot-AR-72023/52495282_zpid/
3,4,/homedetails/402-S-2nd-St-Benton-AR-72015/386506_zpid/,FOR_RENT,20000,"402 S 2nd St, Benton, AR 72015",402 S 2nd St,1395,2026-07-30T00:00:00.000Z,Listed for rent,2022-04-10T00:00:00.000Z,Listing removed,,,,,,,,,,,,,,,,,,,,,2022-04-07T00:00:00.000Z,Listed for rent,,,,,,,,,,,,,,,,,2021-12-09T00:00:00.000Z,Sold,,,,,,,,,,,,,792,1395,https://www.zillow.com/homedetails/402-S-2nd-St-Benton-AR-72015/386506_zpid/
3,21,/homedetails/918-Cedar-Haskell-St-Haskell-AR-72015/61187359_zpid/,FOR_RENT,,"918 Cedar Haskell St, Haskell, AR 72015",918 Cedar Haskell St,1150,2026-07-13T00:00:00.000Z,Listed for rent,,,,,,,,,,,,,,,,,,,,,,,,,,,,,,,,,,,,,,,,,,,,,,,,,,,,,,,1088,1150,https://www.zillow.com/homedetails/918-Cedar-Haskell-St-Haskell-AR-72015/61187359_zpid/
3,151,/homedetails/3123-Lori-Lake-Rd-Benton-AR-72019/453026788_zpid/,FOR_RENT,,"3123 Lori Lake Rd, Benton, AR 72019",3123 Lori Lake Rd,1000,2025-06-07T00:00:00.000Z,Listed for rent,,,,,,,,,,,,,,,,,,,,,,,,,,,,,,,,,,,,,,,,,,,,,,,,,,,,,,,1280,1000,https://www.zillow.com/homedetails/3123-Lori-Lake-Rd-Benton-AR-72019/453026788_zpid/
4,27,/homedetails/605-Valley-Vista-Dr-Benton-AR-72019/387089_zpid/,FOR_RENT,,"605 Valley Vista Dr, Benton, AR 72019",605 Valley Vista Dr,1875,2026-07-07T00:00:00.000Z,Listed for rent,,,,,,,,,,,,,,,,,,,,,,,,,,,,,,,,,,,,,,,,,,,,,,,,,,,,,,,1942,1875,https://www.zillow.com/homedetails/605-Valley-Vista-Dr-Benton-AR-72019/387089_zpid/
3,12,/homedetails/11201-Donnie-Dr-Shannon-Hills-AR-72103/393627_zpid/,FOR_RENT,134900,"11201 Donnie Dr, Shannon Hills, AR 72103",11201 Donnie Dr,1395,2026-07-23T00:00:00.000Z,Listed for rent,2020-04-07T00:00:00.000Z,Sold,2019-11-13T00:00:00.000Z,Price change,2019-11-08T00:00:00.000Z,Price change,2019-11-04T00:00:00.000Z,Price change,2019-11-02T00:00:00.000Z,Listed for sale,2019-10-31T00:00:00.000Z,Sold,2019-10-28T00:00:00.000Z,Price change,2019-10-26T00:00:00.000Z,Price change,2019-10-23T00:00:00.000Z,Price change,2019-10-22T00:00:00.000Z,Price change,2019-10-20T00:00:00.000Z,Price change,2020-04-05T00:00:00.000Z,Listing removed,2019-10-14T00:00:00.000Z,Price change,2019-10-11T00:00:00.000Z,Price change,2019-10-09T00:00:00.000Z,Price change,2019-10-06T00:00:00.000Z,Price change,2019-10-03T00:00:00.000Z,Price change,2019-10-01T00:00:00.000Z,Listed for sale,2019-06-27T00:00:00.000Z,Listing removed,,,2020-03-23T00:00:00.000Z,Price change,2020-03-02T00:00:00.000Z,Price change,2019-12-27T00:00:00.000Z,Listed for rent,2019-11-20T00:00:00.000Z,Listing removed,2019-11-19T00:00:00.000Z,Price change,2019-11-18T00:00:00.000Z,Price change,2019-11-16T00:00:00.000Z,Price change,1353,1395,https://www.zillow.com/homedetails/11201-Donnie-Dr-Shannon-Hills-AR-72103/393627_zpid/
3,6,/homedetails/2408-Pleasant-Forest-Dr-Benton-AR-72015/88905364_zpid/,FOR_RENT,,"2408 Pleasant Forest Dr, Benton, AR 72015",2408 Pleasant Forest Dr,1525,2026-07-28T00:00:00.000Z,Listed for rent,2020-06-24T00:00:00.000Z,Listing removed,,,,,,,,,,,,,,,,,,,,,2020-06-04T00:00:00.000Z,Price change,,,,,,,,,,,,,,,,,2020-04-30T00:00:00.000Z,Listed for rent,2010-02-13T00:00:00.000Z,Listing removed,2010-01-09T00:00:00.000Z,Listed for sale,,,,,,,,,1533,1525,https://www.zillow.com/homedetails/2408-Pleasant-Forest-Dr-Benton-AR-72015/88905364_zpid/
4,14,/homedetails/414-Prickett-Rd-Bryant-AR-72022/389819_zpid/,FOR_RENT,38000,"414 Prickett Rd, Bryant, AR 72022",414 Prickett Rd,2500,2026-07-20T00:00:00.000Z,Listed for rent,2025-05-16T00:00:00.000Z,Sold,,,,,,,,,,,,,,,,,,,,,,,,,,,,,,,,,,,,,,,,,,,,,,,,,,,,,1772,2500,https://www.zillow.com/homedetails/414-Prickett-Rd-Bryant-AR-72022/389819_zpid/
4,200,/homedetails/1514-Drennon-St-Benton-AR-72019/388148_zpid/,FOR_RENT,155000,"1514 Drennon St, Benton, AR 72019",1514 Drennon St,1597,2026-07-29T00:00:00.000Z,Price change,2026-07-21T00:00:00.000Z,Price change,2024-12-17T00:00:00.000Z,Price change,2024-12-14T00:00:00.000Z,Price change,2024-12-10T00:00:00.000Z,Listed for rent,2022-10-22T00:00:00.000Z,Listing removed,2022-10-11T00:00:00.000Z,Price change,2022-09-29T00:00:00.000Z,Price change,2022-09-27T00:00:00.000Z,Listed for rent,2022-09-10T00:00:00.000Z,Price change,2022-08-24T00:00:00.000Z,Listed for sale,2021-10-26T00:00:00.000Z,Sold,2026-07-14T00:00:00.000Z,Price change,2021-10-07T00:00:00.000Z,Contingent,2021-10-02T00:00:00.000Z,Listed for sale,,,,,,,,,,,,,2026-07-09T00:00:00.000Z,Price change,2026-06-29T00:00:00.000Z,Price change,2026-01-29T00:00:00.000Z,Price change,2026-01-15T00:00:00.000Z,Listed for rent,2024-12-25T00:00:00.000Z,Listing removed,2024-12-23T00:00:00.000Z,Price change,2024-12-19T00:00:00.000Z,Price change,2456,1597,https://www.zillow.com/homedetails/1514-Drennon-St-Benton-AR-72019/388148_zpid/
3,11,/homedetails/3562-Terrace-Hill-Ct-Benton-AR-72019/247594484_zpid/,FOR_RENT,122580,"3562 Terrace Hill Ct, Benton, AR 72019",3562 Terrace Hill Ct,1500,2026-07-23T00:00:00.000Z,Listed for rent,2023-06-22T00:00:00.000Z,Listing removed,,,,,,,,,,,,,,,,,,,,,2023-06-11T00:00:00.000Z,Listed for rent,,,,,,,,,,,,,,,,,2022-05-05T00:00:00.000Z,Listing removed,2022-04-19T00:00:00.000Z,Listed for rent,2022-03-04T00:00:00.000Z,Sold,,,,,,,,,,1500,https://www.zillow.com/homedetails/3562-Terrace-Hill-Ct-Benton-AR-72019/247594484_zpid/
5,7,/homedetails/3707-Sterling-Oaks-Dr-Benton-AR-72019/82260701_zpid/,FOR_RENT,380000,"3707 Sterling Oaks Dr, Benton, AR 72019",3707 Sterling Oaks Dr,2895,2026-07-27T00:00:00.000Z,Listed for rent,2025-05-10T00:00:00.000Z,Listing removed,2017-01-19T00:00:00.000Z,Listing removed,2017-01-09T00:00:00.000Z,Price change,2016-09-08T00:00:00.000Z,Listed for sale,,,,,,,,,,,,,,,2025-03-25T00:00:00.000Z,Listed for rent,,,,,,,,,,,,,,,,,2024-04-16T00:00:00.000Z,Listing removed,2024-04-06T00:00:00.000Z,Listed for rent,2022-04-11T00:00:00.000Z,Sold,2022-03-04T00:00:00.000Z,Listed for sale,2017-07-18T00:00:00.000Z,Sold,2017-06-02T00:00:00.000Z,Price change,2017-05-10T00:00:00.000Z,Listed for sale,2617,2895,https://www.zillow.com/homedetails/3707-Sterling-Oaks-Dr-Benton-AR-72019/82260701_zpid/
3,63,/homedetails/2225-Redwood-Benton-AR-72015/52934068_zpid/,FOR_RENT,132000,"2225 Redwood, Benton, AR 72015",2225 Redwood,1950,2026-07-13T00:00:00.000Z,Price change,2026-06-01T00:00:00.000Z,Listed for rent,2022-03-04T00:00:00.000Z,Listing removed,2022-02-12T00:00:00.000Z,Listed for rent,2020-08-15T00:00:00.000Z,Listing removed,2020-08-04T00:00:00.000Z,Listed for rent,2019-06-13T00:00:00.000Z,Listing removed,2019-06-04T00:00:00.000Z,Listed for rent,2018-10-16T00:00:00.000Z,Listing removed,2018-08-10T00:00:00.000Z,Price change,2018-08-07T00:00:00.000Z,Listed for rent,2015-07-18T00:00:00.000Z,Listing removed,2025-05-31T00:00:00.000Z,Listing removed,2015-06-11T00:00:00.000Z,Listed for rent,2014-04-25T00:00:00.000Z,Listing removed,2014-02-22T00:00:00.000Z,Price change,2014-01-21T00:00:00.000Z,Price change,2013-10-18T00:00:00.000Z,Sold,2013-10-14T00:00:00.000Z,Listed for rent,2011-11-01T00:00:00.000Z,Sold,2009-01-13T00:00:00.000Z,Sold,2025-05-17T00:00:00.000Z,Listed for rent,2025-05-16T00:00:00.000Z,Listing removed,2025-04-17T00:00:00.000Z,Listed for rent,2025-04-16T00:00:00.000Z,Listing removed,2024-10-29T00:00:00.000Z,Listed for rent,2023-07-19T00:00:00.000Z,Listing removed,2023-06-20T00:00:00.000Z,Listed for rent,1758,1950,https://www.zillow.com/homedetails/2225-Redwood-Benton-AR-72015/52934068_zpid/
5,18,/homedetails/231-Brinkley-Dr-Kings-Mountain-NC-28086/349365612_zpid/,FOR_RENT,332000,"231 Brinkley Dr, Kings Mountain, NC 28086",231 Brinkley Dr,2995,2026-07-16T00:00:00.000Z,Listed for rent,2026-07-10T00:00:00.000Z,Sold,2024-07-09T00:00:00.000Z,Price change,2024-05-07T00:00:00.000Z,Price change,2024-05-04T00:00:00.000Z,Listed for sale,,,,,,,,,,,,,,,2026-05-14T00:00:00.000Z,Listed for sale,,,,,,,,,,,,,,,,,2026-05-10T00:00:00.000Z,Listing removed,2026-03-03T00:00:00.000Z,Price change,2026-02-05T00:00:00.000Z,Price change,2025-11-06T00:00:00.000Z,Listed for sale,2024-10-25T00:00:00.000Z,Sold,2024-08-21T00:00:00.000Z,Price change,2024-08-14T00:00:00.000Z,Price change,2400,2995,https://www.zillow.com/homedetails/231-Brinkley-Dr-Kings-Mountain-NC-28086/349365612_zpid/
3,50,/homedetails/921-Banner-St-Benton-AR-72015/384140_zpid/,FOR_RENT,16500,"921 Banner St, Benton, AR 72015",921 Banner St,1600,2026-06-14T00:00:00.000Z,Listed for rent,2025-12-10T00:00:00.000Z,Listing removed,2005-10-06T00:00:00.000Z,Sold,,,,,,,,,,,,,,,,,,,2025-11-09T00:00:00.000Z,Price change,,,,,,,,,,,,,,,,,2025-09-26T00:00:00.000Z,Listed for rent,2025-06-24T00:00:00.000Z,Listing removed,2025-06-10T00:00:00.000Z,Listed for rent,2025-06-09T00:00:00.000Z,Listing removed,2025-03-26T00:00:00.000Z,Listed for sale,2024-01-31T00:00:00.000Z,Sold,2023-03-30T00:00:00.000Z,Sold,1375,1600,https://www.zillow.com/homedetails/921-Banner-St-Benton-AR-72015/384140_zpid/
3,11,/homedetails/511-N-4th-St-Benton-AR-72015/382181_zpid/,FOR_RENT,9000,"511 N 4th St, Benton, AR 72015",511 N 4th St,1450,2026-07-23T00:00:00.000Z,Listed for rent,2026-05-07T00:00:00.000Z,Listing removed,,,,,,,,,,,,,,,,,,,,,2026-04-29T00:00:00.000Z,Listed for rent,,,,,,,,,,,,,,,,,2006-01-17T00:00:00.000Z,Sold,,,,,,,,,,,,,1056,1450,https://www.zillow.com/homedetails/511-N-4th-St-Benton-AR-72015/382181_zpid/
3,264,/homedetails/2912-Highway-319-W-Austin-AR-72007/249702_zpid/,FOR_RENT,640000,"2912 Highway 319 W, Austin, AR 72007",2912 Highway 319 W,1725,2026-07-25T00:00:00.000Z,Price change,2026-05-29T00:00:00.000Z,Price change,,,,,,,,,,,,,,,,,,,,,2026-03-06T00:00:00.000Z,Price change,,,,,,,,,,,,,,,,,2026-02-18T00:00:00.000Z,Price change,2026-02-03T00:00:00.000Z,Price change,2025-11-12T00:00:00.000Z,Listed for rent,2013-09-27T00:00:00.000Z,Sold,1991-10-10T00:00:00.000Z,Sold,,,,,1992,1725,https://www.zillow.com/homedetails/2912-Highway-319-W-Austin-AR-72007/249702_zpid/
3,34,/homedetails/37-Saint-John-St-Cabot-AR-72023/253499_zpid/,FOR_RENT,81500,"37 Saint John St, Cabot, AR 72023",37 Saint John St,1350,2026-03-31T00:00:00.000Z,Listed for rent,2026-03-26T00:00:00.000Z,Sold,,,,,,,,,,,,,,,,,,,,,2026-03-19T00:00:00.000Z,Contingent,,,,,,,,,,,,,,,,,2026-03-14T00:00:00.000Z,Price change,2026-02-27T00:00:00.000Z,Price change,2026-01-28T00:00:00.000Z,Listed for sale,2016-05-26T00:00:00.000Z,Sold,2016-04-08T00:00:00.000Z,Listed for sale,2013-05-16T00:00:00.000Z,Sold,,,1188,1350,https://www.zillow.com/homedetails/37-Saint-John-St-Cabot-AR-72023/253499_zpid/
3,27,/homedetails/2919-Gage-Dr-Benton-AR-72019/68021370_zpid/,FOR_RENT,144000,"2919 Gage Dr, Benton, AR 72019",2919 Gage Dr,1595,2026-07-07T00:00:00.000Z,Listed for rent,2026-05-05T00:00:00.000Z,Sold,,,,,,,,,,,,,,,,,,,,,2021-03-01T00:00:00.000Z,Sold,,,,,,,,,,,,,,,,,2013-08-07T00:00:00.000Z,Listing removed,2013-07-25T00:00:00.000Z,Price change,2013-07-15T00:00:00.000Z,Listed for sale,2009-07-28T00:00:00.000Z,Sold,,,,,,,1310,1595,https://www.zillow.com/homedetails/2919-Gage-Dr-Benton-AR-72019/68021370_zpid/
3,0,/homedetails/17-Tahoe-Ct-Cabot-AR-72023/99406119_zpid/,FOR_RENT,240000,"17 Tahoe Ct, Cabot, AR 72023",17 Tahoe Ct,1650,2026-08-03T00:00:00.000Z,Listed for rent,2024-12-16T00:00:00.000Z,Sold,2024-09-10T00:00:00.000Z,Price change,2024-08-28T00:00:00.000Z,Listed for sale,2024-07-24T00:00:00.000Z,Listed for rent,2024-07-24T00:00:00.000Z,Listing removed,2024-07-15T00:00:00.000Z,Price change,2024-07-08T00:00:00.000Z,Listed for sale,2023-09-25T00:00:00.000Z,Sold,2023-05-09T00:00:00.000Z,Listed for sale,,,,,2024-11-21T00:00:00.000Z,Contingent,,,,,,,,,,,,,,,,,2024-11-14T00:00:00.000Z,Price change,2024-11-04T00:00:00.000Z,Price change,2024-10-10T00:00:00.000Z,Price change,2024-10-03T00:00:00.000Z,Price change,2024-09-26T00:00:00.000Z,Price change,2024-09-19T00:00:00.000Z,Price change,2024-09-13T00:00:00.000Z,Listing removed,,1650,https://www.zillow.com/homedetails/17-Tahoe-Ct-Cabot-AR-72023/99406119_zpid/
3,154,/homedetails/13-Buttercup-Cv-Cabot-AR-72023/55150889_zpid/,FOR_RENT,125000,"13 Buttercup Cv, Cabot, AR 72023",13 Buttercup Cv,1495,2026-03-02T00:00:00.000Z,Listed for rent,2025-12-29T00:00:00.000Z,Listing removed,2022-08-23T00:00:00.000Z,Listing removed,2022-08-15T00:00:00.000Z,Listed for rent,2022-07-12T00:00:00.000Z,Sold,2021-03-24T00:00:00.000Z,Listing removed,2013-02-25T00:00:00.000Z,Listing removed,2013-02-15T00:00:00.000Z,Price change,2013-02-11T00:00:00.000Z,Listed for rent,2012-05-19T00:00:00.000Z,Listing removed,2012-02-22T00:00:00.000Z,Listed for sale,,,2025-10-18T00:00:00.000Z,Listed for rent,,,,,,,,,,,,,,,,,2025-09-19T00:00:00.000Z,Listing removed,2025-09-10T00:00:00.000Z,Listed for rent,2024-07-02T00:00:00.000Z,Listing removed,2024-06-22T00:00:00.000Z,Listed for rent,2024-05-05T00:00:00.000Z,Listing removed,2024-03-29T00:00:00.000Z,Price change,2024-01-04T00:00:00.000Z,Listed for rent,1548,1495,https://www.zillow.com/homedetails/13-Buttercup-Cv-Cabot-AR-72023/55150889_zpid/
3,122,/homedetails/44-Kirkland-Dr-Cabot-AR-72023/52495420_zpid/,FOR_RENT,,"44 Kirkland Dr, Cabot, AR 72023",44 Kirkland Dr,1900,2026-04-03T00:00:00.000Z,Listed for rent,2026-04-03T00:00:00.000Z,Listing removed,2015-02-21T00:00:00.000Z,Listing removed,2015-01-28T00:00:00.000Z,Price change,2014-11-18T00:00:00.000Z,Price change,2014-08-30T00:00:00.000Z,Listed for rent,2013-05-18T00:00:00.000Z,Listing removed,2013-04-17T00:00:00.000Z,Listed for rent,2012-10-25T00:00:00.000Z,Listing removed,2012-09-25T00:00:00.000Z,Listed for rent,2012-07-12T00:00:00.000Z,Listing removed,2012-06-12T00:00:00.000Z,Price change,2026-02-11T00:00:00.000Z,Listed for rent,2012-05-25T00:00:00.000Z,Listed for rent,2011-08-23T00:00:00.000Z,Listing removed,2010-10-08T00:00:00.000Z,Listed for sale,,,,,,,,,,,2025-09-22T00:00:00.000Z,Listing removed,2025-08-19T00:00:00.000Z,Listing removed,2025-08-17T00:00:00.000Z,Listed for rent,2025-01-03T00:00:00.000Z,Price change,2024-11-04T00:00:00.000Z,Price change,2024-10-10T00:00:00.000Z,Price change,2024-09-24T00:00:00.000Z,Listed for sale,2077,1900,https://www.zillow.com/homedetails/44-Kirkland-Dr-Cabot-AR-72023/52495420_zpid/
3,39,/homedetails/34-Shamsie-Dr-Ward-AR-72176/99420023_zpid/,FOR_RENT,150000,"34 Shamsie Dr, Ward, AR 72176",34 Shamsie Dr,1350,2026-06-25T00:00:00.000Z,Listed for rent,2024-10-09T00:00:00.000Z,Listing removed,,,,,,,,,,,,,,,,,,,,,2024-09-24T00:00:00.000Z,Listed for rent,,,,,,,,,,,,,,,,,2021-12-10T00:00:00.000Z,Sold,2021-11-11T00:00:00.000Z,Listed for sale,2020-06-30T00:00:00.000Z,Sold,2020-05-01T00:00:00.000Z,Listed for sale,2016-02-29T00:00:00.000Z,Sold,2016-01-18T00:00:00.000Z,Pending sale,2015-12-22T00:00:00.000Z,Listed for sale,1264,1350,https://www.zillow.com/homedetails/34-Shamsie-Dr-Ward-AR-72176/99420023_zpid/
3,26,/homedetails/74-Earnhardt-Cir-Cabot-AR-72023/114172966_zpid/,FOR_RENT,173941,"74 Earnhardt Cir, Cabot, AR 72023",74 Earnhardt Cir,1900,2026-07-08T00:00:00.000Z,Listed for rent,2025-08-22T00:00:00.000Z,Listing removed,2020-01-31T00:00:00.000Z,Listing removed,2019-08-01T00:00:00.000Z,Listed for sale,2015-10-09T00:00:00.000Z,Listing removed,2015-09-09T00:00:00.000Z,Listed for rent,2013-07-26T00:00:00.000Z,Sold,,,,,,,,,,,2025-08-20T00:00:00.000Z,Listing removed,,,,,,,,,,,,,,,,,2025-07-28T00:00:00.000Z,Listed for rent,2025-07-21T00:00:00.000Z,Listed for sale,2020-08-18T00:00:00.000Z,Listing removed,2020-08-07T00:00:00.000Z,Price change,2020-06-09T00:00:00.000Z,Listed for sale,2020-02-07T00:00:00.000Z,Listing removed,2020-01-31T00:00:00.000Z,Listed for rent,1910,1900,https://www.zillow.com/homedetails/74-Earnhardt-Cir-Cabot-AR-72023/114172966_zpid/
3,13,/homedetails/28-Burns-Dr-Cabot-AR-72023/255699_zpid/,FOR_RENT,146000,"28 Burns Dr, Cabot, AR 72023",28 Burns Dr,1400,2026-07-21T00:00:00.000Z,Listed for rent,2025-08-07T00:00:00.000Z,Listing removed,2010-06-04T00:00:00.000Z,Sold,2010-04-29T00:00:00.000Z,Listed for sale,,,,,,,,,,,,,,,,,2025-07-14T00:00:00.000Z,Price change,,,,,,,,,,,,,,,,,2025-07-03T00:00:00.000Z,Listed for rent,2022-06-28T00:00:00.000Z,Sold,2014-11-26T00:00:00.000Z,Sold,2012-06-24T00:00:00.000Z,Listing removed,2012-06-08T00:00:00.000Z,Listed for rent,2011-04-29T00:00:00.000Z,Listing removed,2011-01-27T00:00:00.000Z,Listed for sale,1288,1400,https://www.zillow.com/homedetails/28-Burns-Dr-Cabot-AR-72023/255699_zpid/
3,37,/homedetails/142-Weathering-Dr-Austin-AR-72007/99433960_zpid/,FOR_RENT,140000,"142 Weathering Dr, Austin, AR 72007",142 Weathering Dr,1350,2026-07-20T00:00:00.000Z,Price change,2026-06-27T00:00:00.000Z,Listed for rent,2013-08-17T00:00:00.000Z,Listed for rent,,,,,,,,,,,,,,,,,,,2023-12-14T00:00:00.000Z,Listing removed,,,,,,,,,,,,,,,,,2023-11-29T00:00:00.000Z,Listed for rent,2021-10-21T00:00:00.000Z,Sold,2021-09-19T00:00:00.000Z,Contingent,2021-09-17T00:00:00.000Z,Listed for sale,2014-08-25T00:00:00.000Z,Sold,2014-06-22T00:00:00.000Z,Listed for sale,2013-09-05T00:00:00.000Z,Listing removed,1212,1350,https://www.zillow.com/homedetails/142-Weathering-Dr-Austin-AR-72007/99433960_zpid/
3,55,/homedetails/17-Farrah-St-Ward-AR-72176/52495486_zpid/,FOR_RENT,,"17 Farrah St, Ward, AR 72176",17 Farrah St,1250,2026-06-09T00:00:00.000Z,Listed for rent,2025-05-24T00:00:00.000Z,Listing removed,2013-11-30T00:00:00.000Z,Listed for sale,2013-10-25T00:00:00.000Z,Listing removed,2013-09-19T00:00:00.000Z,Price change,2013-09-18T00:00:00.000Z,Price change,2013-06-29T00:00:00.000Z,Listed for sale,,,,,,,,,,,2025-05-06T00:00:00.000Z,Price change,,,,,,,,,,,,,,,,,2025-04-20T00:00:00.000Z,Listed for rent,2017-02-23T00:00:00.000Z,Listing removed,2017-02-17T00:00:00.000Z,Listed for rent,2014-02-28T00:00:00.000Z,Listing removed,2014-02-05T00:00:00.000Z,Price change,2014-01-29T00:00:00.000Z,Price change,2013-12-14T00:00:00.000Z,Price change,1563,1250,https://www.zillow.com/homedetails/17-Farrah-St-Ward-AR-72176/52495486_zpid/
3,40,/homedetails/17-Azalea-Dr-Cabot-AR-72023/52495110_zpid/,FOR_RENT,174500,"17 Azalea Dr, Cabot, AR 72023",17 Azalea Dr,1395,2026-06-25T00:00:00.000Z,Listed for rent,2024-12-19T00:00:00.000Z,Sold,,,,,,,,,,,,,,,,,,,,,2024-11-09T00:00:00.000Z,Listed for sale,,,,,,,,,,,,,,,,,2022-05-27T00:00:00.000Z,Sold,2021-03-24T00:00:00.000Z,Listing removed,2018-07-11T00:00:00.000Z,Listing removed,2018-07-08T00:00:00.000Z,Listed for rent,2017-09-16T00:00:00.000Z,Listing removed,2017-05-10T00:00:00.000Z,Listed for sale,,,1294,1395,https://www.zillow.com/homedetails/17-Azalea-Dr-Cabot-AR-72023/52495110_zpid/
3,12,/homedetails/9546-State-Highway-89-S-Lonoke-AR-72086/464053318_zpid/,FOR_RENT,,"9546 State Highway 89 S, Lonoke, AR 72086",9546 State Highway 89 S,900,2026-07-22T00:00:00.000Z,Listed for rent,,,,,,,,,,,,,,,,,,,,,,,,,,,,,,,,,,,,,,,,,,,,,,,,,,,,,,,1216,900,https://www.zillow.com/homedetails/9546-State-Highway-89-S-Lonoke-AR-72086/464053318_zpid/
3,20,/homedetails/22-Kirkland-St-Ward-AR-72176/261280_zpid/,FOR_RENT,84000,"22 Kirkland St, Ward, AR 72176",22 Kirkland St,1350,2026-07-15T00:00:00.000Z,Listed for rent,2026-06-16T00:00:00.000Z,Sold,,,,,,,,,,,,,,,,,,,,,2026-06-14T00:00:00.000Z,Contingent,,,,,,,,,,,,,,,,,2026-06-02T00:00:00.000Z,Price change,2026-05-28T00:00:00.000Z,Listed for sale,2014-10-30T00:00:00.000Z,Sold,,,,,,,,,1185,1350,https://www.zillow.com/homedetails/22-Kirkland-St-Ward-AR-72176/261280_zpid/
3,0,/homedetails/104-Herald-Pl-Cabot-AR-72023/252206_zpid/,FOR_RENT,155000,"104 Herald Pl, Cabot, AR 72023",104 Herald Pl,1095,2026-08-03T00:00:00.000Z,Listed for rent,2024-11-23T00:00:00.000Z,Listing removed,2018-08-24T00:00:00.000Z,Listing removed,2018-08-16T00:00:00.000Z,Price change,2018-08-01T00:00:00.000Z,Listed for rent,2017-12-07T00:00:00.000Z,Listing removed,2017-10-14T00:00:00.000Z,Listed for rent,2013-01-30T00:00:00.000Z,Sold,2008-01-10T00:00:00.000Z,Sold,1988-08-30T00:00:00.000Z,Sold,,,,,2024-11-14T00:00:00.000Z,Listed for rent,,,,,,,,,,,,,,,,,2023-12-28T00:00:00.000Z,Listing removed,2023-11-10T00:00:00.000Z,Price change,2023-10-18T00:00:00.000Z,Listed for rent,2022-04-09T00:00:00.000Z,Listing removed,2022-02-16T00:00:00.000Z,Listed for rent,2019-06-20T00:00:00.000Z,Listing removed,2019-05-08T00:00:00.000Z,Listed for rent,1232,1095,https://www.zillow.com/homedetails/104-Herald-Pl-Cabot-AR-72023/252206_zpid/
3,19,/homedetails/53-Dunnaway-Dr-Austin-AR-72007/2056813469_zpid/,FOR_RENT,195000,"53 Dunnaway Dr, Austin, AR 72007",53 Dunnaway Dr,1600,2026-07-16T00:00:00.000Z,Listed for rent,2025-09-03T00:00:00.000Z,Listing removed,,,,,,,,,,,,,,,,,,,,,2025-09-02T00:00:00.000Z,Listing removed,,,,,,,,,,,,,,,,,2025-07-29T00:00:00.000Z,Listed for rent,2025-06-14T00:00:00.000Z,Listed for sale,2023-10-13T00:00:00.000Z,Sold,2023-09-06T00:00:00.000Z,Contingent,2023-07-15T00:00:00.000Z,Listed for sale,,,,,1403,1600,https://www.zillow.com/homedetails/53-Dunnaway-Dr-Austin-AR-72007/2056813469_zpid/
3,12,/homedetails/400-Apricot-St-Austin-AR-72007/82250818_zpid/,FOR_RENT,280000,"400 Apricot St, Austin, AR 72007",400 Apricot St,1475,2026-07-22T00:00:00.000Z,Price change,2026-06-24T00:00:00.000Z,Price change,2024-06-02T00:00:00.000Z,Listed for rent,2024-02-08T00:00:00.000Z,Sold,2023-06-11T00:00:00.000Z,Listing removed,2023-06-02T00:00:00.000Z,Price change,2022-11-16T00:00:00.000Z,Listed for rent,2022-10-07T00:00:00.000Z,Sold,2022-08-15T00:00:00.000Z,Listed for sale,2015-03-09T00:00:00.000Z,Sold,,,,,2026-05-16T00:00:00.000Z,Price change,,,,,,,,,,,,,,,,,2026-05-08T00:00:00.000Z,Listed for rent,2025-09-09T00:00:00.000Z,Listing removed,2025-08-26T00:00:00.000Z,Listed for rent,2025-08-21T00:00:00.000Z,Sold,2024-07-10T00:00:00.000Z,Listing removed,2024-06-24T00:00:00.000Z,Listed for rent,2024-06-10T00:00:00.000Z,Listing removed,1200,1475,https://www.zillow.com/homedetails/400-Apricot-St-Austin-AR-72007/82250818_zpid/
3,3,/homedetails/102-Rosebud-Cir-Cabot-AR-72023/63160774_zpid/,FOR_RENT,199000,"102 Rosebud Cir, Cabot, AR 72023",102 Rosebud Cir,1450,2026-07-31T00:00:00.000Z,Listed for rent,2024-10-10T00:00:00.000Z,Listing removed,2018-08-05T00:00:00.000Z,Listed for sale,,,,,,,,,,,,,,,,,,,2024-10-09T00:00:00.000Z,Price change,,,,,,,,,,,,,,,,,2024-09-26T00:00:00.000Z,Listed for rent,2024-08-23T00:00:00.000Z,Sold,2024-07-15T00:00:00.000Z,Listed for sale,2019-02-08T00:00:00.000Z,Sold,2019-01-11T00:00:00.000Z,Pending sale,2018-12-01T00:00:00.000Z,Price change,2018-09-22T00:00:00.000Z,Price change,1277,1450,https://www.zillow.com/homedetails/102-Rosebud-Cir-Cabot-AR-72023/63160774_zpid/
3,19,/homedetails/16-Emerald-Cir-Cabot-AR-72023/254439_zpid/,FOR_RENT,3400000,"16 Emerald Cir, Cabot, AR 72023",16 Emerald Cir,1895,2026-07-25T00:00:00.000Z,Price change,2026-07-16T00:00:00.000Z,Listed for rent,,,,,,,,,,,,,,,,,,,,,2015-04-15T00:00:00.000Z,Sold,,,,,,,,,,,,,,,,,,,,,,,,,,,,,,,1959,1895,https://www.zillow.com/homedetails/16-Emerald-Cir-Cabot-AR-72023/254439_zpid/
3,3,/homedetails/677-Joyner-Loop-Lonoke-AR-72086/99406145_zpid/,FOR_RENT,,"677 Joyner Loop, Lonoke, AR 72086",677 Joyner Loop,900,2026-07-31T00:00:00.000Z,Listed for rent,2021-03-24T00:00:00.000Z,Listing removed,,,,,,,,,,,,,,,,,,,,,2020-01-24T00:00:00.000Z,Listing removed,,,,,,,,,,,,,,,,,2020-01-08T00:00:00.000Z,Listed for rent,2019-04-01T00:00:00.000Z,Listing removed,2019-03-07T00:00:00.000Z,Listed for rent,,,,,,,,,1280,900,https://www.zillow.com/homedetails/677-Joyner-Loop-Lonoke-AR-72086/99406145_zpid/
3,21,/homedetails/26-Alexis-Dr-Cabot-AR-72023/255240_zpid/,FOR_RENT,152900,"26 Alexis Dr, Cabot, AR 72023",26 Alexis Dr,1475,2026-07-29T00:00:00.000Z,Price change,2026-07-14T00:00:00.000Z,Listed for rent,,,,,,,,,,,,,,,,,,,,,2023-05-31T00:00:00.000Z,Listing removed,,,,,,,,,,,,,,,,,2023-05-17T00:00:00.000Z,Listed for rent,2023-03-10T00:00:00.000Z,Sold,2023-02-09T00:00:00.000Z,Contingent,2023-02-07T00:00:00.000Z,Listed for sale,2014-11-14T00:00:00.000Z,Sold,,,,,1288,1475,https://www.zillow.com/homedetails/26-Alexis-Dr-Cabot-AR-72023/255240_zpid/
3,26,/homedetails/35-G-St-Cabot-AR-72023/254255_zpid/,FOR_RENT,230000,"35 G St, Cabot, AR 72023",35 G St,1825,2026-07-25T00:00:00.000Z,Price change,2026-07-09T00:00:00.000Z,Price change,2018-05-08T00:00:00.000Z,Listed for sale,2014-04-28T00:00:00.000Z,Sold,,,,,,,,,,,,,,,,,2026-05-03T00:00:00.000Z,Listed for rent,,,,,,,,,,,,,,,,,2025-05-25T00:00:00.000Z,Listing removed,2025-05-14T00:00:00.000Z,Price change,2025-05-01T00:00:00.000Z,Listed for rent,2021-06-07T00:00:00.000Z,Sold,2020-09-03T00:00:00.000Z,Sold,2020-06-19T00:00:00.000Z,Listed for sale,2018-06-22T00:00:00.000Z,Sold,1849,1825,https://www.zillow.com/homedetails/35-G-St-Cabot-AR-72023/254255_zpid/
3,14,/homedetails/98-Rosebud-Cir-Cabot-AR-72023/63160780_zpid/,FOR_RENT,197000,"98 Rosebud Cir, Cabot, AR 72023",98 Rosebud Cir,1645,2026-07-20T00:00:00.000Z,Listed for rent,2024-05-23T00:00:00.000Z,Sold,2015-10-01T00:00:00.000Z,Price change,2015-08-10T00:00:00.000Z,Listed for sale,,,,,,,,,,,,,,,,,2024-04-19T00:00:00.000Z,Price change,,,,,,,,,,,,,,,,,2024-04-17T00:00:00.000Z,Price change,2024-04-08T00:00:00.000Z,Listed for sale,2018-05-11T00:00:00.000Z,Sold,2018-03-15T00:00:00.000Z,Listed for sale,2016-03-09T00:00:00.000Z,Sold,2015-12-03T00:00:00.000Z,Price change,2015-10-26T00:00:00.000Z,Price change,1358,1645,https://www.zillow.com/homedetails/98-Rosebud-Cir-Cabot-AR-72023/63160780_zpid/
3,25,/homedetails/26-Mustang-Dr-Cabot-AR-72023/63160976_zpid/,FOR_RENT,310000,"26 Mustang Dr, Cabot, AR 72023",26 Mustang Dr,1650,2026-07-10T00:00:00.000Z,Listed for rent,2024-06-27T00:00:00.000Z,Sold,2017-02-02T00:00:00.000Z,Listed for rent,2015-11-06T00:00:00.000Z,Listing removed,2015-10-11T00:00:00.000Z,Listed for rent,2015-08-31T00:00:00.000Z,Listing removed,2015-08-22T00:00:00.000Z,Listed for rent,2014-09-19T00:00:00.000Z,Listing removed,2014-09-04T00:00:00.000Z,Listed for rent,2013-08-26T00:00:00.000Z,Listing removed,2013-08-21T00:00:00.000Z,Listed for rent,2011-03-03T00:00:00.000Z,Listing removed,2024-06-15T00:00:00.000Z,Listing removed,2011-02-15T00:00:00.000Z,Listed for sale,2011-01-26T00:00:00.000Z,Sold,2010-11-26T00:00:00.000Z,Price change,2010-05-30T00:00:00.000Z,Listed for sale,,,,,,,,,2024-04-04T00:00:00.000Z,Listed for rent,2024-03-21T00:00:00.000Z,Sold,2024-03-15T00:00:00.000Z,Contingent,2024-03-10T00:00:00.000Z,Listed for sale,2018-07-02T00:00:00.000Z,Listing removed,2018-06-26T00:00:00.000Z,Listed for rent,2017-02-07T00:00:00.000Z,Listing removed,1537,1650,https://www.zillow.com/homedetails/26-Mustang-Dr-Cabot-AR-72023/63160976_zpid/
3,53,/homedetails/19-Patti-Cv-Ward-AR-72176/338981616_zpid/,FOR_RENT,210000,"19 Patti Cv, Ward, AR 72176",19 Patti Cv,1550,2026-08-02T00:00:00.000Z,Price change,2026-07-24T00:00:00.000Z,Price change,,,,,,,,,,,,,,,,,,,,,2026-07-18T00:00:00.000Z,Price change,,,,,,,,,,,,,,,,,2026-06-12T00:00:00.000Z,Listed for rent,2024-05-24T00:00:00.000Z,Listing removed,2024-05-15T00:00:00.000Z,Listed for rent,2024-03-11T00:00:00.000Z,Listing removed,2024-03-02T00:00:00.000Z,Listed for rent,2022-10-14T00:00:00.000Z,Sold,2022-06-24T00:00:00.000Z,Sold,1330,1550,https://www.zillow.com/homedetails/19-Patti-Cv-Ward-AR-72176/338981616_zpid/
3,18,/homedetails/1845-Arden-Ln-Conway-AR-72034/71714882_zpid/,FOR_RENT,139000,"1845 Arden Ln, Conway, AR 72034",1845 Arden Ln,1650,2026-07-17T00:00:00.000Z,Listed for rent,2024-07-03T00:00:00.000Z,Listing removed,,,,,,,,,,,,,,,,,,,,,2024-06-25T00:00:00.000Z,Listed for rent,,,,,,,,,,,,,,,,,2023-02-27T00:00:00.000Z,Listing removed,2023-02-22T00:00:00.000Z,Listed for rent,2021-01-19T00:00:00.000Z,Listing removed,2021-01-09T00:00:00.000Z,Listed for rent,2020-12-16T00:00:00.000Z,Sold,,,,,1205,1650,https://www.zillow.com/homedetails/1845-Arden-Ln-Conway-AR-72034/71714882_zpid/
3,31,/homedetails/61-Pin-Oak-Loop-Maumelle-AR-72113/326810_zpid/,FOR_RENT,175000,"61 Pin Oak Loop, Maumelle, AR 72113",61 Pin Oak Loop,1550,2026-07-03T00:00:00.000Z,Listed for rent,2024-04-25T00:00:00.000Z,Listing removed,2018-03-07T00:00:00.000Z,Price change,2018-02-07T00:00:00.000Z,Listed for sale,2017-06-08T00:00:00.000Z,Listing removed,2017-05-10T00:00:00.000Z,Listed for sale,2014-05-05T00:00:00.000Z,Sold,2011-07-04T00:00:00.000Z,Listing removed,2011-06-09T00:00:00.000Z,Listed for sale,2006-08-02T00:00:00.000Z,Sold,2003-05-01T00:00:00.000Z,Sold,2000-09-22T00:00:00.000Z,Sold,2024-04-09T00:00:00.000Z,Listed for rent,,,,,,,,,,,,,,,,,2023-02-09T00:00:00.000Z,Listing removed,2022-12-28T00:00:00.000Z,Price change,2022-10-26T00:00:00.000Z,Listed for rent,2022-09-30T00:00:00.000Z,Sold,2022-08-28T00:00:00.000Z,Contingent,2022-08-26T00:00:00.000Z,Listed for sale,2018-04-24T00:00:00.000Z,Sold,1173,1550,https://www.zillow.com/homedetails/61-Pin-Oak-Loop-Maumelle-AR-72113/326810_zpid/
5,0,/homedetails/1330-37th-Avenue-Ln-NE-Hickory-NC-28601/452771842_zpid/,FOR_RENT,330000,"1330 37th Avenue Ln NE, Hickory, NC 28601",1330 37th Avenue Ln NE,2700,2026-08-04T00:00:00.000Z,Listed for rent,2025-09-16T00:00:00.000Z,Sold,,,,,,,,,,,,,,,,,,,,,2025-06-09T00:00:00.000Z,Pending sale,,,,,,,,,,,,,,,,,2025-06-04T00:00:00.000Z,Price change,2025-05-31T00:00:00.000Z,Listed for sale,,,,,,,,,,,2368,2700,https://www.zillow.com/homedetails/1330-37th-Avenue-Ln-NE-Hickory-NC-28601/452771842_zpid/
3,25,/homedetails/34-Ten-Point-Ln-Ward-AR-72176/454197664_zpid/,FOR_RENT,170000,"34 Ten Point Ln, Ward, AR 72176",34 Ten Point Ln,1450,2026-07-10T00:00:00.000Z,Listed for rent,2026-01-29T00:00:00.000Z,Listing removed,2025-09-05T00:00:00.000Z,Price change,2025-08-07T00:00:00.000Z,Price change,2025-08-07T00:00:00.000Z,Price change,2025-07-23T00:00:00.000Z,Price change,2025-07-22T00:00:00.000Z,Price change,2025-07-21T00:00:00.000Z,Price change,2025-07-14T00:00:00.000Z,Price change,2025-07-03T00:00:00.000Z,Price change,2025-06-30T00:00:00.000Z,Price change,2025-06-30T00:00:00.000Z,Listed for sale,2026-01-17T00:00:00.000Z,Price change,,,,,,,,,,,,,,,,,2025-12-06T00:00:00.000Z,Price change,2025-11-27T00:00:00.000Z,Price change,2025-11-22T00:00:00.000Z,Price change,2025-10-17T00:00:00.000Z,Listed for rent,2025-09-25T00:00:00.000Z,Sold,2025-09-08T00:00:00.000Z,Contingent,2025-09-06T00:00:00.000Z,Price change,1243,1450,https://www.zillow.com/homedetails/34-Ten-Point-Ln-Ward-AR-72176/454197664_zpid/
3,17,/homedetails/304-E-Locust-St-Cabot-AR-72023/253225_zpid/,FOR_RENT,139000,"304 E Locust St, Cabot, AR 72023",304 E Locust St,1295,2026-07-18T00:00:00.000Z,Listed for rent,2026-06-06T00:00:00.000Z,Listing removed,2020-09-21T00:00:00.000Z,Sold,2020-08-20T00:00:00.000Z,Listed for sale,2020-08-20T00:00:00.000Z,Pending sale,2020-07-10T00:00:00.000Z,Listed for sale,2014-10-24T00:00:00.000Z,Sold,2013-10-10T00:00:00.000Z,Listing removed,2013-07-13T00:00:00.000Z,Price change,2013-02-03T00:00:00.000Z,Price change,2012-11-16T00:00:00.000Z,Listed for sale,2012-07-01T00:00:00.000Z,Listing removed,2026-05-16T00:00:00.000Z,Listed for rent,2012-06-01T00:00:00.000Z,Listed for rent,2011-11-17T00:00:00.000Z,Listing removed,2011-10-07T00:00:00.000Z,Listed for rent,2011-10-07T00:00:00.000Z,Listing removed,2011-07-22T00:00:00.000Z,Listed for sale,2011-04-07T00:00:00.000Z,Listing removed,2011-01-16T00:00:00.000Z,Listed for sale,,,2023-12-21T00:00:00.000Z,Listing removed,2023-12-08T00:00:00.000Z,Price change,2023-09-19T00:00:00.000Z,Listed for rent,2022-03-02T00:00:00.000Z,Listing removed,2022-02-28T00:00:00.000Z,Price change,2022-02-16T00:00:00.000Z,Listed for rent,2020-11-09T00:00:00.000Z,Sold,1680,1295,https://www.zillow.com/homedetails/304-E-Locust-St-Cabot-AR-72023/253225_zpid/
3,17,/homedetails/1908-E-Lakeview-Benton-AR-72015/382134_zpid/,FOR_RENT,,"1908 E Lakeview, Benton, AR 72015",1908 E Lakeview,2000,2026-07-17T00:00:00.000Z,Listed for rent,,,,,,,,,,,,,,,,,,,,,,,,,,,,,,,,,,,,,,,,,,,,,,,,,,,,,,,1711,2000,https://www.zillow.com/homedetails/1908-E-Lakeview-Benton-AR-72015/382134_zpid/
2,3,/homedetails/53-Oak-Forest-Pl-Maumelle-AR-72113/326411_zpid/,FOR_RENT,100000,"53 Oak Forest Pl, Maumelle, AR 72113",53 Oak Forest Pl,1200,2026-07-31T00:00:00.000Z,Listed for rent,2021-02-23T00:00:00.000Z,Listing removed,2012-10-07T00:00:00.000Z,Price change,2012-09-08T00:00:00.000Z,Listed for sale,2004-02-04T00:00:00.000Z,Sold,,,,,,,,,,,,,,,2020-07-18T00:00:00.000Z,Listing removed,,,,,,,,,,,,,,,,,2020-07-15T00:00:00.000Z,Listed for rent,2020-06-29T00:00:00.000Z,Sold,2020-01-01T00:00:00.000Z,Listing removed,2019-10-03T00:00:00.000Z,Pending sale,2019-07-23T00:00:00.000Z,Listed for sale,2014-03-19T00:00:00.000Z,Sold,2012-12-31T00:00:00.000Z,Sold,900,1200,https://www.zillow.com/homedetails/53-Oak-Forest-Pl-Maumelle-AR-72113/326411_zpid/
3,23,/homedetails/3005-Plateau-Dr-Conway-AR-72032/71714489_zpid/,FOR_RENT,218000,"3005 Plateau Dr, Conway, AR 72032",3005 Plateau Dr,2000,2026-07-11T00:00:00.000Z,Listed for rent,2020-05-05T00:00:00.000Z,Sold,,,,,,,,,,,,,,,,,,,,,2020-03-27T00:00:00.000Z,Listed for sale,,,,,,,,,,,,,,,,,2019-07-23T00:00:00.000Z,Sold,2019-06-25T00:00:00.000Z,Pending sale,2019-06-12T00:00:00.000Z,Listed for sale,2010-10-20T00:00:00.000Z,Sold,2010-05-22T00:00:00.000Z,Listed for sale,,,,,1929,2000,https://www.zillow.com/homedetails/3005-Plateau-Dr-Conway-AR-72032/71714489_zpid/
3,6,/homedetails/4056-Kings-River-Trl-Bauxite-AR-72011/2062403626_zpid/,FOR_RENT,200660,"4056 Kings River Trl, Bauxite, AR 72011",4056 Kings River Trl,1545,2026-07-29T00:00:00.000Z,Listed for rent,2023-02-11T00:00:00.000Z,Listing removed,2022-08-04T00:00:00.000Z,Price change,2022-07-26T00:00:00.000Z,Price change,2022-07-21T00:00:00.000Z,Listed for sale,2022-07-18T00:00:00.000Z,Listing removed,2022-07-13T00:00:00.000Z,Listed for sale,,,,,,,,,,,2023-02-03T00:00:00.000Z,Price change,,,,,,,,,,,,,,,,,2023-01-11T00:00:00.000Z,Price change,2022-12-14T00:00:00.000Z,Price change,2022-11-22T00:00:00.000Z,Price change,2022-11-10T00:00:00.000Z,Listed for rent,2022-10-28T00:00:00.000Z,Sold,2022-10-08T00:00:00.000Z,Contingent,2022-08-24T00:00:00.000Z,Price change,1480,1545,https://www.zillow.com/homedetails/4056-Kings-River-Trl-Bauxite-AR-72011/2062403626_zpid/
3,31,/homedetails/345-Joyner-Loop-Lonoke-AR-72086/99446243_zpid/,FOR_RENT,36000,"345 Joyner Loop, Lonoke, AR 72086",345 Joyner Loop,1200,2026-07-05T00:00:00.000Z,Price change,2026-07-03T00:00:00.000Z,Listed for rent,,,,,,,,,,,,,,,,,,,,,2026-06-23T00:00:00.000Z,Listing removed,,,,,,,,,,,,,,,,,2026-02-11T00:00:00.000Z,Listed for rent,2025-11-22T00:00:00.000Z,Listing removed,2025-11-15T00:00:00.000Z,Price change,2025-11-05T00:00:00.000Z,Listed for rent,2025-09-05T00:00:00.000Z,Listing removed,2025-08-06T00:00:00.000Z,Listed for rent,2007-02-20T00:00:00.000Z,Sold,1120,1200,https://www.zillow.com/homedetails/345-Joyner-Loop-Lonoke-AR-72086/99446243_zpid/
3,34,/homedetails/118-E-Elm-Haskell-St-Benton-AR-72015/2061131914_zpid/,FOR_RENT,,"118 E Elm Haskell St, Benton, AR 72015",118 E Elm Haskell St,1200,2026-06-30T00:00:00.000Z,Listed for rent,2025-05-19T00:00:00.000Z,Listing removed,,,,,,,,,,,,,,,,,,,,,2025-05-02T00:00:00.000Z,Listed for rent,,,,,,,,,,,,,,,,,2023-07-05T00:00:00.000Z,Listing removed,2023-06-15T00:00:00.000Z,Listed for rent,2022-10-20T00:00:00.000Z,Listing removed,2022-10-14T00:00:00.000Z,Listed for rent,,,,,,,1300,1200,https://www.zillow.com/homedetails/118-E-Elm-Haskell-St-Benton-AR-72015/2061131914_zpid/
3,0,/homedetails/120-E-Palm-St-Lonoke-AR-72086/259816_zpid/,FOR_RENT,50000,"120 E Palm St, Lonoke, AR 72086",120 E Palm St,1250,2026-08-04T00:00:00.000Z,Listed for rent,2026-06-15T00:00:00.000Z,Sold,,,,,,,,,,,,,,,,,,,,,2026-04-13T00:00:00.000Z,Contingent,,,,,,,,,,,,,,,,,2026-01-16T00:00:00.000Z,Listed for sale,2014-06-09T00:00:00.000Z,Sold,2010-09-02T00:00:00.000Z,Sold,2008-01-08T00:00:00.000Z,Sold,1994-10-26T00:00:00.000Z,Sold,,,,,1502,1250,https://www.zillow.com/homedetails/120-E-Palm-St-Lonoke-AR-72086/259816_zpid/
3,25,/homedetails/209-N-Madison-St-Cabot-AR-72023/439267452_zpid/,FOR_RENT,,"209 N Madison St, Cabot, AR 72023",209 N Madison St,1895,2026-07-10T00:00:00.000Z,Listed for rent,2025-06-24T00:00:00.000Z,Listing removed,2024-12-28T00:00:00.000Z,Listing removed,2024-12-04T00:00:00.000Z,Price change,2024-09-23T00:00:00.000Z,Listing removed,2024-09-21T00:00:00.000Z,Price change,2024-09-17T00:00:00.000Z,Price change,2024-09-11T00:00:00.000Z,Listed for rent,2024-08-21T00:00:00.000Z,Listed for sale,,,,,,,2025-06-19T00:00:00.000Z,Listed for rent,,,,,,,,,,,,,,,,,2025-06-19T00:00:00.000Z,Listing removed,2025-04-10T00:00:00.000Z,Price change,2025-03-05T00:00:00.000Z,Listed for rent,2025-03-05T00:00:00.000Z,Listing removed,2025-03-04T00:00:00.000Z,Listed for rent,2025-03-03T00:00:00.000Z,Listing removed,2025-02-28T00:00:00.000Z,Listed for rent,1524,1895,https://www.zillow.com/homedetails/209-N-Madison-St-Cabot-AR-72023/439267452_zpid/
3,32,/homedetails/20-Twin-Lakes-Dr-Cabot-AR-72023/67445636_zpid/,FOR_RENT,143500,"20 Twin Lakes Dr, Cabot, AR 72023",20 Twin Lakes Dr,1650,2026-07-02T00:00:00.000Z,Listed for rent,2025-09-12T00:00:00.000Z,Listing removed,2019-09-18T00:00:00.000Z,Sold,2019-09-11T00:00:00.000Z,Listed for sale,2019-08-30T00:00:00.000Z,Pending sale,2019-07-27T00:00:00.000Z,Listed for sale,2014-10-22T00:00:00.000Z,Sold,2009-11-24T00:00:00.000Z,Sold,,,,,,,,,2025-08-26T00:00:00.000Z,Listed for rent,,,,,,,,,,,,,,,,,2022-09-14T00:00:00.000Z,Listing removed,2022-08-24T00:00:00.000Z,Price change,2022-08-01T00:00:00.000Z,Listed for rent,2021-02-26T00:00:00.000Z,Listing removed,2020-11-03T00:00:00.000Z,Listed for rent,2019-11-02T00:00:00.000Z,Listing removed,2019-09-25T00:00:00.000Z,Listed for rent,1560,1650,https://www.zillow.com/homedetails/20-Twin-Lakes-Dr-Cabot-AR-72023/67445636_zpid/
3,13,/homedetails/6110-Petit-Jean-Dr-Shannon-Hills-AR-72103/71716883_zpid/,FOR_RENT,,"6110 Petit Jean Dr, Shannon Hills, AR 72103",6110 Petit Jean Dr,1495,2026-07-21T00:00:00.000Z,Listed for rent,2021-11-22T00:00:00.000Z,Listing removed,2013-11-19T00:00:00.000Z,Listed for sale,,,,,,,,,,,,,,,,,,,2021-07-12T00:00:00.000Z,Listed for rent,,,,,,,,,,,,,,,,,2019-06-28T00:00:00.000Z,Listing removed,2019-04-10T00:00:00.000Z,Listed for rent,2017-10-28T00:00:00.000Z,Listing removed,2017-09-21T00:00:00.000Z,Listed for rent,2014-01-07T00:00:00.000Z,Listing removed,2013-12-20T00:00:00.000Z,Listing removed,2013-12-10T00:00:00.000Z,Listed for rent,1504,1495,https://www.zillow.com/homedetails/6110-Petit-Jean-Dr-Shannon-Hills-AR-72103/71716883_zpid/
3,3,/homedetails/2668-Chapel-Creek-Dr-Benton-AR-72015/120791136_zpid/,FOR_RENT,,"2668 Chapel Creek Dr, Benton, AR 72015",2668 Chapel Creek Dr,1595,2026-07-31T00:00:00.000Z,Listed for rent,2020-04-14T00:00:00.000Z,Listing removed,,,,,,,,,,,,,,,,,,,,,2020-04-08T00:00:00.000Z,Listed for rent,,,,,,,,,,,,,,,,,2017-08-19T00:00:00.000Z,Listing removed,2017-08-03T00:00:00.000Z,Listed for rent,,,,,,,,,,,1478,1595,https://www.zillow.com/homedetails/2668-Chapel-Creek-Dr-Benton-AR-72015/120791136_zpid/
4,7,/homedetails/13724-Joan-Dr-Shannon-Hills-AR-72103/393639_zpid/,FOR_RENT,118000,"13724 Joan Dr, Shannon Hills, AR 72103",13724 Joan Dr,1100,2026-07-27T00:00:00.000Z,Listed for rent,2022-08-18T00:00:00.000Z,Listing removed,,,,,,,,,,,,,,,,,,,,,2022-08-05T00:00:00.000Z,Listed for rent,,,,,,,,,,,,,,,,,2022-04-26T00:00:00.000Z,Sold,2021-09-28T00:00:00.000Z,Listing removed,2021-08-30T00:00:00.000Z,Listed for rent,2019-12-04T00:00:00.000Z,Listing removed,2019-08-26T00:00:00.000Z,Price change,2019-08-16T00:00:00.000Z,Price change,2019-07-31T00:00:00.000Z,Listed for rent,1299,1100,https://www.zillow.com/homedetails/13724-Joan-Dr-Shannon-Hills-AR-72103/393639_zpid/
4,10,/homedetails/1604-Rambling-Brook-Dr-Benton-AR-72015/462316832_zpid/,FOR_RENT,231900,"1604 Rambling Brook Dr, Benton, AR 72015",1604 Rambling Brook Dr,2000,2026-07-24T00:00:00.000Z,Sold,2026-07-24T00:00:00.000Z,Listed for rent,,,,,,,,,,,,,,,,,,,,,2026-05-09T00:00:00.000Z,Listed for sale,,,,,,,,,,,,,,,,,,,,,,,,,,,,,,,1699,2000,https://www.zillow.com/homedetails/1604-Rambling-Brook-Dr-Benton-AR-72015/462316832_zpid/
3,6,/homedetails/2106-Cherry-Creek-Cir-Bryant-AR-72022/390348_zpid/,FOR_RENT,175000,"2106 Cherry Creek Cir, Bryant, AR 72022",2106 Cherry Creek Cir,1695,2026-07-28T00:00:00.000Z,Listed for rent,2022-05-10T00:00:00.000Z,Listing removed,,,,,,,,,,,,,,,,,,,,,2022-04-26T00:00:00.000Z,Listed for rent,,,,,,,,,,,,,,,,,2022-03-25T00:00:00.000Z,Sold,2022-02-21T00:00:00.000Z,Contingent,2022-02-17T00:00:00.000Z,Listed for sale,2016-07-11T00:00:00.000Z,Sold,2006-10-03T00:00:00.000Z,Sold,,,,,1468,1695,https://www.zillow.com/homedetails/2106-Cherry-Creek-Cir-Bryant-AR-72022/390348_zpid/
3,6,/homedetails/13498-Alexis-Dr-Alexander-AR-72002/68024857_zpid/,FOR_RENT,143000,"13498 Alexis Dr, Alexander, AR 72002",13498 Alexis Dr,1550,2026-07-29T00:00:00.000Z,Listed for rent,2024-09-13T00:00:00.000Z,Listing removed,2015-08-21T00:00:00.000Z,Listing removed,2015-07-02T00:00:00.000Z,Price change,2015-06-05T00:00:00.000Z,Listed for rent,2007-01-02T00:00:00.000Z,Sold,,,,,,,,,,,,,2024-08-06T00:00:00.000Z,Listed for rent,,,,,,,,,,,,,,,,,2024-08-05T00:00:00.000Z,Listing removed,2024-07-26T00:00:00.000Z,Listed for rent,2020-06-18T00:00:00.000Z,Listing removed,2020-05-22T00:00:00.000Z,Listed for rent,2018-10-25T00:00:00.000Z,Listing removed,2018-09-02T00:00:00.000Z,Listed for rent,2016-09-07T00:00:00.000Z,Listing removed,1545,1550,https://www.zillow.com/homedetails/13498-Alexis-Dr-Alexander-AR-72002/68024857_zpid/
4,6,/homedetails/4568-Western-Woods-Dr-Benton-AR-72015/2057412537_zpid/,FOR_RENT,313100,"4568 Western Woods Dr, Benton, AR 72015",4568 Western Woods Dr,1895,2026-07-29T00:00:00.000Z,Listed for rent,2025-04-17T00:00:00.000Z,Listing removed,,,,,,,,,,,,,,,,,,,,,2025-04-10T00:00:00.000Z,Listed for rent,,,,,,,,,,,,,,,,,2023-03-31T00:00:00.000Z,Sold,,,,,,,,,,,,,1734,1895,https://www.zillow.com/homedetails/4568-Western-Woods-Dr-Benton-AR-72015/2057412537_zpid/
3,17,/homedetails/414-Newcomb-Cv-Benton-AR-72015/384931_zpid/,FOR_RENT,65531,"414 Newcomb Cv, Benton, AR 72015",414 Newcomb Cv,1600,2026-07-17T00:00:00.000Z,Listed for rent,2010-11-30T00:00:00.000Z,Sold,,,,,,,,,,,,,,,,,,,,,2005-03-03T00:00:00.000Z,Sold,,,,,,,,,,,,,,,,,,,,,,,,,,,,,,,1384,1600,https://www.zillow.com/homedetails/414-Newcomb-Cv-Benton-AR-72015/384931_zpid/
3,20,/homedetails/1298-Ridge-Rd-Benton-AR-72015/114166758_zpid/,FOR_RENT,,"1298 Ridge Rd, Benton, AR 72015",1298 Ridge Rd,1245,2026-07-14T00:00:00.000Z,Listed for rent,2022-10-07T00:00:00.000Z,Listing removed,,,,,,,,,,,,,,,,,,,,,2022-09-22T00:00:00.000Z,Listed for rent,,,,,,,,,,,,,,,,,2021-09-20T00:00:00.000Z,Listing removed,2021-08-20T00:00:00.000Z,Listed for rent,,,,,,,,,,,1108,1245,https://www.zillow.com/homedetails/1298-Ridge-Rd-Benton-AR-72015/114166758_zpid/
3,21,/homedetails/509-North-St-Bryant-AR-72022/391371_zpid/,FOR_RENT,155000,"509 North St, Bryant, AR 72022",509 North St,1875,2026-07-13T00:00:00.000Z,Listed for rent,2022-06-22T00:00:00.000Z,Listing removed,2016-04-19T00:00:00.000Z,Listed for sale,2013-11-05T00:00:00.000Z,Sold,,,,,,,,,,,,,,,,,2022-06-17T00:00:00.000Z,Listed for rent,,,,,,,,,,,,,,,,,2021-05-17T00:00:00.000Z,Listing removed,2021-05-13T00:00:00.000Z,Listed for rent,2021-04-13T00:00:00.000Z,Sold,2021-01-02T00:00:00.000Z,Contingent,2020-12-14T00:00:00.000Z,Price change,2020-11-17T00:00:00.000Z,Listed for sale,2016-04-29T00:00:00.000Z,Listing removed,1850,1875,https://www.zillow.com/homedetails/509-North-St-Bryant-AR-72022/391371_zpid/
3,6,/homedetails/1826-Auburn-Hills-Dr-Benton-AR-72015/64760739_zpid/,FOR_RENT,147500,"1826 Auburn Hills Dr, Benton, AR 72015",1826 Auburn Hills Dr,1625,2026-07-28T00:00:00.000Z,Listed for rent,2025-04-16T00:00:00.000Z,Listing removed,2022-01-24T00:00:00.000Z,Sold,2013-08-18T00:00:00.000Z,Listing removed,2013-06-02T00:00:00.000Z,Listed for sale,,,,,,,,,,,,,,,2025-03-18T00:00:00.000Z,Listed for rent,,,,,,,,,,,,,,,,,2023-08-09T00:00:00.000Z,Listing removed,2023-08-07T00:00:00.000Z,Listed for rent,2023-07-27T00:00:00.000Z,Listing removed,2023-07-24T00:00:00.000Z,Listed for rent,2022-12-21T00:00:00.000Z,Sold,2022-03-16T00:00:00.000Z,Listing removed,2022-02-28T00:00:00.000Z,Listed for rent,1300,1625,https://www.zillow.com/homedetails/1826-Auburn-Hills-Dr-Benton-AR-72015/64760739_zpid/
4,42,/homedetails/6016-Croft-Ave-Benton-AR-72019/443422808_zpid/,FOR_RENT,212675,"6016 Croft Ave, Benton, AR 72019",6016 Croft Ave,1650,2026-06-22T00:00:00.000Z,Listed for rent,2025-06-13T00:00:00.000Z,Listing removed,2024-12-19T00:00:00.000Z,Listing removed,2024-12-17T00:00:00.000Z,Listed for sale,2023-06-16T00:00:00.000Z,Sold,,,,,,,,,,,,,,,2025-06-05T00:00:00.000Z,Listed for rent,,,,,,,,,,,,,,,,,2025-05-30T00:00:00.000Z,Sold,2025-05-01T00:00:00.000Z,Contingent,2025-04-15T00:00:00.000Z,Price change,2025-04-04T00:00:00.000Z,Price change,2025-03-18T00:00:00.000Z,Price change,2025-03-07T00:00:00.000Z,Price change,2025-01-11T00:00:00.000Z,Listed for sale,1496,1650,https://www.zillow.com/homedetails/6016-Croft-Ave-Benton-AR-72019/443422808_zpid/
4,29,/homedetails/1072-Huntington-Dr-Benton-AR-72019/2061832300_zpid/,FOR_RENT,198000,"1072 Huntington Dr, Benton, AR 72019",1072 Huntington Dr,1650,2026-07-06T00:00:00.000Z,Listed for rent,2024-10-23T00:00:00.000Z,Listing removed,2022-08-23T00:00:00.000Z,Price change,2022-08-21T00:00:00.000Z,Listed for sale,,,,,,,,,,,,,,,,,2024-09-30T00:00:00.000Z,Price change,,,,,,,,,,,,,,,,,2024-09-18T00:00:00.000Z,Listed for rent,2022-12-30T00:00:00.000Z,Sold,2022-12-12T00:00:00.000Z,Contingent,2022-11-29T00:00:00.000Z,Price change,2022-11-11T00:00:00.000Z,Price change,2022-11-03T00:00:00.000Z,Price change,2022-10-04T00:00:00.000Z,Price change,1499,1650,https://www.zillow.com/homedetails/1072-Huntington-Dr-Benton-AR-72019/2061832300_zpid/
4,3,/homedetails/6316-Warwick-Dr-Alexander-AR-72002/461049113_zpid/,FOR_RENT,277000,"6316 Warwick Dr, Alexander, AR 72002",6316 Warwick Dr,2400,2026-07-31T00:00:00.000Z,Listed for rent,2026-06-29T00:00:00.000Z,Sold,,,,,,,,,,,,,,,,,,,,,2026-05-29T00:00:00.000Z,Contingent,,,,,,,,,,,,,,,,,2026-05-29T00:00:00.000Z,Price change,2026-03-14T00:00:00.000Z,Listed for sale,,,,,,,,,,,1884,2400,https://www.zillow.com/homedetails/6316-Warwick-Dr-Alexander-AR-72002/461049113_zpid/
4,44,/homedetails/6648-Hollywood-Ave-Benton-AR-72019/460872553_zpid/,FOR_RENT,215600,"6648 Hollywood Ave, Benton, AR 72019",6648 Hollywood Ave,1745,2026-07-22T00:00:00.000Z,Price change,2026-07-07T00:00:00.000Z,Price change,,,,,,,,,,,,,,,,,,,,,2026-06-20T00:00:00.000Z,Listed for rent,,,,,,,,,,,,,,,,,2026-05-28T00:00:00.000Z,Sold,2026-04-30T00:00:00.000Z,Contingent,2026-03-31T00:00:00.000Z,Price change,2026-03-05T00:00:00.000Z,Listed for sale,,,,,,,1470,1745,https://www.zillow.com/homedetails/6648-Hollywood-Ave-Benton-AR-72019/460872553_zpid/
4,47,/homedetails/6312-Warwick-Dr-Bryant-AR-72002/460975832_zpid/,FOR_RENT,267000,"6312 Warwick Dr, Bryant, AR 72002",6312 Warwick Dr,2200,2026-06-29T00:00:00.000Z,Sold,2026-06-17T00:00:00.000Z,Listed for rent,,,,,,,,,,,,,,,,,,,,,2026-06-04T00:00:00.000Z,Contingent,,,,,,,,,,,,,,,,,2026-03-11T00:00:00.000Z,Listed for sale,,,,,,,,,,,,,1849,2200,https://www.zillow.com/homedetails/6312-Warwick-Dr-Bryant-AR-72002/460975832_zpid/
3,28,/homedetails/807-S-Main-Benton-AR-72015/382019_zpid/,FOR_RENT,109900,"807 S Main, Benton, AR 72015",807 S Main,1300,2026-07-31T00:00:00.000Z,Price change,2026-07-27T00:00:00.000Z,Price change,2019-10-11T00:00:00.000Z,Price change,2019-10-09T00:00:00.000Z,Price change,2019-10-07T00:00:00.000Z,Price change,2019-10-04T00:00:00.000Z,Price change,2019-10-02T00:00:00.000Z,Price change,2019-09-30T00:00:00.000Z,Price change,2019-09-28T00:00:00.000Z,Listed for sale,2019-09-27T00:00:00.000Z,Sold,2019-09-23T00:00:00.000Z,Price change,2019-09-21T00:00:00.000Z,Price change,2026-07-06T00:00:00.000Z,Listed for rent,2019-09-18T00:00:00.000Z,Price change,2019-09-16T00:00:00.000Z,Price change,2019-09-14T00:00:00.000Z,Price change,2019-09-11T00:00:00.000Z,Price change,2019-09-07T00:00:00.000Z,Price change,2019-08-31T00:00:00.000Z,Price change,2019-08-29T00:00:00.000Z,Listed for sale,2009-03-31T00:00:00.000Z,Sold,2020-04-16T00:00:00.000Z,Sold,2020-04-06T00:00:00.000Z,Listing removed,2020-04-02T00:00:00.000Z,Price change,2020-02-17T00:00:00.000Z,Listed for rent,2019-10-19T00:00:00.000Z,Listing removed,2019-10-18T00:00:00.000Z,Price change,2019-10-16T00:00:00.000Z,Price change,1288,1300,https://www.zillow.com/homedetails/807-S-Main-Benton-AR-72015/382019_zpid/
3,68,/homedetails/14805-Post-Oaks-Pl-Mabelvale-AR-72103/377459_zpid/,FOR_RENT,139000,"14805 Post Oaks Pl, Mabelvale, AR 72103",14805 Post Oaks Pl,1595,2026-07-29T00:00:00.000Z,Price change,2026-07-15T00:00:00.000Z,Price change,2018-12-03T00:00:00.000Z,Sold,2018-12-01T00:00:00.000Z,Pending sale,2018-10-30T00:00:00.000Z,Price change,2018-10-10T00:00:00.000Z,Listed for sale,2011-05-20T00:00:00.000Z,Listing removed,2010-12-02T00:00:00.000Z,Sold,2010-05-23T00:00:00.000Z,Listed for sale,2007-12-05T00:00:00.000Z,Sold,,,,,2026-06-05T00:00:00.000Z,Price change,,,,,,,,,,,,,,,,,2026-05-27T00:00:00.000Z,Listed for rent,2023-11-16T00:00:00.000Z,Listing removed,2023-10-31T00:00:00.000Z,Listed for rent,2021-09-17T00:00:00.000Z,Listing removed,2021-08-30T00:00:00.000Z,Listed for rent,2021-06-21T00:00:00.000Z,Sold,2021-05-19T00:00:00.000Z,Listed for sale,1418,1595,https://www.zillow.com/homedetails/14805-Post-Oaks-Pl-Mabelvale-AR-72103/377459_zpid/
3,33,/homedetails/103-Pope-Dr-Benton-AR-72015/82243468_zpid/,FOR_RENT,115000,"103 Pope Dr, Benton, AR 72015",103 Pope Dr,1625,2026-07-01T00:00:00.000Z,Listed for rent,2024-08-21T00:00:00.000Z,Listing removed,2013-11-25T00:00:00.000Z,Listed for sale,2013-10-08T00:00:00.000Z,Sold,2012-06-06T00:00:00.000Z,Listing removed,2012-05-24T00:00:00.000Z,Price change,2012-03-22T00:00:00.000Z,Listed for sale,2008-01-28T00:00:00.000Z,Sold,,,,,,,,,2024-07-02T00:00:00.000Z,Price change,,,,,,,,,,,,,,,,,2024-05-31T00:00:00.000Z,Listed for rent,2017-07-19T00:00:00.000Z,Listing removed,2017-06-17T00:00:00.000Z,Listed for rent,2016-11-06T00:00:00.000Z,Listing removed,2014-04-08T00:00:00.000Z,Listing removed,2014-01-31T00:00:00.000Z,Sold,2014-01-29T00:00:00.000Z,Listed for rent,1559,1625,https://www.zillow.com/homedetails/103-Pope-Dr-Benton-AR-72015/82243468_zpid/
4,1,/homedetails/6056-Orange-Valley-Cv-Mabelvale-AR-72103/463591455_zpid/,FOR_RENT,,"6056 Orange Valley Cv, Mabelvale, AR 72103",6056 Orange Valley Cv,1675,2026-07-01T00:00:00.000Z,Listed for rent,,,,,,,,,,,,,,,,,,,,,,,,,,,,,,,,,,,,,,,,,,,,,,,,,,,,,,,1537,1675,https://www.zillow.com/homedetails/6056-Orange-Valley-Cv-Mabelvale-AR-72103/463591455_zpid/
4,54,/homedetails/17024-Congo-Ferndale-Rd-Little-Rock-AR-72210/370120_zpid/,FOR_RENT,279500,"17024 Congo Ferndale Rd, Little Rock, AR 72210",17024 Congo Ferndale Rd,1675,2026-06-10T00:00:00.000Z,Listed for rent,2020-09-11T00:00:00.000Z,Listing removed,,,,,,,,,,,,,,,,,,,,,2020-07-23T00:00:00.000Z,Listed for rent,,,,,,,,,,,,,,,,,2018-05-13T00:00:00.000Z,Listing removed,2018-01-31T00:00:00.000Z,Listed for rent,2017-03-29T00:00:00.000Z,Sold,,,,,,,,,1590,1675,https://www.zillow.com/homedetails/17024-Congo-Ferndale-Rd-Little-Rock-AR-72210/370120_zpid/
5,35,/homedetails/2318-Redwood-Dr-Benton-AR-72015/52934050_zpid/,FOR_RENT,216000,"2318 Redwood Dr, Benton, AR 72015",2318 Redwood Dr,2095,2026-07-23T00:00:00.000Z,Price change,2026-07-14T00:00:00.000Z,Price change,2021-12-21T00:00:00.000Z,Listed for rent,2021-11-01T00:00:00.000Z,Sold,2021-10-03T00:00:00.000Z,Contingent,2021-09-30T00:00:00.000Z,Listed for sale,,,,,,,,,,,,,2026-06-29T00:00:00.000Z,Listed for rent,,,,,,,,,,,,,,,,,2024-11-05T00:00:00.000Z,Listing removed,2024-05-02T00:00:00.000Z,Listing removed,2024-05-02T00:00:00.000Z,Listed for rent,2024-04-25T00:00:00.000Z,Listing removed,2024-04-23T00:00:00.000Z,Listed for rent,2022-01-24T00:00:00.000Z,Listing removed,2022-01-19T00:00:00.000Z,Price change,1909,2095,https://www.zillow.com/homedetails/2318-Redwood-Dr-Benton-AR-72015/52934050_zpid/
3,48,/homedetails/13996-Pine-Glen-Cv-Alexander-AR-72002/92431875_zpid/,FOR_RENT,179000,"13996 Pine Glen Cv, Alexander, AR 72002",13996 Pine Glen Cv,1595,2026-06-17T00:00:00.000Z,Listed for rent,2023-06-14T00:00:00.000Z,Listing removed,2010-09-18T00:00:00.000Z,Price change,2010-09-11T00:00:00.000Z,Listed for sale,2008-02-05T00:00:00.000Z,Sold,,,,,,,,,,,,,,,2023-05-31T00:00:00.000Z,Listed for rent,,,,,,,,,,,,,,,,,2023-03-15T00:00:00.000Z,Sold,2022-11-15T00:00:00.000Z,Listed for sale,2011-05-15T00:00:00.000Z,Listing removed,2011-01-31T00:00:00.000Z,Pending sale,2010-12-27T00:00:00.000Z,Price change,2010-11-20T00:00:00.000Z,Pending sale,2010-10-29T00:00:00.000Z,Price change,1400,1595,https://www.zillow.com/homedetails/13996-Pine-Glen-Cv-Alexander-AR-72002/92431875_zpid/
4,40,/homedetails/1088-Huntington-Dr-Benton-AR-72019/2062453392_zpid/,FOR_RENT,,"1088 Huntington Dr, Benton, AR 72019",1088 Huntington Dr,1595,2026-07-23T00:00:00.000Z,Price change,2026-06-25T00:00:00.000Z,Listed for rent,2022-07-12T00:00:00.000Z,Price change,2022-07-08T00:00:00.000Z,Listed for sale,,,,,,,,,,,,,,,,,2022-12-30T00:00:00.000Z,Listing removed,,,,,,,,,,,,,,,,,2022-12-14T00:00:00.000Z,Price change,2022-11-22T00:00:00.000Z,Price change,2022-10-26T00:00:00.000Z,Listed for rent,2022-09-10T00:00:00.000Z,Listing removed,2022-08-23T00:00:00.000Z,Price change,2022-08-02T00:00:00.000Z,Price change,2022-07-25T00:00:00.000Z,Price change,1640,1595,https://www.zillow.com/homedetails/1088-Huntington-Dr-Benton-AR-72019/2062453392_zpid/
3,18,/homedetails/2220-Chase-Dr-Conway-AR-72034/35730147_zpid/,FOR_RENT,141000,"2220 Chase Dr, Conway, AR 72034",2220 Chase Dr,1850,2026-07-16T00:00:00.000Z,Listed for rent,2025-04-11T00:00:00.000Z,Listing removed,2006-02-08T00:00:00.000Z,Sold,,,,,,,,,,,,,,,,,,,2025-04-06T00:00:00.000Z,Listed for rent,,,,,,,,,,,,,,,,,2025-03-29T00:00:00.000Z,Listing removed,2025-01-19T00:00:00.000Z,Price change,2025-01-18T00:00:00.000Z,Listed for rent,2012-10-25T00:00:00.000Z,Sold,2011-08-25T00:00:00.000Z,Sold,2009-07-29T00:00:00.000Z,Sold,2009-04-13T00:00:00.000Z,Sold,1582,1850,https://www.zillow.com/homedetails/2220-Chase-Dr-Conway-AR-72034/35730147_zpid/
3,58,/homedetails/3020-Beechwood-Dr-Conway-AR-72032/251479599_zpid/,FOR_RENT,184000,"3020 Beechwood Dr, Conway, AR 72032",3020 Beechwood Dr,1500,2026-06-06T00:00:00.000Z,Listed for rent,2023-06-10T00:00:00.000Z,Listing removed,2017-10-13T00:00:00.000Z,Sold,,,,,,,,,,,,,,,,,,,2023-05-15T00:00:00.000Z,Listed for rent,,,,,,,,,,,,,,,,,2022-08-16T00:00:00.000Z,Sold,2022-07-13T00:00:00.000Z,Contingent,2022-07-11T00:00:00.000Z,Price change,2022-07-05T00:00:00.000Z,Listed for sale,2021-07-02T00:00:00.000Z,Sold,2021-05-30T00:00:00.000Z,Contingent,2021-05-27T00:00:00.000Z,Listed for sale,1289,1500,https://www.zillow.com/homedetails/3020-Beechwood-Dr-Conway-AR-72032/251479599_zpid/
3,11,/homedetails/3420-Bentonville-Dr-Conway-AR-72032/82249372_zpid/,FOR_RENT,158000,"3420 Bentonville Dr, Conway, AR 72032",3420 Bentonville Dr,1400,2026-07-23T00:00:00.000Z,Listed for rent,2026-02-13T00:00:00.000Z,Sold,,,,,,,,,,,,,,,,,,,,,2026-01-07T00:00:00.000Z,Pending sale,,,,,,,,,,,,,,,,,2026-01-06T00:00:00.000Z,Contingent,2025-11-24T00:00:00.000Z,Listed for sale,2019-04-28T00:00:00.000Z,Sold,2019-03-14T00:00:00.000Z,Listed for sale,2015-06-03T00:00:00.000Z,Sold,2008-05-27T00:00:00.000Z,Sold,2007-05-31T00:00:00.000Z,Sold,,1400,https://www.zillow.com/homedetails/3420-Bentonville-Dr-Conway-AR-72032/82249372_zpid/
3,22,/homedetails/4605-Valiant-Dr-Conway-AR-72034/52392383_zpid/,FOR_RENT,122000,"4605 Valiant Dr, Conway, AR 72034",4605 Valiant Dr,1500,2026-08-01T00:00:00.000Z,Price change,2026-07-13T00:00:00.000Z,Listed for rent,,,,,,,,,,,,,,,,,,,,,2023-05-19T00:00:00.000Z,Listing removed,,,,,,,,,,,,,,,,,2023-05-02T00:00:00.000Z,Listed for rent,2022-04-11T00:00:00.000Z,Listing removed,2022-04-06T00:00:00.000Z,Listed for rent,2011-09-02T00:00:00.000Z,Sold,2011-06-12T00:00:00.000Z,Listed for sale,2008-09-08T00:00:00.000Z,Sold,,,1324,1500,https://www.zillow.com/homedetails/4605-Valiant-Dr-Conway-AR-72034/52392383_zpid/
3,9,/homedetails/2105-Lookout-Ave-Conway-AR-72034/235105_zpid/,FOR_RENT,40000,"2105 Lookout Ave, Conway, AR 72034",2105 Lookout Ave,1600,2026-07-25T00:00:00.000Z,Listed for rent,2017-05-02T00:00:00.000Z,Sold,,,,,,,,,,,,,,,,,,,,,2013-09-13T00:00:00.000Z,Sold,,,,,,,,,,,,,,,,,2009-07-08T00:00:00.000Z,Sold,2009-04-18T00:00:00.000Z,Listed for sale,,,,,,,,,,,1080,1600,https://www.zillow.com/homedetails/2105-Lookout-Ave-Conway-AR-72034/235105_zpid/
4,61,/homedetails/5813-Heritage-Heights-Dr-Benton-AR-72019/71715692_zpid/,FOR_RENT,199000,"5813 Heritage Heights Dr, Benton, AR 72019",5813 Heritage Heights Dr,1795,2026-07-29T00:00:00.000Z,Price change,2026-07-15T00:00:00.000Z,Price change,2022-02-04T00:00:00.000Z,Price change,2021-12-21T00:00:00.000Z,Listed for rent,2021-11-17T00:00:00.000Z,Sold,2021-11-12T00:00:00.000Z,Contingent,2021-10-13T00:00:00.000Z,Listed for sale,2016-02-17T00:00:00.000Z,Sold,2014-10-06T00:00:00.000Z,Listing removed,2014-07-21T00:00:00.000Z,Price change,2013-10-18T00:00:00.000Z,Listed for sale,,,2026-06-04T00:00:00.000Z,Listed for rent,,,,,,,,,,,,,,,,,2024-04-06T00:00:00.000Z,Listing removed,2024-03-28T00:00:00.000Z,Listed for rent,2023-07-05T00:00:00.000Z,Listing removed,2023-06-23T00:00:00.000Z,Listed for rent,2022-05-23T00:00:00.000Z,Listing removed,2022-05-17T00:00:00.000Z,Listed for rent,2022-02-23T00:00:00.000Z,Listing removed,1792,1795,https://www.zillow.com/homedetails/5813-Heritage-Heights-Dr-Benton-AR-72019/71715692_zpid/
3,8,/homedetails/1319-Collier-Dr-Conway-AR-72032/240324_zpid/,FOR_RENT,225000,"1319 Collier Dr, Conway, AR 72032",1319 Collier Dr,1350,2026-07-26T00:00:00.000Z,Listed for rent,2026-06-27T00:00:00.000Z,Listing removed,2025-01-29T00:00:00.000Z,Price change,2024-01-03T00:00:00.000Z,Listing removed,2023-12-13T00:00:00.000Z,Price change,2023-10-03T00:00:00.000Z,Listed for sale,2022-12-05T00:00:00.000Z,Price change,2022-11-23T00:00:00.000Z,Listed for rent,2015-04-30T00:00:00.000Z,Sold,1987-08-25T00:00:00.000Z,Sold,,,,,2026-05-19T00:00:00.000Z,Listed for rent,,,,,,,,,,,,,,,,,2025-07-02T00:00:00.000Z,Listing removed,2025-06-23T00:00:00.000Z,Price change,2025-06-18T00:00:00.000Z,Listed for rent,2025-05-22T00:00:00.000Z,Listing removed,2025-05-19T00:00:00.000Z,Listed for rent,2025-03-07T00:00:00.000Z,Sold,2025-02-11T00:00:00.000Z,Contingent,1132,1350,https://www.zillow.com/homedetails/1319-Collier-Dr-Conway-AR-72032/240324_zpid/
3,23,/homedetails/Conway-AR-72034/241235_zpid/,FOR_RENT,131000,"(Undisclosed Address), Conway, AR 72034",(Undisclosed Address),1800,2026-07-12T00:00:00.000Z,Listed for rent,2026-06-15T00:00:00.000Z,Listing removed,2013-02-04T00:00:00.000Z,Sold,2006-01-27T00:00:00.000Z,Sold,,,,,,,,,,,,,,,,,2026-05-25T00:00:00.000Z,Listed for rent,,,,,,,,,,,,,,,,,2026-05-16T00:00:00.000Z,Listing removed,2026-04-25T00:00:00.000Z,Listed for rent,2024-05-02T00:00:00.000Z,Listing removed,2024-04-11T00:00:00.000Z,Listed for rent,2021-08-22T00:00:00.000Z,Listing removed,2021-08-02T00:00:00.000Z,Listed for rent,2013-04-18T00:00:00.000Z,Sold,1689,1800,https://www.zillow.com/homedetails/Conway-AR-72034/241235_zpid/
4,40,/homedetails/4521-Western-Woods-Dr-Benton-AR-72015/2057974580_zpid/,FOR_RENT,313100,"4521 Western Woods Dr, Benton, AR 72015",4521 Western Woods Dr,1945,2026-06-25T00:00:00.000Z,Listed for rent,2023-05-03T00:00:00.000Z,Listing removed,,,,,,,,,,,,,,,,,,,,,2023-04-24T00:00:00.000Z,Price change,,,,,,,,,,,,,,,,,2023-04-22T00:00:00.000Z,Listed for rent,2023-03-31T00:00:00.000Z,Sold,,,,,,,,,,,1843,1945,https://www.zillow.com/homedetails/4521-Western-Woods-Dr-Benton-AR-72015/2057974580_zpid/
3,25,/homedetails/2704-Bruce-St-Conway-AR-72034/238257_zpid/,FOR_RENT,123000,"2704 Bruce St, Conway, AR 72034",2704 Bruce St,1550,2026-07-09T00:00:00.000Z,Listed for rent,2025-08-11T00:00:00.000Z,Listing removed,,,,,,,,,,,,,,,,,,,,,2025-06-27T00:00:00.000Z,Listed for rent,,,,,,,,,,,,,,,,,2014-08-01T00:00:00.000Z,Sold,2014-06-12T00:00:00.000Z,Listed for sale,2013-01-13T00:00:00.000Z,Sold,2009-11-16T00:00:00.000Z,Sold,,,,,,,1503,1550,https://www.zillow.com/homedetails/2704-Bruce-St-Conway-AR-72034/238257_zpid/
3,25,/homedetails/21-Center-Rd-Mayflower-AR-72106/35731070_zpid/,FOR_RENT,195500,"21 Center Rd, Mayflower, AR 72106",21 Center Rd,1850,2026-07-27T00:00:00.000Z,Price change,2026-07-10T00:00:00.000Z,Listed for rent,2024-10-01T00:00:00.000Z,Listed for sale,2012-05-24T00:00:00.000Z,Sold,2012-02-19T00:00:00.000Z,Listed for sale,,,,,,,,,,,,,,,2026-05-21T00:00:00.000Z,Listing removed,,,,,,,,,,,,,,,,,2026-05-06T00:00:00.000Z,Price change,2026-05-03T00:00:00.000Z,Listed for rent,2026-04-11T00:00:00.000Z,Listing removed,2026-03-25T00:00:00.000Z,Listed for rent,2025-09-24T00:00:00.000Z,Listing removed,2025-09-03T00:00:00.000Z,Listed for rent,2024-11-15T00:00:00.000Z,Sold,1344,1850,https://www.zillow.com/homedetails/21-Center-Rd-Mayflower-AR-72106/35731070_zpid/
3,48,/homedetails/781-Highway-365-Mayflower-AR-72106/227206_zpid/,FOR_RENT,165700,"781 Highway 365, Mayflower, AR 72106",781 Highway 365,1175,2026-07-28T00:00:00.000Z,Price change,2026-06-16T00:00:00.000Z,Listed for rent,,,,,,,,,,,,,,,,,,,,,2023-11-01T00:00:00.000Z,Listing removed,,,,,,,,,,,,,,,,,2023-10-21T00:00:00.000Z,Price change,2023-09-12T00:00:00.000Z,Listed for rent,2023-03-10T00:00:00.000Z,Listing removed,2023-02-13T00:00:00.000Z,Listed for rent,2013-04-30T00:00:00.000Z,Sold,2007-03-14T00:00:00.000Z,Sold,,,1140,1175,https://www.zillow.com/homedetails/781-Highway-365-Mayflower-AR-72106/227206_zpid/
3,1,/homedetails/4-Colonial-Dr-Conway-AR-72034/236366_zpid/,FOR_RENT,332392,"4 Colonial Dr, Conway, AR 72034",4 Colonial Dr,1300,2026-08-03T00:00:00.000Z,Listed for rent,2020-11-13T00:00:00.000Z,Listing removed,,,,,,,,,,,,,,,,,,,,,2020-11-01T00:00:00.000Z,Price change,,,,,,,,,,,,,,,,,2020-10-07T00:00:00.000Z,Listed for sale,2014-08-07T00:00:00.000Z,Sold,,,,,,,,,,,1200,1300,https://www.zillow.com/homedetails/4-Colonial-Dr-Conway-AR-72034/236366_zpid/
4,44,/homedetails/6673-Hollywood-Ave-Benton-AR-72019/461413230_zpid/,FOR_RENT,215900,"6673 Hollywood Ave, Benton, AR 72019",6673 Hollywood Ave,1845,2026-07-22T00:00:00.000Z,Price change,2026-07-07T00:00:00.000Z,Price change,,,,,,,,,,,,,,,,,,,,,2026-06-20T00:00:00.000Z,Listed for rent,,,,,,,,,,,,,,,,,2026-05-28T00:00:00.000Z,Sold,2026-04-30T00:00:00.000Z,Contingent,2026-03-31T00:00:00.000Z,Listed for sale,,,,,,,,,2250,1845,https://www.zillow.com/homedetails/6673-Hollywood-Ave-Benton-AR-72019/461413230_zpid/
4,0,/homedetails/6065-Discovery-Trl-Bauxite-AR-72011/442588179_zpid/,FOR_RENT,192660,"6065 Discovery Trl, Bauxite, AR 72011",6065 Discovery Trl,1595,2026-08-03T00:00:00.000Z,Listed for rent,2025-07-01T00:00:00.000Z,Listing removed,2024-12-14T00:00:00.000Z,Listed for sale,2024-11-22T00:00:00.000Z,Listing removed,2024-11-14T00:00:00.000Z,Listed for sale,,,,,,,,,,,,,,,2025-05-23T00:00:00.000Z,Listed for rent,,,,,,,,,,,,,,,,,2025-05-09T00:00:00.000Z,Sold,2025-05-01T00:00:00.000Z,Contingent,2025-04-15T00:00:00.000Z,Price change,2025-04-04T00:00:00.000Z,Price change,2025-03-07T00:00:00.000Z,Price change,2025-02-28T00:00:00.000Z,Price change,2025-01-30T00:00:00.000Z,Price change,1459,1595,https://www.zillow.com/homedetails/6065-Discovery-Trl-Bauxite-AR-72011/442588179_zpid/
4,55,/homedetails/12239-Skyview-Dr-Bauxite-AR-72011/71715798_zpid/,FOR_RENT,135000,"12239 Skyview Dr, Bauxite, AR 72011",12239 Skyview Dr,1725,2026-07-30T00:00:00.000Z,Price change,2026-06-09T00:00:00.000Z,Listed for rent,,,,,,,,,,,,,,,,,,,,,2024-05-15T00:00:00.000Z,Sold,,,,,,,,,,,,,,,,,2021-02-06T00:00:00.000Z,Sold,2020-10-27T00:00:00.000Z,Price change,2020-09-10T00:00:00.000Z,Listed for sale,2008-07-10T00:00:00.000Z,Sold,,,,,,,1600,1725,https://www.zillow.com/homedetails/12239-Skyview-Dr-Bauxite-AR-72011/71715798_zpid/
3,0,/homedetails/3005-Chapman-Ct-Bryant-AR-72022/116220648_zpid/,FOR_RENT,224500,"3005 Chapman Ct, Bryant, AR 72022",3005 Chapman Ct,2100,2026-08-03T00:00:00.000Z,Listed for rent,2025-09-21T00:00:00.000Z,Listing removed,2022-08-12T00:00:00.000Z,Listed for rent,2022-07-28T00:00:00.000Z,Price change,2022-07-23T00:00:00.000Z,Listed for sale,2012-07-16T00:00:00.000Z,Sold,2012-01-19T00:00:00.000Z,Sold,,,,,,,,,,,2025-09-09T00:00:00.000Z,Price change,,,,,,,,,,,,,,,,,2025-08-02T00:00:00.000Z,Listed for rent,2024-10-14T00:00:00.000Z,Listing removed,2024-07-01T00:00:00.000Z,Listing removed,2024-06-08T00:00:00.000Z,Listed for rent,2022-09-21T00:00:00.000Z,Listing removed,2022-09-15T00:00:00.000Z,Price change,2022-09-01T00:00:00.000Z,Sold,1588,2100,https://www.zillow.com/homedetails/3005-Chapman-Ct-Bryant-AR-72022/116220648_zpid/
3,8,/homedetails/227-Iris-St-Haskell-AR-72015/2060765172_zpid/,FOR_RENT,195000,"227 Iris St, Haskell, AR 72015",227 Iris St,1795,2026-07-27T00:00:00.000Z,Listed for rent,2023-02-16T00:00:00.000Z,Listing removed,,,,,,,,,,,,,,,,,,,,,2023-02-08T00:00:00.000Z,Price change,,,,,,,,,,,,,,,,,2023-01-26T00:00:00.000Z,Price change,2022-12-09T00:00:00.000Z,Listed for rent,2022-11-10T00:00:00.000Z,Sold,,,,,,,,,1420,1795,https://www.zillow.com/homedetails/227-Iris-St-Haskell-AR-72015/2060765172_zpid/
3,4,/homedetails/7000-Cold-Crk-Alexander-AR-72002/454188885_zpid/,FOR_RENT,,"7000 Cold Crk, Alexander, AR 72002",7000 Cold Crk,2475,2026-07-31T00:00:00.000Z,Listed for rent,2026-07-25T00:00:00.000Z,Listing removed,,,,,,,,,,,,,,,,,,,,,2026-06-11T00:00:00.000Z,Listing removed,,,,,,,,,,,,,,,,,2026-06-04T00:00:00.000Z,Listed for rent,2026-02-26T00:00:00.000Z,Listed for sale,2026-02-22T00:00:00.000Z,Listing removed,2025-06-30T00:00:00.000Z,Listed for sale,,,,,,,2429,2475,https://www.zillow.com/homedetails/7000-Cold-Crk-Alexander-AR-72002/454188885_zpid/
3,0,/homedetails/17-Greenbrier-Dr-Benton-AR-72015/386172_zpid/,FOR_RENT,143000,"17 Greenbrier Dr, Benton, AR 72015",17 Greenbrier Dr,1625,2026-08-03T00:00:00.000Z,Listed for rent,2026-02-23T00:00:00.000Z,Listing removed,2021-12-31T00:00:00.000Z,Listed for rent,2021-11-19T00:00:00.000Z,Sold,2014-09-17T00:00:00.000Z,Listing removed,2014-07-15T00:00:00.000Z,Listed for rent,2007-07-20T00:00:00.000Z,Sold,2006-08-01T00:00:00.000Z,Sold,,,,,,,,,2026-02-19T00:00:00.000Z,Price change,,,,,,,,,,,,,,,,,2026-01-29T00:00:00.000Z,Price change,2026-01-15T00:00:00.000Z,Price change,2025-12-30T00:00:00.000Z,Price change,2025-11-24T00:00:00.000Z,Listed for rent,2024-10-01T00:00:00.000Z,Listing removed,2024-08-29T00:00:00.000Z,Listed for rent,2022-03-07T00:00:00.000Z,Listing removed,1460,1625,https://www.zillow.com/homedetails/17-Greenbrier-Dr-Benton-AR-72015/386172_zpid/
3,6,/homedetails/4056-Kings-River-Trl-Bauxite-AR-72011/2062403626_zpid/,FOR_RENT,200660,"4056 Kings River Trl, Bauxite, AR 72011",4056 Kings River Trl,1545,2026-07-29T00:00:00.000Z,Listed for rent,2023-02-11T00:00:00.000Z,Listing removed,2022-08-04T00:00:00.000Z,Price change,2022-07-26T00:00:00.000Z,Price change,2022-07-21T00:00:00.000Z,Listed for sale,2022-07-18T00:00:00.000Z,Listing removed,2022-07-13T00:00:00.000Z,Listed for sale,,,,,,,,,,,2023-02-03T00:00:00.000Z,Price change,,,,,,,,,,,,,,,,,2023-01-11T00:00:00.000Z,Price change,2022-12-14T00:00:00.000Z,Price change,2022-11-22T00:00:00.000Z,Price change,2022-11-10T00:00:00.000Z,Listed for rent,2022-10-28T00:00:00.000Z,Sold,2022-10-08T00:00:00.000Z,Contingent,2022-08-24T00:00:00.000Z,Price change,1480,1545,https://www.zillow.com/homedetails/4056-Kings-River-Trl-Bauxite-AR-72011/2062403626_zpid/
4,7,/homedetails/6587-Westminster-Benton-AR-72019/120554683_zpid/,FOR_RENT,555000,"6587 Westminster, Benton, AR 72019",6587 Westminster,3695,2026-07-27T00:00:00.000Z,Listed for rent,2025-06-03T00:00:00.000Z,Listing removed,2022-06-07T00:00:00.000Z,Listing removed,2022-06-03T00:00:00.000Z,Price change,2022-06-02T00:00:00.000Z,Listed for rent,2022-05-25T00:00:00.000Z,Listing removed,2022-05-20T00:00:00.000Z,Price change,2022-05-09T00:00:00.000Z,Listed for rent,2022-04-29T00:00:00.000Z,Listing removed,2022-04-04T00:00:00.000Z,Listed for rent,2021-12-28T00:00:00.000Z,Listing removed,2021-11-28T00:00:00.000Z,Listed for rent,2025-05-23T00:00:00.000Z,Listed for rent,2021-07-07T00:00:00.000Z,Sold,2021-06-01T00:00:00.000Z,Contingent,2021-05-28T00:00:00.000Z,Listed for sale,2015-02-03T00:00:00.000Z,Sold,,,,,,,,,2025-05-21T00:00:00.000Z,Listing removed,2025-05-04T00:00:00.000Z,Listed for rent,2024-02-14T00:00:00.000Z,Listing removed,2024-01-31T00:00:00.000Z,Price change,2024-01-05T00:00:00.000Z,Price change,2023-12-15T00:00:00.000Z,Price change,2023-11-29T00:00:00.000Z,Listed for rent,3650,3695,https://www.zillow.com/homedetails/6587-Westminster-Benton-AR-72019/120554683_zpid/
4,2,/homedetails/6032-Orange-Valley-Cv-Mabelvale-AR-72103/2062762647_zpid/,FOR_RENT,,"6032 Orange Valley Cv, Mabelvale, AR 72103",6032 Orange Valley Cv,1675,2026-08-01T00:00:00.000Z,Listed for rent,2022-06-27T00:00:00.000Z,Listing removed,,,,,,,,,,,,,,,,,,,,,2022-06-15T00:00:00.000Z,Listed for rent,,,,,,,,,,,,,,,,,,,,,,,,,,,,,,,1504,1675,https://www.zillow.com/homedetails/6032-Orange-Valley-Cv-Mabelvale-AR-72103/2062762647_zpid/
4,32,/homedetails/1056-Huntington-Dr-Benton-AR-72019/2061811695_zpid/,FOR_RENT,206900,"1056 Huntington Dr, Benton, AR 72019",1056 Huntington Dr,1625,2026-07-02T00:00:00.000Z,Listed for rent,2025-06-23T00:00:00.000Z,Listing removed,2022-10-05T00:00:00.000Z,Contingent,2022-10-04T00:00:00.000Z,Price change,2022-08-23T00:00:00.000Z,Listed for sale,,,,,,,,,,,,,,,2025-05-14T00:00:00.000Z,Price change,,,,,,,,,,,,,,,,,2025-05-07T00:00:00.000Z,Price change,2025-04-30T00:00:00.000Z,Price change,2025-04-23T00:00:00.000Z,Price change,2025-04-04T00:00:00.000Z,Listed for rent,2024-02-10T00:00:00.000Z,Listing removed,2024-01-25T00:00:00.000Z,Listed for rent,2022-11-23T00:00:00.000Z,Sold,1470,1625,https://www.zillow.com/homedetails/1056-Huntington-Dr-Benton-AR-72019/2061811695_zpid/
4,0,/homedetails/1031-20th-Avenue-Loop-SE-Hickory-NC-28602/447124343_zpid/,FOR_RENT,,"1031 20th Avenue Loop SE, Hickory, NC 28602",1031 20th Avenue Loop SE,1995,2026-08-03T00:00:00.000Z,Listed for rent,2025-06-21T00:00:00.000Z,Listing removed,,,,,,,,,,,,,,,,,,,,,2025-05-22T00:00:00.000Z,Listed for rent,,,,,,,,,,,,,,,,,2025-04-17T00:00:00.000Z,Listing removed,2025-04-15T00:00:00.000Z,Price change,2025-02-07T00:00:00.000Z,Listed for sale,,,,,,,,,1613,1995,https://www.zillow.com/homedetails/1031-20th-Avenue-Loop-SE-Hickory-NC-28602/447124343_zpid/
4,0,/homedetails/2510-Eagle-Run-Benton-AR-72015/383043_zpid/,FOR_RENT,135000,"2510 Eagle Run, Benton, AR 72015",2510 Eagle Run,1695,2026-08-03T00:00:00.000Z,Listed for rent,2025-07-19T00:00:00.000Z,Listing removed,2019-12-08T00:00:00.000Z,Price change,2019-12-07T00:00:00.000Z,Price change,2019-12-04T00:00:00.000Z,Price change,2019-12-01T00:00:00.000Z,Price change,2019-11-30T00:00:00.000Z,Price change,2019-11-29T00:00:00.000Z,Price change,2019-11-26T00:00:00.000Z,Price change,2019-11-25T00:00:00.000Z,Price change,2019-11-23T00:00:00.000Z,Price change,2019-11-19T00:00:00.000Z,Price change,2025-07-10T00:00:00.000Z,Price change,2019-11-17T00:00:00.000Z,Price change,2019-11-13T00:00:00.000Z,Listed for sale,,,,,,,,,,,,,2025-07-02T00:00:00.000Z,Price change,2025-06-26T00:00:00.000Z,Price change,2025-04-30T00:00:00.000Z,Listed for rent,2024-04-10T00:00:00.000Z,Listing removed,2024-04-04T00:00:00.000Z,Listed for rent,2021-07-09T00:00:00.000Z,Sold,2019-12-11T00:00:00.000Z,Sold,1644,1695,https://www.zillow.com/homedetails/2510-Eagle-Run-Benton-AR-72015/383043_zpid/
4,20,/homedetails/667-13th-Avenue-Dr-NE-Hickory-NC-28601/461540370_zpid/,FOR_RENT,,"667 13th Avenue Dr NE, Hickory, NC 28601",667 13th Avenue Dr NE,2355,2026-07-14T00:00:00.000Z,Listed for rent,2026-05-18T00:00:00.000Z,Listing removed,,,,,,,,,,,,,,,,,,,,,2026-04-07T00:00:00.000Z,Listed for sale,,,,,,,,,,,,,,,,,,,,,,,,,,,,,,,2174,2355,https://www.zillow.com/homedetails/667-13th-Avenue-Dr-NE-Hickory-NC-28601/461540370_zpid/
4,20,/homedetails/654-13th-Avenue-Dr-NE-Hickory-NC-28601/463865047_zpid/,FOR_RENT,,"654 13th Avenue Dr NE, Hickory, NC 28601",654 13th Avenue Dr NE,2375,2026-07-14T00:00:00.000Z,Listed for rent,,,,,,,,,,,,,,,,,,,,,,,,,,,,,,,,,,,,,,,,,,,,,,,,,,,,,,,2174,2375,https://www.zillow.com/homedetails/654-13th-Avenue-Dr-NE-Hickory-NC-28601/463865047_zpid/
3,21,/homedetails/512-12th-Ave-NE-Hickory-NC-28601/463832995_zpid/,FOR_RENT,,"512 12th Ave NE, Hickory, NC 28601",512 12th Ave NE,1595,2026-07-13T00:00:00.000Z,Listed for rent,,,,,,,,,,,,,,,,,,,,,,,,,,,,,,,,,,,,,,,,,,,,,,,,,,,,,,,1334,1595,https://www.zillow.com/homedetails/512-12th-Ave-NE-Hickory-NC-28601/463832995_zpid/
4,11,/homedetails/1339-37th-Avenue-Ln-NE-Hickory-NC-28601/443216841_zpid/,FOR_RENT,,"1339 37th Avenue Ln NE, Hickory, NC 28601",1339 37th Avenue Ln NE,2200,2026-07-23T00:00:00.000Z,Listed for rent,2026-02-11T00:00:00.000Z,Listing removed,,,,,,,,,,,,,,,,,,,,,2026-01-28T00:00:00.000Z,Price change,,,,,,,,,,,,,,,,,2026-01-21T00:00:00.000Z,Price change,2026-01-13T00:00:00.000Z,Price change,2025-11-03T00:00:00.000Z,Listed for rent,2025-08-12T00:00:00.000Z,Listing removed,2025-06-24T00:00:00.000Z,Listed for sale,2025-03-30T00:00:00.000Z,Listing removed,2024-12-09T00:00:00.000Z,Listed for sale,1613,2200,https://www.zillow.com/homedetails/1339-37th-Avenue-Ln-NE-Hickory-NC-28601/443216841_zpid/
3,48,/homedetails/5041-Red-Fox-Trl-Bauxite-AR-72011/2071703035_zpid/,FOR_RENT,191000,"5041 Red Fox Trl, Bauxite, AR 72011",5041 Red Fox Trl,1600,2026-06-23T00:00:00.000Z,Price change,2026-06-16T00:00:00.000Z,Listed for rent,,,,,,,,,,,,,,,,,,,,,2021-09-17T00:00:00.000Z,Sold,,,,,,,,,,,,,,,,,2021-06-24T00:00:00.000Z,Pending sale,2021-06-23T00:00:00.000Z,Contingent,2021-06-04T00:00:00.000Z,Price change,2021-04-30T00:00:00.000Z,Price change,2021-04-22T00:00:00.000Z,Price change,2021-04-16T00:00:00.000Z,Price change,2021-04-14T00:00:00.000Z,Listed for sale,1200,1600,https://www.zillow.com/homedetails/5041-Red-Fox-Trl-Bauxite-AR-72011/2071703035_zpid/
3,40,/homedetails/1936-Eigth-St-Hickory-NC-28602/2052991619_zpid/,FOR_RENT,,"1936 Eigth St, Hickory, NC 28602",1936 Eigth St,1850,2026-07-27T00:00:00.000Z,Price change,2026-07-07T00:00:00.000Z,Price change,,,,,,,,,,,,,,,,,,,,,2026-06-24T00:00:00.000Z,Listed for rent,,,,,,,,,,,,,,,,,2024-03-28T00:00:00.000Z,Listing removed,2024-03-18T00:00:00.000Z,Price change,2024-03-05T00:00:00.000Z,Price change,2024-02-22T00:00:00.000Z,Price change,2024-02-21T00:00:00.000Z,Price change,2024-02-01T00:00:00.000Z,Listed for rent,,,1695,1850,https://www.zillow.com/homedetails/1936-Eigth-St-Hickory-NC-28602/2052991619_zpid/
3,42,/homedetails/765-8th-Avenue-Dr-SE-Hickory-NC-28602/71963561_zpid/,FOR_RENT,110000,"765 8th Avenue Dr SE, Hickory, NC 28602",765 8th Avenue Dr SE,1795,2026-06-22T00:00:00.000Z,Listed for rent,2023-05-15T00:00:00.000Z,Listing removed,,,,,,,,,,,,,,,,,,,,,2023-04-28T00:00:00.000Z,Price change,,,,,,,,,,,,,,,,,2023-04-07T00:00:00.000Z,Listed for rent,2023-01-25T00:00:00.000Z,Sold,2013-09-03T00:00:00.000Z,Sold,2006-10-20T00:00:00.000Z,Sold,,,,,,,1463,1795,https://www.zillow.com/homedetails/765-8th-Avenue-Dr-SE-Hickory-NC-28602/71963561_zpid/
4,21,/homedetails/1423-Mammoth-Rd-Hickory-NC-28602/461722831_zpid/,FOR_RENT,,"1423 Mammoth Rd, Hickory, NC 28602",1423 Mammoth Rd,2195,2026-07-14T00:00:00.000Z,Listed for rent,2026-05-26T00:00:00.000Z,Listing removed,,,,,,,,,,,,,,,,,,,,,2026-05-19T00:00:00.000Z,Price change,,,,,,,,,,,,,,,,,2026-04-15T00:00:00.000Z,Listed for sale,,,,,,,,,,,,,1927,2195,https://www.zillow.com/homedetails/1423-Mammoth-Rd-Hickory-NC-28602/461722831_zpid/
6,27,/homedetails/755-2nd-Ave-SW-Hickory-NC-28602/71962373_zpid/,FOR_RENT,200000,"755 2nd Ave SW, Hickory, NC 28602",755 2nd Ave SW,3650,2026-07-08T00:00:00.000Z,Listed for rent,2023-10-20T00:00:00.000Z,Sold,,,,,,,,,,,,,,,,,,,,,2010-10-28T00:00:00.000Z,Sold,,,,,,,,,,,,,,,,,2010-09-02T00:00:00.000Z,Price change,2010-05-22T00:00:00.000Z,Listed for sale,,,,,,,,,,,2779,3650,https://www.zillow.com/homedetails/755-2nd-Ave-SW-Hickory-NC-28602/71962373_zpid/
3,73,/homedetails/5694-Claridge-Dr-Hickory-NC-28602/71906250_zpid/,FOR_RENT,113500,"5694 Claridge Dr, Hickory, NC 28602",5694 Claridge Dr,2150,2026-05-22T00:00:00.000Z,Listed for rent,2024-09-13T00:00:00.000Z,Listing removed,,,,,,,,,,,,,,,,,,,,,2024-08-02T00:00:00.000Z,Listed for rent,,,,,,,,,,,,,,,,,2000-11-03T00:00:00.000Z,Sold,,,,,,,,,,,,,2200,2150,https://www.zillow.com/homedetails/5694-Claridge-Dr-Hickory-NC-28602/71906250_zpid/
3,5,/homedetails/1266-18th-St-NE-Hickory-NC-28601/71903862_zpid/,FOR_RENT,225000,"1266 18th St NE, Hickory, NC 28601",1266 18th St NE,1800,2026-07-30T00:00:00.000Z,Listed for rent,2025-10-07T00:00:00.000Z,Listing removed,2023-03-20T00:00:00.000Z,Pending sale,2023-03-18T00:00:00.000Z,Price change,2023-03-08T00:00:00.000Z,Price change,2023-02-21T00:00:00.000Z,Price change,2023-02-10T00:00:00.000Z,Listed for sale,,,,,,,,,,,2025-08-27T00:00:00.000Z,Listed for rent,,,,,,,,,,,,,,,,,2025-08-22T00:00:00.000Z,Sold,2025-07-23T00:00:00.000Z,Price change,2025-07-09T00:00:00.000Z,Price change,2025-06-27T00:00:00.000Z,Price change,2025-06-06T00:00:00.000Z,Price change,2025-06-02T00:00:00.000Z,Listed for sale,2023-04-19T00:00:00.000Z,Sold,1288,1800,https://www.zillow.com/homedetails/1266-18th-St-NE-Hickory-NC-28601/71903862_zpid/
5,0,/homedetails/1330-37th-Avenue-Ln-NE-Hickory-NC-28601/452771842_zpid/,FOR_RENT,330000,"1330 37th Avenue Ln NE, Hickory, NC 28601",1330 37th Avenue Ln NE,2700,2026-08-04T00:00:00.000Z,Listed for rent,2025-09-16T00:00:00.000Z,Sold,,,,,,,,,,,,,,,,,,,,,2025-06-09T00:00:00.000Z,Pending sale,,,,,,,,,,,,,,,,,2025-06-04T00:00:00.000Z,Price change,2025-05-31T00:00:00.000Z,Listed for sale,,,,,,,,,,,2368,2700,https://www.zillow.com/homedetails/1330-37th-Avenue-Ln-NE-Hickory-NC-28601/452771842_zpid/
4,15,/homedetails/2645-Kool-Park-Rd-NE-Hickory-NC-28601/71921041_zpid/,FOR_RENT,300000,"2645 Kool Park Rd NE, Hickory, NC 28601",2645 Kool Park Rd NE,2354,2026-07-19T00:00:00.000Z,Listed for rent,2026-07-13T00:00:00.000Z,Sold,2025-06-19T00:00:00.000Z,Price change,2025-05-27T00:00:00.000Z,Listed for sale,2014-01-24T00:00:00.000Z,Listing removed,2013-10-09T00:00:00.000Z,Listed for sale,,,,,,,,,,,,,2026-04-02T00:00:00.000Z,Listed for sale,,,,,,,,,,,,,,,,,2026-03-26T00:00:00.000Z,Listing removed,2026-03-03T00:00:00.000Z,Price change,2026-01-02T00:00:00.000Z,Price change,2025-12-11T00:00:00.000Z,Listed for sale,2025-10-19T00:00:00.000Z,Listing removed,2025-09-24T00:00:00.000Z,Price change,2025-08-15T00:00:00.000Z,Price change,2412,2354,https://www.zillow.com/homedetails/2645-Kool-Park-Rd-NE-Hickory-NC-28601/71921041_zpid/
4,27,/homedetails/1361-37th-Avenue-Ln-NE-Hickory-NC-28601/455076115_zpid/,FOR_RENT,,"1361 37th Avenue Ln NE, Hickory, NC 28601",1361 37th Avenue Ln NE,2400,2026-07-08T00:00:00.000Z,Listed for rent,2026-06-26T00:00:00.000Z,Listing removed,2025-07-16T00:00:00.000Z,Listed for sale,,,,,,,,,,,,,,,,,,,2026-06-04T00:00:00.000Z,Price change,,,,,,,,,,,,,,,,,2026-05-18T00:00:00.000Z,Listed for rent,2026-04-09T00:00:00.000Z,Listing removed,2026-03-30T00:00:00.000Z,Listed for sale,2026-03-16T00:00:00.000Z,Listing removed,2026-03-03T00:00:00.000Z,Price change,2025-11-18T00:00:00.000Z,Price change,2025-10-21T00:00:00.000Z,Price change,1927,2400,https://www.zillow.com/homedetails/1361-37th-Avenue-Ln-NE-Hickory-NC-28601/455076115_zpid/
3,55,/homedetails/104-10th-Ave-SE-Hickory-NC-28602/71959215_zpid/,FOR_RENT,420000,"104 10th Ave SE, Hickory, NC 28602",104 10th Ave SE,1595,2026-06-09T00:00:00.000Z,Listed for rent,2025-12-17T00:00:00.000Z,Sold,,,,,,,,,,,,,,,,,,,,,2025-10-09T00:00:00.000Z,Listed for sale,,,,,,,,,,,,,,,,,2024-12-30T00:00:00.000Z,Sold,2024-11-05T00:00:00.000Z,Listed for sale,2015-02-28T00:00:00.000Z,Listing removed,2015-02-20T00:00:00.000Z,Price change,2015-02-04T00:00:00.000Z,Listed for sale,,,,,1333,1595,https://www.zillow.com/homedetails/104-10th-Ave-SE-Hickory-NC-28602/71959215_zpid/
5,96,/homedetails/121-Pleasant-Pointe-Dr-Hickory-NC-28601/113748345_zpid/,FOR_RENT,1345000,"121 Pleasant Pointe Dr, Hickory, NC 28601",121 Pleasant Pointe Dr,6500,2026-07-01T00:00:00.000Z,Price change,2026-06-30T00:00:00.000Z,Sold,,,,,,,,,,,,,,,,,,,,,2026-05-27T00:00:00.000Z,Price change,,,,,,,,,,,,,,,,,2026-04-29T00:00:00.000Z,Listed for rent,2026-03-09T00:00:00.000Z,Price change,2026-02-25T00:00:00.000Z,Price change,2026-01-18T00:00:00.000Z,Price change,2025-12-06T00:00:00.000Z,Listed for sale,2015-02-27T00:00:00.000Z,Sold,2014-05-20T00:00:00.000Z,Listed for sale,4160,6500,https://www.zillow.com/homedetails/121-Pleasant-Pointe-Dr-Hickory-NC-28601/113748345_zpid/
4,5,/homedetails/1342-37th-Avenue-Ln-NE-Hickory-NC-28601/453027689_zpid/,FOR_RENT,,"1342 37th Avenue Ln NE, Hickory, NC 28601",1342 37th Avenue Ln NE,2350,2026-07-30T00:00:00.000Z,Listed for rent,2025-08-12T00:00:00.000Z,Listing removed,,,,,,,,,,,,,,,,,,,,,2025-07-31T00:00:00.000Z,Listed for rent,,,,,,,,,,,,,,,,,2025-06-14T00:00:00.000Z,Listing removed,2025-06-07T00:00:00.000Z,Listed for sale,,,,,,,,,,,1927,2350,https://www.zillow.com/homedetails/1342-37th-Avenue-Ln-NE-Hickory-NC-28601/453027689_zpid/
3,48,/homedetails/106-10th-Ave-SE-Hickory-NC-28602/463282226_zpid/,FOR_RENT,,"106 10th Ave SE, Hickory, NC 28602",106 10th Ave SE,1595,2026-06-16T00:00:00.000Z,Listed for rent,,,,,,,,,,,,,,,,,,,,,,,,,,,,,,,,,,,,,,,,,,,,,,,,,,,,,,,1333,1595,https://www.zillow.com/homedetails/106-10th-Ave-SE-Hickory-NC-28602/463282226_zpid/
3,53,/homedetails/2110-24th-St-NE-Hickory-NC-28601/71911952_zpid/,FOR_RENT,100000,"2110 24th St NE, Hickory, NC 28601",2110 24th St NE,1700,2026-05-13T00:00:00.000Z,Price change,2026-02-27T00:00:00.000Z,Listed for rent,,,,,,,,,,,,,,,,,,,,,1994-09-01T00:00:00.000Z,Sold,,,,,,,,,,,,,,,,,,,,,,,,,,,,,,,1248,1700,https://www.zillow.com/homedetails/2110-24th-St-NE-Hickory-NC-28601/71911952_zpid/
4,7,/homedetails/5399-Heritage-Valley-Dr-Benton-AR-72019/2062299989_zpid/,FOR_RENT,245000,"5399 Heritage Valley Dr, Benton, AR 72019",5399 Heritage Valley Dr,2000,2026-07-27T00:00:00.000Z,Listed for rent,2026-07-15T00:00:00.000Z,Listing removed,2024-11-30T00:00:00.000Z,Price change,2024-10-04T00:00:00.000Z,Price change,2024-09-29T00:00:00.000Z,Price change,2024-09-07T00:00:00.000Z,Listed for sale,2022-08-29T00:00:00.000Z,Sold,,,,,,,,,,,2026-05-22T00:00:00.000Z,Price change,,,,,,,,,,,,,,,,,2026-04-02T00:00:00.000Z,Listed for sale,2026-04-01T00:00:00.000Z,Listing removed,2025-11-06T00:00:00.000Z,Price change,2025-10-13T00:00:00.000Z,Price change,2025-10-04T00:00:00.000Z,Listed for sale,2025-02-24T00:00:00.000Z,Sold,2025-02-05T00:00:00.000Z,Contingent,1790,2000,https://www.zillow.com/homedetails/5399-Heritage-Valley-Dr-Benton-AR-72019/2062299989_zpid/
3,22,/homedetails/131-8th-Avenue-Dr-SE-Hickory-NC-28602/71936930_zpid/,FOR_RENT,60000,"131 8th Avenue Dr SE, Hickory, NC 28602",131 8th Avenue Dr SE,1595,2026-07-13T00:00:00.000Z,Listed for rent,2025-10-21T00:00:00.000Z,Sold,,,,,,,,,,,,,,,,,,,,,2018-08-01T00:00:00.000Z,Listing removed,,,,,,,,,,,,,,,,,2018-03-21T00:00:00.000Z,Listed for sale,2018-02-15T00:00:00.000Z,Listing removed,2016-06-03T00:00:00.000Z,Listed for sale,,,,,,,,,1298,1595,https://www.zillow.com/homedetails/131-8th-Avenue-Dr-SE-Hickory-NC-28602/71936930_zpid/
3,6,/homedetails/40-Camily-Ct-Vilonia-AR-72173/2103976763_zpid/,FOR_RENT,,"40 Camily Ct, Vilonia, AR 72173",40 Camily Ct,950,2026-07-28T00:00:00.000Z,Listed for rent,,,,,,,,,,,,,,,,,,,,,,,,,,,,,,,,,,,,,,,,,,,,,,,,,,,,,,,1250,950,https://www.zillow.com/homedetails/40-Camily-Ct-Vilonia-AR-72173/2103976763_zpid/
3,5,/homedetails/2135-Raintree-Dr-Conway-AR-72032/240139_zpid/,FOR_RENT,106000,"2135 Raintree Dr, Conway, AR 72032",2135 Raintree Dr,1435,2026-07-29T00:00:00.000Z,Listed for rent,2024-07-03T00:00:00.000Z,Listing removed,2013-11-15T00:00:00.000Z,Sold,2013-04-06T00:00:00.000Z,Listing removed,2013-03-20T00:00:00.000Z,Listed for rent,2008-04-30T00:00:00.000Z,Sold,,,,,,,,,,,,,2024-07-01T00:00:00.000Z,Listed for rent,,,,,,,,,,,,,,,,,2019-07-11T00:00:00.000Z,Listing removed,2019-07-03T00:00:00.000Z,Listed for rent,2019-05-01T00:00:00.000Z,Sold,2017-02-27T00:00:00.000Z,Listing removed,2017-02-24T00:00:00.000Z,Listed for rent,2015-01-18T00:00:00.000Z,Listing removed,2015-01-15T00:00:00.000Z,Listed for rent,1042,1435,https://www.zillow.com/homedetails/2135-Raintree-Dr-Conway-AR-72032/240139_zpid/
2,4,/homedetails/24-1-Five-Oddie-Ln-Ward-AR-72023/464237325_zpid/,FOR_RENT,,"24-1 Five Oddie Ln, Ward, AR 72023",24-1 Five Oddie Ln,0,2026-07-30T00:00:00.000Z,Listed for rent,,,,,,,,,,,,,,,,,,,,,,,,,,,,,,,,,,,,,,,,,,,,,,,,,,,,,,,825,0,https://www.zillow.com/homedetails/24-1-Five-Oddie-Ln-Ward-AR-72023/464237325_zpid/
4,3,/homedetails/55-Maddison-Rachael-Cabot-AR-72023/461972684_zpid/,FOR_RENT,212900,"55 Maddison Rachael, Cabot, AR 72023",55 Maddison Rachael,1595,2026-07-31T00:00:00.000Z,Listed for rent,2026-07-24T00:00:00.000Z,Sold,,,,,,,,,,,,,,,,,,,,,2026-06-01T00:00:00.000Z,Contingent,,,,,,,,,,,,,,,,,2026-04-24T00:00:00.000Z,Listed for sale,,,,,,,,,,,,,1459,1595,https://www.zillow.com/homedetails/55-Maddison-Rachael-Cabot-AR-72023/461972684_zpid/
3,3,/homedetails/503-Cain-Trl-Maumelle-AR-72113/457576378_zpid/,FOR_RENT,292000,"503 Cain Trl, Maumelle, AR 72113",503 Cain Trl,2300,2026-07-31T00:00:00.000Z,Listed for rent,2026-03-17T00:00:00.000Z,Sold,,,,,,,,,,,,,,,,,,,,,2026-02-23T00:00:00.000Z,Contingent,,,,,,,,,,,,,,,,,2026-01-30T00:00:00.000Z,Price change,2025-10-20T00:00:00.000Z,Listed for sale,,,,,,,,,,,1646,2300,https://www.zillow.com/homedetails/503-Cain-Trl-Maumelle-AR-72113/457576378_zpid/
3,7,/homedetails/1810-Rich-Smith-Ln-Conway-AR-72032/102992676_zpid/,FOR_RENT,,"1810 Rich Smith Ln, Conway, AR 72032",1810 Rich Smith Ln,2500,2026-07-27T00:00:00.000Z,Price change,2026-06-22T00:00:00.000Z,Price change,,,,,,,,,,,,,,,,,,,,,2026-04-22T00:00:00.000Z,Price change,,,,,,,,,,,,,,,,,2026-01-07T00:00:00.000Z,Listed for rent,,,,,,,,,,,,,2310,2500,https://www.zillow.com/homedetails/1810-Rich-Smith-Ln-Conway-AR-72032/102992676_zpid/
3,42,/homedetails/2400-SW-Ednruance-Way-2-Maumelle-AR-72113/463401793_zpid/,FOR_RENT,,"2400 SW Ednruance Way #2, Maumelle, AR 72113",2400 SW Ednruance Way #2,2125,2026-06-23T00:00:00.000Z,Listed for rent,,,,,,,,,,,,,,,,,,,,,,,,,,,,,,,,,,,,,,,,,,,,,,,,,,,,,,,1200,2125,https://www.zillow.com/homedetails/2400-SW-Ednruance-Way-2-Maumelle-AR-72113/463401793_zpid/
3,25,/homedetails/80-Kinley-Brook-Ln-Cabot-AR-72023/2055560791_zpid/,FOR_RENT,205000,"80 Kinley Brook Ln, Cabot, AR 72023",80 Kinley Brook Ln,1650,2026-07-10T00:00:00.000Z,Listed for rent,2024-06-27T00:00:00.000Z,Sold,,,,,,,,,,,,,,,,,,,,,2024-05-20T00:00:00.000Z,Listing removed,,,,,,,,,,,,,,,,,2024-03-06T00:00:00.000Z,Listed for rent,2024-02-27T00:00:00.000Z,Sold,2024-02-17T00:00:00.000Z,Contingent,2023-12-26T00:00:00.000Z,Price change,2023-11-15T00:00:00.000Z,Price change,2023-09-12T00:00:00.000Z,Listed for sale,,,1236,1650,https://www.zillow.com/homedetails/80-Kinley-Brook-Ln-Cabot-AR-72023/2055560791_zpid/
4,5,/homedetails/2661-2nd-Maumelle-AR-72113/2060619941_zpid/,FOR_RENT,,"2661 2nd, Maumelle, AR 72113",2661 2nd,1795,2026-07-29T00:00:00.000Z,Listed for rent,2026-02-03T00:00:00.000Z,Listing removed,2022-11-28T00:00:00.000Z,Listed for rent,,,,,,,,,,,,,,,,,,,2025-12-31T00:00:00.000Z,Listed for rent,,,,,,,,,,,,,,,,,2025-03-01T00:00:00.000Z,Listing removed,2025-02-26T00:00:00.000Z,Price change,2025-01-29T00:00:00.000Z,Listed for rent,2023-12-28T00:00:00.000Z,Listing removed,2023-11-07T00:00:00.000Z,Listed for rent,2022-12-21T00:00:00.000Z,Listing removed,2022-12-06T00:00:00.000Z,Price change,2300,1795,https://www.zillow.com/homedetails/2661-2nd-Maumelle-AR-72113/2060619941_zpid/
3,19,/homedetails/8616-Eastwood-Creek-Dr-North-Little-Rock-AR-72113/2059022685_zpid/,FOR_RENT,246600,"8616 Eastwood Creek Dr, North Little Rock, AR 72113",8616 Eastwood Creek Dr,1950,2026-07-16T00:00:00.000Z,Listed for rent,2023-06-12T00:00:00.000Z,Sold,,,,,,,,,,,,,,,,,,,,,2023-05-02T00:00:00.000Z,Contingent,,,,,,,,,,,,,,,,,2023-03-02T00:00:00.000Z,Listed for sale,2023-03-01T00:00:00.000Z,Contingent,2023-02-24T00:00:00.000Z,Listed for sale,,,,,,,,,1722,1950,https://www.zillow.com/homedetails/8616-Eastwood-Creek-Dr-North-Little-Rock-AR-72113/2059022685_zpid/
3,0,/homedetails/60-Leruss-Blvd-Cabot-AR-72023/342062290_zpid/,FOR_RENT,203000,"60 Leruss Blvd, Cabot, AR 72023",60 Leruss Blvd,1525,2026-08-04T00:00:00.000Z,Listed for rent,2024-06-22T00:00:00.000Z,Listing removed,,,,,,,,,,,,,,,,,,,,,2024-06-15T00:00:00.000Z,Listed for rent,,,,,,,,,,,,,,,,,2024-06-11T00:00:00.000Z,Sold,2024-04-10T00:00:00.000Z,Listing removed,2024-04-04T00:00:00.000Z,Price change,2024-03-02T00:00:00.000Z,Price change,2024-02-27T00:00:00.000Z,Listed for sale,,,,,1422,1525,https://www.zillow.com/homedetails/60-Leruss-Blvd-Cabot-AR-72023/342062290_zpid/
3,13,/homedetails/1406-Bruce-St-Conway-AR-72034/235425_zpid/,FOR_RENT,87000,"1406 Bruce St, Conway, AR 72034",1406 Bruce St,2500,2026-07-21T00:00:00.000Z,Listed for rent,2025-09-27T00:00:00.000Z,Listing removed,2018-03-31T00:00:00.000Z,Listing removed,2018-03-24T00:00:00.000Z,Price change,2018-02-27T00:00:00.000Z,Price change,2018-02-08T00:00:00.000Z,Listed for rent,2018-02-08T00:00:00.000Z,Listing removed,2017-12-14T00:00:00.000Z,Listed for sale,2017-06-06T00:00:00.000Z,Sold,2017-05-03T00:00:00.000Z,Listed for sale,2015-04-09T00:00:00.000Z,Listing removed,2015-04-01T00:00:00.000Z,Listed for sale,2025-08-07T00:00:00.000Z,Listed for rent,2015-02-19T00:00:00.000Z,Listing removed,2014-10-09T00:00:00.000Z,Listed for sale,2014-06-03T00:00:00.000Z,Listing removed,2014-04-15T00:00:00.000Z,Price change,2014-02-25T00:00:00.000Z,Listed for sale,2010-06-02T00:00:00.000Z,Sold,2004-10-01T00:00:00.000Z,Sold,,,2024-06-24T00:00:00.000Z,Listing removed,2024-06-18T00:00:00.000Z,Listed for rent,2022-03-09T00:00:00.000Z,Listing removed,2022-02-19T00:00:00.000Z,Price change,2022-01-31T00:00:00.000Z,Listed for rent,2019-02-28T00:00:00.000Z,Listing removed,2019-02-09T00:00:00.000Z,Listed for rent,1500,2500,https://www.zillow.com/homedetails/1406-Bruce-St-Conway-AR-72034/235425_zpid/
3,13,/homedetails/2024-Weems-St-Conway-AR-72034/338960334_zpid/,FOR_RENT,,"2024 Weems St, Conway, AR 72034",2024 Weems St,2500,2026-07-21T00:00:00.000Z,Listed for rent,,,,,,,,,,,,,,,,,,,,,,,,,,,,,,,,,,,,,,,,,,,,,,,,,,,,,,,,2500,https://www.zillow.com/homedetails/2024-Weems-St-Conway-AR-72034/338960334_zpid/
3,61,/homedetails/621-623-Cosmos-St-Centerton-AR-72719/457840981_zpid/,FOR_RENT,,"621-623 Cosmos St, Centerton, AR 72719",621-623 Cosmos St,1695,2026-07-20T00:00:00.000Z,Price change,2026-06-03T00:00:00.000Z,Listed for rent,,,,,,,,,,,,,,,,,,,,,2026-01-06T00:00:00.000Z,Listing removed,,,,,,,,,,,,,,,,,2025-12-19T00:00:00.000Z,Price change,2025-12-16T00:00:00.000Z,Price change,2025-11-14T00:00:00.000Z,Price change,2025-10-20T00:00:00.000Z,Price change,2025-09-30T00:00:00.000Z,Price change,2025-09-20T00:00:00.000Z,Listed for rent,,,1475,1695,https://www.zillow.com/homedetails/621-623-Cosmos-St-Centerton-AR-72719/457840981_zpid/
3,6,/homedetails/85-Kyndall-Lauren-Ln-Cabot-AR-72023/442588183_zpid/,FOR_RENT,179900,"85 Kyndall Lauren Ln, Cabot, AR 72023",85 Kyndall Lauren Ln,1500,2026-07-28T00:00:00.000Z,Listed for rent,2025-04-21T00:00:00.000Z,Sold,2024-11-14T00:00:00.000Z,Listed for sale,,,,,,,,,,,,,,,,,,,2025-03-19T00:00:00.000Z,Contingent,,,,,,,,,,,,,,,,,2025-03-07T00:00:00.000Z,Price change,2025-02-28T00:00:00.000Z,Price change,2025-01-25T00:00:00.000Z,Price change,2025-01-20T00:00:00.000Z,Price change,2024-12-27T00:00:00.000Z,Price change,2024-12-10T00:00:00.000Z,Listed for sale,2024-11-20T00:00:00.000Z,Listing removed,1244,1500,https://www.zillow.com/homedetails/85-Kyndall-Lauren-Ln-Cabot-AR-72023/442588183_zpid/
3,86,/homedetails/6003-NW-Reynolds-St-Bentonville-AR-72713/2062784345_zpid/,FOR_RENT,306445,"6003 NW Reynolds St, Bentonville, AR 72713",6003 NW Reynolds St,1645,2026-06-18T00:00:00.000Z,Price change,2026-06-04T00:00:00.000Z,Price change,,,,,,,,,,,,,,,,,,,,,2026-05-21T00:00:00.000Z,Price change,,,,,,,,,,,,,,,,,2026-05-09T00:00:00.000Z,Listed for rent,2023-02-28T00:00:00.000Z,Sold,2023-02-10T00:00:00.000Z,Price change,2022-12-09T00:00:00.000Z,Price change,2022-11-12T00:00:00.000Z,Price change,2022-08-19T00:00:00.000Z,Price change,2022-06-13T00:00:00.000Z,Listed for sale,1761,1645,https://www.zillow.com/homedetails/6003-NW-Reynolds-St-Bentonville-AR-72713/2062784345_zpid/
3,14,/homedetails/40-Ridge-Trl-Sherwood-AR-72120/232839_zpid/,FOR_RENT,230600,"40 Ridge Trl, Sherwood, AR 72120",40 Ridge Trl,1899,2026-07-20T00:00:00.000Z,Listed for rent,2026-06-17T00:00:00.000Z,Listing removed,2001-09-05T00:00:00.000Z,Sold,,,,,,,,,,,,,,,,,,,2026-06-02T00:00:00.000Z,Price change,,,,,,,,,,,,,,,,,2025-09-19T00:00:00.000Z,Price change,2025-07-22T00:00:00.000Z,Price change,2025-06-24T00:00:00.000Z,Price change,2025-04-15T00:00:00.000Z,Price change,2025-03-14T00:00:00.000Z,Price change,2025-02-27T00:00:00.000Z,Listed for rent,2014-10-03T00:00:00.000Z,Sold,2200,1899,https://www.zillow.com/homedetails/40-Ridge-Trl-Sherwood-AR-72120/232839_zpid/
3,18,/homedetails/2250-Wilmington-Dr-Conway-AR-72034/59917837_zpid/,FOR_RENT,141000,"2250 Wilmington Dr, Conway, AR 72034",2250 Wilmington Dr,1600,2026-07-16T00:00:00.000Z,Listed for rent,2023-03-14T00:00:00.000Z,Listing removed,,,,,,,,,,,,,,,,,,,,,2023-03-10T00:00:00.000Z,Listed for rent,,,,,,,,,,,,,,,,,2020-01-10T00:00:00.000Z,Listing removed,2019-11-04T00:00:00.000Z,Listed for rent,2017-08-31T00:00:00.000Z,Sold,2017-07-31T00:00:00.000Z,Price change,2017-07-17T00:00:00.000Z,Listed for sale,2005-02-23T00:00:00.000Z,Sold,,,1449,1600,https://www.zillow.com/homedetails/2250-Wilmington-Dr-Conway-AR-72034/59917837_zpid/
3,115,/homedetails/25-Foster-Louis-Ln-Cabot-AR-72023/349183678_zpid/,FOR_RENT,,"25 Foster Louis Ln, Cabot, AR 72023",25 Foster Louis Ln,1475,2026-06-30T00:00:00.000Z,Price change,2026-04-10T00:00:00.000Z,Listed for rent,,,,,,,,,,,,,,,,,,,,,2024-05-31T00:00:00.000Z,Listing removed,,,,,,,,,,,,,,,,,2024-05-30T00:00:00.000Z,Listed for rent,2024-05-29T00:00:00.000Z,Listing removed,2024-05-04T00:00:00.000Z,Listed for rent,,,,,,,,,1234,1475,https://www.zillow.com/homedetails/25-Foster-Louis-Ln-Cabot-AR-72023/349183678_zpid/
4,11,/homedetails/5910-SW-Desert-Ave-Bentonville-AR-72713/450838368_zpid/,FOR_RENT,364900,"5910 SW Desert Ave, Bentonville, AR 72713",5910 SW Desert Ave,2100,2026-07-23T00:00:00.000Z,Listed for rent,2026-07-17T00:00:00.000Z,Sold,,,,,,,,,,,,,,,,,,,,,2026-03-23T00:00:00.000Z,Price change,,,,,,,,,,,,,,,,,2026-03-04T00:00:00.000Z,Price change,2026-02-27T00:00:00.000Z,Price change,2026-01-12T00:00:00.000Z,Price change,2025-11-13T00:00:00.000Z,Listed for sale,2025-10-15T00:00:00.000Z,Listing removed,2025-07-09T00:00:00.000Z,Price change,2025-05-06T00:00:00.000Z,Listed for sale,1870,2100,https://www.zillow.com/homedetails/5910-SW-Desert-Ave-Bentonville-AR-72713/450838368_zpid/
3,60,/homedetails/1605-Ryder-St-Conway-AR-72032/2066411863_zpid/,FOR_RENT,,"1605 Ryder St, Conway, AR 72032",1605 Ryder St,1650,2026-06-22T00:00:00.000Z,Price change,2026-06-04T00:00:00.000Z,Listed for rent,,,,,,,,,,,,,,,,,,,,,2022-04-19T00:00:00.000Z,Listing removed,,,,,,,,,,,,,,,,,2022-02-16T00:00:00.000Z,Listed for rent,,,,,,,,,,,,,1243,1650,https://www.zillow.com/homedetails/1605-Ryder-St-Conway-AR-72032/2066411863_zpid/
3,60,/homedetails/1670-Ryder-St-Conway-AR-72032/338960302_zpid/,FOR_RENT,,"1670 Ryder St, Conway, AR 72032",1670 Ryder St,1650,2026-06-04T00:00:00.000Z,Listed for rent,2025-03-14T00:00:00.000Z,Listing removed,,,,,,,,,,,,,,,,,,,,,2024-12-31T00:00:00.000Z,Listed for rent,,,,,,,,,,,,,,,,,2023-01-25T00:00:00.000Z,Listing removed,2022-12-15T00:00:00.000Z,Listed for rent,,,,,,,,,,,1243,1650,https://www.zillow.com/homedetails/1670-Ryder-St-Conway-AR-72032/338960302_zpid/
3,0,/homedetails/1250-Cumulus-Dr-Conway-AR-72034/242831_zpid/,FOR_RENT,470000,"1250 Cumulus Dr, Conway, AR 72034",1250 Cumulus Dr,1350,2026-08-03T00:00:00.000Z,Listed for rent,2015-03-27T00:00:00.000Z,Sold,,,,,,,,,,,,,,,,,,,,,2006-10-25T00:00:00.000Z,Sold,,,,,,,,,,,,,,,,,,,,,,,,,,,,,,,1068,1350,https://www.zillow.com/homedetails/1250-Cumulus-Dr-Conway-AR-72034/242831_zpid/
3,4,/homedetails/1125-Trenton-Dr-Conway-AR-72034/35729992_zpid/,FOR_RENT,114000,"1125 Trenton Dr, Conway, AR 72034",1125 Trenton Dr,1500,2026-07-30T00:00:00.000Z,Listed for rent,2025-08-21T00:00:00.000Z,Listing removed,,,,,,,,,,,,,,,,,,,,,2025-08-17T00:00:00.000Z,Listed for rent,,,,,,,,,,,,,,,,,2022-05-04T00:00:00.000Z,Listing removed,2022-04-16T00:00:00.000Z,Listed for rent,2007-10-05T00:00:00.000Z,Sold,2003-06-17T00:00:00.000Z,Sold,,,,,,,1228,1500,https://www.zillow.com/homedetails/1125-Trenton-Dr-Conway-AR-72034/35729992_zpid/
3,2,/homedetails/860-Davis-St-Conway-AR-72034/237520_zpid/,FOR_RENT,255000,"860 Davis St, Conway, AR 72034",860 Davis St,2500,2026-08-01T00:00:00.000Z,Listed for rent,2026-01-15T00:00:00.000Z,Listing removed,,,,,,,,,,,,,,,,,,,,,2025-12-19T00:00:00.000Z,Listed for rent,,,,,,,,,,,,,,,,,2022-04-27T00:00:00.000Z,Sold,2022-04-04T00:00:00.000Z,Listed for sale,2007-09-11T00:00:00.000Z,Sold,2005-06-27T00:00:00.000Z,Sold,2002-08-30T00:00:00.000Z,Sold,,,,,1649,2500,https://www.zillow.com/homedetails/860-Davis-St-Conway-AR-72034/237520_zpid/
3,12,/homedetails/115-Beckett-Mountain-Rd-Mount-Vernon-AR-72111/305852421_zpid/,FOR_RENT,129000,"115 Beckett Mountain Rd, Mount Vernon, AR 72111",115 Beckett Mountain Rd,2500,2026-07-22T00:00:00.000Z,Listed for rent,2006-01-09T00:00:00.000Z,Sold,,,,,,,,,,,,,,,,,,,,,2005-10-25T00:00:00.000Z,Sold,,,,,,,,,,,,,,,,,,,,,,,,,,,,,,,2619,2500,https://www.zillow.com/homedetails/115-Beckett-Mountain-Rd-Mount-Vernon-AR-72111/305852421_zpid/
3,47,/homedetails/1405-Appalachain-Dr-Conway-AR-72034/35730407_zpid/,FOR_RENT,180500,"1405 Appalachain Dr, Conway, AR 72034",1405 Appalachain Dr,1450,2026-06-17T00:00:00.000Z,Listed for rent,2025-01-27T00:00:00.000Z,Listing removed,2022-04-20T00:00:00.000Z,Pending sale,2022-04-20T00:00:00.000Z,Contingent,2022-04-16T00:00:00.000Z,Listed for sale,2016-09-01T00:00:00.000Z,Sold,2016-08-01T00:00:00.000Z,Listed for sale,,,,,,,,,,,2024-10-29T00:00:00.000Z,Price change,,,,,,,,,,,,,,,,,2024-09-04T00:00:00.000Z,Listed for rent,2023-09-26T00:00:00.000Z,Listing removed,2023-08-03T00:00:00.000Z,Price change,2023-06-22T00:00:00.000Z,Listed for rent,2022-07-05T00:00:00.000Z,Listing removed,2022-06-23T00:00:00.000Z,Listed for rent,2022-06-02T00:00:00.000Z,Sold,1145,1450,https://www.zillow.com/homedetails/1405-Appalachain-Dr-Conway-AR-72034/35730407_zpid/
3,118,/homedetails/2-Centennial-Loop-Greenbrier-AR-72058/461545841_zpid/,FOR_RENT,,"2 Centennial Loop, Greenbrier, AR 72058",2 Centennial Loop,1400,2026-04-07T00:00:00.000Z,Listed for rent,,,,,,,,,,,,,,,,,,,,,,,,,,,,,,,,,,,,,,,,,,,,,,,,,,,,,,,1340,1400,https://www.zillow.com/homedetails/2-Centennial-Loop-Greenbrier-AR-72058/461545841_zpid/
3,32,/homedetails/2750-Bowman-Ln-Conway-AR-72034/241246_zpid/,FOR_RENT,255000,"2750 Bowman Ln, Conway, AR 72034",2750 Bowman Ln,1650,2026-07-17T00:00:00.000Z,Price change,2026-07-03T00:00:00.000Z,Listed for rent,,,,,,,,,,,,,,,,,,,,,2023-12-20T00:00:00.000Z,Listing removed,,,,,,,,,,,,,,,,,2023-11-30T00:00:00.000Z,Price change,2023-11-04T00:00:00.000Z,Listed for rent,2014-07-02T00:00:00.000Z,Sold,2007-07-18T00:00:00.000Z,Sold,1994-06-06T00:00:00.000Z,Sold,,,,,1668,1650,https://www.zillow.com/homedetails/2750-Bowman-Ln-Conway-AR-72034/241246_zpid/
3,10,/homedetails/2-Hawthorne-Dr-Conway-AR-72034/237001_zpid/,FOR_RENT,102000,"2 Hawthorne Dr, Conway, AR 72034",2 Hawthorne Dr,1800,2026-07-24T00:00:00.000Z,Listed for rent,2014-07-29T00:00:00.000Z,Sold,,,,,,,,,,,,,,,,,,,,,2014-05-16T00:00:00.000Z,Price change,,,,,,,,,,,,,,,,,2014-02-28T00:00:00.000Z,Listed for sale,2014-01-01T00:00:00.000Z,Listing removed,2013-10-29T00:00:00.000Z,Price change,2013-10-04T00:00:00.000Z,Price change,2013-08-08T00:00:00.000Z,Listed for sale,2011-08-31T00:00:00.000Z,Sold,,,1408,1800,https://www.zillow.com/homedetails/2-Hawthorne-Dr-Conway-AR-72034/237001_zpid/
3,12,/homedetails/18-Ledrick-Cir-Mayflower-AR-72106/464066466_zpid/,FOR_RENT,,"18 Ledrick Cir, Mayflower, AR 72106",18 Ledrick Cir,1650,2026-07-23T00:00:00.000Z,Listed for rent,,,,,,,,,,,,,,,,,,,,,,,,,,,,,,,,,,,,,,,,,,,,,,,,,,,,,,,1300,1650,https://www.zillow.com/homedetails/18-Ledrick-Cir-Mayflower-AR-72106/464066466_zpid/
3,33,/homedetails/535-Milam-Dr-Conway-AR-72032/235059_zpid/,FOR_RENT,75000,"535 Milam Dr, Conway, AR 72032",535 Milam Dr,1700,2026-07-01T00:00:00.000Z,Listed for rent,2023-09-14T00:00:00.000Z,Listing removed,2019-02-18T00:00:00.000Z,Listed for rent,2014-04-08T00:00:00.000Z,Listing removed,2014-03-16T00:00:00.000Z,Price change,2014-02-22T00:00:00.000Z,Price change,2014-02-20T00:00:00.000Z,Price change,2014-01-11T00:00:00.000Z,Listed for sale,2013-10-15T00:00:00.000Z,Sold,2013-07-18T00:00:00.000Z,Price change,2013-06-16T00:00:00.000Z,Listed for sale,,,2023-08-25T00:00:00.000Z,Listed for rent,,,,,,,,,,,,,,,,,2023-08-04T00:00:00.000Z,Listing removed,2023-08-02T00:00:00.000Z,Listed for rent,2023-07-24T00:00:00.000Z,Listing removed,2023-07-20T00:00:00.000Z,Listed for rent,2021-03-24T00:00:00.000Z,Listing removed,2019-03-11T00:00:00.000Z,Listing removed,2019-02-25T00:00:00.000Z,Price change,1824,1700,https://www.zillow.com/homedetails/535-Milam-Dr-Conway-AR-72032/235059_zpid/
3,3,/homedetails/1716-College-Ave-Conway-AR-72034/2088717945_zpid/,FOR_RENT,,"1716 College Ave, Conway, AR 72034",1716 College Ave,1400,2026-07-31T00:00:00.000Z,Listed for rent,2021-03-24T00:00:00.000Z,Listing removed,,,,,,,,,,,,,,,,,,,,,2019-12-08T00:00:00.000Z,Listing removed,,,,,,,,,,,,,,,,,2019-11-13T00:00:00.000Z,Price change,2019-09-30T00:00:00.000Z,Listed for rent,2019-07-11T00:00:00.000Z,Listing removed,2019-05-17T00:00:00.000Z,Listed for rent,2018-08-14T00:00:00.000Z,Listing removed,2018-08-10T00:00:00.000Z,Price change,2018-07-09T00:00:00.000Z,Listed for rent,1300,1400,https://www.zillow.com/homedetails/1716-College-Ave-Conway-AR-72034/2088717945_zpid/
3,16,/homedetails/8-Cemetery-Rd-Vilonia-AR-72173/305836626_zpid/,FOR_RENT,,"8 Cemetery Rd, Vilonia, AR 72173",8 Cemetery Rd,1500,2026-07-18T00:00:00.000Z,Listed for rent,,,,,,,,,,,,,,,,,,,,,,,,,,,,,,,,,,,,,,,,,,,,,,,,,,,,,,,1500,1500,https://www.zillow.com/homedetails/8-Cemetery-Rd-Vilonia-AR-72173/305836626_zpid/
3,6,/homedetails/382-Highway-285-N-Greenbrier-AR-72058/2060559969_zpid/,FOR_RENT,,"382 Highway 285 N, Greenbrier, AR 72058",382 Highway 285 N,1300,2026-07-28T00:00:00.000Z,Price change,2022-12-01T00:00:00.000Z,Listed for rent,,,,,,,,,,,,,,,,,,,,,,,,,,,,,,,,,,,,,,,,,,,,,,,,,,,,,1300,1300,https://www.zillow.com/homedetails/382-Highway-285-N-Greenbrier-AR-72058/2060559969_zpid/
3,15,/homedetails/2-Dunwood-Dr-Greenbrier-AR-72058/122006897_zpid/,FOR_RENT,213000,"2 Dunwood Dr, Greenbrier, AR 72058",2 Dunwood Dr,1600,2026-07-19T00:00:00.000Z,Listed for rent,2023-06-07T00:00:00.000Z,Listing removed,2014-07-22T00:00:00.000Z,Sold,,,,,,,,,,,,,,,,,,,2023-06-03T00:00:00.000Z,Listed for rent,,,,,,,,,,,,,,,,,2023-05-23T00:00:00.000Z,Sold,2023-04-27T00:00:00.000Z,Contingent,2023-04-23T00:00:00.000Z,Price change,2023-04-14T00:00:00.000Z,Listed for sale,2019-03-29T00:00:00.000Z,Sold,2019-01-31T00:00:00.000Z,Price change,2018-11-05T00:00:00.000Z,Listed for sale,1521,1600,https://www.zillow.com/homedetails/2-Dunwood-Dr-Greenbrier-AR-72058/122006897_zpid/
3,13,/homedetails/9-Jarman-Ln-Vilonia-AR-72173/225149_zpid/,FOR_RENT,230000,"9 Jarman Ln, Vilonia, AR 72173",9 Jarman Ln,2000,2026-07-21T00:00:00.000Z,Listed for rent,2026-07-02T00:00:00.000Z,Listing removed,,,,,,,,,,,,,,,,,,,,,2026-05-29T00:00:00.000Z,Listed for rent,,,,,,,,,,,,,,,,,2013-07-03T00:00:00.000Z,Sold,2012-07-19T00:00:00.000Z,Sold,,,,,,,,,,,2100,2000,https://www.zillow.com/homedetails/9-Jarman-Ln-Vilonia-AR-72173/225149_zpid/
3,61,/homedetails/3280-Sidell-Estates-Dr-Benton-AR-72015/2060825478_zpid/,FOR_RENT,198945,"3280 Sidell Estates Dr, Benton, AR 72015",3280 Sidell Estates Dr,1445,2026-07-30T00:00:00.000Z,Price change,2026-07-23T00:00:00.000Z,Price change,2023-03-29T00:00:00.000Z,Listing removed,2023-03-08T00:00:00.000Z,Listed for rent,2023-02-14T00:00:00.000Z,Sold,2023-01-20T00:00:00.000Z,Contingent,2022-12-27T00:00:00.000Z,Price change,2022-11-04T00:00:00.000Z,Listed for sale,,,,,,,,,2026-07-16T00:00:00.000Z,Price change,,,,,,,,,,,,,,,,,2026-07-09T00:00:00.000Z,Price change,2026-06-03T00:00:00.000Z,Listed for rent,2024-11-07T00:00:00.000Z,Listing removed,2024-10-31T00:00:00.000Z,Price change,2024-08-30T00:00:00.000Z,Listed for rent,2024-08-19T00:00:00.000Z,Listing removed,2024-07-20T00:00:00.000Z,Listed for rent,1422,1445,https://www.zillow.com/homedetails/3280-Sidell-Estates-Dr-Benton-AR-72015/2060825478_zpid/
3,26,/homedetails/5-Weatherwood-Dr-Greenbrier-AR-72058/102993946_zpid/,FOR_RENT,154000,"5 Weatherwood Dr, Greenbrier, AR 72058",5 Weatherwood Dr,1600,2026-07-09T00:00:00.000Z,Listed for rent,2022-10-04T00:00:00.000Z,Listing removed,,,,,,,,,,,,,,,,,,,,,2022-09-19T00:00:00.000Z,Listed for rent,,,,,,,,,,,,,,,,,2022-09-16T00:00:00.000Z,Listed for sale,2008-04-30T00:00:00.000Z,Sold,,,,,,,,,,,1547,1600,https://www.zillow.com/homedetails/5-Weatherwood-Dr-Greenbrier-AR-72058/102993946_zpid/
3,14,/homedetails/5-Valmont-St-Greenbrier-AR-72058/71715127_zpid/,FOR_RENT,140000,"5 Valmont St, Greenbrier, AR 72058",5 Valmont St,1500,2026-07-20T00:00:00.000Z,Listed for rent,2024-06-04T00:00:00.000Z,Listing removed,2018-12-28T00:00:00.000Z,Listed for rent,2018-10-15T00:00:00.000Z,Sold,2018-09-17T00:00:00.000Z,Listed for sale,2006-10-16T00:00:00.000Z,Sold,,,,,,,,,,,,,2024-05-16T00:00:00.000Z,Price change,,,,,,,,,,,,,,,,,2024-05-08T00:00:00.000Z,Listed for rent,2023-09-23T00:00:00.000Z,Listing removed,2023-09-01T00:00:00.000Z,Listed for rent,2021-03-24T00:00:00.000Z,Listing removed,2019-10-23T00:00:00.000Z,Listing removed,2019-10-02T00:00:00.000Z,Listed for rent,2019-01-23T00:00:00.000Z,Listing removed,1750,1500,https://www.zillow.com/homedetails/5-Valmont-St-Greenbrier-AR-72058/71715127_zpid/
3,42,/homedetails/600-S-Davis-St-Conway-AR-72034/235022_zpid/,FOR_RENT,108500,"600 S Davis St, Conway, AR 72034",600 S Davis St,1525,2026-07-20T00:00:00.000Z,Price change,2026-07-06T00:00:00.000Z,Price change,,,,,,,,,,,,,,,,,,,,,2026-06-22T00:00:00.000Z,Listed for rent,,,,,,,,,,,,,,,,,2022-10-20T00:00:00.000Z,Listing removed,2022-10-11T00:00:00.000Z,Price change,2022-09-22T00:00:00.000Z,Listed for rent,2017-06-15T00:00:00.000Z,Sold,2017-05-06T00:00:00.000Z,Listed for sale,2015-04-17T00:00:00.000Z,Sold,2005-07-22T00:00:00.000Z,Sold,1728,1525,https://www.zillow.com/homedetails/600-S-Davis-St-Conway-AR-72034/235022_zpid/
3,20,/homedetails/Conway-AR-72034/59918018_zpid/,FOR_RENT,164000,"(Undisclosed Address), Conway, AR 72034",(Undisclosed Address),1600,2026-07-15T00:00:00.000Z,Listed for rent,2020-08-14T00:00:00.000Z,Sold,,,,,,,,,,,,,,,,,,,,,2020-07-11T00:00:00.000Z,Listed for sale,,,,,,,,,,,,,,,,,2008-11-19T00:00:00.000Z,Sold,,,,,,,,,,,,,1389,1600,https://www.zillow.com/homedetails/Conway-AR-72034/59918018_zpid/
3,23,/homedetails/3005-Plateau-Dr-Conway-AR-72032/71714489_zpid/,FOR_RENT,218000,"3005 Plateau Dr, Conway, AR 72032",3005 Plateau Dr,2000,2026-07-11T00:00:00.000Z,Listed for rent,2020-05-05T00:00:00.000Z,Sold,,,,,,,,,,,,,,,,,,,,,2020-03-27T00:00:00.000Z,Listed for sale,,,,,,,,,,,,,,,,,2019-07-23T00:00:00.000Z,Sold,2019-06-25T00:00:00.000Z,Pending sale,2019-06-12T00:00:00.000Z,Listed for sale,2010-10-20T00:00:00.000Z,Sold,2010-05-22T00:00:00.000Z,Listed for sale,,,,,1929,2000,https://www.zillow.com/homedetails/3005-Plateau-Dr-Conway-AR-72032/71714489_zpid/
3,52,/homedetails/56-Eden-Valley-Ranch-Rd-Vilonia-AR-72173/102990816_zpid/,FOR_RENT,91800,"56 Eden Valley Ranch Rd, Vilonia, AR 72173",56 Eden Valley Ranch Rd,1295,2026-07-20T00:00:00.000Z,Price change,2026-07-02T00:00:00.000Z,Price change,,,,,,,,,,,,,,,,,,,,,2026-06-22T00:00:00.000Z,Price change,,,,,,,,,,,,,,,,,2026-06-13T00:00:00.000Z,Listed for rent,2024-04-05T00:00:00.000Z,Sold,2024-03-07T00:00:00.000Z,Listing removed,2024-02-29T00:00:00.000Z,Listed for sale,2022-08-05T00:00:00.000Z,Sold,2022-06-16T00:00:00.000Z,Listed for sale,,,1280,1295,https://www.zillow.com/homedetails/56-Eden-Valley-Ranch-Rd-Vilonia-AR-72173/102990816_zpid/
5,17,/homedetails/15-Piney-Cove-Mnr-Maumelle-AR-72113/327022_zpid/,FOR_RENT,21000,"15 Piney Cove Mnr, Maumelle, AR 72113",15 Piney Cove Mnr,2495,2026-07-17T00:00:00.000Z,Listed for rent,2025-10-08T00:00:00.000Z,Listing removed,,,,,,,,,,,,,,,,,,,,,2025-09-29T00:00:00.000Z,Price change,,,,,,,,,,,,,,,,,2025-09-23T00:00:00.000Z,Listed for rent,2013-04-30T00:00:00.000Z,Sold,1989-11-01T00:00:00.000Z,Sold,,,,,,,,,2407,2495,https://www.zillow.com/homedetails/15-Piney-Cove-Mnr-Maumelle-AR-72113/327022_zpid/
3,3,/homedetails/203-Logan-Dr-Maumelle-AR-72113/2057186362_zpid/,FOR_RENT,,"203 Logan Dr, Maumelle, AR 72113",203 Logan Dr,1830,2026-07-31T00:00:00.000Z,Listed for rent,2024-08-27T00:00:00.000Z,Listing removed,,,,,,,,,,,,,,,,,,,,,2024-08-01T00:00:00.000Z,Listed for rent,,,,,,,,,,,,,,,,,2023-06-19T00:00:00.000Z,Listing removed,2023-06-10T00:00:00.000Z,Listed for rent,,,,,,,,,,,1472,1830,https://www.zillow.com/homedetails/203-Logan-Dr-Maumelle-AR-72113/2057186362_zpid/
3,18,/homedetails/1845-Arden-Ln-Conway-AR-72034/71714882_zpid/,FOR_RENT,139000,"1845 Arden Ln, Conway, AR 72034",1845 Arden Ln,1650,2026-07-17T00:00:00.000Z,Listed for rent,2024-07-03T00:00:00.000Z,Listing removed,,,,,,,,,,,,,,,,,,,,,2024-06-25T00:00:00.000Z,Listed for rent,,,,,,,,,,,,,,,,,2023-02-27T00:00:00.000Z,Listing removed,2023-02-22T00:00:00.000Z,Listed for rent,2021-01-19T00:00:00.000Z,Listing removed,2021-01-09T00:00:00.000Z,Listed for rent,2020-12-16T00:00:00.000Z,Sold,,,,,1205,1650,https://www.zillow.com/homedetails/1845-Arden-Ln-Conway-AR-72034/71714882_zpid/
3,208,/homedetails/3915-Ledbetter-Dr-Conway-AR-72034/242880_zpid/,FOR_RENT,134000,"3915 Ledbetter Dr, Conway, AR 72034",3915 Ledbetter Dr,1100,2026-01-14T00:00:00.000Z,Listed for rent,2026-01-14T00:00:00.000Z,Listing removed,2023-01-25T00:00:00.000Z,Price change,2022-11-23T00:00:00.000Z,Listed for rent,2022-11-14T00:00:00.000Z,Sold,2022-10-13T00:00:00.000Z,Contingent,2022-10-09T00:00:00.000Z,Listed for sale,2015-07-17T00:00:00.000Z,Sold,2002-05-31T00:00:00.000Z,Sold,,,,,,,2026-01-08T00:00:00.000Z,Listed for rent,,,,,,,,,,,,,,,,,2024-12-09T00:00:00.000Z,Listing removed,2024-10-16T00:00:00.000Z,Price change,2024-08-16T00:00:00.000Z,Listed for rent,2024-02-29T00:00:00.000Z,Listing removed,2024-02-16T00:00:00.000Z,Price change,2024-01-08T00:00:00.000Z,Listed for rent,2023-02-08T00:00:00.000Z,Listing removed,1052,1100,https://www.zillow.com/homedetails/3915-Ledbetter-Dr-Conway-AR-72034/242880_zpid/
3,17,/homedetails/205-Logan-Dr-Maumelle-AR-72113/2057186361_zpid/,FOR_RENT,,"205 Logan Dr, Maumelle, AR 72113",205 Logan Dr,1795,2026-07-17T00:00:00.000Z,Listed for rent,2025-09-04T00:00:00.000Z,Listing removed,,,,,,,,,,,,,,,,,,,,,2025-09-03T00:00:00.000Z,Listed for rent,,,,,,,,,,,,,,,,,2025-09-03T00:00:00.000Z,Listing removed,2025-08-29T00:00:00.000Z,Price change,2025-07-15T00:00:00.000Z,Listed for rent,2023-09-10T00:00:00.000Z,Listing removed,2023-09-09T00:00:00.000Z,Listed for rent,2023-09-08T00:00:00.000Z,Listing removed,2023-06-10T00:00:00.000Z,Listed for rent,1472,1795,https://www.zillow.com/homedetails/205-Logan-Dr-Maumelle-AR-72113/2057186361_zpid/
3,91,/homedetails/18-Kimberly-Dr-Vilonia-AR-72173/245526_zpid/,FOR_RENT,270000,"18 Kimberly Dr, Vilonia, AR 72173",18 Kimberly Dr,1995,2026-05-04T00:00:00.000Z,Listed for rent,2026-01-05T00:00:00.000Z,Sold,,,,,,,,,,,,,,,,,,,,,2025-11-20T00:00:00.000Z,Listed for sale,,,,,,,,,,,,,,,,,2025-11-20T00:00:00.000Z,Listing removed,2025-09-18T00:00:00.000Z,Listed for sale,2015-07-09T00:00:00.000Z,Sold,2000-03-15T00:00:00.000Z,Sold,,,,,,,1954,1995,https://www.zillow.com/homedetails/18-Kimberly-Dr-Vilonia-AR-72173/245526_zpid/
3,27,/homedetails/117-Logan-Dr-Maumelle-AR-72113/2057186355_zpid/,FOR_RENT,,"117 Logan Dr, Maumelle, AR 72113",117 Logan Dr,1835,2026-07-07T00:00:00.000Z,Listed for rent,2023-07-30T00:00:00.000Z,Listing removed,,,,,,,,,,,,,,,,,,,,,2023-07-29T00:00:00.000Z,Listed for rent,,,,,,,,,,,,,,,,,2023-07-29T00:00:00.000Z,Listing removed,2023-06-10T00:00:00.000Z,Listed for rent,,,,,,,,,,,1472,1835,https://www.zillow.com/homedetails/117-Logan-Dr-Maumelle-AR-72113/2057186355_zpid/
3,33,/homedetails/7400-Fairplay-Rd-Benton-AR-72019/92431960_zpid/,FOR_RENT,,"7400 Fairplay Rd, Benton, AR 72019",7400 Fairplay Rd,2900,2026-07-01T00:00:00.000Z,Price change,2026-06-11T00:00:00.000Z,Price change,,,,,,,,,,,,,,,,,,,,,2026-05-26T00:00:00.000Z,Listed for rent,,,,,,,,,,,,,,,,,,,,,,,,,,,,,,,3108,2900,https://www.zillow.com/homedetails/7400-Fairplay-Rd-Benton-AR-72019/92431960_zpid/
3,11,/homedetails/2717-Timbermist-Dr-Benton-AR-72015/386808_zpid/,FOR_RENT,165000,"2717 Timbermist Dr, Benton, AR 72015",2717 Timbermist Dr,1650,2026-07-23T00:00:00.000Z,Listed for rent,2025-07-18T00:00:00.000Z,Listing removed,2015-06-16T00:00:00.000Z,Listing removed,2015-03-07T00:00:00.000Z,Listed for sale,2010-05-12T00:00:00.000Z,Sold,2009-09-06T00:00:00.000Z,Listing removed,2009-08-21T00:00:00.000Z,Listed for sale,,,,,,,,,,,2025-07-08T00:00:00.000Z,Listed for rent,,,,,,,,,,,,,,,,,2025-05-12T00:00:00.000Z,Sold,2021-03-24T00:00:00.000Z,Listing removed,2016-06-11T00:00:00.000Z,Listing removed,2016-06-11T00:00:00.000Z,Listed for sale,2016-06-09T00:00:00.000Z,Sold,2016-04-26T00:00:00.000Z,Pending sale,2015-11-21T00:00:00.000Z,Listed for sale,1413,1650,https://www.zillow.com/homedetails/2717-Timbermist-Dr-Benton-AR-72015/386808_zpid/
3,13,/homedetails/6110-Petit-Jean-Dr-Shannon-Hills-AR-72103/71716883_zpid/,FOR_RENT,,"6110 Petit Jean Dr, Shannon Hills, AR 72103",6110 Petit Jean Dr,1495,2026-07-21T00:00:00.000Z,Listed for rent,2021-11-22T00:00:00.000Z,Listing removed,2013-11-19T00:00:00.000Z,Listed for sale,,,,,,,,,,,,,,,,,,,2021-07-12T00:00:00.000Z,Listed for rent,,,,,,,,,,,,,,,,,2019-06-28T00:00:00.000Z,Listing removed,2019-04-10T00:00:00.000Z,Listed for rent,2017-10-28T00:00:00.000Z,Listing removed,2017-09-21T00:00:00.000Z,Listed for rent,2014-01-07T00:00:00.000Z,Listing removed,2013-12-20T00:00:00.000Z,Listing removed,2013-12-10T00:00:00.000Z,Listed for rent,1504,1495,https://www.zillow.com/homedetails/6110-Petit-Jean-Dr-Shannon-Hills-AR-72103/71716883_zpid/
3,49,/homedetails/2555-Winchester-Dr-Conway-AR-72032/239881_zpid/,FOR_RENT,180000,"2555 Winchester Dr, Conway, AR 72032",2555 Winchester Dr,1450,2026-07-20T00:00:00.000Z,Price change,2026-07-01T00:00:00.000Z,Price change,2025-02-26T00:00:00.000Z,Listing removed,2025-01-08T00:00:00.000Z,Listed for rent,2024-11-23T00:00:00.000Z,Listing removed,2024-11-02T00:00:00.000Z,Listed for rent,2024-10-26T00:00:00.000Z,Listing removed,2024-10-14T00:00:00.000Z,Price change,2024-09-18T00:00:00.000Z,Price change,2024-09-03T00:00:00.000Z,Listed for rent,2015-06-12T00:00:00.000Z,Sold,1996-09-18T00:00:00.000Z,Sold,2026-06-15T00:00:00.000Z,Listed for rent,1994-12-02T00:00:00.000Z,Sold,,,,,,,,,,,,,,,2026-05-08T00:00:00.000Z,Listing removed,2026-05-01T00:00:00.000Z,Listed for rent,2025-05-29T00:00:00.000Z,Listing removed,2025-05-22T00:00:00.000Z,Listed for rent,2025-04-07T00:00:00.000Z,Sold,2025-03-08T00:00:00.000Z,Contingent,2025-03-05T00:00:00.000Z,Listed for sale,1104,1450,https://www.zillow.com/homedetails/2555-Winchester-Dr-Conway-AR-72032/239881_zpid/
3,24,/homedetails/127-Rachel-Cv-Haskell-AR-72015/92428814_zpid/,FOR_RENT,,"127 Rachel Cv, Haskell, AR 72015",127 Rachel Cv,1200,2026-07-10T00:00:00.000Z,Listed for rent,2025-01-29T00:00:00.000Z,Listing removed,,,,,,,,,,,,,,,,,,,,,2025-01-07T00:00:00.000Z,Listed for rent,,,,,,,,,,,,,,,,,2024-12-13T00:00:00.000Z,Listing removed,2024-10-22T00:00:00.000Z,Listed for rent,,,,,,,,,,,1456,1200,https://www.zillow.com/homedetails/127-Rachel-Cv-Haskell-AR-72015/92428814_zpid/
3,82,/homedetails/3153-Stonewall-Dr-Benton-AR-72015/92431831_zpid/,FOR_RENT,420000,"3153 Stonewall Dr, Benton, AR 72015",3153 Stonewall Dr,2099,2026-06-17T00:00:00.000Z,Price change,2026-05-13T00:00:00.000Z,Listed for rent,,,,,,,,,,,,,,,,,,,,,2026-02-02T00:00:00.000Z,Listing removed,,,,,,,,,,,,,,,,,2025-11-17T00:00:00.000Z,Listed for rent,2023-06-16T00:00:00.000Z,Listing removed,2023-05-24T00:00:00.000Z,Listed for rent,2008-10-03T00:00:00.000Z,Sold,2007-07-18T00:00:00.000Z,Sold,2007-03-01T00:00:00.000Z,Sold,,,2104,2099,https://www.zillow.com/homedetails/3153-Stonewall-Dr-Benton-AR-72015/92431831_zpid/
4,28,/homedetails/124-Im-Dr-Maumelle-AR-72113/2056969175_zpid/,FOR_RENT,222925,"124 Im Dr, Maumelle, AR 72113",124 Im Dr,1950,2026-07-06T00:00:00.000Z,Listed for rent,2025-08-27T00:00:00.000Z,Listing removed,,,,,,,,,,,,,,,,,,,,,2025-07-18T00:00:00.000Z,Listed for rent,,,,,,,,,,,,,,,,,2024-08-21T00:00:00.000Z,Listing removed,2024-07-30T00:00:00.000Z,Listed for rent,2023-09-26T00:00:00.000Z,Sold,,,,,,,,,1500,1950,https://www.zillow.com/homedetails/124-Im-Dr-Maumelle-AR-72113/2056969175_zpid/
3,48,/homedetails/14806-White-Oaks-Ln-Mabelvale-AR-72103/377453_zpid/,FOR_RENT,135000,"14806 White Oaks Ln, Mabelvale, AR 72103",14806 White Oaks Ln,1445,2026-07-29T00:00:00.000Z,Price change,2026-07-09T00:00:00.000Z,Price change,2021-10-19T00:00:00.000Z,Contingent,2021-10-16T00:00:00.000Z,Price change,2021-10-08T00:00:00.000Z,Listed for sale,2021-08-19T00:00:00.000Z,Contingent,2021-08-09T00:00:00.000Z,Listed for sale,2021-07-26T00:00:00.000Z,Sold,2006-08-30T00:00:00.000Z,Sold,,,,,,,2026-06-16T00:00:00.000Z,Listed for rent,,,,,,,,,,,,,,,,,2026-06-03T00:00:00.000Z,Listing removed,2026-05-07T00:00:00.000Z,Listed for rent,2022-04-20T00:00:00.000Z,Listing removed,2022-04-14T00:00:00.000Z,Price change,2022-03-30T00:00:00.000Z,Price change,2022-01-20T00:00:00.000Z,Listed for rent,2021-11-08T00:00:00.000Z,Sold,1383,1445,https://www.zillow.com/homedetails/14806-White-Oaks-Ln-Mabelvale-AR-72103/377453_zpid/
4,4,/homedetails/4466-S-Aaronfield-Cir-Benton-AR-72015/92429011_zpid/,FOR_RENT,120000,"4466 S Aaronfield Cir, Benton, AR 72015",4466 S Aaronfield Cir,1550,2026-07-31T00:00:00.000Z,Listed for rent,2012-11-01T00:00:00.000Z,Sold,,,,,,,,,,,,,,,,,,,,,2008-01-22T00:00:00.000Z,Sold,,,,,,,,,,,,,,,,,,,,,,,,,,,,,,,1725,1550,https://www.zillow.com/homedetails/4466-S-Aaronfield-Cir-Benton-AR-72015/92429011_zpid/
3,151,/homedetails/3123-Lori-Lake-Rd-Benton-AR-72019/453026788_zpid/,FOR_RENT,,"3123 Lori Lake Rd, Benton, AR 72019",3123 Lori Lake Rd,1000,2025-06-07T00:00:00.000Z,Listed for rent,,,,,,,,,,,,,,,,,,,,,,,,,,,,,,,,,,,,,,,,,,,,,,,,,,,,,,,1280,1000,https://www.zillow.com/homedetails/3123-Lori-Lake-Rd-Benton-AR-72019/453026788_zpid/
3,84,/homedetails/120-Butterfield-Xing-Haskell-AR-72015/88907708_zpid/,FOR_RENT,99200,"120 Butterfield Xing, Haskell, AR 72015",120 Butterfield Xing,1400,2026-07-29T00:00:00.000Z,Price change,2026-06-30T00:00:00.000Z,Price change,2023-04-24T00:00:00.000Z,Price change,2023-04-05T00:00:00.000Z,Listed for rent,2017-06-21T00:00:00.000Z,Sold,2009-12-21T00:00:00.000Z,Sold,,,,,,,,,,,,,2026-05-11T00:00:00.000Z,Listed for rent,,,,,,,,,,,,,,,,,2026-04-30T00:00:00.000Z,Listing removed,2026-04-01T00:00:00.000Z,Listed for rent,2024-12-07T00:00:00.000Z,Listing removed,2024-11-25T00:00:00.000Z,Listed for rent,2024-11-12T00:00:00.000Z,Listing removed,2024-10-09T00:00:00.000Z,Listed for rent,2023-05-18T00:00:00.000Z,Listing removed,1250,1400,https://www.zillow.com/homedetails/120-Butterfield-Xing-Haskell-AR-72015/88907708_zpid/
3,118,/homedetails/3225-Jean-Cv-Alexander-AR-72002/378862_zpid/,FOR_RENT,,"3225 Jean Cv, Alexander, AR 72002",3225 Jean Cv,2600,2026-07-27T00:00:00.000Z,Price change,2026-04-07T00:00:00.000Z,Listed for rent,,,,,,,,,,,,,,,,,,,,,,,,,,,,,,,,,,,,,,,,,,,,,,,,,,,,,2827,2600,https://www.zillow.com/homedetails/3225-Jean-Cv-Alexander-AR-72002/378862_zpid/
3,33,/homedetails/10413-Cypress-Knee-Dr-Maumelle-AR-72113/2060938533_zpid/,FOR_RENT,,"10413 Cypress Knee Dr, Maumelle, AR 72113",10413 Cypress Knee Dr,1800,2026-07-01T00:00:00.000Z,Listed for rent,2025-04-22T00:00:00.000Z,Listing removed,,,,,,,,,,,,,,,,,,,,,2025-04-04T00:00:00.000Z,Listed for rent,,,,,,,,,,,,,,,,,2022-11-13T00:00:00.000Z,Listing removed,2022-10-25T00:00:00.000Z,Listed for rent,,,,,,,,,,,1480,1800,https://www.zillow.com/homedetails/10413-Cypress-Knee-Dr-Maumelle-AR-72113/2060938533_zpid/
3,318,/homedetails/14025-Cottontail-Ln-Alexander-AR-72002/52934775_zpid/,FOR_RENT,120000,"14025 Cottontail Ln, Alexander, AR 72002",14025 Cottontail Ln,1595,2026-06-24T00:00:00.000Z,Listing removed,2026-02-15T00:00:00.000Z,Listed for sale,,,,,,,,,,,,,,,,,,,,,2025-09-20T00:00:00.000Z,Listed for rent,,,,,,,,,,,,,,,,,2025-07-01T00:00:00.000Z,Sold,2022-04-20T00:00:00.000Z,Sold,2005-05-09T00:00:00.000Z,Sold,,,,,,,,,1224,1595,https://www.zillow.com/homedetails/14025-Cottontail-Ln-Alexander-AR-72002/52934775_zpid/
3,3,/homedetails/3201-Stivers-Blvd-Bryant-AR-72022/391950_zpid/,FOR_RENT,125000,"3201 Stivers Blvd, Bryant, AR 72022",3201 Stivers Blvd,1600,2026-07-31T00:00:00.000Z,Listed for rent,2022-12-14T00:00:00.000Z,Listing removed,,,,,,,,,,,,,,,,,,,,,2022-12-05T00:00:00.000Z,Listed for rent,,,,,,,,,,,,,,,,,2020-07-28T00:00:00.000Z,Listing removed,2020-07-21T00:00:00.000Z,Listed for rent,2020-07-20T00:00:00.000Z,Sold,2016-10-28T00:00:00.000Z,Sold,2016-08-21T00:00:00.000Z,Listed for sale,2008-08-15T00:00:00.000Z,Sold,,,1279,1600,https://www.zillow.com/homedetails/3201-Stivers-Blvd-Bryant-AR-72022/391950_zpid/
3,6,/homedetails/13-Holly-Brook-Cv-Maumelle-AR-72113/35734402_zpid/,FOR_RENT,112749,"13 Holly Brook Cv, Maumelle, AR 72113",13 Holly Brook Cv,1700,2026-07-28T00:00:00.000Z,Listed for rent,2007-02-28T00:00:00.000Z,Sold,,,,,,,,,,,,,,,,,,,,,2002-10-07T00:00:00.000Z,Sold,,,,,,,,,,,,,,,,,2000-05-31T00:00:00.000Z,Sold,1997-06-09T00:00:00.000Z,Sold,,,,,,,,,,,1272,1700,https://www.zillow.com/homedetails/13-Holly-Brook-Cv-Maumelle-AR-72113/35734402_zpid/
4,20,/homedetails/206-Churchill-Dr-Kings-Mountain-NC-28086/336757347_zpid/,FOR_RENT,218000,"206 Churchill Dr, Kings Mountain, NC 28086",206 Churchill Dr,2099,2026-07-14T00:00:00.000Z,Listed for rent,2025-08-22T00:00:00.000Z,Listing removed,2025-03-19T00:00:00.000Z,Price change,2025-02-26T00:00:00.000Z,Listed for rent,2023-03-17T00:00:00.000Z,Listing removed,2023-03-09T00:00:00.000Z,Price change,2023-03-01T00:00:00.000Z,Price change,2023-01-26T00:00:00.000Z,Price change,2023-01-21T00:00:00.000Z,Price change,2023-01-11T00:00:00.000Z,Listed for rent,2022-11-10T00:00:00.000Z,Sold,2022-10-18T00:00:00.000Z,Pending sale,2025-08-20T00:00:00.000Z,Price change,2020-10-01T00:00:00.000Z,Sold,,,,,,,,,,,,,,,2025-08-13T00:00:00.000Z,Price change,2025-08-06T00:00:00.000Z,Price change,2025-08-02T00:00:00.000Z,Price change,2025-07-29T00:00:00.000Z,Price change,2025-07-23T00:00:00.000Z,Listed for rent,2025-03-26T00:00:00.000Z,Listing removed,2025-03-26T00:00:00.000Z,Price change,1710,2099,https://www.zillow.com/homedetails/206-Churchill-Dr-Kings-Mountain-NC-28086/336757347_zpid/
3,34,/homedetails/118-E-Elm-Haskell-St-Benton-AR-72015/2061131914_zpid/,FOR_RENT,,"118 E Elm Haskell St, Benton, AR 72015",118 E Elm Haskell St,1200,2026-06-30T00:00:00.000Z,Listed for rent,2025-05-19T00:00:00.000Z,Listing removed,,,,,,,,,,,,,,,,,,,,,2025-05-02T00:00:00.000Z,Listed for rent,,,,,,,,,,,,,,,,,2023-07-05T00:00:00.000Z,Listing removed,2023-06-15T00:00:00.000Z,Listed for rent,2022-10-20T00:00:00.000Z,Listing removed,2022-10-14T00:00:00.000Z,Listed for rent,,,,,,,1300,1200,https://www.zillow.com/homedetails/118-E-Elm-Haskell-St-Benton-AR-72015/2061131914_zpid/
2,34,/homedetails/7-Southland-Dr-Maumelle-AR-72113/2109744736_zpid/,FOR_RENT,,"7 Southland Dr, Maumelle, AR 72113",7 Southland Dr,850,2026-06-30T00:00:00.000Z,Listed for rent,2018-07-15T00:00:00.000Z,Listing removed,,,,,,,,,,,,,,,,,,,,,2018-06-28T00:00:00.000Z,Listed for rent,,,,,,,,,,,,,,,,,2016-06-28T00:00:00.000Z,Listing removed,2014-12-12T00:00:00.000Z,Listing removed,2014-07-29T00:00:00.000Z,Listed for rent,2013-12-30T00:00:00.000Z,Listing removed,2013-11-27T00:00:00.000Z,Listed for rent,,,,,925,850,https://www.zillow.com/homedetails/7-Southland-Dr-Maumelle-AR-72113/2109744736_zpid/
4,0,/homedetails/1105-River-Oaks-Dr-Benton-AR-72019/453260567_zpid/,FOR_RENT,,"1105 River Oaks Dr, Benton, AR 72019",1105 River Oaks Dr,2600,2026-08-04T00:00:00.000Z,Listed for rent,2025-07-28T00:00:00.000Z,Listing removed,,,,,,,,,,,,,,,,,,,,,2025-07-04T00:00:00.000Z,Price change,,,,,,,,,,,,,,,,,2025-06-21T00:00:00.000Z,Price change,2025-06-12T00:00:00.000Z,Listed for rent,,,,,,,,,,,2350,2600,https://www.zillow.com/homedetails/1105-River-Oaks-Dr-Benton-AR-72019/453260567_zpid/
3,2,/homedetails/2201-S-Fox-Trl-Benton-AR-72019/382738_zpid/,FOR_RENT,273000,"2201 S Fox Trl, Benton, AR 72019",2201 S Fox Trl,2100,2026-08-02T00:00:00.000Z,Listed for rent,2025-02-11T00:00:00.000Z,Listing removed,2015-08-05T00:00:00.000Z,Listing removed,2015-08-01T00:00:00.000Z,Listed for rent,2015-03-28T00:00:00.000Z,Listing removed,2015-01-22T00:00:00.000Z,Listed for rent,2014-07-18T00:00:00.000Z,Listing removed,2014-07-09T00:00:00.000Z,Listed for rent,2013-03-19T00:00:00.000Z,Sold,2007-11-01T00:00:00.000Z,Sold,,,,,2025-01-21T00:00:00.000Z,Listed for rent,,,,,,,,,,,,,,,,,2024-07-12T00:00:00.000Z,Sold,2024-05-22T00:00:00.000Z,Price change,2024-05-06T00:00:00.000Z,Listed for sale,2017-09-25T00:00:00.000Z,Sold,2017-08-01T00:00:00.000Z,Listed for sale,2016-01-31T00:00:00.000Z,Listing removed,2016-01-24T00:00:00.000Z,Listed for rent,1927,2100,https://www.zillow.com/homedetails/2201-S-Fox-Trl-Benton-AR-72019/382738_zpid/
3,13,/homedetails/Kings-Mountain-NC-28086/93014355_zpid/,FOR_RENT,350000,"(Undisclosed Address), Kings Mountain, NC 28086",(Undisclosed Address),2400,2026-07-23T00:00:00.000Z,Price change,2026-07-22T00:00:00.000Z,Listed for rent,2009-04-24T00:00:00.000Z,Sold,,,,,,,,,,,,,,,,,,,2024-12-03T00:00:00.000Z,Sold,,,,,,,,,,,,,,,,,2024-10-31T00:00:00.000Z,Pending sale,2024-10-22T00:00:00.000Z,Price change,2024-10-04T00:00:00.000Z,Price change,2024-09-21T00:00:00.000Z,Listed for sale,2018-04-06T00:00:00.000Z,Sold,2018-03-05T00:00:00.000Z,Pending sale,2018-03-03T00:00:00.000Z,Listed for sale,1573,2400,https://www.zillow.com/homedetails/Kings-Mountain-NC-28086/93014355_zpid/
2,3,/homedetails/53-Oak-Forest-Pl-Maumelle-AR-72113/326411_zpid/,FOR_RENT,100000,"53 Oak Forest Pl, Maumelle, AR 72113",53 Oak Forest Pl,1200,2026-07-31T00:00:00.000Z,Listed for rent,2021-02-23T00:00:00.000Z,Listing removed,2012-10-07T00:00:00.000Z,Price change,2012-09-08T00:00:00.000Z,Listed for sale,2004-02-04T00:00:00.000Z,Sold,,,,,,,,,,,,,,,2020-07-18T00:00:00.000Z,Listing removed,,,,,,,,,,,,,,,,,2020-07-15T00:00:00.000Z,Listed for rent,2020-06-29T00:00:00.000Z,Sold,2020-01-01T00:00:00.000Z,Listing removed,2019-10-03T00:00:00.000Z,Pending sale,2019-07-23T00:00:00.000Z,Listed for sale,2014-03-19T00:00:00.000Z,Sold,2012-12-31T00:00:00.000Z,Sold,900,1200,https://www.zillow.com/homedetails/53-Oak-Forest-Pl-Maumelle-AR-72113/326411_zpid/
3,11,/homedetails/1710-Cedarhurst-Dr-Benton-AR-72015/384477_zpid/,FOR_RENT,127500,"1710 Cedarhurst Dr, Benton, AR 72015",1710 Cedarhurst Dr,1750,2026-06-23T00:00:00.000Z,Listed for rent,2024-05-13T00:00:00.000Z,Listing removed,2016-01-11T00:00:00.000Z,Listed for rent,2015-05-22T00:00:00.000Z,Sold,2015-01-21T00:00:00.000Z,Listing removed,2014-07-25T00:00:00.000Z,Listed for rent,2014-06-23T00:00:00.000Z,Listing removed,2014-05-25T00:00:00.000Z,Price change,2014-05-07T00:00:00.000Z,Price change,2014-04-11T00:00:00.000Z,Price change,2014-02-17T00:00:00.000Z,Listed for sale,,,2024-02-10T00:00:00.000Z,Listed for rent,,,,,,,,,,,,,,,,,2024-01-31T00:00:00.000Z,Sold,2024-01-24T00:00:00.000Z,Contingent,2024-01-22T00:00:00.000Z,Listed for sale,2019-11-07T00:00:00.000Z,Listing removed,2019-10-07T00:00:00.000Z,Listed for rent,2016-12-15T00:00:00.000Z,Listing removed,2016-01-13T00:00:00.000Z,Listing removed,1680,1750,https://www.zillow.com/homedetails/1710-Cedarhurst-Dr-Benton-AR-72015/384477_zpid/
3,26,/homedetails/1343-S-Battleground-Ave-Kings-Mountain-NC-28086/78285925_zpid/,FOR_RENT,995000,"1343 S Battleground Ave, Kings Mountain, NC 28086",1343 S Battleground Ave,2400,2026-07-10T00:00:00.000Z,Listed for rent,2023-09-02T00:00:00.000Z,Listing removed,2022-03-30T00:00:00.000Z,Sold,2022-02-17T00:00:00.000Z,Pending sale,2022-02-16T00:00:00.000Z,Contingent,2022-02-15T00:00:00.000Z,Listed for sale,2021-11-16T00:00:00.000Z,Contingent,2021-11-06T00:00:00.000Z,Pending sale,2021-11-06T00:00:00.000Z,Contingent,2021-08-15T00:00:00.000Z,Listed for sale,,,,,2023-08-28T00:00:00.000Z,Listed for rent,,,,,,,,,,,,,,,,,2023-08-05T00:00:00.000Z,Listing removed,2023-08-04T00:00:00.000Z,Price change,2023-08-01T00:00:00.000Z,Listed for rent,2022-10-25T00:00:00.000Z,Listing removed,2022-09-08T00:00:00.000Z,Listed for rent,2022-07-22T00:00:00.000Z,Listing removed,2022-07-17T00:00:00.000Z,Listed for rent,1724,2400,https://www.zillow.com/homedetails/1343-S-Battleground-Ave-Kings-Mountain-NC-28086/78285925_zpid/
3,4,/homedetails/402-S-2nd-St-Benton-AR-72015/386506_zpid/,FOR_RENT,20000,"402 S 2nd St, Benton, AR 72015",402 S 2nd St,1395,2026-07-30T00:00:00.000Z,Listed for rent,2022-04-10T00:00:00.000Z,Listing removed,,,,,,,,,,,,,,,,,,,,,2022-04-07T00:00:00.000Z,Listed for rent,,,,,,,,,,,,,,,,,2021-12-09T00:00:00.000Z,Sold,,,,,,,,,,,,,792,1395,https://www.zillow.com/homedetails/402-S-2nd-St-Benton-AR-72015/386506_zpid/
3,12,/homedetails/721-S-Richards-Benton-AR-72015/389133_zpid/,FOR_RENT,29900,"721 S Richards, Benton, AR 72015",721 S Richards,1650,2026-08-03T00:00:00.000Z,Price change,2026-07-22T00:00:00.000Z,Listed for rent,,,,,,,,,,,,,,,,,,,,,2023-07-28T00:00:00.000Z,Sold,,,,,,,,,,,,,,,,,2023-07-09T00:00:00.000Z,Contingent,2023-06-29T00:00:00.000Z,Listed for sale,,,,,,,,,,,1544,1650,https://www.zillow.com/homedetails/721-S-Richards-Benton-AR-72015/389133_zpid/
3,16,/homedetails/31-Vantage-Dr-Maumelle-AR-72113/326142_zpid/,FOR_RENT,198000,"31 Vantage Dr, Maumelle, AR 72113",31 Vantage Dr,1500,2026-08-04T00:00:00.000Z,Price change,2026-07-18T00:00:00.000Z,Listed for rent,2002-01-17T00:00:00.000Z,Sold,,,,,,,,,,,,,,,,,,,2024-04-06T00:00:00.000Z,Listing removed,,,,,,,,,,,,,,,,,2024-04-03T00:00:00.000Z,Price change,2024-03-28T00:00:00.000Z,Listed for rent,2021-03-24T00:00:00.000Z,Listing removed,2017-10-24T00:00:00.000Z,Listing removed,2017-09-24T00:00:00.000Z,Listed for rent,2013-01-07T00:00:00.000Z,Sold,2006-03-20T00:00:00.000Z,Sold,1300,1500,https://www.zillow.com/homedetails/31-Vantage-Dr-Maumelle-AR-72113/326142_zpid/
3,13,/homedetails/717-Burton-St-Benton-AR-72015/385729_zpid/,FOR_RENT,22000,"717 Burton St, Benton, AR 72015",717 Burton St,1650,2026-08-03T00:00:00.000Z,Price change,2026-07-21T00:00:00.000Z,Listed for rent,2023-08-23T00:00:00.000Z,Listed for sale,,,,,,,,,,,,,,,,,,,2026-07-21T00:00:00.000Z,Listing removed,,,,,,,,,,,,,,,,,2026-07-07T00:00:00.000Z,Price change,2026-06-01T00:00:00.000Z,Price change,2026-05-07T00:00:00.000Z,Listed for sale,2026-05-07T00:00:00.000Z,Listing removed,2026-05-05T00:00:00.000Z,Listed for sale,2023-08-31T00:00:00.000Z,Sold,2023-08-28T00:00:00.000Z,Contingent,1544,1650,https://www.zillow.com/homedetails/717-Burton-St-Benton-AR-72015/385729_zpid/
3,12,/homedetails/11201-Donnie-Dr-Shannon-Hills-AR-72103/393627_zpid/,FOR_RENT,134900,"11201 Donnie Dr, Shannon Hills, AR 72103",11201 Donnie Dr,1395,2026-07-23T00:00:00.000Z,Listed for rent,2020-04-07T00:00:00.000Z,Sold,2019-11-13T00:00:00.000Z,Price change,2019-11-08T00:00:00.000Z,Price change,2019-11-04T00:00:00.000Z,Price change,2019-11-02T00:00:00.000Z,Listed for sale,2019-10-31T00:00:00.000Z,Sold,2019-10-28T00:00:00.000Z,Price change,2019-10-26T00:00:00.000Z,Price change,2019-10-23T00:00:00.000Z,Price change,2019-10-22T00:00:00.000Z,Price change,2019-10-20T00:00:00.000Z,Price change,2020-04-05T00:00:00.000Z,Listing removed,2019-10-14T00:00:00.000Z,Price change,2019-10-11T00:00:00.000Z,Price change,2019-10-09T00:00:00.000Z,Price change,2019-10-06T00:00:00.000Z,Price change,2019-10-03T00:00:00.000Z,Price change,2019-10-01T00:00:00.000Z,Listed for sale,2019-06-27T00:00:00.000Z,Listing removed,,,2020-03-23T00:00:00.000Z,Price change,2020-03-02T00:00:00.000Z,Price change,2019-12-27T00:00:00.000Z,Listed for rent,2019-11-20T00:00:00.000Z,Listing removed,2019-11-19T00:00:00.000Z,Price change,2019-11-18T00:00:00.000Z,Price change,2019-11-16T00:00:00.000Z,Price change,1353,1395,https://www.zillow.com/homedetails/11201-Donnie-Dr-Shannon-Hills-AR-72103/393627_zpid/
3,20,/homedetails/80-Garden-Oaks-Dr-Maumelle-AR-72113/326252_zpid/,FOR_RENT,139900,"80 Garden Oaks Dr, Maumelle, AR 72113",80 Garden Oaks Dr,1650,2026-07-14T00:00:00.000Z,Listed for rent,2025-02-18T00:00:00.000Z,Listing removed,2014-07-14T00:00:00.000Z,Sold,2014-06-05T00:00:00.000Z,Price change,2014-04-25T00:00:00.000Z,Listed for sale,2014-01-29T00:00:00.000Z,Sold,2013-07-19T00:00:00.000Z,Sold,1997-10-13T00:00:00.000Z,Sold,,,,,,,,,2025-01-20T00:00:00.000Z,Listed for rent,,,,,,,,,,,,,,,,,2024-02-15T00:00:00.000Z,Listing removed,2024-01-18T00:00:00.000Z,Listed for rent,2021-02-23T00:00:00.000Z,Listing removed,2020-06-27T00:00:00.000Z,Listing removed,2020-06-21T00:00:00.000Z,Listed for rent,2014-10-28T00:00:00.000Z,Listing removed,2014-10-17T00:00:00.000Z,Sold,1300,1650,https://www.zillow.com/homedetails/80-Garden-Oaks-Dr-Maumelle-AR-72113/326252_zpid/
3,73,/homedetails/2034-Shelby-Rd-Kings-Mountain-NC-28086/93001483_zpid/,FOR_RENT,,"2034 Shelby Rd, Kings Mountain, NC 28086",2034 Shelby Rd,1250,2026-05-23T00:00:00.000Z,Listed for rent,2025-11-06T00:00:00.000Z,Listing removed,,,,,,,,,,,,,,,,,,,,,2025-10-06T00:00:00.000Z,Listed for rent,,,,,,,,,,,,,,,,,2025-06-28T00:00:00.000Z,Listing removed,2025-06-25T00:00:00.000Z,Listed for rent,,,,,,,,,,,910,1250,https://www.zillow.com/homedetails/2034-Shelby-Rd-Kings-Mountain-NC-28086/93001483_zpid/
4,21,/homedetails/4825-Coronell-Way-Bryant-AR-72022/453104565_zpid/,FOR_RENT,,"4825 Coronell Way, Bryant, AR 72022",4825 Coronell Way,3050,2026-07-13T00:00:00.000Z,Listed for rent,,,,,,,,,,,,,,,,,,,,,,,,,,,,,,,,,,,,,,,,,,,,,,,,,,,,,,,2060,3050,https://www.zillow.com/homedetails/4825-Coronell-Way-Bryant-AR-72022/453104565_zpid/
3,1,/homedetails/310-Scotland-Dr-Kings-Mountain-NC-28086/78287650_zpid/,FOR_RENT,80700,"310 Scotland Dr, Kings Mountain, NC 28086",310 Scotland Dr,1650,2026-08-03T00:00:00.000Z,Listed for rent,2017-07-04T00:00:00.000Z,Listing removed,,,,,,,,,,,,,,,,,,,,,2017-06-24T00:00:00.000Z,Listed for rent,,,,,,,,,,,,,,,,,2013-11-10T00:00:00.000Z,Listing removed,2013-10-30T00:00:00.000Z,Listed for rent,2013-07-29T00:00:00.000Z,Sold,2013-05-06T00:00:00.000Z,Sold,,,,,,,1487,1650,https://www.zillow.com/homedetails/310-Scotland-Dr-Kings-Mountain-NC-28086/78287650_zpid/
3,2,/homedetails/267-Creek-View-Dr-Austin-AR-72007/99430851_zpid/,FOR_RENT,170000,"267 Creek View Dr, Austin, AR 72007",267 Creek View Dr,1450,2026-08-01T00:00:00.000Z,Listed for rent,2022-08-21T00:00:00.000Z,Sold,,,,,,,,,,,,,,,,,,,,,2020-02-18T00:00:00.000Z,Sold,,,,,,,,,,,,,,,,,2015-02-19T00:00:00.000Z,Listing removed,2014-07-25T00:00:00.000Z,Listed for sale,,,,,,,,,,,1443,1450,https://www.zillow.com/homedetails/267-Creek-View-Dr-Austin-AR-72007/99430851_zpid/
3,39,/homedetails/2548-Garden-Dr-Benton-AR-72015/350936742_zpid/,FOR_RENT,,"2548 Garden Dr, Benton, AR 72015",2548 Garden Dr,1825,2026-07-17T00:00:00.000Z,Price change,2026-06-25T00:00:00.000Z,Listed for rent,,,,,,,,,,,,,,,,,,,,,2026-06-15T00:00:00.000Z,Listing removed,,,,,,,,,,,,,,,,,2026-05-29T00:00:00.000Z,Listed for rent,2026-05-22T00:00:00.000Z,Listing removed,2026-05-01T00:00:00.000Z,Listed for rent,2025-05-06T00:00:00.000Z,Listing removed,2025-04-16T00:00:00.000Z,Listed for rent,,,,,1400,1825,https://www.zillow.com/homedetails/2548-Garden-Dr-Benton-AR-72015/350936742_zpid/
3,7,/homedetails/13723-Southfork-Dr-Alexander-AR-72002/393770_zpid/,FOR_RENT,135000,"13723 Southfork Dr, Alexander, AR 72002",13723 Southfork Dr,1450,2026-07-27T00:00:00.000Z,Listed for rent,2026-07-10T00:00:00.000Z,Sold,2019-05-17T00:00:00.000Z,Price change,2019-05-16T00:00:00.000Z,Price change,2019-05-15T00:00:00.000Z,Price change,2019-05-12T00:00:00.000Z,Price change,2019-05-10T00:00:00.000Z,Price change,2019-05-09T00:00:00.000Z,Price change,2019-05-07T00:00:00.000Z,Price change,2019-05-05T00:00:00.000Z,Price change,2019-05-02T00:00:00.000Z,Price change,2019-02-11T00:00:00.000Z,Price change,2021-06-23T00:00:00.000Z,Listing removed,2019-01-15T00:00:00.000Z,Listed for sale,,,,,,,,,,,,,,,2021-06-18T00:00:00.000Z,Listed for rent,2019-06-13T00:00:00.000Z,Sold,2019-05-31T00:00:00.000Z,Price change,2019-05-30T00:00:00.000Z,Price change,2019-05-25T00:00:00.000Z,Price change,2019-05-23T00:00:00.000Z,Price change,2019-05-20T00:00:00.000Z,Price change,1311,1450,https://www.zillow.com/homedetails/13723-Southfork-Dr-Alexander-AR-72002/393770_zpid/
5,7,/homedetails/3707-Sterling-Oaks-Dr-Benton-AR-72019/82260701_zpid/,FOR_RENT,380000,"3707 Sterling Oaks Dr, Benton, AR 72019",3707 Sterling Oaks Dr,2895,2026-07-27T00:00:00.000Z,Listed for rent,2025-05-10T00:00:00.000Z,Listing removed,2017-01-19T00:00:00.000Z,Listing removed,2017-01-09T00:00:00.000Z,Price change,2016-09-08T00:00:00.000Z,Listed for sale,,,,,,,,,,,,,,,2025-03-25T00:00:00.000Z,Listed for rent,,,,,,,,,,,,,,,,,2024-04-16T00:00:00.000Z,Listing removed,2024-04-06T00:00:00.000Z,Listed for rent,2022-04-11T00:00:00.000Z,Sold,2022-03-04T00:00:00.000Z,Listed for sale,2017-07-18T00:00:00.000Z,Sold,2017-06-02T00:00:00.000Z,Price change,2017-05-10T00:00:00.000Z,Listed for sale,2617,2895,https://www.zillow.com/homedetails/3707-Sterling-Oaks-Dr-Benton-AR-72019/82260701_zpid/
4,10,/homedetails/127-Chambery-Dr-Maumelle-AR-72113/122006196_zpid/,FOR_RENT,,"127 Chambery Dr, Maumelle, AR 72113",127 Chambery Dr,2400,2026-07-24T00:00:00.000Z,Listed for rent,2019-06-07T00:00:00.000Z,Listing removed,,,,,,,,,,,,,,,,,,,,,2019-03-21T00:00:00.000Z,Price change,,,,,,,,,,,,,,,,,2019-02-14T00:00:00.000Z,Listed for rent,2017-11-15T00:00:00.000Z,Listing removed,2017-08-30T00:00:00.000Z,Price change,2017-08-08T00:00:00.000Z,Price change,2017-04-27T00:00:00.000Z,Listed for rent,,,,,1651,2400,https://www.zillow.com/homedetails/127-Chambery-Dr-Maumelle-AR-72113/122006196_zpid/
3,17,/homedetails/1908-E-Lakeview-Benton-AR-72015/382134_zpid/,FOR_RENT,,"1908 E Lakeview, Benton, AR 72015",1908 E Lakeview,2000,2026-07-17T00:00:00.000Z,Listed for rent,,,,,,,,,,,,,,,,,,,,,,,,,,,,,,,,,,,,,,,,,,,,,,,,,,,,,,,1711,2000,https://www.zillow.com/homedetails/1908-E-Lakeview-Benton-AR-72015/382134_zpid/
4,200,/homedetails/1514-Drennon-St-Benton-AR-72019/388148_zpid/,FOR_RENT,155000,"1514 Drennon St, Benton, AR 72019",1514 Drennon St,1597,2026-07-29T00:00:00.000Z,Price change,2026-07-21T00:00:00.000Z,Price change,2024-12-17T00:00:00.000Z,Price change,2024-12-14T00:00:00.000Z,Price change,2024-12-10T00:00:00.000Z,Listed for rent,2022-10-22T00:00:00.000Z,Listing removed,2022-10-11T00:00:00.000Z,Price change,2022-09-29T00:00:00.000Z,Price change,2022-09-27T00:00:00.000Z,Listed for rent,2022-09-10T00:00:00.000Z,Price change,2022-08-24T00:00:00.000Z,Listed for sale,2021-10-26T00:00:00.000Z,Sold,2026-07-14T00:00:00.000Z,Price change,2021-10-07T00:00:00.000Z,Contingent,2021-10-02T00:00:00.000Z,Listed for sale,,,,,,,,,,,,,2026-07-09T00:00:00.000Z,Price change,2026-06-29T00:00:00.000Z,Price change,2026-01-29T00:00:00.000Z,Price change,2026-01-15T00:00:00.000Z,Listed for rent,2024-12-25T00:00:00.000Z,Listing removed,2024-12-23T00:00:00.000Z,Price change,2024-12-19T00:00:00.000Z,Price change,2456,1597,https://www.zillow.com/homedetails/1514-Drennon-St-Benton-AR-72019/388148_zpid/
3,25,/homedetails/1219-N-Parker-Haskell-St-Benton-AR-72015/392830_zpid/,FOR_RENT,35564,"1219 N Parker Haskell St, Benton, AR 72015",1219 N Parker Haskell St,1600,2026-07-09T00:00:00.000Z,Listed for rent,2025-12-12T00:00:00.000Z,Listing removed,2023-09-17T00:00:00.000Z,Listing removed,2023-09-03T00:00:00.000Z,Listed for rent,2023-08-29T00:00:00.000Z,Listing removed,2023-06-16T00:00:00.000Z,Listed for sale,2023-04-17T00:00:00.000Z,Listing removed,2023-03-05T00:00:00.000Z,Price change,2023-02-01T00:00:00.000Z,Listed for sale,2022-05-23T00:00:00.000Z,Listing removed,2022-04-30T00:00:00.000Z,Listed for sale,2022-04-28T00:00:00.000Z,Contingent,2025-11-20T00:00:00.000Z,Listed for rent,2022-04-27T00:00:00.000Z,Price change,2022-03-26T00:00:00.000Z,Listed for sale,2016-02-18T00:00:00.000Z,Sold,2016-01-11T00:00:00.000Z,Price change,2015-12-18T00:00:00.000Z,Listed for sale,2015-09-02T00:00:00.000Z,Sold,2009-08-13T00:00:00.000Z,Sold,2008-05-06T00:00:00.000Z,Sold,2025-05-09T00:00:00.000Z,Listing removed,2025-05-04T00:00:00.000Z,Listing removed,2025-04-22T00:00:00.000Z,Price change,2025-04-13T00:00:00.000Z,Listed for rent,2025-03-03T00:00:00.000Z,Price change,2025-02-10T00:00:00.000Z,Price change,2025-02-02T00:00:00.000Z,Listed for sale,1680,1600,https://www.zillow.com/homedetails/1219-N-Parker-Haskell-St-Benton-AR-72015/392830_zpid/
4,10,/homedetails/136-Chambery-Dr-Maumelle-AR-72113/122005734_zpid/,FOR_RENT,,"136 Chambery Dr, Maumelle, AR 72113",136 Chambery Dr,2400,2026-07-24T00:00:00.000Z,Listed for rent,2018-04-13T00:00:00.000Z,Listing removed,,,,,,,,,,,,,,,,,,,,,2018-03-27T00:00:00.000Z,Listed for rent,,,,,,,,,,,,,,,,,2018-01-22T00:00:00.000Z,Listing removed,2017-12-29T00:00:00.000Z,Listed for rent,2017-03-30T00:00:00.000Z,Listing removed,2017-01-27T00:00:00.000Z,Listed for sale,,,,,,,1651,2400,https://www.zillow.com/homedetails/136-Chambery-Dr-Maumelle-AR-72113/122005734_zpid/
3,59,/homedetails/203-Benfield-Rd-Kings-Mountain-NC-28086/446679273_zpid/,FOR_RENT,265000,"203 Benfield Rd, Kings Mountain, NC 28086",203 Benfield Rd,1850,2026-07-09T00:00:00.000Z,Price change,2026-06-06T00:00:00.000Z,Listed for rent,,,,,,,,,,,,,,,,,,,,,2025-04-02T00:00:00.000Z,Sold,,,,,,,,,,,,,,,,,2025-02-26T00:00:00.000Z,Price change,2025-01-29T00:00:00.000Z,Listed for sale,,,,,,,,,,,1530,1850,https://www.zillow.com/homedetails/203-Benfield-Rd-Kings-Mountain-NC-28086/446679273_zpid/
3,6,/homedetails/215-Nantucket-Loop-Maumelle-AR-72113/122005891_zpid/,FOR_RENT,227000,"215 Nantucket Loop, Maumelle, AR 72113",215 Nantucket Loop,1825,2026-07-28T00:00:00.000Z,Listed for rent,2022-08-31T00:00:00.000Z,Listing removed,2014-06-17T00:00:00.000Z,Sold,,,,,,,,,,,,,,,,,,,2022-08-20T00:00:00.000Z,Listed for rent,,,,,,,,,,,,,,,,,2022-04-13T00:00:00.000Z,Listing removed,2022-04-05T00:00:00.000Z,Listed for rent,2021-02-28T00:00:00.000Z,Listing removed,2020-07-30T00:00:00.000Z,Listing removed,2020-07-20T00:00:00.000Z,Listed for rent,2019-04-05T00:00:00.000Z,Sold,2019-01-23T00:00:00.000Z,Listed for sale,1734,1825,https://www.zillow.com/homedetails/215-Nantucket-Loop-Maumelle-AR-72113/122005891_zpid/
4,27,/homedetails/605-Valley-Vista-Dr-Benton-AR-72019/387089_zpid/,FOR_RENT,,"605 Valley Vista Dr, Benton, AR 72019",605 Valley Vista Dr,1875,2026-07-07T00:00:00.000Z,Listed for rent,,,,,,,,,,,,,,,,,,,,,,,,,,,,,,,,,,,,,,,,,,,,,,,,,,,,,,,1942,1875,https://www.zillow.com/homedetails/605-Valley-Vista-Dr-Benton-AR-72019/387089_zpid/
4,4,/homedetails/15-Iris-Cv-Maumelle-AR-72113/327989_zpid/,FOR_RENT,380000,"15 Iris Cv, Maumelle, AR 72113",15 Iris Cv,3000,2026-07-30T00:00:00.000Z,Listed for rent,2026-07-24T00:00:00.000Z,Sold,2001-04-05T00:00:00.000Z,Sold,,,,,,,,,,,,,,,,,,,2026-05-22T00:00:00.000Z,Listed for sale,,,,,,,,,,,,,,,,,2019-02-06T00:00:00.000Z,Sold,2019-01-22T00:00:00.000Z,Pending sale,2018-12-01T00:00:00.000Z,Price change,2018-10-03T00:00:00.000Z,Price change,2018-06-15T00:00:00.000Z,Listed for sale,2015-06-26T00:00:00.000Z,Sold,2002-05-24T00:00:00.000Z,Sold,2320,3000,https://www.zillow.com/homedetails/15-Iris-Cv-Maumelle-AR-72113/327989_zpid/
3,6,/homedetails/2408-Pleasant-Forest-Dr-Benton-AR-72015/88905364_zpid/,FOR_RENT,,"2408 Pleasant Forest Dr, Benton, AR 72015",2408 Pleasant Forest Dr,1525,2026-07-28T00:00:00.000Z,Listed for rent,2020-06-24T00:00:00.000Z,Listing removed,,,,,,,,,,,,,,,,,,,,,2020-06-04T00:00:00.000Z,Price change,,,,,,,,,,,,,,,,,2020-04-30T00:00:00.000Z,Listed for rent,2010-02-13T00:00:00.000Z,Listing removed,2010-01-09T00:00:00.000Z,Listed for sale,,,,,,,,,1533,1525,https://www.zillow.com/homedetails/2408-Pleasant-Forest-Dr-Benton-AR-72015/88905364_zpid/
3,0,/homedetails/15106-Southview-Dr-Alexander-AR-72002/113197084_zpid/,FOR_RENT,90000,"15106 Southview Dr, Alexander, AR 72002",15106 Southview Dr,1495,2026-08-03T00:00:00.000Z,Listed for rent,2018-01-29T00:00:00.000Z,Listing removed,2017-01-01T00:00:00.000Z,Price change,2016-12-15T00:00:00.000Z,Listed for sale,,,,,,,,,,,,,,,,,2018-01-12T00:00:00.000Z,Sold,,,,,,,,,,,,,,,,,2018-01-05T00:00:00.000Z,Listed for rent,2017-12-28T00:00:00.000Z,Pending sale,2017-11-30T00:00:00.000Z,Price change,2017-09-12T00:00:00.000Z,Pending sale,2017-09-10T00:00:00.000Z,Price change,2017-03-13T00:00:00.000Z,Listed for sale,2017-01-05T00:00:00.000Z,Listing removed,1250,1495,https://www.zillow.com/homedetails/15106-Southview-Dr-Alexander-AR-72002/113197084_zpid/
3,11,/homedetails/101-Cedar-Creek-Loop-Cabot-AR-72023/88905306_zpid/,FOR_RENT,,"101 Cedar Creek Loop, Cabot, AR 72023",101 Cedar Creek Loop,1395,2026-07-30T00:00:00.000Z,Price change,2026-07-23T00:00:00.000Z,Listed for rent,,,,,,,,,,,,,,,,,,,,,,,,,,,,,,,,,,,,,,,,,,,,,,,,,,,,,1422,1395,https://www.zillow.com/homedetails/101-Cedar-Creek-Loop-Cabot-AR-72023/88905306_zpid/
3,11,/homedetails/3404-Vicki-Dr-Bryant-AR-72022/2062654565_zpid/,FOR_RENT,,"3404 Vicki Dr, Bryant, AR 72022",3404 Vicki Dr,1600,2026-07-23T00:00:00.000Z,Listed for rent,2023-11-18T00:00:00.000Z,Listing removed,,,,,,,,,,,,,,,,,,,,,2023-10-26T00:00:00.000Z,Listed for rent,,,,,,,,,,,,,,,,,2022-07-31T00:00:00.000Z,Listing removed,2022-07-11T00:00:00.000Z,Listed for rent,2022-06-29T00:00:00.000Z,Listing removed,2022-06-23T00:00:00.000Z,Listed for rent,,,,,,,1478,1600,https://www.zillow.com/homedetails/3404-Vicki-Dr-Bryant-AR-72022/2062654565_zpid/
3,17,/homedetails/15-Applewood-Cv-Cabot-AR-72023/35732370_zpid/,FOR_RENT,226000,"15 Applewood Cv, Cabot, AR 72023",15 Applewood Cv,1600,2026-07-17T00:00:00.000Z,Listed for rent,2024-05-04T00:00:00.000Z,Listing removed,2013-11-23T00:00:00.000Z,Price change,2013-10-17T00:00:00.000Z,Price change,2013-09-20T00:00:00.000Z,Listed for sale,2012-03-08T00:00:00.000Z,Listing removed,2011-09-23T00:00:00.000Z,Listed for sale,2011-05-07T00:00:00.000Z,Listing removed,2011-01-23T00:00:00.000Z,Listed for sale,,,,,,,2024-04-27T00:00:00.000Z,Listed for rent,,,,,,,,,,,,,,,,,2024-04-19T00:00:00.000Z,Sold,2024-03-14T00:00:00.000Z,Listed for sale,2022-10-31T00:00:00.000Z,Sold,2022-08-02T00:00:00.000Z,Listed for sale,2019-10-28T00:00:00.000Z,Sold,2019-09-18T00:00:00.000Z,Listed for sale,2014-01-02T00:00:00.000Z,Sold,1588,1600,https://www.zillow.com/homedetails/15-Applewood-Cv-Cabot-AR-72023/35732370_zpid/
3,17,/homedetails/54-Magnolia-Dr-Cabot-AR-72023/60314948_zpid/,FOR_RENT,117000,"54 Magnolia Dr, Cabot, AR 72023",54 Magnolia Dr,1400,2026-07-17T00:00:00.000Z,Listed for rent,2025-09-24T00:00:00.000Z,Listing removed,2013-05-01T00:00:00.000Z,Listing removed,2013-04-21T00:00:00.000Z,Listed for rent,2013-04-19T00:00:00.000Z,Sold,2012-12-01T00:00:00.000Z,Price change,2012-10-15T00:00:00.000Z,Listed for sale,2011-04-01T00:00:00.000Z,Sold,2011-01-17T00:00:00.000Z,Price change,2011-01-15T00:00:00.000Z,Listed for sale,,,,,2025-09-04T00:00:00.000Z,Listed for rent,,,,,,,,,,,,,,,,,2024-08-02T00:00:00.000Z,Listing removed,2024-07-20T00:00:00.000Z,Price change,2024-06-25T00:00:00.000Z,Listed for rent,2023-06-25T00:00:00.000Z,Listing removed,2023-06-02T00:00:00.000Z,Listed for rent,2021-12-27T00:00:00.000Z,Listing removed,2021-12-19T00:00:00.000Z,Listed for rent,1394,1400,https://www.zillow.com/homedetails/54-Magnolia-Dr-Cabot-AR-72023/60314948_zpid/
3,20,/homedetails/314-Ray-St-Cabot-AR-72023/257086_zpid/,FOR_RENT,700000,"314 Ray St, Cabot, AR 72023",314 Ray St,1375,2026-07-14T00:00:00.000Z,Listed for rent,2022-08-09T00:00:00.000Z,Listing removed,2017-07-20T00:00:00.000Z,Listed for rent,2015-03-28T00:00:00.000Z,Listing removed,2015-02-26T00:00:00.000Z,Listed for rent,2014-01-15T00:00:00.000Z,Sold,2003-03-18T00:00:00.000Z,Sold,,,,,,,,,,,2022-08-05T00:00:00.000Z,Listed for rent,,,,,,,,,,,,,,,,,2021-03-24T00:00:00.000Z,Listing removed,2020-05-19T00:00:00.000Z,Listing removed,2020-04-10T00:00:00.000Z,Listed for rent,2018-10-23T00:00:00.000Z,Listing removed,2018-09-25T00:00:00.000Z,Listed for rent,2017-09-28T00:00:00.000Z,Listing removed,2017-08-19T00:00:00.000Z,Price change,1449,1375,https://www.zillow.com/homedetails/314-Ray-St-Cabot-AR-72023/257086_zpid/
3,11,/homedetails/511-N-4th-St-Benton-AR-72015/382181_zpid/,FOR_RENT,9000,"511 N 4th St, Benton, AR 72015",511 N 4th St,1450,2026-07-23T00:00:00.000Z,Listed for rent,2026-05-07T00:00:00.000Z,Listing removed,,,,,,,,,,,,,,,,,,,,,2026-04-29T00:00:00.000Z,Listed for rent,,,,,,,,,,,,,,,,,2006-01-17T00:00:00.000Z,Sold,,,,,,,,,,,,,1056,1450,https://www.zillow.com/homedetails/511-N-4th-St-Benton-AR-72015/382181_zpid/
3,15,/homedetails/81-Oak-Forest-Loop-Maumelle-AR-72113/326542_zpid/,FOR_RENT,145000,"81 Oak Forest Loop, Maumelle, AR 72113",81 Oak Forest Loop,1700,2026-07-20T00:00:00.000Z,Listed for rent,2021-01-15T00:00:00.000Z,Sold,,,,,,,,,,,,,,,,,,,,,2012-10-11T00:00:00.000Z,Sold,,,,,,,,,,,,,,,,,1997-04-16T00:00:00.000Z,Sold,,,,,,,,,,,,,1300,1700,https://www.zillow.com/homedetails/81-Oak-Forest-Loop-Maumelle-AR-72113/326542_zpid/
3,10,/homedetails/124-Brickyard-Ct-Cabot-AR-72023/122006670_zpid/,FOR_RENT,149000,"124 Brickyard Ct, Cabot, AR 72023",124 Brickyard Ct,1425,2026-07-24T00:00:00.000Z,Listed for rent,2022-10-13T00:00:00.000Z,Listing removed,,,,,,,,,,,,,,,,,,,,,2022-10-10T00:00:00.000Z,Listed for rent,,,,,,,,,,,,,,,,,2020-07-14T00:00:00.000Z,Listing removed,2020-07-11T00:00:00.000Z,Listed for rent,2019-07-31T00:00:00.000Z,Sold,2019-06-26T00:00:00.000Z,Pending sale,2019-04-14T00:00:00.000Z,Price change,2019-03-19T00:00:00.000Z,Listed for sale,2015-06-26T00:00:00.000Z,Sold,1458,1425,https://www.zillow.com/homedetails/124-Brickyard-Ct-Cabot-AR-72023/122006670_zpid/
3,6,/homedetails/5-Hickory-Ln-Maumelle-AR-72113/326945_zpid/,FOR_RENT,149500,"5 Hickory Ln, Maumelle, AR 72113",5 Hickory Ln,1625,2026-07-28T00:00:00.000Z,Listed for rent,2025-07-23T00:00:00.000Z,Listing removed,2022-10-04T00:00:00.000Z,Listed for rent,2021-05-20T00:00:00.000Z,Sold,2014-07-25T00:00:00.000Z,Sold,2005-02-22T00:00:00.000Z,Sold,,,,,,,,,,,,,2025-07-09T00:00:00.000Z,Listed for rent,,,,,,,,,,,,,,,,,2024-05-28T00:00:00.000Z,Listing removed,2024-05-23T00:00:00.000Z,Listed for rent,2024-05-23T00:00:00.000Z,Listing removed,2024-05-10T00:00:00.000Z,Listed for rent,2022-11-09T00:00:00.000Z,Listing removed,2022-10-20T00:00:00.000Z,Price change,2022-10-13T00:00:00.000Z,Price change,1411,1625,https://www.zillow.com/homedetails/5-Hickory-Ln-Maumelle-AR-72113/326945_zpid/
3,11,/homedetails/3562-Terrace-Hill-Ct-Benton-AR-72019/247594484_zpid/,FOR_RENT,122580,"3562 Terrace Hill Ct, Benton, AR 72019",3562 Terrace Hill Ct,1500,2026-07-23T00:00:00.000Z,Listed for rent,2023-06-22T00:00:00.000Z,Listing removed,,,,,,,,,,,,,,,,,,,,,2023-06-11T00:00:00.000Z,Listed for rent,,,,,,,,,,,,,,,,,2022-05-05T00:00:00.000Z,Listing removed,2022-04-19T00:00:00.000Z,Listed for rent,2022-03-04T00:00:00.000Z,Sold,,,,,,,,,,1500,https://www.zillow.com/homedetails/3562-Terrace-Hill-Ct-Benton-AR-72019/247594484_zpid/
4,14,/homedetails/414-Prickett-Rd-Bryant-AR-72022/389819_zpid/,FOR_RENT,38000,"414 Prickett Rd, Bryant, AR 72022",414 Prickett Rd,2500,2026-07-20T00:00:00.000Z,Listed for rent,2025-05-16T00:00:00.000Z,Sold,,,,,,,,,,,,,,,,,,,,,,,,,,,,,,,,,,,,,,,,,,,,,,,,,,,,,1772,2500,https://www.zillow.com/homedetails/414-Prickett-Rd-Bryant-AR-72022/389819_zpid/
3,17,/homedetails/623-Dyer-Cir-Benton-AR-72015/386376_zpid/,FOR_RENT,87000,"623 Dyer Cir, Benton, AR 72015",623 Dyer Cir,1995,2026-07-27T00:00:00.000Z,Price change,2026-07-17T00:00:00.000Z,Listed for rent,,,,,,,,,,,,,,,,,,,,,2004-07-02T00:00:00.000Z,Sold,,,,,,,,,,,,,,,,,,,,,,,,,,,,,,,2053,1995,https://www.zillow.com/homedetails/623-Dyer-Cir-Benton-AR-72015/386376_zpid/
3,10,/homedetails/2810-Longbow-Ln-Conway-AR-72034/241142_zpid/,FOR_RENT,0,"2810 Longbow Ln, Conway, AR 72034",2810 Longbow Ln,1275,2026-07-24T00:00:00.000Z,Listed for rent,2021-08-16T00:00:00.000Z,Listing removed,1994-04-05T00:00:00.000Z,Sold,,,,,,,,,,,,,,,,,,,2021-08-04T00:00:00.000Z,Listed for rent,,,,,,,,,,,,,,,,,2021-02-23T00:00:00.000Z,Listing removed,2020-02-12T00:00:00.000Z,Listing removed,2019-12-13T00:00:00.000Z,Price change,2019-10-01T00:00:00.000Z,Price change,2019-09-14T00:00:00.000Z,Listed for rent,2014-10-16T00:00:00.000Z,Sold,2006-07-05T00:00:00.000Z,Sold,1194,1275,https://www.zillow.com/homedetails/2810-Longbow-Ln-Conway-AR-72034/241142_zpid/
3,63,/homedetails/2225-Redwood-Benton-AR-72015/52934068_zpid/,FOR_RENT,132000,"2225 Redwood, Benton, AR 72015",2225 Redwood,1950,2026-07-13T00:00:00.000Z,Price change,2026-06-01T00:00:00.000Z,Listed for rent,2022-03-04T00:00:00.000Z,Listing removed,2022-02-12T00:00:00.000Z,Listed for rent,2020-08-15T00:00:00.000Z,Listing removed,2020-08-04T00:00:00.000Z,Listed for rent,2019-06-13T00:00:00.000Z,Listing removed,2019-06-04T00:00:00.000Z,Listed for rent,2018-10-16T00:00:00.000Z,Listing removed,2018-08-10T00:00:00.000Z,Price change,2018-08-07T00:00:00.000Z,Listed for rent,2015-07-18T00:00:00.000Z,Listing removed,2025-05-31T00:00:00.000Z,Listing removed,2015-06-11T00:00:00.000Z,Listed for rent,2014-04-25T00:00:00.000Z,Listing removed,2014-02-22T00:00:00.000Z,Price change,2014-01-21T00:00:00.000Z,Price change,2013-10-18T00:00:00.000Z,Sold,2013-10-14T00:00:00.000Z,Listed for rent,2011-11-01T00:00:00.000Z,Sold,2009-01-13T00:00:00.000Z,Sold,2025-05-17T00:00:00.000Z,Listed for rent,2025-05-16T00:00:00.000Z,Listing removed,2025-04-17T00:00:00.000Z,Listed for rent,2025-04-16T00:00:00.000Z,Listing removed,2024-10-29T00:00:00.000Z,Listed for rent,2023-07-19T00:00:00.000Z,Listing removed,2023-06-20T00:00:00.000Z,Listed for rent,1758,1950,https://www.zillow.com/homedetails/2225-Redwood-Benton-AR-72015/52934068_zpid/
3,21,/homedetails/918-Cedar-Haskell-St-Haskell-AR-72015/61187359_zpid/,FOR_RENT,,"918 Cedar Haskell St, Haskell, AR 72015",918 Cedar Haskell St,1150,2026-07-13T00:00:00.000Z,Listed for rent,,,,,,,,,,,,,,,,,,,,,,,,,,,,,,,,,,,,,,,,,,,,,,,,,,,,,,,1088,1150,https://www.zillow.com/homedetails/918-Cedar-Haskell-St-Haskell-AR-72015/61187359_zpid/
4,28,/homedetails/821-Desoto-Pl-Benton-AR-72015/382881_zpid/,FOR_RENT,50000,"821 Desoto Pl, Benton, AR 72015",821 Desoto Pl,1700,2026-07-14T00:00:00.000Z,Price change,2026-07-06T00:00:00.000Z,Listed for rent,2011-04-01T00:00:00.000Z,Sold,2011-02-24T00:00:00.000Z,Listed for sale,2010-02-21T00:00:00.000Z,Listing removed,2010-02-05T00:00:00.000Z,Listed for sale,2006-09-06T00:00:00.000Z,Sold,,,,,,,,,,,2017-11-28T00:00:00.000Z,Sold,,,,,,,,,,,,,,,,,2017-10-18T00:00:00.000Z,Listed for sale,2017-07-31T00:00:00.000Z,Listing removed,2017-07-15T00:00:00.000Z,Listed for sale,2017-03-10T00:00:00.000Z,Sold,2017-02-09T00:00:00.000Z,Listed for sale,2011-12-14T00:00:00.000Z,Listing removed,2011-09-15T00:00:00.000Z,Listed for sale,2288,1700,https://www.zillow.com/homedetails/821-Desoto-Pl-Benton-AR-72015/382881_zpid/
3,14,/homedetails/43-Bud-Grimes-Rd-Ward-AR-72176/35732506_zpid/,FOR_RENT,152500,"43 Bud Grimes Rd, Ward, AR 72176",43 Bud Grimes Rd,1295,2026-07-20T00:00:00.000Z,Listed for rent,2026-02-24T00:00:00.000Z,Listing removed,2016-11-15T00:00:00.000Z,Price change,2016-10-12T00:00:00.000Z,Price change,2016-09-08T00:00:00.000Z,Price change,2016-06-29T00:00:00.000Z,Listed for sale,,,,,,,,,,,,,2026-02-17T00:00:00.000Z,Price change,,,,,,,,,,,,,,,,,2026-02-03T00:00:00.000Z,Listed for rent,2022-09-15T00:00:00.000Z,Listing removed,2022-08-24T00:00:00.000Z,Listed for rent,2022-05-27T00:00:00.000Z,Sold,2022-05-12T00:00:00.000Z,Contingent,2022-05-11T00:00:00.000Z,Listed for sale,2017-03-07T00:00:00.000Z,Sold,1200,1295,https://www.zillow.com/homedetails/43-Bud-Grimes-Rd-Ward-AR-72176/35732506_zpid/
3,14,/homedetails/356-Navaho-Trl-Conway-AR-72032/242016_zpid/,FOR_RENT,140000,"356 Navaho Trl, Conway, AR 72032",356 Navaho Trl,1750,2026-07-20T00:00:00.000Z,Listed for rent,2025-08-06T00:00:00.000Z,Listing removed,2016-03-24T00:00:00.000Z,Listing removed,2015-09-29T00:00:00.000Z,Listed for rent,2015-07-13T00:00:00.000Z,Sold,2011-02-28T00:00:00.000Z,Sold,2010-08-04T00:00:00.000Z,Listing removed,2010-04-17T00:00:00.000Z,Price change,2010-01-24T00:00:00.000Z,Price change,2009-11-29T00:00:00.000Z,Price change,2009-10-31T00:00:00.000Z,Price change,2009-04-08T00:00:00.000Z,Listed for sale,2025-07-18T00:00:00.000Z,Listed for rent,,,,,,,,,,,,,,,,,2022-10-25T00:00:00.000Z,Listing removed,2022-10-17T00:00:00.000Z,Listed for rent,2021-03-24T00:00:00.000Z,Listing removed,2018-10-08T00:00:00.000Z,Listing removed,2018-07-10T00:00:00.000Z,Listed for rent,2017-07-04T00:00:00.000Z,Listing removed,2017-06-26T00:00:00.000Z,Listed for rent,1789,1750,https://www.zillow.com/homedetails/356-Navaho-Trl-Conway-AR-72032/242016_zpid/
3,27,/homedetails/2919-Gage-Dr-Benton-AR-72019/68021370_zpid/,FOR_RENT,144000,"2919 Gage Dr, Benton, AR 72019",2919 Gage Dr,1595,2026-07-07T00:00:00.000Z,Listed for rent,2026-05-05T00:00:00.000Z,Sold,,,,,,,,,,,,,,,,,,,,,2021-03-01T00:00:00.000Z,Sold,,,,,,,,,,,,,,,,,2013-08-07T00:00:00.000Z,Listing removed,2013-07-25T00:00:00.000Z,Price change,2013-07-15T00:00:00.000Z,Listed for sale,2009-07-28T00:00:00.000Z,Sold,,,,,,,1310,1595,https://www.zillow.com/homedetails/2919-Gage-Dr-Benton-AR-72019/68021370_zpid/
3,50,/homedetails/921-Banner-St-Benton-AR-72015/384140_zpid/,FOR_RENT,16500,"921 Banner St, Benton, AR 72015",921 Banner St,1600,2026-06-14T00:00:00.000Z,Listed for rent,2025-12-10T00:00:00.000Z,Listing removed,2005-10-06T00:00:00.000Z,Sold,,,,,,,,,,,,,,,,,,,2025-11-09T00:00:00.000Z,Price change,,,,,,,,,,,,,,,,,2025-09-26T00:00:00.000Z,Listed for rent,2025-06-24T00:00:00.000Z,Listing removed,2025-06-10T00:00:00.000Z,Listed for rent,2025-06-09T00:00:00.000Z,Listing removed,2025-03-26T00:00:00.000Z,Listed for sale,2024-01-31T00:00:00.000Z,Sold,2023-03-30T00:00:00.000Z,Sold,1375,1600,https://www.zillow.com/homedetails/921-Banner-St-Benton-AR-72015/384140_zpid/
5,18,/homedetails/231-Brinkley-Dr-Kings-Mountain-NC-28086/349365612_zpid/,FOR_RENT,332000,"231 Brinkley Dr, Kings Mountain, NC 28086",231 Brinkley Dr,2995,2026-07-16T00:00:00.000Z,Listed for rent,2026-07-10T00:00:00.000Z,Sold,2024-07-09T00:00:00.000Z,Price change,2024-05-07T00:00:00.000Z,Price change,2024-05-04T00:00:00.000Z,Listed for sale,,,,,,,,,,,,,,,2026-05-14T00:00:00.000Z,Listed for sale,,,,,,,,,,,,,,,,,2026-05-10T00:00:00.000Z,Listing removed,2026-03-03T00:00:00.000Z,Price change,2026-02-05T00:00:00.000Z,Price change,2025-11-06T00:00:00.000Z,Listed for sale,2024-10-25T00:00:00.000Z,Sold,2024-08-21T00:00:00.000Z,Price change,2024-08-14T00:00:00.000Z,Price change,2400,2995,https://www.zillow.com/homedetails/231-Brinkley-Dr-Kings-Mountain-NC-28086/349365612_zpid/
3,108,/homedetails/120-Suda-St-Cabot-AR-72023/213595966_zpid/,FOR_RENT,120000,"120 Suda St, Cabot, AR 72023",120 Suda St,1095,2026-06-17T00:00:00.000Z,Price change,2026-05-05T00:00:00.000Z,Price change,2023-10-21T00:00:00.000Z,Listed for rent,2021-03-24T00:00:00.000Z,Listing removed,2018-04-27T00:00:00.000Z,Listing removed,2018-04-17T00:00:00.000Z,Listed for rent,,,,,,,,,,,,,2026-04-18T00:00:00.000Z,Listed for rent,,,,,,,,,,,,,,,,,2024-08-02T00:00:00.000Z,Sold,2024-07-23T00:00:00.000Z,Listing removed,2024-07-04T00:00:00.000Z,Listed for rent,2024-06-25T00:00:00.000Z,Listed for sale,2024-05-20T00:00:00.000Z,Contingent,2024-05-03T00:00:00.000Z,Listed for sale,2023-10-26T00:00:00.000Z,Listing removed,1008,1095,https://www.zillow.com/homedetails/120-Suda-St-Cabot-AR-72023/213595966_zpid/
3,5,/homedetails/14-Gold-Meadows-Loop-Ward-AR-72176/99436612_zpid/,FOR_RENT,173500,"14 Gold Meadows Loop, Ward, AR 72176",14 Gold Meadows Loop,1450,2026-07-29T00:00:00.000Z,Listed for rent,2025-03-20T00:00:00.000Z,Listing removed,,,,,,,,,,,,,,,,,,,,,2025-03-15T00:00:00.000Z,Listed for rent,,,,,,,,,,,,,,,,,2023-11-07T00:00:00.000Z,Sold,2023-10-21T00:00:00.000Z,Price change,2023-10-11T00:00:00.000Z,Listed for sale,2013-07-19T00:00:00.000Z,Listing removed,2013-06-27T00:00:00.000Z,Price change,2013-05-31T00:00:00.000Z,Listed for sale,,,1538,1450,https://www.zillow.com/homedetails/14-Gold-Meadows-Loop-Ward-AR-72176/99436612_zpid/
3,60,/homedetails/20-Maddison-Rachael-Cabot-AR-72023/457082330_zpid/,FOR_RENT,,"20 Maddison Rachael, Cabot, AR 72023",20 Maddison Rachael,1295,2026-07-16T00:00:00.000Z,Price change,2026-06-05T00:00:00.000Z,Listed for rent,,,,,,,,,,,,,,,,,,,,,2025-11-20T00:00:00.000Z,Listing removed,,,,,,,,,,,,,,,,,2025-11-18T00:00:00.000Z,Listed for sale,,,,,,,,,,,,,1248,1295,https://www.zillow.com/homedetails/20-Maddison-Rachael-Cabot-AR-72023/457082330_zpid/
3,1,/homedetails/18-Marian-Cv-Cabot-AR-72023/256302_zpid/,FOR_RENT,146000,"18 Marian Cv, Cabot, AR 72023",18 Marian Cv,1400,2026-08-02T00:00:00.000Z,Listed for rent,2025-04-21T00:00:00.000Z,Listing removed,,,,,,,,,,,,,,,,,,,,,2025-04-02T00:00:00.000Z,Listed for rent,,,,,,,,,,,,,,,,,2020-09-10T00:00:00.000Z,Listing removed,2020-09-01T00:00:00.000Z,Listed for rent,2014-03-14T00:00:00.000Z,Sold,,,,,,,,,1400,1400,https://www.zillow.com/homedetails/18-Marian-Cv-Cabot-AR-72023/256302_zpid/
3,10,/homedetails/36-Parkview-Dr-Cabot-AR-72023/255635_zpid/,FOR_RENT,105000,"36 Parkview Dr, Cabot, AR 72023",36 Parkview Dr,1195,2026-07-24T00:00:00.000Z,Listed for rent,2024-01-09T00:00:00.000Z,Listing removed,2020-02-01T00:00:00.000Z,Listed for rent,2019-11-18T00:00:00.000Z,Sold,2019-10-04T00:00:00.000Z,Listed for sale,2018-11-01T00:00:00.000Z,Listing removed,2018-08-29T00:00:00.000Z,Listed for sale,2017-03-23T00:00:00.000Z,Sold,2016-12-12T00:00:00.000Z,Listed for sale,2016-10-13T00:00:00.000Z,Sold,2016-09-07T00:00:00.000Z,Listed for sale,2015-03-26T00:00:00.000Z,Sold,2023-12-28T00:00:00.000Z,Listed for rent,,,,,,,,,,,,,,,,,2022-10-11T00:00:00.000Z,Listing removed,2022-10-03T00:00:00.000Z,Listed for rent,2022-02-08T00:00:00.000Z,Listing removed,2022-01-25T00:00:00.000Z,Price change,2022-01-04T00:00:00.000Z,Listed for rent,2020-03-10T00:00:00.000Z,Listing removed,2020-02-11T00:00:00.000Z,Price change,1137,1195,https://www.zillow.com/homedetails/36-Parkview-Dr-Cabot-AR-72023/255635_zpid/
3,12,/homedetails/53-Bent-Tree-Dr-Cabot-AR-72023/256157_zpid/,FOR_RENT,10000,"53 Bent Tree Dr, Cabot, AR 72023",53 Bent Tree Dr,1595,2026-07-22T00:00:00.000Z,Listed for rent,2002-07-18T00:00:00.000Z,Sold,,,,,,,,,,,,,,,,,,,,,1993-11-12T00:00:00.000Z,Sold,,,,,,,,,,,,,,,,,,,,,,,,,,,,,,,1645,1595,https://www.zillow.com/homedetails/53-Bent-Tree-Dr-Cabot-AR-72023/256157_zpid/
3,5,/homedetails/14-Saunder-Dr-N-Austin-AR-72007/347067074_zpid/,FOR_RENT,198000,"14 Saunder Dr N, Austin, AR 72007",14 Saunder Dr N,1550,2026-07-29T00:00:00.000Z,Listed for rent,2023-03-16T00:00:00.000Z,Sold,,,,,,,,,,,,,,,,,,,,,2023-02-13T00:00:00.000Z,Contingent,,,,,,,,,,,,,,,,,2023-01-20T00:00:00.000Z,Listed for sale,,,,,,,,,,,,,1392,1550,https://www.zillow.com/homedetails/14-Saunder-Dr-N-Austin-AR-72007/347067074_zpid/
3,12,/homedetails/400-Apricot-St-Austin-AR-72007/82250818_zpid/,FOR_RENT,280000,"400 Apricot St, Austin, AR 72007",400 Apricot St,1475,2026-07-22T00:00:00.000Z,Price change,2026-06-24T00:00:00.000Z,Price change,2024-06-02T00:00:00.000Z,Listed for rent,2024-02-08T00:00:00.000Z,Sold,2023-06-11T00:00:00.000Z,Listing removed,2023-06-02T00:00:00.000Z,Price change,2022-11-16T00:00:00.000Z,Listed for rent,2022-10-07T00:00:00.000Z,Sold,2022-08-15T00:00:00.000Z,Listed for sale,2015-03-09T00:00:00.000Z,Sold,,,,,2026-05-16T00:00:00.000Z,Price change,,,,,,,,,,,,,,,,,2026-05-08T00:00:00.000Z,Listed for rent,2025-09-09T00:00:00.000Z,Listing removed,2025-08-26T00:00:00.000Z,Listed for rent,2025-08-21T00:00:00.000Z,Sold,2024-07-10T00:00:00.000Z,Listing removed,2024-06-24T00:00:00.000Z,Listed for rent,2024-06-10T00:00:00.000Z,Listing removed,1200,1475,https://www.zillow.com/homedetails/400-Apricot-St-Austin-AR-72007/82250818_zpid/
4,32,/homedetails/493-Aubrey-Woods-Dr-Kings-Mountain-NC-28086/338483091_zpid/,FOR_RENT,352900,"493 Aubrey Woods Dr, Kings Mountain, NC 28086",493 Aubrey Woods Dr,2495,2026-07-23T00:00:00.000Z,Price change,2026-07-03T00:00:00.000Z,Listed for rent,,,,,,,,,,,,,,,,,,,,,2022-03-11T00:00:00.000Z,Sold,,,,,,,,,,,,,,,,,,,,,,,,,,,,,,,2201,2495,https://www.zillow.com/homedetails/493-Aubrey-Woods-Dr-Kings-Mountain-NC-28086/338483091_zpid/
3,34,/homedetails/37-Saint-John-St-Cabot-AR-72023/253499_zpid/,FOR_RENT,81500,"37 Saint John St, Cabot, AR 72023",37 Saint John St,1350,2026-03-31T00:00:00.000Z,Listed for rent,2026-03-26T00:00:00.000Z,Sold,,,,,,,,,,,,,,,,,,,,,2026-03-19T00:00:00.000Z,Contingent,,,,,,,,,,,,,,,,,2026-03-14T00:00:00.000Z,Price change,2026-02-27T00:00:00.000Z,Price change,2026-01-28T00:00:00.000Z,Listed for sale,2016-05-26T00:00:00.000Z,Sold,2016-04-08T00:00:00.000Z,Listed for sale,2013-05-16T00:00:00.000Z,Sold,,,1188,1350,https://www.zillow.com/homedetails/37-Saint-John-St-Cabot-AR-72023/253499_zpid/
3,3,/homedetails/538-Belcaro-Dr-Kings-Mountain-NC-28086/339891879_zpid/,FOR_RENT,,"538 Belcaro Dr, Kings Mountain, NC 28086",538 Belcaro Dr,2085,2026-07-31T00:00:00.000Z,Listed for rent,2025-08-22T00:00:00.000Z,Listing removed,2025-06-23T00:00:00.000Z,Listing removed,2025-06-17T00:00:00.000Z,Listed for rent,2025-04-17T00:00:00.000Z,Listing removed,2025-04-15T00:00:00.000Z,Price change,2025-03-31T00:00:00.000Z,Listed for rent,2022-08-11T00:00:00.000Z,Listing removed,2022-07-15T00:00:00.000Z,Listed for sale,,,,,,,2025-08-12T00:00:00.000Z,Price change,,,,,,,,,,,,,,,,,2025-08-06T00:00:00.000Z,Price change,2025-07-30T00:00:00.000Z,Price change,2025-07-22T00:00:00.000Z,Price change,2025-07-15T00:00:00.000Z,Price change,2025-07-08T00:00:00.000Z,Price change,2025-07-01T00:00:00.000Z,Price change,2025-06-25T00:00:00.000Z,Listed for rent,1800,2085,https://www.zillow.com/homedetails/538-Belcaro-Dr-Kings-Mountain-NC-28086/339891879_zpid/
3,154,/homedetails/13-Buttercup-Cv-Cabot-AR-72023/55150889_zpid/,FOR_RENT,125000,"13 Buttercup Cv, Cabot, AR 72023",13 Buttercup Cv,1495,2026-03-02T00:00:00.000Z,Listed for rent,2025-12-29T00:00:00.000Z,Listing removed,2022-08-23T00:00:00.000Z,Listing removed,2022-08-15T00:00:00.000Z,Listed for rent,2022-07-12T00:00:00.000Z,Sold,2021-03-24T00:00:00.000Z,Listing removed,2013-02-25T00:00:00.000Z,Listing removed,2013-02-15T00:00:00.000Z,Price change,2013-02-11T00:00:00.000Z,Listed for rent,2012-05-19T00:00:00.000Z,Listing removed,2012-02-22T00:00:00.000Z,Listed for sale,,,2025-10-18T00:00:00.000Z,Listed for rent,,,,,,,,,,,,,,,,,2025-09-19T00:00:00.000Z,Listing removed,2025-09-10T00:00:00.000Z,Listed for rent,2024-07-02T00:00:00.000Z,Listing removed,2024-06-22T00:00:00.000Z,Listed for rent,2024-05-05T00:00:00.000Z,Listing removed,2024-03-29T00:00:00.000Z,Price change,2024-01-04T00:00:00.000Z,Listed for rent,1548,1495,https://www.zillow.com/homedetails/13-Buttercup-Cv-Cabot-AR-72023/55150889_zpid/
3,264,/homedetails/2912-Highway-319-W-Austin-AR-72007/249702_zpid/,FOR_RENT,640000,"2912 Highway 319 W, Austin, AR 72007",2912 Highway 319 W,1725,2026-07-25T00:00:00.000Z,Price change,2026-05-29T00:00:00.000Z,Price change,,,,,,,,,,,,,,,,,,,,,2026-03-06T00:00:00.000Z,Price change,,,,,,,,,,,,,,,,,2026-02-18T00:00:00.000Z,Price change,2026-02-03T00:00:00.000Z,Price change,2025-11-12T00:00:00.000Z,Listed for rent,2013-09-27T00:00:00.000Z,Sold,1991-10-10T00:00:00.000Z,Sold,,,,,1992,1725,https://www.zillow.com/homedetails/2912-Highway-319-W-Austin-AR-72007/249702_zpid/
3,18,/homedetails/627-Timberline-Rd-Jacksonville-AR-72076/449592145_zpid/,FOR_RENT,,"627 Timberline Rd, Jacksonville, AR 72076",627 Timberline Rd,1725,2026-07-17T00:00:00.000Z,Listed for rent,2025-07-17T00:00:00.000Z,Listing removed,,,,,,,,,,,,,,,,,,,,,2025-07-01T00:00:00.000Z,Price change,,,,,,,,,,,,,,,,,2025-05-20T00:00:00.000Z,Listed for rent,2025-04-09T00:00:00.000Z,Listing removed,2025-04-09T00:00:00.000Z,Listed for rent,,,,,,,,,1305,1725,https://www.zillow.com/homedetails/627-Timberline-Rd-Jacksonville-AR-72076/449592145_zpid/
3,40,/homedetails/17-Azalea-Dr-Cabot-AR-72023/52495110_zpid/,FOR_RENT,174500,"17 Azalea Dr, Cabot, AR 72023",17 Azalea Dr,1395,2026-06-25T00:00:00.000Z,Listed for rent,2024-12-19T00:00:00.000Z,Sold,,,,,,,,,,,,,,,,,,,,,2024-11-09T00:00:00.000Z,Listed for sale,,,,,,,,,,,,,,,,,2022-05-27T00:00:00.000Z,Sold,2021-03-24T00:00:00.000Z,Listing removed,2018-07-11T00:00:00.000Z,Listing removed,2018-07-08T00:00:00.000Z,Listed for rent,2017-09-16T00:00:00.000Z,Listing removed,2017-05-10T00:00:00.000Z,Listed for sale,,,1294,1395,https://www.zillow.com/homedetails/17-Azalea-Dr-Cabot-AR-72023/52495110_zpid/
3,0,/homedetails/17-Tahoe-Ct-Cabot-AR-72023/99406119_zpid/,FOR_RENT,240000,"17 Tahoe Ct, Cabot, AR 72023",17 Tahoe Ct,1650,2026-08-03T00:00:00.000Z,Listed for rent,2024-12-16T00:00:00.000Z,Sold,2024-09-10T00:00:00.000Z,Price change,2024-08-28T00:00:00.000Z,Listed for sale,2024-07-24T00:00:00.000Z,Listed for rent,2024-07-24T00:00:00.000Z,Listing removed,2024-07-15T00:00:00.000Z,Price change,2024-07-08T00:00:00.000Z,Listed for sale,2023-09-25T00:00:00.000Z,Sold,2023-05-09T00:00:00.000Z,Listed for sale,,,,,2024-11-21T00:00:00.000Z,Contingent,,,,,,,,,,,,,,,,,2024-11-14T00:00:00.000Z,Price change,2024-11-04T00:00:00.000Z,Price change,2024-10-10T00:00:00.000Z,Price change,2024-10-03T00:00:00.000Z,Price change,2024-09-26T00:00:00.000Z,Price change,2024-09-19T00:00:00.000Z,Price change,2024-09-13T00:00:00.000Z,Listing removed,,1650,https://www.zillow.com/homedetails/17-Tahoe-Ct-Cabot-AR-72023/99406119_zpid/
3,13,/homedetails/28-Burns-Dr-Cabot-AR-72023/255699_zpid/,FOR_RENT,146000,"28 Burns Dr, Cabot, AR 72023",28 Burns Dr,1400,2026-07-21T00:00:00.000Z,Listed for rent,2025-08-07T00:00:00.000Z,Listing removed,2010-06-04T00:00:00.000Z,Sold,2010-04-29T00:00:00.000Z,Listed for sale,,,,,,,,,,,,,,,,,2025-07-14T00:00:00.000Z,Price change,,,,,,,,,,,,,,,,,2025-07-03T00:00:00.000Z,Listed for rent,2022-06-28T00:00:00.000Z,Sold,2014-11-26T00:00:00.000Z,Sold,2012-06-24T00:00:00.000Z,Listing removed,2012-06-08T00:00:00.000Z,Listed for rent,2011-04-29T00:00:00.000Z,Listing removed,2011-01-27T00:00:00.000Z,Listed for sale,1288,1400,https://www.zillow.com/homedetails/28-Burns-Dr-Cabot-AR-72023/255699_zpid/
3,39,/homedetails/34-Shamsie-Dr-Ward-AR-72176/99420023_zpid/,FOR_RENT,150000,"34 Shamsie Dr, Ward, AR 72176",34 Shamsie Dr,1350,2026-06-25T00:00:00.000Z,Listed for rent,2024-10-09T00:00:00.000Z,Listing removed,,,,,,,,,,,,,,,,,,,,,2024-09-24T00:00:00.000Z,Listed for rent,,,,,,,,,,,,,,,,,2021-12-10T00:00:00.000Z,Sold,2021-11-11T00:00:00.000Z,Listed for sale,2020-06-30T00:00:00.000Z,Sold,2020-05-01T00:00:00.000Z,Listed for sale,2016-02-29T00:00:00.000Z,Sold,2016-01-18T00:00:00.000Z,Pending sale,2015-12-22T00:00:00.000Z,Listed for sale,1264,1350,https://www.zillow.com/homedetails/34-Shamsie-Dr-Ward-AR-72176/99420023_zpid/
3,32,/homedetails/20-Twin-Lakes-Dr-Cabot-AR-72023/67445636_zpid/,FOR_RENT,143500,"20 Twin Lakes Dr, Cabot, AR 72023",20 Twin Lakes Dr,1650,2026-07-02T00:00:00.000Z,Listed for rent,2025-09-12T00:00:00.000Z,Listing removed,2019-09-18T00:00:00.000Z,Sold,2019-09-11T00:00:00.000Z,Listed for sale,2019-08-30T00:00:00.000Z,Pending sale,2019-07-27T00:00:00.000Z,Listed for sale,2014-10-22T00:00:00.000Z,Sold,2009-11-24T00:00:00.000Z,Sold,,,,,,,,,2025-08-26T00:00:00.000Z,Listed for rent,,,,,,,,,,,,,,,,,2022-09-14T00:00:00.000Z,Listing removed,2022-08-24T00:00:00.000Z,Price change,2022-08-01T00:00:00.000Z,Listed for rent,2021-02-26T00:00:00.000Z,Listing removed,2020-11-03T00:00:00.000Z,Listed for rent,2019-11-02T00:00:00.000Z,Listing removed,2019-09-25T00:00:00.000Z,Listed for rent,1560,1650,https://www.zillow.com/homedetails/20-Twin-Lakes-Dr-Cabot-AR-72023/67445636_zpid/
3,37,/homedetails/142-Weathering-Dr-Austin-AR-72007/99433960_zpid/,FOR_RENT,140000,"142 Weathering Dr, Austin, AR 72007",142 Weathering Dr,1350,2026-07-20T00:00:00.000Z,Price change,2026-06-27T00:00:00.000Z,Listed for rent,2013-08-17T00:00:00.000Z,Listed for rent,,,,,,,,,,,,,,,,,,,2023-12-14T00:00:00.000Z,Listing removed,,,,,,,,,,,,,,,,,2023-11-29T00:00:00.000Z,Listed for rent,2021-10-21T00:00:00.000Z,Sold,2021-09-19T00:00:00.000Z,Contingent,2021-09-17T00:00:00.000Z,Listed for sale,2014-08-25T00:00:00.000Z,Sold,2014-06-22T00:00:00.000Z,Listed for sale,2013-09-05T00:00:00.000Z,Listing removed,1212,1350,https://www.zillow.com/homedetails/142-Weathering-Dr-Austin-AR-72007/99433960_zpid/
3,20,/homedetails/22-Kirkland-St-Ward-AR-72176/261280_zpid/,FOR_RENT,84000,"22 Kirkland St, Ward, AR 72176",22 Kirkland St,1350,2026-07-15T00:00:00.000Z,Listed for rent,2026-06-16T00:00:00.000Z,Sold,,,,,,,,,,,,,,,,,,,,,2026-06-14T00:00:00.000Z,Contingent,,,,,,,,,,,,,,,,,2026-06-02T00:00:00.000Z,Price change,2026-05-28T00:00:00.000Z,Listed for sale,2014-10-30T00:00:00.000Z,Sold,,,,,,,,,1185,1350,https://www.zillow.com/homedetails/22-Kirkland-St-Ward-AR-72176/261280_zpid/
3,25,/homedetails/209-N-Madison-St-Cabot-AR-72023/439267452_zpid/,FOR_RENT,,"209 N Madison St, Cabot, AR 72023",209 N Madison St,1895,2026-07-10T00:00:00.000Z,Listed for rent,2025-06-24T00:00:00.000Z,Listing removed,2024-12-28T00:00:00.000Z,Listing removed,2024-12-04T00:00:00.000Z,Price change,2024-09-23T00:00:00.000Z,Listing removed,2024-09-21T00:00:00.000Z,Price change,2024-09-17T00:00:00.000Z,Price change,2024-09-11T00:00:00.000Z,Listed for rent,2024-08-21T00:00:00.000Z,Listed for sale,,,,,,,2025-06-19T00:00:00.000Z,Listed for rent,,,,,,,,,,,,,,,,,2025-06-19T00:00:00.000Z,Listing removed,2025-04-10T00:00:00.000Z,Price change,2025-03-05T00:00:00.000Z,Listed for rent,2025-03-05T00:00:00.000Z,Listing removed,2025-03-04T00:00:00.000Z,Listed for rent,2025-03-03T00:00:00.000Z,Listing removed,2025-02-28T00:00:00.000Z,Listed for rent,1524,1895,https://www.zillow.com/homedetails/209-N-Madison-St-Cabot-AR-72023/439267452_zpid/
3,12,/homedetails/9546-State-Highway-89-S-Lonoke-AR-72086/464053318_zpid/,FOR_RENT,,"9546 State Highway 89 S, Lonoke, AR 72086",9546 State Highway 89 S,900,2026-07-22T00:00:00.000Z,Listed for rent,,,,,,,,,,,,,,,,,,,,,,,,,,,,,,,,,,,,,,,,,,,,,,,,,,,,,,,1216,900,https://www.zillow.com/homedetails/9546-State-Highway-89-S-Lonoke-AR-72086/464053318_zpid/
3,0,/homedetails/120-E-Palm-St-Lonoke-AR-72086/259816_zpid/,FOR_RENT,50000,"120 E Palm St, Lonoke, AR 72086",120 E Palm St,1250,2026-08-04T00:00:00.000Z,Listed for rent,2026-06-15T00:00:00.000Z,Sold,,,,,,,,,,,,,,,,,,,,,2026-04-13T00:00:00.000Z,Contingent,,,,,,,,,,,,,,,,,2026-01-16T00:00:00.000Z,Listed for sale,2014-06-09T00:00:00.000Z,Sold,2010-09-02T00:00:00.000Z,Sold,2008-01-08T00:00:00.000Z,Sold,1994-10-26T00:00:00.000Z,Sold,,,,,1502,1250,https://www.zillow.com/homedetails/120-E-Palm-St-Lonoke-AR-72086/259816_zpid/
3,3,/homedetails/102-Rosebud-Cir-Cabot-AR-72023/63160774_zpid/,FOR_RENT,199000,"102 Rosebud Cir, Cabot, AR 72023",102 Rosebud Cir,1450,2026-07-31T00:00:00.000Z,Listed for rent,2024-10-10T00:00:00.000Z,Listing removed,2018-08-05T00:00:00.000Z,Listed for sale,,,,,,,,,,,,,,,,,,,2024-10-09T00:00:00.000Z,Price change,,,,,,,,,,,,,,,,,2024-09-26T00:00:00.000Z,Listed for rent,2024-08-23T00:00:00.000Z,Sold,2024-07-15T00:00:00.000Z,Listed for sale,2019-02-08T00:00:00.000Z,Sold,2019-01-11T00:00:00.000Z,Pending sale,2018-12-01T00:00:00.000Z,Price change,2018-09-22T00:00:00.000Z,Price change,1277,1450,https://www.zillow.com/homedetails/102-Rosebud-Cir-Cabot-AR-72023/63160774_zpid/
3,14,/homedetails/98-Rosebud-Cir-Cabot-AR-72023/63160780_zpid/,FOR_RENT,197000,"98 Rosebud Cir, Cabot, AR 72023",98 Rosebud Cir,1645,2026-07-20T00:00:00.000Z,Listed for rent,2024-05-23T00:00:00.000Z,Sold,2015-10-01T00:00:00.000Z,Price change,2015-08-10T00:00:00.000Z,Listed for sale,,,,,,,,,,,,,,,,,2024-04-19T00:00:00.000Z,Price change,,,,,,,,,,,,,,,,,2024-04-17T00:00:00.000Z,Price change,2024-04-08T00:00:00.000Z,Listed for sale,2018-05-11T00:00:00.000Z,Sold,2018-03-15T00:00:00.000Z,Listed for sale,2016-03-09T00:00:00.000Z,Sold,2015-12-03T00:00:00.000Z,Price change,2015-10-26T00:00:00.000Z,Price change,1358,1645,https://www.zillow.com/homedetails/98-Rosebud-Cir-Cabot-AR-72023/63160780_zpid/
3,19,/homedetails/53-Dunnaway-Dr-Austin-AR-72007/2056813469_zpid/,FOR_RENT,195000,"53 Dunnaway Dr, Austin, AR 72007",53 Dunnaway Dr,1600,2026-07-16T00:00:00.000Z,Listed for rent,2025-09-03T00:00:00.000Z,Listing removed,,,,,,,,,,,,,,,,,,,,,2025-09-02T00:00:00.000Z,Listing removed,,,,,,,,,,,,,,,,,2025-07-29T00:00:00.000Z,Listed for rent,2025-06-14T00:00:00.000Z,Listed for sale,2023-10-13T00:00:00.000Z,Sold,2023-09-06T00:00:00.000Z,Contingent,2023-07-15T00:00:00.000Z,Listed for sale,,,,,1403,1600,https://www.zillow.com/homedetails/53-Dunnaway-Dr-Austin-AR-72007/2056813469_zpid/
3,25,/homedetails/26-Mustang-Dr-Cabot-AR-72023/63160976_zpid/,FOR_RENT,310000,"26 Mustang Dr, Cabot, AR 72023",26 Mustang Dr,1650,2026-07-10T00:00:00.000Z,Listed for rent,2024-06-27T00:00:00.000Z,Sold,2017-02-02T00:00:00.000Z,Listed for rent,2015-11-06T00:00:00.000Z,Listing removed,2015-10-11T00:00:00.000Z,Listed for rent,2015-08-31T00:00:00.000Z,Listing removed,2015-08-22T00:00:00.000Z,Listed for rent,2014-09-19T00:00:00.000Z,Listing removed,2014-09-04T00:00:00.000Z,Listed for rent,2013-08-26T00:00:00.000Z,Listing removed,2013-08-21T00:00:00.000Z,Listed for rent,2011-03-03T00:00:00.000Z,Listing removed,2024-06-15T00:00:00.000Z,Listing removed,2011-02-15T00:00:00.000Z,Listed for sale,2011-01-26T00:00:00.000Z,Sold,2010-11-26T00:00:00.000Z,Price change,2010-05-30T00:00:00.000Z,Listed for sale,,,,,,,,,2024-04-04T00:00:00.000Z,Listed for rent,2024-03-21T00:00:00.000Z,Sold,2024-03-15T00:00:00.000Z,Contingent,2024-03-10T00:00:00.000Z,Listed for sale,2018-07-02T00:00:00.000Z,Listing removed,2018-06-26T00:00:00.000Z,Listed for rent,2017-02-07T00:00:00.000Z,Listing removed,1537,1650,https://www.zillow.com/homedetails/26-Mustang-Dr-Cabot-AR-72023/63160976_zpid/
3,53,/homedetails/19-Patti-Cv-Ward-AR-72176/338981616_zpid/,FOR_RENT,210000,"19 Patti Cv, Ward, AR 72176",19 Patti Cv,1550,2026-08-02T00:00:00.000Z,Price change,2026-07-24T00:00:00.000Z,Price change,,,,,,,,,,,,,,,,,,,,,2026-07-18T00:00:00.000Z,Price change,,,,,,,,,,,,,,,,,2026-06-12T00:00:00.000Z,Listed for rent,2024-05-24T00:00:00.000Z,Listing removed,2024-05-15T00:00:00.000Z,Listed for rent,2024-03-11T00:00:00.000Z,Listing removed,2024-03-02T00:00:00.000Z,Listed for rent,2022-10-14T00:00:00.000Z,Sold,2022-06-24T00:00:00.000Z,Sold,1330,1550,https://www.zillow.com/homedetails/19-Patti-Cv-Ward-AR-72176/338981616_zpid/
3,21,/homedetails/26-Alexis-Dr-Cabot-AR-72023/255240_zpid/,FOR_RENT,152900,"26 Alexis Dr, Cabot, AR 72023",26 Alexis Dr,1475,2026-07-29T00:00:00.000Z,Price change,2026-07-14T00:00:00.000Z,Listed for rent,,,,,,,,,,,,,,,,,,,,,2023-05-31T00:00:00.000Z,Listing removed,,,,,,,,,,,,,,,,,2023-05-17T00:00:00.000Z,Listed for rent,2023-03-10T00:00:00.000Z,Sold,2023-02-09T00:00:00.000Z,Contingent,2023-02-07T00:00:00.000Z,Listed for sale,2014-11-14T00:00:00.000Z,Sold,,,,,1288,1475,https://www.zillow.com/homedetails/26-Alexis-Dr-Cabot-AR-72023/255240_zpid/
3,17,/homedetails/304-E-Locust-St-Cabot-AR-72023/253225_zpid/,FOR_RENT,139000,"304 E Locust St, Cabot, AR 72023",304 E Locust St,1295,2026-07-18T00:00:00.000Z,Listed for rent,2026-06-06T00:00:00.000Z,Listing removed,2020-09-21T00:00:00.000Z,Sold,2020-08-20T00:00:00.000Z,Listed for sale,2020-08-20T00:00:00.000Z,Pending sale,2020-07-10T00:00:00.000Z,Listed for sale,2014-10-24T00:00:00.000Z,Sold,2013-10-10T00:00:00.000Z,Listing removed,2013-07-13T00:00:00.000Z,Price change,2013-02-03T00:00:00.000Z,Price change,2012-11-16T00:00:00.000Z,Listed for sale,2012-07-01T00:00:00.000Z,Listing removed,2026-05-16T00:00:00.000Z,Listed for rent,2012-06-01T00:00:00.000Z,Listed for rent,2011-11-17T00:00:00.000Z,Listing removed,2011-10-07T00:00:00.000Z,Listed for rent,2011-10-07T00:00:00.000Z,Listing removed,2011-07-22T00:00:00.000Z,Listed for sale,2011-04-07T00:00:00.000Z,Listing removed,2011-01-16T00:00:00.000Z,Listed for sale,,,2023-12-21T00:00:00.000Z,Listing removed,2023-12-08T00:00:00.000Z,Price change,2023-09-19T00:00:00.000Z,Listed for rent,2022-03-02T00:00:00.000Z,Listing removed,2022-02-28T00:00:00.000Z,Price change,2022-02-16T00:00:00.000Z,Listed for rent,2020-11-09T00:00:00.000Z,Sold,1680,1295,https://www.zillow.com/homedetails/304-E-Locust-St-Cabot-AR-72023/253225_zpid/
3,26,/homedetails/74-Earnhardt-Cir-Cabot-AR-72023/114172966_zpid/,FOR_RENT,173941,"74 Earnhardt Cir, Cabot, AR 72023",74 Earnhardt Cir,1900,2026-07-08T00:00:00.000Z,Listed for rent,2025-08-22T00:00:00.000Z,Listing removed,2020-01-31T00:00:00.000Z,Listing removed,2019-08-01T00:00:00.000Z,Listed for sale,2015-10-09T00:00:00.000Z,Listing removed,2015-09-09T00:00:00.000Z,Listed for rent,2013-07-26T00:00:00.000Z,Sold,,,,,,,,,,,2025-08-20T00:00:00.000Z,Listing removed,,,,,,,,,,,,,,,,,2025-07-28T00:00:00.000Z,Listed for rent,2025-07-21T00:00:00.000Z,Listed for sale,2020-08-18T00:00:00.000Z,Listing removed,2020-08-07T00:00:00.000Z,Price change,2020-06-09T00:00:00.000Z,Listed for sale,2020-02-07T00:00:00.000Z,Listing removed,2020-01-31T00:00:00.000Z,Listed for rent,1910,1900,https://www.zillow.com/homedetails/74-Earnhardt-Cir-Cabot-AR-72023/114172966_zpid/
3,25,/homedetails/34-Ten-Point-Ln-Ward-AR-72176/454197664_zpid/,FOR_RENT,170000,"34 Ten Point Ln, Ward, AR 72176",34 Ten Point Ln,1450,2026-07-10T00:00:00.000Z,Listed for rent,2026-01-29T00:00:00.000Z,Listing removed,2025-09-05T00:00:00.000Z,Price change,2025-08-07T00:00:00.000Z,Price change,2025-08-07T00:00:00.000Z,Price change,2025-07-23T00:00:00.000Z,Price change,2025-07-22T00:00:00.000Z,Price change,2025-07-21T00:00:00.000Z,Price change,2025-07-14T00:00:00.000Z,Price change,2025-07-03T00:00:00.000Z,Price change,2025-06-30T00:00:00.000Z,Price change,2025-06-30T00:00:00.000Z,Listed for sale,2026-01-17T00:00:00.000Z,Price change,,,,,,,,,,,,,,,,,2025-12-06T00:00:00.000Z,Price change,2025-11-27T00:00:00.000Z,Price change,2025-11-22T00:00:00.000Z,Price change,2025-10-17T00:00:00.000Z,Listed for rent,2025-09-25T00:00:00.000Z,Sold,2025-09-08T00:00:00.000Z,Contingent,2025-09-06T00:00:00.000Z,Price change,1243,1450,https://www.zillow.com/homedetails/34-Ten-Point-Ln-Ward-AR-72176/454197664_zpid/
3,26,/homedetails/35-G-St-Cabot-AR-72023/254255_zpid/,FOR_RENT,230000,"35 G St, Cabot, AR 72023",35 G St,1825,2026-07-25T00:00:00.000Z,Price change,2026-07-09T00:00:00.000Z,Price change,2018-05-08T00:00:00.000Z,Listed for sale,2014-04-28T00:00:00.000Z,Sold,,,,,,,,,,,,,,,,,2026-05-03T00:00:00.000Z,Listed for rent,,,,,,,,,,,,,,,,,2025-05-25T00:00:00.000Z,Listing removed,2025-05-14T00:00:00.000Z,Price change,2025-05-01T00:00:00.000Z,Listed for rent,2021-06-07T00:00:00.000Z,Sold,2020-09-03T00:00:00.000Z,Sold,2020-06-19T00:00:00.000Z,Listed for sale,2018-06-22T00:00:00.000Z,Sold,1849,1825,https://www.zillow.com/homedetails/35-G-St-Cabot-AR-72023/254255_zpid/
3,31,/homedetails/345-Joyner-Loop-Lonoke-AR-72086/99446243_zpid/,FOR_RENT,36000,"345 Joyner Loop, Lonoke, AR 72086",345 Joyner Loop,1200,2026-07-05T00:00:00.000Z,Price change,2026-07-03T00:00:00.000Z,Listed for rent,,,,,,,,,,,,,,,,,,,,,2026-06-23T00:00:00.000Z,Listing removed,,,,,,,,,,,,,,,,,2026-02-11T00:00:00.000Z,Listed for rent,2025-11-22T00:00:00.000Z,Listing removed,2025-11-15T00:00:00.000Z,Price change,2025-11-05T00:00:00.000Z,Listed for rent,2025-09-05T00:00:00.000Z,Listing removed,2025-08-06T00:00:00.000Z,Listed for rent,2007-02-20T00:00:00.000Z,Sold,1120,1200,https://www.zillow.com/homedetails/345-Joyner-Loop-Lonoke-AR-72086/99446243_zpid/
3,19,/homedetails/16-Emerald-Cir-Cabot-AR-72023/254439_zpid/,FOR_RENT,3400000,"16 Emerald Cir, Cabot, AR 72023",16 Emerald Cir,1895,2026-07-25T00:00:00.000Z,Price change,2026-07-16T00:00:00.000Z,Listed for rent,,,,,,,,,,,,,,,,,,,,,2015-04-15T00:00:00.000Z,Sold,,,,,,,,,,,,,,,,,,,,,,,,,,,,,,,1959,1895,https://www.zillow.com/homedetails/16-Emerald-Cir-Cabot-AR-72023/254439_zpid/
4,7,/homedetails/5000-Red-Fox-Trl-Bauxite-AR-72011/2069984402_zpid/,FOR_RENT,252452,"5000 Red Fox Trl, Bauxite, AR 72011",5000 Red Fox Trl,1695,2026-07-28T00:00:00.000Z,Listed for rent,2026-06-24T00:00:00.000Z,Sold,,,,,,,,,,,,,,,,,,,,,2026-06-24T00:00:00.000Z,Contingent,,,,,,,,,,,,,,,,,2026-03-06T00:00:00.000Z,Listed for sale,2022-03-09T00:00:00.000Z,Sold,,,,,,,,,,,1672,1695,https://www.zillow.com/homedetails/5000-Red-Fox-Trl-Bauxite-AR-72011/2069984402_zpid/
3,1,/homedetails/144-Jonathan-Dr-Maumelle-AR-72113/462538135_zpid/,FOR_RENT,225150,"144 Jonathan Dr, Maumelle, AR 72113",144 Jonathan Dr,1850,2026-08-02T00:00:00.000Z,Listed for rent,2026-07-31T00:00:00.000Z,Sold,,,,,,,,,,,,,,,,,,,,,2026-07-06T00:00:00.000Z,Contingent,,,,,,,,,,,,,,,,,2026-06-17T00:00:00.000Z,Price change,2026-06-08T00:00:00.000Z,Price change,2026-05-19T00:00:00.000Z,Listed for sale,,,,,,,,,1402,1850,https://www.zillow.com/homedetails/144-Jonathan-Dr-Maumelle-AR-72113/462538135_zpid/
3,3,/homedetails/677-Joyner-Loop-Lonoke-AR-72086/99406145_zpid/,FOR_RENT,,"677 Joyner Loop, Lonoke, AR 72086",677 Joyner Loop,900,2026-07-31T00:00:00.000Z,Listed for rent,2021-03-24T00:00:00.000Z,Listing removed,,,,,,,,,,,,,,,,,,,,,2020-01-24T00:00:00.000Z,Listing removed,,,,,,,,,,,,,,,,,2020-01-08T00:00:00.000Z,Listed for rent,2019-04-01T00:00:00.000Z,Listing removed,2019-03-07T00:00:00.000Z,Listed for rent,,,,,,,,,1280,900,https://www.zillow.com/homedetails/677-Joyner-Loop-Lonoke-AR-72086/99406145_zpid/
3,3,/homedetails/504-12th-Ave-NE-Hickory-NC-28601/461605081_zpid/,FOR_RENT,430000,"504 12th Ave NE, Hickory, NC 28601",504 12th Ave NE,1595,2026-07-31T00:00:00.000Z,Listed for rent,2026-05-29T00:00:00.000Z,Sold,,,,,,,,,,,,,,,,,,,,,2026-04-10T00:00:00.000Z,Pending sale,,,,,,,,,,,,,,,,,2026-04-09T00:00:00.000Z,Listed for sale,,,,,,,,,,,,,1334,1595,https://www.zillow.com/homedetails/504-12th-Ave-NE-Hickory-NC-28601/461605081_zpid/
3,28,/homedetails/2530-Jayme-Cir-Conway-AR-72032/239955_zpid/,FOR_RENT,153000,"2530 Jayme Cir, Conway, AR 72032",2530 Jayme Cir,1500,2026-07-06T00:00:00.000Z,Listed for rent,2026-06-27T00:00:00.000Z,Listing removed,2022-10-11T00:00:00.000Z,Listing removed,2022-10-02T00:00:00.000Z,Listed for rent,2022-08-26T00:00:00.000Z,Sold,2022-08-26T00:00:00.000Z,Contingent,2022-07-21T00:00:00.000Z,Listed for sale,2015-01-27T00:00:00.000Z,Sold,2014-12-12T00:00:00.000Z,Listed for sale,2014-07-18T00:00:00.000Z,Sold,,,,,2026-06-02T00:00:00.000Z,Listed for rent,,,,,,,,,,,,,,,,,2025-04-23T00:00:00.000Z,Listing removed,2025-04-16T00:00:00.000Z,Price change,2025-03-24T00:00:00.000Z,Listed for rent,2024-02-18T00:00:00.000Z,Listing removed,2024-02-05T00:00:00.000Z,Price change,2024-02-02T00:00:00.000Z,Price change,2023-11-27T00:00:00.000Z,Listed for rent,1424,1500,https://www.zillow.com/homedetails/2530-Jayme-Cir-Conway-AR-72032/239955_zpid/
3,55,/homedetails/3006-Hilldale-Rd-Alexander-AR-72002/368446_zpid/,FOR_RENT,210000,"3006 Hilldale Rd, Alexander, AR 72002",3006 Hilldale Rd,1845,2026-07-29T00:00:00.000Z,Price change,2026-06-09T00:00:00.000Z,Listed for rent,2024-09-25T00:00:00.000Z,Price change,2024-09-24T00:00:00.000Z,Listed for rent,2024-05-21T00:00:00.000Z,Listing removed,2024-05-13T00:00:00.000Z,Price change,2024-05-10T00:00:00.000Z,Price change,2024-05-09T00:00:00.000Z,Price change,2024-05-02T00:00:00.000Z,Price change,2024-05-01T00:00:00.000Z,Price change,2024-04-25T00:00:00.000Z,Price change,2024-04-02T00:00:00.000Z,Listed for rent,2025-05-30T00:00:00.000Z,Listing removed,2024-01-08T00:00:00.000Z,Listing removed,2023-10-01T00:00:00.000Z,Price change,2023-08-19T00:00:00.000Z,Price change,2023-08-02T00:00:00.000Z,Listed for sale,2022-09-20T00:00:00.000Z,Listing removed,2021-06-21T00:00:00.000Z,Sold,2017-02-15T00:00:00.000Z,Sold,,,2025-04-23T00:00:00.000Z,Price change,2025-03-15T00:00:00.000Z,Listed for rent,2024-11-06T00:00:00.000Z,Listing removed,2024-10-24T00:00:00.000Z,Price change,2024-10-16T00:00:00.000Z,Price change,2024-10-10T00:00:00.000Z,Listed for rent,2024-10-01T00:00:00.000Z,Listing removed,1960,1845,https://www.zillow.com/homedetails/3006-Hilldale-Rd-Alexander-AR-72002/368446_zpid/
3,30,/homedetails/1221-Denver-Dr-Maumelle-AR-72113/463660123_zpid/,FOR_RENT,,"1221 Denver Dr, Maumelle, AR 72113",1221 Denver Dr,1695,2026-07-30T00:00:00.000Z,Price change,2026-07-04T00:00:00.000Z,Listed for rent,,,,,,,,,,,,,,,,,,,,,,,,,,,,,,,,,,,,,,,,,,,,,,,,,,,,,1410,1695,https://www.zillow.com/homedetails/1221-Denver-Dr-Maumelle-AR-72113/463660123_zpid/
2,27,/homedetails/9706-Elderberry-Trl-Maumelle-AR-72113/453342131_zpid/,FOR_RENT,,"9706 Elderberry Trl, Maumelle, AR 72113",9706 Elderberry Trl,800,2026-07-07T00:00:00.000Z,Listed for rent,,,,,,,,,,,,,,,,,,,,,,,,,,,,,,,,,,,,,,,,,,,,,,,,,,,,,,,868,800,https://www.zillow.com/homedetails/9706-Elderberry-Trl-Maumelle-AR-72113/453342131_zpid/
4,46,/homedetails/9207-Pleasant-Valley-Dr-Alexander-AR-72002/305110248_zpid/,FOR_RENT,,"9207 Pleasant Valley Dr, Alexander, AR 72002",9207 Pleasant Valley Dr,1695,2026-07-09T00:00:00.000Z,Listed for rent,2026-06-26T00:00:00.000Z,Listing removed,,,,,,,,,,,,,,,,,,,,,2026-06-18T00:00:00.000Z,Listed for rent,,,,,,,,,,,,,,,,,2023-10-30T00:00:00.000Z,Listing removed,2023-10-26T00:00:00.000Z,Listed for rent,,,,,,,,,,,1476,1695,https://www.zillow.com/homedetails/9207-Pleasant-Valley-Dr-Alexander-AR-72002/305110248_zpid/
3,20,/homedetails/61-Whitetail-Dr-Ward-AR-72176/338206844_zpid/,FOR_RENT,212000,"61 Whitetail Dr, Ward, AR 72176",61 Whitetail Dr,1445,2026-07-14T00:00:00.000Z,Listed for rent,2024-06-04T00:00:00.000Z,Listing removed,,,,,,,,,,,,,,,,,,,,,2024-05-28T00:00:00.000Z,Listed for rent,,,,,,,,,,,,,,,,,2023-04-22T00:00:00.000Z,Listing removed,2023-04-12T00:00:00.000Z,Listed for rent,2023-03-09T00:00:00.000Z,Sold,2023-02-13T00:00:00.000Z,Contingent,2023-02-10T00:00:00.000Z,Listed for sale,2020-09-02T00:00:00.000Z,Sold,,,1473,1445,https://www.zillow.com/homedetails/61-Whitetail-Dr-Ward-AR-72176/338206844_zpid/
3,25,/homedetails/41-Winter-Valley-Cv-Conway-AR-72032/2055356657_zpid/,FOR_RENT,162200,"41 Winter Valley Cv, Conway, AR 72032",41 Winter Valley Cv,1400,2026-07-09T00:00:00.000Z,Listed for rent,2023-09-28T00:00:00.000Z,Listing removed,,,,,,,,,,,,,,,,,,,,,2021-09-27T00:00:00.000Z,Sold,,,,,,,,,,,,,,,,,,,,,,,,,,,,,,,1108,1400,https://www.zillow.com/homedetails/41-Winter-Valley-Cv-Conway-AR-72032/2055356657_zpid/
3,22,/homedetails/2250-Getty-Dr-Conway-AR-72032/2071916427_zpid/,FOR_RENT,189400,"2250 Getty Dr, Conway, AR 72032",2250 Getty Dr,1650,2026-07-12T00:00:00.000Z,Listed for rent,2026-04-26T00:00:00.000Z,Listing removed,2021-05-11T00:00:00.000Z,Listing removed,2021-04-09T00:00:00.000Z,Listed for sale,,,,,,,,,,,,,,,,,2026-04-23T00:00:00.000Z,Listed for rent,,,,,,,,,,,,,,,,,2025-11-22T00:00:00.000Z,Listing removed,2025-11-13T00:00:00.000Z,Listed for rent,2025-05-20T00:00:00.000Z,Listing removed,2025-05-14T00:00:00.000Z,Listed for rent,2024-12-28T00:00:00.000Z,Listing removed,2024-12-27T00:00:00.000Z,Listed for rent,2021-09-14T00:00:00.000Z,Sold,1303,1650,https://www.zillow.com/homedetails/2250-Getty-Dr-Conway-AR-72032/2071916427_zpid/
3,50,/homedetails/203-Lynn-Ln-Lonoke-AR-72086/260453_zpid/,FOR_RENT,105000,"203 Lynn Ln, Lonoke, AR 72086",203 Lynn Ln,1225,2026-06-30T00:00:00.000Z,Price change,2026-06-15T00:00:00.000Z,Listed for rent,,,,,,,,,,,,,,,,,,,,,2026-06-01T00:00:00.000Z,Listing removed,,,,,,,,,,,,,,,,,2026-05-14T00:00:00.000Z,Listed for rent,2022-05-19T00:00:00.000Z,Sold,2022-05-13T00:00:00.000Z,Contingent,2022-05-05T00:00:00.000Z,Listed for sale,2014-05-30T00:00:00.000Z,Sold,2014-02-20T00:00:00.000Z,Sold,2014-01-11T00:00:00.000Z,Listed for sale,1200,1225,https://www.zillow.com/homedetails/203-Lynn-Ln-Lonoke-AR-72086/260453_zpid/
3,34,/homedetails/28-Overlook-Cv-Cabot-AR-72023/52495282_zpid/,FOR_RENT,119857,"28 Overlook Cv, Cabot, AR 72023",28 Overlook Cv,1700,2026-07-28T00:00:00.000Z,Price change,2026-06-30T00:00:00.000Z,Listed for rent,2010-12-11T00:00:00.000Z,Listing removed,2010-09-05T00:00:00.000Z,Price change,2010-08-13T00:00:00.000Z,Price change,2010-07-22T00:00:00.000Z,Listed for sale,2010-05-26T00:00:00.000Z,Sold,,,,,,,,,,,2024-07-08T00:00:00.000Z,Listing removed,,,,,,,,,,,,,,,,,2024-07-04T00:00:00.000Z,Listed for rent,2022-03-09T00:00:00.000Z,Listing removed,2022-01-23T00:00:00.000Z,Listed for rent,2020-05-08T00:00:00.000Z,Listing removed,2020-04-24T00:00:00.000Z,Listed for rent,2019-09-06T00:00:00.000Z,Listing removed,2019-08-28T00:00:00.000Z,Listed for rent,1564,1700,https://www.zillow.com/homedetails/28-Overlook-Cv-Cabot-AR-72023/52495282_zpid/
3,55,/homedetails/17-Farrah-St-Ward-AR-72176/52495486_zpid/,FOR_RENT,,"17 Farrah St, Ward, AR 72176",17 Farrah St,1250,2026-06-09T00:00:00.000Z,Listed for rent,2025-05-24T00:00:00.000Z,Listing removed,2013-11-30T00:00:00.000Z,Listed for sale,2013-10-25T00:00:00.000Z,Listing removed,2013-09-19T00:00:00.000Z,Price change,2013-09-18T00:00:00.000Z,Price change,2013-06-29T00:00:00.000Z,Listed for sale,,,,,,,,,,,2025-05-06T00:00:00.000Z,Price change,,,,,,,,,,,,,,,,,2025-04-20T00:00:00.000Z,Listed for rent,2017-02-23T00:00:00.000Z,Listing removed,2017-02-17T00:00:00.000Z,Listed for rent,2014-02-28T00:00:00.000Z,Listing removed,2014-02-05T00:00:00.000Z,Price change,2014-01-29T00:00:00.000Z,Price change,2013-12-14T00:00:00.000Z,Price change,1563,1250,https://www.zillow.com/homedetails/17-Farrah-St-Ward-AR-72176/52495486_zpid/
3,3,/homedetails/2325-Sam-Tillery-Dr-Alexander-AR-72002/462538253_zpid/,FOR_RENT,230000,"2325 Sam Tillery Dr, Alexander, AR 72002",2325 Sam Tillery Dr,1795,2026-07-31T00:00:00.000Z,Listed for rent,2026-07-30T00:00:00.000Z,Sold,,,,,,,,,,,,,,,,,,,,,2026-07-16T00:00:00.000Z,Contingent,,,,,,,,,,,,,,,,,2026-05-19T00:00:00.000Z,Listed for sale,,,,,,,,,,,,,1523,1795,https://www.zillow.com/homedetails/2325-Sam-Tillery-Dr-Alexander-AR-72002/462538253_zpid/
3,3,/homedetails/2333-Sam-Tillery-Dr-Alexander-AR-72002/462538267_zpid/,FOR_RENT,226900,"2333 Sam Tillery Dr, Alexander, AR 72002",2333 Sam Tillery Dr,1795,2026-07-31T00:00:00.000Z,Listed for rent,2026-07-30T00:00:00.000Z,Sold,,,,,,,,,,,,,,,,,,,,,2026-07-16T00:00:00.000Z,Contingent,,,,,,,,,,,,,,,,,2026-05-19T00:00:00.000Z,Listed for sale,,,,,,,,,,,,,1472,1795,https://www.zillow.com/homedetails/2333-Sam-Tillery-Dr-Alexander-AR-72002/462538267_zpid/
3,68,/homedetails/9511-Arkansas-5-65-Alexander-AR-72002/462701131_zpid/,FOR_RENT,,"9511 Arkansas #5-65, Alexander, AR 72002",9511 Arkansas #5-65,950,2026-07-07T00:00:00.000Z,Price change,2026-06-30T00:00:00.000Z,Price change,,,,,,,,,,,,,,,,,,,,,2026-06-23T00:00:00.000Z,Price change,,,,,,,,,,,,,,,,,2026-06-17T00:00:00.000Z,Price change,2026-06-10T00:00:00.000Z,Price change,2026-05-27T00:00:00.000Z,Listed for rent,,,,,,,,,,950,https://www.zillow.com/homedetails/9511-Arkansas-5-65-Alexander-AR-72002/462701131_zpid/
3,6,/homedetails/2048-Bentwood-Dr-Alexander-AR-72002/2066616486_zpid/,FOR_RENT,190790,"2048 Bentwood Dr, Alexander, AR 72002",2048 Bentwood Dr,1775,2026-07-28T00:00:00.000Z,Listed for rent,2022-05-23T00:00:00.000Z,Listing removed,,,,,,,,,,,,,,,,,,,,,2022-05-12T00:00:00.000Z,Price change,,,,,,,,,,,,,,,,,2022-04-27T00:00:00.000Z,Listed for rent,2022-04-19T00:00:00.000Z,Sold,,,,,,,,,,,1355,1775,https://www.zillow.com/homedetails/2048-Bentwood-Dr-Alexander-AR-72002/2066616486_zpid/
3,122,/homedetails/44-Kirkland-Dr-Cabot-AR-72023/52495420_zpid/,FOR_RENT,,"44 Kirkland Dr, Cabot, AR 72023",44 Kirkland Dr,1900,2026-04-03T00:00:00.000Z,Listed for rent,2026-04-03T00:00:00.000Z,Listing removed,2015-02-21T00:00:00.000Z,Listing removed,2015-01-28T00:00:00.000Z,Price change,2014-11-18T00:00:00.000Z,Price change,2014-08-30T00:00:00.000Z,Listed for rent,2013-05-18T00:00:00.000Z,Listing removed,2013-04-17T00:00:00.000Z,Listed for rent,2012-10-25T00:00:00.000Z,Listing removed,2012-09-25T00:00:00.000Z,Listed for rent,2012-07-12T00:00:00.000Z,Listing removed,2012-06-12T00:00:00.000Z,Price change,2026-02-11T00:00:00.000Z,Listed for rent,2012-05-25T00:00:00.000Z,Listed for rent,2011-08-23T00:00:00.000Z,Listing removed,2010-10-08T00:00:00.000Z,Listed for sale,,,,,,,,,,,2025-09-22T00:00:00.000Z,Listing removed,2025-08-19T00:00:00.000Z,Listing removed,2025-08-17T00:00:00.000Z,Listed for rent,2025-01-03T00:00:00.000Z,Price change,2024-11-04T00:00:00.000Z,Price change,2024-10-10T00:00:00.000Z,Price change,2024-09-24T00:00:00.000Z,Listed for sale,2077,1900,https://www.zillow.com/homedetails/44-Kirkland-Dr-Cabot-AR-72023/52495420_zpid/
3,20,/homedetails/2349-Sam-Tillery-Dr-Alexander-AR-72002/461266492_zpid/,FOR_RENT,223900,"2349 Sam Tillery Dr, Alexander, AR 72002",2349 Sam Tillery Dr,1550,2026-07-14T00:00:00.000Z,Listed for rent,2026-06-30T00:00:00.000Z,Sold,,,,,,,,,,,,,,,,,,,,,2026-06-05T00:00:00.000Z,Contingent,,,,,,,,,,,,,,,,,2026-04-07T00:00:00.000Z,Price change,2026-04-02T00:00:00.000Z,Price change,2026-03-24T00:00:00.000Z,Listed for sale,,,,,,,,,1446,1550,https://www.zillow.com/homedetails/2349-Sam-Tillery-Dr-Alexander-AR-72002/461266492_zpid/
4,9,/homedetails/6336-Warwick-Dr-Bryant-AR-72002/460976365_zpid/,FOR_RENT,286000,"6336 Warwick Dr, Bryant, AR 72002",6336 Warwick Dr,2400,2026-07-25T00:00:00.000Z,Listed for rent,2026-07-17T00:00:00.000Z,Sold,,,,,,,,,,,,,,,,,,,,,2026-06-29T00:00:00.000Z,Contingent,,,,,,,,,,,,,,,,,2026-06-24T00:00:00.000Z,Listed for sale,2026-04-24T00:00:00.000Z,Contingent,2026-04-14T00:00:00.000Z,Price change,2026-03-11T00:00:00.000Z,Listed for sale,,,,,,,2112,2400,https://www.zillow.com/homedetails/6336-Warwick-Dr-Bryant-AR-72002/460976365_zpid/
3,31,/homedetails/61-Pin-Oak-Loop-Maumelle-AR-72113/326810_zpid/,FOR_RENT,175000,"61 Pin Oak Loop, Maumelle, AR 72113",61 Pin Oak Loop,1550,2026-07-03T00:00:00.000Z,Listed for rent,2024-04-25T00:00:00.000Z,Listing removed,2018-03-07T00:00:00.000Z,Price change,2018-02-07T00:00:00.000Z,Listed for sale,2017-06-08T00:00:00.000Z,Listing removed,2017-05-10T00:00:00.000Z,Listed for sale,2014-05-05T00:00:00.000Z,Sold,2011-07-04T00:00:00.000Z,Listing removed,2011-06-09T00:00:00.000Z,Listed for sale,2006-08-02T00:00:00.000Z,Sold,2003-05-01T00:00:00.000Z,Sold,2000-09-22T00:00:00.000Z,Sold,2024-04-09T00:00:00.000Z,Listed for rent,,,,,,,,,,,,,,,,,2023-02-09T00:00:00.000Z,Listing removed,2022-12-28T00:00:00.000Z,Price change,2022-10-26T00:00:00.000Z,Listed for rent,2022-09-30T00:00:00.000Z,Sold,2022-08-28T00:00:00.000Z,Contingent,2022-08-26T00:00:00.000Z,Listed for sale,2018-04-24T00:00:00.000Z,Sold,1173,1550,https://www.zillow.com/homedetails/61-Pin-Oak-Loop-Maumelle-AR-72113/326810_zpid/
3,0,/homedetails/104-Herald-Pl-Cabot-AR-72023/252206_zpid/,FOR_RENT,155000,"104 Herald Pl, Cabot, AR 72023",104 Herald Pl,1095,2026-08-03T00:00:00.000Z,Listed for rent,2024-11-23T00:00:00.000Z,Listing removed,2018-08-24T00:00:00.000Z,Listing removed,2018-08-16T00:00:00.000Z,Price change,2018-08-01T00:00:00.000Z,Listed for rent,2017-12-07T00:00:00.000Z,Listing removed,2017-10-14T00:00:00.000Z,Listed for rent,2013-01-30T00:00:00.000Z,Sold,2008-01-10T00:00:00.000Z,Sold,1988-08-30T00:00:00.000Z,Sold,,,,,2024-11-14T00:00:00.000Z,Listed for rent,,,,,,,,,,,,,,,,,2023-12-28T00:00:00.000Z,Listing removed,2023-11-10T00:00:00.000Z,Price change,2023-10-18T00:00:00.000Z,Listed for rent,2022-04-09T00:00:00.000Z,Listing removed,2022-02-16T00:00:00.000Z,Listed for rent,2019-06-20T00:00:00.000Z,Listing removed,2019-05-08T00:00:00.000Z,Listed for rent,1232,1095,https://www.zillow.com/homedetails/104-Herald-Pl-Cabot-AR-72023/252206_zpid/
