listingAddress/full,listingAddress/street,listingAddress/city,listingAddress/state,homeStatus,listingStatus,bedrooms,livingArea,price,listingPrice/amount,daysOnZillow,propertyUrl,hdpUrl,lastSoldPrice,listingPriceHistory/0/date,listingPriceHistory/0/event,listingPriceHistory/1/date,listingPriceHistory/1/event,listingPriceHistory/2/date,listingPriceHistory/2/event,listingPriceHistory/3/date,listingPriceHistory/3/event,listingPriceHistory/4/date,listingPriceHistory/4/event,listingPriceHistory/5/date,listingPriceHistory/5/event
"15 Silverado Ct, Cabot, AR 72023",15 Silverado Ct,Cabot,AR,,forRent,3,1382,,1350,35,https://www.zillow.com/homedetails/15-Silverado-Ct-Cabot-AR-72023/35732243_zpid/,,150000,2026-08-20T00:00:00.000Z,Listed for rent,2024-11-11T00:00:00.000Z,Listing removed,2024-09-27T00:00:00.000Z,Listed for rent,2022-10-26T00:00:00.000Z,Sold,2020-12-16T00:00:00.000Z,Listing removed,2020-12-08T00:00:00.000Z,Listed for rent
"74 Lakeland Dr, Cabot, AR 72023",74 Lakeland Dr,Cabot,AR,,forRent,3,2477,,2100,0,https://www.zillow.com/homedetails/74-Lakeland-Dr-Cabot-AR-72023/72179771_zpid/,,,2026-09-24T00:00:00.000Z,Listed for rent,2026-01-27T00:00:00.000Z,Listing removed,2026-01-12T00:00:00.000Z,Listed for rent,2025-03-14T00:00:00.000Z,Listing removed,2025-03-10T00:00:00.000Z,Listed for rent,2025-03-10T00:00:00.000Z,Listing removed
"831 Richfield Rd, Jacksonville, AR 72076",831 Richfield Rd,Jacksonville,AR,,forRent,3,,,1400,5,https://www.zillow.com/homedetails/831-Richfield-Rd-Jacksonville-AR-72076/250171_zpid/,,0,2026-09-19T00:00:00.000Z,Listed for rent,2014-08-18T00:00:00.000Z,Sold,,,,,,,,
"21 Meadowlark Dr, Cabot, AR 72023",21 Meadowlark Dr,Cabot,AR,,forRent,3,1013,,1395,44,https://www.zillow.com/homedetails/21-Meadowlark-Dr-Cabot-AR-72023/255213_zpid/,,147900,2026-08-12T00:00:00.000Z,Listed for rent,2024-01-16T00:00:00.000Z,Listing removed,2024-01-04T00:00:00.000Z,Sold,2023-08-22T00:00:00.000Z,Sold,2023-07-17T00:00:00.000Z,Contingent,2023-05-12T00:00:00.000Z,Listed for sale
"18 War Eagle Dr, Cabot, AR 72023",18 War Eagle Dr,Cabot,AR,,forRent,3,1278,,1300,2,https://www.zillow.com/homedetails/18-War-Eagle-Dr-Cabot-AR-72023/35732196_zpid/,,130000,2026-09-23T00:00:00.000Z,Listing removed,2026-09-22T00:00:00.000Z,Listed for rent,2026-08-28T00:00:00.000Z,Listed for sale,2026-08-25T00:00:00.000Z,Listing removed,2026-08-18T00:00:00.000Z,Price change,2026-08-01T00:00:00.000Z,Listed for sale
"42 Winners Cir, Cabot, AR 72023",42 Winners Cir,Cabot,AR,,forRent,3,1521,,1850,14,https://www.zillow.com/homedetails/42-Winners-Cir-Cabot-AR-72023/72176611_zpid/,,196500,2026-08-07T00:00:00.000Z,Listed for rent,2025-10-07T00:00:00.000Z,Listing removed,2025-09-15T00:00:00.000Z,Listed for rent,2025-07-09T00:00:00.000Z,Sold,2025-04-28T00:00:00.000Z,Price change,2025-04-14T00:00:00.000Z,Price change
"17 Farrah St, Ward, AR 72176",17 Farrah St,Ward,AR,,forRent,3,1563,,1250,107,https://www.zillow.com/homedetails/17-Farrah-St-Ward-AR-72176/52495486_zpid/,,,2026-06-09T00:00:00.000Z,Listed for rent,2025-05-24T00:00:00.000Z,Listing removed,2025-05-06T00:00:00.000Z,Price change,2025-04-20T00:00:00.000Z,Listed for rent,2017-02-23T00:00:00.000Z,Listing removed,2017-02-17T00:00:00.000Z,Listed for rent
"36 Stonehaven Dr, Cabot, AR 72023",36 Stonehaven Dr,Cabot,AR,,forRent,3,1360,,1350,3,https://www.zillow.com/homedetails/36-Stonehaven-Dr-Cabot-AR-72023/72176066_zpid/,,,2026-09-21T00:00:00.000Z,Listed for rent,2024-09-13T00:00:00.000Z,Listing removed,2024-07-31T00:00:00.000Z,Listed for rent,2023-04-21T00:00:00.000Z,Listing removed,2023-04-16T00:00:00.000Z,Listed for rent,2023-03-23T00:00:00.000Z,Listing removed
"27 Trinity Dr, Cabot, AR 72023",27 Trinity Dr,Cabot,AR,,forRent,3,1442,,1525,34,https://www.zillow.com/homedetails/27-Trinity-Dr-Cabot-AR-72023/113948501_zpid/,,,2026-08-21T00:00:00.000Z,Listed for rent,2025-09-11T00:00:00.000Z,Listing removed,2025-07-29T00:00:00.000Z,Price change,2025-07-03T00:00:00.000Z,Listed for rent,,,,
"11 W Plaza Blvd, Cabot, AR 72023",11 W Plaza Blvd,Cabot,AR,,forRent,3,1487,,1525,31,https://www.zillow.com/homedetails/11-W-Plaza-Blvd-Cabot-AR-72023/256262_zpid/,,229049,2026-08-24T00:00:00.000Z,Listed for rent,2024-09-13T00:00:00.000Z,Listing removed,2024-07-02T00:00:00.000Z,Listed for rent,2013-02-26T00:00:00.000Z,Sold,,,,
"16 Mustang Dr, Cabot, AR 72023",16 Mustang Dr,Cabot,AR,,forRent,3,1494,,1450,48,https://www.zillow.com/homedetails/16-Mustang-Dr-Cabot-AR-72023/63160974_zpid/,,2988,2026-08-07T00:00:00.000Z,Listed for rent,2020-02-08T00:00:00.000Z,Listing removed,2020-01-25T00:00:00.000Z,Listed for rent,2018-12-12T00:00:00.000Z,Listing removed,2018-11-14T00:00:00.000Z,Listed for rent,2012-08-23T00:00:00.000Z,Sold
"29 Mattie Lene Dr, Ward, AR 72176",29 Mattie Lene Dr,Ward,AR,,forRent,3,1301,,1350,14,https://www.zillow.com/homedetails/29-Mattie-Lene-Dr-Ward-AR-72176/35732499_zpid/,,80000,2026-09-10T00:00:00.000Z,Listed for rent,2026-03-20T00:00:00.000Z,Listing removed,2026-01-05T00:00:00.000Z,Listed for rent,2024-10-09T00:00:00.000Z,Listing removed,2024-09-16T00:00:00.000Z,Listed for rent,2009-05-16T00:00:00.000Z,Listing removed
"17 Patti Cv, Ward, AR 72176",17 Patti Cv,Ward,AR,,forRent,3,1330,,1795,0,https://www.zillow.com/homedetails/17-Patti-Cv-Ward-AR-72176/338981618_zpid/,,210000,2026-09-25T00:00:00.000Z,Listed for rent,2022-07-27T00:00:00.000Z,Sold,,,,,,,,
"28 Burns Dr, Cabot, AR 72023",28 Burns Dr,Cabot,AR,,forRent,3,1288,,1350,65,https://www.zillow.com/homedetails/28-Burns-Dr-Cabot-AR-72023/255699_zpid/,,146000,2026-08-31T00:00:00.000Z,Price change,2026-07-21T00:00:00.000Z,Listed for rent,2025-08-07T00:00:00.000Z,Listing removed,2025-07-14T00:00:00.000Z,Price change,2025-07-03T00:00:00.000Z,Listed for rent,2022-06-28T00:00:00.000Z,Sold
"50 Buena Vista Dr, Cabot, AR 72023",50 Buena Vista Dr,Cabot,AR,,forRent,3,1361,,1450,0,https://www.zillow.com/homedetails/50-Buena-Vista-Dr-Cabot-AR-72023/452178369_zpid/,,182000,2026-09-25T00:00:00.000Z,Listed for rent,2026-01-31T00:00:00.000Z,Listing removed,2026-01-24T00:00:00.000Z,Price change,2026-01-17T00:00:00.000Z,Price change,2026-01-10T00:00:00.000Z,Price change,2026-01-03T00:00:00.000Z,Price change
"209 N Madison St, Cabot, AR 72023",209 N Madison St,Cabot,AR,,forRent,3,1524,,1895,76,https://www.zillow.com/homedetails/209-N-Madison-St-Cabot-AR-72023/439267452_zpid/,,,2026-07-10T00:00:00.000Z,Listed for rent,2025-06-24T00:00:00.000Z,Listing removed,2025-06-19T00:00:00.000Z,Listed for rent,2025-06-19T00:00:00.000Z,Listing removed,2025-04-10T00:00:00.000Z,Price change,2025-03-05T00:00:00.000Z,Listed for rent
"621-623 Cosmos St, Maumelle, AR 72113",621-623 Cosmos St,Maumelle,AR,,other,,,,,,https://www.zillow.com/b/621-623-cosmos-st-maumelle-ar-CpNTTZ/,,,,,,,,,,,,,,
"32 Thunderbird Dr, Cabot, AR 72023",32 Thunderbird Dr,Cabot,AR,,forRent,3,1444,,1475,21,https://www.zillow.com/homedetails/32-Thunderbird-Dr-Cabot-AR-72023/67447424_zpid/,,,2026-09-03T00:00:00.000Z,Listed for rent,2021-03-24T00:00:00.000Z,Listing removed,2017-03-08T00:00:00.000Z,Listing removed,2017-02-06T00:00:00.000Z,Listed for rent,,,,
"44 Kirkland Dr, Cabot, AR 72023",44 Kirkland Dr,Cabot,AR,,forRent,3,2077,,1900,174,https://www.zillow.com/homedetails/44-Kirkland-Dr-Cabot-AR-72023/52495420_zpid/,,,2026-04-03T00:00:00.000Z,Listed for rent,2026-04-03T00:00:00.000Z,Listing removed,2026-02-11T00:00:00.000Z,Listed for rent,2025-09-22T00:00:00.000Z,Listing removed,2025-08-19T00:00:00.000Z,Listing removed,2025-08-17T00:00:00.000Z,Listed for rent
"20 Edgehill Cv, Maumelle, AR 72113",20 Edgehill Cv,Maumelle,AR,,forRent,3,1520,,1095,1,https://www.zillow.com/homedetails/20-Edgehill-Cv-Maumelle-AR-72113/79781400_zpid/,,357500,2026-09-23T00:00:00.000Z,Listed for rent,2026-07-24T00:00:00.000Z,Listing removed,2026-07-15T00:00:00.000Z,Listed for rent,2025-11-11T00:00:00.000Z,Listing removed,2025-08-29T00:00:00.000Z,Price change,2025-08-15T00:00:00.000Z,Price change
"22 Edgehill Cv, Maumelle, AR 72113",22 Edgehill Cv,Maumelle,AR,,forRent,3,1520,,1175,0,https://www.zillow.com/homedetails/22-Edgehill-Cv-Maumelle-AR-72113/79790227_zpid/,,357500,2026-09-24T00:00:00.000Z,Listed for rent,2026-09-23T00:00:00.000Z,Listing removed,2026-05-27T00:00:00.000Z,Listed for sale,2013-12-23T00:00:00.000Z,Sold,2013-11-13T00:00:00.000Z,Listed for sale,1998-03-10T00:00:00.000Z,Sold
"110 River Valley Loop, Maumelle, AR 72113",110 River Valley Loop,Maumelle,AR,,forRent,4,2670,,2600,15,https://www.zillow.com/homedetails/110-River-Valley-Loop-Maumelle-AR-72113/79782764_zpid/,,340000,2026-09-10T00:00:00.000Z,Listed for rent,2026-08-14T00:00:00.000Z,Listing removed,2026-06-10T00:00:00.000Z,Listed for sale,2021-06-15T00:00:00.000Z,Sold,2014-12-02T00:00:00.000Z,Sold,2014-11-16T00:00:00.000Z,Listed for sale
"158 Ridgeland Dr, Maumelle, AR 72113",158 Ridgeland Dr,Maumelle,AR,,forRent,3,1835,,1975,16,https://www.zillow.com/homedetails/158-Ridgeland-Dr-Maumelle-AR-72113/325729_zpid/,,188900,2026-09-08T00:00:00.000Z,Listed for rent,2025-04-11T00:00:00.000Z,Listing removed,2024-12-03T00:00:00.000Z,Listed for rent,2023-01-20T00:00:00.000Z,Listing removed,2023-01-06T00:00:00.000Z,Listed for rent,2019-11-19T00:00:00.000Z,Listing removed
"10413 Cypress Knee Dr, Maumelle, AR 72113",10413 Cypress Knee Dr,Maumelle,AR,,forRent,3,1480,,1800,85,https://www.zillow.com/homedetails/10413-Cypress-Knee-Dr-Maumelle-AR-72113/2060938533_zpid/,,,2026-07-01T00:00:00.000Z,Listed for rent,2025-04-22T00:00:00.000Z,Listing removed,2025-04-04T00:00:00.000Z,Listed for rent,2022-11-13T00:00:00.000Z,Listing removed,2022-10-25T00:00:00.000Z,Listed for rent,,
"203 Logan Dr, Maumelle, AR 72113",203 Logan Dr,Maumelle,AR,,forRent,3,1472,,1835,55,https://www.zillow.com/homedetails/203-Logan-Dr-Maumelle-AR-72113/2057186362_zpid/,,,2026-08-05T00:00:00.000Z,Price change,2026-07-31T00:00:00.000Z,Listed for rent,2024-08-27T00:00:00.000Z,Listing removed,2024-08-01T00:00:00.000Z,Listed for rent,2023-06-19T00:00:00.000Z,Listing removed,2023-06-10T00:00:00.000Z,Listed for rent
"7 Southland Dr, Maumelle, AR 72113",7 Southland Dr,Maumelle,AR,,forRent,2,925,,850,86,https://www.zillow.com/homedetails/7-Southland-Dr-Maumelle-AR-72113/2109744736_zpid/,,,2026-06-30T00:00:00.000Z,Listed for rent,2018-07-15T00:00:00.000Z,Listing removed,2018-06-28T00:00:00.000Z,Listed for rent,2016-06-28T00:00:00.000Z,Listing removed,2014-12-12T00:00:00.000Z,Listing removed,2014-07-29T00:00:00.000Z,Listed for rent
"87 Sycamore Cir, Cabot, AR 72023",87 Sycamore Cir,Cabot,AR,,forRent,3,1252,,1350,41,https://www.zillow.com/homedetails/87-Sycamore-Cir-Cabot-AR-72023/256430_zpid/,,151500,2026-09-14T00:00:00.000Z,Price change,2026-08-29T00:00:00.000Z,Price change,2026-08-14T00:00:00.000Z,Listed for rent,2026-07-17T00:00:00.000Z,Sold,2026-06-05T00:00:00.000Z,Listed for sale,2026-05-27T00:00:00.000Z,Listing removed
"61 Pin Oak Loop, Maumelle, AR 72113",61 Pin Oak Loop,Maumelle,AR,,forRent,3,1173,,1495,83,https://www.zillow.com/homedetails/61-Pin-Oak-Loop-Maumelle-AR-72113/326810_zpid/,,175000,2026-08-14T00:00:00.000Z,Price change,2026-08-12T00:00:00.000Z,Price change,2026-07-03T00:00:00.000Z,Listed for rent,2024-04-25T00:00:00.000Z,Listing removed,2024-04-09T00:00:00.000Z,Listed for rent,2023-02-09T00:00:00.000Z,Listing removed
"127 Chambery Dr, Maumelle, AR 72113",127 Chambery Dr,Maumelle,AR,,forRent,4,1651,,2500,21,https://www.zillow.com/homedetails/127-Chambery-Dr-Maumelle-AR-72113/122006196_zpid/,,,2026-09-03T00:00:00.000Z,Price change,2026-07-24T00:00:00.000Z,Listed for rent,2019-06-07T00:00:00.000Z,Listing removed,2019-03-21T00:00:00.000Z,Price change,2019-02-14T00:00:00.000Z,Listed for rent,2017-11-15T00:00:00.000Z,Listing removed
"117 Logan Dr, Maumelle, AR 72113",117 Logan Dr,Maumelle,AR,,forRent,3,1472,,1835,79,https://www.zillow.com/homedetails/117-Logan-Dr-Maumelle-AR-72113/2057186355_zpid/,,,2026-07-07T00:00:00.000Z,Listed for rent,2023-07-30T00:00:00.000Z,Listing removed,2023-07-29T00:00:00.000Z,Listed for rent,2023-07-29T00:00:00.000Z,Listing removed,2023-06-10T00:00:00.000Z,Listed for rent,,
"2 Corbet Ln, Maumelle, AR 72113",2 Corbet Ln,Maumelle,AR,,forRent,3,1523,,2300,34,https://www.zillow.com/homedetails/2-Corbet-Ln-Maumelle-AR-72113/122005820_zpid/,,,2026-08-21T00:00:00.000Z,Listed for rent,2025-04-21T00:00:00.000Z,Listing removed,2025-03-25T00:00:00.000Z,Price change,2025-03-04T00:00:00.000Z,Listed for rent,2025-01-27T00:00:00.000Z,Listing removed,2025-01-14T00:00:00.000Z,Price change
"21 Pin Oak Loop, Maumelle, AR 72113",21 Pin Oak Loop,Maumelle,AR,,forRent,3,1270,,1500,8,https://www.zillow.com/homedetails/21-Pin-Oak-Loop-Maumelle-AR-72113/326790_zpid/,,177000,2026-09-16T00:00:00.000Z,Listed for rent,2025-06-29T00:00:00.000Z,Listing removed,2025-06-19T00:00:00.000Z,Listed for rent,2025-04-11T00:00:00.000Z,Sold,2025-04-11T00:00:00.000Z,Contingent,2025-02-24T00:00:00.000Z,Price change
"11 Page Cv, Maumelle, AR 72113",11 Page Cv,Maumelle,AR,,forRent,3,1294,,1695,22,https://www.zillow.com/homedetails/11-Page-Cv-Maumelle-AR-72113/326629_zpid/,,222125,2026-09-02T00:00:00.000Z,Listed for rent,2019-05-21T00:00:00.000Z,Listing removed,2019-02-11T00:00:00.000Z,Listed for rent,2017-11-18T00:00:00.000Z,Listing removed,2017-10-06T00:00:00.000Z,Price change,2017-09-16T00:00:00.000Z,Price change
"24 Oak Ridge Dr, Maumelle, AR 72113",24 Oak Ridge Dr,Maumelle,AR,,forRent,3,1176,,1650,3,https://www.zillow.com/homedetails/24-Oak-Ridge-Dr-Maumelle-AR-72113/326760_zpid/,,97231,2026-09-22T00:00:00.000Z,Listed for rent,2022-08-31T00:00:00.000Z,Listing removed,2022-08-23T00:00:00.000Z,Listed for sale,2020-03-22T00:00:00.000Z,Listing removed,2020-01-27T00:00:00.000Z,Price change,2020-01-01T00:00:00.000Z,Price change
"57 Stoneledge Dr, Maumelle, AR 72113",57 Stoneledge Dr,Maumelle,AR,,forRent,4,1961,,1950,35,https://www.zillow.com/homedetails/57-Stoneledge-Dr-Maumelle-AR-72113/326028_zpid/,,145000,2026-08-21T00:00:00.000Z,Listed for rent,2024-06-09T00:00:00.000Z,Listing removed,2024-05-08T00:00:00.000Z,Listed for rent,2024-04-23T00:00:00.000Z,Sold,2024-04-06T00:00:00.000Z,Listed for sale,2013-09-20T00:00:00.000Z,Sold
"205 Logan Dr, Maumelle, AR 72113",205 Logan Dr,Maumelle,AR,,forRent,3,1472,,1835,69,https://www.zillow.com/homedetails/205-Logan-Dr-Maumelle-AR-72113/2057186361_zpid/,,,2026-08-05T00:00:00.000Z,Price change,2026-07-17T00:00:00.000Z,Listed for rent,2025-09-04T00:00:00.000Z,Listing removed,2025-09-03T00:00:00.000Z,Listed for rent,2025-09-03T00:00:00.000Z,Listing removed,2025-08-29T00:00:00.000Z,Price change
"32 Fortson Dr, Cabot, AR 72023",32 Fortson Dr,Cabot,AR,,forRent,3,1064,,875,33,https://www.zillow.com/homedetails/32-Fortson-Dr-Cabot-AR-72023/63161011_zpid/,,750000,2026-08-22T00:00:00.000Z,Listed for rent,2024-02-17T00:00:00.000Z,Listing removed,2024-02-03T00:00:00.000Z,Listed for rent,2004-08-10T00:00:00.000Z,Sold,,,,
"53 Bent Tree Dr, Cabot, AR 72023",53 Bent Tree Dr,Cabot,AR,,forRent,3,1645,,1495,64,https://www.zillow.com/homedetails/53-Bent-Tree-Dr-Cabot-AR-72023/256157_zpid/,,10000,2026-09-01T00:00:00.000Z,Price change,2026-07-22T00:00:00.000Z,Listed for rent,2002-07-18T00:00:00.000Z,Sold,1993-11-12T00:00:00.000Z,Sold,,,,
"81 Oak Forest Loop, Maumelle, AR 72113",81 Oak Forest Loop,Maumelle,AR,,forRent,3,1300,,1700,66,https://www.zillow.com/homedetails/81-Oak-Forest-Loop-Maumelle-AR-72113/326542_zpid/,,145000,2026-07-20T00:00:00.000Z,Listed for rent,2021-01-15T00:00:00.000Z,Sold,2012-10-11T00:00:00.000Z,Sold,1997-04-16T00:00:00.000Z,Sold,,,,
"1267 Hamilton St, Conway, AR 72032",1267 Hamilton St,Conway,AR,,forRent,3,1056,,1158,36,https://www.zillow.com/homedetails/1267-Hamilton-St-Conway-AR-72032/234905_zpid/,,52000,2026-09-16T00:00:00.000Z,Price change,2026-09-14T00:00:00.000Z,Price change,2026-08-20T00:00:00.000Z,Listed for rent,2024-09-19T00:00:00.000Z,Listing removed,2024-09-17T00:00:00.000Z,Price change,2024-09-15T00:00:00.000Z,Price change
"2635 Clover Ln, Conway, AR 72032",2635 Clover Ln,Conway,AR,,forRent,3,1242,,1400,0,https://www.zillow.com/homedetails/2635-Clover-Ln-Conway-AR-72032/102993152_zpid/,,135000,2026-09-24T00:00:00.000Z,Listed for rent,2024-05-15T00:00:00.000Z,Listing removed,2024-05-08T00:00:00.000Z,Listed for rent,2021-03-24T00:00:00.000Z,Listing removed,2018-11-21T00:00:00.000Z,Listing removed,2018-10-26T00:00:00.000Z,Listed for rent
"127 Rolling Oaks Dr, Maumelle, AR 72113",127 Rolling Oaks Dr,Maumelle,AR,,forRent,3,1240,,1475,24,https://www.zillow.com/homedetails/127-Rolling-Oaks-Dr-Maumelle-AR-72113/326438_zpid/,,79500,2026-08-31T00:00:00.000Z,Listed for rent,2024-06-10T00:00:00.000Z,Listing removed,2024-06-07T00:00:00.000Z,Listed for rent,2024-06-06T00:00:00.000Z,Listing removed,2024-06-05T00:00:00.000Z,Listed for rent,2019-10-17T00:00:00.000Z,Listing removed
"509 E Elm St, Cabot, AR 72023",509 E Elm St,Cabot,AR,,forRent,3,1056,,1450,77,https://www.zillow.com/homedetails/509-E-Elm-St-Cabot-AR-72023/257181_zpid/,,185000,2026-08-20T00:00:00.000Z,Price change,2026-07-23T00:00:00.000Z,Price change,2026-07-09T00:00:00.000Z,Listed for rent,2026-07-09T00:00:00.000Z,Listing removed,2026-05-02T00:00:00.000Z,Listed for rent,2026-04-16T00:00:00.000Z,Listing removed
"195 Peach St, Conway, AR 72034",195 Peach St,Conway,AR,,forRent,3,1445,,1650,0,https://www.zillow.com/homedetails/195-Peach-St-Conway-AR-72034/240792_zpid/,,375000,2026-09-24T00:00:00.000Z,Listed for rent,2025-05-04T00:00:00.000Z,Listing removed,2025-04-23T00:00:00.000Z,Listed for rent,2023-02-12T00:00:00.000Z,Listing removed,2023-02-03T00:00:00.000Z,Listed for rent,2021-02-23T00:00:00.000Z,Listing removed
"9 Oak Forest Dr, Maumelle, AR 72113",9 Oak Forest Dr,Maumelle,AR,,forRent,3,1176,,1675,9,https://www.zillow.com/homedetails/9-Oak-Forest-Dr-Maumelle-AR-72113/326498_zpid/,,785000,2026-09-15T00:00:00.000Z,Listed for rent,2026-01-10T00:00:00.000Z,Listing removed,2025-12-01T00:00:00.000Z,Listed for rent,2015-05-29T00:00:00.000Z,Sold,2008-09-12T00:00:00.000Z,Sold,,
"4540 Thompson St, Conway, AR 72034",4540 Thompson St,Conway,AR,,forRent,3,1195,,1450,29,https://www.zillow.com/homedetails/4540-Thompson-St-Conway-AR-72034/52392329_zpid/,,110000,2026-08-26T00:00:00.000Z,Listed for rent,2024-05-02T00:00:00.000Z,Listing removed,2024-04-25T00:00:00.000Z,Listed for rent,2022-08-10T00:00:00.000Z,Listing removed,2022-07-30T00:00:00.000Z,Listed for rent,2021-08-09T00:00:00.000Z,Listing removed
"2255 Rainbow Rd, Conway, AR 72032",2255 Rainbow Rd,Conway,AR,,forRent,3,1254,,1600,8,https://www.zillow.com/homedetails/2255-Rainbow-Rd-Conway-AR-72032/240098_zpid/,,203000,2026-09-16T00:00:00.000Z,Listed for rent,2026-09-15T00:00:00.000Z,Sold,2026-08-14T00:00:00.000Z,Contingent,2026-08-12T00:00:00.000Z,Listed for sale,2024-08-23T00:00:00.000Z,Listing removed,2024-07-31T00:00:00.000Z,Listed for rent
"225 Shiloh Dr, Conway, AR 72032",225 Shiloh Dr,Conway,AR,,forRent,3,1228,,1450,15,https://www.zillow.com/homedetails/225-Shiloh-Dr-Conway-AR-72032/82281664_zpid/,,125000,2026-09-09T00:00:00.000Z,Listed for rent,2026-08-22T00:00:00.000Z,Listing removed,2026-08-07T00:00:00.000Z,Listed for rent,2026-02-26T00:00:00.000Z,Listing removed,2026-02-19T00:00:00.000Z,Price change,2026-02-13T00:00:00.000Z,Listed for rent
"2804 Bruce St, Conway, AR 72034",2804 Bruce St,Conway,AR,,forRent,3,1232,,1375,17,https://www.zillow.com/homedetails/2804-Bruce-St-Conway-AR-72034/238249_zpid/,,115000,2026-09-07T00:00:00.000Z,Listed for rent,2017-11-12T00:00:00.000Z,Listing removed,2017-11-01T00:00:00.000Z,Listed for rent,2016-07-19T00:00:00.000Z,Listing removed,2016-07-19T00:00:00.000Z,Listed for sale,2016-07-18T00:00:00.000Z,Sold
"20 Summer Breeze Rd, Conway, AR 72032",20 Summer Breeze Rd,Conway,AR,,forRent,3,1592,,1600,19,https://www.zillow.com/homedetails/20-Summer-Breeze-Rd-Conway-AR-72032/2076495598_zpid/,,207000,2026-09-05T00:00:00.000Z,Listed for rent,2024-04-17T00:00:00.000Z,Listing removed,2024-03-28T00:00:00.000Z,Listed for rent,2024-03-08T00:00:00.000Z,Sold,2024-02-22T00:00:00.000Z,Contingent,2024-02-21T00:00:00.000Z,Price change
"1955 Bellingrath Gdns, Conway, AR 72034",1955 Bellingrath Gdns,Conway,AR,,forRent,3,1752,,2000,23,https://www.zillow.com/homedetails/1955-Bellingrath-Gdns-Conway-AR-72034/119403911_zpid/,,199900,2026-09-01T00:00:00.000Z,Listed for rent,2025-09-17T00:00:00.000Z,Listing removed,2025-09-05T00:00:00.000Z,Price change,2025-08-27T00:00:00.000Z,Listed for rent,2025-05-28T00:00:00.000Z,Listing removed,2025-05-09T00:00:00.000Z,Listed for rent
"608 S Baridon St, Conway, AR 72034",608 S Baridon St,Conway,AR,,forRent,3,1997,,1650,6,https://www.zillow.com/homedetails/608-S-Baridon-St-Conway-AR-72034/236173_zpid/,,132500,2026-09-19T00:00:00.000Z,Price change,2026-09-18T00:00:00.000Z,Listed for rent,2026-08-31T00:00:00.000Z,Listing removed,2026-08-18T00:00:00.000Z,Price change,2026-08-08T00:00:00.000Z,Listed for rent,2026-07-28T00:00:00.000Z,Listing removed
"(Undisclosed Address), Conway, AR 72034",(Undisclosed Address),Conway,AR,,forRent,3,1689,,1750,24,https://www.zillow.com/homedetails/Conway-AR-72034/241235_zpid/,,131000,2026-09-01T00:00:00.000Z,Price change,2026-07-12T00:00:00.000Z,Listed for rent,2026-06-15T00:00:00.000Z,Listing removed,2026-05-25T00:00:00.000Z,Listed for rent,2026-05-16T00:00:00.000Z,Listing removed,2026-04-25T00:00:00.000Z,Listed for rent
"202 Skunk Hollow Rd, Conway, AR 72032",202 Skunk Hollow Rd,Conway,AR,,forRent,3,1120,,1425,36,https://www.zillow.com/homedetails/202-Skunk-Hollow-Rd-Conway-AR-72032/228041_zpid/,,116083,2026-09-09T00:00:00.000Z,Listed for rent,2026-08-20T00:00:00.000Z,Listing removed,2026-08-19T00:00:00.000Z,Listed for rent,2026-07-20T00:00:00.000Z,Sold,2026-05-18T00:00:00.000Z,Contingent,2026-05-08T00:00:00.000Z,Listed for sale
"2 Hawthorne Dr, Conway, AR 72034",2 Hawthorne Dr,Conway,AR,,forRent,3,1408,,1600,62,https://www.zillow.com/homedetails/2-Hawthorne-Dr-Conway-AR-72034/237001_zpid/,,102000,2026-09-22T00:00:00.000Z,Price change,2026-09-06T00:00:00.000Z,Price change,2026-08-27T00:00:00.000Z,Price change,2026-07-24T00:00:00.000Z,Listed for rent,2014-07-29T00:00:00.000Z,Sold,2014-05-16T00:00:00.000Z,Price change
"4605 Valiant Dr, Conway, AR 72034",4605 Valiant Dr,Conway,AR,,forRent,3,1324,,1500,74,https://www.zillow.com/homedetails/4605-Valiant-Dr-Conway-AR-72034/52392383_zpid/,,122000,2026-08-01T00:00:00.000Z,Price change,2026-07-13T00:00:00.000Z,Listed for rent,2023-05-19T00:00:00.000Z,Listing removed,2023-05-02T00:00:00.000Z,Listed for rent,2022-04-11T00:00:00.000Z,Listing removed,2022-04-06T00:00:00.000Z,Listed for rent
"1906 Dave Ward Dr, Conway, AR 72034",1906 Dave Ward Dr,Conway,AR,,forRent,3,1335,,1000,44,https://www.zillow.com/homedetails/1906-Dave-Ward-Dr-Conway-AR-72034/2061771487_zpid/,,,2026-08-11T00:00:00.000Z,Listed for rent,2025-12-18T00:00:00.000Z,Listing removed,2025-11-11T00:00:00.000Z,Price change,2025-10-28T00:00:00.000Z,Price change,2025-10-03T00:00:00.000Z,Price change,2025-06-27T00:00:00.000Z,Listed for rent
"106 Jo Park Ln, Maumelle, AR 72113",106 Jo Park Ln,Maumelle,AR,,forRent,4,1640,,2000,49,https://www.zillow.com/homedetails/106-Jo-Park-Ln-Maumelle-AR-72113/2056841941_zpid/,,,2026-08-06T00:00:00.000Z,Listed for rent,2023-10-04T00:00:00.000Z,Listing removed,2023-10-03T00:00:00.000Z,Listed for rent,2023-10-03T00:00:00.000Z,Listing removed,2023-06-29T00:00:00.000Z,Listed for rent,,
"40 Ridge Trl, Sherwood, AR 72120",40 Ridge Trl,Sherwood,AR,,forRent,3,2200,,2100,34,https://www.zillow.com/homedetails/40-Ridge-Trl-Sherwood-AR-72120/232839_zpid/,,230600,2026-08-31T00:00:00.000Z,Price change,2026-08-21T00:00:00.000Z,Listed for rent,2026-08-12T00:00:00.000Z,Listing removed,2026-07-20T00:00:00.000Z,Listed for rent,2026-06-17T00:00:00.000Z,Listing removed,2026-06-02T00:00:00.000Z,Price change
"4420 Oregon Trl, Conway, AR 72034",4420 Oregon Trl,Conway,AR,,forRent,3,1300,,1600,5,https://www.zillow.com/homedetails/4420-Oregon-Trl-Conway-AR-72034/35730660_zpid/,,149100,2026-09-19T00:00:00.000Z,Listed for rent,2025-09-09T00:00:00.000Z,Listing removed,2025-08-11T00:00:00.000Z,Price change,2025-08-08T00:00:00.000Z,Listed for rent,2024-07-04T00:00:00.000Z,Listing removed,2024-06-29T00:00:00.000Z,Listed for rent
"2230 Cedar Oaks Dr, Conway, AR 72032",2230 Cedar Oaks Dr,Conway,AR,,forRent,3,1200,,1500,11,https://www.zillow.com/homedetails/2230-Cedar-Oaks-Dr-Conway-AR-72032/239909_zpid/,,640000,2026-09-13T00:00:00.000Z,Listed for rent,2014-10-22T00:00:00.000Z,Sold,2006-05-30T00:00:00.000Z,Sold,,,,,,
"26 Stonewood Dr, Cabot, AR 72023",26 Stonewood Dr,Cabot,AR,,forRent,3,1698,,1900,31,https://www.zillow.com/homedetails/26-Stonewood-Dr-Cabot-AR-72023/55151081_zpid/,,157000,2026-08-24T00:00:00.000Z,Listed for rent,2026-04-27T00:00:00.000Z,Sold,2025-11-06T00:00:00.000Z,Listing removed,2025-10-20T00:00:00.000Z,Price change,2025-09-18T00:00:00.000Z,Listed for sale,2018-02-05T00:00:00.000Z,Listing removed
"405 S Ash St, Conway, AR 72034",405 S Ash St,Conway,AR,,forRent,3,1100,,1200,14,https://www.zillow.com/homedetails/405-S-Ash-St-Conway-AR-72034/238063_zpid/,,75000,2026-09-10T00:00:00.000Z,Listed for rent,2021-02-23T00:00:00.000Z,Listing removed,2020-06-04T00:00:00.000Z,Listing removed,2020-06-02T00:00:00.000Z,Listed for rent,2020-04-30T00:00:00.000Z,Sold,2020-04-14T00:00:00.000Z,Listed for sale
"1155 Jackson Rd, Ward, AR 72176",1155 Jackson Rd,Ward,AR,,forRent,3,1280,,1300,14,https://www.zillow.com/homedetails/1155-Jackson-Rd-Ward-AR-72176/99441054_zpid/,,,2026-09-10T00:00:00.000Z,Listed for rent,2026-03-18T00:00:00.000Z,Listing removed,2026-03-13T00:00:00.000Z,Price change,2026-02-24T00:00:00.000Z,Listed for rent,2026-01-12T00:00:00.000Z,Listing removed,2025-11-14T00:00:00.000Z,Price change
"18 Lilly Ann Ct, Ward, AR 72176",18 Lilly Ann Ct,Ward,AR,,forRent,3,1355,,0,9,https://www.zillow.com/homedetails/18-Lilly-Ann-Ct-Ward-AR-72176/445792648_zpid/,,18000,2026-09-15T00:00:00.000Z,Listed for rent,2022-10-25T00:00:00.000Z,Listing removed,2022-10-07T00:00:00.000Z,Listed for sale,2017-08-16T00:00:00.000Z,Sold,,,,
"1845 Arden Ln, Conway, AR 72034",1845 Arden Ln,Conway,AR,,forRent,3,1205,,1575,10,https://www.zillow.com/homedetails/1845-Arden-Ln-Conway-AR-72034/71714882_zpid/,,139000,2026-08-30T00:00:00.000Z,Price change,2026-07-17T00:00:00.000Z,Listed for rent,2024-07-03T00:00:00.000Z,Listing removed,2024-06-25T00:00:00.000Z,Listed for rent,2023-02-27T00:00:00.000Z,Listing removed,2023-02-22T00:00:00.000Z,Listed for rent
"22 Kirkland St, Ward, AR 72176",22 Kirkland St,Ward,AR,,forRent,3,1185,,1350,23,https://www.zillow.com/homedetails/22-Kirkland-St-Ward-AR-72176/261280_zpid/,,84000,2026-07-15T00:00:00.000Z,Listed for rent,2026-06-16T00:00:00.000Z,Sold,2026-06-14T00:00:00.000Z,Contingent,2026-06-02T00:00:00.000Z,Price change,2026-05-28T00:00:00.000Z,Listed for sale,2014-10-30T00:00:00.000Z,Sold
"125 Old Red Rd, Ward, AR 72176",125 Old Red Rd,Ward,AR,,forRent,3,1280,,1000,21,https://www.zillow.com/homedetails/125-Old-Red-Rd-Ward-AR-72176/99434787_zpid/,,,2026-09-03T00:00:00.000Z,Listed for rent,2026-06-01T00:00:00.000Z,Listing removed,2026-05-19T00:00:00.000Z,Listed for rent,2026-04-20T00:00:00.000Z,Listing removed,2026-03-26T00:00:00.000Z,Listed for rent,2025-10-29T00:00:00.000Z,Listing removed
"26 Alexis Dr, Cabot, AR 72023",26 Alexis Dr,Cabot,AR,,forRent,3,1288,,1425,22,https://www.zillow.com/homedetails/26-Alexis-Dr-Cabot-AR-72023/255240_zpid/,,152900,2026-08-11T00:00:00.000Z,Price change,2026-07-29T00:00:00.000Z,Price change,2026-07-14T00:00:00.000Z,Listed for rent,2023-05-31T00:00:00.000Z,Listing removed,2023-05-17T00:00:00.000Z,Listed for rent,2023-03-10T00:00:00.000Z,Sold
"175 Southerland Rd, Conway, AR 72032",175 Southerland Rd,Conway,AR,,forRent,3,1532,,1650,22,https://www.zillow.com/homedetails/175-Southerland-Rd-Conway-AR-72032/35730518_zpid/,,165000,2026-09-02T00:00:00.000Z,Listed for rent,2025-07-03T00:00:00.000Z,Listing removed,2025-06-23T00:00:00.000Z,Listed for rent,2024-06-07T00:00:00.000Z,Listing removed,2024-05-25T00:00:00.000Z,Listed for rent,2022-05-09T00:00:00.000Z,Listing removed
"26 Deerfield Dr, Ward, AR 72176",26 Deerfield Dr,Ward,AR,,forRent,3,1309,,1550,3,https://www.zillow.com/homedetails/26-Deerfield-Dr-Ward-AR-72176/261138_zpid/,,125000,2026-09-22T00:00:00.000Z,Listed for rent,2026-09-14T00:00:00.000Z,Listing removed,2026-09-10T00:00:00.000Z,Price change,2026-09-04T00:00:00.000Z,Listed for sale,2013-05-29T00:00:00.000Z,Sold,,
"2230 Linda Dr, Conway, AR 72032",2230 Linda Dr,Conway,AR,,forRent,3,1348,,1650,3,https://www.zillow.com/homedetails/2230-Linda-Dr-Conway-AR-72032/102994419_zpid/,,205000,2026-09-21T00:00:00.000Z,Listed for rent,2023-11-10T00:00:00.000Z,Listing removed,2023-10-17T00:00:00.000Z,Listed for rent,2023-10-03T00:00:00.000Z,Sold,2021-03-24T00:00:00.000Z,Listing removed,2017-09-25T00:00:00.000Z,Listing removed
"15 Leruss Blvd, Cabot, AR 72023",15 Leruss Blvd,Cabot,AR,,forRent,,,,,,https://www.zillow.com/b/15-leruss-blvd-cabot-ar-CkhJp8/,,,,,,,,,,,,,,
"640 Cherub Dr, Conway, AR 72034",640 Cherub Dr,Conway,AR,,forRent,3,1144,,1500,11,https://www.zillow.com/homedetails/640-Cherub-Dr-Conway-AR-72034/242932_zpid/,,180000,2026-09-13T00:00:00.000Z,Listed for rent,2026-08-28T00:00:00.000Z,Sold,2026-08-27T00:00:00.000Z,Contingent,2026-07-26T00:00:00.000Z,Listed for sale,2018-04-26T00:00:00.000Z,Sold,2013-10-04T00:00:00.000Z,Sold
"34 Woodhaven Dr, Cabot, AR 72023",34 Woodhaven Dr,Cabot,AR,,forRent,3,1305,,1550,49,https://www.zillow.com/homedetails/34-Woodhaven-Dr-Cabot-AR-72023/338206710_zpid/,,165000,2026-09-19T00:00:00.000Z,Price change,2026-09-12T00:00:00.000Z,Price change,2026-08-07T00:00:00.000Z,Listed for rent,2025-04-03T00:00:00.000Z,Listing removed,2025-03-15T00:00:00.000Z,Price change,2025-02-13T00:00:00.000Z,Price change
"1315 Fairlane Dr, Conway, AR 72034",1315 Fairlane Dr,Conway,AR,,forRent,3,1288,,1300,3,https://www.zillow.com/homedetails/1315-Fairlane-Dr-Conway-AR-72034/234174_zpid/,,77000,2026-09-21T00:00:00.000Z,Listed for rent,2021-06-18T00:00:00.000Z,Sold,2014-11-12T00:00:00.000Z,Sold,1999-09-27T00:00:00.000Z,Sold,,,,
"1740 Raden St, Conway, AR 72032",1740 Raden St,Conway,AR,,forRent,3,1243,,1650,15,https://www.zillow.com/homedetails/1740-Raden-St-Conway-AR-72032/2061816633_zpid/,,,2026-09-09T00:00:00.000Z,Listed for rent,2026-05-19T00:00:00.000Z,Listing removed,2026-02-27T00:00:00.000Z,Price change,2022-11-09T00:00:00.000Z,Price change,2022-10-11T00:00:00.000Z,Price change,2022-08-22T00:00:00.000Z,Listed for rent
"1306 Bellemeade Dr, Conway, AR 72034",1306 Bellemeade Dr,Conway,AR,,forRent,3,2220,,1775,42,https://www.zillow.com/homedetails/1306-Bellemeade-Dr-Conway-AR-72034/234155_zpid/,,89090,2026-08-13T00:00:00.000Z,Listed for rent,2025-06-20T00:00:00.000Z,Listing removed,2025-05-09T00:00:00.000Z,Listed for rent,2017-12-01T00:00:00.000Z,Listing removed,2017-08-20T00:00:00.000Z,Price change,2017-05-31T00:00:00.000Z,Listed for sale
"103 E Concord Rd, Mayflower, AR 72106",103 E Concord Rd,Mayflower,AR,,forRent,3,1413,,1660,16,https://www.zillow.com/homedetails/103-E-Concord-Rd-Mayflower-AR-72106/463058000_zpid/,,,2026-09-09T00:00:00.000Z,Listed for rent,2026-08-14T00:00:00.000Z,Listing removed,2026-07-20T00:00:00.000Z,Price change,2026-06-09T00:00:00.000Z,Listed for sale,,,,
"1810 Rich Smith Ln, Conway, AR 72032",1810 Rich Smith Ln,Conway,AR,,forRent,3,2310,,2500,59,https://www.zillow.com/homedetails/1810-Rich-Smith-Ln-Conway-AR-72032/102992676_zpid/,,,2026-07-27T00:00:00.000Z,Price change,2026-06-22T00:00:00.000Z,Price change,2026-04-22T00:00:00.000Z,Price change,2026-01-07T00:00:00.000Z,Listed for rent,,,,
"1610 Raden St, Conway, AR 72032",1610 Raden St,Conway,AR,,forRent,3,1243,,1650,43,https://www.zillow.com/homedetails/1610-Raden-St-Conway-AR-72032/2066419442_zpid/,,,2026-08-12T00:00:00.000Z,Listed for rent,2025-10-04T00:00:00.000Z,Listing removed,2025-10-03T00:00:00.000Z,Listed for rent,2025-10-03T00:00:00.000Z,Listing removed,2025-07-18T00:00:00.000Z,Listed for rent,2023-12-30T00:00:00.000Z,Listing removed
"14095 Magnolia Glen Dr, Alexander, AR 72002",14095 Magnolia Glen Dr,Alexander,AR,,forRent,3,1228,,1530,23,https://www.zillow.com/homedetails/14095-Magnolia-Glen-Dr-Alexander-AR-72002/88906053_zpid/,,119500,2026-09-01T00:00:00.000Z,Listed for rent,2020-12-08T00:00:00.000Z,Listing removed,2020-12-02T00:00:00.000Z,Listed for rent,2016-09-27T00:00:00.000Z,Sold,2016-06-29T00:00:00.000Z,Price change,2016-06-06T00:00:00.000Z,Listed for sale
"6688 Hollywood Ave, Benton, AR 72019",6688 Hollywood Ave,Benton,AR,,forRent,3,1051,,1595,20,https://www.zillow.com/homedetails/6688-Hollywood-Ave-Benton-AR-72019/460744960_zpid/,,183900,2026-09-04T00:00:00.000Z,Listed for rent,2026-08-28T00:00:00.000Z,Sold,2026-08-10T00:00:00.000Z,Contingent,2026-06-25T00:00:00.000Z,Price change,2026-06-18T00:00:00.000Z,Price change,2026-06-09T00:00:00.000Z,Price change
"4555 Graham Dr, Conway, AR 72034",4555 Graham Dr,Conway,AR,,forRent,3,1192,,1400,42,https://www.zillow.com/homedetails/4555-Graham-Dr-Conway-AR-72034/59917944_zpid/,,185000,2026-08-13T00:00:00.000Z,Listed for rent,2024-10-02T00:00:00.000Z,Listing removed,2024-09-23T00:00:00.000Z,Listed for rent,2023-07-28T00:00:00.000Z,Sold,2023-06-28T00:00:00.000Z,Contingent,2023-06-28T00:00:00.000Z,Listed for sale
"1155 Mimosa Dr, Conway, AR 72034",1155 Mimosa Dr,Conway,AR,,forRent,3,1236,,1400,20,https://www.zillow.com/homedetails/1155-Mimosa-Dr-Conway-AR-72034/35730018_zpid/,,78000,2026-09-04T00:00:00.000Z,Listed for rent,2025-06-19T00:00:00.000Z,Listing removed,2025-06-16T00:00:00.000Z,Listed for rent,2023-09-26T00:00:00.000Z,Listing removed,2023-09-11T00:00:00.000Z,Listed for rent,2019-06-13T00:00:00.000Z,Listing removed
"227 Iris St, Haskell, AR 72015",227 Iris St,Haskell,AR,,forRent,3,1420,,1625,59,https://www.zillow.com/homedetails/227-Iris-St-Haskell-AR-72015/2060765172_zpid/,,195000,2026-09-23T00:00:00.000Z,Price change,2026-09-10T00:00:00.000Z,Price change,2026-08-27T00:00:00.000Z,Price change,2026-07-27T00:00:00.000Z,Listed for rent,2023-02-16T00:00:00.000Z,Listing removed,2023-02-08T00:00:00.000Z,Price change
"3001 Wild Berry Dr, Benton, AR 72015",3001 Wild Berry Dr,Benton,AR,,forRent,3,1486,,1725,34,https://www.zillow.com/homedetails/3001-Wild-Berry-Dr-Benton-AR-72015/71716346_zpid/,,184900,2026-08-21T00:00:00.000Z,Listed for rent,2024-07-31T00:00:00.000Z,Listing removed,2024-07-05T00:00:00.000Z,Listed for rent,2023-04-21T00:00:00.000Z,Listing removed,2023-04-19T00:00:00.000Z,Listed for rent,2022-03-28T00:00:00.000Z,Listing removed
"607 Timberline Rd, Jacksonville, AR 72076",607 Timberline Rd,Jacksonville,AR,,forRent,3,1305,,1700,19,https://www.zillow.com/homedetails/607-Timberline-Rd-Jacksonville-AR-72076/447645046_zpid/,,,2026-09-05T00:00:00.000Z,Listed for rent,2025-08-07T00:00:00.000Z,Listing removed,2025-07-01T00:00:00.000Z,Price change,2025-04-02T00:00:00.000Z,Price change,2025-02-27T00:00:00.000Z,Listed for rent,2025-02-27T00:00:00.000Z,Listing removed
"5399 Heritage Valley Dr, Benton, AR 72019",5399 Heritage Valley Dr,Benton,AR,,forRent,4,1790,,1800,59,https://www.zillow.com/homedetails/5399-Heritage-Valley-Dr-Benton-AR-72019/2062299989_zpid/,,245000,2026-09-10T00:00:00.000Z,Price change,2026-08-31T00:00:00.000Z,Price change,2026-07-27T00:00:00.000Z,Listed for rent,2026-07-15T00:00:00.000Z,Listing removed,2026-05-22T00:00:00.000Z,Price change,2026-04-02T00:00:00.000Z,Listed for sale
"313 S Neeley St, Benton, AR 72015",313 S Neeley St,Benton,AR,,forRent,3,1800,,1545,38,https://www.zillow.com/homedetails/313-S-Neeley-St-Benton-AR-72015/2067919637_zpid/,,205000,2026-09-23T00:00:00.000Z,Price change,2026-09-10T00:00:00.000Z,Price change,2026-08-17T00:00:00.000Z,Listed for rent,2025-09-14T00:00:00.000Z,Listing removed,2025-09-02T00:00:00.000Z,Listed for rent,2023-02-17T00:00:00.000Z,Listing removed
"2530 Peabody Dr, Conway, AR 72032",2530 Peabody Dr,Conway,AR,,forRent,3,1271,,1500,40,https://www.zillow.com/homedetails/2530-Peabody-Dr-Conway-AR-72032/239829_zpid/,,199000,2026-08-15T00:00:00.000Z,Listed for rent,2025-07-28T00:00:00.000Z,Sold,2025-06-29T00:00:00.000Z,Contingent,2025-06-28T00:00:00.000Z,Listed for sale,2014-12-23T00:00:00.000Z,Sold,2013-09-19T00:00:00.000Z,Sold
"13757 Cedar Glen Cv, Alexander, AR 72002",13757 Cedar Glen Cv,Alexander,AR,,forRent,3,1408,,1575,29,https://www.zillow.com/homedetails/13757-Cedar-Glen-Cv-Alexander-AR-72002/92432562_zpid/,,124900,2026-08-26T00:00:00.000Z,Listed for rent,2017-02-19T00:00:00.000Z,Listing removed,2017-01-26T00:00:00.000Z,Listed for rent,2007-07-18T00:00:00.000Z,Sold,2007-01-31T00:00:00.000Z,Sold,,
"17 Greenbrier Dr, Benton, AR 72015",17 Greenbrier Dr,Benton,AR,,forRent,3,1460,,1545,52,https://www.zillow.com/homedetails/17-Greenbrier-Dr-Benton-AR-72015/386172_zpid/,,143000,2026-09-17T00:00:00.000Z,Price change,2026-08-27T00:00:00.000Z,Price change,2026-08-03T00:00:00.000Z,Listed for rent,2026-02-23T00:00:00.000Z,Listing removed,2026-02-19T00:00:00.000Z,Price change,2026-01-29T00:00:00.000Z,Price change
"22530 Sam Tillery Dr, Alexander, AR 72002",22530 Sam Tillery Dr,Alexander,AR,,forRent,3,1633,,1995,2,https://www.zillow.com/homedetails/22530-Sam-Tillery-Dr-Alexander-AR-72002/465489014_zpid/,,,2026-09-22T00:00:00.000Z,Listed for rent,,,,,,,,,,
"414 Newcomb Cv, Benton, AR 72015",414 Newcomb Cv,Benton,AR,,forRent,3,1384,,1600,5,https://www.zillow.com/homedetails/414-Newcomb-Cv-Benton-AR-72015/384931_zpid/,,65531,2026-07-17T00:00:00.000Z,Listed for rent,2010-11-30T00:00:00.000Z,Sold,2005-03-03T00:00:00.000Z,Sold,,,,,,
"830 Gussy Ln, Benton, AR 72019",830 Gussy Ln,Benton,AR,,forRent,,,,,,https://www.zillow.com/b/830-gussy-ln-benton-ar-CqYvFB/,,,,,,,,,,,,,,
"14457 Skyline Dr, Alexander, AR 72002",14457 Skyline Dr,Alexander,AR,,forRent,3,1974,,1950,10,https://www.zillow.com/homedetails/14457-Skyline-Dr-Alexander-AR-72002/120792053_zpid/,,210000,2026-09-15T00:00:00.000Z,Listed for rent,2021-11-05T00:00:00.000Z,Sold,2015-12-17T00:00:00.000Z,Sold,,,,,,
"905 Pheasant Cv, Benton, AR 72019",905 Pheasant Cv,Benton,AR,,forRent,3,1415,,1595,21,https://www.zillow.com/homedetails/905-Pheasant-Cv-Benton-AR-72019/385747_zpid/,,158000,2026-09-03T00:00:00.000Z,Listed for rent,2022-05-16T00:00:00.000Z,Listing removed,2022-04-20T00:00:00.000Z,Price change,2022-04-14T00:00:00.000Z,Price change,2022-04-06T00:00:00.000Z,Price change,2022-03-22T00:00:00.000Z,Listed for rent
"1067 Huntington Dr, Benton, AR 72019",1067 Huntington Dr,Benton,AR,,forRent,4,1459,,1445,42,https://www.zillow.com/homedetails/1067-Huntington-Dr-Benton-AR-72019/2061767452_zpid/,,,2026-09-24T00:00:00.000Z,Price change,2026-09-17T00:00:00.000Z,Price change,2026-08-13T00:00:00.000Z,Listed for rent,2024-11-08T00:00:00.000Z,Listing removed,2024-11-05T00:00:00.000Z,Listed for rent,2024-03-22T00:00:00.000Z,Listing removed
"5137 Woodstream Dr, Alexander, AR 72002",5137 Woodstream Dr,Alexander,AR,,forRent,3,1460,,1600,6,https://www.zillow.com/homedetails/5137-Woodstream-Dr-Alexander-AR-72002/2078172293_zpid/,,167825,2026-09-18T00:00:00.000Z,Listed for rent,2026-04-27T00:00:00.000Z,Listing removed,2026-04-01T00:00:00.000Z,Listed for rent,2022-11-20T00:00:00.000Z,Listing removed,2022-10-04T00:00:00.000Z,Listed for rent,2020-12-04T00:00:00.000Z,Sold
"1294 Ridge Rd, Benton, AR 72015",1294 Ridge Rd,Benton,AR,,forRent,3,1108,,1120,18,https://www.zillow.com/homedetails/1294-Ridge-Rd-Benton-AR-72015/114182952_zpid/,,2000,2026-09-24T00:00:00.000Z,Price change,2026-09-06T00:00:00.000Z,Listed for rent,2022-08-12T00:00:00.000Z,Listing removed,2022-08-01T00:00:00.000Z,Price change,2022-07-27T00:00:00.000Z,Listed for rent,2013-02-01T00:00:00.000Z,Sold
"5096 Woodstream Dr, Alexander, AR 72002",5096 Woodstream Dr,Alexander,AR,,forRent,3,1594,,2600,20,https://www.zillow.com/homedetails/5096-Woodstream-Dr-Alexander-AR-72002/2077881150_zpid/,,180150,2026-09-05T00:00:00.000Z,Listed for rent,2024-10-14T00:00:00.000Z,Listing removed,2023-08-19T00:00:00.000Z,Listing removed,2023-07-23T00:00:00.000Z,Listed for rent,2023-03-09T00:00:00.000Z,Listing removed,2023-02-12T00:00:00.000Z,Listed for rent
"17024 Congo Ferndale Rd, Little Rock, AR 72210",17024 Congo Ferndale Rd,Little Rock,AR,,forRent,4,1590,,1675,106,https://www.zillow.com/homedetails/17024-Congo-Ferndale-Rd-Little-Rock-AR-72210/370120_zpid/,,279500,2026-06-10T00:00:00.000Z,Listed for rent,2020-09-11T00:00:00.000Z,Listing removed,2020-07-23T00:00:00.000Z,Listed for rent,2018-05-13T00:00:00.000Z,Listing removed,2018-01-31T00:00:00.000Z,Listed for rent,2017-03-29T00:00:00.000Z,Sold
"154 Roman Heights Ave, Alexander, AR 72002",154 Roman Heights Ave,Alexander,AR,,forRent,,,,,,https://www.zillow.com/b/154-roman-heights-ave-alexander-ar-Cdzchh/,,,,,,,,,,,,,,
"4056 Kings River Trl, Bauxite, AR 72011",4056 Kings River Trl,Bauxite,AR,,forRent,3,1480,,1345,58,https://www.zillow.com/homedetails/4056-Kings-River-Trl-Bauxite-AR-72011/2062403626_zpid/,,200660,2026-09-22T00:00:00.000Z,Price change,2026-08-27T00:00:00.000Z,Price change,2026-08-20T00:00:00.000Z,Price change,2026-08-13T00:00:00.000Z,Price change,2026-07-29T00:00:00.000Z,Listed for rent,2023-02-11T00:00:00.000Z,Listing removed
"22930 Sam Tillery Dr, Alexander, AR 72002",22930 Sam Tillery Dr,Alexander,AR,,forRent,4,1640,,2000,31,https://www.zillow.com/homedetails/22930-Sam-Tillery-Dr-Alexander-AR-72002/464786376_zpid/,,,2026-09-10T00:00:00.000Z,Price change,2026-09-08T00:00:00.000Z,Price change,2026-08-24T00:00:00.000Z,Listed for rent,,,,,,
"3031 Trelon Cv, Alexander, AR 72002",3031 Trelon Cv,Alexander,AR,,forRent,3,1640,,1645,0,https://www.zillow.com/homedetails/3031-Trelon-Cv-Alexander-AR-72002/2062143982_zpid/,,,2026-09-25T00:00:00.000Z,Listed for rent,2023-12-15T00:00:00.000Z,Listing removed,2023-12-05T00:00:00.000Z,Price change,2023-10-26T00:00:00.000Z,Listed for rent,2023-04-19T00:00:00.000Z,Listing removed,2023-03-24T00:00:00.000Z,Price change
"5813 Heritage Heights Dr, Benton, AR 72019",5813 Heritage Heights Dr,Benton,AR,,forRent,4,1792,,1695,112,https://www.zillow.com/homedetails/5813-Heritage-Heights-Dr-Benton-AR-72019/71715692_zpid/,,199000,2026-08-27T00:00:00.000Z,Price change,2026-08-12T00:00:00.000Z,Price change,2026-07-29T00:00:00.000Z,Price change,2026-07-15T00:00:00.000Z,Price change,2026-06-04T00:00:00.000Z,Listed for rent,2024-04-06T00:00:00.000Z,Listing removed
"1281 Meadows Dr, Benton, AR 72019",1281 Meadows Dr,Benton,AR,,forRent,3,1523,,1595,0,https://www.zillow.com/homedetails/1281-Meadows-Dr-Benton-AR-72019/440544514_zpid/,,198850,2026-09-24T00:00:00.000Z,Listed for rent,2025-04-25T00:00:00.000Z,Listing removed,2025-04-01T00:00:00.000Z,Price change,2025-03-07T00:00:00.000Z,Listed for rent,2025-02-18T00:00:00.000Z,Sold,2025-01-23T00:00:00.000Z,Contingent
"1602 Harmon Dr, Benton, AR 72015",1602 Harmon Dr,Benton,AR,,forRent,4,1881,,1595,7,https://www.zillow.com/homedetails/1602-Harmon-Dr-Benton-AR-72015/384937_zpid/,,100000,2026-09-18T00:00:00.000Z,Listed for rent,2025-09-12T00:00:00.000Z,Listing removed,2025-06-03T00:00:00.000Z,Listed for rent,2025-05-27T00:00:00.000Z,Listing removed,2025-05-22T00:00:00.000Z,Listed for sale,2025-05-13T00:00:00.000Z,Sold
"3225 Jean Cv, Alexander, AR 72002",3225 Jean Cv,Alexander,AR,,forRent,3,2827,,2600,170,https://www.zillow.com/homedetails/3225-Jean-Cv-Alexander-AR-72002/378862_zpid/,,,2026-07-27T00:00:00.000Z,Price change,2026-04-07T00:00:00.000Z,Listed for rent,,,,,,,,
"6056 Orange Valley Cv, Mabelvale, AR 72103",6056 Orange Valley Cv,Mabelvale,AR,,forRent,4,1537,,1675,17,https://www.zillow.com/homedetails/6056-Orange-Valley-Cv-Mabelvale-AR-72103/463591455_zpid/,,,2026-07-01T00:00:00.000Z,Listed for rent,,,,,,,,,,
"2225 Redwood, Benton, AR 72015",2225 Redwood,Benton,AR,,forRent,3,1758,,1800,115,https://www.zillow.com/homedetails/2225-Redwood-Benton-AR-72015/52934068_zpid/,,132000,2026-09-03T00:00:00.000Z,Price change,2026-08-17T00:00:00.000Z,Price change,2026-07-13T00:00:00.000Z,Price change,2026-06-01T00:00:00.000Z,Listed for rent,2025-05-31T00:00:00.000Z,Listing removed,2025-05-17T00:00:00.000Z,Listed for rent
"6634 Hollywood Ave, Benton, AR 72019",6634 Hollywood Ave,Benton,AR,,forRent,3,1051,,1195,16,https://www.zillow.com/homedetails/6634-Hollywood-Ave-Benton-AR-72019/459936342_zpid/,,,2026-09-09T00:00:00.000Z,Listed for rent,2026-08-14T00:00:00.000Z,Listing removed,2026-06-25T00:00:00.000Z,Price change,2026-06-17T00:00:00.000Z,Price change,2026-06-08T00:00:00.000Z,Price change,2026-05-28T00:00:00.000Z,Price change
"2248 Centennial Valley Dr, Benton, AR 72019",2248 Centennial Valley Dr,Benton,AR,,forRent,3,1480,,1595,1,https://www.zillow.com/homedetails/2248-Centennial-Valley-Dr-Benton-AR-72019/2071964933_zpid/,,203315,2026-09-23T00:00:00.000Z,Listed for rent,2025-09-12T00:00:00.000Z,Listing removed,2025-09-10T00:00:00.000Z,Price change,2025-08-18T00:00:00.000Z,Listed for rent,2021-10-28T00:00:00.000Z,Sold,2021-07-30T00:00:00.000Z,Pending sale
"3509 Terrace Hill Ct, Benton, AR 72019",3509 Terrace Hill Ct,Benton,AR,,forRent,3,1500,,1400,24,https://www.zillow.com/homedetails/3509-Terrace-Hill-Ct-Benton-AR-72019/124735446_zpid/,,122580,2026-09-08T00:00:00.000Z,Price change,2026-08-31T00:00:00.000Z,Listed for rent,2023-07-09T00:00:00.000Z,Listing removed,2023-07-06T00:00:00.000Z,Listed for rent,2022-03-04T00:00:00.000Z,Sold,2014-09-04T00:00:00.000Z,Sold
"4903 Natalie Dr, Bryant, AR 72022",4903 Natalie Dr,Bryant,AR,,forRent,4,1990,,1860,31,https://www.zillow.com/homedetails/4903-Natalie-Dr-Bryant-AR-72022/82281136_zpid/,,38000,2026-08-24T00:00:00.000Z,Listed for rent,2007-08-22T00:00:00.000Z,Sold,,,,,,,,
"1008 Santa Fe Trl, Bauxite, AR 72011",1008 Santa Fe Trl,Bauxite,AR,,forRent,,,,,,https://www.zillow.com/b/1008-santa-fe-trl-bauxite-ar-BqKjfx/,,,,,,,,,,,,,,
"21 Willard St, Ward, AR 72176",21 Willard St,Ward,AR,,forRent,3,1301,,1350,41,https://www.zillow.com/homedetails/21-Willard-St-Ward-AR-72176/55151159_zpid/,,165000,2026-09-19T00:00:00.000Z,Price change,2026-08-14T00:00:00.000Z,Listed for rent,2022-08-08T00:00:00.000Z,Sold,2014-12-24T00:00:00.000Z,Listing removed,2014-11-06T00:00:00.000Z,Price change,2014-10-02T00:00:00.000Z,Listed for rent
"6065 Discovery Trl, Bauxite, AR 72011",6065 Discovery Trl,Bauxite,AR,,forRent,4,1459,,1595,9,https://www.zillow.com/homedetails/6065-Discovery-Trl-Bauxite-AR-72011/442588179_zpid/,,192660,2026-09-15T00:00:00.000Z,Listed for rent,2026-08-11T00:00:00.000Z,Listing removed,2026-08-03T00:00:00.000Z,Listed for rent,2025-07-01T00:00:00.000Z,Listing removed,2025-05-23T00:00:00.000Z,Listed for rent,2025-05-09T00:00:00.000Z,Sold
"2705 Timbermist Cir, Benton, AR 72015",2705 Timbermist Cir,Benton,AR,,forRent,3,1200,,1575,7,https://www.zillow.com/homedetails/2705-Timbermist-Cir-Benton-AR-72015/386796_zpid/,,151000,2026-09-17T00:00:00.000Z,Listed for rent,2025-09-02T00:00:00.000Z,Listing removed,2025-08-27T00:00:00.000Z,Price change,2025-08-14T00:00:00.000Z,Price change,2025-06-30T00:00:00.000Z,Listed for rent,2022-08-30T00:00:00.000Z,Listing removed
"14611 Parkway Meadows Dr, Alexander, AR 72002",14611 Parkway Meadows Dr,Alexander,AR,,forRent,3,1500,,1625,7,https://www.zillow.com/homedetails/14611-Parkway-Meadows-Dr-Alexander-AR-72002/112089546_zpid/,,192000,2026-09-17T00:00:00.000Z,Listed for rent,2025-09-08T00:00:00.000Z,Listing removed,2025-08-28T00:00:00.000Z,Listed for rent,2024-09-13T00:00:00.000Z,Listing removed,2024-08-05T00:00:00.000Z,Listed for rent,2024-07-24T00:00:00.000Z,Listing removed
"211 Rodney Guthrie Dr, Cabot, AR 72023",211 Rodney Guthrie Dr,Cabot,AR,,forRent,3,1268,,1345,49,https://www.zillow.com/homedetails/211-Rodney-Guthrie-Dr-Cabot-AR-72023/256835_zpid/,,155000,2026-08-06T00:00:00.000Z,Listed for rent,2025-09-22T00:00:00.000Z,Listing removed,2025-08-26T00:00:00.000Z,Price change,2025-07-29T00:00:00.000Z,Listed for rent,2023-07-27T00:00:00.000Z,Listing removed,2023-07-06T00:00:00.000Z,Listed for rent
"4541 Western Woods Dr, Benton, AR 72015",4541 Western Woods Dr,Benton,AR,,forRent,4,2000,,1895,9,https://www.zillow.com/homedetails/4541-Western-Woods-Dr-Benton-AR-72015/2061302075_zpid/,,313100,2026-09-15T00:00:00.000Z,Listed for rent,2023-03-31T00:00:00.000Z,Sold,2022-11-05T00:00:00.000Z,Listing removed,2022-09-30T00:00:00.000Z,Listed for rent,,,,
"35 G St, Cabot, AR 72023",35 G St,Cabot,AR,,forRent,3,1849,,1825,78,https://www.zillow.com/homedetails/35-G-St-Cabot-AR-72023/254255_zpid/,,230000,2026-07-25T00:00:00.000Z,Price change,2026-07-09T00:00:00.000Z,Price change,2026-05-03T00:00:00.000Z,Listed for rent,2025-05-25T00:00:00.000Z,Listing removed,2025-05-14T00:00:00.000Z,Price change,2025-05-01T00:00:00.000Z,Listed for rent
"8512 Highway 5 N, Benton, AR 72019",8512 Highway 5 N,Benton,AR,,forRent,4,1533,,1895,10,https://www.zillow.com/homedetails/8512-Highway-5-N-Benton-AR-72019/394628139_zpid/,,,2026-09-14T00:00:00.000Z,Listed for rent,2024-09-13T00:00:00.000Z,Listing removed,2024-07-15T00:00:00.000Z,Listed for rent,,,,,,
"821 Church, Benton, AR 72015",821 Church,Benton,AR,,forRent,4,1540,,1675,20,https://www.zillow.com/homedetails/821-Church-Benton-AR-72015/387634_zpid/,,155000,2026-09-04T00:00:00.000Z,Listed for rent,2021-08-04T00:00:00.000Z,Listing removed,2021-07-27T00:00:00.000Z,Listed for rent,2021-06-04T00:00:00.000Z,Sold,2020-12-14T00:00:00.000Z,Sold,2020-10-24T00:00:00.000Z,Listed for sale
"4409 Olympic Dr, Benton, AR 72019",4409 Olympic Dr,Benton,AR,,forRent,4,1566,,1600,3,https://www.zillow.com/homedetails/4409-Olympic-Dr-Benton-AR-72019/446361230_zpid/,,182600,2026-09-21T00:00:00.000Z,Listed for rent,2024-07-09T00:00:00.000Z,Listing removed,2024-06-13T00:00:00.000Z,Listed for rent,2021-04-21T00:00:00.000Z,Sold,,,,
"3002 Forest Dr, Bryant, AR 72022",3002 Forest Dr,Bryant,AR,,forRent,3,1409,,1650,15,https://www.zillow.com/homedetails/3002-Forest-Dr-Bryant-AR-72022/390575_zpid/,,213000,2026-09-10T00:00:00.000Z,Listed for rent,2026-08-24T00:00:00.000Z,Sold,2026-06-30T00:00:00.000Z,Listed for sale,2018-03-05T00:00:00.000Z,Sold,2011-03-18T00:00:00.000Z,Sold,2011-02-13T00:00:00.000Z,Listed for sale
"2500 Gibby Dr, Conway, AR 72032",2500 Gibby Dr,Conway,AR,,forRent,3,1221,,1350,20,https://www.zillow.com/homedetails/2500-Gibby-Dr-Conway-AR-72032/239939_zpid/,,123000,2026-09-04T00:00:00.000Z,Listed for rent,2021-03-24T00:00:00.000Z,Listing removed,2021-03-12T00:00:00.000Z,Sold,2015-06-30T00:00:00.000Z,Sold,2015-03-29T00:00:00.000Z,Listing removed,2015-03-15T00:00:00.000Z,Listed for sale
"2765 Archer Ln, Conway, AR 72034",2765 Archer Ln,Conway,AR,,forRent,3,1560,,1700,41,https://www.zillow.com/homedetails/2765-Archer-Ln-Conway-AR-72034/241241_zpid/,,154500,2026-08-14T00:00:00.000Z,Listed for rent,2025-09-17T00:00:00.000Z,Listing removed,2025-08-12T00:00:00.000Z,Listed for rent,2024-05-31T00:00:00.000Z,Listing removed,2024-05-16T00:00:00.000Z,Listed for rent,2023-06-05T00:00:00.000Z,Listing removed
"6413 Amalie Dr, Alexander, AR 72002",6413 Amalie Dr,Alexander,AR,,forRent,3,1485,,1675,16,https://www.zillow.com/homedetails/6413-Amalie-Dr-Alexander-AR-72002/247595729_zpid/,,198000,2026-09-08T00:00:00.000Z,Listed for rent,2025-08-18T00:00:00.000Z,Listing removed,2025-08-06T00:00:00.000Z,Listed for rent,2022-05-12T00:00:00.000Z,Listing removed,2022-05-04T00:00:00.000Z,Price change,2022-04-27T00:00:00.000Z,Price change
"1620 Rambling Brook Dr, Benton, AR 72015",1620 Rambling Brook Dr,Benton,AR,,forRent,3,1355,,1850,14,https://www.zillow.com/homedetails/1620-Rambling-Brook-Dr-Benton-AR-72015/463057732_zpid/,,206900,2026-09-10T00:00:00.000Z,Listed for rent,2026-08-28T00:00:00.000Z,Sold,2026-08-05T00:00:00.000Z,Contingent,2026-07-20T00:00:00.000Z,Price change,2026-07-09T00:00:00.000Z,Price change,2026-06-09T00:00:00.000Z,Listed for sale
"1628 Rambling Brook Dr, Benton, AR 72015",1628 Rambling Brook Dr,Benton,AR,,forRent,3,1216,,1850,14,https://www.zillow.com/homedetails/1628-Rambling-Brook-Dr-Benton-AR-72015/463057763_zpid/,,200900,2026-09-10T00:00:00.000Z,Listed for rent,2026-08-28T00:00:00.000Z,Sold,2026-08-05T00:00:00.000Z,Contingent,2026-07-20T00:00:00.000Z,Price change,2026-07-09T00:00:00.000Z,Price change,2026-06-09T00:00:00.000Z,Listed for sale
"600 S Davis St, Conway, AR 72034",600 S Davis St,Conway,AR,,forRent,3,1728,,1500,94,https://www.zillow.com/homedetails/600-S-Davis-St-Conway-AR-72034/235022_zpid/,,108500,2026-09-02T00:00:00.000Z,Price change,2026-07-20T00:00:00.000Z,Price change,2026-07-06T00:00:00.000Z,Price change,2026-06-22T00:00:00.000Z,Listed for rent,2022-10-20T00:00:00.000Z,Listing removed,2022-10-11T00:00:00.000Z,Price change
"300 Jefferson St, Benton, AR 72015",300 Jefferson St,Benton,AR,,forRent,3,1300,,1300,5,https://www.zillow.com/homedetails/300-Jefferson-St-Benton-AR-72015/114167718_zpid/,,,2026-09-25T00:00:00.000Z,Price change,2026-09-19T00:00:00.000Z,Listed for rent,,,,,,,,
"3264 Sidell Rd, Benton, AR 72015",3264 Sidell Rd,Benton,AR,,forRent,4,1652,,1795,6,https://www.zillow.com/homedetails/3264-Sidell-Rd-Benton-AR-72015/465427229_zpid/,,,2026-09-18T00:00:00.000Z,Listed for rent,,,,,,,,,,
"416 Jackman St, Benton, AR 72015",416 Jackman St,Benton,AR,,forRent,3,1200,,1600,5,https://www.zillow.com/homedetails/416-Jackman-St-Benton-AR-72015/389112_zpid/,,140000,2026-09-19T00:00:00.000Z,Listed for rent,2025-10-31T00:00:00.000Z,Sold,2025-10-13T00:00:00.000Z,Contingent,2025-10-04T00:00:00.000Z,Price change,2025-09-26T00:00:00.000Z,Listed for sale,2017-01-05T00:00:00.000Z,Sold
"2925 Gillis Dr, Benton, AR 72015",2925 Gillis Dr,Benton,AR,,forRent,4,2021,,2350,17,https://www.zillow.com/homedetails/2925-Gillis-Dr-Benton-AR-72015/2068772088_zpid/,,,2026-09-07T00:00:00.000Z,Listed for rent,2025-02-28T00:00:00.000Z,Listing removed,2025-02-07T00:00:00.000Z,Listed for rent,2021-10-21T00:00:00.000Z,Listing removed,2021-08-19T00:00:00.000Z,Listed for sale,,
"911 James Madison Dr, Benton, AR 72019",911 James Madison Dr,Benton,AR,,forRent,3,2014,,1700,8,https://www.zillow.com/homedetails/911-James-Madison-Dr-Benton-AR-72019/82278084_zpid/,,175000,2026-09-16T00:00:00.000Z,Listed for rent,2024-07-26T00:00:00.000Z,Sold,2021-07-01T00:00:00.000Z,Sold,2014-03-12T00:00:00.000Z,Sold,,,,
"37 Saint John St, Cabot, AR 72023",37 Saint John St,Cabot,AR,,forRent,3,1188,,1295,86,https://www.zillow.com/homedetails/37-Saint-John-St-Cabot-AR-72023/253499_zpid/,,81500,2026-09-03T00:00:00.000Z,Price change,2026-03-31T00:00:00.000Z,Listed for rent,2026-03-26T00:00:00.000Z,Sold,2026-03-19T00:00:00.000Z,Contingent,2026-03-14T00:00:00.000Z,Price change,2026-02-27T00:00:00.000Z,Price change
"2933 Gillis Dr, Benton, AR 72015",2933 Gillis Dr,Benton,AR,,forRent,5,2500,,2500,17,https://www.zillow.com/homedetails/2933-Gillis-Dr-Benton-AR-72015/443098023_zpid/,,,2026-09-07T00:00:00.000Z,Listed for rent,2025-02-28T00:00:00.000Z,Listing removed,2025-02-18T00:00:00.000Z,Listed for rent,,,,,,
"102 Rosebud Cir, Cabot, AR 72023",102 Rosebud Cir,Cabot,AR,,forRent,3,1277,,1375,55,https://www.zillow.com/homedetails/102-Rosebud-Cir-Cabot-AR-72023/63160774_zpid/,,199000,2026-09-15T00:00:00.000Z,Price change,2026-07-31T00:00:00.000Z,Listed for rent,2024-10-10T00:00:00.000Z,Listing removed,2024-10-09T00:00:00.000Z,Price change,2024-09-26T00:00:00.000Z,Listed for rent,2024-08-23T00:00:00.000Z,Sold
"1021 Circle Dr, Benton, AR 72015",1021 Circle Dr,Benton,AR,,forRent,3,1256,,1350,4,https://www.zillow.com/homedetails/1021-Circle-Dr-Benton-AR-72015/386718_zpid/,,50000,2026-09-20T00:00:00.000Z,Listed for rent,2023-03-06T00:00:00.000Z,Listing removed,2023-02-25T00:00:00.000Z,Listed for rent,2020-07-30T00:00:00.000Z,Sold,,,,
"3369 Garden Club Dr, Benton, AR 72022",3369 Garden Club Dr,Benton,AR,,forRent,3,1305,,1700,11,https://www.zillow.com/homedetails/3369-Garden-Club-Dr-Benton-AR-72022/118174164_zpid/,,172500,2026-09-14T00:00:00.000Z,Listed for rent,2025-06-21T00:00:00.000Z,Listing removed,2025-05-20T00:00:00.000Z,Listed for rent,2025-02-04T00:00:00.000Z,Listing removed,2025-01-07T00:00:00.000Z,Listed for rent,2024-09-03T00:00:00.000Z,Listing removed
"351 Meadow Creek Dr, Haskell, AR 72015",351 Meadow Creek Dr,Haskell,AR,,forRent,3,1625,,1650,48,https://www.zillow.com/homedetails/351-Meadow-Creek-Dr-Haskell-AR-72015/92428597_zpid/,,139900,2026-08-07T00:00:00.000Z,Listed for rent,2024-09-13T00:00:00.000Z,Listing removed,2024-07-17T00:00:00.000Z,Listed for rent,2022-10-26T00:00:00.000Z,Listing removed,2022-10-15T00:00:00.000Z,Price change,2022-10-04T00:00:00.000Z,Price change
"308 McCright St, Benton, AR 72015",308 McCright St,Benton,AR,,forRent,3,1850,,1600,3,https://www.zillow.com/homedetails/308-McCright-St-Benton-AR-72015/387313_zpid/,,75000,2026-09-21T00:00:00.000Z,Listed for rent,2025-11-20T00:00:00.000Z,Listing removed,2025-11-07T00:00:00.000Z,Price change,2025-09-16T00:00:00.000Z,Listed for rent,2023-12-21T00:00:00.000Z,Listing removed,2023-12-19T00:00:00.000Z,Listed for rent
"1116 Kenwood Cv, Bryant, AR 72022",1116 Kenwood Cv,Bryant,AR,,forRent,4,1931,,2100,35,https://www.zillow.com/homedetails/1116-Kenwood-Cv-Bryant-AR-72022/52934559_zpid/,,120000,2026-08-20T00:00:00.000Z,Listed for rent,2025-07-26T00:00:00.000Z,Listing removed,2025-07-22T00:00:00.000Z,Listed for rent,2024-01-18T00:00:00.000Z,Listing removed,2023-10-26T00:00:00.000Z,Listed for rent,2022-06-08T00:00:00.000Z,Listing removed
"6316 Warwick Dr, Alexander, AR 72002",6316 Warwick Dr,Alexander,AR,,forRent,4,1884,,2300,55,https://www.zillow.com/homedetails/6316-Warwick-Dr-Alexander-AR-72002/461049113_zpid/,,277000,2026-09-18T00:00:00.000Z,Price change,2026-07-31T00:00:00.000Z,Listed for rent,2026-06-29T00:00:00.000Z,Sold,2026-05-29T00:00:00.000Z,Contingent,2026-05-29T00:00:00.000Z,Price change,2026-03-14T00:00:00.000Z,Listed for sale
"2906 Pamela, Benton, AR 72015",2906 Pamela,Benton,AR,,forRent,3,1372,,1495,31,https://www.zillow.com/homedetails/2906-Pamela-Benton-AR-72015/385308_zpid/,,,2026-08-25T00:00:00.000Z,Listed for rent,2025-08-04T00:00:00.000Z,Listing removed,2025-07-29T00:00:00.000Z,Price change,2025-07-08T00:00:00.000Z,Price change,2025-03-05T00:00:00.000Z,Listed for rent,2025-02-27T00:00:00.000Z,Listing removed
"2721 Timbermist Dr, Benton, AR 72015",2721 Timbermist Dr,Benton,AR,,forRent,3,1200,,1600,25,https://www.zillow.com/homedetails/2721-Timbermist-Dr-Benton-AR-72015/386806_zpid/,,83000,2026-08-30T00:00:00.000Z,Listed for rent,2025-09-01T00:00:00.000Z,Listing removed,2025-06-30T00:00:00.000Z,Price change,2025-03-03T00:00:00.000Z,Price change,2024-12-20T00:00:00.000Z,Listed for rent,2024-12-06T00:00:00.000Z,Listing removed
"1422 Saw Grass Cv, Benton, AR 72019",1422 Saw Grass Cv,Benton,AR,,forRent,3,1400,,1500,3,https://www.zillow.com/homedetails/1422-Saw-Grass-Cv-Benton-AR-72019/82268083_zpid/,,133000,2026-09-21T00:00:00.000Z,Listed for rent,2024-07-17T00:00:00.000Z,Listing removed,2024-06-20T00:00:00.000Z,Listed for rent,2020-11-20T00:00:00.000Z,Sold,2013-06-06T00:00:00.000Z,Sold,2013-04-26T00:00:00.000Z,Pending sale
"418 S Main, Benton, AR 72015",418 S Main,Benton,AR,,forRent,3,1096,,1300,38,https://www.zillow.com/homedetails/418-S-Main-Benton-AR-72015/71708118_zpid/,,99500,2026-09-08T00:00:00.000Z,Listed for rent,2026-09-01T00:00:00.000Z,Listing removed,2026-08-17T00:00:00.000Z,Listed for rent,2018-08-10T00:00:00.000Z,Sold,2018-06-20T00:00:00.000Z,Sold,2018-04-03T00:00:00.000Z,Listed for sale
"307 S 4th St, Benton, AR 72015",307 S 4th St,Benton,AR,,forRent,3,1051,,1550,25,https://www.zillow.com/homedetails/307-S-4th-St-Benton-AR-72015/386521_zpid/,,161000,2026-09-21T00:00:00.000Z,Price change,2026-08-31T00:00:00.000Z,Listed for rent,2025-05-30T00:00:00.000Z,Listing removed,2025-05-20T00:00:00.000Z,Sold,2025-05-20T00:00:00.000Z,Listed for rent,2025-04-19T00:00:00.000Z,Contingent
"4825 Coronell Way, Bryant, AR 72022",4825 Coronell Way,Bryant,AR,,forRent,4,2060,,3050,38,https://www.zillow.com/homedetails/4825-Coronell-Way-Bryant-AR-72022/453104565_zpid/,,,2026-07-13T00:00:00.000Z,Listed for rent,,,,,,,,,,
"1710 Cedarhurst Dr, Benton, AR 72015",1710 Cedarhurst Dr,Benton,AR,,forRent,3,1680,,1550,63,https://www.zillow.com/homedetails/1710-Cedarhurst-Dr-Benton-AR-72015/384477_zpid/,,127500,2026-09-19T00:00:00.000Z,Price change,2026-09-12T00:00:00.000Z,Price change,2026-09-04T00:00:00.000Z,Price change,2026-08-29T00:00:00.000Z,Price change,2026-06-23T00:00:00.000Z,Listed for rent,2024-05-13T00:00:00.000Z,Listing removed
"294 Stone Mountain Rd, Conway, AR 72032",294 Stone Mountain Rd,Conway,AR,,forRent,3,1216,,1650,11,https://www.zillow.com/homedetails/294-Stone-Mountain-Rd-Conway-AR-72032/122006123_zpid/,,42300,2026-09-13T00:00:00.000Z,Listed for rent,2025-04-17T00:00:00.000Z,Sold,2025-03-26T00:00:00.000Z,Contingent,2025-03-22T00:00:00.000Z,Listed for sale,,,,
"2615 Stivers Blvd, Bryant, AR 72022",2615 Stivers Blvd,Bryant,AR,,forRent,3,1736,,1700,12,https://www.zillow.com/homedetails/2615-Stivers-Blvd-Bryant-AR-72022/391919_zpid/,,190000,2026-09-16T00:00:00.000Z,Price change,2026-09-12T00:00:00.000Z,Listed for rent,2025-04-04T00:00:00.000Z,Sold,2025-03-05T00:00:00.000Z,Contingent,2025-03-01T00:00:00.000Z,Listed for sale,2022-06-13T00:00:00.000Z,Listing removed
"2714 Gage Dr, Benton, AR 72019",2714 Gage Dr,Benton,AR,,forRent,3,1303,,1500,24,https://www.zillow.com/homedetails/2714-Gage-Dr-Benton-AR-72019/92431557_zpid/,,122580,2026-08-31T00:00:00.000Z,Listed for rent,2022-03-04T00:00:00.000Z,Sold,2018-05-12T00:00:00.000Z,Listing removed,2018-04-07T00:00:00.000Z,Listed for rent,2018-02-11T00:00:00.000Z,Listing removed,2018-01-21T00:00:00.000Z,Price change
"508 SW 4th St, Bryant, AR 72022",508 SW 4th St,Bryant,AR,,forRent,3,1510,,1950,17,https://www.zillow.com/homedetails/508-SW-4th-St-Bryant-AR-72022/391129_zpid/,,231000,2026-09-07T00:00:00.000Z,Listed for rent,2026-07-02T00:00:00.000Z,Listing removed,2026-06-18T00:00:00.000Z,Sold,2026-06-18T00:00:00.000Z,Listed for rent,2026-05-27T00:00:00.000Z,Contingent,2026-05-22T00:00:00.000Z,Price change
"7 Cabernet Way, Mayflower, AR 72106",7 Cabernet Way,Mayflower,AR,,forRent,3,1290,,1550,22,https://www.zillow.com/homedetails/7-Cabernet-Way-Mayflower-AR-72106/463057997_zpid/,,208300,2026-09-23T00:00:00.000Z,Price change,2026-09-02T00:00:00.000Z,Listed for rent,2026-08-28T00:00:00.000Z,Sold,2026-08-12T00:00:00.000Z,Price change,2026-08-11T00:00:00.000Z,Listed for sale,2026-08-11T00:00:00.000Z,Contingent
"1655 Duke St, Conway, AR 72032",1655 Duke St,Conway,AR,,forRent,3,1369,,1675,5,https://www.zillow.com/homedetails/1655-Duke-St-Conway-AR-72032/71713063_zpid/,,185000,2026-09-19T00:00:00.000Z,Listed for rent,2024-10-01T00:00:00.000Z,Listing removed,2024-09-11T00:00:00.000Z,Listed for rent,2023-08-01T00:00:00.000Z,Sold,2023-05-18T00:00:00.000Z,Contingent,2023-04-23T00:00:00.000Z,Listed for sale
"2007 Arkansas Ave, Conway, AR 72034",2007 Arkansas Ave,Conway,AR,,forRent,3,1301,,1495,23,https://www.zillow.com/homedetails/2007-Arkansas-Ave-Conway-AR-72034/234341_zpid/,,90000,2026-09-02T00:00:00.000Z,Listed for rent,2026-08-26T00:00:00.000Z,Sold,2026-08-25T00:00:00.000Z,Contingent,2026-07-20T00:00:00.000Z,Price change,2026-05-19T00:00:00.000Z,Listed for sale,2026-05-19T00:00:00.000Z,Listing removed
"21051 Natalie Ln, Little Rock, AR 72206",21051 Natalie Ln,Little Rock,AR,,forRent,3,1550,,1700,14,https://www.zillow.com/homedetails/21051-Natalie-Ln-Little-Rock-AR-72206/64691031_zpid/,,,2026-09-10T00:00:00.000Z,Listed for rent,,,,,,,,,,
"1505 Hathaway Dr, Conway, AR 72034",1505 Hathaway Dr,Conway,AR,,forRent,3,1207,,1475,21,https://www.zillow.com/homedetails/1505-Hathaway-Dr-Conway-AR-72034/241555_zpid/,,70000,2026-09-03T00:00:00.000Z,Listed for rent,2024-01-31T00:00:00.000Z,Listing removed,2024-01-30T00:00:00.000Z,Listed for rent,2024-01-29T00:00:00.000Z,Listing removed,2024-01-27T00:00:00.000Z,Listed for rent,2016-01-09T00:00:00.000Z,Listing removed
"1961 Auburn Hills Dr, Benton, AR 72015",1961 Auburn Hills Dr,Benton,AR,,forRent,3,1470,,1850,52,https://www.zillow.com/homedetails/1961-Auburn-Hills-Dr-Benton-AR-72015/2061982521_zpid/,,210000,2026-08-04T00:00:00.000Z,Sold,2026-08-04T00:00:00.000Z,Listed for rent,2026-08-04T00:00:00.000Z,Contingent,2026-06-22T00:00:00.000Z,Price change,2026-05-30T00:00:00.000Z,Price change,2026-05-06T00:00:00.000Z,Price change
"5845 Heritage Heights Dr, Benton, AR 72019",5845 Heritage Heights Dr,Benton,AR,,forRent,4,1725,,1700,38,https://www.zillow.com/homedetails/5845-Heritage-Heights-Dr-Benton-AR-72019/440162513_zpid/,,,2026-09-21T00:00:00.000Z,Price change,2026-08-17T00:00:00.000Z,Listed for rent,2024-09-13T00:00:00.000Z,Listing removed,2024-09-10T00:00:00.000Z,Listed for rent,,,,
"1219 N Parker Haskell St, Benton, AR 72015",1219 N Parker Haskell St,Benton,AR,,forRent,3,1680,,1400,8,https://www.zillow.com/homedetails/1219-N-Parker-Haskell-St-Benton-AR-72015/392830_zpid/,,35564,2026-08-31T00:00:00.000Z,Price change,2026-08-06T00:00:00.000Z,Price change,2026-07-09T00:00:00.000Z,Listed for rent,2025-12-12T00:00:00.000Z,Listing removed,2025-11-20T00:00:00.000Z,Listed for rent,2025-05-09T00:00:00.000Z,Listing removed
"14815 Parkway Meadows Dr, Alexander, AR 72002",14815 Parkway Meadows Dr,Alexander,AR,,forRent,3,1243,,1495,26,https://www.zillow.com/homedetails/14815-Parkway-Meadows-Dr-Alexander-AR-72002/114165875_zpid/,,187500,2026-09-14T00:00:00.000Z,Price change,2026-08-29T00:00:00.000Z,Listed for rent,2025-08-21T00:00:00.000Z,Listing removed,2025-08-07T00:00:00.000Z,Price change,2025-07-31T00:00:00.000Z,Price change,2025-07-24T00:00:00.000Z,Listed for rent
"3123 Lori Lake Rd, Benton, AR 72019",3123 Lori Lake Rd,Benton,AR,,forRent,3,1280,,1000,203,https://www.zillow.com/homedetails/3123-Lori-Lake-Rd-Benton-AR-72019/453026788_zpid/,,,2025-06-07T00:00:00.000Z,Listed for rent,,,,,,,,,,
"1609 Rushing Cir, Conway, AR 72032",1609 Rushing Cir,Conway,AR,,forRent,3,1400,,1475,24,https://www.zillow.com/homedetails/1609-Rushing-Cir-Conway-AR-72032/235792_zpid/,,116000,2026-08-31T00:00:00.000Z,Listed for rent,2024-09-13T00:00:00.000Z,Listing removed,2024-06-19T00:00:00.000Z,Listed for rent,2024-06-19T00:00:00.000Z,Listing removed,2024-05-25T00:00:00.000Z,Listed for rent,2023-03-31T00:00:00.000Z,Listing removed
"5719 Heritage Heights Dr, Benton, AR 72019",5719 Heritage Heights Dr,Benton,AR,,forRent,4,1650,,1800,41,https://www.zillow.com/homedetails/5719-Heritage-Heights-Dr-Benton-AR-72019/71715729_zpid/,,22000,2026-08-14T00:00:00.000Z,Listed for rent,2025-04-01T00:00:00.000Z,Listing removed,2025-03-06T00:00:00.000Z,Listed for rent,2023-10-30T00:00:00.000Z,Listing removed,2023-10-23T00:00:00.000Z,Listed for rent,2022-10-27T00:00:00.000Z,Listing removed
"1510 Bennett, Benton, AR 72015",1510 Bennett,Benton,AR,,forRent,3,1312,,1450,2,https://www.zillow.com/homedetails/1510-Bennett-Benton-AR-72015/52934431_zpid/,,,2026-09-22T00:00:00.000Z,Listed for rent,,,,,,,,,,
"13900 Ridgecrest Dr, Alexander, AR 72002",13900 Ridgecrest Dr,Alexander,AR,,forRent,3,1088,,1595,0,https://www.zillow.com/homedetails/13900-Ridgecrest-Dr-Alexander-AR-72002/49814165_zpid/,,100000,2026-09-25T00:00:00.000Z,Listed for rent,2026-09-24T00:00:00.000Z,Listing removed,2026-08-31T00:00:00.000Z,Sold,2026-08-25T00:00:00.000Z,Listed for rent,,,,
"6099 Meridian Dr, Alexander, AR 72002",6099 Meridian Dr,Alexander,AR,,forRent,4,1824,,2195,14,https://www.zillow.com/homedetails/6099-Meridian-Dr-Alexander-AR-72002/456178536_zpid/,,,2026-09-10T00:00:00.000Z,Listed for rent,2026-01-22T00:00:00.000Z,Listing removed,2025-12-23T00:00:00.000Z,Listed for rent,2025-11-27T00:00:00.000Z,Listing removed,2025-08-22T00:00:00.000Z,Listed for sale,,
"918 Cedar Haskell St, Haskell, AR 72015",918 Cedar Haskell St,Haskell,AR,,forRent,3,1088,,1150,36,https://www.zillow.com/homedetails/918-Cedar-Haskell-St-Haskell-AR-72015/61187359_zpid/,,,2026-07-13T00:00:00.000Z,Listed for rent,,,,,,,,,,
"5 Stoneledge Dr, Maumelle, AR 72113",5 Stoneledge Dr,Maumelle,AR,,forRent,3,1755,,1795,41,https://www.zillow.com/homedetails/5-Stoneledge-Dr-Maumelle-AR-72113/326005_zpid/,,240000,2026-09-19T00:00:00.000Z,Price change,2026-08-14T00:00:00.000Z,Listed for rent,2025-04-10T00:00:00.000Z,Listing removed,2025-03-28T00:00:00.000Z,Listed for rent,2025-02-06T00:00:00.000Z,Sold,2024-11-23T00:00:00.000Z,Listing removed
"1709 Durwood St, Benton, AR 72015",1709 Durwood St,Benton,AR,,forRent,3,1281,,1545,2,https://www.zillow.com/homedetails/1709-Durwood-St-Benton-AR-72015/382073_zpid/,,7000,2026-09-22T00:00:00.000Z,Listed for rent,1996-01-02T00:00:00.000Z,Sold,,,,,,,,
"2220 Chase Dr, Conway, AR 72034",2220 Chase Dr,Conway,AR,,forRent,3,1582,,1850,70,https://www.zillow.com/homedetails/2220-Chase-Dr-Conway-AR-72034/35730147_zpid/,,141000,2026-07-16T00:00:00.000Z,Listed for rent,2025-04-11T00:00:00.000Z,Listing removed,2025-04-06T00:00:00.000Z,Listed for rent,2025-03-29T00:00:00.000Z,Listing removed,2025-01-19T00:00:00.000Z,Price change,2025-01-18T00:00:00.000Z,Listed for rent
"3264 Sidell Estates Dr, Benton, AR 72015",3264 Sidell Estates Dr,Benton,AR,,forRent,4,1652,,1795,41,https://www.zillow.com/homedetails/3264-Sidell-Estates-Dr-Benton-AR-72015/2063496322_zpid/,,,2026-08-14T00:00:00.000Z,Listed for rent,2022-07-02T00:00:00.000Z,Listing removed,2022-06-10T00:00:00.000Z,Price change,2022-04-28T00:00:00.000Z,Listed for sale,,,,
"302 N Lincoln St, Cabot, AR 72023",302 N Lincoln St,Cabot,AR,,forRent,3,1318,,1500,2,https://www.zillow.com/homedetails/302-N-Lincoln-St-Cabot-AR-72023/253236_zpid/,,119000,2026-09-22T00:00:00.000Z,Listed for rent,2014-02-28T00:00:00.000Z,Sold,,,,,,,,
"2064 Fern Valley Dr, Alexander, AR 72002",2064 Fern Valley Dr,Alexander,AR,,forRent,3,1394,,1595,8,https://www.zillow.com/homedetails/2064-Fern-Valley-Dr-Alexander-AR-72002/247595904_zpid/,,169000,2026-09-16T00:00:00.000Z,Listed for rent,2025-12-24T00:00:00.000Z,Listing removed,2025-11-13T00:00:00.000Z,Listed for rent,2023-05-30T00:00:00.000Z,Listing removed,2023-05-15T00:00:00.000Z,Listed for rent,2021-06-30T00:00:00.000Z,Listing removed
"7125 Anderson St, Alexander, AR 72002",7125 Anderson St,Alexander,AR,,forRent,3,1906,,1650,1,https://www.zillow.com/homedetails/7125-Anderson-St-Alexander-AR-72002/368443_zpid/,,167000,2026-09-23T00:00:00.000Z,Listed for rent,2023-09-08T00:00:00.000Z,Listing removed,2023-07-24T00:00:00.000Z,Price change,2023-07-21T00:00:00.000Z,Listed for rent,2022-08-08T00:00:00.000Z,Listing removed,2022-07-27T00:00:00.000Z,Listed for rent
"707 Oakwood Dr, Benton, AR 72015",707 Oakwood Dr,Benton,AR,,forRent,5,1770,,1800,0,https://www.zillow.com/homedetails/707-Oakwood-Dr-Benton-AR-72015/383390_zpid/,,45000,2026-09-24T00:00:00.000Z,Listed for rent,2026-04-23T00:00:00.000Z,Sold,2026-04-10T00:00:00.000Z,Contingent,2026-04-08T00:00:00.000Z,Price change,2026-03-09T00:00:00.000Z,Price change,2026-02-12T00:00:00.000Z,Listed for sale
"104 Herald Pl, Cabot, AR 72023",104 Herald Pl,Cabot,AR,,forRent,3,1232,,1095,52,https://www.zillow.com/homedetails/104-Herald-Pl-Cabot-AR-72023/252206_zpid/,,155000,2026-08-03T00:00:00.000Z,Listed for rent,2024-11-23T00:00:00.000Z,Listing removed,2024-11-14T00:00:00.000Z,Listed for rent,2023-12-28T00:00:00.000Z,Listing removed,2023-11-10T00:00:00.000Z,Price change,2023-10-18T00:00:00.000Z,Listed for rent
"402 Stone Creek Dr, Benton, AR 72015",402 Stone Creek Dr,Benton,AR,,forRent,4,1762,,1895,16,https://www.zillow.com/homedetails/402-Stone-Creek-Dr-Benton-AR-72015/71716020_zpid/,,178000,2026-09-08T00:00:00.000Z,Listed for rent,2023-09-17T00:00:00.000Z,Listing removed,2023-07-18T00:00:00.000Z,Listing removed,2023-06-14T00:00:00.000Z,Price change,2023-06-06T00:00:00.000Z,Listed for rent,2021-09-16T00:00:00.000Z,Sold
"13808 Cherry Hill Dr, Alexander, AR 72002",13808 Cherry Hill Dr,Alexander,AR,,forRent,3,1247,,1550,8,https://www.zillow.com/homedetails/13808-Cherry-Hill-Dr-Alexander-AR-72002/49814136_zpid/,,91000,2026-09-17T00:00:00.000Z,Listed for rent,2008-05-22T00:00:00.000Z,Sold,2007-01-05T00:00:00.000Z,Sold,,,,,,
"153 Harwill, Hensley, AR 72065",153 Harwill,Hensley,AR,,forRent,4,2359,,2500,45,https://www.zillow.com/homedetails/153-Harwill-Hensley-AR-72065/2082362397_zpid/,,,2026-08-10T00:00:00.000Z,Listed for rent,2025-08-04T00:00:00.000Z,Listing removed,2025-07-01T00:00:00.000Z,Listed for rent,2025-06-30T00:00:00.000Z,Listing removed,2025-06-09T00:00:00.000Z,Listed for rent,2019-11-13T00:00:00.000Z,Listing removed
"1105 River Oaks Dr, Benton, AR 72019",1105 River Oaks Dr,Benton,AR,,forRent,4,2350,,2600,51,https://www.zillow.com/homedetails/1105-River-Oaks-Dr-Benton-AR-72019/453260567_zpid/,,,2026-08-04T00:00:00.000Z,Listed for rent,2025-07-28T00:00:00.000Z,Listing removed,2025-07-04T00:00:00.000Z,Price change,2025-06-21T00:00:00.000Z,Price change,2025-06-12T00:00:00.000Z,Listed for rent,,
"1804 Clara Dr, Conway, AR 72034",1804 Clara Dr,Conway,AR,,forRent,3,2000,,1695,20,https://www.zillow.com/homedetails/1804-Clara-Dr-Conway-AR-72034/235007_zpid/,,20000,2026-09-04T00:00:00.000Z,Listed for rent,2024-07-11T00:00:00.000Z,Listing removed,2024-06-26T00:00:00.000Z,Listed for rent,2023-06-13T00:00:00.000Z,Listing removed,2023-05-30T00:00:00.000Z,Listed for rent,2022-05-04T00:00:00.000Z,Listing removed
"804 Drake Dr, Conway, AR 72034",804 Drake Dr,Conway,AR,,forRent,3,1663,,1650,14,https://www.zillow.com/homedetails/804-Drake-Dr-Conway-AR-72034/243037_zpid/,,164500,2026-09-11T00:00:00.000Z,Listed for rent,2024-04-20T00:00:00.000Z,Listing removed,2024-04-09T00:00:00.000Z,Listed for rent,2023-09-11T00:00:00.000Z,Listing removed,2023-09-10T00:00:00.000Z,Listed for rent,2023-09-10T00:00:00.000Z,Listing removed
"605 Valley Vista Dr, Benton, AR 72019",605 Valley Vista Dr,Benton,AR,,forRent,4,1942,,1875,79,https://www.zillow.com/homedetails/605-Valley-Vista-Dr-Benton-AR-72019/387089_zpid/,,,2026-07-07T00:00:00.000Z,Listed for rent,,,,,,,,,,
"1425 Joyner Dr, Conway, AR 72034",1425 Joyner Dr,Conway,AR,,forRent,3,1157,,1450,41,https://www.zillow.com/homedetails/1425-Joyner-Dr-Conway-AR-72034/35730195_zpid/,,155000,2026-08-14T00:00:00.000Z,Listed for rent,2025-10-28T00:00:00.000Z,Listing removed,2025-08-29T00:00:00.000Z,Price change,2025-08-12T00:00:00.000Z,Listed for rent,2024-09-13T00:00:00.000Z,Listing removed,2024-08-16T00:00:00.000Z,Listed for rent
"2635 Clover Ln, Conway, AR 72032",2635 Clover Ln,Conway,AR,,forRent,3,1242,,1400,0,https://www.zillow.com/homedetails/2635-Clover-Ln-Conway-AR-72032/102993152_zpid/,,135000,2026-09-24T00:00:00.000Z,Listed for rent,2024-05-15T00:00:00.000Z,Listing removed,2024-05-08T00:00:00.000Z,Listed for rent,2021-03-24T00:00:00.000Z,Listing removed,2018-11-21T00:00:00.000Z,Listing removed,2018-10-26T00:00:00.000Z,Listed for rent
"195 Peach St, Conway, AR 72034",195 Peach St,Conway,AR,,forRent,3,1445,,1650,0,https://www.zillow.com/homedetails/195-Peach-St-Conway-AR-72034/240792_zpid/,,375000,2026-09-24T00:00:00.000Z,Listed for rent,2025-05-04T00:00:00.000Z,Listing removed,2025-04-23T00:00:00.000Z,Listed for rent,2023-02-12T00:00:00.000Z,Listing removed,2023-02-03T00:00:00.000Z,Listed for rent,2021-02-23T00:00:00.000Z,Listing removed
"1906 Dave Ward Dr, Conway, AR 72034",1906 Dave Ward Dr,Conway,AR,,forRent,3,1335,,1000,44,https://www.zillow.com/homedetails/1906-Dave-Ward-Dr-Conway-AR-72034/2061771487_zpid/,,,2026-08-11T00:00:00.000Z,Listed for rent,2025-12-18T00:00:00.000Z,Listing removed,2025-11-11T00:00:00.000Z,Price change,2025-10-28T00:00:00.000Z,Price change,2025-10-03T00:00:00.000Z,Price change,2025-06-27T00:00:00.000Z,Listed for rent
"1267 Hamilton St, Conway, AR 72032",1267 Hamilton St,Conway,AR,,forRent,3,1056,,1158,36,https://www.zillow.com/homedetails/1267-Hamilton-St-Conway-AR-72032/234905_zpid/,,52000,2026-09-16T00:00:00.000Z,Price change,2026-09-14T00:00:00.000Z,Price change,2026-08-20T00:00:00.000Z,Listed for rent,2024-09-19T00:00:00.000Z,Listing removed,2024-09-17T00:00:00.000Z,Price change,2024-09-15T00:00:00.000Z,Price change
"1955 Bellingrath Gdns, Conway, AR 72034",1955 Bellingrath Gdns,Conway,AR,,forRent,3,1752,,2000,23,https://www.zillow.com/homedetails/1955-Bellingrath-Gdns-Conway-AR-72034/119403911_zpid/,,199900,2026-09-01T00:00:00.000Z,Listed for rent,2025-09-17T00:00:00.000Z,Listing removed,2025-09-05T00:00:00.000Z,Price change,2025-08-27T00:00:00.000Z,Listed for rent,2025-05-28T00:00:00.000Z,Listing removed,2025-05-09T00:00:00.000Z,Listed for rent
"2804 Bruce St, Conway, AR 72034",2804 Bruce St,Conway,AR,,forRent,3,1232,,1375,17,https://www.zillow.com/homedetails/2804-Bruce-St-Conway-AR-72034/238249_zpid/,,115000,2026-09-07T00:00:00.000Z,Listed for rent,2017-11-12T00:00:00.000Z,Listing removed,2017-11-01T00:00:00.000Z,Listed for rent,2016-07-19T00:00:00.000Z,Listing removed,2016-07-19T00:00:00.000Z,Listed for sale,2016-07-18T00:00:00.000Z,Sold
"202 Skunk Hollow Rd, Conway, AR 72032",202 Skunk Hollow Rd,Conway,AR,,forRent,3,1120,,1425,36,https://www.zillow.com/homedetails/202-Skunk-Hollow-Rd-Conway-AR-72032/228041_zpid/,,116083,2026-09-09T00:00:00.000Z,Listed for rent,2026-08-20T00:00:00.000Z,Listing removed,2026-08-19T00:00:00.000Z,Listed for rent,2026-07-20T00:00:00.000Z,Sold,2026-05-18T00:00:00.000Z,Contingent,2026-05-08T00:00:00.000Z,Listed for sale
"608 S Baridon St, Conway, AR 72034",608 S Baridon St,Conway,AR,,forRent,3,1997,,1650,6,https://www.zillow.com/homedetails/608-S-Baridon-St-Conway-AR-72034/236173_zpid/,,132500,2026-09-19T00:00:00.000Z,Price change,2026-09-18T00:00:00.000Z,Listed for rent,2026-08-31T00:00:00.000Z,Listing removed,2026-08-18T00:00:00.000Z,Price change,2026-08-08T00:00:00.000Z,Listed for rent,2026-07-28T00:00:00.000Z,Listing removed
"(Undisclosed Address), Conway, AR 72034",(Undisclosed Address),Conway,AR,,forRent,3,1689,,1750,24,https://www.zillow.com/homedetails/Conway-AR-72034/241235_zpid/,,131000,2026-09-01T00:00:00.000Z,Price change,2026-07-12T00:00:00.000Z,Listed for rent,2026-06-15T00:00:00.000Z,Listing removed,2026-05-25T00:00:00.000Z,Listed for rent,2026-05-16T00:00:00.000Z,Listing removed,2026-04-25T00:00:00.000Z,Listed for rent
"405 S Ash St, Conway, AR 72034",405 S Ash St,Conway,AR,,forRent,3,1100,,1200,14,https://www.zillow.com/homedetails/405-S-Ash-St-Conway-AR-72034/238063_zpid/,,75000,2026-09-10T00:00:00.000Z,Listed for rent,2021-02-23T00:00:00.000Z,Listing removed,2020-06-04T00:00:00.000Z,Listing removed,2020-06-02T00:00:00.000Z,Listed for rent,2020-04-30T00:00:00.000Z,Sold,2020-04-14T00:00:00.000Z,Listed for sale
"4540 Thompson St, Conway, AR 72034",4540 Thompson St,Conway,AR,,forRent,3,1195,,1450,29,https://www.zillow.com/homedetails/4540-Thompson-St-Conway-AR-72034/52392329_zpid/,,110000,2026-08-26T00:00:00.000Z,Listed for rent,2024-05-02T00:00:00.000Z,Listing removed,2024-04-25T00:00:00.000Z,Listed for rent,2022-08-10T00:00:00.000Z,Listing removed,2022-07-30T00:00:00.000Z,Listed for rent,2021-08-09T00:00:00.000Z,Listing removed
"2230 Cedar Oaks Dr, Conway, AR 72032",2230 Cedar Oaks Dr,Conway,AR,,forRent,3,1200,,1500,11,https://www.zillow.com/homedetails/2230-Cedar-Oaks-Dr-Conway-AR-72032/239909_zpid/,,640000,2026-09-13T00:00:00.000Z,Listed for rent,2014-10-22T00:00:00.000Z,Sold,2006-05-30T00:00:00.000Z,Sold,,,,,,
"2255 Rainbow Rd, Conway, AR 72032",2255 Rainbow Rd,Conway,AR,,forRent,3,1254,,1600,8,https://www.zillow.com/homedetails/2255-Rainbow-Rd-Conway-AR-72032/240098_zpid/,,203000,2026-09-16T00:00:00.000Z,Listed for rent,2026-09-15T00:00:00.000Z,Sold,2026-08-14T00:00:00.000Z,Contingent,2026-08-12T00:00:00.000Z,Listed for sale,2024-08-23T00:00:00.000Z,Listing removed,2024-07-31T00:00:00.000Z,Listed for rent
"20 Summer Breeze Rd, Conway, AR 72032",20 Summer Breeze Rd,Conway,AR,,forRent,3,1592,,1600,19,https://www.zillow.com/homedetails/20-Summer-Breeze-Rd-Conway-AR-72032/2076495598_zpid/,,207000,2026-09-05T00:00:00.000Z,Listed for rent,2024-04-17T00:00:00.000Z,Listing removed,2024-03-28T00:00:00.000Z,Listed for rent,2024-03-08T00:00:00.000Z,Sold,2024-02-22T00:00:00.000Z,Contingent,2024-02-21T00:00:00.000Z,Price change
"2 Hawthorne Dr, Conway, AR 72034",2 Hawthorne Dr,Conway,AR,,forRent,3,1408,,1600,62,https://www.zillow.com/homedetails/2-Hawthorne-Dr-Conway-AR-72034/237001_zpid/,,102000,2026-09-22T00:00:00.000Z,Price change,2026-09-06T00:00:00.000Z,Price change,2026-08-27T00:00:00.000Z,Price change,2026-07-24T00:00:00.000Z,Listed for rent,2014-07-29T00:00:00.000Z,Sold,2014-05-16T00:00:00.000Z,Price change
"1845 Arden Ln, Conway, AR 72034",1845 Arden Ln,Conway,AR,,forRent,3,1205,,1575,10,https://www.zillow.com/homedetails/1845-Arden-Ln-Conway-AR-72034/71714882_zpid/,,139000,2026-08-30T00:00:00.000Z,Price change,2026-07-17T00:00:00.000Z,Listed for rent,2024-07-03T00:00:00.000Z,Listing removed,2024-06-25T00:00:00.000Z,Listed for rent,2023-02-27T00:00:00.000Z,Listing removed,2023-02-22T00:00:00.000Z,Listed for rent
"40 Ridge Trl, Sherwood, AR 72120",40 Ridge Trl,Sherwood,AR,,forRent,3,2200,,2100,34,https://www.zillow.com/homedetails/40-Ridge-Trl-Sherwood-AR-72120/232839_zpid/,,230600,2026-08-31T00:00:00.000Z,Price change,2026-08-21T00:00:00.000Z,Listed for rent,2026-08-12T00:00:00.000Z,Listing removed,2026-07-20T00:00:00.000Z,Listed for rent,2026-06-17T00:00:00.000Z,Listing removed,2026-06-02T00:00:00.000Z,Price change
"4420 Oregon Trl, Conway, AR 72034",4420 Oregon Trl,Conway,AR,,forRent,3,1300,,1600,5,https://www.zillow.com/homedetails/4420-Oregon-Trl-Conway-AR-72034/35730660_zpid/,,149100,2026-09-19T00:00:00.000Z,Listed for rent,2025-09-09T00:00:00.000Z,Listing removed,2025-08-11T00:00:00.000Z,Price change,2025-08-08T00:00:00.000Z,Listed for rent,2024-07-04T00:00:00.000Z,Listing removed,2024-06-29T00:00:00.000Z,Listed for rent
"2220 Chase Dr, Conway, AR 72034",2220 Chase Dr,Conway,AR,,forRent,3,1582,,1850,70,https://www.zillow.com/homedetails/2220-Chase-Dr-Conway-AR-72034/35730147_zpid/,,141000,2026-07-16T00:00:00.000Z,Listed for rent,2025-04-11T00:00:00.000Z,Listing removed,2025-04-06T00:00:00.000Z,Listed for rent,2025-03-29T00:00:00.000Z,Listing removed,2025-01-19T00:00:00.000Z,Price change,2025-01-18T00:00:00.000Z,Listed for rent
"302 N Lincoln St, Cabot, AR 72023",302 N Lincoln St,Cabot,AR,,forRent,3,1318,,1500,2,https://www.zillow.com/homedetails/302-N-Lincoln-St-Cabot-AR-72023/253236_zpid/,,119000,2026-09-22T00:00:00.000Z,Listed for rent,2014-02-28T00:00:00.000Z,Sold,,,,,,,,
"4605 Valiant Dr, Conway, AR 72034",4605 Valiant Dr,Conway,AR,,forRent,3,1324,,1500,74,https://www.zillow.com/homedetails/4605-Valiant-Dr-Conway-AR-72034/52392383_zpid/,,122000,2026-08-01T00:00:00.000Z,Price change,2026-07-13T00:00:00.000Z,Listed for rent,2023-05-19T00:00:00.000Z,Listing removed,2023-05-02T00:00:00.000Z,Listed for rent,2022-04-11T00:00:00.000Z,Listing removed,2022-04-06T00:00:00.000Z,Listed for rent
"225 Shiloh Dr, Conway, AR 72032",225 Shiloh Dr,Conway,AR,,forRent,3,1228,,1450,15,https://www.zillow.com/homedetails/225-Shiloh-Dr-Conway-AR-72032/82281664_zpid/,,125000,2026-09-09T00:00:00.000Z,Listed for rent,2026-08-22T00:00:00.000Z,Listing removed,2026-08-07T00:00:00.000Z,Listed for rent,2026-02-26T00:00:00.000Z,Listing removed,2026-02-19T00:00:00.000Z,Price change,2026-02-13T00:00:00.000Z,Listed for rent
"26 Stonewood Dr, Cabot, AR 72023",26 Stonewood Dr,Cabot,AR,,forRent,3,1698,,1900,31,https://www.zillow.com/homedetails/26-Stonewood-Dr-Cabot-AR-72023/55151081_zpid/,,157000,2026-08-24T00:00:00.000Z,Listed for rent,2026-04-27T00:00:00.000Z,Sold,2025-11-06T00:00:00.000Z,Listing removed,2025-10-20T00:00:00.000Z,Price change,2025-09-18T00:00:00.000Z,Listed for sale,2018-02-05T00:00:00.000Z,Listing removed
"26 Deerfield Dr, Ward, AR 72176",26 Deerfield Dr,Ward,AR,,forRent,3,1309,,1550,3,https://www.zillow.com/homedetails/26-Deerfield-Dr-Ward-AR-72176/261138_zpid/,,125000,2026-09-22T00:00:00.000Z,Listed for rent,2026-09-14T00:00:00.000Z,Listing removed,2026-09-10T00:00:00.000Z,Price change,2026-09-04T00:00:00.000Z,Listed for sale,2013-05-29T00:00:00.000Z,Sold,,
"104 Herald Pl, Cabot, AR 72023",104 Herald Pl,Cabot,AR,,forRent,3,1232,,1095,52,https://www.zillow.com/homedetails/104-Herald-Pl-Cabot-AR-72023/252206_zpid/,,155000,2026-08-03T00:00:00.000Z,Listed for rent,2024-11-23T00:00:00.000Z,Listing removed,2024-11-14T00:00:00.000Z,Listed for rent,2023-12-28T00:00:00.000Z,Listing removed,2023-11-10T00:00:00.000Z,Price change,2023-10-18T00:00:00.000Z,Listed for rent
"1155 Jackson Rd, Ward, AR 72176",1155 Jackson Rd,Ward,AR,,forRent,3,1280,,1300,14,https://www.zillow.com/homedetails/1155-Jackson-Rd-Ward-AR-72176/99441054_zpid/,,,2026-09-10T00:00:00.000Z,Listed for rent,2026-03-18T00:00:00.000Z,Listing removed,2026-03-13T00:00:00.000Z,Price change,2026-02-24T00:00:00.000Z,Listed for rent,2026-01-12T00:00:00.000Z,Listing removed,2025-11-14T00:00:00.000Z,Price change
"34 Woodhaven Dr, Cabot, AR 72023",34 Woodhaven Dr,Cabot,AR,,forRent,3,1305,,1550,49,https://www.zillow.com/homedetails/34-Woodhaven-Dr-Cabot-AR-72023/338206710_zpid/,,165000,2026-09-19T00:00:00.000Z,Price change,2026-09-12T00:00:00.000Z,Price change,2026-08-07T00:00:00.000Z,Listed for rent,2025-04-03T00:00:00.000Z,Listing removed,2025-03-15T00:00:00.000Z,Price change,2025-02-13T00:00:00.000Z,Price change
"22 Kirkland St, Ward, AR 72176",22 Kirkland St,Ward,AR,,forRent,3,1185,,1350,23,https://www.zillow.com/homedetails/22-Kirkland-St-Ward-AR-72176/261280_zpid/,,84000,2026-07-15T00:00:00.000Z,Listed for rent,2026-06-16T00:00:00.000Z,Sold,2026-06-14T00:00:00.000Z,Contingent,2026-06-02T00:00:00.000Z,Price change,2026-05-28T00:00:00.000Z,Listed for sale,2014-10-30T00:00:00.000Z,Sold
"18 Lilly Ann Ct, Ward, AR 72176",18 Lilly Ann Ct,Ward,AR,,forRent,3,1355,,0,9,https://www.zillow.com/homedetails/18-Lilly-Ann-Ct-Ward-AR-72176/445792648_zpid/,,18000,2026-09-15T00:00:00.000Z,Listed for rent,2022-10-25T00:00:00.000Z,Listing removed,2022-10-07T00:00:00.000Z,Listed for sale,2017-08-16T00:00:00.000Z,Sold,,,,
"175 Southerland Rd, Conway, AR 72032",175 Southerland Rd,Conway,AR,,forRent,3,1532,,1650,22,https://www.zillow.com/homedetails/175-Southerland-Rd-Conway-AR-72032/35730518_zpid/,,165000,2026-09-02T00:00:00.000Z,Listed for rent,2025-07-03T00:00:00.000Z,Listing removed,2025-06-23T00:00:00.000Z,Listed for rent,2024-06-07T00:00:00.000Z,Listing removed,2024-05-25T00:00:00.000Z,Listed for rent,2022-05-09T00:00:00.000Z,Listing removed
"125 Old Red Rd, Ward, AR 72176",125 Old Red Rd,Ward,AR,,forRent,3,1280,,1000,21,https://www.zillow.com/homedetails/125-Old-Red-Rd-Ward-AR-72176/99434787_zpid/,,,2026-09-03T00:00:00.000Z,Listed for rent,2026-06-01T00:00:00.000Z,Listing removed,2026-05-19T00:00:00.000Z,Listed for rent,2026-04-20T00:00:00.000Z,Listing removed,2026-03-26T00:00:00.000Z,Listed for rent,2025-10-29T00:00:00.000Z,Listing removed
"2230 Linda Dr, Conway, AR 72032",2230 Linda Dr,Conway,AR,,forRent,3,1348,,1650,3,https://www.zillow.com/homedetails/2230-Linda-Dr-Conway-AR-72032/102994419_zpid/,,205000,2026-09-21T00:00:00.000Z,Listed for rent,2023-11-10T00:00:00.000Z,Listing removed,2023-10-17T00:00:00.000Z,Listed for rent,2023-10-03T00:00:00.000Z,Sold,2021-03-24T00:00:00.000Z,Listing removed,2017-09-25T00:00:00.000Z,Listing removed
"640 Cherub Dr, Conway, AR 72034",640 Cherub Dr,Conway,AR,,forRent,3,1144,,1500,11,https://www.zillow.com/homedetails/640-Cherub-Dr-Conway-AR-72034/242932_zpid/,,180000,2026-09-13T00:00:00.000Z,Listed for rent,2026-08-28T00:00:00.000Z,Sold,2026-08-27T00:00:00.000Z,Contingent,2026-07-26T00:00:00.000Z,Listed for sale,2018-04-26T00:00:00.000Z,Sold,2013-10-04T00:00:00.000Z,Sold
"1315 Fairlane Dr, Conway, AR 72034",1315 Fairlane Dr,Conway,AR,,forRent,3,1288,,1300,3,https://www.zillow.com/homedetails/1315-Fairlane-Dr-Conway-AR-72034/234174_zpid/,,77000,2026-09-21T00:00:00.000Z,Listed for rent,2021-06-18T00:00:00.000Z,Sold,2014-11-12T00:00:00.000Z,Sold,1999-09-27T00:00:00.000Z,Sold,,,,
"1610 Raden St, Conway, AR 72032",1610 Raden St,Conway,AR,,forRent,3,1243,,1650,43,https://www.zillow.com/homedetails/1610-Raden-St-Conway-AR-72032/2066419442_zpid/,,,2026-08-12T00:00:00.000Z,Listed for rent,2025-10-04T00:00:00.000Z,Listing removed,2025-10-03T00:00:00.000Z,Listed for rent,2025-10-03T00:00:00.000Z,Listing removed,2025-07-18T00:00:00.000Z,Listed for rent,2023-12-30T00:00:00.000Z,Listing removed
"1740 Raden St, Conway, AR 72032",1740 Raden St,Conway,AR,,forRent,3,1243,,1650,15,https://www.zillow.com/homedetails/1740-Raden-St-Conway-AR-72032/2061816633_zpid/,,,2026-09-09T00:00:00.000Z,Listed for rent,2026-05-19T00:00:00.000Z,Listing removed,2026-02-27T00:00:00.000Z,Price change,2022-11-09T00:00:00.000Z,Price change,2022-10-11T00:00:00.000Z,Price change,2022-08-22T00:00:00.000Z,Listed for rent
"26 Alexis Dr, Cabot, AR 72023",26 Alexis Dr,Cabot,AR,,forRent,3,1288,,1425,22,https://www.zillow.com/homedetails/26-Alexis-Dr-Cabot-AR-72023/255240_zpid/,,152900,2026-08-11T00:00:00.000Z,Price change,2026-07-29T00:00:00.000Z,Price change,2026-07-14T00:00:00.000Z,Listed for rent,2023-05-31T00:00:00.000Z,Listing removed,2023-05-17T00:00:00.000Z,Listed for rent,2023-03-10T00:00:00.000Z,Sold
"103 E Concord Rd, Mayflower, AR 72106",103 E Concord Rd,Mayflower,AR,,forRent,3,1413,,1660,16,https://www.zillow.com/homedetails/103-E-Concord-Rd-Mayflower-AR-72106/463058000_zpid/,,,2026-09-09T00:00:00.000Z,Listed for rent,2026-08-14T00:00:00.000Z,Listing removed,2026-07-20T00:00:00.000Z,Price change,2026-06-09T00:00:00.000Z,Listed for sale,,,,
"1306 Bellemeade Dr, Conway, AR 72034",1306 Bellemeade Dr,Conway,AR,,forRent,3,2220,,1775,42,https://www.zillow.com/homedetails/1306-Bellemeade-Dr-Conway-AR-72034/234155_zpid/,,89090,2026-08-13T00:00:00.000Z,Listed for rent,2025-06-20T00:00:00.000Z,Listing removed,2025-05-09T00:00:00.000Z,Listed for rent,2017-12-01T00:00:00.000Z,Listing removed,2017-08-20T00:00:00.000Z,Price change,2017-05-31T00:00:00.000Z,Listed for sale
"1810 Rich Smith Ln, Conway, AR 72032",1810 Rich Smith Ln,Conway,AR,,forRent,3,2310,,2500,59,https://www.zillow.com/homedetails/1810-Rich-Smith-Ln-Conway-AR-72032/102992676_zpid/,,,2026-07-27T00:00:00.000Z,Price change,2026-06-22T00:00:00.000Z,Price change,2026-04-22T00:00:00.000Z,Price change,2026-01-07T00:00:00.000Z,Listed for rent,,,,
"21 Meadowlark Dr, Cabot, AR 72023",21 Meadowlark Dr,Cabot,AR,,forRent,3,1013,,1395,44,https://www.zillow.com/homedetails/21-Meadowlark-Dr-Cabot-AR-72023/255213_zpid/,,147900,2026-08-12T00:00:00.000Z,Listed for rent,2024-01-16T00:00:00.000Z,Listing removed,2024-01-04T00:00:00.000Z,Sold,2023-08-22T00:00:00.000Z,Sold,2023-07-17T00:00:00.000Z,Contingent,2023-05-12T00:00:00.000Z,Listed for sale
"1155 Mimosa Dr, Conway, AR 72034",1155 Mimosa Dr,Conway,AR,,forRent,3,1236,,1400,20,https://www.zillow.com/homedetails/1155-Mimosa-Dr-Conway-AR-72034/35730018_zpid/,,78000,2026-09-04T00:00:00.000Z,Listed for rent,2025-06-19T00:00:00.000Z,Listing removed,2025-06-16T00:00:00.000Z,Listed for rent,2023-09-26T00:00:00.000Z,Listing removed,2023-09-11T00:00:00.000Z,Listed for rent,2019-06-13T00:00:00.000Z,Listing removed
"74 Lakeland Dr, Cabot, AR 72023",74 Lakeland Dr,Cabot,AR,,forRent,3,2477,,2100,0,https://www.zillow.com/homedetails/74-Lakeland-Dr-Cabot-AR-72023/72179771_zpid/,,,2026-09-24T00:00:00.000Z,Listed for rent,2026-01-27T00:00:00.000Z,Listing removed,2026-01-12T00:00:00.000Z,Listed for rent,2025-03-14T00:00:00.000Z,Listing removed,2025-03-10T00:00:00.000Z,Listed for rent,2025-03-10T00:00:00.000Z,Listing removed
"15 Silverado Ct, Cabot, AR 72023",15 Silverado Ct,Cabot,AR,,forRent,3,1382,,1350,35,https://www.zillow.com/homedetails/15-Silverado-Ct-Cabot-AR-72023/35732243_zpid/,,150000,2026-08-20T00:00:00.000Z,Listed for rent,2024-11-11T00:00:00.000Z,Listing removed,2024-09-27T00:00:00.000Z,Listed for rent,2022-10-26T00:00:00.000Z,Sold,2020-12-16T00:00:00.000Z,Listing removed,2020-12-08T00:00:00.000Z,Listed for rent
"4555 Graham Dr, Conway, AR 72034",4555 Graham Dr,Conway,AR,,forRent,3,1192,,1400,42,https://www.zillow.com/homedetails/4555-Graham-Dr-Conway-AR-72034/59917944_zpid/,,185000,2026-08-13T00:00:00.000Z,Listed for rent,2024-10-02T00:00:00.000Z,Listing removed,2024-09-23T00:00:00.000Z,Listed for rent,2023-07-28T00:00:00.000Z,Sold,2023-06-28T00:00:00.000Z,Contingent,2023-06-28T00:00:00.000Z,Listed for sale
"32 Thunderbird Dr, Cabot, AR 72023",32 Thunderbird Dr,Cabot,AR,,forRent,3,1444,,1475,21,https://www.zillow.com/homedetails/32-Thunderbird-Dr-Cabot-AR-72023/67447424_zpid/,,,2026-09-03T00:00:00.000Z,Listed for rent,2021-03-24T00:00:00.000Z,Listing removed,2017-03-08T00:00:00.000Z,Listing removed,2017-02-06T00:00:00.000Z,Listed for rent,,,,
"16 Mustang Dr, Cabot, AR 72023",16 Mustang Dr,Cabot,AR,,forRent,3,1494,,1450,48,https://www.zillow.com/homedetails/16-Mustang-Dr-Cabot-AR-72023/63160974_zpid/,,2988,2026-08-07T00:00:00.000Z,Listed for rent,2020-02-08T00:00:00.000Z,Listing removed,2020-01-25T00:00:00.000Z,Listed for rent,2018-12-12T00:00:00.000Z,Listing removed,2018-11-14T00:00:00.000Z,Listed for rent,2012-08-23T00:00:00.000Z,Sold
"831 Richfield Rd, Jacksonville, AR 72076",831 Richfield Rd,Jacksonville,AR,,forRent,3,,,1400,5,https://www.zillow.com/homedetails/831-Richfield-Rd-Jacksonville-AR-72076/250171_zpid/,,0,2026-09-19T00:00:00.000Z,Listed for rent,2014-08-18T00:00:00.000Z,Sold,,,,,,,,
"65 Swayze Rhys Ln, Cabot, AR 72023",65 Swayze Rhys Ln,Cabot,AR,,forRent,3,1633,,1675,42,https://www.zillow.com/homedetails/65-Swayze-Rhys-Ln-Cabot-AR-72023/2052994194_zpid/,,213925,2026-09-08T00:00:00.000Z,Price change,2026-08-13T00:00:00.000Z,Listed for rent,2024-05-01T00:00:00.000Z,Sold,2024-04-05T00:00:00.000Z,Contingent,2024-02-09T00:00:00.000Z,Price change,2024-02-01T00:00:00.000Z,Listed for sale
"155 Maddison Dr, Cabot, AR 72023",155 Maddison Dr,Cabot,AR,,forRent,4,1600,,1535,10,https://www.zillow.com/homedetails/155-Maddison-Dr-Cabot-AR-72023/465236137_zpid/,,,2026-09-14T00:00:00.000Z,Listed for rent,,,,,,,,,,
"100 Nona Ruth Ln, Cabot, AR 72023",100 Nona Ruth Ln,Cabot,AR,,forRent,4,1459,,1460,16,https://www.zillow.com/homedetails/100-Nona-Ruth-Ln-Cabot-AR-72023/463333811_zpid/,,,2026-09-09T00:00:00.000Z,Listed for rent,2026-08-14T00:00:00.000Z,Listing removed,2026-08-04T00:00:00.000Z,Price change,2026-07-20T00:00:00.000Z,Price change,2026-07-06T00:00:00.000Z,Price change,2026-06-18T00:00:00.000Z,Listed for sale
"18 War Eagle Dr, Cabot, AR 72023",18 War Eagle Dr,Cabot,AR,,forRent,3,1278,,1300,2,https://www.zillow.com/homedetails/18-War-Eagle-Dr-Cabot-AR-72023/35732196_zpid/,,130000,2026-09-23T00:00:00.000Z,Listing removed,2026-09-22T00:00:00.000Z,Listed for rent,2026-08-28T00:00:00.000Z,Listed for sale,2026-08-25T00:00:00.000Z,Listing removed,2026-08-18T00:00:00.000Z,Price change,2026-08-01T00:00:00.000Z,Listed for sale
"115 Maddison Rachael, Cabot, AR 72023",115 Maddison Rachael,Cabot,AR,,forRent,3,1373,,1410,16,https://www.zillow.com/homedetails/115-Maddison-Rachael-Cabot-AR-72023/463940284_zpid/,,,2026-09-09T00:00:00.000Z,Listed for rent,2026-08-14T00:00:00.000Z,Listing removed,2026-08-04T00:00:00.000Z,Price change,2026-07-20T00:00:00.000Z,Price change,2026-07-17T00:00:00.000Z,Listed for sale,,
"25 Maddison Rachael, Cabot, AR 72023",25 Maddison Rachael,Cabot,AR,,forRent,3,1248,,1310,16,https://www.zillow.com/homedetails/25-Maddison-Rachael-Cabot-AR-72023/460872609_zpid/,,,2026-09-09T00:00:00.000Z,Listed for rent,2026-08-14T00:00:00.000Z,Listing removed,2026-07-24T00:00:00.000Z,Price change,2026-07-20T00:00:00.000Z,Price change,2026-07-17T00:00:00.000Z,Price change,2026-07-09T00:00:00.000Z,Price change
"120 Nona Ruth Ln, Cabot, AR 72023",120 Nona Ruth Ln,Cabot,AR,,forRent,3,1402,,1410,16,https://www.zillow.com/homedetails/120-Nona-Ruth-Ln-Cabot-AR-72023/464079221_zpid/,,,2026-09-09T00:00:00.000Z,Listed for rent,2026-08-14T00:00:00.000Z,Listing removed,2026-07-24T00:00:00.000Z,Price change,2026-07-23T00:00:00.000Z,Listed for sale,,,,
"60 Leruss Blvd, Cabot, AR 72023",60 Leruss Blvd,Cabot,AR,,forRent,3,1422,,1399,51,https://www.zillow.com/homedetails/60-Leruss-Blvd-Cabot-AR-72023/342062290_zpid/,,203000,2026-09-14T00:00:00.000Z,Price change,2026-08-27T00:00:00.000Z,Price change,2026-08-04T00:00:00.000Z,Listed for rent,2024-06-22T00:00:00.000Z,Listing removed,2024-06-15T00:00:00.000Z,Listed for rent,2024-06-11T00:00:00.000Z,Sold
"36 Stonehaven Dr, Cabot, AR 72023",36 Stonehaven Dr,Cabot,AR,,forRent,3,1360,,1350,3,https://www.zillow.com/homedetails/36-Stonehaven-Dr-Cabot-AR-72023/72176066_zpid/,,,2026-09-21T00:00:00.000Z,Listed for rent,2024-09-13T00:00:00.000Z,Listing removed,2024-07-31T00:00:00.000Z,Listed for rent,2023-04-21T00:00:00.000Z,Listing removed,2023-04-16T00:00:00.000Z,Listed for rent,2023-03-23T00:00:00.000Z,Listing removed
"110 Nona Ruth Ln, Cabot, AR 72023",110 Nona Ruth Ln,Cabot,AR,,forRent,3,1248,,1310,16,https://www.zillow.com/homedetails/110-Nona-Ruth-Ln-Cabot-AR-72023/463333813_zpid/,,,2026-09-09T00:00:00.000Z,Listed for rent,2026-08-14T00:00:00.000Z,Listing removed,2026-08-04T00:00:00.000Z,Price change,2026-07-24T00:00:00.000Z,Price change,2026-07-20T00:00:00.000Z,Price change,2026-07-09T00:00:00.000Z,Price change
"42 Winners Cir, Cabot, AR 72023",42 Winners Cir,Cabot,AR,,forRent,3,1521,,1850,14,https://www.zillow.com/homedetails/42-Winners-Cir-Cabot-AR-72023/72176611_zpid/,,196500,2026-08-07T00:00:00.000Z,Listed for rent,2025-10-07T00:00:00.000Z,Listing removed,2025-09-15T00:00:00.000Z,Listed for rent,2025-07-09T00:00:00.000Z,Sold,2025-04-28T00:00:00.000Z,Price change,2025-04-14T00:00:00.000Z,Price change
"35 Foster Louis Ln, Cabot, AR 72023",35 Foster Louis Ln,Cabot,AR,,forRent,3,1234,,1455,27,https://www.zillow.com/homedetails/35-Foster-Louis-Ln-Cabot-AR-72023/349183675_zpid/,,,2026-08-28T00:00:00.000Z,Listed for rent,2024-08-07T00:00:00.000Z,Listing removed,2024-08-06T00:00:00.000Z,Listed for rent,2024-08-06T00:00:00.000Z,Listing removed,2024-05-04T00:00:00.000Z,Listed for rent,,
"70 Kinley Brook Ln, Cabot, AR 72023",70 Kinley Brook Ln,Cabot,AR,,forRent,3,1012,,1550,45,https://www.zillow.com/homedetails/70-Kinley-Brook-Ln-Cabot-AR-72023/2055560788_zpid/,,175775,2026-09-23T00:00:00.000Z,Price change,2026-08-11T00:00:00.000Z,Listed for rent,2024-06-17T00:00:00.000Z,Listing removed,2024-05-22T00:00:00.000Z,Price change,2024-03-06T00:00:00.000Z,Listed for rent,2024-02-27T00:00:00.000Z,Sold
"105 Maddison Rachael, Cabot, AR 72023",105 Maddison Rachael,Cabot,AR,,forRent,4,1459,,1460,16,https://www.zillow.com/homedetails/105-Maddison-Rachael-Cabot-AR-72023/463333812_zpid/,,,2026-09-09T00:00:00.000Z,Listed for rent,2026-08-14T00:00:00.000Z,Listing removed,2026-08-04T00:00:00.000Z,Price change,2026-07-20T00:00:00.000Z,Price change,2026-06-18T00:00:00.000Z,Listed for sale,,
"27 Trinity Dr, Cabot, AR 72023",27 Trinity Dr,Cabot,AR,,forRent,3,1442,,1525,34,https://www.zillow.com/homedetails/27-Trinity-Dr-Cabot-AR-72023/113948501_zpid/,,,2026-08-21T00:00:00.000Z,Listed for rent,2025-09-11T00:00:00.000Z,Listing removed,2025-07-29T00:00:00.000Z,Price change,2025-07-03T00:00:00.000Z,Listed for rent,,,,
"28 Burns Dr, Cabot, AR 72023",28 Burns Dr,Cabot,AR,,forRent,3,1288,,1350,65,https://www.zillow.com/homedetails/28-Burns-Dr-Cabot-AR-72023/255699_zpid/,,146000,2026-08-31T00:00:00.000Z,Price change,2026-07-21T00:00:00.000Z,Listed for rent,2025-08-07T00:00:00.000Z,Listing removed,2025-07-14T00:00:00.000Z,Price change,2025-07-03T00:00:00.000Z,Listed for rent,2022-06-28T00:00:00.000Z,Sold
"17 Patti Cv, Ward, AR 72176",17 Patti Cv,Ward,AR,,forRent,3,1330,,1795,0,https://www.zillow.com/homedetails/17-Patti-Cv-Ward-AR-72176/338981618_zpid/,,210000,2026-09-25T00:00:00.000Z,Listed for rent,2022-07-27T00:00:00.000Z,Sold,,,,,,,,
"87 Sycamore Cir, Cabot, AR 72023",87 Sycamore Cir,Cabot,AR,,forRent,3,1252,,1350,41,https://www.zillow.com/homedetails/87-Sycamore-Cir-Cabot-AR-72023/256430_zpid/,,151500,2026-09-14T00:00:00.000Z,Price change,2026-08-29T00:00:00.000Z,Price change,2026-08-14T00:00:00.000Z,Listed for rent,2026-07-17T00:00:00.000Z,Sold,2026-06-05T00:00:00.000Z,Listed for sale,2026-05-27T00:00:00.000Z,Listing removed
"209 N Madison St, Cabot, AR 72023",209 N Madison St,Cabot,AR,,forRent,3,1524,,1895,76,https://www.zillow.com/homedetails/209-N-Madison-St-Cabot-AR-72023/439267452_zpid/,,,2026-07-10T00:00:00.000Z,Listed for rent,2025-06-24T00:00:00.000Z,Listing removed,2025-06-19T00:00:00.000Z,Listed for rent,2025-06-19T00:00:00.000Z,Listing removed,2025-04-10T00:00:00.000Z,Price change,2025-03-05T00:00:00.000Z,Listed for rent
"11 W Plaza Blvd, Cabot, AR 72023",11 W Plaza Blvd,Cabot,AR,,forRent,3,1487,,1525,31,https://www.zillow.com/homedetails/11-W-Plaza-Blvd-Cabot-AR-72023/256262_zpid/,,229049,2026-08-24T00:00:00.000Z,Listed for rent,2024-09-13T00:00:00.000Z,Listing removed,2024-07-02T00:00:00.000Z,Listed for rent,2013-02-26T00:00:00.000Z,Sold,,,,
"50 Buena Vista Dr, Cabot, AR 72023",50 Buena Vista Dr,Cabot,AR,,forRent,3,1361,,1450,0,https://www.zillow.com/homedetails/50-Buena-Vista-Dr-Cabot-AR-72023/452178369_zpid/,,182000,2026-09-25T00:00:00.000Z,Listed for rent,2026-01-31T00:00:00.000Z,Listing removed,2026-01-24T00:00:00.000Z,Price change,2026-01-17T00:00:00.000Z,Price change,2026-01-10T00:00:00.000Z,Price change,2026-01-03T00:00:00.000Z,Price change
"20 Edgehill Cv, Maumelle, AR 72113",20 Edgehill Cv,Maumelle,AR,,forRent,3,1520,,1095,1,https://www.zillow.com/homedetails/20-Edgehill-Cv-Maumelle-AR-72113/79781400_zpid/,,357500,2026-09-23T00:00:00.000Z,Listed for rent,2026-07-24T00:00:00.000Z,Listing removed,2026-07-15T00:00:00.000Z,Listed for rent,2025-11-11T00:00:00.000Z,Listing removed,2025-08-29T00:00:00.000Z,Price change,2025-08-15T00:00:00.000Z,Price change
"29 Mattie Lene Dr, Ward, AR 72176",29 Mattie Lene Dr,Ward,AR,,forRent,3,1301,,1350,14,https://www.zillow.com/homedetails/29-Mattie-Lene-Dr-Ward-AR-72176/35732499_zpid/,,80000,2026-09-10T00:00:00.000Z,Listed for rent,2026-03-20T00:00:00.000Z,Listing removed,2026-01-05T00:00:00.000Z,Listed for rent,2024-10-09T00:00:00.000Z,Listing removed,2024-09-16T00:00:00.000Z,Listed for rent,2009-05-16T00:00:00.000Z,Listing removed
"110 River Valley Loop, Maumelle, AR 72113",110 River Valley Loop,Maumelle,AR,,forRent,4,2670,,2600,15,https://www.zillow.com/homedetails/110-River-Valley-Loop-Maumelle-AR-72113/79782764_zpid/,,340000,2026-09-10T00:00:00.000Z,Listed for rent,2026-08-14T00:00:00.000Z,Listing removed,2026-06-10T00:00:00.000Z,Listed for sale,2021-06-15T00:00:00.000Z,Sold,2014-12-02T00:00:00.000Z,Sold,2014-11-16T00:00:00.000Z,Listed for sale
"203 Logan Dr, Maumelle, AR 72113",203 Logan Dr,Maumelle,AR,,forRent,3,1472,,1835,55,https://www.zillow.com/homedetails/203-Logan-Dr-Maumelle-AR-72113/2057186362_zpid/,,,2026-08-05T00:00:00.000Z,Price change,2026-07-31T00:00:00.000Z,Listed for rent,2024-08-27T00:00:00.000Z,Listing removed,2024-08-01T00:00:00.000Z,Listed for rent,2023-06-19T00:00:00.000Z,Listing removed,2023-06-10T00:00:00.000Z,Listed for rent
"205 Logan Dr, Maumelle, AR 72113",205 Logan Dr,Maumelle,AR,,forRent,3,1472,,1835,69,https://www.zillow.com/homedetails/205-Logan-Dr-Maumelle-AR-72113/2057186361_zpid/,,,2026-08-05T00:00:00.000Z,Price change,2026-07-17T00:00:00.000Z,Listed for rent,2025-09-04T00:00:00.000Z,Listing removed,2025-09-03T00:00:00.000Z,Listed for rent,2025-09-03T00:00:00.000Z,Listing removed,2025-08-29T00:00:00.000Z,Price change
"22 Edgehill Cv, Maumelle, AR 72113",22 Edgehill Cv,Maumelle,AR,,forRent,3,1520,,1175,0,https://www.zillow.com/homedetails/22-Edgehill-Cv-Maumelle-AR-72113/79790227_zpid/,,357500,2026-09-24T00:00:00.000Z,Listed for rent,2026-09-23T00:00:00.000Z,Listing removed,2026-05-27T00:00:00.000Z,Listed for sale,2013-12-23T00:00:00.000Z,Sold,2013-11-13T00:00:00.000Z,Listed for sale,1998-03-10T00:00:00.000Z,Sold
"106 Jo Park Ln, Maumelle, AR 72113",106 Jo Park Ln,Maumelle,AR,,forRent,4,1640,,2000,49,https://www.zillow.com/homedetails/106-Jo-Park-Ln-Maumelle-AR-72113/2056841941_zpid/,,,2026-08-06T00:00:00.000Z,Listed for rent,2023-10-04T00:00:00.000Z,Listing removed,2023-10-03T00:00:00.000Z,Listed for rent,2023-10-03T00:00:00.000Z,Listing removed,2023-06-29T00:00:00.000Z,Listed for rent,,
"44 Kirkland Dr, Cabot, AR 72023",44 Kirkland Dr,Cabot,AR,,forRent,3,2077,,1900,174,https://www.zillow.com/homedetails/44-Kirkland-Dr-Cabot-AR-72023/52495420_zpid/,,,2026-04-03T00:00:00.000Z,Listed for rent,2026-04-03T00:00:00.000Z,Listing removed,2026-02-11T00:00:00.000Z,Listed for rent,2025-09-22T00:00:00.000Z,Listing removed,2025-08-19T00:00:00.000Z,Listing removed,2025-08-17T00:00:00.000Z,Listed for rent
"10413 Cypress Knee Dr, Maumelle, AR 72113",10413 Cypress Knee Dr,Maumelle,AR,,forRent,3,1480,,1800,85,https://www.zillow.com/homedetails/10413-Cypress-Knee-Dr-Maumelle-AR-72113/2060938533_zpid/,,,2026-07-01T00:00:00.000Z,Listed for rent,2025-04-22T00:00:00.000Z,Listing removed,2025-04-04T00:00:00.000Z,Listed for rent,2022-11-13T00:00:00.000Z,Listing removed,2022-10-25T00:00:00.000Z,Listed for rent,,
"61 Pin Oak Loop, Maumelle, AR 72113",61 Pin Oak Loop,Maumelle,AR,,forRent,3,1173,,1495,83,https://www.zillow.com/homedetails/61-Pin-Oak-Loop-Maumelle-AR-72113/326810_zpid/,,175000,2026-08-14T00:00:00.000Z,Price change,2026-08-12T00:00:00.000Z,Price change,2026-07-03T00:00:00.000Z,Listed for rent,2024-04-25T00:00:00.000Z,Listing removed,2024-04-09T00:00:00.000Z,Listed for rent,2023-02-09T00:00:00.000Z,Listing removed
"21 Pin Oak Loop, Maumelle, AR 72113",21 Pin Oak Loop,Maumelle,AR,,forRent,3,1270,,1500,8,https://www.zillow.com/homedetails/21-Pin-Oak-Loop-Maumelle-AR-72113/326790_zpid/,,177000,2026-09-16T00:00:00.000Z,Listed for rent,2025-06-29T00:00:00.000Z,Listing removed,2025-06-19T00:00:00.000Z,Listed for rent,2025-04-11T00:00:00.000Z,Sold,2025-04-11T00:00:00.000Z,Contingent,2025-02-24T00:00:00.000Z,Price change
"11 Page Cv, Maumelle, AR 72113",11 Page Cv,Maumelle,AR,,forRent,3,1294,,1695,22,https://www.zillow.com/homedetails/11-Page-Cv-Maumelle-AR-72113/326629_zpid/,,222125,2026-09-02T00:00:00.000Z,Listed for rent,2019-05-21T00:00:00.000Z,Listing removed,2019-02-11T00:00:00.000Z,Listed for rent,2017-11-18T00:00:00.000Z,Listing removed,2017-10-06T00:00:00.000Z,Price change,2017-09-16T00:00:00.000Z,Price change
"9 Oak Forest Dr, Maumelle, AR 72113",9 Oak Forest Dr,Maumelle,AR,,forRent,3,1176,,1675,9,https://www.zillow.com/homedetails/9-Oak-Forest-Dr-Maumelle-AR-72113/326498_zpid/,,785000,2026-09-15T00:00:00.000Z,Listed for rent,2026-01-10T00:00:00.000Z,Listing removed,2025-12-01T00:00:00.000Z,Listed for rent,2015-05-29T00:00:00.000Z,Sold,2008-09-12T00:00:00.000Z,Sold,,
"24 Oak Ridge Dr, Maumelle, AR 72113",24 Oak Ridge Dr,Maumelle,AR,,forRent,3,1176,,1650,3,https://www.zillow.com/homedetails/24-Oak-Ridge-Dr-Maumelle-AR-72113/326760_zpid/,,97231,2026-09-22T00:00:00.000Z,Listed for rent,2022-08-31T00:00:00.000Z,Listing removed,2022-08-23T00:00:00.000Z,Listed for sale,2020-03-22T00:00:00.000Z,Listing removed,2020-01-27T00:00:00.000Z,Price change,2020-01-01T00:00:00.000Z,Price change
"81 Oak Forest Loop, Maumelle, AR 72113",81 Oak Forest Loop,Maumelle,AR,,forRent,3,1300,,1700,66,https://www.zillow.com/homedetails/81-Oak-Forest-Loop-Maumelle-AR-72113/326542_zpid/,,145000,2026-07-20T00:00:00.000Z,Listed for rent,2021-01-15T00:00:00.000Z,Sold,2012-10-11T00:00:00.000Z,Sold,1997-04-16T00:00:00.000Z,Sold,,,,
"2 Corbet Ln, Maumelle, AR 72113",2 Corbet Ln,Maumelle,AR,,forRent,3,1523,,2300,34,https://www.zillow.com/homedetails/2-Corbet-Ln-Maumelle-AR-72113/122005820_zpid/,,,2026-08-21T00:00:00.000Z,Listed for rent,2025-04-21T00:00:00.000Z,Listing removed,2025-03-25T00:00:00.000Z,Price change,2025-03-04T00:00:00.000Z,Listed for rent,2025-01-27T00:00:00.000Z,Listing removed,2025-01-14T00:00:00.000Z,Price change
"5 Stoneledge Dr, Maumelle, AR 72113",5 Stoneledge Dr,Maumelle,AR,,forRent,3,1755,,1795,41,https://www.zillow.com/homedetails/5-Stoneledge-Dr-Maumelle-AR-72113/326005_zpid/,,240000,2026-09-19T00:00:00.000Z,Price change,2026-08-14T00:00:00.000Z,Listed for rent,2025-04-10T00:00:00.000Z,Listing removed,2025-03-28T00:00:00.000Z,Listed for rent,2025-02-06T00:00:00.000Z,Sold,2024-11-23T00:00:00.000Z,Listing removed
"32 Fortson Dr, Cabot, AR 72023",32 Fortson Dr,Cabot,AR,,forRent,3,1064,,875,33,https://www.zillow.com/homedetails/32-Fortson-Dr-Cabot-AR-72023/63161011_zpid/,,750000,2026-08-22T00:00:00.000Z,Listed for rent,2024-02-17T00:00:00.000Z,Listing removed,2024-02-03T00:00:00.000Z,Listed for rent,2004-08-10T00:00:00.000Z,Sold,,,,
"53 Bent Tree Dr, Cabot, AR 72023",53 Bent Tree Dr,Cabot,AR,,forRent,3,1645,,1495,64,https://www.zillow.com/homedetails/53-Bent-Tree-Dr-Cabot-AR-72023/256157_zpid/,,10000,2026-09-01T00:00:00.000Z,Price change,2026-07-22T00:00:00.000Z,Listed for rent,2002-07-18T00:00:00.000Z,Sold,1993-11-12T00:00:00.000Z,Sold,,,,
"509 E Elm St, Cabot, AR 72023",509 E Elm St,Cabot,AR,,forRent,3,1056,,1450,77,https://www.zillow.com/homedetails/509-E-Elm-St-Cabot-AR-72023/257181_zpid/,,185000,2026-08-20T00:00:00.000Z,Price change,2026-07-23T00:00:00.000Z,Price change,2026-07-09T00:00:00.000Z,Listed for rent,2026-07-09T00:00:00.000Z,Listing removed,2026-05-02T00:00:00.000Z,Listed for rent,2026-04-16T00:00:00.000Z,Listing removed
"127 Chambery Dr, Maumelle, AR 72113",127 Chambery Dr,Maumelle,AR,,forRent,4,1651,,2500,21,https://www.zillow.com/homedetails/127-Chambery-Dr-Maumelle-AR-72113/122006196_zpid/,,,2026-09-03T00:00:00.000Z,Price change,2026-07-24T00:00:00.000Z,Listed for rent,2019-06-07T00:00:00.000Z,Listing removed,2019-03-21T00:00:00.000Z,Price change,2019-02-14T00:00:00.000Z,Listed for rent,2017-11-15T00:00:00.000Z,Listing removed
"6688 Hollywood Ave, Benton, AR 72019",6688 Hollywood Ave,Benton,AR,,forRent,3,1051,,1595,20,https://www.zillow.com/homedetails/6688-Hollywood-Ave-Benton-AR-72019/460744960_zpid/,,183900,2026-09-04T00:00:00.000Z,Listed for rent,2026-08-28T00:00:00.000Z,Sold,2026-08-10T00:00:00.000Z,Contingent,2026-06-25T00:00:00.000Z,Price change,2026-06-18T00:00:00.000Z,Price change,2026-06-09T00:00:00.000Z,Price change
"227 Iris St, Haskell, AR 72015",227 Iris St,Haskell,AR,,forRent,3,1420,,1625,59,https://www.zillow.com/homedetails/227-Iris-St-Haskell-AR-72015/2060765172_zpid/,,195000,2026-09-23T00:00:00.000Z,Price change,2026-09-10T00:00:00.000Z,Price change,2026-08-27T00:00:00.000Z,Price change,2026-07-27T00:00:00.000Z,Listed for rent,2023-02-16T00:00:00.000Z,Listing removed,2023-02-08T00:00:00.000Z,Price change
"2530 Peabody Dr, Conway, AR 72032",2530 Peabody Dr,Conway,AR,,forRent,3,1271,,1500,40,https://www.zillow.com/homedetails/2530-Peabody-Dr-Conway-AR-72032/239829_zpid/,,199000,2026-08-15T00:00:00.000Z,Listed for rent,2025-07-28T00:00:00.000Z,Sold,2025-06-29T00:00:00.000Z,Contingent,2025-06-28T00:00:00.000Z,Listed for sale,2014-12-23T00:00:00.000Z,Sold,2013-09-19T00:00:00.000Z,Sold
"14095 Magnolia Glen Dr, Alexander, AR 72002",14095 Magnolia Glen Dr,Alexander,AR,,forRent,3,1228,,1530,23,https://www.zillow.com/homedetails/14095-Magnolia-Glen-Dr-Alexander-AR-72002/88906053_zpid/,,119500,2026-09-01T00:00:00.000Z,Listed for rent,2020-12-08T00:00:00.000Z,Listing removed,2020-12-02T00:00:00.000Z,Listed for rent,2016-09-27T00:00:00.000Z,Sold,2016-06-29T00:00:00.000Z,Price change,2016-06-06T00:00:00.000Z,Listed for sale
"22530 Sam Tillery Dr, Alexander, AR 72002",22530 Sam Tillery Dr,Alexander,AR,,forRent,3,1633,,1995,2,https://www.zillow.com/homedetails/22530-Sam-Tillery-Dr-Alexander-AR-72002/465489014_zpid/,,,2026-09-22T00:00:00.000Z,Listed for rent,,,,,,,,,,
"607 Timberline Rd, Jacksonville, AR 72076",607 Timberline Rd,Jacksonville,AR,,forRent,3,1305,,1700,19,https://www.zillow.com/homedetails/607-Timberline-Rd-Jacksonville-AR-72076/447645046_zpid/,,,2026-09-05T00:00:00.000Z,Listed for rent,2025-08-07T00:00:00.000Z,Listing removed,2025-07-01T00:00:00.000Z,Price change,2025-04-02T00:00:00.000Z,Price change,2025-02-27T00:00:00.000Z,Listed for rent,2025-02-27T00:00:00.000Z,Listing removed
"802 Gussy Ln, Benton, AR 72019",802 Gussy Ln,Benton,AR,,forRent,4,1459,,1650,1,https://www.zillow.com/homedetails/802-Gussy-Ln-Benton-AR-72019/460667108_zpid/,,222900,2026-08-21T00:00:00.000Z,Listed for rent,2026-08-11T00:00:00.000Z,Sold,2026-07-13T00:00:00.000Z,Contingent,2026-07-04T00:00:00.000Z,Price change,2026-06-03T00:00:00.000Z,Listed for sale,2026-05-01T00:00:00.000Z,Contingent
"3264 Sidell Estates Dr, Benton, AR 72015",3264 Sidell Estates Dr,Benton,AR,,forRent,4,1652,,1795,41,https://www.zillow.com/homedetails/3264-Sidell-Estates-Dr-Benton-AR-72015/2063496322_zpid/,,,2026-08-14T00:00:00.000Z,Listed for rent,2022-07-02T00:00:00.000Z,Listing removed,2022-06-10T00:00:00.000Z,Price change,2022-04-28T00:00:00.000Z,Listed for sale,,,,
"2352 Bassett St, Benton, AR 72019",2352 Bassett St,Benton,AR,,forRent,4,1852,,1695,16,https://www.zillow.com/homedetails/2352-Bassett-St-Benton-AR-72019/461516492_zpid/,,,2026-09-09T00:00:00.000Z,Listed for rent,2026-08-14T00:00:00.000Z,Listing removed,2026-08-04T00:00:00.000Z,Price change,2026-07-16T00:00:00.000Z,Listed for sale,2026-04-06T00:00:00.000Z,Listing removed,2026-04-05T00:00:00.000Z,Listed for sale
"5399 Heritage Valley Dr, Benton, AR 72019",5399 Heritage Valley Dr,Benton,AR,,forRent,4,1790,,1800,59,https://www.zillow.com/homedetails/5399-Heritage-Valley-Dr-Benton-AR-72019/2062299989_zpid/,,245000,2026-09-10T00:00:00.000Z,Price change,2026-08-31T00:00:00.000Z,Price change,2026-07-27T00:00:00.000Z,Listed for rent,2026-07-15T00:00:00.000Z,Listing removed,2026-05-22T00:00:00.000Z,Price change,2026-04-02T00:00:00.000Z,Listed for sale
"13757 Cedar Glen Cv, Alexander, AR 72002",13757 Cedar Glen Cv,Alexander,AR,,forRent,3,1408,,1575,29,https://www.zillow.com/homedetails/13757-Cedar-Glen-Cv-Alexander-AR-72002/92432562_zpid/,,124900,2026-08-26T00:00:00.000Z,Listed for rent,2017-02-19T00:00:00.000Z,Listing removed,2017-01-26T00:00:00.000Z,Listed for rent,2007-07-18T00:00:00.000Z,Sold,2007-01-31T00:00:00.000Z,Sold,,
"14457 Skyline Dr, Alexander, AR 72002",14457 Skyline Dr,Alexander,AR,,forRent,3,1974,,1950,10,https://www.zillow.com/homedetails/14457-Skyline-Dr-Alexander-AR-72002/120792053_zpid/,,210000,2026-09-15T00:00:00.000Z,Listed for rent,2021-11-05T00:00:00.000Z,Sold,2015-12-17T00:00:00.000Z,Sold,,,,,,
"5096 Woodstream Dr, Alexander, AR 72002",5096 Woodstream Dr,Alexander,AR,,forRent,3,1594,,2600,20,https://www.zillow.com/homedetails/5096-Woodstream-Dr-Alexander-AR-72002/2077881150_zpid/,,180150,2026-09-05T00:00:00.000Z,Listed for rent,2024-10-14T00:00:00.000Z,Listing removed,2023-08-19T00:00:00.000Z,Listing removed,2023-07-23T00:00:00.000Z,Listed for rent,2023-03-09T00:00:00.000Z,Listing removed,2023-02-12T00:00:00.000Z,Listed for rent
"5137 Woodstream Dr, Alexander, AR 72002",5137 Woodstream Dr,Alexander,AR,,forRent,3,1460,,1600,6,https://www.zillow.com/homedetails/5137-Woodstream-Dr-Alexander-AR-72002/2078172293_zpid/,,167825,2026-09-18T00:00:00.000Z,Listed for rent,2026-04-27T00:00:00.000Z,Listing removed,2026-04-01T00:00:00.000Z,Listed for rent,2022-11-20T00:00:00.000Z,Listing removed,2022-10-04T00:00:00.000Z,Listed for rent,2020-12-04T00:00:00.000Z,Sold
"17 Greenbrier Dr, Benton, AR 72015",17 Greenbrier Dr,Benton,AR,,forRent,3,1460,,1545,52,https://www.zillow.com/homedetails/17-Greenbrier-Dr-Benton-AR-72015/386172_zpid/,,143000,2026-09-17T00:00:00.000Z,Price change,2026-08-27T00:00:00.000Z,Price change,2026-08-03T00:00:00.000Z,Listed for rent,2026-02-23T00:00:00.000Z,Listing removed,2026-02-19T00:00:00.000Z,Price change,2026-01-29T00:00:00.000Z,Price change
"905 Pheasant Cv, Benton, AR 72019",905 Pheasant Cv,Benton,AR,,forRent,3,1415,,1595,21,https://www.zillow.com/homedetails/905-Pheasant-Cv-Benton-AR-72019/385747_zpid/,,158000,2026-09-03T00:00:00.000Z,Listed for rent,2022-05-16T00:00:00.000Z,Listing removed,2022-04-20T00:00:00.000Z,Price change,2022-04-14T00:00:00.000Z,Price change,2022-04-06T00:00:00.000Z,Price change,2022-03-22T00:00:00.000Z,Listed for rent
"414 Newcomb Cv, Benton, AR 72015",414 Newcomb Cv,Benton,AR,,forRent,3,1384,,1600,5,https://www.zillow.com/homedetails/414-Newcomb-Cv-Benton-AR-72015/384931_zpid/,,65531,2026-07-17T00:00:00.000Z,Listed for rent,2010-11-30T00:00:00.000Z,Sold,2005-03-03T00:00:00.000Z,Sold,,,,,,
"22930 Sam Tillery Dr, Alexander, AR 72002",22930 Sam Tillery Dr,Alexander,AR,,forRent,4,1640,,2000,31,https://www.zillow.com/homedetails/22930-Sam-Tillery-Dr-Alexander-AR-72002/464786376_zpid/,,,2026-09-10T00:00:00.000Z,Price change,2026-09-08T00:00:00.000Z,Price change,2026-08-24T00:00:00.000Z,Listed for rent,,,,,,
"4340 Sloan Dr, Alexander, AR 72002",4340 Sloan Dr,Alexander,AR,,forRent,4,1850,,2140,61,https://www.zillow.com/homedetails/4340-Sloan-Dr-Alexander-AR-72002/442183331_zpid/,,267480,2026-08-09T00:00:00.000Z,Listed for rent,2026-07-28T00:00:00.000Z,Listing removed,2026-07-25T00:00:00.000Z,Listed for rent,2026-07-08T00:00:00.000Z,Listing removed,2026-06-20T00:00:00.000Z,Listed for rent,2025-08-06T00:00:00.000Z,Listing removed
"2169 Bentwood Dr, Alexander, AR 72002",2169 Bentwood Dr,Alexander,AR,,forRent,4,1477,,1900,3,https://www.zillow.com/homedetails/2169-Bentwood-Dr-Alexander-AR-72002/2064742947_zpid/,,223785,2026-09-21T00:00:00.000Z,Listed for rent,2025-07-24T00:00:00.000Z,Listing removed,2025-06-30T00:00:00.000Z,Price change,2025-05-23T00:00:00.000Z,Listed for rent,2025-05-21T00:00:00.000Z,Listing removed,2025-05-19T00:00:00.000Z,Listed for rent
"1067 Huntington Dr, Benton, AR 72019",1067 Huntington Dr,Benton,AR,,forRent,4,1459,,1445,42,https://www.zillow.com/homedetails/1067-Huntington-Dr-Benton-AR-72019/2061767452_zpid/,,,2026-09-24T00:00:00.000Z,Price change,2026-09-17T00:00:00.000Z,Price change,2026-08-13T00:00:00.000Z,Listed for rent,2024-11-08T00:00:00.000Z,Listing removed,2024-11-05T00:00:00.000Z,Listed for rent,2024-03-22T00:00:00.000Z,Listing removed
"7125 Anderson St, Alexander, AR 72002",7125 Anderson St,Alexander,AR,,forRent,3,1906,,1650,1,https://www.zillow.com/homedetails/7125-Anderson-St-Alexander-AR-72002/368443_zpid/,,167000,2026-09-23T00:00:00.000Z,Listed for rent,2023-09-08T00:00:00.000Z,Listing removed,2023-07-24T00:00:00.000Z,Price change,2023-07-21T00:00:00.000Z,Listed for rent,2022-08-08T00:00:00.000Z,Listing removed,2022-07-27T00:00:00.000Z,Listed for rent
"3225 Jean Cv, Alexander, AR 72002",3225 Jean Cv,Alexander,AR,,forRent,3,2827,,2600,170,https://www.zillow.com/homedetails/3225-Jean-Cv-Alexander-AR-72002/378862_zpid/,,,2026-07-27T00:00:00.000Z,Price change,2026-04-07T00:00:00.000Z,Listed for rent,,,,,,,,
"754 Gussy Ln, Benton, AR 72019",754 Gussy Ln,Benton,AR,,forRent,3,1523,,1600,13,https://www.zillow.com/homedetails/754-Gussy-Ln-Benton-AR-72019/464376472_zpid/,,220900,2026-09-11T00:00:00.000Z,Listed for rent,2026-08-27T00:00:00.000Z,Sold,,,,,,,,
"1294 Ridge Rd, Benton, AR 72015",1294 Ridge Rd,Benton,AR,,forRent,3,1108,,1120,18,https://www.zillow.com/homedetails/1294-Ridge-Rd-Benton-AR-72015/114182952_zpid/,,2000,2026-09-24T00:00:00.000Z,Price change,2026-09-06T00:00:00.000Z,Listed for rent,2022-08-12T00:00:00.000Z,Listing removed,2022-08-01T00:00:00.000Z,Price change,2022-07-27T00:00:00.000Z,Listed for rent,2013-02-01T00:00:00.000Z,Sold
"5813 Heritage Heights Dr, Benton, AR 72019",5813 Heritage Heights Dr,Benton,AR,,forRent,4,1792,,1695,112,https://www.zillow.com/homedetails/5813-Heritage-Heights-Dr-Benton-AR-72019/71715692_zpid/,,199000,2026-08-27T00:00:00.000Z,Price change,2026-08-12T00:00:00.000Z,Price change,2026-07-29T00:00:00.000Z,Price change,2026-07-15T00:00:00.000Z,Price change,2026-06-04T00:00:00.000Z,Listed for rent,2024-04-06T00:00:00.000Z,Listing removed
"6065 Discovery Trl, Bauxite, AR 72011",6065 Discovery Trl,Bauxite,AR,,forRent,4,1459,,1595,9,https://www.zillow.com/homedetails/6065-Discovery-Trl-Bauxite-AR-72011/442588179_zpid/,,192660,2026-09-15T00:00:00.000Z,Listed for rent,2026-08-11T00:00:00.000Z,Listing removed,2026-08-03T00:00:00.000Z,Listed for rent,2025-07-01T00:00:00.000Z,Listing removed,2025-05-23T00:00:00.000Z,Listed for rent,2025-05-09T00:00:00.000Z,Sold
"2248 Centennial Valley Dr, Benton, AR 72019",2248 Centennial Valley Dr,Benton,AR,,forRent,3,1480,,1595,1,https://www.zillow.com/homedetails/2248-Centennial-Valley-Dr-Benton-AR-72019/2071964933_zpid/,,203315,2026-09-23T00:00:00.000Z,Listed for rent,2025-09-12T00:00:00.000Z,Listing removed,2025-09-10T00:00:00.000Z,Price change,2025-08-18T00:00:00.000Z,Listed for rent,2021-10-28T00:00:00.000Z,Sold,2021-07-30T00:00:00.000Z,Pending sale
"6056 Orange Valley Cv, Mabelvale, AR 72103",6056 Orange Valley Cv,Mabelvale,AR,,forRent,4,1537,,1675,17,https://www.zillow.com/homedetails/6056-Orange-Valley-Cv-Mabelvale-AR-72103/463591455_zpid/,,,2026-07-01T00:00:00.000Z,Listed for rent,,,,,,,,,,
"4056 Kings River Trl, Bauxite, AR 72011",4056 Kings River Trl,Bauxite,AR,,forRent,3,1480,,1345,58,https://www.zillow.com/homedetails/4056-Kings-River-Trl-Bauxite-AR-72011/2062403626_zpid/,,200660,2026-09-22T00:00:00.000Z,Price change,2026-08-27T00:00:00.000Z,Price change,2026-08-20T00:00:00.000Z,Price change,2026-08-13T00:00:00.000Z,Price change,2026-07-29T00:00:00.000Z,Listed for rent,2023-02-11T00:00:00.000Z,Listing removed
"8057 Chesapeake Trl, Bauxite, AR 72011",8057 Chesapeake Trl,Bauxite,AR,,forRent,4,1496,,1545,16,https://www.zillow.com/homedetails/8057-Chesapeake-Trl-Bauxite-AR-72011/462191990_zpid/,,,2026-09-09T00:00:00.000Z,Listed for rent,2026-08-14T00:00:00.000Z,Listing removed,2026-08-13T00:00:00.000Z,Price change,2026-08-10T00:00:00.000Z,Price change,2026-08-04T00:00:00.000Z,Price change,2026-06-25T00:00:00.000Z,Price change
"8072 Chesapeake Trl, Bauxite, AR 72011",8072 Chesapeake Trl,Bauxite,AR,,forRent,4,1492,,1650,13,https://www.zillow.com/homedetails/8072-Chesapeake-Trl-Bauxite-AR-72011/457082278_zpid/,,208600,2026-09-12T00:00:00.000Z,Listed for rent,2026-07-30T00:00:00.000Z,Sold,2026-07-09T00:00:00.000Z,Contingent,2026-07-06T00:00:00.000Z,Price change,2026-06-25T00:00:00.000Z,Price change,2026-06-08T00:00:00.000Z,Price change
"8065 Chesapeake Trl, Bauxite, AR 72011",8065 Chesapeake Trl,Bauxite,AR,,forRent,4,1699,,1595,16,https://www.zillow.com/homedetails/8065-Chesapeake-Trl-Bauxite-AR-72011/462191986_zpid/,,,2026-09-09T00:00:00.000Z,Listed for rent,2026-08-14T00:00:00.000Z,Listing removed,2026-08-10T00:00:00.000Z,Price change,2026-08-06T00:00:00.000Z,Price change,2026-08-04T00:00:00.000Z,Price change,2026-07-31T00:00:00.000Z,Price change
"8016 Chesapeake Trl, Bauxite, AR 72011",8016 Chesapeake Trl,Bauxite,AR,,forRent,3,1442,,1495,16,https://www.zillow.com/homedetails/8016-Chesapeake-Trl-Bauxite-AR-72011/457082295_zpid/,,,2026-09-09T00:00:00.000Z,Listed for rent,2026-08-14T00:00:00.000Z,Listing removed,2026-08-13T00:00:00.000Z,Price change,2026-07-24T00:00:00.000Z,Price change,2026-07-23T00:00:00.000Z,Listed for sale,2025-10-02T00:00:00.000Z,Listing removed
"2705 Timbermist Cir, Benton, AR 72015",2705 Timbermist Cir,Benton,AR,,forRent,3,1200,,1575,7,https://www.zillow.com/homedetails/2705-Timbermist-Cir-Benton-AR-72015/386796_zpid/,,151000,2026-09-17T00:00:00.000Z,Listed for rent,2025-09-02T00:00:00.000Z,Listing removed,2025-08-27T00:00:00.000Z,Price change,2025-08-14T00:00:00.000Z,Price change,2025-06-30T00:00:00.000Z,Listed for rent,2022-08-30T00:00:00.000Z,Listing removed
"8056 Chesapeake Trl, Bauxite, AR 72011",8056 Chesapeake Trl,Bauxite,AR,,forRent,3,1651,,1545,16,https://www.zillow.com/homedetails/8056-Chesapeake-Trl-Bauxite-AR-72011/457082351_zpid/,,,2026-09-09T00:00:00.000Z,Listed for rent,2026-08-14T00:00:00.000Z,Listing removed,2026-08-10T00:00:00.000Z,Price change,2026-07-17T00:00:00.000Z,Price change,2026-07-06T00:00:00.000Z,Price change,2026-06-25T00:00:00.000Z,Price change
"8024 Chesapeake Trl, Bauxite, AR 72011",8024 Chesapeake Trl,Bauxite,AR,,forRent,3,1248,,1345,16,https://www.zillow.com/homedetails/8024-Chesapeake-Trl-Bauxite-AR-72011/457082320_zpid/,,,2026-09-09T00:00:00.000Z,Listed for rent,2026-08-14T00:00:00.000Z,Listing removed,2026-07-24T00:00:00.000Z,Price change,2026-07-23T00:00:00.000Z,Listed for sale,2025-10-02T00:00:00.000Z,Listing removed,2025-09-30T00:00:00.000Z,Listed for sale
"8040 Chesapeake Trl, Bauxite, AR 72011",8040 Chesapeake Trl,Bauxite,AR,,forRent,4,1496,,1495,16,https://www.zillow.com/homedetails/8040-Chesapeake-Trl-Bauxite-AR-72011/457082335_zpid/,,,2026-09-09T00:00:00.000Z,Listed for rent,2026-08-14T00:00:00.000Z,Listing removed,2026-08-13T00:00:00.000Z,Price change,2026-08-10T00:00:00.000Z,Price change,2026-07-17T00:00:00.000Z,Price change,2026-07-06T00:00:00.000Z,Price change
"14611 Parkway Meadows Dr, Alexander, AR 72002",14611 Parkway Meadows Dr,Alexander,AR,,forRent,3,1500,,1625,7,https://www.zillow.com/homedetails/14611-Parkway-Meadows-Dr-Alexander-AR-72002/112089546_zpid/,,192000,2026-09-17T00:00:00.000Z,Listed for rent,2025-09-08T00:00:00.000Z,Listing removed,2025-08-28T00:00:00.000Z,Listed for rent,2024-09-13T00:00:00.000Z,Listing removed,2024-08-05T00:00:00.000Z,Listed for rent,2024-07-24T00:00:00.000Z,Listing removed
"8049 Chesapeake Trl, Bauxite, AR 72011",8049 Chesapeake Trl,Bauxite,AR,,forRent,3,1301,,1395,16,https://www.zillow.com/homedetails/8049-Chesapeake-Trl-Bauxite-AR-72011/463059708_zpid/,,,2026-09-09T00:00:00.000Z,Listed for rent,2026-08-14T00:00:00.000Z,Listing removed,2026-08-10T00:00:00.000Z,Price change,2026-08-04T00:00:00.000Z,Price change,2026-06-25T00:00:00.000Z,Price change,2026-06-18T00:00:00.000Z,Price change
"4541 Western Woods Dr, Benton, AR 72015",4541 Western Woods Dr,Benton,AR,,forRent,4,2000,,1895,9,https://www.zillow.com/homedetails/4541-Western-Woods-Dr-Benton-AR-72015/2061302075_zpid/,,313100,2026-09-15T00:00:00.000Z,Listed for rent,2023-03-31T00:00:00.000Z,Sold,2022-11-05T00:00:00.000Z,Listing removed,2022-09-30T00:00:00.000Z,Listed for rent,,,,
"8073 Chesapeake Trl, Bauxite, AR 72011",8073 Chesapeake Trl,Bauxite,AR,,forRent,3,1442,,1495,16,https://www.zillow.com/homedetails/8073-Chesapeake-Trl-Bauxite-AR-72011/460744961_zpid/,,,2026-09-09T00:00:00.000Z,Listed for rent,2026-08-14T00:00:00.000Z,Listing removed,2026-08-13T00:00:00.000Z,Price change,2026-07-17T00:00:00.000Z,Price change,2026-07-10T00:00:00.000Z,Price change,2026-07-08T00:00:00.000Z,Listed for sale
"8512 Highway 5 N, Benton, AR 72019",8512 Highway 5 N,Benton,AR,,forRent,4,1533,,1895,10,https://www.zillow.com/homedetails/8512-Highway-5-N-Benton-AR-72019/394628139_zpid/,,,2026-09-14T00:00:00.000Z,Listed for rent,2024-09-13T00:00:00.000Z,Listing removed,2024-07-15T00:00:00.000Z,Listed for rent,,,,,,
"6413 Amalie Dr, Alexander, AR 72002",6413 Amalie Dr,Alexander,AR,,forRent,3,1485,,1675,16,https://www.zillow.com/homedetails/6413-Amalie-Dr-Alexander-AR-72002/247595729_zpid/,,198000,2026-09-08T00:00:00.000Z,Listed for rent,2025-08-18T00:00:00.000Z,Listing removed,2025-08-06T00:00:00.000Z,Listed for rent,2022-05-12T00:00:00.000Z,Listing removed,2022-05-04T00:00:00.000Z,Price change,2022-04-27T00:00:00.000Z,Price change
"2064 Fern Valley Dr, Alexander, AR 72002",2064 Fern Valley Dr,Alexander,AR,,forRent,3,1394,,1595,8,https://www.zillow.com/homedetails/2064-Fern-Valley-Dr-Alexander-AR-72002/247595904_zpid/,,169000,2026-09-16T00:00:00.000Z,Listed for rent,2025-12-24T00:00:00.000Z,Listing removed,2025-11-13T00:00:00.000Z,Listed for rent,2023-05-30T00:00:00.000Z,Listing removed,2023-05-15T00:00:00.000Z,Listed for rent,2021-06-30T00:00:00.000Z,Listing removed
"6634 Hollywood Ave, Benton, AR 72019",6634 Hollywood Ave,Benton,AR,,forRent,3,1051,,1195,16,https://www.zillow.com/homedetails/6634-Hollywood-Ave-Benton-AR-72019/459936342_zpid/,,,2026-09-09T00:00:00.000Z,Listed for rent,2026-08-14T00:00:00.000Z,Listing removed,2026-06-25T00:00:00.000Z,Price change,2026-06-17T00:00:00.000Z,Price change,2026-06-08T00:00:00.000Z,Price change,2026-05-28T00:00:00.000Z,Price change
"8000 Chesapeake Trl, Bauxite, AR 72011",8000 Chesapeake Trl,Bauxite,AR,,forRent,3,1373,,1445,16,https://www.zillow.com/homedetails/8000-Chesapeake-Trl-Bauxite-AR-72011/464083308_zpid/,,,2026-09-09T00:00:00.000Z,Listed for rent,2026-08-14T00:00:00.000Z,Listing removed,2026-07-24T00:00:00.000Z,Price change,2026-07-23T00:00:00.000Z,Listed for sale,,,,
"3002 Forest Dr, Bryant, AR 72022",3002 Forest Dr,Bryant,AR,,forRent,3,1409,,1650,15,https://www.zillow.com/homedetails/3002-Forest-Dr-Bryant-AR-72022/390575_zpid/,,213000,2026-09-10T00:00:00.000Z,Listed for rent,2026-08-24T00:00:00.000Z,Sold,2026-06-30T00:00:00.000Z,Listed for sale,2018-03-05T00:00:00.000Z,Sold,2011-03-18T00:00:00.000Z,Sold,2011-02-13T00:00:00.000Z,Listed for sale
"1602 Harmon Dr, Benton, AR 72015",1602 Harmon Dr,Benton,AR,,forRent,4,1881,,1595,7,https://www.zillow.com/homedetails/1602-Harmon-Dr-Benton-AR-72015/384937_zpid/,,100000,2026-09-18T00:00:00.000Z,Listed for rent,2025-09-12T00:00:00.000Z,Listing removed,2025-06-03T00:00:00.000Z,Listed for rent,2025-05-27T00:00:00.000Z,Listing removed,2025-05-22T00:00:00.000Z,Listed for sale,2025-05-13T00:00:00.000Z,Sold
"2225 Redwood, Benton, AR 72015",2225 Redwood,Benton,AR,,forRent,3,1758,,1800,115,https://www.zillow.com/homedetails/2225-Redwood-Benton-AR-72015/52934068_zpid/,,132000,2026-09-03T00:00:00.000Z,Price change,2026-08-17T00:00:00.000Z,Price change,2026-07-13T00:00:00.000Z,Price change,2026-06-01T00:00:00.000Z,Listed for rent,2025-05-31T00:00:00.000Z,Listing removed,2025-05-17T00:00:00.000Z,Listed for rent
"3509 Terrace Hill Ct, Benton, AR 72019",3509 Terrace Hill Ct,Benton,AR,,forRent,3,1500,,1400,24,https://www.zillow.com/homedetails/3509-Terrace-Hill-Ct-Benton-AR-72019/124735446_zpid/,,122580,2026-09-08T00:00:00.000Z,Price change,2026-08-31T00:00:00.000Z,Listed for rent,2023-07-09T00:00:00.000Z,Listing removed,2023-07-06T00:00:00.000Z,Listed for rent,2022-03-04T00:00:00.000Z,Sold,2014-09-04T00:00:00.000Z,Sold
"102 Rosebud Cir, Cabot, AR 72023",102 Rosebud Cir,Cabot,AR,,forRent,3,1277,,1375,55,https://www.zillow.com/homedetails/102-Rosebud-Cir-Cabot-AR-72023/63160774_zpid/,,199000,2026-09-15T00:00:00.000Z,Price change,2026-07-31T00:00:00.000Z,Listed for rent,2024-10-10T00:00:00.000Z,Listing removed,2024-10-09T00:00:00.000Z,Price change,2024-09-26T00:00:00.000Z,Listed for rent,2024-08-23T00:00:00.000Z,Sold
"21 Willard St, Ward, AR 72176",21 Willard St,Ward,AR,,forRent,3,1301,,1350,41,https://www.zillow.com/homedetails/21-Willard-St-Ward-AR-72176/55151159_zpid/,,165000,2026-09-19T00:00:00.000Z,Price change,2026-08-14T00:00:00.000Z,Listed for rent,2022-08-08T00:00:00.000Z,Sold,2014-12-24T00:00:00.000Z,Listing removed,2014-11-06T00:00:00.000Z,Price change,2014-10-02T00:00:00.000Z,Listed for rent
"211 Rodney Guthrie Dr, Cabot, AR 72023",211 Rodney Guthrie Dr,Cabot,AR,,forRent,3,1268,,1345,49,https://www.zillow.com/homedetails/211-Rodney-Guthrie-Dr-Cabot-AR-72023/256835_zpid/,,155000,2026-08-06T00:00:00.000Z,Listed for rent,2025-09-22T00:00:00.000Z,Listing removed,2025-08-26T00:00:00.000Z,Price change,2025-07-29T00:00:00.000Z,Listed for rent,2023-07-27T00:00:00.000Z,Listing removed,2023-07-06T00:00:00.000Z,Listed for rent
"308 McCright St, Benton, AR 72015",308 McCright St,Benton,AR,,forRent,3,1850,,1600,3,https://www.zillow.com/homedetails/308-McCright-St-Benton-AR-72015/387313_zpid/,,75000,2026-09-21T00:00:00.000Z,Listed for rent,2025-11-20T00:00:00.000Z,Listing removed,2025-11-07T00:00:00.000Z,Price change,2025-09-16T00:00:00.000Z,Listed for rent,2023-12-21T00:00:00.000Z,Listing removed,2023-12-19T00:00:00.000Z,Listed for rent
"4409 Olympic Dr, Benton, AR 72019",4409 Olympic Dr,Benton,AR,,forRent,4,1566,,1600,3,https://www.zillow.com/homedetails/4409-Olympic-Dr-Benton-AR-72019/446361230_zpid/,,182600,2026-09-21T00:00:00.000Z,Listed for rent,2024-07-09T00:00:00.000Z,Listing removed,2024-06-13T00:00:00.000Z,Listed for rent,2021-04-21T00:00:00.000Z,Sold,,,,
"35 G St, Cabot, AR 72023",35 G St,Cabot,AR,,forRent,3,1849,,1825,78,https://www.zillow.com/homedetails/35-G-St-Cabot-AR-72023/254255_zpid/,,230000,2026-07-25T00:00:00.000Z,Price change,2026-07-09T00:00:00.000Z,Price change,2026-05-03T00:00:00.000Z,Listed for rent,2025-05-25T00:00:00.000Z,Listing removed,2025-05-14T00:00:00.000Z,Price change,2025-05-01T00:00:00.000Z,Listed for rent
"4903 Natalie Dr, Bryant, AR 72022",4903 Natalie Dr,Bryant,AR,,forRent,4,1990,,1860,31,https://www.zillow.com/homedetails/4903-Natalie-Dr-Bryant-AR-72022/82281136_zpid/,,38000,2026-08-24T00:00:00.000Z,Listed for rent,2007-08-22T00:00:00.000Z,Sold,,,,,,,,
"1021 Circle Dr, Benton, AR 72015",1021 Circle Dr,Benton,AR,,forRent,3,1256,,1350,4,https://www.zillow.com/homedetails/1021-Circle-Dr-Benton-AR-72015/386718_zpid/,,50000,2026-09-20T00:00:00.000Z,Listed for rent,2023-03-06T00:00:00.000Z,Listing removed,2023-02-25T00:00:00.000Z,Listed for rent,2020-07-30T00:00:00.000Z,Sold,,,,
"351 Meadow Creek Dr, Haskell, AR 72015",351 Meadow Creek Dr,Haskell,AR,,forRent,3,1625,,1650,48,https://www.zillow.com/homedetails/351-Meadow-Creek-Dr-Haskell-AR-72015/92428597_zpid/,,139900,2026-08-07T00:00:00.000Z,Listed for rent,2024-09-13T00:00:00.000Z,Listing removed,2024-07-17T00:00:00.000Z,Listed for rent,2022-10-26T00:00:00.000Z,Listing removed,2022-10-15T00:00:00.000Z,Price change,2022-10-04T00:00:00.000Z,Price change
"1620 Rambling Brook Dr, Benton, AR 72015",1620 Rambling Brook Dr,Benton,AR,,forRent,3,1355,,1850,14,https://www.zillow.com/homedetails/1620-Rambling-Brook-Dr-Benton-AR-72015/463057732_zpid/,,206900,2026-09-10T00:00:00.000Z,Listed for rent,2026-08-28T00:00:00.000Z,Sold,2026-08-05T00:00:00.000Z,Contingent,2026-07-20T00:00:00.000Z,Price change,2026-07-09T00:00:00.000Z,Price change,2026-06-09T00:00:00.000Z,Listed for sale
"13808 Cherry Hill Dr, Alexander, AR 72002",13808 Cherry Hill Dr,Alexander,AR,,forRent,3,1247,,1550,8,https://www.zillow.com/homedetails/13808-Cherry-Hill-Dr-Alexander-AR-72002/49814136_zpid/,,91000,2026-09-17T00:00:00.000Z,Listed for rent,2008-05-22T00:00:00.000Z,Sold,2007-01-05T00:00:00.000Z,Sold,,,,,,
"1105 River Oaks Dr, Benton, AR 72019",1105 River Oaks Dr,Benton,AR,,forRent,4,2350,,2600,51,https://www.zillow.com/homedetails/1105-River-Oaks-Dr-Benton-AR-72019/453260567_zpid/,,,2026-08-04T00:00:00.000Z,Listed for rent,2025-07-28T00:00:00.000Z,Listing removed,2025-07-04T00:00:00.000Z,Price change,2025-06-21T00:00:00.000Z,Price change,2025-06-12T00:00:00.000Z,Listed for rent,,
"1425 Joyner Dr, Conway, AR 72034",1425 Joyner Dr,Conway,AR,,forRent,3,1157,,1450,41,https://www.zillow.com/homedetails/1425-Joyner-Dr-Conway-AR-72034/35730195_zpid/,,155000,2026-08-14T00:00:00.000Z,Listed for rent,2025-10-28T00:00:00.000Z,Listing removed,2025-08-29T00:00:00.000Z,Price change,2025-08-12T00:00:00.000Z,Listed for rent,2024-09-13T00:00:00.000Z,Listing removed,2024-08-16T00:00:00.000Z,Listed for rent
"153 Harwill, Hensley, AR 72065",153 Harwill,Hensley,AR,,forRent,4,2359,,2500,45,https://www.zillow.com/homedetails/153-Harwill-Hensley-AR-72065/2082362397_zpid/,,,2026-08-10T00:00:00.000Z,Listed for rent,2025-08-04T00:00:00.000Z,Listing removed,2025-07-01T00:00:00.000Z,Listed for rent,2025-06-30T00:00:00.000Z,Listing removed,2025-06-09T00:00:00.000Z,Listed for rent,2019-11-13T00:00:00.000Z,Listing removed
"300 Jefferson St, Benton, AR 72015",300 Jefferson St,Benton,AR,,forRent,3,1300,,1300,5,https://www.zillow.com/homedetails/300-Jefferson-St-Benton-AR-72015/114167718_zpid/,,,2026-09-25T00:00:00.000Z,Price change,2026-09-19T00:00:00.000Z,Listed for rent,,,,,,,,
"1422 Saw Grass Cv, Benton, AR 72019",1422 Saw Grass Cv,Benton,AR,,forRent,3,1400,,1500,3,https://www.zillow.com/homedetails/1422-Saw-Grass-Cv-Benton-AR-72019/82268083_zpid/,,133000,2026-09-21T00:00:00.000Z,Listed for rent,2024-07-17T00:00:00.000Z,Listing removed,2024-06-20T00:00:00.000Z,Listed for rent,2020-11-20T00:00:00.000Z,Sold,2013-06-06T00:00:00.000Z,Sold,2013-04-26T00:00:00.000Z,Pending sale
"1628 Rambling Brook Dr, Benton, AR 72015",1628 Rambling Brook Dr,Benton,AR,,forRent,3,1216,,1850,14,https://www.zillow.com/homedetails/1628-Rambling-Brook-Dr-Benton-AR-72015/463057763_zpid/,,200900,2026-09-10T00:00:00.000Z,Listed for rent,2026-08-28T00:00:00.000Z,Sold,2026-08-05T00:00:00.000Z,Contingent,2026-07-20T00:00:00.000Z,Price change,2026-07-09T00:00:00.000Z,Price change,2026-06-09T00:00:00.000Z,Listed for sale
"2765 Archer Ln, Conway, AR 72034",2765 Archer Ln,Conway,AR,,forRent,3,1560,,1700,41,https://www.zillow.com/homedetails/2765-Archer-Ln-Conway-AR-72034/241241_zpid/,,154500,2026-08-14T00:00:00.000Z,Listed for rent,2025-09-17T00:00:00.000Z,Listing removed,2025-08-12T00:00:00.000Z,Listed for rent,2024-05-31T00:00:00.000Z,Listing removed,2024-05-16T00:00:00.000Z,Listed for rent,2023-06-05T00:00:00.000Z,Listing removed
"37 Saint John St, Cabot, AR 72023",37 Saint John St,Cabot,AR,,forRent,3,1188,,1295,86,https://www.zillow.com/homedetails/37-Saint-John-St-Cabot-AR-72023/253499_zpid/,,81500,2026-09-03T00:00:00.000Z,Price change,2026-03-31T00:00:00.000Z,Listed for rent,2026-03-26T00:00:00.000Z,Sold,2026-03-19T00:00:00.000Z,Contingent,2026-03-14T00:00:00.000Z,Price change,2026-02-27T00:00:00.000Z,Price change
"416 Jackman St, Benton, AR 72015",416 Jackman St,Benton,AR,,forRent,3,1200,,1600,5,https://www.zillow.com/homedetails/416-Jackman-St-Benton-AR-72015/389112_zpid/,,140000,2026-09-19T00:00:00.000Z,Listed for rent,2025-10-31T00:00:00.000Z,Sold,2025-10-13T00:00:00.000Z,Contingent,2025-10-04T00:00:00.000Z,Price change,2025-09-26T00:00:00.000Z,Listed for sale,2017-01-05T00:00:00.000Z,Sold
"2925 Gillis Dr, Benton, AR 72015",2925 Gillis Dr,Benton,AR,,forRent,4,2021,,2350,17,https://www.zillow.com/homedetails/2925-Gillis-Dr-Benton-AR-72015/2068772088_zpid/,,,2026-09-07T00:00:00.000Z,Listed for rent,2025-02-28T00:00:00.000Z,Listing removed,2025-02-07T00:00:00.000Z,Listed for rent,2021-10-21T00:00:00.000Z,Listing removed,2021-08-19T00:00:00.000Z,Listed for sale,,
"418 S Main, Benton, AR 72015",418 S Main,Benton,AR,,forRent,3,1096,,1300,38,https://www.zillow.com/homedetails/418-S-Main-Benton-AR-72015/71708118_zpid/,,99500,2026-09-08T00:00:00.000Z,Listed for rent,2026-09-01T00:00:00.000Z,Listing removed,2026-08-17T00:00:00.000Z,Listed for rent,2018-08-10T00:00:00.000Z,Sold,2018-06-20T00:00:00.000Z,Sold,2018-04-03T00:00:00.000Z,Listed for sale
"911 James Madison Dr, Benton, AR 72019",911 James Madison Dr,Benton,AR,,forRent,3,2014,,1700,8,https://www.zillow.com/homedetails/911-James-Madison-Dr-Benton-AR-72019/82278084_zpid/,,175000,2026-09-16T00:00:00.000Z,Listed for rent,2024-07-26T00:00:00.000Z,Sold,2021-07-01T00:00:00.000Z,Sold,2014-03-12T00:00:00.000Z,Sold,,,,
"307 S 4th St, Benton, AR 72015",307 S 4th St,Benton,AR,,forRent,3,1051,,1550,25,https://www.zillow.com/homedetails/307-S-4th-St-Benton-AR-72015/386521_zpid/,,161000,2026-09-21T00:00:00.000Z,Price change,2026-08-31T00:00:00.000Z,Listed for rent,2025-05-30T00:00:00.000Z,Listing removed,2025-05-20T00:00:00.000Z,Sold,2025-05-20T00:00:00.000Z,Listed for rent,2025-04-19T00:00:00.000Z,Contingent
"1219 N Parker Haskell St, Benton, AR 72015",1219 N Parker Haskell St,Benton,AR,,forRent,3,1680,,1400,8,https://www.zillow.com/homedetails/1219-N-Parker-Haskell-St-Benton-AR-72015/392830_zpid/,,35564,2026-08-31T00:00:00.000Z,Price change,2026-08-06T00:00:00.000Z,Price change,2026-07-09T00:00:00.000Z,Listed for rent,2025-12-12T00:00:00.000Z,Listing removed,2025-11-20T00:00:00.000Z,Listed for rent,2025-05-09T00:00:00.000Z,Listing removed
"3369 Garden Club Dr, Benton, AR 72022",3369 Garden Club Dr,Benton,AR,,forRent,3,1305,,1700,11,https://www.zillow.com/homedetails/3369-Garden-Club-Dr-Benton-AR-72022/118174164_zpid/,,172500,2026-09-14T00:00:00.000Z,Listed for rent,2025-06-21T00:00:00.000Z,Listing removed,2025-05-20T00:00:00.000Z,Listed for rent,2025-02-04T00:00:00.000Z,Listing removed,2025-01-07T00:00:00.000Z,Listed for rent,2024-09-03T00:00:00.000Z,Listing removed
"3264 Sidell Rd, Benton, AR 72015",3264 Sidell Rd,Benton,AR,,forRent,4,1652,,1795,6,https://www.zillow.com/homedetails/3264-Sidell-Rd-Benton-AR-72015/465427229_zpid/,,,2026-09-18T00:00:00.000Z,Listed for rent,,,,,,,,,,
"2933 Gillis Dr, Benton, AR 72015",2933 Gillis Dr,Benton,AR,,forRent,5,2500,,2500,17,https://www.zillow.com/homedetails/2933-Gillis-Dr-Benton-AR-72015/443098023_zpid/,,,2026-09-07T00:00:00.000Z,Listed for rent,2025-02-28T00:00:00.000Z,Listing removed,2025-02-18T00:00:00.000Z,Listed for rent,,,,,,
"1116 Kenwood Cv, Bryant, AR 72022",1116 Kenwood Cv,Bryant,AR,,forRent,4,1931,,2100,35,https://www.zillow.com/homedetails/1116-Kenwood-Cv-Bryant-AR-72022/52934559_zpid/,,120000,2026-08-20T00:00:00.000Z,Listed for rent,2025-07-26T00:00:00.000Z,Listing removed,2025-07-22T00:00:00.000Z,Listed for rent,2024-01-18T00:00:00.000Z,Listing removed,2023-10-26T00:00:00.000Z,Listed for rent,2022-06-08T00:00:00.000Z,Listing removed
"5719 Heritage Heights Dr, Benton, AR 72019",5719 Heritage Heights Dr,Benton,AR,,forRent,4,1650,,1800,41,https://www.zillow.com/homedetails/5719-Heritage-Heights-Dr-Benton-AR-72019/71715729_zpid/,,22000,2026-08-14T00:00:00.000Z,Listed for rent,2025-04-01T00:00:00.000Z,Listing removed,2025-03-06T00:00:00.000Z,Listed for rent,2023-10-30T00:00:00.000Z,Listing removed,2023-10-23T00:00:00.000Z,Listed for rent,2022-10-27T00:00:00.000Z,Listing removed
"2714 Gage Dr, Benton, AR 72019",2714 Gage Dr,Benton,AR,,forRent,3,1303,,1500,24,https://www.zillow.com/homedetails/2714-Gage-Dr-Benton-AR-72019/92431557_zpid/,,122580,2026-08-31T00:00:00.000Z,Listed for rent,2022-03-04T00:00:00.000Z,Sold,2018-05-12T00:00:00.000Z,Listing removed,2018-04-07T00:00:00.000Z,Listed for rent,2018-02-11T00:00:00.000Z,Listing removed,2018-01-21T00:00:00.000Z,Price change
"2906 Pamela, Benton, AR 72015",2906 Pamela,Benton,AR,,forRent,3,1372,,1495,31,https://www.zillow.com/homedetails/2906-Pamela-Benton-AR-72015/385308_zpid/,,,2026-08-25T00:00:00.000Z,Listed for rent,2025-08-04T00:00:00.000Z,Listing removed,2025-07-29T00:00:00.000Z,Price change,2025-07-08T00:00:00.000Z,Price change,2025-03-05T00:00:00.000Z,Listed for rent,2025-02-27T00:00:00.000Z,Listing removed
"1961 Auburn Hills Dr, Benton, AR 72015",1961 Auburn Hills Dr,Benton,AR,,forRent,3,1470,,1850,52,https://www.zillow.com/homedetails/1961-Auburn-Hills-Dr-Benton-AR-72015/2061982521_zpid/,,210000,2026-08-04T00:00:00.000Z,Sold,2026-08-04T00:00:00.000Z,Listed for rent,2026-08-04T00:00:00.000Z,Contingent,2026-06-22T00:00:00.000Z,Price change,2026-05-30T00:00:00.000Z,Price change,2026-05-06T00:00:00.000Z,Price change
"5845 Heritage Heights Dr, Benton, AR 72019",5845 Heritage Heights Dr,Benton,AR,,forRent,4,1725,,1700,38,https://www.zillow.com/homedetails/5845-Heritage-Heights-Dr-Benton-AR-72019/440162513_zpid/,,,2026-09-21T00:00:00.000Z,Price change,2026-08-17T00:00:00.000Z,Listed for rent,2024-09-13T00:00:00.000Z,Listing removed,2024-09-10T00:00:00.000Z,Listed for rent,,,,
"4825 Coronell Way, Bryant, AR 72022",4825 Coronell Way,Bryant,AR,,forRent,4,2060,,3050,38,https://www.zillow.com/homedetails/4825-Coronell-Way-Bryant-AR-72022/453104565_zpid/,,,2026-07-13T00:00:00.000Z,Listed for rent,,,,,,,,,,
"2615 Stivers Blvd, Bryant, AR 72022",2615 Stivers Blvd,Bryant,AR,,forRent,3,1736,,1700,12,https://www.zillow.com/homedetails/2615-Stivers-Blvd-Bryant-AR-72022/391919_zpid/,,190000,2026-09-16T00:00:00.000Z,Price change,2026-09-12T00:00:00.000Z,Listed for rent,2025-04-04T00:00:00.000Z,Sold,2025-03-05T00:00:00.000Z,Contingent,2025-03-01T00:00:00.000Z,Listed for sale,2022-06-13T00:00:00.000Z,Listing removed
"918 Cedar Haskell St, Haskell, AR 72015",918 Cedar Haskell St,Haskell,AR,,forRent,3,1088,,1150,36,https://www.zillow.com/homedetails/918-Cedar-Haskell-St-Haskell-AR-72015/61187359_zpid/,,,2026-07-13T00:00:00.000Z,Listed for rent,,,,,,,,,,
"3123 Lori Lake Rd, Benton, AR 72019",3123 Lori Lake Rd,Benton,AR,,forRent,3,1280,,1000,203,https://www.zillow.com/homedetails/3123-Lori-Lake-Rd-Benton-AR-72019/453026788_zpid/,,,2025-06-07T00:00:00.000Z,Listed for rent,,,,,,,,,,
"294 Stone Mountain Rd, Conway, AR 72032",294 Stone Mountain Rd,Conway,AR,,forRent,3,1216,,1650,11,https://www.zillow.com/homedetails/294-Stone-Mountain-Rd-Conway-AR-72032/122006123_zpid/,,42300,2026-09-13T00:00:00.000Z,Listed for rent,2025-04-17T00:00:00.000Z,Sold,2025-03-26T00:00:00.000Z,Contingent,2025-03-22T00:00:00.000Z,Listed for sale,,,,
"6316 Warwick Dr, Alexander, AR 72002",6316 Warwick Dr,Alexander,AR,,forRent,4,1884,,2300,55,https://www.zillow.com/homedetails/6316-Warwick-Dr-Alexander-AR-72002/461049113_zpid/,,277000,2026-09-18T00:00:00.000Z,Price change,2026-07-31T00:00:00.000Z,Listed for rent,2026-06-29T00:00:00.000Z,Sold,2026-05-29T00:00:00.000Z,Contingent,2026-05-29T00:00:00.000Z,Price change,2026-03-14T00:00:00.000Z,Listed for sale
"1804 Clara Dr, Conway, AR 72034",1804 Clara Dr,Conway,AR,,forRent,3,2000,,1695,20,https://www.zillow.com/homedetails/1804-Clara-Dr-Conway-AR-72034/235007_zpid/,,20000,2026-09-04T00:00:00.000Z,Listed for rent,2024-07-11T00:00:00.000Z,Listing removed,2024-06-26T00:00:00.000Z,Listed for rent,2023-06-13T00:00:00.000Z,Listing removed,2023-05-30T00:00:00.000Z,Listed for rent,2022-05-04T00:00:00.000Z,Listing removed
"14815 Parkway Meadows Dr, Alexander, AR 72002",14815 Parkway Meadows Dr,Alexander,AR,,forRent,3,1243,,1495,26,https://www.zillow.com/homedetails/14815-Parkway-Meadows-Dr-Alexander-AR-72002/114165875_zpid/,,187500,2026-09-14T00:00:00.000Z,Price change,2026-08-29T00:00:00.000Z,Listed for rent,2025-08-21T00:00:00.000Z,Listing removed,2025-08-07T00:00:00.000Z,Price change,2025-07-31T00:00:00.000Z,Price change,2025-07-24T00:00:00.000Z,Listed for rent
"600 S Davis St, Conway, AR 72034",600 S Davis St,Conway,AR,,forRent,3,1728,,1500,94,https://www.zillow.com/homedetails/600-S-Davis-St-Conway-AR-72034/235022_zpid/,,108500,2026-09-02T00:00:00.000Z,Price change,2026-07-20T00:00:00.000Z,Price change,2026-07-06T00:00:00.000Z,Price change,2026-06-22T00:00:00.000Z,Listed for rent,2022-10-20T00:00:00.000Z,Listing removed,2022-10-11T00:00:00.000Z,Price change
"1709 Durwood St, Benton, AR 72015",1709 Durwood St,Benton,AR,,forRent,3,1281,,1545,2,https://www.zillow.com/homedetails/1709-Durwood-St-Benton-AR-72015/382073_zpid/,,7000,2026-09-22T00:00:00.000Z,Listed for rent,1996-01-02T00:00:00.000Z,Sold,,,,,,,,
"1505 Hathaway Dr, Conway, AR 72034",1505 Hathaway Dr,Conway,AR,,forRent,3,1207,,1475,21,https://www.zillow.com/homedetails/1505-Hathaway-Dr-Conway-AR-72034/241555_zpid/,,70000,2026-09-03T00:00:00.000Z,Listed for rent,2024-01-31T00:00:00.000Z,Listing removed,2024-01-30T00:00:00.000Z,Listed for rent,2024-01-29T00:00:00.000Z,Listing removed,2024-01-27T00:00:00.000Z,Listed for rent,2016-01-09T00:00:00.000Z,Listing removed
"804 Drake Dr, Conway, AR 72034",804 Drake Dr,Conway,AR,,forRent,3,1663,,1650,14,https://www.zillow.com/homedetails/804-Drake-Dr-Conway-AR-72034/243037_zpid/,,164500,2026-09-11T00:00:00.000Z,Listed for rent,2024-04-20T00:00:00.000Z,Listing removed,2024-04-09T00:00:00.000Z,Listed for rent,2023-09-11T00:00:00.000Z,Listing removed,2023-09-10T00:00:00.000Z,Listed for rent,2023-09-10T00:00:00.000Z,Listing removed
"2007 Arkansas Ave, Conway, AR 72034",2007 Arkansas Ave,Conway,AR,,forRent,3,1301,,1495,23,https://www.zillow.com/homedetails/2007-Arkansas-Ave-Conway-AR-72034/234341_zpid/,,90000,2026-09-02T00:00:00.000Z,Listed for rent,2026-08-26T00:00:00.000Z,Sold,2026-08-25T00:00:00.000Z,Contingent,2026-07-20T00:00:00.000Z,Price change,2026-05-19T00:00:00.000Z,Listed for sale,2026-05-19T00:00:00.000Z,Listing removed
"1609 Rushing Cir, Conway, AR 72032",1609 Rushing Cir,Conway,AR,,forRent,3,1400,,1475,24,https://www.zillow.com/homedetails/1609-Rushing-Cir-Conway-AR-72032/235792_zpid/,,116000,2026-08-31T00:00:00.000Z,Listed for rent,2024-09-13T00:00:00.000Z,Listing removed,2024-06-19T00:00:00.000Z,Listed for rent,2024-06-19T00:00:00.000Z,Listing removed,2024-05-25T00:00:00.000Z,Listed for rent,2023-03-31T00:00:00.000Z,Listing removed
"140 Nona Ruth Ln, Cabot, AR 72023",140 Nona Ruth Ln,Cabot,AR,,forRent,3,1402,,1410,10,https://www.zillow.com/homedetails/140-Nona-Ruth-Ln-Cabot-AR-72023/464348901_zpid/,,,2026-09-14T00:00:00.000Z,Listed for rent,2026-08-18T00:00:00.000Z,Listing removed,2026-08-07T00:00:00.000Z,Price change,2026-08-06T00:00:00.000Z,Price change,2026-08-06T00:00:00.000Z,Listed for sale,,
"1510 Bennett, Benton, AR 72015",1510 Bennett,Benton,AR,,forRent,3,1312,,1450,2,https://www.zillow.com/homedetails/1510-Bennett-Benton-AR-72015/52934431_zpid/,,,2026-09-22T00:00:00.000Z,Listed for rent,,,,,,,,,,
"7 Southland Dr, Maumelle, AR 72113",7 Southland Dr,Maumelle,AR,,forRent,2,925,,850,86,https://www.zillow.com/homedetails/7-Southland-Dr-Maumelle-AR-72113/2109744736_zpid/,,,2026-06-30T00:00:00.000Z,Listed for rent,2018-07-15T00:00:00.000Z,Listing removed,2018-06-28T00:00:00.000Z,Listed for rent,2016-06-28T00:00:00.000Z,Listing removed,2014-12-12T00:00:00.000Z,Listing removed,2014-07-29T00:00:00.000Z,Listed for rent
"6099 Meridian Dr, Alexander, AR 72002",6099 Meridian Dr,Alexander,AR,,forRent,4,1824,,2195,14,https://www.zillow.com/homedetails/6099-Meridian-Dr-Alexander-AR-72002/456178536_zpid/,,,2026-09-10T00:00:00.000Z,Listed for rent,2026-01-22T00:00:00.000Z,Listing removed,2025-12-23T00:00:00.000Z,Listed for rent,2025-11-27T00:00:00.000Z,Listing removed,2025-08-22T00:00:00.000Z,Listed for sale,,
"158 Ridgeland Dr, Maumelle, AR 72113",158 Ridgeland Dr,Maumelle,AR,,forRent,3,1835,,1975,16,https://www.zillow.com/homedetails/158-Ridgeland-Dr-Maumelle-AR-72113/325729_zpid/,,188900,2026-09-08T00:00:00.000Z,Listed for rent,2025-04-11T00:00:00.000Z,Listing removed,2024-12-03T00:00:00.000Z,Listed for rent,2023-01-20T00:00:00.000Z,Listing removed,2023-01-06T00:00:00.000Z,Listed for rent,2019-11-19T00:00:00.000Z,Listing removed
"57 Stoneledge Dr, Maumelle, AR 72113",57 Stoneledge Dr,Maumelle,AR,,forRent,4,1961,,1950,35,https://www.zillow.com/homedetails/57-Stoneledge-Dr-Maumelle-AR-72113/326028_zpid/,,145000,2026-08-21T00:00:00.000Z,Listed for rent,2024-06-09T00:00:00.000Z,Listing removed,2024-05-08T00:00:00.000Z,Listed for rent,2024-04-23T00:00:00.000Z,Sold,2024-04-06T00:00:00.000Z,Listed for sale,2013-09-20T00:00:00.000Z,Sold
"3802 Pinecrest Ln, Maumelle, AR 72113",3802 Pinecrest Ln,Maumelle,AR,,forRent,4,2435,,2550,21,https://www.zillow.com/homedetails/3802-Pinecrest-Ln-Maumelle-AR-72113/465038347_zpid/,,,2026-09-22T00:00:00.000Z,Price change,2026-09-15T00:00:00.000Z,Price change,2026-09-03T00:00:00.000Z,Listed for rent,,,,,,
"17 Farrah St, Ward, AR 72176",17 Farrah St,Ward,AR,,forRent,3,1563,,1250,107,https://www.zillow.com/homedetails/17-Farrah-St-Ward-AR-72176/52495486_zpid/,,,2026-06-09T00:00:00.000Z,Listed for rent,2025-05-24T00:00:00.000Z,Listing removed,2025-05-06T00:00:00.000Z,Price change,2025-04-20T00:00:00.000Z,Listed for rent,2017-02-23T00:00:00.000Z,Listing removed,2017-02-17T00:00:00.000Z,Listed for rent
"6005 Coywolf, Maumelle, AR 72113",6005 Coywolf,Maumelle,AR,,forRent,4,1955,,2300,8,https://www.zillow.com/homedetails/6005-Coywolf-Maumelle-AR-72113/465322717_zpid/,,,2026-09-16T00:00:00.000Z,Listed for rent,,,,,,,,,,
"5102 Stanford Ct, Maumelle, AR 72113",5102 Stanford Ct,Maumelle,AR,,forRent,4,2584,,3300,2,https://www.zillow.com/homedetails/5102-Stanford-Ct-Maumelle-AR-72113/2066797167_zpid/,,,2026-09-23T00:00:00.000Z,Listed for rent,,,,,,,,,,
"117 Logan Dr, Maumelle, AR 72113",117 Logan Dr,Maumelle,AR,,forRent,3,1472,,1835,79,https://www.zillow.com/homedetails/117-Logan-Dr-Maumelle-AR-72113/2057186355_zpid/,,,2026-07-07T00:00:00.000Z,Listed for rent,2023-07-30T00:00:00.000Z,Listing removed,2023-07-29T00:00:00.000Z,Listed for rent,2023-07-29T00:00:00.000Z,Listing removed,2023-06-10T00:00:00.000Z,Listed for rent,,
"10700 Mason Dr, North Little Rock, AR 72113",10700 Mason Dr,North Little Rock,AR,,forRent,3,1248,,1700,16,https://www.zillow.com/homedetails/10700-Mason-Dr-North-Little-Rock-AR-72113/457082284_zpid/,,204325,2026-09-08T00:00:00.000Z,Listed for rent,2026-03-11T00:00:00.000Z,Sold,2026-01-15T00:00:00.000Z,Contingent,2025-12-30T00:00:00.000Z,Listed for sale,2025-10-30T00:00:00.000Z,Listing removed,2025-09-30T00:00:00.000Z,Listed for sale
"605 Valley Vista Dr, Benton, AR 72019",605 Valley Vista Dr,Benton,AR,,forRent,4,1942,,1875,79,https://www.zillow.com/homedetails/605-Valley-Vista-Dr-Benton-AR-72019/387089_zpid/,,,2026-07-07T00:00:00.000Z,Listed for rent,,,,,,,,,,
"2400 SW Ednruance Way #2, Maumelle, AR 72113",2400 SW Ednruance Way #2,Maumelle,AR,,forRent,3,1200,,1995,94,https://www.zillow.com/homedetails/2400-SW-Ednruance-Way-2-Maumelle-AR-72113/463401793_zpid/,,,2026-09-08T00:00:00.000Z,Price change,2026-06-23T00:00:00.000Z,Listed for rent,,,,,,,,
"313 S Neeley St, Benton, AR 72015",313 S Neeley St,Benton,AR,,forRent,3,1800,,1545,38,https://www.zillow.com/homedetails/313-S-Neeley-St-Benton-AR-72015/2067919637_zpid/,,205000,2026-09-23T00:00:00.000Z,Price change,2026-09-10T00:00:00.000Z,Price change,2026-08-17T00:00:00.000Z,Listed for rent,2025-09-14T00:00:00.000Z,Listing removed,2025-09-02T00:00:00.000Z,Listed for rent,2023-02-17T00:00:00.000Z,Listing removed
"1281 Meadows Dr, Benton, AR 72019",1281 Meadows Dr,Benton,AR,,forRent,3,1523,,1595,0,https://www.zillow.com/homedetails/1281-Meadows-Dr-Benton-AR-72019/440544514_zpid/,,198850,2026-09-24T00:00:00.000Z,Listed for rent,2025-04-25T00:00:00.000Z,Listing removed,2025-04-01T00:00:00.000Z,Price change,2025-03-07T00:00:00.000Z,Listed for rent,2025-02-18T00:00:00.000Z,Sold,2025-01-23T00:00:00.000Z,Contingent
"3001 Wild Berry Dr, Benton, AR 72015",3001 Wild Berry Dr,Benton,AR,,forRent,3,1486,,1725,34,https://www.zillow.com/homedetails/3001-Wild-Berry-Dr-Benton-AR-72015/71716346_zpid/,,184900,2026-08-21T00:00:00.000Z,Listed for rent,2024-07-31T00:00:00.000Z,Listing removed,2024-07-05T00:00:00.000Z,Listed for rent,2023-04-21T00:00:00.000Z,Listing removed,2023-04-19T00:00:00.000Z,Listed for rent,2022-03-28T00:00:00.000Z,Listing removed
"7001 Potomac Trl, Bauxite, AR 72011",7001 Potomac Trl,Bauxite,AR,,forRent,3,1051,,1295,16,https://www.zillow.com/homedetails/7001-Potomac-Trl-Bauxite-AR-72011/461516494_zpid/,,,2026-09-09T00:00:00.000Z,Listed for rent,2026-08-14T00:00:00.000Z,Listing removed,2026-08-10T00:00:00.000Z,Price change,2026-07-17T00:00:00.000Z,Price change,2026-06-25T00:00:00.000Z,Price change,2026-06-17T00:00:00.000Z,Price change
"402 Stone Creek Dr, Benton, AR 72015",402 Stone Creek Dr,Benton,AR,,forRent,4,1762,,1895,16,https://www.zillow.com/homedetails/402-Stone-Creek-Dr-Benton-AR-72015/71716020_zpid/,,178000,2026-09-08T00:00:00.000Z,Listed for rent,2023-09-17T00:00:00.000Z,Listing removed,2023-07-18T00:00:00.000Z,Listing removed,2023-06-14T00:00:00.000Z,Price change,2023-06-06T00:00:00.000Z,Listed for rent,2021-09-16T00:00:00.000Z,Sold
"3031 Trelon Cv, Alexander, AR 72002",3031 Trelon Cv,Alexander,AR,,forRent,3,1640,,1645,0,https://www.zillow.com/homedetails/3031-Trelon-Cv-Alexander-AR-72002/2062143982_zpid/,,,2026-09-25T00:00:00.000Z,Listed for rent,2023-12-15T00:00:00.000Z,Listing removed,2023-12-05T00:00:00.000Z,Price change,2023-10-26T00:00:00.000Z,Listed for rent,2023-04-19T00:00:00.000Z,Listing removed,2023-03-24T00:00:00.000Z,Price change
"7 Cabernet Way, Mayflower, AR 72106",7 Cabernet Way,Mayflower,AR,,forRent,3,1290,,1550,22,https://www.zillow.com/homedetails/7-Cabernet-Way-Mayflower-AR-72106/463057997_zpid/,,208300,2026-09-23T00:00:00.000Z,Price change,2026-09-02T00:00:00.000Z,Listed for rent,2026-08-28T00:00:00.000Z,Sold,2026-08-12T00:00:00.000Z,Price change,2026-08-11T00:00:00.000Z,Listed for sale,2026-08-11T00:00:00.000Z,Contingent
"17024 Congo Ferndale Rd, Little Rock, AR 72210",17024 Congo Ferndale Rd,Little Rock,AR,,forRent,4,1590,,1675,106,https://www.zillow.com/homedetails/17024-Congo-Ferndale-Rd-Little-Rock-AR-72210/370120_zpid/,,279500,2026-06-10T00:00:00.000Z,Listed for rent,2020-09-11T00:00:00.000Z,Listing removed,2020-07-23T00:00:00.000Z,Listed for rent,2018-05-13T00:00:00.000Z,Listing removed,2018-01-31T00:00:00.000Z,Listed for rent,2017-03-29T00:00:00.000Z,Sold
"821 Church, Benton, AR 72015",821 Church,Benton,AR,,forRent,4,1540,,1675,20,https://www.zillow.com/homedetails/821-Church-Benton-AR-72015/387634_zpid/,,155000,2026-09-04T00:00:00.000Z,Listed for rent,2021-08-04T00:00:00.000Z,Listing removed,2021-07-27T00:00:00.000Z,Listed for rent,2021-06-04T00:00:00.000Z,Sold,2020-12-14T00:00:00.000Z,Sold,2020-10-24T00:00:00.000Z,Listed for sale
"127 Rolling Oaks Dr, Maumelle, AR 72113",127 Rolling Oaks Dr,Maumelle,AR,,forRent,3,1240,,1475,24,https://www.zillow.com/homedetails/127-Rolling-Oaks-Dr-Maumelle-AR-72113/326438_zpid/,,79500,2026-08-31T00:00:00.000Z,Listed for rent,2024-06-10T00:00:00.000Z,Listing removed,2024-06-07T00:00:00.000Z,Listed for rent,2024-06-06T00:00:00.000Z,Listing removed,2024-06-05T00:00:00.000Z,Listed for rent,2019-10-17T00:00:00.000Z,Listing removed
"2344 Bassett St, Benton, AR 72019",2344 Bassett St,Benton,AR,,forRent,3,1523,,1545,16,https://www.zillow.com/homedetails/2344-Bassett-St-Benton-AR-72019/463059714_zpid/,,,2026-09-09T00:00:00.000Z,Listed for rent,2026-08-14T00:00:00.000Z,Listing removed,2026-08-10T00:00:00.000Z,Price change,2026-07-13T00:00:00.000Z,Price change,2026-06-09T00:00:00.000Z,Listed for sale,,
"13900 Ridgecrest Dr, Alexander, AR 72002",13900 Ridgecrest Dr,Alexander,AR,,forRent,3,1088,,1595,0,https://www.zillow.com/homedetails/13900-Ridgecrest-Dr-Alexander-AR-72002/49814165_zpid/,,100000,2026-09-25T00:00:00.000Z,Listed for rent,2026-09-24T00:00:00.000Z,Listing removed,2026-08-31T00:00:00.000Z,Sold,2026-08-25T00:00:00.000Z,Listed for rent,,,,
"2500 Gibby Dr, Conway, AR 72032",2500 Gibby Dr,Conway,AR,,forRent,3,1221,,1350,20,https://www.zillow.com/homedetails/2500-Gibby-Dr-Conway-AR-72032/239939_zpid/,,123000,2026-09-04T00:00:00.000Z,Listed for rent,2021-03-24T00:00:00.000Z,Listing removed,2021-03-12T00:00:00.000Z,Sold,2015-06-30T00:00:00.000Z,Sold,2015-03-29T00:00:00.000Z,Listing removed,2015-03-15T00:00:00.000Z,Listed for sale
"508 SW 4th St, Bryant, AR 72022",508 SW 4th St,Bryant,AR,,forRent,3,1510,,1950,17,https://www.zillow.com/homedetails/508-SW-4th-St-Bryant-AR-72022/391129_zpid/,,231000,2026-09-07T00:00:00.000Z,Listed for rent,2026-07-02T00:00:00.000Z,Listing removed,2026-06-18T00:00:00.000Z,Sold,2026-06-18T00:00:00.000Z,Listed for rent,2026-05-27T00:00:00.000Z,Contingent,2026-05-22T00:00:00.000Z,Price change
"21051 Natalie Ln, Little Rock, AR 72206",21051 Natalie Ln,Little Rock,AR,,forRent,3,1550,,1700,14,https://www.zillow.com/homedetails/21051-Natalie-Ln-Little-Rock-AR-72206/64691031_zpid/,,,2026-09-10T00:00:00.000Z,Listed for rent,,,,,,,,,,
"1710 Cedarhurst Dr, Benton, AR 72015",1710 Cedarhurst Dr,Benton,AR,,forRent,3,1680,,1550,63,https://www.zillow.com/homedetails/1710-Cedarhurst-Dr-Benton-AR-72015/384477_zpid/,,127500,2026-09-19T00:00:00.000Z,Price change,2026-09-12T00:00:00.000Z,Price change,2026-09-04T00:00:00.000Z,Price change,2026-08-29T00:00:00.000Z,Price change,2026-06-23T00:00:00.000Z,Listed for rent,2024-05-13T00:00:00.000Z,Listing removed
"707 Oakwood Dr, Benton, AR 72015",707 Oakwood Dr,Benton,AR,,forRent,5,1770,,1800,0,https://www.zillow.com/homedetails/707-Oakwood-Dr-Benton-AR-72015/383390_zpid/,,45000,2026-09-24T00:00:00.000Z,Listed for rent,2026-04-23T00:00:00.000Z,Sold,2026-04-10T00:00:00.000Z,Contingent,2026-04-08T00:00:00.000Z,Price change,2026-03-09T00:00:00.000Z,Price change,2026-02-12T00:00:00.000Z,Listed for sale
"1655 Duke St, Conway, AR 72032",1655 Duke St,Conway,AR,,forRent,3,1369,,1675,5,https://www.zillow.com/homedetails/1655-Duke-St-Conway-AR-72032/71713063_zpid/,,185000,2026-09-19T00:00:00.000Z,Listed for rent,2024-10-01T00:00:00.000Z,Listing removed,2024-09-11T00:00:00.000Z,Listed for rent,2023-08-01T00:00:00.000Z,Sold,2023-05-18T00:00:00.000Z,Contingent,2023-04-23T00:00:00.000Z,Listed for sale
"113 Lucy Ln, Maumelle, AR 72113",113 Lucy Ln,Maumelle,AR,,forRent,3,1051,,1460,16,https://www.zillow.com/homedetails/113-Lucy-Ln-Maumelle-AR-72113/463057776_zpid/,,,2026-09-09T00:00:00.000Z,Listed for rent,2026-08-14T00:00:00.000Z,Listing removed,2026-08-10T00:00:00.000Z,Price change,2026-07-17T00:00:00.000Z,Price change,2026-07-13T00:00:00.000Z,Price change,2026-07-09T00:00:00.000Z,Price change
"2721 Timbermist Dr, Benton, AR 72015",2721 Timbermist Dr,Benton,AR,,forRent,3,1200,,1600,25,https://www.zillow.com/homedetails/2721-Timbermist-Dr-Benton-AR-72015/386806_zpid/,,83000,2026-08-30T00:00:00.000Z,Listed for rent,2025-09-01T00:00:00.000Z,Listing removed,2025-06-30T00:00:00.000Z,Price change,2025-03-03T00:00:00.000Z,Price change,2024-12-20T00:00:00.000Z,Listed for rent,2024-12-06T00:00:00.000Z,Listing removed
"1181 Courtney Dr, Hickory, NC 28602",1181 Courtney Dr,Hickory,NC,,forRent,4,993,,1950,21,https://www.zillow.com/homedetails/1181-Courtney-Dr-Hickory-NC-28602/71914325_zpid/,,115000,2026-09-03T00:00:00.000Z,Listed for rent,2025-03-27T00:00:00.000Z,Listing removed,2025-02-28T00:00:00.000Z,Listed for rent,2024-09-18T00:00:00.000Z,Sold,2005-05-02T00:00:00.000Z,Sold,,
"3315 23rd St NE, Hickory, NC 28601",3315 23rd St NE,Hickory,NC,,forRent,3,1369,,1995,21,https://www.zillow.com/homedetails/3315-23rd-St-NE-Hickory-NC-28601/71909821_zpid/,,145000,2026-09-03T00:00:00.000Z,Listed for rent,2026-07-02T00:00:00.000Z,Sold,2026-06-18T00:00:00.000Z,Listed for sale,,,,,,
"1117 13th Ave NW, Hickory, NC 28601",1117 13th Ave NW,Hickory,NC,,forRent,3,1600,,1800,8,https://www.zillow.com/homedetails/1117-13th-Ave-NW-Hickory-NC-28601/71915627_zpid/,,252000,2026-09-16T00:00:00.000Z,Listed for rent,2025-09-19T00:00:00.000Z,Listing removed,2025-09-02T00:00:00.000Z,Price change,2025-07-23T00:00:00.000Z,Price change,2025-07-15T00:00:00.000Z,Listed for rent,2025-05-20T00:00:00.000Z,Listing removed
"736 12th Ave NW, Hickory, NC 28601",736 12th Ave NW,Hickory,NC,,forRent,3,1852,,1900,24,https://www.zillow.com/homedetails/736-12th-Ave-NW-Hickory-NC-28601/71948672_zpid/,,,2026-08-31T00:00:00.000Z,Listed for rent,,,,,,,,,,
"3531 Wandering Ln NE, Hickory, NC 28601",3531 Wandering Ln NE,Hickory,NC,,forRent,3,1800,,2300,10,https://www.zillow.com/homedetails/3531-Wandering-Ln-NE-Hickory-NC-28601/71944979_zpid/,,172000,2026-09-20T00:00:00.000Z,Price change,2026-09-14T00:00:00.000Z,Listed for rent,2026-06-08T00:00:00.000Z,Sold,2021-04-21T00:00:00.000Z,Sold,,,,
"63 8th St SE, Hickory, NC 28602",63 8th St SE,Hickory,NC,,forRent,3,1226,,1895,8,https://www.zillow.com/homedetails/63-8th-St-SE-Hickory-NC-28602/82176711_zpid/,,89000,2026-09-16T00:00:00.000Z,Listed for rent,2025-08-13T00:00:00.000Z,Listing removed,2025-08-08T00:00:00.000Z,Listed for rent,2024-07-16T00:00:00.000Z,Listing removed,2024-07-05T00:00:00.000Z,Listed for rent,2024-06-20T00:00:00.000Z,Listing removed
"2953 31st Street Ln NE, Hickory, NC 28601",2953 31st Street Ln NE,Hickory,NC,,forRent,,,,,,"https://www.zillow.com/b/2953-31st-street-ln-ne-hickory-nc/35.765053,-81.271_ll/",,,,,,,,,,,,,,
"2098 10th St SE, Hickory, NC 28601",2098 10th St SE,Hickory,NC,,forRent,4,2174,,2295,22,https://www.zillow.com/homedetails/2098-10th-St-SE-Hickory-NC-28601/461180979_zpid/,,309000,2026-09-22T00:00:00.000Z,Price change,2026-09-02T00:00:00.000Z,Listed for rent,2026-08-20T00:00:00.000Z,Sold,2026-03-20T00:00:00.000Z,Pending sale,2026-03-20T00:00:00.000Z,Listed for sale,,
"149 20th Ave NW, Hickory, NC 28601",149 20th Ave NW,Hickory,NC,,forRent,4,3010,,2400,13,https://www.zillow.com/homedetails/149-20th-Ave-NW-Hickory-NC-28601/71962215_zpid/,,,2026-09-11T00:00:00.000Z,Listed for rent,2026-02-26T00:00:00.000Z,Listing removed,2026-01-15T00:00:00.000Z,Listed for rent,,,,,,
"1431 Mammoth Rd, Hickory, NC 28602",1431 Mammoth Rd,Hickory,NC,,forRent,5,2368,,2245,23,https://www.zillow.com/homedetails/1431-Mammoth-Rd-Hickory-NC-28602/455924046_zpid/,,307679,2026-09-11T00:00:00.000Z,Price change,2026-09-01T00:00:00.000Z,Listed for rent,2026-08-31T00:00:00.000Z,Sold,2026-07-20T00:00:00.000Z,Pending sale,2026-07-14T00:00:00.000Z,Price change,2026-06-30T00:00:00.000Z,Price change
"3605 16th St NE, Hickory, NC 28601",3605 16th St NE,Hickory,NC,,forRent,3,1395,,1850,24,https://www.zillow.com/homedetails/3605-16th-St-NE-Hickory-NC-28601/71966217_zpid/,,150000,2026-08-31T00:00:00.000Z,Listed for rent,2026-06-19T00:00:00.000Z,Listing removed,2026-05-22T00:00:00.000Z,Listed for rent,2025-11-10T00:00:00.000Z,Sold,2025-09-09T00:00:00.000Z,Price change,2025-09-02T00:00:00.000Z,Price change
"617 14th St SW, Hickory, NC 28602",617 14th St SW,Hickory,NC,,forRent,3,1190,,1650,14,https://www.zillow.com/homedetails/617-14th-St-SW-Hickory-NC-28602/456095233_zpid/,,,2026-09-23T00:00:00.000Z,Price change,2026-09-10T00:00:00.000Z,Listed for rent,2025-10-02T00:00:00.000Z,Listing removed,2025-09-12T00:00:00.000Z,Price change,2025-09-05T00:00:00.000Z,Price change,2025-08-20T00:00:00.000Z,Listed for rent
"1928 36th Ave NE, Hickory, NC 28601",1928 36th Ave NE,Hickory,NC,,forRent,3,,,2000,51,https://www.zillow.com/homedetails/1928-36th-Ave-NE-Hickory-NC-28601/71548772_zpid/,,206146,2026-09-04T00:00:00.000Z,Price change,2026-08-04T00:00:00.000Z,Listed for rent,2023-06-02T00:00:00.000Z,Sold,2023-05-10T00:00:00.000Z,Pending sale,,,,
"3927 Newhall Dr NW, Hickory, NC 28601",3927 Newhall Dr NW,Hickory,NC,,forRent,3,1082,,1450,21,https://www.zillow.com/homedetails/3927-Newhall-Dr-NW-Hickory-NC-28601/98193008_zpid/,,205000,2026-09-03T00:00:00.000Z,Listed for rent,2024-07-24T00:00:00.000Z,Listing removed,2024-07-18T00:00:00.000Z,Price change,2024-07-08T00:00:00.000Z,Price change,2024-05-07T00:00:00.000Z,Listed for rent,2022-03-30T00:00:00.000Z,Sold
"1415 Mammoth Rd, Hickory, NC 28602",1415 Mammoth Rd,Hickory,NC,,forRent,4,1927,,2145,22,https://www.zillow.com/homedetails/1415-Mammoth-Rd-Hickory-NC-28602/461722523_zpid/,,272500,2026-09-02T00:00:00.000Z,Listed for rent,2026-08-20T00:00:00.000Z,Sold,2026-07-16T00:00:00.000Z,Pending sale,2026-06-02T00:00:00.000Z,Price change,2026-04-15T00:00:00.000Z,Listed for sale,,
"1406 Mammoth Rd, Hickory, NC 28602",1406 Mammoth Rd,Hickory,NC,,forRent,3,1749,,2025,22,https://www.zillow.com/homedetails/1406-Mammoth-Rd-Hickory-NC-28602/460650036_zpid/,,258000,2026-09-02T00:00:00.000Z,Listed for rent,2026-08-20T00:00:00.000Z,Sold,2026-07-16T00:00:00.000Z,Pending sale,2026-06-02T00:00:00.000Z,Price change,2026-05-12T00:00:00.000Z,Price change,2026-02-24T00:00:00.000Z,Price change
"1330 37th Avenue Ln NE, Hickory, NC 28601",1330 37th Avenue Ln NE,Hickory,NC,,forRent,5,2368,,2700,51,https://www.zillow.com/homedetails/1330-37th-Avenue-Ln-NE-Hickory-NC-28601/452771842_zpid/,,330000,2026-08-04T00:00:00.000Z,Listed for rent,2025-09-16T00:00:00.000Z,Sold,2025-06-09T00:00:00.000Z,Pending sale,2025-06-04T00:00:00.000Z,Price change,2025-05-31T00:00:00.000Z,Listed for sale,,
"106 10th Ave SE, Hickory, NC 28602",106 10th Ave SE,Hickory,NC,,forRent,3,1333,,1595,100,https://www.zillow.com/homedetails/106-10th-Ave-SE-Hickory-NC-28602/463282226_zpid/,,,2026-06-16T00:00:00.000Z,Listed for rent,,,,,,,,,,
"1419 Mammoth Rd, Hickory, NC 28602",1419 Mammoth Rd,Hickory,NC,,forRent,5,2368,,2275,22,https://www.zillow.com/homedetails/1419-Mammoth-Rd-Hickory-NC-28602/461722721_zpid/,,292400,2026-09-02T00:00:00.000Z,Listed for rent,2026-08-20T00:00:00.000Z,Sold,2026-07-16T00:00:00.000Z,Pending sale,2026-04-15T00:00:00.000Z,Listed for sale,,,,
"15 Harvest Ridge Dr, Hickory, NC 28601",15 Harvest Ridge Dr,Hickory,NC,,forRent,4,2000,,2100,25,https://www.zillow.com/homedetails/15-Harvest-Ridge-Dr-Hickory-NC-28601/2063037302_zpid/,,220990,2026-09-22T00:00:00.000Z,Price change,2026-09-04T00:00:00.000Z,Price change,2026-08-30T00:00:00.000Z,Listed for rent,2025-06-28T00:00:00.000Z,Listing removed,2025-06-09T00:00:00.000Z,Listed for rent,2023-09-11T00:00:00.000Z,Listing removed
"3967 Newhall Dr NW, Hickory, NC 28601",3967 Newhall Dr NW,Hickory,NC,,forRent,3,1158,,1400,30,https://www.zillow.com/homedetails/3967-Newhall-Dr-NW-Hickory-NC-28601/343810572_zpid/,,,2026-08-25T00:00:00.000Z,Listed for rent,2025-08-12T00:00:00.000Z,Listing removed,2025-07-23T00:00:00.000Z,Listed for rent,2025-04-17T00:00:00.000Z,Listing removed,2025-03-28T00:00:00.000Z,Listed for rent,2024-03-28T00:00:00.000Z,Listing removed
"104 10th Ave SE, Hickory, NC 28602",104 10th Ave SE,Hickory,NC,,forRent,3,1333,,1595,107,https://www.zillow.com/homedetails/104-10th-Ave-SE-Hickory-NC-28602/71959215_zpid/,,420000,2026-06-09T00:00:00.000Z,Listed for rent,2025-12-17T00:00:00.000Z,Sold,2025-10-09T00:00:00.000Z,Listed for sale,2024-12-30T00:00:00.000Z,Sold,2024-11-05T00:00:00.000Z,Listed for sale,2015-02-28T00:00:00.000Z,Listing removed
"1411 Mammoth Rd, Hickory, NC 28602",1411 Mammoth Rd,Hickory,NC,,forRent,5,2368,,2255,22,https://www.zillow.com/homedetails/1411-Mammoth-Rd-Hickory-NC-28602/463736170_zpid/,,292400,2026-09-02T00:00:00.000Z,Listed for rent,2026-08-20T00:00:00.000Z,Sold,2026-07-16T00:00:00.000Z,Pending sale,2026-07-08T00:00:00.000Z,Listed for sale,,,,
"1417 17th Ave NE, Hickory, NC 28601",1417 17th Ave NE,Hickory,NC,,forRent,3,1400,,1725,48,https://www.zillow.com/homedetails/1417-17th-Ave-NE-Hickory-NC-28601/71551010_zpid/,,99000,2026-08-21T00:00:00.000Z,Price change,2026-08-07T00:00:00.000Z,Listed for rent,2006-11-13T00:00:00.000Z,Sold,,,,,,
"5944 Bakers Point, Hickory, NC 28602",5944 Bakers Point,Hickory,NC,,forRent,5,3953,,3600,37,https://www.zillow.com/homedetails/5944-Bakers-Point-Hickory-NC-28602/98192272_zpid/,,90000,2026-08-18T00:00:00.000Z,Listed for rent,2026-08-13T00:00:00.000Z,Listing removed,2026-07-27T00:00:00.000Z,Price change,2026-06-23T00:00:00.000Z,Price change,2026-04-30T00:00:00.000Z,Listed for sale,2026-03-01T00:00:00.000Z,Listing removed
"1423 Mammoth Rd, Hickory, NC 28602",1423 Mammoth Rd,Hickory,NC,,forRent,4,1927,,2095,73,https://www.zillow.com/homedetails/1423-Mammoth-Rd-Hickory-NC-28602/461722831_zpid/,,,2026-09-11T00:00:00.000Z,Price change,2026-07-14T00:00:00.000Z,Listed for rent,2026-05-26T00:00:00.000Z,Listing removed,2026-05-19T00:00:00.000Z,Price change,2026-04-15T00:00:00.000Z,Listed for sale,,
"512 12th Ave NE, Hickory, NC 28601",512 12th Ave NE,Hickory,NC,,forRent,3,1334,,1595,73,https://www.zillow.com/homedetails/512-12th-Ave-NE-Hickory-NC-28601/463832995_zpid/,,,2026-07-13T00:00:00.000Z,Listed for rent,,,,,,,,,,
"2130 10th St SE, Hickory, NC 28602",2130 10th St SE,Hickory,NC,,forRent,4,2174,,2250,48,https://www.zillow.com/homedetails/2130-10th-St-SE-Hickory-NC-28602/463122074_zpid/,,,2026-08-07T00:00:00.000Z,Listed for rent,2026-07-20T00:00:00.000Z,Listing removed,2026-07-17T00:00:00.000Z,Price change,2026-06-11T00:00:00.000Z,Listed for sale,,,,
"765 8th Avenue Dr SE, Hickory, NC 28602",765 8th Avenue Dr SE,Hickory,NC,,forRent,3,1463,,1750,94,https://www.zillow.com/homedetails/765-8th-Avenue-Dr-SE-Hickory-NC-28602/71963561_zpid/,,110000,2026-08-20T00:00:00.000Z,Price change,2026-06-22T00:00:00.000Z,Listed for rent,2023-05-15T00:00:00.000Z,Listing removed,2023-04-28T00:00:00.000Z,Price change,2023-04-07T00:00:00.000Z,Listed for rent,2023-01-25T00:00:00.000Z,Sold
"4030 Buff St, Hickory, NC 28602",4030 Buff St,Hickory,NC,,forRent,3,2000,,1800,16,https://www.zillow.com/homedetails/4030-Buff-St-Hickory-NC-28602/227237379_zpid/,,132400,2026-09-18T00:00:00.000Z,Price change,2026-09-08T00:00:00.000Z,Listed for rent,2024-04-24T00:00:00.000Z,Listing removed,2024-04-05T00:00:00.000Z,Price change,2023-11-29T00:00:00.000Z,Price change,2023-11-06T00:00:00.000Z,Price change
"8889 State Highway 127, Hickory, NC 28601",8889 State Highway 127,Hickory,NC,,forRent,3,920,,1300,14,https://www.zillow.com/homedetails/8889-State-Highway-127-Hickory-NC-28601/229589331_zpid/,,115000,2026-09-10T00:00:00.000Z,Listed for rent,2025-06-26T00:00:00.000Z,Listing removed,2025-06-20T00:00:00.000Z,Listed for rent,2015-06-10T00:00:00.000Z,Sold,,,,
"5694 Claridge Dr, Hickory, NC 28602",5694 Claridge Dr,Hickory,NC,,forRent,3,2200,,2150,125,https://www.zillow.com/homedetails/5694-Claridge-Dr-Hickory-NC-28602/71906250_zpid/,,113500,2026-05-22T00:00:00.000Z,Listed for rent,2024-09-13T00:00:00.000Z,Listing removed,2024-08-02T00:00:00.000Z,Listed for rent,2000-11-03T00:00:00.000Z,Sold,,,,
"1296 37th Avenue Ln NE, Hickory, NC 28601",1296 37th Avenue Ln NE,Hickory,NC,,forRent,5,2368,,2500,1,https://www.zillow.com/homedetails/1296-37th-Avenue-Ln-NE-Hickory-NC-28601/440360611_zpid/,,323000,2026-09-23T00:00:00.000Z,Listed for rent,2026-04-29T00:00:00.000Z,Listing removed,2026-04-08T00:00:00.000Z,Listed for rent,2025-03-17T00:00:00.000Z,Listing removed,2025-02-26T00:00:00.000Z,Sold,2025-02-19T00:00:00.000Z,Listed for rent
"4029 6th Street Dr NW, Hickory, NC 28601",4029 6th Street Dr NW,Hickory,NC,,forRent,3,1566,,2400,13,https://www.zillow.com/homedetails/4029-6th-Street-Dr-NW-Hickory-NC-28601/71931514_zpid/,,173000,2026-09-11T00:00:00.000Z,Listed for rent,2020-02-24T00:00:00.000Z,Sold,2020-01-18T00:00:00.000Z,Pending sale,2019-11-30T00:00:00.000Z,Listed for sale,2019-11-06T00:00:00.000Z,Pending sale,2019-09-24T00:00:00.000Z,Price change
"1936 Eigth St, Hickory, NC 28602",1936 Eigth St,Hickory,NC,,forRent,3,1695,,1695,92,https://www.zillow.com/homedetails/1936-Eigth-St-Hickory-NC-28602/2052991619_zpid/,,,2026-09-10T00:00:00.000Z,Price change,2026-08-31T00:00:00.000Z,Price change,2026-08-14T00:00:00.000Z,Price change,2026-07-27T00:00:00.000Z,Price change,2026-07-07T00:00:00.000Z,Price change,2026-06-24T00:00:00.000Z,Listed for rent
"2781 19th Ave NE, Hickory, NC 28601",2781 19th Ave NE,Hickory,NC,,forRent,3,2500,,2200,38,https://www.zillow.com/homedetails/2781-19th-Ave-NE-Hickory-NC-28601/71935770_zpid/,,,2026-08-17T00:00:00.000Z,Listed for rent,2025-10-14T00:00:00.000Z,Listing removed,2025-09-27T00:00:00.000Z,Price change,2025-09-15T00:00:00.000Z,Listed for rent,2025-07-13T00:00:00.000Z,Listing removed,2025-07-10T00:00:00.000Z,Listed for rent
"1181 Courtney Dr, Hickory, NC 28602",1181 Courtney Dr,Hickory,NC,,forRent,4,993,,1950,21,https://www.zillow.com/homedetails/1181-Courtney-Dr-Hickory-NC-28602/71914325_zpid/,,115000,2026-09-03T00:00:00.000Z,Listed for rent,2025-03-27T00:00:00.000Z,Listing removed,2025-02-28T00:00:00.000Z,Listed for rent,2024-09-18T00:00:00.000Z,Sold,2005-05-02T00:00:00.000Z,Sold,,
"3315 23rd St NE, Hickory, NC 28601",3315 23rd St NE,Hickory,NC,,forRent,3,1369,,1995,21,https://www.zillow.com/homedetails/3315-23rd-St-NE-Hickory-NC-28601/71909821_zpid/,,145000,2026-09-03T00:00:00.000Z,Listed for rent,2026-07-02T00:00:00.000Z,Sold,2026-06-18T00:00:00.000Z,Listed for sale,,,,,,
"736 12th Ave NW, Hickory, NC 28601",736 12th Ave NW,Hickory,NC,,forRent,3,1852,,1900,24,https://www.zillow.com/homedetails/736-12th-Ave-NW-Hickory-NC-28601/71948672_zpid/,,,2026-08-31T00:00:00.000Z,Listed for rent,,,,,,,,,,
"3531 Wandering Ln NE, Hickory, NC 28601",3531 Wandering Ln NE,Hickory,NC,,forRent,3,1800,,2300,10,https://www.zillow.com/homedetails/3531-Wandering-Ln-NE-Hickory-NC-28601/71944979_zpid/,,172000,2026-09-20T00:00:00.000Z,Price change,2026-09-14T00:00:00.000Z,Listed for rent,2026-06-08T00:00:00.000Z,Sold,2021-04-21T00:00:00.000Z,Sold,,,,
"63 8th St SE, Hickory, NC 28602",63 8th St SE,Hickory,NC,,forRent,3,1226,,1895,8,https://www.zillow.com/homedetails/63-8th-St-SE-Hickory-NC-28602/82176711_zpid/,,89000,2026-09-16T00:00:00.000Z,Listed for rent,2025-08-13T00:00:00.000Z,Listing removed,2025-08-08T00:00:00.000Z,Listed for rent,2024-07-16T00:00:00.000Z,Listing removed,2024-07-05T00:00:00.000Z,Listed for rent,2024-06-20T00:00:00.000Z,Listing removed
"2957 31st Street Ln NE, Hickory, NC 28601",2957 31st Street Ln NE,Hickory,NC,,forRent,4,1889,,2225,8,https://www.zillow.com/homedetails/2957-31st-Street-Ln-NE-Hickory-NC-28601/463788123_zpid/,,,2026-09-16T00:00:00.000Z,Listed for rent,2026-08-18T00:00:00.000Z,Listing removed,2026-07-17T00:00:00.000Z,Price change,2026-07-10T00:00:00.000Z,Listed for sale,,,,
"2953 31st Street Ln NE, Hickory, NC 28601",2953 31st Street Ln NE,Hickory,NC,,forRent,4,2097,,2295,8,https://www.zillow.com/homedetails/2953-31st-Street-Ln-NE-Hickory-NC-28601/463168265_zpid/,,,2026-09-16T00:00:00.000Z,Listed for rent,2026-08-18T00:00:00.000Z,Listing removed,2026-08-12T00:00:00.000Z,Price change,2026-07-18T00:00:00.000Z,Price change,2026-07-17T00:00:00.000Z,Price change,2026-06-24T00:00:00.000Z,Price change
"4029 6th Street Dr NW, Hickory, NC 28601",4029 6th Street Dr NW,Hickory,NC,,forRent,3,1566,,2400,13,https://www.zillow.com/homedetails/4029-6th-Street-Dr-NW-Hickory-NC-28601/71931514_zpid/,,173000,2026-09-11T00:00:00.000Z,Listed for rent,2020-02-24T00:00:00.000Z,Sold,2020-01-18T00:00:00.000Z,Pending sale,2019-11-30T00:00:00.000Z,Listed for sale,2019-11-06T00:00:00.000Z,Pending sale,2019-09-24T00:00:00.000Z,Price change
"149 20th Ave NW, Hickory, NC 28601",149 20th Ave NW,Hickory,NC,,forRent,4,3010,,2400,13,https://www.zillow.com/homedetails/149-20th-Ave-NW-Hickory-NC-28601/71962215_zpid/,,,2026-09-11T00:00:00.000Z,Listed for rent,2026-02-26T00:00:00.000Z,Listing removed,2026-01-15T00:00:00.000Z,Listed for rent,,,,,,
"3605 16th St NE, Hickory, NC 28601",3605 16th St NE,Hickory,NC,,forRent,3,1395,,1850,24,https://www.zillow.com/homedetails/3605-16th-St-NE-Hickory-NC-28601/71966217_zpid/,,150000,2026-08-31T00:00:00.000Z,Listed for rent,2026-06-19T00:00:00.000Z,Listing removed,2026-05-22T00:00:00.000Z,Listed for rent,2025-11-10T00:00:00.000Z,Sold,2025-09-09T00:00:00.000Z,Price change,2025-09-02T00:00:00.000Z,Price change
"2098 10th St SE, Hickory, NC 28601",2098 10th St SE,Hickory,NC,,forRent,4,2174,,2295,22,https://www.zillow.com/homedetails/2098-10th-St-SE-Hickory-NC-28601/461180979_zpid/,,309000,2026-09-22T00:00:00.000Z,Price change,2026-09-02T00:00:00.000Z,Listed for rent,2026-08-20T00:00:00.000Z,Sold,2026-03-20T00:00:00.000Z,Pending sale,2026-03-20T00:00:00.000Z,Listed for sale,,
"1296 37th Avenue Ln NE, Hickory, NC 28601",1296 37th Avenue Ln NE,Hickory,NC,,forRent,5,2368,,2500,1,https://www.zillow.com/homedetails/1296-37th-Avenue-Ln-NE-Hickory-NC-28601/440360611_zpid/,,323000,2026-09-23T00:00:00.000Z,Listed for rent,2026-04-29T00:00:00.000Z,Listing removed,2026-04-08T00:00:00.000Z,Listed for rent,2025-03-17T00:00:00.000Z,Listing removed,2025-02-26T00:00:00.000Z,Sold,2025-02-19T00:00:00.000Z,Listed for rent
"1330 37th Avenue Ln NE, Hickory, NC 28601",1330 37th Avenue Ln NE,Hickory,NC,,forRent,5,2368,,2700,51,https://www.zillow.com/homedetails/1330-37th-Avenue-Ln-NE-Hickory-NC-28601/452771842_zpid/,,330000,2026-08-04T00:00:00.000Z,Listed for rent,2025-09-16T00:00:00.000Z,Sold,2025-06-09T00:00:00.000Z,Pending sale,2025-06-04T00:00:00.000Z,Price change,2025-05-31T00:00:00.000Z,Listed for sale,,
"1415 Mammoth Rd, Hickory, NC 28602",1415 Mammoth Rd,Hickory,NC,,forRent,4,1927,,2145,22,https://www.zillow.com/homedetails/1415-Mammoth-Rd-Hickory-NC-28602/461722523_zpid/,,272500,2026-09-02T00:00:00.000Z,Listed for rent,2026-08-20T00:00:00.000Z,Sold,2026-07-16T00:00:00.000Z,Pending sale,2026-06-02T00:00:00.000Z,Price change,2026-04-15T00:00:00.000Z,Listed for sale,,
"1431 Mammoth Rd, Hickory, NC 28602",1431 Mammoth Rd,Hickory,NC,,forRent,5,2368,,2245,23,https://www.zillow.com/homedetails/1431-Mammoth-Rd-Hickory-NC-28602/455924046_zpid/,,307679,2026-09-11T00:00:00.000Z,Price change,2026-09-01T00:00:00.000Z,Listed for rent,2026-08-31T00:00:00.000Z,Sold,2026-07-20T00:00:00.000Z,Pending sale,2026-07-14T00:00:00.000Z,Price change,2026-06-30T00:00:00.000Z,Price change
"106 10th Ave SE, Hickory, NC 28602",106 10th Ave SE,Hickory,NC,,forRent,3,1333,,1595,100,https://www.zillow.com/homedetails/106-10th-Ave-SE-Hickory-NC-28602/463282226_zpid/,,,2026-06-16T00:00:00.000Z,Listed for rent,,,,,,,,,,
"617 14th St SW, Hickory, NC 28602",617 14th St SW,Hickory,NC,,forRent,3,1190,,1650,14,https://www.zillow.com/homedetails/617-14th-St-SW-Hickory-NC-28602/456095233_zpid/,,,2026-09-23T00:00:00.000Z,Price change,2026-09-10T00:00:00.000Z,Listed for rent,2025-10-02T00:00:00.000Z,Listing removed,2025-09-12T00:00:00.000Z,Price change,2025-09-05T00:00:00.000Z,Price change,2025-08-20T00:00:00.000Z,Listed for rent
"1406 Mammoth Rd, Hickory, NC 28602",1406 Mammoth Rd,Hickory,NC,,forRent,3,1749,,2025,22,https://www.zillow.com/homedetails/1406-Mammoth-Rd-Hickory-NC-28602/460650036_zpid/,,258000,2026-09-02T00:00:00.000Z,Listed for rent,2026-08-20T00:00:00.000Z,Sold,2026-07-16T00:00:00.000Z,Pending sale,2026-06-02T00:00:00.000Z,Price change,2026-05-12T00:00:00.000Z,Price change,2026-02-24T00:00:00.000Z,Price change
"1419 Mammoth Rd, Hickory, NC 28602",1419 Mammoth Rd,Hickory,NC,,forRent,5,2368,,2275,22,https://www.zillow.com/homedetails/1419-Mammoth-Rd-Hickory-NC-28602/461722721_zpid/,,292400,2026-09-02T00:00:00.000Z,Listed for rent,2026-08-20T00:00:00.000Z,Sold,2026-07-16T00:00:00.000Z,Pending sale,2026-04-15T00:00:00.000Z,Listed for sale,,,,
"1417 17th Ave NE, Hickory, NC 28601",1417 17th Ave NE,Hickory,NC,,forRent,3,1400,,1725,48,https://www.zillow.com/homedetails/1417-17th-Ave-NE-Hickory-NC-28601/71551010_zpid/,,99000,2026-08-21T00:00:00.000Z,Price change,2026-08-07T00:00:00.000Z,Listed for rent,2006-11-13T00:00:00.000Z,Sold,,,,,,
"104 10th Ave SE, Hickory, NC 28602",104 10th Ave SE,Hickory,NC,,forRent,3,1333,,1595,107,https://www.zillow.com/homedetails/104-10th-Ave-SE-Hickory-NC-28602/71959215_zpid/,,420000,2026-06-09T00:00:00.000Z,Listed for rent,2025-12-17T00:00:00.000Z,Sold,2025-10-09T00:00:00.000Z,Listed for sale,2024-12-30T00:00:00.000Z,Sold,2024-11-05T00:00:00.000Z,Listed for sale,2015-02-28T00:00:00.000Z,Listing removed
"3927 Newhall Dr NW, Hickory, NC 28601",3927 Newhall Dr NW,Hickory,NC,,forRent,3,1082,,1450,21,https://www.zillow.com/homedetails/3927-Newhall-Dr-NW-Hickory-NC-28601/98193008_zpid/,,205000,2026-09-03T00:00:00.000Z,Listed for rent,2024-07-24T00:00:00.000Z,Listing removed,2024-07-18T00:00:00.000Z,Price change,2024-07-08T00:00:00.000Z,Price change,2024-05-07T00:00:00.000Z,Listed for rent,2022-03-30T00:00:00.000Z,Sold
"5944 Bakers Point, Hickory, NC 28602",5944 Bakers Point,Hickory,NC,,forRent,5,3953,,3600,37,https://www.zillow.com/homedetails/5944-Bakers-Point-Hickory-NC-28602/98192272_zpid/,,90000,2026-08-18T00:00:00.000Z,Listed for rent,2026-08-13T00:00:00.000Z,Listing removed,2026-07-27T00:00:00.000Z,Price change,2026-06-23T00:00:00.000Z,Price change,2026-04-30T00:00:00.000Z,Listed for sale,2026-03-01T00:00:00.000Z,Listing removed
"1411 Mammoth Rd, Hickory, NC 28602",1411 Mammoth Rd,Hickory,NC,,forRent,5,2368,,2255,22,https://www.zillow.com/homedetails/1411-Mammoth-Rd-Hickory-NC-28602/463736170_zpid/,,292400,2026-09-02T00:00:00.000Z,Listed for rent,2026-08-20T00:00:00.000Z,Sold,2026-07-16T00:00:00.000Z,Pending sale,2026-07-08T00:00:00.000Z,Listed for sale,,,,
"1423 Mammoth Rd, Hickory, NC 28602",1423 Mammoth Rd,Hickory,NC,,forRent,4,1927,,2095,73,https://www.zillow.com/homedetails/1423-Mammoth-Rd-Hickory-NC-28602/461722831_zpid/,,,2026-09-11T00:00:00.000Z,Price change,2026-07-14T00:00:00.000Z,Listed for rent,2026-05-26T00:00:00.000Z,Listing removed,2026-05-19T00:00:00.000Z,Price change,2026-04-15T00:00:00.000Z,Listed for sale,,
"512 12th Ave NE, Hickory, NC 28601",512 12th Ave NE,Hickory,NC,,forRent,3,1334,,1595,73,https://www.zillow.com/homedetails/512-12th-Ave-NE-Hickory-NC-28601/463832995_zpid/,,,2026-07-13T00:00:00.000Z,Listed for rent,,,,,,,,,,
"1936 Eigth St, Hickory, NC 28602",1936 Eigth St,Hickory,NC,,forRent,3,1695,,1695,92,https://www.zillow.com/homedetails/1936-Eigth-St-Hickory-NC-28602/2052991619_zpid/,,,2026-09-10T00:00:00.000Z,Price change,2026-08-31T00:00:00.000Z,Price change,2026-08-14T00:00:00.000Z,Price change,2026-07-27T00:00:00.000Z,Price change,2026-07-07T00:00:00.000Z,Price change,2026-06-24T00:00:00.000Z,Listed for rent
"4030 Buff St, Hickory, NC 28602",4030 Buff St,Hickory,NC,,forRent,3,2000,,1800,16,https://www.zillow.com/homedetails/4030-Buff-St-Hickory-NC-28602/227237379_zpid/,,132400,2026-09-18T00:00:00.000Z,Price change,2026-09-08T00:00:00.000Z,Listed for rent,2024-04-24T00:00:00.000Z,Listing removed,2024-04-05T00:00:00.000Z,Price change,2023-11-29T00:00:00.000Z,Price change,2023-11-06T00:00:00.000Z,Price change
"2781 19th Ave NE, Hickory, NC 28601",2781 19th Ave NE,Hickory,NC,,forRent,3,2500,,2200,38,https://www.zillow.com/homedetails/2781-19th-Ave-NE-Hickory-NC-28601/71935770_zpid/,,,2026-08-17T00:00:00.000Z,Listed for rent,2025-10-14T00:00:00.000Z,Listing removed,2025-09-27T00:00:00.000Z,Price change,2025-09-15T00:00:00.000Z,Listed for rent,2025-07-13T00:00:00.000Z,Listing removed,2025-07-10T00:00:00.000Z,Listed for rent
"2130 10th St SE, Hickory, NC 28602",2130 10th St SE,Hickory,NC,,forRent,4,2174,,2250,48,https://www.zillow.com/homedetails/2130-10th-St-SE-Hickory-NC-28602/463122074_zpid/,,,2026-08-07T00:00:00.000Z,Listed for rent,2026-07-20T00:00:00.000Z,Listing removed,2026-07-17T00:00:00.000Z,Price change,2026-06-11T00:00:00.000Z,Listed for sale,,,,
"8889 State Highway 127, Hickory, NC 28601",8889 State Highway 127,Hickory,NC,,forRent,3,920,,1300,14,https://www.zillow.com/homedetails/8889-State-Highway-127-Hickory-NC-28601/229589331_zpid/,,115000,2026-09-10T00:00:00.000Z,Listed for rent,2025-06-26T00:00:00.000Z,Listing removed,2025-06-20T00:00:00.000Z,Listed for rent,2015-06-10T00:00:00.000Z,Sold,,,,
"5694 Claridge Dr, Hickory, NC 28602",5694 Claridge Dr,Hickory,NC,,forRent,3,2200,,2150,125,https://www.zillow.com/homedetails/5694-Claridge-Dr-Hickory-NC-28602/71906250_zpid/,,113500,2026-05-22T00:00:00.000Z,Listed for rent,2024-09-13T00:00:00.000Z,Listing removed,2024-08-02T00:00:00.000Z,Listed for rent,2000-11-03T00:00:00.000Z,Sold,,,,
"1928 36th Ave NE, Hickory, NC 28601",1928 36th Ave NE,Hickory,NC,,forRent,3,,,2000,51,https://www.zillow.com/homedetails/1928-36th-Ave-NE-Hickory-NC-28601/71548772_zpid/,,206146,2026-09-04T00:00:00.000Z,Price change,2026-08-04T00:00:00.000Z,Listed for rent,2023-06-02T00:00:00.000Z,Sold,2023-05-10T00:00:00.000Z,Pending sale,,,,
"3967 Newhall Dr NW, Hickory, NC 28601",3967 Newhall Dr NW,Hickory,NC,,forRent,3,1158,,1400,30,https://www.zillow.com/homedetails/3967-Newhall-Dr-NW-Hickory-NC-28601/343810572_zpid/,,,2026-08-25T00:00:00.000Z,Listed for rent,2025-08-12T00:00:00.000Z,Listing removed,2025-07-23T00:00:00.000Z,Listed for rent,2025-04-17T00:00:00.000Z,Listing removed,2025-03-28T00:00:00.000Z,Listed for rent,2024-03-28T00:00:00.000Z,Listing removed
"15 Harvest Ridge Dr, Hickory, NC 28601",15 Harvest Ridge Dr,Hickory,NC,,forRent,4,2000,,2100,25,https://www.zillow.com/homedetails/15-Harvest-Ridge-Dr-Hickory-NC-28601/2063037302_zpid/,,220990,2026-09-22T00:00:00.000Z,Price change,2026-09-04T00:00:00.000Z,Price change,2026-08-30T00:00:00.000Z,Listed for rent,2025-06-28T00:00:00.000Z,Listing removed,2025-06-09T00:00:00.000Z,Listed for rent,2023-09-11T00:00:00.000Z,Listing removed
"1117 13th Ave NW, Hickory, NC 28601",1117 13th Ave NW,Hickory,NC,,forRent,3,1600,,1800,8,https://www.zillow.com/homedetails/1117-13th-Ave-NW-Hickory-NC-28601/71915627_zpid/,,252000,2026-09-16T00:00:00.000Z,Listed for rent,2025-09-19T00:00:00.000Z,Listing removed,2025-09-02T00:00:00.000Z,Price change,2025-07-23T00:00:00.000Z,Price change,2025-07-15T00:00:00.000Z,Listed for rent,2025-05-20T00:00:00.000Z,Listing removed
"765 8th Avenue Dr SE, Hickory, NC 28602",765 8th Avenue Dr SE,Hickory,NC,,forRent,3,1463,,1750,94,https://www.zillow.com/homedetails/765-8th-Avenue-Dr-SE-Hickory-NC-28602/71963561_zpid/,,110000,2026-08-20T00:00:00.000Z,Price change,2026-06-22T00:00:00.000Z,Listed for rent,2023-05-15T00:00:00.000Z,Listing removed,2023-04-28T00:00:00.000Z,Price change,2023-04-07T00:00:00.000Z,Listed for rent,2023-01-25T00:00:00.000Z,Sold
