listingAddress/full,listingAddress/street,homeStatus,bedrooms,livingArea,price,listingPrice/amount,daysOnZillow,propertyUrl,hdpUrl,lastSoldPrice,listingPriceHistory/0/date,listingPriceHistory/0/event,listingPriceHistory/1/date,listingPriceHistory/1/event,listingPriceHistory/2/date,listingPriceHistory/2/event,listingPriceHistory/3/date,listingPriceHistory/3/event,listingPriceHistory/4/date,listingPriceHistory/4/event,listingPriceHistory/5/date,listingPriceHistory/5/event,listingPriceHistory/6/date,listingPriceHistory/6/event,listingPriceHistory/7/date,listingPriceHistory/7/event,listingPriceHistory/8/date,listingPriceHistory/8/event,listingPriceHistory/9/date,listingPriceHistory/9/event,listingPriceHistory/10/date,listingPriceHistory/10/event,listingPriceHistory/11/date,listingPriceHistory/11/event,listingPriceHistory/12/date,listingPriceHistory/12/event,listingPriceHistory/13/date,listingPriceHistory/13/event,listingPriceHistory/14/date,listingPriceHistory/14/event,listingPriceHistory/15/date,listingPriceHistory/15/event,listingPriceHistory/16/date,listingPriceHistory/16/event,listingPriceHistory/17/date,listingPriceHistory/17/event,listingPriceHistory/18/date,listingPriceHistory/18/event,listingPriceHistory/19/date,listingPriceHistory/19/event,listingPriceHistory/20/date,listingPriceHistory/20/event,listingPriceHistory/21/date,listingPriceHistory/21/event,listingPriceHistory/22/date,listingPriceHistory/22/event,listingPriceHistory/23/date,listingPriceHistory/23/event,listingPriceHistory/24/date,listingPriceHistory/24/event,listingPriceHistory/25/date,listingPriceHistory/25/event,listingPriceHistory/26/date,listingPriceHistory/26/event,listingPriceHistory/27/date,listingPriceHistory/27/event
"216 Chantilly Cir, Maumelle, AR 72113",216 Chantilly Cir,,3,1632,,2200,4,https://www.zillow.com/homedetails/216-Chantilly-Cir-Maumelle-AR-72113/328342_zpid/,,300000,2026-08-30T00:00:00.000Z,Listed for rent,2025-09-26T00:00:00.000Z,Listing removed,2025-09-19T00:00:00.000Z,Sold,2025-08-30T00:00:00.000Z,Listed for rent,2025-08-09T00:00:00.000Z,Listed for sale,2017-12-05T00:00:00.000Z,Listing removed,2017-10-21T00:00:00.000Z,Listed for sale,2015-07-13T00:00:00.000Z,Sold,2006-08-30T00:00:00.000Z,Sold,2003-10-15T00:00:00.000Z,Sold,2003-04-04T00:00:00.000Z,Sold,1997-10-13T00:00:00.000Z,Sold,,,,,,,,,,,,,,,,,,,,,,,,,,,,,,,,
"127 Chambery Dr, Maumelle, AR 72113",127 Chambery Dr,,4,1651,,2500,0,https://www.zillow.com/homedetails/127-Chambery-Dr-Maumelle-AR-72113/122006196_zpid/,,,2026-09-03T00:00:00.000Z,Price change,2026-07-24T00:00:00.000Z,Listed for rent,2019-06-07T00:00:00.000Z,Listing removed,2019-03-21T00:00:00.000Z,Price change,2019-02-14T00:00:00.000Z,Listed for rent,2017-11-15T00:00:00.000Z,Listing removed,2017-08-30T00:00:00.000Z,Price change,2017-08-08T00:00:00.000Z,Price change,2017-04-27T00:00:00.000Z,Listed for rent,,,,,,,,,,,,,,,,,,,,,,,,,,,,,,,,,,,,,,
"7 Southland Dr, Maumelle, AR 72113",7 Southland Dr,,2,925,,850,65,https://www.zillow.com/homedetails/7-Southland-Dr-Maumelle-AR-72113/2109744736_zpid/,,,2026-06-30T00:00:00.000Z,Listed for rent,2018-07-15T00:00:00.000Z,Listing removed,2018-06-28T00:00:00.000Z,Listed for rent,2016-06-28T00:00:00.000Z,Listing removed,2014-12-12T00:00:00.000Z,Listing removed,2014-07-29T00:00:00.000Z,Listed for rent,2013-12-30T00:00:00.000Z,Listing removed,2013-11-27T00:00:00.000Z,Listed for rent,,,,,,,,,,,,,,,,,,,,,,,,,,,,,,,,,,,,,,,,
"57 Stoneledge Dr, Maumelle, AR 72113",57 Stoneledge Dr,,4,1961,,1950,14,https://www.zillow.com/homedetails/57-Stoneledge-Dr-Maumelle-AR-72113/326028_zpid/,,145000,2026-08-21T00:00:00.000Z,Listed for rent,2024-06-09T00:00:00.000Z,Listing removed,2024-05-08T00:00:00.000Z,Listed for rent,2024-04-23T00:00:00.000Z,Sold,2024-04-06T00:00:00.000Z,Listed for sale,2013-09-20T00:00:00.000Z,Sold,,,,,,,,,,,,,,,,,,,,,,,,,,,,,,,,,,,,,,,,,,,,
"32 Cinderwood Cv, Maumelle, AR 72113",32 Cinderwood Cv,,3,2467,,1895,4,https://www.zillow.com/homedetails/32-Cinderwood-Cv-Maumelle-AR-72113/343619_zpid/,,505000,2026-08-30T00:00:00.000Z,Listed for rent,2025-10-09T00:00:00.000Z,Listing removed,2025-09-04T00:00:00.000Z,Price change,2025-08-30T00:00:00.000Z,Listed for rent,2016-07-22T00:00:00.000Z,Listing removed,2016-07-21T00:00:00.000Z,Price change,2016-06-17T00:00:00.000Z,Price change,2016-05-21T00:00:00.000Z,Listed for sale,2015-09-30T00:00:00.000Z,Sold,2008-05-09T00:00:00.000Z,Sold,,,,,,,,,,,,,,,,,,,,,,,,,,,,,,,,,,,,
"263 Lake Valley Dr, Maumelle, AR 72113",263 Lake Valley Dr,,5,3100,,2600,6,https://www.zillow.com/homedetails/263-Lake-Valley-Dr-Maumelle-AR-72113/89031838_zpid/,,308200,2026-08-28T00:00:00.000Z,Listed for rent,2025-08-11T00:00:00.000Z,Listing removed,2025-07-23T00:00:00.000Z,Price change,2025-07-05T00:00:00.000Z,Listed for rent,2024-09-12T00:00:00.000Z,Listing removed,2024-08-20T00:00:00.000Z,Listed for rent,2024-08-14T00:00:00.000Z,Listing removed,2024-08-12T00:00:00.000Z,Listed for rent,2023-06-29T00:00:00.000Z,Listing removed,2023-06-08T00:00:00.000Z,Listed for rent,2019-09-12T00:00:00.000Z,Sold,2019-08-27T00:00:00.000Z,Pending sale,2019-08-02T00:00:00.000Z,Price change,2019-07-11T00:00:00.000Z,Price change,2019-06-07T00:00:00.000Z,Price change,2019-05-23T00:00:00.000Z,Price change,2019-04-25T00:00:00.000Z,Price change,2019-04-11T00:00:00.000Z,Price change,2019-03-27T00:00:00.000Z,Price change,2019-03-06T00:00:00.000Z,Price change,2019-02-07T00:00:00.000Z,Price change,2019-01-16T00:00:00.000Z,Price change,2018-12-17T00:00:00.000Z,Listed for sale,2018-10-23T00:00:00.000Z,Listing removed,2013-04-17T00:00:00.000Z,Sold,2010-03-01T00:00:00.000Z,Sold,2008-08-04T00:00:00.000Z,Sold,2008-03-04T00:00:00.000Z,Sold
"61 Pin Oak Loop, Maumelle, AR 72113",61 Pin Oak Loop,,3,1173,,1495,62,https://www.zillow.com/homedetails/61-Pin-Oak-Loop-Maumelle-AR-72113/326810_zpid/,,175000,2026-08-14T00:00:00.000Z,Price change,2026-08-12T00:00:00.000Z,Price change,2026-07-03T00:00:00.000Z,Listed for rent,2024-04-25T00:00:00.000Z,Listing removed,2024-04-09T00:00:00.000Z,Listed for rent,2023-02-09T00:00:00.000Z,Listing removed,2022-12-28T00:00:00.000Z,Price change,2022-10-26T00:00:00.000Z,Listed for rent,2022-09-30T00:00:00.000Z,Sold,2022-08-28T00:00:00.000Z,Contingent,2022-08-26T00:00:00.000Z,Listed for sale,2018-04-24T00:00:00.000Z,Sold,2018-03-07T00:00:00.000Z,Price change,2018-02-07T00:00:00.000Z,Listed for sale,2017-06-08T00:00:00.000Z,Listing removed,2017-05-10T00:00:00.000Z,Listed for sale,2014-05-05T00:00:00.000Z,Sold,2011-07-04T00:00:00.000Z,Listing removed,2011-06-09T00:00:00.000Z,Listed for sale,2006-08-02T00:00:00.000Z,Sold,2003-05-01T00:00:00.000Z,Sold,2000-09-22T00:00:00.000Z,Sold,,,,,,,,,,,,
"11 Page Cv, Maumelle, AR 72113",11 Page Cv,,3,1294,,1695,1,https://www.zillow.com/homedetails/11-Page-Cv-Maumelle-AR-72113/326629_zpid/,,222125,2026-09-02T00:00:00.000Z,Listed for rent,2019-05-21T00:00:00.000Z,Listing removed,2019-02-11T00:00:00.000Z,Listed for rent,2017-11-18T00:00:00.000Z,Listing removed,2017-10-06T00:00:00.000Z,Price change,2017-09-16T00:00:00.000Z,Price change,2017-08-12T00:00:00.000Z,Listed for rent,2017-04-01T00:00:00.000Z,Listing removed,2017-02-23T00:00:00.000Z,Listed for rent,2016-01-29T00:00:00.000Z,Listing removed,2016-01-13T00:00:00.000Z,Listed for rent,2014-01-01T00:00:00.000Z,Sold,1983-10-01T00:00:00.000Z,Sold,,,,,,,,,,,,,,,,,,,,,,,,,,,,,,
"5 Stoneledge Dr, Maumelle, AR 72113",5 Stoneledge Dr,,3,1755,,1850,20,https://www.zillow.com/homedetails/5-Stoneledge-Dr-Maumelle-AR-72113/326005_zpid/,,240000,2026-08-14T00:00:00.000Z,Listed for rent,2025-04-10T00:00:00.000Z,Listing removed,2025-03-28T00:00:00.000Z,Listed for rent,2025-02-06T00:00:00.000Z,Sold,2024-11-23T00:00:00.000Z,Listing removed,2024-07-30T00:00:00.000Z,Listed for rent,2015-02-24T00:00:00.000Z,Sold,,,,,,,,,,,,,,,,,,,,,,,,,,,,,,,,,,,,,,,,,,
"81 Oak Forest Loop, Maumelle, AR 72113",81 Oak Forest Loop,,3,1300,,1700,45,https://www.zillow.com/homedetails/81-Oak-Forest-Loop-Maumelle-AR-72113/326542_zpid/,,145000,2026-07-20T00:00:00.000Z,Listed for rent,2021-01-15T00:00:00.000Z,Sold,2012-10-11T00:00:00.000Z,Sold,1997-04-16T00:00:00.000Z,Sold,,,,,,,,,,,,,,,,,,,,,,,,,,,,,,,,,,,,,,,,,,,,,,,,
"127 Rolling Oaks Dr, Maumelle, AR 72113",127 Rolling Oaks Dr,,3,1240,,1475,3,https://www.zillow.com/homedetails/127-Rolling-Oaks-Dr-Maumelle-AR-72113/326438_zpid/,,79500,2026-08-31T00:00:00.000Z,Listed for rent,2024-06-10T00:00:00.000Z,Listing removed,2024-06-07T00:00:00.000Z,Listed for rent,2024-06-06T00:00:00.000Z,Listing removed,2024-06-05T00:00:00.000Z,Listed for rent,2019-10-17T00:00:00.000Z,Listing removed,2019-10-01T00:00:00.000Z,Listed for rent,2015-09-28T00:00:00.000Z,Listing removed,2015-07-30T00:00:00.000Z,Listed for rent,2014-05-01T00:00:00.000Z,Sold,2009-07-14T00:00:00.000Z,Sold,2009-03-20T00:00:00.000Z,Sold,2000-08-25T00:00:00.000Z,Sold,1999-01-05T00:00:00.000Z,Sold,,,,,,,,,,,,,,,,,,,,,,,,,,,,
"11 Rockwood Rd, Cabot, AR 72023",11 Rockwood Rd,,3,1461,,1550,29,https://www.zillow.com/homedetails/11-Rockwood-Rd-Cabot-AR-72023/255523_zpid/,,215000,2026-08-27T00:00:00.000Z,Price change,2026-08-08T00:00:00.000Z,Price change,2026-08-05T00:00:00.000Z,Listed for rent,2026-07-20T00:00:00.000Z,Sold,2026-07-17T00:00:00.000Z,Contingent,2026-06-25T00:00:00.000Z,Listed for sale,2016-03-02T00:00:00.000Z,Sold,2016-01-08T00:00:00.000Z,Listed for sale,2015-12-22T00:00:00.000Z,Pending sale,2015-10-19T00:00:00.000Z,Price change,2015-09-18T00:00:00.000Z,Price change,2015-08-14T00:00:00.000Z,Listed for sale,2015-06-02T00:00:00.000Z,Sold,2015-05-07T00:00:00.000Z,Pending sale,2015-01-14T00:00:00.000Z,Price change,2014-10-03T00:00:00.000Z,Listed for sale,2013-11-15T00:00:00.000Z,Sold,,,,,,,,,,,,,,,,,,,,,,
"53 Bent Tree Dr, Cabot, AR 72023",53 Bent Tree Dr,,3,1645,,1495,43,https://www.zillow.com/homedetails/53-Bent-Tree-Dr-Cabot-AR-72023/256157_zpid/,,10000,2026-09-01T00:00:00.000Z,Price change,2026-07-22T00:00:00.000Z,Listed for rent,2002-07-18T00:00:00.000Z,Sold,1993-11-12T00:00:00.000Z,Sold,,,,,,,,,,,,,,,,,,,,,,,,,,,,,,,,,,,,,,,,,,,,,,,,
"(Undisclosed Address), Maumelle, AR 72113",(Undisclosed Address),,3,1430,,1700,12,https://www.zillow.com/homedetails/Maumelle-AR-72113/326296_zpid/,,295000,2026-08-22T00:00:00.000Z,Listed for rent,2025-10-31T00:00:00.000Z,Listing removed,2025-09-27T00:00:00.000Z,Price change,2025-08-03T00:00:00.000Z,Price change,2025-07-20T00:00:00.000Z,Listed for rent,2023-04-29T00:00:00.000Z,Listing removed,2023-04-28T00:00:00.000Z,Listed for rent,2023-04-20T00:00:00.000Z,Listing removed,2023-04-19T00:00:00.000Z,Listed for rent,2021-08-07T00:00:00.000Z,Listing removed,2021-08-05T00:00:00.000Z,Listed for rent,2021-07-28T00:00:00.000Z,Listing removed,2021-07-26T00:00:00.000Z,Listed for rent,2021-02-23T00:00:00.000Z,Listing removed,2020-07-23T00:00:00.000Z,Listing removed,2020-07-22T00:00:00.000Z,Price change,2020-07-20T00:00:00.000Z,Listed for rent,2019-10-31T00:00:00.000Z,Listing removed,2019-10-21T00:00:00.000Z,Price change,2019-10-01T00:00:00.000Z,Listed for rent,2018-08-19T00:00:00.000Z,Listing removed,2018-08-06T00:00:00.000Z,Listed for rent,2017-11-14T00:00:00.000Z,Listing removed,2017-10-11T00:00:00.000Z,Listed for rent,2014-05-06T00:00:00.000Z,Sold,2003-07-08T00:00:00.000Z,Sold,1998-12-11T00:00:00.000Z,Sold,1997-10-24T00:00:00.000Z,Sold
"59 Hickory Bend Dr, Cabot, AR 72023",59 Hickory Bend Dr,,3,2129,,2000,21,https://www.zillow.com/homedetails/59-Hickory-Bend-Dr-Cabot-AR-72023/67445626_zpid/,,207000,2026-08-13T00:00:00.000Z,Listed for rent,2023-06-25T00:00:00.000Z,Listing removed,2023-06-22T00:00:00.000Z,Listed for rent,2021-02-22T00:00:00.000Z,Sold,2016-07-15T00:00:00.000Z,Listing removed,2016-06-12T00:00:00.000Z,Price change,2016-04-29T00:00:00.000Z,Listed for sale,2011-03-30T00:00:00.000Z,Sold,2010-08-06T00:00:00.000Z,Listing removed,2010-02-22T00:00:00.000Z,Price change,2009-10-03T00:00:00.000Z,Listed for sale,2009-07-16T00:00:00.000Z,Listing removed,2009-02-16T00:00:00.000Z,Listed for sale,2008-10-27T00:00:00.000Z,Listing removed,2008-07-23T00:00:00.000Z,Price change,2007-07-07T00:00:00.000Z,Listed for sale,2004-11-09T00:00:00.000Z,Sold,,,,,,,,,,,,,,,,,,,,,,
"314 Ray St, Cabot, AR 72023",314 Ray St,,3,1449,,1300,51,https://www.zillow.com/homedetails/314-Ray-St-Cabot-AR-72023/257086_zpid/,,700000,2026-08-19T00:00:00.000Z,Price change,2026-08-11T00:00:00.000Z,Price change,2026-07-14T00:00:00.000Z,Listed for rent,2022-08-09T00:00:00.000Z,Listing removed,2022-08-05T00:00:00.000Z,Listed for rent,2021-03-24T00:00:00.000Z,Listing removed,2020-05-19T00:00:00.000Z,Listing removed,2020-04-10T00:00:00.000Z,Listed for rent,2018-10-23T00:00:00.000Z,Listing removed,2018-09-25T00:00:00.000Z,Listed for rent,2017-09-28T00:00:00.000Z,Listing removed,2017-08-19T00:00:00.000Z,Price change,2017-07-20T00:00:00.000Z,Listed for rent,2015-03-28T00:00:00.000Z,Listing removed,2015-02-26T00:00:00.000Z,Listed for rent,2014-01-15T00:00:00.000Z,Sold,2003-03-18T00:00:00.000Z,Sold,,,,,,,,,,,,,,,,,,,,,,
"15 Silverado Ct, Cabot, AR 72023",15 Silverado Ct,,3,1382,,1350,14,https://www.zillow.com/homedetails/15-Silverado-Ct-Cabot-AR-72023/35732243_zpid/,,150000,2026-08-20T00:00:00.000Z,Listed for rent,2024-11-11T00:00:00.000Z,Listing removed,2024-09-27T00:00:00.000Z,Listed for rent,2022-10-26T00:00:00.000Z,Sold,2020-12-16T00:00:00.000Z,Listing removed,2020-12-08T00:00:00.000Z,Listed for rent,2020-05-16T00:00:00.000Z,Listing removed,2020-04-22T00:00:00.000Z,Listed for rent,2020-04-17T00:00:00.000Z,Sold,,,,,,,,,,,,,,,,,,,,,,,,,,,,,,,,,,,,,,
"1609 Moon Rd, Ward, AR 72176",1609 Moon Rd,,3,1026,,1095,3,https://www.zillow.com/homedetails/1609-Moon-Rd-Ward-AR-72176/99444948_zpid/,,125000,2026-08-31T00:00:00.000Z,Listed for rent,2024-05-16T00:00:00.000Z,Listing removed,2024-05-09T00:00:00.000Z,Listed for rent,2021-10-19T00:00:00.000Z,Sold,2021-09-23T00:00:00.000Z,Pending sale,2021-09-23T00:00:00.000Z,Contingent,2021-09-20T00:00:00.000Z,Listed for sale,2017-10-19T00:00:00.000Z,Sold,2017-07-13T00:00:00.000Z,Listed for sale,2011-10-22T00:00:00.000Z,Listing removed,2011-05-29T00:00:00.000Z,Price change,2011-05-07T00:00:00.000Z,Listed for sale,,,,,,,,,,,,,,,,,,,,,,,,,,,,,,,,
"17 Azalea Dr, Cabot, AR 72023",17 Azalea Dr,,3,1294,,1345,71,https://www.zillow.com/homedetails/17-Azalea-Dr-Cabot-AR-72023/52495110_zpid/,,174500,2026-08-23T00:00:00.000Z,Price change,2026-08-13T00:00:00.000Z,Price change,2026-06-25T00:00:00.000Z,Listed for rent,2024-12-19T00:00:00.000Z,Sold,2024-11-09T00:00:00.000Z,Listed for sale,2022-05-27T00:00:00.000Z,Sold,2021-03-24T00:00:00.000Z,Listing removed,2018-07-11T00:00:00.000Z,Listing removed,2018-07-08T00:00:00.000Z,Listed for rent,2017-09-16T00:00:00.000Z,Listing removed,2017-05-10T00:00:00.000Z,Listed for sale,,,,,,,,,,,,,,,,,,,,,,,,,,,,,,,,,,
"22 Oakland Cir, Austin, AR 72007",22 Oakland Cir,,3,1328,,1575,9,https://www.zillow.com/homedetails/22-Oakland-Cir-Austin-AR-72007/251409763_zpid/,,176000,2026-08-25T00:00:00.000Z,Listed for rent,2024-07-01T00:00:00.000Z,Listing removed,2024-05-14T00:00:00.000Z,Listed for rent,2024-05-02T00:00:00.000Z,Listing removed,2024-04-15T00:00:00.000Z,Price change,2024-03-28T00:00:00.000Z,Price change,2024-03-14T00:00:00.000Z,Price change,2024-02-14T00:00:00.000Z,Listed for rent,2024-01-09T00:00:00.000Z,Sold,2023-11-28T00:00:00.000Z,Listed for sale,2023-03-24T00:00:00.000Z,Sold,2019-03-29T00:00:00.000Z,Sold,,,,,,,,,,,,,,,,,,,,,,,,,,,,,,,,
"1181 Courtney Dr, Hickory, NC 28602",1181 Courtney Dr,,4,993,,1950,0,https://www.zillow.com/homedetails/1181-Courtney-Dr-Hickory-NC-28602/71914325_zpid/,,115000,2026-09-03T00:00:00.000Z,Listed for rent,2025-03-27T00:00:00.000Z,Listing removed,2025-02-28T00:00:00.000Z,Listed for rent,2024-09-18T00:00:00.000Z,Sold,2005-05-02T00:00:00.000Z,Sold,,,,,,,,,,,,,,,,,,,,,,,,,,,,,,,,,,,,,,,,,,,,,,
"2781 19th Ave NE, Hickory, NC 28601",2781 19th Ave NE,,3,2500,,2200,17,https://www.zillow.com/homedetails/2781-19th-Ave-NE-Hickory-NC-28601/71935770_zpid/,,,2026-08-17T00:00:00.000Z,Listed for rent,2025-10-14T00:00:00.000Z,Listing removed,2025-09-27T00:00:00.000Z,Price change,2025-09-15T00:00:00.000Z,Listed for rent,2025-07-13T00:00:00.000Z,Listing removed,2025-07-10T00:00:00.000Z,Listed for rent,2025-06-29T00:00:00.000Z,Listing removed,2025-05-31T00:00:00.000Z,Price change,2025-05-27T00:00:00.000Z,Price change,2025-05-10T00:00:00.000Z,Price change,2025-04-26T00:00:00.000Z,Listed for rent,,,,,,,,,,,,,,,,,,,,,,,,,,,,,,,,,,
"32 Thunderbird Dr, Cabot, AR 72023",32 Thunderbird Dr,,3,1444,,1475,0,https://www.zillow.com/homedetails/32-Thunderbird-Dr-Cabot-AR-72023/67447424_zpid/,,,2026-09-03T00:00:00.000Z,Listed for rent,2021-03-24T00:00:00.000Z,Listing removed,2017-03-08T00:00:00.000Z,Listing removed,2017-02-06T00:00:00.000Z,Listed for rent,,,,,,,,,,,,,,,,,,,,,,,,,,,,,,,,,,,,,,,,,,,,,,,,
"2035 2nd St NW, Hickory, NC 28601",2035 2nd St NW,,4,2958,,3400,16,https://www.zillow.com/homedetails/2035-2nd-St-NW-Hickory-NC-28601/71547887_zpid/,,525000,2026-08-18T00:00:00.000Z,Listed for rent,2025-01-07T00:00:00.000Z,Sold,2018-06-20T00:00:00.000Z,Sold,2018-05-14T00:00:00.000Z,Pending sale,2017-08-08T00:00:00.000Z,Listed for sale,,,,,,,,,,,,,,,,,,,,,,,,,,,,,,,,,,,,,,,,,,,,,,
"3605 16th St NE, Hickory, NC 28601",3605 16th St NE,,3,1395,,1850,3,https://www.zillow.com/homedetails/3605-16th-St-NE-Hickory-NC-28601/71966217_zpid/,,150000,2026-08-31T00:00:00.000Z,Listed for rent,2026-06-19T00:00:00.000Z,Listing removed,2026-05-22T00:00:00.000Z,Listed for rent,2025-11-10T00:00:00.000Z,Sold,2025-09-09T00:00:00.000Z,Price change,2025-09-02T00:00:00.000Z,Price change,2025-08-26T00:00:00.000Z,Listed for sale,,,,,,,,,,,,,,,,,,,,,,,,,,,,,,,,,,,,,,,,,,
"736 12th Ave NW, Hickory, NC 28601",736 12th Ave NW,,3,1852,,1900,3,https://www.zillow.com/homedetails/736-12th-Ave-NW-Hickory-NC-28601/71948672_zpid/,,,2026-08-31T00:00:00.000Z,Listed for rent,,,,,,,,,,,,,,,,,,,,,,,,,,,,,,,,,,,,,,,,,,,,,,,,,,,,,,
"3927 Newhall Dr NW, Hickory, NC 28601",3927 Newhall Dr NW,,3,1082,,1450,0,https://www.zillow.com/homedetails/3927-Newhall-Dr-NW-Hickory-NC-28601/98193008_zpid/,,205000,2026-09-03T00:00:00.000Z,Listed for rent,2024-07-24T00:00:00.000Z,Listing removed,2024-07-18T00:00:00.000Z,Price change,2024-07-08T00:00:00.000Z,Price change,2024-05-07T00:00:00.000Z,Listed for rent,2022-03-30T00:00:00.000Z,Sold,2022-03-01T00:00:00.000Z,Contingent,2022-01-26T00:00:00.000Z,Price change,2022-01-25T00:00:00.000Z,Listed for sale,2022-01-18T00:00:00.000Z,Listing removed,2022-01-06T00:00:00.000Z,Listed for sale,2022-01-06T00:00:00.000Z,Listing removed,2021-12-01T00:00:00.000Z,Listed for sale,2017-12-12T00:00:00.000Z,Listing removed,2017-11-15T00:00:00.000Z,Listed for sale,2017-08-09T00:00:00.000Z,Listing removed,2017-08-04T00:00:00.000Z,Listed for sale,,,,,,,,,,,,,,,,,,,,,,
"5694 Claridge Dr, Hickory, NC 28602",5694 Claridge Dr,,3,2200,,2150,104,https://www.zillow.com/homedetails/5694-Claridge-Dr-Hickory-NC-28602/71906250_zpid/,,113500,2026-05-22T00:00:00.000Z,Listed for rent,2024-09-13T00:00:00.000Z,Listing removed,2024-08-02T00:00:00.000Z,Listed for rent,2000-11-03T00:00:00.000Z,Sold,,,,,,,,,,,,,,,,,,,,,,,,,,,,,,,,,,,,,,,,,,,,,,,,
"1928 36th Ave NE, Hickory, NC 28601",1928 36th Ave NE,,3,,,1900,30,https://www.zillow.com/homedetails/1928-36th-Ave-NE-Hickory-NC-28601/71548772_zpid/,,206146,2026-08-04T00:00:00.000Z,Listed for rent,2023-06-02T00:00:00.000Z,Sold,2023-05-10T00:00:00.000Z,Pending sale,,,,,,,,,,,,,,,,,,,,,,,,,,,,,,,,,,,,,,,,,,,,,,,,,,
"2 Corbet Ln, Maumelle, AR 72113",2 Corbet Ln,,3,1523,,2300,13,https://www.zillow.com/homedetails/2-Corbet-Ln-Maumelle-AR-72113/122005820_zpid/,,,2026-08-21T00:00:00.000Z,Listed for rent,2025-04-21T00:00:00.000Z,Listing removed,2025-03-25T00:00:00.000Z,Price change,2025-03-04T00:00:00.000Z,Listed for rent,2025-01-27T00:00:00.000Z,Listing removed,2025-01-14T00:00:00.000Z,Price change,2025-01-13T00:00:00.000Z,Listed for rent,2022-11-11T00:00:00.000Z,Listing removed,2022-10-11T00:00:00.000Z,Listed for rent,2017-10-06T00:00:00.000Z,Listing removed,2017-08-30T00:00:00.000Z,Price change,2017-08-08T00:00:00.000Z,Price change,2017-06-26T00:00:00.000Z,Listed for rent,,,,,,,,,,,,,,,,,,,,,,,,,,,,,,
"3967 Newhall Dr NW, Hickory, NC 28601",3967 Newhall Dr NW,,3,1158,,1400,9,https://www.zillow.com/homedetails/3967-Newhall-Dr-NW-Hickory-NC-28601/343810572_zpid/,,,2026-08-25T00:00:00.000Z,Listed for rent,2025-08-12T00:00:00.000Z,Listing removed,2025-07-23T00:00:00.000Z,Listed for rent,2025-04-17T00:00:00.000Z,Listing removed,2025-03-28T00:00:00.000Z,Listed for rent,2024-03-28T00:00:00.000Z,Listing removed,2024-03-06T00:00:00.000Z,Listed for rent,,,,,,,,,,,,,,,,,,,,,,,,,,,,,,,,,,,,,,,,,,
"1330 37th Avenue Ln NE, Hickory, NC 28601",1330 37th Avenue Ln NE,,5,2368,,2700,30,https://www.zillow.com/homedetails/1330-37th-Avenue-Ln-NE-Hickory-NC-28601/452771842_zpid/,,330000,2026-08-04T00:00:00.000Z,Listed for rent,2025-09-16T00:00:00.000Z,Sold,2025-06-09T00:00:00.000Z,Pending sale,2025-06-04T00:00:00.000Z,Price change,2025-05-31T00:00:00.000Z,Listed for sale,,,,,,,,,,,,,,,,,,,,,,,,,,,,,,,,,,,,,,,,,,,,,,
"422 Janie Cir, Hickory, NC 28601",422 Janie Cir,,4,2800,,2500,3,https://www.zillow.com/homedetails/422-Janie-Cir-Hickory-NC-28601/460859494_zpid/,,,2026-09-01T00:00:00.000Z,Listed for rent,2026-07-21T00:00:00.000Z,Listing removed,2026-03-05T00:00:00.000Z,Listed for rent,,,,,,,,,,,,,,,,,,,,,,,,,,,,,,,,,,,,,,,,,,,,,,,,,,
"502 12th Ave NE, Hickory, NC 28601",502 12th Ave NE,,3,1334,,1595,8,https://www.zillow.com/homedetails/502-12th-Ave-NE-Hickory-NC-28601/463061458_zpid/,,,2026-08-26T00:00:00.000Z,Listed for rent,2026-07-31T00:00:00.000Z,Listing removed,2026-06-09T00:00:00.000Z,Listed for rent,,,,,,,,,,,,,,,,,,,,,,,,,,,,,,,,,,,,,,,,,,,,,,,,,,
"2110 24th St NE, Hickory, NC 28601",2110 24th St NE,,3,1248,,1700,84,https://www.zillow.com/homedetails/2110-24th-St-NE-Hickory-NC-28601/71911952_zpid/,,100000,2026-05-13T00:00:00.000Z,Price change,2026-02-27T00:00:00.000Z,Listed for rent,1994-09-01T00:00:00.000Z,Sold,,,,,,,,,,,,,,,,,,,,,,,,,,,,,,,,,,,,,,,,,,,,,,,,,,
"106 Jo Park Ln, Maumelle, AR 72113",106 Jo Park Ln,,4,1640,,2000,28,https://www.zillow.com/homedetails/106-Jo-Park-Ln-Maumelle-AR-72113/2056841941_zpid/,,,2026-08-06T00:00:00.000Z,Listed for rent,2023-10-04T00:00:00.000Z,Listing removed,2023-10-03T00:00:00.000Z,Listed for rent,2023-10-03T00:00:00.000Z,Listing removed,2023-06-29T00:00:00.000Z,Listed for rent,,,,,,,,,,,,,,,,,,,,,,,,,,,,,,,,,,,,,,,,,,,,,,
"1266 18th St NE, Hickory, NC 28601",1266 18th St NE,,3,1288,,1725,35,https://www.zillow.com/homedetails/1266-18th-St-NE-Hickory-NC-28601/71903862_zpid/,,225000,2026-08-24T00:00:00.000Z,Price change,2026-07-30T00:00:00.000Z,Listed for rent,2025-10-07T00:00:00.000Z,Listing removed,2025-08-27T00:00:00.000Z,Listed for rent,2025-08-22T00:00:00.000Z,Sold,2025-07-23T00:00:00.000Z,Price change,2025-07-09T00:00:00.000Z,Price change,2025-06-27T00:00:00.000Z,Price change,2025-06-06T00:00:00.000Z,Price change,2025-06-02T00:00:00.000Z,Listed for sale,2023-04-19T00:00:00.000Z,Sold,2023-03-20T00:00:00.000Z,Pending sale,2023-03-18T00:00:00.000Z,Price change,2023-03-08T00:00:00.000Z,Price change,2023-02-21T00:00:00.000Z,Price change,2023-02-10T00:00:00.000Z,Listed for sale,,,,,,,,,,,,,,,,,,,,,,,,
"104 10th Ave SE, Hickory, NC 28602",104 10th Ave SE,,3,1333,,1595,86,https://www.zillow.com/homedetails/104-10th-Ave-SE-Hickory-NC-28602/71959215_zpid/,,420000,2026-06-09T00:00:00.000Z,Listed for rent,2025-12-17T00:00:00.000Z,Sold,2025-10-09T00:00:00.000Z,Listed for sale,2024-12-30T00:00:00.000Z,Sold,2024-11-05T00:00:00.000Z,Listed for sale,2015-02-28T00:00:00.000Z,Listing removed,2015-02-20T00:00:00.000Z,Price change,2015-02-04T00:00:00.000Z,Listed for sale,,,,,,,,,,,,,,,,,,,,,,,,,,,,,,,,,,,,,,,,
"10413 Cypress Knee Dr, Maumelle, AR 72113",10413 Cypress Knee Dr,,3,1480,,1800,64,https://www.zillow.com/homedetails/10413-Cypress-Knee-Dr-Maumelle-AR-72113/2060938533_zpid/,,,2026-07-01T00:00:00.000Z,Listed for rent,2025-04-22T00:00:00.000Z,Listing removed,2025-04-04T00:00:00.000Z,Listed for rent,2022-11-13T00:00:00.000Z,Listing removed,2022-10-25T00:00:00.000Z,Listed for rent,,,,,,,,,,,,,,,,,,,,,,,,,,,,,,,,,,,,,,,,,,,,,,
"450 Brinkley Dr, Kings Mountain, NC 28086",450 Brinkley Dr,,5,2511,,2445,1,https://www.zillow.com/homedetails/450-Brinkley-Dr-Kings-Mountain-NC-28086/463353765_zpid/,,325000,2026-09-02T00:00:00.000Z,Listed for rent,2026-08-20T00:00:00.000Z,Sold,2026-07-16T00:00:00.000Z,Pending sale,2026-06-19T00:00:00.000Z,Listed for sale,,,,,,,,,,,,,,,,,,,,,,,,,,,,,,,,,,,,,,,,,,,,,,,,
"538 Belcaro Dr, Kings Mountain, NC 28086",538 Belcaro Dr,,3,1800,,2005,34,https://www.zillow.com/homedetails/538-Belcaro-Dr-Kings-Mountain-NC-28086/339891879_zpid/,,,2026-09-02T00:00:00.000Z,Price change,2026-08-26T00:00:00.000Z,Price change,2026-08-18T00:00:00.000Z,Price change,2026-08-12T00:00:00.000Z,Price change,2026-07-31T00:00:00.000Z,Listed for rent,2025-08-22T00:00:00.000Z,Listing removed,2025-08-12T00:00:00.000Z,Price change,2025-08-06T00:00:00.000Z,Price change,2025-07-30T00:00:00.000Z,Price change,2025-07-22T00:00:00.000Z,Price change,2025-07-15T00:00:00.000Z,Price change,2025-07-08T00:00:00.000Z,Price change,2025-07-01T00:00:00.000Z,Price change,2025-06-25T00:00:00.000Z,Listed for rent,2025-06-23T00:00:00.000Z,Listing removed,2025-06-17T00:00:00.000Z,Listed for rent,2025-04-17T00:00:00.000Z,Listing removed,2025-04-15T00:00:00.000Z,Price change,2025-03-31T00:00:00.000Z,Listed for rent,2022-08-11T00:00:00.000Z,Listing removed,2022-07-15T00:00:00.000Z,Listed for sale,,,,,,,,,,,,,,
"117 Logan Dr, Maumelle, AR 72113",117 Logan Dr,,3,1472,,1835,58,https://www.zillow.com/homedetails/117-Logan-Dr-Maumelle-AR-72113/2057186355_zpid/,,,2026-07-07T00:00:00.000Z,Listed for rent,2023-07-30T00:00:00.000Z,Listing removed,2023-07-29T00:00:00.000Z,Listed for rent,2023-07-29T00:00:00.000Z,Listing removed,2023-06-10T00:00:00.000Z,Listed for rent,,,,,,,,,,,,,,,,,,,,,,,,,,,,,,,,,,,,,,,,,,,,,,
"404 Marcella Dr, Kings Mountain, NC 28086",404 Marcella Dr,,3,1507,,1949,24,https://www.zillow.com/homedetails/404-Marcella-Dr-Kings-Mountain-NC-28086/214091791_zpid/,,255000,2026-09-02T00:00:00.000Z,Price change,2026-08-25T00:00:00.000Z,Price change,2026-08-18T00:00:00.000Z,Price change,2026-08-11T00:00:00.000Z,Listed for rent,2021-08-17T00:00:00.000Z,Listing removed,2021-08-06T00:00:00.000Z,Price change,2021-07-22T00:00:00.000Z,Listed for rent,2021-06-24T00:00:00.000Z,Sold,2021-06-03T00:00:00.000Z,Pending sale,2021-05-26T00:00:00.000Z,Listed for sale,2016-05-24T00:00:00.000Z,Sold,,,,,,,,,,,,,,,,,,,,,,,,,,,,,,,,,,
"231 Brinkley Dr, Kings Mountain, NC 28086",231 Brinkley Dr,,5,2400,,2595,49,https://www.zillow.com/homedetails/231-Brinkley-Dr-Kings-Mountain-NC-28086/349365612_zpid/,,332000,2026-08-07T00:00:00.000Z,Price change,2026-07-16T00:00:00.000Z,Listed for rent,2026-07-10T00:00:00.000Z,Sold,2026-05-14T00:00:00.000Z,Listed for sale,2026-05-10T00:00:00.000Z,Listing removed,2026-03-03T00:00:00.000Z,Price change,2026-02-05T00:00:00.000Z,Price change,2025-11-06T00:00:00.000Z,Listed for sale,2024-10-25T00:00:00.000Z,Sold,2024-08-21T00:00:00.000Z,Price change,2024-08-14T00:00:00.000Z,Price change,2024-07-09T00:00:00.000Z,Price change,2024-05-07T00:00:00.000Z,Price change,2024-05-04T00:00:00.000Z,Listed for sale,,,,,,,,,,,,,,,,,,,,,,,,,,,,
"449 Brinkley Dr, Kings Mountain, NC 28086",449 Brinkley Dr,,4,2175,,2195,1,https://www.zillow.com/homedetails/449-Brinkley-Dr-Kings-Mountain-NC-28086/462249560_zpid/,,295000,2026-09-02T00:00:00.000Z,Listed for rent,2026-08-20T00:00:00.000Z,Sold,2026-07-16T00:00:00.000Z,Pending sale,2026-06-05T00:00:00.000Z,Price change,2026-05-07T00:00:00.000Z,Listed for sale,,,,,,,,,,,,,,,,,,,,,,,,,,,,,,,,,,,,,,,,,,,,,,
"109 Ann St, Kings Mountain, NC 28086",109 Ann St,,3,1508,,1950,10,https://www.zillow.com/homedetails/109-Ann-St-Kings-Mountain-NC-28086/214091787_zpid/,,126000,2026-08-24T00:00:00.000Z,Listed for rent,2016-05-27T00:00:00.000Z,Sold,,,,,,,,,,,,,,,,,,,,,,,,,,,,,,,,,,,,,,,,,,,,,,,,,,,,
"2034 Shelby Rd, Kings Mountain, NC 28086",2034 Shelby Rd,,3,910,,1250,104,https://www.zillow.com/homedetails/2034-Shelby-Rd-Kings-Mountain-NC-28086/93001483_zpid/,,,2026-05-23T00:00:00.000Z,Listed for rent,2025-11-06T00:00:00.000Z,Listing removed,2025-10-06T00:00:00.000Z,Listed for rent,2025-06-28T00:00:00.000Z,Listing removed,2025-06-25T00:00:00.000Z,Listed for rent,,,,,,,,,,,,,,,,,,,,,,,,,,,,,,,,,,,,,,,,,,,,,,
"2098 10th St SE, Hickory, NC 28601",2098 10th St SE,,4,2174,,2395,1,https://www.zillow.com/homedetails/2098-10th-St-SE-Hickory-NC-28601/461180979_zpid/,,309000,2026-09-02T00:00:00.000Z,Listed for rent,2026-08-20T00:00:00.000Z,Sold,2026-03-20T00:00:00.000Z,Pending sale,2026-03-20T00:00:00.000Z,Listed for sale,,,,,,,,,,,,,,,,,,,,,,,,,,,,,,,,,,,,,,,,,,,,,,,,
"1415 Mammoth Rd, Hickory, NC 28602",1415 Mammoth Rd,,4,1927,,2145,1,https://www.zillow.com/homedetails/1415-Mammoth-Rd-Hickory-NC-28602/461722523_zpid/,,272500,2026-09-02T00:00:00.000Z,Listed for rent,2026-08-20T00:00:00.000Z,Sold,2026-07-16T00:00:00.000Z,Pending sale,2026-06-02T00:00:00.000Z,Price change,2026-04-15T00:00:00.000Z,Listed for sale,,,,,,,,,,,,,,,,,,,,,,,,,,,,,,,,,,,,,,,,,,,,,,
"1419 Mammoth Rd, Hickory, NC 28602",1419 Mammoth Rd,,5,2368,,2275,1,https://www.zillow.com/homedetails/1419-Mammoth-Rd-Hickory-NC-28602/461722721_zpid/,,292400,2026-09-02T00:00:00.000Z,Listed for rent,2026-08-20T00:00:00.000Z,Sold,2026-07-16T00:00:00.000Z,Pending sale,2026-04-15T00:00:00.000Z,Listed for sale,,,,,,,,,,,,,,,,,,,,,,,,,,,,,,,,,,,,,,,,,,,,,,,,
"15 Harvest Ridge Dr, Hickory, NC 28601",15 Harvest Ridge Dr,,4,2000,,2300,4,https://www.zillow.com/homedetails/15-Harvest-Ridge-Dr-Hickory-NC-28601/2063037302_zpid/,,220990,2026-08-30T00:00:00.000Z,Listed for rent,2025-06-28T00:00:00.000Z,Listing removed,2025-06-09T00:00:00.000Z,Listed for rent,2023-09-11T00:00:00.000Z,Listing removed,2023-09-04T00:00:00.000Z,Listed for rent,2022-08-02T00:00:00.000Z,Listing removed,2022-06-24T00:00:00.000Z,Listing removed,2022-06-01T00:00:00.000Z,Listed for rent,2022-01-12T00:00:00.000Z,Sold,2021-04-09T00:00:00.000Z,Pending sale,,,,,,,,,,,,,,,,,,,,,,,,,,,,,,,,,,,,
"1411 Mammoth Rd, Hickory, NC 28602",1411 Mammoth Rd,,5,2368,,2255,1,https://www.zillow.com/homedetails/1411-Mammoth-Rd-Hickory-NC-28602/463736170_zpid/,,292400,2026-09-02T00:00:00.000Z,Listed for rent,2026-08-20T00:00:00.000Z,Sold,2026-07-16T00:00:00.000Z,Pending sale,2026-07-08T00:00:00.000Z,Listed for sale,,,,,,,,,,,,,,,,,,,,,,,,,,,,,,,,,,,,,,,,,,,,,,,,
"2625 Rolling Ridge Dr, Hickory, NC 28602",2625 Rolling Ridge Dr,,4,3747,,3000,16,https://www.zillow.com/homedetails/2625-Rolling-Ridge-Dr-Hickory-NC-28602/71554898_zpid/,,447000,2026-08-18T00:00:00.000Z,Listed for rent,2022-02-22T00:00:00.000Z,Sold,2022-01-02T00:00:00.000Z,Pending sale,2021-12-09T00:00:00.000Z,Listed for sale,2018-12-18T00:00:00.000Z,Listing removed,2018-10-16T00:00:00.000Z,Price change,2018-10-05T00:00:00.000Z,Price change,2018-09-23T00:00:00.000Z,Price change,2018-09-07T00:00:00.000Z,Listed for sale,2012-05-14T00:00:00.000Z,Sold,2012-04-14T00:00:00.000Z,Price change,2012-03-14T00:00:00.000Z,Listed for sale,2011-12-14T00:00:00.000Z,Sold,2011-05-10T00:00:00.000Z,Price change,2011-02-16T00:00:00.000Z,Listed for sale,,,,,,,,,,,,,,,,,,,,,,,,,,
"2130 10th St SE, Hickory, NC 28602",2130 10th St SE,,4,2174,,2250,27,https://www.zillow.com/homedetails/2130-10th-St-SE-Hickory-NC-28602/463122074_zpid/,,,2026-08-07T00:00:00.000Z,Listed for rent,2026-07-20T00:00:00.000Z,Listing removed,2026-07-17T00:00:00.000Z,Price change,2026-06-11T00:00:00.000Z,Listed for sale,,,,,,,,,,,,,,,,,,,,,,,,,,,,,,,,,,,,,,,,,,,,,,,,
"1423 Mammoth Rd, Hickory, NC 28602",1423 Mammoth Rd,,4,1927,,2195,52,https://www.zillow.com/homedetails/1423-Mammoth-Rd-Hickory-NC-28602/461722831_zpid/,,,2026-07-14T00:00:00.000Z,Listed for rent,2026-05-26T00:00:00.000Z,Listing removed,2026-05-19T00:00:00.000Z,Price change,2026-04-15T00:00:00.000Z,Listed for sale,,,,,,,,,,,,,,,,,,,,,,,,,,,,,,,,,,,,,,,,,,,,,,,,
"1936 Eigth St, Hickory, NC 28602",1936 Eigth St,,3,1695,,1750,71,https://www.zillow.com/homedetails/1936-Eigth-St-Hickory-NC-28602/2052991619_zpid/,,,2026-08-31T00:00:00.000Z,Price change,2026-08-14T00:00:00.000Z,Price change,2026-07-27T00:00:00.000Z,Price change,2026-07-07T00:00:00.000Z,Price change,2026-06-24T00:00:00.000Z,Listed for rent,2024-03-28T00:00:00.000Z,Listing removed,2024-03-18T00:00:00.000Z,Price change,2024-03-05T00:00:00.000Z,Price change,2024-02-22T00:00:00.000Z,Price change,2024-02-21T00:00:00.000Z,Price change,2024-02-01T00:00:00.000Z,Listed for rent,,,,,,,,,,,,,,,,,,,,,,,,,,,,,,,,,,
"765 8th Avenue Dr SE, Hickory, NC 28602",765 8th Avenue Dr SE,,3,1463,,1750,73,https://www.zillow.com/homedetails/765-8th-Avenue-Dr-SE-Hickory-NC-28602/71963561_zpid/,,110000,2026-08-20T00:00:00.000Z,Price change,2026-06-22T00:00:00.000Z,Listed for rent,2023-05-15T00:00:00.000Z,Listing removed,2023-04-28T00:00:00.000Z,Price change,2023-04-07T00:00:00.000Z,Listed for rent,2023-01-25T00:00:00.000Z,Sold,2013-09-03T00:00:00.000Z,Sold,2006-10-20T00:00:00.000Z,Sold,,,,,,,,,,,,,,,,,,,,,,,,,,,,,,,,,,,,,,,,
"1417 17th Ave NE, Hickory, NC 28601",1417 17th Ave NE,,3,1400,,1725,27,https://www.zillow.com/homedetails/1417-17th-Ave-NE-Hickory-NC-28601/71551010_zpid/,,99000,2026-08-21T00:00:00.000Z,Price change,2026-08-07T00:00:00.000Z,Listed for rent,2006-11-13T00:00:00.000Z,Sold,,,,,,,,,,,,,,,,,,,,,,,,,,,,,,,,,,,,,,,,,,,,,,,,,,
"3315 23rd St NE, Hickory, NC 28601",3315 23rd St NE,,3,1369,,1995,0,https://www.zillow.com/homedetails/3315-23rd-St-NE-Hickory-NC-28601/71909821_zpid/,,145000,2026-09-03T00:00:00.000Z,Listed for rent,2026-07-02T00:00:00.000Z,Sold,2026-06-18T00:00:00.000Z,Listed for sale,,,,,,,,,,,,,,,,,,,,,,,,,,,,,,,,,,,,,,,,,,,,,,,,,,
"15 Applewood Cv, Cabot, AR 72023",15 Applewood Cv,,3,1588,,1600,48,https://www.zillow.com/homedetails/15-Applewood-Cv-Cabot-AR-72023/35732370_zpid/,,226000,2026-07-17T00:00:00.000Z,Listed for rent,2024-05-04T00:00:00.000Z,Listing removed,2024-04-27T00:00:00.000Z,Listed for rent,2024-04-19T00:00:00.000Z,Sold,2024-03-14T00:00:00.000Z,Listed for sale,2022-10-31T00:00:00.000Z,Sold,2022-08-02T00:00:00.000Z,Listed for sale,2019-10-28T00:00:00.000Z,Sold,2019-09-18T00:00:00.000Z,Listed for sale,2014-01-02T00:00:00.000Z,Sold,2013-11-23T00:00:00.000Z,Price change,2013-10-17T00:00:00.000Z,Price change,2013-09-20T00:00:00.000Z,Listed for sale,2012-03-08T00:00:00.000Z,Listing removed,2011-09-23T00:00:00.000Z,Listed for sale,2011-05-07T00:00:00.000Z,Listing removed,2011-01-23T00:00:00.000Z,Listed for sale,,,,,,,,,,,,,,,,,,,,,,
"54 Magnolia Dr, Cabot, AR 72023",54 Magnolia Dr,,3,1394,,1400,48,https://www.zillow.com/homedetails/54-Magnolia-Dr-Cabot-AR-72023/60314948_zpid/,,117000,2026-07-17T00:00:00.000Z,Listed for rent,2025-09-24T00:00:00.000Z,Listing removed,2025-09-04T00:00:00.000Z,Listed for rent,2024-08-02T00:00:00.000Z,Listing removed,2024-07-20T00:00:00.000Z,Price change,2024-06-25T00:00:00.000Z,Listed for rent,2023-06-25T00:00:00.000Z,Listing removed,2023-06-02T00:00:00.000Z,Listed for rent,2021-12-27T00:00:00.000Z,Listing removed,2021-12-19T00:00:00.000Z,Listed for rent,2013-05-01T00:00:00.000Z,Listing removed,2013-04-21T00:00:00.000Z,Listed for rent,2013-04-19T00:00:00.000Z,Sold,2012-12-01T00:00:00.000Z,Price change,2012-10-15T00:00:00.000Z,Listed for sale,2011-04-01T00:00:00.000Z,Sold,2011-01-17T00:00:00.000Z,Price change,2011-01-15T00:00:00.000Z,Listed for sale,,,,,,,,,,,,,,,,,,,,
"72 Branchwood Ln, Austin, AR 72007",72 Branchwood Ln,,3,1216,,1200,7,https://www.zillow.com/homedetails/72-Branchwood-Ln-Austin-AR-72007/252707_zpid/,,1710000,2026-08-27T00:00:00.000Z,Price change,2022-12-04T00:00:00.000Z,Listed for rent,2021-02-23T00:00:00.000Z,Listing removed,2020-08-27T00:00:00.000Z,Listing removed,2020-08-03T00:00:00.000Z,Listed for rent,2019-06-08T00:00:00.000Z,Listing removed,2019-06-05T00:00:00.000Z,Listed for rent,2018-11-12T00:00:00.000Z,Listing removed,2018-11-09T00:00:00.000Z,Listed for rent,2015-01-30T00:00:00.000Z,Sold,2009-07-17T00:00:00.000Z,Sold,,,,,,,,,,,,,,,,,,,,,,,,,,,,,,,,,,
"5944 Bakers Point, Hickory, NC 28602",5944 Bakers Point,,5,3953,,3600,16,https://www.zillow.com/homedetails/5944-Bakers-Point-Hickory-NC-28602/98192272_zpid/,,90000,2026-08-18T00:00:00.000Z,Listed for rent,2026-08-13T00:00:00.000Z,Listing removed,2026-07-27T00:00:00.000Z,Price change,2026-06-23T00:00:00.000Z,Price change,2026-04-30T00:00:00.000Z,Listed for sale,2026-03-01T00:00:00.000Z,Listing removed,2025-11-14T00:00:00.000Z,Listed for sale,2024-12-12T00:00:00.000Z,Sold,2024-11-12T00:00:00.000Z,Listed for sale,2022-10-23T00:00:00.000Z,Listing removed,2022-07-25T00:00:00.000Z,Listed for sale,2011-06-20T00:00:00.000Z,Sold,2011-04-15T00:00:00.000Z,Listed for sale,2011-02-18T00:00:00.000Z,Sold,,,,,,,,,,,,,,,,,,,,,,,,,,,,
"120 Suda St, Cabot, AR 72023",120 Suda St,,3,1008,,995,139,https://www.zillow.com/homedetails/120-Suda-St-Cabot-AR-72023/213595966_zpid/,,120000,2026-09-04T00:00:00.000Z,Price change,2026-06-17T00:00:00.000Z,Price change,2026-05-05T00:00:00.000Z,Price change,2026-04-18T00:00:00.000Z,Listed for rent,2024-08-02T00:00:00.000Z,Sold,2024-07-23T00:00:00.000Z,Listing removed,2024-07-04T00:00:00.000Z,Listed for rent,2024-06-25T00:00:00.000Z,Listed for sale,2024-05-20T00:00:00.000Z,Contingent,2024-05-03T00:00:00.000Z,Listed for sale,2023-10-26T00:00:00.000Z,Listing removed,2023-10-21T00:00:00.000Z,Listed for rent,2021-03-24T00:00:00.000Z,Listing removed,2018-04-27T00:00:00.000Z,Listing removed,2018-04-17T00:00:00.000Z,Listed for rent,,,,,,,,,,,,,,,,,,,,,,,,,,
"14 Saunder Dr N, Austin, AR 72007",14 Saunder Dr N,,3,1392,,1550,36,https://www.zillow.com/homedetails/14-Saunder-Dr-N-Austin-AR-72007/347067074_zpid/,,198000,2026-07-29T00:00:00.000Z,Listed for rent,2023-03-16T00:00:00.000Z,Sold,2023-02-13T00:00:00.000Z,Contingent,2023-01-20T00:00:00.000Z,Listed for sale,,,,,,,,,,,,,,,,,,,,,,,,,,,,,,,,,,,,,,,,,,,,,,,,
"400 Apricot St, Austin, AR 72007",400 Apricot St,,3,1200,,1475,10,https://www.zillow.com/homedetails/400-Apricot-St-Austin-AR-72007/82250818_zpid/,,280000,2026-07-22T00:00:00.000Z,Price change,2026-06-24T00:00:00.000Z,Price change,2026-05-16T00:00:00.000Z,Price change,2026-05-08T00:00:00.000Z,Listed for rent,2025-09-09T00:00:00.000Z,Listing removed,2025-08-26T00:00:00.000Z,Listed for rent,2025-08-21T00:00:00.000Z,Sold,2024-07-10T00:00:00.000Z,Listing removed,2024-06-24T00:00:00.000Z,Listed for rent,2024-06-10T00:00:00.000Z,Listing removed,2024-06-02T00:00:00.000Z,Listed for rent,2024-02-08T00:00:00.000Z,Sold,2023-06-11T00:00:00.000Z,Listing removed,2023-06-02T00:00:00.000Z,Price change,2022-11-16T00:00:00.000Z,Listed for rent,2022-10-07T00:00:00.000Z,Sold,2022-08-15T00:00:00.000Z,Listed for sale,2015-03-09T00:00:00.000Z,Sold,,,,,,,,,,,,,,,,,,,,
"101 Cedar Creek Loop, Cabot, AR 72023",101 Cedar Creek Loop,,3,1422,,1295,42,https://www.zillow.com/homedetails/101-Cedar-Creek-Loop-Cabot-AR-72023/88905306_zpid/,,,2026-08-27T00:00:00.000Z,Price change,2026-08-06T00:00:00.000Z,Price change,2026-07-30T00:00:00.000Z,Price change,2026-07-23T00:00:00.000Z,Listed for rent,,,,,,,,,,,,,,,,,,,,,,,,,,,,,,,,,,,,,,,,,,,,,,,,
"32 Fortson Dr, Cabot, AR 72023",32 Fortson Dr,,3,1064,,875,12,https://www.zillow.com/homedetails/32-Fortson-Dr-Cabot-AR-72023/63161011_zpid/,,750000,2026-08-22T00:00:00.000Z,Listed for rent,2024-02-17T00:00:00.000Z,Listing removed,2024-02-03T00:00:00.000Z,Listed for rent,2004-08-10T00:00:00.000Z,Sold,,,,,,,,,,,,,,,,,,,,,,,,,,,,,,,,,,,,,,,,,,,,,,,,
"17 Farrah St, Ward, AR 72176",17 Farrah St,,3,1563,,1250,86,https://www.zillow.com/homedetails/17-Farrah-St-Ward-AR-72176/52495486_zpid/,,,2026-06-09T00:00:00.000Z,Listed for rent,2025-05-24T00:00:00.000Z,Listing removed,2025-05-06T00:00:00.000Z,Price change,2025-04-20T00:00:00.000Z,Listed for rent,2017-02-23T00:00:00.000Z,Listing removed,2017-02-17T00:00:00.000Z,Listed for rent,2014-02-28T00:00:00.000Z,Listing removed,2014-02-05T00:00:00.000Z,Price change,2014-01-29T00:00:00.000Z,Price change,2013-12-14T00:00:00.000Z,Price change,2013-11-30T00:00:00.000Z,Listed for sale,2013-10-25T00:00:00.000Z,Listing removed,2013-09-19T00:00:00.000Z,Price change,2013-09-18T00:00:00.000Z,Price change,2013-06-29T00:00:00.000Z,Listed for sale,,,,,,,,,,,,,,,,,,,,,,,,,,
"28 Burns Dr, Cabot, AR 72023",28 Burns Dr,,3,1288,,1350,44,https://www.zillow.com/homedetails/28-Burns-Dr-Cabot-AR-72023/255699_zpid/,,146000,2026-08-31T00:00:00.000Z,Price change,2026-07-21T00:00:00.000Z,Listed for rent,2025-08-07T00:00:00.000Z,Listing removed,2025-07-14T00:00:00.000Z,Price change,2025-07-03T00:00:00.000Z,Listed for rent,2022-06-28T00:00:00.000Z,Sold,2014-11-26T00:00:00.000Z,Sold,2012-06-24T00:00:00.000Z,Listing removed,2012-06-08T00:00:00.000Z,Listed for rent,2011-04-29T00:00:00.000Z,Listing removed,2011-01-27T00:00:00.000Z,Listed for sale,2010-06-04T00:00:00.000Z,Sold,2010-04-29T00:00:00.000Z,Listed for sale,,,,,,,,,,,,,,,,,,,,,,,,,,,,,,
"44 Kirkland Dr, Cabot, AR 72023",44 Kirkland Dr,,3,2077,,1900,153,https://www.zillow.com/homedetails/44-Kirkland-Dr-Cabot-AR-72023/52495420_zpid/,,,2026-04-03T00:00:00.000Z,Listed for rent,2026-04-03T00:00:00.000Z,Listing removed,2026-02-11T00:00:00.000Z,Listed for rent,2025-09-22T00:00:00.000Z,Listing removed,2025-08-19T00:00:00.000Z,Listing removed,2025-08-17T00:00:00.000Z,Listed for rent,2025-01-03T00:00:00.000Z,Price change,2024-11-04T00:00:00.000Z,Price change,2024-10-10T00:00:00.000Z,Price change,2024-09-24T00:00:00.000Z,Listed for sale,2015-02-21T00:00:00.000Z,Listing removed,2015-01-28T00:00:00.000Z,Price change,2014-11-18T00:00:00.000Z,Price change,2014-08-30T00:00:00.000Z,Listed for rent,2013-05-18T00:00:00.000Z,Listing removed,2013-04-17T00:00:00.000Z,Listed for rent,2012-10-25T00:00:00.000Z,Listing removed,2012-09-25T00:00:00.000Z,Listed for rent,2012-07-12T00:00:00.000Z,Listing removed,2012-06-12T00:00:00.000Z,Price change,2012-05-25T00:00:00.000Z,Listed for rent,2011-08-23T00:00:00.000Z,Listing removed,2010-10-08T00:00:00.000Z,Listed for sale,,,,,,,,,,
"142 Weathering Dr, Austin, AR 72007",142 Weathering Dr,,3,1212,,1295,68,https://www.zillow.com/homedetails/142-Weathering-Dr-Austin-AR-72007/99433960_zpid/,,140000,2026-08-29T00:00:00.000Z,Price change,2026-07-20T00:00:00.000Z,Price change,2026-06-27T00:00:00.000Z,Listed for rent,2023-12-14T00:00:00.000Z,Listing removed,2023-11-29T00:00:00.000Z,Listed for rent,2021-10-21T00:00:00.000Z,Sold,2021-09-19T00:00:00.000Z,Contingent,2021-09-17T00:00:00.000Z,Listed for sale,2014-08-25T00:00:00.000Z,Sold,2014-06-22T00:00:00.000Z,Listed for sale,2013-09-05T00:00:00.000Z,Listing removed,2013-08-17T00:00:00.000Z,Listed for rent,,,,,,,,,,,,,,,,,,,,,,,,,,,,,,,,
"34 Shamsie Dr, Ward, AR 72176",34 Shamsie Dr,,3,1264,,1350,70,https://www.zillow.com/homedetails/34-Shamsie-Dr-Ward-AR-72176/99420023_zpid/,,150000,2026-06-25T00:00:00.000Z,Listed for rent,2024-10-09T00:00:00.000Z,Listing removed,2024-09-24T00:00:00.000Z,Listed for rent,2021-12-10T00:00:00.000Z,Sold,2021-11-11T00:00:00.000Z,Listed for sale,2020-06-30T00:00:00.000Z,Sold,2020-05-01T00:00:00.000Z,Listed for sale,2016-02-29T00:00:00.000Z,Sold,2016-01-18T00:00:00.000Z,Pending sale,2015-12-22T00:00:00.000Z,Listed for sale,,,,,,,,,,,,,,,,,,,,,,,,,,,,,,,,,,,,
"73 Timberwood Dr, Cabot, AR 72023",73 Timberwood Dr,,3,1230,,1450,16,https://www.zillow.com/homedetails/73-Timberwood-Dr-Cabot-AR-72023/52495438_zpid/,,161000,2026-08-18T00:00:00.000Z,Listed for rent,2023-08-01T00:00:00.000Z,Listing removed,2023-07-21T00:00:00.000Z,Listed for rent,2023-06-06T00:00:00.000Z,Sold,2023-05-15T00:00:00.000Z,Listed for sale,2017-07-24T00:00:00.000Z,Sold,2017-06-01T00:00:00.000Z,Listed for sale,2016-08-31T00:00:00.000Z,Sold,2016-07-15T00:00:00.000Z,Price change,2016-06-28T00:00:00.000Z,Price change,2016-06-10T00:00:00.000Z,Price change,2016-06-08T00:00:00.000Z,Price change,2016-05-21T00:00:00.000Z,Price change,2016-05-12T00:00:00.000Z,Price change,2016-02-09T00:00:00.000Z,Listed for sale,,,,,,,,,,,,,,,,,,,,,,,,,,
"85 Kyndall Lauren Ln, Cabot, AR 72023",85 Kyndall Lauren Ln,,3,1244,,1450,18,https://www.zillow.com/homedetails/85-Kyndall-Lauren-Ln-Cabot-AR-72023/442588183_zpid/,,179900,2026-08-31T00:00:00.000Z,Price change,2026-07-28T00:00:00.000Z,Listed for rent,2025-04-21T00:00:00.000Z,Sold,2025-03-19T00:00:00.000Z,Contingent,2025-03-07T00:00:00.000Z,Price change,2025-02-28T00:00:00.000Z,Price change,2025-01-25T00:00:00.000Z,Price change,2025-01-20T00:00:00.000Z,Price change,2024-12-27T00:00:00.000Z,Price change,2024-12-10T00:00:00.000Z,Listed for sale,2024-11-20T00:00:00.000Z,Listing removed,2024-11-14T00:00:00.000Z,Listed for sale,,,,,,,,,,,,,,,,,,,,,,,,,,,,,,,,
"512 12th Ave NE, Hickory, NC 28601",512 12th Ave NE,,3,1334,,1595,52,https://www.zillow.com/homedetails/512-12th-Ave-NE-Hickory-NC-28601/463832995_zpid/,,,2026-07-13T00:00:00.000Z,Listed for rent,,,,,,,,,,,,,,,,,,,,,,,,,,,,,,,,,,,,,,,,,,,,,,,,,,,,,,
"74 Earnhardt Cir, Cabot, AR 72023",74 Earnhardt Cir,,3,1910,,1700,57,https://www.zillow.com/homedetails/74-Earnhardt-Cir-Cabot-AR-72023/114172966_zpid/,,173941,2026-08-28T00:00:00.000Z,Price change,2026-07-08T00:00:00.000Z,Listed for rent,2025-08-22T00:00:00.000Z,Listing removed,2025-08-20T00:00:00.000Z,Listing removed,2025-07-28T00:00:00.000Z,Listed for rent,2025-07-21T00:00:00.000Z,Listed for sale,2020-08-18T00:00:00.000Z,Listing removed,2020-08-07T00:00:00.000Z,Price change,2020-06-09T00:00:00.000Z,Listed for sale,2020-02-07T00:00:00.000Z,Listing removed,2020-01-31T00:00:00.000Z,Listed for rent,2020-01-31T00:00:00.000Z,Listing removed,2019-08-01T00:00:00.000Z,Listed for sale,2015-10-09T00:00:00.000Z,Listing removed,2015-09-09T00:00:00.000Z,Listed for rent,2013-07-26T00:00:00.000Z,Sold,,,,,,,,,,,,,,,,,,,,,,,,
"209 N Madison St, Cabot, AR 72023",209 N Madison St,,3,1524,,1895,55,https://www.zillow.com/homedetails/209-N-Madison-St-Cabot-AR-72023/439267452_zpid/,,,2026-07-10T00:00:00.000Z,Listed for rent,2025-06-24T00:00:00.000Z,Listing removed,2025-06-19T00:00:00.000Z,Listed for rent,2025-06-19T00:00:00.000Z,Listing removed,2025-04-10T00:00:00.000Z,Price change,2025-03-05T00:00:00.000Z,Listed for rent,2025-03-05T00:00:00.000Z,Listing removed,2025-03-04T00:00:00.000Z,Listed for rent,2025-03-03T00:00:00.000Z,Listing removed,2025-02-28T00:00:00.000Z,Listed for rent,2024-12-28T00:00:00.000Z,Listing removed,2024-12-04T00:00:00.000Z,Price change,2024-09-23T00:00:00.000Z,Listing removed,2024-09-21T00:00:00.000Z,Price change,2024-09-17T00:00:00.000Z,Price change,2024-09-11T00:00:00.000Z,Listed for rent,2024-08-21T00:00:00.000Z,Listed for sale,,,,,,,,,,,,,,,,,,,,,,
"807 S Main, Benton, AR 72015",807 S Main,,3,1288,,1300,59,https://www.zillow.com/homedetails/807-S-Main-Benton-AR-72015/382019_zpid/,,109900,2026-07-31T00:00:00.000Z,Price change,2026-07-27T00:00:00.000Z,Price change,2026-07-06T00:00:00.000Z,Listed for rent,2020-04-16T00:00:00.000Z,Sold,2020-04-06T00:00:00.000Z,Listing removed,2020-04-02T00:00:00.000Z,Price change,2020-02-17T00:00:00.000Z,Listed for rent,2019-10-19T00:00:00.000Z,Listing removed,2019-10-18T00:00:00.000Z,Price change,2019-10-16T00:00:00.000Z,Price change,2019-10-11T00:00:00.000Z,Price change,2019-10-09T00:00:00.000Z,Price change,2019-10-07T00:00:00.000Z,Price change,2019-10-04T00:00:00.000Z,Price change,2019-10-02T00:00:00.000Z,Price change,2019-09-30T00:00:00.000Z,Price change,2019-09-28T00:00:00.000Z,Listed for sale,2019-09-27T00:00:00.000Z,Sold,2019-09-23T00:00:00.000Z,Price change,2019-09-21T00:00:00.000Z,Price change,2019-09-18T00:00:00.000Z,Price change,2019-09-16T00:00:00.000Z,Price change,2019-09-14T00:00:00.000Z,Price change,2019-09-11T00:00:00.000Z,Price change,2019-09-07T00:00:00.000Z,Price change,2019-08-31T00:00:00.000Z,Price change,2019-08-29T00:00:00.000Z,Listed for sale,2009-03-31T00:00:00.000Z,Sold
"5813 Heritage Heights Dr, Benton, AR 72019",5813 Heritage Heights Dr,,4,1792,,1695,91,https://www.zillow.com/homedetails/5813-Heritage-Heights-Dr-Benton-AR-72019/71715692_zpid/,,199000,2026-08-27T00:00:00.000Z,Price change,2026-08-12T00:00:00.000Z,Price change,2026-07-29T00:00:00.000Z,Price change,2026-07-15T00:00:00.000Z,Price change,2026-06-04T00:00:00.000Z,Listed for rent,2024-04-06T00:00:00.000Z,Listing removed,2024-03-28T00:00:00.000Z,Listed for rent,2023-07-05T00:00:00.000Z,Listing removed,2023-06-23T00:00:00.000Z,Listed for rent,2022-05-23T00:00:00.000Z,Listing removed,2022-05-17T00:00:00.000Z,Listed for rent,2022-02-23T00:00:00.000Z,Listing removed,2022-02-04T00:00:00.000Z,Price change,2021-12-21T00:00:00.000Z,Listed for rent,2021-11-17T00:00:00.000Z,Sold,2021-11-12T00:00:00.000Z,Contingent,2021-10-13T00:00:00.000Z,Listed for sale,2016-02-17T00:00:00.000Z,Sold,2014-10-06T00:00:00.000Z,Listing removed,2014-07-21T00:00:00.000Z,Price change,2013-10-18T00:00:00.000Z,Listed for sale,,,,,,,,,,,,,,
"6056 Orange Valley Cv, Mabelvale, AR 72103",6056 Orange Valley Cv,,4,1537,,1675,31,https://www.zillow.com/homedetails/6056-Orange-Valley-Cv-Mabelvale-AR-72103/463591455_zpid/,,,2026-07-01T00:00:00.000Z,Listed for rent,,,,,,,,,,,,,,,,,,,,,,,,,,,,,,,,,,,,,,,,,,,,,,,,,,,,,,
"6673 Hollywood Ave, Benton, AR 72019",6673 Hollywood Ave,,4,2250,,1695,75,https://www.zillow.com/homedetails/6673-Hollywood-Ave-Benton-AR-72019/461413230_zpid/,,215900,2026-08-27T00:00:00.000Z,Price change,2026-08-13T00:00:00.000Z,Price change,2026-07-22T00:00:00.000Z,Price change,2026-07-07T00:00:00.000Z,Price change,2026-06-20T00:00:00.000Z,Listed for rent,2026-05-28T00:00:00.000Z,Sold,2026-04-30T00:00:00.000Z,Contingent,2026-03-31T00:00:00.000Z,Listed for sale,,,,,,,,,,,,,,,,,,,,,,,,,,,,,,,,,,,,,,,,
"6049 Orange Valley Cv, Alexander, AR 72002",6049 Orange Valley Cv,,3,1340,,1525,28,https://www.zillow.com/homedetails/6049-Orange-Valley-Cv-Alexander-AR-72002/2083908811_zpid/,,,2026-09-01T00:00:00.000Z,Price change,2026-08-11T00:00:00.000Z,Price change,2026-08-06T00:00:00.000Z,Listed for rent,2026-07-08T00:00:00.000Z,Listing removed,2026-06-03T00:00:00.000Z,Listed for rent,2023-03-22T00:00:00.000Z,Listing removed,2023-03-07T00:00:00.000Z,Price change,2023-02-15T00:00:00.000Z,Listed for rent,2019-07-09T00:00:00.000Z,Listing removed,2019-06-24T00:00:00.000Z,Price change,2019-06-19T00:00:00.000Z,Listed for rent,,,,,,,,,,,,,,,,,,,,,,,,,,,,,,,,,,
"4540 Thompson St, Conway, AR 72034",4540 Thompson St,,3,1195,,1450,8,https://www.zillow.com/homedetails/4540-Thompson-St-Conway-AR-72034/52392329_zpid/,,110000,2026-08-26T00:00:00.000Z,Listed for rent,2024-05-02T00:00:00.000Z,Listing removed,2024-04-25T00:00:00.000Z,Listed for rent,2022-08-10T00:00:00.000Z,Listing removed,2022-07-30T00:00:00.000Z,Listed for rent,2021-08-09T00:00:00.000Z,Listing removed,2021-08-04T00:00:00.000Z,Listed for rent,2012-06-11T00:00:00.000Z,Sold,2011-02-21T00:00:00.000Z,Sold,2003-05-13T00:00:00.000Z,Sold,,,,,,,,,,,,,,,,,,,,,,,,,,,,,,,,,,,,
"2512 College Ave, Conway, AR 72034",2512 College Ave,,3,1530,,1450,1,https://www.zillow.com/homedetails/2512-College-Ave-Conway-AR-72034/236626_zpid/,,354000,2026-09-02T00:00:00.000Z,Listed for rent,2025-11-11T00:00:00.000Z,Listing removed,2025-10-27T00:00:00.000Z,Listed for rent,2025-01-02T00:00:00.000Z,Listing removed,2023-12-21T00:00:00.000Z,Listing removed,2023-12-13T00:00:00.000Z,Listed for rent,2015-04-27T00:00:00.000Z,Sold,1998-06-08T00:00:00.000Z,Sold,,,,,,,,,,,,,,,,,,,,,,,,,,,,,,,,,,,,,,,,
"175 Southerland Rd, Conway, AR 72032",175 Southerland Rd,,3,1532,,1650,1,https://www.zillow.com/homedetails/175-Southerland-Rd-Conway-AR-72032/35730518_zpid/,,165000,2026-09-02T00:00:00.000Z,Listed for rent,2025-07-03T00:00:00.000Z,Listing removed,2025-06-23T00:00:00.000Z,Listed for rent,2024-06-07T00:00:00.000Z,Listing removed,2024-05-25T00:00:00.000Z,Listed for rent,2022-05-09T00:00:00.000Z,Listing removed,2022-04-18T00:00:00.000Z,Listed for rent,2022-04-06T00:00:00.000Z,Sold,2022-02-18T00:00:00.000Z,Contingent,2022-02-03T00:00:00.000Z,Listed for sale,2020-07-20T00:00:00.000Z,Listing removed,2020-07-17T00:00:00.000Z,Listed for sale,2018-02-03T00:00:00.000Z,Listing removed,2017-12-31T00:00:00.000Z,Listed for rent,2015-07-20T00:00:00.000Z,Sold,2015-06-17T00:00:00.000Z,Pending sale,2015-05-02T00:00:00.000Z,Listed for sale,2015-01-01T00:00:00.000Z,Listing removed,2014-06-19T00:00:00.000Z,Listed for sale,2006-09-26T00:00:00.000Z,Sold,,,,,,,,,,,,,,,,
"34 Woodhaven Dr, Cabot, AR 72023",34 Woodhaven Dr,,3,1305,,1650,28,https://www.zillow.com/homedetails/34-Woodhaven-Dr-Cabot-AR-72023/338206710_zpid/,,165000,2026-08-07T00:00:00.000Z,Listed for rent,2025-04-03T00:00:00.000Z,Listing removed,2025-03-15T00:00:00.000Z,Price change,2025-02-13T00:00:00.000Z,Price change,2025-02-11T00:00:00.000Z,Listed for rent,2020-11-30T00:00:00.000Z,Sold,2020-10-19T00:00:00.000Z,Sold,,,,,,,,,,,,,,,,,,,,,,,,,,,,,,,,,,,,,,,,,,
"1955 Bellingrath Gdns, Conway, AR 72034",1955 Bellingrath Gdns,,3,1752,,2000,2,https://www.zillow.com/homedetails/1955-Bellingrath-Gdns-Conway-AR-72034/119403911_zpid/,,199900,2026-09-01T00:00:00.000Z,Listed for rent,2025-09-17T00:00:00.000Z,Listing removed,2025-09-05T00:00:00.000Z,Price change,2025-08-27T00:00:00.000Z,Listed for rent,2025-05-28T00:00:00.000Z,Listing removed,2025-05-09T00:00:00.000Z,Listed for rent,2024-01-01T00:00:00.000Z,Listing removed,2023-12-15T00:00:00.000Z,Listed for rent,2018-04-02T00:00:00.000Z,Sold,2018-02-03T00:00:00.000Z,Listed for sale,2016-07-01T00:00:00.000Z,Listing removed,2015-10-23T00:00:00.000Z,Price change,2015-09-29T00:00:00.000Z,Listed for sale,,,,,,,,,,,,,,,,,,,,,,,,,,,,,,
"4640 Oregon Trl, Conway, AR 72034",4640 Oregon Trl,,3,1482,,1800,15,https://www.zillow.com/homedetails/4640-Oregon-Trl-Conway-AR-72034/35730645_zpid/,,250000,2026-08-19T00:00:00.000Z,Listed for rent,2026-02-25T00:00:00.000Z,Listing removed,2026-02-10T00:00:00.000Z,Listed for rent,2025-10-31T00:00:00.000Z,Sold,2025-10-23T00:00:00.000Z,Contingent,2025-09-12T00:00:00.000Z,Price change,2025-08-21T00:00:00.000Z,Listed for sale,2021-11-15T00:00:00.000Z,Sold,2021-10-11T00:00:00.000Z,Pending sale,2021-10-11T00:00:00.000Z,Contingent,2021-10-05T00:00:00.000Z,Listed for sale,2021-03-24T00:00:00.000Z,Listing removed,2017-06-02T00:00:00.000Z,Sold,2017-03-21T00:00:00.000Z,Listed for sale,2015-07-07T00:00:00.000Z,Sold,2015-05-28T00:00:00.000Z,Listed for sale,2015-04-16T00:00:00.000Z,Listing removed,2014-12-26T00:00:00.000Z,Listed for sale,,,,,,,,,,,,,,,,,,,,
"125 Old Red Rd, Ward, AR 72176",125 Old Red Rd,,3,1280,,1000,0,https://www.zillow.com/homedetails/125-Old-Red-Rd-Ward-AR-72176/99434787_zpid/,,,2026-09-03T00:00:00.000Z,Listed for rent,2026-06-01T00:00:00.000Z,Listing removed,2026-05-19T00:00:00.000Z,Listed for rent,2026-04-20T00:00:00.000Z,Listing removed,2026-03-26T00:00:00.000Z,Listed for rent,2025-10-29T00:00:00.000Z,Listing removed,2025-10-06T00:00:00.000Z,Price change,2025-01-16T00:00:00.000Z,Listed for rent,2021-03-24T00:00:00.000Z,Listing removed,2018-02-28T00:00:00.000Z,Listing removed,2018-02-26T00:00:00.000Z,Listed for rent,,,,,,,,,,,,,,,,,,,,,,,,,,,,,,,,,,
"4332 Sloan Dr, Alexander, AR 72002",4332 Sloan Dr,,4,2112,,2255,37,https://www.zillow.com/homedetails/4332-Sloan-Dr-Alexander-AR-72002/464195265_zpid/,,,2026-08-09T00:00:00.000Z,Listed for rent,,,,,,,,,,,,,,,,,,,,,,,,,,,,,,,,,,,,,,,,,,,,,,,,,,,,,,
"26 Stonewood Dr, Cabot, AR 72023",26 Stonewood Dr,,3,1698,,1900,10,https://www.zillow.com/homedetails/26-Stonewood-Dr-Cabot-AR-72023/55151081_zpid/,,157000,2026-08-24T00:00:00.000Z,Listed for rent,2026-04-27T00:00:00.000Z,Sold,2025-11-06T00:00:00.000Z,Listing removed,2025-10-20T00:00:00.000Z,Price change,2025-09-18T00:00:00.000Z,Listed for sale,2018-02-05T00:00:00.000Z,Listing removed,2017-09-28T00:00:00.000Z,Price change,2017-09-12T00:00:00.000Z,Listed for sale,2014-11-09T00:00:00.000Z,Listing removed,2014-08-01T00:00:00.000Z,Listed for sale,2012-03-12T00:00:00.000Z,Listing removed,2012-02-02T00:00:00.000Z,Listed for sale,,,,,,,,,,,,,,,,,,,,,,,,,,,,,,,,
"26 Alexis Dr, Cabot, AR 72023",26 Alexis Dr,,3,1288,,1425,1,https://www.zillow.com/homedetails/26-Alexis-Dr-Cabot-AR-72023/255240_zpid/,,152900,2026-09-02T00:00:00.000Z,Listed for rent,2026-09-01T00:00:00.000Z,Listing removed,2026-08-11T00:00:00.000Z,Price change,2026-07-29T00:00:00.000Z,Price change,2026-07-14T00:00:00.000Z,Listed for rent,2023-05-31T00:00:00.000Z,Listing removed,2023-05-17T00:00:00.000Z,Listed for rent,2023-03-10T00:00:00.000Z,Sold,2023-02-09T00:00:00.000Z,Contingent,2023-02-07T00:00:00.000Z,Listed for sale,2014-11-14T00:00:00.000Z,Sold,,,,,,,,,,,,,,,,,,,,,,,,,,,,,,,,,,
"153 Harwill, Hensley, AR 72065",153 Harwill,,4,2359,,2500,24,https://www.zillow.com/homedetails/153-Harwill-Hensley-AR-72065/2082362397_zpid/,,,2026-08-10T00:00:00.000Z,Listed for rent,2025-08-04T00:00:00.000Z,Listing removed,2025-07-01T00:00:00.000Z,Listed for rent,2025-06-30T00:00:00.000Z,Listing removed,2025-06-09T00:00:00.000Z,Listed for rent,2019-11-13T00:00:00.000Z,Listing removed,2019-10-15T00:00:00.000Z,Listed for rent,,,,,,,,,,,,,,,,,,,,,,,,,,,,,,,,,,,,,,,,,,
"40 Ridge Trl, Sherwood, AR 72120",40 Ridge Trl,,3,2200,,2100,13,https://www.zillow.com/homedetails/40-Ridge-Trl-Sherwood-AR-72120/232839_zpid/,,230600,2026-08-31T00:00:00.000Z,Price change,2026-08-21T00:00:00.000Z,Listed for rent,2026-08-12T00:00:00.000Z,Listing removed,2026-07-20T00:00:00.000Z,Listed for rent,2026-06-17T00:00:00.000Z,Listing removed,2026-06-02T00:00:00.000Z,Price change,2025-09-19T00:00:00.000Z,Price change,2025-07-22T00:00:00.000Z,Price change,2025-06-24T00:00:00.000Z,Price change,2025-04-15T00:00:00.000Z,Price change,2025-03-14T00:00:00.000Z,Price change,2025-02-27T00:00:00.000Z,Listed for rent,2014-10-03T00:00:00.000Z,Sold,2001-09-05T00:00:00.000Z,Sold,,,,,,,,,,,,,,,,,,,,,,,,,,,,
"1415 Pyramid Dr, Conway, AR 72034",1415 Pyramid Dr,,3,1141,,1400,6,https://www.zillow.com/homedetails/1415-Pyramid-Dr-Conway-AR-72034/35730337_zpid/,,178000,2026-08-28T00:00:00.000Z,Listed for rent,2026-03-20T00:00:00.000Z,Sold,2023-06-08T00:00:00.000Z,Listing removed,2023-05-23T00:00:00.000Z,Listed for rent,2023-05-11T00:00:00.000Z,Listing removed,2023-05-08T00:00:00.000Z,Listed for rent,,,,,,,,,,,,,,,,,,,,,,,,,,,,,,,,,,,,,,,,,,,,
"1504 McCurdy, Benton, AR 72019",1504 McCurdy,,4,1725,,1750,24,https://www.zillow.com/homedetails/1504-McCurdy-Benton-AR-72019/388159_zpid/,,21500,2026-08-23T00:00:00.000Z,Price change,2026-08-15T00:00:00.000Z,Price change,2026-08-11T00:00:00.000Z,Listed for rent,2022-12-09T00:00:00.000Z,Listing removed,2022-12-05T00:00:00.000Z,Listed for rent,2017-02-06T00:00:00.000Z,Listing removed,2017-01-19T00:00:00.000Z,Listed for rent,2015-11-02T00:00:00.000Z,Listing removed,2015-10-14T00:00:00.000Z,Listed for sale,2015-09-10T00:00:00.000Z,Listing removed,2015-08-31T00:00:00.000Z,Listed for sale,2015-02-17T00:00:00.000Z,Sold,2014-03-05T00:00:00.000Z,Sold,2013-07-03T00:00:00.000Z,Sold,,,,,,,,,,,,,,,,,,,,,,,,,,,,
"201 Oliver St, Conway, AR 72034",201 Oliver St,,3,1456,,1450,22,https://www.zillow.com/homedetails/201-Oliver-St-Conway-AR-72034/235449_zpid/,,149000,2026-08-12T00:00:00.000Z,Listed for rent,2024-07-23T00:00:00.000Z,Listing removed,2024-07-02T00:00:00.000Z,Listed for rent,2022-04-29T00:00:00.000Z,Listing removed,2022-04-28T00:00:00.000Z,Listed for rent,2022-04-15T00:00:00.000Z,Listing removed,2022-03-31T00:00:00.000Z,Listed for rent,2010-07-14T00:00:00.000Z,Sold,,,,,,,,,,,,,,,,,,,,,,,,,,,,,,,,,,,,,,,,
"203 Glen Oaks Dr, Benton, AR 72015",203 Glen Oaks Dr,,4,1270,,1295,43,https://www.zillow.com/homedetails/203-Glen-Oaks-Dr-Benton-AR-72015/2066535046_zpid/,,,2026-08-14T00:00:00.000Z,Price change,2026-08-12T00:00:00.000Z,Listed for rent,2026-07-30T00:00:00.000Z,Listing removed,2026-07-22T00:00:00.000Z,Listed for rent,2026-03-06T00:00:00.000Z,Listing removed,2026-02-26T00:00:00.000Z,Price change,2026-02-21T00:00:00.000Z,Price change,2026-02-11T00:00:00.000Z,Price change,2026-01-22T00:00:00.000Z,Listed for rent,2024-07-12T00:00:00.000Z,Listing removed,2024-07-12T00:00:00.000Z,Price change,2024-07-02T00:00:00.000Z,Price change,2024-06-06T00:00:00.000Z,Listed for rent,2022-11-09T00:00:00.000Z,Listing removed,2022-11-07T00:00:00.000Z,Listed for rent,2022-06-15T00:00:00.000Z,Listing removed,2022-05-30T00:00:00.000Z,Listed for rent,2022-03-04T00:00:00.000Z,Listing removed,2022-02-17T00:00:00.000Z,Price change,2022-02-04T00:00:00.000Z,Listed for rent,,,,,,,,,,,,,,,,
"351 Meadow Creek Dr, Haskell, AR 72015",351 Meadow Creek Dr,,3,1625,,1650,27,https://www.zillow.com/homedetails/351-Meadow-Creek-Dr-Haskell-AR-72015/92428597_zpid/,,139900,2026-08-07T00:00:00.000Z,Listed for rent,2024-09-13T00:00:00.000Z,Listing removed,2024-07-17T00:00:00.000Z,Listed for rent,2022-10-26T00:00:00.000Z,Listing removed,2022-10-15T00:00:00.000Z,Price change,2022-10-04T00:00:00.000Z,Price change,2022-08-28T00:00:00.000Z,Price change,2022-08-25T00:00:00.000Z,Listed for rent,2018-10-05T00:00:00.000Z,Sold,2018-08-13T00:00:00.000Z,Listed for sale,2016-04-28T00:00:00.000Z,Sold,2010-02-10T00:00:00.000Z,Sold,,,,,,,,,,,,,,,,,,,,,,,,,,,,,,,,
"905 Pheasant Cv, Benton, AR 72019",905 Pheasant Cv,,3,1415,,1595,0,https://www.zillow.com/homedetails/905-Pheasant-Cv-Benton-AR-72019/385747_zpid/,,158000,2026-09-03T00:00:00.000Z,Listed for rent,2022-05-16T00:00:00.000Z,Listing removed,2022-04-20T00:00:00.000Z,Price change,2022-04-14T00:00:00.000Z,Price change,2022-04-06T00:00:00.000Z,Price change,2022-03-22T00:00:00.000Z,Listed for rent,2022-02-01T00:00:00.000Z,Sold,2022-01-21T00:00:00.000Z,Contingent,2022-01-19T00:00:00.000Z,Listed for sale,,,,,,,,,,,,,,,,,,,,,,,,,,,,,,,,,,,,,,
"17 Big Oak Rd, Vilonia, AR 72032",17 Big Oak Rd,,3,1357,,1100,4,https://www.zillow.com/homedetails/17-Big-Oak-Rd-Vilonia-AR-72032/230936_zpid/,,120000,2026-08-30T00:00:00.000Z,Listed for rent,2021-12-10T00:00:00.000Z,Sold,2021-11-05T00:00:00.000Z,Contingent,2021-11-04T00:00:00.000Z,Listed for sale,,,,,,,,,,,,,,,,,,,,,,,,,,,,,,,,,,,,,,,,,,,,,,,,
"2 Hawthorne Dr, Conway, AR 72034",2 Hawthorne Dr,,3,1408,,1700,41,https://www.zillow.com/homedetails/2-Hawthorne-Dr-Conway-AR-72034/237001_zpid/,,102000,2026-08-27T00:00:00.000Z,Price change,2026-07-24T00:00:00.000Z,Listed for rent,2014-07-29T00:00:00.000Z,Sold,2014-05-16T00:00:00.000Z,Price change,2014-02-28T00:00:00.000Z,Listed for sale,2014-01-01T00:00:00.000Z,Listing removed,2013-10-29T00:00:00.000Z,Price change,2013-10-04T00:00:00.000Z,Price change,2013-08-08T00:00:00.000Z,Listed for sale,2011-08-31T00:00:00.000Z,Sold,,,,,,,,,,,,,,,,,,,,,,,,,,,,,,,,,,,,
"15 Leruss Blvd, Cabot, AR 72023",15 Leruss Blvd,,,,,,,https://www.zillow.com/b/15-leruss-blvd-cabot-ar-CkhJp8/,,,,,,,,,,,,,,,,,,,,,,,,,,,,,,,,,,,,,,,,,,,,,,,,,,,,,,,,,,
"1306 Bellemeade Dr, Conway, AR 72034",1306 Bellemeade Dr,,3,2220,,1775,21,https://www.zillow.com/homedetails/1306-Bellemeade-Dr-Conway-AR-72034/234155_zpid/,,89090,2026-08-13T00:00:00.000Z,Listed for rent,2025-06-20T00:00:00.000Z,Listing removed,2025-05-09T00:00:00.000Z,Listed for rent,2017-12-01T00:00:00.000Z,Listing removed,2017-08-20T00:00:00.000Z,Price change,2017-05-31T00:00:00.000Z,Listed for sale,2013-10-16T00:00:00.000Z,Listing removed,2013-07-18T00:00:00.000Z,Listed for sale,2013-04-01T00:00:00.000Z,Sold,2012-06-28T00:00:00.000Z,Sold,,,,,,,,,,,,,,,,,,,,,,,,,,,,,,,,,,,,
"1810 Rich Smith Ln, Conway, AR 72032",1810 Rich Smith Ln,,3,2310,,2500,38,https://www.zillow.com/homedetails/1810-Rich-Smith-Ln-Conway-AR-72032/102992676_zpid/,,,2026-07-27T00:00:00.000Z,Price change,2026-06-22T00:00:00.000Z,Price change,2026-04-22T00:00:00.000Z,Price change,2026-01-07T00:00:00.000Z,Listed for rent,,,,,,,,,,,,,,,,,,,,,,,,,,,,,,,,,,,,,,,,,,,,,,,,
"4533 Western Woods Dr, Benton, AR 72015",4533 Western Woods Dr,,4,1984,,1845,6,https://www.zillow.com/homedetails/4533-Western-Woods-Dr-Benton-AR-72015/2061640122_zpid/,,313100,2026-08-29T00:00:00.000Z,Listed for rent,2025-08-14T00:00:00.000Z,Listing removed,2025-07-15T00:00:00.000Z,Listed for rent,2023-03-31T00:00:00.000Z,Sold,2022-11-09T00:00:00.000Z,Price change,2022-10-21T00:00:00.000Z,Listed for sale,2022-10-21T00:00:00.000Z,Listing removed,2022-09-08T00:00:00.000Z,Listed for sale,,,,,,,,,,,,,,,,,,,,,,,,,,,,,,,,,,,,,,,,
"2845 York Ln, Conway, AR 72034",2845 York Ln,,3,1600,,1595,6,https://www.zillow.com/homedetails/2845-York-Ln-Conway-AR-72034/63265218_zpid/,,245000,2026-08-28T00:00:00.000Z,Listed for rent,2025-07-18T00:00:00.000Z,Listing removed,2025-07-07T00:00:00.000Z,Listed for rent,2024-10-26T00:00:00.000Z,Listing removed,2024-10-14T00:00:00.000Z,Listed for rent,2023-12-08T00:00:00.000Z,Sold,2023-11-06T00:00:00.000Z,Contingent,2023-10-12T00:00:00.000Z,Price change,2023-09-25T00:00:00.000Z,Listed for sale,2017-01-13T00:00:00.000Z,Sold,2016-12-01T00:00:00.000Z,Price change,2016-11-23T00:00:00.000Z,Price change,2016-11-11T00:00:00.000Z,Listed for sale,2012-12-03T00:00:00.000Z,Sold,2012-09-12T00:00:00.000Z,Listed for sale,2009-11-05T00:00:00.000Z,Sold,,,,,,,,,,,,,,,,,,,,,,,,
"13757 Cedar Glen Cv, Alexander, AR 72002",13757 Cedar Glen Cv,,3,1408,,1575,8,https://www.zillow.com/homedetails/13757-Cedar-Glen-Cv-Alexander-AR-72002/92432562_zpid/,,124900,2026-08-26T00:00:00.000Z,Listed for rent,2017-02-19T00:00:00.000Z,Listing removed,2017-01-26T00:00:00.000Z,Listed for rent,2007-07-18T00:00:00.000Z,Sold,2007-01-31T00:00:00.000Z,Sold,,,,,,,,,,,,,,,,,,,,,,,,,,,,,,,,,,,,,,,,,,,,,,
"4660 Graham Dr, Conway, AR 72034",4660 Graham Dr,,3,1172,,1400,14,https://www.zillow.com/homedetails/4660-Graham-Dr-Conway-AR-72034/59917937_zpid/,,109000,2026-08-20T00:00:00.000Z,Listed for rent,2023-05-19T00:00:00.000Z,Listing removed,2023-05-18T00:00:00.000Z,Listed for rent,2009-06-22T00:00:00.000Z,Sold,,,,,,,,,,,,,,,,,,,,,,,,,,,,,,,,,,,,,,,,,,,,,,,,
"424 Ables Loop, Ward, AR 72176",424 Ables Loop,,3,1280,,1400,22,https://www.zillow.com/homedetails/424-Ables-Loop-Ward-AR-72176/67447121_zpid/,,,2026-08-12T00:00:00.000Z,Listed for rent,2025-10-01T00:00:00.000Z,Listing removed,2025-08-06T00:00:00.000Z,Listed for rent,,,,,,,,,,,,,,,,,,,,,,,,,,,,,,,,,,,,,,,,,,,,,,,,,,
"227 Iris St, Haskell, AR 72015",227 Iris St,,3,1420,,1725,38,https://www.zillow.com/homedetails/227-Iris-St-Haskell-AR-72015/2060765172_zpid/,,195000,2026-08-27T00:00:00.000Z,Price change,2026-07-27T00:00:00.000Z,Listed for rent,2023-02-16T00:00:00.000Z,Listing removed,2023-02-08T00:00:00.000Z,Price change,2023-01-26T00:00:00.000Z,Price change,2022-12-09T00:00:00.000Z,Listed for rent,2022-11-10T00:00:00.000Z,Sold,,,,,,,,,,,,,,,,,,,,,,,,,,,,,,,,,,,,,,,,,,
"2530 Peabody Dr, Conway, AR 72032",2530 Peabody Dr,,3,1271,,1500,19,https://www.zillow.com/homedetails/2530-Peabody-Dr-Conway-AR-72032/239829_zpid/,,199000,2026-08-15T00:00:00.000Z,Listed for rent,2025-07-28T00:00:00.000Z,Sold,2025-06-29T00:00:00.000Z,Contingent,2025-06-28T00:00:00.000Z,Listed for sale,2014-12-23T00:00:00.000Z,Sold,2013-09-19T00:00:00.000Z,Sold,2013-06-28T00:00:00.000Z,Listed for sale,2012-12-14T00:00:00.000Z,Listing removed,2012-10-15T00:00:00.000Z,Listed for sale,,,,,,,,,,,,,,,,,,,,,,,,,,,,,,,,,,,,,,
"4555 Graham Dr, Conway, AR 72034",4555 Graham Dr,,3,1192,,1400,21,https://www.zillow.com/homedetails/4555-Graham-Dr-Conway-AR-72034/59917944_zpid/,,185000,2026-08-13T00:00:00.000Z,Listed for rent,2024-10-02T00:00:00.000Z,Listing removed,2024-09-23T00:00:00.000Z,Listed for rent,2023-07-28T00:00:00.000Z,Sold,2023-06-28T00:00:00.000Z,Contingent,2023-06-28T00:00:00.000Z,Listed for sale,2021-03-24T00:00:00.000Z,Listing removed,2016-11-28T00:00:00.000Z,Listing removed,2016-11-28T00:00:00.000Z,Listed for sale,2016-09-29T00:00:00.000Z,Sold,2016-09-06T00:00:00.000Z,Pending sale,2016-07-30T00:00:00.000Z,Price change,2016-07-21T00:00:00.000Z,Listed for sale,2011-06-21T00:00:00.000Z,Sold,2005-10-20T00:00:00.000Z,Sold,,,,,,,,,,,,,,,,,,,,,,,,,,
"1267 Hamilton St, Conway, AR 72032",1267 Hamilton St,,3,1056,,1233,15,https://www.zillow.com/homedetails/1267-Hamilton-St-Conway-AR-72032/234905_zpid/,,52000,2026-08-20T00:00:00.000Z,Listed for rent,2024-09-19T00:00:00.000Z,Listing removed,2024-09-17T00:00:00.000Z,Price change,2024-09-15T00:00:00.000Z,Price change,2024-09-13T00:00:00.000Z,Listed for rent,2022-12-30T00:00:00.000Z,Listing removed,2022-12-17T00:00:00.000Z,Price change,2022-12-03T00:00:00.000Z,Price change,2022-11-22T00:00:00.000Z,Price change,2022-11-08T00:00:00.000Z,Listed for rent,2022-11-04T00:00:00.000Z,Listing removed,2022-10-28T00:00:00.000Z,Price change,2022-09-30T00:00:00.000Z,Listed for sale,2021-12-14T00:00:00.000Z,Sold,2015-03-20T00:00:00.000Z,Sold,,,,,,,,,,,,,,,,,,,,,,,,,,
"16 Emerald Cir, Cabot, AR 72023",16 Emerald Cir,,3,1959,,1850,50,https://www.zillow.com/homedetails/16-Emerald-Cir-Cabot-AR-72023/254439_zpid/,,3400000,2026-08-19T00:00:00.000Z,Price change,2026-07-25T00:00:00.000Z,Price change,2026-07-16T00:00:00.000Z,Listed for rent,2015-04-15T00:00:00.000Z,Sold,,,,,,,,,,,,,,,,,,,,,,,,,,,,,,,,,,,,,,,,,,,,,,,,
"3264 Sidell Estates Dr, Benton, AR 72015",3264 Sidell Estates Dr,,4,1652,,1795,20,https://www.zillow.com/homedetails/3264-Sidell-Estates-Dr-Benton-AR-72015/2063496322_zpid/,,,2026-08-14T00:00:00.000Z,Listed for rent,2022-07-02T00:00:00.000Z,Listing removed,2022-06-10T00:00:00.000Z,Price change,2022-04-28T00:00:00.000Z,Listed for sale,,,,,,,,,,,,,,,,,,,,,,,,,,,,,,,,,,,,,,,,,,,,,,,,
"1310 Addy Brook St, Conway, AR 72032",1310 Addy Brook St,,3,1422,,1600,19,https://www.zillow.com/homedetails/1310-Addy-Brook-St-Conway-AR-72032/82287140_zpid/,,143000,2026-08-28T00:00:00.000Z,Price change,2026-08-15T00:00:00.000Z,Listed for rent,2017-12-05T00:00:00.000Z,Sold,2017-05-19T00:00:00.000Z,Sold,,,,,,,,,,,,,,,,,,,,,,,,,,,,,,,,,,,,,,,,,,,,,,,,
"2 S Hampton Cv, Conway, AR 72034",2 S Hampton Cv,,3,1680,,1700,10,https://www.zillow.com/homedetails/2-S-Hampton-Cv-Conway-AR-72034/234006_zpid/,,244000,2026-08-24T00:00:00.000Z,Listed for rent,2022-12-20T00:00:00.000Z,Sold,2022-11-28T00:00:00.000Z,Contingent,2022-11-22T00:00:00.000Z,Price change,2022-11-17T00:00:00.000Z,Listed for sale,2022-08-15T00:00:00.000Z,Listing removed,2022-08-13T00:00:00.000Z,Listed for rent,2021-12-19T00:00:00.000Z,Listing removed,2021-12-10T00:00:00.000Z,Listed for rent,2016-12-09T00:00:00.000Z,Sold,2016-10-18T00:00:00.000Z,Price change,2016-08-15T00:00:00.000Z,Listed for sale,2014-11-03T00:00:00.000Z,Sold,2013-04-17T00:00:00.000Z,Sold,2013-01-26T00:00:00.000Z,Price change,2013-01-09T00:00:00.000Z,Price change,2012-11-23T00:00:00.000Z,Listed for sale,,,,,,,,,,,,,,,,,,,,,,
"2704 Timbermist Cir, Benton, AR 72015",2704 Timbermist Cir,,3,1206,,1495,8,https://www.zillow.com/homedetails/2704-Timbermist-Cir-Benton-AR-72015/386784_zpid/,,180000,2026-08-26T00:00:00.000Z,Listed for rent,2026-01-22T00:00:00.000Z,Listing removed,2025-12-20T00:00:00.000Z,Listed for rent,2025-07-21T00:00:00.000Z,Listing removed,2025-06-12T00:00:00.000Z,Listed for rent,2023-07-27T00:00:00.000Z,Listing removed,2023-07-12T00:00:00.000Z,Listed for rent,2023-02-24T00:00:00.000Z,Sold,2023-01-20T00:00:00.000Z,Listed for sale,2015-04-03T00:00:00.000Z,Listing removed,2015-02-12T00:00:00.000Z,Listed for sale,,,,,,,,,,,,,,,,,,,,,,,,,,,,,,,,,,
"313 S Neeley St, Benton, AR 72015",313 S Neeley St,,3,1800,,1625,17,https://www.zillow.com/homedetails/313-S-Neeley-St-Benton-AR-72015/2067919637_zpid/,,205000,2026-08-17T00:00:00.000Z,Listed for rent,2025-09-14T00:00:00.000Z,Listing removed,2025-09-02T00:00:00.000Z,Listed for rent,2023-02-17T00:00:00.000Z,Listing removed,2023-01-29T00:00:00.000Z,Listed for rent,2021-11-03T00:00:00.000Z,Listing removed,2021-10-25T00:00:00.000Z,Price change,2021-10-19T00:00:00.000Z,Price change,2021-10-12T00:00:00.000Z,Listed for rent,2021-08-20T00:00:00.000Z,Sold,,,,,,,,,,,,,,,,,,,,,,,,,,,,,,,,,,,,
"21 Willard St, Ward, AR 72176",21 Willard St,,3,1301,,1395,20,https://www.zillow.com/homedetails/21-Willard-St-Ward-AR-72176/55151159_zpid/,,165000,2026-08-14T00:00:00.000Z,Listed for rent,2022-08-08T00:00:00.000Z,Sold,2014-12-24T00:00:00.000Z,Listing removed,2014-11-06T00:00:00.000Z,Price change,2014-10-02T00:00:00.000Z,Listed for rent,2014-04-10T00:00:00.000Z,Listing removed,2014-03-01T00:00:00.000Z,Listed for rent,2014-02-18T00:00:00.000Z,Listing removed,2014-02-07T00:00:00.000Z,Price change,2014-01-09T00:00:00.000Z,Price change,2013-10-25T00:00:00.000Z,Price change,2013-08-24T00:00:00.000Z,Listed for sale,2013-05-23T00:00:00.000Z,Listing removed,2013-04-18T00:00:00.000Z,Price change,2013-03-30T00:00:00.000Z,Price change,2013-03-13T00:00:00.000Z,Price change,2013-02-26T00:00:00.000Z,Price change,2013-02-10T00:00:00.000Z,Listed for sale,2012-07-04T00:00:00.000Z,Listing removed,2012-05-16T00:00:00.000Z,Price change,2012-04-12T00:00:00.000Z,Price change,2012-04-09T00:00:00.000Z,Price change,2012-03-23T00:00:00.000Z,Price change,2012-03-15T00:00:00.000Z,Listed for sale,,,,,,,,
"102 Rosebud Cir, Cabot, AR 72023",102 Rosebud Cir,,3,1277,,1450,34,https://www.zillow.com/homedetails/102-Rosebud-Cir-Cabot-AR-72023/63160774_zpid/,,199000,2026-07-31T00:00:00.000Z,Listed for rent,2024-10-10T00:00:00.000Z,Listing removed,2024-10-09T00:00:00.000Z,Price change,2024-09-26T00:00:00.000Z,Listed for rent,2024-08-23T00:00:00.000Z,Sold,2024-07-15T00:00:00.000Z,Listed for sale,2019-02-08T00:00:00.000Z,Sold,2019-01-11T00:00:00.000Z,Pending sale,2018-12-01T00:00:00.000Z,Price change,2018-09-22T00:00:00.000Z,Price change,2018-08-05T00:00:00.000Z,Listed for sale,,,,,,,,,,,,,,,,,,,,,,,,,,,,,,,,,,
"627 Timberline Rd, Jacksonville, AR 72076",627 Timberline Rd,,3,1305,,1725,48,https://www.zillow.com/homedetails/627-Timberline-Rd-Jacksonville-AR-72076/449592145_zpid/,,,2026-07-17T00:00:00.000Z,Listed for rent,2025-07-17T00:00:00.000Z,Listing removed,2025-07-01T00:00:00.000Z,Price change,2025-05-20T00:00:00.000Z,Listed for rent,2025-04-09T00:00:00.000Z,Listing removed,2025-04-09T00:00:00.000Z,Listed for rent,,,,,,,,,,,,,,,,,,,,,,,,,,,,,,,,,,,,,,,,,,,,
"2250 Wilmington Dr, Conway, AR 72034",2250 Wilmington Dr,,3,1449,,1600,49,https://www.zillow.com/homedetails/2250-Wilmington-Dr-Conway-AR-72034/59917837_zpid/,,141000,2026-07-16T00:00:00.000Z,Listed for rent,2023-03-14T00:00:00.000Z,Listing removed,2023-03-10T00:00:00.000Z,Listed for rent,2020-01-10T00:00:00.000Z,Listing removed,2019-11-04T00:00:00.000Z,Listed for rent,2017-08-31T00:00:00.000Z,Sold,2017-07-31T00:00:00.000Z,Price change,2017-07-17T00:00:00.000Z,Listed for sale,2005-02-23T00:00:00.000Z,Sold,,,,,,,,,,,,,,,,,,,,,,,,,,,,,,,,,,,,,,
"31 Haley Renee Dr, Greenbrier, AR 72058",31 Haley Renee Dr,,3,1527,,1400,29,https://www.zillow.com/homedetails/31-Haley-Renee-Dr-Greenbrier-AR-72058/464349852_zpid/,,,2026-08-05T00:00:00.000Z,Listed for rent,,,,,,,,,,,,,,,,,,,,,,,,,,,,,,,,,,,,,,,,,,,,,,,,,,,,,,
"1067 Huntington Dr, Benton, AR 72019",1067 Huntington Dr,,4,1459,,1545,21,https://www.zillow.com/homedetails/1067-Huntington-Dr-Benton-AR-72019/2061767452_zpid/,,,2026-08-13T00:00:00.000Z,Listed for rent,2024-11-08T00:00:00.000Z,Listing removed,2024-11-05T00:00:00.000Z,Listed for rent,2024-03-22T00:00:00.000Z,Listing removed,2024-02-27T00:00:00.000Z,Listed for rent,2023-02-14T00:00:00.000Z,Listing removed,2023-01-26T00:00:00.000Z,Listed for rent,2022-12-17T00:00:00.000Z,Listing removed,2022-12-01T00:00:00.000Z,Price change,2022-11-11T00:00:00.000Z,Price change,2022-08-26T00:00:00.000Z,Listed for sale,,,,,,,,,,,,,,,,,,,,,,,,,,,,,,,,,,
"677 Joyner Loop, Lonoke, AR 72086",677 Joyner Loop,,3,1280,,900,34,https://www.zillow.com/homedetails/677-Joyner-Loop-Lonoke-AR-72086/99406145_zpid/,,,2026-07-31T00:00:00.000Z,Listed for rent,2021-03-24T00:00:00.000Z,Listing removed,2020-01-24T00:00:00.000Z,Listing removed,2020-01-08T00:00:00.000Z,Listed for rent,2019-04-01T00:00:00.000Z,Listing removed,2019-03-07T00:00:00.000Z,Listed for rent,,,,,,,,,,,,,,,,,,,,,,,,,,,,,,,,,,,,,,,,,,,,
"104 Herald Pl, Cabot, AR 72023",104 Herald Pl,,3,1232,,1095,31,https://www.zillow.com/homedetails/104-Herald-Pl-Cabot-AR-72023/252206_zpid/,,155000,2026-08-03T00:00:00.000Z,Listed for rent,2024-11-23T00:00:00.000Z,Listing removed,2024-11-14T00:00:00.000Z,Listed for rent,2023-12-28T00:00:00.000Z,Listing removed,2023-11-10T00:00:00.000Z,Price change,2023-10-18T00:00:00.000Z,Listed for rent,2022-04-09T00:00:00.000Z,Listing removed,2022-02-16T00:00:00.000Z,Listed for rent,2019-06-20T00:00:00.000Z,Listing removed,2019-05-08T00:00:00.000Z,Listed for rent,2018-08-24T00:00:00.000Z,Listing removed,2018-08-16T00:00:00.000Z,Price change,2018-08-01T00:00:00.000Z,Listed for rent,2017-12-07T00:00:00.000Z,Listing removed,2017-10-14T00:00:00.000Z,Listed for rent,2013-01-30T00:00:00.000Z,Sold,2008-01-10T00:00:00.000Z,Sold,1988-08-30T00:00:00.000Z,Sold,,,,,,,,,,,,,,,,,,,,
"2220 Chase Dr, Conway, AR 72034",2220 Chase Dr,,3,1582,,1850,49,https://www.zillow.com/homedetails/2220-Chase-Dr-Conway-AR-72034/35730147_zpid/,,141000,2026-07-16T00:00:00.000Z,Listed for rent,2025-04-11T00:00:00.000Z,Listing removed,2025-04-06T00:00:00.000Z,Listed for rent,2025-03-29T00:00:00.000Z,Listing removed,2025-01-19T00:00:00.000Z,Price change,2025-01-18T00:00:00.000Z,Listed for rent,2012-10-25T00:00:00.000Z,Sold,2011-08-25T00:00:00.000Z,Sold,2009-07-29T00:00:00.000Z,Sold,2009-04-13T00:00:00.000Z,Sold,2006-02-08T00:00:00.000Z,Sold,,,,,,,,,,,,,,,,,,,,,,,,,,,,,,,,,,
"211 Rodney Guthrie Dr, Cabot, AR 72023",211 Rodney Guthrie Dr,,3,1268,,1345,28,https://www.zillow.com/homedetails/211-Rodney-Guthrie-Dr-Cabot-AR-72023/256835_zpid/,,155000,2026-08-06T00:00:00.000Z,Listed for rent,2025-09-22T00:00:00.000Z,Listing removed,2025-08-26T00:00:00.000Z,Price change,2025-07-29T00:00:00.000Z,Listed for rent,2023-07-27T00:00:00.000Z,Listing removed,2023-07-06T00:00:00.000Z,Listed for rent,2022-03-10T00:00:00.000Z,Sold,2022-01-31T00:00:00.000Z,Listed for sale,2019-09-20T00:00:00.000Z,Sold,2019-09-11T00:00:00.000Z,Listed for sale,2019-08-26T00:00:00.000Z,Pending sale,2019-08-13T00:00:00.000Z,Price change,2019-05-31T00:00:00.000Z,Price change,2019-03-17T00:00:00.000Z,Listed for sale,2017-02-23T00:00:00.000Z,Listing removed,2017-01-02T00:00:00.000Z,Price change,2016-07-05T00:00:00.000Z,Listed for sale,2016-06-27T00:00:00.000Z,Sold,2015-11-21T00:00:00.000Z,Listed for sale,2014-09-16T00:00:00.000Z,Sold,,,,,,,,,,,,,,,,
"17 Greenbrier Dr, Benton, AR 72015",17 Greenbrier Dr,,3,1460,,1595,31,https://www.zillow.com/homedetails/17-Greenbrier-Dr-Benton-AR-72015/386172_zpid/,,143000,2026-08-27T00:00:00.000Z,Price change,2026-08-03T00:00:00.000Z,Listed for rent,2026-02-23T00:00:00.000Z,Listing removed,2026-02-19T00:00:00.000Z,Price change,2026-01-29T00:00:00.000Z,Price change,2026-01-15T00:00:00.000Z,Price change,2025-12-30T00:00:00.000Z,Price change,2025-11-24T00:00:00.000Z,Listed for rent,2024-10-01T00:00:00.000Z,Listing removed,2024-08-29T00:00:00.000Z,Listed for rent,2022-03-07T00:00:00.000Z,Listing removed,2021-12-31T00:00:00.000Z,Listed for rent,2021-11-19T00:00:00.000Z,Sold,2014-09-17T00:00:00.000Z,Listing removed,2014-07-15T00:00:00.000Z,Listed for rent,2007-07-20T00:00:00.000Z,Sold,2006-08-01T00:00:00.000Z,Sold,,,,,,,,,,,,,,,,,,,,,,
"148 Kelton Dr, Hensley, AR 72065",148 Kelton Dr,,4,1907,,2200,28,https://www.zillow.com/homedetails/148-Kelton-Dr-Hensley-AR-72065/464384218_zpid/,,,2026-08-07T00:00:00.000Z,Listed for rent,,,,,,,,,,,,,,,,,,,,,,,,,,,,,,,,,,,,,,,,,,,,,,,,,,,,,,
"328 Gathering House Rd, Haskell, AR 72015",328 Gathering House Rd,,3,2000,,1625,30,https://www.zillow.com/homedetails/328-Gathering-House-Rd-Haskell-AR-72015/64861478_zpid/,,188000,2026-08-25T00:00:00.000Z,Price change,2026-08-04T00:00:00.000Z,Listed for rent,2025-07-18T00:00:00.000Z,Listing removed,2025-07-17T00:00:00.000Z,Price change,2025-07-10T00:00:00.000Z,Price change,2025-07-03T00:00:00.000Z,Price change,2025-06-12T00:00:00.000Z,Listed for rent,2024-06-07T00:00:00.000Z,Listing removed,2024-06-06T00:00:00.000Z,Price change,2024-05-31T00:00:00.000Z,Price change,2024-05-25T00:00:00.000Z,Price change,2024-05-18T00:00:00.000Z,Price change,2024-04-26T00:00:00.000Z,Listed for rent,2023-12-01T00:00:00.000Z,Sold,2023-10-03T00:00:00.000Z,Listing removed,2023-08-29T00:00:00.000Z,Listed for rent,2022-05-19T00:00:00.000Z,Listing removed,2022-05-18T00:00:00.000Z,Price change,2022-05-05T00:00:00.000Z,Listed for rent,2020-04-23T00:00:00.000Z,Listing removed,2020-04-04T00:00:00.000Z,Listed for rent,2019-04-06T00:00:00.000Z,Listing removed,2019-04-01T00:00:00.000Z,Sold,2019-03-12T00:00:00.000Z,Listed for rent,,,,,,,,
"22930 Sam Tillery Dr, Alexander, AR 72002",22930 Sam Tillery Dr,,4,1640,,2000,10,https://www.zillow.com/homedetails/22930-Sam-Tillery-Dr-Alexander-AR-72002/464786376_zpid/,,,2026-08-24T00:00:00.000Z,Listed for rent,,,,,,,,,,,,,,,,,,,,,,,,,,,,,,,,,,,,,,,,,,,,,,,,,,,,,,
"5399 Heritage Valley Dr, Benton, AR 72019",5399 Heritage Valley Dr,,4,1790,,1900,38,https://www.zillow.com/homedetails/5399-Heritage-Valley-Dr-Benton-AR-72019/2062299989_zpid/,,245000,2026-08-31T00:00:00.000Z,Price change,2026-07-27T00:00:00.000Z,Listed for rent,2026-07-15T00:00:00.000Z,Listing removed,2026-05-22T00:00:00.000Z,Price change,2026-04-02T00:00:00.000Z,Listed for sale,2026-04-01T00:00:00.000Z,Listing removed,2025-11-06T00:00:00.000Z,Price change,2025-10-13T00:00:00.000Z,Price change,2025-10-04T00:00:00.000Z,Listed for sale,2025-02-24T00:00:00.000Z,Sold,2025-02-05T00:00:00.000Z,Contingent,2024-11-30T00:00:00.000Z,Price change,2024-10-04T00:00:00.000Z,Price change,2024-09-29T00:00:00.000Z,Price change,2024-09-07T00:00:00.000Z,Listed for sale,2022-08-29T00:00:00.000Z,Sold,,,,,,,,,,,,,,,,,,,,,,,,
"35 G St, Cabot, AR 72023",35 G St,,3,1849,,1825,57,https://www.zillow.com/homedetails/35-G-St-Cabot-AR-72023/254255_zpid/,,230000,2026-07-25T00:00:00.000Z,Price change,2026-07-09T00:00:00.000Z,Price change,2026-05-03T00:00:00.000Z,Listed for rent,2025-05-25T00:00:00.000Z,Listing removed,2025-05-14T00:00:00.000Z,Price change,2025-05-01T00:00:00.000Z,Listed for rent,2021-06-07T00:00:00.000Z,Sold,2020-09-03T00:00:00.000Z,Sold,2020-06-19T00:00:00.000Z,Listed for sale,2018-06-22T00:00:00.000Z,Sold,2018-05-08T00:00:00.000Z,Listed for sale,2014-04-28T00:00:00.000Z,Sold,,,,,,,,,,,,,,,,,,,,,,,,,,,,,,,,
"2830 Longbow Ln, Conway, AR 72034",2830 Longbow Ln,,3,1388,,1450,24,https://www.zillow.com/homedetails/2830-Longbow-Ln-Conway-AR-72034/82265622_zpid/,,192099,2026-08-10T00:00:00.000Z,Listed for rent,2024-07-03T00:00:00.000Z,Listing removed,2024-06-17T00:00:00.000Z,Listed for rent,2022-05-27T00:00:00.000Z,Sold,2008-02-29T00:00:00.000Z,Sold,,,,,,,,,,,,,,,,,,,,,,,,,,,,,,,,,,,,,,,,,,,,,,
"15 Jennifer Cv, Ward, AR 72176",15 Jennifer Cv,,3,1328,,1650,28,https://www.zillow.com/homedetails/15-Jennifer-Cv-Ward-AR-72176/2063023920_zpid/,,210000,2026-08-07T00:00:00.000Z,Listed for rent,2023-12-19T00:00:00.000Z,Sold,2022-06-21T00:00:00.000Z,Listing removed,2022-06-07T00:00:00.000Z,Price change,2022-06-02T00:00:00.000Z,Listed for rent,2022-05-31T00:00:00.000Z,Sold,,,,,,,,,,,,,,,,,,,,,,,,,,,,,,,,,,,,,,,,,,,,
"345 Joyner Loop, Lonoke, AR 72086",345 Joyner Loop,,3,1120,,1200,62,https://www.zillow.com/homedetails/345-Joyner-Loop-Lonoke-AR-72086/99446243_zpid/,,36000,2026-07-05T00:00:00.000Z,Price change,2026-07-03T00:00:00.000Z,Listed for rent,2026-06-23T00:00:00.000Z,Listing removed,2026-02-11T00:00:00.000Z,Listed for rent,2025-11-22T00:00:00.000Z,Listing removed,2025-11-15T00:00:00.000Z,Price change,2025-11-05T00:00:00.000Z,Listed for rent,2025-09-05T00:00:00.000Z,Listing removed,2025-08-06T00:00:00.000Z,Listed for rent,2007-02-20T00:00:00.000Z,Sold,,,,,,,,,,,,,,,,,,,,,,,,,,,,,,,,,,,,
"6032 Orange Valley Cv, Mabelvale, AR 72103",6032 Orange Valley Cv,,4,1504,,1650,33,https://www.zillow.com/homedetails/6032-Orange-Valley-Cv-Mabelvale-AR-72103/2062762647_zpid/,,,2026-09-01T00:00:00.000Z,Price change,2026-08-01T00:00:00.000Z,Listed for rent,2022-06-27T00:00:00.000Z,Listing removed,2022-06-15T00:00:00.000Z,Listed for rent,,,,,,,,,,,,,,,,,,,,,,,,,,,,,,,,,,,,,,,,,,,,,,,,
"802 Gussy Ln, Benton, AR 72019",802 Gussy Ln,,4,1459,,1650,13,https://www.zillow.com/homedetails/802-Gussy-Ln-Benton-AR-72019/460667108_zpid/,,222900,2026-08-21T00:00:00.000Z,Listed for rent,2026-08-11T00:00:00.000Z,Sold,2026-07-13T00:00:00.000Z,Contingent,2026-07-04T00:00:00.000Z,Price change,2026-06-03T00:00:00.000Z,Listed for sale,2026-05-01T00:00:00.000Z,Contingent,2026-04-14T00:00:00.000Z,Price change,2026-04-07T00:00:00.000Z,Price change,2026-04-02T00:00:00.000Z,Price change,2026-02-27T00:00:00.000Z,Price change,2026-02-24T00:00:00.000Z,Listed for sale,,,,,,,,,,,,,,,,,,,,,,,,,,,,,,,,,,
"1906 Dave Ward Dr, Conway, AR 72034",1906 Dave Ward Dr,,3,1335,,1000,23,https://www.zillow.com/homedetails/1906-Dave-Ward-Dr-Conway-AR-72034/2061771487_zpid/,,,2026-08-11T00:00:00.000Z,Listed for rent,2025-12-18T00:00:00.000Z,Listing removed,2025-11-11T00:00:00.000Z,Price change,2025-10-28T00:00:00.000Z,Price change,2025-10-03T00:00:00.000Z,Price change,2025-06-27T00:00:00.000Z,Listed for rent,2024-05-29T00:00:00.000Z,Listing removed,2024-05-14T00:00:00.000Z,Price change,2024-04-23T00:00:00.000Z,Price change,2024-04-15T00:00:00.000Z,Price change,2024-03-18T00:00:00.000Z,Price change,2024-02-16T00:00:00.000Z,Price change,2024-02-13T00:00:00.000Z,Price change,2024-01-31T00:00:00.000Z,Listed for rent,2023-11-30T00:00:00.000Z,Listing removed,2023-11-15T00:00:00.000Z,Listed for rent,2022-10-25T00:00:00.000Z,Listing removed,2022-10-18T00:00:00.000Z,Price change,2022-10-02T00:00:00.000Z,Price change,2022-08-26T00:00:00.000Z,Listed for rent,,,,,,,,,,,,,,,,
"2135 Raintree Dr, Conway, AR 72032",2135 Raintree Dr,,3,1042,,1350,36,https://www.zillow.com/homedetails/2135-Raintree-Dr-Conway-AR-72032/240139_zpid/,,106000,2026-09-01T00:00:00.000Z,Price change,2026-08-25T00:00:00.000Z,Price change,2026-07-29T00:00:00.000Z,Listed for rent,2024-07-03T00:00:00.000Z,Listing removed,2024-07-01T00:00:00.000Z,Listed for rent,2019-07-11T00:00:00.000Z,Listing removed,2019-07-03T00:00:00.000Z,Listed for rent,2019-05-01T00:00:00.000Z,Sold,2017-02-27T00:00:00.000Z,Listing removed,2017-02-24T00:00:00.000Z,Listed for rent,2015-01-18T00:00:00.000Z,Listing removed,2015-01-15T00:00:00.000Z,Listed for rent,2013-11-15T00:00:00.000Z,Sold,2013-04-06T00:00:00.000Z,Listing removed,2013-03-20T00:00:00.000Z,Listed for rent,2008-04-30T00:00:00.000Z,Sold,,,,,,,,,,,,,,,,,,,,,,,,
"414 Newcomb Cv, Benton, AR 72015",414 Newcomb Cv,,3,1384,,1600,48,https://www.zillow.com/homedetails/414-Newcomb-Cv-Benton-AR-72015/384931_zpid/,,65531,2026-07-17T00:00:00.000Z,Listed for rent,2010-11-30T00:00:00.000Z,Sold,2005-03-03T00:00:00.000Z,Sold,,,,,,,,,,,,,,,,,,,,,,,,,,,,,,,,,,,,,,,,,,,,,,,,,,
"4326 Glenda Ln, Benton, AR 72019",4326 Glenda Ln,,3,1398,,1545,30,https://www.zillow.com/homedetails/4326-Glenda-Ln-Benton-AR-72019/68021994_zpid/,,157000,2026-08-04T00:00:00.000Z,Listed for rent,2025-07-11T00:00:00.000Z,Listing removed,2025-07-01T00:00:00.000Z,Listed for rent,2025-06-26T00:00:00.000Z,Listing removed,2025-06-12T00:00:00.000Z,Price change,2025-06-04T00:00:00.000Z,Price change,2025-04-08T00:00:00.000Z,Listed for rent,2023-12-27T00:00:00.000Z,Listing removed,2023-12-19T00:00:00.000Z,Listed for rent,2023-09-04T00:00:00.000Z,Listing removed,2021-11-01T00:00:00.000Z,Listing removed,2021-10-26T00:00:00.000Z,Price change,2021-10-21T00:00:00.000Z,Price change,2021-10-04T00:00:00.000Z,Listed for rent,2021-09-03T00:00:00.000Z,Sold,2021-08-08T00:00:00.000Z,Contingent,2021-07-30T00:00:00.000Z,Listed for sale,2017-08-31T00:00:00.000Z,Sold,2017-07-28T00:00:00.000Z,Price change,2017-06-22T00:00:00.000Z,Listed for sale,2005-06-10T00:00:00.000Z,Sold,,,,,,,,,,,,,,
"(Undisclosed Address), Conway, AR 72034",(Undisclosed Address),,3,1710,,2399,0,https://www.zillow.com/homedetails/Conway-AR-72034/119403512_zpid/,,275000,2026-09-03T00:00:00.000Z,Listed for rent,2026-05-01T00:00:00.000Z,Listing removed,2026-04-02T00:00:00.000Z,Listed for rent,2025-08-19T00:00:00.000Z,Listing removed,2025-07-29T00:00:00.000Z,Listed for rent,2025-02-07T00:00:00.000Z,Listing removed,2025-01-22T00:00:00.000Z,Listed for rent,2024-07-29T00:00:00.000Z,Listing removed,2024-07-08T00:00:00.000Z,Listed for rent,2022-08-15T00:00:00.000Z,Sold,2022-07-23T00:00:00.000Z,Contingent,2022-07-14T00:00:00.000Z,Listed for sale,2017-10-23T00:00:00.000Z,Sold,,,,,,,,,,,,,,,,,,,,,,,,,,,,,,
"4101 Red Maple Ln, Alexander, AR 72002",4101 Red Maple Ln,,3,1548,,1745,29,https://www.zillow.com/homedetails/4101-Red-Maple-Ln-Alexander-AR-72002/461650523_zpid/,,230000,2026-08-21T00:00:00.000Z,Price change,2026-08-05T00:00:00.000Z,Listed for rent,2026-07-27T00:00:00.000Z,Sold,2026-06-30T00:00:00.000Z,Contingent,2026-04-12T00:00:00.000Z,Listed for sale,,,,,,,,,,,,,,,,,,,,,,,,,,,,,,,,,,,,,,,,,,,,,,
"2004 Hairston Ave, Conway, AR 72034",2004 Hairston Ave,,3,1703,,2800,1,https://www.zillow.com/homedetails/2004-Hairston-Ave-Conway-AR-72034/444384959_zpid/,,,2026-09-02T00:00:00.000Z,Listed for rent,2026-02-25T00:00:00.000Z,Listing removed,2026-01-13T00:00:00.000Z,Listed for rent,2025-12-29T00:00:00.000Z,Listing removed,2025-11-07T00:00:00.000Z,Listed for rent,2025-06-27T00:00:00.000Z,Listing removed,2025-06-10T00:00:00.000Z,Listed for rent,2025-05-29T00:00:00.000Z,Listing removed,2025-03-24T00:00:00.000Z,Price change,2025-01-29T00:00:00.000Z,Price change,2025-01-15T00:00:00.000Z,Listed for rent,2024-11-29T00:00:00.000Z,Listing removed,2024-10-16T00:00:00.000Z,Listed for rent,,,,,,,,,,,,,,,,,,,,,,,,,,,,,,
"1425 Ola St, Conway, AR 72032",1425 Ola St,,3,1268,,3100,1,https://www.zillow.com/homedetails/1425-Ola-St-Conway-AR-72032/63265054_zpid/,,115000,2026-09-02T00:00:00.000Z,Listed for rent,2026-02-22T00:00:00.000Z,Listing removed,2026-01-13T00:00:00.000Z,Listed for rent,2025-12-29T00:00:00.000Z,Listing removed,2025-11-07T00:00:00.000Z,Listed for rent,2025-06-27T00:00:00.000Z,Listing removed,2025-06-10T00:00:00.000Z,Listed for rent,2025-05-29T00:00:00.000Z,Listing removed,2025-03-22T00:00:00.000Z,Price change,2025-02-10T00:00:00.000Z,Listed for rent,2025-02-01T00:00:00.000Z,Listing removed,2025-01-15T00:00:00.000Z,Listed for rent,2024-12-10T00:00:00.000Z,Listing removed,2024-11-30T00:00:00.000Z,Listed for rent,2024-11-23T00:00:00.000Z,Listing removed,2024-10-16T00:00:00.000Z,Listed for rent,2015-03-23T00:00:00.000Z,Sold,2015-01-09T00:00:00.000Z,Price change,2014-10-12T00:00:00.000Z,Price change,2014-08-27T00:00:00.000Z,Listed for sale,2009-12-01T00:00:00.000Z,Sold,2009-10-21T00:00:00.000Z,Listed for sale,,,,,,,,,,,,
"2912 Highway 319 W, Austin, AR 72007",2912 Highway 319 W,,3,1992,,1695,295,https://www.zillow.com/homedetails/2912-Highway-319-W-Austin-AR-72007/249702_zpid/,,640000,2026-08-19T00:00:00.000Z,Price change,2026-07-25T00:00:00.000Z,Price change,2026-05-29T00:00:00.000Z,Price change,2026-03-06T00:00:00.000Z,Price change,2026-02-18T00:00:00.000Z,Price change,2026-02-03T00:00:00.000Z,Price change,2025-11-12T00:00:00.000Z,Listed for rent,2013-09-27T00:00:00.000Z,Sold,1991-10-10T00:00:00.000Z,Sold,,,,,,,,,,,,,,,,,,,,,,,,,,,,,,,,,,,,,,
"2668 Chapel Creek Dr, Benton, AR 72015",2668 Chapel Creek Dr,,3,1478,,1595,34,https://www.zillow.com/homedetails/2668-Chapel-Creek-Dr-Benton-AR-72015/120791136_zpid/,,,2026-07-31T00:00:00.000Z,Listed for rent,2020-04-14T00:00:00.000Z,Listing removed,2020-04-08T00:00:00.000Z,Listed for rent,2017-08-19T00:00:00.000Z,Listing removed,2017-08-03T00:00:00.000Z,Listed for rent,,,,,,,,,,,,,,,,,,,,,,,,,,,,,,,,,,,,,,,,,,,,,,
"3225 Jean Cv, Alexander, AR 72002",3225 Jean Cv,,3,2827,,2600,149,https://www.zillow.com/homedetails/3225-Jean-Cv-Alexander-AR-72002/378862_zpid/,,,2026-07-27T00:00:00.000Z,Price change,2026-04-07T00:00:00.000Z,Listed for rent,,,,,,,,,,,,,,,,,,,,,,,,,,,,,,,,,,,,,,,,,,,,,,,,,,,,
"6587 Westminster, Benton, AR 72019",6587 Westminster,,4,3650,,3650,38,https://www.zillow.com/homedetails/6587-Westminster-Benton-AR-72019/120554683_zpid/,,555000,2026-09-02T00:00:00.000Z,Price change,2026-08-25T00:00:00.000Z,Price change,2026-07-27T00:00:00.000Z,Listed for rent,2025-06-03T00:00:00.000Z,Listing removed,2025-05-23T00:00:00.000Z,Listed for rent,2025-05-21T00:00:00.000Z,Listing removed,2025-05-04T00:00:00.000Z,Listed for rent,2024-02-14T00:00:00.000Z,Listing removed,2024-01-31T00:00:00.000Z,Price change,2024-01-05T00:00:00.000Z,Price change,2023-12-15T00:00:00.000Z,Price change,2023-11-29T00:00:00.000Z,Listed for rent,2022-06-07T00:00:00.000Z,Listing removed,2022-06-03T00:00:00.000Z,Price change,2022-06-02T00:00:00.000Z,Listed for rent,2022-05-25T00:00:00.000Z,Listing removed,2022-05-20T00:00:00.000Z,Price change,2022-05-09T00:00:00.000Z,Listed for rent,2022-04-29T00:00:00.000Z,Listing removed,2022-04-04T00:00:00.000Z,Listed for rent,2021-12-28T00:00:00.000Z,Listing removed,2021-11-28T00:00:00.000Z,Listed for rent,2021-07-07T00:00:00.000Z,Sold,2021-06-01T00:00:00.000Z,Contingent,2021-05-28T00:00:00.000Z,Listed for sale,2015-02-03T00:00:00.000Z,Sold,,,,
"2765 Archer Ln, Conway, AR 72034",2765 Archer Ln,,3,1560,,1700,20,https://www.zillow.com/homedetails/2765-Archer-Ln-Conway-AR-72034/241241_zpid/,,154500,2026-08-14T00:00:00.000Z,Listed for rent,2025-09-17T00:00:00.000Z,Listing removed,2025-08-12T00:00:00.000Z,Listed for rent,2024-05-31T00:00:00.000Z,Listing removed,2024-05-16T00:00:00.000Z,Listed for rent,2023-06-05T00:00:00.000Z,Listing removed,2023-06-02T00:00:00.000Z,Listed for rent,2019-12-17T00:00:00.000Z,Sold,2019-11-19T00:00:00.000Z,Price change,2019-09-30T00:00:00.000Z,Listed for sale,2014-10-14T00:00:00.000Z,Sold,,,,,,,,,,,,,,,,,,,,,,,,,,,,,,,,,,
"4056 Kings River Trl, Bauxite, AR 72011",4056 Kings River Trl,,3,1480,,1395,37,https://www.zillow.com/homedetails/4056-Kings-River-Trl-Bauxite-AR-72011/2062403626_zpid/,,200660,2026-08-27T00:00:00.000Z,Price change,2026-08-20T00:00:00.000Z,Price change,2026-08-13T00:00:00.000Z,Price change,2026-07-29T00:00:00.000Z,Listed for rent,2023-02-11T00:00:00.000Z,Listing removed,2023-02-03T00:00:00.000Z,Price change,2023-01-11T00:00:00.000Z,Price change,2022-12-14T00:00:00.000Z,Price change,2022-11-22T00:00:00.000Z,Price change,2022-11-10T00:00:00.000Z,Listed for rent,2022-10-28T00:00:00.000Z,Sold,2022-10-08T00:00:00.000Z,Contingent,2022-08-24T00:00:00.000Z,Price change,2022-08-04T00:00:00.000Z,Price change,2022-07-26T00:00:00.000Z,Price change,2022-07-21T00:00:00.000Z,Listed for sale,2022-07-18T00:00:00.000Z,Listing removed,2022-07-13T00:00:00.000Z,Listed for sale,,,,,,,,,,,,,,,,,,,,
"600 S Davis St, Conway, AR 72034",600 S Davis St,,3,1728,,1500,73,https://www.zillow.com/homedetails/600-S-Davis-St-Conway-AR-72034/235022_zpid/,,108500,2026-09-02T00:00:00.000Z,Price change,2026-07-20T00:00:00.000Z,Price change,2026-07-06T00:00:00.000Z,Price change,2026-06-22T00:00:00.000Z,Listed for rent,2022-10-20T00:00:00.000Z,Listing removed,2022-10-11T00:00:00.000Z,Price change,2022-09-22T00:00:00.000Z,Listed for rent,2017-06-15T00:00:00.000Z,Sold,2017-05-06T00:00:00.000Z,Listed for sale,2015-04-17T00:00:00.000Z,Sold,2005-07-22T00:00:00.000Z,Sold,,,,,,,,,,,,,,,,,,,,,,,,,,,,,,,,,,
"1930 College Ave, Conway, AR 72034",1930 College Ave,,3,1926,,3100,1,https://www.zillow.com/homedetails/1930-College-Ave-Conway-AR-72034/237634_zpid/,,160268,2026-09-02T00:00:00.000Z,Listed for rent,2026-03-18T00:00:00.000Z,Listing removed,2026-02-19T00:00:00.000Z,Price change,2026-02-05T00:00:00.000Z,Listed for rent,2026-01-28T00:00:00.000Z,Listing removed,2026-01-13T00:00:00.000Z,Listed for rent,2025-09-23T00:00:00.000Z,Listing removed,2025-08-26T00:00:00.000Z,Price change,2025-08-07T00:00:00.000Z,Price change,2025-07-30T00:00:00.000Z,Listed for rent,2025-06-27T00:00:00.000Z,Listing removed,2025-06-10T00:00:00.000Z,Listed for rent,2025-05-29T00:00:00.000Z,Listing removed,2025-03-22T00:00:00.000Z,Price change,2025-02-10T00:00:00.000Z,Listed for rent,2025-02-01T00:00:00.000Z,Listing removed,2025-01-15T00:00:00.000Z,Listed for rent,2024-12-10T00:00:00.000Z,Listing removed,2024-11-30T00:00:00.000Z,Listed for rent,2024-11-23T00:00:00.000Z,Listing removed,2024-10-16T00:00:00.000Z,Listed for rent,2023-05-02T00:00:00.000Z,Sold,2023-02-20T00:00:00.000Z,Price change,2023-01-29T00:00:00.000Z,Listed for sale,2013-08-23T00:00:00.000Z,Sold,,,,,,
"1116 Kenwood Cv, Bryant, AR 72022",1116 Kenwood Cv,,4,1931,,2100,14,https://www.zillow.com/homedetails/1116-Kenwood-Cv-Bryant-AR-72022/52934559_zpid/,,120000,2026-08-20T00:00:00.000Z,Listed for rent,2025-07-26T00:00:00.000Z,Listing removed,2025-07-22T00:00:00.000Z,Listed for rent,2024-01-18T00:00:00.000Z,Listing removed,2023-10-26T00:00:00.000Z,Listed for rent,2022-06-08T00:00:00.000Z,Listing removed,2022-06-02T00:00:00.000Z,Listed for rent,2022-05-25T00:00:00.000Z,Listing removed,2022-04-09T00:00:00.000Z,Listed for rent,2022-03-31T00:00:00.000Z,Listing removed,2022-02-09T00:00:00.000Z,Price change,2022-01-28T00:00:00.000Z,Listed for rent,2019-06-16T00:00:00.000Z,Listing removed,2019-05-09T00:00:00.000Z,Price change,2019-01-11T00:00:00.000Z,Listed for rent,2011-10-13T00:00:00.000Z,Listing removed,2011-08-06T00:00:00.000Z,Listed for rent,2001-12-26T00:00:00.000Z,Sold,,,,,,,,,,,,,,,,,,,,
"1405 Appalachain Dr, Conway, AR 72034",1405 Appalachain Dr,,3,1145,,1450,78,https://www.zillow.com/homedetails/1405-Appalachain-Dr-Conway-AR-72034/35730407_zpid/,,180500,2026-06-17T00:00:00.000Z,Listed for rent,2025-01-27T00:00:00.000Z,Listing removed,2024-10-29T00:00:00.000Z,Price change,2024-09-04T00:00:00.000Z,Listed for rent,2023-09-26T00:00:00.000Z,Listing removed,2023-08-03T00:00:00.000Z,Price change,2023-06-22T00:00:00.000Z,Listed for rent,2022-07-05T00:00:00.000Z,Listing removed,2022-06-23T00:00:00.000Z,Listed for rent,2022-06-02T00:00:00.000Z,Sold,2022-04-20T00:00:00.000Z,Pending sale,2022-04-20T00:00:00.000Z,Contingent,2022-04-16T00:00:00.000Z,Listed for sale,2016-09-28T00:00:00.000Z,Sold,2016-08-01T00:00:00.000Z,Listed for sale,,,,,,,,,,,,,,,,,,,,,,,,,,
"2555 Winchester Dr, Conway, AR 72032",2555 Winchester Dr,,3,1104,,1375,80,https://www.zillow.com/homedetails/2555-Winchester-Dr-Conway-AR-72032/239881_zpid/,,180000,2026-08-12T00:00:00.000Z,Price change,2026-07-20T00:00:00.000Z,Price change,2026-07-01T00:00:00.000Z,Price change,2026-06-15T00:00:00.000Z,Listed for rent,2026-05-08T00:00:00.000Z,Listing removed,2026-05-01T00:00:00.000Z,Listed for rent,2025-05-29T00:00:00.000Z,Listing removed,2025-05-22T00:00:00.000Z,Listed for rent,2025-04-07T00:00:00.000Z,Sold,2025-03-08T00:00:00.000Z,Contingent,2025-03-05T00:00:00.000Z,Listed for sale,2025-02-26T00:00:00.000Z,Listing removed,2025-01-08T00:00:00.000Z,Listed for rent,2024-11-23T00:00:00.000Z,Listing removed,2024-11-02T00:00:00.000Z,Listed for rent,2024-10-26T00:00:00.000Z,Listing removed,2024-10-14T00:00:00.000Z,Price change,2024-09-18T00:00:00.000Z,Price change,2024-09-03T00:00:00.000Z,Listed for rent,2015-06-12T00:00:00.000Z,Sold,1996-09-18T00:00:00.000Z,Sold,1994-12-02T00:00:00.000Z,Sold,,,,,,,,,,,,
"1608 Waldron Cv, Bryant, AR 72022",1608 Waldron Cv,,3,1412,,1495,4,https://www.zillow.com/homedetails/1608-Waldron-Cv-Bryant-AR-72022/390638_zpid/,,145500,2026-08-30T00:00:00.000Z,Listed for rent,2026-08-02T00:00:00.000Z,Listing removed,2026-07-18T00:00:00.000Z,Listed for rent,2022-12-15T00:00:00.000Z,Sold,2022-10-27T00:00:00.000Z,Contingent,2022-10-22T00:00:00.000Z,Listed for sale,,,,,,,,,,,,,,,,,,,,,,,,,,,,,,,,,,,,,,,,,,,,
"18 Kimberly Dr, Vilonia, AR 72173",18 Kimberly Dr,,3,1954,,1945,13,https://www.zillow.com/homedetails/18-Kimberly-Dr-Vilonia-AR-72173/245526_zpid/,,270000,2026-08-26T00:00:00.000Z,Price change,2026-05-04T00:00:00.000Z,Listed for rent,2026-01-05T00:00:00.000Z,Sold,2025-11-20T00:00:00.000Z,Listed for sale,2025-11-20T00:00:00.000Z,Listing removed,2025-09-18T00:00:00.000Z,Listed for sale,2015-07-09T00:00:00.000Z,Sold,2000-03-15T00:00:00.000Z,Sold,,,,,,,,,,,,,,,,,,,,,,,,,,,,,,,,,,,,,,,,
"1425 Joyner Dr, Conway, AR 72034",1425 Joyner Dr,,3,1157,,1450,20,https://www.zillow.com/homedetails/1425-Joyner-Dr-Conway-AR-72034/35730195_zpid/,,155000,2026-08-14T00:00:00.000Z,Listed for rent,2025-10-28T00:00:00.000Z,Listing removed,2025-08-29T00:00:00.000Z,Price change,2025-08-12T00:00:00.000Z,Listed for rent,2024-09-13T00:00:00.000Z,Listing removed,2024-08-16T00:00:00.000Z,Listed for rent,2022-04-27T00:00:00.000Z,Sold,2021-12-16T00:00:00.000Z,Listing removed,2021-10-26T00:00:00.000Z,Listed for rent,2019-05-14T00:00:00.000Z,Sold,2019-03-21T00:00:00.000Z,Listed for sale,2016-05-03T00:00:00.000Z,Sold,2016-02-17T00:00:00.000Z,Listed for sale,2011-04-01T00:00:00.000Z,Sold,2011-01-22T00:00:00.000Z,Price change,2011-01-01T00:00:00.000Z,Price change,2010-11-18T00:00:00.000Z,Listed for sale,2010-10-15T00:00:00.000Z,Listing removed,2010-10-15T00:00:00.000Z,Price change,2010-09-24T00:00:00.000Z,Listed for sale,,,,,,,,,,,,,,,,
"5 Weatherwood Dr, Greenbrier, AR 72058",5 Weatherwood Dr,,3,1547,,1600,57,https://www.zillow.com/homedetails/5-Weatherwood-Dr-Greenbrier-AR-72058/102993946_zpid/,,154000,2026-07-09T00:00:00.000Z,Listed for rent,2022-10-04T00:00:00.000Z,Listing removed,2022-09-19T00:00:00.000Z,Listed for rent,2022-09-16T00:00:00.000Z,Listed for sale,2008-04-30T00:00:00.000Z,Sold,,,,,,,,,,,,,,,,,,,,,,,,,,,,,,,,,,,,,,,,,,,,,,
"6316 Warwick Dr, Alexander, AR 72002",6316 Warwick Dr,,4,1884,,2400,34,https://www.zillow.com/homedetails/6316-Warwick-Dr-Alexander-AR-72002/461049113_zpid/,,277000,2026-07-31T00:00:00.000Z,Listed for rent,2026-06-29T00:00:00.000Z,Sold,2026-05-29T00:00:00.000Z,Contingent,2026-05-29T00:00:00.000Z,Price change,2026-03-14T00:00:00.000Z,Listed for sale,,,,,,,,,,,,,,,,,,,,,,,,,,,,,,,,,,,,,,,,,,,,,,
"500 SE 1st St, Bryant, AR 72022",500 SE 1st St,,3,1231,,1500,3,https://www.zillow.com/homedetails/500-SE-1st-St-Bryant-AR-72022/52934639_zpid/,,195000,2026-08-31T00:00:00.000Z,Listed for rent,2026-07-31T00:00:00.000Z,Listing removed,2026-07-17T00:00:00.000Z,Listed for rent,2025-07-07T00:00:00.000Z,Listing removed,2025-07-04T00:00:00.000Z,Listed for rent,2025-07-01T00:00:00.000Z,Sold,2025-06-14T00:00:00.000Z,Contingent,2025-06-12T00:00:00.000Z,Listed for sale,2021-08-02T00:00:00.000Z,Sold,2021-07-03T00:00:00.000Z,Contingent,2021-06-30T00:00:00.000Z,Listed for sale,2021-03-24T00:00:00.000Z,Listing removed,2020-06-01T00:00:00.000Z,Sold,2020-03-07T00:00:00.000Z,Pending sale,2020-03-04T00:00:00.000Z,Listed for sale,2020-01-29T00:00:00.000Z,Sold,2018-03-27T00:00:00.000Z,Sold,2018-02-02T00:00:00.000Z,Listed for sale,2011-08-29T00:00:00.000Z,Sold,2011-06-25T00:00:00.000Z,Price change,2010-12-03T00:00:00.000Z,Price change,2010-11-28T00:00:00.000Z,Price change,2010-11-22T00:00:00.000Z,Price change,2010-11-14T00:00:00.000Z,Price change,2010-10-30T00:00:00.000Z,Price change,2010-05-27T00:00:00.000Z,Listed for sale,,,,
"103 Pope Dr, Benton, AR 72015",103 Pope Dr,,3,1559,,1625,64,https://www.zillow.com/homedetails/103-Pope-Dr-Benton-AR-72015/82243468_zpid/,,115000,2026-07-01T00:00:00.000Z,Listed for rent,2024-08-21T00:00:00.000Z,Listing removed,2024-07-02T00:00:00.000Z,Price change,2024-05-31T00:00:00.000Z,Listed for rent,2017-07-19T00:00:00.000Z,Listing removed,2017-06-17T00:00:00.000Z,Listed for rent,2016-11-06T00:00:00.000Z,Listing removed,2014-04-08T00:00:00.000Z,Listing removed,2014-01-31T00:00:00.000Z,Sold,2014-01-29T00:00:00.000Z,Listed for rent,2013-11-25T00:00:00.000Z,Listed for sale,2013-10-08T00:00:00.000Z,Sold,2012-06-06T00:00:00.000Z,Listing removed,2012-05-24T00:00:00.000Z,Price change,2012-03-22T00:00:00.000Z,Listed for sale,2008-01-28T00:00:00.000Z,Sold,,,,,,,,,,,,,,,,,,,,,,,,
"3558 Terrace Hill Ct, Benton, AR 72019",3558 Terrace Hill Ct,,3,1404,,1450,16,https://www.zillow.com/homedetails/3558-Terrace-Hill-Ct-Benton-AR-72019/247594485_zpid/,,122580,2026-08-24T00:00:00.000Z,Price change,2026-08-18T00:00:00.000Z,Listed for rent,2022-09-26T00:00:00.000Z,Listing removed,2022-09-08T00:00:00.000Z,Listed for rent,2022-03-04T00:00:00.000Z,Sold,2021-05-22T00:00:00.000Z,Listing removed,2021-05-04T00:00:00.000Z,Listed for rent,2019-05-09T00:00:00.000Z,Listing removed,2019-04-25T00:00:00.000Z,Listed for rent,,,,,,,,,,,,,,,,,,,,,,,,,,,,,,,,,,,,,,
"821 Desoto Pl, Benton, AR 72015",821 Desoto Pl,,4,2288,,1650,38,https://www.zillow.com/homedetails/821-Desoto-Pl-Benton-AR-72015/382881_zpid/,,50000,2026-08-21T00:00:00.000Z,Listed for rent,2026-08-21T00:00:00.000Z,Listing removed,2026-08-05T00:00:00.000Z,Price change,2026-07-14T00:00:00.000Z,Price change,2026-07-06T00:00:00.000Z,Listed for rent,2017-11-28T00:00:00.000Z,Sold,2017-10-18T00:00:00.000Z,Listed for sale,2017-07-31T00:00:00.000Z,Listing removed,2017-07-15T00:00:00.000Z,Listed for sale,2017-03-10T00:00:00.000Z,Sold,2017-02-09T00:00:00.000Z,Listed for sale,2011-12-14T00:00:00.000Z,Listing removed,2011-09-15T00:00:00.000Z,Listed for sale,2011-04-01T00:00:00.000Z,Sold,2011-02-24T00:00:00.000Z,Listed for sale,2010-02-21T00:00:00.000Z,Listing removed,2010-02-05T00:00:00.000Z,Listed for sale,2006-09-06T00:00:00.000Z,Sold,,,,,,,,,,,,,,,,,,,,
"3562 Terrace Hill Ct, Benton, AR 72019",3562 Terrace Hill Ct,,3,,,1450,42,https://www.zillow.com/homedetails/3562-Terrace-Hill-Ct-Benton-AR-72019/247594484_zpid/,,122580,2026-08-24T00:00:00.000Z,Price change,2026-07-23T00:00:00.000Z,Listed for rent,2023-06-22T00:00:00.000Z,Listing removed,2023-06-11T00:00:00.000Z,Listed for rent,2022-05-05T00:00:00.000Z,Listing removed,2022-04-19T00:00:00.000Z,Listed for rent,2022-03-04T00:00:00.000Z,Sold,,,,,,,,,,,,,,,,,,,,,,,,,,,,,,,,,,,,,,,,,,
"1710 Cedarhurst Dr, Benton, AR 72015",1710 Cedarhurst Dr,,3,1680,,1650,42,https://www.zillow.com/homedetails/1710-Cedarhurst-Dr-Benton-AR-72015/384477_zpid/,,127500,2026-09-04T00:00:00.000Z,Price change,2026-08-29T00:00:00.000Z,Price change,2026-06-23T00:00:00.000Z,Listed for rent,2024-05-13T00:00:00.000Z,Listing removed,2024-02-10T00:00:00.000Z,Listed for rent,2024-01-31T00:00:00.000Z,Sold,2024-01-24T00:00:00.000Z,Contingent,2024-01-22T00:00:00.000Z,Listed for sale,2019-11-07T00:00:00.000Z,Listing removed,2019-10-07T00:00:00.000Z,Listed for rent,2016-12-15T00:00:00.000Z,Listing removed,2016-01-13T00:00:00.000Z,Listing removed,2016-01-11T00:00:00.000Z,Listed for rent,2015-05-22T00:00:00.000Z,Sold,2015-01-21T00:00:00.000Z,Listing removed,2014-07-25T00:00:00.000Z,Listed for rent,2014-06-23T00:00:00.000Z,Listing removed,2014-05-25T00:00:00.000Z,Price change,2014-05-07T00:00:00.000Z,Price change,2014-04-11T00:00:00.000Z,Price change,2014-02-17T00:00:00.000Z,Listed for sale,,,,,,,,,,,,,,
"13900 Ridgecrest Dr, Alexander, AR 72002",13900 Ridgecrest Dr,,3,1088,,1595,9,https://www.zillow.com/homedetails/13900-Ridgecrest-Dr-Alexander-AR-72002/49814165_zpid/,,70000,2026-08-25T00:00:00.000Z,Listed for rent,1999-01-08T00:00:00.000Z,Sold,,,,,,,,,,,,,,,,,,,,,,,,,,,,,,,,,,,,,,,,,,,,,,,,,,,,
"11201 Donnie Dr, Shannon Hills, AR 72103",11201 Donnie Dr,,3,1353,,1295,43,https://www.zillow.com/homedetails/11201-Donnie-Dr-Shannon-Hills-AR-72103/393627_zpid/,,134900,2026-09-04T00:00:00.000Z,Price change,2026-08-29T00:00:00.000Z,Price change,2026-07-23T00:00:00.000Z,Listed for rent,2020-04-07T00:00:00.000Z,Sold,2020-04-05T00:00:00.000Z,Listing removed,2020-03-23T00:00:00.000Z,Price change,2020-03-02T00:00:00.000Z,Price change,2019-12-27T00:00:00.000Z,Listed for rent,2019-11-20T00:00:00.000Z,Listing removed,2019-11-19T00:00:00.000Z,Price change,2019-11-18T00:00:00.000Z,Price change,2019-11-16T00:00:00.000Z,Price change,2019-11-13T00:00:00.000Z,Price change,2019-11-08T00:00:00.000Z,Price change,2019-11-04T00:00:00.000Z,Price change,2019-11-02T00:00:00.000Z,Listed for sale,2019-10-31T00:00:00.000Z,Sold,2019-10-28T00:00:00.000Z,Price change,2019-10-26T00:00:00.000Z,Price change,2019-10-23T00:00:00.000Z,Price change,2019-10-22T00:00:00.000Z,Price change,2019-10-20T00:00:00.000Z,Price change,2019-10-14T00:00:00.000Z,Price change,2019-10-11T00:00:00.000Z,Price change,2019-10-09T00:00:00.000Z,Price change,2019-10-06T00:00:00.000Z,Price change,2019-10-03T00:00:00.000Z,Listed for sale,,
"3915 Ledbetter Dr, Conway, AR 72034",3915 Ledbetter Dr,,3,1052,,1100,239,https://www.zillow.com/homedetails/3915-Ledbetter-Dr-Conway-AR-72034/242880_zpid/,,134000,2026-01-14T00:00:00.000Z,Listed for rent,2026-01-14T00:00:00.000Z,Listing removed,2026-01-08T00:00:00.000Z,Listed for rent,2024-12-09T00:00:00.000Z,Listing removed,2024-10-16T00:00:00.000Z,Price change,2024-08-16T00:00:00.000Z,Listed for rent,2024-02-29T00:00:00.000Z,Listing removed,2024-02-16T00:00:00.000Z,Price change,2024-01-08T00:00:00.000Z,Listed for rent,2023-02-08T00:00:00.000Z,Listing removed,2023-01-25T00:00:00.000Z,Price change,2022-11-23T00:00:00.000Z,Listed for rent,2022-11-14T00:00:00.000Z,Sold,2022-10-13T00:00:00.000Z,Contingent,2022-10-09T00:00:00.000Z,Listed for sale,2015-07-17T00:00:00.000Z,Sold,2002-05-31T00:00:00.000Z,Sold,,,,,,,,,,,,,,,,,,,,,,
"5041 Red Fox Trl, Bauxite, AR 72011",5041 Red Fox Trl,,3,1200,,1550,79,https://www.zillow.com/homedetails/5041-Red-Fox-Trl-Bauxite-AR-72011/2071703035_zpid/,,191000,2026-08-25T00:00:00.000Z,Price change,2026-06-23T00:00:00.000Z,Price change,2026-06-16T00:00:00.000Z,Listed for rent,2021-09-17T00:00:00.000Z,Sold,2021-06-24T00:00:00.000Z,Pending sale,2021-06-23T00:00:00.000Z,Contingent,2021-06-04T00:00:00.000Z,Price change,2021-04-30T00:00:00.000Z,Price change,2021-04-22T00:00:00.000Z,Price change,2021-04-16T00:00:00.000Z,Price change,2021-04-14T00:00:00.000Z,Listed for sale,,,,,,,,,,,,,,,,,,,,,,,,,,,,,,,,,,
"916 Desoto Pl, Benton, AR 72015",916 Desoto Pl,,3,912,,1150,20,https://www.zillow.com/homedetails/916-Desoto-Pl-Benton-AR-72015/382883_zpid/,,210000,2026-08-14T00:00:00.000Z,Listed for rent,2025-01-28T00:00:00.000Z,Listing removed,2025-01-21T00:00:00.000Z,Price change,2024-12-10T00:00:00.000Z,Listed for rent,2023-12-16T00:00:00.000Z,Listing removed,2023-10-23T00:00:00.000Z,Listed for rent,2022-10-11T00:00:00.000Z,Listing removed,2022-08-23T00:00:00.000Z,Listed for rent,2022-04-13T00:00:00.000Z,Listing removed,2022-04-06T00:00:00.000Z,Listed for rent,2022-03-26T00:00:00.000Z,Listing removed,2022-02-28T00:00:00.000Z,Price change,2022-02-11T00:00:00.000Z,Price change,2022-01-31T00:00:00.000Z,Listed for rent,2021-08-06T00:00:00.000Z,Sold,2016-07-27T00:00:00.000Z,Sold,2016-02-24T00:00:00.000Z,Listed for sale,2016-01-22T00:00:00.000Z,Listing removed,2016-01-19T00:00:00.000Z,Listed for sale,2009-08-28T00:00:00.000Z,Listing removed,2009-02-04T00:00:00.000Z,Listed for sale,,,,,,,,,,,,,,
"831 Watkins St, Conway, AR 72034",831 Watkins St,,3,1176,,1175,8,https://www.zillow.com/homedetails/831-Watkins-St-Conway-AR-72034/237666_zpid/,,85000,2026-08-27T00:00:00.000Z,Listed for rent,2025-12-01T00:00:00.000Z,Listing removed,2025-10-29T00:00:00.000Z,Listed for rent,2019-08-02T00:00:00.000Z,Listing removed,2019-07-17T00:00:00.000Z,Price change,2019-07-13T00:00:00.000Z,Listed for rent,2018-11-15T00:00:00.000Z,Listing removed,2018-08-03T00:00:00.000Z,Listed for rent,2017-10-03T00:00:00.000Z,Listing removed,2017-09-29T00:00:00.000Z,Price change,2017-09-12T00:00:00.000Z,Listed for rent,2016-11-22T00:00:00.000Z,Listing removed,2016-07-07T00:00:00.000Z,Listing removed,2014-11-19T00:00:00.000Z,Listing removed,2014-10-31T00:00:00.000Z,Listed for rent,2014-06-25T00:00:00.000Z,Sold,2012-01-25T00:00:00.000Z,Listing removed,2012-01-06T00:00:00.000Z,Listed for sale,2008-10-24T00:00:00.000Z,Sold,,,,,,,,,,,,,,,,,,
"1609 Rushing Cir, Conway, AR 72032",1609 Rushing Cir,,3,1400,,1475,3,https://www.zillow.com/homedetails/1609-Rushing-Cir-Conway-AR-72032/235792_zpid/,,116000,2026-08-31T00:00:00.000Z,Listed for rent,2024-09-13T00:00:00.000Z,Listing removed,2024-06-19T00:00:00.000Z,Listed for rent,2024-06-19T00:00:00.000Z,Listing removed,2024-05-25T00:00:00.000Z,Listed for rent,2023-03-31T00:00:00.000Z,Listing removed,2023-03-22T00:00:00.000Z,Listed for rent,2022-08-11T00:00:00.000Z,Listing removed,2022-08-02T00:00:00.000Z,Listed for rent,2019-02-28T00:00:00.000Z,Listing removed,2019-01-02T00:00:00.000Z,Listed for rent,2015-07-25T00:00:00.000Z,Listing removed,2015-07-03T00:00:00.000Z,Listed for rent,2014-10-30T00:00:00.000Z,Sold,2013-09-22T00:00:00.000Z,Listing removed,2013-09-13T00:00:00.000Z,Price change,2013-08-03T00:00:00.000Z,Listed for rent,2010-01-13T00:00:00.000Z,Sold,2009-12-04T00:00:00.000Z,Listed for sale,,,,,,,,,,,,,,,,,,
"3201 Stivers Blvd, Bryant, AR 72022",3201 Stivers Blvd,,3,1279,,1495,34,https://www.zillow.com/homedetails/3201-Stivers-Blvd-Bryant-AR-72022/391950_zpid/,,125000,2026-09-01T00:00:00.000Z,Price change,2026-08-10T00:00:00.000Z,Price change,2026-07-31T00:00:00.000Z,Listed for rent,2022-12-14T00:00:00.000Z,Listing removed,2022-12-05T00:00:00.000Z,Listed for rent,2020-07-28T00:00:00.000Z,Listing removed,2020-07-21T00:00:00.000Z,Listed for rent,2020-07-20T00:00:00.000Z,Sold,2016-10-28T00:00:00.000Z,Sold,2016-08-21T00:00:00.000Z,Listed for sale,2008-08-15T00:00:00.000Z,Sold,,,,,,,,,,,,,,,,,,,,,,,,,,,,,,,,,,
"307 S 4th St, Benton, AR 72015",307 S 4th St,,3,1051,,1600,4,https://www.zillow.com/homedetails/307-S-4th-St-Benton-AR-72015/386521_zpid/,,161000,2026-08-31T00:00:00.000Z,Listed for rent,2025-05-30T00:00:00.000Z,Listing removed,2025-05-20T00:00:00.000Z,Sold,2025-05-20T00:00:00.000Z,Listed for rent,2025-04-19T00:00:00.000Z,Contingent,2025-04-18T00:00:00.000Z,Listed for sale,2023-03-31T00:00:00.000Z,Sold,2023-03-02T00:00:00.000Z,Listed for sale,,,,,,,,,,,,,,,,,,,,,,,,,,,,,,,,,,,,,,,,
"2721 Timbermist Dr, Benton, AR 72015",2721 Timbermist Dr,,3,1200,,1600,4,https://www.zillow.com/homedetails/2721-Timbermist-Dr-Benton-AR-72015/386806_zpid/,,83000,2026-08-30T00:00:00.000Z,Listed for rent,2025-09-01T00:00:00.000Z,Listing removed,2025-06-30T00:00:00.000Z,Price change,2025-03-03T00:00:00.000Z,Price change,2024-12-20T00:00:00.000Z,Listed for rent,2024-12-06T00:00:00.000Z,Listing removed,2024-11-26T00:00:00.000Z,Price change,2024-11-20T00:00:00.000Z,Listed for rent,2024-11-12T00:00:00.000Z,Listing removed,2024-10-30T00:00:00.000Z,Price change,2024-10-23T00:00:00.000Z,Listed for rent,2023-06-20T00:00:00.000Z,Listing removed,2023-06-03T00:00:00.000Z,Listed for rent,2023-05-22T00:00:00.000Z,Listing removed,2023-05-01T00:00:00.000Z,Price change,2023-04-04T00:00:00.000Z,Listed for rent,2021-03-24T00:00:00.000Z,Listing removed,2017-08-01T00:00:00.000Z,Listing removed,2017-07-22T00:00:00.000Z,Listed for rent,2011-04-13T00:00:00.000Z,Sold,2011-02-02T00:00:00.000Z,Listed for sale,,,,,,,,,,,,,,
"2906 Pamela, Benton, AR 72015",2906 Pamela,,3,1372,,1495,10,https://www.zillow.com/homedetails/2906-Pamela-Benton-AR-72015/385308_zpid/,,,2026-08-25T00:00:00.000Z,Listed for rent,2025-08-04T00:00:00.000Z,Listing removed,2025-07-29T00:00:00.000Z,Price change,2025-07-08T00:00:00.000Z,Price change,2025-03-05T00:00:00.000Z,Listed for rent,2025-02-27T00:00:00.000Z,Listing removed,2025-02-24T00:00:00.000Z,Price change,2025-02-14T00:00:00.000Z,Listed for sale,,,,,,,,,,,,,,,,,,,,,,,,,,,,,,,,,,,,,,,,
"921 Banner St, Benton, AR 72015",921 Banner St,,3,1375,,1600,81,https://www.zillow.com/homedetails/921-Banner-St-Benton-AR-72015/384140_zpid/,,16500,2026-06-14T00:00:00.000Z,Listed for rent,2025-12-10T00:00:00.000Z,Listing removed,2025-11-09T00:00:00.000Z,Price change,2025-09-26T00:00:00.000Z,Listed for rent,2025-06-24T00:00:00.000Z,Listing removed,2025-06-10T00:00:00.000Z,Listed for rent,2025-06-09T00:00:00.000Z,Listing removed,2025-03-26T00:00:00.000Z,Listed for sale,2024-01-31T00:00:00.000Z,Sold,2023-03-30T00:00:00.000Z,Sold,2005-10-06T00:00:00.000Z,Sold,,,,,,,,,,,,,,,,,,,,,,,,,,,,,,,,,,
"1105 River Oaks Dr, Benton, AR 72019",1105 River Oaks Dr,,4,2350,,2600,30,https://www.zillow.com/homedetails/1105-River-Oaks-Dr-Benton-AR-72019/453260567_zpid/,,,2026-08-04T00:00:00.000Z,Listed for rent,2025-07-28T00:00:00.000Z,Listing removed,2025-07-04T00:00:00.000Z,Price change,2025-06-21T00:00:00.000Z,Price change,2025-06-12T00:00:00.000Z,Listed for rent,,,,,,,,,,,,,,,,,,,,,,,,,,,,,,,,,,,,,,,,,,,,,,
"3233 Drake Dr, Benton, AR 72019",3233 Drake Dr,,3,1573,,1700,9,https://www.zillow.com/homedetails/3233-Drake-Dr-Benton-AR-72019/71713283_zpid/,,,2026-08-25T00:00:00.000Z,Listed for rent,2023-05-08T00:00:00.000Z,Listing removed,2023-04-26T00:00:00.000Z,Listed for rent,2021-03-24T00:00:00.000Z,Listing removed,2019-04-08T00:00:00.000Z,Listing removed,2019-03-26T00:00:00.000Z,Listed for rent,2017-03-06T00:00:00.000Z,Listing removed,2017-02-23T00:00:00.000Z,Listed for rent,,,,,,,,,,,,,,,,,,,,,,,,,,,,,,,,,,,,,,,,
"4825 Coronell Way, Bryant, AR 72022",4825 Coronell Way,,4,2060,,3050,17,https://www.zillow.com/homedetails/4825-Coronell-Way-Bryant-AR-72022/453104565_zpid/,,,2026-07-13T00:00:00.000Z,Listed for rent,,,,,,,,,,,,,,,,,,,,,,,,,,,,,,,,,,,,,,,,,,,,,,,,,,,,,,
"7 Cabernet Way, Mayflower, AR 72106",7 Cabernet Way,,3,1290,,1600,1,https://www.zillow.com/homedetails/7-Cabernet-Way-Mayflower-AR-72106/463057997_zpid/,,208300,2026-09-02T00:00:00.000Z,Listed for rent,2026-08-28T00:00:00.000Z,Sold,2026-08-12T00:00:00.000Z,Price change,2026-08-11T00:00:00.000Z,Listed for sale,2026-08-11T00:00:00.000Z,Contingent,2026-08-10T00:00:00.000Z,Price change,2026-07-08T00:00:00.000Z,Price change,2026-06-09T00:00:00.000Z,Listed for sale,,,,,,,,,,,,,,,,,,,,,,,,,,,,,,,,,,,,,,,,
"614 SE 2nd St, Bryant, AR 72022",614 SE 2nd St,,4,2060,,1900,17,https://www.zillow.com/homedetails/614-SE-2nd-St-Bryant-AR-72022/55095755_zpid/,,145000,2026-08-18T00:00:00.000Z,Listed for rent,2025-04-16T00:00:00.000Z,Listing removed,2025-04-11T00:00:00.000Z,Listed for rent,2021-04-08T00:00:00.000Z,Listing removed,2021-04-06T00:00:00.000Z,Listed for rent,2021-02-11T00:00:00.000Z,Sold,2021-01-10T00:00:00.000Z,Listed for sale,2019-05-31T00:00:00.000Z,Sold,2019-05-16T00:00:00.000Z,Listed for sale,,,,,,,,,,,,,,,,,,,,,,,,,,,,,,,,,,,,,,
"605 Valley Vista Dr, Benton, AR 72019",605 Valley Vista Dr,,4,1942,,1875,58,https://www.zillow.com/homedetails/605-Valley-Vista-Dr-Benton-AR-72019/387089_zpid/,,,2026-07-07T00:00:00.000Z,Listed for rent,,,,,,,,,,,,,,,,,,,,,,,,,,,,,,,,,,,,,,,,,,,,,,,,,,,,,,
"721 S Richards, Benton, AR 72015",721 S Richards,,3,1544,,1650,20,https://www.zillow.com/homedetails/721-S-Richards-Benton-AR-72015/389133_zpid/,,29900,2026-08-14T00:00:00.000Z,Listed for rent,2026-08-07T00:00:00.000Z,Listing removed,2026-08-03T00:00:00.000Z,Price change,2026-07-22T00:00:00.000Z,Listed for rent,2023-07-28T00:00:00.000Z,Sold,2023-07-09T00:00:00.000Z,Contingent,2023-06-29T00:00:00.000Z,Listed for sale,,,,,,,,,,,,,,,,,,,,,,,,,,,,,,,,,,,,,,,,,,
"623 Dyer Cir, Benton, AR 72015",623 Dyer Cir,,3,2053,,1995,6,https://www.zillow.com/homedetails/623-Dyer-Cir-Benton-AR-72015/386376_zpid/,,87000,2026-07-27T00:00:00.000Z,Price change,2026-07-17T00:00:00.000Z,Listed for rent,2004-07-02T00:00:00.000Z,Sold,,,,,,,,,,,,,,,,,,,,,,,,,,,,,,,,,,,,,,,,,,,,,,,,,,
"104 S Shady Ln, Benton, AR 72015",104 S Shady Ln,,4,1550,,1500,16,https://www.zillow.com/homedetails/104-S-Shady-Ln-Benton-AR-72015/2061680659_zpid/,,,2026-09-02T00:00:00.000Z,Price change,2026-08-18T00:00:00.000Z,Listed for rent,2025-06-25T00:00:00.000Z,Listing removed,2025-06-12T00:00:00.000Z,Listed for rent,2022-09-15T00:00:00.000Z,Listing removed,2022-09-03T00:00:00.000Z,Listed for rent,,,,,,,,,,,,,,,,,,,,,,,,,,,,,,,,,,,,,,,,,,,,
"13824 Joan Dr, Shannon Hills, AR 72103",13824 Joan Dr,,4,1200,,1400,0,https://www.zillow.com/homedetails/13824-Joan-Dr-Shannon-Hills-AR-72103/393598_zpid/,,59000,2026-07-12T00:00:00.000Z,Listed for rent,2019-03-19T00:00:00.000Z,Listing removed,2018-09-14T00:00:00.000Z,Listed for rent,2018-09-13T00:00:00.000Z,Sold,2018-07-24T00:00:00.000Z,Price change,2018-07-04T00:00:00.000Z,Listed for sale,,,,,,,,,,,,,,,,,,,,,,,,,,,,,,,,,,,,,,,,,,,,
"5845 Heritage Heights Dr, Benton, AR 72019",5845 Heritage Heights Dr,,4,1725,,1750,17,https://www.zillow.com/homedetails/5845-Heritage-Heights-Dr-Benton-AR-72019/440162513_zpid/,,,2026-08-17T00:00:00.000Z,Listed for rent,2024-09-13T00:00:00.000Z,Listing removed,2024-09-10T00:00:00.000Z,Listed for rent,,,,,,,,,,,,,,,,,,,,,,,,,,,,,,,,,,,,,,,,,,,,,,,,,,
"13723 Southfork Dr, Alexander, AR 72002",13723 Southfork Dr,,3,1311,,1450,38,https://www.zillow.com/homedetails/13723-Southfork-Dr-Alexander-AR-72002/393770_zpid/,,135000,2026-07-27T00:00:00.000Z,Listed for rent,2026-07-10T00:00:00.000Z,Sold,2021-06-23T00:00:00.000Z,Listing removed,2021-06-18T00:00:00.000Z,Listed for rent,2019-06-13T00:00:00.000Z,Sold,2019-05-31T00:00:00.000Z,Price change,2019-05-30T00:00:00.000Z,Price change,2019-05-25T00:00:00.000Z,Price change,2019-05-23T00:00:00.000Z,Price change,2019-05-20T00:00:00.000Z,Price change,2019-05-17T00:00:00.000Z,Price change,2019-05-16T00:00:00.000Z,Price change,2019-05-15T00:00:00.000Z,Price change,2019-05-12T00:00:00.000Z,Price change,2019-05-10T00:00:00.000Z,Price change,2019-05-09T00:00:00.000Z,Price change,2019-05-07T00:00:00.000Z,Price change,2019-05-05T00:00:00.000Z,Price change,2019-05-02T00:00:00.000Z,Price change,2019-02-11T00:00:00.000Z,Price change,2019-01-15T00:00:00.000Z,Listed for sale,,,,,,,,,,,,,,
"3123 Lori Lake Rd, Benton, AR 72019",3123 Lori Lake Rd,,3,1280,,1000,182,https://www.zillow.com/homedetails/3123-Lori-Lake-Rd-Benton-AR-72019/453026788_zpid/,,,2025-06-07T00:00:00.000Z,Listed for rent,,,,,,,,,,,,,,,,,,,,,,,,,,,,,,,,,,,,,,,,,,,,,,,,,,,,,,
"127 Rachel Cv, Haskell, AR 72015",127 Rachel Cv,,3,1456,,1200,55,https://www.zillow.com/homedetails/127-Rachel-Cv-Haskell-AR-72015/92428814_zpid/,,,2026-07-10T00:00:00.000Z,Listed for rent,2025-01-29T00:00:00.000Z,Listing removed,2025-01-07T00:00:00.000Z,Listed for rent,2024-12-13T00:00:00.000Z,Listing removed,2024-10-22T00:00:00.000Z,Listed for rent,,,,,,,,,,,,,,,,,,,,,,,,,,,,,,,,,,,,,,,,,,,,,,
"608 Gertrude St, Benton, AR 72015",608 Gertrude St,,3,1025,,1200,1,https://www.zillow.com/homedetails/608-Gertrude-St-Benton-AR-72015/68020650_zpid/,,125900,2026-09-03T00:00:00.000Z,Listed for rent,2023-07-11T00:00:00.000Z,Listing removed,2023-05-22T00:00:00.000Z,Listed for rent,2021-08-06T00:00:00.000Z,Sold,2021-07-09T00:00:00.000Z,Listed for sale,2010-08-26T00:00:00.000Z,Sold,2004-12-01T00:00:00.000Z,Sold,,,,,,,,,,,,,,,,,,,,,,,,,,,,,,,,,,,,,,,,,,
"2423 S Chatfield Rd, Bauxite, AR 72011",2423 S Chatfield Rd,,4,1802,,1850,4,https://www.zillow.com/homedetails/2423-S-Chatfield-Rd-Bauxite-AR-72011/114169056_zpid/,,99000,2026-08-30T00:00:00.000Z,Listed for rent,2026-07-20T00:00:00.000Z,Listing removed,2026-06-26T00:00:00.000Z,Price change,2026-06-12T00:00:00.000Z,Listed for rent,2025-11-26T00:00:00.000Z,Sold,2025-10-29T00:00:00.000Z,Contingent,2025-10-27T00:00:00.000Z,Listed for sale,2025-10-08T00:00:00.000Z,Contingent,2025-10-05T00:00:00.000Z,Listed for sale,,,,,,,,,,,,,,,,,,,,,,,,,,,,,,,,,,,,,,
"124 Im Dr, Maumelle, AR 72113",124 Im Dr,,4,1500,,1950,59,https://www.zillow.com/homedetails/124-Im-Dr-Maumelle-AR-72113/2056969175_zpid/,,222925,2026-07-06T00:00:00.000Z,Listed for rent,2025-08-27T00:00:00.000Z,Listing removed,2025-07-18T00:00:00.000Z,Listed for rent,2024-08-21T00:00:00.000Z,Listing removed,2024-07-30T00:00:00.000Z,Listed for rent,2023-09-26T00:00:00.000Z,Sold,,,,,,,,,,,,,,,,,,,,,,,,,,,,,,,,,,,,,,,,,,,,
"26 Mustang Dr, Cabot, AR 72023",26 Mustang Dr,,3,1537,,1550,56,https://www.zillow.com/homedetails/26-Mustang-Dr-Cabot-AR-72023/63160976_zpid/,,310000,2026-09-04T00:00:00.000Z,Price change,2026-08-19T00:00:00.000Z,Price change,2026-07-10T00:00:00.000Z,Listed for rent,2024-06-27T00:00:00.000Z,Sold,2024-06-15T00:00:00.000Z,Listing removed,2024-04-04T00:00:00.000Z,Listed for rent,2024-03-21T00:00:00.000Z,Sold,2024-03-15T00:00:00.000Z,Contingent,2024-03-10T00:00:00.000Z,Listed for sale,2018-07-02T00:00:00.000Z,Listing removed,2018-06-26T00:00:00.000Z,Listed for rent,2017-02-07T00:00:00.000Z,Listing removed,2017-02-02T00:00:00.000Z,Listed for rent,2015-11-06T00:00:00.000Z,Listing removed,2015-10-11T00:00:00.000Z,Listed for rent,2015-08-31T00:00:00.000Z,Listing removed,2015-08-22T00:00:00.000Z,Listed for rent,2014-09-19T00:00:00.000Z,Listing removed,2014-09-04T00:00:00.000Z,Listed for rent,2013-08-26T00:00:00.000Z,Listing removed,2013-08-21T00:00:00.000Z,Listed for rent,2011-03-03T00:00:00.000Z,Listing removed,2011-02-15T00:00:00.000Z,Listed for sale,2011-01-26T00:00:00.000Z,Sold,2010-11-26T00:00:00.000Z,Price change,2010-05-30T00:00:00.000Z,Listed for sale,,,,
"110 Vienne Pl, Maumelle, AR 72113",110 Vienne Pl,,3,1553,,1850,12,https://www.zillow.com/homedetails/110-Vienne-Pl-Maumelle-AR-72113/118161409_zpid/,,180000,2026-08-23T00:00:00.000Z,Listed for rent,2022-07-08T00:00:00.000Z,Listing removed,2022-07-02T00:00:00.000Z,Listed for sale,2019-06-02T00:00:00.000Z,Listing removed,2019-05-13T00:00:00.000Z,Listed for rent,2013-05-17T00:00:00.000Z,Sold,,,,,,,,,,,,,,,,,,,,,,,,,,,,,,,,,,,,,,,,,,,,
"1431 Mammoth Rd, Hickory, NC 28602",1431 Mammoth Rd,,5,2368,,2295,2,https://www.zillow.com/homedetails/1431-Mammoth-Rd-Hickory-NC-28602/455924046_zpid/,,307679,2026-09-01T00:00:00.000Z,Listed for rent,2026-08-31T00:00:00.000Z,Sold,2026-07-20T00:00:00.000Z,Pending sale,2026-07-14T00:00:00.000Z,Price change,2026-06-30T00:00:00.000Z,Price change,2026-02-23T00:00:00.000Z,Listed for sale,2025-10-07T00:00:00.000Z,Listing removed,2025-08-13T00:00:00.000Z,Price change,2025-08-12T00:00:00.000Z,Listed for sale,,,,,,,,,,,,,,,,,,,,,,,,,,,,,,,,,,,,,,
"16 Mustang Dr, Cabot, AR 72023",16 Mustang Dr,,3,1494,,1450,27,https://www.zillow.com/homedetails/16-Mustang-Dr-Cabot-AR-72023/63160974_zpid/,,2988,2026-08-07T00:00:00.000Z,Listed for rent,2020-02-08T00:00:00.000Z,Listing removed,2020-01-25T00:00:00.000Z,Listed for rent,2018-12-12T00:00:00.000Z,Listing removed,2018-11-14T00:00:00.000Z,Listed for rent,2012-08-23T00:00:00.000Z,Sold,2004-02-25T00:00:00.000Z,Sold,,,,,,,,,,,,,,,,,,,,,,,,,,,,,,,,,,,,,,,,,,
"1359 37th Avenue Ln NE, Hickory, NC 28601",1359 37th Avenue Ln NE,,4,1927,,2300,21,https://www.zillow.com/homedetails/1359-37th-Avenue-Ln-NE-Hickory-NC-28601/455923523_zpid/,,,2026-08-13T00:00:00.000Z,Listed for rent,2025-10-07T00:00:00.000Z,Listing removed,2025-09-16T00:00:00.000Z,Price change,2025-08-13T00:00:00.000Z,Listed for rent,,,,,,,,,,,,,,,,,,,,,,,,,,,,,,,,,,,,,,,,,,,,,,,,
"21 Meadowlark Dr, Cabot, AR 72023",21 Meadowlark Dr,,3,1013,,1395,23,https://www.zillow.com/homedetails/21-Meadowlark-Dr-Cabot-AR-72023/255213_zpid/,,147900,2026-08-12T00:00:00.000Z,Listed for rent,2024-01-16T00:00:00.000Z,Listing removed,2024-01-04T00:00:00.000Z,Sold,2023-08-22T00:00:00.000Z,Sold,2023-07-17T00:00:00.000Z,Contingent,2023-05-12T00:00:00.000Z,Listed for sale,2023-04-19T00:00:00.000Z,Listing removed,2023-03-17T00:00:00.000Z,Listed for rent,2022-03-21T00:00:00.000Z,Sold,,,,,,,,,,,,,,,,,,,,,,,,,,,,,,,,,,,,,,
"203 Lynn Ln, Lonoke, AR 72086",203 Lynn Ln,,3,1200,,1195,80,https://www.zillow.com/homedetails/203-Lynn-Ln-Lonoke-AR-72086/260453_zpid/,,105000,2026-09-02T00:00:00.000Z,Price change,2026-06-30T00:00:00.000Z,Price change,2026-06-15T00:00:00.000Z,Listed for rent,2026-06-01T00:00:00.000Z,Listing removed,2026-05-14T00:00:00.000Z,Listed for rent,2022-05-19T00:00:00.000Z,Sold,2022-05-13T00:00:00.000Z,Contingent,2022-05-05T00:00:00.000Z,Listed for sale,2014-05-30T00:00:00.000Z,Sold,2014-02-20T00:00:00.000Z,Sold,2014-01-11T00:00:00.000Z,Listed for sale,,,,,,,,,,,,,,,,,,,,,,,,,,,,,,,,,,
"27 Trinity Dr, Cabot, AR 72023",27 Trinity Dr,,3,1442,,1525,13,https://www.zillow.com/homedetails/27-Trinity-Dr-Cabot-AR-72023/113948501_zpid/,,,2026-08-21T00:00:00.000Z,Listed for rent,2025-09-11T00:00:00.000Z,Listing removed,2025-07-29T00:00:00.000Z,Price change,2025-07-03T00:00:00.000Z,Listed for rent,,,,,,,,,,,,,,,,,,,,,,,,,,,,,,,,,,,,,,,,,,,,,,,,
"205 Logan Dr, Maumelle, AR 72113",205 Logan Dr,,3,1472,,1835,48,https://www.zillow.com/homedetails/205-Logan-Dr-Maumelle-AR-72113/2057186361_zpid/,,,2026-08-05T00:00:00.000Z,Price change,2026-07-17T00:00:00.000Z,Listed for rent,2025-09-04T00:00:00.000Z,Listing removed,2025-09-03T00:00:00.000Z,Listed for rent,2025-09-03T00:00:00.000Z,Listing removed,2025-08-29T00:00:00.000Z,Price change,2025-07-15T00:00:00.000Z,Listed for rent,2023-09-10T00:00:00.000Z,Listing removed,2023-09-09T00:00:00.000Z,Listed for rent,2023-09-08T00:00:00.000Z,Listing removed,2023-06-10T00:00:00.000Z,Listed for rent,,,,,,,,,,,,,,,,,,,,,,,,,,,,,,,,,,
"1406 Mammoth Rd, Hickory, NC 28602",1406 Mammoth Rd,,3,1749,,2025,1,https://www.zillow.com/homedetails/1406-Mammoth-Rd-Hickory-NC-28602/460650036_zpid/,,258000,2026-09-02T00:00:00.000Z,Listed for rent,2026-08-20T00:00:00.000Z,Sold,2026-07-16T00:00:00.000Z,Pending sale,2026-06-02T00:00:00.000Z,Price change,2026-05-12T00:00:00.000Z,Price change,2026-02-24T00:00:00.000Z,Price change,2026-02-23T00:00:00.000Z,Listed for sale,,,,,,,,,,,,,,,,,,,,,,,,,,,,,,,,,,,,,,,,,,
"1533 S Battleground Ave, Kings Mountain, NC 28086",1533 S Battleground Ave,,3,1320,,1800,27,https://www.zillow.com/homedetails/1533-S-Battleground-Ave-Kings-Mountain-NC-28086/464400646_zpid/,,,2026-09-01T00:00:00.000Z,Price change,2026-08-07T00:00:00.000Z,Listed for rent,,,,,,,,,,,,,,,,,,,,,,,,,,,,,,,,,,,,,,,,,,,,,,,,,,,,
"87 Sycamore Cir, Cabot, AR 72023",87 Sycamore Cir,,3,1252,,1395,20,https://www.zillow.com/homedetails/87-Sycamore-Cir-Cabot-AR-72023/256430_zpid/,,151500,2026-08-29T00:00:00.000Z,Price change,2026-08-14T00:00:00.000Z,Listed for rent,2026-07-17T00:00:00.000Z,Sold,2026-06-05T00:00:00.000Z,Listed for sale,2026-05-27T00:00:00.000Z,Listing removed,2026-05-15T00:00:00.000Z,Listed for rent,2020-06-03T00:00:00.000Z,Sold,2020-02-28T00:00:00.000Z,Sold,2013-03-25T00:00:00.000Z,Sold,,,,,,,,,,,,,,,,,,,,,,,,,,,,,,,,,,,,,,
"3153 Stonewall Dr, Benton, AR 72015",3153 Stonewall Dr,,3,2104,,2099,113,https://www.zillow.com/homedetails/3153-Stonewall-Dr-Benton-AR-72015/92431831_zpid/,,420000,2026-06-17T00:00:00.000Z,Price change,2026-05-13T00:00:00.000Z,Listed for rent,2026-02-02T00:00:00.000Z,Listing removed,2025-11-17T00:00:00.000Z,Listed for rent,2023-06-16T00:00:00.000Z,Listing removed,2023-05-24T00:00:00.000Z,Listed for rent,2008-10-03T00:00:00.000Z,Sold,2007-07-18T00:00:00.000Z,Sold,2007-03-01T00:00:00.000Z,Sold,,,,,,,,,,,,,,,,,,,,,,,,,,,,,,,,,,,,,,
"15 Summerfield Dr, Conway, AR 72034",15 Summerfield Dr,,3,1508,,1800,5,https://www.zillow.com/homedetails/15-Summerfield-Dr-Conway-AR-72034/238239_zpid/,,99000,2026-08-29T00:00:00.000Z,Listed for rent,2014-12-30T00:00:00.000Z,Sold,2005-06-02T00:00:00.000Z,Sold,,,,,,,,,,,,,,,,,,,,,,,,,,,,,,,,,,,,,,,,,,,,,,,,,,
"621-623 Cosmos St, Maumelle, AR 72113",621-623 Cosmos St,,,,,,,https://www.zillow.com/b/621-623-cosmos-st-maumelle-ar-CpNTTZ/,,,,,,,,,,,,,,,,,,,,,,,,,,,,,,,,,,,,,,,,,,,,,,,,,,,,,,,,,,
"3006 Hilldale Rd, Alexander, AR 72002",3006 Hilldale Rd,,3,1960,,1745,0,https://www.zillow.com/homedetails/3006-Hilldale-Rd-Alexander-AR-72002/368446_zpid/,,210000,2026-08-27T00:00:00.000Z,Price change,2026-08-12T00:00:00.000Z,Price change,2026-07-29T00:00:00.000Z,Price change,2026-06-09T00:00:00.000Z,Listed for rent,2025-05-30T00:00:00.000Z,Listing removed,2025-04-23T00:00:00.000Z,Price change,2025-03-15T00:00:00.000Z,Listed for rent,2024-11-06T00:00:00.000Z,Listing removed,2024-10-24T00:00:00.000Z,Price change,2024-10-16T00:00:00.000Z,Price change,2024-10-10T00:00:00.000Z,Listed for rent,2024-10-01T00:00:00.000Z,Listing removed,2024-09-25T00:00:00.000Z,Price change,2024-09-24T00:00:00.000Z,Listed for rent,2024-05-21T00:00:00.000Z,Listing removed,2024-05-13T00:00:00.000Z,Price change,2024-05-10T00:00:00.000Z,Price change,2024-05-09T00:00:00.000Z,Price change,2024-05-02T00:00:00.000Z,Price change,2024-05-01T00:00:00.000Z,Price change,2024-04-25T00:00:00.000Z,Price change,2024-04-02T00:00:00.000Z,Listed for rent,2024-01-08T00:00:00.000Z,Listing removed,2023-10-01T00:00:00.000Z,Price change,2023-08-19T00:00:00.000Z,Listed for sale,2021-06-21T00:00:00.000Z,Sold,2017-02-15T00:00:00.000Z,Sold,,
"15 Wedgewood Dr, Cabot, AR 72023",15 Wedgewood Dr,,3,1473,,1650,14,https://www.zillow.com/homedetails/15-Wedgewood-Dr-Cabot-AR-72023/257013_zpid/,,190000,2026-08-21T00:00:00.000Z,Listed for rent,2023-10-01T00:00:00.000Z,Listing removed,2022-01-14T00:00:00.000Z,Sold,2021-10-05T00:00:00.000Z,Listing removed,2021-09-30T00:00:00.000Z,Sold,2019-06-21T00:00:00.000Z,Listing removed,2019-06-05T00:00:00.000Z,Listed for rent,2018-12-20T00:00:00.000Z,Listing removed,2018-11-12T00:00:00.000Z,Listed for sale,2018-11-12T00:00:00.000Z,Listing removed,2018-08-08T00:00:00.000Z,Price change,2018-07-06T00:00:00.000Z,Listed for rent,2015-08-22T00:00:00.000Z,Listing removed,2015-06-26T00:00:00.000Z,Listed for rent,2014-05-23T00:00:00.000Z,Sold,,,,,,,,,,,,,,,,,,,,,,,,,,
"918 Cedar Haskell St, Haskell, AR 72015",918 Cedar Haskell St,,3,1088,,1150,15,https://www.zillow.com/homedetails/918-Cedar-Haskell-St-Haskell-AR-72015/61187359_zpid/,,,2026-07-13T00:00:00.000Z,Listed for rent,,,,,,,,,,,,,,,,,,,,,,,,,,,,,,,,,,,,,,,,,,,,,,,,,,,,,,
"14108 Cherry Hill Dr, Alexander, AR 72002",14108 Cherry Hill Dr,,3,1100,,1475,22,https://www.zillow.com/homedetails/14108-Cherry-Hill-Dr-Alexander-AR-72002/52934816_zpid/,,155000,2026-08-12T00:00:00.000Z,Listed for rent,2026-06-22T00:00:00.000Z,Listing removed,2026-06-05T00:00:00.000Z,Listed for rent,2025-03-08T00:00:00.000Z,Listing removed,2025-02-04T00:00:00.000Z,Listed for rent,2023-10-25T00:00:00.000Z,Listing removed,2023-10-12T00:00:00.000Z,Listed for rent,2023-03-31T00:00:00.000Z,Listing removed,2023-03-27T00:00:00.000Z,Listed for rent,2023-03-10T00:00:00.000Z,Sold,,,,,,,,,,,,,,,,,,,,,,,,,,,,,,,,,,,,
"1845 Arden Ln, Conway, AR 72034",1845 Arden Ln,,3,1205,,1575,49,https://www.zillow.com/homedetails/1845-Arden-Ln-Conway-AR-72034/71714882_zpid/,,139000,2026-08-30T00:00:00.000Z,Price change,2026-07-17T00:00:00.000Z,Listed for rent,2024-07-03T00:00:00.000Z,Listing removed,2024-06-25T00:00:00.000Z,Listed for rent,2023-02-27T00:00:00.000Z,Listing removed,2023-02-22T00:00:00.000Z,Listed for rent,2021-01-19T00:00:00.000Z,Listing removed,2021-01-09T00:00:00.000Z,Listed for rent,2020-12-16T00:00:00.000Z,Sold,,,,,,,,,,,,,,,,,,,,,,,,,,,,,,,,,,,,,,
"7171 Corrigan Rd, Mabelvale, AR 72103",7171 Corrigan Rd,,3,910,,1000,19,https://www.zillow.com/homedetails/7171-Corrigan-Rd-Mabelvale-AR-72103/464589349_zpid/,,,2026-08-15T00:00:00.000Z,Listed for rent,,,,,,,,,,,,,,,,,,,,,,,,,,,,,,,,,,,,,,,,,,,,,,,,,,,,,,
"11 W Plaza Blvd, Cabot, AR 72023",11 W Plaza Blvd,,3,1487,,1525,10,https://www.zillow.com/homedetails/11-W-Plaza-Blvd-Cabot-AR-72023/256262_zpid/,,229049,2026-08-24T00:00:00.000Z,Listed for rent,2024-09-13T00:00:00.000Z,Listing removed,2024-07-02T00:00:00.000Z,Listed for rent,2013-02-26T00:00:00.000Z,Sold,,,,,,,,,,,,,,,,,,,,,,,,,,,,,,,,,,,,,,,,,,,,,,,,
"4605 Valiant Dr, Conway, AR 72034",4605 Valiant Dr,,3,1324,,1500,53,https://www.zillow.com/homedetails/4605-Valiant-Dr-Conway-AR-72034/52392383_zpid/,,122000,2026-08-01T00:00:00.000Z,Price change,2026-07-13T00:00:00.000Z,Listed for rent,2023-05-19T00:00:00.000Z,Listing removed,2023-05-02T00:00:00.000Z,Listed for rent,2022-04-11T00:00:00.000Z,Listing removed,2022-04-06T00:00:00.000Z,Listed for rent,2011-09-02T00:00:00.000Z,Sold,2011-06-12T00:00:00.000Z,Listed for sale,2008-09-08T00:00:00.000Z,Sold,,,,,,,,,,,,,,,,,,,,,,,,,,,,,,,,,,,,,,
"22 Kirkland St, Ward, AR 72176",22 Kirkland St,,3,1185,,1350,2,https://www.zillow.com/homedetails/22-Kirkland-St-Ward-AR-72176/261280_zpid/,,84000,2026-07-15T00:00:00.000Z,Listed for rent,2026-06-16T00:00:00.000Z,Sold,2026-06-14T00:00:00.000Z,Contingent,2026-06-02T00:00:00.000Z,Price change,2026-05-28T00:00:00.000Z,Listed for sale,2014-10-30T00:00:00.000Z,Sold,,,,,,,,,,,,,,,,,,,,,,,,,,,,,,,,,,,,,,,,,,,,
"124 Sunny Gap Rd, Conway, AR 72032",124 Sunny Gap Rd,,3,1134,,1100,3,https://www.zillow.com/homedetails/124-Sunny-Gap-Rd-Conway-AR-72032/227564_zpid/,,220000,2026-08-31T00:00:00.000Z,Listed for rent,2011-11-15T00:00:00.000Z,Sold,1996-03-28T00:00:00.000Z,Sold,,,,,,,,,,,,,,,,,,,,,,,,,,,,,,,,,,,,,,,,,,,,,,,,,,
"755 2nd Ave SW, Hickory, NC 28602",755 2nd Ave SW,,6,2779,,3650,57,https://www.zillow.com/homedetails/755-2nd-Ave-SW-Hickory-NC-28602/71962373_zpid/,,200000,2026-07-08T00:00:00.000Z,Listed for rent,2023-10-20T00:00:00.000Z,Sold,2010-10-28T00:00:00.000Z,Sold,2010-09-02T00:00:00.000Z,Price change,2010-05-22T00:00:00.000Z,Listed for sale,,,,,,,,,,,,,,,,,,,,,,,,,,,,,,,,,,,,,,,,,,,,,,
"103 E Scott St, Carlisle, AR 72024",103 E Scott St,,3,1556,,1300,26,https://www.zillow.com/homedetails/103-E-Scott-St-Carlisle-AR-72024/258138_zpid/,,75000,2026-08-09T00:00:00.000Z,Listed for rent,2025-05-14T00:00:00.000Z,Sold,2025-03-28T00:00:00.000Z,Sold,2024-12-02T00:00:00.000Z,Listed for sale,2014-01-15T00:00:00.000Z,Sold,2013-07-17T00:00:00.000Z,Sold,2013-06-26T00:00:00.000Z,Price change,2013-05-17T00:00:00.000Z,Price change,2013-02-20T00:00:00.000Z,Price change,2013-01-27T00:00:00.000Z,Listed for sale,,,,,,,,,,,,,,,,,,,,,,,,,,,,,,,,,,,,
"1610 Raden St, Conway, AR 72032",1610 Raden St,,3,1243,,1650,22,https://www.zillow.com/homedetails/1610-Raden-St-Conway-AR-72032/2066419442_zpid/,,,2026-08-12T00:00:00.000Z,Listed for rent,2025-10-04T00:00:00.000Z,Listing removed,2025-10-03T00:00:00.000Z,Listed for rent,2025-10-03T00:00:00.000Z,Listing removed,2025-07-18T00:00:00.000Z,Listed for rent,2023-12-30T00:00:00.000Z,Listing removed,2023-12-29T00:00:00.000Z,Listed for rent,2023-12-28T00:00:00.000Z,Listing removed,2023-12-01T00:00:00.000Z,Price change,2023-09-08T00:00:00.000Z,Listed for rent,2023-04-19T00:00:00.000Z,Listing removed,2023-03-28T00:00:00.000Z,Listed for rent,2022-04-21T00:00:00.000Z,Listing removed,2022-02-16T00:00:00.000Z,Listed for rent,,,,,,,,,,,,,,,,,,,,,,,,,,,,
"53 Dunnaway Dr, Austin, AR 72007",53 Dunnaway Dr,,3,1403,,1535,50,https://www.zillow.com/homedetails/53-Dunnaway-Dr-Austin-AR-72007/2056813469_zpid/,,195000,2026-09-04T00:00:00.000Z,Price change,2026-08-25T00:00:00.000Z,Price change,2026-07-16T00:00:00.000Z,Listed for rent,2025-09-03T00:00:00.000Z,Listing removed,2025-09-02T00:00:00.000Z,Listing removed,2025-07-29T00:00:00.000Z,Listed for rent,2025-06-14T00:00:00.000Z,Listed for sale,2023-10-13T00:00:00.000Z,Sold,2023-09-06T00:00:00.000Z,Contingent,2023-07-15T00:00:00.000Z,Listed for sale,,,,,,,,,,,,,,,,,,,,,,,,,,,,,,,,,,,,
"2919 Gage Dr, Benton, AR 72019",2919 Gage Dr,,3,1310,,1495,13,https://www.zillow.com/homedetails/2919-Gage-Dr-Benton-AR-72019/68021370_zpid/,,144000,2026-08-06T00:00:00.000Z,Price change,2026-07-07T00:00:00.000Z,Listed for rent,2026-05-05T00:00:00.000Z,Sold,2021-03-01T00:00:00.000Z,Sold,2013-08-07T00:00:00.000Z,Listing removed,2013-07-25T00:00:00.000Z,Price change,2013-07-15T00:00:00.000Z,Listed for sale,2009-07-28T00:00:00.000Z,Sold,,,,,,,,,,,,,,,,,,,,,,,,,,,,,,,,,,,,,,,,
"4903 Natalie Dr, Bryant, AR 72022",4903 Natalie Dr,,4,1990,,1860,10,https://www.zillow.com/homedetails/4903-Natalie-Dr-Bryant-AR-72022/82281136_zpid/,,38000,2026-08-24T00:00:00.000Z,Listed for rent,2007-08-22T00:00:00.000Z,Sold,,,,,,,,,,,,,,,,,,,,,,,,,,,,,,,,,,,,,,,,,,,,,,,,,,,,
"1505 Hathaway Dr, Conway, AR 72034",1505 Hathaway Dr,,3,1207,,1475,0,https://www.zillow.com/homedetails/1505-Hathaway-Dr-Conway-AR-72034/241555_zpid/,,70000,2026-09-03T00:00:00.000Z,Listed for rent,2024-01-31T00:00:00.000Z,Listing removed,2024-01-30T00:00:00.000Z,Listed for rent,2024-01-29T00:00:00.000Z,Listing removed,2024-01-27T00:00:00.000Z,Listed for rent,2016-01-09T00:00:00.000Z,Listing removed,2015-12-15T00:00:00.000Z,Listed for rent,2015-09-24T00:00:00.000Z,Sold,2015-08-15T00:00:00.000Z,Listed for sale,2013-10-31T00:00:00.000Z,Sold,,,,,,,,,,,,,,,,,,,,,,,,,,,,,,,,,,,,
"17024 Congo Ferndale Rd, Little Rock, AR 72210",17024 Congo Ferndale Rd,,4,1590,,1675,85,https://www.zillow.com/homedetails/17024-Congo-Ferndale-Rd-Little-Rock-AR-72210/370120_zpid/,,279500,2026-06-10T00:00:00.000Z,Listed for rent,2020-09-11T00:00:00.000Z,Listing removed,2020-07-23T00:00:00.000Z,Listed for rent,2018-05-13T00:00:00.000Z,Listing removed,2018-01-31T00:00:00.000Z,Listed for rent,2017-03-29T00:00:00.000Z,Sold,,,,,,,,,,,,,,,,,,,,,,,,,,,,,,,,,,,,,,,,,,,,
"37 Saint John St, Cabot, AR 72023",37 Saint John St,,3,1188,,1295,65,https://www.zillow.com/homedetails/37-Saint-John-St-Cabot-AR-72023/253499_zpid/,,81500,2026-09-03T00:00:00.000Z,Price change,2026-03-31T00:00:00.000Z,Listed for rent,2026-03-26T00:00:00.000Z,Sold,2026-03-19T00:00:00.000Z,Contingent,2026-03-14T00:00:00.000Z,Price change,2026-02-27T00:00:00.000Z,Price change,2026-01-28T00:00:00.000Z,Listed for sale,2016-05-26T00:00:00.000Z,Sold,2016-04-08T00:00:00.000Z,Listed for sale,2013-05-16T00:00:00.000Z,Sold,,,,,,,,,,,,,,,,,,,,,,,,,,,,,,,,,,,,
"1619 Leawood Dr, Benton, AR 72019",1619 Leawood Dr,,3,1624,,1550,14,https://www.zillow.com/homedetails/1619-Leawood-Dr-Benton-AR-72019/384404_zpid/,,122500,2026-09-01T00:00:00.000Z,Price change,2026-08-27T00:00:00.000Z,Price change,2026-08-20T00:00:00.000Z,Listed for rent,2025-10-20T00:00:00.000Z,Sold,,,,,,,,,,,,,,,,,,,,,,,,,,,,,,,,,,,,,,,,,,,,,,,,
"717 Burton St, Benton, AR 72015",717 Burton St,,3,1544,,1650,10,https://www.zillow.com/homedetails/717-Burton-St-Benton-AR-72015/385729_zpid/,,22000,2026-08-24T00:00:00.000Z,Listed for rent,2026-08-07T00:00:00.000Z,Listing removed,2026-08-03T00:00:00.000Z,Price change,2026-07-21T00:00:00.000Z,Listed for rent,2026-07-21T00:00:00.000Z,Listing removed,2026-07-07T00:00:00.000Z,Price change,2026-06-01T00:00:00.000Z,Price change,2026-05-07T00:00:00.000Z,Listed for sale,2026-05-07T00:00:00.000Z,Listing removed,2026-05-05T00:00:00.000Z,Listed for sale,2023-08-31T00:00:00.000Z,Sold,2023-08-28T00:00:00.000Z,Contingent,2023-08-23T00:00:00.000Z,Listed for sale,,,,,,,,,,,,,,,,,,,,,,,,,,,,,,
"14815 Parkway Meadows Dr, Alexander, AR 72002",14815 Parkway Meadows Dr,,3,1243,,1525,5,https://www.zillow.com/homedetails/14815-Parkway-Meadows-Dr-Alexander-AR-72002/114165875_zpid/,,187500,2026-08-29T00:00:00.000Z,Listed for rent,2025-08-21T00:00:00.000Z,Listing removed,2025-08-07T00:00:00.000Z,Price change,2025-07-31T00:00:00.000Z,Price change,2025-07-24T00:00:00.000Z,Listed for rent,2023-04-06T00:00:00.000Z,Sold,2023-03-22T00:00:00.000Z,Contingent,2023-02-17T00:00:00.000Z,Price change,2023-01-20T00:00:00.000Z,Price change,2023-01-06T00:00:00.000Z,Listed for sale,2017-05-23T00:00:00.000Z,Sold,2011-04-28T00:00:00.000Z,Sold,,,,,,,,,,,,,,,,,,,,,,,,,,,,,,,,
"3509 Terrace Hill Ct, Benton, AR 72019",3509 Terrace Hill Ct,,3,1500,,1450,3,https://www.zillow.com/homedetails/3509-Terrace-Hill-Ct-Benton-AR-72019/124735446_zpid/,,122580,2026-08-31T00:00:00.000Z,Listed for rent,2023-07-09T00:00:00.000Z,Listing removed,2023-07-06T00:00:00.000Z,Listed for rent,2022-03-04T00:00:00.000Z,Sold,2014-09-04T00:00:00.000Z,Sold,,,,,,,,,,,,,,,,,,,,,,,,,,,,,,,,,,,,,,,,,,,,,,
"42 Winners Cir, Cabot, AR 72023",42 Winners Cir,,3,1521,,1850,27,https://www.zillow.com/homedetails/42-Winners-Cir-Cabot-AR-72023/72176611_zpid/,,196500,2026-08-07T00:00:00.000Z,Listed for rent,2025-10-07T00:00:00.000Z,Listing removed,2025-09-15T00:00:00.000Z,Listed for rent,2025-07-09T00:00:00.000Z,Sold,2025-04-28T00:00:00.000Z,Price change,2025-04-14T00:00:00.000Z,Price change,2025-04-03T00:00:00.000Z,Price change,2025-03-27T00:00:00.000Z,Listed for sale,,,,,,,,,,,,,,,,,,,,,,,,,,,,,,,,,,,,,,,,
"2225 Redwood, Benton, AR 72015",2225 Redwood,,3,1758,,1800,94,https://www.zillow.com/homedetails/2225-Redwood-Benton-AR-72015/52934068_zpid/,,132000,2026-09-03T00:00:00.000Z,Price change,2026-08-17T00:00:00.000Z,Price change,2026-07-13T00:00:00.000Z,Price change,2026-06-01T00:00:00.000Z,Listed for rent,2025-05-31T00:00:00.000Z,Listing removed,2025-05-17T00:00:00.000Z,Listed for rent,2025-05-16T00:00:00.000Z,Listing removed,2025-04-17T00:00:00.000Z,Listed for rent,2025-04-16T00:00:00.000Z,Listing removed,2024-10-29T00:00:00.000Z,Listed for rent,2023-07-19T00:00:00.000Z,Listing removed,2023-06-20T00:00:00.000Z,Listed for rent,2022-03-04T00:00:00.000Z,Listing removed,2022-02-12T00:00:00.000Z,Listed for rent,2020-08-15T00:00:00.000Z,Listing removed,2020-08-04T00:00:00.000Z,Listed for rent,2019-06-13T00:00:00.000Z,Listing removed,2019-06-04T00:00:00.000Z,Listed for rent,2018-10-16T00:00:00.000Z,Listing removed,2018-08-10T00:00:00.000Z,Price change,2018-08-07T00:00:00.000Z,Listed for rent,2015-07-18T00:00:00.000Z,Listing removed,2015-06-11T00:00:00.000Z,Listed for rent,2014-04-25T00:00:00.000Z,Listing removed,2014-02-22T00:00:00.000Z,Listed for rent,2013-10-18T00:00:00.000Z,Sold,2011-11-01T00:00:00.000Z,Sold,2009-01-13T00:00:00.000Z,Sold
"3001 Wild Berry Dr, Benton, AR 72015",3001 Wild Berry Dr,,3,1486,,1725,13,https://www.zillow.com/homedetails/3001-Wild-Berry-Dr-Benton-AR-72015/71716346_zpid/,,184900,2026-08-21T00:00:00.000Z,Listed for rent,2024-07-31T00:00:00.000Z,Listing removed,2024-07-05T00:00:00.000Z,Listed for rent,2023-04-21T00:00:00.000Z,Listing removed,2023-04-19T00:00:00.000Z,Listed for rent,2022-03-28T00:00:00.000Z,Listing removed,2022-03-24T00:00:00.000Z,Price change,2022-03-11T00:00:00.000Z,Listed for rent,2022-02-01T00:00:00.000Z,Sold,2022-02-01T00:00:00.000Z,Contingent,2022-01-06T00:00:00.000Z,Listed for sale,2020-08-31T00:00:00.000Z,Sold,2020-07-10T00:00:00.000Z,Listed for sale,2008-07-11T00:00:00.000Z,Sold,,,,,,,,,,,,,,,,,,,,,,,,,,,,
"1961 Auburn Hills Dr, Benton, AR 72015",1961 Auburn Hills Dr,,3,1470,,1850,31,https://www.zillow.com/homedetails/1961-Auburn-Hills-Dr-Benton-AR-72015/2061982521_zpid/,,210000,2026-08-04T00:00:00.000Z,Sold,2026-08-04T00:00:00.000Z,Listed for rent,2026-08-04T00:00:00.000Z,Contingent,2026-06-22T00:00:00.000Z,Price change,2026-05-30T00:00:00.000Z,Price change,2026-05-06T00:00:00.000Z,Price change,2026-04-27T00:00:00.000Z,Price change,2026-04-02T00:00:00.000Z,Price change,2026-03-31T00:00:00.000Z,Price change,2026-03-28T00:00:00.000Z,Listed for sale,2022-12-16T00:00:00.000Z,Sold,2022-11-18T00:00:00.000Z,Contingent,2022-11-11T00:00:00.000Z,Price change,2022-10-04T00:00:00.000Z,Price change,2022-08-23T00:00:00.000Z,Price change,2022-08-10T00:00:00.000Z,Listed for sale,,,,,,,,,,,,,,,,,,,,,,,,
"2714 Gage Dr, Benton, AR 72019",2714 Gage Dr,,3,1303,,1500,3,https://www.zillow.com/homedetails/2714-Gage-Dr-Benton-AR-72019/92431557_zpid/,,122580,2026-08-31T00:00:00.000Z,Listed for rent,2022-03-04T00:00:00.000Z,Sold,2018-05-12T00:00:00.000Z,Listing removed,2018-04-07T00:00:00.000Z,Listed for rent,2018-02-11T00:00:00.000Z,Listing removed,2018-01-21T00:00:00.000Z,Price change,2017-11-09T00:00:00.000Z,Listed for rent,2017-04-11T00:00:00.000Z,Listing removed,2017-03-19T00:00:00.000Z,Listed for rent,2016-08-25T00:00:00.000Z,Listing removed,2015-11-21T00:00:00.000Z,Listing removed,2015-11-13T00:00:00.000Z,Listed for rent,2007-05-24T00:00:00.000Z,Sold,,,,,,,,,,,,,,,,,,,,,,,,,,,,,,
"667 13th Avenue Dr NE, Hickory, NC 28601",667 13th Avenue Dr NE,,4,2174,,2345,51,https://www.zillow.com/homedetails/667-13th-Avenue-Dr-NE-Hickory-NC-28601/461540370_zpid/,,,2026-09-02T00:00:00.000Z,Price change,2026-07-14T00:00:00.000Z,Listed for rent,2026-05-18T00:00:00.000Z,Listing removed,2026-04-07T00:00:00.000Z,Listed for sale,,,,,,,,,,,,,,,,,,,,,,,,,,,,,,,,,,,,,,,,,,,,,,,,
"110 Rachel Cv, Haskell, AR 72015",110 Rachel Cv,,3,1300,,1300,10,https://www.zillow.com/homedetails/110-Rachel-Cv-Haskell-AR-72015/92429839_zpid/,,,2026-08-24T00:00:00.000Z,Listed for rent,2024-08-12T00:00:00.000Z,Listing removed,2024-08-09T00:00:00.000Z,Listed for rent,2023-07-11T00:00:00.000Z,Listing removed,2023-06-29T00:00:00.000Z,Listed for rent,2022-02-10T00:00:00.000Z,Listing removed,2022-01-31T00:00:00.000Z,Listed for rent,,,,,,,,,,,,,,,,,,,,,,,,,,,,,,,,,,,,,,,,,,
"203 Logan Dr, Maumelle, AR 72113",203 Logan Dr,,3,1472,,1835,34,https://www.zillow.com/homedetails/203-Logan-Dr-Maumelle-AR-72113/2057186362_zpid/,,,2026-08-05T00:00:00.000Z,Price change,2026-07-31T00:00:00.000Z,Listed for rent,2024-08-27T00:00:00.000Z,Listing removed,2024-08-01T00:00:00.000Z,Listed for rent,2023-06-19T00:00:00.000Z,Listing removed,2023-06-10T00:00:00.000Z,Listed for rent,,,,,,,,,,,,,,,,,,,,,,,,,,,,,,,,,,,,,,,,,,,,
"10 Harvest Ln, Conway, AR 72032",10 Harvest Ln,,3,1288,,1495,16,https://www.zillow.com/homedetails/10-Harvest-Ln-Conway-AR-72032/338960356_zpid/,,,2026-08-18T00:00:00.000Z,Listed for rent,2024-10-10T00:00:00.000Z,Listing removed,2024-09-25T00:00:00.000Z,Listed for rent,2022-09-22T00:00:00.000Z,Listing removed,2022-08-25T00:00:00.000Z,Price change,2022-08-03T00:00:00.000Z,Listed for sale,,,,,,,,,,,,,,,,,,,,,,,,,,,,,,,,,,,,,,,,,,,,
"2007 Arkansas Ave, Conway, AR 72034",2007 Arkansas Ave,,3,1301,,1495,2,https://www.zillow.com/homedetails/2007-Arkansas-Ave-Conway-AR-72034/234341_zpid/,,90000,2026-09-02T00:00:00.000Z,Listed for rent,2026-08-26T00:00:00.000Z,Sold,2026-08-25T00:00:00.000Z,Contingent,2026-07-20T00:00:00.000Z,Price change,2026-05-19T00:00:00.000Z,Listed for sale,2026-05-19T00:00:00.000Z,Listing removed,2026-04-17T00:00:00.000Z,Price change,2026-03-09T00:00:00.000Z,Price change,2025-11-18T00:00:00.000Z,Listed for sale,2015-02-18T00:00:00.000Z,Sold,2012-05-07T00:00:00.000Z,Sold,,,,,,,,,,,,,,,,,,,,,,,,,,,,,,,,,,
"154 Roman Heights Ave, Alexander, AR 72002",154 Roman Heights Ave,,,,,,,https://www.zillow.com/b/154-roman-heights-ave-alexander-ar-Cdzchh/,,,,,,,,,,,,,,,,,,,,,,,,,,,,,,,,,,,,,,,,,,,,,,,,,,,,,,,,,,
"106 10th Ave SE, Hickory, NC 28602",106 10th Ave SE,,3,1333,,1595,79,https://www.zillow.com/homedetails/106-10th-Ave-SE-Hickory-NC-28602/463282226_zpid/,,,2026-06-16T00:00:00.000Z,Listed for rent,,,,,,,,,,,,,,,,,,,,,,,,,,,,,,,,,,,,,,,,,,,,,,,,,,,,,,
"1219 N Parker Haskell St, Benton, AR 72015",1219 N Parker Haskell St,,3,1680,,1400,56,https://www.zillow.com/homedetails/1219-N-Parker-Haskell-St-Benton-AR-72015/392830_zpid/,,35564,2026-08-31T00:00:00.000Z,Price change,2026-08-06T00:00:00.000Z,Price change,2026-07-09T00:00:00.000Z,Listed for rent,2025-12-12T00:00:00.000Z,Listing removed,2025-11-20T00:00:00.000Z,Listed for rent,2025-05-09T00:00:00.000Z,Listing removed,2025-05-04T00:00:00.000Z,Listing removed,2025-04-22T00:00:00.000Z,Price change,2025-04-13T00:00:00.000Z,Listed for rent,2025-03-03T00:00:00.000Z,Price change,2025-02-10T00:00:00.000Z,Price change,2025-02-02T00:00:00.000Z,Listed for sale,2023-09-17T00:00:00.000Z,Listing removed,2023-09-03T00:00:00.000Z,Listed for rent,2023-08-29T00:00:00.000Z,Listing removed,2023-06-16T00:00:00.000Z,Listed for sale,2023-04-17T00:00:00.000Z,Listing removed,2023-03-05T00:00:00.000Z,Price change,2023-02-01T00:00:00.000Z,Listed for sale,2022-05-23T00:00:00.000Z,Listing removed,2022-04-30T00:00:00.000Z,Listed for sale,2022-04-28T00:00:00.000Z,Contingent,2022-04-27T00:00:00.000Z,Price change,2022-03-26T00:00:00.000Z,Listed for sale,2016-02-18T00:00:00.000Z,Sold,2015-09-02T00:00:00.000Z,Sold,2009-08-13T00:00:00.000Z,Sold,2008-05-06T00:00:00.000Z,Sold
"60 Parkview Dr, Cabot, AR 72023",60 Parkview Dr,,3,1475,,1375,29,https://www.zillow.com/homedetails/60-Parkview-Dr-Cabot-AR-72023/255734_zpid/,,135000,2026-08-05T00:00:00.000Z,Listed for rent,2025-06-11T00:00:00.000Z,Listing removed,2025-06-10T00:00:00.000Z,Listed for rent,2025-06-09T00:00:00.000Z,Listing removed,2025-05-09T00:00:00.000Z,Listed for rent,2023-04-19T00:00:00.000Z,Listing removed,2023-04-06T00:00:00.000Z,Listed for rent,2022-08-24T00:00:00.000Z,Listing removed,2022-08-03T00:00:00.000Z,Listed for rent,2022-06-28T00:00:00.000Z,Sold,2017-04-01T00:00:00.000Z,Listing removed,2017-02-26T00:00:00.000Z,Listed for rent,2013-07-08T00:00:00.000Z,Sold,2010-01-05T00:00:00.000Z,Sold,2009-01-20T00:00:00.000Z,Listing removed,2008-09-29T00:00:00.000Z,Listed for sale,,,,,,,,,,,,,,,,,,,,,,,,
"509 E Elm St, Cabot, AR 72023",509 E Elm St,,3,1056,,1450,56,https://www.zillow.com/homedetails/509-E-Elm-St-Cabot-AR-72023/257181_zpid/,,185000,2026-08-20T00:00:00.000Z,Price change,2026-07-23T00:00:00.000Z,Price change,2026-07-09T00:00:00.000Z,Listed for rent,2026-07-09T00:00:00.000Z,Listing removed,2026-05-02T00:00:00.000Z,Listed for rent,2026-04-16T00:00:00.000Z,Listing removed,2026-02-18T00:00:00.000Z,Price change,2026-02-04T00:00:00.000Z,Listed for rent,2023-04-10T00:00:00.000Z,Sold,2023-01-19T00:00:00.000Z,Listing removed,2023-01-18T00:00:00.000Z,Listed for rent,2023-01-06T00:00:00.000Z,Listing removed,2022-10-26T00:00:00.000Z,Listed for sale,2021-05-28T00:00:00.000Z,Sold,2015-07-27T00:00:00.000Z,Sold,2012-10-07T00:00:00.000Z,Listing removed,2012-09-20T00:00:00.000Z,Price change,2012-06-20T00:00:00.000Z,Listed for sale,,,,,,,,,,,,,,,,,,,,
"14095 Magnolia Glen Dr, Alexander, AR 72002",14095 Magnolia Glen Dr,,3,1228,,1530,2,https://www.zillow.com/homedetails/14095-Magnolia-Glen-Dr-Alexander-AR-72002/88906053_zpid/,,119500,2026-09-01T00:00:00.000Z,Listed for rent,2020-12-08T00:00:00.000Z,Listing removed,2020-12-02T00:00:00.000Z,Listed for rent,2016-09-27T00:00:00.000Z,Sold,2016-06-29T00:00:00.000Z,Price change,2016-06-06T00:00:00.000Z,Listed for sale,2015-07-08T00:00:00.000Z,Listing removed,2015-06-13T00:00:00.000Z,Listed for rent,2014-07-19T00:00:00.000Z,Listing removed,2014-06-20T00:00:00.000Z,Listed for rent,2013-07-17T00:00:00.000Z,Listing removed,2013-07-03T00:00:00.000Z,Price change,2013-06-14T00:00:00.000Z,Price change,2013-05-17T00:00:00.000Z,Listed for rent,2009-11-06T00:00:00.000Z,Sold,,,,,,,,,,,,,,,,,,,,,,,,,,
"5719 Heritage Heights Dr, Benton, AR 72019",5719 Heritage Heights Dr,,4,1650,,1800,20,https://www.zillow.com/homedetails/5719-Heritage-Heights-Dr-Benton-AR-72019/71715729_zpid/,,22000,2026-08-14T00:00:00.000Z,Listed for rent,2025-04-01T00:00:00.000Z,Listing removed,2025-03-06T00:00:00.000Z,Listed for rent,2023-10-30T00:00:00.000Z,Listing removed,2023-10-23T00:00:00.000Z,Listed for rent,2022-10-27T00:00:00.000Z,Listing removed,2022-09-26T00:00:00.000Z,Price change,2022-08-22T00:00:00.000Z,Listed for rent,2021-03-24T00:00:00.000Z,Listing removed,2018-08-04T00:00:00.000Z,Listing removed,2018-07-30T00:00:00.000Z,Listed for rent,2017-02-19T00:00:00.000Z,Listing removed,2017-02-06T00:00:00.000Z,Listed for rent,2016-10-28T00:00:00.000Z,Listing removed,2014-04-08T00:00:00.000Z,Listing removed,2014-03-29T00:00:00.000Z,Listed for rent,2013-01-05T00:00:00.000Z,Listing removed,2012-10-26T00:00:00.000Z,Listed for sale,2012-10-26T00:00:00.000Z,Listing removed,2012-10-07T00:00:00.000Z,Listed for rent,2010-03-24T00:00:00.000Z,Sold,,,,,,,,,,,,,,
"3802 Pinecrest Ln, Maumelle, AR 72113",3802 Pinecrest Ln,,4,2435,,2700,0,https://www.zillow.com/homedetails/3802-Pinecrest-Ln-Maumelle-AR-72113/465038347_zpid/,,,2026-09-03T00:00:00.000Z,Listed for rent,,,,,,,,,,,,,,,,,,,,,,,,,,,,,,,,,,,,,,,,,,,,,,,,,,,,,,
"10505 Cypress Knee Dr, North Little Rock, AR 72113",10505 Cypress Knee Dr,,3,1678,,1850,9,https://www.zillow.com/homedetails/10505-Cypress-Knee-Dr-North-Little-Rock-AR-72113/2061799089_zpid/,,233425,2026-08-25T00:00:00.000Z,Listed for rent,2023-02-28T00:00:00.000Z,Sold,2023-01-21T00:00:00.000Z,Contingent,2022-12-27T00:00:00.000Z,Price change,2022-11-23T00:00:00.000Z,Listed for sale,2022-09-07T00:00:00.000Z,Listing removed,2022-08-24T00:00:00.000Z,Listed for sale,,,,,,,,,,,,,,,,,,,,,,,,,,,,,,,,,,,,,,,,,,
"170 Bighorn Trl, Maumelle, AR 72113",170 Bighorn Trl,,3,1382,,1850,12,https://www.zillow.com/homedetails/170-Bighorn-Trl-Maumelle-AR-72113/461017693_zpid/,,,2026-08-22T00:00:00.000Z,Listed for rent,2026-08-22T00:00:00.000Z,Listing removed,2026-08-19T00:00:00.000Z,Listing removed,2026-07-11T00:00:00.000Z,Listed for rent,2026-06-24T00:00:00.000Z,Contingent,2026-03-13T00:00:00.000Z,Listed for sale,,,,,,,,,,,,,,,,,,,,,,,,,,,,,,,,,,,,,,,,,,,,
"144 Jonathan Dr, Maumelle, AR 72113",144 Jonathan Dr,,3,1402,,1800,32,https://www.zillow.com/homedetails/144-Jonathan-Dr-Maumelle-AR-72113/462538135_zpid/,,225150,2026-08-23T00:00:00.000Z,Price change,2026-08-02T00:00:00.000Z,Listed for rent,2026-07-31T00:00:00.000Z,Sold,2026-07-06T00:00:00.000Z,Contingent,2026-06-17T00:00:00.000Z,Price change,2026-06-08T00:00:00.000Z,Price change,2026-05-19T00:00:00.000Z,Listed for sale,,,,,,,,,,,,,,,,,,,,,,,,,,,,,,,,,,,,,,,,,,
"8616 Eastwood Creek Dr, North Little Rock, AR 72113",8616 Eastwood Creek Dr,,3,1722,,1950,14,https://www.zillow.com/homedetails/8616-Eastwood-Creek-Dr-North-Little-Rock-AR-72113/2059022685_zpid/,,246600,2026-08-20T00:00:00.000Z,Listed for rent,2026-08-20T00:00:00.000Z,Listing removed,2026-08-08T00:00:00.000Z,Price change,2026-07-16T00:00:00.000Z,Listed for rent,2023-06-12T00:00:00.000Z,Sold,2023-05-02T00:00:00.000Z,Contingent,2023-03-02T00:00:00.000Z,Listed for sale,2023-03-01T00:00:00.000Z,Contingent,2023-02-24T00:00:00.000Z,Listed for sale,,,,,,,,,,,,,,,,,,,,,,,,,,,,,,,,,,,,,,
"70 Nona Ruth Ln, Cabot, AR 72023",70 Nona Ruth Ln,,3,1612,,1575,3,https://www.zillow.com/homedetails/70-Nona-Ruth-Ln-Cabot-AR-72023/461972683_zpid/,,214900,2026-08-31T00:00:00.000Z,Listed for rent,2026-08-27T00:00:00.000Z,Sold,2026-05-29T00:00:00.000Z,Contingent,2026-04-24T00:00:00.000Z,Listed for sale,,,,,,,,,,,,,,,,,,,,,,,,,,,,,,,,,,,,,,,,,,,,,,,,
"70 Kinley Brook Ln, Cabot, AR 72023",70 Kinley Brook Ln,,3,1012,,1595,24,https://www.zillow.com/homedetails/70-Kinley-Brook-Ln-Cabot-AR-72023/2055560788_zpid/,,175775,2026-08-11T00:00:00.000Z,Listed for rent,2024-06-17T00:00:00.000Z,Listing removed,2024-05-22T00:00:00.000Z,Price change,2024-03-06T00:00:00.000Z,Listed for rent,2024-02-27T00:00:00.000Z,Sold,2024-02-17T00:00:00.000Z,Contingent,2023-12-26T00:00:00.000Z,Price change,2023-11-15T00:00:00.000Z,Price change,2023-09-12T00:00:00.000Z,Listed for sale,,,,,,,,,,,,,,,,,,,,,,,,,,,,,,,,,,,,,,
"55 Maddison Rachael, Cabot, AR 72023",55 Maddison Rachael,,4,1459,,1475,34,https://www.zillow.com/homedetails/55-Maddison-Rachael-Cabot-AR-72023/461972684_zpid/,,212900,2026-08-27T00:00:00.000Z,Price change,2026-07-31T00:00:00.000Z,Listed for rent,2026-07-24T00:00:00.000Z,Sold,2026-06-01T00:00:00.000Z,Contingent,2026-04-24T00:00:00.000Z,Listed for sale,,,,,,,,,,,,,,,,,,,,,,,,,,,,,,,,,,,,,,,,,,,,,,
"50 Swayze Rhys Ln, Cabot, AR 72023",50 Swayze Rhys Ln,,4,1652,,1700,20,https://www.zillow.com/homedetails/50-Swayze-Rhys-Ln-Cabot-AR-72023/350308169_zpid/,,217825,2026-08-19T00:00:00.000Z,Price change,2026-08-15T00:00:00.000Z,Listed for rent,2026-08-15T00:00:00.000Z,Listing removed,2026-08-08T00:00:00.000Z,Price change,2026-06-16T00:00:00.000Z,Listed for sale,2024-08-29T00:00:00.000Z,Sold,2024-05-31T00:00:00.000Z,Listing removed,2024-05-18T00:00:00.000Z,Listed for sale,,,,,,,,,,,,,,,,,,,,,,,,,,,,,,,,,,,,,,,,
"35 Foster Louis Ln, Cabot, AR 72023",35 Foster Louis Ln,,3,1234,,1455,6,https://www.zillow.com/homedetails/35-Foster-Louis-Ln-Cabot-AR-72023/349183675_zpid/,,,2026-08-28T00:00:00.000Z,Listed for rent,2024-08-07T00:00:00.000Z,Listing removed,2024-08-06T00:00:00.000Z,Listed for rent,2024-08-06T00:00:00.000Z,Listing removed,2024-05-04T00:00:00.000Z,Listed for rent,,,,,,,,,,,,,,,,,,,,,,,,,,,,,,,,,,,,,,,,,,,,,,
"95 Maddison Rachael, Cabot, AR 72023",95 Maddison Rachael,,4,1699,,1595,3,https://www.zillow.com/homedetails/95-Maddison-Rachael-Cabot-AR-72023/464465994_zpid/,,220900,2026-08-31T00:00:00.000Z,Listed for rent,2026-08-27T00:00:00.000Z,Sold,,,,,,,,,,,,,,,,,,,,,,,,,,,,,,,,,,,,,,,,,,,,,,,,,,,,
"65 Swayze Rhys Ln, Cabot, AR 72023",65 Swayze Rhys Ln,,3,1633,,1700,21,https://www.zillow.com/homedetails/65-Swayze-Rhys-Ln-Cabot-AR-72023/2052994194_zpid/,,213925,2026-08-13T00:00:00.000Z,Listed for rent,2024-05-01T00:00:00.000Z,Sold,2024-04-05T00:00:00.000Z,Contingent,2024-02-09T00:00:00.000Z,Price change,2024-02-01T00:00:00.000Z,Listed for sale,,,,,,,,,,,,,,,,,,,,,,,,,,,,,,,,,,,,,,,,,,,,,,
"6006 Hoover St, Maumelle, AR 72113",6006 Hoover St,,2,1450,,1595,6,https://www.zillow.com/homedetails/6006-Hoover-St-Maumelle-AR-72113/2062966797_zpid/,,,2026-08-28T00:00:00.000Z,Listed for rent,2022-09-28T00:00:00.000Z,Listing removed,2022-09-15T00:00:00.000Z,Listed for rent,,,,,,,,,,,,,,,,,,,,,,,,,,,,,,,,,,,,,,,,,,,,,,,,,,
"2400 SW Ednruance Way #2, Maumelle, AR 72113",2400 SW Ednruance Way #2,,3,1200,,2125,73,https://www.zillow.com/homedetails/2400-SW-Ednruance-Way-2-Maumelle-AR-72113/463401793_zpid/,,,2026-06-23T00:00:00.000Z,Listed for rent,,,,,,,,,,,,,,,,,,,,,,,,,,,,,,,,,,,,,,,,,,,,,,,,,,,,,,
"4340 Sloan Dr, Alexander, AR 72002",4340 Sloan Dr,,4,1850,,2140,40,https://www.zillow.com/homedetails/4340-Sloan-Dr-Alexander-AR-72002/442183331_zpid/,,267480,2026-08-09T00:00:00.000Z,Listed for rent,2026-07-28T00:00:00.000Z,Listing removed,2026-07-25T00:00:00.000Z,Listed for rent,2026-07-08T00:00:00.000Z,Listing removed,2026-06-20T00:00:00.000Z,Listed for rent,2025-08-06T00:00:00.000Z,Listing removed,2025-07-11T00:00:00.000Z,Listed for rent,2025-03-25T00:00:00.000Z,Sold,2025-02-10T00:00:00.000Z,Contingent,2025-01-17T00:00:00.000Z,Price change,2025-01-16T00:00:00.000Z,Price change,2024-10-30T00:00:00.000Z,Listed for sale,,,,,,,,,,,,,,,,,,,,,,,,,,,,,,,,
"60 Leruss Blvd, Cabot, AR 72023",60 Leruss Blvd,,3,1422,,1425,30,https://www.zillow.com/homedetails/60-Leruss-Blvd-Cabot-AR-72023/342062290_zpid/,,203000,2026-08-27T00:00:00.000Z,Price change,2026-08-04T00:00:00.000Z,Listed for rent,2024-06-22T00:00:00.000Z,Listing removed,2024-06-15T00:00:00.000Z,Listed for rent,2024-06-11T00:00:00.000Z,Sold,2024-04-10T00:00:00.000Z,Listing removed,2024-04-04T00:00:00.000Z,Price change,2024-03-02T00:00:00.000Z,Price change,2024-02-27T00:00:00.000Z,Listed for sale,,,,,,,,,,,,,,,,,,,,,,,,,,,,,,,,,,,,,,
"2277 Sam Tillery Dr, Alexander, AR 72002",2277 Sam Tillery Dr,,4,1439,,1795,7,https://www.zillow.com/homedetails/2277-Sam-Tillery-Dr-Alexander-AR-72002/462316857_zpid/,,222900,2026-08-27T00:00:00.000Z,Listed for rent,2026-08-25T00:00:00.000Z,Sold,2026-05-12T00:00:00.000Z,Listing removed,2026-05-09T00:00:00.000Z,Listed for sale,,,,,,,,,,,,,,,,,,,,,,,,,,,,,,,,,,,,,,,,,,,,,,,,
