listingAddress/full,listingAddress/street,listingAddress/city,listingAddress/state,homeStatus,listingStatus,bedrooms,livingArea,price,listingPrice/amount,daysOnZillow,propertyUrl,hdpUrl,lastSoldPrice,listingPriceHistory/0/date,listingPriceHistory/0/event,listingPriceHistory/1/date,listingPriceHistory/1/event,listingPriceHistory/2/date,listingPriceHistory/2/event,listingPriceHistory/3/date,listingPriceHistory/3/event,listingPriceHistory/4/date,listingPriceHistory/4/event,listingPriceHistory/5/date,listingPriceHistory/5/event,listingPriceHistory/6/date,listingPriceHistory/6/event,listingPriceHistory/7/date,listingPriceHistory/7/event,listingPriceHistory/8/date,listingPriceHistory/8/event,listingPriceHistory/9/date,listingPriceHistory/9/event,listingPriceHistory/10/date,listingPriceHistory/10/event,listingPriceHistory/11/date,listingPriceHistory/11/event,listingPriceHistory/12/date,listingPriceHistory/12/event,listingPriceHistory/13/date,listingPriceHistory/13/event,listingPriceHistory/14/date,listingPriceHistory/14/event,listingPriceHistory/15/date,listingPriceHistory/15/event,listingPriceHistory/16/date,listingPriceHistory/16/event,listingPriceHistory/17/date,listingPriceHistory/17/event,listingPriceHistory/18/date,listingPriceHistory/18/event,listingPriceHistory/19/date,listingPriceHistory/19/event,listingPriceHistory/20/date,listingPriceHistory/20/event,listingPriceHistory/21/date,listingPriceHistory/21/event,listingPriceHistory/22/date,listingPriceHistory/22/event,listingPriceHistory/23/date,listingPriceHistory/23/event,listingPriceHistory/24/date,listingPriceHistory/24/event,listingPriceHistory/25/date,listingPriceHistory/25/event,listingPriceHistory/26/date,listingPriceHistory/26/event,listingPriceHistory/27/date,listingPriceHistory/27/event,listingPriceHistory/28/date,listingPriceHistory/28/event,listingPriceHistory/29/date,listingPriceHistory/29/event
"2204 Carywood Dr, Bryant, AR 72022",2204 Carywood Dr,Bryant,AR,,forRent,3,1160,,1419,4,https://www.zillow.com/homedetails/2204-Carywood-Dr-Bryant-AR-72022/390227_zpid/,,145000,2026-09-30T00:00:00.000Z,Listed for rent,2025-09-24T00:00:00.000Z,Listing removed,2025-09-05T00:00:00.000Z,Listed for rent,2025-05-15T00:00:00.000Z,Listing removed,2025-05-14T00:00:00.000Z,Price change,2025-05-12T00:00:00.000Z,Listed for rent,2025-05-02T00:00:00.000Z,Listing removed,2025-04-24T00:00:00.000Z,Price change,2025-04-17T00:00:00.000Z,Listed for rent,2023-12-01T00:00:00.000Z,Sold,2023-09-25T00:00:00.000Z,Listing removed,2023-08-01T00:00:00.000Z,Listed for rent,2023-07-12T00:00:00.000Z,Listing removed,2023-07-03T00:00:00.000Z,Listed for rent,2022-06-20T00:00:00.000Z,Listing removed,2022-06-01T00:00:00.000Z,Listed for rent,2020-07-01T00:00:00.000Z,Listing removed,2020-03-04T00:00:00.000Z,Listed for rent,2019-04-06T00:00:00.000Z,Listing removed,2019-03-28T00:00:00.000Z,Sold,2019-03-23T00:00:00.000Z,Listed for rent,2014-08-01T00:00:00.000Z,Sold,2014-05-29T00:00:00.000Z,Listed for sale,2012-12-18T00:00:00.000Z,Sold,2012-11-17T00:00:00.000Z,Pending sale,2012-09-29T00:00:00.000Z,Listed for sale,,,,,,,,
"7016 Pearl Valley Cv, Alexander, AR 72002",7016 Pearl Valley Cv,Alexander,AR,,forRent,3,1262,,1515,9,https://www.zillow.com/homedetails/7016-Pearl-Valley-Cv-Alexander-AR-72002/2092458994_zpid/,,,2026-09-25T00:00:00.000Z,Listed for rent,2023-05-29T00:00:00.000Z,Listing removed,2023-05-22T00:00:00.000Z,Listed for rent,2019-01-04T00:00:00.000Z,Listing removed,2018-12-15T00:00:00.000Z,Listed for rent,2017-12-02T00:00:00.000Z,Listing removed,2017-10-31T00:00:00.000Z,Price change,2017-10-10T00:00:00.000Z,Listed for rent,,,,,,,,,,,,,,,,,,,,,,,,,,,,,,,,,,,,,,,,,,,,
"2169 Bentwood Dr, Alexander, AR 72002",2169 Bentwood Dr,Alexander,AR,,forRent,4,1477,,1900,13,https://www.zillow.com/homedetails/2169-Bentwood-Dr-Alexander-AR-72002/2064742947_zpid/,,223785,2026-09-21T00:00:00.000Z,Listed for rent,2025-07-24T00:00:00.000Z,Listing removed,2025-06-30T00:00:00.000Z,Price change,2025-05-23T00:00:00.000Z,Listed for rent,2025-05-21T00:00:00.000Z,Listing removed,2025-05-19T00:00:00.000Z,Listed for rent,2025-03-13T00:00:00.000Z,Listing removed,2025-01-29T00:00:00.000Z,Listing removed,2025-01-28T00:00:00.000Z,Listed for sale,2025-01-23T00:00:00.000Z,Listed for rent,2022-08-27T00:00:00.000Z,Listing removed,2022-08-06T00:00:00.000Z,Listed for rent,2022-06-29T00:00:00.000Z,Sold,2022-04-05T00:00:00.000Z,Contingent,2022-04-02T00:00:00.000Z,Listing removed,2022-03-31T00:00:00.000Z,Listed for sale,,,,,,,,,,,,,,,,,,,,,,,,,,,,
"22530 Sam Tillery Dr, Alexander, AR 72002",22530 Sam Tillery Dr,Alexander,AR,,forRent,3,1633,,1995,12,https://www.zillow.com/homedetails/22530-Sam-Tillery-Dr-Alexander-AR-72002/465489014_zpid/,,,2026-09-22T00:00:00.000Z,Listed for rent,,,,,,,,,,,,,,,,,,,,,,,,,,,,,,,,,,,,,,,,,,,,,,,,,,,,,,,,,,
"7125 Anderson St, Alexander, AR 72002",7125 Anderson St,Alexander,AR,,forRent,3,1906,,1650,11,https://www.zillow.com/homedetails/7125-Anderson-St-Alexander-AR-72002/368443_zpid/,,167000,2026-09-23T00:00:00.000Z,Listed for rent,2023-09-08T00:00:00.000Z,Listing removed,2023-07-24T00:00:00.000Z,Price change,2023-07-21T00:00:00.000Z,Listed for rent,2022-08-08T00:00:00.000Z,Listing removed,2022-07-27T00:00:00.000Z,Listed for rent,2021-04-26T00:00:00.000Z,Sold,2021-03-22T00:00:00.000Z,Listed for sale,2017-04-18T00:00:00.000Z,Listing removed,2017-04-07T00:00:00.000Z,Listed for sale,2016-10-05T00:00:00.000Z,Sold,,,,,,,,,,,,,,,,,,,,,,,,,,,,,,,,,,,,,,
"830 Gussy Ln, Benton, AR 72019",830 Gussy Ln,Benton,AR,,forRent,,,,,,https://www.zillow.com/b/830-gussy-ln-benton-ar-CqYvFB/,,,,,,,,,,,,,,,,,,,,,,,,,,,,,,,,,,,,,,,,,,,,,,,,,,,,,,,,,,,,,,
"590 Wisteria Dr, Bauxite, AR 72011",590 Wisteria Dr,Bauxite,AR,,forRent,3,1632,,1595,6,https://www.zillow.com/homedetails/590-Wisteria-Dr-Bauxite-AR-72011/71712500_zpid/,,,2026-09-28T00:00:00.000Z,Listed for rent,2025-04-16T00:00:00.000Z,Listing removed,2025-02-13T00:00:00.000Z,Listed for rent,2024-03-09T00:00:00.000Z,Listing removed,2024-02-16T00:00:00.000Z,Listed for rent,,,,,,,,,,,,,,,,,,,,,,,,,,,,,,,,,,,,,,,,,,,,,,,,,,
"3031 Trelon Cv, Alexander, AR 72002",3031 Trelon Cv,Alexander,AR,,forRent,3,1640,,1645,10,https://www.zillow.com/homedetails/3031-Trelon-Cv-Alexander-AR-72002/2062143982_zpid/,,,2026-09-25T00:00:00.000Z,Listed for rent,2023-12-15T00:00:00.000Z,Listing removed,2023-12-05T00:00:00.000Z,Price change,2023-10-26T00:00:00.000Z,Listed for rent,2023-04-19T00:00:00.000Z,Listing removed,2023-03-24T00:00:00.000Z,Price change,2023-02-17T00:00:00.000Z,Price change,2023-01-26T00:00:00.000Z,Listed for rent,2022-12-15T00:00:00.000Z,Listing removed,2022-11-30T00:00:00.000Z,Price change,2022-11-16T00:00:00.000Z,Price change,2022-11-03T00:00:00.000Z,Price change,2022-09-20T00:00:00.000Z,Price change,2022-09-03T00:00:00.000Z,Price change,2022-08-23T00:00:00.000Z,Price change,2022-08-04T00:00:00.000Z,Listed for sale,,,,,,,,,,,,,,,,,,,,,,,,,,,,
"2120 Justus Loop, Bryant, AR 72022",2120 Justus Loop,Bryant,AR,,forRent,3,1440,,1500,9,https://www.zillow.com/homedetails/2120-Justus-Loop-Bryant-AR-72022/391757_zpid/,,96000,2026-09-25T00:00:00.000Z,Listed for rent,2023-05-08T00:00:00.000Z,Listing removed,2023-01-27T00:00:00.000Z,Listed for rent,2022-03-04T00:00:00.000Z,Listing removed,2022-02-05T00:00:00.000Z,Listed for rent,2019-04-04T00:00:00.000Z,Listing removed,2019-03-12T00:00:00.000Z,Price change,2018-12-21T00:00:00.000Z,Listed for rent,2018-10-24T00:00:00.000Z,Sold,2018-08-15T00:00:00.000Z,Listed for sale,2018-07-27T00:00:00.000Z,Sold,2018-05-27T00:00:00.000Z,Listed for sale,2018-05-26T00:00:00.000Z,Pending sale,2018-05-26T00:00:00.000Z,Listed for sale,2015-09-10T00:00:00.000Z,Listing removed,2015-08-12T00:00:00.000Z,Listed for sale,2006-05-03T00:00:00.000Z,Sold,,,,,,,,,,,,,,,,,,,,,,,,,,
"6413 Amalie Dr, Alexander, AR 72002",6413 Amalie Dr,Alexander,AR,,forRent,3,1485,,1675,26,https://www.zillow.com/homedetails/6413-Amalie-Dr-Alexander-AR-72002/247595729_zpid/,,198000,2026-09-08T00:00:00.000Z,Listed for rent,2025-08-18T00:00:00.000Z,Listing removed,2025-08-06T00:00:00.000Z,Listed for rent,2022-05-12T00:00:00.000Z,Listing removed,2022-05-04T00:00:00.000Z,Price change,2022-04-27T00:00:00.000Z,Price change,2022-04-12T00:00:00.000Z,Listed for rent,2022-03-03T00:00:00.000Z,Contingent,2022-03-01T00:00:00.000Z,Sold,2022-01-18T00:00:00.000Z,Listed for sale,2018-09-21T00:00:00.000Z,Sold,2018-08-07T00:00:00.000Z,Listed for sale,2018-06-21T00:00:00.000Z,Listing removed,2018-05-23T00:00:00.000Z,Price change,2018-05-11T00:00:00.000Z,Listed for sale,,,,,,,,,,,,,,,,,,,,,,,,,,,,,,
"2508 Garden Dr, Benton, AR 72015",2508 Garden Dr,Benton,AR,,forRent,3,1405,,1675,20,https://www.zillow.com/homedetails/2508-Garden-Dr-Benton-AR-72015/464958578_zpid/,,,2026-09-30T00:00:00.000Z,Listing removed,2026-09-14T00:00:00.000Z,Listed for rent,2026-09-01T00:00:00.000Z,Pending sale,,,,,,,,,,,,,,,,,,,,,,,,,,,,,,,,,,,,,,,,,,,,,,,,,,,,,,
"2705 Timbermist Cir, Benton, AR 72015",2705 Timbermist Cir,Benton,AR,,forRent,3,1200,,1575,17,https://www.zillow.com/homedetails/2705-Timbermist-Cir-Benton-AR-72015/386796_zpid/,,151000,2026-09-17T00:00:00.000Z,Listed for rent,2025-09-02T00:00:00.000Z,Listing removed,2025-08-27T00:00:00.000Z,Price change,2025-08-14T00:00:00.000Z,Price change,2025-06-30T00:00:00.000Z,Listed for rent,2022-08-30T00:00:00.000Z,Listing removed,2022-08-24T00:00:00.000Z,Listed for rent,2021-08-09T00:00:00.000Z,Listing removed,2021-08-05T00:00:00.000Z,Listed for rent,2021-07-07T00:00:00.000Z,Sold,2021-07-07T00:00:00.000Z,Contingent,2021-06-05T00:00:00.000Z,Listed for sale,2021-03-24T00:00:00.000Z,Listing removed,2018-12-27T00:00:00.000Z,Listing removed,2018-09-29T00:00:00.000Z,Listed for sale,2008-06-20T00:00:00.000Z,Sold,,,,,,,,,,,,,,,,,,,,,,,,,,,,
"2416 Ramond Ln, Bryant, AR 72022",2416 Ramond Ln,Bryant,AR,,forRent,4,2300,,2550,42,https://www.zillow.com/homedetails/2416-Ramond-Ln-Bryant-AR-72022/122006163_zpid/,,249900,2026-09-30T00:00:00.000Z,Price change,2026-09-29T00:00:00.000Z,Listing removed,2026-09-03T00:00:00.000Z,Price change,2026-08-26T00:00:00.000Z,Listed for rent,2026-07-25T00:00:00.000Z,Listed for sale,2023-05-30T00:00:00.000Z,Listing removed,2023-05-16T00:00:00.000Z,Listed for rent,2015-04-30T00:00:00.000Z,Sold,,,,,,,,,,,,,,,,,,,,,,,,,,,,,,,,,,,,,,,,,,,,
"402 Stone Creek Dr, Benton, AR 72015",402 Stone Creek Dr,Benton,AR,,forRent,4,1762,,1895,26,https://www.zillow.com/homedetails/402-Stone-Creek-Dr-Benton-AR-72015/71716020_zpid/,,178000,2026-09-08T00:00:00.000Z,Listed for rent,2023-09-17T00:00:00.000Z,Listing removed,2023-07-18T00:00:00.000Z,Listing removed,2023-06-14T00:00:00.000Z,Price change,2023-06-06T00:00:00.000Z,Listed for rent,2021-09-16T00:00:00.000Z,Sold,2021-09-02T00:00:00.000Z,Contingent,2016-08-06T00:00:00.000Z,Listing removed,2016-07-13T00:00:00.000Z,Listed for sale,2016-05-27T00:00:00.000Z,Listing removed,2016-04-15T00:00:00.000Z,Listed for sale,2006-07-11T00:00:00.000Z,Sold,,,,,,,,,,,,,,,,,,,,,,,,,,,,,,,,,,,,
"3002 Forest Dr, Bryant, AR 72022",3002 Forest Dr,Bryant,AR,,forRent,3,1409,,1650,25,https://www.zillow.com/homedetails/3002-Forest-Dr-Bryant-AR-72022/390575_zpid/,,213000,2026-09-10T00:00:00.000Z,Listed for rent,2026-08-25T00:00:00.000Z,Contingent,2026-08-24T00:00:00.000Z,Sold,2026-06-30T00:00:00.000Z,Listed for sale,2018-03-05T00:00:00.000Z,Sold,2011-03-18T00:00:00.000Z,Sold,2011-02-13T00:00:00.000Z,Listed for sale,2006-08-16T00:00:00.000Z,Sold,,,,,,,,,,,,,,,,,,,,,,,,,,,,,,,,,,,,,,,,,,,,
"227 Iris St, Haskell, AR 72015",227 Iris St,Haskell,AR,,forRent,3,1420,,1625,69,https://www.zillow.com/homedetails/227-Iris-St-Haskell-AR-72015/2060765172_zpid/,,195000,2026-09-23T00:00:00.000Z,Price change,2026-09-10T00:00:00.000Z,Price change,2026-08-27T00:00:00.000Z,Price change,2026-07-27T00:00:00.000Z,Listed for rent,2023-02-16T00:00:00.000Z,Listing removed,2023-02-08T00:00:00.000Z,Price change,2023-01-26T00:00:00.000Z,Price change,2022-12-09T00:00:00.000Z,Listed for rent,2022-11-10T00:00:00.000Z,Sold,,,,,,,,,,,,,,,,,,,,,,,,,,,,,,,,,,,,,,,,,,
"1008 Santa Fe Trl, Bauxite, AR 72011",1008 Santa Fe Trl,Bauxite,AR,,forRent,,,,,,https://www.zillow.com/b/1008-santa-fe-trl-bauxite-ar-BqKjfx/,,,,,,,,,,,,,,,,,,,,,,,,,,,,,,,,,,,,,,,,,,,,,,,,,,,,,,,,,,,,,,
"3001 Wild Berry Dr, Benton, AR 72015",3001 Wild Berry Dr,Benton,AR,,forRent,3,1486,,1675,44,https://www.zillow.com/homedetails/3001-Wild-Berry-Dr-Benton-AR-72015/71716346_zpid/,,184900,2026-09-30T00:00:00.000Z,Price change,2026-08-21T00:00:00.000Z,Listed for rent,2024-07-31T00:00:00.000Z,Listing removed,2024-07-05T00:00:00.000Z,Listed for rent,2023-04-21T00:00:00.000Z,Listing removed,2023-04-19T00:00:00.000Z,Listed for rent,2022-03-28T00:00:00.000Z,Listing removed,2022-03-24T00:00:00.000Z,Price change,2022-03-11T00:00:00.000Z,Listed for rent,2022-02-01T00:00:00.000Z,Sold,2022-02-01T00:00:00.000Z,Contingent,2022-01-06T00:00:00.000Z,Listed for sale,2020-08-31T00:00:00.000Z,Sold,2020-07-10T00:00:00.000Z,Listed for sale,2008-07-11T00:00:00.000Z,Sold,,,,,,,,,,,,,,,,,,,,,,,,,,,,,,
"14611 Parkway Meadows Dr, Alexander, AR 72002",14611 Parkway Meadows Dr,Alexander,AR,,forRent,3,1500,,1625,17,https://www.zillow.com/homedetails/14611-Parkway-Meadows-Dr-Alexander-AR-72002/112089546_zpid/,,192000,2026-09-17T00:00:00.000Z,Listed for rent,2025-09-08T00:00:00.000Z,Listing removed,2025-08-28T00:00:00.000Z,Listed for rent,2024-09-13T00:00:00.000Z,Listing removed,2024-08-05T00:00:00.000Z,Listed for rent,2024-07-24T00:00:00.000Z,Listing removed,2024-06-28T00:00:00.000Z,Listed for rent,2022-05-19T00:00:00.000Z,Listing removed,2022-05-04T00:00:00.000Z,Price change,2022-04-15T00:00:00.000Z,Listed for rent,2022-03-09T00:00:00.000Z,Sold,2022-02-17T00:00:00.000Z,Contingent,2022-02-15T00:00:00.000Z,Listed for sale,2019-11-19T00:00:00.000Z,Sold,2019-09-16T00:00:00.000Z,Price change,2019-08-19T00:00:00.000Z,Listed for sale,2013-07-11T00:00:00.000Z,Sold,2013-03-06T00:00:00.000Z,Price change,2013-01-31T00:00:00.000Z,Price change,2013-01-19T00:00:00.000Z,Listed for sale,2010-04-21T00:00:00.000Z,Sold,,,,,,,,,,,,,,,,,,
"821 Church, Benton, AR 72015",821 Church,Benton,AR,,forRent,4,1540,,1675,30,https://www.zillow.com/homedetails/821-Church-Benton-AR-72015/387634_zpid/,,155000,2026-09-04T00:00:00.000Z,Listed for rent,2021-08-04T00:00:00.000Z,Listing removed,2021-07-27T00:00:00.000Z,Listed for rent,2021-06-04T00:00:00.000Z,Sold,2020-12-14T00:00:00.000Z,Sold,2020-10-24T00:00:00.000Z,Listed for sale,,,,,,,,,,,,,,,,,,,,,,,,,,,,,,,,,,,,,,,,,,,,,,,,
"2248 Centennial Valley Dr, Benton, AR 72019",2248 Centennial Valley Dr,Benton,AR,,forRent,3,1480,,1595,11,https://www.zillow.com/homedetails/2248-Centennial-Valley-Dr-Benton-AR-72019/2071964933_zpid/,,203315,2026-09-23T00:00:00.000Z,Listed for rent,2025-09-12T00:00:00.000Z,Listing removed,2025-09-10T00:00:00.000Z,Price change,2025-08-18T00:00:00.000Z,Listed for rent,2021-10-28T00:00:00.000Z,Sold,2021-07-30T00:00:00.000Z,Pending sale,2021-06-04T00:00:00.000Z,Price change,2021-04-30T00:00:00.000Z,Price change,2021-04-07T00:00:00.000Z,Listed for sale,,,,,,,,,,,,,,,,,,,,,,,,,,,,,,,,,,,,,,,,,,
"3264 Sidell Estates Dr, Benton, AR 72015",3264 Sidell Estates Dr,Benton,AR,,forRent,4,1652,,1795,51,https://www.zillow.com/homedetails/3264-Sidell-Estates-Dr-Benton-AR-72015/2063496322_zpid/,,,2026-08-14T00:00:00.000Z,Listed for rent,2022-07-02T00:00:00.000Z,Listing removed,2022-06-10T00:00:00.000Z,Price change,2022-04-28T00:00:00.000Z,Listed for sale,,,,,,,,,,,,,,,,,,,,,,,,,,,,,,,,,,,,,,,,,,,,,,,,,,,,
"313 S Neeley St, Benton, AR 72015",313 S Neeley St,Benton,AR,,forRent,3,1800,,1545,48,https://www.zillow.com/homedetails/313-S-Neeley-St-Benton-AR-72015/2067919637_zpid/,,205000,2026-09-23T00:00:00.000Z,Price change,2026-09-10T00:00:00.000Z,Price change,2026-08-17T00:00:00.000Z,Listed for rent,2025-09-14T00:00:00.000Z,Listing removed,2025-09-02T00:00:00.000Z,Listed for rent,2023-02-17T00:00:00.000Z,Listing removed,2023-01-29T00:00:00.000Z,Listed for rent,2021-11-03T00:00:00.000Z,Listing removed,2021-10-25T00:00:00.000Z,Price change,2021-10-19T00:00:00.000Z,Price change,2021-10-12T00:00:00.000Z,Listed for rent,2021-08-20T00:00:00.000Z,Sold,,,,,,,,,,,,,,,,,,,,,,,,,,,,,,,,,,,,
"17024 Congo Ferndale Rd, Little Rock, AR 72210",17024 Congo Ferndale Rd,Little Rock,AR,,forRent,4,1590,,1675,116,https://www.zillow.com/homedetails/17024-Congo-Ferndale-Rd-Little-Rock-AR-72210/370120_zpid/,,279500,2026-06-10T00:00:00.000Z,Listed for rent,2020-09-11T00:00:00.000Z,Listing removed,2020-07-23T00:00:00.000Z,Listed for rent,2018-05-13T00:00:00.000Z,Listing removed,2018-01-31T00:00:00.000Z,Listed for rent,2017-03-29T00:00:00.000Z,Sold,,,,,,,,,,,,,,,,,,,,,,,,,,,,,,,,,,,,,,,,,,,,,,,,
"4541 Western Woods Dr, Benton, AR 72015",4541 Western Woods Dr,Benton,AR,,forRent,4,2000,,1845,19,https://www.zillow.com/homedetails/4541-Western-Woods-Dr-Benton-AR-72015/2061302075_zpid/,,313100,2026-10-01T00:00:00.000Z,Price change,2026-09-15T00:00:00.000Z,Listed for rent,2023-03-31T00:00:00.000Z,Sold,2022-11-05T00:00:00.000Z,Listing removed,2022-09-30T00:00:00.000Z,Listed for rent,,,,,,,,,,,,,,,,,,,,,,,,,,,,,,,,,,,,,,,,,,,,,,,,,,
"14095 Magnolia Glen Dr, Alexander, AR 72002",14095 Magnolia Glen Dr,Alexander,AR,,forRent,3,1228,,1530,33,https://www.zillow.com/homedetails/14095-Magnolia-Glen-Dr-Alexander-AR-72002/88906053_zpid/,,119500,2026-09-01T00:00:00.000Z,Listed for rent,2020-12-08T00:00:00.000Z,Listing removed,2020-12-02T00:00:00.000Z,Listed for rent,2016-10-13T00:00:00.000Z,Sold,2016-06-29T00:00:00.000Z,Price change,2016-06-06T00:00:00.000Z,Listed for sale,2015-07-08T00:00:00.000Z,Listing removed,2015-06-13T00:00:00.000Z,Listed for rent,2014-07-19T00:00:00.000Z,Listing removed,2014-06-20T00:00:00.000Z,Listed for rent,2013-07-17T00:00:00.000Z,Listing removed,2013-07-03T00:00:00.000Z,Price change,2013-06-14T00:00:00.000Z,Price change,2013-05-17T00:00:00.000Z,Listed for rent,2009-11-06T00:00:00.000Z,Sold,,,,,,,,,,,,,,,,,,,,,,,,,,,,,,
"905 Pheasant Cv, Benton, AR 72019",905 Pheasant Cv,Benton,AR,,forRent,3,1415,,1595,31,https://www.zillow.com/homedetails/905-Pheasant-Cv-Benton-AR-72019/385747_zpid/,,158000,2026-09-03T00:00:00.000Z,Listed for rent,2022-05-16T00:00:00.000Z,Listing removed,2022-04-20T00:00:00.000Z,Price change,2022-04-14T00:00:00.000Z,Price change,2022-04-06T00:00:00.000Z,Price change,2022-03-22T00:00:00.000Z,Listed for rent,2022-02-01T00:00:00.000Z,Sold,2022-01-21T00:00:00.000Z,Contingent,2022-01-19T00:00:00.000Z,Listed for sale,,,,,,,,,,,,,,,,,,,,,,,,,,,,,,,,,,,,,,,,,,
"17 Greenbrier Dr, Benton, AR 72015",17 Greenbrier Dr,Benton,AR,,forRent,3,1460,,1495,62,https://www.zillow.com/homedetails/17-Greenbrier-Dr-Benton-AR-72015/386172_zpid/,,143000,2026-09-30T00:00:00.000Z,Price change,2026-09-17T00:00:00.000Z,Price change,2026-08-27T00:00:00.000Z,Price change,2026-08-03T00:00:00.000Z,Listed for rent,2026-02-23T00:00:00.000Z,Listing removed,2026-02-19T00:00:00.000Z,Price change,2026-01-29T00:00:00.000Z,Price change,2026-01-15T00:00:00.000Z,Price change,2025-12-30T00:00:00.000Z,Price change,2025-11-24T00:00:00.000Z,Listed for rent,2024-10-01T00:00:00.000Z,Listing removed,2024-08-29T00:00:00.000Z,Listed for rent,2022-03-07T00:00:00.000Z,Listing removed,2021-12-31T00:00:00.000Z,Listed for rent,2021-11-19T00:00:00.000Z,Sold,2014-09-17T00:00:00.000Z,Listing removed,2014-07-15T00:00:00.000Z,Listed for rent,2007-07-20T00:00:00.000Z,Sold,2006-08-01T00:00:00.000Z,Sold,,,,,,,,,,,,,,,,,,,,,,
"33 Azalea Cir, Benton, AR 72019",33 Azalea Cir,Benton,AR,,forRent,3,1711,,1700,1,https://www.zillow.com/homedetails/33-Azalea-Cir-Benton-AR-72019/383007_zpid/,,,2026-10-04T00:00:00.000Z,Listed for rent,2024-07-01T00:00:00.000Z,Listing removed,2024-06-06T00:00:00.000Z,Listed for rent,,,,,,,,,,,,,,,,,,,,,,,,,,,,,,,,,,,,,,,,,,,,,,,,,,,,,,
"13757 Cedar Glen Cv, Alexander, AR 72002",13757 Cedar Glen Cv,Alexander,AR,,forRent,3,1408,,1575,39,https://www.zillow.com/homedetails/13757-Cedar-Glen-Cv-Alexander-AR-72002/92432562_zpid/,,124900,2026-08-26T00:00:00.000Z,Listed for rent,2017-02-19T00:00:00.000Z,Listing removed,2017-01-26T00:00:00.000Z,Listed for rent,2007-07-18T00:00:00.000Z,Sold,2007-01-31T00:00:00.000Z,Sold,,,,,,,,,,,,,,,,,,,,,,,,,,,,,,,,,,,,,,,,,,,,,,,,,,
"4180 Royal Oak Cir, Benton, AR 72015",4180 Royal Oak Cir,Benton,AR,,forRent,3,1380,,1800,2,https://www.zillow.com/homedetails/4180-Royal-Oak-Cir-Benton-AR-72015/114170675_zpid/,,135500,2026-10-02T00:00:00.000Z,Listed for rent,2026-02-21T00:00:00.000Z,Listing removed,2025-12-12T00:00:00.000Z,Listed for rent,2023-11-27T00:00:00.000Z,Listing removed,2023-10-30T00:00:00.000Z,Listed for rent,2023-10-14T00:00:00.000Z,Listing removed,2023-09-10T00:00:00.000Z,Listed for rent,2015-06-04T00:00:00.000Z,Sold,2015-05-15T00:00:00.000Z,Listed for sale,,,,,,,,,,,,,,,,,,,,,,,,,,,,,,,,,,,,,,,,,,
"(Undisclosed Address), Benton, AR 72015",(Undisclosed Address),Benton,AR,,forRent,3,1300,,1350,2,https://www.zillow.com/homedetails/Benton-AR-72015/387493_zpid/,,200000,2026-10-02T00:00:00.000Z,Listed for rent,2025-07-31T00:00:00.000Z,Contingent,2025-07-29T00:00:00.000Z,Sold,2025-06-26T00:00:00.000Z,Listed for sale,2020-05-21T00:00:00.000Z,Sold,2020-04-03T00:00:00.000Z,Price change,2020-03-18T00:00:00.000Z,Listed for sale,,,,,,,,,,,,,,,,,,,,,,,,,,,,,,,,,,,,,,,,,,,,,,
"3225 Jean Cv, Alexander, AR 72002",3225 Jean Cv,Alexander,AR,,forRent,3,2827,,2495,180,https://www.zillow.com/homedetails/3225-Jean-Cv-Alexander-AR-72002/378862_zpid/,,,2026-10-02T00:00:00.000Z,Price change,2026-07-27T00:00:00.000Z,Price change,2026-04-07T00:00:00.000Z,Listed for rent,,,,,,,,,,,,,,,,,,,,,,,,,,,,,,,,,,,,,,,,,,,,,,,,,,,,,,
"13808 Cherry Hill Dr, Alexander, AR 72002",13808 Cherry Hill Dr,Alexander,AR,,forRent,3,1247,,1550,18,https://www.zillow.com/homedetails/13808-Cherry-Hill-Dr-Alexander-AR-72002/49814136_zpid/,,91000,2026-09-17T00:00:00.000Z,Listed for rent,2008-05-22T00:00:00.000Z,Sold,2007-01-05T00:00:00.000Z,Sold,,,,,,,,,,,,,,,,,,,,,,,,,,,,,,,,,,,,,,,,,,,,,,,,,,,,,,
"2708 Eden Rd, Benton, AR 72015",2708 Eden Rd,Benton,AR,,forRent,3,1514,,1850,9,https://www.zillow.com/homedetails/2708-Eden-Rd-Benton-AR-72015/338992901_zpid/,,,2026-09-25T00:00:00.000Z,Listed for rent,2026-07-22T00:00:00.000Z,Listing removed,2026-07-01T00:00:00.000Z,Listed for rent,,,,,,,,,,,,,,,,,,,,,,,,,,,,,,,,,,,,,,,,,,,,,,,,,,,,,,
"5813 Heritage Heights Dr, Benton, AR 72019",5813 Heritage Heights Dr,Benton,AR,,forRent,4,1792,,1675,122,https://www.zillow.com/homedetails/5813-Heritage-Heights-Dr-Benton-AR-72019/71715692_zpid/,,199000,2026-09-30T00:00:00.000Z,Price change,2026-08-27T00:00:00.000Z,Price change,2026-08-12T00:00:00.000Z,Price change,2026-07-29T00:00:00.000Z,Price change,2026-07-15T00:00:00.000Z,Price change,2026-06-04T00:00:00.000Z,Listed for rent,2024-04-06T00:00:00.000Z,Listing removed,2024-03-28T00:00:00.000Z,Listed for rent,2023-07-05T00:00:00.000Z,Listing removed,2023-06-23T00:00:00.000Z,Listed for rent,2022-05-23T00:00:00.000Z,Listing removed,2022-05-17T00:00:00.000Z,Listed for rent,2022-02-23T00:00:00.000Z,Listing removed,2022-02-04T00:00:00.000Z,Price change,2021-12-21T00:00:00.000Z,Listed for rent,2021-11-17T00:00:00.000Z,Sold,2021-11-12T00:00:00.000Z,Contingent,2021-10-13T00:00:00.000Z,Listed for sale,2016-02-17T00:00:00.000Z,Sold,2014-10-06T00:00:00.000Z,Listing removed,2014-07-21T00:00:00.000Z,Listed for sale,2013-10-18T00:00:00.000Z,Listed for sale,,,,,,,,,,,,,,,,
"915 James Madison Dr, Benton, AR 72019",915 James Madison Dr,Benton,AR,,forRent,3,1389,,1650,6,https://www.zillow.com/homedetails/915-James-Madison-Dr-Benton-AR-72019/82246228_zpid/,,180000,2026-09-28T00:00:00.000Z,Listed for rent,2023-11-04T00:00:00.000Z,Listing removed,2023-10-15T00:00:00.000Z,Listed for rent,2023-06-04T00:00:00.000Z,Listing removed,2023-05-30T00:00:00.000Z,Listed for rent,2023-04-06T00:00:00.000Z,Sold,2023-03-05T00:00:00.000Z,Contingent,2023-02-27T00:00:00.000Z,Listed for sale,2023-02-08T00:00:00.000Z,Contingent,2023-02-06T00:00:00.000Z,Listed for sale,2022-10-18T00:00:00.000Z,Sold,2015-05-22T00:00:00.000Z,Sold,,,,,,,,,,,,,,,,,,,,,,,,,,,,,,,,,,,,
"3315 23rd St NE, Hickory, NC 28601",3315 23rd St NE,Hickory,NC,,forRent,3,1369,,1895,31,https://www.zillow.com/homedetails/3315-23rd-St-NE-Hickory-NC-28601/71909821_zpid/,,145000,2026-09-28T00:00:00.000Z,Price change,2026-09-03T00:00:00.000Z,Listed for rent,2026-07-02T00:00:00.000Z,Sold,2026-06-18T00:00:00.000Z,Listed for sale,,,,,,,,,,,,,,,,,,,,,,,,,,,,,,,,,,,,,,,,,,,,,,,,,,,,
"5683 Valley Field Rd, Hickory, NC 28602",5683 Valley Field Rd,Hickory,NC,,forRent,3,1860,,2100,9,https://www.zillow.com/homedetails/5683-Valley-Field-Rd-Hickory-NC-28602/71553907_zpid/,,105000,2026-09-26T00:00:00.000Z,Listed for rent,2025-07-15T00:00:00.000Z,Listing removed,2025-06-13T00:00:00.000Z,Listed for rent,2023-07-18T00:00:00.000Z,Listing removed,2023-07-09T00:00:00.000Z,Price change,2023-06-16T00:00:00.000Z,Listed for rent,2022-09-17T00:00:00.000Z,Listing removed,2022-08-31T00:00:00.000Z,Listed for rent,2021-09-17T00:00:00.000Z,Listing removed,2021-09-08T00:00:00.000Z,Listed for rent,2021-03-19T00:00:00.000Z,Sold,2020-11-20T00:00:00.000Z,Listed for sale,2018-11-09T00:00:00.000Z,Listing removed,2018-09-26T00:00:00.000Z,Price change,2018-08-24T00:00:00.000Z,Listed for sale,,,,,,,,,,,,,,,,,,,,,,,,,,,,,,
"1043 20th Avenue Loop SE, Hickory, NC 28602",1043 20th Avenue Loop SE,Hickory,NC,,forRent,4,1613,,1995,2,https://www.zillow.com/homedetails/1043-20th-Avenue-Loop-SE-Hickory-NC-28602/453321567_zpid/,,,2026-10-02T00:00:00.000Z,Listed for rent,2025-10-09T00:00:00.000Z,Listing removed,2025-08-12T00:00:00.000Z,Listed for rent,2025-07-31T00:00:00.000Z,Listing removed,2025-06-24T00:00:00.000Z,Price change,2025-06-14T00:00:00.000Z,Listed for sale,,,,,,,,,,,,,,,,,,,,,,,,,,,,,,,,,,,,,,,,,,,,,,,,
"2943 31st St NE, Hickory, NC 28601",2943 31st St NE,Hickory,NC,,forRent,4,2097,,2185,2,https://www.zillow.com/homedetails/2943-31st-St-NE-Hickory-NC-28601/463168268_zpid/,,,2026-10-02T00:00:00.000Z,Listed for rent,2026-09-23T00:00:00.000Z,Listing removed,2026-09-15T00:00:00.000Z,Price change,2026-08-28T00:00:00.000Z,Price change,2026-08-23T00:00:00.000Z,Price change,2026-07-17T00:00:00.000Z,Price change,2026-06-23T00:00:00.000Z,Price change,2026-06-12T00:00:00.000Z,Listed for sale,,,,,,,,,,,,,,,,,,,,,,,,,,,,,,,,,,,,,,,,,,,,
"2517 Garden Dr, Benton, AR 72015",2517 Garden Dr,Benton,AR,,forRent,3,1685,,1850,9,https://www.zillow.com/homedetails/2517-Garden-Dr-Benton-AR-72015/348624677_zpid/,,,2026-09-25T00:00:00.000Z,Listed for rent,2026-09-01T00:00:00.000Z,Listing removed,2026-08-11T00:00:00.000Z,Listed for rent,2024-05-09T00:00:00.000Z,Listing removed,2024-04-26T00:00:00.000Z,Listed for rent,,,,,,,,,,,,,,,,,,,,,,,,,,,,,,,,,,,,,,,,,,,,,,,,,,
"1785 17th Ave NE, Hickory, NC 28601",1785 17th Ave NE,Hickory,NC,,forRent,3,1056,,1565,3,https://www.zillow.com/homedetails/1785-17th-Ave-NE-Hickory-NC-28601/2069513588_zpid/,,189900,2026-10-02T00:00:00.000Z,Listed for rent,2021-09-28T00:00:00.000Z,Listing removed,2021-09-15T00:00:00.000Z,Listed for rent,2021-08-31T00:00:00.000Z,Sold,2021-07-22T00:00:00.000Z,Contingent,2021-07-17T00:00:00.000Z,Listed for sale,,,,,,,,,,,,,,,,,,,,,,,,,,,,,,,,,,,,,,,,,,,,,,,,
"14226 Ridgecrest Dr, Alexander, AR 72002",14226 Ridgecrest Dr,Alexander,AR,,forRent,3,1224,,1550,1,https://www.zillow.com/homedetails/14226-Ridgecrest-Dr-Alexander-AR-72002/52934831_zpid/,,163000,2026-10-04T00:00:00.000Z,Listed for rent,2022-05-23T00:00:00.000Z,Listing removed,2022-05-10T00:00:00.000Z,Listed for rent,2022-04-29T00:00:00.000Z,Sold,2022-04-29T00:00:00.000Z,Contingent,2022-03-31T00:00:00.000Z,Listed for sale,2011-04-21T00:00:00.000Z,Sold,2010-11-14T00:00:00.000Z,Listed for sale,,,,,,,,,,,,,,,,,,,,,,,,,,,,,,,,,,,,,,,,,,,,
"1423 Mammoth Rd, Hickory, NC 28602",1423 Mammoth Rd,Hickory,NC,,forRent,4,1927,,1995,4,https://www.zillow.com/homedetails/1423-Mammoth-Rd-Hickory-NC-28602/461722831_zpid/,,,2026-09-30T00:00:00.000Z,Price change,2026-09-11T00:00:00.000Z,Price change,2026-07-14T00:00:00.000Z,Listed for rent,2026-05-26T00:00:00.000Z,Listing removed,2026-05-19T00:00:00.000Z,Price change,2026-04-15T00:00:00.000Z,Listed for sale,,,,,,,,,,,,,,,,,,,,,,,,,,,,,,,,,,,,,,,,,,,,,,,,
"1067 Huntington Dr, Benton, AR 72019",1067 Huntington Dr,Benton,AR,,forRent,4,1459,,1395,52,https://www.zillow.com/homedetails/1067-Huntington-Dr-Benton-AR-72019/2061767452_zpid/,,,2026-10-01T00:00:00.000Z,Price change,2026-09-24T00:00:00.000Z,Price change,2026-09-17T00:00:00.000Z,Price change,2026-08-13T00:00:00.000Z,Listed for rent,2024-11-08T00:00:00.000Z,Listing removed,2024-11-05T00:00:00.000Z,Listed for rent,2024-03-22T00:00:00.000Z,Listing removed,2024-02-27T00:00:00.000Z,Listed for rent,2023-02-14T00:00:00.000Z,Listing removed,2023-01-26T00:00:00.000Z,Listed for rent,2022-12-17T00:00:00.000Z,Listing removed,2022-12-01T00:00:00.000Z,Price change,2022-11-11T00:00:00.000Z,Price change,2022-08-26T00:00:00.000Z,Listed for sale,,,,,,,,,,,,,,,,,,,,,,,,,,,,,,,,
"104 10th Ave SE, Hickory, NC 28602",104 10th Ave SE,Hickory,NC,,forRent,3,1333,,1595,117,https://www.zillow.com/homedetails/104-10th-Ave-SE-Hickory-NC-28602/71959215_zpid/,,420000,2026-06-09T00:00:00.000Z,Listed for rent,2025-12-17T00:00:00.000Z,Sold,2025-10-09T00:00:00.000Z,Listed for sale,2024-12-30T00:00:00.000Z,Sold,2024-11-05T00:00:00.000Z,Listed for sale,2015-02-28T00:00:00.000Z,Listing removed,2015-02-20T00:00:00.000Z,Price change,2015-02-04T00:00:00.000Z,Listed for sale,,,,,,,,,,,,,,,,,,,,,,,,,,,,,,,,,,,,,,,,,,,,
"672 13th Avenue Dr NE, Hickory, NC 28601",672 13th Avenue Dr NE,Hickory,NC,,forRent,4,1927,,2325,2,https://www.zillow.com/homedetails/672-13th-Avenue-Dr-NE-Hickory-NC-28601/464021080_zpid/,,,2026-10-02T00:00:00.000Z,Listed for rent,2026-09-17T00:00:00.000Z,Listing removed,2026-07-28T00:00:00.000Z,Price change,2026-07-21T00:00:00.000Z,Listed for sale,,,,,,,,,,,,,,,,,,,,,,,,,,,,,,,,,,,,,,,,,,,,,,,,,,,,
"53 Bud Grimes Rd, Ward, AR 72176",53 Bud Grimes Rd,Ward,AR,,forRent,3,1206,,1495,12,https://www.zillow.com/homedetails/53-Bud-Grimes-Rd-Ward-AR-72176/35732509_zpid/,,159000,2026-09-23T00:00:00.000Z,Listed for rent,2026-09-22T00:00:00.000Z,Sold,2026-09-09T00:00:00.000Z,Contingent,2026-09-04T00:00:00.000Z,Listed for sale,2026-08-07T00:00:00.000Z,Contingent,2026-08-01T00:00:00.000Z,Price change,2026-07-15T00:00:00.000Z,Listed for sale,2026-07-08T00:00:00.000Z,Listing removed,2026-07-07T00:00:00.000Z,Listed for sale,2019-05-20T00:00:00.000Z,Sold,2019-04-23T00:00:00.000Z,Pending sale,2019-02-21T00:00:00.000Z,Price change,2019-01-17T00:00:00.000Z,Listed for sale,2015-01-07T00:00:00.000Z,Sold,2014-09-05T00:00:00.000Z,Price change,2014-08-20T00:00:00.000Z,Price change,2014-06-27T00:00:00.000Z,Listed for sale,,,,,,,,,,,,,,,,,,,,,,,,,,
"2126 10th St SE, Hickory, NC 28602",2126 10th St SE,Hickory,NC,,forRent,4,1613,,2000,8,https://www.zillow.com/homedetails/2126-10th-St-SE-Hickory-NC-28602/463911996_zpid/,,275000,2026-10-02T00:00:00.000Z,Price change,2026-09-26T00:00:00.000Z,Listed for rent,2026-09-25T00:00:00.000Z,Sold,2026-08-10T00:00:00.000Z,Pending sale,2026-08-07T00:00:00.000Z,Price change,2026-07-17T00:00:00.000Z,Listed for sale,,,,,,,,,,,,,,,,,,,,,,,,,,,,,,,,,,,,,,,,,,,,,,,,
"74 Lakeland Dr, Cabot, AR 72023",74 Lakeland Dr,Cabot,AR,,forRent,3,2477,,2100,10,https://www.zillow.com/homedetails/74-Lakeland-Dr-Cabot-AR-72023/72179771_zpid/,,,2026-09-24T00:00:00.000Z,Listed for rent,2026-01-27T00:00:00.000Z,Listing removed,2026-01-12T00:00:00.000Z,Listed for rent,2025-03-14T00:00:00.000Z,Listing removed,2025-03-10T00:00:00.000Z,Listed for rent,2025-03-10T00:00:00.000Z,Listing removed,2025-02-25T00:00:00.000Z,Listed for rent,2024-03-13T00:00:00.000Z,Listing removed,2024-03-12T00:00:00.000Z,Listed for rent,2024-03-11T00:00:00.000Z,Listing removed,2024-03-08T00:00:00.000Z,Price change,2024-01-27T00:00:00.000Z,Price change,2023-12-19T00:00:00.000Z,Listed for rent,2022-11-30T00:00:00.000Z,Listing removed,2022-11-01T00:00:00.000Z,Listed for rent,2019-09-05T00:00:00.000Z,Listing removed,2019-09-03T00:00:00.000Z,Listed for rent,2019-09-03T00:00:00.000Z,Listing removed,2019-08-16T00:00:00.000Z,Price change,2019-08-07T00:00:00.000Z,Pending sale,2019-07-11T00:00:00.000Z,Price change,2019-06-21T00:00:00.000Z,Price change,2019-06-10T00:00:00.000Z,Price change,2019-06-04T00:00:00.000Z,Price change,2019-05-28T00:00:00.000Z,Listed for sale,,,,,,,,,,
"43 Bud Grimes Rd, Ward, AR 72176",43 Bud Grimes Rd,Ward,AR,,forRent,3,1200,,1325,3,https://www.zillow.com/homedetails/43-Bud-Grimes-Rd-Ward-AR-72176/35732506_zpid/,,152500,2026-10-01T00:00:00.000Z,Listed for rent,2026-08-24T00:00:00.000Z,Listing removed,2026-07-20T00:00:00.000Z,Listed for rent,2026-02-24T00:00:00.000Z,Listing removed,2026-02-17T00:00:00.000Z,Price change,2026-02-03T00:00:00.000Z,Listed for rent,2022-09-15T00:00:00.000Z,Listing removed,2022-08-24T00:00:00.000Z,Listed for rent,2022-05-27T00:00:00.000Z,Sold,2022-05-12T00:00:00.000Z,Contingent,2022-05-11T00:00:00.000Z,Listed for sale,2017-03-07T00:00:00.000Z,Sold,2016-11-15T00:00:00.000Z,Price change,2016-10-12T00:00:00.000Z,Price change,2016-09-08T00:00:00.000Z,Price change,2016-06-29T00:00:00.000Z,Listed for sale,,,,,,,,,,,,,,,,,,,,,,,,,,,,
"21 Meadowlark Dr, Cabot, AR 72023",21 Meadowlark Dr,Cabot,AR,,forRent,3,1013,,1395,54,https://www.zillow.com/homedetails/21-Meadowlark-Dr-Cabot-AR-72023/255213_zpid/,,147900,2026-08-12T00:00:00.000Z,Listed for rent,2024-01-16T00:00:00.000Z,Listing removed,2024-01-04T00:00:00.000Z,Sold,2023-08-22T00:00:00.000Z,Sold,2023-07-17T00:00:00.000Z,Contingent,2023-05-12T00:00:00.000Z,Listed for sale,2023-04-19T00:00:00.000Z,Listing removed,2023-03-17T00:00:00.000Z,Listed for rent,2022-03-21T00:00:00.000Z,Sold,,,,,,,,,,,,,,,,,,,,,,,,,,,,,,,,,,,,,,,,,,
"16 Mustang Dr, Cabot, AR 72023",16 Mustang Dr,Cabot,AR,,forRent,3,1494,,1450,58,https://www.zillow.com/homedetails/16-Mustang-Dr-Cabot-AR-72023/63160974_zpid/,,2988,2026-08-07T00:00:00.000Z,Listed for rent,2020-02-08T00:00:00.000Z,Listing removed,2020-01-25T00:00:00.000Z,Listed for rent,2018-12-12T00:00:00.000Z,Listing removed,2018-11-14T00:00:00.000Z,Listed for rent,2012-08-23T00:00:00.000Z,Sold,2004-02-25T00:00:00.000Z,Sold,,,,,,,,,,,,,,,,,,,,,,,,,,,,,,,,,,,,,,,,,,,,,,
"20 Ponderosa Dr, Lonoke, AR 72086",20 Ponderosa Dr,Lonoke,AR,,forRent,3,2256,,2100,16,https://www.zillow.com/homedetails/20-Ponderosa-Dr-Lonoke-AR-72086/260773_zpid/,,215000,2026-10-04T00:00:00.000Z,Price change,2026-09-29T00:00:00.000Z,Price change,2026-09-18T00:00:00.000Z,Listed for rent,2025-09-05T00:00:00.000Z,Listing removed,2025-08-22T00:00:00.000Z,Listed for rent,2022-08-05T00:00:00.000Z,Sold,2022-06-21T00:00:00.000Z,Contingent,2022-06-17T00:00:00.000Z,Listed for sale,2017-02-26T00:00:00.000Z,Listing removed,2016-11-07T00:00:00.000Z,Listed for sale,2015-11-04T00:00:00.000Z,Listing removed,2015-08-21T00:00:00.000Z,Listed for sale,2014-12-19T00:00:00.000Z,Sold,,,,,,,,,,,,,,,,,,,,,,,,,,,,,,,,,,
"2953 31st Street Ln NE, Hickory, NC 28601",2953 31st Street Ln NE,Hickory,NC,,forRent,,,,,,"https://www.zillow.com/b/2953-31st-street-ln-ne-hickory-nc/35.765053,-81.271_ll/",,,,,,,,,,,,,,,,,,,,,,,,,,,,,,,,,,,,,,,,,,,,,,,,,,,,,,,,,,,,,,
"7418 Russwood Ln E, Mabelvale, AR 72103",7418 Russwood Ln E,Mabelvale,AR,,forRent,4,2800,,1600,9,https://www.zillow.com/homedetails/7418-Russwood-Ln-E-Mabelvale-AR-72103/377629_zpid/,,90000,2026-09-25T00:00:00.000Z,Listed for rent,2021-03-24T00:00:00.000Z,Listing removed,2019-01-08T00:00:00.000Z,Listing removed,2019-01-03T00:00:00.000Z,Price change,2018-12-17T00:00:00.000Z,Listed for rent,2007-10-10T00:00:00.000Z,Sold,2007-05-15T00:00:00.000Z,Sold,,,,,,,,,,,,,,,,,,,,,,,,,,,,,,,,,,,,,,,,,,,,,,
"432 7th Avenue Pl NW, Hickory, NC 28601",432 7th Avenue Pl NW,Hickory,NC,,forRent,3,1605,,1825,9,https://www.zillow.com/homedetails/432-7th-Avenue-Pl-NW-Hickory-NC-28601/71549112_zpid/,,176500,2026-09-26T00:00:00.000Z,Listed for rent,2024-11-13T00:00:00.000Z,Listing removed,2024-11-10T00:00:00.000Z,Price change,2024-10-25T00:00:00.000Z,Listed for rent,2024-10-11T00:00:00.000Z,Listing removed,2024-10-01T00:00:00.000Z,Price change,2024-09-12T00:00:00.000Z,Price change,2024-08-23T00:00:00.000Z,Listed for rent,2021-03-24T00:00:00.000Z,Listing removed,2019-05-20T00:00:00.000Z,Listing removed,2019-05-13T00:00:00.000Z,Sold,2019-05-12T00:00:00.000Z,Listed for rent,2018-10-24T00:00:00.000Z,Listing removed,2018-07-26T00:00:00.000Z,Pending sale,2018-07-02T00:00:00.000Z,Listed for sale,2015-03-31T00:00:00.000Z,Sold,2015-03-19T00:00:00.000Z,Pending sale,2015-02-17T00:00:00.000Z,Listed for sale,2010-09-22T00:00:00.000Z,Sold,2010-08-17T00:00:00.000Z,Listed for sale,2006-06-09T00:00:00.000Z,Sold,,,,,,,,,,,,,,,,,,
"15 Silverado Ct, Cabot, AR 72023",15 Silverado Ct,Cabot,AR,,forRent,3,1382,,1350,45,https://www.zillow.com/homedetails/15-Silverado-Ct-Cabot-AR-72023/35732243_zpid/,,150000,2026-08-20T00:00:00.000Z,Listed for rent,2024-11-11T00:00:00.000Z,Listing removed,2024-09-27T00:00:00.000Z,Listed for rent,2022-10-26T00:00:00.000Z,Sold,2020-12-16T00:00:00.000Z,Listing removed,2020-12-08T00:00:00.000Z,Listed for rent,2020-05-16T00:00:00.000Z,Listing removed,2020-04-22T00:00:00.000Z,Listed for rent,2020-04-17T00:00:00.000Z,Sold,,,,,,,,,,,,,,,,,,,,,,,,,,,,,,,,,,,,,,,,,,
"17 Farrah St, Ward, AR 72176",17 Farrah St,Ward,AR,,forRent,3,1563,,1250,117,https://www.zillow.com/homedetails/17-Farrah-St-Ward-AR-72176/52495486_zpid/,,,2026-06-09T00:00:00.000Z,Listed for rent,2025-05-24T00:00:00.000Z,Listing removed,2025-05-06T00:00:00.000Z,Price change,2025-04-20T00:00:00.000Z,Listed for rent,2017-02-23T00:00:00.000Z,Listing removed,2017-02-17T00:00:00.000Z,Listed for rent,2014-02-28T00:00:00.000Z,Listing removed,2014-02-05T00:00:00.000Z,Price change,2014-01-29T00:00:00.000Z,Price change,2013-12-14T00:00:00.000Z,Price change,2013-11-30T00:00:00.000Z,Listed for sale,2013-10-25T00:00:00.000Z,Listing removed,2013-09-19T00:00:00.000Z,Price change,2013-09-18T00:00:00.000Z,Price change,2013-06-29T00:00:00.000Z,Listed for sale,,,,,,,,,,,,,,,,,,,,,,,,,,,,,,
"454 Maple Tree Cv, Lonoke, AR 72086",454 Maple Tree Cv,Lonoke,AR,,forRent,3,1344,,1200,20,https://www.zillow.com/homedetails/454-Maple-Tree-Cv-Lonoke-AR-72086/67448696_zpid/,,,2026-09-30T00:00:00.000Z,Price change,2026-09-14T00:00:00.000Z,Listed for rent,,,,,,,,,,,,,,,,,,,,,,,,,,,,,,,,,,,,,,,,,,,,,,,,,,,,,,,,
"418 W 3rd St, Lonoke, AR 72086",418 W 3rd St,Lonoke,AR,,forRent,3,1910,,1350,1,https://www.zillow.com/homedetails/418-W-3rd-St-Lonoke-AR-72086/259900_zpid/,,112000,2026-10-04T00:00:00.000Z,Listed for rent,2026-06-15T00:00:00.000Z,Sold,2026-03-02T00:00:00.000Z,Sold,2020-07-17T00:00:00.000Z,Sold,2020-05-27T00:00:00.000Z,Listed for sale,2014-02-28T00:00:00.000Z,Sold,,,,,,,,,,,,,,,,,,,,,,,,,,,,,,,,,,,,,,,,,,,,,,,,
"36 Stonehaven Dr, Cabot, AR 72023",36 Stonehaven Dr,Cabot,AR,,forRent,3,1360,,1350,13,https://www.zillow.com/homedetails/36-Stonehaven-Dr-Cabot-AR-72023/72176066_zpid/,,,2026-09-21T00:00:00.000Z,Listed for rent,2024-09-13T00:00:00.000Z,Listing removed,2024-07-31T00:00:00.000Z,Listed for rent,2023-04-21T00:00:00.000Z,Listing removed,2023-04-16T00:00:00.000Z,Listed for rent,2023-03-23T00:00:00.000Z,Listing removed,2023-03-18T00:00:00.000Z,Listed for rent,2021-02-27T00:00:00.000Z,Listing removed,2020-04-24T00:00:00.000Z,Listing removed,2020-04-17T00:00:00.000Z,Listed for rent,2019-03-05T00:00:00.000Z,Listing removed,2019-02-05T00:00:00.000Z,Price change,2018-11-07T00:00:00.000Z,Listed for sale,,,,,,,,,,,,,,,,,,,,,,,,,,,,,,,,,,
"831 Richfield Rd, Jacksonville, AR 72076",831 Richfield Rd,Jacksonville,AR,,forRent,3,,,1200,15,https://www.zillow.com/homedetails/831-Richfield-Rd-Jacksonville-AR-72076/250171_zpid/,,0,2026-09-30T00:00:00.000Z,Price change,2026-09-19T00:00:00.000Z,Listed for rent,2014-08-18T00:00:00.000Z,Sold,,,,,,,,,,,,,,,,,,,,,,,,,,,,,,,,,,,,,,,,,,,,,,,,,,,,,,
"21 Tracye Ln, Cabot, AR 72023",21 Tracye Ln,Cabot,AR,,forRent,3,1497,,1250,3,https://www.zillow.com/homedetails/21-Tracye-Ln-Cabot-AR-72023/251343_zpid/,,41500,2026-10-01T00:00:00.000Z,Listed for rent,2023-09-21T00:00:00.000Z,Listing removed,2023-08-09T00:00:00.000Z,Listed for rent,2014-06-30T00:00:00.000Z,Sold,2014-03-27T00:00:00.000Z,Listing removed,2014-02-05T00:00:00.000Z,Listed for sale,2013-12-03T00:00:00.000Z,Sold,,,,,,,,,,,,,,,,,,,,,,,,,,,,,,,,,,,,,,,,,,,,,,
"11 W Plaza Blvd, Cabot, AR 72023",11 W Plaza Blvd,Cabot,AR,,forRent,3,1487,,1525,41,https://www.zillow.com/homedetails/11-W-Plaza-Blvd-Cabot-AR-72023/256262_zpid/,,229049,2026-08-24T00:00:00.000Z,Listed for rent,2024-09-13T00:00:00.000Z,Listing removed,2024-07-02T00:00:00.000Z,Listed for rent,2013-02-26T00:00:00.000Z,Sold,,,,,,,,,,,,,,,,,,,,,,,,,,,,,,,,,,,,,,,,,,,,,,,,,,,,
"72 Branchwood Ln, Austin, AR 72007",72 Branchwood Ln,Austin,AR,,forRent,3,1216,,1200,38,https://www.zillow.com/homedetails/72-Branchwood-Ln-Austin-AR-72007/252707_zpid/,,1710000,2026-08-27T00:00:00.000Z,Listed for rent,2022-12-04T00:00:00.000Z,Listed for rent,2021-02-23T00:00:00.000Z,Listing removed,2020-08-27T00:00:00.000Z,Listing removed,2020-08-03T00:00:00.000Z,Listed for rent,2019-06-08T00:00:00.000Z,Listing removed,2019-06-05T00:00:00.000Z,Listed for rent,2018-11-12T00:00:00.000Z,Listing removed,2018-11-09T00:00:00.000Z,Listed for rent,2015-01-30T00:00:00.000Z,Sold,2009-07-17T00:00:00.000Z,Sold,,,,,,,,,,,,,,,,,,,,,,,,,,,,,,,,,,,,,,
"56 Razorback Cv, Austin, AR 72007",56 Razorback Cv,Austin,AR,,forRent,3,1250,,1595,17,https://www.zillow.com/homedetails/56-Razorback-Cv-Austin-AR-72007/99434828_zpid/,,195000,2026-09-18T00:00:00.000Z,Listed for rent,2022-09-27T00:00:00.000Z,Sold,2022-07-29T00:00:00.000Z,Sold,2020-03-01T00:00:00.000Z,Listing removed,2019-10-07T00:00:00.000Z,Listed for sale,2019-08-01T00:00:00.000Z,Listing removed,2018-04-05T00:00:00.000Z,Listed for sale,,,,,,,,,,,,,,,,,,,,,,,,,,,,,,,,,,,,,,,,,,,,,,
"617 14th St SW, Hickory, NC 28602",617 14th St SW,Hickory,NC,,forRent,3,1190,,1635,24,https://www.zillow.com/homedetails/617-14th-St-SW-Hickory-NC-28602/456095233_zpid/,,,2026-09-30T00:00:00.000Z,Price change,2026-09-23T00:00:00.000Z,Price change,2026-09-10T00:00:00.000Z,Listed for rent,2025-10-02T00:00:00.000Z,Listing removed,2025-09-12T00:00:00.000Z,Price change,2025-09-05T00:00:00.000Z,Price change,2025-08-20T00:00:00.000Z,Listed for rent,,,,,,,,,,,,,,,,,,,,,,,,,,,,,,,,,,,,,,,,,,,,,,
"1415 Mammoth Rd, Hickory, NC 28602",1415 Mammoth Rd,Hickory,NC,,forRent,4,1927,,2125,32,https://www.zillow.com/homedetails/1415-Mammoth-Rd-Hickory-NC-28602/461722523_zpid/,,272500,2026-10-02T00:00:00.000Z,Price change,2026-09-02T00:00:00.000Z,Listed for rent,2026-08-20T00:00:00.000Z,Sold,2026-07-16T00:00:00.000Z,Pending sale,2026-06-02T00:00:00.000Z,Price change,2026-04-15T00:00:00.000Z,Listed for sale,,,,,,,,,,,,,,,,,,,,,,,,,,,,,,,,,,,,,,,,,,,,,,,,
"32 Thunderbird Dr, Cabot, AR 72023",32 Thunderbird Dr,Cabot,AR,,forRent,3,1444,,1475,31,https://www.zillow.com/homedetails/32-Thunderbird-Dr-Cabot-AR-72023/67447424_zpid/,,,2026-09-03T00:00:00.000Z,Listed for rent,2021-03-24T00:00:00.000Z,Listing removed,2017-03-08T00:00:00.000Z,Listing removed,2017-02-06T00:00:00.000Z,Listed for rent,,,,,,,,,,,,,,,,,,,,,,,,,,,,,,,,,,,,,,,,,,,,,,,,,,,,
"28 Burns Dr, Cabot, AR 72023",28 Burns Dr,Cabot,AR,,forRent,3,1288,,1350,75,https://www.zillow.com/homedetails/28-Burns-Dr-Cabot-AR-72023/255699_zpid/,,146000,2026-08-31T00:00:00.000Z,Price change,2026-07-21T00:00:00.000Z,Listed for rent,2025-08-07T00:00:00.000Z,Listing removed,2025-07-14T00:00:00.000Z,Price change,2025-07-03T00:00:00.000Z,Listed for rent,2022-06-28T00:00:00.000Z,Sold,2014-11-26T00:00:00.000Z,Sold,2012-06-24T00:00:00.000Z,Listing removed,2012-06-08T00:00:00.000Z,Listed for rent,2011-04-29T00:00:00.000Z,Listing removed,2011-01-27T00:00:00.000Z,Listed for sale,2010-06-04T00:00:00.000Z,Sold,2010-04-29T00:00:00.000Z,Listed for sale,,,,,,,,,,,,,,,,,,,,,,,,,,,,,,,,,,
"26 Deerfield Dr, Ward, AR 72176",26 Deerfield Dr,Ward,AR,,forRent,3,1309,,1550,13,https://www.zillow.com/homedetails/26-Deerfield-Dr-Ward-AR-72176/261138_zpid/,,120000,2026-09-22T00:00:00.000Z,Listed for rent,2026-09-11T00:00:00.000Z,Sold,2026-09-10T00:00:00.000Z,Price change,2026-09-04T00:00:00.000Z,Listed for sale,2013-05-29T00:00:00.000Z,Sold,,,,,,,,,,,,,,,,,,,,,,,,,,,,,,,,,,,,,,,,,,,,,,,,,,
"1406 Mammoth Rd, Hickory, NC 28602",1406 Mammoth Rd,Hickory,NC,,forRent,3,1749,,2025,32,https://www.zillow.com/homedetails/1406-Mammoth-Rd-Hickory-NC-28602/460650036_zpid/,,258000,2026-09-02T00:00:00.000Z,Listed for rent,2026-08-20T00:00:00.000Z,Sold,2026-07-16T00:00:00.000Z,Pending sale,2026-06-02T00:00:00.000Z,Price change,2026-05-12T00:00:00.000Z,Price change,2026-02-24T00:00:00.000Z,Price change,2026-02-23T00:00:00.000Z,Listed for sale,,,,,,,,,,,,,,,,,,,,,,,,,,,,,,,,,,,,,,,,,,,,,,
"209 N Madison St, Cabot, AR 72023",209 N Madison St,Cabot,AR,,forRent,3,1524,,1895,3,https://www.zillow.com/homedetails/209-N-Madison-St-Cabot-AR-72023/439267452_zpid/,,,2026-10-02T00:00:00.000Z,Listed for rent,2026-09-30T00:00:00.000Z,Listing removed,2026-07-10T00:00:00.000Z,Listed for rent,2025-06-24T00:00:00.000Z,Listing removed,2025-06-19T00:00:00.000Z,Listed for rent,2025-06-19T00:00:00.000Z,Listing removed,2025-04-10T00:00:00.000Z,Price change,2025-03-05T00:00:00.000Z,Listed for rent,2025-03-05T00:00:00.000Z,Listing removed,2025-03-04T00:00:00.000Z,Listed for rent,2025-03-03T00:00:00.000Z,Listing removed,2025-02-28T00:00:00.000Z,Listed for rent,2024-12-28T00:00:00.000Z,Listing removed,2024-12-04T00:00:00.000Z,Price change,2024-09-23T00:00:00.000Z,Listing removed,2024-09-21T00:00:00.000Z,Price change,2024-09-17T00:00:00.000Z,Price change,2024-09-11T00:00:00.000Z,Listed for rent,2024-08-21T00:00:00.000Z,Listed for sale,,,,,,,,,,,,,,,,,,,,,,
"87 Sycamore Cir, Cabot, AR 72023",87 Sycamore Cir,Cabot,AR,,forRent,3,1252,,1350,51,https://www.zillow.com/homedetails/87-Sycamore-Cir-Cabot-AR-72023/256430_zpid/,,151500,2026-09-14T00:00:00.000Z,Price change,2026-08-29T00:00:00.000Z,Price change,2026-08-14T00:00:00.000Z,Listed for rent,2026-07-21T00:00:00.000Z,Contingent,2026-07-17T00:00:00.000Z,Sold,2026-06-05T00:00:00.000Z,Listed for sale,2026-05-27T00:00:00.000Z,Listing removed,2026-05-15T00:00:00.000Z,Listed for rent,2020-06-03T00:00:00.000Z,Sold,2020-02-28T00:00:00.000Z,Sold,2013-03-25T00:00:00.000Z,Sold,,,,,,,,,,,,,,,,,,,,,,,,,,,,,,,,,,,,,,
"2098 10th St SE, Hickory, NC 28601",2098 10th St SE,Hickory,NC,,forRent,4,2174,,2295,32,https://www.zillow.com/homedetails/2098-10th-St-SE-Hickory-NC-28601/461180979_zpid/,,309000,2026-09-22T00:00:00.000Z,Price change,2026-09-02T00:00:00.000Z,Listed for rent,2026-08-20T00:00:00.000Z,Sold,2026-03-20T00:00:00.000Z,Pending sale,2026-03-20T00:00:00.000Z,Listed for sale,,,,,,,,,,,,,,,,,,,,,,,,,,,,,,,,,,,,,,,,,,,,,,,,,,
"15 Harvest Ridge Dr, Hickory, NC 28601",15 Harvest Ridge Dr,Hickory,NC,,forRent,4,2000,,2100,35,https://www.zillow.com/homedetails/15-Harvest-Ridge-Dr-Hickory-NC-28601/2063037302_zpid/,,220990,2026-09-22T00:00:00.000Z,Price change,2026-09-04T00:00:00.000Z,Price change,2026-08-30T00:00:00.000Z,Listed for rent,2025-06-28T00:00:00.000Z,Listing removed,2025-06-09T00:00:00.000Z,Listed for rent,2023-09-11T00:00:00.000Z,Listing removed,2023-09-04T00:00:00.000Z,Listed for rent,2022-08-02T00:00:00.000Z,Listing removed,2022-06-24T00:00:00.000Z,Listing removed,2022-06-01T00:00:00.000Z,Listed for rent,2022-01-12T00:00:00.000Z,Sold,2021-04-09T00:00:00.000Z,Pending sale,,,,,,,,,,,,,,,,,,,,,,,,,,,,,,,,,,,,
"29 Mattie Lene Dr, Ward, AR 72176",29 Mattie Lene Dr,Ward,AR,,forRent,3,1301,,1350,24,https://www.zillow.com/homedetails/29-Mattie-Lene-Dr-Ward-AR-72176/35732499_zpid/,,80000,2026-09-10T00:00:00.000Z,Listed for rent,2026-03-20T00:00:00.000Z,Listing removed,2026-01-05T00:00:00.000Z,Listed for rent,2024-10-09T00:00:00.000Z,Listing removed,2024-09-16T00:00:00.000Z,Listed for rent,2009-05-16T00:00:00.000Z,Listing removed,2009-01-18T00:00:00.000Z,Listed for sale,2005-09-22T00:00:00.000Z,Sold,2004-02-23T00:00:00.000Z,Sold,2003-01-24T00:00:00.000Z,Sold,,,,,,,,,,,,,,,,,,,,,,,,,,,,,,,,,,,,,,,,
"512 12th Ave NE, Hickory, NC 28601",512 12th Ave NE,Hickory,NC,,forRent,3,1334,,1595,83,https://www.zillow.com/homedetails/512-12th-Ave-NE-Hickory-NC-28601/463832995_zpid/,,,2026-07-13T00:00:00.000Z,Listed for rent,,,,,,,,,,,,,,,,,,,,,,,,,,,,,,,,,,,,,,,,,,,,,,,,,,,,,,,,,,
"765 8th Avenue Dr SE, Hickory, NC 28602",765 8th Avenue Dr SE,Hickory,NC,,forRent,3,1463,,1700,104,https://www.zillow.com/homedetails/765-8th-Avenue-Dr-SE-Hickory-NC-28602/71963561_zpid/,,110000,2026-10-01T00:00:00.000Z,Price change,2026-08-20T00:00:00.000Z,Price change,2026-06-22T00:00:00.000Z,Listed for rent,2023-05-15T00:00:00.000Z,Listing removed,2023-04-28T00:00:00.000Z,Price change,2023-04-07T00:00:00.000Z,Listed for rent,2023-01-25T00:00:00.000Z,Sold,2013-09-03T00:00:00.000Z,Sold,2006-10-20T00:00:00.000Z,Sold,,,,,,,,,,,,,,,,,,,,,,,,,,,,,,,,,,,,,,,,,,
"1417 17th Ave NE, Hickory, NC 28601",1417 17th Ave NE,Hickory,NC,,forRent,3,1400,,1725,58,https://www.zillow.com/homedetails/1417-17th-Ave-NE-Hickory-NC-28601/71551010_zpid/,,99000,2026-08-21T00:00:00.000Z,Price change,2026-08-07T00:00:00.000Z,Listed for rent,2006-11-13T00:00:00.000Z,Sold,,,,,,,,,,,,,,,,,,,,,,,,,,,,,,,,,,,,,,,,,,,,,,,,,,,,,,
"2130 10th St SE, Hickory, NC 28602",2130 10th St SE,Hickory,NC,,forRent,4,2174,,2100,58,https://www.zillow.com/homedetails/2130-10th-St-SE-Hickory-NC-28602/463122074_zpid/,,,2026-10-02T00:00:00.000Z,Price change,2026-08-07T00:00:00.000Z,Listed for rent,2026-07-20T00:00:00.000Z,Listing removed,2026-07-17T00:00:00.000Z,Price change,2026-06-11T00:00:00.000Z,Listed for sale,,,,,,,,,,,,,,,,,,,,,,,,,,,,,,,,,,,,,,,,,,,,,,,,,,
"42 Winners Cir, Cabot, AR 72023",42 Winners Cir,Cabot,AR,,forRent,3,1520,,1850,24,https://www.zillow.com/homedetails/42-Winners-Cir-Cabot-AR-72023/72176611_zpid/,,196500,2026-08-07T00:00:00.000Z,Listed for rent,2025-10-07T00:00:00.000Z,Listing removed,2025-09-15T00:00:00.000Z,Listed for rent,2025-07-09T00:00:00.000Z,Sold,2025-04-28T00:00:00.000Z,Price change,2025-04-14T00:00:00.000Z,Price change,2025-04-03T00:00:00.000Z,Price change,2025-03-27T00:00:00.000Z,Listed for sale,,,,,,,,,,,,,,,,,,,,,,,,,,,,,,,,,,,,,,,,,,,,
"3499 S State Highway 127, Hickory, NC 28602",3499 S State Highway 127,Hickory,NC,,forRent,3,1638,,1950,6,https://www.zillow.com/homedetails/3499-S-State-Highway-127-Hickory-NC-28602/71927312_zpid/,,120000,2026-09-29T00:00:00.000Z,Listed for rent,2023-11-14T00:00:00.000Z,Listing removed,2023-10-31T00:00:00.000Z,Listed for rent,2021-01-08T00:00:00.000Z,Sold,,,,,,,,,,,,,,,,,,,,,,,,,,,,,,,,,,,,,,,,,,,,,,,,,,,,
"1936 Eigth St, Hickory, NC 28602",1936 Eigth St,Hickory,NC,,forRent,3,1695,,1695,102,https://www.zillow.com/homedetails/1936-Eigth-St-Hickory-NC-28602/2052991619_zpid/,,,2026-09-10T00:00:00.000Z,Price change,2026-08-31T00:00:00.000Z,Price change,2026-08-14T00:00:00.000Z,Price change,2026-07-27T00:00:00.000Z,Price change,2026-07-07T00:00:00.000Z,Price change,2026-06-24T00:00:00.000Z,Listed for rent,2024-03-28T00:00:00.000Z,Listing removed,2024-03-18T00:00:00.000Z,Price change,2024-03-05T00:00:00.000Z,Price change,2024-02-22T00:00:00.000Z,Price change,2024-02-21T00:00:00.000Z,Price change,2024-02-01T00:00:00.000Z,Listed for rent,,,,,,,,,,,,,,,,,,,,,,,,,,,,,,,,,,,,
"1181 Courtney Dr, Hickory, NC 28602",1181 Courtney Dr,Hickory,NC,,forRent,4,993,,1950,31,https://www.zillow.com/homedetails/1181-Courtney-Dr-Hickory-NC-28602/71914325_zpid/,,115000,2026-09-03T00:00:00.000Z,Listed for rent,2025-03-27T00:00:00.000Z,Listing removed,2025-02-28T00:00:00.000Z,Listed for rent,2024-09-18T00:00:00.000Z,Sold,2005-05-02T00:00:00.000Z,Sold,,,,,,,,,,,,,,,,,,,,,,,,,,,,,,,,,,,,,,,,,,,,,,,,,,
"8889 State Highway 127, Hickory, NC 28601",8889 State Highway 127,Hickory,NC,,forRent,3,920,,1300,24,https://www.zillow.com/homedetails/8889-State-Highway-127-Hickory-NC-28601/229589331_zpid/,,115000,2026-09-10T00:00:00.000Z,Listed for rent,2025-06-26T00:00:00.000Z,Listing removed,2025-06-20T00:00:00.000Z,Listed for rent,2015-06-10T00:00:00.000Z,Sold,,,,,,,,,,,,,,,,,,,,,,,,,,,,,,,,,,,,,,,,,,,,,,,,,,,,
"4030 Buff St, Hickory, NC 28602",4030 Buff St,Hickory,NC,,forRent,3,2000,,1800,26,https://www.zillow.com/homedetails/4030-Buff-St-Hickory-NC-28602/227237379_zpid/,,132400,2026-09-18T00:00:00.000Z,Price change,2026-09-08T00:00:00.000Z,Listed for rent,2024-04-24T00:00:00.000Z,Listing removed,2024-04-05T00:00:00.000Z,Price change,2023-11-29T00:00:00.000Z,Price change,2023-11-06T00:00:00.000Z,Price change,2023-10-16T00:00:00.000Z,Listed for rent,2023-01-18T00:00:00.000Z,Sold,,,,,,,,,,,,,,,,,,,,,,,,,,,,,,,,,,,,,,,,,,,,
"1376 19th Ave NE, Hickory, NC 28601",1376 19th Ave NE,Hickory,NC,,forRent,3,1693,,1800,5,https://www.zillow.com/homedetails/1376-19th-Ave-NE-Hickory-NC-28601/71915968_zpid/,,194000,2026-09-29T00:00:00.000Z,Listed for rent,2026-03-11T00:00:00.000Z,Listing removed,2026-01-22T00:00:00.000Z,Listed for rent,2024-07-30T00:00:00.000Z,Listing removed,2024-07-17T00:00:00.000Z,Price change,2022-12-01T00:00:00.000Z,Listed for rent,2021-09-23T00:00:00.000Z,Sold,2021-08-25T00:00:00.000Z,Contingent,2021-08-20T00:00:00.000Z,Listed for sale,2012-10-22T00:00:00.000Z,Sold,2012-08-25T00:00:00.000Z,Price change,2012-06-26T00:00:00.000Z,Price change,2011-12-08T00:00:00.000Z,Price change,2011-10-09T00:00:00.000Z,Price change,2011-09-10T00:00:00.000Z,Price change,2011-05-27T00:00:00.000Z,Listed for sale,,,,,,,,,,,,,,,,,,,,,,,,,,,,
"3605 16th St NE, Hickory, NC 28601",3605 16th St NE,Hickory,NC,,forRent,3,1395,,1850,34,https://www.zillow.com/homedetails/3605-16th-St-NE-Hickory-NC-28601/71966217_zpid/,,150000,2026-08-31T00:00:00.000Z,Listed for rent,2026-06-19T00:00:00.000Z,Listing removed,2026-05-22T00:00:00.000Z,Listed for rent,2025-11-10T00:00:00.000Z,Sold,2025-09-09T00:00:00.000Z,Price change,2025-09-02T00:00:00.000Z,Price change,2025-08-26T00:00:00.000Z,Listed for sale,,,,,,,,,,,,,,,,,,,,,,,,,,,,,,,,,,,,,,,,,,,,,,
"4029 6th Street Dr NW, Hickory, NC 28601",4029 6th Street Dr NW,Hickory,NC,,forRent,3,1566,,2400,23,https://www.zillow.com/homedetails/4029-6th-Street-Dr-NW-Hickory-NC-28601/71931514_zpid/,,173000,2026-09-11T00:00:00.000Z,Listed for rent,2020-02-24T00:00:00.000Z,Sold,2020-01-18T00:00:00.000Z,Pending sale,2019-11-30T00:00:00.000Z,Listed for sale,2019-11-06T00:00:00.000Z,Pending sale,2019-09-24T00:00:00.000Z,Price change,2019-08-19T00:00:00.000Z,Price change,2019-07-17T00:00:00.000Z,Listed for sale,,,,,,,,,,,,,,,,,,,,,,,,,,,,,,,,,,,,,,,,,,,,
"6161 Venice Ct, Hickory, NC 28601",6161 Venice Ct,Hickory,NC,,forRent,3,1924,,2850,2,https://www.zillow.com/homedetails/6161-Venice-Ct-Hickory-NC-28601/70107277_zpid/,,370000,2026-10-03T00:00:00.000Z,Listed for rent,2021-09-09T00:00:00.000Z,Sold,2012-07-23T00:00:00.000Z,Sold,2012-06-06T00:00:00.000Z,Listed for sale,,,,,,,,,,,,,,,,,,,,,,,,,,,,,,,,,,,,,,,,,,,,,,,,,,,,
"3927 Newhall Dr NW, Hickory, NC 28601",3927 Newhall Dr NW,Hickory,NC,,forRent,3,1082,,1450,31,https://www.zillow.com/homedetails/3927-Newhall-Dr-NW-Hickory-NC-28601/98193008_zpid/,,205000,2026-09-03T00:00:00.000Z,Listed for rent,2024-07-24T00:00:00.000Z,Listing removed,2024-07-18T00:00:00.000Z,Price change,2024-07-08T00:00:00.000Z,Price change,2024-05-07T00:00:00.000Z,Listed for rent,2022-03-30T00:00:00.000Z,Sold,2022-03-01T00:00:00.000Z,Contingent,2022-01-26T00:00:00.000Z,Price change,2022-01-25T00:00:00.000Z,Listed for sale,2022-01-18T00:00:00.000Z,Listing removed,2022-01-06T00:00:00.000Z,Listed for sale,2022-01-06T00:00:00.000Z,Listing removed,2021-12-01T00:00:00.000Z,Listed for sale,2017-12-12T00:00:00.000Z,Listing removed,2017-11-15T00:00:00.000Z,Listed for sale,2017-08-09T00:00:00.000Z,Listing removed,2017-08-04T00:00:00.000Z,Listed for sale,,,,,,,,,,,,,,,,,,,,,,,,,,
"1431 Mammoth Rd, Hickory, NC 28602",1431 Mammoth Rd,Hickory,NC,,forRent,5,2368,,2245,33,https://www.zillow.com/homedetails/1431-Mammoth-Rd-Hickory-NC-28602/455924046_zpid/,,307679,2026-09-11T00:00:00.000Z,Price change,2026-09-01T00:00:00.000Z,Listed for rent,2026-08-31T00:00:00.000Z,Sold,2026-07-20T00:00:00.000Z,Pending sale,2026-07-14T00:00:00.000Z,Price change,2026-06-30T00:00:00.000Z,Price change,2026-02-23T00:00:00.000Z,Listed for sale,2025-10-07T00:00:00.000Z,Listing removed,2025-08-13T00:00:00.000Z,Price change,2025-08-12T00:00:00.000Z,Listed for sale,,,,,,,,,,,,,,,,,,,,,,,,,,,,,,,,,,,,,,,,
"1928 36th Ave NE, Hickory, NC 28601",1928 36th Ave NE,Hickory,NC,,forRent,3,,,2000,61,https://www.zillow.com/homedetails/1928-36th-Ave-NE-Hickory-NC-28601/71548772_zpid/,,206146,2026-09-04T00:00:00.000Z,Price change,2026-08-04T00:00:00.000Z,Listed for rent,2023-06-02T00:00:00.000Z,Sold,2023-05-10T00:00:00.000Z,Pending sale,,,,,,,,,,,,,,,,,,,,,,,,,,,,,,,,,,,,,,,,,,,,,,,,,,,,
"231 Brinkley Dr, Kings Mountain, NC 28086",231 Brinkley Dr,Kings Mountain,NC,,forRent,5,2400,,2395,80,https://www.zillow.com/homedetails/231-Brinkley-Dr-Kings-Mountain-NC-28086/349365612_zpid/,,332000,2026-09-23T00:00:00.000Z,Price change,2026-08-07T00:00:00.000Z,Price change,2026-07-16T00:00:00.000Z,Listed for rent,2026-07-10T00:00:00.000Z,Sold,2026-05-14T00:00:00.000Z,Listed for sale,2026-05-10T00:00:00.000Z,Listing removed,2026-03-03T00:00:00.000Z,Price change,2026-02-05T00:00:00.000Z,Price change,2025-11-06T00:00:00.000Z,Listed for sale,2024-10-25T00:00:00.000Z,Sold,2024-08-21T00:00:00.000Z,Price change,2024-08-14T00:00:00.000Z,Price change,2024-07-09T00:00:00.000Z,Price change,2024-05-07T00:00:00.000Z,Price change,2024-05-04T00:00:00.000Z,Listed for sale,,,,,,,,,,,,,,,,,,,,,,,,,,,,,,
"1540 Arden Ln, Conway, AR 72034",1540 Arden Ln,Conway,AR,,forRent,3,1358,,1600,3,https://www.zillow.com/homedetails/1540-Arden-Ln-Conway-AR-72034/241585_zpid/,,299900,2026-10-01T00:00:00.000Z,Listed for rent,2013-12-23T00:00:00.000Z,Sold,2006-09-08T00:00:00.000Z,Sold,,,,,,,,,,,,,,,,,,,,,,,,,,,,,,,,,,,,,,,,,,,,,,,,,,,,,,
"736 12th Ave NW, Hickory, NC 28601",736 12th Ave NW,Hickory,NC,,forRent,3,1852,,1900,34,https://www.zillow.com/homedetails/736-12th-Ave-NW-Hickory-NC-28601/71948672_zpid/,,,2026-08-31T00:00:00.000Z,Listed for rent,,,,,,,,,,,,,,,,,,,,,,,,,,,,,,,,,,,,,,,,,,,,,,,,,,,,,,,,,,
"14 Manchester Dr, Conway, AR 72034",14 Manchester Dr,Conway,AR,,forRent,3,1618,,1650,3,https://www.zillow.com/homedetails/14-Manchester-Dr-Conway-AR-72034/233962_zpid/,,170000,2026-10-01T00:00:00.000Z,Listed for rent,2013-09-16T00:00:00.000Z,Sold,2007-07-30T00:00:00.000Z,Sold,,,,,,,,,,,,,,,,,,,,,,,,,,,,,,,,,,,,,,,,,,,,,,,,,,,,,,
"511 Farris Rd, Conway, AR 72034",511 Farris Rd,Conway,AR,,forRent,3,,,1500,5,https://www.zillow.com/homedetails/511-Farris-Rd-Conway-AR-72034/236627_zpid/,,521200,2026-09-29T00:00:00.000Z,Listed for rent,2015-04-30T00:00:00.000Z,Sold,,,,,,,,,,,,,,,,,,,,,,,,,,,,,,,,,,,,,,,,,,,,,,,,,,,,,,,,
"1419 Mammoth Rd, Hickory, NC 28602",1419 Mammoth Rd,Hickory,NC,,forRent,5,2368,,2275,32,https://www.zillow.com/homedetails/1419-Mammoth-Rd-Hickory-NC-28602/461722721_zpid/,,292400,2026-09-02T00:00:00.000Z,Listed for rent,2026-08-20T00:00:00.000Z,Sold,2026-07-16T00:00:00.000Z,Pending sale,2026-04-15T00:00:00.000Z,Listed for sale,,,,,,,,,,,,,,,,,,,,,,,,,,,,,,,,,,,,,,,,,,,,,,,,,,,,
"4540 Thompson St, Conway, AR 72034",4540 Thompson St,Conway,AR,,forRent,3,1195,,1435,39,https://www.zillow.com/homedetails/4540-Thompson-St-Conway-AR-72034/52392329_zpid/,,110000,2026-09-30T00:00:00.000Z,Price change,2026-08-26T00:00:00.000Z,Listed for rent,2024-05-02T00:00:00.000Z,Listing removed,2024-04-25T00:00:00.000Z,Listed for rent,2022-08-10T00:00:00.000Z,Listing removed,2022-07-30T00:00:00.000Z,Listed for rent,2021-08-09T00:00:00.000Z,Listing removed,2021-08-04T00:00:00.000Z,Listed for rent,2012-06-11T00:00:00.000Z,Sold,2011-02-21T00:00:00.000Z,Sold,2003-05-13T00:00:00.000Z,Sold,,,,,,,,,,,,,,,,,,,,,,,,,,,,,,,,,,,,,,
"1021 Circle Dr, Benton, AR 72015",1021 Circle Dr,Benton,AR,,forRent,3,1256,,1350,14,https://www.zillow.com/homedetails/1021-Circle-Dr-Benton-AR-72015/386718_zpid/,,50000,2026-09-20T00:00:00.000Z,Listed for rent,2023-03-06T00:00:00.000Z,Listing removed,2023-02-25T00:00:00.000Z,Listed for rent,2020-07-30T00:00:00.000Z,Sold,,,,,,,,,,,,,,,,,,,,,,,,,,,,,,,,,,,,,,,,,,,,,,,,,,,,
"1330 37th Avenue Ln NE, Hickory, NC 28601",1330 37th Avenue Ln NE,Hickory,NC,,forRent,5,2368,,2700,61,https://www.zillow.com/homedetails/1330-37th-Avenue-Ln-NE-Hickory-NC-28601/452771842_zpid/,,330000,2026-08-04T00:00:00.000Z,Listed for rent,2025-09-16T00:00:00.000Z,Sold,2025-06-09T00:00:00.000Z,Pending sale,2025-06-04T00:00:00.000Z,Price change,2025-05-31T00:00:00.000Z,Listed for sale,,,,,,,,,,,,,,,,,,,,,,,,,,,,,,,,,,,,,,,,,,,,,,,,,,
"307 S 4th St, Benton, AR 72015",307 S 4th St,Benton,AR,,forRent,3,1051,,1450,35,https://www.zillow.com/homedetails/307-S-4th-St-Benton-AR-72015/386521_zpid/,,161000,2026-10-04T00:00:00.000Z,Price change,2026-09-28T00:00:00.000Z,Price change,2026-09-21T00:00:00.000Z,Price change,2026-08-31T00:00:00.000Z,Listed for rent,2025-05-30T00:00:00.000Z,Listing removed,2025-05-20T00:00:00.000Z,Sold,2025-05-20T00:00:00.000Z,Listed for rent,2025-04-19T00:00:00.000Z,Contingent,2025-04-18T00:00:00.000Z,Listed for sale,2023-04-04T00:00:00.000Z,Contingent,2023-03-31T00:00:00.000Z,Sold,2023-03-02T00:00:00.000Z,Listed for sale,,,,,,,,,,,,,,,,,,,,,,,,,,,,,,,,,,,,
"2721 Timbermist Dr, Benton, AR 72015",2721 Timbermist Dr,Benton,AR,,forRent,3,1200,,1600,35,https://www.zillow.com/homedetails/2721-Timbermist-Dr-Benton-AR-72015/386806_zpid/,,83000,2026-08-30T00:00:00.000Z,Listed for rent,2025-09-01T00:00:00.000Z,Listing removed,2025-06-30T00:00:00.000Z,Price change,2025-03-03T00:00:00.000Z,Price change,2024-12-20T00:00:00.000Z,Listed for rent,2024-12-06T00:00:00.000Z,Listing removed,2024-11-26T00:00:00.000Z,Price change,2024-11-20T00:00:00.000Z,Listed for rent,2024-11-12T00:00:00.000Z,Listing removed,2024-10-30T00:00:00.000Z,Price change,2024-10-23T00:00:00.000Z,Listed for rent,2023-06-20T00:00:00.000Z,Listing removed,2023-06-03T00:00:00.000Z,Listed for rent,2023-05-22T00:00:00.000Z,Listing removed,2023-05-01T00:00:00.000Z,Price change,2023-04-04T00:00:00.000Z,Listed for rent,2021-03-24T00:00:00.000Z,Listing removed,2017-08-01T00:00:00.000Z,Listing removed,2017-07-22T00:00:00.000Z,Listed for rent,2011-04-13T00:00:00.000Z,Sold,2011-02-02T00:00:00.000Z,Listed for sale,,,,,,,,,,,,,,,,,,
"(Undisclosed Address), Kings Mountain, NC 28086",(Undisclosed Address),Kings Mountain,NC,,forRent,5,1750,,1850,20,https://www.zillow.com/homedetails/Kings-Mountain-NC-28086/93015498_zpid/,,37000,2026-09-14T00:00:00.000Z,Listed for rent,2020-09-23T00:00:00.000Z,Sold,2019-09-19T00:00:00.000Z,Listing removed,2019-08-22T00:00:00.000Z,Listed for rent,2018-10-24T00:00:00.000Z,Listing removed,2018-09-21T00:00:00.000Z,Price change,2018-08-16T00:00:00.000Z,Price change,2018-07-25T00:00:00.000Z,Listed for rent,,,,,,,,,,,,,,,,,,,,,,,,,,,,,,,,,,,,,,,,,,,,
"109 Ann St, Kings Mountain, NC 28086",109 Ann St,Kings Mountain,NC,,forRent,3,1508,,1850,41,https://www.zillow.com/homedetails/109-Ann-St-Kings-Mountain-NC-28086/214091787_zpid/,,126000,2026-09-09T00:00:00.000Z,Price change,2026-08-24T00:00:00.000Z,Listed for rent,2016-05-27T00:00:00.000Z,Sold,,,,,,,,,,,,,,,,,,,,,,,,,,,,,,,,,,,,,,,,,,,,,,,,,,,,,,
"2635 Clover Ln, Conway, AR 72032",2635 Clover Ln,Conway,AR,,forRent,3,1242,,1400,10,https://www.zillow.com/homedetails/2635-Clover-Ln-Conway-AR-72032/102993152_zpid/,,135000,2026-09-24T00:00:00.000Z,Listed for rent,2024-05-15T00:00:00.000Z,Listing removed,2024-05-08T00:00:00.000Z,Listed for rent,2021-03-24T00:00:00.000Z,Listing removed,2018-11-21T00:00:00.000Z,Listing removed,2018-10-26T00:00:00.000Z,Listed for rent,2018-09-08T00:00:00.000Z,Listing removed,2018-09-06T00:00:00.000Z,Listed for rent,2017-09-15T00:00:00.000Z,Sold,2017-08-24T00:00:00.000Z,Price change,2017-08-05T00:00:00.000Z,Price change,2017-07-28T00:00:00.000Z,Listed for sale,2016-07-05T00:00:00.000Z,Sold,2016-03-30T00:00:00.000Z,Price change,2016-03-20T00:00:00.000Z,Listed for sale,2013-05-23T00:00:00.000Z,Sold,,,,,,,,,,,,,,,,,,,,,,,,,,,,
"557 Belcaro Dr, Kings Mountain, NC 28086",557 Belcaro Dr,Kings Mountain,NC,,forRent,4,2130,,2050,3,https://www.zillow.com/homedetails/557-Belcaro-Dr-Kings-Mountain-NC-28086/338483265_zpid/,,315900,2026-10-01T00:00:00.000Z,Listed for rent,2023-09-26T00:00:00.000Z,Listing removed,2023-07-31T00:00:00.000Z,Listed for rent,2021-11-24T00:00:00.000Z,Sold,2021-10-22T00:00:00.000Z,Contingent,,,,,,,,,,,,,,,,,,,,,,,,,,,,,,,,,,,,,,,,,,,,,,,,,,
"10 Jackie Ln, Conway, AR 72032",10 Jackie Ln,Conway,AR,,forRent,3,1377,,1600,2,https://www.zillow.com/homedetails/10-Jackie-Ln-Conway-AR-72032/227900_zpid/,,359500,2026-10-02T00:00:00.000Z,Listed for rent,2023-08-28T00:00:00.000Z,Listing removed,2023-08-28T00:00:00.000Z,Price change,2023-08-25T00:00:00.000Z,Price change,2023-08-22T00:00:00.000Z,Listed for rent,2016-06-02T00:00:00.000Z,Listing removed,2016-05-13T00:00:00.000Z,Listing removed,2016-04-25T00:00:00.000Z,Price change,2016-03-22T00:00:00.000Z,Listed for sale,2016-02-10T00:00:00.000Z,Listed for rent,2015-04-02T00:00:00.000Z,Sold,2010-03-11T00:00:00.000Z,Listing removed,2010-02-27T00:00:00.000Z,Listed for sale,2006-12-04T00:00:00.000Z,Sold,,,,,,,,,,,,,,,,,,,,,,,,,,,,,,,,
"417 Pinnacle Rd, Kings Mountain, NC 28086",417 Pinnacle Rd,Kings Mountain,NC,,forRent,3,1540,,2400,9,https://www.zillow.com/homedetails/417-Pinnacle-Rd-Kings-Mountain-NC-28086/5881659_zpid/,,170500,2026-09-25T00:00:00.000Z,Listed for rent,2022-05-06T00:00:00.000Z,Sold,2004-02-03T00:00:00.000Z,Sold,,,,,,,,,,,,,,,,,,,,,,,,,,,,,,,,,,,,,,,,,,,,,,,,,,,,,,
"1930 College Ave, Conway, AR 72034",1930 College Ave,Conway,AR,,forRent,3,1926,,3100,32,https://www.zillow.com/homedetails/1930-College-Ave-Conway-AR-72034/237634_zpid/,,160268,2026-09-02T00:00:00.000Z,Listed for rent,2026-03-18T00:00:00.000Z,Listing removed,2026-02-19T00:00:00.000Z,Price change,2026-02-05T00:00:00.000Z,Listed for rent,2026-01-28T00:00:00.000Z,Listing removed,2026-01-13T00:00:00.000Z,Listed for rent,2025-09-23T00:00:00.000Z,Listing removed,2025-08-26T00:00:00.000Z,Price change,2025-08-07T00:00:00.000Z,Price change,2025-07-30T00:00:00.000Z,Listed for rent,2025-06-27T00:00:00.000Z,Listing removed,2025-06-10T00:00:00.000Z,Listed for rent,2025-05-29T00:00:00.000Z,Listing removed,2025-03-22T00:00:00.000Z,Price change,2025-02-10T00:00:00.000Z,Listed for rent,2025-02-01T00:00:00.000Z,Listing removed,2025-01-15T00:00:00.000Z,Listed for rent,2024-12-10T00:00:00.000Z,Listing removed,2024-11-30T00:00:00.000Z,Listed for rent,2024-11-23T00:00:00.000Z,Listing removed,2024-10-16T00:00:00.000Z,Listed for rent,2023-05-02T00:00:00.000Z,Sold,2023-02-20T00:00:00.000Z,Price change,2023-01-29T00:00:00.000Z,Listed for sale,2013-08-23T00:00:00.000Z,Sold,,,,,,,,,,
"2004 Hairston Ave, Conway, AR 72034",2004 Hairston Ave,Conway,AR,,forRent,3,1703,,2800,32,https://www.zillow.com/homedetails/2004-Hairston-Ave-Conway-AR-72034/444384959_zpid/,,,2026-09-02T00:00:00.000Z,Listed for rent,2026-02-25T00:00:00.000Z,Listing removed,2026-01-13T00:00:00.000Z,Listed for rent,2025-12-29T00:00:00.000Z,Listing removed,2025-11-07T00:00:00.000Z,Listed for rent,2025-06-27T00:00:00.000Z,Listing removed,2025-06-10T00:00:00.000Z,Listed for rent,2025-05-29T00:00:00.000Z,Listing removed,2025-03-24T00:00:00.000Z,Price change,2025-01-29T00:00:00.000Z,Price change,2025-01-15T00:00:00.000Z,Listed for rent,2024-11-29T00:00:00.000Z,Listing removed,2024-10-16T00:00:00.000Z,Listed for rent,,,,,,,,,,,,,,,,,,,,,,,,,,,,,,,,,,
"418 S Main, Benton, AR 72015",418 S Main,Benton,AR,,forRent,3,1096,,1200,6,https://www.zillow.com/homedetails/418-S-Main-Benton-AR-72015/71708118_zpid/,,99500,2026-09-28T00:00:00.000Z,Price change,2026-09-08T00:00:00.000Z,Listed for rent,2026-09-01T00:00:00.000Z,Listing removed,2026-08-17T00:00:00.000Z,Listed for rent,2018-08-10T00:00:00.000Z,Sold,2018-06-20T00:00:00.000Z,Sold,2018-04-03T00:00:00.000Z,Listed for sale,,,,,,,,,,,,,,,,,,,,,,,,,,,,,,,,,,,,,,,,,,,,,,
"640 Cherub Dr, Conway, AR 72034",640 Cherub Dr,Conway,AR,,forRent,3,1144,,1500,21,https://www.zillow.com/homedetails/640-Cherub-Dr-Conway-AR-72034/242932_zpid/,,180000,2026-09-13T00:00:00.000Z,Listed for rent,2026-08-28T00:00:00.000Z,Sold,2026-08-27T00:00:00.000Z,Contingent,2026-07-26T00:00:00.000Z,Listed for sale,2018-04-26T00:00:00.000Z,Sold,2013-10-04T00:00:00.000Z,Sold,2010-09-24T00:00:00.000Z,Sold,,,,,,,,,,,,,,,,,,,,,,,,,,,,,,,,,,,,,,,,,,,,,,
"717 Burton St, Benton, AR 72015",717 Burton St,Benton,AR,,forRent,3,1544,,1650,2,https://www.zillow.com/homedetails/717-Burton-St-Benton-AR-72015/385729_zpid/,,22000,2026-10-02T00:00:00.000Z,Listed for rent,2026-09-22T00:00:00.000Z,Listing removed,2026-08-24T00:00:00.000Z,Listed for rent,2026-08-07T00:00:00.000Z,Listing removed,2026-08-03T00:00:00.000Z,Price change,2026-07-21T00:00:00.000Z,Listed for rent,2026-07-21T00:00:00.000Z,Listing removed,2026-07-07T00:00:00.000Z,Price change,2026-06-01T00:00:00.000Z,Price change,2026-05-07T00:00:00.000Z,Listed for sale,2026-05-07T00:00:00.000Z,Listing removed,2026-05-05T00:00:00.000Z,Listed for sale,2023-08-31T00:00:00.000Z,Sold,2023-08-28T00:00:00.000Z,Contingent,2023-08-23T00:00:00.000Z,Listed for sale,,,,,,,,,,,,,,,,,,,,,,,,,,,,,,
"17 Patti Cv, Ward, AR 72176",17 Patti Cv,Ward,AR,,forRent,3,1330,,1795,10,https://www.zillow.com/homedetails/17-Patti-Cv-Ward-AR-72176/338981618_zpid/,,210000,2026-09-25T00:00:00.000Z,Listed for rent,2022-07-27T00:00:00.000Z,Sold,,,,,,,,,,,,,,,,,,,,,,,,,,,,,,,,,,,,,,,,,,,,,,,,,,,,,,,,
"50 Buena Vista Dr, Cabot, AR 72023",50 Buena Vista Dr,Cabot,AR,,forRent,3,1361,,1450,10,https://www.zillow.com/homedetails/50-Buena-Vista-Dr-Cabot-AR-72023/452178369_zpid/,,182000,2026-09-25T00:00:00.000Z,Listed for rent,2026-01-31T00:00:00.000Z,Listing removed,2026-01-24T00:00:00.000Z,Price change,2026-01-17T00:00:00.000Z,Price change,2026-01-10T00:00:00.000Z,Price change,2026-01-03T00:00:00.000Z,Price change,2025-11-11T00:00:00.000Z,Listed for rent,2021-08-23T00:00:00.000Z,Sold,,,,,,,,,,,,,,,,,,,,,,,,,,,,,,,,,,,,,,,,,,,,
"89 Solomon Grove Rd, Damascus, AR 72039",89 Solomon Grove Rd,Damascus,AR,,forRent,3,1456,,1025,25,https://www.zillow.com/homedetails/89-Solomon-Grove-Rd-Damascus-AR-72039/244831_zpid/,,241000,2026-09-09T00:00:00.000Z,Listed for rent,2023-11-27T00:00:00.000Z,Listing removed,2023-11-20T00:00:00.000Z,Price change,2023-10-24T00:00:00.000Z,Listed for rent,2014-10-30T00:00:00.000Z,Sold,,,,,,,,,,,,,,,,,,,,,,,,,,,,,,,,,,,,,,,,,,,,,,,,,,
"5844 Heritage Heights Dr, Benton, AR 72019",5844 Heritage Heights Dr,Benton,AR,,forRent,4,1725,,1700,2,https://www.zillow.com/homedetails/5844-Heritage-Heights-Dr-Benton-AR-72019/441948705_zpid/,,,2026-10-03T00:00:00.000Z,Price change,2026-10-02T00:00:00.000Z,Listed for rent,2026-03-20T00:00:00.000Z,Listing removed,2026-03-07T00:00:00.000Z,Price change,2026-03-04T00:00:00.000Z,Price change,2026-02-26T00:00:00.000Z,Listed for rent,2024-11-06T00:00:00.000Z,Listing removed,2024-11-04T00:00:00.000Z,Price change,2024-10-21T00:00:00.000Z,Listed for rent,,,,,,,,,,,,,,,,,,,,,,,,,,,,,,,,,,,,,,,,,,
"1525 Appalachain Dr, Conway, AR 72034",1525 Appalachain Dr,Conway,AR,,forRent,3,1236,,1495,6,https://www.zillow.com/homedetails/1525-Appalachain-Dr-Conway-AR-72034/35730419_zpid/,,,2026-09-29T00:00:00.000Z,Listed for rent,2024-02-19T00:00:00.000Z,Listing removed,2024-01-01T00:00:00.000Z,Price change,2023-12-30T00:00:00.000Z,Price change,2023-12-03T00:00:00.000Z,Listed for rent,2023-11-03T00:00:00.000Z,Listing removed,2023-10-17T00:00:00.000Z,Listed for rent,2023-09-21T00:00:00.000Z,Listing removed,2023-08-31T00:00:00.000Z,Listed for rent,2022-06-04T00:00:00.000Z,Listing removed,2022-06-01T00:00:00.000Z,Listed for rent,2021-02-25T00:00:00.000Z,Listing removed,2020-07-21T00:00:00.000Z,Listing removed,2020-07-14T00:00:00.000Z,Listed for rent,2019-06-23T00:00:00.000Z,Listing removed,2019-06-12T00:00:00.000Z,Listed for rent,,,,,,,,,,,,,,,,,,,,,,,,,,,,
"721 S Richards, Benton, AR 72015",721 S Richards,Benton,AR,,forRent,3,1544,,1650,2,https://www.zillow.com/homedetails/721-S-Richards-Benton-AR-72015/389133_zpid/,,29900,2026-10-02T00:00:00.000Z,Listed for rent,2026-09-25T00:00:00.000Z,Listing removed,2026-08-14T00:00:00.000Z,Listed for rent,2026-08-07T00:00:00.000Z,Listing removed,2026-08-03T00:00:00.000Z,Price change,2026-07-22T00:00:00.000Z,Listed for rent,2023-07-28T00:00:00.000Z,Sold,2023-07-09T00:00:00.000Z,Contingent,2023-06-29T00:00:00.000Z,Listed for sale,,,,,,,,,,,,,,,,,,,,,,,,,,,,,,,,,,,,,,,,,,
"295 Niagra Fls, Conway, AR 72032",295 Niagra Fls,Conway,AR,,forRent,3,1148,,1550,7,https://www.zillow.com/homedetails/295-Niagra-Fls-Conway-AR-72032/35730544_zpid/,,189500,2026-09-27T00:00:00.000Z,Listed for rent,2026-09-01T00:00:00.000Z,Contingent,2026-08-31T00:00:00.000Z,Sold,2026-07-20T00:00:00.000Z,Listed for sale,2023-05-31T00:00:00.000Z,Sold,2023-04-23T00:00:00.000Z,Pending sale,2023-04-21T00:00:00.000Z,Listed for sale,2016-05-24T00:00:00.000Z,Listing removed,2016-05-24T00:00:00.000Z,Pending sale,2016-04-29T00:00:00.000Z,Sold,2016-03-13T00:00:00.000Z,Listed for sale,2010-08-10T00:00:00.000Z,Sold,,,,,,,,,,,,,,,,,,,,,,,,,,,,,,,,,,,,
"170 Crown Ct, Kings Mountain, NC 28086",170 Crown Ct,Kings Mountain,NC,,forRent,3,1320,,1715,25,https://www.zillow.com/homedetails/170-Crown-Ct-Kings-Mountain-NC-28086/214084781_zpid/,,22000,2026-09-09T00:00:00.000Z,Listed for rent,2025-08-22T00:00:00.000Z,Sold,2022-02-11T00:00:00.000Z,Sold,2021-12-21T00:00:00.000Z,Contingent,2018-04-23T00:00:00.000Z,Listed for sale,,,,,,,,,,,,,,,,,,,,,,,,,,,,,,,,,,,,,,,,,,,,,,,,,,
"21051 Natalie Ln, Little Rock, AR 72206",21051 Natalie Ln,Little Rock,AR,,forRent,3,1550,,1700,24,https://www.zillow.com/homedetails/21051-Natalie-Ln-Little-Rock-AR-72206/64691031_zpid/,,,2026-09-10T00:00:00.000Z,Listed for rent,,,,,,,,,,,,,,,,,,,,,,,,,,,,,,,,,,,,,,,,,,,,,,,,,,,,,,,,,,
"15 Leruss Blvd, Cabot, AR 72023",15 Leruss Blvd,Cabot,AR,,forRent,,,,,,https://www.zillow.com/b/15-leruss-blvd-cabot-ar-CkhJp8/,,,,,,,,,,,,,,,,,,,,,,,,,,,,,,,,,,,,,,,,,,,,,,,,,,,,,,,,,,,,,,
"100 Donna Kay Dr, Greenbrier, AR 72058",100 Donna Kay Dr,Greenbrier,AR,,forRent,3,1129,,1500,9,https://www.zillow.com/homedetails/100-Donna-Kay-Dr-Greenbrier-AR-72058/35730915_zpid/,,100000,2026-09-25T00:00:00.000Z,Listed for rent,2026-08-28T00:00:00.000Z,Listing removed,2026-08-07T00:00:00.000Z,Listed for rent,2024-03-16T00:00:00.000Z,Listing removed,2024-03-12T00:00:00.000Z,Listed for rent,2013-11-05T00:00:00.000Z,Sold,2013-07-27T00:00:00.000Z,Listing removed,2013-06-23T00:00:00.000Z,Listed for sale,2008-05-05T00:00:00.000Z,Sold,2007-05-22T00:00:00.000Z,Sold,,,,,,,,,,,,,,,,,,,,,,,,,,,,,,,,,,,,,,,,
"1961 Auburn Hills Dr, Benton, AR 72015",1961 Auburn Hills Dr,Benton,AR,,forRent,3,1470,,1850,62,https://www.zillow.com/homedetails/1961-Auburn-Hills-Dr-Benton-AR-72015/2061982521_zpid/,,210000,2026-08-04T00:00:00.000Z,Sold,2026-08-04T00:00:00.000Z,Listed for rent,2026-08-04T00:00:00.000Z,Contingent,2026-06-22T00:00:00.000Z,Price change,2026-05-30T00:00:00.000Z,Price change,2026-05-06T00:00:00.000Z,Price change,2026-04-27T00:00:00.000Z,Price change,2026-04-02T00:00:00.000Z,Price change,2026-03-31T00:00:00.000Z,Price change,2026-03-28T00:00:00.000Z,Listed for sale,2022-12-16T00:00:00.000Z,Sold,2022-11-18T00:00:00.000Z,Contingent,2022-11-11T00:00:00.000Z,Price change,2022-10-04T00:00:00.000Z,Price change,2022-08-23T00:00:00.000Z,Price change,2022-08-10T00:00:00.000Z,Listed for sale,,,,,,,,,,,,,,,,,,,,,,,,,,,,
"18 Lilly Ann Ct, Ward, AR 72176",18 Lilly Ann Ct,Ward,AR,,forRent,3,1355,,1725,19,https://www.zillow.com/homedetails/18-Lilly-Ann-Ct-Ward-AR-72176/445792648_zpid/,,18000,2026-10-01T00:00:00.000Z,Price change,2026-09-15T00:00:00.000Z,Listed for rent,2022-10-25T00:00:00.000Z,Listing removed,2022-10-07T00:00:00.000Z,Listed for sale,2017-08-16T00:00:00.000Z,Sold,,,,,,,,,,,,,,,,,,,,,,,,,,,,,,,,,,,,,,,,,,,,,,,,,,
"63 Autumn Hills Rd, Greenbrier, AR 72058",63 Autumn Hills Rd,Greenbrier,AR,,forRent,3,1420,,1450,19,https://www.zillow.com/homedetails/63-Autumn-Hills-Rd-Greenbrier-AR-72058/82246957_zpid/,,,2026-09-15T00:00:00.000Z,Listed for rent,2025-01-21T00:00:00.000Z,Listing removed,2025-01-17T00:00:00.000Z,Listed for rent,,,,,,,,,,,,,,,,,,,,,,,,,,,,,,,,,,,,,,,,,,,,,,,,,,,,,,
"1155 Jackson Rd, Ward, AR 72176",1155 Jackson Rd,Ward,AR,,forRent,3,1280,,1300,24,https://www.zillow.com/homedetails/1155-Jackson-Rd-Ward-AR-72176/99441054_zpid/,,,2026-09-10T00:00:00.000Z,Listed for rent,2026-03-18T00:00:00.000Z,Listing removed,2026-03-13T00:00:00.000Z,Price change,2026-02-24T00:00:00.000Z,Listed for rent,2026-01-12T00:00:00.000Z,Listing removed,2025-11-14T00:00:00.000Z,Price change,2025-10-06T00:00:00.000Z,Price change,2025-01-16T00:00:00.000Z,Listed for rent,2015-10-08T00:00:00.000Z,Listing removed,2015-09-18T00:00:00.000Z,Listed for rent,,,,,,,,,,,,,,,,,,,,,,,,,,,,,,,,,,,,,,,,
"103 E Concord Rd, Mayflower, AR 72106",103 E Concord Rd,Mayflower,AR,,forRent,3,1413,,1660,26,https://www.zillow.com/homedetails/103-E-Concord-Rd-Mayflower-AR-72106/463058000_zpid/,,,2026-09-09T00:00:00.000Z,Listed for rent,2026-08-14T00:00:00.000Z,Listing removed,2026-07-20T00:00:00.000Z,Price change,2026-06-09T00:00:00.000Z,Listed for sale,,,,,,,,,,,,,,,,,,,,,,,,,,,,,,,,,,,,,,,,,,,,,,,,,,,,
"14815 Parkway Meadows Dr, Alexander, AR 72002",14815 Parkway Meadows Dr,Alexander,AR,,forRent,3,1243,,1495,36,https://www.zillow.com/homedetails/14815-Parkway-Meadows-Dr-Alexander-AR-72002/114165875_zpid/,,187500,2026-09-14T00:00:00.000Z,Price change,2026-08-29T00:00:00.000Z,Listed for rent,2025-08-21T00:00:00.000Z,Listing removed,2025-08-07T00:00:00.000Z,Price change,2025-07-31T00:00:00.000Z,Price change,2025-07-24T00:00:00.000Z,Listed for rent,2023-04-06T00:00:00.000Z,Sold,2023-03-22T00:00:00.000Z,Contingent,2023-02-17T00:00:00.000Z,Price change,2023-01-20T00:00:00.000Z,Price change,2023-01-06T00:00:00.000Z,Listed for sale,2017-05-23T00:00:00.000Z,Sold,2011-04-28T00:00:00.000Z,Sold,,,,,,,,,,,,,,,,,,,,,,,,,,,,,,,,,,
"2230 Cedar Oaks Dr, Conway, AR 72032",2230 Cedar Oaks Dr,Conway,AR,,forRent,3,1200,,1500,21,https://www.zillow.com/homedetails/2230-Cedar-Oaks-Dr-Conway-AR-72032/239909_zpid/,,640000,2026-09-13T00:00:00.000Z,Listed for rent,2014-10-22T00:00:00.000Z,Sold,2006-05-30T00:00:00.000Z,Sold,,,,,,,,,,,,,,,,,,,,,,,,,,,,,,,,,,,,,,,,,,,,,,,,,,,,,,
"1700 Longfellow Dr, Conway, AR 72034",1700 Longfellow Dr,Conway,AR,,forRent,3,1257,,1495,2,https://www.zillow.com/homedetails/1700-Longfellow-Dr-Conway-AR-72034/35730325_zpid/,,106000,2026-10-02T00:00:00.000Z,Listed for rent,2023-08-14T00:00:00.000Z,Listing removed,2023-08-13T00:00:00.000Z,Listed for rent,2023-08-13T00:00:00.000Z,Listing removed,2023-07-31T00:00:00.000Z,Listed for rent,2022-07-27T00:00:00.000Z,Listing removed,2022-07-13T00:00:00.000Z,Listed for rent,2011-11-29T00:00:00.000Z,Sold,2011-07-31T00:00:00.000Z,Price change,2011-06-12T00:00:00.000Z,Listed for sale,2010-11-17T00:00:00.000Z,Listed for sale,,,,,,,,,,,,,,,,,,,,,,,,,,,,,,,,,,,,,,
"6099 Meridian Dr, Alexander, AR 72002",6099 Meridian Dr,Alexander,AR,,forRent,4,1824,,2195,24,https://www.zillow.com/homedetails/6099-Meridian-Dr-Alexander-AR-72002/456178536_zpid/,,,2026-09-10T00:00:00.000Z,Listed for rent,2026-01-22T00:00:00.000Z,Listing removed,2025-12-23T00:00:00.000Z,Listed for rent,2025-11-27T00:00:00.000Z,Listing removed,2025-08-22T00:00:00.000Z,Listed for sale,,,,,,,,,,,,,,,,,,,,,,,,,,,,,,,,,,,,,,,,,,,,,,,,,,
"1920 Jefferson Ave, Conway, AR 72032",1920 Jefferson Ave,Conway,AR,,forRent,3,1408,,1425,6,https://www.zillow.com/homedetails/1920-Jefferson-Ave-Conway-AR-72032/236335_zpid/,,0,2026-09-28T00:00:00.000Z,Listed for rent,2024-03-07T00:00:00.000Z,Listing removed,2024-02-06T00:00:00.000Z,Listed for rent,2013-02-15T00:00:00.000Z,Sold,,,,,,,,,,,,,,,,,,,,,,,,,,,,,,,,,,,,,,,,,,,,,,,,,,,,
"2230 Linda Dr, Conway, AR 72032",2230 Linda Dr,Conway,AR,,forRent,3,1348,,1650,13,https://www.zillow.com/homedetails/2230-Linda-Dr-Conway-AR-72032/102994419_zpid/,,205000,2026-09-21T00:00:00.000Z,Listed for rent,2023-11-10T00:00:00.000Z,Listing removed,2023-10-17T00:00:00.000Z,Listed for rent,2023-10-03T00:00:00.000Z,Sold,2023-08-24T00:00:00.000Z,Contingent,2021-03-24T00:00:00.000Z,Listing removed,2017-09-25T00:00:00.000Z,Listing removed,2017-06-27T00:00:00.000Z,Pending sale,2017-06-20T00:00:00.000Z,Listed for sale,2013-01-17T00:00:00.000Z,Sold,,,,,,,,,,,,,,,,,,,,,,,,,,,,,,,,,,,,,,,,
"22 Kirkland St, Ward, AR 72176",22 Kirkland St,Ward,AR,,forRent,3,1185,,1350,33,https://www.zillow.com/homedetails/22-Kirkland-St-Ward-AR-72176/261280_zpid/,,84000,2026-07-15T00:00:00.000Z,Listed for rent,2026-06-16T00:00:00.000Z,Sold,2026-06-14T00:00:00.000Z,Contingent,2026-06-02T00:00:00.000Z,Price change,2026-05-28T00:00:00.000Z,Listed for sale,2014-10-30T00:00:00.000Z,Sold,,,,,,,,,,,,,,,,,,,,,,,,,,,,,,,,,,,,,,,,,,,,,,,,
"302 N Lincoln St, Cabot, AR 72023",302 N Lincoln St,Cabot,AR,,forRent,3,1318,,1500,12,https://www.zillow.com/homedetails/302-N-Lincoln-St-Cabot-AR-72023/253236_zpid/,,119000,2026-09-22T00:00:00.000Z,Listed for rent,2014-02-28T00:00:00.000Z,Sold,,,,,,,,,,,,,,,,,,,,,,,,,,,,,,,,,,,,,,,,,,,,,,,,,,,,,,,,
"26 Stonewood Dr, Cabot, AR 72023",26 Stonewood Dr,Cabot,AR,,forRent,3,1698,,1900,41,https://www.zillow.com/homedetails/26-Stonewood-Dr-Cabot-AR-72023/55151081_zpid/,,157000,2026-08-24T00:00:00.000Z,Listed for rent,2026-04-27T00:00:00.000Z,Sold,2025-11-06T00:00:00.000Z,Listing removed,2025-10-20T00:00:00.000Z,Price change,2025-09-18T00:00:00.000Z,Listed for sale,2018-02-05T00:00:00.000Z,Listing removed,2017-09-28T00:00:00.000Z,Price change,2017-09-12T00:00:00.000Z,Listed for sale,2014-11-09T00:00:00.000Z,Listing removed,2014-08-01T00:00:00.000Z,Listed for sale,2012-03-12T00:00:00.000Z,Listing removed,2012-02-02T00:00:00.000Z,Listed for sale,,,,,,,,,,,,,,,,,,,,,,,,,,,,,,,,,,,,
"125 Old Red Rd, Ward, AR 72176",125 Old Red Rd,Ward,AR,,forRent,3,1280,,1000,31,https://www.zillow.com/homedetails/125-Old-Red-Rd-Ward-AR-72176/99434787_zpid/,,,2026-09-03T00:00:00.000Z,Listed for rent,2026-06-01T00:00:00.000Z,Listing removed,2026-05-19T00:00:00.000Z,Listed for rent,2026-04-20T00:00:00.000Z,Listing removed,2026-03-26T00:00:00.000Z,Listed for rent,2025-10-29T00:00:00.000Z,Listing removed,2025-10-06T00:00:00.000Z,Price change,2025-01-16T00:00:00.000Z,Listed for rent,2021-03-24T00:00:00.000Z,Listing removed,2018-02-28T00:00:00.000Z,Listing removed,2018-02-26T00:00:00.000Z,Listed for rent,,,,,,,,,,,,,,,,,,,,,,,,,,,,,,,,,,,,,,
"608 S Baridon St, Conway, AR 72034",608 S Baridon St,Conway,AR,,forRent,3,1997,,1650,16,https://www.zillow.com/homedetails/608-S-Baridon-St-Conway-AR-72034/236173_zpid/,,132500,2026-09-19T00:00:00.000Z,Price change,2026-09-18T00:00:00.000Z,Listed for rent,2026-08-31T00:00:00.000Z,Listing removed,2026-08-18T00:00:00.000Z,Price change,2026-08-08T00:00:00.000Z,Listed for rent,2026-07-28T00:00:00.000Z,Listing removed,2026-07-06T00:00:00.000Z,Listed for rent,2026-04-27T00:00:00.000Z,Listing removed,2026-04-01T00:00:00.000Z,Price change,2022-11-28T00:00:00.000Z,Price change,2022-11-03T00:00:00.000Z,Listed for rent,2018-10-17T00:00:00.000Z,Sold,2018-09-20T00:00:00.000Z,Pending sale,2018-08-24T00:00:00.000Z,Listed for sale,2015-07-07T00:00:00.000Z,Sold,,,,,,,,,,,,,,,,,,,,,,,,,,,,,,
"1610 Raden St, Conway, AR 72032",1610 Raden St,Conway,AR,,forRent,3,1243,,1650,53,https://www.zillow.com/homedetails/1610-Raden-St-Conway-AR-72032/2066419442_zpid/,,,2026-08-12T00:00:00.000Z,Listed for rent,2025-10-04T00:00:00.000Z,Listing removed,2025-10-03T00:00:00.000Z,Listed for rent,2025-10-03T00:00:00.000Z,Listing removed,2025-07-18T00:00:00.000Z,Listed for rent,2023-12-30T00:00:00.000Z,Listing removed,2023-12-29T00:00:00.000Z,Listed for rent,2023-12-28T00:00:00.000Z,Listing removed,2023-12-01T00:00:00.000Z,Price change,2023-09-08T00:00:00.000Z,Listed for rent,2023-04-19T00:00:00.000Z,Listing removed,2023-03-28T00:00:00.000Z,Listed for rent,2022-04-21T00:00:00.000Z,Listing removed,2022-02-16T00:00:00.000Z,Listed for rent,,,,,,,,,,,,,,,,,,,,,,,,,,,,,,,,
"5719 Heritage Heights Dr, Benton, AR 72019",5719 Heritage Heights Dr,Benton,AR,,forRent,4,1650,,1750,51,https://www.zillow.com/homedetails/5719-Heritage-Heights-Dr-Benton-AR-72019/71715729_zpid/,,22000,2026-09-25T00:00:00.000Z,Price change,2026-08-14T00:00:00.000Z,Listed for rent,2025-04-01T00:00:00.000Z,Listing removed,2025-03-06T00:00:00.000Z,Listed for rent,2023-10-30T00:00:00.000Z,Listing removed,2023-10-23T00:00:00.000Z,Listed for rent,2022-10-27T00:00:00.000Z,Listing removed,2022-09-26T00:00:00.000Z,Price change,2022-08-22T00:00:00.000Z,Listed for rent,2021-03-24T00:00:00.000Z,Listing removed,2018-08-04T00:00:00.000Z,Listing removed,2018-07-30T00:00:00.000Z,Listed for rent,2017-02-19T00:00:00.000Z,Listing removed,2017-02-06T00:00:00.000Z,Listed for rent,2016-10-28T00:00:00.000Z,Listing removed,2014-04-08T00:00:00.000Z,Listing removed,2014-03-29T00:00:00.000Z,Listed for rent,2013-01-05T00:00:00.000Z,Listing removed,2012-10-26T00:00:00.000Z,Listed for sale,2012-10-26T00:00:00.000Z,Listing removed,2012-10-07T00:00:00.000Z,Listed for rent,2010-03-24T00:00:00.000Z,Sold,,,,,,,,,,,,,,,,
"6065 Discovery Trl, Bauxite, AR 72011",6065 Discovery Trl,Bauxite,AR,,forRent,4,1459,,1595,4,https://www.zillow.com/homedetails/6065-Discovery-Trl-Bauxite-AR-72011/442588179_zpid/,,192660,2026-09-30T00:00:00.000Z,Listed for rent,2026-09-30T00:00:00.000Z,Listing removed,2026-09-15T00:00:00.000Z,Listed for rent,2026-08-11T00:00:00.000Z,Listing removed,2026-08-03T00:00:00.000Z,Listed for rent,2025-07-01T00:00:00.000Z,Listing removed,2025-05-23T00:00:00.000Z,Listed for rent,2025-05-09T00:00:00.000Z,Sold,2025-05-01T00:00:00.000Z,Contingent,2025-04-15T00:00:00.000Z,Price change,2025-04-04T00:00:00.000Z,Price change,2025-03-07T00:00:00.000Z,Price change,2025-02-28T00:00:00.000Z,Price change,2025-01-30T00:00:00.000Z,Price change,2024-12-14T00:00:00.000Z,Listed for sale,2024-11-22T00:00:00.000Z,Listing removed,2024-11-14T00:00:00.000Z,Listed for sale,,,,,,,,,,,,,,,,,,,,,,,,,,
"104 Herald Pl, Cabot, AR 72023",104 Herald Pl,Cabot,AR,,forRent,3,1232,,1095,62,https://www.zillow.com/homedetails/104-Herald-Pl-Cabot-AR-72023/252206_zpid/,,155000,2026-08-03T00:00:00.000Z,Listed for rent,2024-11-23T00:00:00.000Z,Listing removed,2024-11-14T00:00:00.000Z,Listed for rent,2023-12-28T00:00:00.000Z,Listing removed,2023-11-10T00:00:00.000Z,Price change,2023-10-18T00:00:00.000Z,Listed for rent,2022-04-09T00:00:00.000Z,Listing removed,2022-02-16T00:00:00.000Z,Listed for rent,2019-06-20T00:00:00.000Z,Listing removed,2019-05-08T00:00:00.000Z,Listed for rent,2018-08-24T00:00:00.000Z,Listing removed,2018-08-16T00:00:00.000Z,Price change,2018-08-01T00:00:00.000Z,Listed for rent,2017-12-07T00:00:00.000Z,Listing removed,2017-10-14T00:00:00.000Z,Listed for rent,2013-01-30T00:00:00.000Z,Sold,2008-01-10T00:00:00.000Z,Sold,1988-08-30T00:00:00.000Z,Sold,,,,,,,,,,,,,,,,,,,,,,,,
"195 Peach St, Conway, AR 72034",195 Peach St,Conway,AR,,forRent,3,1445,,1650,10,https://www.zillow.com/homedetails/195-Peach-St-Conway-AR-72034/240792_zpid/,,375000,2026-09-24T00:00:00.000Z,Listed for rent,2025-05-04T00:00:00.000Z,Listing removed,2025-04-23T00:00:00.000Z,Listed for rent,2023-02-12T00:00:00.000Z,Listing removed,2023-02-03T00:00:00.000Z,Listed for rent,2021-02-23T00:00:00.000Z,Listing removed,2020-04-28T00:00:00.000Z,Listing removed,2020-04-16T00:00:00.000Z,Listed for rent,2018-05-14T00:00:00.000Z,Listing removed,2018-04-25T00:00:00.000Z,Price change,2018-04-14T00:00:00.000Z,Listed for rent,2013-04-29T00:00:00.000Z,Sold,,,,,,,,,,,,,,,,,,,,,,,,,,,,,,,,,,,,
"1845 Arden Ln, Conway, AR 72034",1845 Arden Ln,Conway,AR,,forRent,3,1205,,1575,20,https://www.zillow.com/homedetails/1845-Arden-Ln-Conway-AR-72034/71714882_zpid/,,139000,2026-08-30T00:00:00.000Z,Price change,2026-07-17T00:00:00.000Z,Listed for rent,2024-07-03T00:00:00.000Z,Listing removed,2024-06-25T00:00:00.000Z,Listed for rent,2023-02-27T00:00:00.000Z,Listing removed,2023-02-22T00:00:00.000Z,Listed for rent,2021-01-19T00:00:00.000Z,Listing removed,2021-01-09T00:00:00.000Z,Listed for rent,2020-12-16T00:00:00.000Z,Sold,,,,,,,,,,,,,,,,,,,,,,,,,,,,,,,,,,,,,,,,,,
"54 W Plaza Blvd, Cabot, AR 72023",54 W Plaza Blvd,Cabot,AR,,forRent,3,1418,,1525,6,https://www.zillow.com/homedetails/54-W-Plaza-Blvd-Cabot-AR-72023/458267993_zpid/,,,2026-09-28T00:00:00.000Z,Listed for rent,2025-12-06T00:00:00.000Z,Listing removed,2025-11-15T00:00:00.000Z,Listed for rent,,,,,,,,,,,,,,,,,,,,,,,,,,,,,,,,,,,,,,,,,,,,,,,,,,,,,,
"621-623 Cosmos St, Maumelle, AR 72113",621-623 Cosmos St,Maumelle,AR,,other,,,,,,https://www.zillow.com/b/621-623-cosmos-st-maumelle-ar-CpNTTZ/,,,,,,,,,,,,,,,,,,,,,,,,,,,,,,,,,,,,,,,,,,,,,,,,,,,,,,,,,,,,,,
"53 Dunnaway Dr, Austin, AR 72007",53 Dunnaway Dr,Austin,AR,,forRent,3,1403,,1375,81,https://www.zillow.com/homedetails/53-Dunnaway-Dr-Austin-AR-72007/2056813469_zpid/,,195000,2026-09-13T00:00:00.000Z,Price change,2026-09-04T00:00:00.000Z,Price change,2026-08-25T00:00:00.000Z,Price change,2026-07-16T00:00:00.000Z,Listed for rent,2025-09-03T00:00:00.000Z,Listing removed,2025-09-02T00:00:00.000Z,Listing removed,2025-07-29T00:00:00.000Z,Listed for rent,2025-06-14T00:00:00.000Z,Listed for sale,2023-10-13T00:00:00.000Z,Sold,2023-09-06T00:00:00.000Z,Contingent,2023-07-15T00:00:00.000Z,Listed for sale,2023-06-30T00:00:00.000Z,Contingent,,,,,,,,,,,,,,,,,,,,,,,,,,,,,,,,,,,,
"8512 Highway 5, Benton, AR 72019",8512 Highway 5,Benton,AR,,forRent,4,1533,,1895,5,https://www.zillow.com/homedetails/8512-Highway-5-Benton-AR-72019/465667743_zpid/,,,2026-09-14T00:00:00.000Z,Listed for rent,2024-09-13T00:00:00.000Z,Listing removed,2024-07-15T00:00:00.000Z,Listed for rent,,,,,,,,,,,,,,,,,,,,,,,,,,,,,,,,,,,,,,,,,,,,,,,,,,,,,,
"405 S Ash St, Conway, AR 72034",405 S Ash St,Conway,AR,,forRent,3,1100,,1200,24,https://www.zillow.com/homedetails/405-S-Ash-St-Conway-AR-72034/238063_zpid/,,75000,2026-09-10T00:00:00.000Z,Listed for rent,2021-02-23T00:00:00.000Z,Listing removed,2020-06-04T00:00:00.000Z,Listing removed,2020-06-02T00:00:00.000Z,Listed for rent,2020-04-30T00:00:00.000Z,Sold,2020-04-14T00:00:00.000Z,Listed for sale,2013-09-25T00:00:00.000Z,Sold,2006-03-23T00:00:00.000Z,Sold,,,,,,,,,,,,,,,,,,,,,,,,,,,,,,,,,,,,,,,,,,,,
"13900 Ridgecrest Dr, Alexander, AR 72002",13900 Ridgecrest Dr,Alexander,AR,,forRent,3,1088,,1495,9,https://www.zillow.com/homedetails/13900-Ridgecrest-Dr-Alexander-AR-72002/49814165_zpid/,,100000,2026-09-30T00:00:00.000Z,Price change,2026-09-25T00:00:00.000Z,Listed for rent,2026-09-24T00:00:00.000Z,Listing removed,2026-08-31T00:00:00.000Z,Sold,2026-08-25T00:00:00.000Z,Listed for rent,,,,,,,,,,,,,,,,,,,,,,,,,,,,,,,,,,,,,,,,,,,,,,,,,,
"217 Grand Fls, Conway, AR 72032",217 Grand Fls,Conway,AR,,forRent,3,1154,,1200,6,https://www.zillow.com/homedetails/217-Grand-Fls-Conway-AR-72032/82287738_zpid/,,54000,2026-09-28T00:00:00.000Z,Listed for rent,2025-08-18T00:00:00.000Z,Listing removed,2025-08-07T00:00:00.000Z,Listed for rent,2024-07-01T00:00:00.000Z,Listing removed,2024-06-26T00:00:00.000Z,Listed for rent,2021-06-24T00:00:00.000Z,Listing removed,2021-06-23T00:00:00.000Z,Listed for rent,2020-04-15T00:00:00.000Z,Listing removed,2020-04-08T00:00:00.000Z,Listed for rent,2013-02-22T00:00:00.000Z,Sold,,,,,,,,,,,,,,,,,,,,,,,,,,,,,,,,,,,,,,,,
"4605 Valiant Dr, Conway, AR 72034",4605 Valiant Dr,Conway,AR,,forRent,3,1324,,1500,84,https://www.zillow.com/homedetails/4605-Valiant-Dr-Conway-AR-72034/52392383_zpid/,,122000,2026-08-01T00:00:00.000Z,Price change,2026-07-13T00:00:00.000Z,Listed for rent,2023-05-19T00:00:00.000Z,Listing removed,2023-05-02T00:00:00.000Z,Listed for rent,2022-04-11T00:00:00.000Z,Listing removed,2022-04-06T00:00:00.000Z,Listed for rent,2011-09-02T00:00:00.000Z,Sold,2011-06-12T00:00:00.000Z,Listed for sale,2008-09-08T00:00:00.000Z,Sold,,,,,,,,,,,,,,,,,,,,,,,,,,,,,,,,,,,,,,,,,,
"1281 Meadows Dr, Benton, AR 72019",1281 Meadows Dr,Benton,AR,,forRent,3,1523,,1595,4,https://www.zillow.com/homedetails/1281-Meadows-Dr-Benton-AR-72019/440544514_zpid/,,198850,2026-09-30T00:00:00.000Z,Listed for rent,2026-09-30T00:00:00.000Z,Listing removed,2026-09-24T00:00:00.000Z,Listed for rent,2025-04-25T00:00:00.000Z,Listing removed,2025-04-01T00:00:00.000Z,Price change,2025-03-07T00:00:00.000Z,Listed for rent,2025-02-18T00:00:00.000Z,Sold,2025-01-23T00:00:00.000Z,Contingent,2025-01-20T00:00:00.000Z,Price change,2024-12-27T00:00:00.000Z,Price change,2024-12-20T00:00:00.000Z,Price change,2024-12-12T00:00:00.000Z,Price change,2024-12-05T00:00:00.000Z,Price change,2024-09-18T00:00:00.000Z,Listed for sale,,,,,,,,,,,,,,,,,,,,,,,,,,,,,,,,
"26 Alexis Dr, Cabot, AR 72023",26 Alexis Dr,Cabot,AR,,forRent,3,1288,,1425,32,https://www.zillow.com/homedetails/26-Alexis-Dr-Cabot-AR-72023/255240_zpid/,,152900,2026-08-11T00:00:00.000Z,Price change,2026-07-29T00:00:00.000Z,Price change,2026-07-14T00:00:00.000Z,Listed for rent,2023-05-31T00:00:00.000Z,Listing removed,2023-05-17T00:00:00.000Z,Listed for rent,2023-03-10T00:00:00.000Z,Sold,2023-02-09T00:00:00.000Z,Contingent,2023-02-07T00:00:00.000Z,Listed for sale,2014-11-14T00:00:00.000Z,Sold,,,,,,,,,,,,,,,,,,,,,,,,,,,,,,,,,,,,,,,,,,
"202 Skunk Hollow Rd, Conway, AR 72032",202 Skunk Hollow Rd,Conway,AR,,forRent,3,1120,,1425,46,https://www.zillow.com/homedetails/202-Skunk-Hollow-Rd-Conway-AR-72032/228041_zpid/,,116083,2026-09-09T00:00:00.000Z,Listed for rent,2026-08-20T00:00:00.000Z,Listing removed,2026-08-19T00:00:00.000Z,Listed for rent,2026-07-20T00:00:00.000Z,Sold,2026-05-18T00:00:00.000Z,Contingent,2026-05-08T00:00:00.000Z,Listed for sale,2014-12-02T00:00:00.000Z,Sold,,,,,,,,,,,,,,,,,,,,,,,,,,,,,,,,,,,,,,,,,,,,,,
"416 Jackman St, Benton, AR 72015",416 Jackman St,Benton,AR,,forRent,3,1200,,1600,15,https://www.zillow.com/homedetails/416-Jackman-St-Benton-AR-72015/389112_zpid/,,140000,2026-09-19T00:00:00.000Z,Listed for rent,2025-10-31T00:00:00.000Z,Sold,2025-10-13T00:00:00.000Z,Contingent,2025-10-04T00:00:00.000Z,Price change,2025-09-26T00:00:00.000Z,Listed for sale,2017-01-05T00:00:00.000Z,Sold,2016-11-16T00:00:00.000Z,Price change,2016-10-08T00:00:00.000Z,Listed for sale,,,,,,,,,,,,,,,,,,,,,,,,,,,,,,,,,,,,,,,,,,,,
"1155 Mimosa Dr, Conway, AR 72034",1155 Mimosa Dr,Conway,AR,,forRent,3,1236,,1400,30,https://www.zillow.com/homedetails/1155-Mimosa-Dr-Conway-AR-72034/35730018_zpid/,,78000,2026-09-04T00:00:00.000Z,Listed for rent,2025-06-19T00:00:00.000Z,Listing removed,2025-06-16T00:00:00.000Z,Listed for rent,2023-09-26T00:00:00.000Z,Listing removed,2023-09-11T00:00:00.000Z,Listed for rent,2019-06-13T00:00:00.000Z,Listing removed,2019-06-05T00:00:00.000Z,Listed for rent,2001-06-27T00:00:00.000Z,Sold,,,,,,,,,,,,,,,,,,,,,,,,,,,,,,,,,,,,,,,,,,,,
"2406 Oakbrook Cv, Benton, AR 72015",2406 Oakbrook Cv,Benton,AR,,forRent,3,2036,,1850,6,https://www.zillow.com/homedetails/2406-Oakbrook-Cv-Benton-AR-72015/386247_zpid/,,220000,2026-09-28T00:00:00.000Z,Listed for rent,2024-09-11T00:00:00.000Z,Listing removed,2024-08-20T00:00:00.000Z,Listed for rent,2024-08-12T00:00:00.000Z,Listing removed,2024-08-12T00:00:00.000Z,Listed for rent,2024-08-11T00:00:00.000Z,Listing removed,2024-05-30T00:00:00.000Z,Listed for rent,2023-10-13T00:00:00.000Z,Listing removed,2023-10-12T00:00:00.000Z,Listed for rent,2023-10-11T00:00:00.000Z,Listing removed,2023-09-28T00:00:00.000Z,Listed for rent,2022-11-03T00:00:00.000Z,Listed for rent,2022-09-20T00:00:00.000Z,Sold,2022-08-28T00:00:00.000Z,Contingent,2022-08-27T00:00:00.000Z,Listed for sale,,,,,,,,,,,,,,,,,,,,,,,,,,,,,,
"1810 Rich Smith Ln, Conway, AR 72032",1810 Rich Smith Ln,Conway,AR,,forRent,3,2310,,2500,69,https://www.zillow.com/homedetails/1810-Rich-Smith-Ln-Conway-AR-72032/102992676_zpid/,,,2026-07-27T00:00:00.000Z,Price change,2026-06-22T00:00:00.000Z,Price change,2026-04-22T00:00:00.000Z,Price change,2026-01-07T00:00:00.000Z,Listed for rent,,,,,,,,,,,,,,,,,,,,,,,,,,,,,,,,,,,,,,,,,,,,,,,,,,,,
"1306 Bellemeade Dr, Conway, AR 72034",1306 Bellemeade Dr,Conway,AR,,forRent,3,2220,,1775,52,https://www.zillow.com/homedetails/1306-Bellemeade-Dr-Conway-AR-72034/234155_zpid/,,89090,2026-08-13T00:00:00.000Z,Listed for rent,2025-06-20T00:00:00.000Z,Listing removed,2025-05-09T00:00:00.000Z,Listed for rent,2017-12-01T00:00:00.000Z,Listing removed,2017-08-20T00:00:00.000Z,Price change,2017-05-31T00:00:00.000Z,Listed for sale,2013-10-16T00:00:00.000Z,Listing removed,2013-07-18T00:00:00.000Z,Listed for sale,2013-04-01T00:00:00.000Z,Sold,2012-06-28T00:00:00.000Z,Sold,,,,,,,,,,,,,,,,,,,,,,,,,,,,,,,,,,,,,,,,
"508 SW 4th St, Bryant, AR 72022",508 SW 4th St,Bryant,AR,,forRent,3,1510,,1750,27,https://www.zillow.com/homedetails/508-SW-4th-St-Bryant-AR-72022/391129_zpid/,,231000,2026-09-26T00:00:00.000Z,Price change,2026-09-07T00:00:00.000Z,Listed for rent,2026-07-02T00:00:00.000Z,Listing removed,2026-06-18T00:00:00.000Z,Sold,2026-06-18T00:00:00.000Z,Listed for rent,2026-05-27T00:00:00.000Z,Contingent,2026-05-22T00:00:00.000Z,Price change,2026-05-12T00:00:00.000Z,Price change,2026-05-01T00:00:00.000Z,Price change,2026-04-04T00:00:00.000Z,Listed for sale,2014-11-21T00:00:00.000Z,Sold,,,,,,,,,,,,,,,,,,,,,,,,,,,,,,,,,,,,,,
"103 E Scott St, Carlisle, AR 72024",103 E Scott St,Carlisle,AR,,forRent,3,1556,,1250,22,https://www.zillow.com/homedetails/103-E-Scott-St-Carlisle-AR-72024/258138_zpid/,,75000,2026-09-13T00:00:00.000Z,Price change,2026-08-09T00:00:00.000Z,Listed for rent,2025-05-14T00:00:00.000Z,Sold,2025-03-28T00:00:00.000Z,Sold,2024-12-02T00:00:00.000Z,Listed for sale,2014-01-15T00:00:00.000Z,Sold,2013-07-17T00:00:00.000Z,Sold,2013-06-26T00:00:00.000Z,Price change,2013-05-17T00:00:00.000Z,Price change,2013-02-20T00:00:00.000Z,Price change,2013-01-27T00:00:00.000Z,Listed for sale,,,,,,,,,,,,,,,,,,,,,,,,,,,,,,,,,,,,,,
"2925 Gillis Dr, Benton, AR 72015",2925 Gillis Dr,Benton,AR,,forRent,4,2021,,2350,27,https://www.zillow.com/homedetails/2925-Gillis-Dr-Benton-AR-72015/2068772088_zpid/,,,2026-09-07T00:00:00.000Z,Listed for rent,2025-02-28T00:00:00.000Z,Listing removed,2025-02-07T00:00:00.000Z,Listed for rent,2021-10-21T00:00:00.000Z,Listing removed,2021-08-19T00:00:00.000Z,Listed for sale,,,,,,,,,,,,,,,,,,,,,,,,,,,,,,,,,,,,,,,,,,,,,,,,,,
"40 Ridge Trl, Sherwood, AR 72120",40 Ridge Trl,Sherwood,AR,,forRent,3,2200,,2100,44,https://www.zillow.com/homedetails/40-Ridge-Trl-Sherwood-AR-72120/232839_zpid/,,230600,2026-08-31T00:00:00.000Z,Price change,2026-08-21T00:00:00.000Z,Listed for rent,2026-08-12T00:00:00.000Z,Listing removed,2026-07-20T00:00:00.000Z,Listed for rent,2026-06-17T00:00:00.000Z,Listing removed,2026-06-02T00:00:00.000Z,Listed for rent,2025-09-19T00:00:00.000Z,Price change,2025-07-22T00:00:00.000Z,Price change,2025-06-24T00:00:00.000Z,Price change,2025-04-15T00:00:00.000Z,Price change,2025-03-14T00:00:00.000Z,Price change,2025-02-27T00:00:00.000Z,Listed for rent,2014-10-03T00:00:00.000Z,Sold,2001-09-05T00:00:00.000Z,Sold,,,,,,,,,,,,,,,,,,,,,,,,,,,,,,,,
"31 Haley Renee Dr, Greenbrier, AR 72058",31 Haley Renee Dr,Greenbrier,AR,,forRent,3,1527,,1400,60,https://www.zillow.com/homedetails/31-Haley-Renee-Dr-Greenbrier-AR-72058/464349852_zpid/,,,2026-08-05T00:00:00.000Z,Listed for rent,,,,,,,,,,,,,,,,,,,,,,,,,,,,,,,,,,,,,,,,,,,,,,,,,,,,,,,,,,
"21 Willard St, Ward, AR 72176",21 Willard St,Ward,AR,,forRent,3,1301,,1250,51,https://www.zillow.com/homedetails/21-Willard-St-Ward-AR-72176/55151159_zpid/,,165000,2026-10-03T00:00:00.000Z,Price change,2026-09-26T00:00:00.000Z,Price change,2026-09-19T00:00:00.000Z,Price change,2026-08-14T00:00:00.000Z,Listed for rent,2022-08-08T00:00:00.000Z,Sold,2014-12-24T00:00:00.000Z,Listing removed,2014-11-06T00:00:00.000Z,Price change,2014-10-02T00:00:00.000Z,Listed for rent,2014-04-10T00:00:00.000Z,Listing removed,2014-03-01T00:00:00.000Z,Listed for rent,2014-02-18T00:00:00.000Z,Listing removed,2014-02-07T00:00:00.000Z,Price change,2014-01-09T00:00:00.000Z,Price change,2013-10-25T00:00:00.000Z,Price change,2013-08-24T00:00:00.000Z,Listed for sale,2013-05-23T00:00:00.000Z,Listing removed,2013-04-18T00:00:00.000Z,Price change,2013-03-30T00:00:00.000Z,Price change,2013-03-13T00:00:00.000Z,Price change,2013-02-26T00:00:00.000Z,Price change,2013-02-10T00:00:00.000Z,Listed for sale,2012-07-04T00:00:00.000Z,Listing removed,2012-05-16T00:00:00.000Z,Price change,2012-04-12T00:00:00.000Z,Price change,2012-04-09T00:00:00.000Z,Price change,2012-03-23T00:00:00.000Z,Listed for sale,,,,,,,,
"2710 Lavern St, Bryant, AR 72022",2710 Lavern St,Bryant,AR,,forRent,3,1281,,1375,4,https://www.zillow.com/homedetails/2710-Lavern-St-Bryant-AR-72022/391293_zpid/,,131000,2026-09-30T00:00:00.000Z,Listed for rent,2026-09-30T00:00:00.000Z,Listing removed,2026-09-25T00:00:00.000Z,Listed for rent,2024-09-13T00:00:00.000Z,Listing removed,2024-07-12T00:00:00.000Z,Price change,2024-05-17T00:00:00.000Z,Price change,2024-04-05T00:00:00.000Z,Listed for rent,2024-03-25T00:00:00.000Z,Listing removed,2024-03-15T00:00:00.000Z,Listed for rent,2022-03-22T00:00:00.000Z,Listing removed,2022-03-10T00:00:00.000Z,Listed for rent,2020-10-22T00:00:00.000Z,Listing removed,2020-10-13T00:00:00.000Z,Listed for rent,2018-03-15T00:00:00.000Z,Listing removed,2018-02-14T00:00:00.000Z,Sold,2018-01-15T00:00:00.000Z,Listed for rent,2017-12-10T00:00:00.000Z,Listed for sale,2017-08-06T00:00:00.000Z,Sold,2017-05-28T00:00:00.000Z,Price change,2017-04-21T00:00:00.000Z,Listed for sale,2017-03-17T00:00:00.000Z,Sold,2017-02-16T00:00:00.000Z,Listed for sale,,,,,,,,,,,,,,,,
"211 Rodney Guthrie Dr, Cabot, AR 72023",211 Rodney Guthrie Dr,Cabot,AR,,forRent,3,1268,,1345,59,https://www.zillow.com/homedetails/211-Rodney-Guthrie-Dr-Cabot-AR-72023/256835_zpid/,,155000,2026-08-06T00:00:00.000Z,Listed for rent,2025-09-22T00:00:00.000Z,Listing removed,2025-08-26T00:00:00.000Z,Price change,2025-07-29T00:00:00.000Z,Listed for rent,2023-07-27T00:00:00.000Z,Listing removed,2023-07-06T00:00:00.000Z,Listed for rent,2022-03-15T00:00:00.000Z,Contingent,2022-03-10T00:00:00.000Z,Sold,2022-01-31T00:00:00.000Z,Listed for sale,2019-09-20T00:00:00.000Z,Sold,2019-09-11T00:00:00.000Z,Listed for sale,2019-08-26T00:00:00.000Z,Pending sale,2019-08-13T00:00:00.000Z,Price change,2019-05-31T00:00:00.000Z,Price change,2019-03-17T00:00:00.000Z,Listed for sale,2017-02-23T00:00:00.000Z,Listing removed,2017-01-02T00:00:00.000Z,Listed for sale,2016-07-05T00:00:00.000Z,Listed for sale,2016-06-27T00:00:00.000Z,Sold,2015-11-21T00:00:00.000Z,Listed for sale,2014-09-16T00:00:00.000Z,Sold,,,,,,,,,,,,,,,,,,
"4555 Graham Dr, Conway, AR 72034",4555 Graham Dr,Conway,AR,,forRent,3,1192,,1400,52,https://www.zillow.com/homedetails/4555-Graham-Dr-Conway-AR-72034/59917944_zpid/,,185000,2026-08-13T00:00:00.000Z,Listed for rent,2024-10-02T00:00:00.000Z,Listing removed,2024-09-23T00:00:00.000Z,Listed for rent,2023-07-28T00:00:00.000Z,Sold,2023-06-28T00:00:00.000Z,Contingent,2023-06-28T00:00:00.000Z,Listed for sale,2021-03-24T00:00:00.000Z,Listing removed,2016-11-28T00:00:00.000Z,Listing removed,2016-11-28T00:00:00.000Z,Listed for sale,2016-09-29T00:00:00.000Z,Sold,2016-09-06T00:00:00.000Z,Pending sale,2016-07-30T00:00:00.000Z,Price change,2016-07-21T00:00:00.000Z,Listed for sale,2011-06-21T00:00:00.000Z,Sold,2005-10-20T00:00:00.000Z,Sold,,,,,,,,,,,,,,,,,,,,,,,,,,,,,,
"345 Joyner Loop, Lonoke, AR 72086",345 Joyner Loop,Lonoke,AR,,forRent,3,1120,,1200,4,https://www.zillow.com/homedetails/345-Joyner-Loop-Lonoke-AR-72086/99446243_zpid/,,36000,2026-07-05T00:00:00.000Z,Price change,2026-07-03T00:00:00.000Z,Listed for rent,2026-06-23T00:00:00.000Z,Listing removed,2026-02-11T00:00:00.000Z,Listed for rent,2025-11-22T00:00:00.000Z,Listing removed,2025-11-15T00:00:00.000Z,Price change,2025-11-05T00:00:00.000Z,Listed for rent,2025-09-05T00:00:00.000Z,Listing removed,2025-08-06T00:00:00.000Z,Listed for rent,2007-02-20T00:00:00.000Z,Sold,,,,,,,,,,,,,,,,,,,,,,,,,,,,,,,,,,,,,,,,
"1709 Durwood St, Benton, AR 72015",1709 Durwood St,Benton,AR,,forRent,3,1281,,1545,12,https://www.zillow.com/homedetails/1709-Durwood-St-Benton-AR-72015/382073_zpid/,,7000,2026-09-22T00:00:00.000Z,Listed for rent,1996-01-02T00:00:00.000Z,Sold,,,,,,,,,,,,,,,,,,,,,,,,,,,,,,,,,,,,,,,,,,,,,,,,,,,,,,,,
"1906 Dave Ward Dr, Conway, AR 72034",1906 Dave Ward Dr,Conway,AR,,forRent,3,1335,,1000,54,https://www.zillow.com/homedetails/1906-Dave-Ward-Dr-Conway-AR-72034/2061771487_zpid/,,,2026-08-11T00:00:00.000Z,Listed for rent,2025-12-18T00:00:00.000Z,Listing removed,2025-11-11T00:00:00.000Z,Price change,2025-10-28T00:00:00.000Z,Price change,2025-10-03T00:00:00.000Z,Price change,2025-06-27T00:00:00.000Z,Listed for rent,2024-05-29T00:00:00.000Z,Listing removed,2024-05-14T00:00:00.000Z,Price change,2024-04-23T00:00:00.000Z,Price change,2024-04-15T00:00:00.000Z,Price change,2024-03-18T00:00:00.000Z,Price change,2024-02-16T00:00:00.000Z,Price change,2024-02-13T00:00:00.000Z,Price change,2024-01-31T00:00:00.000Z,Listed for rent,2023-11-30T00:00:00.000Z,Listing removed,2023-11-15T00:00:00.000Z,Listed for rent,2022-10-25T00:00:00.000Z,Listing removed,2022-10-18T00:00:00.000Z,Price change,2022-10-02T00:00:00.000Z,Price change,2022-08-26T00:00:00.000Z,Listed for rent,,,,,,,,,,,,,,,,,,,,
"351 Meadow Creek Dr, Haskell, AR 72015",351 Meadow Creek Dr,Haskell,AR,,forRent,3,1625,,1650,58,https://www.zillow.com/homedetails/351-Meadow-Creek-Dr-Haskell-AR-72015/92428597_zpid/,,139900,2026-08-07T00:00:00.000Z,Listed for rent,2024-09-13T00:00:00.000Z,Listing removed,2024-07-17T00:00:00.000Z,Listed for rent,2022-10-26T00:00:00.000Z,Listing removed,2022-10-15T00:00:00.000Z,Price change,2022-10-04T00:00:00.000Z,Price change,2022-08-28T00:00:00.000Z,Price change,2022-08-25T00:00:00.000Z,Listed for rent,2018-10-05T00:00:00.000Z,Sold,2018-08-13T00:00:00.000Z,Listed for sale,2016-04-28T00:00:00.000Z,Sold,2010-02-10T00:00:00.000Z,Sold,,,,,,,,,,,,,,,,,,,,,,,,,,,,,,,,,,,,
"8 Golden Leaf Dr, Greenbrier, AR 72058",8 Golden Leaf Dr,Greenbrier,AR,,forRent,3,1381,,1600,2,https://www.zillow.com/homedetails/8-Golden-Leaf-Dr-Greenbrier-AR-72058/82263560_zpid/,,195000,2026-10-02T00:00:00.000Z,Listed for rent,2024-01-04T00:00:00.000Z,Listing removed,2023-12-10T00:00:00.000Z,Price change,2023-11-10T00:00:00.000Z,Price change,2023-09-19T00:00:00.000Z,Listed for rent,2023-09-18T00:00:00.000Z,Sold,2023-08-31T00:00:00.000Z,Pending sale,2023-08-31T00:00:00.000Z,Contingent,2023-08-26T00:00:00.000Z,Price change,2023-08-09T00:00:00.000Z,Listed for sale,2022-12-27T00:00:00.000Z,Contingent,2022-12-22T00:00:00.000Z,Sold,2022-11-12T00:00:00.000Z,Listed for sale,2010-03-11T00:00:00.000Z,Sold,,,,,,,,,,,,,,,,,,,,,,,,,,,,,,,,
"102 Rosebud Cir, Cabot, AR 72023",102 Rosebud Cir,Cabot,AR,,forRent,3,1277,,1375,65,https://www.zillow.com/homedetails/102-Rosebud-Cir-Cabot-AR-72023/63160774_zpid/,,199000,2026-09-15T00:00:00.000Z,Price change,2026-07-31T00:00:00.000Z,Listed for rent,2024-10-10T00:00:00.000Z,Listing removed,2024-10-09T00:00:00.000Z,Price change,2024-09-26T00:00:00.000Z,Listed for rent,2024-08-28T00:00:00.000Z,Contingent,2024-08-23T00:00:00.000Z,Sold,2024-07-15T00:00:00.000Z,Listed for sale,2019-02-08T00:00:00.000Z,Sold,2019-01-11T00:00:00.000Z,Pending sale,2018-12-01T00:00:00.000Z,Price change,2018-09-22T00:00:00.000Z,Price change,2018-08-05T00:00:00.000Z,Listed for sale,,,,,,,,,,,,,,,,,,,,,,,,,,,,,,,,,,
"1950 Payne Ln, Conway, AR 72034",1950 Payne Ln,Conway,AR,,forRent,3,1534,,1700,5,https://www.zillow.com/homedetails/1950-Payne-Ln-Conway-AR-72034/242379_zpid/,,86500,2026-09-29T00:00:00.000Z,Listed for rent,2025-10-26T00:00:00.000Z,Listing removed,2025-09-09T00:00:00.000Z,Listed for rent,2023-03-29T00:00:00.000Z,Listing removed,2023-03-14T00:00:00.000Z,Listed for rent,2014-01-21T00:00:00.000Z,Sold,2008-05-27T00:00:00.000Z,Sold,2007-06-25T00:00:00.000Z,Sold,,,,,,,,,,,,,,,,,,,,,,,,,,,,,,,,,,,,,,,,,,,,
"35 G St, Cabot, AR 72023",35 G St,Cabot,AR,,forRent,3,1849,,1825,88,https://www.zillow.com/homedetails/35-G-St-Cabot-AR-72023/254255_zpid/,,230000,2026-07-25T00:00:00.000Z,Price change,2026-07-09T00:00:00.000Z,Price change,2026-05-03T00:00:00.000Z,Listed for rent,2025-05-25T00:00:00.000Z,Listing removed,2025-05-14T00:00:00.000Z,Price change,2025-05-01T00:00:00.000Z,Listed for rent,2021-06-07T00:00:00.000Z,Sold,2020-09-03T00:00:00.000Z,Sold,2020-06-19T00:00:00.000Z,Listed for sale,2018-06-22T00:00:00.000Z,Sold,2018-05-08T00:00:00.000Z,Listed for sale,2014-04-28T00:00:00.000Z,Sold,,,,,,,,,,,,,,,,,,,,,,,,,,,,,,,,,,,,
"1105 River Oaks Dr, Benton, AR 72019",1105 River Oaks Dr,Benton,AR,,forRent,4,2350,,2600,61,https://www.zillow.com/homedetails/1105-River-Oaks-Dr-Benton-AR-72019/453260567_zpid/,,,2026-08-04T00:00:00.000Z,Listed for rent,2025-07-28T00:00:00.000Z,Listing removed,2025-07-04T00:00:00.000Z,Price change,2025-06-21T00:00:00.000Z,Price change,2025-06-12T00:00:00.000Z,Listed for rent,,,,,,,,,,,,,,,,,,,,,,,,,,,,,,,,,,,,,,,,,,,,,,,,,,
"1343 S Battleground Ave, Kings Mountain, NC 28086",1343 S Battleground Ave,Kings Mountain,NC,,forRent,3,1724,,1950,5,https://www.zillow.com/homedetails/1343-S-Battleground-Ave-Kings-Mountain-NC-28086/78285925_zpid/,,995000,2026-09-30T00:00:00.000Z,Listed for rent,2026-08-23T00:00:00.000Z,Listing removed,2026-07-10T00:00:00.000Z,Listed for rent,2023-09-02T00:00:00.000Z,Listing removed,2023-08-28T00:00:00.000Z,Listed for rent,2023-08-05T00:00:00.000Z,Listing removed,2023-08-04T00:00:00.000Z,Price change,2023-08-01T00:00:00.000Z,Listed for rent,2022-10-25T00:00:00.000Z,Listing removed,2022-09-08T00:00:00.000Z,Listed for rent,2022-07-22T00:00:00.000Z,Listing removed,2022-07-17T00:00:00.000Z,Listed for rent,2022-03-30T00:00:00.000Z,Sold,2022-02-17T00:00:00.000Z,Pending sale,2022-02-16T00:00:00.000Z,Contingent,2022-02-15T00:00:00.000Z,Listed for sale,2021-11-16T00:00:00.000Z,Contingent,2021-11-06T00:00:00.000Z,Pending sale,2021-11-06T00:00:00.000Z,Contingent,2021-08-15T00:00:00.000Z,Listed for sale,,,,,,,,,,,,,,,,,,,,
"456 Brinkley Dr, Kings Mountain, NC 28086",456 Brinkley Dr,Kings Mountain,NC,,forRent,3,2175,,2185,17,https://www.zillow.com/homedetails/456-Brinkley-Dr-Kings-Mountain-NC-28086/463854737_zpid/,,295000,2026-09-22T00:00:00.000Z,Price change,2026-09-17T00:00:00.000Z,Listed for rent,2026-08-20T00:00:00.000Z,Sold,2026-07-16T00:00:00.000Z,Pending sale,2026-07-14T00:00:00.000Z,Listed for sale,,,,,,,,,,,,,,,,,,,,,,,,,,,,,,,,,,,,,,,,,,,,,,,,,,
"1267 Hamilton St, Conway, AR 72032",1267 Hamilton St,Conway,AR,,forRent,3,1056,,1158,46,https://www.zillow.com/homedetails/1267-Hamilton-St-Conway-AR-72032/234905_zpid/,,52000,2026-09-16T00:00:00.000Z,Price change,2026-09-14T00:00:00.000Z,Price change,2026-08-20T00:00:00.000Z,Listed for rent,2024-09-19T00:00:00.000Z,Listing removed,2024-09-17T00:00:00.000Z,Price change,2024-09-15T00:00:00.000Z,Price change,2024-09-13T00:00:00.000Z,Listed for rent,2022-12-30T00:00:00.000Z,Listing removed,2022-12-17T00:00:00.000Z,Price change,2022-12-03T00:00:00.000Z,Price change,2022-11-22T00:00:00.000Z,Price change,2022-11-08T00:00:00.000Z,Listed for rent,2022-11-04T00:00:00.000Z,Listing removed,2022-10-28T00:00:00.000Z,Price change,2022-09-30T00:00:00.000Z,Listed for sale,2021-12-14T00:00:00.000Z,Sold,2015-03-20T00:00:00.000Z,Sold,,,,,,,,,,,,,,,,,,,,,,,,,,
"572 Belcaro Dr, Kings Mountain, NC 28086",572 Belcaro Dr,Kings Mountain,NC,,forRent,3,1800,,2090,5,https://www.zillow.com/homedetails/572-Belcaro-Dr-Kings-Mountain-NC-28086/339891889_zpid/,,,2026-09-29T00:00:00.000Z,Listed for rent,2023-09-29T00:00:00.000Z,Listing removed,2023-09-27T00:00:00.000Z,Price change,2023-08-29T00:00:00.000Z,Listed for rent,2022-08-11T00:00:00.000Z,Listing removed,2022-07-01T00:00:00.000Z,Listed for sale,,,,,,,,,,,,,,,,,,,,,,,,,,,,,,,,,,,,,,,,,,,,,,,,
"493 Aubrey Woods Dr, Kings Mountain, NC 28086",493 Aubrey Woods Dr,Kings Mountain,NC,,forRent,4,2201,,2395,34,https://www.zillow.com/homedetails/493-Aubrey-Woods-Dr-Kings-Mountain-NC-28086/338483091_zpid/,,352900,2026-10-02T00:00:00.000Z,Price change,2026-09-20T00:00:00.000Z,Listed for rent,2026-09-02T00:00:00.000Z,Listing removed,2026-08-31T00:00:00.000Z,Listed for rent,2026-08-12T00:00:00.000Z,Listing removed,2026-07-23T00:00:00.000Z,Price change,2026-07-03T00:00:00.000Z,Listed for rent,2022-03-11T00:00:00.000Z,Sold,2022-01-12T00:00:00.000Z,Contingent,,,,,,,,,,,,,,,,,,,,,,,,,,,,,,,,,,,,,,,,,,
"404 Marcella Dr, Kings Mountain, NC 28086",404 Marcella Dr,Kings Mountain,NC,,forRent,3,1507,,1769,55,https://www.zillow.com/homedetails/404-Marcella-Dr-Kings-Mountain-NC-28086/214091791_zpid/,,255000,2026-09-29T00:00:00.000Z,Price change,2026-09-23T00:00:00.000Z,Price change,2026-09-16T00:00:00.000Z,Price change,2026-09-09T00:00:00.000Z,Price change,2026-09-02T00:00:00.000Z,Price change,2026-08-25T00:00:00.000Z,Price change,2026-08-18T00:00:00.000Z,Price change,2026-08-11T00:00:00.000Z,Listed for rent,2021-08-17T00:00:00.000Z,Listing removed,2021-08-06T00:00:00.000Z,Price change,2021-07-22T00:00:00.000Z,Listed for rent,2021-06-24T00:00:00.000Z,Sold,2021-06-03T00:00:00.000Z,Pending sale,2021-05-26T00:00:00.000Z,Listed for sale,2016-05-24T00:00:00.000Z,Sold,,,,,,,,,,,,,,,,,,,,,,,,,,,,,,
"1740 Raden St, Conway, AR 72032",1740 Raden St,Conway,AR,,forRent,3,1243,,1650,25,https://www.zillow.com/homedetails/1740-Raden-St-Conway-AR-72032/2061816633_zpid/,,,2026-09-09T00:00:00.000Z,Listed for rent,2026-05-19T00:00:00.000Z,Listing removed,2026-02-27T00:00:00.000Z,Price change,2022-11-09T00:00:00.000Z,Price change,2022-10-11T00:00:00.000Z,Price change,2022-08-22T00:00:00.000Z,Listed for rent,,,,,,,,,,,,,,,,,,,,,,,,,,,,,,,,,,,,,,,,,,,,,,,,
"158 Ridgeland Dr, Maumelle, AR 72113",158 Ridgeland Dr,Maumelle,AR,,forRent,3,1835,,1975,26,https://www.zillow.com/homedetails/158-Ridgeland-Dr-Maumelle-AR-72113/325729_zpid/,,188900,2026-09-08T00:00:00.000Z,Listed for rent,2025-04-11T00:00:00.000Z,Listing removed,2024-12-03T00:00:00.000Z,Listed for rent,2023-01-20T00:00:00.000Z,Listing removed,2023-01-06T00:00:00.000Z,Listed for rent,2019-11-19T00:00:00.000Z,Listing removed,2019-09-17T00:00:00.000Z,Listed for rent,2018-03-09T00:00:00.000Z,Sold,2018-01-24T00:00:00.000Z,Listed for sale,2014-07-14T00:00:00.000Z,Sold,2014-05-25T00:00:00.000Z,Price change,2014-05-10T00:00:00.000Z,Price change,2014-04-14T00:00:00.000Z,Price change,2014-03-29T00:00:00.000Z,Listed for sale,2013-06-27T00:00:00.000Z,Sold,2001-02-05T00:00:00.000Z,Sold,2000-07-13T00:00:00.000Z,Sold,,,,,,,,,,,,,,,,,,,,,,,,,,
"22 Edgehill Cv, Maumelle, AR 72113",22 Edgehill Cv,Maumelle,AR,,forRent,3,1520,,1175,10,https://www.zillow.com/homedetails/22-Edgehill-Cv-Maumelle-AR-72113/79790227_zpid/,,357500,2026-09-24T00:00:00.000Z,Listed for rent,2026-09-23T00:00:00.000Z,Listing removed,2026-05-27T00:00:00.000Z,Listed for sale,2013-12-23T00:00:00.000Z,Sold,2013-11-13T00:00:00.000Z,Listed for sale,1998-03-10T00:00:00.000Z,Sold,,,,,,,,,,,,,,,,,,,,,,,,,,,,,,,,,,,,,,,,,,,,,,,,
"242 Colton Ct, Kings Mountain, NC 28086",242 Colton Ct,Kings Mountain,NC,,forRent,5,2511,,2455,17,https://www.zillow.com/homedetails/242-Colton-Ct-Kings-Mountain-NC-28086/462106908_zpid/,,325000,2026-09-17T00:00:00.000Z,Listed for rent,2026-08-20T00:00:00.000Z,Sold,2026-07-16T00:00:00.000Z,Pending sale,2026-06-16T00:00:00.000Z,Price change,2026-05-01T00:00:00.000Z,Listed for sale,,,,,,,,,,,,,,,,,,,,,,,,,,,,,,,,,,,,,,,,,,,,,,,,,,
"3264 Sidell Rd, Benton, AR 72015",3264 Sidell Rd,Benton,AR,,forRent,4,1652,,1795,16,https://www.zillow.com/homedetails/3264-Sidell-Rd-Benton-AR-72015/465427229_zpid/,,,2026-09-18T00:00:00.000Z,Listed for rent,,,,,,,,,,,,,,,,,,,,,,,,,,,,,,,,,,,,,,,,,,,,,,,,,,,,,,,,,,
"707 Oakwood Dr, Benton, AR 72015",707 Oakwood Dr,Benton,AR,,forRent,5,1770,,1800,10,https://www.zillow.com/homedetails/707-Oakwood-Dr-Benton-AR-72015/383390_zpid/,,45000,2026-09-24T00:00:00.000Z,Listed for rent,2026-04-23T00:00:00.000Z,Sold,2026-04-10T00:00:00.000Z,Contingent,2026-04-08T00:00:00.000Z,Price change,2026-03-09T00:00:00.000Z,Price change,2026-02-12T00:00:00.000Z,Listed for sale,,,,,,,,,,,,,,,,,,,,,,,,,,,,,,,,,,,,,,,,,,,,,,,,
"1422 Saw Grass Cv, Benton, AR 72019",1422 Saw Grass Cv,Benton,AR,,forRent,3,1400,,1500,13,https://www.zillow.com/homedetails/1422-Saw-Grass-Cv-Benton-AR-72019/82268083_zpid/,,133000,2026-09-21T00:00:00.000Z,Listed for rent,2024-07-17T00:00:00.000Z,Listing removed,2024-06-20T00:00:00.000Z,Listed for rent,2020-11-20T00:00:00.000Z,Sold,2013-06-06T00:00:00.000Z,Sold,2013-04-26T00:00:00.000Z,Pending sale,2013-02-06T00:00:00.000Z,Listed for sale,2012-11-22T00:00:00.000Z,Listing removed,2012-07-18T00:00:00.000Z,Price change,2012-04-28T00:00:00.000Z,Listed for sale,2009-06-08T00:00:00.000Z,Sold,,,,,,,,,,,,,,,,,,,,,,,,,,,,,,,,,,,,,,
"106 Jo Park Ln, Maumelle, AR 72113",106 Jo Park Ln,Maumelle,AR,,forRent,4,1640,,2000,59,https://www.zillow.com/homedetails/106-Jo-Park-Ln-Maumelle-AR-72113/2056841941_zpid/,,,2026-08-06T00:00:00.000Z,Listed for rent,2023-10-04T00:00:00.000Z,Listing removed,2023-10-03T00:00:00.000Z,Listed for rent,2023-10-03T00:00:00.000Z,Listing removed,2023-06-29T00:00:00.000Z,Listed for rent,,,,,,,,,,,,,,,,,,,,,,,,,,,,,,,,,,,,,,,,,,,,,,,,,,
"3369 Garden Club Dr, Benton, AR 72022",3369 Garden Club Dr,Benton,AR,,forRent,3,1305,,1700,21,https://www.zillow.com/homedetails/3369-Garden-Club-Dr-Benton-AR-72022/118174164_zpid/,,172500,2026-09-14T00:00:00.000Z,Listed for rent,2025-06-21T00:00:00.000Z,Listing removed,2025-05-20T00:00:00.000Z,Listed for rent,2025-02-04T00:00:00.000Z,Listing removed,2025-01-07T00:00:00.000Z,Listed for rent,2024-09-03T00:00:00.000Z,Listing removed,2024-08-27T00:00:00.000Z,Listed for rent,2022-08-31T00:00:00.000Z,Sold,2021-05-21T00:00:00.000Z,Sold,2018-06-22T00:00:00.000Z,Sold,,,,,,,,,,,,,,,,,,,,,,,,,,,,,,,,,,,,,,,,
"5320 Lantana Dr, Conway, AR 72034",5320 Lantana Dr,Conway,AR,,forRent,3,1292,,1750,3,https://www.zillow.com/homedetails/5320-Lantana-Dr-Conway-AR-72034/59918021_zpid/,,190000,2026-10-01T00:00:00.000Z,Listed for rent,2026-08-20T00:00:00.000Z,Sold,2026-08-04T00:00:00.000Z,Price change,2026-07-13T00:00:00.000Z,Listed for sale,2014-06-30T00:00:00.000Z,Sold,2014-04-05T00:00:00.000Z,Listed for sale,2007-06-20T00:00:00.000Z,Sold,,,,,,,,,,,,,,,,,,,,,,,,,,,,,,,,,,,,,,,,,,,,,,
"1296 37th Avenue Ln NE, Hickory, NC 28601",1296 37th Avenue Ln NE,Hickory,NC,,forRent,5,2368,,2500,11,https://www.zillow.com/homedetails/1296-37th-Avenue-Ln-NE-Hickory-NC-28601/440360611_zpid/,,323000,2026-09-23T00:00:00.000Z,Listed for rent,2026-04-29T00:00:00.000Z,Listing removed,2026-04-08T00:00:00.000Z,Listed for rent,2025-03-17T00:00:00.000Z,Listing removed,2025-02-26T00:00:00.000Z,Sold,2025-02-19T00:00:00.000Z,Listed for rent,2024-12-21T00:00:00.000Z,Price change,2024-12-16T00:00:00.000Z,Price change,2024-12-09T00:00:00.000Z,Price change,2024-11-22T00:00:00.000Z,Price change,2024-11-18T00:00:00.000Z,Price change,2024-10-29T00:00:00.000Z,Price change,2024-10-21T00:00:00.000Z,Price change,2024-10-08T00:00:00.000Z,Price change,2024-09-14T00:00:00.000Z,Listed for sale,,,,,,,,,,,,,,,,,,,,,,,,,,,,,,
"2714 Gage Dr, Benton, AR 72019",2714 Gage Dr,Benton,AR,,forRent,3,1303,,1500,34,https://www.zillow.com/homedetails/2714-Gage-Dr-Benton-AR-72019/92431557_zpid/,,122580,2026-08-31T00:00:00.000Z,Listed for rent,2022-03-04T00:00:00.000Z,Sold,2018-05-12T00:00:00.000Z,Listing removed,2018-04-07T00:00:00.000Z,Listed for rent,2018-02-11T00:00:00.000Z,Listing removed,2018-01-21T00:00:00.000Z,Price change,2017-11-09T00:00:00.000Z,Listed for rent,2017-04-11T00:00:00.000Z,Listing removed,2017-03-19T00:00:00.000Z,Listed for rent,2016-08-25T00:00:00.000Z,Listing removed,2015-11-21T00:00:00.000Z,Listing removed,2015-11-13T00:00:00.000Z,Listed for rent,2007-05-24T00:00:00.000Z,Sold,,,,,,,,,,,,,,,,,,,,,,,,,,,,,,,,,,
"117 Logan Dr, Maumelle, AR 72113",117 Logan Dr,Maumelle,AR,,forRent,3,1472,,1835,89,https://www.zillow.com/homedetails/117-Logan-Dr-Maumelle-AR-72113/2057186355_zpid/,,,2026-07-07T00:00:00.000Z,Listed for rent,2023-07-30T00:00:00.000Z,Listing removed,2023-07-29T00:00:00.000Z,Listed for rent,2023-07-29T00:00:00.000Z,Listing removed,2023-06-10T00:00:00.000Z,Listed for rent,,,,,,,,,,,,,,,,,,,,,,,,,,,,,,,,,,,,,,,,,,,,,,,,,,
"316 W Conway St, Benton, AR 72015",316 W Conway St,Benton,AR,,forRent,3,1807,,1295,39,https://www.zillow.com/homedetails/316-W-Conway-St-Benton-AR-72015/388334_zpid/,,39000,2026-10-01T00:00:00.000Z,Listing removed,2026-09-25T00:00:00.000Z,Price change,2026-09-21T00:00:00.000Z,Price change,2026-09-03T00:00:00.000Z,Price change,2026-08-26T00:00:00.000Z,Listed for rent,2026-08-11T00:00:00.000Z,Listed for sale,2026-08-11T00:00:00.000Z,Listing removed,2026-08-03T00:00:00.000Z,Price change,2026-07-21T00:00:00.000Z,Price change,2026-07-15T00:00:00.000Z,Price change,2026-07-09T00:00:00.000Z,Price change,2026-07-01T00:00:00.000Z,Price change,2026-06-10T00:00:00.000Z,Listed for sale,2025-09-30T00:00:00.000Z,Listing removed,2025-09-22T00:00:00.000Z,Listed for rent,1992-04-01T00:00:00.000Z,Sold,,,,,,,,,,,,,,,,,,,,,,,,,,,,
"605 Valley Vista Dr, Benton, AR 72019",605 Valley Vista Dr,Benton,AR,,forRent,4,1942,,1875,89,https://www.zillow.com/homedetails/605-Valley-Vista-Dr-Benton-AR-72019/387089_zpid/,,,2026-07-07T00:00:00.000Z,Listed for rent,,,,,,,,,,,,,,,,,,,,,,,,,,,,,,,,,,,,,,,,,,,,,,,,,,,,,,,,,,
"4409 Olympic Dr, Benton, AR 72019",4409 Olympic Dr,Benton,AR,,forRent,4,1566,,1600,13,https://www.zillow.com/homedetails/4409-Olympic-Dr-Benton-AR-72019/446361230_zpid/,,182600,2026-09-21T00:00:00.000Z,Listed for rent,2024-07-09T00:00:00.000Z,Listing removed,2024-06-13T00:00:00.000Z,Listed for rent,2021-04-21T00:00:00.000Z,Sold,,,,,,,,,,,,,,,,,,,,,,,,,,,,,,,,,,,,,,,,,,,,,,,,,,,,
"1116 Kenwood Cv, Bryant, AR 72022",1116 Kenwood Cv,Bryant,AR,,forRent,4,1931,,2100,45,https://www.zillow.com/homedetails/1116-Kenwood-Cv-Bryant-AR-72022/52934559_zpid/,,120000,2026-08-20T00:00:00.000Z,Listed for rent,2025-07-26T00:00:00.000Z,Listing removed,2025-07-22T00:00:00.000Z,Listed for rent,2024-01-18T00:00:00.000Z,Listing removed,2023-10-26T00:00:00.000Z,Listed for rent,2022-06-08T00:00:00.000Z,Listing removed,2022-06-02T00:00:00.000Z,Listed for rent,2022-05-25T00:00:00.000Z,Listing removed,2022-04-09T00:00:00.000Z,Listed for rent,2022-03-31T00:00:00.000Z,Listing removed,2022-02-09T00:00:00.000Z,Price change,2022-01-28T00:00:00.000Z,Listed for rent,2019-06-16T00:00:00.000Z,Listing removed,2019-05-09T00:00:00.000Z,Price change,2019-01-11T00:00:00.000Z,Listed for rent,2011-10-13T00:00:00.000Z,Listing removed,2011-08-06T00:00:00.000Z,Listed for rent,2001-12-26T00:00:00.000Z,Sold,,,,,,,,,,,,,,,,,,,,,,,,
"10413 Cypress Knee Dr, Maumelle, AR 72113",10413 Cypress Knee Dr,Maumelle,AR,,forRent,3,1480,,1800,95,https://www.zillow.com/homedetails/10413-Cypress-Knee-Dr-Maumelle-AR-72113/2060938533_zpid/,,,2026-07-01T00:00:00.000Z,Listed for rent,2025-04-22T00:00:00.000Z,Listing removed,2025-04-04T00:00:00.000Z,Listed for rent,2022-11-13T00:00:00.000Z,Listing removed,2022-10-25T00:00:00.000Z,Listed for rent,,,,,,,,,,,,,,,,,,,,,,,,,,,,,,,,,,,,,,,,,,,,,,,,,,
"1510 Bennett, Benton, AR 72015",1510 Bennett,Benton,AR,,forRent,3,1312,,1450,12,https://www.zillow.com/homedetails/1510-Bennett-Benton-AR-72015/52934431_zpid/,,,2026-09-22T00:00:00.000Z,Listed for rent,,,,,,,,,,,,,,,,,,,,,,,,,,,,,,,,,,,,,,,,,,,,,,,,,,,,,,,,,,
"7 Southland Dr, Maumelle, AR 72113",7 Southland Dr,Maumelle,AR,,forRent,2,925,,850,96,https://www.zillow.com/homedetails/7-Southland-Dr-Maumelle-AR-72113/2109744736_zpid/,,,2026-06-30T00:00:00.000Z,Listed for rent,2018-07-15T00:00:00.000Z,Listing removed,2018-06-28T00:00:00.000Z,Listed for rent,2016-06-28T00:00:00.000Z,Listing removed,2014-12-12T00:00:00.000Z,Listing removed,2014-07-29T00:00:00.000Z,Listed for rent,2013-12-30T00:00:00.000Z,Listing removed,2013-11-27T00:00:00.000Z,Listed for rent,,,,,,,,,,,,,,,,,,,,,,,,,,,,,,,,,,,,,,,,,,,,
"2906 Pamela, Benton, AR 72015",2906 Pamela,Benton,AR,,forRent,3,1372,,1395,41,https://www.zillow.com/homedetails/2906-Pamela-Benton-AR-72015/385308_zpid/,,,2026-10-03T00:00:00.000Z,Price change,2026-09-26T00:00:00.000Z,Price change,2026-08-25T00:00:00.000Z,Listed for rent,2025-08-04T00:00:00.000Z,Listing removed,2025-07-29T00:00:00.000Z,Price change,2025-07-08T00:00:00.000Z,Price change,2025-03-05T00:00:00.000Z,Listed for rent,2025-02-27T00:00:00.000Z,Listing removed,2025-02-24T00:00:00.000Z,Price change,2025-02-14T00:00:00.000Z,Listed for sale,,,,,,,,,,,,,,,,,,,,,,,,,,,,,,,,,,,,,,,,
"401 Oliver St, Conway, AR 72034",401 Oliver St,Conway,AR,,forRent,3,1490,,1350,5,https://www.zillow.com/homedetails/401-Oliver-St-Conway-AR-72034/235413_zpid/,,44969,2026-09-30T00:00:00.000Z,Listed for rent,2025-07-14T00:00:00.000Z,Listing removed,2025-07-06T00:00:00.000Z,Listed for rent,2012-11-05T00:00:00.000Z,Sold,2012-10-05T00:00:00.000Z,Pending sale,2012-09-23T00:00:00.000Z,Listed for sale,2011-04-26T00:00:00.000Z,Sold,,,,,,,,,,,,,,,,,,,,,,,,,,,,,,,,,,,,,,,,,,,,,,
"17 Leisurewood Ln, Maumelle, AR 72113",17 Leisurewood Ln,Maumelle,AR,,forRent,3,1840,,1600,3,https://www.zillow.com/homedetails/17-Leisurewood-Ln-Maumelle-AR-72113/327111_zpid/,,43500,2026-10-02T00:00:00.000Z,Listed for rent,2021-03-24T00:00:00.000Z,Listing removed,2019-10-21T00:00:00.000Z,Listing removed,2019-09-18T00:00:00.000Z,Price change,2019-08-29T00:00:00.000Z,Price change,2019-08-07T00:00:00.000Z,Listed for rent,2013-05-07T00:00:00.000Z,Sold,2006-09-28T00:00:00.000Z,Sold,,,,,,,,,,,,,,,,,,,,,,,,,,,,,,,,,,,,,,,,,,,,
"6316 Warwick Dr, Alexander, AR 72002",6316 Warwick Dr,Alexander,AR,,forRent,4,1884,,2200,65,https://www.zillow.com/homedetails/6316-Warwick-Dr-Alexander-AR-72002/461049113_zpid/,,277000,2026-09-30T00:00:00.000Z,Price change,2026-09-18T00:00:00.000Z,Price change,2026-07-31T00:00:00.000Z,Listed for rent,2026-06-29T00:00:00.000Z,Sold,2026-05-29T00:00:00.000Z,Contingent,2026-05-29T00:00:00.000Z,Price change,2026-03-14T00:00:00.000Z,Listed for sale,,,,,,,,,,,,,,,,,,,,,,,,,,,,,,,,,,,,,,,,,,,,,,
"61 Pin Oak Loop, Maumelle, AR 72113",61 Pin Oak Loop,Maumelle,AR,,forRent,3,1173,,1450,93,https://www.zillow.com/homedetails/61-Pin-Oak-Loop-Maumelle-AR-72113/326810_zpid/,,175000,2026-09-29T00:00:00.000Z,Price change,2026-08-14T00:00:00.000Z,Price change,2026-08-12T00:00:00.000Z,Price change,2026-07-03T00:00:00.000Z,Listed for rent,2024-04-25T00:00:00.000Z,Listing removed,2024-04-09T00:00:00.000Z,Listed for rent,2023-02-09T00:00:00.000Z,Listing removed,2022-12-28T00:00:00.000Z,Price change,2022-10-26T00:00:00.000Z,Listed for rent,2022-09-30T00:00:00.000Z,Sold,2022-08-28T00:00:00.000Z,Contingent,2022-08-26T00:00:00.000Z,Listed for sale,2018-04-24T00:00:00.000Z,Sold,2018-03-07T00:00:00.000Z,Price change,2018-02-07T00:00:00.000Z,Listed for sale,2017-06-08T00:00:00.000Z,Listing removed,2017-05-10T00:00:00.000Z,Listed for sale,2014-05-05T00:00:00.000Z,Sold,2011-07-04T00:00:00.000Z,Listing removed,2011-06-09T00:00:00.000Z,Listed for sale,2006-08-02T00:00:00.000Z,Sold,2003-05-01T00:00:00.000Z,Sold,2000-09-22T00:00:00.000Z,Sold,,,,,,,,,,,,,,
"16 High Timber Dr, Maumelle, AR 72113",16 High Timber Dr,Maumelle,AR,,forRent,3,1430,,1850,1,https://www.zillow.com/homedetails/16-High-Timber-Dr-Maumelle-AR-72113/326241_zpid/,,197500,2026-10-03T00:00:00.000Z,Listed for rent,2024-07-19T00:00:00.000Z,Listing removed,2024-06-19T00:00:00.000Z,Listed for rent,2023-07-01T00:00:00.000Z,Listing removed,2023-06-27T00:00:00.000Z,Listed for rent,2023-06-26T00:00:00.000Z,Sold,2023-05-19T00:00:00.000Z,Contingent,2019-04-12T00:00:00.000Z,Sold,2019-02-11T00:00:00.000Z,Listed for sale,2012-04-13T00:00:00.000Z,Sold,2008-05-15T00:00:00.000Z,Sold,2006-08-02T00:00:00.000Z,Sold,,,,,,,,,,,,,,,,,,,,,,,,,,,,,,,,,,,,
"203 Logan Dr, Maumelle, AR 72113",203 Logan Dr,Maumelle,AR,,forRent,3,1472,,1835,65,https://www.zillow.com/homedetails/203-Logan-Dr-Maumelle-AR-72113/2057186362_zpid/,,,2026-08-05T00:00:00.000Z,Price change,2026-07-31T00:00:00.000Z,Listed for rent,2024-08-27T00:00:00.000Z,Listing removed,2024-08-01T00:00:00.000Z,Listed for rent,2023-06-19T00:00:00.000Z,Listing removed,2023-06-10T00:00:00.000Z,Listed for rent,,,,,,,,,,,,,,,,,,,,,,,,,,,,,,,,,,,,,,,,,,,,,,,,
"1602 Harmon Dr, Benton, AR 72015",1602 Harmon Dr,Benton,AR,,forRent,4,1881,,1595,17,https://www.zillow.com/homedetails/1602-Harmon-Dr-Benton-AR-72015/384937_zpid/,,100000,2026-09-18T00:00:00.000Z,Listed for rent,2025-09-12T00:00:00.000Z,Listing removed,2025-06-03T00:00:00.000Z,Listed for rent,2025-05-27T00:00:00.000Z,Listing removed,2025-05-22T00:00:00.000Z,Listed for sale,2025-05-13T00:00:00.000Z,Sold,2025-05-13T00:00:00.000Z,Listed for sale,,,,,,,,,,,,,,,,,,,,,,,,,,,,,,,,,,,,,,,,,,,,,,
"127 Chambery Dr, Maumelle, AR 72113",127 Chambery Dr,Maumelle,AR,,forRent,4,1651,,2500,31,https://www.zillow.com/homedetails/127-Chambery-Dr-Maumelle-AR-72113/122006196_zpid/,,,2026-09-03T00:00:00.000Z,Price change,2026-07-24T00:00:00.000Z,Listed for rent,2019-06-07T00:00:00.000Z,Listing removed,2019-03-21T00:00:00.000Z,Price change,2019-02-14T00:00:00.000Z,Listed for rent,2017-11-15T00:00:00.000Z,Listing removed,2017-08-30T00:00:00.000Z,Price change,2017-08-08T00:00:00.000Z,Price change,2017-04-27T00:00:00.000Z,Listed for rent,,,,,,,,,,,,,,,,,,,,,,,,,,,,,,,,,,,,,,,,,,
"11 Page Cv, Maumelle, AR 72113",11 Page Cv,Maumelle,AR,,forRent,3,1294,,1695,32,https://www.zillow.com/homedetails/11-Page-Cv-Maumelle-AR-72113/326629_zpid/,,222125,2026-09-02T00:00:00.000Z,Listed for rent,2019-05-21T00:00:00.000Z,Listing removed,2019-02-11T00:00:00.000Z,Listed for rent,2017-11-18T00:00:00.000Z,Listing removed,2017-10-06T00:00:00.000Z,Price change,2017-09-16T00:00:00.000Z,Price change,2017-08-12T00:00:00.000Z,Listed for rent,2017-04-01T00:00:00.000Z,Listing removed,2017-02-23T00:00:00.000Z,Listed for rent,2016-01-29T00:00:00.000Z,Listing removed,2016-01-13T00:00:00.000Z,Listed for rent,2014-01-01T00:00:00.000Z,Sold,1983-10-01T00:00:00.000Z,Sold,,,,,,,,,,,,,,,,,,,,,,,,,,,,,,,,,,
"18 Kimberly Dr, Vilonia, AR 72173",18 Kimberly Dr,Vilonia,AR,,forRent,3,1954,,1945,18,https://www.zillow.com/homedetails/18-Kimberly-Dr-Vilonia-AR-72173/245526_zpid/,,270000,2026-08-26T00:00:00.000Z,Price change,2026-05-04T00:00:00.000Z,Listed for rent,2026-01-06T00:00:00.000Z,Contingent,2026-01-05T00:00:00.000Z,Sold,2025-11-20T00:00:00.000Z,Listed for sale,2025-11-20T00:00:00.000Z,Listing removed,2025-09-18T00:00:00.000Z,Listed for sale,2015-07-09T00:00:00.000Z,Sold,2000-03-15T00:00:00.000Z,Sold,,,,,,,,,,,,,,,,,,,,,,,,,,,,,,,,,,,,,,,,,,
"191 Rosedale St, Kings Mountain, NC 28086",191 Rosedale St,Kings Mountain,NC,,forRent,3,1679,,1795,20,https://www.zillow.com/homedetails/191-Rosedale-St-Kings-Mountain-NC-28086/338483251_zpid/,,246900,2026-09-14T00:00:00.000Z,Listed for rent,2024-12-14T00:00:00.000Z,Listing removed,2024-11-12T00:00:00.000Z,Listed for rent,2023-11-08T00:00:00.000Z,Listing removed,2023-11-03T00:00:00.000Z,Price change,2023-10-18T00:00:00.000Z,Listed for rent,2021-06-11T00:00:00.000Z,Sold,2021-02-04T00:00:00.000Z,Contingent,2021-01-26T00:00:00.000Z,Listed for sale,,,,,,,,,,,,,,,,,,,,,,,,,,,,,,,,,,,,,,,,,,
"2225 Redwood, Benton, AR 72015",2225 Redwood,Benton,AR,,forRent,3,1758,,1800,125,https://www.zillow.com/homedetails/2225-Redwood-Benton-AR-72015/52934068_zpid/,,132000,2026-09-03T00:00:00.000Z,Price change,2026-08-17T00:00:00.000Z,Price change,2026-07-13T00:00:00.000Z,Price change,2026-06-01T00:00:00.000Z,Listed for rent,2025-05-31T00:00:00.000Z,Listing removed,2025-05-17T00:00:00.000Z,Listed for rent,2025-05-16T00:00:00.000Z,Listing removed,2025-04-17T00:00:00.000Z,Listed for rent,2025-04-16T00:00:00.000Z,Listing removed,2024-10-29T00:00:00.000Z,Listed for rent,2023-07-19T00:00:00.000Z,Listing removed,2023-06-20T00:00:00.000Z,Listed for rent,2022-03-04T00:00:00.000Z,Listing removed,2022-02-12T00:00:00.000Z,Listed for rent,2020-08-15T00:00:00.000Z,Listing removed,2020-08-04T00:00:00.000Z,Listed for rent,2019-06-13T00:00:00.000Z,Listing removed,2019-06-04T00:00:00.000Z,Listed for rent,2018-10-16T00:00:00.000Z,Listing removed,2018-08-10T00:00:00.000Z,Price change,2018-08-07T00:00:00.000Z,Listed for rent,2015-07-18T00:00:00.000Z,Listing removed,2015-06-11T00:00:00.000Z,Listed for rent,2014-04-25T00:00:00.000Z,Listing removed,2014-02-22T00:00:00.000Z,Listed for rent,2013-10-18T00:00:00.000Z,Sold,2011-11-01T00:00:00.000Z,Sold,2009-01-13T00:00:00.000Z,Sold,,,,
"24 Oak Ridge Dr, Maumelle, AR 72113",24 Oak Ridge Dr,Maumelle,AR,,forRent,3,1176,,1650,13,https://www.zillow.com/homedetails/24-Oak-Ridge-Dr-Maumelle-AR-72113/326760_zpid/,,97231,2026-09-22T00:00:00.000Z,Listed for rent,2022-08-31T00:00:00.000Z,Listing removed,2022-08-23T00:00:00.000Z,Listed for sale,2020-03-22T00:00:00.000Z,Listing removed,2020-01-27T00:00:00.000Z,Price change,2020-01-01T00:00:00.000Z,Price change,2019-11-25T00:00:00.000Z,Listed for rent,2017-07-21T00:00:00.000Z,Listing removed,2017-06-26T00:00:00.000Z,Listed for rent,2014-06-10T00:00:00.000Z,Listing removed,2014-04-17T00:00:00.000Z,Listed for sale,2014-04-14T00:00:00.000Z,Sold,2013-05-02T00:00:00.000Z,Sold,2007-02-06T00:00:00.000Z,Sold,2003-12-31T00:00:00.000Z,Sold,,,,,,,,,,,,,,,,,,,,,,,,,,,,,,
"110 River Valley Loop, Maumelle, AR 72113",110 River Valley Loop,Maumelle,AR,,forRent,4,2670,,2600,25,https://www.zillow.com/homedetails/110-River-Valley-Loop-Maumelle-AR-72113/79782764_zpid/,,340000,2026-09-10T00:00:00.000Z,Listed for rent,2026-08-14T00:00:00.000Z,Listing removed,2026-06-10T00:00:00.000Z,Listed for sale,2021-06-15T00:00:00.000Z,Sold,2014-12-02T00:00:00.000Z,Sold,2014-11-16T00:00:00.000Z,Listed for sale,2014-09-09T00:00:00.000Z,Listing removed,2014-07-17T00:00:00.000Z,Price change,2014-04-29T00:00:00.000Z,Price change,2014-03-21T00:00:00.000Z,Listed for sale,,,,,,,,,,,,,,,,,,,,,,,,,,,,,,,,,,,,,,,,
"40 Vantage Dr, Maumelle, AR 72113",40 Vantage Dr,Maumelle,AR,,forRent,3,1710,,2100,3,https://www.zillow.com/homedetails/40-Vantage-Dr-Maumelle-AR-72113/326166_zpid/,,245000,2026-10-01T00:00:00.000Z,Listed for rent,2025-04-29T00:00:00.000Z,Sold,2025-04-09T00:00:00.000Z,Contingent,2025-03-13T00:00:00.000Z,Listed for sale,2021-04-15T00:00:00.000Z,Sold,2013-07-15T00:00:00.000Z,Sold,2001-05-30T00:00:00.000Z,Sold,1998-08-27T00:00:00.000Z,Sold,,,,,,,,,,,,,,,,,,,,,,,,,,,,,,,,,,,,,,,,,,,,
"607 Timberline Rd, Jacksonville, AR 72076",607 Timberline Rd,Jacksonville,AR,,forRent,3,1305,,1700,29,https://www.zillow.com/homedetails/607-Timberline-Rd-Jacksonville-AR-72076/447645046_zpid/,,,2026-09-05T00:00:00.000Z,Listed for rent,2025-08-07T00:00:00.000Z,Listing removed,2025-07-01T00:00:00.000Z,Price change,2025-04-02T00:00:00.000Z,Price change,2025-02-27T00:00:00.000Z,Listed for rent,2025-02-27T00:00:00.000Z,Listing removed,2025-02-24T00:00:00.000Z,Listed for rent,,,,,,,,,,,,,,,,,,,,,,,,,,,,,,,,,,,,,,,,,,,,,,
"21 Pin Oak Loop, Maumelle, AR 72113",21 Pin Oak Loop,Maumelle,AR,,forRent,3,1270,,1500,18,https://www.zillow.com/homedetails/21-Pin-Oak-Loop-Maumelle-AR-72113/326790_zpid/,,177000,2026-09-16T00:00:00.000Z,Listed for rent,2025-06-29T00:00:00.000Z,Listing removed,2025-06-19T00:00:00.000Z,Listed for rent,2025-04-11T00:00:00.000Z,Sold,2025-04-11T00:00:00.000Z,Contingent,2025-02-24T00:00:00.000Z,Price change,2025-01-22T00:00:00.000Z,Price change,2025-01-03T00:00:00.000Z,Listed for sale,2023-03-17T00:00:00.000Z,Sold,2023-02-13T00:00:00.000Z,Contingent,2023-02-10T00:00:00.000Z,Listed for sale,2012-07-26T00:00:00.000Z,Sold,2012-03-29T00:00:00.000Z,Listing removed,2011-10-07T00:00:00.000Z,Price change,2011-04-16T00:00:00.000Z,Listed for sale,2009-03-04T00:00:00.000Z,Sold,1998-11-03T00:00:00.000Z,Sold,,,,,,,,,,,,,,,,,,,,,,,,,,
"57 Stoneledge Dr, Maumelle, AR 72113",57 Stoneledge Dr,Maumelle,AR,,forRent,4,1961,,1850,45,https://www.zillow.com/homedetails/57-Stoneledge-Dr-Maumelle-AR-72113/326028_zpid/,,145000,2026-10-03T00:00:00.000Z,Price change,2026-09-26T00:00:00.000Z,Price change,2026-08-21T00:00:00.000Z,Listed for rent,2024-06-09T00:00:00.000Z,Listing removed,2024-05-08T00:00:00.000Z,Listed for rent,2024-04-26T00:00:00.000Z,Contingent,2024-04-23T00:00:00.000Z,Sold,2024-04-06T00:00:00.000Z,Listed for sale,2013-09-20T00:00:00.000Z,Sold,,,,,,,,,,,,,,,,,,,,,,,,,,,,,,,,,,,,,,,,,,
"205 Logan Dr, Maumelle, AR 72113",205 Logan Dr,Maumelle,AR,,forRent,3,1472,,1835,79,https://www.zillow.com/homedetails/205-Logan-Dr-Maumelle-AR-72113/2057186361_zpid/,,,2026-08-05T00:00:00.000Z,Price change,2026-07-17T00:00:00.000Z,Listed for rent,2025-09-04T00:00:00.000Z,Listing removed,2025-09-03T00:00:00.000Z,Listed for rent,2025-09-03T00:00:00.000Z,Listing removed,2025-08-29T00:00:00.000Z,Price change,2025-07-15T00:00:00.000Z,Listed for rent,2023-09-10T00:00:00.000Z,Listing removed,2023-09-09T00:00:00.000Z,Listed for rent,2023-09-08T00:00:00.000Z,Listing removed,2023-06-10T00:00:00.000Z,Listed for rent,,,,,,,,,,,,,,,,,,,,,,,,,,,,,,,,,,,,,,
"2 Corbet Ln, Maumelle, AR 72113",2 Corbet Ln,Maumelle,AR,,forRent,3,1523,,2300,44,https://www.zillow.com/homedetails/2-Corbet-Ln-Maumelle-AR-72113/122005820_zpid/,,,2026-08-21T00:00:00.000Z,Listed for rent,2025-04-21T00:00:00.000Z,Listing removed,2025-03-25T00:00:00.000Z,Price change,2025-03-04T00:00:00.000Z,Listed for rent,2025-01-27T00:00:00.000Z,Listing removed,2025-01-14T00:00:00.000Z,Price change,2025-01-13T00:00:00.000Z,Listed for rent,2022-11-11T00:00:00.000Z,Listing removed,2022-10-11T00:00:00.000Z,Listed for rent,2017-10-06T00:00:00.000Z,Listing removed,2017-08-30T00:00:00.000Z,Price change,2017-08-08T00:00:00.000Z,Price change,2017-06-26T00:00:00.000Z,Listed for rent,,,,,,,,,,,,,,,,,,,,,,,,,,,,,,,,,,
"7 Cabernet Way, Mayflower, AR 72106",7 Cabernet Way,Mayflower,AR,,forRent,3,1290,,1550,32,https://www.zillow.com/homedetails/7-Cabernet-Way-Mayflower-AR-72106/463057997_zpid/,,208300,2026-09-23T00:00:00.000Z,Price change,2026-09-02T00:00:00.000Z,Listed for rent,2026-08-28T00:00:00.000Z,Sold,2026-08-12T00:00:00.000Z,Price change,2026-08-11T00:00:00.000Z,Listed for sale,2026-08-11T00:00:00.000Z,Contingent,2026-08-10T00:00:00.000Z,Price change,2026-07-08T00:00:00.000Z,Price change,2026-06-09T00:00:00.000Z,Listed for sale,,,,,,,,,,,,,,,,,,,,,,,,,,,,,,,,,,,,,,,,,,
"1655 Duke St, Conway, AR 72032",1655 Duke St,Conway,AR,,forRent,3,1369,,1675,15,https://www.zillow.com/homedetails/1655-Duke-St-Conway-AR-72032/71713063_zpid/,,185000,2026-09-19T00:00:00.000Z,Listed for rent,2024-10-01T00:00:00.000Z,Listing removed,2024-09-11T00:00:00.000Z,Listed for rent,2023-08-01T00:00:00.000Z,Sold,2023-05-18T00:00:00.000Z,Contingent,2023-04-23T00:00:00.000Z,Listed for sale,2005-12-07T00:00:00.000Z,Sold,,,,,,,,,,,,,,,,,,,,,,,,,,,,,,,,,,,,,,,,,,,,,,
"2912 Highway 319 W, Austin, AR 72007",2912 Highway 319 W,Austin,AR,,forRent,3,1992,,1695,0,https://www.zillow.com/homedetails/2912-Highway-319-W-Austin-AR-72007/249702_zpid/,,640000,2026-08-19T00:00:00.000Z,Price change,2026-07-25T00:00:00.000Z,Price change,2026-05-29T00:00:00.000Z,Price change,2026-03-06T00:00:00.000Z,Price change,2026-02-18T00:00:00.000Z,Price change,2026-02-03T00:00:00.000Z,Price change,2025-11-12T00:00:00.000Z,Listed for rent,2013-09-27T00:00:00.000Z,Sold,1991-10-10T00:00:00.000Z,Sold,,,,,,,,,,,,,,,,,,,,,,,,,,,,,,,,,,,,,,,,,,
"1609 Rushing Cir, Conway, AR 72032",1609 Rushing Cir,Conway,AR,,forRent,3,1400,,1475,34,https://www.zillow.com/homedetails/1609-Rushing-Cir-Conway-AR-72032/235792_zpid/,,116000,2026-08-31T00:00:00.000Z,Listed for rent,2024-09-13T00:00:00.000Z,Listing removed,2024-06-19T00:00:00.000Z,Listed for rent,2024-06-19T00:00:00.000Z,Listing removed,2024-05-25T00:00:00.000Z,Listed for rent,2023-03-31T00:00:00.000Z,Listing removed,2023-03-22T00:00:00.000Z,Listed for rent,2022-08-11T00:00:00.000Z,Listing removed,2022-08-02T00:00:00.000Z,Listed for rent,2019-02-28T00:00:00.000Z,Listing removed,2019-01-02T00:00:00.000Z,Listed for rent,2015-07-25T00:00:00.000Z,Listing removed,2015-07-03T00:00:00.000Z,Listed for rent,2014-10-30T00:00:00.000Z,Sold,2013-09-22T00:00:00.000Z,Listing removed,2013-09-13T00:00:00.000Z,Price change,2013-08-03T00:00:00.000Z,Listed for rent,2010-01-13T00:00:00.000Z,Sold,2009-12-04T00:00:00.000Z,Listed for sale,,,,,,,,,,,,,,,,,,,,,,
"1505 Hathaway Dr, Conway, AR 72034",1505 Hathaway Dr,Conway,AR,,forRent,3,1207,,1475,31,https://www.zillow.com/homedetails/1505-Hathaway-Dr-Conway-AR-72034/241555_zpid/,,70000,2026-09-03T00:00:00.000Z,Listed for rent,2024-01-31T00:00:00.000Z,Listing removed,2024-01-30T00:00:00.000Z,Listed for rent,2024-01-29T00:00:00.000Z,Listing removed,2024-01-27T00:00:00.000Z,Listed for rent,2016-01-09T00:00:00.000Z,Listing removed,2015-12-15T00:00:00.000Z,Listed for rent,2015-09-24T00:00:00.000Z,Sold,2015-08-15T00:00:00.000Z,Listed for sale,2013-10-31T00:00:00.000Z,Sold,,,,,,,,,,,,,,,,,,,,,,,,,,,,,,,,,,,,,,,,
"127 Rolling Oaks Dr, Maumelle, AR 72113",127 Rolling Oaks Dr,Maumelle,AR,,forRent,3,1240,,1475,34,https://www.zillow.com/homedetails/127-Rolling-Oaks-Dr-Maumelle-AR-72113/326438_zpid/,,79500,2026-08-31T00:00:00.000Z,Listed for rent,2024-06-10T00:00:00.000Z,Listing removed,2024-06-07T00:00:00.000Z,Listed for rent,2024-06-06T00:00:00.000Z,Listing removed,2024-06-05T00:00:00.000Z,Listed for rent,2019-10-17T00:00:00.000Z,Listing removed,2019-10-01T00:00:00.000Z,Listed for rent,2015-09-28T00:00:00.000Z,Listing removed,2015-07-30T00:00:00.000Z,Listed for rent,2014-05-01T00:00:00.000Z,Sold,2009-07-14T00:00:00.000Z,Sold,2009-03-20T00:00:00.000Z,Sold,2000-08-25T00:00:00.000Z,Sold,1999-01-05T00:00:00.000Z,Sold,,,,,,,,,,,,,,,,,,,,,,,,,,,,,,,,
"1804 Clara Dr, Conway, AR 72034",1804 Clara Dr,Conway,AR,,forRent,3,2000,,1695,30,https://www.zillow.com/homedetails/1804-Clara-Dr-Conway-AR-72034/235007_zpid/,,20000,2026-09-04T00:00:00.000Z,Listed for rent,2024-07-11T00:00:00.000Z,Listing removed,2024-06-26T00:00:00.000Z,Listed for rent,2023-06-13T00:00:00.000Z,Listing removed,2023-05-30T00:00:00.000Z,Listed for rent,2022-05-04T00:00:00.000Z,Listing removed,2022-04-06T00:00:00.000Z,Listed for rent,2019-05-17T00:00:00.000Z,Listing removed,2019-05-15T00:00:00.000Z,Listed for rent,2015-12-07T00:00:00.000Z,Listing removed,2015-09-23T00:00:00.000Z,Listed for rent,2014-06-21T00:00:00.000Z,Listing removed,2014-05-12T00:00:00.000Z,Listed for rent,2013-05-06T00:00:00.000Z,Sold,2013-04-25T00:00:00.000Z,Listing removed,2013-04-24T00:00:00.000Z,Price change,2013-03-24T00:00:00.000Z,Listed for rent,2012-03-18T00:00:00.000Z,Listing removed,2012-03-15T00:00:00.000Z,Price change,2012-03-05T00:00:00.000Z,Listed for rent,,,,,,,,,,,,,,,,,,,,
"2007 Arkansas Ave, Conway, AR 72034",2007 Arkansas Ave,Conway,AR,,forRent,3,1301,,1495,33,https://www.zillow.com/homedetails/2007-Arkansas-Ave-Conway-AR-72034/234341_zpid/,,90000,2026-09-02T00:00:00.000Z,Listed for rent,2026-08-26T00:00:00.000Z,Sold,2026-08-25T00:00:00.000Z,Contingent,2026-07-20T00:00:00.000Z,Price change,2026-05-19T00:00:00.000Z,Listed for sale,2026-05-19T00:00:00.000Z,Listing removed,2026-04-17T00:00:00.000Z,Price change,2026-03-09T00:00:00.000Z,Price change,2025-11-18T00:00:00.000Z,Listed for sale,2015-02-18T00:00:00.000Z,Sold,2012-05-07T00:00:00.000Z,Sold,,,,,,,,,,,,,,,,,,,,,,,,,,,,,,,,,,,,,,
"804 Drake Dr, Conway, AR 72034",804 Drake Dr,Conway,AR,,forRent,3,1663,,1650,24,https://www.zillow.com/homedetails/804-Drake-Dr-Conway-AR-72034/243037_zpid/,,164500,2026-09-11T00:00:00.000Z,Listed for rent,2024-04-20T00:00:00.000Z,Listing removed,2024-04-09T00:00:00.000Z,Listed for rent,2023-09-11T00:00:00.000Z,Listing removed,2023-09-10T00:00:00.000Z,Listed for rent,2023-09-10T00:00:00.000Z,Listing removed,2023-08-29T00:00:00.000Z,Price change,2023-08-22T00:00:00.000Z,Price change,2023-08-16T00:00:00.000Z,Price change,2023-08-09T00:00:00.000Z,Price change,2023-08-02T00:00:00.000Z,Price change,2023-07-25T00:00:00.000Z,Price change,2023-07-19T00:00:00.000Z,Price change,2023-06-03T00:00:00.000Z,Listed for rent,2017-03-06T00:00:00.000Z,Sold,2016-10-17T00:00:00.000Z,Listed for sale,2015-06-05T00:00:00.000Z,Sold,,,,,,,,,,,,,,,,,,,,,,,,,,
"600 S Davis St, Conway, AR 72034",600 S Davis St,Conway,AR,,forRent,3,1728,,1500,104,https://www.zillow.com/homedetails/600-S-Davis-St-Conway-AR-72034/235022_zpid/,,108500,2026-09-02T00:00:00.000Z,Price change,2026-07-20T00:00:00.000Z,Price change,2026-07-06T00:00:00.000Z,Price change,2026-06-22T00:00:00.000Z,Listed for rent,2022-10-20T00:00:00.000Z,Listing removed,2022-10-11T00:00:00.000Z,Price change,2022-09-22T00:00:00.000Z,Listed for rent,2017-06-15T00:00:00.000Z,Sold,2017-05-06T00:00:00.000Z,Listed for sale,2015-04-17T00:00:00.000Z,Sold,2005-07-22T00:00:00.000Z,Sold,,,,,,,,,,,,,,,,,,,,,,,,,,,,,,,,,,,,,,
"2765 Archer Ln, Conway, AR 72034",2765 Archer Ln,Conway,AR,,forRent,3,1560,,1700,51,https://www.zillow.com/homedetails/2765-Archer-Ln-Conway-AR-72034/241241_zpid/,,154500,2026-08-14T00:00:00.000Z,Listed for rent,2025-09-17T00:00:00.000Z,Listing removed,2025-08-12T00:00:00.000Z,Listed for rent,2024-05-31T00:00:00.000Z,Listing removed,2024-05-16T00:00:00.000Z,Listed for rent,2023-06-05T00:00:00.000Z,Listing removed,2023-06-02T00:00:00.000Z,Listed for rent,2019-12-17T00:00:00.000Z,Sold,2019-11-19T00:00:00.000Z,Price change,2019-09-30T00:00:00.000Z,Listed for sale,2014-10-14T00:00:00.000Z,Sold,,,,,,,,,,,,,,,,,,,,,,,,,,,,,,,,,,,,,,
"1425 Joyner Dr, Conway, AR 72034",1425 Joyner Dr,Conway,AR,,forRent,3,1157,,1450,51,https://www.zillow.com/homedetails/1425-Joyner-Dr-Conway-AR-72034/35730195_zpid/,,155000,2026-08-14T00:00:00.000Z,Listed for rent,2025-10-28T00:00:00.000Z,Listing removed,2025-08-29T00:00:00.000Z,Price change,2025-08-12T00:00:00.000Z,Listed for rent,2024-09-13T00:00:00.000Z,Listing removed,2024-08-16T00:00:00.000Z,Listed for rent,2022-04-27T00:00:00.000Z,Sold,2021-12-16T00:00:00.000Z,Listing removed,2021-10-26T00:00:00.000Z,Listed for rent,2019-05-14T00:00:00.000Z,Sold,2019-03-21T00:00:00.000Z,Listed for sale,2016-05-03T00:00:00.000Z,Sold,2016-02-17T00:00:00.000Z,Listed for sale,2011-04-01T00:00:00.000Z,Sold,2011-01-22T00:00:00.000Z,Price change,2011-01-01T00:00:00.000Z,Price change,2010-11-18T00:00:00.000Z,Listed for sale,2010-10-15T00:00:00.000Z,Listing removed,2010-10-15T00:00:00.000Z,Price change,2010-09-24T00:00:00.000Z,Listed for sale,,,,,,,,,,,,,,,,,,,,
"294 Stone Mountain Rd, Conway, AR 72032",294 Stone Mountain Rd,Conway,AR,,forRent,3,1216,,1650,21,https://www.zillow.com/homedetails/294-Stone-Mountain-Rd-Conway-AR-72032/122006123_zpid/,,42300,2026-09-13T00:00:00.000Z,Listed for rent,2025-04-17T00:00:00.000Z,Sold,2025-03-26T00:00:00.000Z,Contingent,2025-03-22T00:00:00.000Z,Listed for sale,,,,,,,,,,,,,,,,,,,,,,,,,,,,,,,,,,,,,,,,,,,,,,,,,,,,
"2210 Remington Rd, Conway, AR 72032",2210 Remington Rd,Conway,AR,,forRent,3,1264,,1425,9,https://www.zillow.com/homedetails/2210-Remington-Rd-Conway-AR-72032/239869_zpid/,,120000,2026-09-25T00:00:00.000Z,Listed for rent,2020-05-21T00:00:00.000Z,Listing removed,2020-05-06T00:00:00.000Z,Listed for rent,2018-05-11T00:00:00.000Z,Listing removed,2018-05-04T00:00:00.000Z,Listed for rent,2017-04-19T00:00:00.000Z,Sold,2017-02-08T00:00:00.000Z,Listed for sale,2012-04-27T00:00:00.000Z,Sold,2008-09-03T00:00:00.000Z,Sold,,,,,,,,,,,,,,,,,,,,,,,,,,,,,,,,,,,,,,,,,,
"5 Stoneledge Dr, Maumelle, AR 72113",5 Stoneledge Dr,Maumelle,AR,,forRent,3,1755,,1750,51,https://www.zillow.com/homedetails/5-Stoneledge-Dr-Maumelle-AR-72113/326005_zpid/,,240000,2026-09-26T00:00:00.000Z,Price change,2026-09-19T00:00:00.000Z,Price change,2026-08-14T00:00:00.000Z,Listed for rent,2025-04-10T00:00:00.000Z,Listing removed,2025-03-28T00:00:00.000Z,Listed for rent,2025-02-06T00:00:00.000Z,Sold,2024-11-23T00:00:00.000Z,Listing removed,2024-07-30T00:00:00.000Z,Listed for rent,2015-02-24T00:00:00.000Z,Sold,,,,,,,,,,,,,,,,,,,,,,,,,,,,,,,,,,,,,,,,,,
"2953 31st Street Ln NE, Hickory, NC 28601",2953 31st Street Ln NE,Hickory,NC,,forRent,4,2097,,2295,18,https://www.zillow.com/homedetails/2953-31st-Street-Ln-NE-Hickory-NC-28601/463168265_zpid/,,,2026-09-16T00:00:00.000Z,Listed for rent,2026-08-18T00:00:00.000Z,Listing removed,2026-08-12T00:00:00.000Z,Price change,2026-07-18T00:00:00.000Z,Price change,2026-07-17T00:00:00.000Z,Price change,2026-06-24T00:00:00.000Z,Price change,2026-06-12T00:00:00.000Z,Listed for sale,,,,,,,,,,,,,,,,,,,,,,,,,,,,,,,,,,,,,,,,,,,,,,
"2957 31st Street Ln NE, Hickory, NC 28601",2957 31st Street Ln NE,Hickory,NC,,forRent,4,1889,,2225,18,https://www.zillow.com/homedetails/2957-31st-Street-Ln-NE-Hickory-NC-28601/463788123_zpid/,,,2026-09-16T00:00:00.000Z,Listed for rent,2026-08-18T00:00:00.000Z,Listing removed,2026-07-17T00:00:00.000Z,Price change,2026-07-10T00:00:00.000Z,Listed for sale,,,,,,,,,,,,,,,,,,,,,,,,,,,,,,,,,,,,,,,,,,,,,,,,,,,,
"2344 Bassett St, Benton, AR 72019",2344 Bassett St,Benton,AR,,forRent,3,1523,,1520,26,https://www.zillow.com/homedetails/2344-Bassett-St-Benton-AR-72019/463059714_zpid/,,,2026-10-02T00:00:00.000Z,Price change,2026-09-09T00:00:00.000Z,Listed for rent,2026-08-14T00:00:00.000Z,Listing removed,2026-08-10T00:00:00.000Z,Price change,2026-07-13T00:00:00.000Z,Price change,2026-06-09T00:00:00.000Z,Listed for sale,,,,,,,,,,,,,,,,,,,,,,,,,,,,,,,,,,,,,,,,,,,,,,,,
"754 Gussy Ln, Benton, AR 72019",754 Gussy Ln,Benton,AR,,forRent,3,1523,,1600,23,https://www.zillow.com/homedetails/754-Gussy-Ln-Benton-AR-72019/464376472_zpid/,,220900,2026-09-11T00:00:00.000Z,Listed for rent,2026-08-27T00:00:00.000Z,Sold,,,,,,,,,,,,,,,,,,,,,,,,,,,,,,,,,,,,,,,,,,,,,,,,,,,,,,,,
"802 Gussy Ln, Benton, AR 72019",802 Gussy Ln,Benton,AR,,forRent,4,1459,,1650,11,https://www.zillow.com/homedetails/802-Gussy-Ln-Benton-AR-72019/460667108_zpid/,,222900,2026-08-21T00:00:00.000Z,Listed for rent,2026-08-11T00:00:00.000Z,Sold,2026-07-13T00:00:00.000Z,Contingent,2026-07-04T00:00:00.000Z,Price change,2026-06-03T00:00:00.000Z,Listed for sale,2026-05-01T00:00:00.000Z,Contingent,2026-04-14T00:00:00.000Z,Price change,2026-04-07T00:00:00.000Z,Price change,2026-04-02T00:00:00.000Z,Price change,2026-02-27T00:00:00.000Z,Price change,2026-02-24T00:00:00.000Z,Listed for sale,,,,,,,,,,,,,,,,,,,,,,,,,,,,,,,,,,,,,,
"2352 Bassett St, Benton, AR 72019",2352 Bassett St,Benton,AR,,forRent,4,1852,,1695,26,https://www.zillow.com/homedetails/2352-Bassett-St-Benton-AR-72019/461516492_zpid/,,,2026-09-09T00:00:00.000Z,Listed for rent,2026-08-14T00:00:00.000Z,Listing removed,2026-08-04T00:00:00.000Z,Price change,2026-07-16T00:00:00.000Z,Listed for sale,2026-04-06T00:00:00.000Z,Listing removed,2026-04-05T00:00:00.000Z,Listed for sale,,,,,,,,,,,,,,,,,,,,,,,,,,,,,,,,,,,,,,,,,,,,,,,,
"8057 Chesapeake Trl, Bauxite, AR 72011",8057 Chesapeake Trl,Bauxite,AR,,forRent,4,1496,,1545,26,https://www.zillow.com/homedetails/8057-Chesapeake-Trl-Bauxite-AR-72011/462191990_zpid/,,,2026-09-09T00:00:00.000Z,Listed for rent,2026-08-14T00:00:00.000Z,Listing removed,2026-08-13T00:00:00.000Z,Price change,2026-08-10T00:00:00.000Z,Price change,2026-08-04T00:00:00.000Z,Price change,2026-06-25T00:00:00.000Z,Price change,2026-06-17T00:00:00.000Z,Price change,2026-05-05T00:00:00.000Z,Listed for sale,,,,,,,,,,,,,,,,,,,,,,,,,,,,,,,,,,,,,,,,,,,,
"8016 Chesapeake Trl, Bauxite, AR 72011",8016 Chesapeake Trl,Bauxite,AR,,forRent,3,1442,,1495,26,https://www.zillow.com/homedetails/8016-Chesapeake-Trl-Bauxite-AR-72011/457082295_zpid/,,,2026-09-09T00:00:00.000Z,Listed for rent,2026-08-14T00:00:00.000Z,Listing removed,2026-08-13T00:00:00.000Z,Price change,2026-07-24T00:00:00.000Z,Price change,2026-07-23T00:00:00.000Z,Listed for sale,2025-10-02T00:00:00.000Z,Listing removed,2025-09-30T00:00:00.000Z,Listed for sale,,,,,,,,,,,,,,,,,,,,,,,,,,,,,,,,,,,,,,,,,,,,,,
"8065 Chesapeake Trl, Bauxite, AR 72011",8065 Chesapeake Trl,Bauxite,AR,,forRent,4,1699,,1595,26,https://www.zillow.com/homedetails/8065-Chesapeake-Trl-Bauxite-AR-72011/462191986_zpid/,,,2026-09-09T00:00:00.000Z,Listed for rent,2026-08-14T00:00:00.000Z,Listing removed,2026-08-10T00:00:00.000Z,Price change,2026-08-06T00:00:00.000Z,Price change,2026-08-04T00:00:00.000Z,Price change,2026-07-31T00:00:00.000Z,Price change,2026-07-29T00:00:00.000Z,Listed for sale,2026-07-27T00:00:00.000Z,Contingent,2026-06-25T00:00:00.000Z,Price change,2026-06-17T00:00:00.000Z,Price change,2026-05-05T00:00:00.000Z,Listed for sale,,,,,,,,,,,,,,,,,,,,,,,,,,,,,,,,,,,,,,
"8056 Chesapeake Trl, Bauxite, AR 72011",8056 Chesapeake Trl,Bauxite,AR,,forRent,3,1651,,1545,26,https://www.zillow.com/homedetails/8056-Chesapeake-Trl-Bauxite-AR-72011/457082351_zpid/,,,2026-09-09T00:00:00.000Z,Listed for rent,2026-08-14T00:00:00.000Z,Listing removed,2026-08-10T00:00:00.000Z,Price change,2026-07-17T00:00:00.000Z,Price change,2026-07-06T00:00:00.000Z,Price change,2026-06-25T00:00:00.000Z,Price change,2026-05-19T00:00:00.000Z,Price change,2026-05-05T00:00:00.000Z,Listed for sale,2025-10-02T00:00:00.000Z,Listing removed,2025-09-30T00:00:00.000Z,Listed for sale,,,,,,,,,,,,,,,,,,,,,,,,,,,,,,,,,,,,,,,,
"8024 Chesapeake Trl, Bauxite, AR 72011",8024 Chesapeake Trl,Bauxite,AR,,forRent,3,1248,,1345,26,https://www.zillow.com/homedetails/8024-Chesapeake-Trl-Bauxite-AR-72011/457082320_zpid/,,,2026-09-09T00:00:00.000Z,Listed for rent,2026-08-14T00:00:00.000Z,Listing removed,2026-07-24T00:00:00.000Z,Price change,2026-07-23T00:00:00.000Z,Listed for sale,2025-10-02T00:00:00.000Z,Listing removed,2025-09-30T00:00:00.000Z,Listed for sale,,,,,,,,,,,,,,,,,,,,,,,,,,,,,,,,,,,,,,,,,,,,,,,,
"8073 Chesapeake Trl, Bauxite, AR 72011",8073 Chesapeake Trl,Bauxite,AR,,forRent,3,1442,,1495,26,https://www.zillow.com/homedetails/8073-Chesapeake-Trl-Bauxite-AR-72011/460744961_zpid/,,,2026-09-09T00:00:00.000Z,Listed for rent,2026-08-14T00:00:00.000Z,Listing removed,2026-08-13T00:00:00.000Z,Price change,2026-07-17T00:00:00.000Z,Price change,2026-07-10T00:00:00.000Z,Price change,2026-07-08T00:00:00.000Z,Listed for sale,2026-06-12T00:00:00.000Z,Contingent,2026-06-08T00:00:00.000Z,Price change,2026-04-14T00:00:00.000Z,Price change,2026-02-27T00:00:00.000Z,Listed for sale,,,,,,,,,,,,,,,,,,,,,,,,,,,,,,,,,,,,,,,,
"8040 Chesapeake Trl, Bauxite, AR 72011",8040 Chesapeake Trl,Bauxite,AR,,forRent,4,1496,,1495,26,https://www.zillow.com/homedetails/8040-Chesapeake-Trl-Bauxite-AR-72011/457082335_zpid/,,,2026-09-09T00:00:00.000Z,Listed for rent,2026-08-14T00:00:00.000Z,Listing removed,2026-08-13T00:00:00.000Z,Price change,2026-08-10T00:00:00.000Z,Price change,2026-07-17T00:00:00.000Z,Price change,2026-07-06T00:00:00.000Z,Price change,2026-06-25T00:00:00.000Z,Price change,2026-06-17T00:00:00.000Z,Price change,2026-06-08T00:00:00.000Z,Price change,2026-05-05T00:00:00.000Z,Listed for sale,2025-10-02T00:00:00.000Z,Listing removed,2025-09-30T00:00:00.000Z,Listed for sale,,,,,,,,,,,,,,,,,,,,,,,,,,,,,,,,,,,,
"8049 Chesapeake Trl, Bauxite, AR 72011",8049 Chesapeake Trl,Bauxite,AR,,forRent,3,1301,,1395,26,https://www.zillow.com/homedetails/8049-Chesapeake-Trl-Bauxite-AR-72011/463059708_zpid/,,,2026-09-09T00:00:00.000Z,Listed for rent,2026-08-14T00:00:00.000Z,Listing removed,2026-08-10T00:00:00.000Z,Price change,2026-08-04T00:00:00.000Z,Price change,2026-06-25T00:00:00.000Z,Price change,2026-06-18T00:00:00.000Z,Price change,2026-06-09T00:00:00.000Z,Listed for sale,,,,,,,,,,,,,,,,,,,,,,,,,,,,,,,,,,,,,,,,,,,,,,
"8072 Chesapeake Trl, Bauxite, AR 72011",8072 Chesapeake Trl,Bauxite,AR,,forRent,4,1492,,1650,4,https://www.zillow.com/homedetails/8072-Chesapeake-Trl-Bauxite-AR-72011/457082278_zpid/,,208600,2026-09-30T00:00:00.000Z,Listed for rent,2026-09-30T00:00:00.000Z,Listing removed,2026-09-12T00:00:00.000Z,Listed for rent,2026-07-30T00:00:00.000Z,Sold,2026-07-09T00:00:00.000Z,Contingent,2026-07-06T00:00:00.000Z,Price change,2026-06-25T00:00:00.000Z,Price change,2026-06-08T00:00:00.000Z,Price change,2026-04-11T00:00:00.000Z,Price change,2026-04-03T00:00:00.000Z,Price change,2026-03-31T00:00:00.000Z,Price change,2026-03-18T00:00:00.000Z,Price change,2026-03-16T00:00:00.000Z,Price change,2026-02-17T00:00:00.000Z,Listed for sale,2025-10-02T00:00:00.000Z,Listing removed,2025-09-30T00:00:00.000Z,Listed for sale,,,,,,,,,,,,,,,,,,,,,,,,,,,,
"7001 Potomac Trl, Bauxite, AR 72011",7001 Potomac Trl,Bauxite,AR,,forRent,3,1051,,1295,26,https://www.zillow.com/homedetails/7001-Potomac-Trl-Bauxite-AR-72011/461516494_zpid/,,,2026-09-09T00:00:00.000Z,Listed for rent,2026-08-14T00:00:00.000Z,Listing removed,2026-08-10T00:00:00.000Z,Price change,2026-07-17T00:00:00.000Z,Price change,2026-06-25T00:00:00.000Z,Price change,2026-06-17T00:00:00.000Z,Price change,2026-05-19T00:00:00.000Z,Price change,2026-04-05T00:00:00.000Z,Listed for sale,,,,,,,,,,,,,,,,,,,,,,,,,,,,,,,,,,,,,,,,,,,,
"8000 Chesapeake Trl, Bauxite, AR 72011",8000 Chesapeake Trl,Bauxite,AR,,forRent,3,1373,,1445,26,https://www.zillow.com/homedetails/8000-Chesapeake-Trl-Bauxite-AR-72011/464083308_zpid/,,,2026-09-09T00:00:00.000Z,Listed for rent,2026-08-14T00:00:00.000Z,Listing removed,2026-07-24T00:00:00.000Z,Price change,2026-07-23T00:00:00.000Z,Listed for sale,,,,,,,,,,,,,,,,,,,,,,,,,,,,,,,,,,,,,,,,,,,,,,,,,,,,
"105 Maddison Rachael, Cabot, AR 72023",105 Maddison Rachael,Cabot,AR,,forRent,4,1459,,1460,26,https://www.zillow.com/homedetails/105-Maddison-Rachael-Cabot-AR-72023/463333812_zpid/,,,2026-09-09T00:00:00.000Z,Listed for rent,2026-08-14T00:00:00.000Z,Listing removed,2026-08-04T00:00:00.000Z,Price change,2026-07-20T00:00:00.000Z,Price change,2026-06-18T00:00:00.000Z,Listed for sale,,,,,,,,,,,,,,,,,,,,,,,,,,,,,,,,,,,,,,,,,,,,,,,,,,
"35 Foster Louis Ln, Cabot, AR 72023",35 Foster Louis Ln,Cabot,AR,,forRent,3,1234,,1455,37,https://www.zillow.com/homedetails/35-Foster-Louis-Ln-Cabot-AR-72023/349183675_zpid/,,,2026-08-28T00:00:00.000Z,Listed for rent,2024-08-07T00:00:00.000Z,Listing removed,2024-08-06T00:00:00.000Z,Listed for rent,2024-08-06T00:00:00.000Z,Listing removed,2024-05-04T00:00:00.000Z,Listed for rent,,,,,,,,,,,,,,,,,,,,,,,,,,,,,,,,,,,,,,,,,,,,,,,,,,
"65 Swayze Rhys Ln, Cabot, AR 72023",65 Swayze Rhys Ln,Cabot,AR,,forRent,3,1633,,1650,52,https://www.zillow.com/homedetails/65-Swayze-Rhys-Ln-Cabot-AR-72023/2052994194_zpid/,,213925,2026-10-01T00:00:00.000Z,Price change,2026-09-08T00:00:00.000Z,Price change,2026-08-13T00:00:00.000Z,Listed for rent,2024-05-01T00:00:00.000Z,Sold,2024-04-05T00:00:00.000Z,Contingent,2024-02-09T00:00:00.000Z,Price change,2024-02-01T00:00:00.000Z,Listed for sale,,,,,,,,,,,,,,,,,,,,,,,,,,,,,,,,,,,,,,,,,,,,,,
"20 Kinley Brook Ln, Cabot, AR 72023",20 Kinley Brook Ln,Cabot,AR,,forRent,4,1470,,1650,5,https://www.zillow.com/homedetails/20-Kinley-Brook-Ln-Cabot-AR-72023/347062823_zpid/,,207075,2026-09-29T00:00:00.000Z,Listed for rent,2023-11-27T00:00:00.000Z,Sold,2023-10-18T00:00:00.000Z,Contingent,2023-10-06T00:00:00.000Z,Listed for sale,2023-08-23T00:00:00.000Z,Contingent,2023-08-09T00:00:00.000Z,Listed for sale,,,,,,,,,,,,,,,,,,,,,,,,,,,,,,,,,,,,,,,,,,,,,,,,
"70 Kinley Brook Ln, Cabot, AR 72023",70 Kinley Brook Ln,Cabot,AR,,forRent,3,1012,,1495,55,https://www.zillow.com/homedetails/70-Kinley-Brook-Ln-Cabot-AR-72023/2055560788_zpid/,,175775,2026-09-26T00:00:00.000Z,Price change,2026-09-23T00:00:00.000Z,Price change,2026-08-11T00:00:00.000Z,Listed for rent,2024-06-17T00:00:00.000Z,Listing removed,2024-05-22T00:00:00.000Z,Price change,2024-03-06T00:00:00.000Z,Listed for rent,2024-02-27T00:00:00.000Z,Sold,2024-02-17T00:00:00.000Z,Contingent,2023-12-26T00:00:00.000Z,Price change,2023-11-15T00:00:00.000Z,Price change,2023-09-12T00:00:00.000Z,Listed for sale,,,,,,,,,,,,,,,,,,,,,,,,,,,,,,,,,,,,,,
"100 Nona Ruth Ln, Cabot, AR 72023",100 Nona Ruth Ln,Cabot,AR,,forRent,4,1459,,1460,26,https://www.zillow.com/homedetails/100-Nona-Ruth-Ln-Cabot-AR-72023/463333811_zpid/,,,2026-09-09T00:00:00.000Z,Listed for rent,2026-08-14T00:00:00.000Z,Listing removed,2026-08-04T00:00:00.000Z,Price change,2026-07-20T00:00:00.000Z,Price change,2026-07-06T00:00:00.000Z,Price change,2026-06-18T00:00:00.000Z,Listed for sale,,,,,,,,,,,,,,,,,,,,,,,,,,,,,,,,,,,,,,,,,,,,,,,,
"110 Nona Ruth Ln, Cabot, AR 72023",110 Nona Ruth Ln,Cabot,AR,,forRent,3,1248,,1310,26,https://www.zillow.com/homedetails/110-Nona-Ruth-Ln-Cabot-AR-72023/463333813_zpid/,,,2026-09-09T00:00:00.000Z,Listed for rent,2026-08-14T00:00:00.000Z,Listing removed,2026-08-04T00:00:00.000Z,Price change,2026-07-24T00:00:00.000Z,Price change,2026-07-20T00:00:00.000Z,Price change,2026-07-09T00:00:00.000Z,Price change,2026-06-18T00:00:00.000Z,Listed for sale,,,,,,,,,,,,,,,,,,,,,,,,,,,,,,,,,,,,,,,,,,,,,,
"140 Nona Ruth Ln, Cabot, AR 72023",140 Nona Ruth Ln,Cabot,AR,,forRent,3,1402,,1410,20,https://www.zillow.com/homedetails/140-Nona-Ruth-Ln-Cabot-AR-72023/464348901_zpid/,,,2026-09-14T00:00:00.000Z,Listed for rent,2026-08-18T00:00:00.000Z,Listing removed,2026-08-07T00:00:00.000Z,Price change,2026-08-06T00:00:00.000Z,Price change,2026-08-06T00:00:00.000Z,Listed for sale,,,,,,,,,,,,,,,,,,,,,,,,,,,,,,,,,,,,,,,,,,,,,,,,,,
"25 Maddison Rachael, Cabot, AR 72023",25 Maddison Rachael,Cabot,AR,,forRent,3,1248,,1310,26,https://www.zillow.com/homedetails/25-Maddison-Rachael-Cabot-AR-72023/460872609_zpid/,,,2026-09-09T00:00:00.000Z,Listed for rent,2026-08-14T00:00:00.000Z,Listing removed,2026-07-24T00:00:00.000Z,Price change,2026-07-20T00:00:00.000Z,Price change,2026-07-17T00:00:00.000Z,Price change,2026-07-09T00:00:00.000Z,Price change,2026-07-06T00:00:00.000Z,Price change,2026-06-25T00:00:00.000Z,Price change,2026-06-17T00:00:00.000Z,Price change,2026-04-30T00:00:00.000Z,Price change,2026-04-24T00:00:00.000Z,Price change,2026-04-07T00:00:00.000Z,Price change,2026-03-31T00:00:00.000Z,Price change,2026-03-13T00:00:00.000Z,Price change,2026-03-05T00:00:00.000Z,Listed for sale,,,,,,,,,,,,,,,,,,,,,,,,,,,,,,
"120 Nona Ruth Ln, Cabot, AR 72023",120 Nona Ruth Ln,Cabot,AR,,forRent,3,1402,,1410,26,https://www.zillow.com/homedetails/120-Nona-Ruth-Ln-Cabot-AR-72023/464079221_zpid/,,,2026-09-09T00:00:00.000Z,Listed for rent,2026-08-14T00:00:00.000Z,Listing removed,2026-07-24T00:00:00.000Z,Price change,2026-07-23T00:00:00.000Z,Listed for sale,,,,,,,,,,,,,,,,,,,,,,,,,,,,,,,,,,,,,,,,,,,,,,,,,,,,
"16 Sienna Dr, Cabot, AR 72023",16 Sienna Dr,Cabot,AR,,forRent,4,1984,,2050,5,https://www.zillow.com/homedetails/16-Sienna-Dr-Cabot-AR-72023/2065431029_zpid/,,319500,2026-09-29T00:00:00.000Z,Listed for rent,2022-06-27T00:00:00.000Z,Sold,2022-05-17T00:00:00.000Z,Contingent,2022-03-25T00:00:00.000Z,Listed for sale,,,,,,,,,,,,,,,,,,,,,,,,,,,,,,,,,,,,,,,,,,,,,,,,,,,,
"2816 SW Arlington Blvd, Bentonville, AR 72713",2816 SW Arlington Blvd,Bentonville,AR,,forRent,3,2152,,2900,11,https://www.zillow.com/homedetails/2816-SW-Arlington-Blvd-Bentonville-AR-72713/2057633735_zpid/,,438000,2026-09-23T00:00:00.000Z,Listed for rent,2024-09-25T00:00:00.000Z,Sold,2024-08-16T00:00:00.000Z,Listed for sale,2024-04-24T00:00:00.000Z,Sold,2023-10-23T00:00:00.000Z,Listed for sale,2023-08-02T00:00:00.000Z,Listing removed,2023-05-16T00:00:00.000Z,Listed for sale,,,,,,,,,,,,,,,,,,,,,,,,,,,,,,,,,,,,,,,,,,,,,,
"115 Maddison Rachael, Cabot, AR 72023",115 Maddison Rachael,Cabot,AR,,forRent,3,1373,,1410,26,https://www.zillow.com/homedetails/115-Maddison-Rachael-Cabot-AR-72023/463940284_zpid/,,,2026-09-09T00:00:00.000Z,Listed for rent,2026-08-14T00:00:00.000Z,Listing removed,2026-08-04T00:00:00.000Z,Price change,2026-07-20T00:00:00.000Z,Price change,2026-07-17T00:00:00.000Z,Listed for sale,,,,,,,,,,,,,,,,,,,,,,,,,,,,,,,,,,,,,,,,,,,,,,,,,,
"3802 Pinecrest Ln, Maumelle, AR 72113",3802 Pinecrest Ln,Maumelle,AR,,forRent,4,2435,,2500,31,https://www.zillow.com/homedetails/3802-Pinecrest-Ln-Maumelle-AR-72113/465038347_zpid/,,,2026-09-30T00:00:00.000Z,Price change,2026-09-22T00:00:00.000Z,Price change,2026-09-15T00:00:00.000Z,Price change,2026-09-03T00:00:00.000Z,Listed for rent,,,,,,,,,,,,,,,,,,,,,,,,,,,,,,,,,,,,,,,,,,,,,,,,,,,,
"2400 SW Ednruance Way #2, Maumelle, AR 72113",2400 SW Ednruance Way #2,Maumelle,AR,,forRent,3,1200,,1995,104,https://www.zillow.com/homedetails/2400-SW-Ednruance-Way-2-Maumelle-AR-72113/463401793_zpid/,,,2026-09-08T00:00:00.000Z,Price change,2026-06-23T00:00:00.000Z,Listed for rent,,,,,,,,,,,,,,,,,,,,,,,,,,,,,,,,,,,,,,,,,,,,,,,,,,,,,,,,
"112 Lucy Ln, Maumelle, AR 72113",112 Lucy Ln,Maumelle,AR,,forRent,3,1373,,1700,3,https://www.zillow.com/homedetails/112-Lucy-Ln-Maumelle-AR-72113/463894616_zpid/,,224900,2026-10-02T00:00:00.000Z,Listed for rent,2026-09-28T00:00:00.000Z,Sold,2026-08-17T00:00:00.000Z,Contingent,2026-08-10T00:00:00.000Z,Price change,2026-08-07T00:00:00.000Z,Listed for sale,2026-08-07T00:00:00.000Z,Contingent,2026-08-07T00:00:00.000Z,Listed for sale,2026-07-16T00:00:00.000Z,Listing removed,2026-07-15T00:00:00.000Z,Listed for sale,,,,,,,,,,,,,,,,,,,,,,,,,,,,,,,,,,,,,,,,,,
"6005 Coywolf, Maumelle, AR 72113",6005 Coywolf,Maumelle,AR,,forRent,4,1955,,2300,18,https://www.zillow.com/homedetails/6005-Coywolf-Maumelle-AR-72113/465322717_zpid/,,,2026-09-16T00:00:00.000Z,Listed for rent,,,,,,,,,,,,,,,,,,,,,,,,,,,,,,,,,,,,,,,,,,,,,,,,,,,,,,,,,,
"113 Lucy Ln, Maumelle, AR 72113",113 Lucy Ln,Maumelle,AR,,forRent,3,1051,,1460,26,https://www.zillow.com/homedetails/113-Lucy-Ln-Maumelle-AR-72113/463057776_zpid/,,,2026-09-09T00:00:00.000Z,Listed for rent,2026-08-14T00:00:00.000Z,Listing removed,2026-08-10T00:00:00.000Z,Price change,2026-07-17T00:00:00.000Z,Price change,2026-07-13T00:00:00.000Z,Price change,2026-07-09T00:00:00.000Z,Price change,2026-07-06T00:00:00.000Z,Price change,2026-06-09T00:00:00.000Z,Listed for sale,,,,,,,,,,,,,,,,,,,,,,,,,,,,,,,,,,,,,,,,,,,,
"10700 Mason Dr, North Little Rock, AR 72113",10700 Mason Dr,North Little Rock,AR,,forRent,3,1248,,1700,26,https://www.zillow.com/homedetails/10700-Mason-Dr-North-Little-Rock-AR-72113/457082284_zpid/,,204325,2026-09-08T00:00:00.000Z,Listed for rent,2026-03-11T00:00:00.000Z,Sold,2026-01-15T00:00:00.000Z,Contingent,2025-12-30T00:00:00.000Z,Listed for sale,2025-10-30T00:00:00.000Z,Listing removed,2025-09-30T00:00:00.000Z,Listed for sale,,,,,,,,,,,,,,,,,,,,,,,,,,,,,,,,,,,,,,,,,,,,,,,,
"155 Maddison Dr, Cabot, AR 72023",155 Maddison Dr,Cabot,AR,,forRent,4,1600,,1535,20,https://www.zillow.com/homedetails/155-Maddison-Dr-Cabot-AR-72023/465236137_zpid/,,,2026-09-14T00:00:00.000Z,Listed for rent,,,,,,,,,,,,,,,,,,,,,,,,,,,,,,,,,,,,,,,,,,,,,,,,,,,,,,,,,,
"102 Oklahoma Ave, Jacksonville, AR 72076",102 Oklahoma Ave,Jacksonville,AR,,forRent,4,1391,,1419,41,https://www.zillow.com/homedetails/102-Oklahoma-Ave-Jacksonville-AR-72076/2107029774_zpid/,,,2026-08-24T00:00:00.000Z,Listed for rent,2024-08-05T00:00:00.000Z,Listing removed,2024-07-01T00:00:00.000Z,Price change,2024-06-25T00:00:00.000Z,Listed for rent,2014-06-12T00:00:00.000Z,Listing removed,2014-05-15T00:00:00.000Z,Listed for rent,,,,,,,,,,,,,,,,,,,,,,,,,,,,,,,,,,,,,,,,,,,,,,,,
"117 Coal Mountain Rd, El Paso, AR 72045",117 Coal Mountain Rd,El Paso,AR,,forRent,3,1504,,1895,2,https://www.zillow.com/homedetails/117-Coal-Mountain-Rd-El-Paso-AR-72045/464262634_zpid/,,,2026-10-02T00:00:00.000Z,Listed for rent,2026-09-30T00:00:00.000Z,Listing removed,2026-07-31T00:00:00.000Z,Listed for rent,,,,,,,,,,,,,,,,,,,,,,,,,,,,,,,,,,,,,,,,,,,,,,,,,,,,,,
"7 Cabernet Way, Mayflower, AR 72106",7 Cabernet Way,Mayflower,AR,,forRent,,,,,,"https://www.zillow.com/b/7-cabernet-way-mayflower-ar/34.970715,-92.48699_ll/",,,,,,,,,,,,,,,,,,,,,,,,,,,,,,,,,,,,,,,,,,,,,,,,,,,,,,,,,,,,,,
"607 Timberline Rd, Jacksonville, AR 72076",607 Timberline Rd,Jacksonville,AR,,forRent,3,1305,,1700,30,https://www.zillow.com/homedetails/607-Timberline-Rd-Jacksonville-AR-72076/447645046_zpid/,,,2026-09-05T00:00:00.000Z,Listed for rent,2025-08-07T00:00:00.000Z,Listing removed,2025-07-01T00:00:00.000Z,Price change,2025-04-02T00:00:00.000Z,Price change,2025-02-27T00:00:00.000Z,Listed for rent,2025-02-27T00:00:00.000Z,Listing removed,2025-02-24T00:00:00.000Z,Listed for rent,,,,,,,,,,,,,,,,,,,,,,,,,,,,,,,,,,,,,,,,,,,,,,
"15 Cabernet Way, Mayflower, AR 72106",15 Cabernet Way,Mayflower,AR,,forRent,4,1810,,1845,24,https://www.zillow.com/homedetails/15-Cabernet-Way-Mayflower-AR-72106/464353000_zpid/,,,2026-09-10T00:00:00.000Z,Listed for rent,2026-08-26T00:00:00.000Z,Listing removed,2026-08-18T00:00:00.000Z,Price change,2026-08-10T00:00:00.000Z,Price change,2026-08-07T00:00:00.000Z,Price change,2026-08-06T00:00:00.000Z,Price change,2026-08-05T00:00:00.000Z,Listed for sale,,,,,,,,,,,,,,,,,,,,,,,,,,,,,,,,,,,,,,,,,,,,,,
"821 Pine Tree Rd, Jacksonville, AR 72076",821 Pine Tree Rd,Jacksonville,AR,,forRent,3,1305,,1725,48,https://www.zillow.com/homedetails/821-Pine-Tree-Rd-Jacksonville-AR-72076/456373818_zpid/,,,2026-08-18T00:00:00.000Z,Listed for rent,2025-09-10T00:00:00.000Z,Listing removed,2025-09-03T00:00:00.000Z,Listed for rent,,,,,,,,,,,,,,,,,,,,,,,,,,,,,,,,,,,,,,,,,,,,,,,,,,,,,,
"1640 Raden St, Conway, AR 72032",1640 Raden St,Conway,AR,,forRent,,,,,,"https://www.zillow.com/b/1640-raden-st-conway-ar/35.10358,-92.40329_ll/",,,,,,,,,,,,,,,,,,,,,,,,,,,,,,,,,,,,,,,,,,,,,,,,,,,,,,,,,,,,,,
"832 Pine Tree Rd, Jacksonville, AR 72076",832 Pine Tree Rd,Jacksonville,AR,,forRent,4,1559,,1995,74,https://www.zillow.com/homedetails/832-Pine-Tree-Rd-Jacksonville-AR-72076/463641836_zpid/,,,2026-07-22T00:00:00.000Z,Listed for rent,2026-07-15T00:00:00.000Z,Listing removed,2026-07-03T00:00:00.000Z,Listed for rent,,,,,,,,,,,,,,,,,,,,,,,,,,,,,,,,,,,,,,,,,,,,,,,,,,,,,,
"1117 Weems St, Conway, AR 72034",1117 Weems St,Conway,AR,,forRent,4,1932,,2050,51,https://www.zillow.com/homedetails/1117-Weems-St-Conway-AR-72034/450684409_zpid/,,,2026-09-03T00:00:00.000Z,Price change,2026-08-22T00:00:00.000Z,Listing removed,2026-08-14T00:00:00.000Z,Listed for rent,2026-08-02T00:00:00.000Z,Listed for sale,2026-08-01T00:00:00.000Z,Listing removed,2026-07-28T00:00:00.000Z,Price change,2026-07-16T00:00:00.000Z,Price change,2026-05-22T00:00:00.000Z,Price change,2026-04-30T00:00:00.000Z,Listed for sale,2023-08-14T00:00:00.000Z,Listing removed,2023-07-31T00:00:00.000Z,Price change,2023-07-13T00:00:00.000Z,Listed for sale,2022-08-12T00:00:00.000Z,Listing removed,2022-07-28T00:00:00.000Z,Price change,2022-06-16T00:00:00.000Z,Listed for sale,,,,,,,,,,,,,,,,,,,,,,,,,,,,,,
"5417 Temperance, Jacksonville, AR 72076",5417 Temperance,Jacksonville,AR,,forRent,,,,,,https://www.zillow.com/b/5417-temperance-jacksonville-ar-CYrkNG/,,,,,,,,,,,,,,,,,,,,,,,,,,,,,,,,,,,,,,,,,,,,,,,,,,,,,,,,,,,,,,
"110 Fredonia Ct, Mayflower, AR 72106",110 Fredonia Ct,Mayflower,AR,,forRent,4,1858,,1895,5,https://www.zillow.com/homedetails/110-Fredonia-Ct-Mayflower-AR-72106/453583162_zpid/,,,2026-09-30T00:00:00.000Z,Listed for rent,2026-09-30T00:00:00.000Z,Listing removed,2026-09-14T00:00:00.000Z,Listed for rent,2025-08-22T00:00:00.000Z,Listing removed,2025-07-28T00:00:00.000Z,Price change,2025-07-18T00:00:00.000Z,Price change,2025-07-17T00:00:00.000Z,Price change,2025-07-11T00:00:00.000Z,Price change,2025-07-03T00:00:00.000Z,Price change,2025-06-27T00:00:00.000Z,Price change,2025-06-20T00:00:00.000Z,Listed for rent,,,,,,,,,,,,,,,,,,,,,,,,,,,,,,,,,,,,,,
"9 Summer Breeze Rd, Conway, AR 72032",9 Summer Breeze Rd,Conway,AR,,forRent,4,1537,,1750,24,https://www.zillow.com/homedetails/9-Summer-Breeze-Rd-Conway-AR-72032/2078228526_zpid/,,195000,2026-09-10T00:00:00.000Z,Listed for rent,2025-08-12T00:00:00.000Z,Listing removed,2025-06-24T00:00:00.000Z,Listed for rent,2025-05-30T00:00:00.000Z,Sold,2025-04-24T00:00:00.000Z,Contingent,2025-03-29T00:00:00.000Z,Listed for sale,2020-12-04T00:00:00.000Z,Sold,2020-09-03T00:00:00.000Z,Price change,2020-08-15T00:00:00.000Z,Listed for sale,,,,,,,,,,,,,,,,,,,,,,,,,,,,,,,,,,,,,,,,,,
"2230 Matthews Ln, Conway, AR 72032",2230 Matthews Ln,Conway,AR,,forRent,4,1661,,1800,16,https://www.zillow.com/homedetails/2230-Matthews-Ln-Conway-AR-72032/2076025311_zpid/,,,2026-09-18T00:00:00.000Z,Listed for rent,,,,,,,,,,,,,,,,,,,,,,,,,,,,,,,,,,,,,,,,,,,,,,,,,,,,,,,,,,
"1235 Tsar Rd, Conway, AR 72034",1235 Tsar Rd,Conway,AR,,forRent,4,1564,,1650,10,https://www.zillow.com/homedetails/1235-Tsar-Rd-Conway-AR-72034/2057979230_zpid/,,210075,2026-09-24T00:00:00.000Z,Listed for rent,2023-07-14T00:00:00.000Z,Listing removed,2023-07-12T00:00:00.000Z,Listed for rent,2023-07-12T00:00:00.000Z,Listing removed,2023-07-06T00:00:00.000Z,Listed for rent,2023-06-29T00:00:00.000Z,Sold,,,,,,,,,,,,,,,,,,,,,,,,,,,,,,,,,,,,,,,,,,,,,,,,
"1175 Gallery Dr, Conway, AR 72032",1175 Gallery Dr,Conway,AR,,forRent,4,1709,,1800,34,https://www.zillow.com/homedetails/1175-Gallery-Dr-Conway-AR-72032/2055357068_zpid/,,211050,2026-09-24T00:00:00.000Z,Listed for rent,2026-09-11T00:00:00.000Z,Listing removed,2026-08-31T00:00:00.000Z,Listed for rent,2026-08-05T00:00:00.000Z,Listing removed,2026-07-20T00:00:00.000Z,Price change,2026-06-22T00:00:00.000Z,Listed for rent,2024-05-29T00:00:00.000Z,Listing removed,2024-04-30T00:00:00.000Z,Listed for rent,2023-05-25T00:00:00.000Z,Listing removed,2023-05-02T00:00:00.000Z,Listed for rent,2023-04-19T00:00:00.000Z,Sold,,,,,,,,,,,,,,,,,,,,,,,,,,,,,,,,,,,,,,
"1665 Ryder St, Conway, AR 72032",1665 Ryder St,Conway,AR,,forRent,4,1476,,1695,6,https://www.zillow.com/homedetails/1665-Ryder-St-Conway-AR-72032/338220286_zpid/,,,2026-09-28T00:00:00.000Z,Listed for rent,2023-02-15T00:00:00.000Z,Listing removed,2023-01-06T00:00:00.000Z,Price change,2022-12-15T00:00:00.000Z,Price change,2022-11-02T00:00:00.000Z,Listed for rent,,,,,,,,,,,,,,,,,,,,,,,,,,,,,,,,,,,,,,,,,,,,,,,,,,
"2400 SW Ednruance Way, Maumelle, AR 72113",2400 SW Ednruance Way,Maumelle,AR,,other,,,,,,"https://www.zillow.com/b/2400-sw-ednruance-way-maumelle-ar/34.87126275998,-92.450398671503_ll/",,,,,,,,,,,,,,,,,,,,,,,,,,,,,,,,,,,,,,,,,,,,,,,,,,,,,,,,,,,,,,
"1015 Wineberry, Conway, AR 72034",1015 Wineberry,Conway,AR,,forRent,4,1606,,1700,89,https://www.zillow.com/homedetails/1015-Wineberry-Conway-AR-72034/82271419_zpid/,,222270,2026-07-22T00:00:00.000Z,Listed for rent,2026-07-15T00:00:00.000Z,Listing removed,2026-07-13T00:00:00.000Z,Price change,2026-07-07T00:00:00.000Z,Listed for rent,2022-05-27T00:00:00.000Z,Sold,2010-09-03T00:00:00.000Z,Sold,2009-08-20T00:00:00.000Z,Sold,,,,,,,,,,,,,,,,,,,,,,,,,,,,,,,,,,,,,,,,,,,,,,
"15 Vineyard Dr, Mayflower, AR 72106",15 Vineyard Dr,Mayflower,AR,,forRent,5,1867,,1795,25,https://www.zillow.com/homedetails/15-Vineyard-Dr-Mayflower-AR-72106/460693101_zpid/,,222000,2026-09-29T00:00:00.000Z,Price change,2026-09-09T00:00:00.000Z,Listed for rent,2026-08-24T00:00:00.000Z,Sold,2026-07-26T00:00:00.000Z,Contingent,2026-05-11T00:00:00.000Z,Price change,2026-04-30T00:00:00.000Z,Listed for sale,2026-03-31T00:00:00.000Z,Contingent,2026-02-25T00:00:00.000Z,Listed for sale,,,,,,,,,,,,,,,,,,,,,,,,,,,,,,,,,,,,,,,,,,,,
"30 C L Fowler Loop, Greenbrier, AR 72058",30 C L Fowler Loop,Greenbrier,AR,,forRent,4,1823,,1900,144,https://www.zillow.com/homedetails/30-C-L-Fowler-Loop-Greenbrier-AR-72058/352031500_zpid/,,,2026-05-13T00:00:00.000Z,Listed for rent,,,,,,,,,,,,,,,,,,,,,,,,,,,,,,,,,,,,,,,,,,,,,,,,,,,,,,,,,,
"37 C L Fowler Loop, Greenbrier, AR 72058",37 C L Fowler Loop,Greenbrier,AR,,forRent,4,1736,,1800,144,https://www.zillow.com/homedetails/37-C-L-Fowler-Loop-Greenbrier-AR-72058/349901512_zpid/,,,2026-05-13T00:00:00.000Z,Listed for rent,2024-07-08T00:00:00.000Z,Listing removed,2024-05-13T00:00:00.000Z,Listed for rent,,,,,,,,,,,,,,,,,,,,,,,,,,,,,,,,,,,,,,,,,,,,,,,,,,,,,,
"11 Hidden Oak Dr, Vilonia, AR 72173",11 Hidden Oak Dr,Vilonia,AR,,forRent,4,1600,,1750,2,https://www.zillow.com/homedetails/11-Hidden-Oak-Dr-Vilonia-AR-72173/82259402_zpid/,,22000,2026-10-02T00:00:00.000Z,Listed for rent,2024-04-30T00:00:00.000Z,Listing removed,2024-04-23T00:00:00.000Z,Listed for rent,2019-10-25T00:00:00.000Z,Sold,,,,,,,,,,,,,,,,,,,,,,,,,,,,,,,,,,,,,,,,,,,,,,,,,,,,
"19 Turtle Pond N, Greenbrier, AR 72058",19 Turtle Pond N,Greenbrier,AR,,forRent,4,3404,,4500,13,https://www.zillow.com/homedetails/19-Turtle-Pond-N-Greenbrier-AR-72058/228530_zpid/,,230550,2026-09-21T00:00:00.000Z,Listed for rent,2025-12-22T00:00:00.000Z,Sold,2025-09-07T00:00:00.000Z,Price change,2025-08-22T00:00:00.000Z,Price change,2025-08-06T00:00:00.000Z,Listed for sale,2025-08-02T00:00:00.000Z,Listing removed,2025-08-01T00:00:00.000Z,Listed for sale,2025-05-19T00:00:00.000Z,Listing removed,2025-04-13T00:00:00.000Z,Price change,2025-03-08T00:00:00.000Z,Listed for sale,2024-12-21T00:00:00.000Z,Listing removed,2024-07-29T00:00:00.000Z,Listed for sale,2023-06-03T00:00:00.000Z,Listing removed,2023-05-22T00:00:00.000Z,Price change,2023-05-17T00:00:00.000Z,Price change,2023-05-09T00:00:00.000Z,Price change,2023-05-01T00:00:00.000Z,Price change,2023-04-25T00:00:00.000Z,Price change,2023-04-17T00:00:00.000Z,Listed for sale,2018-03-17T00:00:00.000Z,Listing removed,2018-01-25T00:00:00.000Z,Price change,2017-12-14T00:00:00.000Z,Price change,2017-10-03T00:00:00.000Z,Price change,2017-09-01T00:00:00.000Z,Listed for sale,2014-05-29T00:00:00.000Z,Sold,2010-07-23T00:00:00.000Z,Sold,2010-05-05T00:00:00.000Z,Listed for sale,,,,,,
"1380 Sena Dr, Conway, AR 72034",1380 Sena Dr,Conway,AR,,forRent,4,1817,,1900,62,https://www.zillow.com/homedetails/1380-Sena-Dr-Conway-AR-72034/118483994_zpid/,,270000,2026-08-03T00:00:00.000Z,Listed for rent,2026-01-09T00:00:00.000Z,Listing removed,2025-12-18T00:00:00.000Z,Listed for rent,2024-11-06T00:00:00.000Z,Listing removed,2024-10-16T00:00:00.000Z,Listed for rent,2024-03-05T00:00:00.000Z,Listing removed,2024-02-29T00:00:00.000Z,Listed for rent,2024-02-05T00:00:00.000Z,Listing removed,2024-01-27T00:00:00.000Z,Listed for rent,2023-11-27T00:00:00.000Z,Listing removed,2023-11-22T00:00:00.000Z,Listed for rent,2023-11-11T00:00:00.000Z,Listing removed,2023-10-28T00:00:00.000Z,Price change,2023-10-05T00:00:00.000Z,Listed for rent,2022-08-04T00:00:00.000Z,Listing removed,2022-08-02T00:00:00.000Z,Listed for rent,2022-08-01T00:00:00.000Z,Sold,2013-06-14T00:00:00.000Z,Sold,,,,,,,,,,,,,,,,,,,,,,,,
"1512 College Ave, Conway, AR 72034",1512 College Ave,Conway,AR,,forRent,4,1612,,1600,68,https://www.zillow.com/homedetails/1512-College-Ave-Conway-AR-72034/237453_zpid/,,119000,2026-09-15T00:00:00.000Z,Price change,2026-09-10T00:00:00.000Z,Price change,2026-08-03T00:00:00.000Z,Price change,2026-07-28T00:00:00.000Z,Listed for rent,2022-07-25T00:00:00.000Z,Listing removed,2022-07-18T00:00:00.000Z,Listed for rent,2021-02-23T00:00:00.000Z,Listing removed,2020-04-02T00:00:00.000Z,Listing removed,2020-03-24T00:00:00.000Z,Listed for rent,2019-03-29T00:00:00.000Z,Listing removed,2019-02-18T00:00:00.000Z,Listed for rent,2019-02-08T00:00:00.000Z,Sold,2010-12-17T00:00:00.000Z,Sold,2001-05-11T00:00:00.000Z,Sold,,,,,,,,,,,,,,,,,,,,,,,,,,,,,,,,
"2013 Creekwood Dr, Conway, AR 72032",2013 Creekwood Dr,Conway,AR,,forRent,5,2608,,2950,70,https://www.zillow.com/homedetails/2013-Creekwood-Dr-Conway-AR-72032/235364_zpid/,,289000,2026-09-11T00:00:00.000Z,Price change,2026-08-24T00:00:00.000Z,Price change,2026-07-29T00:00:00.000Z,Price change,2026-07-27T00:00:00.000Z,Listed for rent,2026-07-06T00:00:00.000Z,Sold,2026-04-16T00:00:00.000Z,Price change,2025-09-16T00:00:00.000Z,Price change,2025-09-09T00:00:00.000Z,Price change,2025-09-04T00:00:00.000Z,Price change,2025-08-27T00:00:00.000Z,Price change,2025-02-05T00:00:00.000Z,Price change,2025-01-16T00:00:00.000Z,Listed for sale,2013-08-12T00:00:00.000Z,Sold,2012-06-22T00:00:00.000Z,Listing removed,2012-03-22T00:00:00.000Z,Sold,2011-10-16T00:00:00.000Z,Listed for sale,,,,,,,,,,,,,,,,,,,,,,,,,,,,
"26 Dobbin Dr, Austin, AR 72007",26 Dobbin Dr,Austin,AR,,forRent,4,1476,,1450,26,https://www.zillow.com/homedetails/26-Dobbin-Dr-Austin-AR-72007/2064280153_zpid/,,203915,2026-09-09T00:00:00.000Z,Listed for rent,2024-08-03T00:00:00.000Z,Listing removed,2024-07-20T00:00:00.000Z,Price change,2024-06-19T00:00:00.000Z,Listed for rent,2022-04-08T00:00:00.000Z,Sold,2022-04-07T00:00:00.000Z,Contingent,,,,,,,,,,,,,,,,,,,,,,,,,,,,,,,,,,,,,,,,,,,,,,,,
"27 Erwin Dr, Austin, AR 72007",27 Erwin Dr,Austin,AR,,forRent,4,1640,,1550,58,https://www.zillow.com/homedetails/27-Erwin-Dr-Austin-AR-72007/2058372844_zpid/,,209925,2026-09-26T00:00:00.000Z,Price change,2026-09-03T00:00:00.000Z,Price change,2026-08-14T00:00:00.000Z,Price change,2026-08-07T00:00:00.000Z,Listed for rent,2024-01-21T00:00:00.000Z,Listing removed,2023-12-06T00:00:00.000Z,Price change,2023-11-18T00:00:00.000Z,Price change,2023-11-09T00:00:00.000Z,Price change,2023-10-07T00:00:00.000Z,Price change,2023-09-09T00:00:00.000Z,Price change,2023-08-24T00:00:00.000Z,Listed for rent,2023-08-09T00:00:00.000Z,Sold,2023-03-31T00:00:00.000Z,Listing removed,2023-03-27T00:00:00.000Z,Listed for sale,,,,,,,,,,,,,,,,,,,,,,,,,,,,,,,,
"1701 S Pine St, Cabot, AR 72023",1701 S Pine St,Cabot,AR,,forRent,4,2056,,1800,9,https://www.zillow.com/homedetails/1701-S-Pine-St-Cabot-AR-72023/257281_zpid/,,280000,2026-09-25T00:00:00.000Z,Listed for rent,2026-09-08T00:00:00.000Z,Listing removed,2026-01-07T00:00:00.000Z,Listed for rent,2024-04-05T00:00:00.000Z,Listing removed,2024-03-16T00:00:00.000Z,Listed for rent,2014-07-31T00:00:00.000Z,Sold,,,,,,,,,,,,,,,,,,,,,,,,,,,,,,,,,,,,,,,,,,,,,,,,
"38 Robinson St, Cabot, AR 72023",38 Robinson St,Cabot,AR,,forRent,4,1848,,1550,25,https://www.zillow.com/homedetails/38-Robinson-St-Cabot-AR-72023/256100_zpid/,,208000,2026-09-10T00:00:00.000Z,Listed for rent,2025-01-09T00:00:00.000Z,Sold,2024-10-05T00:00:00.000Z,Listing removed,2024-08-06T00:00:00.000Z,Listed for rent,2024-07-29T00:00:00.000Z,Sold,2023-12-20T00:00:00.000Z,Sold,2022-10-11T00:00:00.000Z,Sold,2014-11-13T00:00:00.000Z,Sold,,,,,,,,,,,,,,,,,,,,,,,,,,,,,,,,,,,,,,,,,,,,
"21 Willard St, Ward, AR 72176",21 Willard St,Ward,AR,,forRent,3,1301,,1250,52,https://www.zillow.com/homedetails/21-Willard-St-Ward-AR-72176/55151159_zpid/,,165000,2026-10-03T00:00:00.000Z,Price change,2026-09-26T00:00:00.000Z,Price change,2026-09-19T00:00:00.000Z,Price change,2026-08-14T00:00:00.000Z,Listed for rent,2022-08-08T00:00:00.000Z,Sold,2014-12-24T00:00:00.000Z,Listing removed,2014-11-06T00:00:00.000Z,Price change,2014-10-02T00:00:00.000Z,Listed for rent,2014-04-10T00:00:00.000Z,Listing removed,2014-03-01T00:00:00.000Z,Listed for rent,2014-02-18T00:00:00.000Z,Listing removed,2014-02-07T00:00:00.000Z,Price change,2014-01-09T00:00:00.000Z,Price change,2013-10-25T00:00:00.000Z,Price change,2013-08-24T00:00:00.000Z,Listed for sale,2013-05-23T00:00:00.000Z,Listing removed,2013-04-18T00:00:00.000Z,Price change,2013-03-30T00:00:00.000Z,Price change,2013-03-13T00:00:00.000Z,Price change,2013-02-26T00:00:00.000Z,Price change,2013-02-10T00:00:00.000Z,Listed for sale,2012-07-04T00:00:00.000Z,Listing removed,2012-05-16T00:00:00.000Z,Price change,2012-04-12T00:00:00.000Z,Price change,2012-04-09T00:00:00.000Z,Price change,2012-03-23T00:00:00.000Z,Listed for sale,,,,,,,,
"43 Meadowlark Dr, Cabot, AR 72023",43 Meadowlark Dr,Cabot,AR,,forRent,4,1248,,1350,61,https://www.zillow.com/homedetails/43-Meadowlark-Dr-Cabot-AR-72023/255202_zpid/,,135000,2026-10-03T00:00:00.000Z,Price change,2026-09-26T00:00:00.000Z,Price change,2026-09-19T00:00:00.000Z,Price change,2026-09-12T00:00:00.000Z,Price change,2026-09-04T00:00:00.000Z,Price change,2026-08-29T00:00:00.000Z,Price change,2026-06-25T00:00:00.000Z,Listed for rent,2020-10-05T00:00:00.000Z,Sold,2020-06-25T00:00:00.000Z,Sold,2020-06-17T00:00:00.000Z,Price change,2020-05-12T00:00:00.000Z,Listed for sale,2015-01-30T00:00:00.000Z,Sold,2013-06-02T00:00:00.000Z,Listing removed,2013-05-09T00:00:00.000Z,Price change,2013-03-28T00:00:00.000Z,Listed for sale,2011-08-24T00:00:00.000Z,Listing removed,2011-05-08T00:00:00.000Z,Listed for sale,,,,,,,,,,,,,,,,,,,,,,,,,,
"2107 S 2nd St, Cabot, AR 72023",2107 S 2nd St,Cabot,AR,,forRent,4,2096,,2050,55,https://www.zillow.com/homedetails/2107-S-2nd-St-Cabot-AR-72023/256030_zpid/,,255000,2026-09-14T00:00:00.000Z,Price change,2026-08-10T00:00:00.000Z,Listed for rent,2025-04-28T00:00:00.000Z,Sold,2025-01-24T00:00:00.000Z,Listed for sale,2019-10-04T00:00:00.000Z,Sold,2015-03-18T00:00:00.000Z,Sold,,,,,,,,,,,,,,,,,,,,,,,,,,,,,,,,,,,,,,,,,,,,,,,,
"26 Alexis Dr, Cabot, AR 72023",26 Alexis Dr,Cabot,AR,,forRent,3,1288,,1425,33,https://www.zillow.com/homedetails/26-Alexis-Dr-Cabot-AR-72023/255240_zpid/,,152900,2026-08-11T00:00:00.000Z,Price change,2026-07-29T00:00:00.000Z,Price change,2026-07-14T00:00:00.000Z,Listed for rent,2023-05-31T00:00:00.000Z,Listing removed,2023-05-17T00:00:00.000Z,Listed for rent,2023-03-10T00:00:00.000Z,Sold,2023-02-09T00:00:00.000Z,Contingent,2023-02-07T00:00:00.000Z,Listed for sale,2014-11-14T00:00:00.000Z,Sold,,,,,,,,,,,,,,,,,,,,,,,,,,,,,,,,,,,,,,,,,,
"17 Fortson Dr, Cabot, AR 72023",17 Fortson Dr,Cabot,AR,,forRent,3,924,,850,0,https://www.zillow.com/homedetails/17-Fortson-Dr-Cabot-AR-72023/63161002_zpid/,,,2026-10-05T00:00:00.000Z,Listed for rent,2023-11-02T00:00:00.000Z,Listing removed,2023-10-12T00:00:00.000Z,Listed for rent,2023-09-23T00:00:00.000Z,Listing removed,2023-09-02T00:00:00.000Z,Listed for rent,2022-08-06T00:00:00.000Z,Listing removed,2022-07-29T00:00:00.000Z,Listed for rent,,,,,,,,,,,,,,,,,,,,,,,,,,,,,,,,,,,,,,,,,,,,,,
"18 Shadow Creek Dr, Austin, AR 72007",18 Shadow Creek Dr,Austin,AR,,forRent,4,2334,,2200,38,https://www.zillow.com/homedetails/18-Shadow-Creek-Dr-Austin-AR-72007/99418619_zpid/,,243500,2026-09-24T00:00:00.000Z,Price change,2026-08-27T00:00:00.000Z,Listed for rent,2023-07-15T00:00:00.000Z,Listing removed,2023-07-07T00:00:00.000Z,Listed for rent,2018-05-24T00:00:00.000Z,Listing removed,2018-05-23T00:00:00.000Z,Listing removed,2018-05-21T00:00:00.000Z,Price change,2018-05-18T00:00:00.000Z,Listed for rent,2018-03-16T00:00:00.000Z,Listed for sale,2016-05-06T00:00:00.000Z,Sold,2015-12-03T00:00:00.000Z,Listed for sale,2015-08-10T00:00:00.000Z,Sold,,,,,,,,,,,,,,,,,,,,,,,,,,,,,,,,,,,,
"46 Meadowlark Dr, Cabot, AR 72023",46 Meadowlark Dr,Cabot,AR,,forRent,4,1600,,1595,12,https://www.zillow.com/homedetails/46-Meadowlark-Dr-Cabot-AR-72023/255182_zpid/,,179900,2026-09-23T00:00:00.000Z,Listed for rent,2024-03-19T00:00:00.000Z,Sold,2024-01-11T00:00:00.000Z,Contingent,2023-09-16T00:00:00.000Z,Listing removed,2023-08-24T00:00:00.000Z,Listed for sale,2023-08-18T00:00:00.000Z,Price change,2023-07-18T00:00:00.000Z,Listed for rent,2022-01-11T00:00:00.000Z,Sold,2015-07-31T00:00:00.000Z,Sold,2013-06-11T00:00:00.000Z,Sold,,,,,,,,,,,,,,,,,,,,,,,,,,,,,,,,,,,,,,,,
"45 Foster Louis Ln, Cabot, AR 72023",45 Foster Louis Ln,Cabot,AR,,forRent,4,1470,,1650,73,https://www.zillow.com/homedetails/45-Foster-Louis-Ln-Cabot-AR-72023/347215122_zpid/,,,2026-07-23T00:00:00.000Z,Listed for rent,2025-09-28T00:00:00.000Z,Listing removed,2025-09-27T00:00:00.000Z,Listed for rent,2025-09-27T00:00:00.000Z,Listing removed,2025-07-22T00:00:00.000Z,Listed for rent,2024-04-25T00:00:00.000Z,Listing removed,2024-04-05T00:00:00.000Z,Listed for rent,,,,,,,,,,,,,,,,,,,,,,,,,,,,,,,,,,,,,,,,,,,,,,
"703 W 4th St, Lonoke, AR 72086",703 W 4th St,Lonoke,AR,,forRent,4,2312,,1900,45,https://www.zillow.com/homedetails/703-W-4th-St-Lonoke-AR-72086/260219_zpid/,,69900,2026-09-23T00:00:00.000Z,Listing removed,2026-09-07T00:00:00.000Z,Listed for sale,2026-08-28T00:00:00.000Z,Price change,2026-08-20T00:00:00.000Z,Listed for rent,2026-06-10T00:00:00.000Z,Sold,2026-05-10T00:00:00.000Z,Contingent,2026-05-07T00:00:00.000Z,Listed for sale,2026-05-07T00:00:00.000Z,Listing removed,2026-03-18T00:00:00.000Z,Price change,2026-01-10T00:00:00.000Z,Listed for sale,2014-02-19T00:00:00.000Z,Listing removed,2014-01-17T00:00:00.000Z,Listed for sale,2013-08-24T00:00:00.000Z,Sold,,,,,,,,,,,,,,,,,,,,,,,,,,,,,,,,,,
"21 Dunnaway Dr, Austin, AR 72007",21 Dunnaway Dr,Austin,AR,,forRent,,,,,,https://www.zillow.com/b/21-dunnaway-dr-austin-ar-BsgKQM/,,,,,,,,,,,,,,,,,,,,,,,,,,,,,,,,,,,,,,,,,,,,,,,,,,,,,,,,,,,,,,
"20 Magnolia Dr, Ward, AR 72176",20 Magnolia Dr,Ward,AR,,forRent,4,1380,,1550,18,https://www.zillow.com/homedetails/20-Magnolia-Dr-Ward-AR-72176/2087659368_zpid/,,,2026-09-16T00:00:00.000Z,Listed for rent,2025-08-19T00:00:00.000Z,Listing removed,2025-08-15T00:00:00.000Z,Listed for rent,2025-08-14T00:00:00.000Z,Listing removed,2025-07-28T00:00:00.000Z,Listed for rent,2020-06-02T00:00:00.000Z,Listing removed,2020-05-12T00:00:00.000Z,Listed for rent,2018-12-10T00:00:00.000Z,Listing removed,2018-11-06T00:00:00.000Z,Price change,2018-09-28T00:00:00.000Z,Listed for rent,,,,,,,,,,,,,,,,,,,,,,,,,,,,,,,,,,,,,,,,
"5 Stoneledge Dr, Maumelle, AR 72113",5 Stoneledge Dr,Maumelle,AR,,forRent,3,1755,,1750,52,https://www.zillow.com/homedetails/5-Stoneledge-Dr-Maumelle-AR-72113/326005_zpid/,,240000,2026-09-26T00:00:00.000Z,Price change,2026-09-19T00:00:00.000Z,Price change,2026-08-14T00:00:00.000Z,Listed for rent,2025-04-10T00:00:00.000Z,Listing removed,2025-03-28T00:00:00.000Z,Listed for rent,2025-02-06T00:00:00.000Z,Sold,2024-11-23T00:00:00.000Z,Listing removed,2024-07-30T00:00:00.000Z,Listed for rent,2015-02-24T00:00:00.000Z,Sold,,,,,,,,,,,,,,,,,,,,,,,,,,,,,,,,,,,,,,,,,,
"8072 Chesapeake Trl, Bauxite, AR 72011",8072 Chesapeake Trl,Bauxite,AR,,forRent,4,1492,,1650,5,https://www.zillow.com/homedetails/8072-Chesapeake-Trl-Bauxite-AR-72011/457082278_zpid/,,208600,2026-09-30T00:00:00.000Z,Listed for rent,2026-09-30T00:00:00.000Z,Listing removed,2026-09-12T00:00:00.000Z,Listed for rent,2026-07-30T00:00:00.000Z,Sold,2026-07-09T00:00:00.000Z,Contingent,2026-07-06T00:00:00.000Z,Price change,2026-06-25T00:00:00.000Z,Price change,2026-06-08T00:00:00.000Z,Price change,2026-04-11T00:00:00.000Z,Price change,2026-04-03T00:00:00.000Z,Price change,2026-03-31T00:00:00.000Z,Price change,2026-03-18T00:00:00.000Z,Price change,2026-03-16T00:00:00.000Z,Price change,2026-02-17T00:00:00.000Z,Listed for sale,2025-10-02T00:00:00.000Z,Listing removed,2025-09-30T00:00:00.000Z,Listed for sale,,,,,,,,,,,,,,,,,,,,,,,,,,,,
"4520 Olympic Dr, Benton, AR 72019",4520 Olympic Dr,Benton,AR,,forRent,3,1243,,1550,0,https://www.zillow.com/homedetails/4520-Olympic-Dr-Benton-AR-72019/340052842_zpid/,,201525,2026-10-05T00:00:00.000Z,Listed for rent,2026-02-19T00:00:00.000Z,Listing removed,2026-02-10T00:00:00.000Z,Listed for rent,2026-01-08T00:00:00.000Z,Listing removed,2025-12-24T00:00:00.000Z,Listed for rent,2024-08-10T00:00:00.000Z,Listing removed,2024-07-20T00:00:00.000Z,Listed for rent,2024-06-17T00:00:00.000Z,Sold,2024-04-11T00:00:00.000Z,Contingent,2024-04-09T00:00:00.000Z,Price change,2024-04-04T00:00:00.000Z,Price change,2024-03-02T00:00:00.000Z,Price change,2024-02-20T00:00:00.000Z,Listed for sale,,,,,,,,,,,,,,,,,,,,,,,,,,,,,,,,,,
"6065 Discovery Trl, Bauxite, AR 72011",6065 Discovery Trl,Bauxite,AR,,forRent,4,1459,,1595,5,https://www.zillow.com/homedetails/6065-Discovery-Trl-Bauxite-AR-72011/442588179_zpid/,,192660,2026-09-30T00:00:00.000Z,Listed for rent,2026-09-30T00:00:00.000Z,Listing removed,2026-09-15T00:00:00.000Z,Listed for rent,2026-08-11T00:00:00.000Z,Listing removed,2026-08-03T00:00:00.000Z,Listed for rent,2025-07-01T00:00:00.000Z,Listing removed,2025-05-23T00:00:00.000Z,Listed for rent,2025-05-09T00:00:00.000Z,Sold,2025-05-01T00:00:00.000Z,Contingent,2025-04-15T00:00:00.000Z,Price change,2025-04-04T00:00:00.000Z,Price change,2025-03-07T00:00:00.000Z,Price change,2025-02-28T00:00:00.000Z,Price change,2025-01-30T00:00:00.000Z,Price change,2024-12-14T00:00:00.000Z,Listed for sale,2024-11-22T00:00:00.000Z,Listing removed,2024-11-14T00:00:00.000Z,Listed for sale,,,,,,,,,,,,,,,,,,,,,,,,,,
"1281 Meadows Dr, Benton, AR 72019",1281 Meadows Dr,Benton,AR,,forRent,3,1523,,1595,5,https://www.zillow.com/homedetails/1281-Meadows-Dr-Benton-AR-72019/440544514_zpid/,,198850,2026-09-30T00:00:00.000Z,Listed for rent,2026-09-30T00:00:00.000Z,Listing removed,2026-09-24T00:00:00.000Z,Listed for rent,2025-04-25T00:00:00.000Z,Listing removed,2025-04-01T00:00:00.000Z,Price change,2025-03-07T00:00:00.000Z,Listed for rent,2025-02-18T00:00:00.000Z,Sold,2025-01-23T00:00:00.000Z,Contingent,2025-01-20T00:00:00.000Z,Price change,2024-12-27T00:00:00.000Z,Price change,2024-12-20T00:00:00.000Z,Price change,2024-12-12T00:00:00.000Z,Price change,2024-12-05T00:00:00.000Z,Price change,2024-09-18T00:00:00.000Z,Listed for sale,,,,,,,,,,,,,,,,,,,,,,,,,,,,,,,,
"2710 Lavern St, Bryant, AR 72022",2710 Lavern St,Bryant,AR,,forRent,3,1281,,1375,5,https://www.zillow.com/homedetails/2710-Lavern-St-Bryant-AR-72022/391293_zpid/,,131000,2026-09-30T00:00:00.000Z,Listed for rent,2026-09-30T00:00:00.000Z,Listing removed,2026-09-25T00:00:00.000Z,Listed for rent,2024-09-13T00:00:00.000Z,Listing removed,2024-07-12T00:00:00.000Z,Price change,2024-05-17T00:00:00.000Z,Price change,2024-04-05T00:00:00.000Z,Listed for rent,2024-03-25T00:00:00.000Z,Listing removed,2024-03-15T00:00:00.000Z,Listed for rent,2022-03-22T00:00:00.000Z,Listing removed,2022-03-10T00:00:00.000Z,Listed for rent,2020-10-22T00:00:00.000Z,Listing removed,2020-10-13T00:00:00.000Z,Listed for rent,2018-03-15T00:00:00.000Z,Listing removed,2018-02-14T00:00:00.000Z,Sold,2018-01-15T00:00:00.000Z,Listed for rent,2017-12-10T00:00:00.000Z,Listed for sale,2017-08-06T00:00:00.000Z,Sold,2017-05-28T00:00:00.000Z,Price change,2017-04-21T00:00:00.000Z,Listed for sale,2017-03-17T00:00:00.000Z,Sold,2017-02-16T00:00:00.000Z,Listed for sale,,,,,,,,,,,,,,,,
"2714 Gage Dr, Benton, AR 72019",2714 Gage Dr,Benton,AR,,forRent,3,1303,,1450,34,https://www.zillow.com/homedetails/2714-Gage-Dr-Benton-AR-72019/92431557_zpid/,,122580,2026-10-05T00:00:00.000Z,Price change,2026-08-31T00:00:00.000Z,Listed for rent,2022-03-04T00:00:00.000Z,Sold,2018-05-12T00:00:00.000Z,Listing removed,2018-04-07T00:00:00.000Z,Listed for rent,2018-02-11T00:00:00.000Z,Listing removed,2018-01-21T00:00:00.000Z,Price change,2017-11-09T00:00:00.000Z,Listed for rent,2017-04-11T00:00:00.000Z,Listing removed,2017-03-19T00:00:00.000Z,Listed for rent,2016-08-25T00:00:00.000Z,Listing removed,2015-11-21T00:00:00.000Z,Listing removed,2015-11-13T00:00:00.000Z,Listed for rent,2007-05-24T00:00:00.000Z,Sold,,,,,,,,,,,,,,,,,,,,,,,,,,,,,,,,
"6099 Meridian Dr, Alexander, AR 72002",6099 Meridian Dr,Alexander,AR,,forRent,4,1824,,2195,25,https://www.zillow.com/homedetails/6099-Meridian-Dr-Alexander-AR-72002/456178536_zpid/,,,2026-09-10T00:00:00.000Z,Listed for rent,2026-01-22T00:00:00.000Z,Listing removed,2025-12-23T00:00:00.000Z,Listed for rent,2025-11-27T00:00:00.000Z,Listing removed,2025-08-22T00:00:00.000Z,Listed for sale,,,,,,,,,,,,,,,,,,,,,,,,,,,,,,,,,,,,,,,,,,,,,,,,,,
"3711 W Markham St, Little Rock, AR 72205",3711 W Markham St,Little Rock,AR,,forRent,3,1400,,1295,16,https://www.zillow.com/homedetails/3711-W-Markham-St-Little-Rock-AR-72205/309054_zpid/,,283000,2026-09-27T00:00:00.000Z,Price change,2026-09-18T00:00:00.000Z,Listed for rent,2023-08-05T00:00:00.000Z,Listing removed,2023-07-24T00:00:00.000Z,Price change,2023-07-22T00:00:00.000Z,Price change,2023-06-29T00:00:00.000Z,Price change,2023-06-21T00:00:00.000Z,Price change,2023-05-26T00:00:00.000Z,Price change,2023-05-24T00:00:00.000Z,Listed for rent,2021-06-14T00:00:00.000Z,Listing removed,2021-06-09T00:00:00.000Z,Listed for rent,2021-05-05T00:00:00.000Z,Listing removed,2021-04-23T00:00:00.000Z,Price change,2021-04-14T00:00:00.000Z,Listed for rent,2020-10-13T00:00:00.000Z,Listing removed,2020-09-21T00:00:00.000Z,Listed for rent,2015-04-13T00:00:00.000Z,Listing removed,2015-04-04T00:00:00.000Z,Listed for rent,2013-07-31T00:00:00.000Z,Sold,2009-06-05T00:00:00.000Z,Sold,2004-06-04T00:00:00.000Z,Sold,,,,,,,,,,,,,,,,,,
"5909 Flight Ct, Jacksonville, AR 72076",5909 Flight Ct,Jacksonville,AR,,forRent,3,1650,,1950,13,https://www.zillow.com/homedetails/5909-Flight-Ct-Jacksonville-AR-72076/99434199_zpid/,,24000,2026-09-22T00:00:00.000Z,Price change,2026-08-04T00:00:00.000Z,Listed for rent,2026-02-06T00:00:00.000Z,Listing removed,2025-11-29T00:00:00.000Z,Price change,2025-09-26T00:00:00.000Z,Listed for rent,2025-09-26T00:00:00.000Z,Listing removed,2025-09-25T00:00:00.000Z,Listed for rent,2023-07-18T00:00:00.000Z,Listing removed,2023-06-07T00:00:00.000Z,Listed for rent,2023-06-07T00:00:00.000Z,Listing removed,2023-05-31T00:00:00.000Z,Listed for rent,2022-04-05T00:00:00.000Z,Listing removed,2022-03-31T00:00:00.000Z,Listed for rent,2020-12-24T00:00:00.000Z,Listing removed,2020-12-17T00:00:00.000Z,Listed for rent,2020-09-20T00:00:00.000Z,Listing removed,2020-08-26T00:00:00.000Z,Listed for rent,2019-04-21T00:00:00.000Z,Listing removed,2019-03-05T00:00:00.000Z,Listed for rent,2018-08-30T00:00:00.000Z,Listing removed,2018-06-28T00:00:00.000Z,Listed for rent,2015-10-20T00:00:00.000Z,Listing removed,2015-09-10T00:00:00.000Z,Price change,2015-09-09T00:00:00.000Z,Listed for rent,2014-09-07T00:00:00.000Z,Listing removed,2008-11-18T00:00:00.000Z,Sold,,,,,,,,
"805 Maple St, North Little Rock, AR 72114",805 Maple St,North Little Rock,AR,,forRent,3,1062,,1595,44,https://www.zillow.com/homedetails/805-Maple-St-North-Little-Rock-AR-72114/305032_zpid/,,50000,2026-09-22T00:00:00.000Z,Price change,2026-09-10T00:00:00.000Z,Price change,2026-06-02T00:00:00.000Z,Listed for rent,2024-04-18T00:00:00.000Z,Listing removed,2024-03-25T00:00:00.000Z,Price change,2024-02-17T00:00:00.000Z,Listed for rent,2022-10-20T00:00:00.000Z,Sold,2014-11-26T00:00:00.000Z,Sold,2012-02-03T00:00:00.000Z,Sold,,,,,,,,,,,,,,,,,,,,,,,,,,,,,,,,,,,,,,,,,,
"2708 S Chester St, Little Rock, AR 72206",2708 S Chester St,Little Rock,AR,,forRent,3,1840,,1400,46,https://www.zillow.com/homedetails/2708-S-Chester-St-Little-Rock-AR-72206/317615_zpid/,,39750,2026-09-24T00:00:00.000Z,Price change,2026-08-19T00:00:00.000Z,Listed for rent,2026-08-19T00:00:00.000Z,Listing removed,2026-04-10T00:00:00.000Z,Listed for rent,2020-07-31T00:00:00.000Z,Sold,2020-06-25T00:00:00.000Z,Listed for sale,2019-12-26T00:00:00.000Z,Sold,2019-12-14T00:00:00.000Z,Price change,2019-12-08T00:00:00.000Z,Price change,2019-12-06T00:00:00.000Z,Price change,2019-12-04T00:00:00.000Z,Price change,2019-12-02T00:00:00.000Z,Price change,2019-12-01T00:00:00.000Z,Price change,2019-11-28T00:00:00.000Z,Price change,2019-11-26T00:00:00.000Z,Listed for sale,2014-10-10T00:00:00.000Z,Sold,2011-11-09T00:00:00.000Z,Sold,2011-08-28T00:00:00.000Z,Pending sale,2011-08-16T00:00:00.000Z,Price change,2011-07-14T00:00:00.000Z,Price change,2011-05-29T00:00:00.000Z,Price change,2011-03-25T00:00:00.000Z,Price change,2011-02-17T00:00:00.000Z,Listed for sale,2007-05-10T00:00:00.000Z,Sold,,,,,,,,,,,,
"4812 Lochridge Rd, N Little Rock, AR 72116",4812 Lochridge Rd,N Little Rock,AR,,forRent,3,1250,,1400,24,https://www.zillow.com/homedetails/4812-Lochridge-Rd-N-Little-Rock-AR-72116/295208_zpid/,,125000,2026-09-28T00:00:00.000Z,Price change,2026-09-10T00:00:00.000Z,Listed for rent,2026-05-09T00:00:00.000Z,Listing removed,2026-04-22T00:00:00.000Z,Listing removed,2026-04-22T00:00:00.000Z,Price change,2026-04-09T00:00:00.000Z,Listed for rent,2026-03-31T00:00:00.000Z,Listed for sale,2026-03-31T00:00:00.000Z,Listing removed,2026-03-19T00:00:00.000Z,Price change,2026-02-24T00:00:00.000Z,Price change,2026-02-12T00:00:00.000Z,Listed for sale,2026-01-29T00:00:00.000Z,Listing removed,2026-01-15T00:00:00.000Z,Price change,2026-01-08T00:00:00.000Z,Listed for rent,2025-05-05T00:00:00.000Z,Sold,2016-05-19T00:00:00.000Z,Sold,2013-08-29T00:00:00.000Z,Sold,,,,,,,,,,,,,,,,,,,,,,,,,,
"4816 W 28th St, Little Rock, AR 72204",4816 W 28th St,Little Rock,AR,,forRent,3,1052,,1215,86,https://www.zillow.com/homedetails/4816-W-28th-St-Little-Rock-AR-72204/312384_zpid/,,144000,2026-09-24T00:00:00.000Z,Price change,2026-07-20T00:00:00.000Z,Price change,2026-07-10T00:00:00.000Z,Listed for rent,2026-07-10T00:00:00.000Z,Listing removed,2026-05-16T00:00:00.000Z,Listed for rent,2024-02-12T00:00:00.000Z,Sold,2023-08-31T00:00:00.000Z,Listing removed,2023-08-16T00:00:00.000Z,Listed for rent,2012-12-28T00:00:00.000Z,Sold,,,,,,,,,,,,,,,,,,,,,,,,,,,,,,,,,,,,,,,,,,
"16 Springridge Dr, Little Rock, AR 72211",16 Springridge Dr,Little Rock,AR,,forRent,3,1613,,2000,25,https://www.zillow.com/homedetails/16-Springridge-Dr-Little-Rock-AR-72211/348511_zpid/,,0,2026-09-09T00:00:00.000Z,Listed for rent,2026-03-06T00:00:00.000Z,Listing removed,2025-11-24T00:00:00.000Z,Listed for rent,2024-04-21T00:00:00.000Z,Listing removed,2024-03-15T00:00:00.000Z,Listed for rent,2023-12-08T00:00:00.000Z,Listing removed,2023-11-30T00:00:00.000Z,Listed for rent,2023-03-17T00:00:00.000Z,Listing removed,2023-03-02T00:00:00.000Z,Listed for rent,2021-03-16T00:00:00.000Z,Listing removed,2021-03-11T00:00:00.000Z,Listed for rent,2020-03-12T00:00:00.000Z,Listing removed,2019-12-31T00:00:00.000Z,Listed for rent,2018-08-31T00:00:00.000Z,Listing removed,2018-08-08T00:00:00.000Z,Listed for rent,2017-03-31T00:00:00.000Z,Listing removed,2017-03-15T00:00:00.000Z,Listed for rent,2015-09-03T00:00:00.000Z,Sold,2013-07-19T00:00:00.000Z,Listing removed,2013-05-17T00:00:00.000Z,Listed for sale,2005-06-15T00:00:00.000Z,Sold,2000-05-03T00:00:00.000Z,Sold,1999-09-13T00:00:00.000Z,Sold,1998-01-12T00:00:00.000Z,Sold,,,,,,,,,,,,
"1900 S Pulaski St, Little Rock, AR 72206",1900 S Pulaski St,Little Rock,AR,,forRent,3,1354,,1150,86,https://www.zillow.com/homedetails/1900-S-Pulaski-St-Little-Rock-AR-72206/315916_zpid/,,149500,2026-09-18T00:00:00.000Z,Price change,2026-07-10T00:00:00.000Z,Listed for rent,2026-06-26T00:00:00.000Z,Listing removed,2026-04-15T00:00:00.000Z,Listed for sale,2025-09-30T00:00:00.000Z,Listing removed,2025-08-29T00:00:00.000Z,Price change,2025-08-20T00:00:00.000Z,Price change,2025-03-06T00:00:00.000Z,Listed for sale,2024-10-10T00:00:00.000Z,Listing removed,2024-09-13T00:00:00.000Z,Listing removed,2024-08-30T00:00:00.000Z,Listed for rent,2024-08-15T00:00:00.000Z,Price change,2024-07-17T00:00:00.000Z,Price change,2024-05-20T00:00:00.000Z,Listed for sale,2024-04-30T00:00:00.000Z,Listing removed,2024-04-10T00:00:00.000Z,Price change,2024-03-08T00:00:00.000Z,Price change,2024-02-16T00:00:00.000Z,Listed for rent,2023-07-19T00:00:00.000Z,Listing removed,2023-06-16T00:00:00.000Z,Listed for rent,2023-05-16T00:00:00.000Z,Sold,2023-04-25T00:00:00.000Z,Listing removed,2023-04-05T00:00:00.000Z,Listed for rent,2023-03-23T00:00:00.000Z,Contingent,2023-03-23T00:00:00.000Z,Listed for sale,2020-11-23T00:00:00.000Z,Sold,2020-02-14T00:00:00.000Z,Sold,2018-01-18T00:00:00.000Z,Sold,2017-05-02T00:00:00.000Z,Sold,2016-06-02T00:00:00.000Z,Sold
"7 Pleasant Cv, Little Rock, AR 72211",7 Pleasant Cv,Little Rock,AR,,forRent,4,1824,,2650,22,https://www.zillow.com/homedetails/7-Pleasant-Cv-Little-Rock-AR-72211/339378_zpid/,,310000,2026-09-12T00:00:00.000Z,Listed for rent,2025-04-08T00:00:00.000Z,Sold,2025-03-27T00:00:00.000Z,Contingent,2025-03-06T00:00:00.000Z,Listing removed,2025-02-12T00:00:00.000Z,Listed for sale,2025-02-06T00:00:00.000Z,Listed for rent,2024-05-24T00:00:00.000Z,Sold,2022-11-18T00:00:00.000Z,Listed for rent,2022-11-02T00:00:00.000Z,Sold,2022-10-01T00:00:00.000Z,Contingent,2022-09-30T00:00:00.000Z,Price change,2022-09-08T00:00:00.000Z,Listed for sale,2019-08-20T00:00:00.000Z,Listing removed,2019-08-09T00:00:00.000Z,Price change,2019-06-25T00:00:00.000Z,Listed for rent,2015-06-26T00:00:00.000Z,Sold,2014-04-08T00:00:00.000Z,Listing removed,2014-01-25T00:00:00.000Z,Price change,2014-01-20T00:00:00.000Z,Listed for rent,2013-12-30T00:00:00.000Z,Listing removed,2013-09-14T00:00:00.000Z,Listed for sale,2007-02-02T00:00:00.000Z,Sold,2005-05-02T00:00:00.000Z,Sold,,,,,,,,,,,,,,
"110 East Blvd, Jacksonville, AR 72076",110 East Blvd,Jacksonville,AR,,forRent,4,1138,,1450,47,https://www.zillow.com/homedetails/110-East-Blvd-Jacksonville-AR-72076/266328_zpid/,,8000,2026-09-22T00:00:00.000Z,Price change,2026-08-19T00:00:00.000Z,Listed for rent,2026-08-10T00:00:00.000Z,Listing removed,2026-05-27T00:00:00.000Z,Listed for rent,2025-10-15T00:00:00.000Z,Listing removed,2025-08-23T00:00:00.000Z,Listed for rent,2025-07-30T00:00:00.000Z,Listing removed,2025-07-17T00:00:00.000Z,Price change,2025-06-20T00:00:00.000Z,Price change,2025-05-15T00:00:00.000Z,Listed for rent,2023-08-03T00:00:00.000Z,Sold,2021-04-26T00:00:00.000Z,Listing removed,2021-03-03T00:00:00.000Z,Price change,2021-01-28T00:00:00.000Z,Price change,2020-12-07T00:00:00.000Z,Price change,2020-10-05T00:00:00.000Z,Price change,2020-09-15T00:00:00.000Z,Price change,2020-09-13T00:00:00.000Z,Price change,2020-09-07T00:00:00.000Z,Price change,2020-09-05T00:00:00.000Z,Price change,2020-05-15T00:00:00.000Z,Listed for sale,2020-04-14T00:00:00.000Z,Listing removed,2020-01-23T00:00:00.000Z,Price change,2020-01-18T00:00:00.000Z,Price change,2019-10-20T00:00:00.000Z,Listed for sale,2012-06-08T00:00:00.000Z,Listing removed,2010-08-19T00:00:00.000Z,Sold,,,,,,
"33 Narragansett Pl, Sherwood, AR 72120",33 Narragansett Pl,Sherwood,AR,,forRent,5,3250,,3500,8,https://www.zillow.com/homedetails/33-Narragansett-Pl-Sherwood-AR-72120/274035_zpid/,,161000,2026-09-26T00:00:00.000Z,Listed for rent,2026-09-16T00:00:00.000Z,Listing removed,2026-08-26T00:00:00.000Z,Listed for rent,2026-08-26T00:00:00.000Z,Listing removed,2026-08-08T00:00:00.000Z,Listed for sale,2026-07-15T00:00:00.000Z,Listing removed,2026-07-06T00:00:00.000Z,Price change,2026-06-15T00:00:00.000Z,Price change,2026-05-15T00:00:00.000Z,Listed for sale,2026-04-29T00:00:00.000Z,Listing removed,2026-04-21T00:00:00.000Z,Price change,2026-04-06T00:00:00.000Z,Listed for sale,2026-04-03T00:00:00.000Z,Listing removed,2026-03-02T00:00:00.000Z,Price change,2026-02-17T00:00:00.000Z,Price change,2026-02-02T00:00:00.000Z,Listed for sale,2026-02-01T00:00:00.000Z,Listing removed,2026-01-06T00:00:00.000Z,Price change,2025-12-11T00:00:00.000Z,Listed for sale,2024-05-16T00:00:00.000Z,Sold,2024-03-21T00:00:00.000Z,Sold,2015-03-04T00:00:00.000Z,Sold,,,,,,,,,,,,,,,,
"93 Indian Trl, Little Rock, AR 72207",93 Indian Trl,Little Rock,AR,,forRent,3,1902,,2500,0,https://www.zillow.com/homedetails/93-Indian-Trl-Little-Rock-AR-72207/334817_zpid/,,370000,2026-10-04T00:00:00.000Z,Listed for rent,2022-02-18T00:00:00.000Z,Sold,2022-01-26T00:00:00.000Z,Contingent,2022-01-13T00:00:00.000Z,Listed for sale,2017-01-17T00:00:00.000Z,Sold,2016-11-16T00:00:00.000Z,Listed for sale,2016-04-11T00:00:00.000Z,Sold,2016-02-16T00:00:00.000Z,Price change,2015-11-18T00:00:00.000Z,Price change,2015-10-06T00:00:00.000Z,Listed for sale,2014-05-20T00:00:00.000Z,Sold,,,,,,,,,,,,,,,,,,,,,,,,,,,,,,,,,,,,,,
"16318 Lamarche Dr, Little Rock, AR 72223",16318 Lamarche Dr,Little Rock,AR,,forRent,3,1500,,2095,53,https://www.zillow.com/homedetails/16318-Lamarche-Dr-Little-Rock-AR-72223/446823205_zpid/,,,2026-09-17T00:00:00.000Z,Price change,2026-08-12T00:00:00.000Z,Listed for rent,2025-04-25T00:00:00.000Z,Listing removed,2025-04-23T00:00:00.000Z,Price change,2025-04-17T00:00:00.000Z,Price change,2025-03-22T00:00:00.000Z,Listed for rent,2025-03-04T00:00:00.000Z,Listing removed,2025-02-01T00:00:00.000Z,Listed for rent,,,,,,,,,,,,,,,,,,,,,,,,,,,,,,,,,,,,,,,,,,,,
"105 Magnolia Ct, Jacksonville, AR 72076",105 Magnolia Ct,Jacksonville,AR,,forRent,3,1305,,1700,10,https://www.zillow.com/homedetails/105-Magnolia-Ct-Jacksonville-AR-72076/2053921612_zpid/,,239900,2026-09-24T00:00:00.000Z,Price change,2026-08-20T00:00:00.000Z,Listed for rent,2026-08-19T00:00:00.000Z,Listing removed,2026-06-03T00:00:00.000Z,Listed for rent,2024-07-24T00:00:00.000Z,Sold,2024-02-19T00:00:00.000Z,Listing removed,2024-02-17T00:00:00.000Z,Listed for rent,2024-02-16T00:00:00.000Z,Listing removed,2024-01-24T00:00:00.000Z,Price change,2023-12-13T00:00:00.000Z,Listed for rent,,,,,,,,,,,,,,,,,,,,,,,,,,,,,,,,,,,,,,,,
"703 W 23rd St, North Little Rock, AR 72114",703 W 23rd St,North Little Rock,AR,,forRent,3,798,,1110,2,https://www.zillow.com/homedetails/703-W-23rd-St-North-Little-Rock-AR-72114/2128745618_zpid/,,,2026-10-02T00:00:00.000Z,Listed for rent,2026-09-30T00:00:00.000Z,Listing removed,2026-08-23T00:00:00.000Z,Listed for rent,2026-08-23T00:00:00.000Z,Listing removed,2026-07-16T00:00:00.000Z,Listed for rent,2025-10-31T00:00:00.000Z,Listing removed,2025-10-25T00:00:00.000Z,Price change,2025-10-02T00:00:00.000Z,Listed for rent,2024-10-15T00:00:00.000Z,Listing removed,2024-10-10T00:00:00.000Z,Price change,2024-09-12T00:00:00.000Z,Price change,2024-08-27T00:00:00.000Z,Listed for rent,2023-11-16T00:00:00.000Z,Listing removed,2023-10-04T00:00:00.000Z,Listed for rent,2022-02-11T00:00:00.000Z,Listing removed,2022-02-08T00:00:00.000Z,Price change,2021-12-02T00:00:00.000Z,Price change,2021-11-18T00:00:00.000Z,Price change,2021-11-04T00:00:00.000Z,Listed for rent,2018-12-22T00:00:00.000Z,Listing removed,2018-11-28T00:00:00.000Z,Price change,2018-10-16T00:00:00.000Z,Listed for rent,2018-06-30T00:00:00.000Z,Listing removed,2018-06-18T00:00:00.000Z,Listed for rent,2018-02-09T00:00:00.000Z,Listing removed,,,,,,,,,,
"1319 S Jackson St, Little Rock, AR 72204",1319 S Jackson St,Little Rock,AR,,forRent,3,1026,,1265,3,https://www.zillow.com/homedetails/1319-S-Jackson-St-Little-Rock-AR-72204/310894_zpid/,,139700,2026-10-02T00:00:00.000Z,Listed for rent,2026-09-30T00:00:00.000Z,Listing removed,2026-07-16T00:00:00.000Z,Listed for rent,2023-06-07T00:00:00.000Z,Sold,2023-02-14T00:00:00.000Z,Listing removed,2023-01-27T00:00:00.000Z,Listed for rent,2013-04-30T00:00:00.000Z,Sold,2002-08-19T00:00:00.000Z,Sold,,,,,,,,,,,,,,,,,,,,,,,,,,,,,,,,,,,,,,,,,,,,
"2222 Scott St, Little Rock, AR 72206",2222 Scott St,Little Rock,AR,,forRent,3,1316,,1600,19,https://www.zillow.com/homedetails/2222-Scott-St-Little-Rock-AR-72206/445791417_zpid/,,80000,2026-09-29T00:00:00.000Z,Price change,2026-09-15T00:00:00.000Z,Listed for rent,2023-05-25T00:00:00.000Z,Sold,2023-04-28T00:00:00.000Z,Contingent,2023-04-18T00:00:00.000Z,Listed for sale,,,,,,,,,,,,,,,,,,,,,,,,,,,,,,,,,,,,,,,,,,,,,,,,,,
"6601 Bluebird Dr, Little Rock, AR 72205",6601 Bluebird Dr,Little Rock,AR,,forRent,3,1609,,1495,116,https://www.zillow.com/homedetails/6601-Bluebird-Dr-Little-Rock-AR-72205/344893_zpid/,,149500,2026-09-11T00:00:00.000Z,Price change,2026-09-04T00:00:00.000Z,Price change,2026-06-24T00:00:00.000Z,Price change,2026-06-10T00:00:00.000Z,Listed for rent,2026-04-15T00:00:00.000Z,Sold,2026-03-23T00:00:00.000Z,Listing removed,2026-03-10T00:00:00.000Z,Listed for rent,2025-04-22T00:00:00.000Z,Listing removed,2025-04-02T00:00:00.000Z,Listed for rent,2024-06-20T00:00:00.000Z,Listing removed,2024-06-18T00:00:00.000Z,Listed for rent,2020-09-22T00:00:00.000Z,Listing removed,2020-07-07T00:00:00.000Z,Listed for rent,2018-12-11T00:00:00.000Z,Listing removed,2018-10-10T00:00:00.000Z,Price change,2018-08-06T00:00:00.000Z,Price change,2018-07-09T00:00:00.000Z,Price change,2018-06-13T00:00:00.000Z,Price change,2018-05-04T00:00:00.000Z,Price change,2018-04-24T00:00:00.000Z,Listed for rent,2018-04-23T00:00:00.000Z,Sold,2018-03-16T00:00:00.000Z,Listed for sale,2015-09-30T00:00:00.000Z,Sold,2013-09-24T00:00:00.000Z,Sold,2013-07-31T00:00:00.000Z,Listed for sale,2009-02-12T00:00:00.000Z,Sold,2009-01-28T00:00:00.000Z,Listed for sale,,,,,,
"7001 W Markham St, Little Rock, AR 72205",7001 W Markham St,Little Rock,AR,,forRent,5,4058,,4200,6,https://www.zillow.com/homedetails/7001-W-Markham-St-Little-Rock-AR-72205/344356_zpid/,,257000,2026-09-28T00:00:00.000Z,Listed for rent,2025-12-08T00:00:00.000Z,Listing removed,2025-12-03T00:00:00.000Z,Price change,2025-12-01T00:00:00.000Z,Price change,2025-11-23T00:00:00.000Z,Price change,2025-11-17T00:00:00.000Z,Price change,2025-11-11T00:00:00.000Z,Price change,2025-10-24T00:00:00.000Z,Listed for rent,2025-10-15T00:00:00.000Z,Listing removed,2025-09-02T00:00:00.000Z,Listed for rent,2025-09-02T00:00:00.000Z,Listing removed,2025-08-01T00:00:00.000Z,Listed for rent,2025-06-13T00:00:00.000Z,Listing removed,2025-05-08T00:00:00.000Z,Price change,2025-05-07T00:00:00.000Z,Listed for rent,2022-11-01T00:00:00.000Z,Sold,2019-10-26T00:00:00.000Z,Listing removed,2019-10-25T00:00:00.000Z,Price change,2019-10-23T00:00:00.000Z,Price change,2019-10-20T00:00:00.000Z,Price change,2019-10-18T00:00:00.000Z,Price change,2019-10-16T00:00:00.000Z,Price change,2019-10-14T00:00:00.000Z,Price change,2019-10-11T00:00:00.000Z,Price change,2019-10-09T00:00:00.000Z,Price change,2019-10-08T00:00:00.000Z,Listed for sale,2015-08-01T00:00:00.000Z,Sold,2003-03-27T00:00:00.000Z,Sold,2001-12-04T00:00:00.000Z,Sold,,
"14503 Baucum Rd, North Little Rock, AR 72117",14503 Baucum Rd,North Little Rock,AR,,forRent,3,1305,,1725,12,https://www.zillow.com/homedetails/14503-Baucum-Rd-North-Little-Rock-AR-72117/450865257_zpid/,,,2026-09-22T00:00:00.000Z,Listed for rent,2026-09-01T00:00:00.000Z,Listing removed,2026-08-14T00:00:00.000Z,Listed for rent,2025-09-26T00:00:00.000Z,Listing removed,2025-08-23T00:00:00.000Z,Listed for rent,2025-08-13T00:00:00.000Z,Listing removed,2025-05-07T00:00:00.000Z,Listed for rent,,,,,,,,,,,,,,,,,,,,,,,,,,,,,,,,,,,,,,,,,,,,,,
"2808 S State St, Little Rock, AR 72206",2808 S State St,Little Rock,AR,,forRent,4,1914,,1650,4,https://www.zillow.com/homedetails/2808-S-State-St-Little-Rock-AR-72206/317546_zpid/,,199700,2026-09-30T00:00:00.000Z,Listed for rent,2026-09-30T00:00:00.000Z,Listing removed,2026-06-18T00:00:00.000Z,Listed for rent,2022-08-09T00:00:00.000Z,Sold,2022-06-02T00:00:00.000Z,Listing removed,2022-05-12T00:00:00.000Z,Listed for rent,2021-10-08T00:00:00.000Z,Sold,2021-07-23T00:00:00.000Z,Price change,2021-07-09T00:00:00.000Z,Listed for sale,2021-03-24T00:00:00.000Z,Listing removed,2019-05-02T00:00:00.000Z,Listing removed,2019-04-23T00:00:00.000Z,Listed for rent,2019-02-08T00:00:00.000Z,Sold,2014-03-17T00:00:00.000Z,Sold,2007-09-26T00:00:00.000Z,Sold,2005-03-17T00:00:00.000Z,Sold,,,,,,,,,,,,,,,,,,,,,,,,,,,,
"33 Purdue Cir, Little Rock, AR 72204",33 Purdue Cir,Little Rock,AR,,forRent,3,1008,,1195,4,https://www.zillow.com/homedetails/33-Purdue-Cir-Little-Rock-AR-72204/351525_zpid/,,136700,2026-09-30T00:00:00.000Z,Listed for rent,2026-09-30T00:00:00.000Z,Listing removed,2026-07-03T00:00:00.000Z,Listed for rent,2025-10-23T00:00:00.000Z,Listing removed,2025-10-07T00:00:00.000Z,Listed for rent,2022-09-01T00:00:00.000Z,Sold,2022-06-24T00:00:00.000Z,Listing removed,2022-06-14T00:00:00.000Z,Price change,2022-06-07T00:00:00.000Z,Price change,2022-05-04T00:00:00.000Z,Listed for rent,2021-10-27T00:00:00.000Z,Sold,2015-03-27T00:00:00.000Z,Sold,,,,,,,,,,,,,,,,,,,,,,,,,,,,,,,,,,,,
"6 Dee Dee Cir, Little Rock, AR 72223",6 Dee Dee Cir,Little Rock,AR,,forRent,4,1754,,2495,40,https://www.zillow.com/homedetails/6-Dee-Dee-Cir-Little-Rock-AR-72223/363293_zpid/,,150000,2026-09-23T00:00:00.000Z,Listing removed,2026-09-03T00:00:00.000Z,Price change,2026-09-02T00:00:00.000Z,Listed for sale,2026-08-25T00:00:00.000Z,Listing removed,2026-08-25T00:00:00.000Z,Listed for rent,2026-08-07T00:00:00.000Z,Price change,2026-07-24T00:00:00.000Z,Price change,2026-07-14T00:00:00.000Z,Price change,2026-07-03T00:00:00.000Z,Listed for sale,2026-06-27T00:00:00.000Z,Sold,2018-12-31T00:00:00.000Z,Sold,2015-10-13T00:00:00.000Z,Sold,,,,,,,,,,,,,,,,,,,,,,,,,,,,,,,,,,,,
"117 Roosevelt Rd, Jacksonville, AR 72076",117 Roosevelt Rd,Jacksonville,AR,,forRent,4,1138,,1475,4,https://www.zillow.com/homedetails/117-Roosevelt-Rd-Jacksonville-AR-72076/266525_zpid/,,500,2026-09-30T00:00:00.000Z,Listed for rent,2026-09-30T00:00:00.000Z,Listing removed,2026-09-08T00:00:00.000Z,Listed for rent,2025-07-18T00:00:00.000Z,Listing removed,2025-07-17T00:00:00.000Z,Price change,2025-06-20T00:00:00.000Z,Price change,2025-05-24T00:00:00.000Z,Listed for rent,2019-02-04T00:00:00.000Z,Sold,2014-02-05T00:00:00.000Z,Sold,1998-01-23T00:00:00.000Z,Sold,,,,,,,,,,,,,,,,,,,,,,,,,,,,,,,,,,,,,,,,
"2409 S Taylor St, Little Rock, AR 72204",2409 S Taylor St,Little Rock,AR,,forRent,3,1125,,1190,5,https://www.zillow.com/homedetails/2409-S-Taylor-St-Little-Rock-AR-72204/312045_zpid/,,82000,2026-09-29T00:00:00.000Z,Listed for rent,2024-07-26T00:00:00.000Z,Listing removed,2024-07-17T00:00:00.000Z,Listed for rent,2022-11-11T00:00:00.000Z,Sold,2014-10-16T00:00:00.000Z,Sold,1997-10-16T00:00:00.000Z,Sold,1997-07-08T00:00:00.000Z,Sold,,,,,,,,,,,,,,,,,,,,,,,,,,,,,,,,,,,,,,,,,,,,,,
"2508 Grist Mill Rd, Little Rock, AR 72227",2508 Grist Mill Rd,Little Rock,AR,,forRent,3,1858,,2200,30,https://www.zillow.com/homedetails/2508-Grist-Mill-Rd-Little-Rock-AR-72227/337061_zpid/,,173700,2026-10-01T00:00:00.000Z,Price change,2026-09-16T00:00:00.000Z,Price change,2026-09-04T00:00:00.000Z,Listed for rent,2022-03-10T00:00:00.000Z,Listing removed,2022-03-09T00:00:00.000Z,Listed for rent,2022-02-03T00:00:00.000Z,Listing removed,2022-01-31T00:00:00.000Z,Listed for rent,2017-12-29T00:00:00.000Z,Sold,2017-12-05T00:00:00.000Z,Listed for sale,2015-08-26T00:00:00.000Z,Sold,2012-07-25T00:00:00.000Z,Sold,2012-06-23T00:00:00.000Z,Pending sale,2012-06-18T00:00:00.000Z,Listed for sale,2006-01-09T00:00:00.000Z,Sold,,,,,,,,,,,,,,,,,,,,,,,,,,,,,,,,
"217 Raney Pl, Jacksonville, AR 72076",217 Raney Pl,Jacksonville,AR,,forRent,3,1480,,1200,14,https://www.zillow.com/homedetails/217-Raney-Pl-Jacksonville-AR-72076/267279_zpid/,,57500,2026-09-26T00:00:00.000Z,Price change,2026-09-21T00:00:00.000Z,Listed for rent,2025-03-11T00:00:00.000Z,Listing removed,2025-02-27T00:00:00.000Z,Listed for rent,2024-02-20T00:00:00.000Z,Listing removed,2024-01-11T00:00:00.000Z,Price change,2024-01-03T00:00:00.000Z,Price change,2023-09-12T00:00:00.000Z,Listed for rent,2023-08-29T00:00:00.000Z,Listing removed,2023-08-10T00:00:00.000Z,Listed for rent,2022-05-11T00:00:00.000Z,Listing removed,2022-05-09T00:00:00.000Z,Listed for rent,2021-05-08T00:00:00.000Z,Listing removed,2021-04-29T00:00:00.000Z,Listed for rent,2021-03-24T00:00:00.000Z,Listing removed,2020-02-22T00:00:00.000Z,Listing removed,2019-12-07T00:00:00.000Z,Listed for rent,2019-09-20T00:00:00.000Z,Sold,2019-06-05T00:00:00.000Z,Sold,2016-09-16T00:00:00.000Z,Sold,2016-06-07T00:00:00.000Z,Listed for sale,2016-03-23T00:00:00.000Z,Listing removed,2015-09-17T00:00:00.000Z,Price change,2015-08-26T00:00:00.000Z,Price change,2015-07-18T00:00:00.000Z,Listed for sale,2013-07-19T00:00:00.000Z,Sold,2006-09-18T00:00:00.000Z,Sold,,,,,,
"1304 S Taylor St, Little Rock, AR 72204",1304 S Taylor St,Little Rock,AR,,forRent,4,1501,,1395,13,https://www.zillow.com/homedetails/1304-S-Taylor-St-Little-Rock-AR-72204/311353_zpid/,,67000,2026-09-21T00:00:00.000Z,Listed for rent,2026-05-05T00:00:00.000Z,Listing removed,2026-04-28T00:00:00.000Z,Listed for rent,2022-11-18T00:00:00.000Z,Sold,2022-11-09T00:00:00.000Z,Listed for sale,2015-05-21T00:00:00.000Z,Sold,,,,,,,,,,,,,,,,,,,,,,,,,,,,,,,,,,,,,,,,,,,,,,,,
"719 Reichardt St, Little Rock, AR 72202",719 Reichardt St,Little Rock,AR,,forRent,3,1857,,2900,20,https://www.zillow.com/homedetails/719-Reichardt-St-Little-Rock-AR-72202/465244951_zpid/,,,2026-09-14T00:00:00.000Z,Listed for rent,,,,,,,,,,,,,,,,,,,,,,,,,,,,,,,,,,,,,,,,,,,,,,,,,,,,,,,,,,
"7316 Illinois St, Little Rock, AR 72207",7316 Illinois St,Little Rock,AR,,forRent,3,1194,,1275,10,https://www.zillow.com/homedetails/7316-Illinois-St-Little-Rock-AR-72207/342140_zpid/,,50000,2026-09-28T00:00:00.000Z,Price change,2026-09-24T00:00:00.000Z,Listed for rent,2023-09-15T00:00:00.000Z,Listing removed,2023-08-30T00:00:00.000Z,Listed for rent,2019-07-27T00:00:00.000Z,Listing removed,2019-07-17T00:00:00.000Z,Price change,2019-07-01T00:00:00.000Z,Listed for rent,2019-04-12T00:00:00.000Z,Sold,2019-03-12T00:00:00.000Z,Listed for sale,2015-07-17T00:00:00.000Z,Sold,,,,,,,,,,,,,,,,,,,,,,,,,,,,,,,,,,,,,,,,
"2913 S Cross St, Little Rock, AR 72206",2913 S Cross St,Little Rock,AR,,forRent,3,1088,,975,19,https://www.zillow.com/homedetails/2913-S-Cross-St-Little-Rock-AR-72206/318068_zpid/,,62000,2026-09-26T00:00:00.000Z,Price change,2026-09-15T00:00:00.000Z,Listed for rent,2026-04-29T00:00:00.000Z,Listing removed,2026-02-26T00:00:00.000Z,Listed for sale,2026-01-12T00:00:00.000Z,Listing removed,2025-05-03T00:00:00.000Z,Price change,2025-03-20T00:00:00.000Z,Listed for sale,2025-03-17T00:00:00.000Z,Listing removed,2025-03-15T00:00:00.000Z,Listed for sale,2024-12-07T00:00:00.000Z,Listing removed,2024-08-02T00:00:00.000Z,Price change,2024-07-20T00:00:00.000Z,Price change,2024-07-07T00:00:00.000Z,Listed for sale,2023-03-21T00:00:00.000Z,Listing removed,2023-03-08T00:00:00.000Z,Listed for rent,2023-01-31T00:00:00.000Z,Sold,2022-12-19T00:00:00.000Z,Contingent,2022-12-09T00:00:00.000Z,Price change,2022-10-15T00:00:00.000Z,Listed for sale,2019-07-18T00:00:00.000Z,Sold,2014-08-27T00:00:00.000Z,Sold,,,,,,,,,,,,,,,,,,
"8620 Northgate Dr, Sherwood, AR 72120",8620 Northgate Dr,Sherwood,AR,,forRent,3,1250,,1425,35,https://www.zillow.com/homedetails/8620-Northgate-Dr-Sherwood-AR-72120/278909_zpid/,,142000,2026-08-30T00:00:00.000Z,Listed for rent,2024-09-13T00:00:00.000Z,Listing removed,2024-08-13T00:00:00.000Z,Listed for rent,2022-08-29T00:00:00.000Z,Listing removed,2022-08-02T00:00:00.000Z,Price change,2022-07-30T00:00:00.000Z,Listed for rent,2022-05-11T00:00:00.000Z,Contingent,2022-05-06T00:00:00.000Z,Sold,2022-03-31T00:00:00.000Z,Listed for sale,2016-05-03T00:00:00.000Z,Sold,2013-11-25T00:00:00.000Z,Sold,2003-10-17T00:00:00.000Z,Sold,,,,,,,,,,,,,,,,,,,,,,,,,,,,,,,,,,,,
"3117 S Pulaski St, Little Rock, AR 72206",3117 S Pulaski St,Little Rock,AR,,forRent,3,985,,925,11,https://www.zillow.com/homedetails/3117-S-Pulaski-St-Little-Rock-AR-72206/317941_zpid/,,59000,2026-09-23T00:00:00.000Z,Listed for rent,2024-01-07T00:00:00.000Z,Listing removed,2023-12-26T00:00:00.000Z,Price change,2023-12-10T00:00:00.000Z,Price change,2023-10-19T00:00:00.000Z,Listed for rent,2023-10-10T00:00:00.000Z,Sold,2023-10-05T00:00:00.000Z,Contingent,2023-08-10T00:00:00.000Z,Listed for sale,2023-08-07T00:00:00.000Z,Contingent,2023-06-20T00:00:00.000Z,Listed for sale,2015-02-23T00:00:00.000Z,Sold,,,,,,,,,,,,,,,,,,,,,,,,,,,,,,,,,,,,,,
"38 Shoshoni Dr, Sherwood, AR 72120",38 Shoshoni Dr,Sherwood,AR,,forRent,3,1854,,1900,48,https://www.zillow.com/homedetails/38-Shoshoni-Dr-Sherwood-AR-72120/273915_zpid/,,190000,2026-08-17T00:00:00.000Z,Listed for rent,2026-04-15T00:00:00.000Z,Listing removed,2026-03-24T00:00:00.000Z,Price change,2026-03-04T00:00:00.000Z,Listed for rent,2020-04-02T00:00:00.000Z,Sold,2020-02-27T00:00:00.000Z,Listed for sale,2019-11-20T00:00:00.000Z,Sold,2013-07-29T00:00:00.000Z,Sold,,,,,,,,,,,,,,,,,,,,,,,,,,,,,,,,,,,,,,,,,,,,
"1304 Springvine Dr, Searcy, AR 72143",1304 Springvine Dr,Searcy,AR,,forRent,,,,,,https://www.zillow.com/b/1304-springvine-dr-searcy-ar-CbNbn7/,,,,,,,,,,,,,,,,,,,,,,,,,,,,,,,,,,,,,,,,,,,,,,,,,,,,,,,,,,,,,,
"31 Rosemoor Dr, Little Rock, AR 72209",31 Rosemoor Dr,Little Rock,AR,,forRent,4,1250,,1250,60,https://www.zillow.com/homedetails/31-Rosemoor-Dr-Little-Rock-AR-72209/319262_zpid/,,92000,2026-09-26T00:00:00.000Z,Price change,2026-08-05T00:00:00.000Z,Listed for rent,2023-12-12T00:00:00.000Z,Listing removed,2023-11-24T00:00:00.000Z,Listed for rent,2023-10-10T00:00:00.000Z,Sold,2023-10-10T00:00:00.000Z,Contingent,2023-08-22T00:00:00.000Z,Listed for sale,2023-08-15T00:00:00.000Z,Contingent,2023-08-11T00:00:00.000Z,Price change,2023-07-26T00:00:00.000Z,Listed for sale,2010-12-28T00:00:00.000Z,Sold,,,,,,,,,,,,,,,,,,,,,,,,,,,,,,,,,,,,,,
"1403 Doris Dr, Searcy, AR 72143",1403 Doris Dr,Searcy,AR,,forRent,3,1540,,1560,17,https://www.zillow.com/homedetails/1403-Doris-Dr-Searcy-AR-72143/76257200_zpid/,,182000,2026-09-17T00:00:00.000Z,Listed for rent,2024-01-25T00:00:00.000Z,Listing removed,2024-01-16T00:00:00.000Z,Price change,2023-12-09T00:00:00.000Z,Listed for rent,2022-06-24T00:00:00.000Z,Contingent,2022-06-21T00:00:00.000Z,Sold,2022-05-12T00:00:00.000Z,Listed for sale,2022-05-03T00:00:00.000Z,Contingent,2022-05-03T00:00:00.000Z,Listed for sale,2022-05-01T00:00:00.000Z,Contingent,2022-04-26T00:00:00.000Z,Listed for sale,2018-07-16T00:00:00.000Z,Sold,2018-05-03T00:00:00.000Z,Listed for sale,,,,,,,,,,,,,,,,,,,,,,,,,,,,,,,,,,
"145 Jasmine Ct, Beebe, AR 72012",145 Jasmine Ct,Beebe,AR,,forRent,3,1633,,1195,75,https://www.zillow.com/homedetails/145-Jasmine-Ct-Beebe-AR-72012/457996827_zpid/,,,2026-10-02T00:00:00.000Z,Price change,2026-09-24T00:00:00.000Z,Price change,2026-09-01T00:00:00.000Z,Price change,2026-08-21T00:00:00.000Z,Price change,2026-07-16T00:00:00.000Z,Price change,2026-06-05T00:00:00.000Z,Listed for rent,2026-05-01T00:00:00.000Z,Listing removed,2026-04-15T00:00:00.000Z,Listed for rent,2026-02-28T00:00:00.000Z,Listing removed,2026-02-20T00:00:00.000Z,Price change,2026-02-11T00:00:00.000Z,Price change,2026-02-03T00:00:00.000Z,Price change,2026-01-30T00:00:00.000Z,Price change,2025-12-30T00:00:00.000Z,Price change,2025-12-15T00:00:00.000Z,Price change,2025-11-06T00:00:00.000Z,Listed for sale,,,,,,,,,,,,,,,,,,,,,,,,,,,,
"4623cr 745th, El Paso, AR 72045",4623cr 745th,El Paso,AR,,forRent,,,,,,https://www.zillow.com/b/4623cr-745th-el-paso-ar-CnGXZ5/,,,,,,,,,,,,,,,,,,,,,,,,,,,,,,,,,,,,,,,,,,,,,,,,,,,,,,,,,,,,,,
"97 Lelia Ln, Searcy, AR 72143",97 Lelia Ln,Searcy,AR,,forRent,3,1472,,1385,38,https://www.zillow.com/homedetails/97-Lelia-Ln-Searcy-AR-72143/76256799_zpid/,,125000,2026-09-22T00:00:00.000Z,Price change,2026-08-27T00:00:00.000Z,Listed for rent,2020-07-27T00:00:00.000Z,Sold,2005-07-01T00:00:00.000Z,Sold,,,,,,,,,,,,,,,,,,,,,,,,,,,,,,,,,,,,,,,,,,,,,,,,,,,,
"16 Meadowbrook Dr, Little Rock, AR 72205",16 Meadowbrook Dr,Little Rock,AR,,forRent,3,1633,,1800,19,https://www.zillow.com/homedetails/16-Meadowbrook-Dr-Little-Rock-AR-72205/346081_zpid/,,175600,2026-09-16T00:00:00.000Z,Listed for rent,2026-01-27T00:00:00.000Z,Listing removed,2025-12-15T00:00:00.000Z,Price change,2025-12-04T00:00:00.000Z,Price change,2025-12-01T00:00:00.000Z,Listed for rent,2023-09-18T00:00:00.000Z,Listing removed,2023-09-12T00:00:00.000Z,Sold,2023-09-05T00:00:00.000Z,Listed for rent,2021-03-08T00:00:00.000Z,Sold,2021-01-18T00:00:00.000Z,Price change,2020-10-19T00:00:00.000Z,Listed for sale,2019-04-29T00:00:00.000Z,Sold,2019-04-04T00:00:00.000Z,Pending sale,2019-03-28T00:00:00.000Z,Listed for sale,2019-03-23T00:00:00.000Z,Pending sale,2019-03-03T00:00:00.000Z,Listed for sale,2015-10-02T00:00:00.000Z,Sold,1997-07-01T00:00:00.000Z,Sold,,,,,,,,,,,,,,,,,,,,,,,,
"129 Coal Mountain Rd, El Paso, AR 72045",129 Coal Mountain Rd,El Paso,AR,,forRent,4,1559,,1995,25,https://www.zillow.com/homedetails/129-Coal-Mountain-Rd-El-Paso-AR-72045/465131395_zpid/,,,2026-10-02T00:00:00.000Z,Price change,2026-09-09T00:00:00.000Z,Listed for rent,,,,,,,,,,,,,,,,,,,,,,,,,,,,,,,,,,,,,,,,,,,,,,,,,,,,,,,,
"1202 N Holly St, Beebe, AR 72012",1202 N Holly St,Beebe,AR,,forRent,3,1485,,1250,47,https://www.zillow.com/homedetails/1202-N-Holly-St-Beebe-AR-72012/76264927_zpid/,,92000,2026-08-18T00:00:00.000Z,Listed for rent,2025-10-07T00:00:00.000Z,Listing removed,2025-06-03T00:00:00.000Z,Listed for rent,2023-12-22T00:00:00.000Z,Listing removed,2023-12-09T00:00:00.000Z,Price change,2023-11-28T00:00:00.000Z,Price change,2023-11-17T00:00:00.000Z,Listed for rent,2021-05-10T00:00:00.000Z,Sold,2021-03-16T00:00:00.000Z,Listed for sale,2017-06-23T00:00:00.000Z,Sold,,,,,,,,,,,,,,,,,,,,,,,,,,,,,,,,,,,,,,,,
"2914 Jadestone Dr, Sherwood, AR 72120",2914 Jadestone Dr,Sherwood,AR,,forRent,3,1400,,1745,13,https://www.zillow.com/homedetails/2914-Jadestone-Dr-Sherwood-AR-72120/79786298_zpid/,,123000,2026-09-21T00:00:00.000Z,Listed for rent,2012-02-23T00:00:00.000Z,Sold,2011-09-28T00:00:00.000Z,Price change,2011-08-10T00:00:00.000Z,Listed for sale,2011-04-15T00:00:00.000Z,Listing removed,2010-08-05T00:00:00.000Z,Sold,2010-07-01T00:00:00.000Z,Listed for sale,2004-11-30T00:00:00.000Z,Sold,2004-02-18T00:00:00.000Z,Sold,,,,,,,,,,,,,,,,,,,,,,,,,,,,,,,,,,,,,,,,,,
"(Undisclosed Address), Searcy, AR 72143",(Undisclosed Address),Searcy,AR,,forRent,3,1320,,1350,20,https://www.zillow.com/homedetails/Searcy-AR-72143/76258783_zpid/,,70000,2026-09-15T00:00:00.000Z,Listed for rent,2026-03-13T00:00:00.000Z,Listing removed,2026-03-06T00:00:00.000Z,Listed for rent,2023-07-11T00:00:00.000Z,Listing removed,2023-06-20T00:00:00.000Z,Listed for rent,2021-03-24T00:00:00.000Z,Listing removed,2019-07-27T00:00:00.000Z,Listing removed,2019-06-13T00:00:00.000Z,Listed for rent,2018-10-01T00:00:00.000Z,Listing removed,2018-09-17T00:00:00.000Z,Listed for rent,2017-07-07T00:00:00.000Z,Listing removed,2017-07-05T00:00:00.000Z,Listed for rent,2014-01-10T00:00:00.000Z,Sold,,,,,,,,,,,,,,,,,,,,,,,,,,,,,,,,,,
"18 Overlook Rd, Searcy, AR 72143",18 Overlook Rd,Searcy,AR,,forRent,3,1533,,1350,13,https://www.zillow.com/homedetails/18-Overlook-Rd-Searcy-AR-72143/76260332_zpid/,,135000,2026-09-21T00:00:00.000Z,Listed for rent,2024-02-28T00:00:00.000Z,Listing removed,2022-11-03T00:00:00.000Z,Listing removed,2022-10-25T00:00:00.000Z,Listed for rent,2022-09-20T00:00:00.000Z,Sold,2021-02-24T00:00:00.000Z,Listing removed,2021-01-12T00:00:00.000Z,Price change,2020-09-23T00:00:00.000Z,Price change,2020-09-11T00:00:00.000Z,Listed for sale,2016-09-30T00:00:00.000Z,Sold,,,,,,,,,,,,,,,,,,,,,,,,,,,,,,,,,,,,,,,,
"1808 W Center Ave, Searcy, AR 72143",1808 W Center Ave,Searcy,AR,,forRent,4,1770,,2000,4,https://www.zillow.com/homedetails/1808-W-Center-Ave-Searcy-AR-72143/76257902_zpid/,,145000,2026-10-01T00:00:00.000Z,Listed for rent,2026-06-01T00:00:00.000Z,Sold,2026-05-04T00:00:00.000Z,Contingent,2026-04-30T00:00:00.000Z,Listed for sale,2020-02-26T00:00:00.000Z,Sold,2019-12-17T00:00:00.000Z,Listed for sale,,,,,,,,,,,,,,,,,,,,,,,,,,,,,,,,,,,,,,,,,,,,,,,,
"182 Round Mountain Rd, El Paso, AR 72045",182 Round Mountain Rd,El Paso,AR,,forRent,4,,,2050,26,https://www.zillow.com/homedetails/182-Round-Mountain-Rd-El-Paso-AR-72045/348427181_zpid/,,,2026-09-09T00:00:00.000Z,Listed for rent,2024-09-18T00:00:00.000Z,Listing removed,2024-09-12T00:00:00.000Z,Listing removed,2024-08-15T00:00:00.000Z,Price change,2024-07-15T00:00:00.000Z,Listed for sale,2024-06-25T00:00:00.000Z,Price change,2024-06-24T00:00:00.000Z,Listed for rent,2024-06-24T00:00:00.000Z,Listing removed,2024-05-07T00:00:00.000Z,Price change,2024-05-01T00:00:00.000Z,Price change,2024-04-29T00:00:00.000Z,Price change,2024-04-23T00:00:00.000Z,Listed for rent,,,,,,,,,,,,,,,,,,,,,,,,,,,,,,,,,,,,
"103 Powder River Dr, Beebe, AR 72012",103 Powder River Dr,Beebe,AR,,forRent,4,1496,,1195,75,https://www.zillow.com/homedetails/103-Powder-River-Dr-Beebe-AR-72012/457323671_zpid/,,,2026-09-16T00:00:00.000Z,Price change,2026-09-01T00:00:00.000Z,Price change,2026-08-21T00:00:00.000Z,Price change,2026-08-03T00:00:00.000Z,Price change,2026-07-16T00:00:00.000Z,Price change,2026-06-05T00:00:00.000Z,Listed for rent,2026-05-01T00:00:00.000Z,Listing removed,2026-04-17T00:00:00.000Z,Listed for rent,2026-02-28T00:00:00.000Z,Listing removed,2026-02-26T00:00:00.000Z,Price change,2026-02-24T00:00:00.000Z,Listed for sale,2026-02-24T00:00:00.000Z,Listing removed,2026-02-09T00:00:00.000Z,Contingent,2026-02-03T00:00:00.000Z,Price change,2026-01-30T00:00:00.000Z,Price change,2026-01-26T00:00:00.000Z,Price change,2026-01-20T00:00:00.000Z,Price change,2026-01-12T00:00:00.000Z,Price change,2025-12-30T00:00:00.000Z,Price change,2025-12-16T00:00:00.000Z,Price change,2025-11-06T00:00:00.000Z,Price change,2025-11-05T00:00:00.000Z,Price change,2025-10-11T00:00:00.000Z,Listed for sale,,,,,,,,,,,,,,
"2106 Audley Bolton Dr, Searcy, AR 72143",2106 Audley Bolton Dr,Searcy,AR,,forRent,3,1395,,1750,1,https://www.zillow.com/homedetails/2106-Audley-Bolton-Dr-Searcy-AR-72143/76259551_zpid/,,177500,2026-10-03T00:00:00.000Z,Listed for rent,2026-04-08T00:00:00.000Z,Listing removed,2026-03-18T00:00:00.000Z,Listed for rent,2026-02-24T00:00:00.000Z,Sold,2026-01-27T00:00:00.000Z,Contingent,2026-01-21T00:00:00.000Z,Listed for sale,2011-10-12T00:00:00.000Z,Sold,1998-04-09T00:00:00.000Z,Sold,,,,,,,,,,,,,,,,,,,,,,,,,,,,,,,,,,,,,,,,,,,,
"25 Cedar Loop, Beebe, AR 72012",25 Cedar Loop,Beebe,AR,,forRent,3,1243,,1200,13,https://www.zillow.com/homedetails/25-Cedar-Loop-Beebe-AR-72012/91001015_zpid/,,249000,2026-09-21T00:00:00.000Z,Listed for rent,2026-07-06T00:00:00.000Z,Listing removed,2026-06-25T00:00:00.000Z,Listed for rent,2013-04-17T00:00:00.000Z,Sold,2013-03-05T00:00:00.000Z,Listed for sale,2005-09-06T00:00:00.000Z,Sold,,,,,,,,,,,,,,,,,,,,,,,,,,,,,,,,,,,,,,,,,,,,,,,,
"1111 Green Meadows Dr, Beebe, AR 72012",1111 Green Meadows Dr,Beebe,AR,,forRent,3,1050,,1095,25,https://www.zillow.com/homedetails/1111-Green-Meadows-Dr-Beebe-AR-72012/112947926_zpid/,,5000,2026-10-01T00:00:00.000Z,Price change,2026-09-09T00:00:00.000Z,Listed for rent,2024-07-29T00:00:00.000Z,Listing removed,2024-07-10T00:00:00.000Z,Listed for rent,2021-12-03T00:00:00.000Z,Sold,2009-05-08T00:00:00.000Z,Sold,2009-03-18T00:00:00.000Z,Sold,2005-12-20T00:00:00.000Z,Sold,,,,,,,,,,,,,,,,,,,,,,,,,,,,,,,,,,,,,,,,,,,,
"18 Sherwood Loop, Searcy, AR 72143",18 Sherwood Loop,Searcy,AR,,forRent,3,1480,,1550,2,https://www.zillow.com/homedetails/18-Sherwood-Loop-Searcy-AR-72143/76260432_zpid/,,174000,2026-10-03T00:00:00.000Z,Listed for rent,2026-09-23T00:00:00.000Z,Sold,2026-09-22T00:00:00.000Z,Contingent,2026-08-11T00:00:00.000Z,Listed for sale,2026-08-11T00:00:00.000Z,Listing removed,2026-07-26T00:00:00.000Z,Price change,2026-07-24T00:00:00.000Z,Listed for sale,2016-05-31T00:00:00.000Z,Sold,2015-09-08T00:00:00.000Z,Sold,2007-10-09T00:00:00.000Z,Sold,,,,,,,,,,,,,,,,,,,,,,,,,,,,,,,,,,,,,,,,
"115 River Oaks Blvd, Searcy, AR 72143",115 River Oaks Blvd,Searcy,AR,,forRent,3,1300,,1300,2,https://www.zillow.com/homedetails/115-River-Oaks-Blvd-Searcy-AR-72143/90997326_zpid/,,156000,2026-10-02T00:00:00.000Z,Listed for rent,2026-09-30T00:00:00.000Z,Sold,2026-09-30T00:00:00.000Z,Contingent,2026-06-01T00:00:00.000Z,Price change,2026-05-05T00:00:00.000Z,Listed for sale,,,,,,,,,,,,,,,,,,,,,,,,,,,,,,,,,,,,,,,,,,,,,,,,,,
"612 Brookhaven Ct, Jacksonville, AR 72076",612 Brookhaven Ct,Jacksonville,AR,,forRent,3,1200,,1450,66,https://www.zillow.com/homedetails/612-Brookhaven-Ct-Jacksonville-AR-72076/269803_zpid/,,124900,2026-07-31T00:00:00.000Z,Listed for rent,2023-03-27T00:00:00.000Z,Listing removed,2023-03-21T00:00:00.000Z,Price change,2023-03-14T00:00:00.000Z,Price change,2023-03-09T00:00:00.000Z,Price change,2023-03-02T00:00:00.000Z,Listed for rent,2019-11-19T00:00:00.000Z,Sold,2019-11-07T00:00:00.000Z,Listing removed,2019-10-29T00:00:00.000Z,Price change,2019-09-20T00:00:00.000Z,Price change,2019-06-05T00:00:00.000Z,Listed for rent,2019-05-30T00:00:00.000Z,Sold,2019-04-03T00:00:00.000Z,Price change,2019-02-05T00:00:00.000Z,Listed for sale,2014-02-03T00:00:00.000Z,Sold,2007-09-19T00:00:00.000Z,Sold,2003-07-08T00:00:00.000Z,Sold,,,,,,,,,,,,,,,,,,,,,,,,,,
"404 N Lemon St, Beebe, AR 72012",404 N Lemon St,Beebe,AR,,forRent,3,1120,,1400,61,https://www.zillow.com/homedetails/404-N-Lemon-St-Beebe-AR-72012/91000477_zpid/,,135000,2026-09-03T00:00:00.000Z,Price change,2026-08-28T00:00:00.000Z,Price change,2026-08-06T00:00:00.000Z,Price change,2026-08-04T00:00:00.000Z,Listed for rent,2023-12-07T00:00:00.000Z,Sold,2023-11-08T00:00:00.000Z,Contingent,2023-10-16T00:00:00.000Z,Listed for sale,2023-06-30T00:00:00.000Z,Sold,2023-06-05T00:00:00.000Z,Contingent,2023-06-01T00:00:00.000Z,Listed for sale,2005-02-22T00:00:00.000Z,Sold,,,,,,,,,,,,,,,,,,,,,,,,,,,,,,,,,,,,,,
"109 Maryland Ln, Jacksonville, AR 72076",109 Maryland Ln,Jacksonville,AR,,forRent,3,1201,,1169,52,https://www.zillow.com/homedetails/109-Maryland-Ln-Jacksonville-AR-72076/464516793_zpid/,,,2026-08-13T00:00:00.000Z,Listed for rent,,,,,,,,,,,,,,,,,,,,,,,,,,,,,,,,,,,,,,,,,,,,,,,,,,,,,,,,,,
"127 Dugger Rd, Beebe, AR 72012",127 Dugger Rd,Beebe,AR,,forRent,4,1996,,1750,5,https://www.zillow.com/homedetails/127-Dugger-Rd-Beebe-AR-72012/98932700_zpid/,,115000,2026-08-20T00:00:00.000Z,Listed for rent,2026-06-01T00:00:00.000Z,Listing removed,2026-03-27T00:00:00.000Z,Price change,2026-02-27T00:00:00.000Z,Price change,2026-02-13T00:00:00.000Z,Price change,2026-01-30T00:00:00.000Z,Price change,2026-01-05T00:00:00.000Z,Price change,2025-12-02T00:00:00.000Z,Listed for sale,2014-11-26T00:00:00.000Z,Sold,2014-10-02T00:00:00.000Z,Price change,2014-08-26T00:00:00.000Z,Price change,2014-07-02T00:00:00.000Z,Price change,2014-06-23T00:00:00.000Z,Price change,2014-02-13T00:00:00.000Z,Listed for sale,2012-12-15T00:00:00.000Z,Listing removed,2012-12-06T00:00:00.000Z,Listed for sale,2012-08-17T00:00:00.000Z,Listing removed,2012-06-16T00:00:00.000Z,Listed for sale,2009-06-25T00:00:00.000Z,Sold,,,,,,,,,,,,,,,,,,,,,,
"7 Fernhill Pl, Searcy, AR 72143",7 Fernhill Pl,Searcy,AR,,forRent,5,2110,,1650,17,https://www.zillow.com/homedetails/7-Fernhill-Pl-Searcy-AR-72143/76259228_zpid/,,57000,2026-09-18T00:00:00.000Z,Listed for rent,2025-11-21T00:00:00.000Z,Listing removed,2025-10-17T00:00:00.000Z,Listed for rent,2022-04-23T00:00:00.000Z,Listing removed,2022-04-20T00:00:00.000Z,Listed for rent,2021-08-19T00:00:00.000Z,Listing removed,2021-06-27T00:00:00.000Z,Listed for sale,1999-08-17T00:00:00.000Z,Sold,1992-11-01T00:00:00.000Z,Sold,,,,,,,,,,,,,,,,,,,,,,,,,,,,,,,,,,,,,,,,,,
"7115 Mabelvale Cut Off Rd, Little Rock, AR 72209",7115 Mabelvale Cut Off Rd,Little Rock,AR,,forRent,3,1465,,1495,47,https://www.zillow.com/homedetails/7115-Mabelvale-Cut-Off-Rd-Little-Rock-AR-72209/2060689031_zpid/,,79500,2026-09-22T00:00:00.000Z,Listing removed,2026-08-20T00:00:00.000Z,Listed for rent,2026-08-04T00:00:00.000Z,Price change,2026-07-15T00:00:00.000Z,Price change,2026-07-07T00:00:00.000Z,Listed for sale,2025-09-26T00:00:00.000Z,Listing removed,2025-09-05T00:00:00.000Z,Listed for rent,2023-02-21T00:00:00.000Z,Sold,2023-02-07T00:00:00.000Z,Contingent,2023-02-01T00:00:00.000Z,Listed for sale,2022-12-16T00:00:00.000Z,Listing removed,2022-11-17T00:00:00.000Z,Price change,2022-09-28T00:00:00.000Z,Price change,2022-08-16T00:00:00.000Z,Price change,2022-06-10T00:00:00.000Z,Listed for sale,,,,,,,,,,,,,,,,,,,,,,,,,,,,,,
"125 Coal Mountain Rd, El Paso, AR 72045",125 Coal Mountain Rd,El Paso,AR,,forRent,3,1504,,1895,2,https://www.zillow.com/homedetails/125-Coal-Mountain-Rd-El-Paso-AR-72045/464262651_zpid/,,,2026-10-02T00:00:00.000Z,Listed for rent,2026-09-30T00:00:00.000Z,Listing removed,2026-07-31T00:00:00.000Z,Listed for rent,,,,,,,,,,,,,,,,,,,,,,,,,,,,,,,,,,,,,,,,,,,,,,,,,,,,,,
"154 Hayden Dr, Beebe, AR 72012",154 Hayden Dr,Beebe,AR,,forRent,4,1825,,1900,34,https://www.zillow.com/homedetails/154-Hayden-Dr-Beebe-AR-72012/2067739333_zpid/,,25000,2026-08-31T00:00:00.000Z,Listed for rent,2026-05-06T00:00:00.000Z,Listing removed,2026-04-07T00:00:00.000Z,Listed for rent,2025-04-07T00:00:00.000Z,Listing removed,2025-04-03T00:00:00.000Z,Listed for rent,2023-03-14T00:00:00.000Z,Listing removed,2023-03-09T00:00:00.000Z,Listed for rent,2022-05-25T00:00:00.000Z,Sold,2022-04-05T00:00:00.000Z,Contingent,2021-10-29T00:00:00.000Z,Listed for sale,,,,,,,,,,,,,,,,,,,,,,,,,,,,,,,,,,,,,,,,
"102 Southfork Dr, Beebe, AR 72012",102 Southfork Dr,Beebe,AR,,forRent,,,,,,https://www.zillow.com/b/102-southfork-dr-beebe-ar-CnyDXg/,,,,,,,,,,,,,,,,,,,,,,,,,,,,,,,,,,,,,,,,,,,,,,,,,,,,,,,,,,,,,,
"601 W Wilbur D Mills Ave, Kensett, AR 72082",601 W Wilbur D Mills Ave,Kensett,AR,,forRent,3,,,1095,32,https://www.zillow.com/homedetails/601-W-Wilbur-D-Mills-Ave-Kensett-AR-72082/453583501_zpid/,,,2026-09-02T00:00:00.000Z,Listed for rent,2025-09-26T00:00:00.000Z,Listing removed,2025-09-06T00:00:00.000Z,Listed for rent,2025-08-29T00:00:00.000Z,Listing removed,2025-08-26T00:00:00.000Z,Price change,2025-08-07T00:00:00.000Z,Price change,2025-06-20T00:00:00.000Z,Listed for rent,,,,,,,,,,,,,,,,,,,,,,,,,,,,,,,,,,,,,,,,,,,,,,
"11 British Colonial Dr, Little Rock, AR 72206",11 British Colonial Dr,Little Rock,AR,,forRent,4,1559,,2095,21,https://www.zillow.com/homedetails/11-British-Colonial-Dr-Little-Rock-AR-72206/99436999_zpid/,,1500,2026-10-01T00:00:00.000Z,Price change,2026-09-23T00:00:00.000Z,Price change,2026-09-14T00:00:00.000Z,Listed for rent,2021-09-28T00:00:00.000Z,Sold,2016-08-30T00:00:00.000Z,Sold,2008-03-28T00:00:00.000Z,Sold,2003-04-30T00:00:00.000Z,Sold,,,,,,,,,,,,,,,,,,,,,,,,,,,,,,,,,,,,,,,,,,,,,,
"1215 W 25th St, North Little Rock, AR 72114",1215 W 25th St,North Little Rock,AR,,forRent,3,1341,,1150,28,https://www.zillow.com/homedetails/1215-W-25th-St-North-Little-Rock-AR-72114/303035_zpid/,,3500,2026-09-29T00:00:00.000Z,Price change,2026-09-07T00:00:00.000Z,Listed for rent,2024-02-22T00:00:00.000Z,Listing removed,2024-02-07T00:00:00.000Z,Price change,2024-01-04T00:00:00.000Z,Listed for rent,2023-04-14T00:00:00.000Z,Listing removed,2023-04-07T00:00:00.000Z,Price change,2023-03-27T00:00:00.000Z,Listed for rent,2022-03-29T00:00:00.000Z,Listing removed,2022-03-10T00:00:00.000Z,Listed for rent,2020-05-12T00:00:00.000Z,Sold,,,,,,,,,,,,,,,,,,,,,,,,,,,,,,,,,,,,,,
"1506 Alberta Dr, Little Rock, AR 72227",1506 Alberta Dr,Little Rock,AR,,forRent,3,2430,,1850,24,https://www.zillow.com/homedetails/1506-Alberta-Dr-Little-Rock-AR-72227/340998_zpid/,,300004,2026-09-15T00:00:00.000Z,Listing removed,2026-09-10T00:00:00.000Z,Listed for rent,2026-09-09T00:00:00.000Z,Listing removed,2026-07-14T00:00:00.000Z,Listed for sale,2026-07-12T00:00:00.000Z,Listing removed,2026-06-17T00:00:00.000Z,Listed for rent,2026-06-15T00:00:00.000Z,Price change,2026-04-17T00:00:00.000Z,Price change,2026-01-21T00:00:00.000Z,Listed for sale,2026-01-13T00:00:00.000Z,Listing removed,2026-01-02T00:00:00.000Z,Listed for rent,2024-03-15T00:00:00.000Z,Listing removed,2024-03-05T00:00:00.000Z,Price change,2024-02-09T00:00:00.000Z,Price change,2024-01-04T00:00:00.000Z,Listed for rent,2023-11-28T00:00:00.000Z,Sold,2023-09-14T00:00:00.000Z,Pending sale,2023-06-28T00:00:00.000Z,Listed for sale,2023-04-04T00:00:00.000Z,Listing removed,2023-03-08T00:00:00.000Z,Price change,2023-01-17T00:00:00.000Z,Price change,2022-12-06T00:00:00.000Z,Listed for sale,2021-05-19T00:00:00.000Z,Sold,2013-04-15T00:00:00.000Z,Sold,2004-01-14T00:00:00.000Z,Sold,,,,,,,,,,
"114 W G Ave, North Little Rock, AR 72116",114 W G Ave,North Little Rock,AR,,forRent,3,1380,,1350,28,https://www.zillow.com/homedetails/114-W-G-Ave-North-Little-Rock-AR-72116/293391_zpid/,,164481,2026-09-06T00:00:00.000Z,Listed for rent,2019-06-11T00:00:00.000Z,Listing removed,2019-06-01T00:00:00.000Z,Listed for rent,2018-08-13T00:00:00.000Z,Listing removed,2018-07-12T00:00:00.000Z,Listed for rent,2014-10-31T00:00:00.000Z,Sold,2014-04-02T00:00:00.000Z,Sold,,,,,,,,,,,,,,,,,,,,,,,,,,,,,,,,,,,,,,,,,,,,,,
"2408 Loop Acres Dr, Jacksonville, AR 72076",2408 Loop Acres Dr,Jacksonville,AR,,forRent,4,1150,,1510,11,https://www.zillow.com/homedetails/2408-Loop-Acres-Dr-Jacksonville-AR-72076/2055953462_zpid/,,,2026-09-23T00:00:00.000Z,Listed for rent,2024-11-25T00:00:00.000Z,Listing removed,2024-10-09T00:00:00.000Z,Listed for rent,2023-09-21T00:00:00.000Z,Listing removed,2023-08-17T00:00:00.000Z,Listed for rent,,,,,,,,,,,,,,,,,,,,,,,,,,,,,,,,,,,,,,,,,,,,,,,,,,
"212 Rice St, Little Rock, AR 72205",212 Rice St,Little Rock,AR,,forRent,3,1442,,1495,47,https://www.zillow.com/homedetails/212-Rice-St-Little-Rock-AR-72205/82831077_zpid/,,127500,2026-09-25T00:00:00.000Z,Price change,2026-08-18T00:00:00.000Z,Listed for rent,2026-08-17T00:00:00.000Z,Listing removed,2026-06-06T00:00:00.000Z,Listed for sale,2025-05-02T00:00:00.000Z,Listing removed,2025-03-25T00:00:00.000Z,Price change,2025-03-20T00:00:00.000Z,Listed for rent,2025-03-04T00:00:00.000Z,Listing removed,2025-01-21T00:00:00.000Z,Listed for sale,2025-01-16T00:00:00.000Z,Contingent,2025-01-09T00:00:00.000Z,Price change,2024-12-31T00:00:00.000Z,Price change,2024-11-17T00:00:00.000Z,Listed for sale,2024-09-24T00:00:00.000Z,Listing removed,2024-09-18T00:00:00.000Z,Price change,2024-08-09T00:00:00.000Z,Price change,2024-07-21T00:00:00.000Z,Listed for sale,2024-07-19T00:00:00.000Z,Listing removed,2024-06-25T00:00:00.000Z,Price change,2024-05-31T00:00:00.000Z,Listed for sale,2024-03-20T00:00:00.000Z,Sold,2024-01-31T00:00:00.000Z,Listed for sale,2023-09-27T00:00:00.000Z,Listing removed,2023-08-15T00:00:00.000Z,Price change,2023-07-19T00:00:00.000Z,Listed for sale,2012-11-15T00:00:00.000Z,Sold,,,,,,,,
"8915 Longacre Dr, Little Rock, AR 72205",8915 Longacre Dr,Little Rock,AR,,forRent,3,1000,,900,6,https://www.zillow.com/homedetails/8915-Longacre-Dr-Little-Rock-AR-72205/345700_zpid/,,0,2026-09-28T00:00:00.000Z,Listed for rent,2015-10-03T00:00:00.000Z,Sold,,,,,,,,,,,,,,,,,,,,,,,,,,,,,,,,,,,,,,,,,,,,,,,,,,,,,,,,
"2707 S Cumberland St, Little Rock, AR 72206",2707 S Cumberland St,Little Rock,AR,,forRent,4,1008,,1510,30,https://www.zillow.com/homedetails/2707-S-Cumberland-St-Little-Rock-AR-72206/465074992_zpid/,,,2026-09-05T00:00:00.000Z,Listed for rent,,,,,,,,,,,,,,,,,,,,,,,,,,,,,,,,,,,,,,,,,,,,,,,,,,,,,,,,,,
"1707 Parker St, North Little Rock, AR 72114",1707 Parker St,North Little Rock,AR,,forRent,3,1008,,995,17,https://www.zillow.com/homedetails/1707-Parker-St-North-Little-Rock-AR-72114/303561_zpid/,,45000,2026-09-17T00:00:00.000Z,Listed for rent,2025-01-17T00:00:00.000Z,Listing removed,2025-01-11T00:00:00.000Z,Listed for rent,2022-03-08T00:00:00.000Z,Listing removed,2022-03-03T00:00:00.000Z,Price change,2021-12-16T00:00:00.000Z,Listed for rent,2020-11-02T00:00:00.000Z,Sold,2013-07-19T00:00:00.000Z,Sold,,,,,,,,,,,,,,,,,,,,,,,,,,,,,,,,,,,,,,,,,,,,
"309 Sparrow Rd, Jacksonville, AR 72076",309 Sparrow Rd,Jacksonville,AR,,forRent,3,,,1700,26,https://www.zillow.com/homedetails/309-Sparrow-Rd-Jacksonville-AR-72076/99435181_zpid/,,,2026-09-09T00:00:00.000Z,Listed for rent,2022-06-17T00:00:00.000Z,Listing removed,2022-06-01T00:00:00.000Z,Listed for sale,2022-05-01T00:00:00.000Z,Listing removed,2022-01-07T00:00:00.000Z,Listed for sale,,,,,,,,,,,,,,,,,,,,,,,,,,,,,,,,,,,,,,,,,,,,,,,,,,
"7817 Powell Dr, Sherwood, AR 72120",7817 Powell Dr,Sherwood,AR,,forRent,3,1560,,1545,6,https://www.zillow.com/homedetails/7817-Powell-Dr-Sherwood-AR-72120/280547_zpid/,,139250,2026-09-28T00:00:00.000Z,Listed for rent,2024-09-12T00:00:00.000Z,Listing removed,2024-08-16T00:00:00.000Z,Listed for rent,2023-07-29T00:00:00.000Z,Listing removed,2023-06-16T00:00:00.000Z,Listed for rent,2021-11-05T00:00:00.000Z,Listing removed,2021-10-26T00:00:00.000Z,Price change,2021-10-21T00:00:00.000Z,Price change,2021-10-04T00:00:00.000Z,Listed for rent,2021-08-16T00:00:00.000Z,Sold,2021-07-24T00:00:00.000Z,Listed for sale,2015-07-28T00:00:00.000Z,Sold,2014-04-02T00:00:00.000Z,Sold,2007-02-09T00:00:00.000Z,Sold,2006-04-21T00:00:00.000Z,Sold,,,,,,,,,,,,,,,,,,,,,,,,,,,,,,
"501 W 24th St, North Little Rock, AR 72114",501 W 24th St,North Little Rock,AR,,forRent,3,1498,,1295,26,https://www.zillow.com/homedetails/501-W-24th-St-North-Little-Rock-AR-72114/302503_zpid/,,144900,2026-09-09T00:00:00.000Z,Listed for rent,2026-01-06T00:00:00.000Z,Sold,2025-08-14T00:00:00.000Z,Listing removed,2025-07-10T00:00:00.000Z,Price change,2025-07-04T00:00:00.000Z,Listed for rent,2025-03-28T00:00:00.000Z,Sold,2014-07-18T00:00:00.000Z,Sold,2012-03-27T00:00:00.000Z,Sold,1997-02-24T00:00:00.000Z,Sold,,,,,,,,,,,,,,,,,,,,,,,,,,,,,,,,,,,,,,,,,,
"8006 Illinois St, Little Rock, AR 72227",8006 Illinois St,Little Rock,AR,,forRent,3,1514,,1750,41,https://www.zillow.com/homedetails/8006-Illinois-St-Little-Rock-AR-72227/335600_zpid/,,172000,2026-08-24T00:00:00.000Z,Listed for rent,2025-05-15T00:00:00.000Z,Listing removed,2025-04-24T00:00:00.000Z,Listed for rent,2024-01-08T00:00:00.000Z,Listing removed,2023-12-06T00:00:00.000Z,Listed for rent,2021-12-22T00:00:00.000Z,Listing removed,2021-12-16T00:00:00.000Z,Listed for rent,2021-10-22T00:00:00.000Z,Sold,2021-09-27T00:00:00.000Z,Contingent,2021-09-23T00:00:00.000Z,Listed for sale,2014-08-28T00:00:00.000Z,Sold,2010-10-21T00:00:00.000Z,Sold,,,,,,,,,,,,,,,,,,,,,,,,,,,,,,,,,,,,
"504 Reba Ln, Jacksonville, AR 72076",504 Reba Ln,Jacksonville,AR,,forRent,3,1305,,1715,45,https://www.zillow.com/homedetails/504-Reba-Ln-Jacksonville-AR-72076/452681115_zpid/,,,2026-08-21T00:00:00.000Z,Listed for rent,2025-09-22T00:00:00.000Z,Listing removed,2025-09-03T00:00:00.000Z,Listed for rent,2025-06-04T00:00:00.000Z,Listing removed,2025-05-28T00:00:00.000Z,Listed for rent,,,,,,,,,,,,,,,,,,,,,,,,,,,,,,,,,,,,,,,,,,,,,,,,,,
"208 Sierra Madre Dr, North Little Rock, AR 72118",208 Sierra Madre Dr,North Little Rock,AR,,forRent,3,1760,,995,10,https://www.zillow.com/homedetails/208-Sierra-Madre-Dr-North-Little-Rock-AR-72118/82843924_zpid/,,109900,2026-09-25T00:00:00.000Z,Listed for rent,2024-06-08T00:00:00.000Z,Listing removed,2024-05-10T00:00:00.000Z,Listed for rent,2019-09-27T00:00:00.000Z,Sold,,,,,,,,,,,,,,,,,,,,,,,,,,,,,,,,,,,,,,,,,,,,,,,,,,,,
"1510 Park Ln, Little Rock, AR 72202",1510 Park Ln,Little Rock,AR,,forRent,3,1284,,1800,18,https://www.zillow.com/homedetails/1510-Park-Ln-Little-Rock-AR-72202/306938_zpid/,,75000,2026-09-16T00:00:00.000Z,Listed for rent,2026-09-16T00:00:00.000Z,Listing removed,2026-09-16T00:00:00.000Z,Price change,2026-08-14T00:00:00.000Z,Price change,2026-07-14T00:00:00.000Z,Listed for rent,2023-03-15T00:00:00.000Z,Listing removed,2023-01-18T00:00:00.000Z,Price change,2022-11-03T00:00:00.000Z,Listed for rent,2020-08-14T00:00:00.000Z,Listing removed,2020-07-30T00:00:00.000Z,Listed for rent,2019-09-19T00:00:00.000Z,Sold,2015-05-08T00:00:00.000Z,Sold,2011-03-08T00:00:00.000Z,Sold,,,,,,,,,,,,,,,,,,,,,,,,,,,,,,,,,,
"4304 Ludwig St, Little Rock, AR 72204",4304 Ludwig St,Little Rock,AR,,forRent,3,800,,895,30,https://www.zillow.com/homedetails/4304-Ludwig-St-Little-Rock-AR-72204/352937_zpid/,,47000,2026-09-04T00:00:00.000Z,Listed for rent,2023-03-06T00:00:00.000Z,Listing removed,2023-03-02T00:00:00.000Z,Listed for rent,2022-02-03T00:00:00.000Z,Listing removed,2022-01-26T00:00:00.000Z,Listed for rent,2021-05-20T00:00:00.000Z,Sold,2021-05-04T00:00:00.000Z,Listed for sale,,,,,,,,,,,,,,,,,,,,,,,,,,,,,,,,,,,,,,,,,,,,,,
"101 Sparrow Rd, Jacksonville, AR 72076",101 Sparrow Rd,Jacksonville,AR,,forRent,3,,,1625,30,https://www.zillow.com/homedetails/101-Sparrow-Rd-Jacksonville-AR-72076/99440058_zpid/,,229000,2026-09-05T00:00:00.000Z,Listed for rent,2024-04-19T00:00:00.000Z,Sold,2024-03-05T00:00:00.000Z,Listing removed,2024-02-01T00:00:00.000Z,Listed for rent,2022-06-17T00:00:00.000Z,Listing removed,2022-01-07T00:00:00.000Z,Listed for sale,2021-08-01T00:00:00.000Z,Listing removed,2021-01-26T00:00:00.000Z,Listed for sale,,,,,,,,,,,,,,,,,,,,,,,,,,,,,,,,,,,,,,,,,,,,
"5325 B St, Little Rock, AR 72205",5325 B St,Little Rock,AR,,forRent,3,1325,,1525,36,https://www.zillow.com/homedetails/5325-B-St-Little-Rock-AR-72205/310473_zpid/,,25000,2026-09-23T00:00:00.000Z,Price change,2026-08-29T00:00:00.000Z,Listed for rent,2026-06-18T00:00:00.000Z,Listing removed,2026-05-04T00:00:00.000Z,Price change,2026-03-17T00:00:00.000Z,Price change,2026-01-19T00:00:00.000Z,Listed for sale,2025-12-30T00:00:00.000Z,Listing removed,2025-11-16T00:00:00.000Z,Listed for rent,2013-10-25T00:00:00.000Z,Sold,2012-04-12T00:00:00.000Z,Sold,2010-04-08T00:00:00.000Z,Listing removed,2010-03-04T00:00:00.000Z,Price change,2010-02-12T00:00:00.000Z,Price change,2010-01-24T00:00:00.000Z,Listed for sale,2005-02-24T00:00:00.000Z,Sold,,,,,,,,,,,,,,,,,,,,,,,,,,,,,,
"6609 Sandpiper Dr, Little Rock, AR 72205",6609 Sandpiper Dr,Little Rock,AR,,forRent,3,1502,,1525,31,https://www.zillow.com/homedetails/6609-Sandpiper-Dr-Little-Rock-AR-72205/344854_zpid/,,106000,2026-09-08T00:00:00.000Z,Listing removed,2026-09-03T00:00:00.000Z,Listed for rent,2026-08-14T00:00:00.000Z,Listing removed,2026-08-10T00:00:00.000Z,Listed for sale,2026-07-22T00:00:00.000Z,Listed for rent,2024-12-10T00:00:00.000Z,Listing removed,2024-12-03T00:00:00.000Z,Listing removed,2024-11-27T00:00:00.000Z,Listed for rent,2024-10-25T00:00:00.000Z,Price change,2024-10-03T00:00:00.000Z,Listed for sale,2022-10-19T00:00:00.000Z,Listed for rent,2021-03-16T00:00:00.000Z,Sold,2015-09-23T00:00:00.000Z,Sold,2014-10-21T00:00:00.000Z,Sold,2014-07-07T00:00:00.000Z,Listing removed,2014-06-15T00:00:00.000Z,Listed for sale,,,,,,,,,,,,,,,,,,,,,,,,,,,,
"2213 Reveille Cir, Jacksonville, AR 72076",2213 Reveille Cir,Jacksonville,AR,,forRent,3,1889,,2000,40,https://www.zillow.com/homedetails/2213-Reveille-Cir-Jacksonville-AR-72076/99399202_zpid/,,275000,2026-08-25T00:00:00.000Z,Listed for rent,2023-09-29T00:00:00.000Z,Contingent,2023-09-28T00:00:00.000Z,Sold,2023-07-31T00:00:00.000Z,Price change,2023-06-24T00:00:00.000Z,Listed for sale,2022-06-01T00:00:00.000Z,Contingent,2022-05-31T00:00:00.000Z,Sold,2022-04-15T00:00:00.000Z,Listed for sale,2022-04-12T00:00:00.000Z,Contingent,2022-04-08T00:00:00.000Z,Listed for sale,2021-05-15T00:00:00.000Z,Listing removed,2021-05-09T00:00:00.000Z,Listed for sale,2019-06-16T00:00:00.000Z,Listing removed,2019-06-07T00:00:00.000Z,Listed for rent,2017-05-17T00:00:00.000Z,Listing removed,2017-05-12T00:00:00.000Z,Price change,2017-04-24T00:00:00.000Z,Listed for rent,2014-04-08T00:00:00.000Z,Listing removed,2014-01-22T00:00:00.000Z,Price change,2013-12-28T00:00:00.000Z,Price change,2013-12-18T00:00:00.000Z,Price change,2013-12-10T00:00:00.000Z,Price change,2013-11-14T00:00:00.000Z,Listed for rent,2011-01-27T00:00:00.000Z,Sold,,,,,,,,,,,,
"612 Timberline Rd, Jacksonville, AR 72076",612 Timberline Rd,Jacksonville,AR,,forRent,3,1305,,1715,45,https://www.zillow.com/homedetails/612-Timberline-Rd-Jacksonville-AR-72076/456578748_zpid/,,,2026-08-21T00:00:00.000Z,Listed for rent,2025-11-07T00:00:00.000Z,Listing removed,2025-10-07T00:00:00.000Z,Listed for rent,2025-10-07T00:00:00.000Z,Listing removed,2025-09-23T00:00:00.000Z,Price change,2025-09-09T00:00:00.000Z,Listed for rent,,,,,,,,,,,,,,,,,,,,,,,,,,,,,,,,,,,,,,,,,,,,,,,,
"12 Bertwood Dr, Little Rock, AR 72205",12 Bertwood Dr,Little Rock,AR,,forRent,3,1392,,1850,70,https://www.zillow.com/homedetails/12-Bertwood-Dr-Little-Rock-AR-72205/344438_zpid/,,377500,2026-09-11T00:00:00.000Z,Price change,2026-07-26T00:00:00.000Z,Listed for rent,2024-09-13T00:00:00.000Z,Listing removed,2024-01-25T00:00:00.000Z,Listing removed,2024-01-25T00:00:00.000Z,Listed for rent,2018-01-19T00:00:00.000Z,Listing removed,2017-12-19T00:00:00.000Z,Listed for sale,2015-09-25T00:00:00.000Z,Sold,2003-10-06T00:00:00.000Z,Sold,,,,,,,,,,,,,,,,,,,,,,,,,,,,,,,,,,,,,,,,,,
"628 Timberline Rd, Jacksonville, AR 72076",628 Timberline Rd,Jacksonville,AR,,forRent,3,1305,,1700,27,https://www.zillow.com/homedetails/628-Timberline-Rd-Jacksonville-AR-72076/456660940_zpid/,,,2026-09-08T00:00:00.000Z,Listed for rent,2025-10-17T00:00:00.000Z,Listing removed,2025-09-12T00:00:00.000Z,Listed for rent,,,,,,,,,,,,,,,,,,,,,,,,,,,,,,,,,,,,,,,,,,,,,,,,,,,,,,
"133 Montana Cir, Jacksonville, AR 72076",133 Montana Cir,Jacksonville,AR,,forRent,4,1391,,1419,52,https://www.zillow.com/homedetails/133-Montana-Cir-Jacksonville-AR-72076/464518019_zpid/,,,2026-08-13T00:00:00.000Z,Listed for rent,,,,,,,,,,,,,,,,,,,,,,,,,,,,,,,,,,,,,,,,,,,,,,,,,,,,,,,,,,
"12825 Westglen Dr, Little Rock, AR 72211",12825 Westglen Dr,Little Rock,AR,,forRent,3,1760,,2000,32,https://www.zillow.com/homedetails/12825-Westglen-Dr-Little-Rock-AR-72211/35735309_zpid/,,224900,2026-09-28T00:00:00.000Z,Price change,2026-09-02T00:00:00.000Z,Listed for rent,2026-05-15T00:00:00.000Z,Sold,2026-05-12T00:00:00.000Z,Contingent,2026-04-13T00:00:00.000Z,Listed for sale,2026-03-18T00:00:00.000Z,Listing removed,2026-02-07T00:00:00.000Z,Price change,2026-01-19T00:00:00.000Z,Price change,2025-10-10T00:00:00.000Z,Price change,2025-08-18T00:00:00.000Z,Price change,2025-08-10T00:00:00.000Z,Listed for sale,2025-08-09T00:00:00.000Z,Listing removed,2025-07-27T00:00:00.000Z,Price change,2025-07-06T00:00:00.000Z,Price change,2025-06-17T00:00:00.000Z,Listed for sale,2009-07-05T00:00:00.000Z,Listing removed,2009-02-13T00:00:00.000Z,Price change,2008-07-16T00:00:00.000Z,Listed for sale,2007-08-23T00:00:00.000Z,Sold,2002-04-25T00:00:00.000Z,Sold,2001-10-01T00:00:00.000Z,Sold,,,,,,,,,,,,,,,,,,
"1608 Johnson St, Jacksonville, AR 72076",1608 Johnson St,Jacksonville,AR,,forRent,3,1421,,1375,17,https://www.zillow.com/homedetails/1608-Johnson-St-Jacksonville-AR-72076/263484_zpid/,,97500,2026-09-17T00:00:00.000Z,Listed for rent,2025-09-18T00:00:00.000Z,Listing removed,2025-09-10T00:00:00.000Z,Price change,2025-09-03T00:00:00.000Z,Price change,2025-08-27T00:00:00.000Z,Price change,2025-08-20T00:00:00.000Z,Price change,2025-08-06T00:00:00.000Z,Price change,2025-07-25T00:00:00.000Z,Listed for rent,2021-05-13T00:00:00.000Z,Listing removed,2021-04-30T00:00:00.000Z,Listed for rent,2021-02-04T00:00:00.000Z,Sold,2021-01-12T00:00:00.000Z,Contingent,2021-01-10T00:00:00.000Z,Listed for sale,2010-10-01T00:00:00.000Z,Sold,2001-05-04T00:00:00.000Z,Sold,,,,,,,,,,,,,,,,,,,,,,,,,,,,,,
"625 Captain St, Jacksonville, AR 72076",625 Captain St,Jacksonville,AR,,forRent,4,1490,,1245,18,https://www.zillow.com/homedetails/625-Captain-St-Jacksonville-AR-72076/266127_zpid/,,97000,2026-09-16T00:00:00.000Z,Listed for rent,2024-07-26T00:00:00.000Z,Listing removed,2024-07-16T00:00:00.000Z,Listed for rent,2024-04-02T00:00:00.000Z,Listing removed,2024-03-12T00:00:00.000Z,Listed for rent,2024-02-20T00:00:00.000Z,Listing removed,2024-02-17T00:00:00.000Z,Listed for rent,2023-01-03T00:00:00.000Z,Listing removed,2022-12-27T00:00:00.000Z,Listed for rent,2022-06-24T00:00:00.000Z,Sold,2017-07-31T00:00:00.000Z,Sold,2017-05-10T00:00:00.000Z,Listed for sale,2014-11-10T00:00:00.000Z,Sold,,,,,,,,,,,,,,,,,,,,,,,,,,,,,,,,,,
"2414 Franklin St, North Little Rock, AR 72114",2414 Franklin St,North Little Rock,AR,,forRent,3,1050,,1195,33,https://www.zillow.com/homedetails/2414-Franklin-St-North-Little-Rock-AR-72114/303010_zpid/,,11000,2026-09-01T00:00:00.000Z,Listed for rent,2024-06-28T00:00:00.000Z,Listing removed,2024-06-19T00:00:00.000Z,Price change,2024-05-17T00:00:00.000Z,Listed for rent,2023-03-17T00:00:00.000Z,Listing removed,2023-02-28T00:00:00.000Z,Price change,2023-02-20T00:00:00.000Z,Listed for rent,2020-10-23T00:00:00.000Z,Sold,2014-03-05T00:00:00.000Z,Sold,,,,,,,,,,,,,,,,,,,,,,,,,,,,,,,,,,,,,,,,,,
"1515 Junior Deputy Rd, Little Rock, AR 72205",1515 Junior Deputy Rd,Little Rock,AR,,forRent,3,889,,1275,6,https://www.zillow.com/homedetails/1515-Junior-Deputy-Rd-Little-Rock-AR-72205/349221_zpid/,,149700,2026-09-28T00:00:00.000Z,Listed for rent,2024-07-26T00:00:00.000Z,Listing removed,2024-06-19T00:00:00.000Z,Listed for rent,2023-08-09T00:00:00.000Z,Sold,2023-05-10T00:00:00.000Z,Listing removed,2023-04-27T00:00:00.000Z,Listed for rent,2023-02-09T00:00:00.000Z,Sold,2015-10-20T00:00:00.000Z,Sold,2000-08-15T00:00:00.000Z,Sold,,,,,,,,,,,,,,,,,,,,,,,,,,,,,,,,,,,,,,,,,,
"4617 W 21st St, Little Rock, AR 72204",4617 W 21st St,Little Rock,AR,,forRent,3,1008,,1395,20,https://www.zillow.com/homedetails/4617-W-21st-St-Little-Rock-AR-72204/312315_zpid/,,16000,2026-09-15T00:00:00.000Z,Listed for rent,2026-04-14T00:00:00.000Z,Listing removed,2026-04-08T00:00:00.000Z,Price change,2026-04-01T00:00:00.000Z,Price change,2026-02-16T00:00:00.000Z,Listed for rent,2022-04-05T00:00:00.000Z,Sold,2014-04-25T00:00:00.000Z,Sold,2013-06-21T00:00:00.000Z,Sold,,,,,,,,,,,,,,,,,,,,,,,,,,,,,,,,,,,,,,,,,,,,
"1809 Johnson St, Little Rock, AR 72204",1809 Johnson St,Little Rock,AR,,forRent,4,1214,,1395,10,https://www.zillow.com/homedetails/1809-Johnson-St-Little-Rock-AR-72204/313254_zpid/,,169900,2026-09-24T00:00:00.000Z,Listed for rent,2025-11-20T00:00:00.000Z,Sold,2025-10-01T00:00:00.000Z,Listing removed,2025-09-03T00:00:00.000Z,Price change,2025-08-27T00:00:00.000Z,Price change,2025-07-23T00:00:00.000Z,Price change,2025-06-23T00:00:00.000Z,Price change,2025-06-19T00:00:00.000Z,Listed for rent,2025-06-19T00:00:00.000Z,Listing removed,2025-06-18T00:00:00.000Z,Price change,2025-05-29T00:00:00.000Z,Listed for rent,2023-01-26T00:00:00.000Z,Sold,2013-11-26T00:00:00.000Z,Sold,2001-05-25T00:00:00.000Z,Sold,1997-11-03T00:00:00.000Z,Sold,,,,,,,,,,,,,,,,,,,,,,,,,,,,,,
"89 Spring Grove Dr, North Little Rock, AR 72120",89 Spring Grove Dr,North Little Rock,AR,,forRent,3,2118,,1888,22,https://www.zillow.com/homedetails/89-Spring-Grove-Dr-North-Little-Rock-AR-72120/273200_zpid/,,258000,2026-08-30T00:00:00.000Z,Price change,2026-08-13T00:00:00.000Z,Listed for rent,2026-07-02T00:00:00.000Z,Listing removed,2026-06-10T00:00:00.000Z,Listed for rent,2025-08-27T00:00:00.000Z,Listing removed,2025-08-07T00:00:00.000Z,Price change,2025-07-25T00:00:00.000Z,Price change,2025-06-24T00:00:00.000Z,Price change,2025-06-05T00:00:00.000Z,Price change,2025-05-26T00:00:00.000Z,Price change,2025-05-08T00:00:00.000Z,Price change,2025-04-03T00:00:00.000Z,Price change,2025-03-28T00:00:00.000Z,Price change,2025-02-22T00:00:00.000Z,Price change,2025-02-04T00:00:00.000Z,Listed for rent,2023-05-18T00:00:00.000Z,Listing removed,2023-04-30T00:00:00.000Z,Price change,2023-04-29T00:00:00.000Z,Price change,2023-04-23T00:00:00.000Z,Price change,2023-03-11T00:00:00.000Z,Price change,2023-03-08T00:00:00.000Z,Price change,2023-02-26T00:00:00.000Z,Listed for rent,2013-05-07T00:00:00.000Z,Sold,2010-11-11T00:00:00.000Z,Price change,2010-09-23T00:00:00.000Z,Listed for rent,2010-07-22T00:00:00.000Z,Listing removed,2010-01-25T00:00:00.000Z,Sold,2006-02-06T00:00:00.000Z,Sold,,,,
"67 Legends Dr, Little Rock, AR 72210",67 Legends Dr,Little Rock,AR,,forRent,4,2274,,2295,33,https://www.zillow.com/homedetails/67-Legends-Dr-Little-Rock-AR-72210/79794532_zpid/,,206000,2026-09-14T00:00:00.000Z,Price change,2026-09-02T00:00:00.000Z,Listed for rent,2005-01-11T00:00:00.000Z,Sold,2004-04-05T00:00:00.000Z,Sold,,,,,,,,,,,,,,,,,,,,,,,,,,,,,,,,,,,,,,,,,,,,,,,,,,,,
"1901 Aztec Dr, North Little Rock, AR 72116",1901 Aztec Dr,North Little Rock,AR,,forRent,3,1459,,1700,46,https://www.zillow.com/homedetails/1901-Aztec-Dr-North-Little-Rock-AR-72116/291785_zpid/,,119000,2026-10-02T00:00:00.000Z,Price change,2026-08-19T00:00:00.000Z,Listed for rent,2019-12-15T00:00:00.000Z,Listing removed,2019-08-16T00:00:00.000Z,Listed for rent,2015-12-28T00:00:00.000Z,Sold,2015-06-25T00:00:00.000Z,Sold,1998-05-01T00:00:00.000Z,Sold,,,,,,,,,,,,,,,,,,,,,,,,,,,,,,,,,,,,,,,,,,,,,,
"3214 Bishop St, Little Rock, AR 72206",3214 Bishop St,Little Rock,AR,,forRent,5,2110,,1875,30,https://www.zillow.com/homedetails/3214-Bishop-St-Little-Rock-AR-72206/317960_zpid/,,70000,2026-09-05T00:00:00.000Z,Listed for rent,2025-11-05T00:00:00.000Z,Listing removed,2025-09-17T00:00:00.000Z,Listed for rent,2025-05-05T00:00:00.000Z,Sold,2025-04-05T00:00:00.000Z,Contingent,2025-04-01T00:00:00.000Z,Listed for sale,2025-03-21T00:00:00.000Z,Contingent,2025-03-12T00:00:00.000Z,Price change,2025-03-04T00:00:00.000Z,Price change,2025-02-13T00:00:00.000Z,Listed for sale,2025-01-24T00:00:00.000Z,Contingent,2025-01-19T00:00:00.000Z,Price change,2025-01-02T00:00:00.000Z,Listed for sale,,,,,,,,,,,,,,,,,,,,,,,,,,,,,,,,,,
"1309 W 11th St, North Little Rock, AR 72114",1309 W 11th St,North Little Rock,AR,,forRent,3,1032,,925,39,https://www.zillow.com/homedetails/1309-W-11th-St-North-Little-Rock-AR-72114/304533_zpid/,,10000,2026-09-29T00:00:00.000Z,Price change,2026-09-23T00:00:00.000Z,Price change,2026-08-27T00:00:00.000Z,Listed for rent,2026-02-09T00:00:00.000Z,Listing removed,2026-01-26T00:00:00.000Z,Listed for rent,2018-11-30T00:00:00.000Z,Sold,2014-03-14T00:00:00.000Z,Sold,,,,,,,,,,,,,,,,,,,,,,,,,,,,,,,,,,,,,,,,,,,,,,
"201 Sparrow Rd, Jacksonville, AR 72076",201 Sparrow Rd,Jacksonville,AR,,forRent,3,1305,,1725,54,https://www.zillow.com/homedetails/201-Sparrow-Rd-Jacksonville-AR-72076/99424828_zpid/,,,2026-08-12T00:00:00.000Z,Listed for rent,2025-07-22T00:00:00.000Z,Listing removed,2025-05-29T00:00:00.000Z,Listed for rent,2023-11-16T00:00:00.000Z,Listing removed,2023-11-08T00:00:00.000Z,Listed for rent,2022-06-17T00:00:00.000Z,Listing removed,2022-01-07T00:00:00.000Z,Listed for sale,,,,,,,,,,,,,,,,,,,,,,,,,,,,,,,,,,,,,,,,,,,,,,
"1313 Franklin St, North Little Rock, AR 72114",1313 Franklin St,North Little Rock,AR,,forRent,4,1422,,1525,46,https://www.zillow.com/homedetails/1313-Franklin-St-North-Little-Rock-AR-72114/304355_zpid/,,6000,2026-09-23T00:00:00.000Z,Price change,2026-08-20T00:00:00.000Z,Listed for rent,2025-10-29T00:00:00.000Z,Sold,2025-10-24T00:00:00.000Z,Contingent,2025-10-09T00:00:00.000Z,Listed for sale,2018-04-14T00:00:00.000Z,Listing removed,2018-03-29T00:00:00.000Z,Listed for rent,2015-03-11T00:00:00.000Z,Listing removed,2014-07-17T00:00:00.000Z,Sold,2014-07-11T00:00:00.000Z,Listed for sale,2000-06-08T00:00:00.000Z,Sold,,,,,,,,,,,,,,,,,,,,,,,,,,,,,,,,,,,,,,
"2220 Loop Acres Dr, Jacksonville, AR 72076",2220 Loop Acres Dr,Jacksonville,AR,,forRent,3,996,,1250,116,https://www.zillow.com/homedetails/2220-Loop-Acres-Dr-Jacksonville-AR-72076/463094121_zpid/,,,2026-06-10T00:00:00.000Z,Listed for rent,,,,,,,,,,,,,,,,,,,,,,,,,,,,,,,,,,,,,,,,,,,,,,,,,,,,,,,,,,
"4311 W 19th St, Little Rock, AR 72204",4311 W 19th St,Little Rock,AR,,forRent,3,1332,,1050,12,https://www.zillow.com/homedetails/4311-W-19th-St-Little-Rock-AR-72204/313641_zpid/,,15000,2026-09-22T00:00:00.000Z,Listed for rent,2025-10-23T00:00:00.000Z,Listing removed,2025-08-28T00:00:00.000Z,Price change,2025-08-15T00:00:00.000Z,Price change,2025-08-05T00:00:00.000Z,Price change,2025-07-29T00:00:00.000Z,Price change,2025-07-18T00:00:00.000Z,Price change,2025-07-07T00:00:00.000Z,Price change,2025-07-03T00:00:00.000Z,Price change,2025-06-17T00:00:00.000Z,Price change,2025-06-15T00:00:00.000Z,Price change,2025-06-11T00:00:00.000Z,Listed for rent,2025-04-08T00:00:00.000Z,Listing removed,2025-04-01T00:00:00.000Z,Price change,2025-03-26T00:00:00.000Z,Price change,2025-03-24T00:00:00.000Z,Price change,2025-03-21T00:00:00.000Z,Price change,2025-03-18T00:00:00.000Z,Listed for rent,2024-09-30T00:00:00.000Z,Listing removed,2024-09-24T00:00:00.000Z,Price change,2024-09-14T00:00:00.000Z,Price change,2024-09-09T00:00:00.000Z,Price change,2024-08-21T00:00:00.000Z,Price change,2024-08-19T00:00:00.000Z,Price change,2024-08-16T00:00:00.000Z,Listed for rent,2015-04-28T00:00:00.000Z,Sold,2013-10-07T00:00:00.000Z,Sold,,,,,,
"13015 Arthur Ln, Little Rock, AR 72211",13015 Arthur Ln,Little Rock,AR,,forRent,3,1650,,2500,12,https://www.zillow.com/homedetails/13015-Arthur-Ln-Little-Rock-AR-72211/79791081_zpid/,,55000,2026-09-22T00:00:00.000Z,Listed for rent,2006-08-16T00:00:00.000Z,Sold,,,,,,,,,,,,,,,,,,,,,,,,,,,,,,,,,,,,,,,,,,,,,,,,,,,,,,,,
"1521 Valmar St, Little Rock, AR 72204",1521 Valmar St,Little Rock,AR,,forRent,4,1450,,1295,10,https://www.zillow.com/homedetails/1521-Valmar-St-Little-Rock-AR-72204/310080_zpid/,,162600,2026-09-25T00:00:00.000Z,Listed for rent,2026-02-28T00:00:00.000Z,Listing removed,2025-11-28T00:00:00.000Z,Listed for rent,2024-12-31T00:00:00.000Z,Sold,2024-10-12T00:00:00.000Z,Listing removed,2024-09-24T00:00:00.000Z,Listed for rent,2024-09-20T00:00:00.000Z,Listing removed,2024-09-11T00:00:00.000Z,Listed for rent,2024-02-21T00:00:00.000Z,Sold,2020-06-10T00:00:00.000Z,Listing removed,2020-05-19T00:00:00.000Z,Price change,2020-05-01T00:00:00.000Z,Price change,2020-04-08T00:00:00.000Z,Listed for rent,2016-04-08T00:00:00.000Z,Sold,2016-03-23T00:00:00.000Z,Price change,2016-03-09T00:00:00.000Z,Listed for sale,2016-02-01T00:00:00.000Z,Sold,2015-04-27T00:00:00.000Z,Sold,2006-08-11T00:00:00.000Z,Sold,2005-08-31T00:00:00.000Z,Sold,2001-04-12T00:00:00.000Z,Sold,2000-11-16T00:00:00.000Z,Sold,,,,,,,,,,,,,,,,
"920 Healy St, North Little Rock, AR 72117",920 Healy St,North Little Rock,AR,,forRent,3,988,,1150,12,https://www.zillow.com/homedetails/920-Healy-St-North-Little-Rock-AR-72117/275967_zpid/,,108500,2026-09-22T00:00:00.000Z,Listed for rent,2025-08-15T00:00:00.000Z,Listing removed,2025-07-23T00:00:00.000Z,Listed for rent,2025-07-23T00:00:00.000Z,Listing removed,2025-07-08T00:00:00.000Z,Price change,2025-05-20T00:00:00.000Z,Price change,2025-03-10T00:00:00.000Z,Price change,2025-02-27T00:00:00.000Z,Listed for sale,2023-09-22T00:00:00.000Z,Listing removed,2023-09-15T00:00:00.000Z,Listed for rent,2023-04-03T00:00:00.000Z,Sold,2023-03-10T00:00:00.000Z,Contingent,2023-03-10T00:00:00.000Z,Listed for sale,2023-02-27T00:00:00.000Z,Listing removed,2023-01-25T00:00:00.000Z,Contingent,2023-01-25T00:00:00.000Z,Price change,2023-01-19T00:00:00.000Z,Listed for sale,2023-01-05T00:00:00.000Z,Listing removed,2023-01-03T00:00:00.000Z,Listing removed,2023-01-03T00:00:00.000Z,Listed for sale,2022-12-21T00:00:00.000Z,Listed for rent,2015-02-27T00:00:00.000Z,Sold,2014-08-04T00:00:00.000Z,Sold,2004-06-18T00:00:00.000Z,Sold,2003-12-12T00:00:00.000Z,Sold,,,,,,,,,,
"14 Feldspar Ct, Little Rock, AR 72212",14 Feldspar Ct,Little Rock,AR,,forRent,3,1600,,1725,11,https://www.zillow.com/homedetails/14-Feldspar-Ct-Little-Rock-AR-72212/331884_zpid/,,650000,2026-09-23T00:00:00.000Z,Listed for rent,2022-06-19T00:00:00.000Z,Listing removed,2022-06-13T00:00:00.000Z,Listed for rent,2019-11-27T00:00:00.000Z,Listing removed,2019-10-18T00:00:00.000Z,Listed for rent,2014-08-24T00:00:00.000Z,Sold,2013-08-31T00:00:00.000Z,Listing removed,2013-08-20T00:00:00.000Z,Price change,2013-07-14T00:00:00.000Z,Listed for rent,2012-07-03T00:00:00.000Z,Listing removed,2012-06-29T00:00:00.000Z,Listed for rent,2011-12-12T00:00:00.000Z,Listing removed,2011-11-17T00:00:00.000Z,Listed for sale,2011-04-21T00:00:00.000Z,Sold,2011-02-20T00:00:00.000Z,Listed for sale,2011-02-02T00:00:00.000Z,Sold,2010-11-17T00:00:00.000Z,Price change,2010-10-14T00:00:00.000Z,Price change,2010-09-26T00:00:00.000Z,Listed for sale,2010-08-20T00:00:00.000Z,Sold,,,,,,,,,,,,,,,,,,,,
"2707 Washington St, Little Rock, AR 72204",2707 Washington St,Little Rock,AR,,forRent,4,1768,,995,8,https://www.zillow.com/homedetails/2707-Washington-St-Little-Rock-AR-72204/314161_zpid/,,4920,2026-10-01T00:00:00.000Z,Price change,2026-09-27T00:00:00.000Z,Listed for rent,2025-01-24T00:00:00.000Z,Listing removed,2025-01-11T00:00:00.000Z,Listed for rent,2024-06-22T00:00:00.000Z,Listing removed,2024-06-14T00:00:00.000Z,Listed for rent,2023-10-09T00:00:00.000Z,Listing removed,2023-10-03T00:00:00.000Z,Listed for rent,2019-09-19T00:00:00.000Z,Listing removed,2019-09-04T00:00:00.000Z,Listed for rent,2018-08-17T00:00:00.000Z,Listing removed,2018-08-15T00:00:00.000Z,Listed for rent,2018-01-17T00:00:00.000Z,Listing removed,2018-01-02T00:00:00.000Z,Price change,2017-10-27T00:00:00.000Z,Listed for rent,2013-12-20T00:00:00.000Z,Sold,2013-02-19T00:00:00.000Z,Sold,1997-10-31T00:00:00.000Z,Sold,,,,,,,,,,,,,,,,,,,,,,,,
"522 W 15th St, North Little Rock, AR 72114",522 W 15th St,North Little Rock,AR,,forRent,4,1157,,1595,25,https://www.zillow.com/homedetails/522-W-15th-St-North-Little-Rock-AR-72114/302372_zpid/,,149900,2026-09-09T00:00:00.000Z,Listed for rent,2014-11-07T00:00:00.000Z,Sold,2012-01-31T00:00:00.000Z,Listing removed,2011-08-06T00:00:00.000Z,Price change,2011-07-21T00:00:00.000Z,Listed for sale,,,,,,,,,,,,,,,,,,,,,,,,,,,,,,,,,,,,,,,,,,,,,,,,,,
"28 Barbara Cir, Little Rock, AR 72204",28 Barbara Cir,Little Rock,AR,,forRent,3,1100,,1150,2,https://www.zillow.com/homedetails/28-Barbara-Cir-Little-Rock-AR-72204/350981_zpid/,,350000,2026-09-01T00:00:00.000Z,Price change,2026-08-25T00:00:00.000Z,Price change,2026-08-24T00:00:00.000Z,Listed for rent,2023-09-02T00:00:00.000Z,Listing removed,2023-07-20T00:00:00.000Z,Price change,2023-06-09T00:00:00.000Z,Listed for rent,2022-08-05T00:00:00.000Z,Listing removed,2022-07-10T00:00:00.000Z,Price change,2022-07-08T00:00:00.000Z,Listed for rent,2021-06-11T00:00:00.000Z,Listing removed,2021-02-17T00:00:00.000Z,Listed for rent,2019-03-28T00:00:00.000Z,Listing removed,2018-06-07T00:00:00.000Z,Listed for rent,2017-08-07T00:00:00.000Z,Listing removed,2017-06-30T00:00:00.000Z,Price change,2017-06-01T00:00:00.000Z,Price change,2017-05-12T00:00:00.000Z,Listed for rent,2015-10-16T00:00:00.000Z,Sold,2015-04-02T00:00:00.000Z,Listing removed,2015-03-21T00:00:00.000Z,Listed for rent,2015-02-08T00:00:00.000Z,Listing removed,2015-01-09T00:00:00.000Z,Listed for rent,2005-01-27T00:00:00.000Z,Sold,,,,,,,,,,,,,,
"11101 Birchwood Dr, Little Rock, AR 72211",11101 Birchwood Dr,Little Rock,AR,,forRent,3,1292,,1375,16,https://www.zillow.com/homedetails/11101-Birchwood-Dr-Little-Rock-AR-72211/346371_zpid/,,130000,2026-09-18T00:00:00.000Z,Listed for rent,2024-08-27T00:00:00.000Z,Listing removed,2024-08-14T00:00:00.000Z,Price change,2024-07-18T00:00:00.000Z,Listed for rent,2024-07-02T00:00:00.000Z,Listing removed,2024-07-01T00:00:00.000Z,Price change,2024-06-07T00:00:00.000Z,Listed for rent,2023-05-06T00:00:00.000Z,Listing removed,2023-04-30T00:00:00.000Z,Listed for rent,2022-05-02T00:00:00.000Z,Listing removed,2022-04-30T00:00:00.000Z,Listed for rent,2022-04-16T00:00:00.000Z,Listing removed,2022-04-02T00:00:00.000Z,Price change,2022-03-27T00:00:00.000Z,Price change,2022-02-25T00:00:00.000Z,Price change,2022-02-09T00:00:00.000Z,Listed for rent,2022-02-01T00:00:00.000Z,Sold,2021-02-23T00:00:00.000Z,Listing removed,2020-10-24T00:00:00.000Z,Listing removed,2020-10-12T00:00:00.000Z,Listed for rent,2020-04-26T00:00:00.000Z,Listing removed,2020-04-19T00:00:00.000Z,Listed for rent,2018-09-30T00:00:00.000Z,Listing removed,2018-07-13T00:00:00.000Z,Listed for rent,2018-05-25T00:00:00.000Z,Listing removed,2018-04-23T00:00:00.000Z,Listed for rent,2015-10-09T00:00:00.000Z,Sold,2011-03-04T00:00:00.000Z,Sold,1998-12-28T00:00:00.000Z,Sold,,
"4900 Atkins St, North Little Rock, AR 72117",4900 Atkins St,North Little Rock,AR,,forRent,3,1189,,800,76,https://www.zillow.com/homedetails/4900-Atkins-St-North-Little-Rock-AR-72117/275790_zpid/,,150000,2026-07-20T00:00:00.000Z,Listed for rent,2022-02-16T00:00:00.000Z,Listing removed,2022-01-19T00:00:00.000Z,Listed for rent,2012-03-12T00:00:00.000Z,Sold,1996-06-01T00:00:00.000Z,Sold,,,,,,,,,,,,,,,,,,,,,,,,,,,,,,,,,,,,,,,,,,,,,,,,,,
"1412 Brown St, Little Rock, AR 72204",1412 Brown St,Little Rock,AR,,forRent,3,1782,,1295,73,https://www.zillow.com/homedetails/1412-Brown-St-Little-Rock-AR-72204/310045_zpid/,,45000,2026-09-30T00:00:00.000Z,Price change,2026-07-23T00:00:00.000Z,Listed for rent,2026-03-30T00:00:00.000Z,Listing removed,2026-03-24T00:00:00.000Z,Listed for rent,2026-01-13T00:00:00.000Z,Listing removed,2025-12-02T00:00:00.000Z,Listed for rent,2025-10-13T00:00:00.000Z,Listing removed,2025-07-28T00:00:00.000Z,Listed for rent,2025-03-22T00:00:00.000Z,Listing removed,2025-03-20T00:00:00.000Z,Listed for rent,2025-03-03T00:00:00.000Z,Sold,2024-04-10T00:00:00.000Z,Listing removed,2024-03-19T00:00:00.000Z,Price change,2024-02-27T00:00:00.000Z,Listed for sale,2013-12-06T00:00:00.000Z,Sold,,,,,,,,,,,,,,,,,,,,,,,,,,,,,,
"305 Stevenson St, Jacksonville, AR 72076",305 Stevenson St,Jacksonville,AR,,forRent,4,1500,,1600,25,https://www.zillow.com/homedetails/305-Stevenson-St-Jacksonville-AR-72076/265818_zpid/,,105000,2026-09-09T00:00:00.000Z,Listed for rent,2026-08-31T00:00:00.000Z,Listing removed,2026-08-27T00:00:00.000Z,Listing removed,2026-07-30T00:00:00.000Z,Price change,2026-06-09T00:00:00.000Z,Listed for rent,2026-05-20T00:00:00.000Z,Listing removed,2026-04-27T00:00:00.000Z,Listed for rent,2026-04-09T00:00:00.000Z,Price change,2026-01-02T00:00:00.000Z,Price change,2025-11-26T00:00:00.000Z,Listed for sale,2025-08-21T00:00:00.000Z,Sold,2025-07-21T00:00:00.000Z,Contingent,2025-07-03T00:00:00.000Z,Price change,2025-05-14T00:00:00.000Z,Listed for sale,2023-02-16T00:00:00.000Z,Sold,2023-02-13T00:00:00.000Z,Contingent,2023-01-23T00:00:00.000Z,Listed for sale,2022-11-10T00:00:00.000Z,Sold,2014-09-16T00:00:00.000Z,Sold,,,,,,,,,,,,,,,,,,,,,,
"40 Springridge Dr, Little Rock, AR 72211",40 Springridge Dr,Little Rock,AR,,forRent,3,1639,,2000,63,https://www.zillow.com/homedetails/40-Springridge-Dr-Little-Rock-AR-72211/348523_zpid/,,182000,2026-08-02T00:00:00.000Z,Listed for rent,2025-04-06T00:00:00.000Z,Listing removed,2025-03-10T00:00:00.000Z,Listed for rent,2025-02-17T00:00:00.000Z,Listing removed,2025-02-09T00:00:00.000Z,Listed for rent,2022-02-24T00:00:00.000Z,Listing removed,2022-02-20T00:00:00.000Z,Listed for rent,2016-06-09T00:00:00.000Z,Sold,2016-04-01T00:00:00.000Z,Listed for sale,2015-09-18T00:00:00.000Z,Sold,2014-06-18T00:00:00.000Z,Sold,2014-04-16T00:00:00.000Z,Listed for sale,2007-01-02T00:00:00.000Z,Sold,2005-08-29T00:00:00.000Z,Sold,2000-08-03T00:00:00.000Z,Sold,,,,,,,,,,,,,,,,,,,,,,,,,,,,,,
"501 Wisteria Dr, N Little Rock, AR 72118",501 Wisteria Dr,N Little Rock,AR,,forRent,3,1150,,1150,25,https://www.zillow.com/homedetails/501-Wisteria-Dr-N-Little-Rock-AR-72118/298113_zpid/,,70175,2026-09-09T00:00:00.000Z,Listed for rent,2019-08-17T00:00:00.000Z,Listing removed,2019-06-26T00:00:00.000Z,Listed for rent,2019-05-22T00:00:00.000Z,Sold,2019-04-23T00:00:00.000Z,Pending sale,2019-04-03T00:00:00.000Z,Listed for sale,2014-08-21T00:00:00.000Z,Sold,2009-06-18T00:00:00.000Z,Sold,,,,,,,,,,,,,,,,,,,,,,,,,,,,,,,,,,,,,,,,,,,,
"19 Piper Ln, Little Rock, AR 72223",19 Piper Ln,Little Rock,AR,,forRent,3,1883,,2500,6,https://www.zillow.com/homedetails/19-Piper-Ln-Little-Rock-AR-72223/251243117_zpid/,,61525,2026-08-27T00:00:00.000Z,Listed for rent,2026-03-16T00:00:00.000Z,Listing removed,2026-01-27T00:00:00.000Z,Listed for rent,2026-01-19T00:00:00.000Z,Listing removed,2025-12-10T00:00:00.000Z,Listed for rent,2023-12-13T00:00:00.000Z,Listing removed,2023-12-08T00:00:00.000Z,Listed for rent,2023-12-01T00:00:00.000Z,Listing removed,2023-11-14T00:00:00.000Z,Listed for rent,2020-08-29T00:00:00.000Z,Listing removed,2020-07-20T00:00:00.000Z,Listed for rent,2020-07-20T00:00:00.000Z,Listing removed,2020-04-22T00:00:00.000Z,Listed for sale,2019-11-08T00:00:00.000Z,Sold,2018-11-16T00:00:00.000Z,Sold,2018-07-05T00:00:00.000Z,Sold,,,,,,,,,,,,,,,,,,,,,,,,,,,,
"3321 S Broadway St, Little Rock, AR 72206",3321 S Broadway St,Little Rock,AR,,forRent,4,1223,,1595,25,https://www.zillow.com/homedetails/3321-S-Broadway-St-Little-Rock-AR-72206/465127352_zpid/,,,2026-09-09T00:00:00.000Z,Listed for rent,,,,,,,,,,,,,,,,,,,,,,,,,,,,,,,,,,,,,,,,,,,,,,,,,,,,,,,,,,
"3812 Walker St, Little Rock, AR 72204",3812 Walker St,Little Rock,AR,,forRent,4,1556,,1195,18,https://www.zillow.com/homedetails/3812-Walker-St-Little-Rock-AR-72204/352360_zpid/,,88000,2026-09-16T00:00:00.000Z,Listed for rent,2025-03-27T00:00:00.000Z,Listing removed,2025-03-20T00:00:00.000Z,Price change,2025-03-13T00:00:00.000Z,Price change,2025-02-28T00:00:00.000Z,Price change,2025-02-14T00:00:00.000Z,Listed for rent,2023-07-18T00:00:00.000Z,Listing removed,2023-07-12T00:00:00.000Z,Listed for rent,2023-07-12T00:00:00.000Z,Listing removed,2023-07-07T00:00:00.000Z,Price change,2023-07-05T00:00:00.000Z,Listed for rent,2022-10-19T00:00:00.000Z,Listing removed,2022-10-11T00:00:00.000Z,Listed for rent,2022-05-18T00:00:00.000Z,Sold,2022-03-13T00:00:00.000Z,Listed for sale,2015-11-09T00:00:00.000Z,Sold,2005-03-07T00:00:00.000Z,Sold,2005-01-06T00:00:00.000Z,Sold,2003-12-08T00:00:00.000Z,Sold,,,,,,,,,,,,,,,,,,,,,,
"107 Redbud Ct, Jacksonville, AR 72076",107 Redbud Ct,Jacksonville,AR,,forRent,3,1305,,1695,23,https://www.zillow.com/homedetails/107-Redbud-Ct-Jacksonville-AR-72076/353556221_zpid/,,239900,2026-09-11T00:00:00.000Z,Listed for rent,2026-04-07T00:00:00.000Z,Listing removed,2026-03-24T00:00:00.000Z,Listed for rent,2026-03-24T00:00:00.000Z,Listing removed,2026-02-05T00:00:00.000Z,Listed for rent,2025-08-01T00:00:00.000Z,Listing removed,2025-04-11T00:00:00.000Z,Listed for rent,2024-12-02T00:00:00.000Z,Sold,2024-09-02T00:00:00.000Z,Listing removed,2024-08-22T00:00:00.000Z,Listed for rent,2024-08-14T00:00:00.000Z,Listing removed,2024-08-14T00:00:00.000Z,Listed for rent,,,,,,,,,,,,,,,,,,,,,,,,,,,,,,,,,,,,
"121 Pennsylvania Dr, Jacksonville, AR 72076",121 Pennsylvania Dr,Jacksonville,AR,,forRent,3,1064,,1169,52,https://www.zillow.com/homedetails/121-Pennsylvania-Dr-Jacksonville-AR-72076/2103595571_zpid/,,,2026-08-13T00:00:00.000Z,Listed for rent,2025-12-22T00:00:00.000Z,Listing removed,2025-08-04T00:00:00.000Z,Listed for rent,2015-03-24T00:00:00.000Z,Listing removed,2015-02-20T00:00:00.000Z,Price change,2015-01-28T00:00:00.000Z,Listed for rent,,,,,,,,,,,,,,,,,,,,,,,,,,,,,,,,,,,,,,,,,,,,,,,,
"4213 Rogers St, North Little Rock, AR 72117",4213 Rogers St,North Little Rock,AR,,forRent,4,1157,,1595,3,https://www.zillow.com/homedetails/4213-Rogers-St-North-Little-Rock-AR-72117/276822_zpid/,,2600,2026-10-02T00:00:00.000Z,Listed for rent,2026-09-15T00:00:00.000Z,Listing removed,2026-09-02T00:00:00.000Z,Listed for rent,2025-07-30T00:00:00.000Z,Sold,2013-07-16T00:00:00.000Z,Sold,2004-08-09T00:00:00.000Z,Sold,,,,,,,,,,,,,,,,,,,,,,,,,,,,,,,,,,,,,,,,,,,,,,,,
"16220 Lamarche Dr, Little Rock, AR 72223",16220 Lamarche Dr,Little Rock,AR,,forRent,3,1500,,2095,37,https://www.zillow.com/homedetails/16220-Lamarche-Dr-Little-Rock-AR-72223/451113640_zpid/,,,2026-09-30T00:00:00.000Z,Price change,2026-09-17T00:00:00.000Z,Price change,2026-08-28T00:00:00.000Z,Listed for rent,2025-07-08T00:00:00.000Z,Listing removed,2025-06-20T00:00:00.000Z,Price change,2025-06-13T00:00:00.000Z,Price change,2025-05-29T00:00:00.000Z,Price change,2025-05-28T00:00:00.000Z,Listed for rent,2025-05-27T00:00:00.000Z,Listing removed,2025-05-12T00:00:00.000Z,Listed for rent,,,,,,,,,,,,,,,,,,,,,,,,,,,,,,,,,,,,,,,,
"408 E Trickey Ln, Jacksonville, AR 72076",408 E Trickey Ln,Jacksonville,AR,,forRent,3,1378,,1195,18,https://www.zillow.com/homedetails/408-E-Trickey-Ln-Jacksonville-AR-72076/267116_zpid/,,45000,2026-09-16T00:00:00.000Z,Listed for rent,2026-03-13T00:00:00.000Z,Listing removed,2025-12-19T00:00:00.000Z,Listed for rent,2022-04-07T00:00:00.000Z,Listing removed,2022-03-25T00:00:00.000Z,Listed for rent,2020-05-27T00:00:00.000Z,Sold,2020-05-12T00:00:00.000Z,Listed for sale,2013-10-01T00:00:00.000Z,Sold,,,,,,,,,,,,,,,,,,,,,,,,,,,,,,,,,,,,,,,,,,,,
"501 Hayes St, Jacksonville, AR 72076",501 Hayes St,Jacksonville,AR,,forRent,4,1500,,4200,17,https://www.zillow.com/homedetails/501-Hayes-St-Jacksonville-AR-72076/263575_zpid/,,135000,2026-09-28T00:00:00.000Z,Price change,2026-09-24T00:00:00.000Z,Price change,2026-09-18T00:00:00.000Z,Price change,2026-09-11T00:00:00.000Z,Price change,2026-09-03T00:00:00.000Z,Price change,2026-07-09T00:00:00.000Z,Price change,2026-07-03T00:00:00.000Z,Price change,2026-06-30T00:00:00.000Z,Price change,2026-06-04T00:00:00.000Z,Price change,2026-06-02T00:00:00.000Z,Price change,2026-05-29T00:00:00.000Z,Price change,2026-05-05T00:00:00.000Z,Price change,2026-04-24T00:00:00.000Z,Price change,2026-04-15T00:00:00.000Z,Price change,2026-03-30T00:00:00.000Z,Price change,2026-03-11T00:00:00.000Z,Price change,2026-03-10T00:00:00.000Z,Price change,2026-03-06T00:00:00.000Z,Price change,2026-02-23T00:00:00.000Z,Price change,2026-01-22T00:00:00.000Z,Price change,2026-01-14T00:00:00.000Z,Price change,2026-01-02T00:00:00.000Z,Price change,2025-12-30T00:00:00.000Z,Price change,2025-11-21T00:00:00.000Z,Price change,2025-11-06T00:00:00.000Z,Listed for rent,2022-06-21T00:00:00.000Z,Sold,2022-03-17T00:00:00.000Z,Sold,2014-02-28T00:00:00.000Z,Sold,2013-10-18T00:00:00.000Z,Sold,2003-09-22T00:00:00.000Z,Sold
"4112 W 21st St, Little Rock, AR 72204",4112 W 21st St,Little Rock,AR,,forRent,3,1027,,995,11,https://www.zillow.com/homedetails/4112-W-21st-St-Little-Rock-AR-72204/313830_zpid/,,0,2026-09-23T00:00:00.000Z,Listed for rent,2024-07-15T00:00:00.000Z,Listing removed,2024-06-28T00:00:00.000Z,Listed for rent,2024-05-21T00:00:00.000Z,Listing removed,2024-05-17T00:00:00.000Z,Listed for rent,2024-05-09T00:00:00.000Z,Listing removed,2024-02-29T00:00:00.000Z,Listed for sale,2024-02-01T00:00:00.000Z,Listing removed,2024-01-28T00:00:00.000Z,Price change,2024-01-19T00:00:00.000Z,Listed for rent,2023-12-18T00:00:00.000Z,Listed for sale,2023-12-15T00:00:00.000Z,Contingent,2023-12-13T00:00:00.000Z,Listing removed,2023-10-16T00:00:00.000Z,Listed for sale,2023-10-10T00:00:00.000Z,Contingent,2023-10-06T00:00:00.000Z,Listed for rent,2023-10-03T00:00:00.000Z,Price change,2023-08-23T00:00:00.000Z,Listed for sale,2023-08-16T00:00:00.000Z,Contingent,2023-06-19T00:00:00.000Z,Listed for sale,2022-03-07T00:00:00.000Z,Listing removed,2022-03-02T00:00:00.000Z,Listed for rent,2015-01-21T00:00:00.000Z,Sold,2007-07-27T00:00:00.000Z,Sold,2006-09-27T00:00:00.000Z,Sold,2005-03-01T00:00:00.000Z,Sold,,,,,,,,
"1704 Landershire Ln, North Little Rock, AR 72120",1704 Landershire Ln,North Little Rock,AR,,forRent,3,1530,,1650,25,https://www.zillow.com/homedetails/1704-Landershire-Ln-North-Little-Rock-AR-72120/124732122_zpid/,,167900,2026-09-10T00:00:00.000Z,Listed for rent,2022-12-01T00:00:00.000Z,Listing removed,2022-11-08T00:00:00.000Z,Price change,2022-10-18T00:00:00.000Z,Price change,2022-08-31T00:00:00.000Z,Listed for rent,2019-08-27T00:00:00.000Z,Sold,,,,,,,,,,,,,,,,,,,,,,,,,,,,,,,,,,,,,,,,,,,,,,,,
"1105 Lehman Dr, Jacksonville, AR 72076",1105 Lehman Dr,Jacksonville,AR,,forRent,3,1043,,1300,13,https://www.zillow.com/homedetails/1105-Lehman-Dr-Jacksonville-AR-72076/265364_zpid/,,65000,2026-09-21T00:00:00.000Z,Listed for rent,2026-09-04T00:00:00.000Z,Listing removed,2026-08-11T00:00:00.000Z,Listed for rent,2026-08-04T00:00:00.000Z,Listing removed,2026-07-05T00:00:00.000Z,Listed for rent,2025-07-09T00:00:00.000Z,Listing removed,2025-07-03T00:00:00.000Z,Listed for rent,2017-11-20T00:00:00.000Z,Sold,2017-11-10T00:00:00.000Z,Pending sale,2017-10-19T00:00:00.000Z,Listed for sale,2015-05-13T00:00:00.000Z,Sold,,,,,,,,,,,,,,,,,,,,,,,,,,,,,,,,,,,,,,
"14211 Taylor Loop Rd, Little Rock, AR 72223",14211 Taylor Loop Rd,Little Rock,AR,,forRent,3,1438,,1495,109,https://www.zillow.com/homedetails/14211-Taylor-Loop-Rd-Little-Rock-AR-72223/331091_zpid/,,134900,2026-08-18T00:00:00.000Z,Price change,2026-06-17T00:00:00.000Z,Listed for rent,2020-07-01T00:00:00.000Z,Listing removed,2020-03-06T00:00:00.000Z,Price change,2019-12-20T00:00:00.000Z,Price change,2019-08-08T00:00:00.000Z,Listed for rent,2018-12-03T00:00:00.000Z,Listing removed,2018-11-07T00:00:00.000Z,Listed for rent,2018-04-06T00:00:00.000Z,Listing removed,2018-01-22T00:00:00.000Z,Listed for rent,2017-04-23T00:00:00.000Z,Listing removed,2017-04-15T00:00:00.000Z,Listed for rent,2017-02-04T00:00:00.000Z,Listing removed,2017-01-14T00:00:00.000Z,Listed for rent,2015-06-19T00:00:00.000Z,Listing removed,2015-06-10T00:00:00.000Z,Listed for rent,2015-06-01T00:00:00.000Z,Listing removed,2015-04-30T00:00:00.000Z,Pending sale,2015-04-22T00:00:00.000Z,Listed for sale,2015-02-26T00:00:00.000Z,Listing removed,2014-10-23T00:00:00.000Z,Listed for sale,2013-09-22T00:00:00.000Z,Listing removed,2013-03-31T00:00:00.000Z,Listed for sale,2011-07-14T00:00:00.000Z,Sold,,,,,,,,,,,,
"1619 Schaer St, N Little Rock, AR 72114",1619 Schaer St,N Little Rock,AR,,forRent,3,1320,,1700,54,https://www.zillow.com/homedetails/1619-Schaer-St-N-Little-Rock-AR-72114/82838499_zpid/,,89000,2026-08-11T00:00:00.000Z,Listed for rent,2006-08-11T00:00:00.000Z,Sold,,,,,,,,,,,,,,,,,,,,,,,,,,,,,,,,,,,,,,,,,,,,,,,,,,,,,,,,
"1425 Southeastern Ave, Jacksonville, AR 72076",1425 Southeastern Ave,Jacksonville,AR,,forRent,3,1867,,4200,531,https://www.zillow.com/homedetails/1425-Southeastern-Ave-Jacksonville-AR-72076/265662_zpid/,,450000,2026-09-24T00:00:00.000Z,Price change,2026-09-18T00:00:00.000Z,Price change,2026-09-11T00:00:00.000Z,Price change,2026-09-07T00:00:00.000Z,Price change,2026-09-03T00:00:00.000Z,Price change,2026-08-12T00:00:00.000Z,Price change,2026-08-07T00:00:00.000Z,Price change,2026-07-28T00:00:00.000Z,Price change,2026-07-03T00:00:00.000Z,Price change,2026-06-30T00:00:00.000Z,Price change,2026-06-04T00:00:00.000Z,Price change,2026-05-29T00:00:00.000Z,Price change,2026-05-01T00:00:00.000Z,Price change,2026-04-28T00:00:00.000Z,Price change,2026-04-01T00:00:00.000Z,Price change,2026-03-30T00:00:00.000Z,Price change,2026-03-06T00:00:00.000Z,Price change,2026-03-04T00:00:00.000Z,Price change,2026-03-02T00:00:00.000Z,Price change,2026-02-23T00:00:00.000Z,Price change,2026-02-18T00:00:00.000Z,Price change,2026-02-13T00:00:00.000Z,Price change,2026-02-10T00:00:00.000Z,Price change,2026-02-06T00:00:00.000Z,Price change,2026-01-29T00:00:00.000Z,Listed for rent,2014-06-24T00:00:00.000Z,Sold,,,,,,,,
"1800 Pinewood Dr, Little Rock, AR 72204",1800 Pinewood Dr,Little Rock,AR,,forRent,3,1024,,995,4,https://www.zillow.com/homedetails/1800-Pinewood-Dr-Little-Rock-AR-72204/311249_zpid/,,72000,2026-09-30T00:00:00.000Z,Listed for rent,2025-08-12T00:00:00.000Z,Listing removed,2025-07-19T00:00:00.000Z,Listed for rent,2025-07-10T00:00:00.000Z,Listing removed,2025-06-26T00:00:00.000Z,Listed for rent,2023-06-22T00:00:00.000Z,Listing removed,2023-05-31T00:00:00.000Z,Listed for rent,2023-02-09T00:00:00.000Z,Listing removed,2023-01-31T00:00:00.000Z,Price change,2023-01-09T00:00:00.000Z,Listed for rent,2022-07-11T00:00:00.000Z,Listing removed,2022-07-11T00:00:00.000Z,Contingent,2022-06-30T00:00:00.000Z,Sold,2022-06-13T00:00:00.000Z,Listed for sale,2017-11-19T00:00:00.000Z,Listing removed,2017-10-25T00:00:00.000Z,Price change,2017-10-18T00:00:00.000Z,Listed for rent,2017-05-10T00:00:00.000Z,Listing removed,2017-05-04T00:00:00.000Z,Price change,2017-04-16T00:00:00.000Z,Price change,2017-03-01T00:00:00.000Z,Listed for rent,2017-02-24T00:00:00.000Z,Sold,2017-01-19T00:00:00.000Z,Listed for sale,2015-08-03T00:00:00.000Z,Sold,,,,,,,,,,,,
"516 S Oak St, Little Rock, AR 72205",516 S Oak St,Little Rock,AR,,forRent,3,1224,,1095,151,https://www.zillow.com/homedetails/516-S-Oak-St-Little-Rock-AR-72205/309202_zpid/,,224500,2026-09-21T00:00:00.000Z,Price change,2026-07-14T00:00:00.000Z,Price change,2026-05-06T00:00:00.000Z,Listed for rent,2025-05-05T00:00:00.000Z,Listing removed,2025-04-01T00:00:00.000Z,Price change,2025-03-24T00:00:00.000Z,Sold,2025-03-07T00:00:00.000Z,Price change,2025-02-11T00:00:00.000Z,Price change,2025-01-20T00:00:00.000Z,Listed for rent,2024-10-23T00:00:00.000Z,Listed for sale,2021-03-24T00:00:00.000Z,Listing removed,2019-05-06T00:00:00.000Z,Listing removed,2019-04-24T00:00:00.000Z,Listed for rent,2018-09-16T00:00:00.000Z,Listing removed,2018-09-03T00:00:00.000Z,Listed for rent,2016-01-06T00:00:00.000Z,Listing removed,2015-12-07T00:00:00.000Z,Listed for rent,2015-03-31T00:00:00.000Z,Listing removed,2015-03-17T00:00:00.000Z,Listed for rent,2014-07-30T00:00:00.000Z,Sold,,,,,,,,,,,,,,,,,,,,
"1923 Moss St, North Little Rock, AR 72114",1923 Moss St,North Little Rock,AR,,forRent,3,1272,,975,46,https://www.zillow.com/homedetails/1923-Moss-St-North-Little-Rock-AR-72114/303172_zpid/,,16000,2026-09-29T00:00:00.000Z,Price change,2026-08-27T00:00:00.000Z,Price change,2026-08-20T00:00:00.000Z,Listed for rent,2022-01-25T00:00:00.000Z,Listing removed,2022-01-18T00:00:00.000Z,Price change,2021-12-16T00:00:00.000Z,Price change,2021-11-25T00:00:00.000Z,Listed for rent,2021-09-02T00:00:00.000Z,Listing removed,2021-08-21T00:00:00.000Z,Price change,2021-08-12T00:00:00.000Z,Listed for rent,2019-02-22T00:00:00.000Z,Listing removed,2019-01-09T00:00:00.000Z,Price change,2018-11-11T00:00:00.000Z,Listed for rent,2018-02-20T00:00:00.000Z,Listing removed,2018-02-16T00:00:00.000Z,Price change,2018-01-01T00:00:00.000Z,Price change,2017-12-04T00:00:00.000Z,Listed for rent,2017-02-20T00:00:00.000Z,Listing removed,2017-02-15T00:00:00.000Z,Listed for rent,2016-03-02T00:00:00.000Z,Listing removed,2016-02-27T00:00:00.000Z,Price change,2016-01-29T00:00:00.000Z,Listed for rent,2015-09-19T00:00:00.000Z,Listing removed,2015-09-12T00:00:00.000Z,Listed for rent,2015-08-14T00:00:00.000Z,Sold,2015-02-23T00:00:00.000Z,Listing removed,2013-04-19T00:00:00.000Z,Sold,2003-06-09T00:00:00.000Z,Sold,1997-05-21T00:00:00.000Z,Sold,,
"1112 Crest Rd, North Little Rock, AR 72114",1112 Crest Rd,North Little Rock,AR,,forRent,3,1150,,1050,53,https://www.zillow.com/homedetails/1112-Crest-Rd-North-Little-Rock-AR-72114/304451_zpid/,,419000,2026-08-12T00:00:00.000Z,Listed for rent,2015-06-11T00:00:00.000Z,Sold,2005-07-26T00:00:00.000Z,Sold,,,,,,,,,,,,,,,,,,,,,,,,,,,,,,,,,,,,,,,,,,,,,,,,,,,,,,
"5111 W 30th St, Little Rock, AR 72204",5111 W 30th St,Little Rock,AR,,forRent,4,1452,,1400,20,https://www.zillow.com/homedetails/5111-W-30th-St-Little-Rock-AR-72204/318834_zpid/,,237000,2026-08-07T00:00:00.000Z,Listed for rent,2026-07-24T00:00:00.000Z,Listing removed,2026-06-13T00:00:00.000Z,Listed for rent,2024-05-11T00:00:00.000Z,Listing removed,2024-03-14T00:00:00.000Z,Price change,2023-12-18T00:00:00.000Z,Listed for rent,2023-12-10T00:00:00.000Z,Listing removed,2023-09-29T00:00:00.000Z,Price change,2023-07-20T00:00:00.000Z,Price change,2023-06-21T00:00:00.000Z,Listed for rent,2021-11-26T00:00:00.000Z,Listing removed,2021-10-02T00:00:00.000Z,Price change,2021-09-19T00:00:00.000Z,Listed for rent,2018-05-23T00:00:00.000Z,Listing removed,2018-04-09T00:00:00.000Z,Price change,2018-03-27T00:00:00.000Z,Price change,2018-03-19T00:00:00.000Z,Price change,2017-10-23T00:00:00.000Z,Price change,2017-08-30T00:00:00.000Z,Price change,2017-06-19T00:00:00.000Z,Price change,2017-05-19T00:00:00.000Z,Price change,2017-02-12T00:00:00.000Z,Listed for rent,2015-09-04T00:00:00.000Z,Listing removed,2015-04-04T00:00:00.000Z,Price change,2015-03-23T00:00:00.000Z,Sold,2015-03-21T00:00:00.000Z,Listed for rent,2008-04-24T00:00:00.000Z,Sold,1999-08-31T00:00:00.000Z,Sold,,,,
"605 E 21st St, Little Rock, AR 72206",605 E 21st St,Little Rock,AR,,forRent,3,1552,,1900,37,https://www.zillow.com/homedetails/605-E-21st-St-Little-Rock-AR-72206/316599_zpid/,,135000,2026-09-22T00:00:00.000Z,Listing removed,2026-08-28T00:00:00.000Z,Listed for rent,2026-08-19T00:00:00.000Z,Price change,2026-05-20T00:00:00.000Z,Price change,2026-04-21T00:00:00.000Z,Listed for sale,2022-11-23T00:00:00.000Z,Sold,2022-03-17T00:00:00.000Z,Sold,2020-02-25T00:00:00.000Z,Listing removed,2020-01-28T00:00:00.000Z,Listed for sale,2015-08-28T00:00:00.000Z,Sold,2015-07-10T00:00:00.000Z,Price change,2015-07-03T00:00:00.000Z,Pending sale,2015-07-03T00:00:00.000Z,Listed for sale,2014-11-04T00:00:00.000Z,Sold,2014-05-26T00:00:00.000Z,Listed for sale,,,,,,,,,,,,,,,,,,,,,,,,,,,,,,
"6404 Longwood Rd, Cammack Village, AR 72207",6404 Longwood Rd,Cammack Village,AR,,forRent,3,1168,,1350,33,https://www.zillow.com/homedetails/6404-Longwood-Rd-Cammack-Village-AR-72207/329613_zpid/,,28000,2026-09-29T00:00:00.000Z,Price change,2026-09-25T00:00:00.000Z,Price change,2026-09-09T00:00:00.000Z,Price change,2026-09-01T00:00:00.000Z,Listed for rent,2026-08-15T00:00:00.000Z,Listing removed,2026-07-17T00:00:00.000Z,Listed for sale,2021-03-24T00:00:00.000Z,Listing removed,2015-07-20T00:00:00.000Z,Sold,2012-08-15T00:00:00.000Z,Sold,2012-05-15T00:00:00.000Z,Listed for sale,2009-07-10T00:00:00.000Z,Sold,,,,,,,,,,,,,,,,,,,,,,,,,,,,,,,,,,,,,,
"5816 Wisteria Ct, N Little Rock, AR 72118",5816 Wisteria Ct,N Little Rock,AR,,forRent,3,1196,,1195,6,https://www.zillow.com/homedetails/5816-Wisteria-Ct-N-Little-Rock-AR-72118/298013_zpid/,,68000,2026-09-28T00:00:00.000Z,Listed for rent,2023-03-05T00:00:00.000Z,Listing removed,2023-01-31T00:00:00.000Z,Price change,2022-12-17T00:00:00.000Z,Listed for rent,2021-11-29T00:00:00.000Z,Sold,2021-10-27T00:00:00.000Z,Listing removed,2021-09-24T00:00:00.000Z,Listed for rent,2021-05-26T00:00:00.000Z,Sold,2021-05-13T00:00:00.000Z,Listed for sale,2013-06-24T00:00:00.000Z,Sold,2010-04-21T00:00:00.000Z,Sold,,,,,,,,,,,,,,,,,,,,,,,,,,,,,,,,,,,,,,
"9200 Woodbine St, Sherwood, AR 72120",9200 Woodbine St,Sherwood,AR,,forRent,3,1200,,1395,3,https://www.zillow.com/homedetails/9200-Woodbine-St-Sherwood-AR-72120/463827086_zpid/,,,2026-09-17T00:00:00.000Z,Price change,2026-09-09T00:00:00.000Z,Price change,2026-07-31T00:00:00.000Z,Price change,2026-07-13T00:00:00.000Z,Listed for rent,,,,,,,,,,,,,,,,,,,,,,,,,,,,,,,,,,,,,,,,,,,,,,,,,,,,
"1117 Nicole Dr, North Little Rock, AR 72118",1117 Nicole Dr,North Little Rock,AR,,forRent,3,1109,,1250,32,https://www.zillow.com/homedetails/1117-Nicole-Dr-North-Little-Rock-AR-72118/298355_zpid/,,149900,2026-09-02T00:00:00.000Z,Listed for rent,2026-08-24T00:00:00.000Z,Listing removed,2026-07-21T00:00:00.000Z,Listed for rent,2014-11-06T00:00:00.000Z,Sold,2013-10-02T00:00:00.000Z,Sold,2013-05-30T00:00:00.000Z,Price change,2013-05-01T00:00:00.000Z,Price change,2013-04-12T00:00:00.000Z,Price change,2013-01-23T00:00:00.000Z,Listed for sale,2001-07-19T00:00:00.000Z,Sold,2000-04-25T00:00:00.000Z,Sold,,,,,,,,,,,,,,,,,,,,,,,,,,,,,,,,,,,,,,
"7801 Bradley Dr, Little Rock, AR 72209",7801 Bradley Dr,Little Rock,AR,,forRent,3,888,,864,90,https://www.zillow.com/homedetails/7801-Bradley-Dr-Little-Rock-AR-72209/359448_zpid/,,40000,2026-07-24T00:00:00.000Z,Price change,2026-05-21T00:00:00.000Z,Price change,2026-05-02T00:00:00.000Z,Listed for rent,2025-06-14T00:00:00.000Z,Listing removed,2025-06-08T00:00:00.000Z,Price change,2025-06-01T00:00:00.000Z,Price change,2025-05-26T00:00:00.000Z,Price change,2025-05-20T00:00:00.000Z,Price change,2025-05-17T00:00:00.000Z,Listed for rent,2024-05-06T00:00:00.000Z,Listing removed,2024-05-03T00:00:00.000Z,Listed for rent,2024-04-25T00:00:00.000Z,Listing removed,2024-04-19T00:00:00.000Z,Price change,2024-04-17T00:00:00.000Z,Price change,2024-04-15T00:00:00.000Z,Price change,2024-04-09T00:00:00.000Z,Price change,2024-04-06T00:00:00.000Z,Price change,2024-03-31T00:00:00.000Z,Price change,2024-03-29T00:00:00.000Z,Price change,2024-03-27T00:00:00.000Z,Listed for rent,2023-04-21T00:00:00.000Z,Listing removed,2023-04-05T00:00:00.000Z,Price change,2023-03-23T00:00:00.000Z,Price change,2023-02-17T00:00:00.000Z,Price change,2023-02-09T00:00:00.000Z,Listed for rent,2020-06-25T00:00:00.000Z,Sold,2016-01-04T00:00:00.000Z,Sold,,,,,,
"3501 Arapaho Trl, Little Rock, AR 72209",3501 Arapaho Trl,Little Rock,AR,,forRent,3,1000,,1095,229,https://www.zillow.com/homedetails/3501-Arapaho-Trl-Little-Rock-AR-72209/322407_zpid/,,134900,2026-09-26T00:00:00.000Z,Price change,2026-09-02T00:00:00.000Z,Price change,2026-06-26T00:00:00.000Z,Price change,2026-02-18T00:00:00.000Z,Listed for rent,2025-04-22T00:00:00.000Z,Sold,2024-12-18T00:00:00.000Z,Listing removed,2024-12-13T00:00:00.000Z,Price change,2024-12-05T00:00:00.000Z,Price change,2024-11-18T00:00:00.000Z,Listed for rent,2024-11-07T00:00:00.000Z,Listing removed,2024-09-10T00:00:00.000Z,Listed for rent,2013-05-23T00:00:00.000Z,Sold,,,,,,,,,,,,,,,,,,,,,,,,,,,,,,,,,,,,
"59 Purdue Cir, Little Rock, AR 72204",59 Purdue Cir,Little Rock,AR,,forRent,3,1200,,1200,20,https://www.zillow.com/homedetails/59-Purdue-Cir-Little-Rock-AR-72204/351538_zpid/,,279500,2026-08-07T00:00:00.000Z,Listed for rent,2026-07-27T00:00:00.000Z,Listing removed,2026-06-14T00:00:00.000Z,Price change,2026-03-18T00:00:00.000Z,Listed for rent,2022-05-02T00:00:00.000Z,Listing removed,2022-04-09T00:00:00.000Z,Listed for rent,2021-05-20T00:00:00.000Z,Listing removed,2020-11-11T00:00:00.000Z,Price change,2020-09-16T00:00:00.000Z,Price change,2020-06-23T00:00:00.000Z,Price change,2020-06-14T00:00:00.000Z,Price change,2020-05-20T00:00:00.000Z,Listed for rent,2015-10-28T00:00:00.000Z,Sold,2015-08-19T00:00:00.000Z,Sold,2015-03-25T00:00:00.000Z,Sold,1999-06-09T00:00:00.000Z,Sold,,,,,,,,,,,,,,,,,,,,,,,,,,,,
"6700 Delhaven Dr, N Little Rock, AR 72117",6700 Delhaven Dr,N Little Rock,AR,,forRent,3,1387,,1150,13,https://www.zillow.com/homedetails/6700-Delhaven-Dr-N-Little-Rock-AR-72117/274747_zpid/,,50000,2026-09-21T00:00:00.000Z,Listed for rent,2026-09-06T00:00:00.000Z,Listing removed,2026-08-05T00:00:00.000Z,Listed for rent,2024-02-12T00:00:00.000Z,Sold,2014-03-28T00:00:00.000Z,Sold,,,,,,,,,,,,,,,,,,,,,,,,,,,,,,,,,,,,,,,,,,,,,,,,,,
"1919 S Pulaski St, Little Rock, AR 72206",1919 S Pulaski St,Little Rock,AR,,forRent,4,1223,,1595,32,https://www.zillow.com/homedetails/1919-S-Pulaski-St-Little-Rock-AR-72206/82850519_zpid/,,213,2026-09-02T00:00:00.000Z,Listed for rent,2026-08-31T00:00:00.000Z,Listing removed,2026-08-21T00:00:00.000Z,Listed for rent,2017-06-30T00:00:00.000Z,Sold,2001-04-04T00:00:00.000Z,Sold,1998-08-14T00:00:00.000Z,Sold,,,,,,,,,,,,,,,,,,,,,,,,,,,,,,,,,,,,,,,,,,,,,,,,
"2717 Martin Luther King Dr, Little Rock, AR 72206",2717 Martin Luther King Dr,Little Rock,AR,,forRent,3,1180,,1250,15,https://www.zillow.com/homedetails/2717-Martin-Luther-King-Dr-Little-Rock-AR-72206/317842_zpid/,,1402,2026-09-29T00:00:00.000Z,Price change,2026-09-19T00:00:00.000Z,Listed for rent,2026-03-25T00:00:00.000Z,Listing removed,2026-03-25T00:00:00.000Z,Price change,2026-01-31T00:00:00.000Z,Listed for rent,2024-10-30T00:00:00.000Z,Listing removed,2024-10-26T00:00:00.000Z,Price change,2024-10-21T00:00:00.000Z,Listed for rent,2024-09-13T00:00:00.000Z,Listing removed,2024-08-23T00:00:00.000Z,Listed for rent,2024-01-26T00:00:00.000Z,Listing removed,2024-01-05T00:00:00.000Z,Price change,2023-12-29T00:00:00.000Z,Listed for rent,2023-12-12T00:00:00.000Z,Listing removed,2023-11-21T00:00:00.000Z,Listed for rent,2016-04-14T00:00:00.000Z,Sold,2014-11-11T00:00:00.000Z,Sold,,,,,,,,,,,,,,,,,,,,,,,,,,
"5801 Southwick Dr, Little Rock, AR 72209",5801 Southwick Dr,Little Rock,AR,,forRent,3,1149,,1156,94,https://www.zillow.com/homedetails/5801-Southwick-Dr-Little-Rock-AR-72209/322861_zpid/,,60608,2026-07-02T00:00:00.000Z,Listed for rent,2024-01-30T00:00:00.000Z,Listing removed,2024-01-27T00:00:00.000Z,Price change,2024-01-12T00:00:00.000Z,Price change,2023-12-23T00:00:00.000Z,Listed for rent,2022-11-01T00:00:00.000Z,Listing removed,2022-10-28T00:00:00.000Z,Price change,2022-10-15T00:00:00.000Z,Price change,2022-10-06T00:00:00.000Z,Price change,2022-09-29T00:00:00.000Z,Price change,2022-09-28T00:00:00.000Z,Price change,2022-09-23T00:00:00.000Z,Listed for rent,2022-08-05T00:00:00.000Z,Listing removed,2022-07-26T00:00:00.000Z,Listed for sale,2014-05-29T00:00:00.000Z,Sold,2014-04-24T00:00:00.000Z,Listed for sale,2014-03-21T00:00:00.000Z,Sold,2007-10-24T00:00:00.000Z,Sold,1998-09-18T00:00:00.000Z,Sold,,,,,,,,,,,,,,,,,,,,,,
"1116 Parkway Dr, N Little Rock, AR 72118",1116 Parkway Dr,N Little Rock,AR,,forRent,4,1438,,1695,49,https://www.zillow.com/homedetails/1116-Parkway-Dr-N-Little-Rock-AR-72118/301125_zpid/,,48500,2026-09-25T00:00:00.000Z,Price change,2026-08-16T00:00:00.000Z,Listed for rent,2026-07-28T00:00:00.000Z,Listing removed,2026-07-14T00:00:00.000Z,Listed for rent,2026-07-14T00:00:00.000Z,Listing removed,2026-05-24T00:00:00.000Z,Price change,2026-05-23T00:00:00.000Z,Price change,2026-05-08T00:00:00.000Z,Price change,2026-04-28T00:00:00.000Z,Price change,2026-04-15T00:00:00.000Z,Listed for rent,2026-01-20T00:00:00.000Z,Sold,2013-08-22T00:00:00.000Z,Listing removed,2013-08-05T00:00:00.000Z,Sold,2013-04-30T00:00:00.000Z,Sold,2013-03-17T00:00:00.000Z,Listed for sale,2012-10-29T00:00:00.000Z,Listing removed,2012-10-21T00:00:00.000Z,Listed for sale,2012-08-21T00:00:00.000Z,Sold,2006-11-07T00:00:00.000Z,Sold,,,,,,,,,,,,,,,,,,,,,,
"508 W 33rd St, North Little Rock, AR 72118",508 W 33rd St,North Little Rock,AR,,forRent,3,1629,,1300,33,https://www.zillow.com/homedetails/508-W-33rd-St-North-Little-Rock-AR-72118/301739_zpid/,,129900,2026-09-11T00:00:00.000Z,Price change,2026-09-05T00:00:00.000Z,Price change,2026-09-01T00:00:00.000Z,Listed for rent,2026-08-31T00:00:00.000Z,Listing removed,2026-07-14T00:00:00.000Z,Listed for sale,2026-07-03T00:00:00.000Z,Listing removed,2026-02-20T00:00:00.000Z,Price change,2026-02-05T00:00:00.000Z,Listed for sale,2023-05-24T00:00:00.000Z,Sold,2023-03-04T00:00:00.000Z,Price change,2023-02-15T00:00:00.000Z,Listed for sale,2019-01-01T00:00:00.000Z,Listing removed,2018-07-26T00:00:00.000Z,Price change,2018-06-29T00:00:00.000Z,Price change,2018-06-04T00:00:00.000Z,Listed for sale,2018-02-21T00:00:00.000Z,Sold,2014-08-21T00:00:00.000Z,Sold,,,,,,,,,,,,,,,,,,,,,,,,,,
"(Undisclosed Address), North Little Rock, AR 72117",(Undisclosed Address),North Little Rock,AR,,forRent,3,1600,,1350,39,https://www.zillow.com/homedetails/North-Little-Rock-AR-72117/274655_zpid/,,36000,2026-09-21T00:00:00.000Z,Price change,2026-08-26T00:00:00.000Z,Listed for rent,2005-09-29T00:00:00.000Z,Sold,2002-04-29T00:00:00.000Z,Sold,,,,,,,,,,,,,,,,,,,,,,,,,,,,,,,,,,,,,,,,,,,,,,,,,,,,
"1515 S Pierce St, Little Rock, AR 72204",1515 S Pierce St,Little Rock,AR,,forRent,3,1024,,1000,62,https://www.zillow.com/homedetails/1515-S-Pierce-St-Little-Rock-AR-72204/311531_zpid/,,189900,2026-08-03T00:00:00.000Z,Listed for rent,2026-07-01T00:00:00.000Z,Listing removed,2026-05-28T00:00:00.000Z,Listed for rent,2010-06-11T00:00:00.000Z,Sold,2004-07-15T00:00:00.000Z,Sold,2002-12-12T00:00:00.000Z,Sold,,,,,,,,,,,,,,,,,,,,,,,,,,,,,,,,,,,,,,,,,,,,,,,,
"1500 Coolhurst Ave, Sherwood, AR 72120",1500 Coolhurst Ave,Sherwood,AR,,forRent,4,2200,,1925,16,https://www.zillow.com/homedetails/1500-Coolhurst-Ave-Sherwood-AR-72120/282021_zpid/,,85900,2026-09-19T00:00:00.000Z,Listed for rent,2025-06-03T00:00:00.000Z,Listing removed,2025-05-16T00:00:00.000Z,Listed for rent,2021-02-23T00:00:00.000Z,Listing removed,2020-06-24T00:00:00.000Z,Listing removed,2020-06-17T00:00:00.000Z,Listed for rent,2015-08-04T00:00:00.000Z,Listing removed,2015-07-31T00:00:00.000Z,Listed for rent,2014-07-01T00:00:00.000Z,Listing removed,2014-06-22T00:00:00.000Z,Listed for rent,2013-12-28T00:00:00.000Z,Listing removed,2013-10-29T00:00:00.000Z,Listed for rent,2007-03-12T00:00:00.000Z,Sold,1969-12-31T00:00:00.000Z,Sold,,,,,,,,,,,,,,,,,,,,,,,,,,,,,,,,
"35 Springridge Dr, Little Rock, AR 72211",35 Springridge Dr,Little Rock,AR,,forRent,3,1665,,2000,23,https://www.zillow.com/homedetails/35-Springridge-Dr-Little-Rock-AR-72211/348631_zpid/,,186500,2026-08-04T00:00:00.000Z,Listed for rent,2024-01-26T00:00:00.000Z,Listing removed,2024-01-06T00:00:00.000Z,Listed for rent,2023-12-27T00:00:00.000Z,Listing removed,2023-12-06T00:00:00.000Z,Listed for rent,2023-08-03T00:00:00.000Z,Listing removed,2023-07-30T00:00:00.000Z,Listed for rent,2016-05-06T00:00:00.000Z,Sold,2016-03-01T00:00:00.000Z,Listed for sale,2015-10-16T00:00:00.000Z,Sold,2013-05-21T00:00:00.000Z,Sold,2013-05-18T00:00:00.000Z,Pending sale,2013-02-21T00:00:00.000Z,Price change,2012-11-30T00:00:00.000Z,Listed for sale,2007-01-29T00:00:00.000Z,Sold,,,,,,,,,,,,,,,,,,,,,,,,,,,,,,
"5521 Green Valley Ave, North Little Rock, AR 72118",5521 Green Valley Ave,North Little Rock,AR,,forRent,3,1332,,1400,52,https://www.zillow.com/homedetails/5521-Green-Valley-Ave-North-Little-Rock-AR-72118/298794_zpid/,,129600,2026-09-02T00:00:00.000Z,Price change,2026-08-14T00:00:00.000Z,Listed for rent,2026-07-28T00:00:00.000Z,Listing removed,2026-03-01T00:00:00.000Z,Price change,2026-02-13T00:00:00.000Z,Listed for rent,2025-07-30T00:00:00.000Z,Listing removed,2025-07-23T00:00:00.000Z,Listed for rent,2023-12-02T00:00:00.000Z,Listing removed,2023-11-28T00:00:00.000Z,Listed for rent,2021-01-05T00:00:00.000Z,Listing removed,2020-12-29T00:00:00.000Z,Listed for rent,2020-06-03T00:00:00.000Z,Listing removed,2020-05-29T00:00:00.000Z,Listed for rent,2017-12-31T00:00:00.000Z,Listing removed,2017-12-04T00:00:00.000Z,Listed for rent,2015-05-28T00:00:00.000Z,Sold,2014-12-12T00:00:00.000Z,Listing removed,2014-11-25T00:00:00.000Z,Listed for rent,2014-07-16T00:00:00.000Z,Listing removed,2014-07-11T00:00:00.000Z,Sold,2014-06-16T00:00:00.000Z,Listed for rent,2014-05-03T00:00:00.000Z,Listed for sale,2014-02-25T00:00:00.000Z,Listing removed,2014-01-30T00:00:00.000Z,Price change,2014-01-25T00:00:00.000Z,Listed for sale,2013-06-28T00:00:00.000Z,Sold,2006-11-30T00:00:00.000Z,Sold,2003-04-21T00:00:00.000Z,Sold,,,,
"205 Lynnewood Dr, Jacksonville, AR 72076",205 Lynnewood Dr,Jacksonville,AR,,forRent,3,1427,,1450,39,https://www.zillow.com/homedetails/205-Lynnewood-Dr-Jacksonville-AR-72076/272391_zpid/,,496000,2026-08-26T00:00:00.000Z,Listed for rent,2025-02-05T00:00:00.000Z,Listing removed,2024-12-03T00:00:00.000Z,Listed for rent,2022-04-16T00:00:00.000Z,Listing removed,2022-03-14T00:00:00.000Z,Listed for rent,2020-09-29T00:00:00.000Z,Listing removed,2020-07-31T00:00:00.000Z,Listed for rent,2014-06-24T00:00:00.000Z,Sold,2004-06-23T00:00:00.000Z,Sold,,,,,,,,,,,,,,,,,,,,,,,,,,,,,,,,,,,,,,,,,,
"4224 Sugar Maple Ln, Little Rock, AR 72223",4224 Sugar Maple Ln,Little Rock,AR,,forRent,3,1648,,2100,20,https://www.zillow.com/homedetails/4224-Sugar-Maple-Ln-Little-Rock-AR-72223/332265_zpid/,,236000,2026-09-14T00:00:00.000Z,Listed for rent,2024-09-13T00:00:00.000Z,Listing removed,2024-09-04T00:00:00.000Z,Listed for rent,2024-08-23T00:00:00.000Z,Listing removed,2024-08-13T00:00:00.000Z,Listed for rent,2023-12-08T00:00:00.000Z,Listing removed,2023-10-29T00:00:00.000Z,Price change,2023-09-25T00:00:00.000Z,Price change,2023-09-18T00:00:00.000Z,Listed for rent,2023-09-05T00:00:00.000Z,Sold,2023-08-04T00:00:00.000Z,Contingent,2023-07-20T00:00:00.000Z,Listed for sale,2013-02-05T00:00:00.000Z,Sold,2006-02-17T00:00:00.000Z,Sold,2004-07-19T00:00:00.000Z,Sold,2001-06-11T00:00:00.000Z,Sold,,,,,,,,,,,,,,,,,,,,,,,,,,,,
"12451 Maryland Pl, Sherwood, AR 72120",12451 Maryland Pl,Sherwood,AR,,forRent,3,1176,,1500,34,https://www.zillow.com/homedetails/12451-Maryland-Pl-Sherwood-AR-72120/280063_zpid/,,156500,2026-08-31T00:00:00.000Z,Listed for rent,2022-07-27T00:00:00.000Z,Sold,2022-06-16T00:00:00.000Z,Listed for sale,2013-05-09T00:00:00.000Z,Sold,2005-09-13T00:00:00.000Z,Sold,1997-08-11T00:00:00.000Z,Sold,,,,,,,,,,,,,,,,,,,,,,,,,,,,,,,,,,,,,,,,,,,,,,,,
"405 Bender St, Little Rock, AR 72202",405 Bender St,Little Rock,AR,,forRent,3,1300,,1900,44,https://www.zillow.com/homedetails/405-Bender-St-Little-Rock-AR-72202/306501_zpid/,,1882,2026-09-17T00:00:00.000Z,Listed for rent,2026-09-07T00:00:00.000Z,Listing removed,2026-08-21T00:00:00.000Z,Listed for rent,2026-07-26T00:00:00.000Z,Listing removed,2026-07-21T00:00:00.000Z,Listed for rent,2026-06-23T00:00:00.000Z,Listing removed,2026-06-02T00:00:00.000Z,Listed for rent,2026-04-12T00:00:00.000Z,Listing removed,2026-03-09T00:00:00.000Z,Price change,2026-03-01T00:00:00.000Z,Price change,2026-01-17T00:00:00.000Z,Listed for rent,2025-12-17T00:00:00.000Z,Listing removed,2025-12-04T00:00:00.000Z,Listed for rent,2016-04-26T00:00:00.000Z,Sold,2014-04-23T00:00:00.000Z,Sold,2001-01-19T00:00:00.000Z,Sold,,,,,,,,,,,,,,,,,,,,,,,,,,,,
"6401 Longwood Rd, Cammack Village, AR 72207",6401 Longwood Rd,Cammack Village,AR,,forRent,4,1900,,4000,5,https://www.zillow.com/homedetails/6401-Longwood-Rd-Cammack-Village-AR-72207/329565_zpid/,,239000,2026-09-16T00:00:00.000Z,Price change,2026-08-16T00:00:00.000Z,Listed for rent,2026-06-09T00:00:00.000Z,Listing removed,2026-05-19T00:00:00.000Z,Listed for rent,2026-04-08T00:00:00.000Z,Listing removed,2026-03-21T00:00:00.000Z,Listed for rent,2026-03-07T00:00:00.000Z,Listing removed,2026-02-21T00:00:00.000Z,Price change,2025-09-28T00:00:00.000Z,Listed for rent,2025-04-08T00:00:00.000Z,Listing removed,2025-03-22T00:00:00.000Z,Listed for rent,2025-03-07T00:00:00.000Z,Listing removed,2025-03-03T00:00:00.000Z,Listed for rent,2024-11-23T00:00:00.000Z,Listing removed,2024-11-16T00:00:00.000Z,Listed for rent,2024-10-01T00:00:00.000Z,Listing removed,2024-09-28T00:00:00.000Z,Listed for rent,2023-10-28T00:00:00.000Z,Listing removed,2023-10-19T00:00:00.000Z,Price change,2023-10-11T00:00:00.000Z,Listed for rent,2023-04-12T00:00:00.000Z,Listing removed,2023-04-08T00:00:00.000Z,Listed for rent,2021-02-23T00:00:00.000Z,Listing removed,2020-07-09T00:00:00.000Z,Listing removed,2020-05-10T00:00:00.000Z,Listed for rent,2017-05-12T00:00:00.000Z,Sold,2015-09-03T00:00:00.000Z,Sold,2011-08-24T00:00:00.000Z,Sold,,,,
"5013 Longview Dr, North Little Rock, AR 72118",5013 Longview Dr,North Little Rock,AR,,forRent,3,1000,,1275,90,https://www.zillow.com/homedetails/5013-Longview-Dr-North-Little-Rock-AR-72118/298964_zpid/,,129500,2026-08-27T00:00:00.000Z,Price change,2026-07-06T00:00:00.000Z,Listed for rent,2013-08-22T00:00:00.000Z,Sold,,,,,,,,,,,,,,,,,,,,,,,,,,,,,,,,,,,,,,,,,,,,,,,,,,,,,,
"4417 W 26th St, Little Rock, AR 72204",4417 W 26th St,Little Rock,AR,,forRent,3,1197,,1100,13,https://www.zillow.com/homedetails/4417-W-26th-St-Little-Rock-AR-72204/314146_zpid/,,100000,2026-09-21T00:00:00.000Z,Listed for rent,2025-02-03T00:00:00.000Z,Listing removed,2025-01-29T00:00:00.000Z,Price change,2024-12-17T00:00:00.000Z,Price change,2024-11-26T00:00:00.000Z,Price change,2024-11-02T00:00:00.000Z,Listed for rent,2024-10-29T00:00:00.000Z,Sold,2024-08-14T00:00:00.000Z,Price change,2024-07-31T00:00:00.000Z,Price change,2024-07-19T00:00:00.000Z,Listed for sale,2018-11-02T00:00:00.000Z,Sold,2018-10-28T00:00:00.000Z,Price change,2018-10-11T00:00:00.000Z,Listed for sale,2018-08-17T00:00:00.000Z,Listing removed,2018-08-06T00:00:00.000Z,Listed for sale,,,,,,,,,,,,,,,,,,,,,,,,,,,,,,
"7300 W Markham St, Little Rock, AR 72205",7300 W Markham St,Little Rock,AR,,forRent,3,1625,,2500,84,https://www.zillow.com/homedetails/7300-W-Markham-St-Little-Rock-AR-72205/344079_zpid/,,228800,2026-07-12T00:00:00.000Z,Listed for rent,2025-09-09T00:00:00.000Z,Listing removed,2025-07-12T00:00:00.000Z,Listed for rent,2021-11-15T00:00:00.000Z,Sold,2021-11-15T00:00:00.000Z,Contingent,2021-10-15T00:00:00.000Z,Listed for sale,,,,,,,,,,,,,,,,,,,,,,,,,,,,,,,,,,,,,,,,,,,,,,,,
"10501 Diamond Dr, Little Rock, AR 72209",10501 Diamond Dr,Little Rock,AR,,forRent,4,2327,,1700,1,https://www.zillow.com/homedetails/10501-Diamond-Dr-Little-Rock-AR-72209/361505_zpid/,,600000,2026-08-10T00:00:00.000Z,Price change,2026-07-21T00:00:00.000Z,Listed for rent,2025-09-19T00:00:00.000Z,Listing removed,2025-05-17T00:00:00.000Z,Listed for rent,2025-05-10T00:00:00.000Z,Listing removed,2025-05-08T00:00:00.000Z,Listed for rent,2025-04-26T00:00:00.000Z,Listing removed,2025-03-13T00:00:00.000Z,Listed for rent,2024-12-26T00:00:00.000Z,Listing removed,2024-12-20T00:00:00.000Z,Price change,2024-11-26T00:00:00.000Z,Listed for rent,2021-01-18T00:00:00.000Z,Listing removed,2019-10-03T00:00:00.000Z,Listing removed,2019-09-28T00:00:00.000Z,Listed for rent,2019-08-22T00:00:00.000Z,Listing removed,2019-08-01T00:00:00.000Z,Listed for rent,2018-09-06T00:00:00.000Z,Listing removed,2018-08-30T00:00:00.000Z,Listed for rent,2015-10-09T00:00:00.000Z,Sold,2013-09-30T00:00:00.000Z,Sold,2013-08-02T00:00:00.000Z,Price change,2013-06-14T00:00:00.000Z,Listed for sale,2013-04-09T00:00:00.000Z,Sold,2004-07-12T00:00:00.000Z,Sold,,,,,,,,,,,,
"6 Pickering Dr, Little Rock, AR 72211",6 Pickering Dr,Little Rock,AR,,forRent,3,1586,,1850,12,https://www.zillow.com/homedetails/6-Pickering-Dr-Little-Rock-AR-72211/339840_zpid/,,135000,2026-10-03T00:00:00.000Z,Price change,2026-09-23T00:00:00.000Z,Price change,2026-09-01T00:00:00.000Z,Price change,2026-08-09T00:00:00.000Z,Listed for rent,2026-03-24T00:00:00.000Z,Sold,2016-06-02T00:00:00.000Z,Sold,2015-08-20T00:00:00.000Z,Sold,2015-01-05T00:00:00.000Z,Listing removed,2014-10-23T00:00:00.000Z,Listed for rent,2014-10-22T00:00:00.000Z,Listing removed,2014-09-19T00:00:00.000Z,Price change,2014-09-13T00:00:00.000Z,Price change,2014-06-05T00:00:00.000Z,Price change,2014-04-25T00:00:00.000Z,Listed for sale,2008-07-11T00:00:00.000Z,Sold,2000-10-12T00:00:00.000Z,Sold,1997-08-28T00:00:00.000Z,Sold,,,,,,,,,,,,,,,,,,,,,,,,,,
"3200 Mossy Creek Dr, Little Rock, AR 72211",3200 Mossy Creek Dr,Little Rock,AR,,forRent,4,2500,,2900,12,https://www.zillow.com/homedetails/3200-Mossy-Creek-Dr-Little-Rock-AR-72211/79789714_zpid/,,255000,2026-09-22T00:00:00.000Z,Listed for rent,2026-09-12T00:00:00.000Z,Listing removed,2026-08-10T00:00:00.000Z,Listed for rent,2025-09-08T00:00:00.000Z,Listing removed,2025-09-01T00:00:00.000Z,Listed for rent,2025-09-01T00:00:00.000Z,Listing removed,2025-08-14T00:00:00.000Z,Price change,2025-08-11T00:00:00.000Z,Listed for rent,2019-09-12T00:00:00.000Z,Listing removed,2019-08-30T00:00:00.000Z,Listed for rent,2019-05-06T00:00:00.000Z,Listing removed,2019-03-06T00:00:00.000Z,Listed for rent,2017-12-24T00:00:00.000Z,Listing removed,2017-11-23T00:00:00.000Z,Price change,2017-10-21T00:00:00.000Z,Listed for rent,2014-04-08T00:00:00.000Z,Listing removed,2013-12-05T00:00:00.000Z,Listed for rent,2012-01-30T00:00:00.000Z,Listing removed,2012-01-10T00:00:00.000Z,Listed for rent,2005-09-09T00:00:00.000Z,Sold,2004-10-01T00:00:00.000Z,Sold,,,,,,,,,,,,,,,,,,
"9309 E Woodruff Ave, Sherwood, AR 72120",9309 E Woodruff Ave,Sherwood,AR,,forRent,4,2840,,5200,26,https://www.zillow.com/homedetails/9309-E-Woodruff-Ave-Sherwood-AR-72120/247728065_zpid/,,355500,2026-09-08T00:00:00.000Z,Listed for rent,2026-08-26T00:00:00.000Z,Listing removed,2026-08-05T00:00:00.000Z,Listed for rent,2026-06-06T00:00:00.000Z,Listing removed,2026-05-16T00:00:00.000Z,Listed for rent,2026-04-10T00:00:00.000Z,Listing removed,2026-03-15T00:00:00.000Z,Listed for rent,2026-03-06T00:00:00.000Z,Listing removed,2026-02-20T00:00:00.000Z,Listed for rent,2026-01-25T00:00:00.000Z,Listing removed,2026-01-11T00:00:00.000Z,Listed for rent,2018-03-30T00:00:00.000Z,Sold,2017-07-18T00:00:00.000Z,Sold,,,,,,,,,,,,,,,,,,,,,,,,,,,,,,,,,,
"4815 Lee Ave, Little Rock, AR 72205",4815 Lee Ave,Little Rock,AR,,forRent,3,1459,,2900,80,https://www.zillow.com/homedetails/4815-Lee-Ave-Little-Rock-AR-72205/310340_zpid/,,215000,2026-09-29T00:00:00.000Z,Price change,2026-09-02T00:00:00.000Z,Price change,2026-08-03T00:00:00.000Z,Price change,2026-07-17T00:00:00.000Z,Listed for rent,2026-06-29T00:00:00.000Z,Listing removed,2026-06-11T00:00:00.000Z,Listed for rent,2026-02-13T00:00:00.000Z,Listing removed,2026-01-13T00:00:00.000Z,Listed for rent,2025-12-28T00:00:00.000Z,Listing removed,2025-11-07T00:00:00.000Z,Listed for rent,2025-07-08T00:00:00.000Z,Listing removed,2025-05-15T00:00:00.000Z,Listed for rent,2025-05-08T00:00:00.000Z,Listing removed,2025-03-24T00:00:00.000Z,Price change,2025-03-06T00:00:00.000Z,Listed for rent,2023-05-19T00:00:00.000Z,Sold,2023-04-05T00:00:00.000Z,Pending sale,2023-04-05T00:00:00.000Z,Contingent,2023-04-05T00:00:00.000Z,Listed for sale,2023-03-14T00:00:00.000Z,Contingent,2023-03-10T00:00:00.000Z,Listed for sale,2012-11-16T00:00:00.000Z,Sold,2012-11-11T00:00:00.000Z,Listed for sale,,,,,,,,,,,,,,
"101 Bearskin Dr, Sherwood, AR 72120",101 Bearskin Dr,Sherwood,AR,,forRent,3,1550,,4500,894,https://www.zillow.com/homedetails/101-Bearskin-Dr-Sherwood-AR-72120/273049_zpid/,,180000,2026-09-28T00:00:00.000Z,Price change,2026-09-24T00:00:00.000Z,Price change,2026-09-18T00:00:00.000Z,Price change,2026-09-03T00:00:00.000Z,Price change,2026-08-27T00:00:00.000Z,Price change,2026-06-30T00:00:00.000Z,Price change,2026-06-17T00:00:00.000Z,Price change,2026-06-04T00:00:00.000Z,Price change,2026-04-24T00:00:00.000Z,Price change,2026-03-11T00:00:00.000Z,Price change,2026-03-10T00:00:00.000Z,Price change,2026-02-06T00:00:00.000Z,Price change,2026-01-29T00:00:00.000Z,Price change,2026-01-26T00:00:00.000Z,Price change,2026-01-22T00:00:00.000Z,Price change,2025-12-16T00:00:00.000Z,Price change,2025-12-06T00:00:00.000Z,Price change,2025-12-02T00:00:00.000Z,Price change,2025-11-21T00:00:00.000Z,Price change,2025-11-06T00:00:00.000Z,Price change,2025-10-27T00:00:00.000Z,Price change,2025-10-06T00:00:00.000Z,Price change,2025-09-22T00:00:00.000Z,Price change,2025-09-17T00:00:00.000Z,Price change,2025-09-12T00:00:00.000Z,Listed for rent,2022-04-04T00:00:00.000Z,Sold,2014-03-24T00:00:00.000Z,Sold,2013-06-13T00:00:00.000Z,Sold,2006-10-16T00:00:00.000Z,Sold,2004-04-19T00:00:00.000Z,Sold
"4209 Rogers St, North Little Rock, AR 72117",4209 Rogers St,North Little Rock,AR,,forRent,4,1157,,1595,3,https://www.zillow.com/homedetails/4209-Rogers-St-North-Little-Rock-AR-72117/276587_zpid/,,353000,2026-10-02T00:00:00.000Z,Listed for rent,2026-09-15T00:00:00.000Z,Listing removed,2026-08-28T00:00:00.000Z,Listed for rent,2022-09-19T00:00:00.000Z,Listing removed,2022-06-21T00:00:00.000Z,Listed for sale,2015-08-20T00:00:00.000Z,Sold,2013-10-10T00:00:00.000Z,Sold,2005-10-11T00:00:00.000Z,Sold,,,,,,,,,,,,,,,,,,,,,,,,,,,,,,,,,,,,,,,,,,,,
"13516 Teton Dr, Little Rock, AR 72211",13516 Teton Dr,Little Rock,AR,,forRent,3,1500,,2600,58,https://www.zillow.com/homedetails/13516-Teton-Dr-Little-Rock-AR-72211/464403393_zpid/,,,2026-08-07T00:00:00.000Z,Listed for rent,,,,,,,,,,,,,,,,,,,,,,,,,,,,,,,,,,,,,,,,,,,,,,,,,,,,,,,,,,
"13723 Southfork Dr, Alexander, AR 72002",13723 Southfork Dr,Alexander,AR,,sold,3,1311,,135000,87,https://www.zillow.com/homedetails/13723-Southfork-Dr-Alexander-AR-72002/393770_zpid/,,135000,2026-09-15T00:00:00.000Z,Listing removed,2026-07-27T00:00:00.000Z,Listed for rent,2026-07-10T00:00:00.000Z,Sold,2021-06-23T00:00:00.000Z,Listing removed,2021-06-18T00:00:00.000Z,Listed for rent,2019-06-13T00:00:00.000Z,Sold,2019-05-31T00:00:00.000Z,Price change,2019-05-30T00:00:00.000Z,Price change,2019-05-25T00:00:00.000Z,Price change,2019-05-23T00:00:00.000Z,Price change,2019-05-20T00:00:00.000Z,Price change,2019-05-17T00:00:00.000Z,Price change,2019-05-16T00:00:00.000Z,Price change,2019-05-15T00:00:00.000Z,Price change,2019-05-12T00:00:00.000Z,Price change,2019-05-10T00:00:00.000Z,Price change,2019-05-09T00:00:00.000Z,Price change,2019-05-07T00:00:00.000Z,Price change,2019-05-05T00:00:00.000Z,Price change,2019-05-02T00:00:00.000Z,Price change,2019-02-11T00:00:00.000Z,Price change,2019-01-15T00:00:00.000Z,Listed for sale,,,,,,,,,,,,,,,,
"1056 Huntington Dr, Benton, AR 72019",1056 Huntington Dr,Benton,AR,,other,4,1470,,217500,1412,https://www.zillow.com/homedetails/1056-Huntington-Dr-Benton-AR-72019/2061811695_zpid/,,206900,2026-08-31T00:00:00.000Z,Listing removed,2026-08-25T00:00:00.000Z,Price change,2026-08-04T00:00:00.000Z,Price change,2026-07-02T00:00:00.000Z,Listed for rent,2025-06-23T00:00:00.000Z,Listing removed,2025-05-14T00:00:00.000Z,Price change,2025-05-07T00:00:00.000Z,Price change,2025-04-30T00:00:00.000Z,Price change,2025-04-23T00:00:00.000Z,Price change,2025-04-04T00:00:00.000Z,Listed for rent,2024-02-10T00:00:00.000Z,Listing removed,2024-01-25T00:00:00.000Z,Listed for rent,2022-11-23T00:00:00.000Z,Sold,2022-10-05T00:00:00.000Z,Contingent,2022-10-04T00:00:00.000Z,Price change,2022-08-23T00:00:00.000Z,Listed for sale,,,,,,,,,,,,,,,,,,,,,,,,,,,,
"20 Maddison Rachael, Cabot, AR 72023",20 Maddison Rachael,Cabot,AR,,other,3,1248,,188700,122,https://www.zillow.com/homedetails/20-Maddison-Rachael-Cabot-AR-72023/457082330_zpid/,,,2026-08-11T00:00:00.000Z,Listing removed,2026-07-16T00:00:00.000Z,Price change,2026-06-05T00:00:00.000Z,Listed for rent,2025-11-20T00:00:00.000Z,Listing removed,2025-11-18T00:00:00.000Z,Listed for sale,,,,,,,,,,,,,,,,,,,,,,,,,,,,,,,,,,,,,,,,,,,,,,,,,,
"6336 Warwick Dr, Bryant, AR 72002",6336 Warwick Dr,Bryant,AR,,sold,4,2112,,286000,80,https://www.zillow.com/homedetails/6336-Warwick-Dr-Bryant-AR-72002/460976365_zpid/,,286000,2026-08-22T00:00:00.000Z,Listing removed,2026-07-25T00:00:00.000Z,Listed for rent,2026-07-17T00:00:00.000Z,Sold,2026-06-29T00:00:00.000Z,Contingent,2026-06-24T00:00:00.000Z,Listed for sale,2026-04-24T00:00:00.000Z,Contingent,2026-04-14T00:00:00.000Z,Price change,2026-03-11T00:00:00.000Z,Listed for sale,,,,,,,,,,,,,,,,,,,,,,,,,,,,,,,,,,,,,,,,,,,,
"2325 Sam Tillery Dr, Alexander, AR 72002",2325 Sam Tillery Dr,Alexander,AR,,sold,3,1523,,230000,67,https://www.zillow.com/homedetails/2325-Sam-Tillery-Dr-Alexander-AR-72002/462538253_zpid/,,230000,2026-08-13T00:00:00.000Z,Listing removed,2026-07-31T00:00:00.000Z,Listed for rent,2026-07-30T00:00:00.000Z,Sold,2026-07-16T00:00:00.000Z,Contingent,2026-05-19T00:00:00.000Z,Listed for sale,,,,,,,,,,,,,,,,,,,,,,,,,,,,,,,,,,,,,,,,,,,,,,,,,,
"80 Kinley Brook Ln, Cabot, AR 72023",80 Kinley Brook Ln,Cabot,AR,,sold,3,1209,,205000,830,https://www.zillow.com/homedetails/80-Kinley-Brook-Ln-Cabot-AR-72023/2055560791_zpid/,,205000,2026-08-13T00:00:00.000Z,Listing removed,2026-07-10T00:00:00.000Z,Listed for rent,2024-06-27T00:00:00.000Z,Sold,2024-05-20T00:00:00.000Z,Listing removed,2024-03-06T00:00:00.000Z,Listed for rent,2024-02-27T00:00:00.000Z,Sold,2024-02-17T00:00:00.000Z,Contingent,2023-12-26T00:00:00.000Z,Price change,2023-11-15T00:00:00.000Z,Price change,2023-09-12T00:00:00.000Z,Listed for sale,,,,,,,,,,,,,,,,,,,,,,,,,,,,,,,,,,,,,,,,
"34 Ten Point Ln, Ward, AR 72176",34 Ten Point Ln,Ward,AR,,sold,3,1243,,170000,375,https://www.zillow.com/homedetails/34-Ten-Point-Ln-Ward-AR-72176/454197664_zpid/,,170000,2026-08-13T00:00:00.000Z,Listing removed,2026-08-08T00:00:00.000Z,Price change,2026-07-10T00:00:00.000Z,Listed for rent,2026-01-29T00:00:00.000Z,Listing removed,2026-01-17T00:00:00.000Z,Price change,2025-12-06T00:00:00.000Z,Price change,2025-11-27T00:00:00.000Z,Price change,2025-11-22T00:00:00.000Z,Price change,2025-10-17T00:00:00.000Z,Listed for rent,2025-09-25T00:00:00.000Z,Sold,2025-09-08T00:00:00.000Z,Contingent,2025-09-06T00:00:00.000Z,Price change,2025-09-05T00:00:00.000Z,Price change,2025-08-07T00:00:00.000Z,Price change,2025-08-07T00:00:00.000Z,Price change,2025-07-23T00:00:00.000Z,Price change,2025-07-22T00:00:00.000Z,Price change,2025-07-21T00:00:00.000Z,Price change,2025-07-14T00:00:00.000Z,Price change,2025-07-03T00:00:00.000Z,Price change,2025-06-30T00:00:00.000Z,Price change,2025-06-30T00:00:00.000Z,Listed for sale,,,,,,,,,,,,,,,,
"1400 Meadows Dr, Benton, AR 72019",1400 Meadows Dr,Benton,AR,,other,4,1559,,212300,97,https://www.zillow.com/homedetails/1400-Meadows-Dr-Benton-AR-72019/351191881_zpid/,,,2026-08-03T00:00:00.000Z,Listing removed,2026-06-30T00:00:00.000Z,Listed for rent,2024-06-09T00:00:00.000Z,Listing removed,2024-06-08T00:00:00.000Z,Listed for rent,2024-06-08T00:00:00.000Z,Listing removed,2024-05-30T00:00:00.000Z,Listed for rent,,,,,,,,,,,,,,,,,,,,,,,,,,,,,,,,,,,,,,,,,,,,,,,,
"1072 Huntington Dr, Benton, AR 72019",1072 Huntington Dr,Benton,AR,,other,4,1499,,223000,1375,https://www.zillow.com/homedetails/1072-Huntington-Dr-Benton-AR-72019/2061832300_zpid/,,198000,2026-08-21T00:00:00.000Z,Listing removed,2026-08-19T00:00:00.000Z,Listed for rent,2026-08-18T00:00:00.000Z,Listing removed,2026-07-06T00:00:00.000Z,Listed for rent,2024-10-23T00:00:00.000Z,Listing removed,2024-09-30T00:00:00.000Z,Price change,2024-09-18T00:00:00.000Z,Listed for rent,2022-12-30T00:00:00.000Z,Sold,2022-12-12T00:00:00.000Z,Contingent,2022-11-29T00:00:00.000Z,Price change,2022-11-11T00:00:00.000Z,Price change,2022-11-03T00:00:00.000Z,Price change,2022-10-04T00:00:00.000Z,Price change,2022-08-23T00:00:00.000Z,Price change,2022-08-21T00:00:00.000Z,Listed for sale,,,,,,,,,,,,,,,,,,,,,,,,,,,,,,
"6648 Hollywood Ave, Benton, AR 72019",6648 Hollywood Ave,Benton,AR,,sold,4,1470,,215600,130,https://www.zillow.com/homedetails/6648-Hollywood-Ave-Benton-AR-72019/460872553_zpid/,,215600,2026-08-11T00:00:00.000Z,Listing removed,2026-07-22T00:00:00.000Z,Price change,2026-07-07T00:00:00.000Z,Price change,2026-06-20T00:00:00.000Z,Listed for rent,2026-05-28T00:00:00.000Z,Sold,2026-04-30T00:00:00.000Z,Contingent,2026-03-31T00:00:00.000Z,Price change,2026-03-05T00:00:00.000Z,Listed for sale,,,,,,,,,,,,,,,,,,,,,,,,,,,,,,,,,,,,,,,,,,,,
"6673 Hollywood Ave, Benton, AR 72019",6673 Hollywood Ave,Benton,AR,,sold,4,1470,,215900,130,https://www.zillow.com/homedetails/6673-Hollywood-Ave-Benton-AR-72019/461413230_zpid/,,215900,2026-09-16T00:00:00.000Z,Listing removed,2026-08-27T00:00:00.000Z,Price change,2026-08-13T00:00:00.000Z,Price change,2026-07-22T00:00:00.000Z,Price change,2026-07-07T00:00:00.000Z,Price change,2026-06-20T00:00:00.000Z,Listed for rent,2026-05-28T00:00:00.000Z,Sold,2026-04-30T00:00:00.000Z,Contingent,2026-03-31T00:00:00.000Z,Listed for sale,,,,,,,,,,,,,,,,,,,,,,,,,,,,,,,,,,,,,,,,,,
"1088 Huntington Dr, Benton, AR 72019",1088 Huntington Dr,Benton,AR,,other,4,1640,,251100,102,https://www.zillow.com/homedetails/1088-Huntington-Dr-Benton-AR-72019/2062453392_zpid/,,,2026-08-22T00:00:00.000Z,Listing removed,2026-07-23T00:00:00.000Z,Price change,2026-06-25T00:00:00.000Z,Listed for rent,2022-12-30T00:00:00.000Z,Listing removed,2022-12-14T00:00:00.000Z,Price change,2022-11-22T00:00:00.000Z,Price change,2022-10-26T00:00:00.000Z,Listed for rent,2022-09-10T00:00:00.000Z,Listing removed,2022-08-23T00:00:00.000Z,Price change,2022-08-02T00:00:00.000Z,Price change,2022-07-25T00:00:00.000Z,Price change,2022-07-12T00:00:00.000Z,Price change,2022-07-08T00:00:00.000Z,Listed for sale,,,,,,,,,,,,,,,,,,,,,,,,,,,,,,,,,,
"1628 Rambling Brook Dr, Benton, AR 72015",1628 Rambling Brook Dr,Benton,AR,,sold,3,1216,,200900,38,https://www.zillow.com/homedetails/1628-Rambling-Brook-Dr-Benton-AR-72015/463057763_zpid/,,200900,2026-10-03T00:00:00.000Z,Listing removed,2026-09-10T00:00:00.000Z,Listed for rent,2026-08-28T00:00:00.000Z,Sold,2026-08-05T00:00:00.000Z,Contingent,2026-07-20T00:00:00.000Z,Price change,2026-07-09T00:00:00.000Z,Price change,2026-06-09T00:00:00.000Z,Listed for sale,,,,,,,,,,,,,,,,,,,,,,,,,,,,,,,,,,,,,,,,,,,,,,
"1487 Meadows Dr, Benton, AR 72019",1487 Meadows Dr,Benton,AR,,sold,3,1523,,210155,406,https://www.zillow.com/homedetails/1487-Meadows-Dr-Benton-AR-72019/448468028_zpid/,,210155,2026-08-03T00:00:00.000Z,Listing removed,2026-08-01T00:00:00.000Z,Listed for rent,2025-08-25T00:00:00.000Z,Sold,2025-07-14T00:00:00.000Z,Contingent,2025-07-03T00:00:00.000Z,Listed for sale,2025-04-01T00:00:00.000Z,Listing removed,2025-03-19T00:00:00.000Z,Listed for sale,,,,,,,,,,,,,,,,,,,,,,,,,,,,,,,,,,,,,,,,,,,,,,
"(Undisclosed Address), Maumelle, AR 72113",(Undisclosed Address),Maumelle,AR,,other,4,1470,,241800,1105,https://www.zillow.com/homedetails/Maumelle-AR-72113/2056969175_zpid/,,222925,2026-09-23T00:00:00.000Z,Listing removed,2026-09-10T00:00:00.000Z,Price change,2026-07-06T00:00:00.000Z,Listed for rent,2025-08-27T00:00:00.000Z,Listing removed,2025-07-18T00:00:00.000Z,Listed for rent,2024-08-21T00:00:00.000Z,Listing removed,2024-07-30T00:00:00.000Z,Listed for rent,2023-09-26T00:00:00.000Z,Sold,,,,,,,,,,,,,,,,,,,,,,,,,,,,,,,,,,,,,,,,,,,,
"101 King Ranch Dr, Beebe, AR 72012",101 King Ranch Dr,Beebe,AR,,forRent,3,1413,,1300,26,https://www.zillow.com/homedetails/101-King-Ranch-Dr-Beebe-AR-72012/463785355_zpid/,,,2026-10-02T00:00:00.000Z,Price change,2026-09-09T00:00:00.000Z,Listed for rent,2026-08-14T00:00:00.000Z,Listing removed,2026-07-27T00:00:00.000Z,Price change,2026-07-17T00:00:00.000Z,Price change,2026-07-14T00:00:00.000Z,Price change,2026-07-10T00:00:00.000Z,Listed for sale,,,,,,,,,,,,,,,,,,,,,,,,,,,,,,,,,,,,,,,,,,,,,,
"102 Southfork Dr, Beebe, AR 72012",102 Southfork Dr,Beebe,AR,,forRent,3,1472,,1350,26,https://www.zillow.com/homedetails/102-Southfork-Dr-Beebe-AR-72012/458613273_zpid/,,,2026-10-02T00:00:00.000Z,Price change,2026-09-09T00:00:00.000Z,Listed for rent,2026-08-14T00:00:00.000Z,Listing removed,2026-07-27T00:00:00.000Z,Price change,2026-07-23T00:00:00.000Z,Listed for sale,2025-12-19T00:00:00.000Z,Listing removed,2025-11-27T00:00:00.000Z,Listed for sale,,,,,,,,,,,,,,,,,,,,,,,,,,,,,,,,,,,,,,,,,,,,,,
"126 Powder River Dr, Beebe, AR 72012",126 Powder River Dr,Beebe,AR,,forRent,4,1496,,1395,26,https://www.zillow.com/homedetails/126-Powder-River-Dr-Beebe-AR-72012/463467372_zpid/,,,2026-10-02T00:00:00.000Z,Price change,2026-09-09T00:00:00.000Z,Listed for rent,2026-08-14T00:00:00.000Z,Listing removed,2026-08-10T00:00:00.000Z,Price change,2026-07-24T00:00:00.000Z,Price change,2026-07-09T00:00:00.000Z,Price change,2026-07-06T00:00:00.000Z,Price change,2026-06-25T00:00:00.000Z,Listed for sale,,,,,,,,,,,,,,,,,,,,,,,,,,,,,,,,,,,,,,,,,,,,
"128 Powder River Dr, Beebe, AR 72012",128 Powder River Dr,Beebe,AR,,forRent,4,1496,,1395,26,https://www.zillow.com/homedetails/128-Powder-River-Dr-Beebe-AR-72012/463057955_zpid/,,,2026-10-02T00:00:00.000Z,Price change,2026-09-09T00:00:00.000Z,Listed for rent,2026-08-14T00:00:00.000Z,Listing removed,2026-08-10T00:00:00.000Z,Price change,2026-07-09T00:00:00.000Z,Price change,2026-07-06T00:00:00.000Z,Price change,2026-06-25T00:00:00.000Z,Price change,2026-06-19T00:00:00.000Z,Price change,2026-06-09T00:00:00.000Z,Listed for sale,,,,,,,,,,,,,,,,,,,,,,,,,,,,,,,,,,,,,,,,,,
"105 King Ranch Dr, Beebe, AR 72012",105 King Ranch Dr,Beebe,AR,,forRent,3,1569,,1395,26,https://www.zillow.com/homedetails/105-King-Ranch-Dr-Beebe-AR-72012/463785363_zpid/,,,2026-10-02T00:00:00.000Z,Price change,2026-09-09T00:00:00.000Z,Listed for rent,2026-08-14T00:00:00.000Z,Listing removed,2026-07-27T00:00:00.000Z,Price change,2026-07-17T00:00:00.000Z,Price change,2026-07-14T00:00:00.000Z,Price change,2026-07-10T00:00:00.000Z,Listed for sale,,,,,,,,,,,,,,,,,,,,,,,,,,,,,,,,,,,,,,,,,,,,,,
"15104 Thompson Branch Trl, Hensley, AR 72065",15104 Thompson Branch Trl,Hensley,AR,,forRent,4,1442,,1460,26,https://www.zillow.com/homedetails/15104-Thompson-Branch-Trl-Hensley-AR-72065/463333815_zpid/,,,2026-09-09T00:00:00.000Z,Listed for rent,2026-08-14T00:00:00.000Z,Listing removed,2026-07-06T00:00:00.000Z,Price change,2026-06-18T00:00:00.000Z,Listed for sale,,,,,,,,,,,,,,,,,,,,,,,,,,,,,,,,,,,,,,,,,,,,,,,,,,,,
"15088 Thompson Branch Trl, Hensley, AR 72065",15088 Thompson Branch Trl,Hensley,AR,,forRent,3,1523,,1505,26,https://www.zillow.com/homedetails/15088-Thompson-Branch-Trl-Hensley-AR-72065/461413231_zpid/,,,2026-09-09T00:00:00.000Z,Listed for rent,2026-08-14T00:00:00.000Z,Listing removed,2026-07-17T00:00:00.000Z,Price change,2026-07-06T00:00:00.000Z,Price change,2026-06-25T00:00:00.000Z,Price change,2026-06-17T00:00:00.000Z,Price change,2026-05-12T00:00:00.000Z,Price change,2026-03-31T00:00:00.000Z,Listed for sale,,,,,,,,,,,,,,,,,,,,,,,,,,,,,,,,,,,,,,,,,,,,
"15096 Thompson Branch Trl, Hensley, AR 72065",15096 Thompson Branch Trl,Hensley,AR,,forRent,4,1699,,1605,26,https://www.zillow.com/homedetails/15096-Thompson-Branch-Trl-Hensley-AR-72065/463333814_zpid/,,,2026-09-09T00:00:00.000Z,Listed for rent,2026-08-14T00:00:00.000Z,Listing removed,2026-07-06T00:00:00.000Z,Price change,2026-06-18T00:00:00.000Z,Listed for sale,,,,,,,,,,,,,,,,,,,,,,,,,,,,,,,,,,,,,,,,,,,,,,,,,,,,
"15120 Thompson Branch Trl, Hensley, AR 72065",15120 Thompson Branch Trl,Hensley,AR,,forRent,3,1355,,1460,26,https://www.zillow.com/homedetails/15120-Thompson-Branch-Trl-Hensley-AR-72065/463333816_zpid/,,,2026-09-09T00:00:00.000Z,Listed for rent,2026-08-14T00:00:00.000Z,Listing removed,2026-07-06T00:00:00.000Z,Price change,2026-06-18T00:00:00.000Z,Listed for sale,,,,,,,,,,,,,,,,,,,,,,,,,,,,,,,,,,,,,,,,,,,,,,,,,,,,
"15105 Thompson Branch Trl, Hensley, AR 72065",15105 Thompson Branch Trl,Hensley,AR,,forRent,3,1446,,1460,26,https://www.zillow.com/homedetails/15105-Thompson-Branch-Trl-Hensley-AR-72065/462191989_zpid/,,,2026-09-09T00:00:00.000Z,Listed for rent,2026-08-14T00:00:00.000Z,Listing removed,2026-07-06T00:00:00.000Z,Price change,2026-06-17T00:00:00.000Z,Price change,2026-05-05T00:00:00.000Z,Listed for sale,,,,,,,,,,,,,,,,,,,,,,,,,,,,,,,,,,,,,,,,,,,,,,,,,,
"15112 Thompson Branch Trl, Hensley, AR 72065",15112 Thompson Branch Trl,Hensley,AR,,forRent,3,1612,,1555,26,https://www.zillow.com/homedetails/15112-Thompson-Branch-Trl-Hensley-AR-72065/463333808_zpid/,,,2026-09-09T00:00:00.000Z,Listed for rent,2026-08-14T00:00:00.000Z,Listing removed,2026-07-06T00:00:00.000Z,Price change,2026-06-18T00:00:00.000Z,Listed for sale,,,,,,,,,,,,,,,,,,,,,,,,,,,,,,,,,,,,,,,,,,,,,,,,,,,,
"15128 Thompson Branch Trl, Hensley, AR 72065",15128 Thompson Branch Trl,Hensley,AR,,forRent,3,1612,,1555,26,https://www.zillow.com/homedetails/15128-Thompson-Branch-Trl-Hensley-AR-72065/463866341_zpid/,,,2026-09-09T00:00:00.000Z,Listed for rent,2026-08-14T00:00:00.000Z,Listing removed,2026-07-24T00:00:00.000Z,Price change,2026-07-14T00:00:00.000Z,Listed for sale,,,,,,,,,,,,,,,,,,,,,,,,,,,,,,,,,,,,,,,,,,,,,,,,,,,,
"60 Leruss Blvd, Cabot, AR 72023",60 Leruss Blvd,Cabot,AR,,sold,3,1422,,203000,846,https://www.zillow.com/homedetails/60-Leruss-Blvd-Cabot-AR-72023/342062290_zpid/,,203000,2026-10-01T00:00:00.000Z,Listing removed,2026-09-14T00:00:00.000Z,Price change,2026-08-27T00:00:00.000Z,Price change,2026-08-04T00:00:00.000Z,Listed for rent,2024-06-22T00:00:00.000Z,Listing removed,2024-06-15T00:00:00.000Z,Listed for rent,2024-06-11T00:00:00.000Z,Sold,2024-06-08T00:00:00.000Z,Contingent,2024-04-10T00:00:00.000Z,Listing removed,2024-04-04T00:00:00.000Z,Price change,2024-03-02T00:00:00.000Z,Price change,2024-02-27T00:00:00.000Z,Listed for sale,,,,,,,,,,,,,,,,,,,,,,,,,,,,,,,,,,,,
"4050 Freesia St, Sherrills Ford, NC 28673",4050 Freesia St,Sherrills Ford,NC,,forRent,,,,,,https://www.zillow.com/apartments/sherrills-ford-nc/amavi-sherrills-ford/CkB99w/,,,,,,,,,,,,,,,,,,,,,,,,,,,,,,,,,,,,,,,,,,,,,,,,,,,,,,,,,,,,,,
"6404 Fairfax Ct, Maiden, NC 28650",6404 Fairfax Ct,Maiden,NC,,forRent,,,,,,https://www.zillow.com/apartments/maiden-nc/shannon-woods/CttJ95/,,,,,,,,,,,,,,,,,,,,,,,,,,,,,,,,,,,,,,,,,,,,,,,,,,,,,,,,,,,,,,
"4127 Village Blvd, Conover, NC 28613",4127 Village Blvd,Conover,NC,,forRent,3,1854,,2050,31,https://www.zillow.com/homedetails/4127-Village-Blvd-Conover-NC-28613/446200738_zpid/,,299000,2026-09-25T00:00:00.000Z,Price change,2026-09-13T00:00:00.000Z,Price change,2026-09-08T00:00:00.000Z,Price change,2026-09-03T00:00:00.000Z,Listed for rent,2023-06-28T00:00:00.000Z,Sold,2023-04-25T00:00:00.000Z,Pending sale,2023-04-24T00:00:00.000Z,Price change,2023-01-23T00:00:00.000Z,Price change,2023-01-01T00:00:00.000Z,Listed for sale,,,,,,,,,,,,,,,,,,,,,,,,,,,,,,,,,,,,,,,,,,
"1281 30th Street Ln NE, Conover, NC 28613",1281 30th Street Ln NE,Conover,NC,,forRent,4,1894,,2175,6,https://www.zillow.com/homedetails/1281-30th-Street-Ln-NE-Conover-NC-28613/457626634_zpid/,,287000,2026-09-28T00:00:00.000Z,Listed for rent,2026-03-16T00:00:00.000Z,Listing removed,2026-03-05T00:00:00.000Z,Listed for rent,2026-03-04T00:00:00.000Z,Sold,2026-02-17T00:00:00.000Z,Pending sale,2026-02-01T00:00:00.000Z,Price change,2026-01-27T00:00:00.000Z,Listed for sale,2025-10-24T00:00:00.000Z,Listing removed,2025-10-22T00:00:00.000Z,Listed for sale,,,,,,,,,,,,,,,,,,,,,,,,,,,,,,,,,,,,,,,,,,
"4114 Oxford Glen Dr, Claremont, NC 28610",4114 Oxford Glen Dr,Claremont,NC,,forRent,4,2307,,1965,27,https://www.zillow.com/homedetails/4114-Oxford-Glen-Dr-Claremont-NC-28610/465094287_zpid/,,,2026-10-02T00:00:00.000Z,Price change,2026-09-08T00:00:00.000Z,Listed for rent,,,,,,,,,,,,,,,,,,,,,,,,,,,,,,,,,,,,,,,,,,,,,,,,,,,,,,,,
"4126 Oxford Glen Dr, Claremont, NC 28610",4126 Oxford Glen Dr,Claremont,NC,,forRent,5,2578,,2110,27,https://www.zillow.com/homedetails/4126-Oxford-Glen-Dr-Claremont-NC-28610/465094293_zpid/,,,2026-10-02T00:00:00.000Z,Price change,2026-09-08T00:00:00.000Z,Listed for rent,,,,,,,,,,,,,,,,,,,,,,,,,,,,,,,,,,,,,,,,,,,,,,,,,,,,,,,,
"4078 Oxford Glen Dr, Claremont, NC 28610",4078 Oxford Glen Dr,Claremont,NC,,forRent,5,2578,,2085,27,https://www.zillow.com/homedetails/4078-Oxford-Glen-Dr-Claremont-NC-28610/465094289_zpid/,,,2026-10-02T00:00:00.000Z,Price change,2026-09-08T00:00:00.000Z,Listed for rent,,,,,,,,,,,,,,,,,,,,,,,,,,,,,,,,,,,,,,,,,,,,,,,,,,,,,,,,
"4096 Oxford Glen Dr, Claremont, NC 28610",4096 Oxford Glen Dr,Claremont,NC,,forRent,4,2307,,1965,27,https://www.zillow.com/homedetails/4096-Oxford-Glen-Dr-Claremont-NC-28610/465094295_zpid/,,,2026-10-02T00:00:00.000Z,Price change,2026-09-08T00:00:00.000Z,Listed for rent,,,,,,,,,,,,,,,,,,,,,,,,,,,,,,,,,,,,,,,,,,,,,,,,,,,,,,,,
"4105 Oxford Glen Dr, Claremont, NC 28610",4105 Oxford Glen Dr,Claremont,NC,,forRent,5,2578,,2110,27,https://www.zillow.com/homedetails/4105-Oxford-Glen-Dr-Claremont-NC-28610/465094283_zpid/,,,2026-10-02T00:00:00.000Z,Price change,2026-09-08T00:00:00.000Z,Listed for rent,,,,,,,,,,,,,,,,,,,,,,,,,,,,,,,,,,,,,,,,,,,,,,,,,,,,,,,,
"3755 Charles St NW, Conover, NC 28613",3755 Charles St NW,Conover,NC,,forRent,4,2565,,2400,93,https://www.zillow.com/homedetails/3755-Charles-St-NW-Conover-NC-28613/345078496_zpid/,,359000,2026-08-05T00:00:00.000Z,Price change,2026-07-30T00:00:00.000Z,Price change,2026-07-18T00:00:00.000Z,Price change,2026-07-05T00:00:00.000Z,Listed for rent,2024-10-15T00:00:00.000Z,Sold,2024-08-13T00:00:00.000Z,Price change,2024-08-05T00:00:00.000Z,Price change,2024-07-24T00:00:00.000Z,Price change,2024-04-17T00:00:00.000Z,Price change,2024-04-08T00:00:00.000Z,Price change,2024-03-19T00:00:00.000Z,Listed for sale,,,,,,,,,,,,,,,,,,,,,,,,,,,,,,,,,,,,,,
"4072 Oxford Glen Dr, Claremont, NC 28610",4072 Oxford Glen Dr,Claremont,NC,,forRent,4,2307,,1940,27,https://www.zillow.com/homedetails/4072-Oxford-Glen-Dr-Claremont-NC-28610/465094284_zpid/,,,2026-10-02T00:00:00.000Z,Price change,2026-09-08T00:00:00.000Z,Listed for rent,,,,,,,,,,,,,,,,,,,,,,,,,,,,,,,,,,,,,,,,,,,,,,,,,,,,,,,,
"4081 Oxford Glen Dr, Claremont, NC 28610",4081 Oxford Glen Dr,Claremont,NC,,forRent,4,2307,,1940,27,https://www.zillow.com/homedetails/4081-Oxford-Glen-Dr-Claremont-NC-28610/465094290_zpid/,,,2026-10-02T00:00:00.000Z,Price change,2026-09-08T00:00:00.000Z,Listed for rent,,,,,,,,,,,,,,,,,,,,,,,,,,,,,,,,,,,,,,,,,,,,,,,,,,,,,,,,
"4093 Oxford Glen Dr, Claremont, NC 28610",4093 Oxford Glen Dr,Claremont,NC,,forRent,4,2213,,1940,27,https://www.zillow.com/homedetails/4093-Oxford-Glen-Dr-Claremont-NC-28610/464050697_zpid/,,,2026-10-02T00:00:00.000Z,Price change,2026-09-08T00:00:00.000Z,Listed for rent,2026-08-14T00:00:00.000Z,Listing removed,2026-08-06T00:00:00.000Z,Price change,2026-07-28T00:00:00.000Z,Price change,2026-07-22T00:00:00.000Z,Listed for sale,,,,,,,,,,,,,,,,,,,,,,,,,,,,,,,,,,,,,,,,,,,,,,,,
"4075 Oxford Glen Dr, Claremont, NC 28610",4075 Oxford Glen Dr,Claremont,NC,,forRent,5,2578,,2110,27,https://www.zillow.com/homedetails/4075-Oxford-Glen-Dr-Claremont-NC-28610/465094286_zpid/,,,2026-10-02T00:00:00.000Z,Price change,2026-09-08T00:00:00.000Z,Listed for rent,,,,,,,,,,,,,,,,,,,,,,,,,,,,,,,,,,,,,,,,,,,,,,,,,,,,,,,,
"4099 Oxford Glen Dr, Claremont, NC 28610",4099 Oxford Glen Dr,Claremont,NC,,forRent,4,1956,,1895,27,https://www.zillow.com/homedetails/4099-Oxford-Glen-Dr-Claremont-NC-28610/465094294_zpid/,,,2026-10-02T00:00:00.000Z,Price change,2026-09-08T00:00:00.000Z,Listed for rent,,,,,,,,,,,,,,,,,,,,,,,,,,,,,,,,,,,,,,,,,,,,,,,,,,,,,,,,
"4117 Oxford Glen Dr, Claremont, NC 28610",4117 Oxford Glen Dr,Claremont,NC,,forRent,3,1665,,1775,27,https://www.zillow.com/homedetails/4117-Oxford-Glen-Dr-Claremont-NC-28610/465094291_zpid/,,,2026-10-02T00:00:00.000Z,Price change,2026-09-08T00:00:00.000Z,Listed for rent,,,,,,,,,,,,,,,,,,,,,,,,,,,,,,,,,,,,,,,,,,,,,,,,,,,,,,,,
"4102 Oxford Glen Dr, Claremont, NC 28610",4102 Oxford Glen Dr,Claremont,NC,,forRent,3,1665,,1775,27,https://www.zillow.com/homedetails/4102-Oxford-Glen-Dr-Claremont-NC-28610/465094280_zpid/,,,2026-10-02T00:00:00.000Z,Price change,2026-09-08T00:00:00.000Z,Listed for rent,,,,,,,,,,,,,,,,,,,,,,,,,,,,,,,,,,,,,,,,,,,,,,,,,,,,,,,,
"4084 Oxford Glen Dr, Claremont, NC 28610",4084 Oxford Glen Dr,Claremont,NC,,forRent,3,1665,,1750,27,https://www.zillow.com/homedetails/4084-Oxford-Glen-Dr-Claremont-NC-28610/465094279_zpid/,,,2026-10-02T00:00:00.000Z,Price change,2026-09-08T00:00:00.000Z,Listed for rent,,,,,,,,,,,,,,,,,,,,,,,,,,,,,,,,,,,,,,,,,,,,,,,,,,,,,,,,
"4090 Oxford Glen Dr, Claremont, NC 28610",4090 Oxford Glen Dr,Claremont,NC,,forRent,4,1956,,1895,27,https://www.zillow.com/homedetails/4090-Oxford-Glen-Dr-Claremont-NC-28610/465094288_zpid/,,,2026-10-02T00:00:00.000Z,Price change,2026-09-08T00:00:00.000Z,Listed for rent,,,,,,,,,,,,,,,,,,,,,,,,,,,,,,,,,,,,,,,,,,,,,,,,,,,,,,,,
"4108 Oxford Glen Dr, Claremont, NC 28610",4108 Oxford Glen Dr,Claremont,NC,,forRent,5,2578,,2110,27,https://www.zillow.com/homedetails/4108-Oxford-Glen-Dr-Claremont-NC-28610/465094285_zpid/,,,2026-10-02T00:00:00.000Z,Price change,2026-09-08T00:00:00.000Z,Listed for rent,,,,,,,,,,,,,,,,,,,,,,,,,,,,,,,,,,,,,,,,,,,,,,,,,,,,,,,,
"4087 Oxford Glen Dr, Claremont, NC 28610",4087 Oxford Glen Dr,Claremont,NC,,forRent,5,2578,,2110,27,https://www.zillow.com/homedetails/4087-Oxford-Glen-Dr-Claremont-NC-28610/465094282_zpid/,,,2026-10-02T00:00:00.000Z,Price change,2026-09-08T00:00:00.000Z,Listed for rent,,,,,,,,,,,,,,,,,,,,,,,,,,,,,,,,,,,,,,,,,,,,,,,,,,,,,,,,
"4066 Oxford Glen Dr, Claremont, NC 28610",4066 Oxford Glen Dr,Claremont,NC,,forRent,4,1956,,1945,27,https://www.zillow.com/homedetails/4066-Oxford-Glen-Dr-Claremont-NC-28610/465094292_zpid/,,,2026-09-08T00:00:00.000Z,Listed for rent,,,,,,,,,,,,,,,,,,,,,,,,,,,,,,,,,,,,,,,,,,,,,,,,,,,,,,,,,,
"4054 Oxford Glen Dr, Claremont, NC 28610",4054 Oxford Glen Dr,Claremont,NC,,forRent,3,1665,,1750,27,https://www.zillow.com/homedetails/4054-Oxford-Glen-Dr-Claremont-NC-28610/465094281_zpid/,,,2026-10-02T00:00:00.000Z,Price change,2026-09-08T00:00:00.000Z,Listed for rent,,,,,,,,,,,,,,,,,,,,,,,,,,,,,,,,,,,,,,,,,,,,,,,,,,,,,,,,
"4259 Jennifer Ln, Claremont, NC 28610",4259 Jennifer Ln,Claremont,NC,,forRent,3,,,1400,2,https://www.zillow.com/homedetails/4259-Jennifer-Ln-Claremont-NC-28610/2060308438_zpid/,,,2026-10-02T00:00:00.000Z,Listed for rent,2023-01-31T00:00:00.000Z,Listing removed,2023-01-13T00:00:00.000Z,Price change,2022-12-28T00:00:00.000Z,Listed for rent,,,,,,,,,,,,,,,,,,,,,,,,,,,,,,,,,,,,,,,,,,,,,,,,,,,,
"1751 Robert Martin Rd, Catawba, NC 28609",1751 Robert Martin Rd,Catawba,NC,,forRent,4,1853,,2500,97,https://www.zillow.com/homedetails/1751-Robert-Martin-Rd-Catawba-NC-28609/71553840_zpid/,,177000,2026-08-23T00:00:00.000Z,Listing removed,2026-07-08T00:00:00.000Z,Price change,2026-06-29T00:00:00.000Z,Listed for rent,2026-06-03T00:00:00.000Z,Price change,2026-06-02T00:00:00.000Z,Price change,2026-05-29T00:00:00.000Z,Price change,2026-05-19T00:00:00.000Z,Price change,2026-05-16T00:00:00.000Z,Price change,2026-04-23T00:00:00.000Z,Price change,2026-04-17T00:00:00.000Z,Price change,2026-03-30T00:00:00.000Z,Price change,2026-03-25T00:00:00.000Z,Price change,2026-03-16T00:00:00.000Z,Price change,2026-03-06T00:00:00.000Z,Listed for sale,2019-10-23T00:00:00.000Z,Sold,2019-09-13T00:00:00.000Z,Listed for sale,2019-08-08T00:00:00.000Z,Pending sale,2019-07-23T00:00:00.000Z,Price change,2019-02-11T00:00:00.000Z,Price change,2018-11-13T00:00:00.000Z,Listed for sale,2018-05-12T00:00:00.000Z,Listed for sale,2018-05-01T00:00:00.000Z,Pending sale,2018-02-24T00:00:00.000Z,Price change,2017-10-09T00:00:00.000Z,Listed for sale,2015-07-01T00:00:00.000Z,Listing removed,,,,,,,,,,
"4958 Water Wheel Dr, Conover, NC 28613",4958 Water Wheel Dr,Conover,NC,,forRent,3,1450,,1750,9,https://www.zillow.com/homedetails/4958-Water-Wheel-Dr-Conover-NC-28613/71556674_zpid/,,210000,2026-09-28T00:00:00.000Z,Price change,2026-09-25T00:00:00.000Z,Listed for rent,2021-03-22T00:00:00.000Z,Sold,2021-02-11T00:00:00.000Z,Pending sale,2021-02-05T00:00:00.000Z,Listed for sale,2018-12-14T00:00:00.000Z,Listing removed,2018-10-09T00:00:00.000Z,Listed for rent,2018-01-09T00:00:00.000Z,Listing removed,2017-12-19T00:00:00.000Z,Listed for rent,2008-04-08T00:00:00.000Z,Sold,,,,,,,,,,,,,,,,,,,,,,,,,,,,,,,,,,,,,,,,
"6337 Fairfax Ct, Maiden, NC 28650",6337 Fairfax Ct,Maiden,NC,,forRent,4,2230,,2300,15,https://www.zillow.com/homedetails/6337-Fairfax-Ct-Maiden-NC-28650/452112227_zpid/,,335000,2026-07-26T00:00:00.000Z,Price change,2026-07-13T00:00:00.000Z,Listed for rent,2025-10-26T00:00:00.000Z,Listing removed,2025-10-22T00:00:00.000Z,Sold,2025-10-22T00:00:00.000Z,Listed for rent,2025-09-26T00:00:00.000Z,Pending sale,2025-09-08T00:00:00.000Z,Price change,2025-09-06T00:00:00.000Z,Listed for sale,2025-08-11T00:00:00.000Z,Pending sale,2025-07-28T00:00:00.000Z,Price change,2025-07-11T00:00:00.000Z,Price change,2025-07-07T00:00:00.000Z,Price change,2025-07-02T00:00:00.000Z,Price change,2025-06-11T00:00:00.000Z,Price change,2025-05-17T00:00:00.000Z,Listed for sale,,,,,,,,,,,,,,,,,,,,,,,,,,,,,,
"9350 Legrand Dr, Terrell, NC 28682",9350 Legrand Dr,Terrell,NC,,forRent,4,2647,,5000,501,https://www.zillow.com/homedetails/9350-Legrand-Dr-Terrell-NC-28682/71550576_zpid/,,735000,2025-05-21T00:00:00.000Z,Listed for rent,2025-02-21T00:00:00.000Z,Listing removed,2025-01-21T00:00:00.000Z,Listed for rent,2007-01-16T00:00:00.000Z,Sold,,,,,,,,,,,,,,,,,,,,,,,,,,,,,,,,,,,,,,,,,,,,,,,,,,,,
"1586 3rd Street Dr NE, Hickory, NC 28601",1586 3rd Street Dr NE,Hickory,NC,,forRent,3,1026,,1795,54,https://www.zillow.com/homedetails/1586-3rd-Street-Dr-NE-Hickory-NC-28601/71958201_zpid/,,200000,2026-08-11T00:00:00.000Z,Listed for rent,2024-09-16T00:00:00.000Z,Listing removed,2024-09-15T00:00:00.000Z,Listed for sale,2023-05-31T00:00:00.000Z,Sold,2023-04-10T00:00:00.000Z,Listed for sale,2023-01-31T00:00:00.000Z,Listing removed,2023-01-21T00:00:00.000Z,Pending sale,2023-01-14T00:00:00.000Z,Listed for sale,2021-07-06T00:00:00.000Z,Listing removed,2021-04-19T00:00:00.000Z,Listed for sale,,,,,,,,,,,,,,,,,,,,,,,,,,,,,,,,,,,,,,,,
"6415 Little Mountain Rd, Sherrills Ford, NC 28673",6415 Little Mountain Rd,Sherrills Ford,NC,,forRent,3,1600,,1975,95,https://www.zillow.com/homedetails/6415-Little-Mountain-Rd-Sherrills-Ford-NC-28673/71946572_zpid/,,36000,2026-07-27T00:00:00.000Z,Price change,2026-07-21T00:00:00.000Z,Price change,2026-07-01T00:00:00.000Z,Listed for rent,2025-06-25T00:00:00.000Z,Sold,2017-06-07T00:00:00.000Z,Sold,,,,,,,,,,,,,,,,,,,,,,,,,,,,,,,,,,,,,,,,,,,,,,,,,,
"8061 Young Rd, Hickory, NC 28602",8061 Young Rd,Hickory,NC,,forRent,3,1000,,1650,13,https://www.zillow.com/homedetails/8061-Young-Rd-Hickory-NC-28602/71935517_zpid/,,,2026-09-21T00:00:00.000Z,Listed for rent,2025-08-18T00:00:00.000Z,Listing removed,2025-08-12T00:00:00.000Z,Listed for rent,,,,,,,,,,,,,,,,,,,,,,,,,,,,,,,,,,,,,,,,,,,,,,,,,,,,,,
"2362 Trollinger Dr, Catawba, NC 28609",2362 Trollinger Dr,Catawba,NC,,forRent,5,2577,,2300,39,https://www.zillow.com/homedetails/2362-Trollinger-Dr-Catawba-NC-28609/440185125_zpid/,,303000,2026-08-26T00:00:00.000Z,Listed for rent,2024-12-23T00:00:00.000Z,Sold,2024-11-20T00:00:00.000Z,Pending sale,2024-11-08T00:00:00.000Z,Price change,2024-10-22T00:00:00.000Z,Price change,2024-10-09T00:00:00.000Z,Price change,2024-09-11T00:00:00.000Z,Price change,2024-09-04T00:00:00.000Z,Listed for sale,2024-06-17T00:00:00.000Z,Sold,,,,,,,,,,,,,,,,,,,,,,,,,,,,,,,,,,,,,,,,,,
"7088 Wateredge Dr, Sherrills Ford, NC 28673",7088 Wateredge Dr,Sherrills Ford,NC,,forRent,3,2452,,3400,33,https://www.zillow.com/homedetails/7088-Wateredge-Dr-Sherrills-Ford-NC-28673/71549645_zpid/,,850000,2026-09-22T00:00:00.000Z,Price change,2026-09-01T00:00:00.000Z,Listed for rent,2026-08-20T00:00:00.000Z,Sold,2026-08-11T00:00:00.000Z,Pending sale,2026-05-27T00:00:00.000Z,Price change,2026-04-27T00:00:00.000Z,Price change,2026-04-10T00:00:00.000Z,Price change,2026-03-22T00:00:00.000Z,Listed for sale,2026-02-24T00:00:00.000Z,Listing removed,2025-11-10T00:00:00.000Z,Listed for sale,2006-12-14T00:00:00.000Z,Sold,2005-12-01T00:00:00.000Z,Sold,,,,,,,,,,,,,,,,,,,,,,,,,,,,,,,,,,,,
"4589 Giles Ave, Sherrills Ford, NC 28673",4589 Giles Ave,Sherrills Ford,NC,,forRent,3,3800,,3700,33,https://www.zillow.com/homedetails/4589-Giles-Ave-Sherrills-Ford-NC-28673/71553005_zpid/,,899500,2026-08-10T00:00:00.000Z,Price change,2026-06-18T00:00:00.000Z,Listed for rent,2021-07-01T00:00:00.000Z,Sold,2021-03-21T00:00:00.000Z,Pending sale,2021-03-20T00:00:00.000Z,Listed for sale,2010-07-29T00:00:00.000Z,Sold,2010-05-01T00:00:00.000Z,Listed for sale,,,,,,,,,,,,,,,,,,,,,,,,,,,,,,,,,,,,,,,,,,,,,,
"6950 Ingleside Dr, Sherrills Ford, NC 28673",6950 Ingleside Dr,Sherrills Ford,NC,,forRent,3,,,2500,78,https://www.zillow.com/homedetails/6950-Ingleside-Dr-Sherrills-Ford-NC-28673/71959796_zpid/,,20000,2026-07-18T00:00:00.000Z,Price change,2026-06-11T00:00:00.000Z,Price change,2026-05-05T00:00:00.000Z,Listed for rent,2026-01-01T00:00:00.000Z,Listing removed,2025-09-08T00:00:00.000Z,Listed for rent,1979-08-01T00:00:00.000Z,Sold,,,,,,,,,,,,,,,,,,,,,,,,,,,,,,,,,,,,,,,,,,,,,,,,
"703 14th Street Dr SW, Hickory, NC 28602",703 14th Street Dr SW,Hickory,NC,,forRent,3,,,1150,32,https://www.zillow.com/homedetails/703-14th-Street-Dr-SW-Hickory-NC-28602/71925507_zpid/,,,2026-09-29T00:00:00.000Z,Listed for rent,2026-09-19T00:00:00.000Z,Listing removed,2026-09-02T00:00:00.000Z,Listed for rent,,,,,,,,,,,,,,,,,,,,,,,,,,,,,,,,,,,,,,,,,,,,,,,,,,,,,,
"1265 30th Street Ln NE, Conover, NC 28613",1265 30th Street Ln NE,Conover,NC,,forRent,5,2352,,2095,4,https://www.zillow.com/homedetails/1265-30th-Street-Ln-NE-Conover-NC-28613/457626586_zpid/,,329000,2026-09-30T00:00:00.000Z,Price change,2026-09-11T00:00:00.000Z,Price change,2026-08-12T00:00:00.000Z,Sold,2026-07-31T00:00:00.000Z,Listed for rent,2026-07-16T00:00:00.000Z,Pending sale,2026-07-07T00:00:00.000Z,Price change,2026-06-30T00:00:00.000Z,Price change,2026-05-27T00:00:00.000Z,Price change,2026-05-05T00:00:00.000Z,Price change,2026-05-02T00:00:00.000Z,Price change,2026-02-27T00:00:00.000Z,Pending sale,2026-02-24T00:00:00.000Z,Price change,2026-02-22T00:00:00.000Z,Price change,2026-02-11T00:00:00.000Z,Price change,2026-02-01T00:00:00.000Z,Price change,2025-12-17T00:00:00.000Z,Price change,2025-11-25T00:00:00.000Z,Listed for sale,2025-10-24T00:00:00.000Z,Listing removed,2025-10-22T00:00:00.000Z,Listed for sale,,,,,,,,,,,,,,,,,,,,,,
"3228 Sutton Ln, Claremont, NC 28610",3228 Sutton Ln,Claremont,NC,,forRent,3,,,1275,26,https://www.zillow.com/homedetails/3228-Sutton-Ln-Claremont-NC-28610/445847075_zpid/,,,2026-09-28T00:00:00.000Z,Price change,2026-09-08T00:00:00.000Z,Listed for rent,2025-03-12T00:00:00.000Z,Listing removed,2025-01-21T00:00:00.000Z,Listed for rent,,,,,,,,,,,,,,,,,,,,,,,,,,,,,,,,,,,,,,,,,,,,,,,,,,,,
"1121 McRee Heights Cir, Newton, NC 28658",1121 McRee Heights Cir,Newton,NC,,forRent,4,,,1650,110,https://www.zillow.com/homedetails/1121-McRee-Heights-Cir-Newton-NC-28658/71949725_zpid/,,137000,2026-09-23T00:00:00.000Z,Price change,2026-07-22T00:00:00.000Z,Price change,2026-06-16T00:00:00.000Z,Listed for rent,2022-03-25T00:00:00.000Z,Sold,,,,,,,,,,,,,,,,,,,,,,,,,,,,,,,,,,,,,,,,,,,,,,,,,,,,
"1444 Farmington Hills Dr, Conover, NC 28613",1444 Farmington Hills Dr,Conover,NC,,forRent,3,1450,,2000,26,https://www.zillow.com/homedetails/1444-Farmington-Hills-Dr-Conover-NC-28613/71962484_zpid/,,171500,2026-09-08T00:00:00.000Z,Listed for rent,2025-09-25T00:00:00.000Z,Listing removed,2025-08-21T00:00:00.000Z,Listed for rent,2025-02-28T00:00:00.000Z,Listing removed,2024-12-06T00:00:00.000Z,Listed for rent,2024-03-06T00:00:00.000Z,Listing removed,2024-02-21T00:00:00.000Z,Price change,2024-02-09T00:00:00.000Z,Price change,2024-02-08T00:00:00.000Z,Listed for rent,2020-11-25T00:00:00.000Z,Listing removed,2020-10-30T00:00:00.000Z,Listed for rent,2020-07-11T00:00:00.000Z,Listing removed,2020-06-27T00:00:00.000Z,Listed for rent,2018-11-27T00:00:00.000Z,Listing removed,2018-09-28T00:00:00.000Z,Listed for rent,2018-09-26T00:00:00.000Z,Sold,2018-08-24T00:00:00.000Z,Pending sale,2018-08-15T00:00:00.000Z,Listed for sale,2018-06-12T00:00:00.000Z,Sold,,,,,,,,,,,,,,,,,,,,,,
"1760 Jacobs Way, Sherrills Ford, NC 28673",1760 Jacobs Way,Sherrills Ford,NC,,forRent,3,1785,,2095,39,https://www.zillow.com/homedetails/1760-Jacobs-Way-Sherrills-Ford-NC-28673/71955484_zpid/,,451000,2026-09-24T00:00:00.000Z,Listed for rent,2026-09-24T00:00:00.000Z,Listing removed,2026-09-09T00:00:00.000Z,Listed for rent,2026-09-08T00:00:00.000Z,Listing removed,2026-08-26T00:00:00.000Z,Listed for rent,2026-05-16T00:00:00.000Z,Listing removed,2026-04-18T00:00:00.000Z,Listed for rent,2026-04-18T00:00:00.000Z,Listing removed,2026-03-18T00:00:00.000Z,Listed for rent,2026-03-18T00:00:00.000Z,Listing removed,2026-02-24T00:00:00.000Z,Price change,2026-02-01T00:00:00.000Z,Listed for rent,2025-12-30T00:00:00.000Z,Sold,2025-11-09T00:00:00.000Z,Price change,2025-09-03T00:00:00.000Z,Price change,2025-07-19T00:00:00.000Z,Price change,2025-05-30T00:00:00.000Z,Listed for sale,,,,,,,,,,,,,,,,,,,,,,,,,,
"7376 Echoing Hills Ln, Maiden, NC 28650",7376 Echoing Hills Ln,Maiden,NC,,forRent,4,2931,,2375,44,https://www.zillow.com/homedetails/7376-Echoing-Hills-Ln-Maiden-NC-28650/462684577_zpid/,,,2026-09-25T00:00:00.000Z,Price change,2026-09-09T00:00:00.000Z,Price change,2026-09-01T00:00:00.000Z,Price change,2026-07-16T00:00:00.000Z,Listed for rent,2026-06-05T00:00:00.000Z,Listing removed,2026-05-26T00:00:00.000Z,Listed for rent,,,,,,,,,,,,,,,,,,,,,,,,,,,,,,,,,,,,,,,,,,,,,,,,
"213 Lineberger Rd SE #3C, Conover, NC 28613",213 Lineberger Rd SE #3C,Conover,NC,,forRent,3,,,1175,87,https://www.zillow.com/homedetails/213-Lineberger-Rd-SE-3C-Conover-NC-28613/463768812_zpid/,,,2026-09-23T00:00:00.000Z,Price change,2026-09-03T00:00:00.000Z,Price change,2026-08-17T00:00:00.000Z,Price change,2026-07-28T00:00:00.000Z,Price change,2026-07-09T00:00:00.000Z,Listed for rent,,,,,,,,,,,,,,,,,,,,,,,,,,,,,,,,,,,,,,,,,,,,,,,,,,
"7604 Bainbridge Rd, Sherrills Ford, NC 28673",7604 Bainbridge Rd,Sherrills Ford,NC,,forRent,5,2511,,2650,54,https://www.zillow.com/homedetails/7604-Bainbridge-Rd-Sherrills-Ford-NC-28673/460948992_zpid/,,,2026-08-11T00:00:00.000Z,Listed for rent,2026-08-02T00:00:00.000Z,Listing removed,2026-07-25T00:00:00.000Z,Price change,2026-07-24T00:00:00.000Z,Price change,2026-07-17T00:00:00.000Z,Price change,2026-05-19T00:00:00.000Z,Price change,2026-03-10T00:00:00.000Z,Listed for sale,,,,,,,,,,,,,,,,,,,,,,,,,,,,,,,,,,,,,,,,,,,,,,
"8151 Sheffield Dr, Terrell, NC 28682",8151 Sheffield Dr,Terrell,NC,,forRent,3,1617,,1495,72,https://www.zillow.com/homedetails/8151-Sheffield-Dr-Terrell-NC-28682/2066698375_zpid/,,207500,2026-08-25T00:00:00.000Z,Price change,2026-08-14T00:00:00.000Z,Price change,2026-07-24T00:00:00.000Z,Listed for rent,2023-10-28T00:00:00.000Z,Listing removed,2023-09-13T00:00:00.000Z,Price change,2023-09-07T00:00:00.000Z,Price change,2023-08-22T00:00:00.000Z,Listed for rent,2023-08-08T00:00:00.000Z,Listing removed,2023-07-27T00:00:00.000Z,Listed for rent,2023-04-20T00:00:00.000Z,Listing removed,2023-04-19T00:00:00.000Z,Price change,2022-12-02T00:00:00.000Z,Listed for rent,2022-02-04T00:00:00.000Z,Sold,2022-01-26T00:00:00.000Z,Listing removed,2022-01-21T00:00:00.000Z,Listed for rent,,,,,,,,,,,,,,,,,,,,,,,,,,,,,,
"7562 Bainbridge Rd, Sherrills Ford, NC 28673",7562 Bainbridge Rd,Sherrills Ford,NC,,forRent,5,2511,,2650,54,https://www.zillow.com/homedetails/7562-Bainbridge-Rd-Sherrills-Ford-NC-28673/463053728_zpid/,,,2026-08-11T00:00:00.000Z,Listed for rent,2026-08-03T00:00:00.000Z,Listing removed,2026-07-27T00:00:00.000Z,Price change,2026-07-24T00:00:00.000Z,Price change,2026-07-17T00:00:00.000Z,Price change,2026-06-09T00:00:00.000Z,Listed for sale,,,,,,,,,,,,,,,,,,,,,,,,,,,,,,,,,,,,,,,,,,,,,,,,
"7593 Bainbridge Rd, Sherrills Ford, NC 28673",7593 Bainbridge Rd,Sherrills Ford,NC,,forRent,4,2570,,2650,18,https://www.zillow.com/homedetails/7593-Bainbridge-Rd-Sherrills-Ford-NC-28673/462046792_zpid/,,395000,2026-09-30T00:00:00.000Z,Sold,2026-09-16T00:00:00.000Z,Listed for rent,2026-09-10T00:00:00.000Z,Pending sale,2026-07-21T00:00:00.000Z,Price change,2026-04-29T00:00:00.000Z,Listed for sale,,,,,,,,,,,,,,,,,,,,,,,,,,,,,,,,,,,,,,,,,,,,,,,,,,
"1507 Catskill Way, Newton, NC 28658",1507 Catskill Way,Newton,NC,,forRent,3,1450,,1755,0,https://www.zillow.com/homedetails/1507-Catskill-Way-Newton-NC-28658/463984817_zpid/,,,2026-10-05T00:00:00.000Z,Listed for rent,2026-09-23T00:00:00.000Z,Listing removed,2026-08-21T00:00:00.000Z,Price change,2026-08-13T00:00:00.000Z,Listed for sale,,,,,,,,,,,,,,,,,,,,,,,,,,,,,,,,,,,,,,,,,,,,,,,,,,,,
"7589 Bainbridge Rd, Sherrills Ford, NC 28673",7589 Bainbridge Rd,Sherrills Ford,NC,,forRent,4,2570,,2400,2,https://www.zillow.com/homedetails/7589-Bainbridge-Rd-Sherrills-Ford-NC-28673/462046853_zpid/,,389000,2026-10-02T00:00:00.000Z,Listed for rent,2026-09-30T00:00:00.000Z,Sold,2026-08-31T00:00:00.000Z,Pending sale,2026-08-25T00:00:00.000Z,Price change,2026-07-21T00:00:00.000Z,Price change,2026-04-29T00:00:00.000Z,Listed for sale,,,,,,,,,,,,,,,,,,,,,,,,,,,,,,,,,,,,,,,,,,,,,,,,
"4093 Oxford Glen Dr, Claremont, NC 28610",4093 Oxford Glen Dr,Claremont,NC,,forRent,,,,,,"https://www.zillow.com/b/4093-oxford-glen-dr-claremont-nc/35.734352,-81.138374_ll/",,,,,,,,,,,,,,,,,,,,,,,,,,,,,,,,,,,,,,,,,,,,,,,,,,,,,,,,,,,,,,
"7565 Bainbridge Rd #702, Sherrills Ford, NC 28673",7565 Bainbridge Rd #702,Sherrills Ford,NC,,forRent,3,1902,,2450,2,https://www.zillow.com/homedetails/7565-Bainbridge-Rd-702-Sherrills-Ford-NC-28673/465759473_zpid/,,,2026-10-02T00:00:00.000Z,Listed for rent,,,,,,,,,,,,,,,,,,,,,,,,,,,,,,,,,,,,,,,,,,,,,,,,,,,,,,,,,,
"5336 Small St, Catawba, NC 28609",5336 Small St,Catawba,NC,,forRent,4,1956,,2165,13,https://www.zillow.com/homedetails/5336-Small-St-Catawba-NC-28609/446828632_zpid/,,279999,2026-09-21T00:00:00.000Z,Listed for rent,2025-06-09T00:00:00.000Z,Listing removed,2025-05-31T00:00:00.000Z,Listed for rent,2025-05-29T00:00:00.000Z,Sold,2025-05-06T00:00:00.000Z,Pending sale,2025-04-17T00:00:00.000Z,Price change,2025-03-27T00:00:00.000Z,Price change,2025-03-26T00:00:00.000Z,Price change,2025-03-24T00:00:00.000Z,Price change,2025-02-28T00:00:00.000Z,Price change,2025-02-21T00:00:00.000Z,Price change,2025-02-11T00:00:00.000Z,Price change,2025-02-01T00:00:00.000Z,Listed for sale,,,,,,,,,,,,,,,,,,,,,,,,,,,,,,,,,,
"1393 Karriker Ln, Catawba, NC 28609",1393 Karriker Ln,Catawba,NC,,forRent,4,2174,,2365,10,https://www.zillow.com/homedetails/1393-Karriker-Ln-Catawba-NC-28609/98207207_zpid/,,,2026-09-24T00:00:00.000Z,Listed for rent,2026-08-26T00:00:00.000Z,Listing removed,2026-08-18T00:00:00.000Z,Listed for rent,2025-07-31T00:00:00.000Z,Listing removed,2025-07-23T00:00:00.000Z,Price change,2025-05-22T00:00:00.000Z,Listed for rent,2025-05-22T00:00:00.000Z,Listing removed,2025-04-21T00:00:00.000Z,Price change,2025-04-12T00:00:00.000Z,Price change,2025-04-05T00:00:00.000Z,Price change,2025-03-28T00:00:00.000Z,Price change,2025-03-19T00:00:00.000Z,Listed for rent,2025-01-07T00:00:00.000Z,Listing removed,2025-01-03T00:00:00.000Z,Listed for rent,2024-12-06T00:00:00.000Z,Listing removed,2024-11-02T00:00:00.000Z,Price change,2024-10-15T00:00:00.000Z,Listed for rent,2024-10-09T00:00:00.000Z,Listing removed,2024-08-08T00:00:00.000Z,Price change,2024-07-17T00:00:00.000Z,Price change,2024-07-02T00:00:00.000Z,Price change,2024-06-12T00:00:00.000Z,Price change,2024-05-31T00:00:00.000Z,Price change,2024-05-14T00:00:00.000Z,Price change,2024-05-11T00:00:00.000Z,Listed for sale,,,,,,,,,,
"3755 Summer Haven Dr, Sherrills Ford, NC 28673",3755 Summer Haven Dr,Sherrills Ford,NC,,forRent,3,1730,,2105,23,https://www.zillow.com/homedetails/3755-Summer-Haven-Dr-Sherrills-Ford-NC-28673/248805618_zpid/,,390000,2026-09-30T00:00:00.000Z,Price change,2026-09-23T00:00:00.000Z,Price change,2026-09-11T00:00:00.000Z,Listed for rent,2025-09-30T00:00:00.000Z,Listing removed,2025-09-24T00:00:00.000Z,Price change,2025-09-16T00:00:00.000Z,Price change,2025-09-09T00:00:00.000Z,Price change,2025-08-26T00:00:00.000Z,Price change,2025-08-20T00:00:00.000Z,Price change,2025-08-12T00:00:00.000Z,Price change,2025-08-06T00:00:00.000Z,Price change,2025-07-18T00:00:00.000Z,Listed for rent,2024-04-02T00:00:00.000Z,Listing removed,2024-03-05T00:00:00.000Z,Price change,2024-02-21T00:00:00.000Z,Price change,2023-12-28T00:00:00.000Z,Listed for rent,2021-09-17T00:00:00.000Z,Listing removed,2021-08-26T00:00:00.000Z,Price change,2021-08-16T00:00:00.000Z,Sold,2021-08-13T00:00:00.000Z,Listed for rent,2019-05-28T00:00:00.000Z,Sold,,,,,,,,,,,,,,,,,,
"2345 Ravenglass Way, Maiden, NC 28650",2345 Ravenglass Way,Maiden,NC,,forRent,5,3243,,2565,38,https://www.zillow.com/homedetails/2345-Ravenglass-Way-Maiden-NC-28650/464885162_zpid/,,,2026-09-25T00:00:00.000Z,Price change,2026-09-18T00:00:00.000Z,Listed for rent,2026-09-10T00:00:00.000Z,Listing removed,2026-08-28T00:00:00.000Z,Listed for rent,,,,,,,,,,,,,,,,,,,,,,,,,,,,,,,,,,,,,,,,,,,,,,,,,,,,
"3919 Ten Deer Run Dr, Conover, NC 28613",3919 Ten Deer Run Dr,Conover,NC,,forRent,,,,,,https://www.zillow.com/b/3919-ten-deer-run-dr-conover-nc-CcnStt/,,,,,,,,,,,,,,,,,,,,,,,,,,,,,,,,,,,,,,,,,,,,,,,,,,,,,,,,,,,,,,
"7083 Juneberry Way, Maiden, NC 28650",7083 Juneberry Way,Maiden,NC,,forRent,4,2628,,2249,39,https://www.zillow.com/homedetails/7083-Juneberry-Way-Maiden-NC-28650/464846943_zpid/,,,2026-09-25T00:00:00.000Z,Price change,2026-09-10T00:00:00.000Z,Price change,2026-08-26T00:00:00.000Z,Listed for rent,,,,,,,,,,,,,,,,,,,,,,,,,,,,,,,,,,,,,,,,,,,,,,,,,,,,,,
"7137 Juneberry Way, Maiden, NC 28650",7137 Juneberry Way,Maiden,NC,,forRent,4,2931,,2449,57,https://www.zillow.com/homedetails/7137-Juneberry-Way-Maiden-NC-28650/464413261_zpid/,,,2026-09-25T00:00:00.000Z,Price change,2026-09-10T00:00:00.000Z,Price change,2026-09-01T00:00:00.000Z,Price change,2026-08-08T00:00:00.000Z,Listed for rent,,,,,,,,,,,,,,,,,,,,,,,,,,,,,,,,,,,,,,,,,,,,,,,,,,,,
"4866 Emma Love Ln, Denver, NC 28037",4866 Emma Love Ln,Denver,NC,,forRent,3,1364,,1945,3,https://www.zillow.com/homedetails/4866-Emma-Love-Ln-Denver-NC-28037/2134174772_zpid/,,240000,2026-10-01T00:00:00.000Z,Listed for rent,2026-09-11T00:00:00.000Z,Listing removed,2026-09-01T00:00:00.000Z,Listed for rent,2023-03-28T00:00:00.000Z,Sold,2023-01-29T00:00:00.000Z,Price change,2022-12-05T00:00:00.000Z,Listed for sale,2016-07-19T00:00:00.000Z,Sold,2015-03-27T00:00:00.000Z,Sold,2010-06-03T00:00:00.000Z,Listing removed,2009-12-24T00:00:00.000Z,Listed for sale,,,,,,,,,,,,,,,,,,,,,,,,,,,,,,,,,,,,,,,,
"8137 Warford Little Rd, Denver, NC 28037",8137 Warford Little Rd,Denver,NC,,forRent,5,2652,,2850,40,https://www.zillow.com/homedetails/8137-Warford-Little-Rd-Denver-NC-28037/2054293292_zpid/,,489920,2026-10-02T00:00:00.000Z,Price change,2026-09-09T00:00:00.000Z,Price change,2026-09-01T00:00:00.000Z,Price change,2026-08-26T00:00:00.000Z,Listing removed,2026-08-26T00:00:00.000Z,Listed for rent,2026-07-09T00:00:00.000Z,Price change,2026-06-18T00:00:00.000Z,Listed for sale,2024-05-28T00:00:00.000Z,Sold,2024-02-16T00:00:00.000Z,Pending sale,2024-02-05T00:00:00.000Z,Price change,2023-11-27T00:00:00.000Z,Pending sale,2023-11-20T00:00:00.000Z,Listed for sale,,,,,,,,,,,,,,,,,,,,,,,,,,,,,,,,,,,,
"1494 Carpenter St, Newton, NC 28658",1494 Carpenter St,Newton,NC,,forRent,3,1200,,1650,23,https://www.zillow.com/homedetails/1494-Carpenter-St-Newton-NC-28658/71942808_zpid/,,115000,2026-09-11T00:00:00.000Z,Listed for rent,2026-06-28T00:00:00.000Z,Listing removed,2026-06-24T00:00:00.000Z,Price change,2026-05-25T00:00:00.000Z,Listed for rent,2026-05-16T00:00:00.000Z,Listing removed,2026-04-27T00:00:00.000Z,Listed for rent,2026-02-09T00:00:00.000Z,Listing removed,2025-10-22T00:00:00.000Z,Listed for sale,2025-04-25T00:00:00.000Z,Sold,2017-03-02T00:00:00.000Z,Sold,2017-01-18T00:00:00.000Z,Listed for sale,2016-12-03T00:00:00.000Z,Listing removed,2016-12-01T00:00:00.000Z,Listed for sale,2016-10-01T00:00:00.000Z,Listing removed,2016-06-03T00:00:00.000Z,Listed for sale,,,,,,,,,,,,,,,,,,,,,,,,,,,,,,
"4814 Stone Dr, Conover, NC 28613",4814 Stone Dr,Conover,NC,,forRent,4,2000,,1950,16,https://www.zillow.com/homedetails/4814-Stone-Dr-Conover-NC-28613/71961262_zpid/,,280000,2026-09-18T00:00:00.000Z,Listed for rent,2026-04-29T00:00:00.000Z,Listing removed,2026-03-26T00:00:00.000Z,Listed for rent,2026-03-25T00:00:00.000Z,Listing removed,2026-03-22T00:00:00.000Z,Price change,2026-01-16T00:00:00.000Z,Listed for rent,2023-09-06T00:00:00.000Z,Listing removed,2023-09-01T00:00:00.000Z,Listed for rent,2023-09-01T00:00:00.000Z,Listing removed,2023-08-23T00:00:00.000Z,Price change,2023-08-04T00:00:00.000Z,Listed for rent,2023-01-13T00:00:00.000Z,Sold,2022-03-11T00:00:00.000Z,Pending sale,2022-03-11T00:00:00.000Z,Listed for sale,2021-10-21T00:00:00.000Z,Sold,2021-01-06T00:00:00.000Z,Contingent,2020-11-13T00:00:00.000Z,Pending sale,2020-11-13T00:00:00.000Z,Contingent,2018-03-24T00:00:00.000Z,Listed for sale,,,,,,,,,,,,,,,,,,,,,,
"2259 Meadow Stream Dr, Sherrills Ford, NC 28673",2259 Meadow Stream Dr,Sherrills Ford,NC,,forRent,4,2164,,2075,28,https://www.zillow.com/homedetails/2259-Meadow-Stream-Dr-Sherrills-Ford-NC-28673/2058077331_zpid/,,335000,2026-08-04T00:00:00.000Z,Listed for rent,2024-08-27T00:00:00.000Z,Listing removed,2024-08-26T00:00:00.000Z,Price change,2024-08-23T00:00:00.000Z,Price change,2024-08-13T00:00:00.000Z,Listed for rent,2024-02-25T00:00:00.000Z,Listing removed,2024-02-15T00:00:00.000Z,Price change,2024-02-08T00:00:00.000Z,Price change,2024-02-02T00:00:00.000Z,Price change,2024-02-01T00:00:00.000Z,Price change,2024-01-25T00:00:00.000Z,Price change,2024-01-19T00:00:00.000Z,Price change,2024-01-03T00:00:00.000Z,Price change,2023-12-27T00:00:00.000Z,Price change,2023-12-20T00:00:00.000Z,Price change,2023-12-14T00:00:00.000Z,Price change,2023-12-06T00:00:00.000Z,Price change,2023-11-29T00:00:00.000Z,Price change,2023-11-22T00:00:00.000Z,Price change,2023-11-14T00:00:00.000Z,Price change,2023-11-10T00:00:00.000Z,Price change,2023-11-07T00:00:00.000Z,Price change,2023-11-01T00:00:00.000Z,Price change,2023-10-23T00:00:00.000Z,Price change,2023-10-22T00:00:00.000Z,Listed for rent,2023-09-28T00:00:00.000Z,Sold,,,,,,,,
"1417 17th Ave NE, Hickory, NC 28601",1417 17th Ave NE,Hickory,NC,,forRent,3,1400,,1725,59,https://www.zillow.com/homedetails/1417-17th-Ave-NE-Hickory-NC-28601/71551010_zpid/,,99000,2026-08-21T00:00:00.000Z,Price change,2026-08-07T00:00:00.000Z,Listed for rent,2006-11-13T00:00:00.000Z,Sold,,,,,,,,,,,,,,,,,,,,,,,,,,,,,,,,,,,,,,,,,,,,,,,,,,,,,,
"846 Crestway Dr, Newton, NC 28658",846 Crestway Dr,Newton,NC,,forRent,3,1200,,1500,17,https://www.zillow.com/homedetails/846-Crestway-Dr-Newton-NC-28658/71916403_zpid/,,163200,2026-07-18T00:00:00.000Z,Listed for rent,2026-07-06T00:00:00.000Z,Listing removed,2026-06-24T00:00:00.000Z,Listed for rent,2022-02-11T00:00:00.000Z,Sold,2021-12-28T00:00:00.000Z,Contingent,2021-12-13T00:00:00.000Z,Price change,2021-11-15T00:00:00.000Z,Price change,2021-11-02T00:00:00.000Z,Listed for sale,2021-10-26T00:00:00.000Z,Listing removed,2021-10-17T00:00:00.000Z,Listed for sale,,,,,,,,,,,,,,,,,,,,,,,,,,,,,,,,,,,,,,,,
"(Undisclosed Address), Maiden, NC 28650",(Undisclosed Address),Maiden,NC,,forRent,3,1144,,1600,17,https://www.zillow.com/homedetails/Maiden-NC-28650/71928013_zpid/,,30000,2026-09-17T00:00:00.000Z,Listed for rent,2026-05-07T00:00:00.000Z,Listing removed,2026-04-19T00:00:00.000Z,Listed for rent,2025-09-30T00:00:00.000Z,Listing removed,2025-09-02T00:00:00.000Z,Listed for rent,1994-08-01T00:00:00.000Z,Sold,,,,,,,,,,,,,,,,,,,,,,,,,,,,,,,,,,,,,,,,,,,,,,,,
"1414 12th Street Dr NW, Hickory, NC 28601",1414 12th Street Dr NW,Hickory,NC,,forRent,3,1079,,1700,25,https://www.zillow.com/homedetails/1414-12th-Street-Dr-NW-Hickory-NC-28601/71950400_zpid/,,105300,2026-09-09T00:00:00.000Z,Listed for rent,2025-05-13T00:00:00.000Z,Listing removed,2025-05-05T00:00:00.000Z,Listed for rent,2024-05-31T00:00:00.000Z,Listing removed,2024-03-26T00:00:00.000Z,Price change,2024-02-17T00:00:00.000Z,Listed for rent,2021-11-29T00:00:00.000Z,Listing removed,2021-11-26T00:00:00.000Z,Listed for rent,2021-11-18T00:00:00.000Z,Listing removed,2021-10-31T00:00:00.000Z,Listed for rent,2015-08-26T00:00:00.000Z,Sold,2015-07-24T00:00:00.000Z,Pending sale,2015-05-20T00:00:00.000Z,Listed for sale,2007-06-06T00:00:00.000Z,Sold,,,,,,,,,,,,,,,,,,,,,,,,,,,,,,,,
"8597 Acadia Pkwy, Sherrills Ford, NC 28673",8597 Acadia Pkwy,Sherrills Ford,NC,,forRent,5,2600,,2595,3,https://www.zillow.com/homedetails/8597-Acadia-Pkwy-Sherrills-Ford-NC-28673/347906747_zpid/,,380990,2026-10-01T00:00:00.000Z,Listed for rent,2026-10-01T00:00:00.000Z,Listing removed,2026-09-21T00:00:00.000Z,Price change,2026-07-28T00:00:00.000Z,Listed for rent,2025-01-27T00:00:00.000Z,Listing removed,2025-01-09T00:00:00.000Z,Listed for rent,2024-12-30T00:00:00.000Z,Sold,2024-12-11T00:00:00.000Z,Pending sale,2024-12-04T00:00:00.000Z,Price change,2024-11-01T00:00:00.000Z,Price change,2024-09-17T00:00:00.000Z,Price change,2024-09-11T00:00:00.000Z,Price change,2024-08-03T00:00:00.000Z,Price change,2024-06-25T00:00:00.000Z,Price change,2024-04-16T00:00:00.000Z,Listed for sale,2023-12-08T00:00:00.000Z,Sold,,,,,,,,,,,,,,,,,,,,,,,,,,,,
"(Undisclosed Address), Claremont, NC 28610",(Undisclosed Address),Claremont,NC,,forRent,3,1561,,2300,18,https://www.zillow.com/homedetails/Claremont-NC-28610/71557599_zpid/,,170000,2026-08-02T00:00:00.000Z,Listed for rent,2026-03-17T00:00:00.000Z,Listing removed,2025-12-26T00:00:00.000Z,Price change,2025-12-19T00:00:00.000Z,Listed for rent,2025-11-04T00:00:00.000Z,Listing removed,2025-09-22T00:00:00.000Z,Listed for rent,2024-11-06T00:00:00.000Z,Listing removed,2024-10-20T00:00:00.000Z,Listed for rent,2024-10-01T00:00:00.000Z,Listing removed,2024-06-06T00:00:00.000Z,Listed for rent,2024-02-11T00:00:00.000Z,Listing removed,2024-01-22T00:00:00.000Z,Price change,2024-01-19T00:00:00.000Z,Price change,2024-01-16T00:00:00.000Z,Price change,2024-01-13T00:00:00.000Z,Listed for rent,2016-10-20T00:00:00.000Z,Sold,2016-08-05T00:00:00.000Z,Pending sale,2016-07-22T00:00:00.000Z,Price change,2016-06-25T00:00:00.000Z,Listed for sale,,,,,,,,,,,,,,,,,,,,,,
"3042 Arundel Ct, Maiden, NC 28650",3042 Arundel Ct,Maiden,NC,,forRent,3,1749,,2050,13,https://www.zillow.com/homedetails/3042-Arundel-Ct-Maiden-NC-28650/461409158_zpid/,,285000,2026-09-29T00:00:00.000Z,Sold,2026-08-18T00:00:00.000Z,Listed for rent,2026-08-14T00:00:00.000Z,Pending sale,2026-08-03T00:00:00.000Z,Price change,2026-07-17T00:00:00.000Z,Price change,2026-05-19T00:00:00.000Z,Price change,2026-03-31T00:00:00.000Z,Listed for sale,,,,,,,,,,,,,,,,,,,,,,,,,,,,,,,,,,,,,,,,,,,,,,
"320 S Cline Ave, Newton, NC 28658",320 S Cline Ave,Newton,NC,,forRent,4,1952,,1435,64,https://www.zillow.com/homedetails/320-S-Cline-Ave-Newton-NC-28658/71933135_zpid/,,80000,2026-08-31T00:00:00.000Z,Price change,2026-08-22T00:00:00.000Z,Price change,2026-08-18T00:00:00.000Z,Price change,2026-08-13T00:00:00.000Z,Price change,2026-08-09T00:00:00.000Z,Price change,2026-08-05T00:00:00.000Z,Price change,2026-08-01T00:00:00.000Z,Listed for rent,2024-02-15T00:00:00.000Z,Listing removed,2024-02-01T00:00:00.000Z,Price change,2024-01-30T00:00:00.000Z,Price change,2024-01-28T00:00:00.000Z,Price change,2024-01-26T00:00:00.000Z,Price change,2024-01-13T00:00:00.000Z,Listed for rent,2021-03-19T00:00:00.000Z,Listing removed,2021-02-09T00:00:00.000Z,Listed for rent,2020-04-10T00:00:00.000Z,Listing removed,2020-03-20T00:00:00.000Z,Price change,2020-02-21T00:00:00.000Z,Price change,2020-02-14T00:00:00.000Z,Listing removed,2020-01-30T00:00:00.000Z,Listed for sale,2020-01-24T00:00:00.000Z,Price change,2019-12-13T00:00:00.000Z,Price change,2019-12-02T00:00:00.000Z,Price change,2019-11-14T00:00:00.000Z,Price change,2019-10-07T00:00:00.000Z,Listed for rent,2019-06-05T00:00:00.000Z,Sold,,,,,,,,
"7119 Juneberry Way, Maiden, NC 28650",7119 Juneberry Way,Maiden,NC,,forRent,4,2931,,2449,57,https://www.zillow.com/homedetails/7119-Juneberry-Way-Maiden-NC-28650/464413264_zpid/,,,2026-09-25T00:00:00.000Z,Price change,2026-09-10T00:00:00.000Z,Price change,2026-09-01T00:00:00.000Z,Price change,2026-08-08T00:00:00.000Z,Listed for rent,,,,,,,,,,,,,,,,,,,,,,,,,,,,,,,,,,,,,,,,,,,,,,,,,,,,
"3543 Buffalo Shoals Rd, Newton, NC 28658",3543 Buffalo Shoals Rd,Newton,NC,,forRent,3,1775,,2700,120,https://www.zillow.com/homedetails/3543-Buffalo-Shoals-Rd-Newton-NC-28658/71556311_zpid/,,,2026-06-06T00:00:00.000Z,Listed for rent,2025-05-23T00:00:00.000Z,Listing removed,2025-03-07T00:00:00.000Z,Listed for rent,2024-09-06T00:00:00.000Z,Listing removed,2024-07-22T00:00:00.000Z,Listed for rent,,,,,,,,,,,,,,,,,,,,,,,,,,,,,,,,,,,,,,,,,,,,,,,,,,
"15 Harvest Ridge Dr, Hickory, NC 28601",15 Harvest Ridge Dr,Hickory,NC,,forRent,4,2000,,2100,36,https://www.zillow.com/homedetails/15-Harvest-Ridge-Dr-Hickory-NC-28601/2063037302_zpid/,,220990,2026-09-22T00:00:00.000Z,Price change,2026-09-04T00:00:00.000Z,Price change,2026-08-30T00:00:00.000Z,Listed for rent,2025-06-28T00:00:00.000Z,Listing removed,2025-06-09T00:00:00.000Z,Listed for rent,2023-09-11T00:00:00.000Z,Listing removed,2023-09-04T00:00:00.000Z,Listed for rent,2022-08-02T00:00:00.000Z,Listing removed,2022-06-24T00:00:00.000Z,Listing removed,2022-06-01T00:00:00.000Z,Listed for rent,2022-01-12T00:00:00.000Z,Sold,2021-04-09T00:00:00.000Z,Pending sale,,,,,,,,,,,,,,,,,,,,,,,,,,,,,,,,,,,,
"6605 Lewis Rd, Kings Mountain, NC 28086",6605 Lewis Rd,Kings Mountain,NC,,forRent,3,640,,1200,9,https://www.zillow.com/homedetails/6605-Lewis-Rd-Kings-Mountain-NC-28086/5881970_zpid/,,260000,2026-09-25T00:00:00.000Z,Listed for rent,2023-07-25T00:00:00.000Z,Sold,2021-12-21T00:00:00.000Z,Sold,,,,,,,,,,,,,,,,,,,,,,,,,,,,,,,,,,,,,,,,,,,,,,,,,,,,,,
"701 Cleveland Ave, Kings Mountain, NC 28086",701 Cleveland Ave,Kings Mountain,NC,,forRent,3,1372,,1600,40,https://www.zillow.com/homedetails/701-Cleveland-Ave-Kings-Mountain-NC-28086/78286739_zpid/,,70000,2026-08-25T00:00:00.000Z,Listed for rent,2024-05-10T00:00:00.000Z,Sold,2013-11-01T00:00:00.000Z,Sold,2008-01-30T00:00:00.000Z,Sold,,,,,,,,,,,,,,,,,,,,,,,,,,,,,,,,,,,,,,,,,,,,,,,,,,,,
"2017 Redwood Cir, Kings Mountain, NC 28086",2017 Redwood Cir,Kings Mountain,NC,,forRent,3,1050,,1495,49,https://www.zillow.com/homedetails/2017-Redwood-Cir-Kings-Mountain-NC-28086/5880543_zpid/,,110000,2026-09-24T00:00:00.000Z,Price change,2026-08-16T00:00:00.000Z,Listed for rent,2024-07-04T00:00:00.000Z,Listing removed,2024-07-03T00:00:00.000Z,Price change,2024-06-15T00:00:00.000Z,Listed for rent,2023-07-19T00:00:00.000Z,Sold,,,,,,,,,,,,,,,,,,,,,,,,,,,,,,,,,,,,,,,,,,,,,,,,
"1214 Northwoods Dr, Kings Mountain, NC 28086",1214 Northwoods Dr,Kings Mountain,NC,,forRent,3,,,1350,109,https://www.zillow.com/homedetails/1214-Northwoods-Dr-Kings-Mountain-NC-28086/5880382_zpid/,,92000,2026-07-30T00:00:00.000Z,Price change,2026-07-02T00:00:00.000Z,Price change,2026-06-17T00:00:00.000Z,Listed for rent,2025-07-01T00:00:00.000Z,Listing removed,2025-06-20T00:00:00.000Z,Listed for rent,2025-06-19T00:00:00.000Z,Listing removed,2025-06-03T00:00:00.000Z,Listed for sale,2025-01-21T00:00:00.000Z,Sold,,,,,,,,,,,,,,,,,,,,,,,,,,,,,,,,,,,,,,,,,,,,
"170 Crown Ct, Kings Mountain, NC 28086",170 Crown Ct,Kings Mountain,NC,,forRent,3,1320,,1715,26,https://www.zillow.com/homedetails/170-Crown-Ct-Kings-Mountain-NC-28086/214084781_zpid/,,22000,2026-09-09T00:00:00.000Z,Listed for rent,2025-08-22T00:00:00.000Z,Sold,2022-02-11T00:00:00.000Z,Sold,2021-12-21T00:00:00.000Z,Contingent,2018-04-23T00:00:00.000Z,Listed for sale,,,,,,,,,,,,,,,,,,,,,,,,,,,,,,,,,,,,,,,,,,,,,,,,,,
"505 W Mountain St, Kings Mountain, NC 28086",505 W Mountain St,Kings Mountain,NC,,forRent,3,1710,,1800,3,https://www.zillow.com/homedetails/505-W-Mountain-St-Kings-Mountain-NC-28086/78286632_zpid/,,250000,2026-10-02T00:00:00.000Z,Listing removed,2026-10-02T00:00:00.000Z,Listed for rent,2026-07-28T00:00:00.000Z,Price change,2026-05-19T00:00:00.000Z,Price change,2026-05-01T00:00:00.000Z,Listed for sale,2022-01-14T00:00:00.000Z,Sold,2021-12-01T00:00:00.000Z,Contingent,2021-11-23T00:00:00.000Z,Listed for sale,2021-11-03T00:00:00.000Z,Contingent,2020-08-28T00:00:00.000Z,Sold,2012-04-02T00:00:00.000Z,Listing removed,2010-09-11T00:00:00.000Z,Listing removed,2010-06-26T00:00:00.000Z,Price change,2010-05-30T00:00:00.000Z,Price change,2010-05-01T00:00:00.000Z,Price change,2010-04-17T00:00:00.000Z,Price change,2010-04-02T00:00:00.000Z,Price change,2010-03-20T00:00:00.000Z,Price change,2010-03-06T00:00:00.000Z,Price change,2010-02-17T00:00:00.000Z,Price change,2009-09-15T00:00:00.000Z,Price change,2009-03-22T00:00:00.000Z,Price change,2008-09-29T00:00:00.000Z,Listed for sale,,,,,,,,,,,,,,
"318 Fulton St, Kings Mountain, NC 28086",318 Fulton St,Kings Mountain,NC,,forRent,3,1428,,1650,14,https://www.zillow.com/homedetails/318-Fulton-St-Kings-Mountain-NC-28086/78268657_zpid/,,200000,2026-09-20T00:00:00.000Z,Listed for rent,2026-09-20T00:00:00.000Z,Listing removed,2026-09-05T00:00:00.000Z,Listed for rent,2026-03-26T00:00:00.000Z,Listing removed,2025-09-09T00:00:00.000Z,Listed for rent,2022-07-22T00:00:00.000Z,Sold,2022-06-22T00:00:00.000Z,Contingent,2022-06-16T00:00:00.000Z,Listed for sale,2022-06-07T00:00:00.000Z,Contingent,2022-06-04T00:00:00.000Z,Listed for sale,,,,,,,,,,,,,,,,,,,,,,,,,,,,,,,,,,,,,,,,
"1802 Cashew Cir, Foley, AL 36535",1802 Cashew Cir,Foley,AL,,forRent,,,,,,https://www.zillow.com/apartments/foley-al/outpost-orchard-residential/CgKL5n/,,,,,,,,,,,,,,,,,,,,,,,,,,,,,,,,,,,,,,,,,,,,,,,,,,,,,,,,,,,,,,
"904 Shagbark Rd, Foley, AL 36535",904 Shagbark Rd,Foley,AL,,forRent,,,,,,https://www.zillow.com/apartments/foley-al/the-village-at-hickory-street/CgLXC4/,,,,,,,,,,,,,,,,,,,,,,,,,,,,,,,,,,,,,,,,,,,,,,,,,,,,,,,,,,,,,,
"19426 Ghost Horse Dr, Foley, AL 36535",19426 Ghost Horse Dr,Foley,AL,,forRent,4,1667,,2200,12,https://www.zillow.com/homedetails/19426-Ghost-Horse-Dr-Foley-AL-36535/465497109_zpid/,,,2026-10-01T00:00:00.000Z,Price change,2026-09-22T00:00:00.000Z,Listed for rent,,,,,,,,,,,,,,,,,,,,,,,,,,,,,,,,,,,,,,,,,,,,,,,,,,,,,,,,
"830 State Highway 98, Daphne, AL 36526",830 State Highway 98,Daphne,AL,,forRent,,,,,,https://www.zillow.com/apartments/daphne-al/colonnade-at-eastern-shore/CkWVjp/,,,,,,,,,,,,,,,,,,,,,,,,,,,,,,,,,,,,,,,,,,,,,,,,,,,,,,,,,,,,,,
"19161 Pagoda Ln, Summerdale, AL 36580",19161 Pagoda Ln,Summerdale,AL,,forRent,4,1504,,2300,18,https://www.zillow.com/homedetails/19161-Pagoda-Ln-Summerdale-AL-36580/465337465_zpid/,,,2026-09-17T00:00:00.000Z,Listed for rent,,,,,,,,,,,,,,,,,,,,,,,,,,,,,,,,,,,,,,,,,,,,,,,,,,,,,,,,,,
"20018 Clover Field Ln, Summerdale, AL 36580",20018 Clover Field Ln,Summerdale,AL,,forRent,4,1732,,1995,31,https://www.zillow.com/homedetails/20018-Clover-Field-Ln-Summerdale-AL-36580/465041468_zpid/,,,2026-09-04T00:00:00.000Z,Listed for rent,,,,,,,,,,,,,,,,,,,,,,,,,,,,,,,,,,,,,,,,,,,,,,,,,,,,,,,,,,
"14543 Dalton Cir, Foley, AL 36535",14543 Dalton Cir,Foley,AL,,forRent,4,1791,,2400,32,https://www.zillow.com/homedetails/14543-Dalton-Cir-Foley-AL-36535/465015357_zpid/,,,2026-09-02T00:00:00.000Z,Listed for rent,,,,,,,,,,,,,,,,,,,,,,,,,,,,,,,,,,,,,,,,,,,,,,,,,,,,,,,,,,
"20040 Clover Field Ln, Summerdale, AL 36580",20040 Clover Field Ln,Summerdale,AL,,forRent,4,1810,,2045,31,https://www.zillow.com/homedetails/20040-Clover-Field-Ln-Summerdale-AL-36580/465041436_zpid/,,,2026-09-04T00:00:00.000Z,Listed for rent,,,,,,,,,,,,,,,,,,,,,,,,,,,,,,,,,,,,,,,,,,,,,,,,,,,,,,,,,,
"25128 Citrus Ct, Loxley, AL 36551",25128 Citrus Ct,Loxley,AL,,forRent,4,2000,,1995,23,https://www.zillow.com/homedetails/25128-Citrus-Ct-Loxley-AL-36551/465209730_zpid/,,,2026-09-11T00:00:00.000Z,Listed for rent,,,,,,,,,,,,,,,,,,,,,,,,,,,,,,,,,,,,,,,,,,,,,,,,,,,,,,,,,,
"24582 Ponder Loop, Loxley, AL 36551",24582 Ponder Loop,Loxley,AL,,forRent,4,1791,,2300,5,https://www.zillow.com/homedetails/24582-Ponder-Loop-Loxley-AL-36551/348005985_zpid/,,298140,2026-09-29T00:00:00.000Z,Listed for rent,2026-09-12T00:00:00.000Z,Listing removed,2026-07-17T00:00:00.000Z,Listed for sale,2024-07-26T00:00:00.000Z,Sold,2024-06-18T00:00:00.000Z,Pending sale,2024-04-18T00:00:00.000Z,Listed for sale,,,,,,,,,,,,,,,,,,,,,,,,,,,,,,,,,,,,,,,,,,,,,,,,
"12807 Philadelphia Blvd, Daphne, AL 36527",12807 Philadelphia Blvd,Daphne,AL,,forRent,3,1437,,1700,102,https://www.zillow.com/homedetails/12807-Philadelphia-Blvd-Daphne-AL-36527/343594922_zpid/,,239800,2026-10-03T00:00:00.000Z,Price change,2026-09-09T00:00:00.000Z,Price change,2026-08-18T00:00:00.000Z,Price change,2026-07-24T00:00:00.000Z,Price change,2026-06-24T00:00:00.000Z,Listed for rent,2024-12-19T00:00:00.000Z,Sold,2024-11-04T00:00:00.000Z,Pending sale,2024-10-31T00:00:00.000Z,Price change,2024-10-07T00:00:00.000Z,Price change,2024-09-27T00:00:00.000Z,Pending sale,2024-07-08T00:00:00.000Z,Price change,2024-03-11T00:00:00.000Z,Price change,2024-03-04T00:00:00.000Z,Listed for sale,,,,,,,,,,,,,,,,,,,,,,,,,,,,,,,,,,
"13437 Antler Hill Rd, Spanish Fort, AL 36527",13437 Antler Hill Rd,Spanish Fort,AL,,forRent,4,1931,,2350,38,https://www.zillow.com/homedetails/13437-Antler-Hill-Rd-Spanish-Fort-AL-36527/2058500497_zpid/,,319950,2026-08-27T00:00:00.000Z,Listed for rent,2026-08-04T00:00:00.000Z,Listing removed,2026-05-26T00:00:00.000Z,Listed for sale,2024-11-19T00:00:00.000Z,Sold,2023-06-16T00:00:00.000Z,Sold,2023-05-17T00:00:00.000Z,Price change,2023-05-10T00:00:00.000Z,Price change,2023-05-02T00:00:00.000Z,Price change,2023-04-18T00:00:00.000Z,Price change,2023-03-15T00:00:00.000Z,Listed for sale,,,,,,,,,,,,,,,,,,,,,,,,,,,,,,,,,,,,,,,,
"18661 Facet Rd, Summerdale, AL 36580",18661 Facet Rd,Summerdale,AL,,forRent,4,1810,,1850,31,https://www.zillow.com/homedetails/18661-Facet-Rd-Summerdale-AL-36580/465041464_zpid/,,,2026-09-04T00:00:00.000Z,Listed for rent,,,,,,,,,,,,,,,,,,,,,,,,,,,,,,,,,,,,,,,,,,,,,,,,,,,,,,,,,,
"19976 Clover Field Ln, Summerdale, AL 36580",19976 Clover Field Ln,Summerdale,AL,,forRent,3,1569,,1845,23,https://www.zillow.com/homedetails/19976-Clover-Field-Ln-Summerdale-AL-36580/465209719_zpid/,,,2026-09-11T00:00:00.000Z,Listed for rent,,,,,,,,,,,,,,,,,,,,,,,,,,,,,,,,,,,,,,,,,,,,,,,,,,,,,,,,,,
"20052 Clover Field Ln, Summerdale, AL 36580",20052 Clover Field Ln,Summerdale,AL,,forRent,3,1413,,1795,31,https://www.zillow.com/homedetails/20052-Clover-Field-Ln-Summerdale-AL-36580/465041471_zpid/,,,2026-09-04T00:00:00.000Z,Listed for rent,,,,,,,,,,,,,,,,,,,,,,,,,,,,,,,,,,,,,,,,,,,,,,,,,,,,,,,,,,
"18639 Facet Rd, Summerdale, AL 36580",18639 Facet Rd,Summerdale,AL,,forRent,3,1569,,1755,31,https://www.zillow.com/homedetails/18639-Facet-Rd-Summerdale-AL-36580/465041485_zpid/,,,2026-09-04T00:00:00.000Z,Listed for rent,,,,,,,,,,,,,,,,,,,,,,,,,,,,,,,,,,,,,,,,,,,,,,,,,,,,,,,,,,
"14578 Dayton Cir, Foley, AL 36535",14578 Dayton Cir,Foley,AL,,forRent,4,2031,,2200,19,https://www.zillow.com/homedetails/14578-Dayton-Cir-Foley-AL-36535/447119813_zpid/,,322000,2026-10-02T00:00:00.000Z,Price change,2026-09-21T00:00:00.000Z,Price change,2026-09-15T00:00:00.000Z,Listed for rent,2025-03-31T00:00:00.000Z,Sold,2025-03-18T00:00:00.000Z,Pending sale,2025-03-16T00:00:00.000Z,Price change,2025-02-07T00:00:00.000Z,Pending sale,,,,,,,,,,,,,,,,,,,,,,,,,,,,,,,,,,,,,,,,,,,,,,
"18685 Facet Rd, Summerdale, AL 36580",18685 Facet Rd,Summerdale,AL,,forRent,3,1569,,1755,31,https://www.zillow.com/homedetails/18685-Facet-Rd-Summerdale-AL-36580/465041482_zpid/,,,2026-09-04T00:00:00.000Z,Listed for rent,,,,,,,,,,,,,,,,,,,,,,,,,,,,,,,,,,,,,,,,,,,,,,,,,,,,,,,,,,
"14531 Dayton Cir, Foley, AL 36535",14531 Dayton Cir,Foley,AL,,forRent,4,2031,,2200,19,https://www.zillow.com/homedetails/14531-Dayton-Cir-Foley-AL-36535/462698096_zpid/,,324000,2026-10-02T00:00:00.000Z,Price change,2026-09-21T00:00:00.000Z,Price change,2026-09-15T00:00:00.000Z,Listed for rent,2026-08-24T00:00:00.000Z,Sold,2026-07-02T00:00:00.000Z,Pending sale,2026-05-27T00:00:00.000Z,Listed for sale,,,,,,,,,,,,,,,,,,,,,,,,,,,,,,,,,,,,,,,,,,,,,,,,
"7496 Brompton Dr, Foley, AL 36535",7496 Brompton Dr,Foley,AL,,forRent,4,1980,,2200,33,https://www.zillow.com/homedetails/7496-Brompton-Dr-Foley-AL-36535/2068386206_zpid/,,286425,2026-09-02T00:00:00.000Z,Listed for rent,2025-07-21T00:00:00.000Z,Listing removed,2025-06-05T00:00:00.000Z,Listed for rent,2022-03-31T00:00:00.000Z,Sold,2022-02-01T00:00:00.000Z,Pending sale,2022-01-02T00:00:00.000Z,Price change,2021-10-02T00:00:00.000Z,Price change,2021-09-25T00:00:00.000Z,Listed for sale,,,,,,,,,,,,,,,,,,,,,,,,,,,,,,,,,,,,,,,,,,,,
"18697 Facet Rd, Summerdale, AL 36580",18697 Facet Rd,Summerdale,AL,,forRent,4,1810,,1850,31,https://www.zillow.com/homedetails/18697-Facet-Rd-Summerdale-AL-36580/465041476_zpid/,,,2026-09-04T00:00:00.000Z,Listed for rent,,,,,,,,,,,,,,,,,,,,,,,,,,,,,,,,,,,,,,,,,,,,,,,,,,,,,,,,,,
"9575 Willet Way, Foley, AL 36535",9575 Willet Way,Foley,AL,,forRent,4,1667,,2100,15,https://www.zillow.com/homedetails/9575-Willet-Way-Foley-AL-36535/447921365_zpid/,,275000,2026-09-20T00:00:00.000Z,Listed for rent,2026-09-10T00:00:00.000Z,Sold,2026-08-20T00:00:00.000Z,Pending sale,2026-08-17T00:00:00.000Z,Price change,2026-08-11T00:00:00.000Z,Price change,2026-08-03T00:00:00.000Z,Price change,2026-07-27T00:00:00.000Z,Price change,2026-07-21T00:00:00.000Z,Price change,2026-07-17T00:00:00.000Z,Price change,2026-07-10T00:00:00.000Z,Price change,2026-06-24T00:00:00.000Z,Listed for sale,2025-02-28T00:00:00.000Z,Sold,2025-02-28T00:00:00.000Z,Pending sale,,,,,,,,,,,,,,,,,,,,,,,,,,,,,,,,,,
"3911 Camino St, Foley, AL 36535",3911 Camino St,Foley,AL,,forRent,4,2000,,2045,31,https://www.zillow.com/homedetails/3911-Camino-St-Foley-AL-36535/463785339_zpid/,,,2026-09-04T00:00:00.000Z,Listed for rent,2026-08-14T00:00:00.000Z,Listing removed,2026-07-11T00:00:00.000Z,Price change,2026-07-10T00:00:00.000Z,Listed for sale,,,,,,,,,,,,,,,,,,,,,,,,,,,,,,,,,,,,,,,,,,,,,,,,,,,,
"3892 Camino St, Foley, AL 36535",3892 Camino St,Foley,AL,,forRent,4,2000,,2045,31,https://www.zillow.com/homedetails/3892-Camino-St-Foley-AL-36535/465041452_zpid/,,,2026-09-04T00:00:00.000Z,Listed for rent,,,,,,,,,,,,,,,,,,,,,,,,,,,,,,,,,,,,,,,,,,,,,,,,,,,,,,,,,,
"22360 Aleutian Ave, Foley, AL 36535",22360 Aleutian Ave,Foley,AL,,forRent,4,1800,,1950,44,https://www.zillow.com/homedetails/22360-Aleutian-Ave-Foley-AL-36535/2057095002_zpid/,,309900,2026-10-02T00:00:00.000Z,Price change,2026-09-21T00:00:00.000Z,Price change,2026-09-14T00:00:00.000Z,Price change,2026-09-02T00:00:00.000Z,Price change,2026-08-21T00:00:00.000Z,Listed for rent,2023-11-29T00:00:00.000Z,Sold,2023-07-12T00:00:00.000Z,Contingent,2023-07-01T00:00:00.000Z,Price change,2023-06-26T00:00:00.000Z,Listed for sale,2023-06-24T00:00:00.000Z,Listing removed,2023-06-23T00:00:00.000Z,Pending sale,2023-06-22T00:00:00.000Z,Price change,2023-06-22T00:00:00.000Z,Pending sale,2023-06-17T00:00:00.000Z,Listed for sale,,,,,,,,,,,,,,,,,,,,,,,,,,,,,,,,
"3898 Puerto St, Foley, AL 36535",3898 Puerto St,Foley,AL,,forRent,4,2000,,2045,31,https://www.zillow.com/homedetails/3898-Puerto-St-Foley-AL-36535/465041463_zpid/,,,2026-09-04T00:00:00.000Z,Listed for rent,,,,,,,,,,,,,,,,,,,,,,,,,,,,,,,,,,,,,,,,,,,,,,,,,,,,,,,,,,
"15375 Planters Ln, Foley, AL 36535",15375 Planters Ln,Foley,AL,,forRent,4,1891,,1995,31,https://www.zillow.com/homedetails/15375-Planters-Ln-Foley-AL-36535/463785362_zpid/,,,2026-09-04T00:00:00.000Z,Listed for rent,2026-08-14T00:00:00.000Z,Listing removed,2026-07-25T00:00:00.000Z,Price change,2026-07-14T00:00:00.000Z,Price change,2026-07-10T00:00:00.000Z,Listed for sale,,,,,,,,,,,,,,,,,,,,,,,,,,,,,,,,,,,,,,,,,,,,,,,,,,
"15332 Tiller Ln, Foley, AL 36535",15332 Tiller Ln,Foley,AL,,forRent,4,1732,,1945,31,https://www.zillow.com/homedetails/15332-Tiller-Ln-Foley-AL-36535/462955413_zpid/,,,2026-09-04T00:00:00.000Z,Listed for rent,2026-08-14T00:00:00.000Z,Listing removed,2026-07-31T00:00:00.000Z,Price change,2026-07-11T00:00:00.000Z,Price change,2026-06-24T00:00:00.000Z,Price change,2026-06-13T00:00:00.000Z,Price change,2026-06-10T00:00:00.000Z,Price change,2026-06-05T00:00:00.000Z,Listed for sale,,,,,,,,,,,,,,,,,,,,,,,,,,,,,,,,,,,,,,,,,,,,
"18156 Zoysia Loop, Foley, AL 36535",18156 Zoysia Loop,Foley,AL,,forRent,4,1810,,1945,31,https://www.zillow.com/homedetails/18156-Zoysia-Loop-Foley-AL-36535/464376380_zpid/,,,2026-09-04T00:00:00.000Z,Listed for rent,2026-08-14T00:00:00.000Z,Listing removed,2026-08-06T00:00:00.000Z,Listed for sale,,,,,,,,,,,,,,,,,,,,,,,,,,,,,,,,,,,,,,,,,,,,,,,,,,,,,,
"18883 Zoysia Loop, Foley, AL 36535",18883 Zoysia Loop,Foley,AL,,forRent,4,1707,,1895,31,https://www.zillow.com/homedetails/18883-Zoysia-Loop-Foley-AL-36535/465041447_zpid/,,,2026-09-04T00:00:00.000Z,Listed for rent,,,,,,,,,,,,,,,,,,,,,,,,,,,,,,,,,,,,,,,,,,,,,,,,,,,,,,,,,,
"15361 Planters Ln, Foley, AL 36535",15361 Planters Ln,Foley,AL,,forRent,4,1732,,1945,31,https://www.zillow.com/homedetails/15361-Planters-Ln-Foley-AL-36535/465041462_zpid/,,,2026-09-04T00:00:00.000Z,Listed for rent,,,,,,,,,,,,,,,,,,,,,,,,,,,,,,,,,,,,,,,,,,,,,,,,,,,,,,,,,,
"3886 Puerto St, Foley, AL 36535",3886 Puerto St,Foley,AL,,forRent,4,2142,,2090,31,https://www.zillow.com/homedetails/3886-Puerto-St-Foley-AL-36535/463785344_zpid/,,,2026-09-04T00:00:00.000Z,Listed for rent,2026-08-14T00:00:00.000Z,Listing removed,2026-07-11T00:00:00.000Z,Price change,2026-07-10T00:00:00.000Z,Listed for sale,,,,,,,,,,,,,,,,,,,,,,,,,,,,,,,,,,,,,,,,,,,,,,,,,,,,
"10387 Buffalo St, Foley, AL 36535",10387 Buffalo St,Foley,AL,,forRent,4,1810,,1945,31,https://www.zillow.com/homedetails/10387-Buffalo-St-Foley-AL-36535/465041450_zpid/,,,2026-09-04T00:00:00.000Z,Listed for rent,,,,,,,,,,,,,,,,,,,,,,,,,,,,,,,,,,,,,,,,,,,,,,,,,,,,,,,,,,
"10305 Buffalo St, Foley, AL 36535",10305 Buffalo St,Foley,AL,,forRent,3,1413,,1755,23,https://www.zillow.com/homedetails/10305-Buffalo-St-Foley-AL-36535/464140308_zpid/,,,2026-09-11T00:00:00.000Z,Listed for rent,2026-08-15T00:00:00.000Z,Listing removed,2026-08-01T00:00:00.000Z,Price change,2026-07-28T00:00:00.000Z,Price change,2026-07-25T00:00:00.000Z,Listed for sale,,,,,,,,,,,,,,,,,,,,,,,,,,,,,,,,,,,,,,,,,,,,,,,,,,
"18864 Zoysia Loop, Foley, AL 36535",18864 Zoysia Loop,Foley,AL,,forRent,4,1707,,1895,31,https://www.zillow.com/homedetails/18864-Zoysia-Loop-Foley-AL-36535/463866352_zpid/,,,2026-09-04T00:00:00.000Z,Listed for rent,2026-08-14T00:00:00.000Z,Listing removed,2026-07-31T00:00:00.000Z,Price change,2026-07-25T00:00:00.000Z,Price change,2026-07-14T00:00:00.000Z,Listed for sale,,,,,,,,,,,,,,,,,,,,,,,,,,,,,,,,,,,,,,,,,,,,,,,,,,
"10375 Buffalo St, Foley, AL 36535",10375 Buffalo St,Foley,AL,,forRent,4,1732,,1895,31,https://www.zillow.com/homedetails/10375-Buffalo-St-Foley-AL-36535/463944498_zpid/,,,2026-09-04T00:00:00.000Z,Listed for rent,2026-08-14T00:00:00.000Z,Listing removed,2026-08-01T00:00:00.000Z,Price change,2026-07-28T00:00:00.000Z,Price change,2026-07-25T00:00:00.000Z,Price change,2026-07-17T00:00:00.000Z,Listed for sale,,,,,,,,,,,,,,,,,,,,,,,,,,,,,,,,,,,,,,,,,,,,,,,,
"10341 Buffalo St, Foley, AL 36535",10341 Buffalo St,Foley,AL,,forRent,3,1569,,1800,31,https://www.zillow.com/homedetails/10341-Buffalo-St-Foley-AL-36535/463944491_zpid/,,,2026-09-04T00:00:00.000Z,Listed for rent,2026-08-14T00:00:00.000Z,Listing removed,2026-08-01T00:00:00.000Z,Price change,2026-07-28T00:00:00.000Z,Price change,2026-07-25T00:00:00.000Z,Price change,2026-07-17T00:00:00.000Z,Listed for sale,,,,,,,,,,,,,,,,,,,,,,,,,,,,,,,,,,,,,,,,,,,,,,,,
"14423 Headlands Ln, Foley, AL 36535",14423 Headlands Ln,Foley,AL,,forRent,4,1787,,2000,25,https://www.zillow.com/homedetails/14423-Headlands-Ln-Foley-AL-36535/2076444453_zpid/,,220275,2026-09-17T00:00:00.000Z,Price change,2026-09-09T00:00:00.000Z,Listed for rent,2023-12-20T00:00:00.000Z,Listing removed,2023-12-12T00:00:00.000Z,Listed for rent,2023-11-08T00:00:00.000Z,Listing removed,2023-09-21T00:00:00.000Z,Price change,2023-08-30T00:00:00.000Z,Price change,2023-07-11T00:00:00.000Z,Listed for rent,2021-09-10T00:00:00.000Z,Sold,,,,,,,,,,,,,,,,,,,,,,,,,,,,,,,,,,,,,,,,,,
"19427 Ghost Horse Dr, Foley, AL 36535",19427 Ghost Horse Dr,Foley,AL,,forRent,4,1891,,2400,11,https://www.zillow.com/homedetails/19427-Ghost-Horse-Dr-Foley-AL-36535/465525085_zpid/,,,2026-09-24T00:00:00.000Z,Listed for rent,,,,,,,,,,,,,,,,,,,,,,,,,,,,,,,,,,,,,,,,,,,,,,,,,,,,,,,,,,
"22257 Seabrooke Ave, Foley, AL 36535",22257 Seabrooke Ave,Foley,AL,,forRent,4,1924,,2400,18,https://www.zillow.com/homedetails/22257-Seabrooke-Ave-Foley-AL-36535/341947469_zpid/,,354558,2026-09-16T00:00:00.000Z,Listed for rent,2026-08-31T00:00:00.000Z,Listing removed,2026-08-04T00:00:00.000Z,Price change,2026-07-13T00:00:00.000Z,Price change,2026-06-03T00:00:00.000Z,Listed for sale,2024-03-28T00:00:00.000Z,Sold,2024-02-26T00:00:00.000Z,Pending sale,,,,,,,,,,,,,,,,,,,,,,,,,,,,,,,,,,,,,,,,,,,,,,
"19364 Chelsey Dr, Foley, AL 36535",19364 Chelsey Dr,Foley,AL,,forRent,3,1355,,1549,142,https://www.zillow.com/homedetails/19364-Chelsey-Dr-Foley-AL-36535/462463232_zpid/,,,2026-05-15T00:00:00.000Z,Listed for rent,,,,,,,,,,,,,,,,,,,,,,,,,,,,,,,,,,,,,,,,,,,,,,,,,,,,,,,,,,
"19360 Chelsey Dr, Foley, AL 36535",19360 Chelsey Dr,Foley,AL,,forRent,1,809,,1249,142,https://www.zillow.com/homedetails/19360-Chelsey-Dr-Foley-AL-36535/462463231_zpid/,,,2026-05-15T00:00:00.000Z,Listed for rent,,,,,,,,,,,,,,,,,,,,,,,,,,,,,,,,,,,,,,,,,,,,,,,,,,,,,,,,,,
"14593 Dalton Cir, Foley, AL 36535",14593 Dalton Cir,Foley,AL,,forRent,4,2031,,2400,11,https://www.zillow.com/homedetails/14593-Dalton-Cir-Foley-AL-36535/465525255_zpid/,,,2026-09-24T00:00:00.000Z,Listed for rent,,,,,,,,,,,,,,,,,,,,,,,,,,,,,,,,,,,,,,,,,,,,,,,,,,,,,,,,,,
"13312 Shea Cir, Foley, AL 36535",13312 Shea Cir,Foley,AL,,forRent,4,1504,,2000,19,https://www.zillow.com/homedetails/13312-Shea-Cir-Foley-AL-36535/462522644_zpid/,,,2026-09-30T00:00:00.000Z,Price change,2026-09-18T00:00:00.000Z,Listing removed,2026-09-15T00:00:00.000Z,Listed for rent,2026-07-28T00:00:00.000Z,Pending sale,2026-06-25T00:00:00.000Z,Price change,2026-05-18T00:00:00.000Z,Listed for sale,,,,,,,,,,,,,,,,,,,,,,,,,,,,,,,,,,,,,,,,,,,,,,,,
"3916 Conrad Ct, Gulf Shores, AL 36542",3916 Conrad Ct,Gulf Shores,AL,,forRent,3,1659,,2300,32,https://www.zillow.com/homedetails/3916-Conrad-Ct-Gulf-Shores-AL-36542/2078264763_zpid/,,272900,2026-09-02T00:00:00.000Z,Listing removed,2026-09-02T00:00:00.000Z,Listed for rent,2026-08-13T00:00:00.000Z,Price change,2026-07-27T00:00:00.000Z,Price change,2026-05-27T00:00:00.000Z,Price change,2026-05-12T00:00:00.000Z,Price change,2026-04-01T00:00:00.000Z,Listed for sale,2024-08-16T00:00:00.000Z,Listing removed,2024-08-06T00:00:00.000Z,Listed for rent,2022-02-18T00:00:00.000Z,Listing removed,2022-02-08T00:00:00.000Z,Price change,2022-02-02T00:00:00.000Z,Listed for rent,2021-02-23T00:00:00.000Z,Sold,2021-01-28T00:00:00.000Z,Pending sale,2021-01-26T00:00:00.000Z,Price change,2021-01-06T00:00:00.000Z,Price change,2020-11-23T00:00:00.000Z,Price change,2020-11-11T00:00:00.000Z,Price change,2020-11-05T00:00:00.000Z,Price change,2020-09-05T00:00:00.000Z,Price change,2020-08-13T00:00:00.000Z,Listed for sale,,,,,,,,,,,,,,,,,,
"19362 Chelsey Dr, Foley, AL 36535",19362 Chelsey Dr,Foley,AL,,forRent,2,1102,,1375,142,https://www.zillow.com/homedetails/19362-Chelsey-Dr-Foley-AL-36535/462463228_zpid/,,,2026-05-15T00:00:00.000Z,Listed for rent,,,,,,,,,,,,,,,,,,,,,,,,,,,,,,,,,,,,,,,,,,,,,,,,,,,,,,,,,,
"17030 Baldwin County Rd #Llc, Foley, AL 36535",17030 Baldwin County Rd #Llc,Foley,AL,,forRent,3,1216,,1095,200,https://www.zillow.com/homedetails/17030-Baldwin-County-Rd-LLC-Foley-AL-36535/461142819_zpid/,,,2026-03-18T00:00:00.000Z,Listed for rent,2025-06-05T00:00:00.000Z,Listing removed,2024-07-31T00:00:00.000Z,Listed for rent,,,,,,,,,,,,,,,,,,,,,,,,,,,,,,,,,,,,,,,,,,,,,,,,,,,,,,
"7051 Camp St, Gulf Shores, AL 36542",7051 Camp St,Gulf Shores,AL,,forRent,4,2031,,2200,33,https://www.zillow.com/homedetails/7051-Camp-St-Gulf-Shores-AL-36542/2058225775_zpid/,,341985,2026-09-02T00:00:00.000Z,Listed for rent,2024-02-29T00:00:00.000Z,Listing removed,2024-01-26T00:00:00.000Z,Price change,2023-09-05T00:00:00.000Z,Price change,2023-08-01T00:00:00.000Z,Listed for rent,2023-06-28T00:00:00.000Z,Sold,2023-04-13T00:00:00.000Z,Pending sale,2023-04-06T00:00:00.000Z,Price change,2023-04-01T00:00:00.000Z,Listed for sale,,,,,,,,,,,,,,,,,,,,,,,,,,,,,,,,,,,,,,,,,,
"1256 Hayward Loop, Foley, AL 36535",1256 Hayward Loop,Foley,AL,,forRent,4,2033,,2300,18,https://www.zillow.com/homedetails/1256-Hayward-Loop-Foley-AL-36535/442460751_zpid/,,329308,2026-09-16T00:00:00.000Z,Listed for rent,2025-08-22T00:00:00.000Z,Sold,2025-06-22T00:00:00.000Z,Pending sale,2025-01-08T00:00:00.000Z,Price change,2024-11-11T00:00:00.000Z,Listed for sale,,,,,,,,,,,,,,,,,,,,,,,,,,,,,,,,,,,,,,,,,,,,,,,,,,
"13330 Shea Cir, Foley, AL 36535",13330 Shea Cir,Foley,AL,,forRent,3,1430,,2000,55,https://www.zillow.com/homedetails/13330-Shea-Cir-Foley-AL-36535/462523648_zpid/,,,2026-10-02T00:00:00.000Z,Price change,2026-09-04T00:00:00.000Z,Price change,2026-08-24T00:00:00.000Z,Price change,2026-08-10T00:00:00.000Z,Listed for rent,2026-07-09T00:00:00.000Z,Listing removed,2026-06-18T00:00:00.000Z,Pending sale,2026-05-18T00:00:00.000Z,Listed for sale,,,,,,,,,,,,,,,,,,,,,,,,,,,,,,,,,,,,,,,,,,,,,,
"1036 Hayward Loop, Foley, AL 36535",1036 Hayward Loop,Foley,AL,,forRent,4,2031,,2400,26,https://www.zillow.com/homedetails/1036-Hayward-Loop-Foley-AL-36535/452696718_zpid/,,,2026-09-08T00:00:00.000Z,Listed for rent,2025-07-29T00:00:00.000Z,Listing removed,2025-07-08T00:00:00.000Z,Listed for rent,2025-06-29T00:00:00.000Z,Listing removed,2025-05-29T00:00:00.000Z,Listed for sale,,,,,,,,,,,,,,,,,,,,,,,,,,,,,,,,,,,,,,,,,,,,,,,,,,
"21073 Teluga Ave, Fairhope, AL 36532",21073 Teluga Ave,Fairhope,AL,,forRent,4,,,2400,31,https://www.zillow.com/homedetails/21073-Teluga-Ave-Fairhope-AL-36532/443753656_zpid/,,360000,2026-09-04T00:00:00.000Z,Listed for rent,2025-04-12T00:00:00.000Z,Listing removed,2025-04-06T00:00:00.000Z,Listed for rent,2025-03-28T00:00:00.000Z,Sold,2025-02-25T00:00:00.000Z,Pending sale,2025-01-18T00:00:00.000Z,Listed for sale,2025-01-04T00:00:00.000Z,Pending sale,,,,,,,,,,,,,,,,,,,,,,,,,,,,,,,,,,,,,,,,,,,,,,
"582 Morning Mist Way, Fairhope, AL 36532",582 Morning Mist Way,Fairhope,AL,,forRent,5,2277,,3000,62,https://www.zillow.com/homedetails/582-Morning-Mist-Way-Fairhope-AL-36532/448183656_zpid/,,471576,2026-09-10T00:00:00.000Z,Price change,2026-08-03T00:00:00.000Z,Listed for rent,2025-09-15T00:00:00.000Z,Listing removed,2025-09-11T00:00:00.000Z,Listed for rent,2025-09-10T00:00:00.000Z,Listing removed,2025-08-29T00:00:00.000Z,Price change,2025-07-31T00:00:00.000Z,Listed for rent,2025-07-22T00:00:00.000Z,Sold,2025-06-17T00:00:00.000Z,Pending sale,2025-03-08T00:00:00.000Z,Listed for sale,,,,,,,,,,,,,,,,,,,,,,,,,,,,,,,,,,,,,,,,
"23150 Perdido Beach Blvd #Id1298285p, Gulf Shores, AL 36542",23150 Perdido Beach Blvd #Id1298285p,Gulf Shores,AL,,forRent,7,4391,,13303,16,https://www.zillow.com/homedetails/23150-Perdido-Beach-Blvd-ID1298285P-Gulf-Shores-AL-36542/456680710_zpid/,,,2026-10-05T00:00:00.000Z,Price change,2026-10-04T00:00:00.000Z,Price change,2026-10-02T00:00:00.000Z,Price change,2026-09-30T00:00:00.000Z,Price change,2026-09-26T00:00:00.000Z,Price change,2026-09-24T00:00:00.000Z,Price change,2026-09-23T00:00:00.000Z,Price change,2026-09-22T00:00:00.000Z,Price change,2026-09-20T00:00:00.000Z,Price change,2026-09-19T00:00:00.000Z,Listed for rent,2026-01-28T00:00:00.000Z,Listing removed,2026-01-25T00:00:00.000Z,Price change,2026-01-22T00:00:00.000Z,Listed for rent,2026-01-09T00:00:00.000Z,Listing removed,2026-01-07T00:00:00.000Z,Price change,2026-01-05T00:00:00.000Z,Price change,2026-01-02T00:00:00.000Z,Price change,2025-12-31T00:00:00.000Z,Price change,2025-12-28T00:00:00.000Z,Price change,2025-12-26T00:00:00.000Z,Price change,2025-12-23T00:00:00.000Z,Price change,2025-12-22T00:00:00.000Z,Price change,2025-12-20T00:00:00.000Z,Price change,2025-12-18T00:00:00.000Z,Price change,2025-12-15T00:00:00.000Z,Listed for rent,,,,,,,,,,
"3090 Gallica Ln, Foley, AL 36535",3090 Gallica Ln,Foley,AL,,forRent,4,1987,,2175,65,https://www.zillow.com/homedetails/3090-Gallica-Ln-Foley-AL-36535/348974244_zpid/,,321870,2026-09-25T00:00:00.000Z,Price change,2026-09-11T00:00:00.000Z,Price change,2026-07-31T00:00:00.000Z,Listed for rent,2023-06-07T00:00:00.000Z,Listing removed,2023-04-13T00:00:00.000Z,Price change,2023-03-27T00:00:00.000Z,Listed for rent,2023-03-15T00:00:00.000Z,Sold,,,,,,,,,,,,,,,,,,,,,,,,,,,,,,,,,,,,,,,,,,,,,,
"513 W Rose Ave, Foley, AL 36535",513 W Rose Ave,Foley,AL,,forRent,3,1232,,1600,16,https://www.zillow.com/homedetails/513-W-Rose-Ave-Foley-AL-36535/72756495_zpid/,,315000,2026-09-18T00:00:00.000Z,Listed for rent,2023-10-28T00:00:00.000Z,Listing removed,2023-10-03T00:00:00.000Z,Listed for rent,2023-03-20T00:00:00.000Z,Listing removed,2023-03-05T00:00:00.000Z,Listed for rent,2021-12-31T00:00:00.000Z,Sold,2021-09-27T00:00:00.000Z,Pending sale,2021-09-24T00:00:00.000Z,Listed for sale,2021-07-06T00:00:00.000Z,Sold,2021-06-05T00:00:00.000Z,Pending sale,2021-06-04T00:00:00.000Z,Listed for sale,,,,,,,,,,,,,,,,,,,,,,,,,,,,,,,,,,,,,,
"582 Morning Mist Way, Fairhope, AL 36532",582 Morning Mist Way,Fairhope,AL,,other,,,,,,https://www.zillow.com/b/582-morning-mist-way-fairhope-al-Ck7fzP/,,,,,,,,,,,,,,,,,,,,,,,,,,,,,,,,,,,,,,,,,,,,,,,,,,,,,,,,,,,,,,
"2568 E Ashford Park Dr, Foley, AL 36535",2568 E Ashford Park Dr,Foley,AL,,forRent,3,1540,,2000,60,https://www.zillow.com/homedetails/2568-E-Ashford-Park-Dr-Foley-AL-36535/196133425_zpid/,,,2026-08-05T00:00:00.000Z,Listed for rent,2024-11-30T00:00:00.000Z,Listing removed,2024-11-29T00:00:00.000Z,Listed for rent,,,,,,,,,,,,,,,,,,,,,,,,,,,,,,,,,,,,,,,,,,,,,,,,,,,,,,
"31468 Memphis Loop, Spanish Fort, AL 36527",31468 Memphis Loop,Spanish Fort,AL,,forRent,4,1846,,2250,52,https://www.zillow.com/homedetails/31468-Memphis-Loop-Spanish-Fort-AL-36527/2068386238_zpid/,,317000,2026-08-26T00:00:00.000Z,Price change,2026-08-14T00:00:00.000Z,Listed for rent,2026-08-07T00:00:00.000Z,Sold,2026-07-01T00:00:00.000Z,Listing removed,2026-06-16T00:00:00.000Z,Listed for rent,2026-06-16T00:00:00.000Z,Price change,2026-05-12T00:00:00.000Z,Price change,2026-03-12T00:00:00.000Z,Listed for sale,2022-02-16T00:00:00.000Z,Sold,2021-12-21T00:00:00.000Z,Pending sale,2021-12-20T00:00:00.000Z,Listed for sale,2021-12-20T00:00:00.000Z,Pending sale,2021-12-14T00:00:00.000Z,Price change,2021-11-27T00:00:00.000Z,Price change,2021-09-25T00:00:00.000Z,Listed for sale,,,,,,,,,,,,,,,,,,,,,,,,,,,,,,
"29895 Saint Simon St, Daphne, AL 36526",29895 Saint Simon St,Daphne,AL,,forRent,3,1613,,1800,32,https://www.zillow.com/homedetails/29895-Saint-Simon-St-Daphne-AL-36526/84394223_zpid/,,314000,2026-09-03T00:00:00.000Z,Listed for rent,2025-11-12T00:00:00.000Z,Listing removed,2025-10-16T00:00:00.000Z,Listed for rent,2025-06-19T00:00:00.000Z,Listing removed,2025-06-07T00:00:00.000Z,Listed for rent,2023-12-19T00:00:00.000Z,Listing removed,2023-12-05T00:00:00.000Z,Listed for rent,2023-10-17T00:00:00.000Z,Sold,2023-09-08T00:00:00.000Z,Price change,2023-08-01T00:00:00.000Z,Listed for sale,2021-03-24T00:00:00.000Z,Listing removed,2019-06-27T00:00:00.000Z,Listing removed,2019-06-24T00:00:00.000Z,Sold,2019-06-20T00:00:00.000Z,Listed for rent,2019-04-08T00:00:00.000Z,Price change,2019-02-14T00:00:00.000Z,Price change,2018-11-16T00:00:00.000Z,Listed for sale,,,,,,,,,,,,,,,,,,,,,,,,,,
"212 North Cir, Fairhope, AL 36532",212 North Cir,Fairhope,AL,,forRent,4,3713,,3200,65,https://www.zillow.com/homedetails/212-North-Cir-Fairhope-AL-36532/72739933_zpid/,,355000,2026-07-31T00:00:00.000Z,Listed for rent,2018-11-07T00:00:00.000Z,Listing removed,2018-09-21T00:00:00.000Z,Price change,2018-08-20T00:00:00.000Z,Price change,2018-07-22T00:00:00.000Z,Listed for rent,2018-07-20T00:00:00.000Z,Sold,2018-06-15T00:00:00.000Z,Price change,2018-03-23T00:00:00.000Z,Listed for sale,,,,,,,,,,,,,,,,,,,,,,,,,,,,,,,,,,,,,,,,,,,,
"8018 Irwin Loop, Daphne, AL 36526",8018 Irwin Loop,Daphne,AL,,forRent,4,1850,,2095,95,https://www.zillow.com/homedetails/8018-Irwin-Loop-Daphne-AL-36526/2073297564_zpid/,,235205,2026-09-11T00:00:00.000Z,Price change,2026-07-02T00:00:00.000Z,Listed for rent,2025-07-12T00:00:00.000Z,Listing removed,2025-06-07T00:00:00.000Z,Listed for rent,2021-06-23T00:00:00.000Z,Sold,2021-02-28T00:00:00.000Z,Listing removed,2021-02-25T00:00:00.000Z,Pending sale,,,,,,,,,,,,,,,,,,,,,,,,,,,,,,,,,,,,,,,,,,,,,,
"306 Blackfriars St, Fairhope, AL 36532",306 Blackfriars St,Fairhope,AL,,forRent,3,2500,,1800,54,https://www.zillow.com/homedetails/306-Blackfriars-St-Fairhope-AL-36532/124034881_zpid/,,166541,2026-10-02T00:00:00.000Z,Price change,2026-09-22T00:00:00.000Z,Price change,2026-09-14T00:00:00.000Z,Price change,2026-09-11T00:00:00.000Z,Price change,2026-08-21T00:00:00.000Z,Price change,2026-08-11T00:00:00.000Z,Listed for rent,2025-07-13T00:00:00.000Z,Listing removed,2025-07-10T00:00:00.000Z,Listing removed,2025-07-08T00:00:00.000Z,Listed for rent,2025-06-02T00:00:00.000Z,Price change,2025-05-12T00:00:00.000Z,Price change,2025-04-14T00:00:00.000Z,Listed for sale,2013-09-23T00:00:00.000Z,Sold,,,,,,,,,,,,,,,,,,,,,,,,,,,,,,,,,,
"814 Darrah St, Fairhope, AL 36532",814 Darrah St,Fairhope,AL,,forRent,5,3686,,3895,59,https://www.zillow.com/homedetails/814-Darrah-St-Fairhope-AL-36532/111209088_zpid/,,615000,2026-10-05T00:00:00.000Z,Listing removed,2026-09-30T00:00:00.000Z,Listed for sale,2026-09-21T00:00:00.000Z,Listing removed,2026-08-07T00:00:00.000Z,Listed for rent,2026-07-17T00:00:00.000Z,Price change,2026-07-10T00:00:00.000Z,Price change,2026-07-05T00:00:00.000Z,Price change,2026-05-25T00:00:00.000Z,Price change,2026-05-09T00:00:00.000Z,Price change,2026-04-27T00:00:00.000Z,Price change,2026-04-03T00:00:00.000Z,Listed for sale,2025-08-21T00:00:00.000Z,Listed for sale,2021-10-22T00:00:00.000Z,Sold,2021-09-29T00:00:00.000Z,Pending sale,2021-09-09T00:00:00.000Z,Listed for sale,2018-07-30T00:00:00.000Z,Sold,2018-05-22T00:00:00.000Z,Listed for sale,,,,,,,,,,,,,,,,,,,,,,,,,,
"154 Cypress Ln, Fairhope, AL 36532",154 Cypress Ln,Fairhope,AL,,forRent,3,1560,,1795,95,https://www.zillow.com/homedetails/154-Cypress-Ln-Fairhope-AL-36532/72745686_zpid/,,280000,2026-10-02T00:00:00.000Z,Price change,2026-09-30T00:00:00.000Z,Price change,2026-09-13T00:00:00.000Z,Price change,2026-09-05T00:00:00.000Z,Price change,2026-07-02T00:00:00.000Z,Listed for rent,2023-07-26T00:00:00.000Z,Listing removed,2023-06-28T00:00:00.000Z,Listed for rent,2023-06-26T00:00:00.000Z,Sold,2023-04-21T00:00:00.000Z,Price change,2023-04-18T00:00:00.000Z,Price change,2023-04-11T00:00:00.000Z,Price change,2023-03-15T00:00:00.000Z,Price change,2023-03-02T00:00:00.000Z,Listed for sale,2022-03-24T00:00:00.000Z,Sold,2022-01-24T00:00:00.000Z,Pending sale,2022-01-19T00:00:00.000Z,Price change,2022-01-06T00:00:00.000Z,Price change,2021-12-06T00:00:00.000Z,Listed for sale,2014-11-17T00:00:00.000Z,Sold,,,,,,,,,,,,,,,,,,,,,,
"28757 Krehling Ln, Elberta, AL 36530",28757 Krehling Ln,Elberta,AL,,forRent,3,,,2100,3,https://www.zillow.com/homedetails/28757-Krehling-Ln-Elberta-AL-36530/465746729_zpid/,,,2026-10-02T00:00:00.000Z,Listed for rent,,,,,,,,,,,,,,,,,,,,,,,,,,,,,,,,,,,,,,,,,,,,,,,,,,,,,,,,,,
"7316 Northbrook Cir, Spanish Fort, AL 36527",7316 Northbrook Cir,Spanish Fort,AL,,forRent,4,4107,,3950,46,https://www.zillow.com/homedetails/7316-Northbrook-Cir-Spanish-Fort-AL-36527/72725890_zpid/,,445000,2026-08-27T00:00:00.000Z,Price change,2026-08-19T00:00:00.000Z,Listed for rent,2026-08-19T00:00:00.000Z,Listing removed,2026-08-12T00:00:00.000Z,Listed for rent,2026-08-11T00:00:00.000Z,Listing removed,2026-07-21T00:00:00.000Z,Listing removed,2026-06-17T00:00:00.000Z,Listed for rent,2026-05-05T00:00:00.000Z,Price change,2026-04-06T00:00:00.000Z,Price change,2026-03-02T00:00:00.000Z,Price change,2025-12-29T00:00:00.000Z,Listed for sale,2012-08-03T00:00:00.000Z,Sold,2012-07-08T00:00:00.000Z,Listed for sale,2012-02-03T00:00:00.000Z,Listing removed,2011-12-16T00:00:00.000Z,Listed for sale,,,,,,,,,,,,,,,,,,,,,,,,,,,,,,
"13706 Shea Cir, Foley, AL 36535",13706 Shea Cir,Foley,AL,,forRent,3,1442,,2200,5,https://www.zillow.com/homedetails/13706-Shea-Cir-Foley-AL-36535/465680855_zpid/,,,2026-09-30T00:00:00.000Z,Listed for rent,,,,,,,,,,,,,,,,,,,,,,,,,,,,,,,,,,,,,,,,,,,,,,,,,,,,,,,,,,
"1251 Cater Lee Way, Foley, AL 36535",1251 Cater Lee Way,Foley,AL,,forRent,3,1800,,1825,73,https://www.zillow.com/homedetails/1251-Cater-Lee-Way-Foley-AL-36535/2060746870_zpid/,,329900,2026-09-11T00:00:00.000Z,Price change,2026-08-26T00:00:00.000Z,Price change,2026-07-23T00:00:00.000Z,Listed for rent,2025-04-18T00:00:00.000Z,Listing removed,2025-03-26T00:00:00.000Z,Price change,2025-03-18T00:00:00.000Z,Listed for rent,2025-02-25T00:00:00.000Z,Listing removed,2025-01-31T00:00:00.000Z,Price change,2025-01-11T00:00:00.000Z,Price change,2024-10-23T00:00:00.000Z,Price change,2024-09-28T00:00:00.000Z,Listed for rent,2023-09-12T00:00:00.000Z,Listing removed,2023-09-07T00:00:00.000Z,Listed for rent,2023-09-06T00:00:00.000Z,Listing removed,2023-08-12T00:00:00.000Z,Price change,2023-07-20T00:00:00.000Z,Price change,2023-06-26T00:00:00.000Z,Listed for rent,2023-04-28T00:00:00.000Z,Sold,2023-03-04T00:00:00.000Z,Listing removed,2023-02-24T00:00:00.000Z,Price change,2023-02-15T00:00:00.000Z,Listed for rent,2023-01-06T00:00:00.000Z,Listing removed,2023-01-04T00:00:00.000Z,Price change,2022-11-11T00:00:00.000Z,Listed for rent,,,,,,,,,,,,
"(Undisclosed Address), Gulf Shores, AL 36542",(Undisclosed Address),Gulf Shores,AL,,forRent,3,2300,,5000,5,https://www.zillow.com/homedetails/Gulf-Shores-AL-36542/72784605_zpid/,,640000,2026-09-29T00:00:00.000Z,Listed for rent,2023-09-28T00:00:00.000Z,Sold,,,,,,,,,,,,,,,,,,,,,,,,,,,,,,,,,,,,,,,,,,,,,,,,,,,,,,,,
"303 Kennesaw Ave, Bay Minette, AL 36507",303 Kennesaw Ave,Bay Minette,AL,,forRent,4,1620,,1895,41,https://www.zillow.com/homedetails/303-Kennesaw-Ave-Bay-Minette-AL-36507/2140078137_zpid/,,279900,2026-08-24T00:00:00.000Z,Listed for rent,2026-03-30T00:00:00.000Z,Listing removed,2026-02-19T00:00:00.000Z,Listed for rent,2025-02-25T00:00:00.000Z,Listing removed,2024-10-16T00:00:00.000Z,Listed for rent,2023-06-01T00:00:00.000Z,Sold,2023-03-29T00:00:00.000Z,Listing removed,2023-03-16T00:00:00.000Z,Listed for rent,2009-07-23T00:00:00.000Z,Listing removed,2009-02-04T00:00:00.000Z,Listed for sale,,,,,,,,,,,,,,,,,,,,,,,,,,,,,,,,,,,,,,,,
"25209 Windward Pl, Orange Beach, AL 36561",25209 Windward Pl,Orange Beach,AL,,forRent,3,1676,,2800,86,https://www.zillow.com/homedetails/25209-Windward-Pl-Orange-Beach-AL-36561/72772429_zpid/,,440000,2026-07-10T00:00:00.000Z,Listed for rent,2025-06-23T00:00:00.000Z,Listing removed,2025-06-18T00:00:00.000Z,Listed for rent,2024-11-26T00:00:00.000Z,Listing removed,2024-08-30T00:00:00.000Z,Price change,2024-08-16T00:00:00.000Z,Price change,2024-07-26T00:00:00.000Z,Price change,2024-06-13T00:00:00.000Z,Listed for rent,2023-09-17T00:00:00.000Z,Listing removed,2023-09-13T00:00:00.000Z,Price change,2023-09-01T00:00:00.000Z,Price change,2023-07-24T00:00:00.000Z,Listed for rent,2021-12-03T00:00:00.000Z,Sold,2021-11-02T00:00:00.000Z,Pending sale,2021-10-15T00:00:00.000Z,Listed for sale,2021-03-24T00:00:00.000Z,Listing removed,2021-02-16T00:00:00.000Z,Pending sale,2021-02-12T00:00:00.000Z,Listed for sale,2014-07-25T00:00:00.000Z,Sold,,,,,,,,,,,,,,,,,,,,,,
"12431 Sandy Ln, Foley, AL 36535",12431 Sandy Ln,Foley,AL,,forRent,3,,,2000,16,https://www.zillow.com/homedetails/12431-Sandy-Ln-Foley-AL-36535/337780067_zpid/,,,2026-09-18T00:00:00.000Z,Listed for rent,,,,,,,,,,,,,,,,,,,,,,,,,,,,,,,,,,,,,,,,,,,,,,,,,,,,,,,,,,
"13634 Logan Pl, Foley, AL 36535",13634 Logan Pl,Foley,AL,,forRent,3,1281,,1956,20,https://www.zillow.com/homedetails/13634-Logan-Pl-Foley-AL-36535/458139956_zpid/,,,2026-08-24T00:00:00.000Z,Price change,2026-08-04T00:00:00.000Z,Listed for rent,2026-07-29T00:00:00.000Z,Listing removed,2026-07-21T00:00:00.000Z,Listed for rent,2026-07-20T00:00:00.000Z,Listing removed,2026-07-03T00:00:00.000Z,Listed for rent,2026-06-05T00:00:00.000Z,Listing removed,2026-06-03T00:00:00.000Z,Listed for rent,2026-06-03T00:00:00.000Z,Listing removed,2026-05-13T00:00:00.000Z,Listed for rent,2026-04-26T00:00:00.000Z,Listing removed,2026-01-08T00:00:00.000Z,Listed for rent,2025-11-14T00:00:00.000Z,Listing removed,2025-11-11T00:00:00.000Z,Listed for sale,,,,,,,,,,,,,,,,,,,,,,,,,,,,,,,,
"962 W Beach Blvd, Gulf Shores, AL 36542",962 W Beach Blvd,Gulf Shores,AL,,forRent,6,2620,,6500,9,https://www.zillow.com/homedetails/962-W-Beach-Blvd-Gulf-Shores-AL-36542/84402984_zpid/,,,2026-09-26T00:00:00.000Z,Listed for rent,2026-09-13T00:00:00.000Z,Listing removed,2026-09-03T00:00:00.000Z,Price change,2026-08-26T00:00:00.000Z,Listed for rent,2026-08-26T00:00:00.000Z,Listing removed,2026-08-20T00:00:00.000Z,Price change,2026-08-17T00:00:00.000Z,Listed for rent,2026-03-08T00:00:00.000Z,Listing removed,2026-01-07T00:00:00.000Z,Listed for rent,2025-04-05T00:00:00.000Z,Price change,2024-05-30T00:00:00.000Z,Listed for sale,2024-05-22T00:00:00.000Z,Listing removed,2024-01-03T00:00:00.000Z,Price change,2023-08-16T00:00:00.000Z,Listed for sale,,,,,,,,,,,,,,,,,,,,,,,,,,,,,,,,
"10428 S Side Loop, Fairhope, AL 36532",10428 S Side Loop,Fairhope,AL,,forRent,3,1532,,2300,6,https://www.zillow.com/homedetails/10428-S-Side-Loop-Fairhope-AL-36532/447312983_zpid/,,293500,2026-09-28T00:00:00.000Z,Listed for rent,2025-06-04T00:00:00.000Z,Sold,2025-04-18T00:00:00.000Z,Pending sale,2025-03-06T00:00:00.000Z,Listed for sale,2025-02-12T00:00:00.000Z,Sold,2024-12-17T00:00:00.000Z,Listed for sale,2024-11-10T00:00:00.000Z,Pending sale,2024-10-28T00:00:00.000Z,Price change,2024-10-11T00:00:00.000Z,Price change,2024-06-10T00:00:00.000Z,Listed for sale,,,,,,,,,,,,,,,,,,,,,,,,,,,,,,,,,,,,,,,,
"16833 Avery Ln, Foley, AL 36535",16833 Avery Ln,Foley,AL,,forRent,3,1642,,2100,12,https://www.zillow.com/homedetails/16833-Avery-Ln-Foley-AL-36535/317068127_zpid/,,265000,2026-09-30T00:00:00.000Z,Price change,2026-09-22T00:00:00.000Z,Listed for rent,2023-02-10T00:00:00.000Z,Sold,2023-01-13T00:00:00.000Z,Pending sale,2022-12-14T00:00:00.000Z,Price change,2022-11-14T00:00:00.000Z,Listed for sale,2019-05-31T00:00:00.000Z,Sold,2018-09-20T00:00:00.000Z,Sold,,,,,,,,,,,,,,,,,,,,,,,,,,,,,,,,,,,,,,,,,,,,
"1287 Hayward Loop, Foley, AL 36535",1287 Hayward Loop,Foley,AL,,forRent,,,,,,https://www.zillow.com/b/1287-hayward-loop-foley-al-CggQtx/,,,,,,,,,,,,,,,,,,,,,,,,,,,,,,,,,,,,,,,,,,,,,,,,,,,,,,,,,,,,,,
"2700 Hampton Park Cir, Foley, AL 36535",2700 Hampton Park Cir,Foley,AL,,forRent,3,1590,,1900,32,https://www.zillow.com/homedetails/2700-Hampton-Park-Cir-Foley-AL-36535/84399561_zpid/,,225000,2026-09-02T00:00:00.000Z,Listed for rent,2026-05-09T00:00:00.000Z,Listing removed,2026-04-02T00:00:00.000Z,Listed for rent,2026-03-31T00:00:00.000Z,Sold,2026-03-24T00:00:00.000Z,Pending sale,2026-02-11T00:00:00.000Z,Listed for sale,2023-09-05T00:00:00.000Z,Listing removed,2023-08-25T00:00:00.000Z,Price change,2023-08-02T00:00:00.000Z,Price change,2023-07-12T00:00:00.000Z,Listed for rent,2021-12-08T00:00:00.000Z,Sold,2021-11-07T00:00:00.000Z,Pending sale,2021-10-27T00:00:00.000Z,Listed for sale,2021-10-16T00:00:00.000Z,Pending sale,2021-10-14T00:00:00.000Z,Listed for sale,2016-12-14T00:00:00.000Z,Listing removed,2016-06-29T00:00:00.000Z,Listed for sale,2005-11-14T00:00:00.000Z,Sold,,,,,,,,,,,,,,,,,,,,,,,,
"(Undisclosed Address), Foley, AL 36535",(Undisclosed Address),Foley,AL,,forRent,3,1518,,1800,6,https://www.zillow.com/homedetails/Foley-AL-36535/84398783_zpid/,,72000,2026-09-29T00:00:00.000Z,Listed for rent,2021-08-27T00:00:00.000Z,Listing removed,2021-08-25T00:00:00.000Z,Listed for rent,2016-03-24T00:00:00.000Z,Listing removed,2016-03-12T00:00:00.000Z,Listed for rent,2014-11-14T00:00:00.000Z,Listing removed,2014-10-08T00:00:00.000Z,Listed for rent,2013-10-11T00:00:00.000Z,Listing removed,2013-09-22T00:00:00.000Z,Listed for rent,2013-02-06T00:00:00.000Z,Listing removed,2013-01-16T00:00:00.000Z,Price change,2012-12-10T00:00:00.000Z,Listed for rent,2012-12-06T00:00:00.000Z,Sold,2012-11-08T00:00:00.000Z,Price change,2012-08-30T00:00:00.000Z,Price change,2012-08-03T00:00:00.000Z,Listed for sale,2012-06-06T00:00:00.000Z,Sold,,,,,,,,,,,,,,,,,,,,,,,,,,
"13188 Shea Cir, Foley, AL 36535",13188 Shea Cir,Foley,AL,,forRent,,,,,,https://www.zillow.com/b/13188-shea-cir-foley-al-B8RvVf/,,,,,,,,,,,,,,,,,,,,,,,,,,,,,,,,,,,,,,,,,,,,,,,,,,,,,,,,,,,,,,
"7470 Brompton Dr, Foley, AL 36535",7470 Brompton Dr,Foley,AL,,forRent,4,1797,,2800,16,https://www.zillow.com/homedetails/7470-Brompton-Dr-Foley-AL-36535/2068386209_zpid/,,305000,2026-09-30T00:00:00.000Z,Price change,2026-09-18T00:00:00.000Z,Listed for rent,2025-05-20T00:00:00.000Z,Sold,2021-12-30T00:00:00.000Z,Sold,2021-11-30T00:00:00.000Z,Pending sale,2021-11-23T00:00:00.000Z,Price change,2021-10-02T00:00:00.000Z,Price change,2021-09-25T00:00:00.000Z,Listed for sale,,,,,,,,,,,,,,,,,,,,,,,,,,,,,,,,,,,,,,,,,,,,
"908 N Cedar St, Foley, AL 36535",908 N Cedar St,Foley,AL,,forRent,3,3307,,2500,16,https://www.zillow.com/homedetails/908-N-Cedar-St-Foley-AL-36535/196143700_zpid/,,,2026-09-26T00:00:00.000Z,Price change,2026-09-23T00:00:00.000Z,Price change,2026-09-18T00:00:00.000Z,Listed for rent,,,,,,,,,,,,,,,,,,,,,,,,,,,,,,,,,,,,,,,,,,,,,,,,,,,,,,
"11112 Olive Ct, Fairhope, AL 36532",11112 Olive Ct,Fairhope,AL,,forRent,3,1576,,2500,11,https://www.zillow.com/homedetails/11112-Olive-Ct-Fairhope-AL-36532/465517062_zpid/,,,2026-09-23T00:00:00.000Z,Listed for rent,,,,,,,,,,,,,,,,,,,,,,,,,,,,,,,,,,,,,,,,,,,,,,,,,,,,,,,,,,
"9246 Amethyst Dr, Daphne, AL 36526",9246 Amethyst Dr,Daphne,AL,,forRent,4,2196,,2300,32,https://www.zillow.com/homedetails/9246-Amethyst-Dr-Daphne-AL-36526/2062981563_zpid/,,385000,2026-09-11T00:00:00.000Z,Listed for rent,2026-08-24T00:00:00.000Z,Sold,2026-08-03T00:00:00.000Z,Pending sale,2026-06-18T00:00:00.000Z,Price change,2026-05-20T00:00:00.000Z,Price change,2026-01-15T00:00:00.000Z,Listed for sale,2022-11-30T00:00:00.000Z,Price change,2022-11-10T00:00:00.000Z,Price change,2022-10-17T00:00:00.000Z,Listed for rent,2022-10-14T00:00:00.000Z,Sold,2022-09-07T00:00:00.000Z,Listed for sale,2022-06-13T00:00:00.000Z,Pending sale,2022-06-04T00:00:00.000Z,Listed for sale,,,,,,,,,,,,,,,,,,,,,,,,,,,,,,,,,,
"24572 Alamitos Trace Dr, Daphne, AL 36526",24572 Alamitos Trace Dr,Daphne,AL,,forRent,4,1791,,2150,47,https://www.zillow.com/homedetails/24572-Alamitos-Trace-Dr-Daphne-AL-36526/2067257669_zpid/,,280420,2026-08-18T00:00:00.000Z,Listed for rent,2026-06-05T00:00:00.000Z,Listing removed,2026-05-04T00:00:00.000Z,Listed for rent,2022-03-30T00:00:00.000Z,Sold,2022-02-18T00:00:00.000Z,Pending sale,2022-02-08T00:00:00.000Z,Price change,2022-01-05T00:00:00.000Z,Price change,2021-12-31T00:00:00.000Z,Price change,2021-12-11T00:00:00.000Z,Listed for sale,,,,,,,,,,,,,,,,,,,,,,,,,,,,,,,,,,,,,,,,,,
"15950 Pecan View Dr, Loxley, AL 36551",15950 Pecan View Dr,Loxley,AL,,forRent,3,1572,,1850,8,https://www.zillow.com/homedetails/15950-Pecan-View-Dr-Loxley-AL-36551/111208460_zpid/,,200000,2026-09-27T00:00:00.000Z,Listed for rent,2026-09-04T00:00:00.000Z,Sold,2026-09-01T00:00:00.000Z,Pending sale,2026-08-02T00:00:00.000Z,Listed for sale,2017-12-27T00:00:00.000Z,Sold,2017-10-08T00:00:00.000Z,Price change,2017-09-23T00:00:00.000Z,Price change,2017-09-05T00:00:00.000Z,Listed for sale,2017-05-26T00:00:00.000Z,Sold,2017-02-14T00:00:00.000Z,Listing removed,2017-01-05T00:00:00.000Z,Price change,2016-11-22T00:00:00.000Z,Listed for sale,2016-08-03T00:00:00.000Z,Sold,,,,,,,,,,,,,,,,,,,,,,,,,,,,,,,,,,
"11349 Warrie Creek Aly, Fairhope, AL 36532",11349 Warrie Creek Aly,Fairhope,AL,,forRent,3,1922,,2100,4,https://www.zillow.com/homedetails/11349-Warrie-Creek-Aly-Fairhope-AL-36532/196094434_zpid/,,277500,2026-09-30T00:00:00.000Z,Listed for rent,2024-09-10T00:00:00.000Z,Listing removed,2024-08-24T00:00:00.000Z,Listed for rent,2022-02-24T00:00:00.000Z,Listing removed,2022-02-17T00:00:00.000Z,Price change,2022-02-12T00:00:00.000Z,Listed for rent,2022-02-04T00:00:00.000Z,Sold,2022-01-20T00:00:00.000Z,Pending sale,2022-01-18T00:00:00.000Z,Listed for sale,2020-02-21T00:00:00.000Z,Listing removed,2020-02-05T00:00:00.000Z,Listing removed,2020-02-01T00:00:00.000Z,Price change,2020-01-17T00:00:00.000Z,Listed for rent,2019-11-07T00:00:00.000Z,Listing removed,2019-10-31T00:00:00.000Z,Listed for rent,2019-09-21T00:00:00.000Z,Listed for sale,,,,,,,,,,,,,,,,,,,,,,,,,,,,
"10833 Northern Dancer Ct, Daphne, AL 36526",10833 Northern Dancer Ct,Daphne,AL,,forRent,4,1787,,2200,80,https://www.zillow.com/homedetails/10833-Northern-Dancer-Ct-Daphne-AL-36526/2065610226_zpid/,,289380,2026-07-16T00:00:00.000Z,Listed for rent,2022-07-08T00:00:00.000Z,Sold,2022-03-11T00:00:00.000Z,Pending sale,,,,,,,,,,,,,,,,,,,,,,,,,,,,,,,,,,,,,,,,,,,,,,,,,,,,,,
"(Undisclosed Address), Fairhope, AL 36532",(Undisclosed Address),Fairhope,AL,,forRent,3,2000,,4350,170,https://www.zillow.com/homedetails/Fairhope-AL-36532/72746832_zpid/,,310000,2026-07-11T00:00:00.000Z,Price change,2026-05-06T00:00:00.000Z,Listed for rent,2026-04-20T00:00:00.000Z,Listing removed,2026-04-18T00:00:00.000Z,Listed for rent,2025-07-22T00:00:00.000Z,Sold,2021-08-27T00:00:00.000Z,Sold,2016-07-15T00:00:00.000Z,Sold,2016-04-18T00:00:00.000Z,Listed for sale,,,,,,,,,,,,,,,,,,,,,,,,,,,,,,,,,,,,,,,,,,,,
"24785 Slater Mill Rd, Daphne, AL 36526",24785 Slater Mill Rd,Daphne,AL,,forRent,4,1830,,2200,52,https://www.zillow.com/homedetails/24785-Slater-Mill-Rd-Daphne-AL-36526/337781639_zpid/,,305000,2026-08-14T00:00:00.000Z,Listed for rent,2025-06-04T00:00:00.000Z,Listing removed,2025-05-05T00:00:00.000Z,Price change,2025-04-01T00:00:00.000Z,Listed for rent,2025-03-21T00:00:00.000Z,Sold,2025-02-27T00:00:00.000Z,Pending sale,2024-12-02T00:00:00.000Z,Price change,2024-10-23T00:00:00.000Z,Listed for sale,2024-10-01T00:00:00.000Z,Listing removed,2024-09-17T00:00:00.000Z,Price change,2024-08-15T00:00:00.000Z,Listed for rent,2023-09-07T00:00:00.000Z,Listing removed,2023-08-24T00:00:00.000Z,Price change,2023-08-12T00:00:00.000Z,Price change,2023-07-27T00:00:00.000Z,Listed for rent,2022-09-09T00:00:00.000Z,Listing removed,2022-08-24T00:00:00.000Z,Listed for rent,2021-07-29T00:00:00.000Z,Sold,,,,,,,,,,,,,,,,,,,,,,,,
"16216 Tigris Dr, Fairhope, AL 36532",16216 Tigris Dr,Fairhope,AL,,forRent,4,1417,,3500,12,https://www.zillow.com/homedetails/16216-Tigris-Dr-Fairhope-AL-36532/457842169_zpid/,,,2026-09-23T00:00:00.000Z,Listed for rent,2026-09-23T00:00:00.000Z,Listing removed,2026-06-19T00:00:00.000Z,Price change,2026-06-04T00:00:00.000Z,Listing removed,2026-05-29T00:00:00.000Z,Listed for rent,2026-04-20T00:00:00.000Z,Pending sale,2026-03-11T00:00:00.000Z,Price change,2026-02-11T00:00:00.000Z,Price change,2026-01-18T00:00:00.000Z,Price change,2025-11-10T00:00:00.000Z,Price change,2025-10-30T00:00:00.000Z,Listed for sale,,,,,,,,,,,,,,,,,,,,,,,,,,,,,,,,,,,,,,
"13765 Shea Cir, Foley, AL 36535",13765 Shea Cir,Foley,AL,,forRent,4,1410,,1800,18,https://www.zillow.com/homedetails/13765-Shea-Cir-Foley-AL-36535/449370625_zpid/,,250000,2026-09-16T00:00:00.000Z,Listed for rent,2026-02-18T00:00:00.000Z,Sold,2026-02-16T00:00:00.000Z,Pending sale,2026-02-04T00:00:00.000Z,Listing removed,2026-01-22T00:00:00.000Z,Price change,2026-01-20T00:00:00.000Z,Price change,2026-01-13T00:00:00.000Z,Listed for rent,2025-12-13T00:00:00.000Z,Price change,2025-11-26T00:00:00.000Z,Price change,2025-11-07T00:00:00.000Z,Listed for sale,2025-11-07T00:00:00.000Z,Listing removed,2025-10-31T00:00:00.000Z,Price change,2025-10-14T00:00:00.000Z,Price change,2025-10-06T00:00:00.000Z,Listed for sale,2025-09-22T00:00:00.000Z,Listing removed,2025-09-17T00:00:00.000Z,Listed for sale,2025-08-28T00:00:00.000Z,Pending sale,2025-08-14T00:00:00.000Z,Price change,2025-07-28T00:00:00.000Z,Pending sale,2025-07-10T00:00:00.000Z,Listing removed,2025-06-23T00:00:00.000Z,Listed for sale,2025-06-01T00:00:00.000Z,Pending sale,2025-05-29T00:00:00.000Z,Price change,2025-05-26T00:00:00.000Z,Listed for sale,2025-05-02T00:00:00.000Z,Contingent,2025-04-05T00:00:00.000Z,Listed for sale,,,,,,,,
"12775 Philadelphia Blvd #6, Daphne, AL 36527",12775 Philadelphia Blvd #6,Daphne,AL,,forRent,3,1437,,1700,47,https://www.zillow.com/homedetails/12775-Philadelphia-Blvd-6-Daphne-AL-36527/349041759_zpid/,,,2026-10-05T00:00:00.000Z,Price change,2026-09-02T00:00:00.000Z,Price change,2026-08-18T00:00:00.000Z,Listed for rent,2024-07-04T00:00:00.000Z,Listing removed,2024-05-30T00:00:00.000Z,Listed for rent,2024-05-30T00:00:00.000Z,Listing removed,2024-05-13T00:00:00.000Z,Price change,2024-05-03T00:00:00.000Z,Listed for rent,,,,,,,,,,,,,,,,,,,,,,,,,,,,,,,,,,,,,,,,,,,,
"13149 Kinlock Falls Ave, Fairhope, AL 36532",13149 Kinlock Falls Ave,Fairhope,AL,,forRent,4,2942,,2895,31,https://www.zillow.com/homedetails/13149-Kinlock-Falls-Ave-Fairhope-AL-36532/300534068_zpid/,,425000,2026-09-18T00:00:00.000Z,Price change,2026-09-03T00:00:00.000Z,Listed for rent,2025-07-09T00:00:00.000Z,Listing removed,2025-07-02T00:00:00.000Z,Listed for rent,2024-06-14T00:00:00.000Z,Listing removed,2024-06-09T00:00:00.000Z,Listed for rent,2023-03-01T00:00:00.000Z,Sold,2018-02-14T00:00:00.000Z,Sold,,,,,,,,,,,,,,,,,,,,,,,,,,,,,,,,,,,,,,,,,,,,
"6057 Andhurst Dr, Gulf Shores, AL 36542",6057 Andhurst Dr,Gulf Shores,AL,,forRent,3,1790,,2275,53,https://www.zillow.com/homedetails/6057-Andhurst-Dr-Gulf-Shores-AL-36542/124035621_zpid/,,220000,2026-09-25T00:00:00.000Z,Price change,2026-08-12T00:00:00.000Z,Listed for rent,2024-01-23T00:00:00.000Z,Listing removed,2023-09-29T00:00:00.000Z,Listed for rent,2023-03-22T00:00:00.000Z,Listing removed,2023-02-23T00:00:00.000Z,Listed for rent,2017-05-31T00:00:00.000Z,Sold,2017-02-24T00:00:00.000Z,Listed for sale,2014-08-15T00:00:00.000Z,Sold,,,,,,,,,,,,,,,,,,,,,,,,,,,,,,,,,,,,,,,,,,
"3376 Washington Ave, Orange Beach, AL 36561",3376 Washington Ave,Orange Beach,AL,,forRent,4,2000,,3200,11,https://www.zillow.com/homedetails/3376-Washington-Ave-Orange-Beach-AL-36561/72770584_zpid/,,320000,2026-09-30T00:00:00.000Z,Price change,2026-09-11T00:00:00.000Z,Price change,2026-08-20T00:00:00.000Z,Listed for rent,2026-08-20T00:00:00.000Z,Listing removed,2026-08-18T00:00:00.000Z,Listed for rent,2026-03-25T00:00:00.000Z,Listing removed,2026-02-21T00:00:00.000Z,Listed for rent,2026-02-21T00:00:00.000Z,Listing removed,2026-01-24T00:00:00.000Z,Listed for rent,2025-02-17T00:00:00.000Z,Listing removed,2024-12-29T00:00:00.000Z,Listed for rent,2024-09-06T00:00:00.000Z,Listing removed,2024-08-21T00:00:00.000Z,Listed for rent,2023-08-02T00:00:00.000Z,Listing removed,2023-07-27T00:00:00.000Z,Listed for rent,2019-08-04T00:00:00.000Z,Listing removed,2019-08-03T00:00:00.000Z,Price change,2019-07-28T00:00:00.000Z,Listed for rent,2017-01-27T00:00:00.000Z,Sold,2016-11-08T00:00:00.000Z,Price change,2016-08-09T00:00:00.000Z,Listed for sale,2016-02-29T00:00:00.000Z,Listing removed,2016-02-04T00:00:00.000Z,Price change,2015-12-10T00:00:00.000Z,Price change,2015-08-11T00:00:00.000Z,Listed for sale,2013-04-04T00:00:00.000Z,Sold,,,,,,,,
"365 Ingleside Ave S, Fairhope, AL 36532",365 Ingleside Ave S,Fairhope,AL,,forRent,3,1243,,1750,40,https://www.zillow.com/homedetails/365-Ingleside-Ave-S-Fairhope-AL-36532/72744695_zpid/,,,2026-08-25T00:00:00.000Z,Listed for rent,2025-03-08T00:00:00.000Z,Listing removed,2025-01-09T00:00:00.000Z,Listed for rent,2024-05-23T00:00:00.000Z,Listing removed,2024-05-15T00:00:00.000Z,Listed for rent,2024-05-15T00:00:00.000Z,Listing removed,2024-04-26T00:00:00.000Z,Listed for rent,2020-06-16T00:00:00.000Z,Listing removed,2020-05-28T00:00:00.000Z,Price change,2020-04-14T00:00:00.000Z,Listed for rent,,,,,,,,,,,,,,,,,,,,,,,,,,,,,,,,,,,,,,,,
"20591 Mercury Dr, Robertsdale, AL 36567",20591 Mercury Dr,Robertsdale,AL,,forRent,4,1915,,2400,107,https://www.zillow.com/homedetails/20591-Mercury-Dr-Robertsdale-AL-36567/2066539284_zpid/,,259684,2026-08-17T00:00:00.000Z,Price change,2026-06-19T00:00:00.000Z,Listed for rent,2022-03-30T00:00:00.000Z,Sold,2022-03-04T00:00:00.000Z,Pending sale,2022-02-06T00:00:00.000Z,Price change,2022-02-04T00:00:00.000Z,Listed for sale,,,,,,,,,,,,,,,,,,,,,,,,,,,,,,,,,,,,,,,,,,,,,,,,
"11548 Forsyth Loop, Spanish Fort, AL 36527",11548 Forsyth Loop,Spanish Fort,AL,,forRent,3,1936,,2300,24,https://www.zillow.com/homedetails/11548-Forsyth-Loop-Spanish-Fort-AL-36527/305505465_zpid/,,370000,2026-09-11T00:00:00.000Z,Listed for rent,2025-11-19T00:00:00.000Z,Listing removed,2025-11-17T00:00:00.000Z,Listing removed,2025-11-12T00:00:00.000Z,Price change,2025-10-16T00:00:00.000Z,Price change,2025-10-14T00:00:00.000Z,Listed for rent,2025-10-02T00:00:00.000Z,Price change,2025-08-26T00:00:00.000Z,Price change,2025-07-24T00:00:00.000Z,Listed for sale,2022-03-21T00:00:00.000Z,Sold,2022-02-18T00:00:00.000Z,Pending sale,2022-02-17T00:00:00.000Z,Listed for sale,2019-02-11T00:00:00.000Z,Sold,,,,,,,,,,,,,,,,,,,,,,,,,,,,,,,,,,
"11070 Courtland Ct, Daphne, AL 36526",11070 Courtland Ct,Daphne,AL,,forRent,3,2225,,2200,30,https://www.zillow.com/homedetails/11070-Courtland-Ct-Daphne-AL-36526/196049600_zpid/,,,2026-10-02T00:00:00.000Z,Price change,2026-09-04T00:00:00.000Z,Listed for rent,2019-06-20T00:00:00.000Z,Listing removed,2019-05-30T00:00:00.000Z,Listed for rent,2018-06-13T00:00:00.000Z,Listing removed,2018-05-16T00:00:00.000Z,Listed for rent,,,,,,,,,,,,,,,,,,,,,,,,,,,,,,,,,,,,,,,,,,,,,,,,
"394 Gemini St, Gulf Shores, AL 36542",394 Gemini St,Gulf Shores,AL,,forRent,4,1865,,2400,6,https://www.zillow.com/homedetails/394-Gemini-St-Gulf-Shores-AL-36542/2063233233_zpid/,,359160,2026-10-02T00:00:00.000Z,Price change,2026-09-29T00:00:00.000Z,Listed for rent,2023-11-15T00:00:00.000Z,Listing removed,2023-11-12T00:00:00.000Z,Listed for rent,2023-11-11T00:00:00.000Z,Listing removed,2023-10-14T00:00:00.000Z,Price change,2023-09-07T00:00:00.000Z,Listed for rent,2022-10-27T00:00:00.000Z,Sold,2022-09-01T00:00:00.000Z,Pending sale,2022-08-27T00:00:00.000Z,Listed for sale,2022-08-27T00:00:00.000Z,Listing removed,2022-05-21T00:00:00.000Z,Pending sale,2022-05-18T00:00:00.000Z,Listed for sale,,,,,,,,,,,,,,,,,,,,,,,,,,,,,,,,,,
"16404 Apricot Dr, Loxley, AL 36551",16404 Apricot Dr,Loxley,AL,,forRent,3,1550,,1750,31,https://www.zillow.com/homedetails/16404-Apricot-Dr-Loxley-AL-36551/462793552_zpid/,,,2026-09-04T00:00:00.000Z,Listed for rent,2026-08-14T00:00:00.000Z,Listing removed,2026-07-25T00:00:00.000Z,Price change,2026-06-27T00:00:00.000Z,Price change,2026-06-23T00:00:00.000Z,Price change,2026-05-30T00:00:00.000Z,Listed for sale,,,,,,,,,,,,,,,,,,,,,,,,,,,,,,,,,,,,,,,,,,,,,,,,
"16087 Eden St, Foley, AL 36535",16087 Eden St,Foley,AL,,other,,,,,,https://www.zillow.com/b/16087-eden-st-foley-al-CnKHHd/,,,,,,,,,,,,,,,,,,,,,,,,,,,,,,,,,,,,,,,,,,,,,,,,,,,,,,,,,,,,,,
"804 Crystal Wells Ct S, Fairhope, AL 36532",804 Crystal Wells Ct S,Fairhope,AL,,forRent,3,1250,,2000,12,https://www.zillow.com/homedetails/804-Crystal-Wells-Ct-S-Fairhope-AL-36532/196062316_zpid/,,,2026-09-22T00:00:00.000Z,Listed for rent,2023-07-26T00:00:00.000Z,Listing removed,2023-07-11T00:00:00.000Z,Price change,2023-06-26T00:00:00.000Z,Price change,2023-06-18T00:00:00.000Z,Listed for rent,,,,,,,,,,,,,,,,,,,,,,,,,,,,,,,,,,,,,,,,,,,,,,,,,,
"10817 Northern Dancer Ct, Daphne, AL 36526",10817 Northern Dancer Ct,Daphne,AL,,forRent,4,1791,,2150,65,https://www.zillow.com/homedetails/10817-Northern-Dancer-Ct-Daphne-AL-36526/2065691424_zpid/,,283380,2026-09-10T00:00:00.000Z,Price change,2026-07-31T00:00:00.000Z,Listed for rent,2026-03-13T00:00:00.000Z,Listing removed,2025-12-10T00:00:00.000Z,Listed for rent,2025-12-10T00:00:00.000Z,Listing removed,2025-11-25T00:00:00.000Z,Price change,2025-11-13T00:00:00.000Z,Price change,2025-10-15T00:00:00.000Z,Price change,2025-09-16T00:00:00.000Z,Listed for rent,2025-09-16T00:00:00.000Z,Listing removed,2025-09-11T00:00:00.000Z,Price change,2025-09-09T00:00:00.000Z,Listed for rent,2023-09-06T00:00:00.000Z,Listing removed,2023-08-31T00:00:00.000Z,Listed for rent,2023-08-31T00:00:00.000Z,Listing removed,2023-08-05T00:00:00.000Z,Listed for rent,2023-08-04T00:00:00.000Z,Listing removed,2023-07-26T00:00:00.000Z,Listed for rent,2022-06-23T00:00:00.000Z,Sold,2022-03-04T00:00:00.000Z,Pending sale,,,,,,,,,,,,,,,,,,,,
"24759 Raynagua Blvd, Loxley, AL 36551",24759 Raynagua Blvd,Loxley,AL,,forRent,4,2142,,2090,31,https://www.zillow.com/homedetails/24759-Raynagua-Blvd-Loxley-AL-36551/463510991_zpid/,,,2026-09-04T00:00:00.000Z,Listed for rent,2026-08-14T00:00:00.000Z,Listing removed,2026-07-25T00:00:00.000Z,Price change,2026-06-27T00:00:00.000Z,Listed for sale,,,,,,,,,,,,,,,,,,,,,,,,,,,,,,,,,,,,,,,,,,,,,,,,,,,,
"405 Circle Dr, Fairhope, AL 36532",405 Circle Dr,Fairhope,AL,,forRent,3,1366,,2250,7,https://www.zillow.com/homedetails/405-Circle-Dr-Fairhope-AL-36532/72743018_zpid/,,268000,2026-09-27T00:00:00.000Z,Listed for rent,2025-06-18T00:00:00.000Z,Listing removed,2025-05-26T00:00:00.000Z,Price change,2025-05-18T00:00:00.000Z,Listed for rent,2021-03-24T00:00:00.000Z,Listing removed,2020-10-09T00:00:00.000Z,Sold,2020-08-25T00:00:00.000Z,Pending sale,2020-07-31T00:00:00.000Z,Price change,2020-07-07T00:00:00.000Z,Price change,2020-06-06T00:00:00.000Z,Listed for sale,,,,,,,,,,,,,,,,,,,,,,,,,,,,,,,,,,,,,,,,
"16363 Apricot Dr, Loxley, AL 36551",16363 Apricot Dr,Loxley,AL,,forRent,4,2142,,2090,31,https://www.zillow.com/homedetails/16363-Apricot-Dr-Loxley-AL-36551/465041459_zpid/,,,2026-09-04T00:00:00.000Z,Listed for rent,,,,,,,,,,,,,,,,,,,,,,,,,,,,,,,,,,,,,,,,,,,,,,,,,,,,,,,,,,
"116 Plantation Cir, Summerdale, AL 36580",116 Plantation Cir,Summerdale,AL,,forRent,,,,,,https://www.zillow.com/b/116-plantation-cir-summerdale-al-BSvyGG/,,,,,,,,,,,,,,,,,,,,,,,,,,,,,,,,,,,,,,,,,,,,,,,,,,,,,,,,,,,,,,
"1060 S Bay St, Foley, AL 36535",1060 S Bay St,Foley,AL,,forRent,4,1417,,1925,36,https://www.zillow.com/homedetails/1060-S-Bay-St-Foley-AL-36535/440260407_zpid/,,250000,2026-09-15T00:00:00.000Z,Price change,2026-08-29T00:00:00.000Z,Listed for rent,2026-05-24T00:00:00.000Z,Listing removed,2026-05-11T00:00:00.000Z,Price change,2026-02-28T00:00:00.000Z,Listed for rent,2024-12-31T00:00:00.000Z,Sold,2024-12-14T00:00:00.000Z,Pending sale,2024-11-15T00:00:00.000Z,Price change,2024-11-03T00:00:00.000Z,Listed for sale,2024-09-17T00:00:00.000Z,Listing removed,2024-09-12T00:00:00.000Z,Listed for sale,,,,,,,,,,,,,,,,,,,,,,,,,,,,,,,,,,,,,,
"492 Boulder Creek Ave, Fairhope, AL 36532",492 Boulder Creek Ave,Fairhope,AL,,forRent,4,2493,,3500,23,https://www.zillow.com/homedetails/492-Boulder-Creek-Ave-Fairhope-AL-36532/305040638_zpid/,,445000,2026-06-25T00:00:00.000Z,Listed for rent,2023-07-29T00:00:00.000Z,Listing removed,2023-07-13T00:00:00.000Z,Price change,2023-06-04T00:00:00.000Z,Price change,2023-05-12T00:00:00.000Z,Listed for rent,2021-04-21T00:00:00.000Z,Sold,2018-04-12T00:00:00.000Z,Sold,,,,,,,,,,,,,,,,,,,,,,,,,,,,,,,,,,,,,,,,,,,,,,
"9055 Lakeview Dr, Foley, AL 36535",9055 Lakeview Dr,Foley,AL,,forRent,3,2004,,2000,7,https://www.zillow.com/homedetails/9055-Lakeview-Dr-Foley-AL-36535/72762014_zpid/,,256000,2026-09-27T00:00:00.000Z,Listed for rent,2021-05-25T00:00:00.000Z,Listing removed,2021-05-18T00:00:00.000Z,Listed for rent,2021-05-13T00:00:00.000Z,Sold,2021-04-05T00:00:00.000Z,Pending sale,2021-03-10T00:00:00.000Z,Listed for sale,2021-03-01T00:00:00.000Z,Pending sale,2021-02-20T00:00:00.000Z,Listed for sale,2021-02-18T00:00:00.000Z,Pending sale,2021-02-16T00:00:00.000Z,Listed for sale,2020-10-05T00:00:00.000Z,Listing removed,2020-09-02T00:00:00.000Z,Listed for sale,2018-03-13T00:00:00.000Z,Listing removed,2018-01-29T00:00:00.000Z,Listed for rent,2016-09-13T00:00:00.000Z,Sold,2016-06-28T00:00:00.000Z,Sold,2016-05-16T00:00:00.000Z,Pending sale,2016-05-02T00:00:00.000Z,Price change,2016-03-04T00:00:00.000Z,Listed for sale,,,,,,,,,,,,,,,,,,,,,,
"14543 Dalton Cir, Foley, AL 36535",14543 Dalton Cir,Foley,AL,,forRent,,,,,,"https://www.zillow.com/b/14543-dalton-cir-foley-al/30.38152,-87.69369_ll/",,,,,,,,,,,,,,,,,,,,,,,,,,,,,,,,,,,,,,,,,,,,,,,,,,,,,,,,,,,,,,
"24775 Raynagua Blvd, Loxley, AL 36551",24775 Raynagua Blvd,Loxley,AL,,forRent,4,2000,,1995,31,https://www.zillow.com/homedetails/24775-Raynagua-Blvd-Loxley-AL-36551/463944561_zpid/,,,2026-09-04T00:00:00.000Z,Listed for rent,2026-08-14T00:00:00.000Z,Listing removed,2026-07-25T00:00:00.000Z,Price change,2026-07-17T00:00:00.000Z,Listed for sale,,,,,,,,,,,,,,,,,,,,,,,,,,,,,,,,,,,,,,,,,,,,,,,,,,,,
"306 Bloomsbury Ave, Fairhope, AL 36532",306 Bloomsbury Ave,Fairhope,AL,,forRent,3,1610,,2000,30,https://www.zillow.com/homedetails/306-Bloomsbury-Ave-Fairhope-AL-36532/196111808_zpid/,,161750,2026-09-04T00:00:00.000Z,Listed for rent,2024-02-26T00:00:00.000Z,Sold,2013-11-05T00:00:00.000Z,Sold,2012-12-05T00:00:00.000Z,Sold,,,,,,,,,,,,,,,,,,,,,,,,,,,,,,,,,,,,,,,,,,,,,,,,,,,,
"5994 Beach Blvd, Gulf Shores, AL 36542",5994 Beach Blvd,Gulf Shores,AL,,forRent,3,1500,,5990,301,https://www.zillow.com/homedetails/5994-Beach-Blvd-Gulf-Shores-AL-36542/72785365_zpid/,,850000,2026-10-05T00:00:00.000Z,Price change,2026-08-09T00:00:00.000Z,Price change,2026-05-06T00:00:00.000Z,Price change,2026-01-18T00:00:00.000Z,Price change,2025-12-08T00:00:00.000Z,Listed for rent,2022-01-25T00:00:00.000Z,Sold,2022-01-06T00:00:00.000Z,Pending sale,2021-12-01T00:00:00.000Z,Listed for sale,2021-11-06T00:00:00.000Z,Pending sale,2021-08-02T00:00:00.000Z,Listed for sale,,,,,,,,,,,,,,,,,,,,,,,,,,,,,,,,,,,,,,,,
"1549 Majesty Loop, Foley, AL 36535",1549 Majesty Loop,Foley,AL,,forRent,3,1370,,1795,3,https://www.zillow.com/homedetails/1549-Majesty-Loop-Foley-AL-36535/120119607_zpid/,,217000,2026-09-30T00:00:00.000Z,Listed for rent,2026-09-04T00:00:00.000Z,Listing removed,2026-08-11T00:00:00.000Z,Price change,2026-07-24T00:00:00.000Z,Listed for rent,2026-01-08T00:00:00.000Z,Sold,2025-12-08T00:00:00.000Z,Pending sale,2025-12-03T00:00:00.000Z,Price change,2025-10-20T00:00:00.000Z,Price change,2025-10-12T00:00:00.000Z,Price change,2025-10-01T00:00:00.000Z,Price change,2025-09-17T00:00:00.000Z,Listed for sale,2020-10-07T00:00:00.000Z,Listing removed,2020-10-03T00:00:00.000Z,Listed for sale,2014-10-16T00:00:00.000Z,Listing removed,2014-09-05T00:00:00.000Z,Price change,2014-07-21T00:00:00.000Z,Listed for sale,2012-08-01T00:00:00.000Z,Sold,,,,,,,,,,,,,,,,,,,,,,,,,,
"115 Rolling Hill Dr, Daphne, AL 36526",115 Rolling Hill Dr,Daphne,AL,,forRent,3,2000,,2200,32,https://www.zillow.com/homedetails/115-Rolling-Hill-Dr-Daphne-AL-36526/72735828_zpid/,,106000,2026-09-02T00:00:00.000Z,Listed for rent,2021-03-24T00:00:00.000Z,Listing removed,2018-02-20T00:00:00.000Z,Listing removed,2018-01-19T00:00:00.000Z,Listed for rent,2009-03-13T00:00:00.000Z,Sold,2009-02-04T00:00:00.000Z,Listed for sale,,,,,,,,,,,,,,,,,,,,,,,,,,,,,,,,,,,,,,,,,,,,,,,,
"146 Preston Way, Gulf Shores, AL 36542",146 Preston Way,Gulf Shores,AL,,forRent,4,1835,,2700,40,https://www.zillow.com/homedetails/146-Preston-Way-Gulf-Shores-AL-36542/450127302_zpid/,,385400,2026-08-25T00:00:00.000Z,Listed for rent,2025-07-17T00:00:00.000Z,Sold,2025-06-01T00:00:00.000Z,Pending sale,2025-04-21T00:00:00.000Z,Listed for sale,,,,,,,,,,,,,,,,,,,,,,,,,,,,,,,,,,,,,,,,,,,,,,,,,,,,
"23267 Shadowridge Dr, Daphne, AL 36526",23267 Shadowridge Dr,Daphne,AL,,forRent,4,1787,,2050,19,https://www.zillow.com/homedetails/23267-Shadowridge-Dr-Daphne-AL-36526/2072436024_zpid/,,279404,2026-09-18T00:00:00.000Z,Price change,2026-09-15T00:00:00.000Z,Listed for rent,2021-10-27T00:00:00.000Z,Listing removed,2021-10-09T00:00:00.000Z,Price change,2021-10-06T00:00:00.000Z,Price change,2021-10-03T00:00:00.000Z,Listed for rent,2021-09-30T00:00:00.000Z,Sold,2021-07-26T00:00:00.000Z,Pending sale,2021-07-14T00:00:00.000Z,Listed for sale,2021-04-27T00:00:00.000Z,Listing removed,2021-04-20T00:00:00.000Z,Price change,2021-03-18T00:00:00.000Z,Listed for sale,,,,,,,,,,,,,,,,,,,,,,,,,,,,,,,,,,,,
"18413 Lewis Smith Dr, Foley, AL 36535",18413 Lewis Smith Dr,Foley,AL,,forRent,4,1827,,2200,3,https://www.zillow.com/homedetails/18413-Lewis-Smith-Dr-Foley-AL-36535/337781584_zpid/,,276000,2026-09-30T00:00:00.000Z,Listed for rent,2024-10-05T00:00:00.000Z,Listing removed,2024-10-02T00:00:00.000Z,Listed for rent,2023-08-19T00:00:00.000Z,Listing removed,2023-08-17T00:00:00.000Z,Listed for rent,2023-08-16T00:00:00.000Z,Listing removed,2023-07-25T00:00:00.000Z,Price change,2023-06-22T00:00:00.000Z,Listed for rent,2022-12-16T00:00:00.000Z,Sold,2022-10-13T00:00:00.000Z,Pending sale,2022-10-02T00:00:00.000Z,Price change,2022-09-18T00:00:00.000Z,Price change,2022-07-08T00:00:00.000Z,Price change,2022-06-29T00:00:00.000Z,Listed for sale,2021-01-22T00:00:00.000Z,Sold,2021-01-07T00:00:00.000Z,Pending sale,,,,,,,,,,,,,,,,,,,,,,,,,,,,
"319 Kennesaw Ave, Bay Minette, AL 36507",319 Kennesaw Ave,Bay Minette,AL,,forRent,4,1681,,1895,4,https://www.zillow.com/homedetails/319-Kennesaw-Ave-Bay-Minette-AL-36507/2140099357_zpid/,,274900,2026-09-30T00:00:00.000Z,Listed for rent,2025-03-05T00:00:00.000Z,Listing removed,2025-02-19T00:00:00.000Z,Price change,2025-01-24T00:00:00.000Z,Listed for rent,2024-07-04T00:00:00.000Z,Listed for rent,2023-12-04T00:00:00.000Z,Sold,2023-08-29T00:00:00.000Z,Listing removed,2023-08-12T00:00:00.000Z,Price change,2023-07-07T00:00:00.000Z,Listed for rent,2009-07-23T00:00:00.000Z,Listing removed,2009-02-01T00:00:00.000Z,Listed for sale,,,,,,,,,,,,,,,,,,,,,,,,,,,,,,,,,,,,,,
"1713 Covington Ln, Foley, AL 36535",1713 Covington Ln,Foley,AL,,forRent,3,1752,,2200,23,https://www.zillow.com/homedetails/1713-Covington-Ln-Foley-AL-36535/196067495_zpid/,,176000,2026-10-02T00:00:00.000Z,Price change,2026-09-11T00:00:00.000Z,Listed for rent,2024-07-25T00:00:00.000Z,Listing removed,2024-07-11T00:00:00.000Z,Price change,2024-06-28T00:00:00.000Z,Price change,2024-05-21T00:00:00.000Z,Listed for rent,2023-05-19T00:00:00.000Z,Listing removed,2023-05-02T00:00:00.000Z,Listed for rent,2020-08-28T00:00:00.000Z,Listing removed,2020-08-05T00:00:00.000Z,Listed for rent,2017-08-17T00:00:00.000Z,Sold,2017-06-30T00:00:00.000Z,Sold,,,,,,,,,,,,,,,,,,,,,,,,,,,,,,,,,,,,
"808 Azalea Trace Dr, Foley, AL 36535",808 Azalea Trace Dr,Foley,AL,,forRent,3,1652,,1900,10,https://www.zillow.com/homedetails/808-Azalea-Trace-Dr-Foley-AL-36535/72756063_zpid/,,102850,2026-09-24T00:00:00.000Z,Listed for rent,1999-04-29T00:00:00.000Z,Sold,,,,,,,,,,,,,,,,,,,,,,,,,,,,,,,,,,,,,,,,,,,,,,,,,,,,,,,,
"9 Parma Dr, Daphne, AL 36526",9 Parma Dr,Daphne,AL,,forRent,3,1840,,2250,6,https://www.zillow.com/homedetails/9-Parma-Dr-Daphne-AL-36526/90624053_zpid/,,169000,2026-09-28T00:00:00.000Z,Listed for rent,2018-12-28T00:00:00.000Z,Sold,2018-11-15T00:00:00.000Z,Listed for sale,2011-12-20T00:00:00.000Z,Sold,,,,,,,,,,,,,,,,,,,,,,,,,,,,,,,,,,,,,,,,,,,,,,,,,,,,
"24743 Raynagua Blvd, Loxley, AL 36551",24743 Raynagua Blvd,Loxley,AL,,forRent,3,1891,,1945,23,https://www.zillow.com/homedetails/24743-Raynagua-Blvd-Loxley-AL-36551/465215409_zpid/,,,2026-09-12T00:00:00.000Z,Listed for rent,,,,,,,,,,,,,,,,,,,,,,,,,,,,,,,,,,,,,,,,,,,,,,,,,,,,,,,,,,
"311 Kennesaw Ave, Bay Minette, AL 36507",311 Kennesaw Ave,Bay Minette,AL,,forRent,4,1681,,1895,6,https://www.zillow.com/homedetails/311-Kennesaw-Ave-Bay-Minette-AL-36507/2140078142_zpid/,,274900,2026-09-28T00:00:00.000Z,Listed for rent,2025-11-01T00:00:00.000Z,Listing removed,2025-08-18T00:00:00.000Z,Price change,2025-07-28T00:00:00.000Z,Listed for sale,2025-04-11T00:00:00.000Z,Listing removed,2025-03-07T00:00:00.000Z,Listed for rent,2024-05-31T00:00:00.000Z,Listing removed,2024-05-23T00:00:00.000Z,Price change,2024-03-15T00:00:00.000Z,Listed for rent,2023-11-30T00:00:00.000Z,Sold,2023-08-10T00:00:00.000Z,Listing removed,2023-07-03T00:00:00.000Z,Listing removed,2023-06-29T00:00:00.000Z,Price change,2023-06-02T00:00:00.000Z,Listed for sale,2023-05-23T00:00:00.000Z,Listed for rent,2009-07-23T00:00:00.000Z,Listing removed,2009-02-04T00:00:00.000Z,Listed for sale,,,,,,,,,,,,,,,,,,,,,,,,,,
"24848 Smarty Jones Cir, Daphne, AL 36526",24848 Smarty Jones Cir,Daphne,AL,,forRent,4,2357,,2800,8,https://www.zillow.com/homedetails/24848-Smarty-Jones-Cir-Daphne-AL-36526/337781616_zpid/,,305000,2026-09-27T00:00:00.000Z,Listed for rent,2021-01-22T00:00:00.000Z,Sold,,,,,,,,,,,,,,,,,,,,,,,,,,,,,,,,,,,,,,,,,,,,,,,,,,,,,,,,
"12557 County Road 49, Foley, AL 36535",12557 County Road 49,Foley,AL,,forRent,3,1637,,1900,16,https://www.zillow.com/homedetails/12557-County-Road-49-Foley-AL-36535/72759349_zpid/,,948000,2026-09-19T00:00:00.000Z,Listed for rent,2025-03-15T00:00:00.000Z,Listing removed,2025-03-02T00:00:00.000Z,Price change,2025-02-06T00:00:00.000Z,Listed for rent,2024-02-11T00:00:00.000Z,Listing removed,2024-01-31T00:00:00.000Z,Listed for rent,2023-05-22T00:00:00.000Z,Listing removed,2023-05-17T00:00:00.000Z,Listed for sale,2022-07-26T00:00:00.000Z,Listing removed,2022-06-03T00:00:00.000Z,Listed for sale,2020-07-24T00:00:00.000Z,Listing removed,2020-07-21T00:00:00.000Z,Price change,2020-07-14T00:00:00.000Z,Listed for rent,2020-01-06T00:00:00.000Z,Listing removed,2019-12-17T00:00:00.000Z,Price change,2019-11-05T00:00:00.000Z,Listed for rent,2019-05-20T00:00:00.000Z,Sold,2014-10-20T00:00:00.000Z,Sold,,,,,,,,,,,,,,,,,,,,,,,,
"110 Covey Run Pl, Fairhope, AL 36532",110 Covey Run Pl,Fairhope,AL,,forRent,3,1590,,1850,12,https://www.zillow.com/homedetails/110-Covey-Run-Pl-Fairhope-AL-36532/72746641_zpid/,,250000,2026-09-23T00:00:00.000Z,Listed for rent,2025-10-09T00:00:00.000Z,Listing removed,2025-09-16T00:00:00.000Z,Price change,2025-08-26T00:00:00.000Z,Price change,2025-08-06T00:00:00.000Z,Listed for rent,2024-09-13T00:00:00.000Z,Listing removed,2024-07-20T00:00:00.000Z,Listed for rent,2024-07-18T00:00:00.000Z,Listing removed,2024-07-17T00:00:00.000Z,Listed for rent,2024-05-06T00:00:00.000Z,Sold,,,,,,,,,,,,,,,,,,,,,,,,,,,,,,,,,,,,,,,,
"19135 Pagoda Ln, Summerdale, AL 36580",19135 Pagoda Ln,Summerdale,AL,,forRent,4,1504,,2100,32,https://www.zillow.com/homedetails/19135-Pagoda-Ln-Summerdale-AL-36580/465006855_zpid/,,,2026-09-03T00:00:00.000Z,Listed for rent,,,,,,,,,,,,,,,,,,,,,,,,,,,,,,,,,,,,,,,,,,,,,,,,,,,,,,,,,,
"23643 Blythewood Ln, Daphne, AL 36526",23643 Blythewood Ln,Daphne,AL,,forRent,3,1648,,2100,18,https://www.zillow.com/homedetails/23643-Blythewood-Ln-Daphne-AL-36526/307541058_zpid/,,,2026-09-16T00:00:00.000Z,Listed for rent,2024-06-18T00:00:00.000Z,Listing removed,2024-06-12T00:00:00.000Z,Listed for rent,2023-07-01T00:00:00.000Z,Listing removed,2023-05-31T00:00:00.000Z,Listed for rent,,,,,,,,,,,,,,,,,,,,,,,,,,,,,,,,,,,,,,,,,,,,,,,,,,
"13658 Addison Pl, Foley, AL 36535",13658 Addison Pl,Foley,AL,,forRent,3,1430,,1950,52,https://www.zillow.com/homedetails/13658-Addison-Pl-Foley-AL-36535/463223172_zpid/,,257500,2026-10-02T00:00:00.000Z,Price change,2026-09-22T00:00:00.000Z,Sold,2026-09-22T00:00:00.000Z,Price change,2026-08-13T00:00:00.000Z,Listed for rent,2026-07-28T00:00:00.000Z,Pending sale,2026-06-13T00:00:00.000Z,Listed for sale,,,,,,,,,,,,,,,,,,,,,,,,,,,,,,,,,,,,,,,,,,,,,,,,
"824 E 24th Ave, Gulf Shores, AL 36542",824 E 24th Ave,Gulf Shores,AL,,forRent,3,1489,,2450,13,https://www.zillow.com/homedetails/824-E-24th-Ave-Gulf-Shores-AL-36542/84402308_zpid/,,127500,2026-09-21T00:00:00.000Z,Listed for rent,2013-05-06T00:00:00.000Z,Sold,2013-01-23T00:00:00.000Z,Listed for sale,2009-09-08T00:00:00.000Z,Listing removed,2009-03-28T00:00:00.000Z,Listed for sale,,,,,,,,,,,,,,,,,,,,,,,,,,,,,,,,,,,,,,,,,,,,,,,,,,
"120 Covey Run Pl, Fairhope, AL 36532",120 Covey Run Pl,Fairhope,AL,,forRent,3,1471,,1795,18,https://www.zillow.com/homedetails/120-Covey-Run-Pl-Fairhope-AL-36532/72746636_zpid/,,,2026-09-17T00:00:00.000Z,Listed for rent,2026-07-05T00:00:00.000Z,Listing removed,2026-06-25T00:00:00.000Z,Price change,2026-06-12T00:00:00.000Z,Listed for rent,2025-06-11T00:00:00.000Z,Listing removed,2025-05-21T00:00:00.000Z,Listed for rent,2024-02-15T00:00:00.000Z,Listing removed,2024-02-06T00:00:00.000Z,Price change,2024-01-17T00:00:00.000Z,Listed for rent,2021-03-24T00:00:00.000Z,Listing removed,2020-03-25T00:00:00.000Z,Listing removed,2020-02-27T00:00:00.000Z,Price change,2020-02-06T00:00:00.000Z,Listed for sale,,,,,,,,,,,,,,,,,,,,,,,,,,,,,,,,,,
"19296 Scenic Highway 98, Fairhope, AL 36532",19296 Scenic Highway 98,Fairhope,AL,,forRent,3,1500,,2600,17,https://www.zillow.com/homedetails/19296-Scenic-Highway-98-Fairhope-AL-36532/72740843_zpid/,,,2026-09-18T00:00:00.000Z,Listed for rent,2024-09-13T00:00:00.000Z,Listing removed,2024-08-08T00:00:00.000Z,Price change,2024-07-08T00:00:00.000Z,Price change,2024-05-02T00:00:00.000Z,Price change,2024-04-12T00:00:00.000Z,Listed for rent,2024-04-11T00:00:00.000Z,Listing removed,2024-03-26T00:00:00.000Z,Price change,2024-03-15T00:00:00.000Z,Listed for rent,,,,,,,,,,,,,,,,,,,,,,,,,,,,,,,,,,,,,,,,,,
"23450 Shadowridge Dr, Daphne, AL 36526",23450 Shadowridge Dr,Daphne,AL,,forRent,4,1747,,2095,33,https://www.zillow.com/homedetails/23450-Shadowridge-Dr-Daphne-AL-36526/2067596352_zpid/,,277332,2026-09-12T00:00:00.000Z,Price change,2026-09-02T00:00:00.000Z,Listed for rent,2022-03-25T00:00:00.000Z,Sold,2022-01-08T00:00:00.000Z,Pending sale,2022-01-03T00:00:00.000Z,Price change,2021-12-07T00:00:00.000Z,Price change,2021-11-11T00:00:00.000Z,Listed for sale,,,,,,,,,,,,,,,,,,,,,,,,,,,,,,,,,,,,,,,,,,,,,,
"11006 Secretariat Blvd, Daphne, AL 36526",11006 Secretariat Blvd,Daphne,AL,,forRent,4,2495,,2795,33,https://www.zillow.com/homedetails/11006-Secretariat-Blvd-Daphne-AL-36526/451113420_zpid/,,465000,2026-09-25T00:00:00.000Z,Price change,2026-09-01T00:00:00.000Z,Listed for rent,2025-07-30T00:00:00.000Z,Sold,2025-07-14T00:00:00.000Z,Pending sale,2025-05-19T00:00:00.000Z,Listed for sale,2025-05-12T00:00:00.000Z,Pending sale,,,,,,,,,,,,,,,,,,,,,,,,,,,,,,,,,,,,,,,,,,,,,,,,
"21607 Bartlett Ln, Loxley, AL 36551",21607 Bartlett Ln,Loxley,AL,,forRent,,,,,,https://www.zillow.com/b/21607-bartlett-ln-loxley-al-CdbJZd/,,,,,,,,,,,,,,,,,,,,,,,,,,,,,,,,,,,,,,,,,,,,,,,,,,,,,,,,,,,,,,
"32236 Revere Dr, Spanish Fort, AL 36527",32236 Revere Dr,Spanish Fort,AL,,forRent,3,1430,,2200,38,https://www.zillow.com/homedetails/32236-Revere-Dr-Spanish-Fort-AL-36527/461000724_zpid/,,295000,2026-09-11T00:00:00.000Z,Price change,2026-09-03T00:00:00.000Z,Price change,2026-08-28T00:00:00.000Z,Listed for rent,2026-07-31T00:00:00.000Z,Sold,2026-03-12T00:00:00.000Z,Pending sale,,,,,,,,,,,,,,,,,,,,,,,,,,,,,,,,,,,,,,,,,,,,,,,,,,
"112 Spring Park Dr, Fairhope, AL 36532",112 Spring Park Dr,Fairhope,AL,,forRent,3,1425,,1950,31,https://www.zillow.com/homedetails/112-Spring-Park-Dr-Fairhope-AL-36532/72745774_zpid/,,,2026-09-03T00:00:00.000Z,Listed for rent,2022-04-20T00:00:00.000Z,Listing removed,2022-04-11T00:00:00.000Z,Listed for rent,2021-02-27T00:00:00.000Z,Listing removed,2020-04-20T00:00:00.000Z,Listing removed,2020-03-28T00:00:00.000Z,Price change,2020-02-21T00:00:00.000Z,Price change,2020-02-04T00:00:00.000Z,Listed for rent,2019-06-19T00:00:00.000Z,Listing removed,2019-06-05T00:00:00.000Z,Listed for rent,2008-08-08T00:00:00.000Z,Listing removed,2008-04-17T00:00:00.000Z,Listed for sale,,,,,,,,,,,,,,,,,,,,,,,,,,,,,,,,,,,,
"31518 Lyon Rd, Daphne, AL 36527",31518 Lyon Rd,Daphne,AL,,forRent,,,,,,https://www.zillow.com/b/31518-lyon-rd-daphne-al-CnF89h/,,,,,,,,,,,,,,,,,,,,,,,,,,,,,,,,,,,,,,,,,,,,,,,,,,,,,,,,,,,,,,
"(Undisclosed Address), Gulf Shores, AL 36542",(Undisclosed Address),Gulf Shores,AL,,forRent,3,1150,,1650,13,https://www.zillow.com/homedetails/Gulf-Shores-AL-36542/465461692_zpid/,,,2026-09-21T00:00:00.000Z,Listed for rent,,,,,,,,,,,,,,,,,,,,,,,,,,,,,,,,,,,,,,,,,,,,,,,,,,,,,,,,,,
"6602 County Road 32, Fairhope, AL 36532",6602 County Road 32,Fairhope,AL,,forRent,3,900,,1550,19,https://www.zillow.com/homedetails/6602-County-Road-32-Fairhope-AL-36532/196142989_zpid/,,50000,2026-09-15T00:00:00.000Z,Listed for rent,2024-10-12T00:00:00.000Z,Listing removed,2024-10-01T00:00:00.000Z,Listed for rent,2024-10-01T00:00:00.000Z,Listing removed,2024-09-25T00:00:00.000Z,Listed for rent,2024-09-12T00:00:00.000Z,Listing removed,2024-08-17T00:00:00.000Z,Price change,2024-07-02T00:00:00.000Z,Listed for rent,2023-06-23T00:00:00.000Z,Listing removed,2023-06-21T00:00:00.000Z,Listed for rent,2021-12-14T00:00:00.000Z,Sold,,,,,,,,,,,,,,,,,,,,,,,,,,,,,,,,,,,,,,
"122 Rita Ave, Spanish Fort, AL 36527",122 Rita Ave,Spanish Fort,AL,,forRent,4,1404,,1800,20,https://www.zillow.com/homedetails/122-Rita-Ave-Spanish-Fort-AL-36527/72728207_zpid/,,222600,2026-09-15T00:00:00.000Z,Listed for rent,2025-04-04T00:00:00.000Z,Sold,2025-03-07T00:00:00.000Z,Pending sale,2025-03-05T00:00:00.000Z,Listed for sale,2009-01-05T00:00:00.000Z,Sold,,,,,,,,,,,,,,,,,,,,,,,,,,,,,,,,,,,,,,,,,,,,,,,,,,
"2518 W Ashford Park Dr, Foley, AL 36535",2518 W Ashford Park Dr,Foley,AL,,forRent,4,1755,,2500,26,https://www.zillow.com/homedetails/2518-W-Ashford-Park-Dr-Foley-AL-36535/72762491_zpid/,,120000,2026-07-23T00:00:00.000Z,Listed for rent,2026-05-05T00:00:00.000Z,Listing removed,2026-03-05T00:00:00.000Z,Listed for rent,2026-02-06T00:00:00.000Z,Listing removed,2026-02-03T00:00:00.000Z,Listed for rent,2026-02-03T00:00:00.000Z,Listing removed,2026-01-12T00:00:00.000Z,Price change,2025-12-15T00:00:00.000Z,Listed for rent,2025-11-23T00:00:00.000Z,Listing removed,2025-10-23T00:00:00.000Z,Price change,2025-07-05T00:00:00.000Z,Listed for rent,2025-04-28T00:00:00.000Z,Listing removed,2025-04-17T00:00:00.000Z,Price change,2025-04-02T00:00:00.000Z,Listed for rent,2025-03-24T00:00:00.000Z,Listing removed,2025-03-07T00:00:00.000Z,Price change,2025-02-11T00:00:00.000Z,Listed for rent,2009-12-31T00:00:00.000Z,Sold,2009-11-14T00:00:00.000Z,Listed for sale,,,,,,,,,,,,,,,,,,,,,,
"10190 Fionn Loop, Daphne, AL 36526",10190 Fionn Loop,Daphne,AL,,forRent,4,1817,,2150,31,https://www.zillow.com/homedetails/10190-Fionn-Loop-Daphne-AL-36526/111208829_zpid/,,225000,2026-09-03T00:00:00.000Z,Listed for rent,2021-04-28T00:00:00.000Z,Sold,2021-03-23T00:00:00.000Z,Pending sale,2021-03-19T00:00:00.000Z,Price change,2021-03-08T00:00:00.000Z,Pending sale,2021-03-05T00:00:00.000Z,Listed for sale,2019-09-23T00:00:00.000Z,Listing removed,2019-06-26T00:00:00.000Z,Price change,2019-06-25T00:00:00.000Z,Listed for sale,2012-07-12T00:00:00.000Z,Sold,2012-06-15T00:00:00.000Z,Price change,2012-04-29T00:00:00.000Z,Listed for sale,,,,,,,,,,,,,,,,,,,,,,,,,,,,,,,,,,,,
"3901 Emerille Dr, Foley, AL 36535",3901 Emerille Dr,Foley,AL,,forRent,3,1713,,1950,20,https://www.zillow.com/homedetails/3901-Emerille-Dr-Foley-AL-36535/196056494_zpid/,,216900,2026-09-15T00:00:00.000Z,Listed for rent,2024-10-22T00:00:00.000Z,Listing removed,2024-07-24T00:00:00.000Z,Listed for sale,2024-06-04T00:00:00.000Z,Sold,2021-12-27T00:00:00.000Z,Sold,2021-10-30T00:00:00.000Z,Pending sale,2021-10-28T00:00:00.000Z,Listed for sale,,,,,,,,,,,,,,,,,,,,,,,,,,,,,,,,,,,,,,,,,,,,,,
"10240 Us Highway 98, Fairhope, AL 36532",10240 Us Highway 98,Fairhope,AL,,forRent,5,2143,,1900,3,https://www.zillow.com/homedetails/10240-Us-Highway-98-Fairhope-AL-36532/72760843_zpid/,,145000,2026-10-02T00:00:00.000Z,Listed for rent,2012-06-22T00:00:00.000Z,Sold,2012-05-08T00:00:00.000Z,Price change,2012-03-28T00:00:00.000Z,Listed for sale,2011-10-13T00:00:00.000Z,Sold,2011-09-10T00:00:00.000Z,Price change,2011-08-31T00:00:00.000Z,Listed for sale,2011-06-12T00:00:00.000Z,Listing removed,2011-06-04T00:00:00.000Z,Price change,2011-04-17T00:00:00.000Z,Price change,2011-02-14T00:00:00.000Z,Listed for sale,2010-11-22T00:00:00.000Z,Sold,2007-12-20T00:00:00.000Z,Sold,,,,,,,,,,,,,,,,,,,,,,,,,,,,,,,,,,
"100 McDuffie Cir, Daphne, AL 36526",100 McDuffie Cir,Daphne,AL,,forRent,3,2200,,1800,69,https://www.zillow.com/homedetails/100-McDuffie-Cir-Daphne-AL-36526/2099973923_zpid/,,,2026-08-08T00:00:00.000Z,Price change,2026-07-27T00:00:00.000Z,Listed for rent,2023-12-18T00:00:00.000Z,Listing removed,2023-12-11T00:00:00.000Z,Listed for rent,2022-11-13T00:00:00.000Z,Listing removed,2022-10-24T00:00:00.000Z,Price change,2022-10-21T00:00:00.000Z,Listed for rent,2021-03-24T00:00:00.000Z,Listing removed,2019-05-19T00:00:00.000Z,Listing removed,2019-04-09T00:00:00.000Z,Listed for rent,2017-05-20T00:00:00.000Z,Listing removed,2017-05-10T00:00:00.000Z,Price change,2017-03-06T00:00:00.000Z,Listed for rent,2016-02-06T00:00:00.000Z,Listing removed,2016-01-29T00:00:00.000Z,Price change,2016-01-16T00:00:00.000Z,Listed for rent,,,,,,,,,,,,,,,,,,,,,,,,,,,,
"21162 Meadowbrook Dr, Fairhope, AL 36532",21162 Meadowbrook Dr,Fairhope,AL,,forRent,3,1070,,1795,18,https://www.zillow.com/homedetails/21162-Meadowbrook-Dr-Fairhope-AL-36532/72741452_zpid/,,206000,2026-09-17T00:00:00.000Z,Listed for rent,2023-06-06T00:00:00.000Z,Listing removed,2023-05-24T00:00:00.000Z,Listed for rent,2021-11-18T00:00:00.000Z,Sold,2021-10-07T00:00:00.000Z,Pending sale,2021-10-05T00:00:00.000Z,Listed for sale,2021-09-25T00:00:00.000Z,Listing removed,2021-09-18T00:00:00.000Z,Listed for sale,2012-09-28T00:00:00.000Z,Sold,2012-04-28T00:00:00.000Z,Listed for sale,2011-10-07T00:00:00.000Z,Listed for sale,2010-12-24T00:00:00.000Z,Listed for sale,2010-06-25T00:00:00.000Z,Listed for sale,2010-04-08T00:00:00.000Z,Listing removed,2010-03-20T00:00:00.000Z,Price change,2010-02-06T00:00:00.000Z,Price change,2010-01-23T00:00:00.000Z,Price change,2009-11-26T00:00:00.000Z,Listed for sale,,,,,,,,,,,,,,,,,,,,,,,,
"111309 Family Circle Ln, Foley, AL 36535",111309 Family Circle Ln,Foley,AL,,forRent,4,3000,,2650,24,https://www.zillow.com/homedetails/111309-Family-Circle-Ln-Foley-AL-36535/2060921893_zpid/,,,2026-09-10T00:00:00.000Z,Listed for rent,2023-01-09T00:00:00.000Z,Listing removed,2022-11-20T00:00:00.000Z,Price change,2022-11-05T00:00:00.000Z,Price change,2022-10-26T00:00:00.000Z,Listed for rent,,,,,,,,,,,,,,,,,,,,,,,,,,,,,,,,,,,,,,,,,,,,,,,,,,
"142 Summerfield Dr, Foley, AL 36535",142 Summerfield Dr,Foley,AL,,forRent,3,1437,,2125,30,https://www.zillow.com/homedetails/142-Summerfield-Dr-Foley-AL-36535/196042580_zpid/,,,2026-09-04T00:00:00.000Z,Listed for rent,2019-07-19T00:00:00.000Z,Listing removed,2019-07-05T00:00:00.000Z,Listed for rent,,,,,,,,,,,,,,,,,,,,,,,,,,,,,,,,,,,,,,,,,,,,,,,,,,,,,,
"525 W Rose Ave, Foley, AL 36535",525 W Rose Ave,Foley,AL,,forRent,4,1625,,1650,1,https://www.zillow.com/homedetails/525-W-Rose-Ave-Foley-AL-36535/463525057_zpid/,,,2026-09-11T00:00:00.000Z,Price change,2026-06-29T00:00:00.000Z,Listed for rent,,,,,,,,,,,,,,,,,,,,,,,,,,,,,,,,,,,,,,,,,,,,,,,,,,,,,,,,
"1125 Sloane Cv, Foley, AL 36535",1125 Sloane Cv,Foley,AL,,forRent,3,1650,,3000,15,https://www.zillow.com/homedetails/1125-Sloane-Cv-Foley-AL-36535/196062755_zpid/,,150000,2026-06-30T00:00:00.000Z,Listed for rent,2023-11-02T00:00:00.000Z,Listing removed,2023-10-19T00:00:00.000Z,Price change,2023-09-26T00:00:00.000Z,Price change,2023-09-12T00:00:00.000Z,Listed for rent,2019-05-10T00:00:00.000Z,Sold,2019-03-20T00:00:00.000Z,Listed for sale,,,,,,,,,,,,,,,,,,,,,,,,,,,,,,,,,,,,,,,,,,,,,,
"103 Cameron Cir, Daphne, AL 36526",103 Cameron Cir,Daphne,AL,,forRent,5,2888,,2200,27,https://www.zillow.com/homedetails/103-Cameron-Cir-Daphne-AL-36526/72735317_zpid/,,182500,2026-10-04T00:00:00.000Z,Price change,2026-09-08T00:00:00.000Z,Listed for rent,2025-02-25T00:00:00.000Z,Sold,2025-01-04T00:00:00.000Z,Pending sale,2025-01-01T00:00:00.000Z,Listed for sale,2025-01-01T00:00:00.000Z,Pending sale,2024-12-11T00:00:00.000Z,Price change,2024-12-01T00:00:00.000Z,Price change,2024-11-19T00:00:00.000Z,Listed for sale,2017-02-03T00:00:00.000Z,Listing removed,2017-01-27T00:00:00.000Z,Listed for sale,2016-09-22T00:00:00.000Z,Sold,2016-09-19T00:00:00.000Z,Price change,2016-08-05T00:00:00.000Z,Listed for sale,,,,,,,,,,,,,,,,,,,,,,,,,,,,,,,,
"6117 Cobblestone Ct, Gulf Shores, AL 36542",6117 Cobblestone Ct,Gulf Shores,AL,,forRent,3,2100,,2850,33,https://www.zillow.com/homedetails/6117-Cobblestone-Ct-Gulf-Shores-AL-36542/196106505_zpid/,,370000,2026-09-01T00:00:00.000Z,Listed for rent,2024-07-13T00:00:00.000Z,Listing removed,2024-07-08T00:00:00.000Z,Price change,2024-06-30T00:00:00.000Z,Price change,2024-06-17T00:00:00.000Z,Sold,2024-06-17T00:00:00.000Z,Listed for rent,2024-05-11T00:00:00.000Z,Pending sale,2024-04-29T00:00:00.000Z,Price change,2024-04-10T00:00:00.000Z,Listed for sale,2022-02-11T00:00:00.000Z,Sold,2022-01-08T00:00:00.000Z,Pending sale,2021-10-19T00:00:00.000Z,Listed for sale,2021-10-14T00:00:00.000Z,Listing removed,2021-10-12T00:00:00.000Z,Price change,2021-09-01T00:00:00.000Z,Listed for sale,2014-10-07T00:00:00.000Z,Sold,,,,,,,,,,,,,,,,,,,,,,,,,,,,
"129 Wicker Way, Daphne, AL 36526",129 Wicker Way,Daphne,AL,,forRent,3,1400,,1800,20,https://www.zillow.com/homedetails/129-Wicker-Way-Daphne-AL-36526/84395276_zpid/,,205000,2026-09-14T00:00:00.000Z,Listed for rent,2025-04-29T00:00:00.000Z,Sold,2025-03-24T00:00:00.000Z,Pending sale,2025-03-23T00:00:00.000Z,Listed for sale,2022-06-14T00:00:00.000Z,Sold,2022-05-15T00:00:00.000Z,Pending sale,2022-05-13T00:00:00.000Z,Listed for sale,2022-05-08T00:00:00.000Z,Pending sale,2022-05-07T00:00:00.000Z,Price change,2022-05-04T00:00:00.000Z,Listed for sale,2021-03-24T00:00:00.000Z,Listing removed,2017-06-10T00:00:00.000Z,Listing removed,2017-06-04T00:00:00.000Z,Listed for rent,2015-10-19T00:00:00.000Z,Sold,2015-08-21T00:00:00.000Z,Listed for sale,2015-08-19T00:00:00.000Z,Listing removed,2015-08-05T00:00:00.000Z,Listed for rent,2015-06-16T00:00:00.000Z,Listing removed,2015-06-11T00:00:00.000Z,Listed for rent,2014-06-25T00:00:00.000Z,Listing removed,2014-06-05T00:00:00.000Z,Price change,2014-05-22T00:00:00.000Z,Listed for rent,,,,,,,,,,,,,,,,
"414 Ellington Ave, Fairhope, AL 36532",414 Ellington Ave,Fairhope,AL,,forRent,3,1610,,2000,63,https://www.zillow.com/homedetails/414-Ellington-Ave-Fairhope-AL-36532/124032852_zpid/,,258000,2026-08-02T00:00:00.000Z,Listed for rent,2023-03-29T00:00:00.000Z,Listing removed,2023-02-09T00:00:00.000Z,Listed for rent,2021-08-08T00:00:00.000Z,Listing removed,2021-08-01T00:00:00.000Z,Listed for rent,2021-07-19T00:00:00.000Z,Listing removed,2021-07-18T00:00:00.000Z,Listed for rent,2021-07-14T00:00:00.000Z,Sold,2021-06-07T00:00:00.000Z,Pending sale,2021-06-04T00:00:00.000Z,Price change,2021-05-28T00:00:00.000Z,Listed for sale,2020-07-03T00:00:00.000Z,Sold,2020-05-01T00:00:00.000Z,Listed for sale,2018-01-26T00:00:00.000Z,Sold,2017-12-28T00:00:00.000Z,Listed for sale,2017-09-25T00:00:00.000Z,Sold,2012-12-28T00:00:00.000Z,Sold,,,,,,,,,,,,,,,,,,,,,,,,,,
"22928 Lieutenant Ave, Foley, AL 36535",22928 Lieutenant Ave,Foley,AL,,forRent,4,1850,,2200,49,https://www.zillow.com/homedetails/22928-Lieutenant-Ave-Foley-AL-36535/337782261_zpid/,,320000,2026-08-17T00:00:00.000Z,Listed for rent,2026-07-27T00:00:00.000Z,Listing removed,2026-07-15T00:00:00.000Z,Listed for rent,2024-02-06T00:00:00.000Z,Listing removed,2024-01-10T00:00:00.000Z,Price change,2023-11-04T00:00:00.000Z,Listed for rent,2023-11-02T00:00:00.000Z,Sold,2023-10-03T00:00:00.000Z,Pending sale,2023-09-28T00:00:00.000Z,Contingent,2023-09-25T00:00:00.000Z,Price change,2023-09-07T00:00:00.000Z,Price change,2023-07-06T00:00:00.000Z,Listed for sale,2020-11-17T00:00:00.000Z,Sold,,,,,,,,,,,,,,,,,,,,,,,,,,,,,,,,,,
"12001 Squirrel Dr, Spanish Fort, AL 36527",12001 Squirrel Dr,Spanish Fort,AL,,forRent,4,2478,,2900,88,https://www.zillow.com/homedetails/12001-Squirrel-Dr-Spanish-Fort-AL-36527/120116707_zpid/,,385000,2026-07-23T00:00:00.000Z,Price change,2026-07-08T00:00:00.000Z,Listed for rent,2024-12-10T00:00:00.000Z,Sold,2024-11-21T00:00:00.000Z,Pending sale,2024-10-24T00:00:00.000Z,Price change,2024-09-18T00:00:00.000Z,Price change,2024-07-25T00:00:00.000Z,Price change,2024-06-25T00:00:00.000Z,Listed for sale,2013-03-15T00:00:00.000Z,Sold,,,,,,,,,,,,,,,,,,,,,,,,,,,,,,,,,,,,,,,,,,
"(Undisclosed Address), Silverhill, AL 36576",(Undisclosed Address),Silverhill,AL,,forRent,4,1787,,2375,25,https://www.zillow.com/homedetails/Silverhill-AL-36576/2061177842_zpid/,,279280,2026-09-10T00:00:00.000Z,Listed for rent,2025-10-24T00:00:00.000Z,Listing removed,2025-09-20T00:00:00.000Z,Price change,2025-09-17T00:00:00.000Z,Price change,2025-07-16T00:00:00.000Z,Listed for rent,2025-04-13T00:00:00.000Z,Listing removed,2025-04-03T00:00:00.000Z,Listed for rent,2024-12-10T00:00:00.000Z,Listing removed,2024-12-06T00:00:00.000Z,Listed for rent,2023-03-22T00:00:00.000Z,Sold,2023-02-10T00:00:00.000Z,Price change,2023-01-11T00:00:00.000Z,Price change,2022-10-11T00:00:00.000Z,Listed for sale,,,,,,,,,,,,,,,,,,,,,,,,,,,,,,,,,,
"527 W Rose Ave, Foley, AL 36535",527 W Rose Ave,Foley,AL,,forRent,4,1625,,1650,97,https://www.zillow.com/homedetails/527-W-Rose-Ave-Foley-AL-36535/2059774438_zpid/,,,2026-09-11T00:00:00.000Z,Price change,2026-06-29T00:00:00.000Z,Listed for rent,2023-04-28T00:00:00.000Z,Listing removed,2023-04-04T00:00:00.000Z,Price change,2023-01-31T00:00:00.000Z,Listed for rent,2023-01-31T00:00:00.000Z,Listing removed,2023-01-29T00:00:00.000Z,Listed for rent,,,,,,,,,,,,,,,,,,,,,,,,,,,,,,,,,,,,,,,,,,,,,,
"16 Lancers Ln #B, Daphne, AL 36527",16 Lancers Ln #B,Daphne,AL,,forRent,3,1700,,1800,24,https://www.zillow.com/homedetails/16-Lancers-Ln-B-Daphne-AL-36527/2059068544_zpid/,,,2026-09-10T00:00:00.000Z,Listed for rent,2025-08-26T00:00:00.000Z,Listing removed,2025-08-08T00:00:00.000Z,Listed for rent,2024-09-13T00:00:00.000Z,Listing removed,2024-07-19T00:00:00.000Z,Listed for rent,2024-07-18T00:00:00.000Z,Listing removed,2024-07-07T00:00:00.000Z,Price change,2024-05-10T00:00:00.000Z,Listed for rent,2023-04-04T00:00:00.000Z,Listing removed,2023-02-23T00:00:00.000Z,Listed for rent,,,,,,,,,,,,,,,,,,,,,,,,,,,,,,,,,,,,,,,,
"4688 Casablanca Dr, Orange Beach, AL 36561",4688 Casablanca Dr,Orange Beach,AL,,forRent,3,2008,,3500,88,https://www.zillow.com/homedetails/4688-Casablanca-Dr-Orange-Beach-AL-36561/2067521250_zpid/,,490000,2026-07-08T00:00:00.000Z,Listed for rent,2025-09-21T00:00:00.000Z,Listing removed,2025-09-02T00:00:00.000Z,Listed for rent,2025-05-29T00:00:00.000Z,Sold,2025-05-28T00:00:00.000Z,Pending sale,2025-05-11T00:00:00.000Z,Contingent,2025-05-11T00:00:00.000Z,Listed for sale,2025-05-10T00:00:00.000Z,Pending sale,2025-04-29T00:00:00.000Z,Listed for sale,2024-02-21T00:00:00.000Z,Listing removed,2024-02-20T00:00:00.000Z,Listed for rent,2022-04-27T00:00:00.000Z,Listing removed,2022-04-19T00:00:00.000Z,Listed for rent,2022-02-25T00:00:00.000Z,Sold,2022-02-16T00:00:00.000Z,Contingent,2022-01-20T00:00:00.000Z,Pending sale,2022-01-12T00:00:00.000Z,Listing removed,2021-11-18T00:00:00.000Z,Listed for rent,,,,,,,,,,,,,,,,,,,,,,,,
"111 Meadow Wood Dr, Daphne, AL 36526",111 Meadow Wood Dr,Daphne,AL,,forRent,3,1589,,2100,17,https://www.zillow.com/homedetails/111-Meadow-Wood-Dr-Daphne-AL-36526/72735396_zpid/,,,2026-09-17T00:00:00.000Z,Price change,2026-08-19T00:00:00.000Z,Price change,2026-08-13T00:00:00.000Z,Price change,2026-07-31T00:00:00.000Z,Listed for rent,2025-04-04T00:00:00.000Z,Listing removed,2025-01-26T00:00:00.000Z,Listed for rent,2024-11-06T00:00:00.000Z,Listing removed,2024-10-25T00:00:00.000Z,Listed for rent,2024-06-29T00:00:00.000Z,Listing removed,2024-06-08T00:00:00.000Z,Listed for rent,2023-03-29T00:00:00.000Z,Listing removed,2023-03-11T00:00:00.000Z,Listed for rent,2021-09-15T00:00:00.000Z,Listing removed,2021-08-29T00:00:00.000Z,Listed for rent,2016-02-04T00:00:00.000Z,Listing removed,2015-11-08T00:00:00.000Z,Listed for rent,2015-01-15T00:00:00.000Z,Listing removed,2014-11-21T00:00:00.000Z,Price change,2014-10-29T00:00:00.000Z,Price change,2014-09-11T00:00:00.000Z,Listed for rent,,,,,,,,,,,,,,,,,,,,
"(Undisclosed Address), Foley, AL 36535",(Undisclosed Address),Foley,AL,,forRent,3,1100,,1750,25,https://www.zillow.com/homedetails/Foley-AL-36535/72762958_zpid/,,195000,2026-09-09T00:00:00.000Z,Listed for rent,2026-06-12T00:00:00.000Z,Sold,2026-05-13T00:00:00.000Z,Pending sale,2026-05-07T00:00:00.000Z,Listed for sale,,,,,,,,,,,,,,,,,,,,,,,,,,,,,,,,,,,,,,,,,,,,,,,,,,,,
"812 Fairhope Ave, Fairhope, AL 36532",812 Fairhope Ave,Fairhope,AL,,forRent,3,1250,,1800,16,https://www.zillow.com/homedetails/812-Fairhope-Ave-Fairhope-AL-36532/72744484_zpid/,,,2026-10-03T00:00:00.000Z,Price change,2026-09-19T00:00:00.000Z,Listed for rent,2025-08-20T00:00:00.000Z,Listing removed,2025-08-13T00:00:00.000Z,Listed for rent,2024-08-03T00:00:00.000Z,Listing removed,2024-07-25T00:00:00.000Z,Price change,2024-07-15T00:00:00.000Z,Price change,2024-07-02T00:00:00.000Z,Listed for rent,2022-12-02T00:00:00.000Z,Price change,2022-10-25T00:00:00.000Z,Price change,2022-10-17T00:00:00.000Z,Price change,2022-10-11T00:00:00.000Z,Price change,2022-09-20T00:00:00.000Z,Listed for rent,2022-07-14T00:00:00.000Z,Listing removed,2022-07-09T00:00:00.000Z,Listed for rent,2021-03-24T00:00:00.000Z,Listing removed,2018-11-08T00:00:00.000Z,Listing removed,2018-10-17T00:00:00.000Z,Price change,2018-10-04T00:00:00.000Z,Listed for rent,,,,,,,,,,,,,,,,,,,,,,
"21209 Jubilee Trl, Fairhope, AL 36532",21209 Jubilee Trl,Fairhope,AL,,forRent,3,2200,,2400,27,https://www.zillow.com/homedetails/21209-Jubilee-Trl-Fairhope-AL-36532/196123164_zpid/,,,2026-09-07T00:00:00.000Z,Listed for rent,2024-03-13T00:00:00.000Z,Listing removed,2024-02-21T00:00:00.000Z,Listed for rent,2023-03-23T00:00:00.000Z,Listing removed,2023-03-14T00:00:00.000Z,Listed for rent,2023-03-13T00:00:00.000Z,Listing removed,2023-02-20T00:00:00.000Z,Listed for rent,2021-09-03T00:00:00.000Z,Listing removed,2021-08-26T00:00:00.000Z,Listed for rent,,,,,,,,,,,,,,,,,,,,,,,,,,,,,,,,,,,,,,,,,,
"103 Rainer Cir, Daphne, AL 36526",103 Rainer Cir,Daphne,AL,,forRent,3,1283,,1650,9,https://www.zillow.com/homedetails/103-Rainer-Cir-Daphne-AL-36526/72735416_zpid/,,92500,2026-09-25T00:00:00.000Z,Listed for rent,2020-11-12T00:00:00.000Z,Listing removed,2020-11-05T00:00:00.000Z,Price change,2020-10-31T00:00:00.000Z,Listed for rent,2020-01-24T00:00:00.000Z,Listing removed,2020-01-18T00:00:00.000Z,Listed for rent,2017-06-14T00:00:00.000Z,Listing removed,2017-05-31T00:00:00.000Z,Listed for rent,2015-06-30T00:00:00.000Z,Listing removed,2015-05-29T00:00:00.000Z,Sold,2015-05-12T00:00:00.000Z,Listed for rent,2014-04-08T00:00:00.000Z,Listing removed,2014-02-07T00:00:00.000Z,Listed for rent,2013-06-27T00:00:00.000Z,Listing removed,2013-06-05T00:00:00.000Z,Price change,2013-06-04T00:00:00.000Z,Listed for rent,2011-09-30T00:00:00.000Z,Listing removed,2011-07-15T00:00:00.000Z,Listed for rent,,,,,,,,,,,,,,,,,,,,,,,,
"303 Creek Dr, Fairhope, AL 36532",303 Creek Dr,Fairhope,AL,,forRent,3,2594,,3900,96,https://www.zillow.com/homedetails/303-Creek-Dr-Fairhope-AL-36532/72744076_zpid/,,475000,2026-09-21T00:00:00.000Z,Price change,2026-06-30T00:00:00.000Z,Listed for rent,2025-11-05T00:00:00.000Z,Listing removed,2025-10-20T00:00:00.000Z,Price change,2025-10-13T00:00:00.000Z,Listed for rent,2020-03-16T00:00:00.000Z,Sold,,,,,,,,,,,,,,,,,,,,,,,,,,,,,,,,,,,,,,,,,,,,,,,,
"22724 Sibley Cir, Fairhope, AL 36532",22724 Sibley Cir,Fairhope,AL,,forRent,4,3017,,3200,16,https://www.zillow.com/homedetails/22724-Sibley-Cir-Fairhope-AL-36532/72743915_zpid/,,329000,2026-08-18T00:00:00.000Z,Listed for rent,2025-01-10T00:00:00.000Z,Listing removed,2024-12-08T00:00:00.000Z,Listed for rent,2019-04-19T00:00:00.000Z,Sold,2018-10-09T00:00:00.000Z,Listed for sale,,,,,,,,,,,,,,,,,,,,,,,,,,,,,,,,,,,,,,,,,,,,,,,,,,
"24525 Alamitos Trace Dr, Daphne, AL 36526",24525 Alamitos Trace Dr,Daphne,AL,,forRent,4,2000,,2000,15,https://www.zillow.com/homedetails/24525-Alamitos-Trace-Dr-Daphne-AL-36526/2067096347_zpid/,,260000,2026-09-17T00:00:00.000Z,Listed for rent,2026-05-04T00:00:00.000Z,Listing removed,2026-02-06T00:00:00.000Z,Listed for rent,2025-09-23T00:00:00.000Z,Listing removed,2025-08-25T00:00:00.000Z,Price change,2025-08-19T00:00:00.000Z,Price change,2025-08-09T00:00:00.000Z,Listed for rent,2025-08-09T00:00:00.000Z,Listing removed,2025-06-10T00:00:00.000Z,Listed for rent,2024-05-02T00:00:00.000Z,Listing removed,2024-01-22T00:00:00.000Z,Listed for rent,2023-09-28T00:00:00.000Z,Listing removed,2023-09-20T00:00:00.000Z,Listed for rent,2023-09-01T00:00:00.000Z,Listing removed,2023-07-25T00:00:00.000Z,Listed for rent,2022-09-20T00:00:00.000Z,Listing removed,2022-08-15T00:00:00.000Z,Price change,2022-08-11T00:00:00.000Z,Sold,2022-08-11T00:00:00.000Z,Price change,2022-08-09T00:00:00.000Z,Price change,2022-07-29T00:00:00.000Z,Price change,2022-07-21T00:00:00.000Z,Pending sale,2022-06-30T00:00:00.000Z,Listed for rent,2022-05-31T00:00:00.000Z,Listing removed,2022-05-26T00:00:00.000Z,Listed for sale,2022-04-01T00:00:00.000Z,Sold,,,,,,,,
"25855 Argonne Dr, Daphne, AL 36526",25855 Argonne Dr,Daphne,AL,,forRent,3,1505,,1750,55,https://www.zillow.com/homedetails/25855-Argonne-Dr-Daphne-AL-36526/72739056_zpid/,,152450,2026-10-03T00:00:00.000Z,Price change,2026-08-20T00:00:00.000Z,Price change,2026-08-10T00:00:00.000Z,Listed for rent,2025-09-10T00:00:00.000Z,Listing removed,2025-08-27T00:00:00.000Z,Price change,2025-05-11T00:00:00.000Z,Listed for rent,2018-08-17T00:00:00.000Z,Listing removed,2018-07-24T00:00:00.000Z,Listed for rent,2018-01-25T00:00:00.000Z,Listing removed,2017-09-13T00:00:00.000Z,Listed for rent,2017-09-12T00:00:00.000Z,Sold,2017-07-19T00:00:00.000Z,Listed for sale,2011-06-18T00:00:00.000Z,Listing removed,2011-04-16T00:00:00.000Z,Listed for rent,2008-08-04T00:00:00.000Z,Sold,2008-05-17T00:00:00.000Z,Listed for sale,,,,,,,,,,,,,,,,,,,,,,,,,,,,
"32511 Waterview Dr E, Loxley, AL 36551",32511 Waterview Dr E,Loxley,AL,,forRent,3,2063,,3500,206,https://www.zillow.com/homedetails/32511-Waterview-Dr-E-Loxley-AL-36551/2060512009_zpid/,,,2026-09-24T00:00:00.000Z,Price change,2026-07-21T00:00:00.000Z,Price change,2026-03-12T00:00:00.000Z,Listed for rent,2022-12-05T00:00:00.000Z,Listed for rent,,,,,,,,,,,,,,,,,,,,,,,,,,,,,,,,,,,,,,,,,,,,,,,,,,,,
"22 Cavalry Charge, Spanish Fort, AL 36527",22 Cavalry Charge,Spanish Fort,AL,,forRent,4,1980,,1750,13,https://www.zillow.com/homedetails/22-Cavalry-Charge-Spanish-Fort-AL-36527/72726166_zpid/,,81481,2026-09-22T00:00:00.000Z,Listed for rent,2026-05-18T00:00:00.000Z,Listing removed,2026-05-08T00:00:00.000Z,Listed for rent,2024-10-26T00:00:00.000Z,Listing removed,2024-10-18T00:00:00.000Z,Listed for rent,2024-09-18T00:00:00.000Z,Listing removed,2024-09-16T00:00:00.000Z,Listed for rent,2020-03-26T00:00:00.000Z,Listing removed,2020-03-20T00:00:00.000Z,Listed for rent,2020-02-28T00:00:00.000Z,Listing removed,2019-09-26T00:00:00.000Z,Listed for sale,2016-04-12T00:00:00.000Z,Listing removed,2016-03-25T00:00:00.000Z,Price change,2016-03-13T00:00:00.000Z,Price change,2016-01-13T00:00:00.000Z,Listed for sale,2015-12-16T00:00:00.000Z,Sold,2015-12-05T00:00:00.000Z,Listed for sale,2014-10-05T00:00:00.000Z,Listing removed,2014-07-20T00:00:00.000Z,Pending sale,2014-07-20T00:00:00.000Z,Listed for sale,2014-05-30T00:00:00.000Z,Listing removed,2014-04-30T00:00:00.000Z,Price change,2014-04-09T00:00:00.000Z,Listed for sale,2013-01-15T00:00:00.000Z,Listed for rent,2011-07-28T00:00:00.000Z,Listing removed,2011-06-29T00:00:00.000Z,Listed for rent,2010-08-26T00:00:00.000Z,Sold,,,,,,
"31543 Lyon Rd, Daphne, AL 36527",31543 Lyon Rd,Daphne,AL,,forRent,5,,,2450,57,https://www.zillow.com/homedetails/31543-Lyon-Rd-Daphne-AL-36527/456321716_zpid/,,354500,2026-09-25T00:00:00.000Z,Price change,2026-08-07T00:00:00.000Z,Listed for rent,2026-07-31T00:00:00.000Z,Sold,2026-03-10T00:00:00.000Z,Pending sale,2026-01-19T00:00:00.000Z,Price change,2025-12-12T00:00:00.000Z,Price change,2025-11-10T00:00:00.000Z,Price change,2025-09-23T00:00:00.000Z,Price change,2025-08-30T00:00:00.000Z,Listed for sale,,,,,,,,,,,,,,,,,,,,,,,,,,,,,,,,,,,,,,,,,,
"21570 Palmer Ct, Robertsdale, AL 36567",21570 Palmer Ct,Robertsdale,AL,,forRent,4,1863,,1950,33,https://www.zillow.com/homedetails/21570-Palmer-Ct-Robertsdale-AL-36567/84397394_zpid/,,135000,2026-09-01T00:00:00.000Z,Listed for rent,2025-09-20T00:00:00.000Z,Listing removed,2025-09-18T00:00:00.000Z,Listed for rent,2025-09-18T00:00:00.000Z,Listing removed,2025-09-17T00:00:00.000Z,Price change,2025-08-20T00:00:00.000Z,Price change,2025-08-07T00:00:00.000Z,Price change,2025-07-08T00:00:00.000Z,Listed for rent,2009-02-10T00:00:00.000Z,Sold,2008-09-29T00:00:00.000Z,Sold,,,,,,,,,,,,,,,,,,,,,,,,,,,,,,,,,,,,,,,,
"1718 Grouse St, Foley, AL 36535",1718 Grouse St,Foley,AL,,forRent,4,1815,,2200,19,https://www.zillow.com/homedetails/1718-Grouse-St-Foley-AL-36535/2061838431_zpid/,,317990,2026-09-15T00:00:00.000Z,Listed for rent,2026-09-08T00:00:00.000Z,Listing removed,2026-08-05T00:00:00.000Z,Listed for rent,2024-09-13T00:00:00.000Z,Listing removed,2024-07-10T00:00:00.000Z,Price change,2024-04-16T00:00:00.000Z,Listed for rent,2023-05-20T00:00:00.000Z,Listing removed,2023-04-26T00:00:00.000Z,Price change,2023-03-29T00:00:00.000Z,Listed for rent,2023-03-09T00:00:00.000Z,Sold,2023-01-20T00:00:00.000Z,Pending sale,2023-01-10T00:00:00.000Z,Price change,2023-01-04T00:00:00.000Z,Price change,2022-12-08T00:00:00.000Z,Price change,2022-11-21T00:00:00.000Z,Price change,2022-11-18T00:00:00.000Z,Price change,2022-10-14T00:00:00.000Z,Price change,2022-10-07T00:00:00.000Z,Price change,2022-08-20T00:00:00.000Z,Listed for sale,,,,,,,,,,,,,,,,,,,,,,
"12862 Churchill Dr #A, Spanish Fort, AL 36527",12862 Churchill Dr #A,Spanish Fort,AL,,forRent,3,1520,,1675,81,https://www.zillow.com/homedetails/12862-Churchill-Dr-A-Spanish-Fort-AL-36527/337781930_zpid/,,,2026-07-15T00:00:00.000Z,Listed for rent,2025-03-10T00:00:00.000Z,Listing removed,2025-02-04T00:00:00.000Z,Listed for rent,,,,,,,,,,,,,,,,,,,,,,,,,,,,,,,,,,,,,,,,,,,,,,,,,,,,,,
"806 E Verbena Ave, Foley, AL 36535",806 E Verbena Ave,Foley,AL,,forRent,5,,,2600,103,https://www.zillow.com/homedetails/806-E-Verbena-Ave-Foley-AL-36535/72755855_zpid/,,170000,2026-06-24T00:00:00.000Z,Listed for rent,2026-06-23T00:00:00.000Z,Listing removed,2026-06-02T00:00:00.000Z,Listed for rent,2026-05-01T00:00:00.000Z,Sold,2026-03-30T00:00:00.000Z,Pending sale,2026-03-23T00:00:00.000Z,Listed for sale,2021-04-19T00:00:00.000Z,Listing removed,2021-04-15T00:00:00.000Z,Listed for sale,2020-06-05T00:00:00.000Z,Listing removed,2020-01-09T00:00:00.000Z,Price change,2019-12-27T00:00:00.000Z,Price change,2019-12-11T00:00:00.000Z,Price change,2019-11-29T00:00:00.000Z,Price change,2019-11-14T00:00:00.000Z,Price change,2019-09-30T00:00:00.000Z,Listed for sale,2014-04-28T00:00:00.000Z,Listing removed,2014-04-05T00:00:00.000Z,Price change,2014-03-28T00:00:00.000Z,Sold,2014-03-27T00:00:00.000Z,Listed for rent,2014-01-29T00:00:00.000Z,Price change,2014-01-01T00:00:00.000Z,Price change,2013-11-29T00:00:00.000Z,Price change,2013-09-14T00:00:00.000Z,Price change,2013-08-10T00:00:00.000Z,Listed for sale,2013-06-25T00:00:00.000Z,Listing removed,2013-06-08T00:00:00.000Z,Listed for sale,2012-08-20T00:00:00.000Z,Sold,2008-05-16T00:00:00.000Z,Sold,,,,
"4965 Cher Ln, Gulf Shores, AL 36542",4965 Cher Ln,Gulf Shores,AL,,forRent,,,,,,https://www.zillow.com/b/4965-cher-ln-gulf-shores-al-CqxG4L/,,,,,,,,,,,,,,,,,,,,,,,,,,,,,,,,,,,,,,,,,,,,,,,,,,,,,,,,,,,,,,
"109 Gaston Ave, Fairhope, AL 36532",109 Gaston Ave,Fairhope,AL,,forRent,3,2482,,6000,0,https://www.zillow.com/homedetails/109-Gaston-Ave-Fairhope-AL-36532/120120886_zpid/,,690000,2026-09-01T00:00:00.000Z,Price change,2026-06-09T00:00:00.000Z,Listed for rent,2025-04-08T00:00:00.000Z,Listed for rent,2024-11-18T00:00:00.000Z,Listing removed,2024-11-05T00:00:00.000Z,Listed for rent,2024-10-26T00:00:00.000Z,Listing removed,2024-09-05T00:00:00.000Z,Listed for rent,2024-07-23T00:00:00.000Z,Listing removed,2024-02-17T00:00:00.000Z,Listed for rent,2019-10-11T00:00:00.000Z,Sold,2019-07-03T00:00:00.000Z,Price change,2019-05-25T00:00:00.000Z,Listed for sale,2013-03-22T00:00:00.000Z,Sold,,,,,,,,,,,,,,,,,,,,,,,,,,,,,,,,,,
"200 Parma Dr APT M4, Daphne, AL 36526",200 Parma Dr APT M4,Daphne,AL,,forRent,3,1378,,1500,26,https://www.zillow.com/homedetails/200-Parma-Dr-APT-M4-Daphne-AL-36526/2095280489_zpid/,,,2026-09-08T00:00:00.000Z,Listed for rent,2019-02-25T00:00:00.000Z,Listing removed,2018-12-19T00:00:00.000Z,Listed for rent,2017-03-03T00:00:00.000Z,Listing removed,2017-02-15T00:00:00.000Z,Listed for rent,,,,,,,,,,,,,,,,,,,,,,,,,,,,,,,,,,,,,,,,,,,,,,,,,,
"967 Summerton Dr, Foley, AL 36535",967 Summerton Dr,Foley,AL,,forRent,3,1381,,1900,0,https://www.zillow.com/homedetails/967-Summerton-Dr-Foley-AL-36535/247862912_zpid/,,227000,2026-08-10T00:00:00.000Z,Price change,2026-08-07T00:00:00.000Z,Listed for rent,2022-04-29T00:00:00.000Z,Sold,2022-03-26T00:00:00.000Z,Pending sale,2022-03-24T00:00:00.000Z,Listed for sale,2021-12-08T00:00:00.000Z,Listing removed,2021-12-06T00:00:00.000Z,Listed for sale,2016-02-16T00:00:00.000Z,Sold,,,,,,,,,,,,,,,,,,,,,,,,,,,,,,,,,,,,,,,,,,,,
"8116 Carmel Cir, Foley, AL 36535",8116 Carmel Cir,Foley,AL,,forRent,4,2082,,2650,16,https://www.zillow.com/homedetails/8116-Carmel-Cir-Foley-AL-36535/455929041_zpid/,,40000,2026-09-22T00:00:00.000Z,Listing removed,2026-09-19T00:00:00.000Z,Listed for rent,2026-08-04T00:00:00.000Z,Listed for sale,2026-07-25T00:00:00.000Z,Listing removed,2026-06-24T00:00:00.000Z,Price change,2026-06-01T00:00:00.000Z,Listed for sale,2026-05-28T00:00:00.000Z,Contingent,2026-03-09T00:00:00.000Z,Price change,2026-02-13T00:00:00.000Z,Price change,2025-08-13T00:00:00.000Z,Listed for sale,2019-06-14T00:00:00.000Z,Sold,2018-11-05T00:00:00.000Z,Sold,2015-07-13T00:00:00.000Z,Sold,,,,,,,,,,,,,,,,,,,,,,,,,,,,,,,,,,
"3216 Bellingrath Dr, Foley, AL 36535",3216 Bellingrath Dr,Foley,AL,,forRent,3,2000,,1850,86,https://www.zillow.com/homedetails/3216-Bellingrath-Dr-Foley-AL-36535/84399619_zpid/,,,2026-07-10T00:00:00.000Z,Listed for rent,2016-03-02T00:00:00.000Z,Listing removed,2016-02-08T00:00:00.000Z,Listed for rent,,,,,,,,,,,,,,,,,,,,,,,,,,,,,,,,,,,,,,,,,,,,,,,,,,,,,,
"204 W 8th St, Gulf Shores, AL 36542",204 W 8th St,Gulf Shores,AL,,forRent,3,1536,,4950,37,https://www.zillow.com/homedetails/204-W-8th-St-Gulf-Shores-AL-36542/72778587_zpid/,,762000,2026-09-05T00:00:00.000Z,Listed for rent,2025-04-11T00:00:00.000Z,Sold,2025-03-13T00:00:00.000Z,Pending sale,2025-03-05T00:00:00.000Z,Listed for sale,2025-02-05T00:00:00.000Z,Pending sale,2024-09-30T00:00:00.000Z,Price change,2024-07-23T00:00:00.000Z,Price change,2024-06-21T00:00:00.000Z,Listed for sale,,,,,,,,,,,,,,,,,,,,,,,,,,,,,,,,,,,,,,,,,,,,
"118 Sara Ave E, Spanish Fort, AL 36527",118 Sara Ave E,Spanish Fort,AL,,forRent,3,1604,,1750,104,https://www.zillow.com/homedetails/118-Sara-Ave-E-Spanish-Fort-AL-36527/90622911_zpid/,,189900,2026-09-01T00:00:00.000Z,Price change,2026-06-22T00:00:00.000Z,Listed for rent,2025-10-20T00:00:00.000Z,Listing removed,2025-10-08T00:00:00.000Z,Price change,2025-09-27T00:00:00.000Z,Price change,2025-08-26T00:00:00.000Z,Listed for sale,2025-08-23T00:00:00.000Z,Pending sale,2025-07-30T00:00:00.000Z,Price change,2025-07-09T00:00:00.000Z,Listed for sale,2020-05-08T00:00:00.000Z,Sold,2020-03-11T00:00:00.000Z,Listed for sale,2016-05-26T00:00:00.000Z,Sold,2016-03-31T00:00:00.000Z,Listed for sale,2015-10-30T00:00:00.000Z,Sold,2015-08-28T00:00:00.000Z,Listed for sale,2014-05-27T00:00:00.000Z,Sold,2014-03-20T00:00:00.000Z,Sold,,,,,,,,,,,,,,,,,,,,,,,,,,
"22895 Monroe St, Robertsdale, AL 36567",22895 Monroe St,Robertsdale,AL,,forRent,3,1320,,1650,18,https://www.zillow.com/homedetails/22895-Monroe-St-Robertsdale-AL-36567/84397331_zpid/,,170000,2026-09-17T00:00:00.000Z,Price change,2026-09-16T00:00:00.000Z,Listed for rent,2026-01-27T00:00:00.000Z,Sold,2026-01-14T00:00:00.000Z,Pending sale,2025-12-18T00:00:00.000Z,Price change,2025-11-18T00:00:00.000Z,Listed for sale,2018-07-26T00:00:00.000Z,Sold,2018-06-18T00:00:00.000Z,Listed for sale,2016-07-22T00:00:00.000Z,Sold,2016-04-25T00:00:00.000Z,Listed for sale,2016-01-27T00:00:00.000Z,Sold,,,,,,,,,,,,,,,,,,,,,,,,,,,,,,,,,,,,,,
"411 Barclay Ave, Fairhope, AL 36532",411 Barclay Ave,Fairhope,AL,,forRent,4,1512,,1750,33,https://www.zillow.com/homedetails/411-Barclay-Ave-Fairhope-AL-36532/72742648_zpid/,,,2026-09-10T00:00:00.000Z,Price change,2026-08-16T00:00:00.000Z,Price change,2026-07-24T00:00:00.000Z,Listed for rent,2026-05-26T00:00:00.000Z,Listing removed,2026-05-01T00:00:00.000Z,Listed for rent,,,,,,,,,,,,,,,,,,,,,,,,,,,,,,,,,,,,,,,,,,,,,,,,,,
"425 Jan Dr, Fairhope, AL 36532",425 Jan Dr,Fairhope,AL,,forRent,3,1750,,2600,11,https://www.zillow.com/homedetails/425-Jan-Dr-Fairhope-AL-36532/72742955_zpid/,,265000,2026-09-23T00:00:00.000Z,Listed for rent,2026-04-05T00:00:00.000Z,Listing removed,2026-03-03T00:00:00.000Z,Listed for rent,2025-07-22T00:00:00.000Z,Listing removed,2025-07-01T00:00:00.000Z,Listed for rent,2025-03-03T00:00:00.000Z,Listing removed,2025-02-04T00:00:00.000Z,Listed for rent,2024-09-06T00:00:00.000Z,Listing removed,2024-08-20T00:00:00.000Z,Listed for rent,2024-07-08T00:00:00.000Z,Listing removed,2024-06-15T00:00:00.000Z,Listed for rent,2024-02-06T00:00:00.000Z,Listing removed,2024-01-14T00:00:00.000Z,Listed for rent,2023-10-25T00:00:00.000Z,Listing removed,2023-10-16T00:00:00.000Z,Price change,2023-10-05T00:00:00.000Z,Listed for rent,2023-03-03T00:00:00.000Z,Listing removed,2023-02-15T00:00:00.000Z,Listed for rent,2022-05-16T00:00:00.000Z,Listing removed,2022-04-26T00:00:00.000Z,Listed for rent,2022-02-17T00:00:00.000Z,Listing removed,2022-02-08T00:00:00.000Z,Listed for rent,2021-06-21T00:00:00.000Z,Listing removed,2021-06-16T00:00:00.000Z,Listed for rent,2021-05-15T00:00:00.000Z,Listing removed,2020-07-07T00:00:00.000Z,Sold,,,,,,,,
"341 Cotton Bay Ln, Gulf Shores, AL 36542",341 Cotton Bay Ln,Gulf Shores,AL,,forRent,3,1560,,2195,39,https://www.zillow.com/homedetails/341-Cotton-Bay-Ln-Gulf-Shores-AL-36542/196081591_zpid/,,,2026-08-27T00:00:00.000Z,Listed for rent,2026-07-09T00:00:00.000Z,Listing removed,2026-02-21T00:00:00.000Z,Price change,2026-01-07T00:00:00.000Z,Listed for rent,2025-09-03T00:00:00.000Z,Listing removed,2025-07-05T00:00:00.000Z,Listed for rent,2025-06-14T00:00:00.000Z,Listing removed,2025-02-26T00:00:00.000Z,Listed for rent,2025-02-17T00:00:00.000Z,Listing removed,2024-12-03T00:00:00.000Z,Listed for rent,2024-11-06T00:00:00.000Z,Listing removed,2024-10-30T00:00:00.000Z,Price change,2024-10-15T00:00:00.000Z,Price change,2024-07-29T00:00:00.000Z,Listed for rent,2024-03-11T00:00:00.000Z,Listing removed,2023-10-21T00:00:00.000Z,Price change,2023-09-18T00:00:00.000Z,Price change,2023-06-02T00:00:00.000Z,Listed for rent,2022-01-21T00:00:00.000Z,Listing removed,2021-12-22T00:00:00.000Z,Listed for rent,,,,,,,,,,,,,,,,,,,,
"9591 Redfish Dr, Elberta, AL 36530",9591 Redfish Dr,Elberta,AL,,forRent,3,1500,,1500,10,https://www.zillow.com/homedetails/9591-Redfish-Dr-Elberta-AL-36530/72764909_zpid/,,50000,2026-09-24T00:00:00.000Z,Listed for rent,2025-09-20T00:00:00.000Z,Listing removed,2025-08-28T00:00:00.000Z,Price change,2025-07-23T00:00:00.000Z,Listed for rent,2025-03-18T00:00:00.000Z,Listing removed,2025-03-03T00:00:00.000Z,Listed for rent,2019-11-19T00:00:00.000Z,Sold,2019-11-04T00:00:00.000Z,Listed for sale,2009-04-18T00:00:00.000Z,Listing removed,2009-02-12T00:00:00.000Z,Price change,2009-01-24T00:00:00.000Z,Price change,2008-11-06T00:00:00.000Z,Listed for sale,,,,,,,,,,,,,,,,,,,,,,,,,,,,,,,,,,,,
"1517 Regency Rd Unit 135, Gulf Shores, AL 36542",1517 Regency Rd Unit 135,Gulf Shores,AL,,forRent,3,1424,,2000,159,https://www.zillow.com/homedetails/1517-Regency-Rd-UNIT-135-Gulf-Shores-AL-36542/90629760_zpid/,,109900,2026-05-12T00:00:00.000Z,Listing removed,2026-04-29T00:00:00.000Z,Listed for rent,2025-10-30T00:00:00.000Z,Price change,2025-09-11T00:00:00.000Z,Listed for sale,2016-02-08T00:00:00.000Z,Sold,,,,,,,,,,,,,,,,,,,,,,,,,,,,,,,,,,,,,,,,,,,,,,,,,,
"8860 Turf Creek Dr, Foley, AL 36535",8860 Turf Creek Dr,Foley,AL,,forRent,3,1509,,2200,30,https://www.zillow.com/homedetails/8860-Turf-Creek-Dr-Foley-AL-36535/196085044_zpid/,,230000,2026-09-05T00:00:00.000Z,Listed for rent,2025-11-06T00:00:00.000Z,Listing removed,2025-10-15T00:00:00.000Z,Price change,2025-07-31T00:00:00.000Z,Price change,2025-05-29T00:00:00.000Z,Listed for rent,2024-02-15T00:00:00.000Z,Listing removed,2024-01-25T00:00:00.000Z,Listed for rent,2021-09-20T00:00:00.000Z,Sold,2015-03-31T00:00:00.000Z,Sold,2014-03-10T00:00:00.000Z,Sold,,,,,,,,,,,,,,,,,,,,,,,,,,,,,,,,,,,,,,,,
"141 Summerfield Dr, Foley, AL 36535",141 Summerfield Dr,Foley,AL,,forRent,3,1319,,2075,13,https://www.zillow.com/homedetails/141-Summerfield-Dr-Foley-AL-36535/196045424_zpid/,,,2026-09-21T00:00:00.000Z,Listed for rent,2024-05-14T00:00:00.000Z,Listing removed,2024-05-02T00:00:00.000Z,Listed for rent,2022-04-21T00:00:00.000Z,Listing removed,2022-03-23T00:00:00.000Z,Listed for rent,2022-03-10T00:00:00.000Z,Listing removed,2022-02-24T00:00:00.000Z,Price change,2022-02-18T00:00:00.000Z,Listed for rent,2020-05-28T00:00:00.000Z,Listing removed,2020-04-13T00:00:00.000Z,Listed for rent,2019-09-14T00:00:00.000Z,Listing removed,2019-08-14T00:00:00.000Z,Listed for rent,2019-01-25T00:00:00.000Z,Listing removed,2018-12-28T00:00:00.000Z,Listed for rent,,,,,,,,,,,,,,,,,,,,,,,,,,,,,,,,
"2651 S Juniper St #1603, Foley, AL 36535",2651 S Juniper St #1603,Foley,AL,,forRent,3,1335,,2200,138,https://www.zillow.com/homedetails/2651-S-Juniper-St-1603-Foley-AL-36535/2141205994_zpid/,,73000,2026-02-24T00:00:00.000Z,Price change,2026-02-19T00:00:00.000Z,Listed for rent,2026-02-11T00:00:00.000Z,Listing removed,2026-01-13T00:00:00.000Z,Listed for rent,2025-12-23T00:00:00.000Z,Listing removed,2025-10-31T00:00:00.000Z,Listed for rent,2018-02-26T00:00:00.000Z,Listing removed,2018-01-22T00:00:00.000Z,Listed for sale,2011-04-16T00:00:00.000Z,Listing removed,2010-12-17T00:00:00.000Z,Sold,2010-09-18T00:00:00.000Z,Listed for sale,2010-07-30T00:00:00.000Z,Listing removed,2010-03-20T00:00:00.000Z,Listed for sale,2009-03-20T00:00:00.000Z,Price change,2008-12-22T00:00:00.000Z,Price change,2008-10-25T00:00:00.000Z,Listed for sale,,,,,,,,,,,,,,,,,,,,,,,,,,,,
"2364 Callaway Rd, Gulf Shores, AL 36542",2364 Callaway Rd,Gulf Shores,AL,,forRent,3,1600,,1950,5,https://www.zillow.com/homedetails/2364-Callaway-Rd-Gulf-Shores-AL-36542/72784064_zpid/,,41000,2026-09-29T00:00:00.000Z,Price change,2026-08-13T00:00:00.000Z,Listed for rent,2022-06-01T00:00:00.000Z,Listing removed,2022-05-14T00:00:00.000Z,Listed for rent,2021-02-27T00:00:00.000Z,Listing removed,2020-11-26T00:00:00.000Z,Listing removed,2020-09-09T00:00:00.000Z,Listed for rent,2019-04-17T00:00:00.000Z,Listing removed,2019-02-12T00:00:00.000Z,Listed for rent,2019-02-01T00:00:00.000Z,Sold,2018-12-11T00:00:00.000Z,Listed for sale,2017-12-04T00:00:00.000Z,Sold,,,,,,,,,,,,,,,,,,,,,,,,,,,,,,,,,,,,
"7453 Avery Ln, Daphne, AL 36526",7453 Avery Ln,Daphne,AL,,forRent,3,1346,,1700,3,https://www.zillow.com/homedetails/7453-Avery-Ln-Daphne-AL-36526/72737589_zpid/,,133500,2026-10-01T00:00:00.000Z,Price change,2026-08-19T00:00:00.000Z,Listed for rent,2024-09-13T00:00:00.000Z,Listing removed,2024-09-10T00:00:00.000Z,Price change,2024-08-28T00:00:00.000Z,Listed for rent,2024-08-16T00:00:00.000Z,Listing removed,2024-07-26T00:00:00.000Z,Listed for rent,2023-02-02T00:00:00.000Z,Listing removed,2023-01-11T00:00:00.000Z,Listed for rent,2016-12-28T00:00:00.000Z,Sold,,,,,,,,,,,,,,,,,,,,,,,,,,,,,,,,,,,,,,,,
"503 Armstrong Ave, Bay Minette, AL 36507",503 Armstrong Ave,Bay Minette,AL,,forRent,3,1316,,1450,20,https://www.zillow.com/homedetails/503-Armstrong-Ave-Bay-Minette-AL-36507/90622156_zpid/,,200000,2026-09-14T00:00:00.000Z,Listed for rent,2026-09-01T00:00:00.000Z,Listing removed,2026-07-20T00:00:00.000Z,Listed for rent,2023-11-09T00:00:00.000Z,Listing removed,2023-10-02T00:00:00.000Z,Sold,2023-10-02T00:00:00.000Z,Price change,2023-09-25T00:00:00.000Z,Price change,2023-09-11T00:00:00.000Z,Price change,2023-07-20T00:00:00.000Z,Price change,2023-07-12T00:00:00.000Z,Price change,2023-05-24T00:00:00.000Z,Listed for rent,2022-11-04T00:00:00.000Z,Listing removed,2022-10-22T00:00:00.000Z,Listed for rent,2022-03-25T00:00:00.000Z,Sold,2022-02-16T00:00:00.000Z,Pending sale,2022-02-15T00:00:00.000Z,Listed for sale,,,,,,,,,,,,,,,,,,,,,,,,,,,,
"21250 Teluga Ave, Fairhope, AL 36532",21250 Teluga Ave,Fairhope,AL,,forRent,4,1835,,2400,3,https://www.zillow.com/homedetails/21250-Teluga-Ave-Fairhope-AL-36532/460872143_zpid/,,,2026-10-01T00:00:00.000Z,Listed for rent,2026-09-26T00:00:00.000Z,Listing removed,2026-08-22T00:00:00.000Z,Price change,2026-04-20T00:00:00.000Z,Pending sale,2026-03-11T00:00:00.000Z,Price change,2026-03-05T00:00:00.000Z,Listed for sale,,,,,,,,,,,,,,,,,,,,,,,,,,,,,,,,,,,,,,,,,,,,,,,,
"507 Sherwood Ln, Daphne, AL 36526",507 Sherwood Ln,Daphne,AL,,forRent,4,2695,,3400,102,https://www.zillow.com/homedetails/507-Sherwood-Ln-Daphne-AL-36526/72738242_zpid/,,252500,2026-06-25T00:00:00.000Z,Listed for rent,2020-04-15T00:00:00.000Z,Listing removed,2020-04-05T00:00:00.000Z,Price change,2020-03-25T00:00:00.000Z,Listed for rent,2017-07-10T00:00:00.000Z,Sold,2017-05-30T00:00:00.000Z,Price change,2017-05-11T00:00:00.000Z,Price change,2017-04-03T00:00:00.000Z,Price change,2017-03-22T00:00:00.000Z,Listed for sale,,,,,,,,,,,,,,,,,,,,,,,,,,,,,,,,,,,,,,,,,,
"64 Steele Ln, Loxley, AL 36551",64 Steele Ln,Loxley,AL,,forRent,3,1250,,1800,15,https://www.zillow.com/homedetails/64-Steele-Ln-Loxley-AL-36551/72732437_zpid/,,80000,2026-09-19T00:00:00.000Z,Listed for rent,2022-06-30T00:00:00.000Z,Sold,2018-08-29T00:00:00.000Z,Sold,2018-05-23T00:00:00.000Z,Listed for sale,2018-02-06T00:00:00.000Z,Sold,2008-02-29T00:00:00.000Z,Sold,,,,,,,,,,,,,,,,,,,,,,,,,,,,,,,,,,,,,,,,,,,,,,,,
"31518 Lyon Rd #Qzp3fy, Qzp3fy Spanish Fort, AL 36527",31518 Lyon Rd #Qzp3fy,Qzp3fy Spanish Fort,AL,,forRent,4,1787,,2650,2,https://www.zillow.com/homedetails/31518-Lyon-Rd-QZP3FY-Qzp3fy-Spanish-Fort-AL-36527/455636409_zpid/,,339900,2026-10-02T00:00:00.000Z,Listed for rent,2026-09-23T00:00:00.000Z,Sold,2026-09-03T00:00:00.000Z,Pending sale,2026-08-20T00:00:00.000Z,Listed for sale,,,,,,,,,,,,,,,,,,,,,,,,,,,,,,,,,,,,,,,,,,,,,,,,,,,,
"516 E 21st Ave, Gulf Shores, AL 36542",516 E 21st Ave,Gulf Shores,AL,,forRent,3,1252,,2300,2,https://www.zillow.com/homedetails/516-E-21st-Ave-Gulf-Shores-AL-36542/111210924_zpid/,,280000,2026-10-02T00:00:00.000Z,Listed for rent,2024-04-01T00:00:00.000Z,Listing removed,2024-02-12T00:00:00.000Z,Listed for rent,2024-02-09T00:00:00.000Z,Listing removed,2024-01-25T00:00:00.000Z,Price change,2023-11-08T00:00:00.000Z,Listed for rent,2023-10-30T00:00:00.000Z,Listing removed,2023-10-09T00:00:00.000Z,Listed for rent,2023-02-14T00:00:00.000Z,Listing removed,2023-01-19T00:00:00.000Z,Listed for rent,2022-09-30T00:00:00.000Z,Sold,2022-09-02T00:00:00.000Z,Pending sale,2022-08-31T00:00:00.000Z,Listed for sale,2013-03-20T00:00:00.000Z,Sold,,,,,,,,,,,,,,,,,,,,,,,,,,,,,,,,
"19099 Pagoda Ln, Summerdale, AL 36580",19099 Pagoda Ln,Summerdale,AL,,forRent,4,1504,,2000,3,https://www.zillow.com/homedetails/19099-Pagoda-Ln-Summerdale-AL-36580/465735294_zpid/,,,2026-10-01T00:00:00.000Z,Listed for rent,,,,,,,,,,,,,,,,,,,,,,,,,,,,,,,,,,,,,,,,,,,,,,,,,,,,,,,,,,
"20018 Clover Field Ln, Summerdale, AL 36580",20018 Clover Field Ln,Summerdale,AL,,forRent,4,1732,,1995,31,https://www.zillow.com/homedetails/20018-Clover-Field-Ln-Summerdale-AL-36580/465041468_zpid/,,,2026-09-04T00:00:00.000Z,Listed for rent,,,,,,,,,,,,,,,,,,,,,,,,,,,,,,,,,,,,,,,,,,,,,,,,,,,,,,,,,,
"31436 Memphis Loop, Spanish Fort, AL 36527",31436 Memphis Loop,Spanish Fort,AL,,other,4,1948,,379300,1405,https://www.zillow.com/homedetails/31436-Memphis-Loop-Spanish-Fort-AL-36527/2067469020_zpid/,,359800,2026-09-14T00:00:00.000Z,Listing removed,2026-09-13T00:00:00.000Z,Listed for rent,2026-09-12T00:00:00.000Z,Listing removed,2026-08-28T00:00:00.000Z,Price change,2026-08-04T00:00:00.000Z,Listed for rent,2025-07-31T00:00:00.000Z,Listing removed,2025-07-23T00:00:00.000Z,Listing removed,2025-07-18T00:00:00.000Z,Listed for rent,2025-07-16T00:00:00.000Z,Price change,2025-07-08T00:00:00.000Z,Price change,2025-06-19T00:00:00.000Z,Price change,2025-05-22T00:00:00.000Z,Listed for sale,2023-04-18T00:00:00.000Z,Listing removed,2023-04-10T00:00:00.000Z,Price change,2023-03-31T00:00:00.000Z,Listed for rent,2022-11-30T00:00:00.000Z,Sold,2022-03-30T00:00:00.000Z,Sold,2022-01-17T00:00:00.000Z,Pending sale,2022-01-05T00:00:00.000Z,Price change,2021-11-23T00:00:00.000Z,Listed for sale,,,,,,,,,,,,,,,,,,,,
"31468 Memphis Loop, Spanish Fort, AL 36527",31468 Memphis Loop,Spanish Fort,AL,,forRent,4,1846,,2250,52,https://www.zillow.com/homedetails/31468-Memphis-Loop-Spanish-Fort-AL-36527/2068386238_zpid/,,317000,2026-08-26T00:00:00.000Z,Price change,2026-08-14T00:00:00.000Z,Listed for rent,2026-08-07T00:00:00.000Z,Sold,2026-07-01T00:00:00.000Z,Listing removed,2026-06-16T00:00:00.000Z,Listed for rent,2026-06-16T00:00:00.000Z,Price change,2026-05-12T00:00:00.000Z,Price change,2026-03-12T00:00:00.000Z,Listed for sale,2022-02-16T00:00:00.000Z,Sold,2021-12-21T00:00:00.000Z,Pending sale,2021-12-20T00:00:00.000Z,Listed for sale,2021-12-20T00:00:00.000Z,Pending sale,2021-12-14T00:00:00.000Z,Price change,2021-11-27T00:00:00.000Z,Price change,2021-09-25T00:00:00.000Z,Listed for sale,,,,,,,,,,,,,,,,,,,,,,,,,,,,,,
"16216 Tigris Dr, Fairhope, AL 36532",16216 Tigris Dr,Fairhope,AL,,forRent,4,1417,,3500,12,https://www.zillow.com/homedetails/16216-Tigris-Dr-Fairhope-AL-36532/457842169_zpid/,,,2026-09-23T00:00:00.000Z,Listed for rent,2026-09-23T00:00:00.000Z,Listing removed,2026-06-19T00:00:00.000Z,Price change,2026-06-04T00:00:00.000Z,Listing removed,2026-05-29T00:00:00.000Z,Listed for rent,2026-04-20T00:00:00.000Z,Pending sale,2026-03-11T00:00:00.000Z,Price change,2026-02-11T00:00:00.000Z,Price change,2026-01-18T00:00:00.000Z,Price change,2025-11-10T00:00:00.000Z,Price change,2025-10-30T00:00:00.000Z,Listed for sale,,,,,,,,,,,,,,,,,,,,,,,,,,,,,,,,,,,,,,
"19976 Clover Field Ln, Summerdale, AL 36580",19976 Clover Field Ln,Summerdale,AL,,forRent,3,1569,,1845,23,https://www.zillow.com/homedetails/19976-Clover-Field-Ln-Summerdale-AL-36580/465209719_zpid/,,,2026-09-11T00:00:00.000Z,Listed for rent,,,,,,,,,,,,,,,,,,,,,,,,,,,,,,,,,,,,,,,,,,,,,,,,,,,,,,,,,,
"1069 Hayward Loop, Foley, AL 36535",1069 Hayward Loop,Foley,AL,,sold,5,2012,,341771,188,https://www.zillow.com/homedetails/1069-Hayward-Loop-Foley-AL-36535/458206398_zpid/,,341771,2026-09-27T00:00:00.000Z,Listing removed,2026-08-26T00:00:00.000Z,Price change,2026-07-21T00:00:00.000Z,Price change,2026-07-18T00:00:00.000Z,Listed for rent,2026-03-31T00:00:00.000Z,Sold,2026-02-09T00:00:00.000Z,Pending sale,2026-01-19T00:00:00.000Z,Price change,2025-11-13T00:00:00.000Z,Listed for sale,,,,,,,,,,,,,,,,,,,,,,,,,,,,,,,,,,,,,,,,,,,,
"3216 Bellingrath Dr, Foley, AL 36535",3216 Bellingrath Dr,Foley,AL,,forRent,3,2000,,1850,86,https://www.zillow.com/homedetails/3216-Bellingrath-Dr-Foley-AL-36535/84399619_zpid/,,,2026-07-10T00:00:00.000Z,Listed for rent,2016-03-02T00:00:00.000Z,Listing removed,2016-02-08T00:00:00.000Z,Listed for rent,,,,,,,,,,,,,,,,,,,,,,,,,,,,,,,,,,,,,,,,,,,,,,,,,,,,,,
"14627 Dayton Cir, Foley, AL 36535",14627 Dayton Cir,Foley,AL,,other,4,1770,,297400,46,https://www.zillow.com/homedetails/14627-Dayton-Cir-Foley-AL-36535/401863597_zpid/,,,2026-10-05T00:00:00.000Z,Listing removed,2026-09-18T00:00:00.000Z,Price change,2026-08-19T00:00:00.000Z,Listed for rent,2026-06-10T00:00:00.000Z,Listing removed,2026-05-20T00:00:00.000Z,Listed for rent,2025-10-13T00:00:00.000Z,Listing removed,2025-09-02T00:00:00.000Z,Listed for rent,2025-08-19T00:00:00.000Z,Listing removed,2025-07-31T00:00:00.000Z,Listed for rent,2024-11-25T00:00:00.000Z,Listing removed,2024-11-17T00:00:00.000Z,Listed for rent,2024-11-08T00:00:00.000Z,Listing removed,2024-10-26T00:00:00.000Z,Listed for rent,2024-10-19T00:00:00.000Z,Listing removed,2024-10-04T00:00:00.000Z,Listed for rent,2024-09-28T00:00:00.000Z,Listing removed,2024-09-26T00:00:00.000Z,Listed for sale,2024-09-22T00:00:00.000Z,Listing removed,2024-09-18T00:00:00.000Z,Price change,2024-09-01T00:00:00.000Z,Pending sale,2024-08-12T00:00:00.000Z,Price change,2024-07-20T00:00:00.000Z,Listed for sale,,,,,,,,,,,,,,,,
"4246 Lost Bay Dr #Id1541220p, Orange Beach, AL 36561",4246 Lost Bay Dr #Id1541220p,Orange Beach,AL,,forRent,6,3595,,4358,65,https://www.zillow.com/homedetails/4246-Lost-Bay-Dr-ID1541220P-Orange-Beach-AL-36561/462641711_zpid/,,,2026-10-05T00:00:00.000Z,Price change,2026-10-04T00:00:00.000Z,Price change,2026-10-02T00:00:00.000Z,Price change,2026-09-30T00:00:00.000Z,Price change,2026-09-28T00:00:00.000Z,Price change,2026-09-26T00:00:00.000Z,Price change,2026-09-24T00:00:00.000Z,Price change,2026-09-22T00:00:00.000Z,Price change,2026-09-21T00:00:00.000Z,Price change,2026-09-19T00:00:00.000Z,Price change,2026-09-17T00:00:00.000Z,Price change,2026-09-16T00:00:00.000Z,Price change,2026-09-14T00:00:00.000Z,Price change,2026-09-13T00:00:00.000Z,Price change,2026-09-12T00:00:00.000Z,Price change,2026-09-10T00:00:00.000Z,Price change,2026-09-08T00:00:00.000Z,Price change,2026-09-06T00:00:00.000Z,Price change,2026-09-04T00:00:00.000Z,Price change,2026-09-02T00:00:00.000Z,Price change,2026-09-01T00:00:00.000Z,Price change,2026-08-29T00:00:00.000Z,Price change,2026-08-28T00:00:00.000Z,Price change,2026-08-26T00:00:00.000Z,Price change,2026-08-25T00:00:00.000Z,Listed for rent,,,,,,,,,,
"4246 Lost Bay Dr #Id1541221p, Orange Beach, AL 36561",4246 Lost Bay Dr #Id1541221p,Orange Beach,AL,,forRent,3,1797,,2470,65,https://www.zillow.com/homedetails/4246-Lost-Bay-Dr-ID1541221P-Orange-Beach-AL-36561/462641758_zpid/,,,2026-10-05T00:00:00.000Z,Price change,2026-10-04T00:00:00.000Z,Price change,2026-10-02T00:00:00.000Z,Price change,2026-09-30T00:00:00.000Z,Price change,2026-09-28T00:00:00.000Z,Price change,2026-09-26T00:00:00.000Z,Price change,2026-09-24T00:00:00.000Z,Price change,2026-09-23T00:00:00.000Z,Price change,2026-09-21T00:00:00.000Z,Price change,2026-09-19T00:00:00.000Z,Price change,2026-09-17T00:00:00.000Z,Price change,2026-09-15T00:00:00.000Z,Price change,2026-09-13T00:00:00.000Z,Price change,2026-09-12T00:00:00.000Z,Price change,2026-09-10T00:00:00.000Z,Price change,2026-09-08T00:00:00.000Z,Price change,2026-09-06T00:00:00.000Z,Price change,2026-09-04T00:00:00.000Z,Price change,2026-09-02T00:00:00.000Z,Price change,2026-09-01T00:00:00.000Z,Price change,2026-08-30T00:00:00.000Z,Price change,2026-08-28T00:00:00.000Z,Price change,2026-08-26T00:00:00.000Z,Price change,2026-08-25T00:00:00.000Z,Price change,2026-08-24T00:00:00.000Z,Listed for rent,,,,,,,,,,
"4242 Lost Bay Dr #4242, Orange Beach, AL 36561",4242 Lost Bay Dr #4242,Orange Beach,AL,,forRent,3,1437,,3250,21,https://www.zillow.com/homedetails/4242-Lost-Bay-Dr-4242-Orange-Beach-AL-36561/464334412_zpid/,,,2026-09-14T00:00:00.000Z,Listed for rent,2026-09-05T00:00:00.000Z,Listing removed,2026-08-04T00:00:00.000Z,Listed for rent,,,,,,,,,,,,,,,,,,,,,,,,,,,,,,,,,,,,,,,,,,,,,,,,,,,,,,
"4148 Lost Bay Dr #1, Orange Beach, AL 36561",4148 Lost Bay Dr #1,Orange Beach,AL,,forRent,3,1437,,2250,87,https://www.zillow.com/homedetails/4148-Lost-Bay-Dr-1-Orange-Beach-AL-36561/463764832_zpid/,,,2026-07-09T00:00:00.000Z,Listed for rent,,,,,,,,,,,,,,,,,,,,,,,,,,,,,,,,,,,,,,,,,,,,,,,,,,,,,,,,,,
"4144 Lost Bay Dr, Orange Beach, AL 36561",4144 Lost Bay Dr,Orange Beach,AL,,other,,,,474300,,https://www.zillow.com/homedetails/4144-Lost-Bay-Dr-Orange-Beach-AL-36561/461657857_zpid/,,,2026-10-01T00:00:00.000Z,Listing removed,2026-07-14T00:00:00.000Z,Price change,2026-04-11T00:00:00.000Z,Listed for rent,,,,,,,,,,,,,,,,,,,,,,,,,,,,,,,,,,,,,,,,,,,,,,,,,,,,,,
"4246 Lost Bay Dr #Id1541223p, Orange Beach, AL 36561",4246 Lost Bay Dr #Id1541223p,Orange Beach,AL,,forRent,3,1797,,2427,76,https://www.zillow.com/homedetails/4246-Lost-Bay-Dr-ID1541223P-Orange-Beach-AL-36561/462641751_zpid/,,,2026-10-05T00:00:00.000Z,Price change,2026-10-04T00:00:00.000Z,Price change,2026-10-02T00:00:00.000Z,Price change,2026-09-30T00:00:00.000Z,Price change,2026-09-28T00:00:00.000Z,Price change,2026-09-26T00:00:00.000Z,Price change,2026-09-24T00:00:00.000Z,Price change,2026-09-23T00:00:00.000Z,Price change,2026-09-21T00:00:00.000Z,Price change,2026-09-19T00:00:00.000Z,Price change,2026-09-17T00:00:00.000Z,Price change,2026-09-16T00:00:00.000Z,Price change,2026-09-15T00:00:00.000Z,Price change,2026-09-14T00:00:00.000Z,Price change,2026-09-12T00:00:00.000Z,Price change,2026-09-10T00:00:00.000Z,Price change,2026-09-08T00:00:00.000Z,Price change,2026-09-07T00:00:00.000Z,Price change,2026-09-05T00:00:00.000Z,Price change,2026-09-02T00:00:00.000Z,Price change,2026-08-30T00:00:00.000Z,Price change,2026-08-29T00:00:00.000Z,Price change,2026-08-28T00:00:00.000Z,Price change,2026-08-26T00:00:00.000Z,Price change,2026-08-25T00:00:00.000Z,Listed for rent,,,,,,,,,,
"13296 Shea Cir, Foley, AL 36535",13296 Shea Cir,Foley,AL,,forRent,4,1504,,1950,33,https://www.zillow.com/homedetails/13296-Shea-Cir-Foley-AL-36535/463444050_zpid/,,,2026-09-29T00:00:00.000Z,Listing removed,2026-09-25T00:00:00.000Z,Price change,2026-09-01T00:00:00.000Z,Listed for rent,2026-06-24T00:00:00.000Z,Listed for sale,,,,,,,,,,,,,,,,,,,,,,,,,,,,,,,,,,,,,,,,,,,,,,,,,,,,
"4306 Lost Bay Dr #1, Orange Beach, AL 36561",4306 Lost Bay Dr #1,Orange Beach,AL,,forRent,3,,,2300,16,https://www.zillow.com/homedetails/4306-Lost-Bay-Dr-1-Orange-Beach-AL-36561/459688316_zpid/,,,2026-09-24T00:00:00.000Z,Listed for rent,2026-09-21T00:00:00.000Z,Listing removed,2026-08-30T00:00:00.000Z,Listed for rent,2026-05-26T00:00:00.000Z,Listing removed,2026-03-02T00:00:00.000Z,Listed for rent,2026-03-02T00:00:00.000Z,Listing removed,2026-01-11T00:00:00.000Z,Listed for rent,,,,,,,,,,,,,,,,,,,,,,,,,,,,,,,,,,,,,,,,,,,,,,
"4302 Lost Bay Dr #1, Orange Beach, AL 36561",4302 Lost Bay Dr #1,Orange Beach,AL,,forRent,3,,,2300,35,https://www.zillow.com/homedetails/4302-Lost-Bay-Dr-1-Orange-Beach-AL-36561/464932718_zpid/,,,2026-08-30T00:00:00.000Z,Listed for rent,,,,,,,,,,,,,,,,,,,,,,,,,,,,,,,,,,,,,,,,,,,,,,,,,,,,,,,,,,
"4446 Lost Bay Dr, Orange Beach, AL 36561",4446 Lost Bay Dr,Orange Beach,AL,,forRent,3,1437,,2100,46,https://www.zillow.com/homedetails/4446-Lost-Bay-Dr-Orange-Beach-AL-36561/464686414_zpid/,,,2026-09-25T00:00:00.000Z,Price change,2026-09-03T00:00:00.000Z,Price change,2026-08-19T00:00:00.000Z,Listed for rent,,,,,,,,,,,,,,,,,,,,,,,,,,,,,,,,,,,,,,,,,,,,,,,,,,,,,,
"4310 Lost Bay Dr #4310, Orange Beach, AL 36561",4310 Lost Bay Dr #4310,Orange Beach,AL,,forRent,3,1437,,3250,21,https://www.zillow.com/homedetails/4310-Lost-Bay-Dr-4310-Orange-Beach-AL-36561/464334411_zpid/,,,2026-09-14T00:00:00.000Z,Listed for rent,2026-09-05T00:00:00.000Z,Listing removed,2026-08-04T00:00:00.000Z,Listed for rent,,,,,,,,,,,,,,,,,,,,,,,,,,,,,,,,,,,,,,,,,,,,,,,,,,,,,,
"4442 Lost Bay Dr, Orange Beach, AL 36561",4442 Lost Bay Dr,Orange Beach,AL,,forRent,3,1437,,2200,46,https://www.zillow.com/homedetails/4442-Lost-Bay-Dr-Orange-Beach-AL-36561/464685668_zpid/,,,2026-09-03T00:00:00.000Z,Price change,2026-08-19T00:00:00.000Z,Listed for rent,,,,,,,,,,,,,,,,,,,,,,,,,,,,,,,,,,,,,,,,,,,,,,,,,,,,,,,,
"4430 Lost Bay Dr, Orange Beach, AL 36561",4430 Lost Bay Dr,Orange Beach,AL,,forRent,3,1437,,4000,34,https://www.zillow.com/homedetails/4430-Lost-Bay-Dr-Orange-Beach-AL-36561/460175151_zpid/,,,2026-09-25T00:00:00.000Z,Price change,2026-09-09T00:00:00.000Z,Price change,2026-08-31T00:00:00.000Z,Listing removed,2026-08-31T00:00:00.000Z,Listed for rent,2026-05-12T00:00:00.000Z,Pending sale,2026-03-30T00:00:00.000Z,Price change,2026-02-02T00:00:00.000Z,Pending sale,,,,,,,,,,,,,,,,,,,,,,,,,,,,,,,,,,,,,,,,,,,,,,
"21901 Old Harbor Way, Foley, AL 36535",21901 Old Harbor Way,Foley,AL,,forRent,3,1611,,2300,13,https://www.zillow.com/homedetails/21901-Old-Harbor-Way-Foley-AL-36535/461017729_zpid/,,345000,2026-09-25T00:00:00.000Z,Price change,2026-09-22T00:00:00.000Z,Sold,2026-09-21T00:00:00.000Z,Listed for rent,2026-09-12T00:00:00.000Z,Pending sale,2026-03-13T00:00:00.000Z,Listed for sale,,,,,,,,,,,,,,,,,,,,,,,,,,,,,,,,,,,,,,,,,,,,,,,,,,
