listingAddress/full,listingAddress/street,homeStatus,bedrooms,livingArea,price,listingPrice/amount,daysOnZillow,propertyUrl,hdpUrl,lastSoldPrice,listingPriceHistory/0/date,listingPriceHistory/0/event,listingPriceHistory/1/date,listingPriceHistory/1/event,listingPriceHistory/2/date,listingPriceHistory/2/event,listingPriceHistory/3/date,listingPriceHistory/3/event,listingPriceHistory/4/date,listingPriceHistory/4/event,listingPriceHistory/5/date,listingPriceHistory/5/event,listingPriceHistory/6/date,listingPriceHistory/6/event,listingPriceHistory/7/date,listingPriceHistory/7/event,listingPriceHistory/8/date,listingPriceHistory/8/event,listingPriceHistory/9/date,listingPriceHistory/9/event,listingPriceHistory/10/date,listingPriceHistory/10/event,listingPriceHistory/11/date,listingPriceHistory/11/event,listingPriceHistory/12/date,listingPriceHistory/12/event,listingPriceHistory/13/date,listingPriceHistory/13/event,listingPriceHistory/14/date,listingPriceHistory/14/event,listingPriceHistory/15/date,listingPriceHistory/15/event,listingPriceHistory/16/date,listingPriceHistory/16/event,listingPriceHistory/17/date,listingPriceHistory/17/event,listingPriceHistory/18/date,listingPriceHistory/18/event,listingPriceHistory/19/date,listingPriceHistory/19/event,listingPriceHistory/20/date,listingPriceHistory/20/event,listingPriceHistory/21/date,listingPriceHistory/21/event,listingPriceHistory/22/date,listingPriceHistory/22/event,listingPriceHistory/23/date,listingPriceHistory/23/event,listingPriceHistory/24/date,listingPriceHistory/24/event,listingPriceHistory/25/date,listingPriceHistory/25/event,listingPriceHistory/26/date,listingPriceHistory/26/event,listingPriceHistory/27/date,listingPriceHistory/27/event
"104 10th Ave SE, Hickory, NC 28602",104 10th Ave SE,FOR_RENT,3,1333,1595,1595,75,https://www.zillow.com/homedetails/104-10th-Ave-SE-Hickory-NC-28602/71959215_zpid/,/homedetails/104-10th-Ave-SE-Hickory-NC-28602/71959215_zpid/,420000,2026-06-09T00:00:00.000Z,Listed for rent,2025-12-17T00:00:00.000Z,Sold,2025-10-09T00:00:00.000Z,Listed for sale,2024-12-30T00:00:00.000Z,Sold,2024-11-05T00:00:00.000Z,Listed for sale,2015-02-28T00:00:00.000Z,Listing removed,2015-02-20T00:00:00.000Z,Price change,2015-02-04T00:00:00.000Z,Listed for sale,,,,,,,,,,,,,,,,,,,,,,,,,,,,,,,,,,,,,,,,
"1359 37th Avenue Ln NE, Hickory, NC 28601",1359 37th Avenue Ln NE,FOR_RENT,4,1927,2300,2300,10,https://www.zillow.com/homedetails/1359-37th-Avenue-Ln-NE-Hickory-NC-28601/455923523_zpid/,/homedetails/1359-37th-Avenue-Ln-NE-Hickory-NC-28601/455923523_zpid/,,2026-08-13T00:00:00.000Z,Listed for rent,2025-10-07T00:00:00.000Z,Listing removed,2025-09-16T00:00:00.000Z,Price change,2025-08-13T00:00:00.000Z,Listed for rent,,,,,,,,,,,,,,,,,,,,,,,,,,,,,,,,,,,,,,,,,,,,,,,,
"2110 24th St NE, Hickory, NC 28601",2110 24th St NE,FOR_RENT,3,1248,1700,1700,73,https://www.zillow.com/homedetails/2110-24th-St-NE-Hickory-NC-28601/71911952_zpid/,/homedetails/2110-24th-St-NE-Hickory-NC-28601/71911952_zpid/,100000,2026-05-13T00:00:00.000Z,Price change,2026-02-27T00:00:00.000Z,Listed for rent,1994-09-01T00:00:00.000Z,Sold,,,,,,,,,,,,,,,,,,,,,,,,,,,,,,,,,,,,,,,,,,,,,,,,,,
"1342 37th Avenue Ln NE, Hickory, NC 28601",1342 37th Avenue Ln NE,FOR_RENT,4,1927,2350,2350,24,https://www.zillow.com/homedetails/1342-37th-Avenue-Ln-NE-Hickory-NC-28601/453027689_zpid/,/homedetails/1342-37th-Avenue-Ln-NE-Hickory-NC-28601/453027689_zpid/,,2026-07-30T00:00:00.000Z,Listed for rent,2025-08-12T00:00:00.000Z,Listing removed,2025-07-31T00:00:00.000Z,Listed for rent,2025-06-14T00:00:00.000Z,Listing removed,2025-06-07T00:00:00.000Z,Listed for sale,,,,,,,,,,,,,,,,,,,,,,,,,,,,,,,,,,,,,,,,,,,,,,
"1266 18th St NE, Hickory, NC 28601",1266 18th St NE,FOR_RENT,3,1288,1800,1800,24,https://www.zillow.com/homedetails/1266-18th-St-NE-Hickory-NC-28601/71903862_zpid/,/homedetails/1266-18th-St-NE-Hickory-NC-28601/71903862_zpid/,225000,2026-07-30T00:00:00.000Z,Listed for rent,2025-10-07T00:00:00.000Z,Listing removed,2025-08-27T00:00:00.000Z,Listed for rent,2025-08-22T00:00:00.000Z,Sold,2025-07-23T00:00:00.000Z,Price change,2025-07-09T00:00:00.000Z,Price change,2025-06-27T00:00:00.000Z,Price change,2025-06-06T00:00:00.000Z,Price change,2025-06-02T00:00:00.000Z,Listed for sale,2023-04-19T00:00:00.000Z,Sold,2023-03-20T00:00:00.000Z,Pending sale,2023-03-18T00:00:00.000Z,Price change,2023-03-08T00:00:00.000Z,Price change,2023-02-21T00:00:00.000Z,Price change,2023-02-10T00:00:00.000Z,Listed for sale,,,,,,,,,,,,,,,,,,,,,,,,,,
"1330 37th Avenue Ln NE, Hickory, NC 28601",1330 37th Avenue Ln NE,FOR_RENT,5,2368,2700,2700,19,https://www.zillow.com/homedetails/1330-37th-Avenue-Ln-NE-Hickory-NC-28601/452771842_zpid/,/homedetails/1330-37th-Avenue-Ln-NE-Hickory-NC-28601/452771842_zpid/,330000,2026-08-04T00:00:00.000Z,Listed for rent,2025-09-16T00:00:00.000Z,Sold,2025-06-09T00:00:00.000Z,Pending sale,2025-06-04T00:00:00.000Z,Price change,2025-05-31T00:00:00.000Z,Listed for sale,,,,,,,,,,,,,,,,,,,,,,,,,,,,,,,,,,,,,,,,,,,,,,
"26 Mustang Dr, Cabot, AR 72023",26 Mustang Dr,FOR_RENT,3,1537,1595,1595,45,https://www.zillow.com/homedetails/26-Mustang-Dr-Cabot-AR-72023/63160976_zpid/,/homedetails/26-Mustang-Dr-Cabot-AR-72023/63160976_zpid/,310000,2026-08-19T00:00:00.000Z,Price change,2026-07-10T00:00:00.000Z,Listed for rent,2024-06-27T00:00:00.000Z,Sold,2024-06-15T00:00:00.000Z,Listing removed,2024-04-04T00:00:00.000Z,Listed for rent,2024-03-21T00:00:00.000Z,Sold,2024-03-15T00:00:00.000Z,Contingent,2024-03-10T00:00:00.000Z,Listed for sale,2018-07-02T00:00:00.000Z,Listing removed,2018-06-26T00:00:00.000Z,Listed for rent,2017-02-07T00:00:00.000Z,Listing removed,2017-02-02T00:00:00.000Z,Listed for rent,2015-11-06T00:00:00.000Z,Listing removed,2015-10-11T00:00:00.000Z,Listed for rent,2015-08-31T00:00:00.000Z,Listing removed,2015-08-22T00:00:00.000Z,Listed for rent,2014-09-19T00:00:00.000Z,Listing removed,2014-09-04T00:00:00.000Z,Listed for rent,2013-08-26T00:00:00.000Z,Listing removed,2013-08-21T00:00:00.000Z,Listed for rent,2011-03-03T00:00:00.000Z,Listing removed,2011-02-15T00:00:00.000Z,Listed for sale,2011-01-26T00:00:00.000Z,Sold,2010-11-26T00:00:00.000Z,Price change,2010-05-30T00:00:00.000Z,Listed for sale,,,,,,
"314 Ray St, Cabot, AR 72023",314 Ray St,FOR_RENT,3,1449,1300,1300,40,https://www.zillow.com/homedetails/314-Ray-St-Cabot-AR-72023/257086_zpid/,/homedetails/314-Ray-St-Cabot-AR-72023/257086_zpid/,700000,2026-08-19T00:00:00.000Z,Price change,2026-08-11T00:00:00.000Z,Price change,2026-07-14T00:00:00.000Z,Listed for rent,2022-08-09T00:00:00.000Z,Listing removed,2022-08-05T00:00:00.000Z,Listed for rent,2021-03-24T00:00:00.000Z,Listing removed,2020-05-19T00:00:00.000Z,Listing removed,2020-04-10T00:00:00.000Z,Listed for rent,2018-10-23T00:00:00.000Z,Listing removed,2018-09-25T00:00:00.000Z,Listed for rent,2017-09-28T00:00:00.000Z,Listing removed,2017-08-19T00:00:00.000Z,Price change,2017-07-20T00:00:00.000Z,Listed for rent,2015-03-28T00:00:00.000Z,Listing removed,2015-02-26T00:00:00.000Z,Listed for rent,2014-01-15T00:00:00.000Z,Sold,2003-03-18T00:00:00.000Z,Sold,,,,,,,,,,,,,,,,,,,,,,
"15 Silverado Ct, Cabot, AR 72023",15 Silverado Ct,FOR_RENT,3,1382,1350,1350,3,https://www.zillow.com/homedetails/15-Silverado-Ct-Cabot-AR-72023/35732243_zpid/,/homedetails/15-Silverado-Ct-Cabot-AR-72023/35732243_zpid/,150000,2026-08-20T00:00:00.000Z,Listed for rent,2024-11-11T00:00:00.000Z,Listing removed,2024-09-27T00:00:00.000Z,Listed for rent,2022-10-26T00:00:00.000Z,Sold,2020-12-16T00:00:00.000Z,Listing removed,2020-12-08T00:00:00.000Z,Listed for rent,2020-05-16T00:00:00.000Z,Listing removed,2020-04-22T00:00:00.000Z,Listed for rent,2020-04-17T00:00:00.000Z,Sold,,,,,,,,,,,,,,,,,,,,,,,,,,,,,,,,,,,,,,
"509 E Elm St, Cabot, AR 72023",509 E Elm St,FOR_RENT,3,1056,1450,1450,45,https://www.zillow.com/homedetails/509-E-Elm-St-Cabot-AR-72023/257181_zpid/,/homedetails/509-E-Elm-St-Cabot-AR-72023/257181_zpid/,185000,2026-08-20T00:00:00.000Z,Price change,2026-07-23T00:00:00.000Z,Price change,2026-07-09T00:00:00.000Z,Listed for rent,2026-07-09T00:00:00.000Z,Listing removed,2026-05-02T00:00:00.000Z,Listed for rent,2026-04-16T00:00:00.000Z,Listing removed,2026-02-18T00:00:00.000Z,Price change,2026-02-04T00:00:00.000Z,Listed for rent,2023-04-10T00:00:00.000Z,Sold,2023-01-19T00:00:00.000Z,Listing removed,2023-01-18T00:00:00.000Z,Listed for rent,2023-01-06T00:00:00.000Z,Listing removed,2022-10-26T00:00:00.000Z,Listed for sale,2021-05-28T00:00:00.000Z,Sold,2015-07-27T00:00:00.000Z,Sold,2012-10-07T00:00:00.000Z,Listing removed,2012-09-20T00:00:00.000Z,Price change,2012-06-20T00:00:00.000Z,Listed for sale,,,,,,,,,,,,,,,,,,,,
"16 Mustang Dr, Cabot, AR 72023",16 Mustang Dr,FOR_RENT,3,1494,1450,1450,16,https://www.zillow.com/homedetails/16-Mustang-Dr-Cabot-AR-72023/63160974_zpid/,/homedetails/16-Mustang-Dr-Cabot-AR-72023/63160974_zpid/,2988,2026-08-07T00:00:00.000Z,Listed for rent,2020-02-08T00:00:00.000Z,Listing removed,2020-01-25T00:00:00.000Z,Listed for rent,2018-12-12T00:00:00.000Z,Listing removed,2018-11-14T00:00:00.000Z,Listed for rent,2012-08-23T00:00:00.000Z,Sold,2004-02-25T00:00:00.000Z,Sold,,,,,,,,,,,,,,,,,,,,,,,,,,,,,,,,,,,,,,,,,,
"59 Hickory Bend Dr, Cabot, AR 72023",59 Hickory Bend Dr,FOR_RENT,3,2129,2000,2000,10,https://www.zillow.com/homedetails/59-Hickory-Bend-Dr-Cabot-AR-72023/67445626_zpid/,/homedetails/59-Hickory-Bend-Dr-Cabot-AR-72023/67445626_zpid/,207000,2026-08-13T00:00:00.000Z,Listed for rent,2023-06-25T00:00:00.000Z,Listing removed,2023-06-22T00:00:00.000Z,Listed for rent,2021-02-22T00:00:00.000Z,Sold,2016-07-15T00:00:00.000Z,Listing removed,2016-06-12T00:00:00.000Z,Price change,2016-04-29T00:00:00.000Z,Listed for sale,2011-03-30T00:00:00.000Z,Sold,2010-08-06T00:00:00.000Z,Listing removed,2010-02-22T00:00:00.000Z,Price change,2009-10-03T00:00:00.000Z,Listed for sale,2009-07-16T00:00:00.000Z,Listing removed,2009-02-16T00:00:00.000Z,Listed for sale,2008-10-27T00:00:00.000Z,Listing removed,2008-07-23T00:00:00.000Z,Price change,2007-07-07T00:00:00.000Z,Listed for sale,2004-11-09T00:00:00.000Z,Sold,,,,,,,,,,,,,,,,,,,,,,
"1928 36th Ave NE, Hickory, NC 28601",1928 36th Ave NE,FOR_RENT,3,,1900,1900,19,https://www.zillow.com/homedetails/1928-36th-Ave-NE-Hickory-NC-28601/71548772_zpid/,/homedetails/1928-36th-Ave-NE-Hickory-NC-28601/71548772_zpid/,206146,2026-08-04T00:00:00.000Z,Listed for rent,2023-06-02T00:00:00.000Z,Sold,2023-05-10T00:00:00.000Z,Pending sale,,,,,,,,,,,,,,,,,,,,,,,,,,,,,,,,,,,,,,,,,,,,,,,,,,
"54 Magnolia Dr, Cabot, AR 72023",54 Magnolia Dr,FOR_RENT,3,1394,1400,1400,37,https://www.zillow.com/homedetails/54-Magnolia-Dr-Cabot-AR-72023/60314948_zpid/,/homedetails/54-Magnolia-Dr-Cabot-AR-72023/60314948_zpid/,117000,2026-07-17T00:00:00.000Z,Listed for rent,2025-09-24T00:00:00.000Z,Listing removed,2025-09-04T00:00:00.000Z,Listed for rent,2024-08-02T00:00:00.000Z,Listing removed,2024-07-20T00:00:00.000Z,Price change,2024-06-25T00:00:00.000Z,Listed for rent,2023-06-25T00:00:00.000Z,Listing removed,2023-06-02T00:00:00.000Z,Listed for rent,2021-12-27T00:00:00.000Z,Listing removed,2021-12-19T00:00:00.000Z,Listed for rent,2013-05-01T00:00:00.000Z,Listing removed,2013-04-21T00:00:00.000Z,Listed for rent,2013-04-19T00:00:00.000Z,Sold,2012-12-01T00:00:00.000Z,Price change,2012-10-15T00:00:00.000Z,Listed for sale,2011-04-01T00:00:00.000Z,Sold,2011-01-17T00:00:00.000Z,Price change,2011-01-15T00:00:00.000Z,Listed for sale,,,,,,,,,,,,,,,,,,,,
"101 Cedar Creek Loop, Cabot, AR 72023",101 Cedar Creek Loop,FOR_RENT,3,1422,1345,1345,31,https://www.zillow.com/homedetails/101-Cedar-Creek-Loop-Cabot-AR-72023/88905306_zpid/,/homedetails/101-Cedar-Creek-Loop-Cabot-AR-72023/88905306_zpid/,,2026-08-06T00:00:00.000Z,Price change,2026-07-30T00:00:00.000Z,Price change,2026-07-23T00:00:00.000Z,Listed for rent,,,,,,,,,,,,,,,,,,,,,,,,,,,,,,,,,,,,,,,,,,,,,,,,,,
"21 Meadowlark Dr, Cabot, AR 72023",21 Meadowlark Dr,FOR_RENT,3,1013,1395,1395,12,https://www.zillow.com/homedetails/21-Meadowlark-Dr-Cabot-AR-72023/255213_zpid/,/homedetails/21-Meadowlark-Dr-Cabot-AR-72023/255213_zpid/,147900,2026-08-12T00:00:00.000Z,Listed for rent,2024-01-16T00:00:00.000Z,Listing removed,2024-01-04T00:00:00.000Z,Sold,2023-08-22T00:00:00.000Z,Sold,2023-07-17T00:00:00.000Z,Contingent,2023-05-12T00:00:00.000Z,Listed for sale,2023-04-19T00:00:00.000Z,Listing removed,2023-03-17T00:00:00.000Z,Listed for rent,2022-03-21T00:00:00.000Z,Sold,,,,,,,,,,,,,,,,,,,,,,,,,,,,,,,,,,,,,,
"17 Azalea Dr, Cabot, AR 72023",17 Azalea Dr,FOR_RENT,3,1294,1345,1345,60,https://www.zillow.com/homedetails/17-Azalea-Dr-Cabot-AR-72023/52495110_zpid/,/homedetails/17-Azalea-Dr-Cabot-AR-72023/52495110_zpid/,174500,2026-08-23T00:00:00.000Z,Price change,2026-08-13T00:00:00.000Z,Price change,2026-06-25T00:00:00.000Z,Listed for rent,2024-12-19T00:00:00.000Z,Sold,2024-11-09T00:00:00.000Z,Listed for sale,2022-05-27T00:00:00.000Z,Sold,2021-03-24T00:00:00.000Z,Listing removed,2018-07-11T00:00:00.000Z,Listing removed,2018-07-08T00:00:00.000Z,Listed for rent,2017-09-16T00:00:00.000Z,Listing removed,2017-05-10T00:00:00.000Z,Listed for sale,,,,,,,,,,,,,,,,,,,,,,,,,,,,,,,,,,
"36 Azalea Dr, Cabot, AR 72023",36 Azalea Dr,FOR_RENT,3,1350,1350,1350,17,https://www.zillow.com/homedetails/36-Azalea-Dr-Cabot-AR-72023/52495117_zpid/,/homedetails/36-Azalea-Dr-Cabot-AR-72023/52495117_zpid/,16000,2026-08-06T00:00:00.000Z,Listed for rent,2011-05-11T00:00:00.000Z,Sold,1999-11-12T00:00:00.000Z,Sold,,,,,,,,,,,,,,,,,,,,,,,,,,,,,,,,,,,,,,,,,,,,,,,,,,
"203 Lynn Ln, Lonoke, AR 72086",203 Lynn Ln,FOR_RENT,3,1200,1225,1225,69,https://www.zillow.com/homedetails/203-Lynn-Ln-Lonoke-AR-72086/260453_zpid/,/homedetails/203-Lynn-Ln-Lonoke-AR-72086/260453_zpid/,105000,2026-06-30T00:00:00.000Z,Price change,2026-06-15T00:00:00.000Z,Listed for rent,2026-06-01T00:00:00.000Z,Listing removed,2026-05-14T00:00:00.000Z,Listed for rent,2022-05-19T00:00:00.000Z,Sold,2022-05-13T00:00:00.000Z,Contingent,2022-05-05T00:00:00.000Z,Listed for sale,2014-05-30T00:00:00.000Z,Sold,2014-02-20T00:00:00.000Z,Sold,2014-01-11T00:00:00.000Z,Listed for sale,,,,,,,,,,,,,,,,,,,,,,,,,,,,,,,,,,,,
"15 Applewood Cv, Cabot, AR 72023",15 Applewood Cv,FOR_RENT,3,1588,1600,1600,37,https://www.zillow.com/homedetails/15-Applewood-Cv-Cabot-AR-72023/35732370_zpid/,/homedetails/15-Applewood-Cv-Cabot-AR-72023/35732370_zpid/,226000,2026-07-17T00:00:00.000Z,Listed for rent,2024-05-04T00:00:00.000Z,Listing removed,2024-04-27T00:00:00.000Z,Listed for rent,2024-04-19T00:00:00.000Z,Sold,2024-03-14T00:00:00.000Z,Listed for sale,2022-10-31T00:00:00.000Z,Sold,2022-08-02T00:00:00.000Z,Listed for sale,2019-10-28T00:00:00.000Z,Sold,2019-09-18T00:00:00.000Z,Listed for sale,2014-01-02T00:00:00.000Z,Sold,2013-11-23T00:00:00.000Z,Price change,2013-10-17T00:00:00.000Z,Price change,2013-09-20T00:00:00.000Z,Listed for sale,2012-03-08T00:00:00.000Z,Listing removed,2011-09-23T00:00:00.000Z,Listed for sale,2011-05-07T00:00:00.000Z,Listing removed,2011-01-23T00:00:00.000Z,Listed for sale,,,,,,,,,,,,,,,,,,,,,,
"120 Suda St, Cabot, AR 72023",120 Suda St,FOR_RENT,3,1008,1095,1095,128,https://www.zillow.com/homedetails/120-Suda-St-Cabot-AR-72023/213595966_zpid/,/homedetails/120-Suda-St-Cabot-AR-72023/213595966_zpid/,120000,2026-06-17T00:00:00.000Z,Price change,2026-05-05T00:00:00.000Z,Price change,2026-04-18T00:00:00.000Z,Listed for rent,2024-08-02T00:00:00.000Z,Sold,2024-07-23T00:00:00.000Z,Listing removed,2024-07-04T00:00:00.000Z,Listed for rent,2024-06-25T00:00:00.000Z,Listed for sale,2024-05-20T00:00:00.000Z,Contingent,2024-05-03T00:00:00.000Z,Listed for sale,2023-10-26T00:00:00.000Z,Listing removed,2023-10-21T00:00:00.000Z,Listed for rent,2021-03-24T00:00:00.000Z,Listing removed,2018-04-27T00:00:00.000Z,Listing removed,2018-04-17T00:00:00.000Z,Listed for rent,,,,,,,,,,,,,,,,,,,,,,,,,,,,
"43 Bud Grimes Rd, Ward, AR 72176",43 Bud Grimes Rd,FOR_RENT,3,1200,1295,1295,34,https://www.zillow.com/homedetails/43-Bud-Grimes-Rd-Ward-AR-72176/35732506_zpid/,/homedetails/43-Bud-Grimes-Rd-Ward-AR-72176/35732506_zpid/,152500,2026-07-20T00:00:00.000Z,Listed for rent,2026-02-24T00:00:00.000Z,Listing removed,2026-02-17T00:00:00.000Z,Price change,2026-02-03T00:00:00.000Z,Listed for rent,2022-09-15T00:00:00.000Z,Listing removed,2022-08-24T00:00:00.000Z,Listed for rent,2022-05-27T00:00:00.000Z,Sold,2022-05-12T00:00:00.000Z,Contingent,2022-05-11T00:00:00.000Z,Listed for sale,2017-03-07T00:00:00.000Z,Sold,2016-11-15T00:00:00.000Z,Price change,2016-10-12T00:00:00.000Z,Price change,2016-09-08T00:00:00.000Z,Price change,2016-06-29T00:00:00.000Z,Listed for sale,,,,,,,,,,,,,,,,,,,,,,,,,,,,
"36 Parkview Dr, Cabot, AR 72023",36 Parkview Dr,FOR_RENT,3,1137,1195,1195,30,https://www.zillow.com/homedetails/36-Parkview-Dr-Cabot-AR-72023/255635_zpid/,/homedetails/36-Parkview-Dr-Cabot-AR-72023/255635_zpid/,105000,2026-07-24T00:00:00.000Z,Listed for rent,2024-01-09T00:00:00.000Z,Listing removed,2023-12-28T00:00:00.000Z,Listed for rent,2022-10-11T00:00:00.000Z,Listing removed,2022-10-03T00:00:00.000Z,Listed for rent,2022-02-08T00:00:00.000Z,Listing removed,2022-01-25T00:00:00.000Z,Price change,2022-01-04T00:00:00.000Z,Listed for rent,2020-03-10T00:00:00.000Z,Listing removed,2020-02-11T00:00:00.000Z,Price change,2020-02-01T00:00:00.000Z,Listed for rent,2019-11-18T00:00:00.000Z,Sold,2019-10-04T00:00:00.000Z,Listed for sale,2018-11-01T00:00:00.000Z,Listing removed,2018-08-29T00:00:00.000Z,Listed for sale,2017-03-23T00:00:00.000Z,Sold,2016-12-12T00:00:00.000Z,Listed for sale,2016-10-13T00:00:00.000Z,Sold,2016-09-07T00:00:00.000Z,Listed for sale,2015-03-26T00:00:00.000Z,Sold,,,,,,,,,,,,,,,,
"32 Fortson Dr, Cabot, AR 72023",32 Fortson Dr,FOR_RENT,3,1064,875,875,1,https://www.zillow.com/homedetails/32-Fortson-Dr-Cabot-AR-72023/63161011_zpid/,/homedetails/32-Fortson-Dr-Cabot-AR-72023/63161011_zpid/,750000,2026-08-22T00:00:00.000Z,Listed for rent,2024-02-17T00:00:00.000Z,Listing removed,2024-02-03T00:00:00.000Z,Listed for rent,2004-08-10T00:00:00.000Z,Sold,,,,,,,,,,,,,,,,,,,,,,,,,,,,,,,,,,,,,,,,,,,,,,,,
"42 Winners Cir, Cabot, AR 72023",42 Winners Cir,FOR_RENT,3,1521,1850,1850,16,https://www.zillow.com/homedetails/42-Winners-Cir-Cabot-AR-72023/72176611_zpid/,/homedetails/42-Winners-Cir-Cabot-AR-72023/72176611_zpid/,196500,2026-08-07T00:00:00.000Z,Listed for rent,2025-10-07T00:00:00.000Z,Listing removed,2025-09-15T00:00:00.000Z,Listed for rent,2025-07-09T00:00:00.000Z,Sold,2025-04-28T00:00:00.000Z,Price change,2025-04-14T00:00:00.000Z,Price change,2025-04-03T00:00:00.000Z,Price change,2025-03-27T00:00:00.000Z,Listed for sale,,,,,,,,,,,,,,,,,,,,,,,,,,,,,,,,,,,,,,,,
"18 Marian Cv, Cabot, AR 72023",18 Marian Cv,FOR_RENT,3,1400,1400,1400,21,https://www.zillow.com/homedetails/18-Marian-Cv-Cabot-AR-72023/256302_zpid/,/homedetails/18-Marian-Cv-Cabot-AR-72023/256302_zpid/,146000,2026-08-02T00:00:00.000Z,Listed for rent,2025-04-21T00:00:00.000Z,Listing removed,2025-04-02T00:00:00.000Z,Listed for rent,2020-09-10T00:00:00.000Z,Listing removed,2020-09-01T00:00:00.000Z,Listed for rent,2014-03-14T00:00:00.000Z,Sold,,,,,,,,,,,,,,,,,,,,,,,,,,,,,,,,,,,,,,,,,,,,
"11 Rockwood Rd, Cabot, AR 72023",11 Rockwood Rd,FOR_RENT,3,1461,1600,1600,18,https://www.zillow.com/homedetails/11-Rockwood-Rd-Cabot-AR-72023/255523_zpid/,/homedetails/11-Rockwood-Rd-Cabot-AR-72023/255523_zpid/,215000,2026-08-08T00:00:00.000Z,Price change,2026-08-05T00:00:00.000Z,Listed for rent,2026-07-20T00:00:00.000Z,Sold,2026-07-17T00:00:00.000Z,Contingent,2026-06-25T00:00:00.000Z,Listed for sale,2016-03-02T00:00:00.000Z,Sold,2016-01-08T00:00:00.000Z,Listed for sale,2015-12-22T00:00:00.000Z,Pending sale,2015-10-19T00:00:00.000Z,Price change,2015-09-18T00:00:00.000Z,Price change,2015-08-14T00:00:00.000Z,Listed for sale,2015-06-02T00:00:00.000Z,Sold,2015-05-07T00:00:00.000Z,Pending sale,2015-01-14T00:00:00.000Z,Price change,2014-10-03T00:00:00.000Z,Listed for sale,2013-11-15T00:00:00.000Z,Sold,,,,,,,,,,,,,,,,,,,,,,,,
"6 Oddie Ln, Ward, AR 72176",6 Oddie Ln,FOR_RENT,3,1248,1200,1200,18,https://www.zillow.com/homedetails/6-Oddie-Ln-Ward-AR-72176/35731735_zpid/,/homedetails/6-Oddie-Ln-Ward-AR-72176/35731735_zpid/,125000,2026-08-17T00:00:00.000Z,Price change,2026-08-05T00:00:00.000Z,Listed for rent,2024-06-26T00:00:00.000Z,Listing removed,2024-06-07T00:00:00.000Z,Listed for rent,2024-03-29T00:00:00.000Z,Listing removed,2024-03-17T00:00:00.000Z,Listed for rent,2024-03-11T00:00:00.000Z,Sold,2024-02-07T00:00:00.000Z,Listed for sale,,,,,,,,,,,,,,,,,,,,,,,,,,,,,,,,,,,,,,,,
"17 Farrah St, Ward, AR 72176",17 Farrah St,FOR_RENT,3,1563,1250,1250,75,https://www.zillow.com/homedetails/17-Farrah-St-Ward-AR-72176/52495486_zpid/,/homedetails/17-Farrah-St-Ward-AR-72176/52495486_zpid/,,2026-06-09T00:00:00.000Z,Listed for rent,2025-05-24T00:00:00.000Z,Listing removed,2025-05-06T00:00:00.000Z,Price change,2025-04-20T00:00:00.000Z,Listed for rent,2017-02-23T00:00:00.000Z,Listing removed,2017-02-17T00:00:00.000Z,Listed for rent,2014-02-28T00:00:00.000Z,Listing removed,2014-02-05T00:00:00.000Z,Price change,2014-01-29T00:00:00.000Z,Price change,2013-12-14T00:00:00.000Z,Price change,2013-11-30T00:00:00.000Z,Listed for sale,2013-10-25T00:00:00.000Z,Listing removed,2013-09-19T00:00:00.000Z,Price change,2013-09-18T00:00:00.000Z,Price change,2013-06-29T00:00:00.000Z,Listed for sale,,,,,,,,,,,,,,,,,,,,,,,,,,
"87 Sycamore Cir, Cabot, AR 72023",87 Sycamore Cir,FOR_RENT,3,1252,1450,1450,9,https://www.zillow.com/homedetails/87-Sycamore-Cir-Cabot-AR-72023/256430_zpid/,/homedetails/87-Sycamore-Cir-Cabot-AR-72023/256430_zpid/,151500,2026-08-14T00:00:00.000Z,Listed for rent,2026-07-17T00:00:00.000Z,Sold,2026-06-05T00:00:00.000Z,Listed for sale,2026-05-27T00:00:00.000Z,Listing removed,2026-05-15T00:00:00.000Z,Listed for rent,2020-06-03T00:00:00.000Z,Sold,2020-02-28T00:00:00.000Z,Sold,2013-03-25T00:00:00.000Z,Sold,,,,,,,,,,,,,,,,,,,,,,,,,,,,,,,,,,,,,,,,
"3 Shamsie Dr, Ward, AR 72176",3 Shamsie Dr,FOR_RENT,3,1246,1200,1200,13,https://www.zillow.com/homedetails/3-Shamsie-Dr-Ward-AR-72176/99427930_zpid/,/homedetails/3-Shamsie-Dr-Ward-AR-72176/99427930_zpid/,80051,2026-08-10T00:00:00.000Z,Listed for rent,2021-03-24T00:00:00.000Z,Listing removed,2020-01-11T00:00:00.000Z,Listing removed,2019-12-24T00:00:00.000Z,Listed for rent,2014-12-01T00:00:00.000Z,Listing removed,2014-11-14T00:00:00.000Z,Listed for rent,2014-11-05T00:00:00.000Z,Sold,2014-09-20T00:00:00.000Z,Listed for sale,,,,,,,,,,,,,,,,,,,,,,,,,,,,,,,,,,,,,,,,
"14 Saunder Dr N, Austin, AR 72007",14 Saunder Dr N,FOR_RENT,3,1392,1550,1550,25,https://www.zillow.com/homedetails/14-Saunder-Dr-N-Austin-AR-72007/347067074_zpid/,/homedetails/14-Saunder-Dr-N-Austin-AR-72007/347067074_zpid/,198000,2026-07-29T00:00:00.000Z,Listed for rent,2023-03-16T00:00:00.000Z,Sold,2023-02-13T00:00:00.000Z,Contingent,2023-01-20T00:00:00.000Z,Listed for sale,,,,,,,,,,,,,,,,,,,,,,,,,,,,,,,,,,,,,,,,,,,,,,,,
"74 Earnhardt Cir, Cabot, AR 72023",74 Earnhardt Cir,FOR_RENT,3,1910,1900,1900,46,https://www.zillow.com/homedetails/74-Earnhardt-Cir-Cabot-AR-72023/114172966_zpid/,/homedetails/74-Earnhardt-Cir-Cabot-AR-72023/114172966_zpid/,173941,2026-07-08T00:00:00.000Z,Listed for rent,2025-08-22T00:00:00.000Z,Listing removed,2025-08-20T00:00:00.000Z,Listing removed,2025-07-28T00:00:00.000Z,Listed for rent,2025-07-21T00:00:00.000Z,Listed for sale,2020-08-18T00:00:00.000Z,Listing removed,2020-08-07T00:00:00.000Z,Price change,2020-06-09T00:00:00.000Z,Listed for sale,2020-02-07T00:00:00.000Z,Listing removed,2020-01-31T00:00:00.000Z,Listed for rent,2020-01-31T00:00:00.000Z,Listing removed,2019-08-01T00:00:00.000Z,Listed for sale,2015-10-09T00:00:00.000Z,Listing removed,2015-09-09T00:00:00.000Z,Listed for rent,2013-07-26T00:00:00.000Z,Sold,,,,,,,,,,,,,,,,,,,,,,,,,,
"34 Shamsie Dr, Ward, AR 72176",34 Shamsie Dr,FOR_RENT,3,1264,1350,1350,59,https://www.zillow.com/homedetails/34-Shamsie-Dr-Ward-AR-72176/99420023_zpid/,/homedetails/34-Shamsie-Dr-Ward-AR-72176/99420023_zpid/,150000,2026-06-25T00:00:00.000Z,Listed for rent,2024-10-09T00:00:00.000Z,Listing removed,2024-09-24T00:00:00.000Z,Listed for rent,2021-12-10T00:00:00.000Z,Sold,2021-11-11T00:00:00.000Z,Listed for sale,2020-06-30T00:00:00.000Z,Sold,2020-05-01T00:00:00.000Z,Listed for sale,2016-02-29T00:00:00.000Z,Sold,2016-01-18T00:00:00.000Z,Pending sale,2015-12-22T00:00:00.000Z,Listed for sale,,,,,,,,,,,,,,,,,,,,,,,,,,,,,,,,,,,,
"142 Weathering Dr, Austin, AR 72007",142 Weathering Dr,FOR_RENT,3,1212,1350,1350,57,https://www.zillow.com/homedetails/142-Weathering-Dr-Austin-AR-72007/99433960_zpid/,/homedetails/142-Weathering-Dr-Austin-AR-72007/99433960_zpid/,140000,2026-07-20T00:00:00.000Z,Price change,2026-06-27T00:00:00.000Z,Listed for rent,2023-12-14T00:00:00.000Z,Listing removed,2023-11-29T00:00:00.000Z,Listed for rent,2021-10-21T00:00:00.000Z,Sold,2021-09-19T00:00:00.000Z,Contingent,2021-09-17T00:00:00.000Z,Listed for sale,2014-08-25T00:00:00.000Z,Sold,2014-06-22T00:00:00.000Z,Listed for sale,2013-09-05T00:00:00.000Z,Listing removed,2013-08-17T00:00:00.000Z,Listed for rent,,,,,,,,,,,,,,,,,,,,,,,,,,,,,,,,,,
"15 Wedgewood Dr, Cabot, AR 72023",15 Wedgewood Dr,FOR_RENT,3,1473,1650,1650,3,https://www.zillow.com/homedetails/15-Wedgewood-Dr-Cabot-AR-72023/257013_zpid/,/homedetails/15-Wedgewood-Dr-Cabot-AR-72023/257013_zpid/,190000,2026-08-21T00:00:00.000Z,Listed for rent,2023-10-01T00:00:00.000Z,Listing removed,2022-01-14T00:00:00.000Z,Sold,2021-10-05T00:00:00.000Z,Listing removed,2021-09-30T00:00:00.000Z,Sold,2019-06-21T00:00:00.000Z,Listing removed,2019-06-05T00:00:00.000Z,Listed for rent,2018-12-20T00:00:00.000Z,Listing removed,2018-11-12T00:00:00.000Z,Listed for sale,2018-11-12T00:00:00.000Z,Listing removed,2018-08-08T00:00:00.000Z,Price change,2018-07-06T00:00:00.000Z,Listed for rent,2015-08-22T00:00:00.000Z,Listing removed,2015-06-26T00:00:00.000Z,Listed for rent,2014-05-23T00:00:00.000Z,Sold,,,,,,,,,,,,,,,,,,,,,,,,,,
"44 Kirkland Dr, Cabot, AR 72023",44 Kirkland Dr,FOR_RENT,3,2077,1900,1900,142,https://www.zillow.com/homedetails/44-Kirkland-Dr-Cabot-AR-72023/52495420_zpid/,/homedetails/44-Kirkland-Dr-Cabot-AR-72023/52495420_zpid/,,2026-04-03T00:00:00.000Z,Listed for rent,2026-04-03T00:00:00.000Z,Listing removed,2026-02-11T00:00:00.000Z,Listed for rent,2025-09-22T00:00:00.000Z,Listing removed,2025-08-19T00:00:00.000Z,Listing removed,2025-08-17T00:00:00.000Z,Listed for rent,2025-01-03T00:00:00.000Z,Price change,2024-11-04T00:00:00.000Z,Price change,2024-10-10T00:00:00.000Z,Price change,2024-09-24T00:00:00.000Z,Listed for sale,2015-02-21T00:00:00.000Z,Listing removed,2015-01-28T00:00:00.000Z,Price change,2014-11-18T00:00:00.000Z,Price change,2014-08-30T00:00:00.000Z,Listed for rent,2013-05-18T00:00:00.000Z,Listing removed,2013-04-17T00:00:00.000Z,Listed for rent,2012-10-25T00:00:00.000Z,Listing removed,2012-09-25T00:00:00.000Z,Listed for rent,2012-07-12T00:00:00.000Z,Listing removed,2012-06-12T00:00:00.000Z,Price change,2012-05-25T00:00:00.000Z,Listed for rent,2011-08-23T00:00:00.000Z,Listing removed,2010-10-08T00:00:00.000Z,Listed for sale,,,,,,,,,,
"209 N Madison St, Cabot, AR 72023",209 N Madison St,FOR_RENT,3,1524,1895,1895,44,https://www.zillow.com/homedetails/209-N-Madison-St-Cabot-AR-72023/439267452_zpid/,/homedetails/209-N-Madison-St-Cabot-AR-72023/439267452_zpid/,,2026-07-10T00:00:00.000Z,Listed for rent,2025-06-24T00:00:00.000Z,Listing removed,2025-06-19T00:00:00.000Z,Listed for rent,2025-06-19T00:00:00.000Z,Listing removed,2025-04-10T00:00:00.000Z,Price change,2025-03-05T00:00:00.000Z,Listed for rent,2025-03-05T00:00:00.000Z,Listing removed,2025-03-04T00:00:00.000Z,Listed for rent,2025-03-03T00:00:00.000Z,Listing removed,2025-02-28T00:00:00.000Z,Listed for rent,2024-12-28T00:00:00.000Z,Listing removed,2024-12-04T00:00:00.000Z,Price change,2024-09-23T00:00:00.000Z,Listing removed,2024-09-21T00:00:00.000Z,Price change,2024-09-17T00:00:00.000Z,Price change,2024-09-11T00:00:00.000Z,Listed for rent,2024-08-21T00:00:00.000Z,Listed for sale,,,,,,,,,,,,,,,,,,,,,,
"15 Jennifer Cv, Ward, AR 72176",15 Jennifer Cv,FOR_RENT,3,1328,1650,1650,17,https://www.zillow.com/homedetails/15-Jennifer-Cv-Ward-AR-72176/2063023920_zpid/,/homedetails/15-Jennifer-Cv-Ward-AR-72176/2063023920_zpid/,210000,2026-08-07T00:00:00.000Z,Listed for rent,2023-12-19T00:00:00.000Z,Sold,2022-06-21T00:00:00.000Z,Listing removed,2022-06-07T00:00:00.000Z,Price change,2022-06-02T00:00:00.000Z,Listed for rent,2022-05-31T00:00:00.000Z,Sold,,,,,,,,,,,,,,,,,,,,,,,,,,,,,,,,,,,,,,,,,,,,
"424 Ables Loop, Ward, AR 72176",424 Ables Loop,FOR_RENT,3,1280,1400,1400,11,https://www.zillow.com/homedetails/424-Ables-Loop-Ward-AR-72176/67447121_zpid/,/homedetails/424-Ables-Loop-Ward-AR-72176/67447121_zpid/,,2026-08-12T00:00:00.000Z,Listed for rent,2025-10-01T00:00:00.000Z,Listing removed,2025-08-06T00:00:00.000Z,Listed for rent,,,,,,,,,,,,,,,,,,,,,,,,,,,,,,,,,,,,,,,,,,,,,,,,,,
"34 Woodhaven Dr, Cabot, AR 72023",34 Woodhaven Dr,FOR_RENT,3,1305,1650,1650,17,https://www.zillow.com/homedetails/34-Woodhaven-Dr-Cabot-AR-72023/338206710_zpid/,/homedetails/34-Woodhaven-Dr-Cabot-AR-72023/338206710_zpid/,165000,2026-08-07T00:00:00.000Z,Listed for rent,2025-04-03T00:00:00.000Z,Listing removed,2025-03-15T00:00:00.000Z,Price change,2025-02-13T00:00:00.000Z,Price change,2025-02-11T00:00:00.000Z,Listed for rent,2020-11-30T00:00:00.000Z,Sold,2020-10-19T00:00:00.000Z,Sold,,,,,,,,,,,,,,,,,,,,,,,,,,,,,,,,,,,,,,,,,,
"73 Timberwood Dr, Cabot, AR 72023",73 Timberwood Dr,FOR_RENT,3,1230,1450,1450,5,https://www.zillow.com/homedetails/73-Timberwood-Dr-Cabot-AR-72023/52495438_zpid/,/homedetails/73-Timberwood-Dr-Cabot-AR-72023/52495438_zpid/,161000,2026-08-18T00:00:00.000Z,Listed for rent,2023-08-01T00:00:00.000Z,Listing removed,2023-07-21T00:00:00.000Z,Listed for rent,2023-06-06T00:00:00.000Z,Sold,2023-05-15T00:00:00.000Z,Listed for sale,2017-07-24T00:00:00.000Z,Sold,2017-06-01T00:00:00.000Z,Listed for sale,2016-08-31T00:00:00.000Z,Sold,2016-07-15T00:00:00.000Z,Price change,2016-06-28T00:00:00.000Z,Price change,2016-06-10T00:00:00.000Z,Price change,2016-06-08T00:00:00.000Z,Price change,2016-05-21T00:00:00.000Z,Price change,2016-05-12T00:00:00.000Z,Price change,2016-02-09T00:00:00.000Z,Listed for sale,,,,,,,,,,,,,,,,,,,,,,,,,,
"28 Burns Dr, Cabot, AR 72023",28 Burns Dr,FOR_RENT,3,1288,1400,1400,33,https://www.zillow.com/homedetails/28-Burns-Dr-Cabot-AR-72023/255699_zpid/,/homedetails/28-Burns-Dr-Cabot-AR-72023/255699_zpid/,146000,2026-07-21T00:00:00.000Z,Listed for rent,2025-08-07T00:00:00.000Z,Listing removed,2025-07-14T00:00:00.000Z,Price change,2025-07-03T00:00:00.000Z,Listed for rent,2022-06-28T00:00:00.000Z,Sold,2014-11-26T00:00:00.000Z,Sold,2012-06-24T00:00:00.000Z,Listing removed,2012-06-08T00:00:00.000Z,Listed for rent,2011-04-29T00:00:00.000Z,Listing removed,2011-01-27T00:00:00.000Z,Listed for sale,2010-06-04T00:00:00.000Z,Sold,2010-04-29T00:00:00.000Z,Listed for sale,,,,,,,,,,,,,,,,,,,,,,,,,,,,,,,,
"400 Apricot St, Austin, AR 72007",400 Apricot St,FOR_RENT,3,1200,1475,1475,32,https://www.zillow.com/homedetails/400-Apricot-St-Austin-AR-72007/82250818_zpid/,/homedetails/400-Apricot-St-Austin-AR-72007/82250818_zpid/,280000,2026-07-22T00:00:00.000Z,Price change,2026-06-24T00:00:00.000Z,Price change,2026-05-16T00:00:00.000Z,Price change,2026-05-08T00:00:00.000Z,Listed for rent,2025-09-09T00:00:00.000Z,Listing removed,2025-08-26T00:00:00.000Z,Listed for rent,2025-08-21T00:00:00.000Z,Sold,2024-07-10T00:00:00.000Z,Listing removed,2024-06-24T00:00:00.000Z,Listed for rent,2024-06-10T00:00:00.000Z,Listing removed,2024-06-02T00:00:00.000Z,Listed for rent,2024-02-08T00:00:00.000Z,Sold,2023-06-11T00:00:00.000Z,Listing removed,2023-06-02T00:00:00.000Z,Price change,2022-11-16T00:00:00.000Z,Listed for rent,2022-10-07T00:00:00.000Z,Sold,2022-08-15T00:00:00.000Z,Listed for sale,2015-03-09T00:00:00.000Z,Sold,,,,,,,,,,,,,,,,,,,,
"27 Trinity Dr, Cabot, AR 72023",27 Trinity Dr,FOR_RENT,3,1442,1525,1525,2,https://www.zillow.com/homedetails/27-Trinity-Dr-Cabot-AR-72023/113948501_zpid/,/homedetails/27-Trinity-Dr-Cabot-AR-72023/113948501_zpid/,,2026-08-21T00:00:00.000Z,Listed for rent,2025-09-11T00:00:00.000Z,Listing removed,2025-07-29T00:00:00.000Z,Price change,2025-07-03T00:00:00.000Z,Listed for rent,,,,,,,,,,,,,,,,,,,,,,,,,,,,,,,,,,,,,,,,,,,,,,,,
"203 Logan Dr, Maumelle, AR 72113",203 Logan Dr,FOR_RENT,3,1472,1835,1835,23,https://www.zillow.com/homedetails/203-Logan-Dr-Maumelle-AR-72113/2057186362_zpid/,/homedetails/203-Logan-Dr-Maumelle-AR-72113/2057186362_zpid/,,2026-08-05T00:00:00.000Z,Price change,2026-07-31T00:00:00.000Z,Listed for rent,2024-08-27T00:00:00.000Z,Listing removed,2024-08-01T00:00:00.000Z,Listed for rent,2023-06-19T00:00:00.000Z,Listing removed,2023-06-10T00:00:00.000Z,Listed for rent,,,,,,,,,,,,,,,,,,,,,,,,,,,,,,,,,,,,,,,,,,,,
"117 Logan Dr, Maumelle, AR 72113",117 Logan Dr,FOR_RENT,3,1472,1835,1835,47,https://www.zillow.com/homedetails/117-Logan-Dr-Maumelle-AR-72113/2057186355_zpid/,/homedetails/117-Logan-Dr-Maumelle-AR-72113/2057186355_zpid/,,2026-07-07T00:00:00.000Z,Listed for rent,2023-07-30T00:00:00.000Z,Listing removed,2023-07-29T00:00:00.000Z,Listed for rent,2023-07-29T00:00:00.000Z,Listing removed,2023-06-10T00:00:00.000Z,Listed for rent,,,,,,,,,,,,,,,,,,,,,,,,,,,,,,,,,,,,,,,,,,,,,,
"106 Jo Park Ln, Maumelle, AR 72113",106 Jo Park Ln,FOR_RENT,4,1640,2000,2000,17,https://www.zillow.com/homedetails/106-Jo-Park-Ln-Maumelle-AR-72113/2056841941_zpid/,/homedetails/106-Jo-Park-Ln-Maumelle-AR-72113/2056841941_zpid/,,2026-08-06T00:00:00.000Z,Listed for rent,2023-10-04T00:00:00.000Z,Listing removed,2023-10-03T00:00:00.000Z,Listed for rent,2023-10-03T00:00:00.000Z,Listing removed,2023-06-29T00:00:00.000Z,Listed for rent,,,,,,,,,,,,,,,,,,,,,,,,,,,,,,,,,,,,,,,,,,,,,,
"205 Logan Dr, Maumelle, AR 72113",205 Logan Dr,FOR_RENT,3,1472,1835,1835,37,https://www.zillow.com/homedetails/205-Logan-Dr-Maumelle-AR-72113/2057186361_zpid/,/homedetails/205-Logan-Dr-Maumelle-AR-72113/2057186361_zpid/,,2026-08-05T00:00:00.000Z,Price change,2026-07-17T00:00:00.000Z,Listed for rent,2025-09-04T00:00:00.000Z,Listing removed,2025-09-03T00:00:00.000Z,Listed for rent,2025-09-03T00:00:00.000Z,Listing removed,2025-08-29T00:00:00.000Z,Price change,2025-07-15T00:00:00.000Z,Listed for rent,2023-09-10T00:00:00.000Z,Listing removed,2023-09-09T00:00:00.000Z,Listed for rent,2023-09-08T00:00:00.000Z,Listing removed,2023-06-10T00:00:00.000Z,Listed for rent,,,,,,,,,,,,,,,,,,,,,,,,,,,,,,,,,,
"61 Pin Oak Loop, Maumelle, AR 72113",61 Pin Oak Loop,FOR_RENT,3,1173,1495,1495,51,https://www.zillow.com/homedetails/61-Pin-Oak-Loop-Maumelle-AR-72113/326810_zpid/,/homedetails/61-Pin-Oak-Loop-Maumelle-AR-72113/326810_zpid/,175000,2026-08-14T00:00:00.000Z,Price change,2026-08-12T00:00:00.000Z,Price change,2026-07-03T00:00:00.000Z,Listed for rent,2024-04-25T00:00:00.000Z,Listing removed,2024-04-09T00:00:00.000Z,Listed for rent,2023-02-09T00:00:00.000Z,Listing removed,2022-12-28T00:00:00.000Z,Price change,2022-10-26T00:00:00.000Z,Listed for rent,2022-09-30T00:00:00.000Z,Sold,2022-08-28T00:00:00.000Z,Contingent,2022-08-26T00:00:00.000Z,Listed for sale,2018-04-24T00:00:00.000Z,Sold,2018-03-07T00:00:00.000Z,Price change,2018-02-07T00:00:00.000Z,Listed for sale,2017-06-08T00:00:00.000Z,Listing removed,2017-05-10T00:00:00.000Z,Listed for sale,2014-05-05T00:00:00.000Z,Sold,2011-07-04T00:00:00.000Z,Listing removed,2011-06-09T00:00:00.000Z,Listed for sale,2006-08-02T00:00:00.000Z,Sold,2003-05-01T00:00:00.000Z,Sold,2000-09-22T00:00:00.000Z,Sold,,,,,,,,,,,,
"124 Im Dr, Maumelle, AR 72113",124 Im Dr,FOR_RENT,4,1500,1950,1950,48,https://www.zillow.com/homedetails/124-Im-Dr-Maumelle-AR-72113/2056969175_zpid/,/homedetails/124-Im-Dr-Maumelle-AR-72113/2056969175_zpid/,222925,2026-07-06T00:00:00.000Z,Listed for rent,2025-08-27T00:00:00.000Z,Listing removed,2025-07-18T00:00:00.000Z,Listed for rent,2024-08-21T00:00:00.000Z,Listing removed,2024-07-30T00:00:00.000Z,Listed for rent,2023-09-26T00:00:00.000Z,Sold,,,,,,,,,,,,,,,,,,,,,,,,,,,,,,,,,,,,,,,,,,,,
"(Undisclosed Address), Maumelle, AR 72113",(Undisclosed Address),FOR_RENT,3,1430,1700,1700,1,https://www.zillow.com/homedetails/Maumelle-AR-72113/326296_zpid/,/homedetails/Maumelle-AR-72113/326296_zpid/,295000,2026-08-22T00:00:00.000Z,Listed for rent,2025-10-31T00:00:00.000Z,Listing removed,2025-09-27T00:00:00.000Z,Price change,2025-08-03T00:00:00.000Z,Price change,2025-07-20T00:00:00.000Z,Listed for rent,2023-04-29T00:00:00.000Z,Listing removed,2023-04-28T00:00:00.000Z,Listed for rent,2023-04-20T00:00:00.000Z,Listing removed,2023-04-19T00:00:00.000Z,Listed for rent,2021-08-07T00:00:00.000Z,Listing removed,2021-08-05T00:00:00.000Z,Listed for rent,2021-07-28T00:00:00.000Z,Listing removed,2021-07-26T00:00:00.000Z,Listed for rent,2021-02-23T00:00:00.000Z,Listing removed,2020-07-23T00:00:00.000Z,Listing removed,2020-07-22T00:00:00.000Z,Price change,2020-07-20T00:00:00.000Z,Listed for rent,2019-10-31T00:00:00.000Z,Listing removed,2019-10-21T00:00:00.000Z,Price change,2019-10-01T00:00:00.000Z,Listed for rent,2018-08-19T00:00:00.000Z,Listing removed,2018-08-06T00:00:00.000Z,Listed for rent,2017-11-14T00:00:00.000Z,Listing removed,2017-10-11T00:00:00.000Z,Listed for rent,2014-05-06T00:00:00.000Z,Sold,2003-07-08T00:00:00.000Z,Sold,1998-12-11T00:00:00.000Z,Sold,1997-10-24T00:00:00.000Z,Sold
"10413 Cypress Knee Dr, Maumelle, AR 72113",10413 Cypress Knee Dr,FOR_RENT,3,1480,1800,1800,53,https://www.zillow.com/homedetails/10413-Cypress-Knee-Dr-Maumelle-AR-72113/2060938533_zpid/,/homedetails/10413-Cypress-Knee-Dr-Maumelle-AR-72113/2060938533_zpid/,,2026-07-01T00:00:00.000Z,Listed for rent,2025-04-22T00:00:00.000Z,Listing removed,2025-04-04T00:00:00.000Z,Listed for rent,2022-11-13T00:00:00.000Z,Listing removed,2022-10-25T00:00:00.000Z,Listed for rent,,,,,,,,,,,,,,,,,,,,,,,,,,,,,,,,,,,,,,,,,,,,,,
"7 Southland Dr, Maumelle, AR 72113",7 Southland Dr,FOR_RENT,2,925,850,850,54,https://www.zillow.com/homedetails/7-Southland-Dr-Maumelle-AR-72113/2109744736_zpid/,/homedetails/7-Southland-Dr-Maumelle-AR-72113/2109744736_zpid/,,2026-06-30T00:00:00.000Z,Listed for rent,2018-07-15T00:00:00.000Z,Listing removed,2018-06-28T00:00:00.000Z,Listed for rent,2016-06-28T00:00:00.000Z,Listing removed,2014-12-12T00:00:00.000Z,Listing removed,2014-07-29T00:00:00.000Z,Listed for rent,2013-12-30T00:00:00.000Z,Listing removed,2013-11-27T00:00:00.000Z,Listed for rent,,,,,,,,,,,,,,,,,,,,,,,,,,,,,,,,,,,,,,,,
"80 Garden Oaks Dr, Maumelle, AR 72113",80 Garden Oaks Dr,FOR_RENT,3,1300,1650,1650,40,https://www.zillow.com/homedetails/80-Garden-Oaks-Dr-Maumelle-AR-72113/326252_zpid/,/homedetails/80-Garden-Oaks-Dr-Maumelle-AR-72113/326252_zpid/,139900,,,,,,,,,,,,,,,,,,,,,,,,,,,,,,,,,,,,,,,,,,,,,,,,,,,,,,,,
"13 Holly Brook Cv, Maumelle, AR 72113",13 Holly Brook Cv,FOR_RENT,3,1272,1700,1700,26,https://www.zillow.com/homedetails/13-Holly-Brook-Cv-Maumelle-AR-72113/35734402_zpid/,/homedetails/13-Holly-Brook-Cv-Maumelle-AR-72113/35734402_zpid/,112749,2026-07-28T00:00:00.000Z,Listed for rent,2007-02-28T00:00:00.000Z,Sold,2002-10-07T00:00:00.000Z,Sold,2000-05-31T00:00:00.000Z,Sold,1997-06-09T00:00:00.000Z,Sold,,,,,,,,,,,,,,,,,,,,,,,,,,,,,,,,,,,,,,,,,,,,,,
"5 Stoneledge Dr, Maumelle, AR 72113",5 Stoneledge Dr,FOR_RENT,3,1755,1850,1850,9,https://www.zillow.com/homedetails/5-Stoneledge-Dr-Maumelle-AR-72113/326005_zpid/,/homedetails/5-Stoneledge-Dr-Maumelle-AR-72113/326005_zpid/,240000,2026-08-14T00:00:00.000Z,Listed for rent,2025-04-10T00:00:00.000Z,Listing removed,2025-03-28T00:00:00.000Z,Listed for rent,2025-02-06T00:00:00.000Z,Sold,2024-11-23T00:00:00.000Z,Listing removed,2024-07-30T00:00:00.000Z,Listed for rent,2015-02-24T00:00:00.000Z,Sold,,,,,,,,,,,,,,,,,,,,,,,,,,,,,,,,,,,,,,,,,,
"127 Chambery Dr, Maumelle, AR 72113",127 Chambery Dr,FOR_RENT,4,1651,2400,2400,30,https://www.zillow.com/homedetails/127-Chambery-Dr-Maumelle-AR-72113/122006196_zpid/,/homedetails/127-Chambery-Dr-Maumelle-AR-72113/122006196_zpid/,,2026-07-24T00:00:00.000Z,Listed for rent,2019-06-07T00:00:00.000Z,Listing removed,2019-03-21T00:00:00.000Z,Price change,2019-02-14T00:00:00.000Z,Listed for rent,2017-11-15T00:00:00.000Z,Listing removed,2017-08-30T00:00:00.000Z,Price change,2017-08-08T00:00:00.000Z,Price change,2017-04-27T00:00:00.000Z,Listed for rent,,,,,,,,,,,,,,,,,,,,,,,,,,,,,,,,,,,,,,,,
"2 Corbet Ln, Maumelle, AR 72113",2 Corbet Ln,FOR_RENT,3,1523,2300,2300,2,https://www.zillow.com/homedetails/2-Corbet-Ln-Maumelle-AR-72113/122005820_zpid/,/homedetails/2-Corbet-Ln-Maumelle-AR-72113/122005820_zpid/,,2026-08-21T00:00:00.000Z,Listed for rent,2025-04-21T00:00:00.000Z,Listing removed,2025-03-25T00:00:00.000Z,Price change,2025-03-04T00:00:00.000Z,Listed for rent,2025-01-27T00:00:00.000Z,Listing removed,2025-01-14T00:00:00.000Z,Price change,2025-01-13T00:00:00.000Z,Listed for rent,2022-11-11T00:00:00.000Z,Listing removed,2022-10-11T00:00:00.000Z,Listed for rent,2017-10-06T00:00:00.000Z,Listing removed,2017-08-30T00:00:00.000Z,Price change,2017-08-08T00:00:00.000Z,Price change,2017-06-26T00:00:00.000Z,Listed for rent,,,,,,,,,,,,,,,,,,,,,,,,,,,,,,
"81 Oak Forest Loop, Maumelle, AR 72113",81 Oak Forest Loop,FOR_RENT,3,1300,1700,1700,34,https://www.zillow.com/homedetails/81-Oak-Forest-Loop-Maumelle-AR-72113/326542_zpid/,/homedetails/81-Oak-Forest-Loop-Maumelle-AR-72113/326542_zpid/,145000,2026-07-20T00:00:00.000Z,Listed for rent,2021-01-15T00:00:00.000Z,Sold,2012-10-11T00:00:00.000Z,Sold,1997-04-16T00:00:00.000Z,Sold,,,,,,,,,,,,,,,,,,,,,,,,,,,,,,,,,,,,,,,,,,,,,,,,
"15 Iris Cv, Maumelle, AR 72113",15 Iris Cv,FOR_RENT,4,2320,2750,2750,24,https://www.zillow.com/homedetails/15-Iris-Cv-Maumelle-AR-72113/327989_zpid/,/homedetails/15-Iris-Cv-Maumelle-AR-72113/327989_zpid/,380000,2026-08-17T00:00:00.000Z,Price change,2026-07-30T00:00:00.000Z,Listed for rent,2026-07-24T00:00:00.000Z,Sold,2026-05-22T00:00:00.000Z,Listed for sale,2019-02-06T00:00:00.000Z,Sold,2019-01-22T00:00:00.000Z,Pending sale,2018-12-01T00:00:00.000Z,Price change,2018-10-03T00:00:00.000Z,Price change,2018-06-15T00:00:00.000Z,Listed for sale,2015-06-26T00:00:00.000Z,Sold,2002-05-24T00:00:00.000Z,Sold,2001-04-05T00:00:00.000Z,Sold,,,,,,,,,,,,,,,,,,,,,,,,,,,,,,,,
"17 Tahoe Ct, Cabot, AR 72023",17 Tahoe Ct,FOR_RENT,3,,1650,1650,20,https://www.zillow.com/homedetails/17-Tahoe-Ct-Cabot-AR-72023/99406119_zpid/,/homedetails/17-Tahoe-Ct-Cabot-AR-72023/99406119_zpid/,240000,2026-08-03T00:00:00.000Z,Listed for rent,2024-12-16T00:00:00.000Z,Sold,2024-11-21T00:00:00.000Z,Contingent,2024-11-14T00:00:00.000Z,Price change,2024-11-04T00:00:00.000Z,Price change,2024-10-10T00:00:00.000Z,Price change,2024-10-03T00:00:00.000Z,Price change,2024-09-26T00:00:00.000Z,Price change,2024-09-19T00:00:00.000Z,Price change,2024-09-13T00:00:00.000Z,Listing removed,2024-09-10T00:00:00.000Z,Price change,2024-08-28T00:00:00.000Z,Listed for sale,2024-07-24T00:00:00.000Z,Listed for rent,2024-07-24T00:00:00.000Z,Listing removed,2024-07-15T00:00:00.000Z,Price change,2024-07-08T00:00:00.000Z,Listed for sale,2023-09-25T00:00:00.000Z,Sold,2023-05-09T00:00:00.000Z,Listed for sale,,,,,,,,,,,,,,,,,,,,
"110 Vienne Pl, Maumelle, AR 72113",110 Vienne Pl,FOR_RENT,3,1553,1850,1850,1,https://www.zillow.com/homedetails/110-Vienne-Pl-Maumelle-AR-72113/118161409_zpid/,/homedetails/110-Vienne-Pl-Maumelle-AR-72113/118161409_zpid/,180000,2026-08-23T00:00:00.000Z,Listed for rent,2022-07-08T00:00:00.000Z,Listing removed,2022-07-02T00:00:00.000Z,Listed for sale,2019-06-02T00:00:00.000Z,Listing removed,2019-05-13T00:00:00.000Z,Listed for rent,2013-05-17T00:00:00.000Z,Sold,,,,,,,,,,,,,,,,,,,,,,,,,,,,,,,,,,,,,,,,,,,,
"4332 Sloan Dr, Alexander, AR 72002",4332 Sloan Dr,FOR_RENT,4,2112,2255,2255,26,https://www.zillow.com/homedetails/4332-Sloan-Dr-Alexander-AR-72002/464195265_zpid/,/homedetails/4332-Sloan-Dr-Alexander-AR-72002/464195265_zpid/,,2026-08-09T00:00:00.000Z,Listed for rent,,,,,,,,,,,,,,,,,,,,,,,,,,,,,,,,,,,,,,,,,,,,,,,,,,,,,,
"403 Carriage Dr, Benton, AR 72015",403 Carriage Dr,FOR_RENT,3,1400,1675,1675,16,https://www.zillow.com/homedetails/403-Carriage-Dr-Benton-AR-72015/247595015_zpid/,/homedetails/403-Carriage-Dr-Benton-AR-72015/247595015_zpid/,224000,2026-08-07T00:00:00.000Z,Listed for rent,2025-05-01T00:00:00.000Z,Listing removed,2025-04-18T00:00:00.000Z,Listed for rent,2025-04-16T00:00:00.000Z,Sold,2025-03-28T00:00:00.000Z,Contingent,2025-03-25T00:00:00.000Z,Listed for sale,2023-10-13T00:00:00.000Z,Sold,2017-08-18T00:00:00.000Z,Sold,,,,,,,,,,,,,,,,,,,,,,,,,,,,,,,,,,,,,,,,
"57 Stoneledge Dr, Maumelle, AR 72113",57 Stoneledge Dr,FOR_RENT,4,1961,1950,1950,3,https://www.zillow.com/homedetails/57-Stoneledge-Dr-Maumelle-AR-72113/326028_zpid/,/homedetails/57-Stoneledge-Dr-Maumelle-AR-72113/326028_zpid/,145000,2026-08-21T00:00:00.000Z,Listed for rent,2024-06-09T00:00:00.000Z,Listing removed,2024-05-08T00:00:00.000Z,Listed for rent,2024-04-23T00:00:00.000Z,Sold,2024-04-06T00:00:00.000Z,Listed for sale,2013-09-20T00:00:00.000Z,Sold,,,,,,,,,,,,,,,,,,,,,,,,,,,,,,,,,,,,,,,,,,,,
"148 Kelton Dr, Hensley, AR 72065",148 Kelton Dr,FOR_RENT,4,1907,2200,2200,17,https://www.zillow.com/homedetails/148-Kelton-Dr-Hensley-AR-72065/464384218_zpid/,/homedetails/148-Kelton-Dr-Hensley-AR-72065/464384218_zpid/,,2026-08-07T00:00:00.000Z,Listed for rent,,,,,,,,,,,,,,,,,,,,,,,,,,,,,,,,,,,,,,,,,,,,,,,,,,,,,,
"106 Wellshire Dr, Kings Mountain, NC 28086",106 Wellshire Dr,FOR_RENT,3,1800,1995,1995,8,https://www.zillow.com/homedetails/106-Wellshire-Dr-Kings-Mountain-NC-28086/338483288_zpid/,/homedetails/106-Wellshire-Dr-Kings-Mountain-NC-28086/338483288_zpid/,297900,2026-08-15T00:00:00.000Z,Listed for rent,2024-07-22T00:00:00.000Z,Listing removed,2024-07-10T00:00:00.000Z,Price change,2024-06-30T00:00:00.000Z,Listed for rent,2024-04-22T00:00:00.000Z,Listing removed,2024-04-22T00:00:00.000Z,Price change,2024-04-09T00:00:00.000Z,Price change,2024-03-30T00:00:00.000Z,Listed for rent,2021-10-29T00:00:00.000Z,Sold,,,,,,,,,,,,,,,,,,,,,,,,,,,,,,,,,,,,,,
"404 Marcella Dr, Kings Mountain, NC 28086",404 Marcella Dr,FOR_RENT,3,1507,2119,2119,13,https://www.zillow.com/homedetails/404-Marcella-Dr-Kings-Mountain-NC-28086/214091791_zpid/,/homedetails/404-Marcella-Dr-Kings-Mountain-NC-28086/214091791_zpid/,255000,2026-08-18T00:00:00.000Z,Price change,2026-08-11T00:00:00.000Z,Listed for rent,2021-08-17T00:00:00.000Z,Listing removed,2021-08-06T00:00:00.000Z,Price change,2021-07-22T00:00:00.000Z,Listed for rent,2021-06-24T00:00:00.000Z,Sold,2021-06-03T00:00:00.000Z,Pending sale,2021-05-26T00:00:00.000Z,Listed for sale,2016-05-24T00:00:00.000Z,Sold,,,,,,,,,,,,,,,,,,,,,,,,,,,,,,,,,,,,,,
"538 Belcaro Dr, Kings Mountain, NC 28086",538 Belcaro Dr,FOR_RENT,3,1800,2045,2045,23,https://www.zillow.com/homedetails/538-Belcaro-Dr-Kings-Mountain-NC-28086/339891879_zpid/,/homedetails/538-Belcaro-Dr-Kings-Mountain-NC-28086/339891879_zpid/,,2026-08-18T00:00:00.000Z,Price change,2026-08-12T00:00:00.000Z,Price change,2026-07-31T00:00:00.000Z,Listed for rent,2025-08-22T00:00:00.000Z,Listing removed,2025-08-12T00:00:00.000Z,Price change,2025-08-06T00:00:00.000Z,Price change,2025-07-30T00:00:00.000Z,Price change,2025-07-22T00:00:00.000Z,Price change,2025-07-15T00:00:00.000Z,Price change,2025-07-08T00:00:00.000Z,Price change,2025-07-01T00:00:00.000Z,Price change,2025-06-25T00:00:00.000Z,Listed for rent,2025-06-23T00:00:00.000Z,Listing removed,2025-06-17T00:00:00.000Z,Listed for rent,2025-04-17T00:00:00.000Z,Listing removed,2025-04-15T00:00:00.000Z,Price change,2025-03-31T00:00:00.000Z,Listed for rent,2022-08-11T00:00:00.000Z,Listing removed,2022-07-15T00:00:00.000Z,Listed for sale,,,,,,,,,,,,,,,,,,
"198 Deauville Dr, Maumelle, AR 72113",198 Deauville Dr,FOR_RENT,4,2210,2195,2195,4,https://www.zillow.com/homedetails/198-Deauville-Dr-Maumelle-AR-72113/328276_zpid/,/homedetails/198-Deauville-Dr-Maumelle-AR-72113/328276_zpid/,102000,2026-08-19T00:00:00.000Z,Listed for rent,2023-06-30T00:00:00.000Z,Listing removed,2023-06-21T00:00:00.000Z,Listed for rent,2022-03-29T00:00:00.000Z,Listing removed,2022-03-02T00:00:00.000Z,Listed for rent,2015-08-28T00:00:00.000Z,Sold,2015-08-24T00:00:00.000Z,Listed for sale,2005-07-12T00:00:00.000Z,Sold,2000-03-02T00:00:00.000Z,Sold,,,,,,,,,,,,,,,,,,,,,,,,,,,,,,,,,,,,,,
"2034 Shelby Rd, Kings Mountain, NC 28086",2034 Shelby Rd,FOR_RENT,3,910,1250,1250,93,https://www.zillow.com/homedetails/2034-Shelby-Rd-Kings-Mountain-NC-28086/93001483_zpid/,/homedetails/2034-Shelby-Rd-Kings-Mountain-NC-28086/93001483_zpid/,,2026-05-23T00:00:00.000Z,Listed for rent,2025-11-06T00:00:00.000Z,Listing removed,2025-10-06T00:00:00.000Z,Listed for rent,2025-06-28T00:00:00.000Z,Listing removed,2025-06-25T00:00:00.000Z,Listed for rent,,,,,,,,,,,,,,,,,,,,,,,,,,,,,,,,,,,,,,,,,,,,,,
"723 Lackey St, Kings Mountain, NC 28086",723 Lackey St,FOR_RENT,3,1446,1650,1650,3,https://www.zillow.com/homedetails/723-Lackey-St-Kings-Mountain-NC-28086/464708606_zpid/,/homedetails/723-Lackey-St-Kings-Mountain-NC-28086/464708606_zpid/,,2026-08-21T00:00:00.000Z,Price change,2026-08-20T00:00:00.000Z,Listed for rent,,,,,,,,,,,,,,,,,,,,,,,,,,,,,,,,,,,,,,,,,,,,,,,,,,,,
"222 18th Ave SE, Hickory, NC 28602",222 18th Ave SE,FOR_RENT,4,1776,2100,2100,8,https://www.zillow.com/homedetails/222-18th-Ave-SE-Hickory-NC-28602/71920382_zpid/,/homedetails/222-18th-Ave-SE-Hickory-NC-28602/71920382_zpid/,149000,2026-08-16T00:00:00.000Z,Listed for rent,2015-09-18T00:00:00.000Z,Listing removed,2015-09-05T00:00:00.000Z,Listed for rent,2014-09-04T00:00:00.000Z,Listing removed,2014-04-18T00:00:00.000Z,Listed for sale,2012-04-06T00:00:00.000Z,Listing removed,2011-09-29T00:00:00.000Z,Listed for sale,2009-10-28T00:00:00.000Z,Sold,2005-08-19T00:00:00.000Z,Sold,,,,,,,,,,,,,,,,,,,,,,,,,,,,,,,,,,,,,,
"107 Raintree Dr, Kings Mountain, NC 28086",107 Raintree Dr,FOR_RENT,3,1525,1650,1650,0,https://www.zillow.com/homedetails/107-Raintree-Dr-Kings-Mountain-NC-28086/78268824_zpid/,/homedetails/107-Raintree-Dr-Kings-Mountain-NC-28086/78268824_zpid/,78100,2026-08-24T00:00:00.000Z,Listed for rent,2019-01-05T00:00:00.000Z,Listing removed,2019-01-02T00:00:00.000Z,Listed for rent,2014-12-19T00:00:00.000Z,Sold,,,,,,,,,,,,,,,,,,,,,,,,,,,,,,,,,,,,,,,,,,,,,,,,
"231 Brinkley Dr, Kings Mountain, NC 28086",231 Brinkley Dr,FOR_RENT,5,2400,2595,2595,38,https://www.zillow.com/homedetails/231-Brinkley-Dr-Kings-Mountain-NC-28086/349365612_zpid/,/homedetails/231-Brinkley-Dr-Kings-Mountain-NC-28086/349365612_zpid/,332000,2026-08-07T00:00:00.000Z,Price change,2026-07-16T00:00:00.000Z,Listed for rent,2026-07-10T00:00:00.000Z,Sold,2026-05-14T00:00:00.000Z,Listed for sale,2026-05-10T00:00:00.000Z,Listing removed,2026-03-03T00:00:00.000Z,Price change,2026-02-05T00:00:00.000Z,Price change,2025-11-06T00:00:00.000Z,Listed for sale,2024-10-25T00:00:00.000Z,Sold,2024-08-21T00:00:00.000Z,Price change,2024-08-14T00:00:00.000Z,Price change,2024-07-09T00:00:00.000Z,Price change,2024-05-07T00:00:00.000Z,Price change,2024-05-04T00:00:00.000Z,Listed for sale,,,,,,,,,,,,,,,,,,,,,,,,,,,,
"2130 10th St SE, Hickory, NC 28602",2130 10th St SE,FOR_RENT,4,2174,2250,2250,16,https://www.zillow.com/homedetails/2130-10th-St-SE-Hickory-NC-28602/463122074_zpid/,/homedetails/2130-10th-St-SE-Hickory-NC-28602/463122074_zpid/,,2026-08-07T00:00:00.000Z,Listed for rent,2026-07-20T00:00:00.000Z,Listing removed,2026-07-17T00:00:00.000Z,Price change,2026-06-11T00:00:00.000Z,Listed for sale,,,,,,,,,,,,,,,,,,,,,,,,,,,,,,,,,,,,,,,,,,,,,,,,
"5944 Bakers Point, Hickory, NC 28602",5944 Bakers Point,FOR_RENT,5,3953,3600,3600,5,https://www.zillow.com/homedetails/5944-Bakers-Point-Hickory-NC-28602/98192272_zpid/,/homedetails/5944-Bakers-Point-Hickory-NC-28602/98192272_zpid/,90000,2026-08-18T00:00:00.000Z,Listed for rent,2026-08-13T00:00:00.000Z,Listing removed,2026-07-27T00:00:00.000Z,Price change,2026-06-23T00:00:00.000Z,Price change,2026-04-30T00:00:00.000Z,Listed for sale,2026-03-01T00:00:00.000Z,Listing removed,2025-11-14T00:00:00.000Z,Listed for sale,2024-12-12T00:00:00.000Z,Sold,2024-11-12T00:00:00.000Z,Listed for sale,2022-10-23T00:00:00.000Z,Listing removed,2022-07-25T00:00:00.000Z,Listed for sale,2011-06-20T00:00:00.000Z,Sold,2011-04-15T00:00:00.000Z,Listed for sale,2011-02-18T00:00:00.000Z,Sold,,,,,,,,,,,,,,,,,,,,,,,,,,,,
"206 Churchill Dr, Kings Mountain, NC 28086",206 Churchill Dr,FOR_RENT,4,1710,1969,1969,40,https://www.zillow.com/homedetails/206-Churchill-Dr-Kings-Mountain-NC-28086/336757347_zpid/,/homedetails/206-Churchill-Dr-Kings-Mountain-NC-28086/336757347_zpid/,218000,2026-08-18T00:00:00.000Z,Price change,2026-08-11T00:00:00.000Z,Price change,2026-08-04T00:00:00.000Z,Price change,2026-07-14T00:00:00.000Z,Listed for rent,2025-08-22T00:00:00.000Z,Listing removed,2025-08-20T00:00:00.000Z,Price change,2025-08-13T00:00:00.000Z,Price change,2025-08-06T00:00:00.000Z,Price change,2025-08-02T00:00:00.000Z,Price change,2025-07-29T00:00:00.000Z,Price change,2025-07-23T00:00:00.000Z,Listed for rent,2025-03-26T00:00:00.000Z,Listing removed,2025-03-26T00:00:00.000Z,Price change,2025-03-19T00:00:00.000Z,Price change,2025-02-26T00:00:00.000Z,Listed for rent,2023-03-17T00:00:00.000Z,Listing removed,2023-03-09T00:00:00.000Z,Price change,2023-03-01T00:00:00.000Z,Price change,2023-01-26T00:00:00.000Z,Price change,2023-01-21T00:00:00.000Z,Price change,2023-01-11T00:00:00.000Z,Listed for rent,2022-11-10T00:00:00.000Z,Sold,2022-10-18T00:00:00.000Z,Pending sale,2020-10-01T00:00:00.000Z,Sold,,,,,,,,
"504 12th Ave NE, Hickory, NC 28601",504 12th Ave NE,FOR_RENT,3,1334,1595,1595,23,https://www.zillow.com/homedetails/504-12th-Ave-NE-Hickory-NC-28601/461605081_zpid/,/homedetails/504-12th-Ave-NE-Hickory-NC-28601/461605081_zpid/,430000,2026-07-31T00:00:00.000Z,Listed for rent,2026-05-29T00:00:00.000Z,Sold,2026-04-10T00:00:00.000Z,Pending sale,2026-04-09T00:00:00.000Z,Listed for sale,,,,,,,,,,,,,,,,,,,,,,,,,,,,,,,,,,,,,,,,,,,,,,,,
"1417 17th Ave NE, Hickory, NC 28601",1417 17th Ave NE,FOR_RENT,3,1400,1725,1725,16,https://www.zillow.com/homedetails/1417-17th-Ave-NE-Hickory-NC-28601/71551010_zpid/,/homedetails/1417-17th-Ave-NE-Hickory-NC-28601/71551010_zpid/,99000,2026-08-21T00:00:00.000Z,Price change,2026-08-07T00:00:00.000Z,Listed for rent,2006-11-13T00:00:00.000Z,Sold,,,,,,,,,,,,,,,,,,,,,,,,,,,,,,,,,,,,,,,,,,,,,,,,,,
"2625 Rolling Ridge Dr, Hickory, NC 28602",2625 Rolling Ridge Dr,FOR_RENT,4,3747,3000,3000,5,https://www.zillow.com/homedetails/2625-Rolling-Ridge-Dr-Hickory-NC-28602/71554898_zpid/,/homedetails/2625-Rolling-Ridge-Dr-Hickory-NC-28602/71554898_zpid/,447000,2026-08-18T00:00:00.000Z,Listed for rent,2022-02-22T00:00:00.000Z,Sold,2022-01-02T00:00:00.000Z,Pending sale,2021-12-09T00:00:00.000Z,Listed for sale,2018-12-18T00:00:00.000Z,Listing removed,2018-10-16T00:00:00.000Z,Price change,2018-10-05T00:00:00.000Z,Price change,2018-09-23T00:00:00.000Z,Price change,2018-09-07T00:00:00.000Z,Listed for sale,2012-05-14T00:00:00.000Z,Sold,2012-04-14T00:00:00.000Z,Price change,2012-03-14T00:00:00.000Z,Listed for sale,2011-12-14T00:00:00.000Z,Sold,2011-05-10T00:00:00.000Z,Price change,2011-02-16T00:00:00.000Z,Listed for sale,,,,,,,,,,,,,,,,,,,,,,,,,,
"1423 Mammoth Rd, Hickory, NC 28602",1423 Mammoth Rd,FOR_RENT,4,1927,2195,2195,41,https://www.zillow.com/homedetails/1423-Mammoth-Rd-Hickory-NC-28602/461722831_zpid/,/homedetails/1423-Mammoth-Rd-Hickory-NC-28602/461722831_zpid/,,2026-07-14T00:00:00.000Z,Listed for rent,2026-05-26T00:00:00.000Z,Listing removed,2026-05-19T00:00:00.000Z,Price change,2026-04-15T00:00:00.000Z,Listed for sale,,,,,,,,,,,,,,,,,,,,,,,,,,,,,,,,,,,,,,,,,,,,,,,,
"2035 2nd St NW, Hickory, NC 28601",2035 2nd St NW,FOR_RENT,4,2958,3400,3400,5,https://www.zillow.com/homedetails/2035-2nd-St-NW-Hickory-NC-28601/71547887_zpid/,/homedetails/2035-2nd-St-NW-Hickory-NC-28601/71547887_zpid/,525000,2026-08-18T00:00:00.000Z,Listed for rent,2025-01-07T00:00:00.000Z,Sold,2018-06-20T00:00:00.000Z,Sold,2018-05-14T00:00:00.000Z,Pending sale,2017-08-08T00:00:00.000Z,Listed for sale,,,,,,,,,,,,,,,,,,,,,,,,,,,,,,,,,,,,,,,,,,,,,,
"1936 Eigth St, Hickory, NC 28602",1936 Eigth St,FOR_RENT,3,1695,1795,1795,60,https://www.zillow.com/homedetails/1936-Eigth-St-Hickory-NC-28602/2052991619_zpid/,/homedetails/1936-Eigth-St-Hickory-NC-28602/2052991619_zpid/,,2026-08-14T00:00:00.000Z,Price change,2026-07-27T00:00:00.000Z,Price change,2026-07-07T00:00:00.000Z,Price change,2026-06-24T00:00:00.000Z,Listed for rent,2024-03-28T00:00:00.000Z,Listing removed,2024-03-18T00:00:00.000Z,Price change,2024-03-05T00:00:00.000Z,Price change,2024-02-22T00:00:00.000Z,Price change,2024-02-21T00:00:00.000Z,Price change,2024-02-01T00:00:00.000Z,Listed for rent,,,,,,,,,,,,,,,,,,,,,,,,,,,,,,,,,,,,
"1533 S Battleground Ave, Kings Mountain, NC 28086",1533 S Battleground Ave,FOR_RENT,3,1320,1900,1900,16,https://www.zillow.com/homedetails/1533-S-Battleground-Ave-Kings-Mountain-NC-28086/464400646_zpid/,/homedetails/1533-S-Battleground-Ave-Kings-Mountain-NC-28086/464400646_zpid/,,2026-08-07T00:00:00.000Z,Listed for rent,,,,,,,,,,,,,,,,,,,,,,,,,,,,,,,,,,,,,,,,,,,,,,,,,,,,,,
"512 12th Ave NE, Hickory, NC 28601",512 12th Ave NE,FOR_RENT,3,1334,1595,1595,41,https://www.zillow.com/homedetails/512-12th-Ave-NE-Hickory-NC-28601/463832995_zpid/,/homedetails/512-12th-Ave-NE-Hickory-NC-28601/463832995_zpid/,,2026-07-13T00:00:00.000Z,Listed for rent,,,,,,,,,,,,,,,,,,,,,,,,,,,,,,,,,,,,,,,,,,,,,,,,,,,,,,
"755 2nd Ave SW, Hickory, NC 28602",755 2nd Ave SW,FOR_RENT,6,2779,3650,3650,46,https://www.zillow.com/homedetails/755-2nd-Ave-SW-Hickory-NC-28602/71962373_zpid/,/homedetails/755-2nd-Ave-SW-Hickory-NC-28602/71962373_zpid/,200000,2026-07-08T00:00:00.000Z,Listed for rent,2023-10-20T00:00:00.000Z,Sold,2010-10-28T00:00:00.000Z,Sold,2010-09-02T00:00:00.000Z,Price change,2010-05-22T00:00:00.000Z,Listed for sale,,,,,,,,,,,,,,,,,,,,,,,,,,,,,,,,,,,,,,,,,,,,,,
"667 13th Avenue Dr NE, Hickory, NC 28601",667 13th Avenue Dr NE,FOR_RENT,4,2174,2355,2355,40,https://www.zillow.com/homedetails/667-13th-Avenue-Dr-NE-Hickory-NC-28601/461540370_zpid/,/homedetails/667-13th-Avenue-Dr-NE-Hickory-NC-28601/461540370_zpid/,,2026-07-14T00:00:00.000Z,Listed for rent,2026-05-18T00:00:00.000Z,Listing removed,2026-04-07T00:00:00.000Z,Listed for sale,,,,,,,,,,,,,,,,,,,,,,,,,,,,,,,,,,,,,,,,,,,,,,,,,,
"2781 19th Ave NE, Hickory, NC 28601",2781 19th Ave NE,FOR_RENT,3,2500,2200,2200,6,https://www.zillow.com/homedetails/2781-19th-Ave-NE-Hickory-NC-28601/71935770_zpid/,/homedetails/2781-19th-Ave-NE-Hickory-NC-28601/71935770_zpid/,,2026-08-17T00:00:00.000Z,Listed for rent,2025-10-14T00:00:00.000Z,Listing removed,2025-09-27T00:00:00.000Z,Price change,2025-09-15T00:00:00.000Z,Listed for rent,2025-07-13T00:00:00.000Z,Listing removed,2025-07-10T00:00:00.000Z,Listed for rent,2025-06-29T00:00:00.000Z,Listing removed,2025-05-31T00:00:00.000Z,Price change,2025-05-27T00:00:00.000Z,Price change,2025-05-10T00:00:00.000Z,Price change,2025-04-26T00:00:00.000Z,Listed for rent,,,,,,,,,,,,,,,,,,,,,,,,,,,,,,,,,,
"12239 Skyview Dr, Bauxite, AR 72011",12239 Skyview Dr,FOR_RENT,4,1600,1600,1600,75,https://www.zillow.com/homedetails/12239-Skyview-Dr-Bauxite-AR-72011/71715798_zpid/,/homedetails/12239-Skyview-Dr-Bauxite-AR-72011/71715798_zpid/,135000,2026-08-11T00:00:00.000Z,Price change,2026-07-30T00:00:00.000Z,Price change,2026-06-09T00:00:00.000Z,Listed for rent,2024-05-15T00:00:00.000Z,Sold,2021-02-06T00:00:00.000Z,Sold,2020-10-27T00:00:00.000Z,Price change,2020-09-10T00:00:00.000Z,Listed for sale,2008-07-10T00:00:00.000Z,Sold,,,,,,,,,,,,,,,,,,,,,,,,,,,,,,,,,,,,,,,,
"1339 37th Avenue Ln NE, Hickory, NC 28601",1339 37th Avenue Ln NE,FOR_RENT,4,1613,2100,2100,31,https://www.zillow.com/homedetails/1339-37th-Avenue-Ln-NE-Hickory-NC-28601/443216841_zpid/,/homedetails/1339-37th-Avenue-Ln-NE-Hickory-NC-28601/443216841_zpid/,,2026-08-17T00:00:00.000Z,Price change,2026-07-23T00:00:00.000Z,Listed for rent,2026-02-11T00:00:00.000Z,Listing removed,2026-01-28T00:00:00.000Z,Price change,2026-01-21T00:00:00.000Z,Price change,2026-01-13T00:00:00.000Z,Price change,2025-11-03T00:00:00.000Z,Listed for rent,2025-08-12T00:00:00.000Z,Listing removed,2025-06-24T00:00:00.000Z,Listed for sale,2025-03-30T00:00:00.000Z,Listing removed,2024-12-09T00:00:00.000Z,Listed for sale,,,,,,,,,,,,,,,,,,,,,,,,,,,,,,,,,,
"115 Beckett Mountain Rd, Mount Vernon, AR 72111",115 Beckett Mountain Rd,FOR_RENT,3,2619,2500,2500,32,https://www.zillow.com/homedetails/115-Beckett-Mountain-Rd-Mount-Vernon-AR-72111/305852421_zpid/,/homedetails/115-Beckett-Mountain-Rd-Mount-Vernon-AR-72111/305852421_zpid/,129000,2026-07-22T00:00:00.000Z,Listed for rent,2006-01-09T00:00:00.000Z,Sold,2005-10-25T00:00:00.000Z,Sold,,,,,,,,,,,,,,,,,,,,,,,,,,,,,,,,,,,,,,,,,,,,,,,,,,
"37 Saint John St, Cabot, AR 72023",37 Saint John St,FOR_RENT,3,1188,1350,1350,54,https://www.zillow.com/homedetails/37-Saint-John-St-Cabot-AR-72023/253499_zpid/,/homedetails/37-Saint-John-St-Cabot-AR-72023/253499_zpid/,81500,2026-03-31T00:00:00.000Z,Listed for rent,2026-03-26T00:00:00.000Z,Sold,2026-03-19T00:00:00.000Z,Contingent,2026-03-14T00:00:00.000Z,Price change,2026-02-27T00:00:00.000Z,Price change,2026-01-28T00:00:00.000Z,Listed for sale,2016-05-26T00:00:00.000Z,Sold,2016-04-08T00:00:00.000Z,Listed for sale,2013-05-16T00:00:00.000Z,Sold,,,,,,,,,,,,,,,,,,,,,,,,,,,,,,,,,,,,,,
"765 8th Avenue Dr SE, Hickory, NC 28602",765 8th Avenue Dr SE,FOR_RENT,3,1463,1750,1750,62,https://www.zillow.com/homedetails/765-8th-Avenue-Dr-SE-Hickory-NC-28602/71963561_zpid/,/homedetails/765-8th-Avenue-Dr-SE-Hickory-NC-28602/71963561_zpid/,110000,2026-08-20T00:00:00.000Z,Price change,2026-06-22T00:00:00.000Z,Listed for rent,2023-05-15T00:00:00.000Z,Listing removed,2023-04-28T00:00:00.000Z,Price change,2023-04-07T00:00:00.000Z,Listed for rent,2023-01-25T00:00:00.000Z,Sold,2013-09-03T00:00:00.000Z,Sold,2006-10-20T00:00:00.000Z,Sold,,,,,,,,,,,,,,,,,,,,,,,,,,,,,,,,,,,,,,,,
"48 Dunnaway Dr, Austin, AR 72007",48 Dunnaway Dr,OTHER,3,1422,0,0,68,https://www.zillow.com/homedetails/48-Dunnaway-Dr-Austin-AR-72007/2061250796_zpid/,/homedetails/48-Dunnaway-Dr-Austin-AR-72007/2061250796_zpid/,,2026-07-31T00:00:00.000Z,Listing removed,2026-07-23T00:00:00.000Z,Price change,2026-06-17T00:00:00.000Z,Listed for rent,2024-07-26T00:00:00.000Z,Listing removed,2024-07-23T00:00:00.000Z,Listed for rent,2023-03-09T00:00:00.000Z,Listing removed,2023-03-03T00:00:00.000Z,Price change,2023-02-28T00:00:00.000Z,Price change,2023-02-06T00:00:00.000Z,Listed for rent,2022-12-17T00:00:00.000Z,Listing removed,2022-11-30T00:00:00.000Z,Price change,2022-11-04T00:00:00.000Z,Price change,2022-10-04T00:00:00.000Z,Listed for sale,,,,,,,,,,,,,,,,,,,,,,,,,,,,,,
"1504 McCurdy, Benton, AR 72019",1504 McCurdy,FOR_RENT,4,1725,1750,1750,13,https://www.zillow.com/homedetails/1504-McCurdy-Benton-AR-72019/388159_zpid/,/homedetails/1504-McCurdy-Benton-AR-72019/388159_zpid/,21500,2026-08-23T00:00:00.000Z,Price change,2026-08-15T00:00:00.000Z,Price change,2026-08-11T00:00:00.000Z,Listed for rent,2022-12-09T00:00:00.000Z,Listing removed,2022-12-05T00:00:00.000Z,Listed for rent,2017-02-06T00:00:00.000Z,Listing removed,2017-01-19T00:00:00.000Z,Listed for rent,2015-11-02T00:00:00.000Z,Listing removed,2015-10-14T00:00:00.000Z,Listed for sale,2015-09-10T00:00:00.000Z,Listing removed,2015-08-31T00:00:00.000Z,Listed for sale,2015-02-17T00:00:00.000Z,Sold,2014-03-05T00:00:00.000Z,Sold,2013-07-03T00:00:00.000Z,Sold,,,,,,,,,,,,,,,,,,,,,,,,,,,,
"14108 Cherry Hill Dr, Alexander, AR 72002",14108 Cherry Hill Dr,FOR_RENT,3,1100,1475,1475,11,https://www.zillow.com/homedetails/14108-Cherry-Hill-Dr-Alexander-AR-72002/52934816_zpid/,/homedetails/14108-Cherry-Hill-Dr-Alexander-AR-72002/52934816_zpid/,155000,2026-08-12T00:00:00.000Z,Listed for rent,2026-06-22T00:00:00.000Z,Listing removed,2026-06-05T00:00:00.000Z,Listed for rent,2025-03-08T00:00:00.000Z,Listing removed,2025-02-04T00:00:00.000Z,Listed for rent,2023-10-25T00:00:00.000Z,Listing removed,2023-10-12T00:00:00.000Z,Listed for rent,2023-03-31T00:00:00.000Z,Listing removed,2023-03-27T00:00:00.000Z,Listed for rent,2023-03-10T00:00:00.000Z,Sold,,,,,,,,,,,,,,,,,,,,,,,,,,,,,,,,,,,,
"1610 Raden St, Conway, AR 72032",1610 Raden St,FOR_RENT,3,1243,1650,1650,11,https://www.zillow.com/homedetails/1610-Raden-St-Conway-AR-72032/2066419442_zpid/,/homedetails/1610-Raden-St-Conway-AR-72032/2066419442_zpid/,,2026-08-12T00:00:00.000Z,Listed for rent,2025-10-04T00:00:00.000Z,Listing removed,2025-10-03T00:00:00.000Z,Listed for rent,2025-10-03T00:00:00.000Z,Listing removed,2025-07-18T00:00:00.000Z,Listed for rent,2023-12-30T00:00:00.000Z,Listing removed,2023-12-29T00:00:00.000Z,Listed for rent,2023-12-28T00:00:00.000Z,Listing removed,2023-12-01T00:00:00.000Z,Price change,2023-09-08T00:00:00.000Z,Listed for rent,2023-04-19T00:00:00.000Z,Listing removed,2023-03-28T00:00:00.000Z,Listed for rent,2022-04-21T00:00:00.000Z,Listing removed,2022-02-16T00:00:00.000Z,Listed for rent,,,,,,,,,,,,,,,,,,,,,,,,,,,,
"201 Oliver St, Conway, AR 72034",201 Oliver St,FOR_RENT,3,1456,1450,1450,11,https://www.zillow.com/homedetails/201-Oliver-St-Conway-AR-72034/235449_zpid/,/homedetails/201-Oliver-St-Conway-AR-72034/235449_zpid/,149000,2026-08-12T00:00:00.000Z,Listed for rent,2024-07-23T00:00:00.000Z,Listing removed,2024-07-02T00:00:00.000Z,Listed for rent,2022-04-29T00:00:00.000Z,Listing removed,2022-04-28T00:00:00.000Z,Listed for rent,2022-04-15T00:00:00.000Z,Listing removed,2022-03-31T00:00:00.000Z,Listed for rent,2010-07-14T00:00:00.000Z,Sold,,,,,,,,,,,,,,,,,,,,,,,,,,,,,,,,,,,,,,,,
"3236 Dapple Gray Rd, Benton, AR 72015",3236 Dapple Gray Rd,FOR_RENT,4,2276,2495,2495,2,https://www.zillow.com/homedetails/3236-Dapple-Gray-Rd-Benton-AR-72015/199778641_zpid/,/homedetails/3236-Dapple-Gray-Rd-Benton-AR-72015/199778641_zpid/,355000,2026-08-21T00:00:00.000Z,Listed for rent,2026-07-01T00:00:00.000Z,Listing removed,2026-06-17T00:00:00.000Z,Listed for rent,2026-06-13T00:00:00.000Z,Listing removed,2026-06-02T00:00:00.000Z,Price change,2026-04-18T00:00:00.000Z,Listed for sale,2026-04-06T00:00:00.000Z,Pending sale,2026-03-28T00:00:00.000Z,Listed for sale,2024-10-17T00:00:00.000Z,Sold,2024-09-20T00:00:00.000Z,Listed for sale,2024-09-17T00:00:00.000Z,Contingent,2024-09-13T00:00:00.000Z,Listed for sale,2023-05-26T00:00:00.000Z,Sold,2023-04-24T00:00:00.000Z,Contingent,2023-04-19T00:00:00.000Z,Listed for sale,2020-06-03T00:00:00.000Z,Sold,2020-04-13T00:00:00.000Z,Listed for sale,2017-03-13T00:00:00.000Z,Sold,,,,,,,,,,,,,,,,,,,,
"1845 Arden Ln, Conway, AR 72034",1845 Arden Ln,FOR_RENT,3,1205,1650,1650,38,https://www.zillow.com/homedetails/1845-Arden-Ln-Conway-AR-72034/71714882_zpid/,/homedetails/1845-Arden-Ln-Conway-AR-72034/71714882_zpid/,139000,2026-07-17T00:00:00.000Z,Listed for rent,2024-07-03T00:00:00.000Z,Listing removed,2024-06-25T00:00:00.000Z,Listed for rent,2023-02-27T00:00:00.000Z,Listing removed,2023-02-22T00:00:00.000Z,Listed for rent,2021-01-19T00:00:00.000Z,Listing removed,2021-01-09T00:00:00.000Z,Listed for rent,2020-12-16T00:00:00.000Z,Sold,,,,,,,,,,,,,,,,,,,,,,,,,,,,,,,,,,,,,,,,
"17024 Congo Ferndale Rd, Little Rock, AR 72210",17024 Congo Ferndale Rd,FOR_RENT,4,1590,1675,1675,74,https://www.zillow.com/homedetails/17024-Congo-Ferndale-Rd-Little-Rock-AR-72210/370120_zpid/,/homedetails/17024-Congo-Ferndale-Rd-Little-Rock-AR-72210/370120_zpid/,279500,2026-06-10T00:00:00.000Z,Listed for rent,2020-09-11T00:00:00.000Z,Listing removed,2020-07-23T00:00:00.000Z,Listed for rent,2018-05-13T00:00:00.000Z,Listing removed,2018-01-31T00:00:00.000Z,Listed for rent,2017-03-29T00:00:00.000Z,Sold,,,,,,,,,,,,,,,,,,,,,,,,,,,,,,,,,,,,,,,,,,,,
"4660 Graham Dr, Conway, AR 72034",4660 Graham Dr,FOR_RENT,3,1172,1400,1400,3,https://www.zillow.com/homedetails/4660-Graham-Dr-Conway-AR-72034/59917937_zpid/,/homedetails/4660-Graham-Dr-Conway-AR-72034/59917937_zpid/,109000,2026-08-20T00:00:00.000Z,Listed for rent,2023-05-19T00:00:00.000Z,Listing removed,2023-05-18T00:00:00.000Z,Listed for rent,2009-06-22T00:00:00.000Z,Sold,,,,,,,,,,,,,,,,,,,,,,,,,,,,,,,,,,,,,,,,,,,,,,,,
"5694 Claridge Dr, Hickory, NC 28602",5694 Claridge Dr,FOR_RENT,3,2200,2150,2150,93,https://www.zillow.com/homedetails/5694-Claridge-Dr-Hickory-NC-28602/71906250_zpid/,/homedetails/5694-Claridge-Dr-Hickory-NC-28602/71906250_zpid/,113500,2026-05-22T00:00:00.000Z,Listed for rent,2024-09-13T00:00:00.000Z,Listing removed,2024-08-02T00:00:00.000Z,Listed for rent,2000-11-03T00:00:00.000Z,Sold,,,,,,,,,,,,,,,,,,,,,,,,,,,,,,,,,,,,,,,,,,,,,,,,
"608 S Baridon St, Conway, AR 72034",608 S Baridon St,FOR_RENT,3,1997,1695,1695,15,https://www.zillow.com/homedetails/608-S-Baridon-St-Conway-AR-72034/236173_zpid/,/homedetails/608-S-Baridon-St-Conway-AR-72034/236173_zpid/,132500,2026-08-18T00:00:00.000Z,Price change,2026-08-08T00:00:00.000Z,Listed for rent,2026-07-28T00:00:00.000Z,Listing removed,2026-07-06T00:00:00.000Z,Listed for rent,2026-04-27T00:00:00.000Z,Listing removed,2026-04-01T00:00:00.000Z,Price change,2022-11-28T00:00:00.000Z,Price change,2022-11-03T00:00:00.000Z,Listed for rent,2018-10-17T00:00:00.000Z,Sold,2018-09-20T00:00:00.000Z,Pending sale,2018-08-24T00:00:00.000Z,Listed for sale,2015-07-07T00:00:00.000Z,Sold,,,,,,,,,,,,,,,,,,,,,,,,,,,,,,,,
"227 Iris St, Haskell, AR 72015",227 Iris St,FOR_RENT,3,1420,1795,1795,27,https://www.zillow.com/homedetails/227-Iris-St-Haskell-AR-72015/2060765172_zpid/,/homedetails/227-Iris-St-Haskell-AR-72015/2060765172_zpid/,195000,2026-07-27T00:00:00.000Z,Listed for rent,2023-02-16T00:00:00.000Z,Listing removed,2023-02-08T00:00:00.000Z,Price change,2023-01-26T00:00:00.000Z,Price change,2022-12-09T00:00:00.000Z,Listed for rent,2022-11-10T00:00:00.000Z,Sold,,,,,,,,,,,,,,,,,,,,,,,,,,,,,,,,,,,,,,,,,,,,
"1660 Arden Ln, Conway, AR 72034",1660 Arden Ln,FOR_RENT,3,1200,1500,1500,10,https://www.zillow.com/homedetails/1660-Arden-Ln-Conway-AR-72034/71714817_zpid/,/homedetails/1660-Arden-Ln-Conway-AR-72034/71714817_zpid/,112000,2026-08-13T00:00:00.000Z,Listed for rent,2024-06-10T00:00:00.000Z,Listing removed,2024-06-02T00:00:00.000Z,Listed for rent,2021-03-24T00:00:00.000Z,Listing removed,2018-07-07T00:00:00.000Z,Listing removed,2018-06-28T00:00:00.000Z,Listed for rent,2015-07-16T00:00:00.000Z,Listing removed,2015-07-07T00:00:00.000Z,Sold,2015-07-02T00:00:00.000Z,Listed for rent,2006-09-05T00:00:00.000Z,Sold,,,,,,,,,,,,,,,,,,,,,,,,,,,,,,,,,,,,
"3001 Wild Berry Dr, Benton, AR 72015",3001 Wild Berry Dr,FOR_RENT,3,1486,1725,1725,2,https://www.zillow.com/homedetails/3001-Wild-Berry-Dr-Benton-AR-72015/71716346_zpid/,/homedetails/3001-Wild-Berry-Dr-Benton-AR-72015/71716346_zpid/,184900,2026-08-21T00:00:00.000Z,Listed for rent,2024-07-31T00:00:00.000Z,Listing removed,2024-07-05T00:00:00.000Z,Listed for rent,2023-04-21T00:00:00.000Z,Listing removed,2023-04-19T00:00:00.000Z,Listed for rent,2022-03-28T00:00:00.000Z,Listing removed,2022-03-24T00:00:00.000Z,Price change,2022-03-11T00:00:00.000Z,Listed for rent,2022-02-01T00:00:00.000Z,Sold,2022-02-01T00:00:00.000Z,Contingent,2022-01-06T00:00:00.000Z,Listed for sale,2020-08-31T00:00:00.000Z,Sold,2020-07-10T00:00:00.000Z,Listed for sale,2008-07-11T00:00:00.000Z,Sold,,,,,,,,,,,,,,,,,,,,,,,,,,,,
"1267 Hamilton St, Conway, AR 72032",1267 Hamilton St,FOR_RENT,3,1056,1233,1233,4,https://www.zillow.com/homedetails/1267-Hamilton-St-Conway-AR-72032/234905_zpid/,/homedetails/1267-Hamilton-St-Conway-AR-72032/234905_zpid/,52000,2026-08-20T00:00:00.000Z,Listed for rent,2024-09-19T00:00:00.000Z,Listing removed,2024-09-17T00:00:00.000Z,Price change,2024-09-15T00:00:00.000Z,Price change,2024-09-13T00:00:00.000Z,Listed for rent,2022-12-30T00:00:00.000Z,Listing removed,2022-12-17T00:00:00.000Z,Price change,2022-12-03T00:00:00.000Z,Price change,2022-11-22T00:00:00.000Z,Price change,2022-11-08T00:00:00.000Z,Listed for rent,2022-11-04T00:00:00.000Z,Listing removed,2022-10-28T00:00:00.000Z,Price change,2022-09-30T00:00:00.000Z,Listed for sale,2021-12-14T00:00:00.000Z,Sold,2015-03-20T00:00:00.000Z,Sold,,,,,,,,,,,,,,,,,,,,,,,,,,
"807 S Main, Benton, AR 72015",807 S Main,FOR_RENT,3,1288,1300,1300,48,https://www.zillow.com/homedetails/807-S-Main-Benton-AR-72015/382019_zpid/,/homedetails/807-S-Main-Benton-AR-72015/382019_zpid/,109900,2026-07-31T00:00:00.000Z,Price change,2026-07-27T00:00:00.000Z,Price change,2026-07-06T00:00:00.000Z,Listed for rent,2020-04-16T00:00:00.000Z,Sold,2020-04-06T00:00:00.000Z,Listing removed,2020-04-02T00:00:00.000Z,Price change,2020-02-17T00:00:00.000Z,Listed for rent,2019-10-19T00:00:00.000Z,Listing removed,2019-10-18T00:00:00.000Z,Price change,2019-10-16T00:00:00.000Z,Price change,2019-10-11T00:00:00.000Z,Price change,2019-10-09T00:00:00.000Z,Price change,2019-10-07T00:00:00.000Z,Price change,2019-10-04T00:00:00.000Z,Price change,2019-10-02T00:00:00.000Z,Price change,2019-09-30T00:00:00.000Z,Price change,2019-09-28T00:00:00.000Z,Listed for sale,2019-09-27T00:00:00.000Z,Sold,2019-09-23T00:00:00.000Z,Price change,2019-09-21T00:00:00.000Z,Price change,2019-09-18T00:00:00.000Z,Price change,2019-09-16T00:00:00.000Z,Price change,2019-09-14T00:00:00.000Z,Price change,2019-09-11T00:00:00.000Z,Price change,2019-09-07T00:00:00.000Z,Price change,2019-08-31T00:00:00.000Z,Price change,2019-08-29T00:00:00.000Z,Listed for sale,2009-03-31T00:00:00.000Z,Sold
"6673 Hollywood Ave, Benton, AR 72019",6673 Hollywood Ave,FOR_RENT,4,2250,1795,1795,64,https://www.zillow.com/homedetails/6673-Hollywood-Ave-Benton-AR-72019/461413230_zpid/,/homedetails/6673-Hollywood-Ave-Benton-AR-72019/461413230_zpid/,215900,2026-08-13T00:00:00.000Z,Price change,2026-07-22T00:00:00.000Z,Price change,2026-07-07T00:00:00.000Z,Price change,2026-06-20T00:00:00.000Z,Listed for rent,2026-05-28T00:00:00.000Z,Sold,2026-04-30T00:00:00.000Z,Contingent,2026-03-31T00:00:00.000Z,Listed for sale,,,,,,,,,,,,,,,,,,,,,,,,,,,,,,,,,,,,,,,,,,
"10 Harvest Ln, Conway, AR 72032",10 Harvest Ln,FOR_RENT,3,1288,1495,1495,5,https://www.zillow.com/homedetails/10-Harvest-Ln-Conway-AR-72032/338960356_zpid/,/homedetails/10-Harvest-Ln-Conway-AR-72032/338960356_zpid/,,2026-08-18T00:00:00.000Z,Listed for rent,2024-10-10T00:00:00.000Z,Listing removed,2024-09-25T00:00:00.000Z,Listed for rent,2022-09-22T00:00:00.000Z,Listing removed,2022-08-25T00:00:00.000Z,Price change,2022-08-03T00:00:00.000Z,Listed for sale,,,,,,,,,,,,,,,,,,,,,,,,,,,,,,,,,,,,,,,,,,,,
"2 Hawthorne Dr, Conway, AR 72034",2 Hawthorne Dr,FOR_RENT,3,1408,1800,1800,30,https://www.zillow.com/homedetails/2-Hawthorne-Dr-Conway-AR-72034/237001_zpid/,/homedetails/2-Hawthorne-Dr-Conway-AR-72034/237001_zpid/,102000,2026-07-24T00:00:00.000Z,Listed for rent,2014-07-29T00:00:00.000Z,Sold,2014-05-16T00:00:00.000Z,Price change,2014-02-28T00:00:00.000Z,Listed for sale,2014-01-01T00:00:00.000Z,Listing removed,2013-10-29T00:00:00.000Z,Price change,2013-10-04T00:00:00.000Z,Price change,2013-08-08T00:00:00.000Z,Listed for sale,2011-08-31T00:00:00.000Z,Sold,,,,,,,,,,,,,,,,,,,,,,,,,,,,,,,,,,,,,,
"2220 Chase Dr, Conway, AR 72034",2220 Chase Dr,FOR_RENT,3,1582,1850,1850,38,https://www.zillow.com/homedetails/2220-Chase-Dr-Conway-AR-72034/35730147_zpid/,/homedetails/2220-Chase-Dr-Conway-AR-72034/35730147_zpid/,141000,2026-07-16T00:00:00.000Z,Listed for rent,2025-04-11T00:00:00.000Z,Listing removed,2025-04-06T00:00:00.000Z,Listed for rent,2025-03-29T00:00:00.000Z,Listing removed,2025-01-19T00:00:00.000Z,Price change,2025-01-18T00:00:00.000Z,Listed for rent,2012-10-25T00:00:00.000Z,Sold,2011-08-25T00:00:00.000Z,Sold,2009-07-29T00:00:00.000Z,Sold,2009-04-13T00:00:00.000Z,Sold,2006-02-08T00:00:00.000Z,Sold,,,,,,,,,,,,,,,,,,,,,,,,,,,,,,,,,,
"4056 Kings River Trl, Bauxite, AR 72011",4056 Kings River Trl,FOR_RENT,3,1480,1445,1445,26,https://www.zillow.com/homedetails/4056-Kings-River-Trl-Bauxite-AR-72011/2062403626_zpid/,/homedetails/4056-Kings-River-Trl-Bauxite-AR-72011/2062403626_zpid/,200660,2026-08-20T00:00:00.000Z,Price change,2026-08-13T00:00:00.000Z,Price change,2026-07-29T00:00:00.000Z,Listed for rent,2023-02-11T00:00:00.000Z,Listing removed,2023-02-03T00:00:00.000Z,Price change,2023-01-11T00:00:00.000Z,Price change,2022-12-14T00:00:00.000Z,Price change,2022-11-22T00:00:00.000Z,Price change,2022-11-10T00:00:00.000Z,Listed for rent,2022-10-28T00:00:00.000Z,Sold,2022-10-08T00:00:00.000Z,Contingent,2022-08-24T00:00:00.000Z,Price change,2022-08-04T00:00:00.000Z,Price change,2022-07-26T00:00:00.000Z,Price change,2022-07-21T00:00:00.000Z,Listed for sale,2022-07-18T00:00:00.000Z,Listing removed,2022-07-13T00:00:00.000Z,Listed for sale,,,,,,,,,,,,,,,,,,,,,,
"203 Glen Oaks Dr, Benton, AR 72015",203 Glen Oaks Dr,FOR_RENT,4,1270,1295,1295,32,https://www.zillow.com/homedetails/203-Glen-Oaks-Dr-Benton-AR-72015/2066535046_zpid/,/homedetails/203-Glen-Oaks-Dr-Benton-AR-72015/2066535046_zpid/,,2026-08-14T00:00:00.000Z,Price change,2026-08-12T00:00:00.000Z,Listed for rent,2026-07-30T00:00:00.000Z,Listing removed,2026-07-22T00:00:00.000Z,Listed for rent,2026-03-06T00:00:00.000Z,Listing removed,2026-02-26T00:00:00.000Z,Price change,2026-02-21T00:00:00.000Z,Price change,2026-02-11T00:00:00.000Z,Price change,2026-01-22T00:00:00.000Z,Listed for rent,2024-07-12T00:00:00.000Z,Listing removed,2024-07-12T00:00:00.000Z,Price change,2024-07-02T00:00:00.000Z,Price change,2024-06-06T00:00:00.000Z,Listed for rent,2022-11-09T00:00:00.000Z,Listing removed,2022-11-07T00:00:00.000Z,Listed for rent,2022-06-15T00:00:00.000Z,Listing removed,2022-05-30T00:00:00.000Z,Listed for rent,2022-03-04T00:00:00.000Z,Listing removed,2022-02-17T00:00:00.000Z,Price change,2022-02-04T00:00:00.000Z,Listed for rent,,,,,,,,,,,,,,,,
"1306 Bellemeade Dr, Conway, AR 72034",1306 Bellemeade Dr,FOR_RENT,3,2220,1775,1775,10,https://www.zillow.com/homedetails/1306-Bellemeade-Dr-Conway-AR-72034/234155_zpid/,/homedetails/1306-Bellemeade-Dr-Conway-AR-72034/234155_zpid/,89090,2026-08-13T00:00:00.000Z,Listed for rent,2025-06-20T00:00:00.000Z,Listing removed,2025-05-09T00:00:00.000Z,Listed for rent,2017-12-01T00:00:00.000Z,Listing removed,2017-08-20T00:00:00.000Z,Price change,2017-05-31T00:00:00.000Z,Listed for sale,2013-10-16T00:00:00.000Z,Listing removed,2013-07-18T00:00:00.000Z,Listed for sale,2013-04-01T00:00:00.000Z,Sold,2012-06-28T00:00:00.000Z,Sold,,,,,,,,,,,,,,,,,,,,,,,,,,,,,,,,,,,,
"1810 Rich Smith Ln, Conway, AR 72032",1810 Rich Smith Ln,FOR_RENT,3,2310,2500,2500,27,https://www.zillow.com/homedetails/1810-Rich-Smith-Ln-Conway-AR-72032/102992676_zpid/,/homedetails/1810-Rich-Smith-Ln-Conway-AR-72032/102992676_zpid/,,2026-07-27T00:00:00.000Z,Price change,2026-06-22T00:00:00.000Z,Price change,2026-04-22T00:00:00.000Z,Price change,2026-01-07T00:00:00.000Z,Listed for rent,,,,,,,,,,,,,,,,,,,,,,,,,,,,,,,,,,,,,,,,,,,,,,,,
"1056 Huntington Dr, Benton, AR 72019",1056 Huntington Dr,FOR_RENT,4,1470,1645,1645,52,https://www.zillow.com/homedetails/1056-Huntington-Dr-Benton-AR-72019/2061811695_zpid/,/homedetails/1056-Huntington-Dr-Benton-AR-72019/2061811695_zpid/,206900,2026-08-04T00:00:00.000Z,Price change,2026-07-02T00:00:00.000Z,Listed for rent,2025-06-23T00:00:00.000Z,Listing removed,2025-05-14T00:00:00.000Z,Price change,2025-05-07T00:00:00.000Z,Price change,2025-04-30T00:00:00.000Z,Price change,2025-04-23T00:00:00.000Z,Price change,2025-04-04T00:00:00.000Z,Listed for rent,2024-02-10T00:00:00.000Z,Listing removed,2024-01-25T00:00:00.000Z,Listed for rent,2022-11-23T00:00:00.000Z,Sold,2022-10-05T00:00:00.000Z,Contingent,2022-10-04T00:00:00.000Z,Price change,2022-08-23T00:00:00.000Z,Listed for sale,,,,,,,,,,,,,,,,,,,,,,,,,,,,
"13 Meadowbrook Dr, Conway, AR 72032",13 Meadowbrook Dr,FOR_RENT,3,1196,1300,1300,7,https://www.zillow.com/homedetails/13-Meadowbrook-Dr-Conway-AR-72032/236796_zpid/,/homedetails/13-Meadowbrook-Dr-Conway-AR-72032/236796_zpid/,256500,2026-08-16T00:00:00.000Z,Listed for rent,2021-10-23T00:00:00.000Z,Listing removed,2021-10-15T00:00:00.000Z,Listed for rent,2020-08-27T00:00:00.000Z,Listing removed,2020-08-15T00:00:00.000Z,Listed for rent,2017-04-23T00:00:00.000Z,Listing removed,2017-04-06T00:00:00.000Z,Listed for rent,2014-11-26T00:00:00.000Z,Sold,2014-09-11T00:00:00.000Z,Sold,2014-08-11T00:00:00.000Z,Listing removed,2014-07-25T00:00:00.000Z,Listed for rent,2001-11-05T00:00:00.000Z,Sold,1999-07-01T00:00:00.000Z,Sold,,,,,,,,,,,,,,,,,,,,,,,,,,,,,,
"313 S Neeley St, Benton, AR 72015",313 S Neeley St,FOR_RENT,3,1800,1625,1625,6,https://www.zillow.com/homedetails/313-S-Neeley-St-Benton-AR-72015/2067919637_zpid/,/homedetails/313-S-Neeley-St-Benton-AR-72015/2067919637_zpid/,205000,2026-08-17T00:00:00.000Z,Listed for rent,2025-09-14T00:00:00.000Z,Listing removed,2025-09-02T00:00:00.000Z,Listed for rent,2023-02-17T00:00:00.000Z,Listing removed,2023-01-29T00:00:00.000Z,Listed for rent,2021-11-03T00:00:00.000Z,Listing removed,2021-10-25T00:00:00.000Z,Price change,2021-10-19T00:00:00.000Z,Price change,2021-10-12T00:00:00.000Z,Listed for rent,2021-08-20T00:00:00.000Z,Sold,,,,,,,,,,,,,,,,,,,,,,,,,,,,,,,,,,,,
"(Undisclosed Address), Conway, AR 72034",(Undisclosed Address),FOR_RENT,3,1689,1800,1800,43,https://www.zillow.com/homedetails/Conway-AR-72034/241235_zpid/,/homedetails/Conway-AR-72034/241235_zpid/,131000,2026-07-12T00:00:00.000Z,Listed for rent,2026-06-15T00:00:00.000Z,Listing removed,2026-05-25T00:00:00.000Z,Listed for rent,2026-05-16T00:00:00.000Z,Listing removed,2026-04-25T00:00:00.000Z,Listed for rent,2024-05-02T00:00:00.000Z,Listing removed,2024-04-11T00:00:00.000Z,Listed for rent,2021-08-22T00:00:00.000Z,Listing removed,2021-08-02T00:00:00.000Z,Listed for rent,2013-04-18T00:00:00.000Z,Sold,2013-02-04T00:00:00.000Z,Sold,2006-01-27T00:00:00.000Z,Sold,,,,,,,,,,,,,,,,,,,,,,,,,,,,,,,,
"31 Haley Renee Dr, Greenbrier, AR 72058",31 Haley Renee Dr,FOR_RENT,3,1527,1400,1400,18,https://www.zillow.com/homedetails/31-Haley-Renee-Dr-Greenbrier-AR-72058/464349852_zpid/,/homedetails/31-Haley-Renee-Dr-Greenbrier-AR-72058/464349852_zpid/,,2026-08-05T00:00:00.000Z,Listed for rent,,,,,,,,,,,,,,,,,,,,,,,,,,,,,,,,,,,,,,,,,,,,,,,,,,,,,,
"4555 Graham Dr, Conway, AR 72034",4555 Graham Dr,FOR_RENT,3,1192,1400,1400,10,https://www.zillow.com/homedetails/4555-Graham-Dr-Conway-AR-72034/59917944_zpid/,/homedetails/4555-Graham-Dr-Conway-AR-72034/59917944_zpid/,185000,2026-08-13T00:00:00.000Z,Listed for rent,2024-10-02T00:00:00.000Z,Listing removed,2024-09-23T00:00:00.000Z,Listed for rent,2023-07-28T00:00:00.000Z,Sold,2023-06-28T00:00:00.000Z,Contingent,2023-06-28T00:00:00.000Z,Listed for sale,2021-03-24T00:00:00.000Z,Listing removed,2016-11-28T00:00:00.000Z,Listing removed,2016-11-28T00:00:00.000Z,Listed for sale,2016-09-29T00:00:00.000Z,Sold,2016-09-06T00:00:00.000Z,Pending sale,2016-07-30T00:00:00.000Z,Price change,2016-07-21T00:00:00.000Z,Listed for sale,2011-06-21T00:00:00.000Z,Sold,2005-10-20T00:00:00.000Z,Sold,,,,,,,,,,,,,,,,,,,,,,,,,,
"106 Sahalee Cv, Haskell, AR 72015",106 Sahalee Cv,FOR_RENT,3,1482,1450,1450,19,https://www.zillow.com/homedetails/106-Sahalee-Cv-Haskell-AR-72015/92429832_zpid/,/homedetails/106-Sahalee-Cv-Haskell-AR-72015/92429832_zpid/,145000,2026-08-04T00:00:00.000Z,Listed for rent,2025-02-28T00:00:00.000Z,Listing removed,2025-02-22T00:00:00.000Z,Price change,2025-02-20T00:00:00.000Z,Price change,2025-02-07T00:00:00.000Z,Price change,2025-01-23T00:00:00.000Z,Listed for rent,2023-11-01T00:00:00.000Z,Sold,2020-11-27T00:00:00.000Z,Listing removed,2020-10-16T00:00:00.000Z,Listed for rent,2015-03-31T00:00:00.000Z,Sold,,,,,,,,,,,,,,,,,,,,,,,,,,,,,,,,,,,,
"1067 Huntington Dr, Benton, AR 72019",1067 Huntington Dr,FOR_RENT,4,1459,1545,1545,10,https://www.zillow.com/homedetails/1067-Huntington-Dr-Benton-AR-72019/2061767452_zpid/,/homedetails/1067-Huntington-Dr-Benton-AR-72019/2061767452_zpid/,,2026-08-13T00:00:00.000Z,Listed for rent,2024-11-08T00:00:00.000Z,Listing removed,2024-11-05T00:00:00.000Z,Listed for rent,2024-03-22T00:00:00.000Z,Listing removed,2024-02-27T00:00:00.000Z,Listed for rent,2023-02-14T00:00:00.000Z,Listing removed,2023-01-26T00:00:00.000Z,Listed for rent,2022-12-17T00:00:00.000Z,Listing removed,2022-12-01T00:00:00.000Z,Price change,2022-11-11T00:00:00.000Z,Price change,2022-08-26T00:00:00.000Z,Listed for sale,,,,,,,,,,,,,,,,,,,,,,,,,,,,,,,,,,
"328 Gathering House Rd, Haskell, AR 72015",328 Gathering House Rd,FOR_RENT,3,2000,1695,1695,19,https://www.zillow.com/homedetails/328-Gathering-House-Rd-Haskell-AR-72015/64861478_zpid/,/homedetails/328-Gathering-House-Rd-Haskell-AR-72015/64861478_zpid/,188000,2026-08-04T00:00:00.000Z,Listed for rent,2025-07-18T00:00:00.000Z,Listing removed,2025-07-17T00:00:00.000Z,Price change,2025-07-10T00:00:00.000Z,Price change,2025-07-03T00:00:00.000Z,Price change,2025-06-12T00:00:00.000Z,Listed for rent,2024-06-07T00:00:00.000Z,Listing removed,2024-06-06T00:00:00.000Z,Price change,2024-05-31T00:00:00.000Z,Price change,2024-05-25T00:00:00.000Z,Price change,2024-05-18T00:00:00.000Z,Price change,2024-04-26T00:00:00.000Z,Listed for rent,2023-12-01T00:00:00.000Z,Sold,2023-10-03T00:00:00.000Z,Listing removed,2023-08-29T00:00:00.000Z,Listed for rent,2022-05-19T00:00:00.000Z,Listing removed,2022-05-18T00:00:00.000Z,Price change,2022-05-05T00:00:00.000Z,Listed for rent,2020-04-23T00:00:00.000Z,Listing removed,2020-04-04T00:00:00.000Z,Listed for rent,2019-04-06T00:00:00.000Z,Listing removed,2019-04-01T00:00:00.000Z,Sold,2019-03-12T00:00:00.000Z,Listed for rent,,,,,,,,,,
"1250 Cumulus Dr, Conway, AR 72034",1250 Cumulus Dr,FOR_RENT,3,1068,1350,1350,20,https://www.zillow.com/homedetails/1250-Cumulus-Dr-Conway-AR-72034/242831_zpid/,/homedetails/1250-Cumulus-Dr-Conway-AR-72034/242831_zpid/,470000,2026-08-03T00:00:00.000Z,Listed for rent,2015-03-27T00:00:00.000Z,Sold,2006-10-25T00:00:00.000Z,Sold,,,,,,,,,,,,,,,,,,,,,,,,,,,,,,,,,,,,,,,,,,,,,,,,,,
"14805 Post Oaks Pl, Mabelvale, AR 72103",14805 Post Oaks Pl,FOR_RENT,3,1418,1545,1545,88,https://www.zillow.com/homedetails/14805-Post-Oaks-Pl-Mabelvale-AR-72103/377459_zpid/,/homedetails/14805-Post-Oaks-Pl-Mabelvale-AR-72103/377459_zpid/,139000,2026-08-21T00:00:00.000Z,Price change,2026-07-29T00:00:00.000Z,Price change,2026-07-15T00:00:00.000Z,Price change,2026-06-05T00:00:00.000Z,Price change,2026-05-27T00:00:00.000Z,Listed for rent,2023-11-16T00:00:00.000Z,Listing removed,2023-10-31T00:00:00.000Z,Listed for rent,2021-09-17T00:00:00.000Z,Listing removed,2021-08-30T00:00:00.000Z,Listed for rent,2021-06-21T00:00:00.000Z,Sold,2021-05-19T00:00:00.000Z,Listed for sale,2018-12-03T00:00:00.000Z,Sold,2018-12-01T00:00:00.000Z,Pending sale,2018-10-30T00:00:00.000Z,Price change,2018-10-10T00:00:00.000Z,Listed for sale,2011-05-20T00:00:00.000Z,Listing removed,2010-12-02T00:00:00.000Z,Sold,2010-05-23T00:00:00.000Z,Listed for sale,2007-12-05T00:00:00.000Z,Sold,,,,,,,,,,,,,,,,,,
"3264 Sidell Estates Dr, Benton, AR 72015",3264 Sidell Estates Dr,FOR_RENT,4,1652,1795,1795,9,https://www.zillow.com/homedetails/3264-Sidell-Estates-Dr-Benton-AR-72015/2063496322_zpid/,/homedetails/3264-Sidell-Estates-Dr-Benton-AR-72015/2063496322_zpid/,,2026-08-14T00:00:00.000Z,Listed for rent,2022-07-02T00:00:00.000Z,Listing removed,2022-06-10T00:00:00.000Z,Price change,2022-04-28T00:00:00.000Z,Listed for sale,,,,,,,,,,,,,,,,,,,,,,,,,,,,,,,,,,,,,,,,,,,,,,,,
"6056 Orange Valley Cv, Mabelvale, AR 72103",6056 Orange Valley Cv,FOR_RENT,4,1537,1675,1675,20,https://www.zillow.com/homedetails/6056-Orange-Valley-Cv-Mabelvale-AR-72103/463591455_zpid/,/homedetails/6056-Orange-Valley-Cv-Mabelvale-AR-72103/463591455_zpid/,,2026-07-01T00:00:00.000Z,Listed for rent,,,,,,,,,,,,,,,,,,,,,,,,,,,,,,,,,,,,,,,,,,,,,,,,,,,,,,
"3965 Rupert Dr, Conway, AR 72034",3965 Rupert Dr,FOR_RENT,3,1052,1300,1300,13,https://www.zillow.com/homedetails/3965-Rupert-Dr-Conway-AR-72034/242860_zpid/,/homedetails/3965-Rupert-Dr-Conway-AR-72034/242860_zpid/,112000,2026-08-10T00:00:00.000Z,Listed for rent,2021-02-23T00:00:00.000Z,Listing removed,2020-09-09T00:00:00.000Z,Listing removed,2020-09-02T00:00:00.000Z,Listed for rent,2020-07-31T00:00:00.000Z,Sold,2019-05-25T00:00:00.000Z,Listing removed,2019-05-13T00:00:00.000Z,Listed for rent,2018-05-17T00:00:00.000Z,Listing removed,2018-05-07T00:00:00.000Z,Sold,2018-05-05T00:00:00.000Z,Listed for rent,2018-04-11T00:00:00.000Z,Listed for sale,2016-11-01T00:00:00.000Z,Listing removed,2016-10-12T00:00:00.000Z,Listed for sale,2016-08-01T00:00:00.000Z,Listing removed,2016-03-11T00:00:00.000Z,Listed for sale,2013-07-16T00:00:00.000Z,Sold,,,,,,,,,,,,,,,,,,,,,,,,
"2731 Ranchwood Dr, Benton, AR 72019",2731 Ranchwood Dr,FOR_RENT,3,1656,1575,1575,18,https://www.zillow.com/homedetails/2731-Ranchwood-Dr-Benton-AR-72019/385865_zpid/,/homedetails/2731-Ranchwood-Dr-Benton-AR-72019/385865_zpid/,167000,2026-08-05T00:00:00.000Z,Listed for rent,2025-06-24T00:00:00.000Z,Listing removed,2025-06-20T00:00:00.000Z,Price change,2025-05-22T00:00:00.000Z,Price change,2025-04-30T00:00:00.000Z,Price change,2025-04-23T00:00:00.000Z,Price change,2025-04-04T00:00:00.000Z,Listed for rent,2024-03-11T00:00:00.000Z,Listing removed,2024-02-28T00:00:00.000Z,Listed for rent,2023-10-02T00:00:00.000Z,Listing removed,2022-03-14T00:00:00.000Z,Listing removed,2022-02-11T00:00:00.000Z,Price change,2022-01-28T00:00:00.000Z,Price change,2021-12-27T00:00:00.000Z,Price change,2021-11-18T00:00:00.000Z,Listed for rent,2021-10-01T00:00:00.000Z,Sold,2021-09-01T00:00:00.000Z,Price change,2021-08-03T00:00:00.000Z,Listed for sale,,,,,,,,,,,,,,,,,,,,
"1906 Dave Ward Dr, Conway, AR 72034",1906 Dave Ward Dr,FOR_RENT,3,1335,1000,1000,12,https://www.zillow.com/homedetails/1906-Dave-Ward-Dr-Conway-AR-72034/2061771487_zpid/,/homedetails/1906-Dave-Ward-Dr-Conway-AR-72034/2061771487_zpid/,,2026-08-11T00:00:00.000Z,Listed for rent,2025-12-18T00:00:00.000Z,Listing removed,2025-11-11T00:00:00.000Z,Price change,2025-10-28T00:00:00.000Z,Price change,2025-10-03T00:00:00.000Z,Price change,2025-06-27T00:00:00.000Z,Listed for rent,2024-05-29T00:00:00.000Z,Listing removed,2024-05-14T00:00:00.000Z,Price change,2024-04-23T00:00:00.000Z,Price change,2024-04-15T00:00:00.000Z,Price change,2024-03-18T00:00:00.000Z,Price change,2024-02-16T00:00:00.000Z,Price change,2024-02-13T00:00:00.000Z,Price change,2024-01-31T00:00:00.000Z,Listed for rent,2023-11-30T00:00:00.000Z,Listing removed,2023-11-15T00:00:00.000Z,Listed for rent,2022-10-25T00:00:00.000Z,Listing removed,2022-10-18T00:00:00.000Z,Price change,2022-10-02T00:00:00.000Z,Price change,2022-08-26T00:00:00.000Z,Listed for rent,,,,,,,,,,,,,,,,
"2704 Bruce St, Conway, AR 72034",2704 Bruce St,FOR_RENT,3,1503,1550,1550,45,https://www.zillow.com/homedetails/2704-Bruce-St-Conway-AR-72034/238257_zpid/,/homedetails/2704-Bruce-St-Conway-AR-72034/238257_zpid/,123000,2026-07-09T00:00:00.000Z,Listed for rent,2025-08-11T00:00:00.000Z,Listing removed,2025-06-27T00:00:00.000Z,Listed for rent,2014-08-01T00:00:00.000Z,Sold,2014-06-12T00:00:00.000Z,Listed for sale,2013-01-13T00:00:00.000Z,Sold,2009-11-16T00:00:00.000Z,Sold,,,,,,,,,,,,,,,,,,,,,,,,,,,,,,,,,,,,,,,,,,
"6049 Orange Valley Cv, Alexander, AR 72002",6049 Orange Valley Cv,FOR_RENT,3,1340,1550,1550,17,https://www.zillow.com/homedetails/6049-Orange-Valley-Cv-Alexander-AR-72002/2083908811_zpid/,/homedetails/6049-Orange-Valley-Cv-Alexander-AR-72002/2083908811_zpid/,,2026-08-11T00:00:00.000Z,Price change,2026-08-06T00:00:00.000Z,Listed for rent,2026-07-08T00:00:00.000Z,Listing removed,2026-06-03T00:00:00.000Z,Listed for rent,2023-03-22T00:00:00.000Z,Listing removed,2023-03-07T00:00:00.000Z,Price change,2023-02-15T00:00:00.000Z,Listed for rent,2019-07-09T00:00:00.000Z,Listing removed,2019-06-24T00:00:00.000Z,Price change,2019-06-19T00:00:00.000Z,Listed for rent,,,,,,,,,,,,,,,,,,,,,,,,,,,,,,,,,,,,
"2105 Lookout Ave, Conway, AR 72034",2105 Lookout Ave,FOR_RENT,3,1080,1600,1600,29,https://www.zillow.com/homedetails/2105-Lookout-Ave-Conway-AR-72034/235105_zpid/,/homedetails/2105-Lookout-Ave-Conway-AR-72034/235105_zpid/,40000,2026-07-25T00:00:00.000Z,Listed for rent,2017-05-02T00:00:00.000Z,Sold,2013-09-13T00:00:00.000Z,Sold,2009-07-08T00:00:00.000Z,Sold,2009-04-18T00:00:00.000Z,Listed for sale,,,,,,,,,,,,,,,,,,,,,,,,,,,,,,,,,,,,,,,,,,,,,,
"2830 Longbow Ln, Conway, AR 72034",2830 Longbow Ln,FOR_RENT,3,1388,1450,1450,13,https://www.zillow.com/homedetails/2830-Longbow-Ln-Conway-AR-72034/82265622_zpid/,/homedetails/2830-Longbow-Ln-Conway-AR-72034/82265622_zpid/,192099,2026-08-10T00:00:00.000Z,Listed for rent,2024-07-03T00:00:00.000Z,Listing removed,2024-06-17T00:00:00.000Z,Listed for rent,2022-05-27T00:00:00.000Z,Sold,2008-02-29T00:00:00.000Z,Sold,,,,,,,,,,,,,,,,,,,,,,,,,,,,,,,,,,,,,,,,,,,,,,
"6032 Orange Valley Cv, Mabelvale, AR 72103",6032 Orange Valley Cv,FOR_RENT,4,1504,1675,1675,22,https://www.zillow.com/homedetails/6032-Orange-Valley-Cv-Mabelvale-AR-72103/2062762647_zpid/,/homedetails/6032-Orange-Valley-Cv-Mabelvale-AR-72103/2062762647_zpid/,,2026-08-01T00:00:00.000Z,Listed for rent,2022-06-27T00:00:00.000Z,Listing removed,2022-06-15T00:00:00.000Z,Listed for rent,,,,,,,,,,,,,,,,,,,,,,,,,,,,,,,,,,,,,,,,,,,,,,,,,,
"103 E Scott St, Carlisle, AR 72024",103 E Scott St,FOR_RENT,3,1556,1300,1300,15,https://www.zillow.com/homedetails/103-E-Scott-St-Carlisle-AR-72024/258138_zpid/,/homedetails/103-E-Scott-St-Carlisle-AR-72024/258138_zpid/,75000,2026-08-09T00:00:00.000Z,Listed for rent,2025-05-14T00:00:00.000Z,Sold,2025-03-28T00:00:00.000Z,Sold,2024-12-02T00:00:00.000Z,Listed for sale,2014-01-15T00:00:00.000Z,Sold,2013-07-17T00:00:00.000Z,Sold,2013-06-26T00:00:00.000Z,Price change,2013-05-17T00:00:00.000Z,Price change,2013-02-20T00:00:00.000Z,Price change,2013-01-27T00:00:00.000Z,Listed for sale,,,,,,,,,,,,,,,,,,,,,,,,,,,,,,,,,,,,
"3225 Jean Cv, Alexander, AR 72002",3225 Jean Cv,FOR_RENT,3,2827,2600,2600,138,https://www.zillow.com/homedetails/3225-Jean-Cv-Alexander-AR-72002/378862_zpid/,/homedetails/3225-Jean-Cv-Alexander-AR-72002/378862_zpid/,,2026-07-27T00:00:00.000Z,Price change,2026-04-07T00:00:00.000Z,Listed for rent,,,,,,,,,,,,,,,,,,,,,,,,,,,,,,,,,,,,,,,,,,,,,,,,,,,,
"4605 Valiant Dr, Conway, AR 72034",4605 Valiant Dr,FOR_RENT,3,1324,1500,1500,42,https://www.zillow.com/homedetails/4605-Valiant-Dr-Conway-AR-72034/52392383_zpid/,/homedetails/4605-Valiant-Dr-Conway-AR-72034/52392383_zpid/,122000,2026-08-01T00:00:00.000Z,Price change,2026-07-13T00:00:00.000Z,Listed for rent,2023-05-19T00:00:00.000Z,Listing removed,2023-05-02T00:00:00.000Z,Listed for rent,2022-04-11T00:00:00.000Z,Listing removed,2022-04-06T00:00:00.000Z,Listed for rent,2011-09-02T00:00:00.000Z,Sold,2011-06-12T00:00:00.000Z,Listed for sale,2008-09-08T00:00:00.000Z,Sold,,,,,,,,,,,,,,,,,,,,,,,,,,,,,,,,,,,,,,
"2135 Raintree Dr, Conway, AR 72032",2135 Raintree Dr,FOR_RENT,3,1042,1435,1435,25,https://www.zillow.com/homedetails/2135-Raintree-Dr-Conway-AR-72032/240139_zpid/,/homedetails/2135-Raintree-Dr-Conway-AR-72032/240139_zpid/,106000,2026-07-29T00:00:00.000Z,Listed for rent,2024-07-03T00:00:00.000Z,Listing removed,2024-07-01T00:00:00.000Z,Listed for rent,2019-07-11T00:00:00.000Z,Listing removed,2019-07-03T00:00:00.000Z,Listed for rent,2019-05-01T00:00:00.000Z,Sold,2017-02-27T00:00:00.000Z,Listing removed,2017-02-24T00:00:00.000Z,Listed for rent,2015-01-18T00:00:00.000Z,Listing removed,2015-01-15T00:00:00.000Z,Listed for rent,2013-11-15T00:00:00.000Z,Sold,2013-04-06T00:00:00.000Z,Listing removed,2013-03-20T00:00:00.000Z,Listed for rent,2008-04-30T00:00:00.000Z,Sold,,,,,,,,,,,,,,,,,,,,,,,,,,,,
"2250 Wilmington Dr, Conway, AR 72034",2250 Wilmington Dr,FOR_RENT,3,1449,1600,1600,38,https://www.zillow.com/homedetails/2250-Wilmington-Dr-Conway-AR-72034/59917837_zpid/,/homedetails/2250-Wilmington-Dr-Conway-AR-72034/59917837_zpid/,141000,2026-07-16T00:00:00.000Z,Listed for rent,2023-03-14T00:00:00.000Z,Listing removed,2023-03-10T00:00:00.000Z,Listed for rent,2020-01-10T00:00:00.000Z,Listing removed,2019-11-04T00:00:00.000Z,Listed for rent,2017-08-31T00:00:00.000Z,Sold,2017-07-31T00:00:00.000Z,Price change,2017-07-17T00:00:00.000Z,Listed for sale,2005-02-23T00:00:00.000Z,Sold,,,,,,,,,,,,,,,,,,,,,,,,,,,,,,,,,,,,,,
"17 Greenbrier Dr, Benton, AR 72015",17 Greenbrier Dr,FOR_RENT,3,1460,1625,1625,20,https://www.zillow.com/homedetails/17-Greenbrier-Dr-Benton-AR-72015/386172_zpid/,/homedetails/17-Greenbrier-Dr-Benton-AR-72015/386172_zpid/,143000,2026-08-03T00:00:00.000Z,Listed for rent,2026-02-23T00:00:00.000Z,Listing removed,2026-02-19T00:00:00.000Z,Price change,2026-01-29T00:00:00.000Z,Price change,2026-01-15T00:00:00.000Z,Price change,2025-12-30T00:00:00.000Z,Price change,2025-11-24T00:00:00.000Z,Listed for rent,2024-10-01T00:00:00.000Z,Listing removed,2024-08-29T00:00:00.000Z,Listed for rent,2022-03-07T00:00:00.000Z,Listing removed,2021-12-31T00:00:00.000Z,Listed for rent,2021-11-19T00:00:00.000Z,Sold,2014-09-17T00:00:00.000Z,Listing removed,2014-07-15T00:00:00.000Z,Listed for rent,2007-07-20T00:00:00.000Z,Sold,2006-08-01T00:00:00.000Z,Sold,,,,,,,,,,,,,,,,,,,,,,,,
"4326 Glenda Ln, Benton, AR 72019",4326 Glenda Ln,FOR_RENT,3,1398,1545,1545,19,https://www.zillow.com/homedetails/4326-Glenda-Ln-Benton-AR-72019/68021994_zpid/,/homedetails/4326-Glenda-Ln-Benton-AR-72019/68021994_zpid/,157000,2026-08-04T00:00:00.000Z,Listed for rent,2025-07-11T00:00:00.000Z,Listing removed,2025-07-01T00:00:00.000Z,Listed for rent,2025-06-26T00:00:00.000Z,Listing removed,2025-06-12T00:00:00.000Z,Price change,2025-06-04T00:00:00.000Z,Price change,2025-04-08T00:00:00.000Z,Listed for rent,2023-12-27T00:00:00.000Z,Listing removed,2023-12-19T00:00:00.000Z,Listed for rent,2023-09-04T00:00:00.000Z,Listing removed,2021-11-01T00:00:00.000Z,Listing removed,2021-10-26T00:00:00.000Z,Price change,2021-10-21T00:00:00.000Z,Price change,2021-10-04T00:00:00.000Z,Listed for rent,2021-09-03T00:00:00.000Z,Sold,2021-08-08T00:00:00.000Z,Contingent,2021-07-30T00:00:00.000Z,Listed for sale,2017-08-31T00:00:00.000Z,Sold,2017-07-28T00:00:00.000Z,Price change,2017-06-22T00:00:00.000Z,Listed for sale,2005-06-10T00:00:00.000Z,Sold,,,,,,,,,,,,,,
"1405 Appalachain Dr, Conway, AR 72034",1405 Appalachain Dr,FOR_RENT,3,1145,1450,1450,67,https://www.zillow.com/homedetails/1405-Appalachain-Dr-Conway-AR-72034/35730407_zpid/,/homedetails/1405-Appalachain-Dr-Conway-AR-72034/35730407_zpid/,180500,2026-06-17T00:00:00.000Z,Listed for rent,2025-01-27T00:00:00.000Z,Listing removed,2024-10-29T00:00:00.000Z,Price change,2024-09-04T00:00:00.000Z,Listed for rent,2023-09-26T00:00:00.000Z,Listing removed,2023-08-03T00:00:00.000Z,Price change,2023-06-22T00:00:00.000Z,Listed for rent,2022-07-05T00:00:00.000Z,Listing removed,2022-06-23T00:00:00.000Z,Listed for rent,2022-06-02T00:00:00.000Z,Sold,2022-04-20T00:00:00.000Z,Pending sale,2022-04-20T00:00:00.000Z,Contingent,2022-04-16T00:00:00.000Z,Listed for sale,2016-09-01T00:00:00.000Z,Sold,2016-08-01T00:00:00.000Z,Listed for sale,,,,,,,,,,,,,,,,,,,,,,,,,,
"22 Kirkland St, Ward, AR 72176",22 Kirkland St,FOR_RENT,3,1185,1350,1350,40,https://www.zillow.com/homedetails/22-Kirkland-St-Ward-AR-72176/261280_zpid/,/homedetails/22-Kirkland-St-Ward-AR-72176/261280_zpid/,84000,2026-07-15T00:00:00.000Z,Listed for rent,2026-06-16T00:00:00.000Z,Sold,2026-06-14T00:00:00.000Z,Contingent,2026-06-02T00:00:00.000Z,Price change,2026-05-28T00:00:00.000Z,Listed for sale,2014-10-30T00:00:00.000Z,Sold,,,,,,,,,,,,,,,,,,,,,,,,,,,,,,,,,,,,,,,,,,,,
"1310 Addy Brook St, Conway, AR 72032",1310 Addy Brook St,FOR_RENT,3,1422,1550,1550,8,https://www.zillow.com/homedetails/1310-Addy-Brook-St-Conway-AR-72032/82287140_zpid/,/homedetails/1310-Addy-Brook-St-Conway-AR-72032/82287140_zpid/,143000,2026-08-15T00:00:00.000Z,Listed for rent,2017-12-05T00:00:00.000Z,Sold,2017-05-19T00:00:00.000Z,Sold,,,,,,,,,,,,,,,,,,,,,,,,,,,,,,,,,,,,,,,,,,,,,,,,,,
"104 Herald Pl, Cabot, AR 72023",104 Herald Pl,FOR_RENT,3,1232,1095,1095,20,https://www.zillow.com/homedetails/104-Herald-Pl-Cabot-AR-72023/252206_zpid/,/homedetails/104-Herald-Pl-Cabot-AR-72023/252206_zpid/,155000,2026-08-03T00:00:00.000Z,Listed for rent,2024-11-23T00:00:00.000Z,Listing removed,2024-11-14T00:00:00.000Z,Listed for rent,2023-12-28T00:00:00.000Z,Listing removed,2023-11-10T00:00:00.000Z,Price change,2023-10-18T00:00:00.000Z,Listed for rent,2022-04-09T00:00:00.000Z,Listing removed,2022-02-16T00:00:00.000Z,Listed for rent,2019-06-20T00:00:00.000Z,Listing removed,2019-05-08T00:00:00.000Z,Listed for rent,2018-08-24T00:00:00.000Z,Listing removed,2018-08-16T00:00:00.000Z,Price change,2018-08-01T00:00:00.000Z,Listed for rent,2017-12-07T00:00:00.000Z,Listing removed,2017-10-14T00:00:00.000Z,Listed for rent,2013-01-30T00:00:00.000Z,Sold,2008-01-10T00:00:00.000Z,Sold,1988-08-30T00:00:00.000Z,Sold,,,,,,,,,,,,,,,,,,,,
"40 Ridge Trl, Sherwood, AR 72120",40 Ridge Trl,FOR_RENT,3,2200,2150,2150,2,https://www.zillow.com/homedetails/40-Ridge-Trl-Sherwood-AR-72120/232839_zpid/,/homedetails/40-Ridge-Trl-Sherwood-AR-72120/232839_zpid/,230600,2026-08-21T00:00:00.000Z,Listed for rent,2026-08-12T00:00:00.000Z,Listing removed,2026-07-20T00:00:00.000Z,Listed for rent,2026-06-17T00:00:00.000Z,Listing removed,2026-06-02T00:00:00.000Z,Price change,2025-09-19T00:00:00.000Z,Price change,2025-07-22T00:00:00.000Z,Price change,2025-06-24T00:00:00.000Z,Price change,2025-04-15T00:00:00.000Z,Price change,2025-03-14T00:00:00.000Z,Price change,2025-02-27T00:00:00.000Z,Listed for rent,2014-10-03T00:00:00.000Z,Sold,2001-09-05T00:00:00.000Z,Sold,,,,,,,,,,,,,,,,,,,,,,,,,,,,,,
"3420 Antietam Dr, Conway, AR 72032",3420 Antietam Dr,FOR_RENT,3,1097,1450,1450,17,https://www.zillow.com/homedetails/3420-Antietam-Dr-Conway-AR-72032/52391633_zpid/,/homedetails/3420-Antietam-Dr-Conway-AR-72032/52391633_zpid/,130000,2026-08-07T00:00:00.000Z,Listed for rent,2026-02-24T00:00:00.000Z,Listing removed,2026-02-19T00:00:00.000Z,Price change,2026-02-13T00:00:00.000Z,Listed for rent,2025-09-17T00:00:00.000Z,Listing removed,2025-08-29T00:00:00.000Z,Listed for rent,2021-04-13T00:00:00.000Z,Sold,2018-04-26T00:00:00.000Z,Sold,2018-01-23T00:00:00.000Z,Listed for sale,2012-10-29T00:00:00.000Z,Sold,2012-08-04T00:00:00.000Z,Listed for sale,2005-06-23T00:00:00.000Z,Sold,,,,,,,,,,,,,,,,,,,,,,,,,,,,,,,,
"1326 Tijeras Rd, Benton, AR 72019",1326 Tijeras Rd,FOR_RENT,3,1436,1550,1550,5,https://www.zillow.com/homedetails/1326-Tijeras-Rd-Benton-AR-72019/376944_zpid/,/homedetails/1326-Tijeras-Rd-Benton-AR-72019/376944_zpid/,149900,2026-08-18T00:00:00.000Z,Listed for rent,2025-08-20T00:00:00.000Z,Listing removed,2025-07-29T00:00:00.000Z,Listed for rent,2023-10-13T00:00:00.000Z,Listing removed,2023-09-18T00:00:00.000Z,Listed for rent,2022-05-05T00:00:00.000Z,Listing removed,2022-05-03T00:00:00.000Z,Listed for rent,2021-03-01T00:00:00.000Z,Sold,2021-02-11T00:00:00.000Z,Listed for sale,,,,,,,,,,,,,,,,,,,,,,,,,,,,,,,,,,,,,,
"6587 Westminster, Benton, AR 72019",6587 Westminster,FOR_RENT,4,3650,3695,3695,27,https://www.zillow.com/homedetails/6587-Westminster-Benton-AR-72019/120554683_zpid/,/homedetails/6587-Westminster-Benton-AR-72019/120554683_zpid/,555000,2026-07-27T00:00:00.000Z,Listed for rent,2025-06-03T00:00:00.000Z,Listing removed,2025-05-23T00:00:00.000Z,Listed for rent,2025-05-21T00:00:00.000Z,Listing removed,2025-05-04T00:00:00.000Z,Listed for rent,2024-02-14T00:00:00.000Z,Listing removed,2024-01-31T00:00:00.000Z,Price change,2024-01-05T00:00:00.000Z,Price change,2023-12-15T00:00:00.000Z,Price change,2023-11-29T00:00:00.000Z,Listed for rent,2022-06-07T00:00:00.000Z,Listing removed,2022-06-03T00:00:00.000Z,Price change,2022-06-02T00:00:00.000Z,Listed for rent,2022-05-25T00:00:00.000Z,Listing removed,2022-05-20T00:00:00.000Z,Price change,2022-05-09T00:00:00.000Z,Listed for rent,2022-04-29T00:00:00.000Z,Listing removed,2022-04-04T00:00:00.000Z,Listed for rent,2021-12-28T00:00:00.000Z,Listing removed,2021-11-28T00:00:00.000Z,Listed for rent,2021-07-07T00:00:00.000Z,Sold,2021-06-01T00:00:00.000Z,Contingent,2021-05-28T00:00:00.000Z,Listed for sale,2015-02-03T00:00:00.000Z,Sold,,,,,,,,
"22-01 Blair, Greenbrier, AR 72058",22-01 Blair,FOR_RENT,3,1200,1350,1350,16,https://www.zillow.com/homedetails/22-01-Blair-Greenbrier-AR-72058/2079669832_zpid/,/homedetails/22-01-Blair-Greenbrier-AR-72058/2079669832_zpid/,115000,2026-08-21T00:00:00.000Z,Price change,2026-08-07T00:00:00.000Z,Listed for rent,2020-05-08T00:00:00.000Z,Sold,,,,,,,,,,,,,,,,,,,,,,,,,,,,,,,,,,,,,,,,,,,,,,,,,,
"60 Parkview Dr, Cabot, AR 72023",60 Parkview Dr,FOR_RENT,3,1475,1375,1375,18,https://www.zillow.com/homedetails/60-Parkview-Dr-Cabot-AR-72023/255734_zpid/,/homedetails/60-Parkview-Dr-Cabot-AR-72023/255734_zpid/,135000,2026-08-05T00:00:00.000Z,Listed for rent,2025-06-11T00:00:00.000Z,Listing removed,2025-06-10T00:00:00.000Z,Listed for rent,2025-06-09T00:00:00.000Z,Listing removed,2025-05-09T00:00:00.000Z,Listed for rent,2023-04-19T00:00:00.000Z,Listing removed,2023-04-06T00:00:00.000Z,Listed for rent,2022-08-24T00:00:00.000Z,Listing removed,2022-08-03T00:00:00.000Z,Listed for rent,2022-06-28T00:00:00.000Z,Sold,2017-04-01T00:00:00.000Z,Listing removed,2017-02-26T00:00:00.000Z,Listed for rent,2013-07-08T00:00:00.000Z,Sold,2010-01-05T00:00:00.000Z,Sold,2009-01-20T00:00:00.000Z,Listing removed,2008-09-29T00:00:00.000Z,Listed for sale,,,,,,,,,,,,,,,,,,,,,,,,
"2668 Chapel Creek Dr, Benton, AR 72015",2668 Chapel Creek Dr,FOR_RENT,3,1478,1595,1595,23,https://www.zillow.com/homedetails/2668-Chapel-Creek-Dr-Benton-AR-72015/120791136_zpid/,/homedetails/2668-Chapel-Creek-Dr-Benton-AR-72015/120791136_zpid/,,2026-07-31T00:00:00.000Z,Listed for rent,2020-04-14T00:00:00.000Z,Listing removed,2020-04-08T00:00:00.000Z,Listed for rent,2017-08-19T00:00:00.000Z,Listing removed,2017-08-03T00:00:00.000Z,Listed for rent,,,,,,,,,,,,,,,,,,,,,,,,,,,,,,,,,,,,,,,,,,,,,,
"3558 Terrace Hill Ct, Benton, AR 72019",3558 Terrace Hill Ct,FOR_RENT,3,1404,1500,1500,5,https://www.zillow.com/homedetails/3558-Terrace-Hill-Ct-Benton-AR-72019/247594485_zpid/,/homedetails/3558-Terrace-Hill-Ct-Benton-AR-72019/247594485_zpid/,122580,2026-08-18T00:00:00.000Z,Listed for rent,2022-09-26T00:00:00.000Z,Listing removed,2022-09-08T00:00:00.000Z,Listed for rent,2022-03-04T00:00:00.000Z,Sold,2021-05-22T00:00:00.000Z,Listing removed,2021-05-04T00:00:00.000Z,Listed for rent,2019-05-09T00:00:00.000Z,Listing removed,2019-04-25T00:00:00.000Z,Listed for rent,,,,,,,,,,,,,,,,,,,,,,,,,,,,,,,,,,,,,,,,
"5380 Pewter Dr, Conway, AR 72034",5380 Pewter Dr,FOR_RENT,3,1550,1750,1750,10,https://www.zillow.com/homedetails/5380-Pewter-Dr-Conway-AR-72034/71712219_zpid/,/homedetails/5380-Pewter-Dr-Conway-AR-72034/71712219_zpid/,126000,2026-08-13T00:00:00.000Z,Listed for rent,2021-03-24T00:00:00.000Z,Listing removed,2020-02-23T00:00:00.000Z,Listing removed,2020-02-20T00:00:00.000Z,Price change,2020-01-27T00:00:00.000Z,Listed for rent,2005-09-06T00:00:00.000Z,Sold,2005-05-10T00:00:00.000Z,Sold,,,,,,,,,,,,,,,,,,,,,,,,,,,,,,,,,,,,,,,,,,
"91 Dam Rd, Mayflower, AR 72106",91 Dam Rd,FOR_RENT,3,1400,1800,1800,4,https://www.zillow.com/homedetails/91-Dam-Rd-Mayflower-AR-72106/244361_zpid/,/homedetails/91-Dam-Rd-Mayflower-AR-72106/244361_zpid/,195000,2026-08-20T00:00:00.000Z,Listed for rent,2020-08-07T00:00:00.000Z,Sold,2016-10-31T00:00:00.000Z,Sold,2016-08-05T00:00:00.000Z,Price change,2016-04-11T00:00:00.000Z,Listed for sale,2014-08-02T00:00:00.000Z,Sold,,,,,,,,,,,,,,,,,,,,,,,,,,,,,,,,,,,,,,,,,,,,
"31 Buena Vista Dr, Jacksonville, AR 72076",31 Buena Vista Dr,FOR_RENT,3,1028,1045,1045,5,https://www.zillow.com/homedetails/31-Buena-Vista-Dr-Jacksonville-AR-72076/102667035_zpid/,/homedetails/31-Buena-Vista-Dr-Jacksonville-AR-72076/102667035_zpid/,21000,2026-08-19T00:00:00.000Z,Listed for rent,2025-08-02T00:00:00.000Z,Listing removed,2025-07-31T00:00:00.000Z,Price change,2025-07-18T00:00:00.000Z,Listed for rent,2024-07-04T00:00:00.000Z,Listing removed,2024-06-30T00:00:00.000Z,Listed for rent,2023-12-18T00:00:00.000Z,Listing removed,2023-11-14T00:00:00.000Z,Listed for rent,2013-01-14T00:00:00.000Z,Sold,2012-11-06T00:00:00.000Z,Sold,2012-08-07T00:00:00.000Z,Sold,,,,,,,,,,,,,,,,,,,,,,,,,,,,,,,,,,
"3201 Stivers Blvd, Bryant, AR 72022",3201 Stivers Blvd,FOR_RENT,3,1279,1550,1550,23,https://www.zillow.com/homedetails/3201-Stivers-Blvd-Bryant-AR-72022/391950_zpid/,/homedetails/3201-Stivers-Blvd-Bryant-AR-72022/391950_zpid/,125000,2026-08-10T00:00:00.000Z,Price change,2026-07-31T00:00:00.000Z,Listed for rent,2022-12-14T00:00:00.000Z,Listing removed,2022-12-05T00:00:00.000Z,Listed for rent,2020-07-28T00:00:00.000Z,Listing removed,2020-07-21T00:00:00.000Z,Listed for rent,2020-07-20T00:00:00.000Z,Sold,2016-10-28T00:00:00.000Z,Sold,2016-08-21T00:00:00.000Z,Listed for sale,2008-08-15T00:00:00.000Z,Sold,,,,,,,,,,,,,,,,,,,,,,,,,,,,,,,,,,,,
"4640 Oregon Trl, Conway, AR 72034",4640 Oregon Trl,FOR_RENT,3,1482,1800,1800,4,https://www.zillow.com/homedetails/4640-Oregon-Trl-Conway-AR-72034/35730645_zpid/,/homedetails/4640-Oregon-Trl-Conway-AR-72034/35730645_zpid/,250000,2026-08-19T00:00:00.000Z,Listed for rent,2026-02-25T00:00:00.000Z,Listing removed,2026-02-10T00:00:00.000Z,Listed for rent,2025-10-31T00:00:00.000Z,Sold,2025-10-23T00:00:00.000Z,Contingent,2025-09-12T00:00:00.000Z,Price change,2025-08-21T00:00:00.000Z,Listed for sale,2021-11-15T00:00:00.000Z,Sold,2021-10-11T00:00:00.000Z,Pending sale,2021-10-11T00:00:00.000Z,Contingent,2021-10-05T00:00:00.000Z,Listed for sale,2021-03-24T00:00:00.000Z,Listing removed,2017-06-02T00:00:00.000Z,Sold,2017-03-21T00:00:00.000Z,Listed for sale,2015-07-07T00:00:00.000Z,Sold,2015-05-28T00:00:00.000Z,Listed for sale,2015-04-16T00:00:00.000Z,Listing removed,2014-12-26T00:00:00.000Z,Listed for sale,,,,,,,,,,,,,,,,,,,,
"5399 Heritage Valley Dr, Benton, AR 72019",5399 Heritage Valley Dr,FOR_RENT,4,1790,2000,2000,27,https://www.zillow.com/homedetails/5399-Heritage-Valley-Dr-Benton-AR-72019/2062299989_zpid/,/homedetails/5399-Heritage-Valley-Dr-Benton-AR-72019/2062299989_zpid/,245000,2026-07-27T00:00:00.000Z,Listed for rent,2026-07-15T00:00:00.000Z,Listing removed,2026-05-22T00:00:00.000Z,Price change,2026-04-02T00:00:00.000Z,Listed for sale,2026-04-01T00:00:00.000Z,Listing removed,2025-11-06T00:00:00.000Z,Price change,2025-10-13T00:00:00.000Z,Price change,2025-10-04T00:00:00.000Z,Listed for sale,2025-02-24T00:00:00.000Z,Sold,2025-02-05T00:00:00.000Z,Contingent,2024-11-30T00:00:00.000Z,Price change,2024-10-04T00:00:00.000Z,Price change,2024-09-29T00:00:00.000Z,Price change,2024-09-07T00:00:00.000Z,Listed for sale,2022-08-29T00:00:00.000Z,Sold,,,,,,,,,,,,,,,,,,,,,,,,,,
"21 Willard St, Ward, AR 72176",21 Willard St,FOR_RENT,3,1301,1395,1395,9,https://www.zillow.com/homedetails/21-Willard-St-Ward-AR-72176/55151159_zpid/,/homedetails/21-Willard-St-Ward-AR-72176/55151159_zpid/,165000,2026-08-14T00:00:00.000Z,Listed for rent,2022-08-08T00:00:00.000Z,Sold,2014-12-24T00:00:00.000Z,Listing removed,2014-11-06T00:00:00.000Z,Price change,2014-10-02T00:00:00.000Z,Listed for rent,2014-04-10T00:00:00.000Z,Listing removed,2014-03-01T00:00:00.000Z,Listed for rent,2014-02-18T00:00:00.000Z,Listing removed,2014-02-07T00:00:00.000Z,Price change,2014-01-09T00:00:00.000Z,Price change,2013-10-25T00:00:00.000Z,Price change,2013-08-24T00:00:00.000Z,Listed for sale,2013-05-23T00:00:00.000Z,Listing removed,2013-04-18T00:00:00.000Z,Price change,2013-03-30T00:00:00.000Z,Price change,2013-03-13T00:00:00.000Z,Price change,2013-02-26T00:00:00.000Z,Price change,2013-02-10T00:00:00.000Z,Listed for sale,2012-07-04T00:00:00.000Z,Listing removed,2012-05-16T00:00:00.000Z,Price change,2012-04-12T00:00:00.000Z,Price change,2012-04-09T00:00:00.000Z,Price change,2012-03-23T00:00:00.000Z,Price change,2012-03-15T00:00:00.000Z,Listed for sale,,,,,,,,
"16 Emerald Cir, Cabot, AR 72023",16 Emerald Cir,FOR_RENT,3,1959,1850,1850,39,https://www.zillow.com/homedetails/16-Emerald-Cir-Cabot-AR-72023/254439_zpid/,/homedetails/16-Emerald-Cir-Cabot-AR-72023/254439_zpid/,3400000,2026-08-19T00:00:00.000Z,Price change,2026-07-25T00:00:00.000Z,Price change,2026-07-16T00:00:00.000Z,Listed for rent,2015-04-15T00:00:00.000Z,Sold,,,,,,,,,,,,,,,,,,,,,,,,,,,,,,,,,,,,,,,,,,,,,,,,
"2530 Peabody Dr, Conway, AR 72032",2530 Peabody Dr,FOR_RENT,3,1271,1500,1500,8,https://www.zillow.com/homedetails/2530-Peabody-Dr-Conway-AR-72032/239829_zpid/,/homedetails/2530-Peabody-Dr-Conway-AR-72032/239829_zpid/,199000,2026-08-15T00:00:00.000Z,Listed for rent,2025-07-28T00:00:00.000Z,Sold,2025-06-29T00:00:00.000Z,Contingent,2025-06-28T00:00:00.000Z,Listed for sale,2014-12-23T00:00:00.000Z,Sold,2013-09-19T00:00:00.000Z,Sold,2013-06-28T00:00:00.000Z,Listed for sale,2012-12-14T00:00:00.000Z,Listing removed,2012-10-15T00:00:00.000Z,Listed for sale,,,,,,,,,,,,,,,,,,,,,,,,,,,,,,,,,,,,,,
"13724 Joan Dr, Shannon Hills, AR 72103",13724 Joan Dr,FOR_RENT,4,1299,1100,1100,27,https://www.zillow.com/homedetails/13724-Joan-Dr-Shannon-Hills-AR-72103/393639_zpid/,/homedetails/13724-Joan-Dr-Shannon-Hills-AR-72103/393639_zpid/,118000,2026-07-27T00:00:00.000Z,Listed for rent,2022-08-18T00:00:00.000Z,Listing removed,2022-08-05T00:00:00.000Z,Listed for rent,2022-04-26T00:00:00.000Z,Sold,2021-09-28T00:00:00.000Z,Listing removed,2021-08-30T00:00:00.000Z,Listed for rent,2019-12-04T00:00:00.000Z,Listing removed,2019-08-26T00:00:00.000Z,Price change,2019-08-16T00:00:00.000Z,Price change,2019-07-31T00:00:00.000Z,Listed for rent,,,,,,,,,,,,,,,,,,,,,,,,,,,,,,,,,,,,
"53 Dunnaway Dr, Austin, AR 72007",53 Dunnaway Dr,FOR_RENT,3,1403,1600,1600,39,https://www.zillow.com/homedetails/53-Dunnaway-Dr-Austin-AR-72007/2056813469_zpid/,/homedetails/53-Dunnaway-Dr-Austin-AR-72007/2056813469_zpid/,195000,2026-07-16T00:00:00.000Z,Listed for rent,2025-09-03T00:00:00.000Z,Listing removed,2025-09-02T00:00:00.000Z,Listing removed,2025-07-29T00:00:00.000Z,Listed for rent,2025-06-14T00:00:00.000Z,Listed for sale,2023-10-13T00:00:00.000Z,Sold,2023-09-06T00:00:00.000Z,Contingent,2023-07-15T00:00:00.000Z,Listed for sale,,,,,,,,,,,,,,,,,,,,,,,,,,,,,,,,,,,,,,,,
"11201 Donnie Dr, Shannon Hills, AR 72103",11201 Donnie Dr,FOR_RENT,3,1353,1395,1395,32,https://www.zillow.com/homedetails/11201-Donnie-Dr-Shannon-Hills-AR-72103/393627_zpid/,/homedetails/11201-Donnie-Dr-Shannon-Hills-AR-72103/393627_zpid/,134900,2026-07-23T00:00:00.000Z,Listed for rent,2020-04-07T00:00:00.000Z,Sold,2020-04-05T00:00:00.000Z,Listing removed,2020-03-23T00:00:00.000Z,Price change,2020-03-02T00:00:00.000Z,Price change,2019-12-27T00:00:00.000Z,Listed for rent,2019-11-20T00:00:00.000Z,Listing removed,2019-11-19T00:00:00.000Z,Price change,2019-11-18T00:00:00.000Z,Price change,2019-11-16T00:00:00.000Z,Price change,2019-11-13T00:00:00.000Z,Price change,2019-11-08T00:00:00.000Z,Price change,2019-11-04T00:00:00.000Z,Price change,2019-11-02T00:00:00.000Z,Listed for sale,2019-10-31T00:00:00.000Z,Sold,2019-10-28T00:00:00.000Z,Price change,2019-10-26T00:00:00.000Z,Price change,2019-10-23T00:00:00.000Z,Price change,2019-10-22T00:00:00.000Z,Price change,2019-10-20T00:00:00.000Z,Price change,2019-10-14T00:00:00.000Z,Price change,2019-10-11T00:00:00.000Z,Price change,2019-10-09T00:00:00.000Z,Price change,2019-10-06T00:00:00.000Z,Price change,2019-10-03T00:00:00.000Z,Price change,2019-10-01T00:00:00.000Z,Listed for sale,2019-06-27T00:00:00.000Z,Listing removed,,
"2408 Pleasant Forest Dr, Benton, AR 72015",2408 Pleasant Forest Dr,FOR_RENT,3,1533,1550,1550,26,https://www.zillow.com/homedetails/2408-Pleasant-Forest-Dr-Benton-AR-72015/88905364_zpid/,/homedetails/2408-Pleasant-Forest-Dr-Benton-AR-72015/88905364_zpid/,,2026-08-12T00:00:00.000Z,Price change,2026-07-28T00:00:00.000Z,Listed for rent,2020-06-24T00:00:00.000Z,Listing removed,2020-06-04T00:00:00.000Z,Price change,2020-04-30T00:00:00.000Z,Listed for rent,2010-02-13T00:00:00.000Z,Listing removed,2010-01-09T00:00:00.000Z,Listed for sale,,,,,,,,,,,,,,,,,,,,,,,,,,,,,,,,,,,,,,,,,,
"102 Rosebud Cir, Cabot, AR 72023",102 Rosebud Cir,FOR_RENT,3,1277,1450,1450,23,https://www.zillow.com/homedetails/102-Rosebud-Cir-Cabot-AR-72023/63160774_zpid/,/homedetails/102-Rosebud-Cir-Cabot-AR-72023/63160774_zpid/,199000,2026-07-31T00:00:00.000Z,Listed for rent,2024-10-10T00:00:00.000Z,Listing removed,2024-10-09T00:00:00.000Z,Price change,2024-09-26T00:00:00.000Z,Listed for rent,2024-08-23T00:00:00.000Z,Sold,2024-07-15T00:00:00.000Z,Listed for sale,2019-02-08T00:00:00.000Z,Sold,2019-01-11T00:00:00.000Z,Pending sale,2018-12-01T00:00:00.000Z,Price change,2018-09-22T00:00:00.000Z,Price change,2018-08-05T00:00:00.000Z,Listed for sale,,,,,,,,,,,,,,,,,,,,,,,,,,,,,,,,,,
"14225 Clayton Dr, Shannon Hills, AR 72103",14225 Clayton Dr,FOR_RENT,3,1273,995,995,12,https://www.zillow.com/homedetails/14225-Clayton-Dr-Shannon-Hills-AR-72103/393298_zpid/,/homedetails/14225-Clayton-Dr-Shannon-Hills-AR-72103/393298_zpid/,127900,2026-08-11T00:00:00.000Z,Listed for rent,2026-01-07T00:00:00.000Z,Listing removed,2025-12-22T00:00:00.000Z,Listed for rent,2023-10-25T00:00:00.000Z,Listing removed,2023-10-03T00:00:00.000Z,Listed for rent,2021-10-04T00:00:00.000Z,Listing removed,2021-09-13T00:00:00.000Z,Sold,2021-09-10T00:00:00.000Z,Listed for rent,2021-05-28T00:00:00.000Z,Sold,,,,,,,,,,,,,,,,,,,,,,,,,,,,,,,,,,,,,,
"100 Donna Kay Dr, Greenbrier, AR 72058",100 Donna Kay Dr,FOR_RENT,3,1129,1500,1500,16,https://www.zillow.com/homedetails/100-Donna-Kay-Dr-Greenbrier-AR-72058/35730915_zpid/,/homedetails/100-Donna-Kay-Dr-Greenbrier-AR-72058/35730915_zpid/,100000,2026-08-07T00:00:00.000Z,Listed for rent,2024-03-16T00:00:00.000Z,Listing removed,2024-03-12T00:00:00.000Z,Listed for rent,2013-11-05T00:00:00.000Z,Sold,2013-07-27T00:00:00.000Z,Listing removed,2013-06-23T00:00:00.000Z,Listed for sale,2008-05-05T00:00:00.000Z,Sold,2007-05-22T00:00:00.000Z,Sold,,,,,,,,,,,,,,,,,,,,,,,,,,,,,,,,,,,,,,,,
"677 Joyner Loop, Lonoke, AR 72086",677 Joyner Loop,FOR_RENT,3,1280,900,900,23,https://www.zillow.com/homedetails/677-Joyner-Loop-Lonoke-AR-72086/99406145_zpid/,/homedetails/677-Joyner-Loop-Lonoke-AR-72086/99406145_zpid/,,2026-07-31T00:00:00.000Z,Listed for rent,2021-03-24T00:00:00.000Z,Listing removed,2020-01-24T00:00:00.000Z,Listing removed,2020-01-08T00:00:00.000Z,Listed for rent,2019-04-01T00:00:00.000Z,Listing removed,2019-03-07T00:00:00.000Z,Listed for rent,,,,,,,,,,,,,,,,,,,,,,,,,,,,,,,,,,,,,,,,,,,,
"26 Alexis Dr, Cabot, AR 72023",26 Alexis Dr,FOR_RENT,3,1288,1425,1425,41,https://www.zillow.com/homedetails/26-Alexis-Dr-Cabot-AR-72023/255240_zpid/,/homedetails/26-Alexis-Dr-Cabot-AR-72023/255240_zpid/,152900,2026-08-11T00:00:00.000Z,Price change,2026-07-29T00:00:00.000Z,Price change,2026-07-14T00:00:00.000Z,Listed for rent,2023-05-31T00:00:00.000Z,Listing removed,2023-05-17T00:00:00.000Z,Listed for rent,2023-03-10T00:00:00.000Z,Sold,2023-02-09T00:00:00.000Z,Contingent,2023-02-07T00:00:00.000Z,Listed for sale,2014-11-14T00:00:00.000Z,Sold,,,,,,,,,,,,,,,,,,,,,,,,,,,,,,,,,,,,,,
"4568 Western Woods Dr, Benton, AR 72015",4568 Western Woods Dr,FOR_RENT,4,1734,1845,1845,26,https://www.zillow.com/homedetails/4568-Western-Woods-Dr-Benton-AR-72015/2057412537_zpid/,/homedetails/4568-Western-Woods-Dr-Benton-AR-72015/2057412537_zpid/,313100,2026-08-20T00:00:00.000Z,Price change,2026-07-29T00:00:00.000Z,Listed for rent,2025-04-17T00:00:00.000Z,Listing removed,2025-04-10T00:00:00.000Z,Listed for rent,2023-03-31T00:00:00.000Z,Sold,,,,,,,,,,,,,,,,,,,,,,,,,,,,,,,,,,,,,,,,,,,,,,
"2750 Bowman Ln, Conway, AR 72034",2750 Bowman Ln,FOR_RENT,3,1668,1650,1650,8,https://www.zillow.com/homedetails/2750-Bowman-Ln-Conway-AR-72034/241246_zpid/,/homedetails/2750-Bowman-Ln-Conway-AR-72034/241246_zpid/,255000,2026-07-17T00:00:00.000Z,Price change,2026-07-03T00:00:00.000Z,Listed for rent,2023-12-20T00:00:00.000Z,Listing removed,2023-11-30T00:00:00.000Z,Price change,2023-11-04T00:00:00.000Z,Listed for rent,2014-07-02T00:00:00.000Z,Sold,2007-07-18T00:00:00.000Z,Sold,1994-06-06T00:00:00.000Z,Sold,,,,,,,,,,,,,,,,,,,,,,,,,,,,,,,,,,,,,,,,
"605 Valley Vista Dr, Benton, AR 72019",605 Valley Vista Dr,FOR_RENT,4,1942,1875,1875,47,https://www.zillow.com/homedetails/605-Valley-Vista-Dr-Benton-AR-72019/387089_zpid/,/homedetails/605-Valley-Vista-Dr-Benton-AR-72019/387089_zpid/,,2026-07-07T00:00:00.000Z,Listed for rent,,,,,,,,,,,,,,,,,,,,,,,,,,,,,,,,,,,,,,,,,,,,,,,,,,,,,,
"98 Rosebud Cir, Cabot, AR 72023",98 Rosebud Cir,FOR_RENT,3,1358,1545,1545,34,https://www.zillow.com/homedetails/98-Rosebud-Cir-Cabot-AR-72023/63160780_zpid/,/homedetails/98-Rosebud-Cir-Cabot-AR-72023/63160780_zpid/,197000,2026-08-06T00:00:00.000Z,Price change,2026-07-20T00:00:00.000Z,Listed for rent,2024-05-23T00:00:00.000Z,Sold,2024-04-19T00:00:00.000Z,Price change,2024-04-17T00:00:00.000Z,Price change,2024-04-08T00:00:00.000Z,Listed for sale,2018-05-11T00:00:00.000Z,Sold,2018-03-15T00:00:00.000Z,Listed for sale,2016-03-09T00:00:00.000Z,Sold,2015-12-03T00:00:00.000Z,Price change,2015-10-26T00:00:00.000Z,Price change,2015-10-01T00:00:00.000Z,Price change,2015-08-10T00:00:00.000Z,Listed for sale,,,,,,,,,,,,,,,,,,,,,,,,,,,,,,
"414 Newcomb Cv, Benton, AR 72015",414 Newcomb Cv,FOR_RENT,3,1384,1600,1600,37,https://www.zillow.com/homedetails/414-Newcomb-Cv-Benton-AR-72015/384931_zpid/,/homedetails/414-Newcomb-Cv-Benton-AR-72015/384931_zpid/,65531,2026-07-17T00:00:00.000Z,Listed for rent,2010-11-30T00:00:00.000Z,Sold,2005-03-03T00:00:00.000Z,Sold,,,,,,,,,,,,,,,,,,,,,,,,,,,,,,,,,,,,,,,,,,,,,,,,,,
"1645 Southern Hills Dr, Conway, AR 72034",1645 Southern Hills Dr,FOR_RENT,3,1155,1495,1495,11,https://www.zillow.com/homedetails/1645-Southern-Hills-Dr-Conway-AR-72034/52392168_zpid/,/homedetails/1645-Southern-Hills-Dr-Conway-AR-72034/52392168_zpid/,119900,2026-08-12T00:00:00.000Z,Listed for rent,2025-08-05T00:00:00.000Z,Listing removed,2025-07-16T00:00:00.000Z,Listed for rent,2023-07-01T00:00:00.000Z,Listing removed,2023-06-28T00:00:00.000Z,Listed for rent,2023-04-06T00:00:00.000Z,Sold,,,,,,,,,,,,,,,,,,,,,,,,,,,,,,,,,,,,,,,,,,,,
"3707 Sterling Oaks Dr, Benton, AR 72019",3707 Sterling Oaks Dr,FOR_RENT,5,2617,2895,2895,27,https://www.zillow.com/homedetails/3707-Sterling-Oaks-Dr-Benton-AR-72019/82260701_zpid/,/homedetails/3707-Sterling-Oaks-Dr-Benton-AR-72019/82260701_zpid/,380000,2026-07-27T00:00:00.000Z,Listed for rent,2025-05-10T00:00:00.000Z,Listing removed,2025-03-25T00:00:00.000Z,Listed for rent,2024-04-16T00:00:00.000Z,Listing removed,2024-04-06T00:00:00.000Z,Listed for rent,2022-04-11T00:00:00.000Z,Sold,2022-03-04T00:00:00.000Z,Listed for sale,2017-07-18T00:00:00.000Z,Sold,2017-06-02T00:00:00.000Z,Price change,2017-05-10T00:00:00.000Z,Listed for sale,2017-01-19T00:00:00.000Z,Listing removed,2017-01-09T00:00:00.000Z,Price change,2016-09-08T00:00:00.000Z,Listed for sale,,,,,,,,,,,,,,,,,,,,,,,,,,,,,,
"345 Joyner Loop, Lonoke, AR 72086",345 Joyner Loop,FOR_RENT,3,1120,1200,1200,51,https://www.zillow.com/homedetails/345-Joyner-Loop-Lonoke-AR-72086/99446243_zpid/,/homedetails/345-Joyner-Loop-Lonoke-AR-72086/99446243_zpid/,36000,2026-07-05T00:00:00.000Z,Price change,2026-07-03T00:00:00.000Z,Listed for rent,2026-06-23T00:00:00.000Z,Listing removed,2026-02-11T00:00:00.000Z,Listed for rent,2025-11-22T00:00:00.000Z,Listing removed,2025-11-15T00:00:00.000Z,Price change,2025-11-05T00:00:00.000Z,Listed for rent,2025-09-05T00:00:00.000Z,Listing removed,2025-08-06T00:00:00.000Z,Listed for rent,2007-02-20T00:00:00.000Z,Sold,,,,,,,,,,,,,,,,,,,,,,,,,,,,,,,,,,,,
"35 G St, Cabot, AR 72023",35 G St,FOR_RENT,3,1849,1825,1825,46,https://www.zillow.com/homedetails/35-G-St-Cabot-AR-72023/254255_zpid/,/homedetails/35-G-St-Cabot-AR-72023/254255_zpid/,230000,2026-07-25T00:00:00.000Z,Price change,2026-07-09T00:00:00.000Z,Price change,2026-05-03T00:00:00.000Z,Listed for rent,2025-05-25T00:00:00.000Z,Listing removed,2025-05-14T00:00:00.000Z,Price change,2025-05-01T00:00:00.000Z,Listed for rent,2021-06-07T00:00:00.000Z,Sold,2020-09-03T00:00:00.000Z,Sold,2020-06-19T00:00:00.000Z,Listed for sale,2018-06-22T00:00:00.000Z,Sold,2018-05-08T00:00:00.000Z,Listed for sale,2014-04-28T00:00:00.000Z,Sold,,,,,,,,,,,,,,,,,,,,,,,,,,,,,,,,
"2476 Pleasant Willow Dr, Benton, AR 72015",2476 Pleasant Willow Dr,FOR_RENT,4,1700,1700,1700,13,https://www.zillow.com/homedetails/2476-Pleasant-Willow-Dr-Benton-AR-72015/118169317_zpid/,/homedetails/2476-Pleasant-Willow-Dr-Benton-AR-72015/118169317_zpid/,245000,2026-08-10T00:00:00.000Z,Listed for rent,2012-04-30T00:00:00.000Z,Sold,,,,,,,,,,,,,,,,,,,,,,,,,,,,,,,,,,,,,,,,,,,,,,,,,,,,
"3428 Garden Club Dr, Bryant, AR 72022",3428 Garden Club Dr,FOR_RENT,3,1600,1650,1650,9,https://www.zillow.com/homedetails/3428-Garden-Club-Dr-Bryant-AR-72022/199768703_zpid/,/homedetails/3428-Garden-Club-Dr-Bryant-AR-72022/199768703_zpid/,,2026-08-14T00:00:00.000Z,Listed for rent,2025-09-27T00:00:00.000Z,Listing removed,2025-09-18T00:00:00.000Z,Listed for rent,2020-06-15T00:00:00.000Z,Listing removed,2020-05-29T00:00:00.000Z,Listed for rent,,,,,,,,,,,,,,,,,,,,,,,,,,,,,,,,,,,,,,,,,,,,,,
"2765 Archer Ln, Conway, AR 72034",2765 Archer Ln,FOR_RENT,3,1560,1700,1700,9,https://www.zillow.com/homedetails/2765-Archer-Ln-Conway-AR-72034/241241_zpid/,/homedetails/2765-Archer-Ln-Conway-AR-72034/241241_zpid/,154500,2026-08-14T00:00:00.000Z,Listed for rent,2025-09-17T00:00:00.000Z,Listing removed,2025-08-12T00:00:00.000Z,Listed for rent,2024-05-31T00:00:00.000Z,Listing removed,2024-05-16T00:00:00.000Z,Listed for rent,2023-06-05T00:00:00.000Z,Listing removed,2023-06-02T00:00:00.000Z,Listed for rent,2019-12-17T00:00:00.000Z,Sold,2019-11-19T00:00:00.000Z,Price change,2019-09-30T00:00:00.000Z,Listed for sale,2014-10-14T00:00:00.000Z,Sold,,,,,,,,,,,,,,,,,,,,,,,,,,,,,,,,,,
"103 Pope Dr, Benton, AR 72015",103 Pope Dr,FOR_RENT,3,1559,1625,1625,53,https://www.zillow.com/homedetails/103-Pope-Dr-Benton-AR-72015/82243468_zpid/,/homedetails/103-Pope-Dr-Benton-AR-72015/82243468_zpid/,115000,2026-07-01T00:00:00.000Z,Listed for rent,2024-08-21T00:00:00.000Z,Listing removed,2024-07-02T00:00:00.000Z,Price change,2024-05-31T00:00:00.000Z,Listed for rent,2017-07-19T00:00:00.000Z,Listing removed,2017-06-17T00:00:00.000Z,Listed for rent,2016-11-06T00:00:00.000Z,Listing removed,2014-04-08T00:00:00.000Z,Listing removed,2014-01-31T00:00:00.000Z,Sold,2014-01-29T00:00:00.000Z,Listed for rent,2013-11-25T00:00:00.000Z,Listed for sale,2013-10-08T00:00:00.000Z,Sold,2012-06-06T00:00:00.000Z,Listing removed,2012-05-24T00:00:00.000Z,Price change,2012-03-22T00:00:00.000Z,Listed for sale,2008-01-28T00:00:00.000Z,Sold,,,,,,,,,,,,,,,,,,,,,,,,
"2225 Redwood, Benton, AR 72015",2225 Redwood,FOR_RENT,3,1758,1850,1850,83,https://www.zillow.com/homedetails/2225-Redwood-Benton-AR-72015/52934068_zpid/,/homedetails/2225-Redwood-Benton-AR-72015/52934068_zpid/,132000,2026-08-17T00:00:00.000Z,Price change,2026-07-13T00:00:00.000Z,Price change,2026-06-01T00:00:00.000Z,Listed for rent,2025-05-31T00:00:00.000Z,Listing removed,2025-05-17T00:00:00.000Z,Listed for rent,2025-05-16T00:00:00.000Z,Listing removed,2025-04-17T00:00:00.000Z,Listed for rent,2025-04-16T00:00:00.000Z,Listing removed,2024-10-29T00:00:00.000Z,Listed for rent,2023-07-19T00:00:00.000Z,Listing removed,2023-06-20T00:00:00.000Z,Listed for rent,2022-03-04T00:00:00.000Z,Listing removed,2022-02-12T00:00:00.000Z,Listed for rent,2020-08-15T00:00:00.000Z,Listing removed,2020-08-04T00:00:00.000Z,Listed for rent,2019-06-13T00:00:00.000Z,Listing removed,2019-06-04T00:00:00.000Z,Listed for rent,2018-10-16T00:00:00.000Z,Listing removed,2018-08-10T00:00:00.000Z,Price change,2018-08-07T00:00:00.000Z,Listed for rent,2015-07-18T00:00:00.000Z,Listing removed,2015-06-11T00:00:00.000Z,Listed for rent,2014-04-25T00:00:00.000Z,Listing removed,2014-02-22T00:00:00.000Z,Price change,2014-01-21T00:00:00.000Z,Listed for rent,2013-10-18T00:00:00.000Z,Sold,2011-11-01T00:00:00.000Z,Sold,2009-01-13T00:00:00.000Z,Sold
"18 Kimberly Dr, Vilonia, AR 72173",18 Kimberly Dr,FOR_RENT,3,1954,1995,1995,2,https://www.zillow.com/homedetails/18-Kimberly-Dr-Vilonia-AR-72173/245526_zpid/,/homedetails/18-Kimberly-Dr-Vilonia-AR-72173/245526_zpid/,270000,2026-05-04T00:00:00.000Z,Listed for rent,2026-01-05T00:00:00.000Z,Sold,2025-11-20T00:00:00.000Z,Listed for sale,2025-11-20T00:00:00.000Z,Listing removed,2025-09-18T00:00:00.000Z,Listed for sale,2015-07-09T00:00:00.000Z,Sold,2000-03-15T00:00:00.000Z,Sold,,,,,,,,,,,,,,,,,,,,,,,,,,,,,,,,,,,,,,,,,,
"1219 N Parker Haskell St, Benton, AR 72015",1219 N Parker Haskell St,FOR_RENT,3,1680,1500,1500,45,https://www.zillow.com/homedetails/1219-N-Parker-Haskell-St-Benton-AR-72015/392830_zpid/,/homedetails/1219-N-Parker-Haskell-St-Benton-AR-72015/392830_zpid/,35564,2026-08-06T00:00:00.000Z,Price change,2026-07-09T00:00:00.000Z,Listed for rent,2025-12-12T00:00:00.000Z,Listing removed,2025-11-20T00:00:00.000Z,Listed for rent,2025-05-09T00:00:00.000Z,Listing removed,2025-05-04T00:00:00.000Z,Listing removed,2025-04-22T00:00:00.000Z,Price change,2025-04-13T00:00:00.000Z,Listed for rent,2025-03-03T00:00:00.000Z,Price change,2025-02-10T00:00:00.000Z,Price change,2025-02-02T00:00:00.000Z,Listed for sale,2023-09-17T00:00:00.000Z,Listing removed,2023-09-03T00:00:00.000Z,Listed for rent,2023-08-29T00:00:00.000Z,Listing removed,2023-06-16T00:00:00.000Z,Listed for sale,2023-04-17T00:00:00.000Z,Listing removed,2023-03-05T00:00:00.000Z,Price change,2023-02-01T00:00:00.000Z,Listed for sale,2022-05-23T00:00:00.000Z,Listing removed,2022-04-30T00:00:00.000Z,Listed for sale,2022-04-28T00:00:00.000Z,Contingent,2022-04-27T00:00:00.000Z,Price change,2022-03-26T00:00:00.000Z,Listed for sale,2016-02-18T00:00:00.000Z,Sold,2016-01-11T00:00:00.000Z,Listed for sale,2015-09-02T00:00:00.000Z,Sold,2009-08-13T00:00:00.000Z,Sold,2008-05-06T00:00:00.000Z,Sold
"5 Weatherwood Dr, Greenbrier, AR 72058",5 Weatherwood Dr,FOR_RENT,3,1547,1600,1600,46,https://www.zillow.com/homedetails/5-Weatherwood-Dr-Greenbrier-AR-72058/102993946_zpid/,/homedetails/5-Weatherwood-Dr-Greenbrier-AR-72058/102993946_zpid/,154000,2026-07-09T00:00:00.000Z,Listed for rent,2022-10-04T00:00:00.000Z,Listing removed,2022-09-19T00:00:00.000Z,Listed for rent,2022-09-16T00:00:00.000Z,Listed for sale,2008-04-30T00:00:00.000Z,Sold,,,,,,,,,,,,,,,,,,,,,,,,,,,,,,,,,,,,,,,,,,,,,,
"600 S Davis St, Conway, AR 72034",600 S Davis St,FOR_RENT,3,1728,1525,1525,62,https://www.zillow.com/homedetails/600-S-Davis-St-Conway-AR-72034/235022_zpid/,/homedetails/600-S-Davis-St-Conway-AR-72034/235022_zpid/,108500,2026-07-20T00:00:00.000Z,Price change,2026-07-06T00:00:00.000Z,Price change,2026-06-22T00:00:00.000Z,Listed for rent,2022-10-20T00:00:00.000Z,Listing removed,2022-10-11T00:00:00.000Z,Price change,2022-09-22T00:00:00.000Z,Listed for rent,2017-06-15T00:00:00.000Z,Sold,2017-05-06T00:00:00.000Z,Listed for sale,2015-04-17T00:00:00.000Z,Sold,2005-07-22T00:00:00.000Z,Sold,,,,,,,,,,,,,,,,,,,,,,,,,,,,,,,,,,,,
"916 Desoto Pl, Benton, AR 72015",916 Desoto Pl,FOR_RENT,3,912,1150,1150,9,https://www.zillow.com/homedetails/916-Desoto-Pl-Benton-AR-72015/382883_zpid/,/homedetails/916-Desoto-Pl-Benton-AR-72015/382883_zpid/,210000,2026-08-14T00:00:00.000Z,Listed for rent,2025-01-28T00:00:00.000Z,Listing removed,2025-01-21T00:00:00.000Z,Price change,2024-12-10T00:00:00.000Z,Listed for rent,2023-12-16T00:00:00.000Z,Listing removed,2023-10-23T00:00:00.000Z,Listed for rent,2022-10-11T00:00:00.000Z,Listing removed,2022-08-23T00:00:00.000Z,Listed for rent,2022-04-13T00:00:00.000Z,Listing removed,2022-04-06T00:00:00.000Z,Listed for rent,2022-03-26T00:00:00.000Z,Listing removed,2022-02-28T00:00:00.000Z,Price change,2022-02-11T00:00:00.000Z,Price change,2022-01-31T00:00:00.000Z,Listed for rent,2021-08-06T00:00:00.000Z,Sold,2016-07-27T00:00:00.000Z,Sold,2016-02-24T00:00:00.000Z,Listed for sale,2016-01-22T00:00:00.000Z,Listing removed,2016-01-19T00:00:00.000Z,Listed for sale,2009-08-28T00:00:00.000Z,Listing removed,2009-02-04T00:00:00.000Z,Listed for sale,,,,,,,,,,,,,,
"1619 Leawood Dr, Benton, AR 72019",1619 Leawood Dr,FOR_RENT,3,1624,1675,1675,3,https://www.zillow.com/homedetails/1619-Leawood-Dr-Benton-AR-72019/384404_zpid/,/homedetails/1619-Leawood-Dr-Benton-AR-72019/384404_zpid/,122500,2026-08-20T00:00:00.000Z,Listed for rent,2025-10-20T00:00:00.000Z,Sold,,,,,,,,,,,,,,,,,,,,,,,,,,,,,,,,,,,,,,,,,,,,,,,,,,,,
"2912 Highway 319 W, Austin, AR 72007",2912 Highway 319 W,FOR_RENT,3,1992,1695,1695,284,https://www.zillow.com/homedetails/2912-Highway-319-W-Austin-AR-72007/249702_zpid/,/homedetails/2912-Highway-319-W-Austin-AR-72007/249702_zpid/,640000,2026-08-19T00:00:00.000Z,Price change,2026-07-25T00:00:00.000Z,Price change,2026-05-29T00:00:00.000Z,Price change,2026-03-06T00:00:00.000Z,Price change,2026-02-18T00:00:00.000Z,Price change,2026-02-03T00:00:00.000Z,Price change,2025-11-12T00:00:00.000Z,Listed for rent,2013-09-27T00:00:00.000Z,Sold,1991-10-10T00:00:00.000Z,Sold,,,,,,,,,,,,,,,,,,,,,,,,,,,,,,,,,,,,,,
"211 Rodney Guthrie Dr, Cabot, AR 72023",211 Rodney Guthrie Dr,FOR_RENT,3,1268,1345,1345,17,https://www.zillow.com/homedetails/211-Rodney-Guthrie-Dr-Cabot-AR-72023/256835_zpid/,/homedetails/211-Rodney-Guthrie-Dr-Cabot-AR-72023/256835_zpid/,155000,2026-08-06T00:00:00.000Z,Listed for rent,2025-09-22T00:00:00.000Z,Listing removed,2025-08-26T00:00:00.000Z,Price change,2025-07-29T00:00:00.000Z,Listed for rent,2023-07-27T00:00:00.000Z,Listing removed,2023-07-06T00:00:00.000Z,Listed for rent,2022-03-10T00:00:00.000Z,Sold,2022-01-31T00:00:00.000Z,Listed for sale,2019-09-20T00:00:00.000Z,Sold,2019-09-11T00:00:00.000Z,Listed for sale,2019-08-26T00:00:00.000Z,Pending sale,2019-08-13T00:00:00.000Z,Price change,2019-05-31T00:00:00.000Z,Price change,2019-03-17T00:00:00.000Z,Listed for sale,2017-02-23T00:00:00.000Z,Listing removed,2017-01-02T00:00:00.000Z,Price change,2016-07-05T00:00:00.000Z,Listed for sale,2016-06-27T00:00:00.000Z,Sold,2015-11-21T00:00:00.000Z,Listed for sale,2014-09-16T00:00:00.000Z,Sold,,,,,,,,,,,,,,,,
"1961 Auburn Hills Dr, Benton, AR 72015",1961 Auburn Hills Dr,FOR_RENT,3,1470,1850,1850,20,https://www.zillow.com/homedetails/1961-Auburn-Hills-Dr-Benton-AR-72015/2061982521_zpid/,/homedetails/1961-Auburn-Hills-Dr-Benton-AR-72015/2061982521_zpid/,210000,2026-08-04T00:00:00.000Z,Sold,2026-08-04T00:00:00.000Z,Listed for rent,2026-08-04T00:00:00.000Z,Contingent,2026-06-22T00:00:00.000Z,Price change,2026-05-30T00:00:00.000Z,Price change,2026-05-06T00:00:00.000Z,Price change,2026-04-27T00:00:00.000Z,Price change,2026-04-02T00:00:00.000Z,Price change,2026-03-31T00:00:00.000Z,Price change,2026-03-28T00:00:00.000Z,Listed for sale,2022-12-16T00:00:00.000Z,Sold,2022-11-18T00:00:00.000Z,Contingent,2022-11-11T00:00:00.000Z,Price change,2022-10-04T00:00:00.000Z,Price change,2022-08-23T00:00:00.000Z,Price change,2022-08-10T00:00:00.000Z,Listed for sale,,,,,,,,,,,,,,,,,,,,,,,,
"213 Pope Dr, Benton, AR 72015",213 Pope Dr,FOR_RENT,4,1727,1600,1600,2,https://www.zillow.com/homedetails/213-Pope-Dr-Benton-AR-72015/2059518991_zpid/,/homedetails/213-Pope-Dr-Benton-AR-72015/2059518991_zpid/,,2026-08-21T00:00:00.000Z,Listed for rent,2023-02-11T00:00:00.000Z,Listing removed,2023-02-05T00:00:00.000Z,Listed for rent,,,,,,,,,,,,,,,,,,,,,,,,,,,,,,,,,,,,,,,,,,,,,,,,,,
"2555 Winchester Dr, Conway, AR 72032",2555 Winchester Dr,FOR_RENT,3,1104,1375,1375,69,https://www.zillow.com/homedetails/2555-Winchester-Dr-Conway-AR-72032/239881_zpid/,/homedetails/2555-Winchester-Dr-Conway-AR-72032/239881_zpid/,180000,2026-08-12T00:00:00.000Z,Price change,2026-07-20T00:00:00.000Z,Price change,2026-07-01T00:00:00.000Z,Price change,2026-06-15T00:00:00.000Z,Listed for rent,2026-05-08T00:00:00.000Z,Listing removed,2026-05-01T00:00:00.000Z,Listed for rent,2025-05-29T00:00:00.000Z,Listing removed,2025-05-22T00:00:00.000Z,Listed for rent,2025-04-07T00:00:00.000Z,Sold,2025-03-08T00:00:00.000Z,Contingent,2025-03-05T00:00:00.000Z,Listed for sale,2025-02-26T00:00:00.000Z,Listing removed,2025-01-08T00:00:00.000Z,Listed for rent,2024-11-23T00:00:00.000Z,Listing removed,2024-11-02T00:00:00.000Z,Listed for rent,2024-10-26T00:00:00.000Z,Listing removed,2024-10-14T00:00:00.000Z,Price change,2024-09-18T00:00:00.000Z,Price change,2024-09-03T00:00:00.000Z,Listed for rent,2015-06-12T00:00:00.000Z,Sold,1996-09-18T00:00:00.000Z,Sold,1994-12-02T00:00:00.000Z,Sold,,,,,,,,,,,,
"104 S Shady Ln, Benton, AR 72015",104 S Shady Ln,FOR_RENT,4,1550,1550,1550,5,https://www.zillow.com/homedetails/104-S-Shady-Ln-Benton-AR-72015/2061680659_zpid/,/homedetails/104-S-Shady-Ln-Benton-AR-72015/2061680659_zpid/,,2026-08-18T00:00:00.000Z,Listed for rent,2025-06-25T00:00:00.000Z,Listing removed,2025-06-12T00:00:00.000Z,Listed for rent,2022-09-15T00:00:00.000Z,Listing removed,2022-09-03T00:00:00.000Z,Listed for rent,,,,,,,,,,,,,,,,,,,,,,,,,,,,,,,,,,,,,,,,,,,,,,
"5719 Heritage Heights Dr, Benton, AR 72019",5719 Heritage Heights Dr,FOR_RENT,4,1650,1800,1800,9,https://www.zillow.com/homedetails/5719-Heritage-Heights-Dr-Benton-AR-72019/71715729_zpid/,/homedetails/5719-Heritage-Heights-Dr-Benton-AR-72019/71715729_zpid/,22000,2026-08-14T00:00:00.000Z,Listed for rent,2025-04-01T00:00:00.000Z,Listing removed,2025-03-06T00:00:00.000Z,Listed for rent,2023-10-30T00:00:00.000Z,Listing removed,2023-10-23T00:00:00.000Z,Listed for rent,2022-10-27T00:00:00.000Z,Listing removed,2022-09-26T00:00:00.000Z,Price change,2022-08-22T00:00:00.000Z,Listed for rent,2021-03-24T00:00:00.000Z,Listing removed,2018-08-04T00:00:00.000Z,Listing removed,2018-07-30T00:00:00.000Z,Listed for rent,2017-02-19T00:00:00.000Z,Listing removed,2017-02-06T00:00:00.000Z,Listed for rent,2016-10-28T00:00:00.000Z,Listing removed,2014-04-08T00:00:00.000Z,Listing removed,2014-03-29T00:00:00.000Z,Listed for rent,2013-01-05T00:00:00.000Z,Listing removed,2012-10-26T00:00:00.000Z,Listed for sale,2012-10-26T00:00:00.000Z,Listing removed,2012-10-07T00:00:00.000Z,Listed for rent,2010-03-24T00:00:00.000Z,Sold,,,,,,,,,,,,,,
"5813 Heritage Heights Dr, Benton, AR 72019",5813 Heritage Heights Dr,FOR_RENT,4,1792,1745,1745,80,https://www.zillow.com/homedetails/5813-Heritage-Heights-Dr-Benton-AR-72019/71715692_zpid/,/homedetails/5813-Heritage-Heights-Dr-Benton-AR-72019/71715692_zpid/,199000,2026-08-12T00:00:00.000Z,Price change,2026-07-29T00:00:00.000Z,Price change,2026-07-15T00:00:00.000Z,Price change,2026-06-04T00:00:00.000Z,Listed for rent,2024-04-06T00:00:00.000Z,Listing removed,2024-03-28T00:00:00.000Z,Listed for rent,2023-07-05T00:00:00.000Z,Listing removed,2023-06-23T00:00:00.000Z,Listed for rent,2022-05-23T00:00:00.000Z,Listing removed,2022-05-17T00:00:00.000Z,Listed for rent,2022-02-23T00:00:00.000Z,Listing removed,2022-02-04T00:00:00.000Z,Price change,2021-12-21T00:00:00.000Z,Listed for rent,2021-11-17T00:00:00.000Z,Sold,2021-11-12T00:00:00.000Z,Contingent,2021-10-13T00:00:00.000Z,Listed for sale,2016-02-17T00:00:00.000Z,Sold,2014-10-06T00:00:00.000Z,Listing removed,2014-07-21T00:00:00.000Z,Price change,2013-10-18T00:00:00.000Z,Listed for sale,,,,,,,,,,,,,,,,
"721 S Richards, Benton, AR 72015",721 S Richards,FOR_RENT,3,1544,1650,1650,9,https://www.zillow.com/homedetails/721-S-Richards-Benton-AR-72015/389133_zpid/,/homedetails/721-S-Richards-Benton-AR-72015/389133_zpid/,29900,2026-08-14T00:00:00.000Z,Listed for rent,2026-08-07T00:00:00.000Z,Listing removed,2026-08-03T00:00:00.000Z,Price change,2026-07-22T00:00:00.000Z,Listed for rent,2023-07-28T00:00:00.000Z,Sold,2023-07-09T00:00:00.000Z,Contingent,2023-06-29T00:00:00.000Z,Listed for sale,,,,,,,,,,,,,,,,,,,,,,,,,,,,,,,,,,,,,,,,,,
"3915 Ledbetter Dr, Conway, AR 72034",3915 Ledbetter Dr,FOR_RENT,3,1052,1100,1100,228,https://www.zillow.com/homedetails/3915-Ledbetter-Dr-Conway-AR-72034/242880_zpid/,/homedetails/3915-Ledbetter-Dr-Conway-AR-72034/242880_zpid/,134000,2026-01-14T00:00:00.000Z,Listed for rent,2026-01-14T00:00:00.000Z,Listing removed,2026-01-08T00:00:00.000Z,Listed for rent,2024-12-09T00:00:00.000Z,Listing removed,2024-10-16T00:00:00.000Z,Price change,2024-08-16T00:00:00.000Z,Listed for rent,2024-02-29T00:00:00.000Z,Listing removed,2024-02-16T00:00:00.000Z,Price change,2024-01-08T00:00:00.000Z,Listed for rent,2023-02-08T00:00:00.000Z,Listing removed,2023-01-25T00:00:00.000Z,Price change,2022-11-23T00:00:00.000Z,Listed for rent,2022-11-14T00:00:00.000Z,Sold,2022-10-13T00:00:00.000Z,Contingent,2022-10-09T00:00:00.000Z,Listed for sale,2015-07-17T00:00:00.000Z,Sold,2002-05-31T00:00:00.000Z,Sold,,,,,,,,,,,,,,,,,,,,,,
"3153 Stonewall Dr, Benton, AR 72015",3153 Stonewall Dr,FOR_RENT,3,2104,2099,2099,102,https://www.zillow.com/homedetails/3153-Stonewall-Dr-Benton-AR-72015/92431831_zpid/,/homedetails/3153-Stonewall-Dr-Benton-AR-72015/92431831_zpid/,420000,2026-06-17T00:00:00.000Z,Price change,2026-05-13T00:00:00.000Z,Listed for rent,2026-02-02T00:00:00.000Z,Listing removed,2025-11-17T00:00:00.000Z,Listed for rent,2023-06-16T00:00:00.000Z,Listing removed,2023-05-24T00:00:00.000Z,Listed for rent,2008-10-03T00:00:00.000Z,Sold,2007-07-18T00:00:00.000Z,Sold,2007-03-01T00:00:00.000Z,Sold,,,,,,,,,,,,,,,,,,,,,,,,,,,,,,,,,,,,,,
"921 Banner St, Benton, AR 72015",921 Banner St,FOR_RENT,3,1375,1600,1600,70,https://www.zillow.com/homedetails/921-Banner-St-Benton-AR-72015/384140_zpid/,/homedetails/921-Banner-St-Benton-AR-72015/384140_zpid/,16500,2026-06-14T00:00:00.000Z,Listed for rent,2025-12-10T00:00:00.000Z,Listing removed,2025-11-09T00:00:00.000Z,Price change,2025-09-26T00:00:00.000Z,Listed for rent,2025-06-24T00:00:00.000Z,Listing removed,2025-06-10T00:00:00.000Z,Listed for rent,2025-06-09T00:00:00.000Z,Listing removed,2025-03-26T00:00:00.000Z,Listed for sale,2024-01-31T00:00:00.000Z,Sold,2023-03-30T00:00:00.000Z,Sold,2005-10-06T00:00:00.000Z,Sold,,,,,,,,,,,,,,,,,,,,,,,,,,,,,,,,,,
"14025 Cottontail Ln, Alexander, AR 72002",14025 Cottontail Ln,FOR_RENT,3,1224,1595,1595,338,https://www.zillow.com/homedetails/14025-Cottontail-Ln-Alexander-AR-72002/52934775_zpid/,/homedetails/14025-Cottontail-Ln-Alexander-AR-72002/52934775_zpid/,120000,2026-06-24T00:00:00.000Z,Listing removed,2026-02-15T00:00:00.000Z,Listed for sale,2025-09-20T00:00:00.000Z,Listed for rent,2025-07-01T00:00:00.000Z,Sold,2022-04-20T00:00:00.000Z,Sold,2005-05-09T00:00:00.000Z,Sold,,,,,,,,,,,,,,,,,,,,,,,,,,,,,,,,,,,,,,,,,,,,
"918 Cedar Haskell St, Haskell, AR 72015",918 Cedar Haskell St,FOR_RENT,3,1088,1150,1150,4,https://www.zillow.com/homedetails/918-Cedar-Haskell-St-Haskell-AR-72015/61187359_zpid/,/homedetails/918-Cedar-Haskell-St-Haskell-AR-72015/61187359_zpid/,,2026-07-13T00:00:00.000Z,Listed for rent,,,,,,,,,,,,,,,,,,,,,,,,,,,,,,,,,,,,,,,,,,,,,,,,,,,,,,
"140 Kelton Dr, Hensley, AR 72065",140 Kelton Dr,FOR_RENT,3,1958,2200,2200,17,https://www.zillow.com/homedetails/140-Kelton-Dr-Hensley-AR-72065/464384274_zpid/,/homedetails/140-Kelton-Dr-Hensley-AR-72065/464384274_zpid/,,2026-08-07T00:00:00.000Z,Listed for rent,,,,,,,,,,,,,,,,,,,,,,,,,,,,,,,,,,,,,,,,,,,,,,,,,,,,,,
"4521 Western Woods Dr, Benton, AR 72015",4521 Western Woods Dr,FOR_RENT,4,1843,1895,1895,60,https://www.zillow.com/homedetails/4521-Western-Woods-Dr-Benton-AR-72015/2057974580_zpid/,/homedetails/4521-Western-Woods-Dr-Benton-AR-72015/2057974580_zpid/,313100,2026-08-13T00:00:00.000Z,Price change,2026-06-25T00:00:00.000Z,Listed for rent,2023-05-03T00:00:00.000Z,Listing removed,2023-04-24T00:00:00.000Z,Price change,2023-04-22T00:00:00.000Z,Listed for rent,2023-03-31T00:00:00.000Z,Sold,,,,,,,,,,,,,,,,,,,,,,,,,,,,,,,,,,,,,,,,,,,,
"3153 Sage Grass Ln, Alexander, AR 72002",3153 Sage Grass Ln,FOR_RENT,4,1690,1875,1875,2,https://www.zillow.com/homedetails/3153-Sage-Grass-Ln-Alexander-AR-72002/247595532_zpid/,/homedetails/3153-Sage-Grass-Ln-Alexander-AR-72002/247595532_zpid/,160295,2026-08-21T00:00:00.000Z,Listed for rent,2018-01-18T00:00:00.000Z,Sold,,,,,,,,,,,,,,,,,,,,,,,,,,,,,,,,,,,,,,,,,,,,,,,,,,,,
"127 Rachel Cv, Haskell, AR 72015",127 Rachel Cv,FOR_RENT,3,1456,1200,1200,44,https://www.zillow.com/homedetails/127-Rachel-Cv-Haskell-AR-72015/92428814_zpid/,/homedetails/127-Rachel-Cv-Haskell-AR-72015/92428814_zpid/,,2026-07-10T00:00:00.000Z,Listed for rent,2025-01-29T00:00:00.000Z,Listing removed,2025-01-07T00:00:00.000Z,Listed for rent,2024-12-13T00:00:00.000Z,Listing removed,2024-10-22T00:00:00.000Z,Listed for rent,,,,,,,,,,,,,,,,,,,,,,,,,,,,,,,,,,,,,,,,,,,,,,
"102 Southwind Cv, Benton, AR 72015",102 Southwind Cv,FOR_RENT,4,1727,1825,1825,6,https://www.zillow.com/homedetails/102-Southwind-Cv-Benton-AR-72015/2058491277_zpid/,/homedetails/102-Southwind-Cv-Benton-AR-72015/2058491277_zpid/,,2026-08-17T00:00:00.000Z,Listed for rent,2026-02-07T00:00:00.000Z,Listing removed,2026-01-31T00:00:00.000Z,Listed for rent,2025-12-12T00:00:00.000Z,Listing removed,2025-12-01T00:00:00.000Z,Listed for rent,2023-04-07T00:00:00.000Z,Listing removed,2023-03-17T00:00:00.000Z,Listed for rent,,,,,,,,,,,,,,,,,,,,,,,,,,,,,,,,,,,,,,,,,,
"153 Harwill, Hensley, AR 72065",153 Harwill,FOR_RENT,4,2359,2500,2500,13,https://www.zillow.com/homedetails/153-Harwill-Hensley-AR-72065/2082362397_zpid/,/homedetails/153-Harwill-Hensley-AR-72065/2082362397_zpid/,,2026-08-10T00:00:00.000Z,Listed for rent,2025-08-04T00:00:00.000Z,Listing removed,2025-07-01T00:00:00.000Z,Listed for rent,2025-06-30T00:00:00.000Z,Listing removed,2025-06-09T00:00:00.000Z,Listed for rent,2019-11-13T00:00:00.000Z,Listing removed,2019-10-15T00:00:00.000Z,Listed for rent,,,,,,,,,,,,,,,,,,,,,,,,,,,,,,,,,,,,,,,,,,
"2517 Garden Dr, Benton, AR 72015",2517 Garden Dr,FOR_RENT,3,1685,1850,1850,12,https://www.zillow.com/homedetails/2517-Garden-Dr-Benton-AR-72015/348624677_zpid/,/homedetails/2517-Garden-Dr-Benton-AR-72015/348624677_zpid/,,2026-08-11T00:00:00.000Z,Listed for rent,2024-05-09T00:00:00.000Z,Listing removed,2024-04-26T00:00:00.000Z,Listed for rent,,,,,,,,,,,,,,,,,,,,,,,,,,,,,,,,,,,,,,,,,,,,,,,,,,
"2557 Garden Dr, Benton, AR 72015",2557 Garden Dr,FOR_RENT,3,1606,1850,1850,12,https://www.zillow.com/homedetails/2557-Garden-Dr-Benton-AR-72015/350936993_zpid/,/homedetails/2557-Garden-Dr-Benton-AR-72015/350936993_zpid/,,2026-08-11T00:00:00.000Z,Listed for rent,2025-01-21T00:00:00.000Z,Listing removed,2025-01-09T00:00:00.000Z,Listed for rent,,,,,,,,,,,,,,,,,,,,,,,,,,,,,,,,,,,,,,,,,,,,,,,,,,
"1116 Kenwood Cv, Bryant, AR 72022",1116 Kenwood Cv,FOR_RENT,4,1931,2100,2100,3,https://www.zillow.com/homedetails/1116-Kenwood-Cv-Bryant-AR-72022/52934559_zpid/,/homedetails/1116-Kenwood-Cv-Bryant-AR-72022/52934559_zpid/,120000,2026-08-20T00:00:00.000Z,Listed for rent,2025-07-26T00:00:00.000Z,Listing removed,2025-07-22T00:00:00.000Z,Listed for rent,2024-01-18T00:00:00.000Z,Listing removed,2023-10-26T00:00:00.000Z,Listed for rent,2022-06-08T00:00:00.000Z,Listing removed,2022-06-02T00:00:00.000Z,Listed for rent,2022-05-25T00:00:00.000Z,Listing removed,2022-04-09T00:00:00.000Z,Listed for rent,2022-03-31T00:00:00.000Z,Listing removed,2022-02-09T00:00:00.000Z,Price change,2022-01-28T00:00:00.000Z,Listed for rent,2019-06-16T00:00:00.000Z,Listing removed,2019-05-09T00:00:00.000Z,Price change,2019-01-11T00:00:00.000Z,Listed for rent,2011-10-13T00:00:00.000Z,Listing removed,2011-08-06T00:00:00.000Z,Listed for rent,2001-12-26T00:00:00.000Z,Sold,,,,,,,,,,,,,,,,,,,,
"1007 Norwich Dr, Benton, AR 72019",1007 Norwich Dr,FOR_RENT,3,1749,1750,1750,4,https://www.zillow.com/homedetails/1007-Norwich-Dr-Benton-AR-72019/383704_zpid/,/homedetails/1007-Norwich-Dr-Benton-AR-72019/383704_zpid/,218500,2026-08-19T00:00:00.000Z,Listed for rent,2022-05-05T00:00:00.000Z,Sold,2022-04-06T00:00:00.000Z,Contingent,2022-04-04T00:00:00.000Z,Listed for sale,,,,,,,,,,,,,,,,,,,,,,,,,,,,,,,,,,,,,,,,,,,,,,,,
"821 Desoto Pl, Benton, AR 72015",821 Desoto Pl,FOR_RENT,4,2288,1650,1650,27,https://www.zillow.com/homedetails/821-Desoto-Pl-Benton-AR-72015/382881_zpid/,/homedetails/821-Desoto-Pl-Benton-AR-72015/382881_zpid/,50000,2026-08-21T00:00:00.000Z,Listed for rent,2026-08-21T00:00:00.000Z,Listing removed,2026-08-05T00:00:00.000Z,Price change,2026-07-14T00:00:00.000Z,Price change,2026-07-06T00:00:00.000Z,Listed for rent,2017-11-28T00:00:00.000Z,Sold,2017-10-18T00:00:00.000Z,Listed for sale,2017-07-31T00:00:00.000Z,Listing removed,2017-07-15T00:00:00.000Z,Listed for sale,2017-03-10T00:00:00.000Z,Sold,2017-02-09T00:00:00.000Z,Listed for sale,2011-12-14T00:00:00.000Z,Listing removed,2011-09-15T00:00:00.000Z,Listed for sale,2011-04-01T00:00:00.000Z,Sold,2011-02-24T00:00:00.000Z,Listed for sale,2010-02-21T00:00:00.000Z,Listing removed,2010-02-05T00:00:00.000Z,Listed for sale,2006-09-06T00:00:00.000Z,Sold,,,,,,,,,,,,,,,,,,,,
"1710 Cedarhurst Dr, Benton, AR 72015",1710 Cedarhurst Dr,FOR_RENT,3,1680,1750,1750,31,https://www.zillow.com/homedetails/1710-Cedarhurst-Dr-Benton-AR-72015/384477_zpid/,/homedetails/1710-Cedarhurst-Dr-Benton-AR-72015/384477_zpid/,127500,2026-06-23T00:00:00.000Z,Listed for rent,2024-05-13T00:00:00.000Z,Listing removed,2024-02-10T00:00:00.000Z,Listed for rent,2024-01-31T00:00:00.000Z,Sold,2024-01-24T00:00:00.000Z,Contingent,2024-01-22T00:00:00.000Z,Listed for sale,2019-11-07T00:00:00.000Z,Listing removed,2019-10-07T00:00:00.000Z,Listed for rent,2016-12-15T00:00:00.000Z,Listing removed,2016-01-13T00:00:00.000Z,Listing removed,2016-01-11T00:00:00.000Z,Listed for rent,2015-05-22T00:00:00.000Z,Sold,2015-01-21T00:00:00.000Z,Listing removed,2014-07-25T00:00:00.000Z,Listed for rent,2014-06-23T00:00:00.000Z,Listing removed,2014-05-25T00:00:00.000Z,Price change,2014-05-07T00:00:00.000Z,Price change,2014-04-11T00:00:00.000Z,Price change,2014-02-17T00:00:00.000Z,Listed for sale,,,,,,,,,,,,,,,,,,
"614 SE 2nd St, Bryant, AR 72022",614 SE 2nd St,FOR_RENT,4,2060,1900,1900,6,https://www.zillow.com/homedetails/614-SE-2nd-St-Bryant-AR-72022/55095755_zpid/,/homedetails/614-SE-2nd-St-Bryant-AR-72022/55095755_zpid/,145000,2026-08-18T00:00:00.000Z,Listed for rent,2025-04-16T00:00:00.000Z,Listing removed,2025-04-11T00:00:00.000Z,Listed for rent,2021-04-08T00:00:00.000Z,Listing removed,2021-04-06T00:00:00.000Z,Listed for rent,2021-02-11T00:00:00.000Z,Sold,2021-01-10T00:00:00.000Z,Listed for sale,2019-05-31T00:00:00.000Z,Sold,2019-05-16T00:00:00.000Z,Listed for sale,,,,,,,,,,,,,,,,,,,,,,,,,,,,,,,,,,,,,,
"351 Meadow Creek Dr, Haskell, AR 72015",351 Meadow Creek Dr,FOR_RENT,3,1625,1650,1650,16,https://www.zillow.com/homedetails/351-Meadow-Creek-Dr-Haskell-AR-72015/92428597_zpid/,/homedetails/351-Meadow-Creek-Dr-Haskell-AR-72015/92428597_zpid/,139900,2026-08-07T00:00:00.000Z,Listed for rent,2024-09-13T00:00:00.000Z,Listing removed,2024-07-17T00:00:00.000Z,Listed for rent,2022-10-26T00:00:00.000Z,Listing removed,2022-10-15T00:00:00.000Z,Price change,2022-10-04T00:00:00.000Z,Price change,2022-08-28T00:00:00.000Z,Price change,2022-08-25T00:00:00.000Z,Listed for rent,2018-10-05T00:00:00.000Z,Sold,2018-08-13T00:00:00.000Z,Listed for sale,2016-04-28T00:00:00.000Z,Sold,2010-02-10T00:00:00.000Z,Sold,,,,,,,,,,,,,,,,,,,,,,,,,,,,,,,,
"1225 Alex St, Conway, AR 72032",1225 Alex St,FOR_RENT,3,1400,1650,1650,8,https://www.zillow.com/homedetails/1225-Alex-St-Conway-AR-72032/82247336_zpid/,/homedetails/1225-Alex-St-Conway-AR-72032/82247336_zpid/,141000,2026-08-15T00:00:00.000Z,Listed for rent,2021-02-27T00:00:00.000Z,Listing removed,2020-03-14T00:00:00.000Z,Listing removed,2020-03-05T00:00:00.000Z,Listed for rent,2018-09-27T00:00:00.000Z,Listing removed,2018-09-07T00:00:00.000Z,Listed for rent,2017-08-29T00:00:00.000Z,Listing removed,2017-08-18T00:00:00.000Z,Sold,2017-08-16T00:00:00.000Z,Listed for rent,2017-03-31T00:00:00.000Z,Sold,,,,,,,,,,,,,,,,,,,,,,,,,,,,,,,,,,,,
"13824 Joan Dr, Shannon Hills, AR 72103",13824 Joan Dr,FOR_RENT,4,1200,1400,1400,42,https://www.zillow.com/homedetails/13824-Joan-Dr-Shannon-Hills-AR-72103/393598_zpid/,/homedetails/13824-Joan-Dr-Shannon-Hills-AR-72103/393598_zpid/,59000,2026-07-12T00:00:00.000Z,Listed for rent,2019-03-19T00:00:00.000Z,Listing removed,2018-09-14T00:00:00.000Z,Listed for rent,2018-09-13T00:00:00.000Z,Sold,2018-07-24T00:00:00.000Z,Price change,2018-07-04T00:00:00.000Z,Listed for sale,,,,,,,,,,,,,,,,,,,,,,,,,,,,,,,,,,,,,,,,,,,,
"627 Timberline Rd, Jacksonville, AR 72076",627 Timberline Rd,FOR_RENT,3,1305,1725,1725,37,https://www.zillow.com/homedetails/627-Timberline-Rd-Jacksonville-AR-72076/449592145_zpid/,/homedetails/627-Timberline-Rd-Jacksonville-AR-72076/449592145_zpid/,,2026-07-17T00:00:00.000Z,Listed for rent,2025-07-17T00:00:00.000Z,Listing removed,2025-07-01T00:00:00.000Z,Price change,2025-05-20T00:00:00.000Z,Listed for rent,2025-04-09T00:00:00.000Z,Listing removed,2025-04-09T00:00:00.000Z,Listed for rent,,,,,,,,,,,,,,,,,,,,,,,,,,,,,,,,,,,,,,,,,,,,
"(Undisclosed Address), Bryant, AR 72022",(Undisclosed Address),FOR_RENT,3,1250,1350,1350,17,https://www.zillow.com/homedetails/Bryant-AR-72022/457925232_zpid/,/homedetails/Bryant-AR-72022/457925232_zpid/,,2026-08-06T00:00:00.000Z,Listed for rent,2025-11-17T00:00:00.000Z,Listing removed,2025-11-03T00:00:00.000Z,Listed for rent,,,,,,,,,,,,,,,,,,,,,,,,,,,,,,,,,,,,,,,,,,,,,,,,,,
"1913 Debswood Dr, Bryant, AR 72022",1913 Debswood Dr,FOR_RENT,3,1496,1795,1795,3,https://www.zillow.com/homedetails/1913-Debswood-Dr-Bryant-AR-72022/390140_zpid/,/homedetails/1913-Debswood-Dr-Bryant-AR-72022/390140_zpid/,155000,2026-08-21T00:00:00.000Z,Listed for rent,2025-02-02T00:00:00.000Z,Listing removed,2025-01-18T00:00:00.000Z,Listed for rent,2024-09-12T00:00:00.000Z,Listing removed,2024-07-30T00:00:00.000Z,Listed for rent,2024-07-18T00:00:00.000Z,Sold,2024-06-29T00:00:00.000Z,Contingent,2024-06-24T00:00:00.000Z,Listed for sale,2019-06-11T00:00:00.000Z,Sold,2019-06-03T00:00:00.000Z,Listed for sale,2019-05-23T00:00:00.000Z,Pending sale,2019-05-16T00:00:00.000Z,Listed for sale,2019-05-16T00:00:00.000Z,Pending sale,2019-05-14T00:00:00.000Z,Listed for sale,2014-06-03T00:00:00.000Z,Listing removed,2014-05-04T00:00:00.000Z,Price change,2014-03-04T00:00:00.000Z,Listed for sale,2014-01-15T00:00:00.000Z,Sold,2009-10-07T00:00:00.000Z,Sold,2006-12-20T00:00:00.000Z,Sold,,,,,,,,,,,,,,,,
"3562 Terrace Hill Ct, Benton, AR 72019",3562 Terrace Hill Ct,FOR_RENT,3,,1500,1500,31,https://www.zillow.com/homedetails/3562-Terrace-Hill-Ct-Benton-AR-72019/247594484_zpid/,/homedetails/3562-Terrace-Hill-Ct-Benton-AR-72019/247594484_zpid/,122580,2026-07-23T00:00:00.000Z,Listed for rent,2023-06-22T00:00:00.000Z,Listing removed,2023-06-11T00:00:00.000Z,Listed for rent,2022-05-05T00:00:00.000Z,Listing removed,2022-04-19T00:00:00.000Z,Listed for rent,2022-03-04T00:00:00.000Z,Sold,,,,,,,,,,,,,,,,,,,,,,,,,,,,,,,,,,,,,,,,,,,,
"3123 Lori Lake Rd, Benton, AR 72019",3123 Lori Lake Rd,FOR_RENT,3,1280,1000,1000,171,https://www.zillow.com/homedetails/3123-Lori-Lake-Rd-Benton-AR-72019/453026788_zpid/,/homedetails/3123-Lori-Lake-Rd-Benton-AR-72019/453026788_zpid/,,2025-06-07T00:00:00.000Z,Listed for rent,,,,,,,,,,,,,,,,,,,,,,,,,,,,,,,,,,,,,,,,,,,,,,,,,,,,,,
"1425 Joyner Dr, Conway, AR 72034",1425 Joyner Dr,FOR_RENT,3,1157,1450,1450,9,https://www.zillow.com/homedetails/1425-Joyner-Dr-Conway-AR-72034/35730195_zpid/,/homedetails/1425-Joyner-Dr-Conway-AR-72034/35730195_zpid/,155000,2026-08-14T00:00:00.000Z,Listed for rent,2025-10-28T00:00:00.000Z,Listing removed,2025-08-29T00:00:00.000Z,Price change,2025-08-12T00:00:00.000Z,Listed for rent,2024-09-13T00:00:00.000Z,Listing removed,2024-08-16T00:00:00.000Z,Listed for rent,2022-04-27T00:00:00.000Z,Sold,2021-12-16T00:00:00.000Z,Listing removed,2021-10-26T00:00:00.000Z,Listed for rent,2019-05-14T00:00:00.000Z,Sold,2019-03-21T00:00:00.000Z,Listed for sale,2016-05-03T00:00:00.000Z,Sold,2016-02-17T00:00:00.000Z,Listed for sale,2011-04-01T00:00:00.000Z,Sold,2011-01-22T00:00:00.000Z,Price change,2011-01-01T00:00:00.000Z,Price change,2010-11-18T00:00:00.000Z,Listed for sale,2010-10-15T00:00:00.000Z,Listing removed,2010-10-15T00:00:00.000Z,Price change,2010-09-24T00:00:00.000Z,Listed for sale,,,,,,,,,,,,,,,,
"418 S Main, Benton, AR 72015",418 S Main,FOR_RENT,3,1096,1300,1300,6,https://www.zillow.com/homedetails/418-S-Main-Benton-AR-72015/71708118_zpid/,/homedetails/418-S-Main-Benton-AR-72015/71708118_zpid/,99500,2026-08-17T00:00:00.000Z,Listed for rent,2018-08-10T00:00:00.000Z,Sold,2018-06-20T00:00:00.000Z,Sold,2018-04-03T00:00:00.000Z,Listed for sale,,,,,,,,,,,,,,,,,,,,,,,,,,,,,,,,,,,,,,,,,,,,,,,,
"56 Eden Valley Ranch Rd, Vilonia, AR 72173",56 Eden Valley Ranch Rd,FOR_RENT,3,1280,1295,1295,72,https://www.zillow.com/homedetails/56-Eden-Valley-Ranch-Rd-Vilonia-AR-72173/102990816_zpid/,/homedetails/56-Eden-Valley-Ranch-Rd-Vilonia-AR-72173/102990816_zpid/,91800,2026-07-20T00:00:00.000Z,Price change,2026-07-02T00:00:00.000Z,Price change,2026-06-22T00:00:00.000Z,Price change,2026-06-13T00:00:00.000Z,Listed for rent,2024-04-05T00:00:00.000Z,Sold,2024-03-07T00:00:00.000Z,Listing removed,2024-02-29T00:00:00.000Z,Listed for sale,2022-08-05T00:00:00.000Z,Sold,2022-06-16T00:00:00.000Z,Listed for sale,,,,,,,,,,,,,,,,,,,,,,,,,,,,,,,,,,,,,,
"4825 Coronell Way, Bryant, AR 72022",4825 Coronell Way,FOR_RENT,4,2060,3050,3050,6,https://www.zillow.com/homedetails/4825-Coronell-Way-Bryant-AR-72022/453104565_zpid/,/homedetails/4825-Coronell-Way-Bryant-AR-72022/453104565_zpid/,,2026-07-13T00:00:00.000Z,Listed for rent,,,,,,,,,,,,,,,,,,,,,,,,,,,,,,,,,,,,,,,,,,,,,,,,,,,,,,
"1105 River Oaks Dr, Benton, AR 72019",1105 River Oaks Dr,FOR_RENT,4,2350,2600,2600,19,https://www.zillow.com/homedetails/1105-River-Oaks-Dr-Benton-AR-72019/453260567_zpid/,/homedetails/1105-River-Oaks-Dr-Benton-AR-72019/453260567_zpid/,,2026-08-04T00:00:00.000Z,Listed for rent,2025-07-28T00:00:00.000Z,Listing removed,2025-07-04T00:00:00.000Z,Price change,2025-06-21T00:00:00.000Z,Price change,2025-06-12T00:00:00.000Z,Listed for rent,,,,,,,,,,,,,,,,,,,,,,,,,,,,,,,,,,,,,,,,,,,,,,
"3006 Hilldale Rd, Alexander, AR 72002",3006 Hilldale Rd,FOR_RENT,3,1960,1795,1795,75,https://www.zillow.com/homedetails/3006-Hilldale-Rd-Alexander-AR-72002/368446_zpid/,/homedetails/3006-Hilldale-Rd-Alexander-AR-72002/368446_zpid/,210000,2026-08-12T00:00:00.000Z,Price change,2026-07-29T00:00:00.000Z,Price change,2026-06-09T00:00:00.000Z,Listed for rent,2025-05-30T00:00:00.000Z,Listing removed,2025-04-23T00:00:00.000Z,Price change,2025-03-15T00:00:00.000Z,Listed for rent,2024-11-06T00:00:00.000Z,Listing removed,2024-10-24T00:00:00.000Z,Price change,2024-10-16T00:00:00.000Z,Price change,2024-10-10T00:00:00.000Z,Listed for rent,2024-10-01T00:00:00.000Z,Listing removed,2024-09-25T00:00:00.000Z,Price change,2024-09-24T00:00:00.000Z,Listed for rent,2024-05-21T00:00:00.000Z,Listing removed,2024-05-13T00:00:00.000Z,Price change,2024-05-10T00:00:00.000Z,Price change,2024-05-09T00:00:00.000Z,Price change,2024-05-02T00:00:00.000Z,Price change,2024-05-01T00:00:00.000Z,Price change,2024-04-25T00:00:00.000Z,Price change,2024-04-02T00:00:00.000Z,Listed for rent,2024-01-08T00:00:00.000Z,Listing removed,2023-10-01T00:00:00.000Z,Price change,2023-08-19T00:00:00.000Z,Price change,2023-08-02T00:00:00.000Z,Listed for sale,2021-06-21T00:00:00.000Z,Sold,2017-02-15T00:00:00.000Z,Sold,,
"703 W 4th St, Lonoke, AR 72086",703 W 4th St,FOR_RENT,3,2312,2100,2100,3,https://www.zillow.com/homedetails/703-W-4th-St-Lonoke-AR-72086/260219_zpid/,/homedetails/703-W-4th-St-Lonoke-AR-72086/260219_zpid/,69900,2026-08-20T00:00:00.000Z,Listed for rent,2026-06-10T00:00:00.000Z,Sold,2026-05-10T00:00:00.000Z,Contingent,2026-05-07T00:00:00.000Z,Listed for sale,2026-05-07T00:00:00.000Z,Listing removed,2026-03-18T00:00:00.000Z,Price change,2026-01-10T00:00:00.000Z,Listed for sale,2014-02-19T00:00:00.000Z,Listing removed,2014-01-17T00:00:00.000Z,Listed for sale,2013-08-24T00:00:00.000Z,Sold,,,,,,,,,,,,,,,,,,,,,,,,,,,,,,,,,,,,
"53 Bent Tree Dr, Cabot, AR 72023",53 Bent Tree Dr,FOR_RENT,3,1645,1595,1595,32,https://www.zillow.com/homedetails/53-Bent-Tree-Dr-Cabot-AR-72023/256157_zpid/,/homedetails/53-Bent-Tree-Dr-Cabot-AR-72023/256157_zpid/,10000,2026-07-22T00:00:00.000Z,Listed for rent,2002-07-18T00:00:00.000Z,Sold,1993-11-12T00:00:00.000Z,Sold,,,,,,,,,,,,,,,,,,,,,,,,,,,,,,,,,,,,,,,,,,,,,,,,,,
"13723 Southfork Dr, Alexander, AR 72002",13723 Southfork Dr,FOR_RENT,3,1311,1450,1450,27,https://www.zillow.com/homedetails/13723-Southfork-Dr-Alexander-AR-72002/393770_zpid/,/homedetails/13723-Southfork-Dr-Alexander-AR-72002/393770_zpid/,135000,2026-07-27T00:00:00.000Z,Listed for rent,2026-07-10T00:00:00.000Z,Sold,2021-06-23T00:00:00.000Z,Listing removed,2021-06-18T00:00:00.000Z,Listed for rent,2019-06-13T00:00:00.000Z,Sold,2019-05-31T00:00:00.000Z,Price change,2019-05-30T00:00:00.000Z,Price change,2019-05-25T00:00:00.000Z,Price change,2019-05-23T00:00:00.000Z,Price change,2019-05-20T00:00:00.000Z,Price change,2019-05-17T00:00:00.000Z,Price change,2019-05-16T00:00:00.000Z,Price change,2019-05-15T00:00:00.000Z,Price change,2019-05-12T00:00:00.000Z,Price change,2019-05-10T00:00:00.000Z,Price change,2019-05-09T00:00:00.000Z,Price change,2019-05-07T00:00:00.000Z,Price change,2019-05-05T00:00:00.000Z,Price change,2019-05-02T00:00:00.000Z,Price change,2019-02-11T00:00:00.000Z,Price change,2019-01-15T00:00:00.000Z,Listed for sale,,,,,,,,,,,,,,
"1021 Spangle St, Benton, AR 72015",1021 Spangle St,FOR_RENT,3,1300,1650,1650,14,https://www.zillow.com/homedetails/1021-Spangle-St-Benton-AR-72015/68020664_zpid/,/homedetails/1021-Spangle-St-Benton-AR-72015/68020664_zpid/,87000,2026-08-09T00:00:00.000Z,Listed for rent,2004-12-29T00:00:00.000Z,Sold,,,,,,,,,,,,,,,,,,,,,,,,,,,,,,,,,,,,,,,,,,,,,,,,,,,,
"5845 Heritage Heights Dr, Benton, AR 72019",5845 Heritage Heights Dr,FOR_RENT,4,1725,1750,1750,6,https://www.zillow.com/homedetails/5845-Heritage-Heights-Dr-Benton-AR-72019/440162513_zpid/,/homedetails/5845-Heritage-Heights-Dr-Benton-AR-72019/440162513_zpid/,,2026-08-17T00:00:00.000Z,Listed for rent,2024-09-13T00:00:00.000Z,Listing removed,2024-09-10T00:00:00.000Z,Listed for rent,,,,,,,,,,,,,,,,,,,,,,,,,,,,,,,,,,,,,,,,,,,,,,,,,,
"3510 Maywood Ct, Benton, AR 72015",3510 Maywood Ct,FOR_RENT,3,1300,1325,1325,17,https://www.zillow.com/homedetails/3510-Maywood-Ct-Benton-AR-72015/387505_zpid/,/homedetails/3510-Maywood-Ct-Benton-AR-72015/387505_zpid/,,2026-08-06T00:00:00.000Z,Listed for rent,,,,,,,,,,,,,,,,,,,,,,,,,,,,,,,,,,,,,,,,,,,,,,,,,,,,,,
"106 10th Ave SE, Hickory, NC 28602",106 10th Ave SE,FOR_RENT,3,1333,1595,1595,68,https://www.zillow.com/homedetails/106-10th-Ave-SE-Hickory-NC-28602/463282226_zpid/,/homedetails/106-10th-Ave-SE-Hickory-NC-28602/463282226_zpid/,,2026-06-16T00:00:00.000Z,Listed for rent,,,,,,,,,,,,,,,,,,,,,,,,,,,,,,,,,,,,,,,,,,,,,,,,,,,,,,
"1826 Auburn Hills Dr, Benton, AR 72015",1826 Auburn Hills Dr,FOR_RENT,3,1300,1625,1625,26,https://www.zillow.com/homedetails/1826-Auburn-Hills-Dr-Benton-AR-72015/64760739_zpid/,/homedetails/1826-Auburn-Hills-Dr-Benton-AR-72015/64760739_zpid/,147500,2026-07-28T00:00:00.000Z,Listed for rent,2025-04-16T00:00:00.000Z,Listing removed,2025-03-18T00:00:00.000Z,Listed for rent,2023-08-09T00:00:00.000Z,Listing removed,2023-08-07T00:00:00.000Z,Listed for rent,2023-07-27T00:00:00.000Z,Listing removed,2023-07-24T00:00:00.000Z,Listed for rent,2022-12-21T00:00:00.000Z,Sold,2022-03-16T00:00:00.000Z,Listing removed,2022-02-28T00:00:00.000Z,Listed for rent,2022-01-24T00:00:00.000Z,Sold,2013-08-18T00:00:00.000Z,Listing removed,2013-06-02T00:00:00.000Z,Listed for sale,,,,,,,,,,,,,,,,,,,,,,,,,,,,,,
"2919 Gage Dr, Benton, AR 72019",2919 Gage Dr,FOR_RENT,3,1310,1495,1495,2,https://www.zillow.com/homedetails/2919-Gage-Dr-Benton-AR-72019/68021370_zpid/,/homedetails/2919-Gage-Dr-Benton-AR-72019/68021370_zpid/,144000,2026-08-06T00:00:00.000Z,Price change,2026-07-07T00:00:00.000Z,Listed for rent,2026-05-05T00:00:00.000Z,Sold,2021-03-01T00:00:00.000Z,Sold,2013-08-07T00:00:00.000Z,Listing removed,2013-07-25T00:00:00.000Z,Price change,2013-07-15T00:00:00.000Z,Listed for sale,2009-07-28T00:00:00.000Z,Sold,,,,,,,,,,,,,,,,,,,,,,,,,,,,,,,,,,,,,,,,
"623 Dyer Cir, Benton, AR 72015",623 Dyer Cir,FOR_RENT,3,2053,1995,1995,37,https://www.zillow.com/homedetails/623-Dyer-Cir-Benton-AR-72015/386376_zpid/,/homedetails/623-Dyer-Cir-Benton-AR-72015/386376_zpid/,87000,2026-07-27T00:00:00.000Z,Price change,2026-07-17T00:00:00.000Z,Listed for rent,2004-07-02T00:00:00.000Z,Sold,,,,,,,,,,,,,,,,,,,,,,,,,,,,,,,,,,,,,,,,,,,,,,,,,,
"118 E Elm Haskell St, Benton, AR 72015",118 E Elm Haskell St,FOR_RENT,3,1300,1200,1200,54,https://www.zillow.com/homedetails/118-E-Elm-Haskell-St-Benton-AR-72015/2061131914_zpid/,/homedetails/118-E-Elm-Haskell-St-Benton-AR-72015/2061131914_zpid/,,2026-06-30T00:00:00.000Z,Listed for rent,2025-05-19T00:00:00.000Z,Listing removed,2025-05-02T00:00:00.000Z,Listed for rent,2023-07-05T00:00:00.000Z,Listing removed,2023-06-15T00:00:00.000Z,Listed for rent,2022-10-20T00:00:00.000Z,Listing removed,2022-10-14T00:00:00.000Z,Listed for rent,,,,,,,,,,,,,,,,,,,,,,,,,,,,,,,,,,,,,,,,,,
"7171 Corrigan Rd, Mabelvale, AR 72103",7171 Corrigan Rd,FOR_RENT,3,910,1000,1000,8,https://www.zillow.com/homedetails/7171-Corrigan-Rd-Mabelvale-AR-72103/464589349_zpid/,/homedetails/7171-Corrigan-Rd-Mabelvale-AR-72103/464589349_zpid/,,2026-08-15T00:00:00.000Z,Listed for rent,,,,,,,,,,,,,,,,,,,,,,,,,,,,,,,,,,,,,,,,,,,,,,,,,,,,,,
"802 Gussy Ln, Benton, AR 72019",802 Gussy Ln,FOR_RENT,4,1459,1650,1650,2,https://www.zillow.com/homedetails/802-Gussy-Ln-Benton-AR-72019/460667108_zpid/,/homedetails/802-Gussy-Ln-Benton-AR-72019/460667108_zpid/,222900,2026-08-21T00:00:00.000Z,Listed for rent,2026-08-11T00:00:00.000Z,Sold,2026-07-13T00:00:00.000Z,Contingent,2026-07-04T00:00:00.000Z,Price change,2026-06-03T00:00:00.000Z,Listed for sale,2026-05-01T00:00:00.000Z,Contingent,2026-04-14T00:00:00.000Z,Price change,2026-04-07T00:00:00.000Z,Price change,2026-04-02T00:00:00.000Z,Price change,2026-02-27T00:00:00.000Z,Price change,2026-02-24T00:00:00.000Z,Listed for sale,,,,,,,,,,,,,,,,,,,,,,,,,,,,,,,,,,
"4340 Sloan Dr, Alexander, AR 72002",4340 Sloan Dr,FOR_RENT,4,1850,2140,2140,29,https://www.zillow.com/homedetails/4340-Sloan-Dr-Alexander-AR-72002/442183331_zpid/,/homedetails/4340-Sloan-Dr-Alexander-AR-72002/442183331_zpid/,267480,2026-08-09T00:00:00.000Z,Listed for rent,2026-07-28T00:00:00.000Z,Listing removed,2026-07-25T00:00:00.000Z,Listed for rent,2026-07-08T00:00:00.000Z,Listing removed,2026-06-20T00:00:00.000Z,Listed for rent,2025-08-06T00:00:00.000Z,Listing removed,2025-07-11T00:00:00.000Z,Listed for rent,2025-03-25T00:00:00.000Z,Sold,2025-02-10T00:00:00.000Z,Contingent,2025-01-17T00:00:00.000Z,Price change,2025-01-16T00:00:00.000Z,Price change,2024-10-30T00:00:00.000Z,Listed for sale,,,,,,,,,,,,,,,,,,,,,,,,,,,,,,,,
"2333 Sam Tillery Dr, Alexander, AR 72002",2333 Sam Tillery Dr,FOR_RENT,3,1472,1795,1795,23,https://www.zillow.com/homedetails/2333-Sam-Tillery-Dr-Alexander-AR-72002/462538267_zpid/,/homedetails/2333-Sam-Tillery-Dr-Alexander-AR-72002/462538267_zpid/,226900,2026-07-31T00:00:00.000Z,Listed for rent,2026-07-30T00:00:00.000Z,Sold,2026-07-16T00:00:00.000Z,Contingent,2026-05-19T00:00:00.000Z,Listed for sale,,,,,,,,,,,,,,,,,,,,,,,,,,,,,,,,,,,,,,,,,,,,,,,,
"2048 Bentwood Dr, Alexander, AR 72002",2048 Bentwood Dr,FOR_RENT,3,1355,1775,1775,26,https://www.zillow.com/homedetails/2048-Bentwood-Dr-Alexander-AR-72002/2066616486_zpid/,/homedetails/2048-Bentwood-Dr-Alexander-AR-72002/2066616486_zpid/,190790,2026-07-28T00:00:00.000Z,Listed for rent,2022-05-23T00:00:00.000Z,Listing removed,2022-05-12T00:00:00.000Z,Price change,2022-04-27T00:00:00.000Z,Listed for rent,2022-04-19T00:00:00.000Z,Sold,,,,,,,,,,,,,,,,,,,,,,,,,,,,,,,,,,,,,,,,,,,,,,
"2349 Sam Tillery Dr, Alexander, AR 72002",2349 Sam Tillery Dr,FOR_RENT,3,1446,1550,1550,40,https://www.zillow.com/homedetails/2349-Sam-Tillery-Dr-Alexander-AR-72002/461266492_zpid/,/homedetails/2349-Sam-Tillery-Dr-Alexander-AR-72002/461266492_zpid/,223900,2026-07-14T00:00:00.000Z,Listed for rent,2026-06-30T00:00:00.000Z,Sold,2026-06-05T00:00:00.000Z,Contingent,2026-04-07T00:00:00.000Z,Price change,2026-04-02T00:00:00.000Z,Price change,2026-03-24T00:00:00.000Z,Listed for sale,,,,,,,,,,,,,,,,,,,,,,,,,,,,,,,,,,,,,,,,,,,,
"4101 Red Maple Ln, Alexander, AR 72002",4101 Red Maple Ln,FOR_RENT,3,1548,1745,1745,18,https://www.zillow.com/homedetails/4101-Red-Maple-Ln-Alexander-AR-72002/461650523_zpid/,/homedetails/4101-Red-Maple-Ln-Alexander-AR-72002/461650523_zpid/,230000,2026-08-21T00:00:00.000Z,Price change,2026-08-05T00:00:00.000Z,Listed for rent,2026-07-27T00:00:00.000Z,Sold,2026-06-30T00:00:00.000Z,Contingent,2026-04-12T00:00:00.000Z,Listed for sale,,,,,,,,,,,,,,,,,,,,,,,,,,,,,,,,,,,,,,,,,,,,,,
"65 Swayze Rhys Ln, Cabot, AR 72023",65 Swayze Rhys Ln,FOR_RENT,3,1633,1700,1700,10,https://www.zillow.com/homedetails/65-Swayze-Rhys-Ln-Cabot-AR-72023/2052994194_zpid/,/homedetails/65-Swayze-Rhys-Ln-Cabot-AR-72023/2052994194_zpid/,213925,2026-08-13T00:00:00.000Z,Listed for rent,2024-05-01T00:00:00.000Z,Sold,2024-04-05T00:00:00.000Z,Contingent,2024-02-09T00:00:00.000Z,Price change,2024-02-01T00:00:00.000Z,Listed for sale,,,,,,,,,,,,,,,,,,,,,,,,,,,,,,,,,,,,,,,,,,,,,,
"70 Kinley Brook Ln, Cabot, AR 72023",70 Kinley Brook Ln,FOR_RENT,3,1012,1595,1595,13,https://www.zillow.com/homedetails/70-Kinley-Brook-Ln-Cabot-AR-72023/2055560788_zpid/,/homedetails/70-Kinley-Brook-Ln-Cabot-AR-72023/2055560788_zpid/,175775,2026-08-11T00:00:00.000Z,Listed for rent,2024-06-17T00:00:00.000Z,Listing removed,2024-05-22T00:00:00.000Z,Price change,2024-03-06T00:00:00.000Z,Listed for rent,2024-02-27T00:00:00.000Z,Sold,2024-02-17T00:00:00.000Z,Contingent,2023-12-26T00:00:00.000Z,Price change,2023-11-15T00:00:00.000Z,Price change,2023-09-12T00:00:00.000Z,Listed for sale,,,,,,,,,,,,,,,,,,,,,,,,,,,,,,,,,,,,,,
"60 Leruss Blvd, Cabot, AR 72023",60 Leruss Blvd,FOR_RENT,3,1422,1525,1525,19,https://www.zillow.com/homedetails/60-Leruss-Blvd-Cabot-AR-72023/342062290_zpid/,/homedetails/60-Leruss-Blvd-Cabot-AR-72023/342062290_zpid/,203000,2026-08-04T00:00:00.000Z,Listed for rent,2024-06-22T00:00:00.000Z,Listing removed,2024-06-15T00:00:00.000Z,Listed for rent,2024-06-11T00:00:00.000Z,Sold,2024-04-10T00:00:00.000Z,Listing removed,2024-04-04T00:00:00.000Z,Price change,2024-03-02T00:00:00.000Z,Price change,2024-02-27T00:00:00.000Z,Listed for sale,,,,,,,,,,,,,,,,,,,,,,,,,,,,,,,,,,,,,,,,
"24-1 Five Oddie Ln, Ward, AR 72023",24-1 Five Oddie Ln,FOR_RENT,2,825,0,0,24,https://www.zillow.com/homedetails/24-1-Five-Oddie-Ln-Ward-AR-72023/464237325_zpid/,/homedetails/24-1-Five-Oddie-Ln-Ward-AR-72023/464237325_zpid/,,2026-07-30T00:00:00.000Z,Listed for rent,,,,,,,,,,,,,,,,,,,,,,,,,,,,,,,,,,,,,,,,,,,,,,,,,,,,,,
"50 Swayze Rhys Ln, Cabot, AR 72023",50 Swayze Rhys Ln,FOR_RENT,4,1652,1700,1700,9,https://www.zillow.com/homedetails/50-Swayze-Rhys-Ln-Cabot-AR-72023/350308169_zpid/,/homedetails/50-Swayze-Rhys-Ln-Cabot-AR-72023/350308169_zpid/,217825,2026-08-19T00:00:00.000Z,Price change,2026-08-15T00:00:00.000Z,Listed for rent,2026-08-15T00:00:00.000Z,Listing removed,2026-08-08T00:00:00.000Z,Price change,2026-06-16T00:00:00.000Z,Listed for sale,2024-08-29T00:00:00.000Z,Sold,2024-05-31T00:00:00.000Z,Listing removed,2024-05-18T00:00:00.000Z,Listed for sale,,,,,,,,,,,,,,,,,,,,,,,,,,,,,,,,,,,,,,,,
"85 Kyndall Lauren Ln, Cabot, AR 72023",85 Kyndall Lauren Ln,FOR_RENT,3,1244,1500,1500,7,https://www.zillow.com/homedetails/85-Kyndall-Lauren-Ln-Cabot-AR-72023/442588183_zpid/,/homedetails/85-Kyndall-Lauren-Ln-Cabot-AR-72023/442588183_zpid/,179900,2026-07-28T00:00:00.000Z,Listed for rent,2025-04-21T00:00:00.000Z,Sold,2025-03-19T00:00:00.000Z,Contingent,2025-03-07T00:00:00.000Z,Price change,2025-02-28T00:00:00.000Z,Price change,2025-01-25T00:00:00.000Z,Price change,2025-01-20T00:00:00.000Z,Price change,2024-12-27T00:00:00.000Z,Price change,2024-12-10T00:00:00.000Z,Listed for sale,2024-11-20T00:00:00.000Z,Listing removed,2024-11-14T00:00:00.000Z,Listed for sale,,,,,,,,,,,,,,,,,,,,,,,,,,,,,,,,,,
"55 Maddison Rachael, Cabot, AR 72023",55 Maddison Rachael,FOR_RENT,4,1459,1595,1595,23,https://www.zillow.com/homedetails/55-Maddison-Rachael-Cabot-AR-72023/461972684_zpid/,/homedetails/55-Maddison-Rachael-Cabot-AR-72023/461972684_zpid/,212900,2026-07-31T00:00:00.000Z,Listed for rent,2026-07-24T00:00:00.000Z,Sold,2026-06-01T00:00:00.000Z,Contingent,2026-04-24T00:00:00.000Z,Listed for sale,,,,,,,,,,,,,,,,,,,,,,,,,,,,,,,,,,,,,,,,,,,,,,,,
"6312 Warwick Dr, Bryant, AR 72002",6312 Warwick Dr,FOR_RENT,4,1849,2200,2200,67,https://www.zillow.com/homedetails/6312-Warwick-Dr-Bryant-AR-72002/460975832_zpid/,/homedetails/6312-Warwick-Dr-Bryant-AR-72002/460975832_zpid/,267000,2026-06-29T00:00:00.000Z,Sold,2026-06-17T00:00:00.000Z,Listed for rent,2026-06-04T00:00:00.000Z,Contingent,2026-03-11T00:00:00.000Z,Listed for sale,,,,,,,,,,,,,,,,,,,,,,,,,,,,,,,,,,,,,,,,,,,,,,,,
"6316 Warwick Dr, Alexander, AR 72002",6316 Warwick Dr,FOR_RENT,4,1884,2400,2400,23,https://www.zillow.com/homedetails/6316-Warwick-Dr-Alexander-AR-72002/461049113_zpid/,/homedetails/6316-Warwick-Dr-Alexander-AR-72002/461049113_zpid/,277000,2026-07-31T00:00:00.000Z,Listed for rent,2026-06-29T00:00:00.000Z,Sold,2026-05-29T00:00:00.000Z,Contingent,2026-05-29T00:00:00.000Z,Price change,2026-03-14T00:00:00.000Z,Listed for sale,,,,,,,,,,,,,,,,,,,,,,,,,,,,,,,,,,,,,,,,,,,,,,
"6016 Croft Ave, Benton, AR 72019",6016 Croft Ave,FOR_RENT,4,1496,1650,1650,62,https://www.zillow.com/homedetails/6016-Croft-Ave-Benton-AR-72019/443422808_zpid/,/homedetails/6016-Croft-Ave-Benton-AR-72019/443422808_zpid/,212675,2026-06-22T00:00:00.000Z,Listed for rent,2025-06-13T00:00:00.000Z,Listing removed,2025-06-05T00:00:00.000Z,Listed for rent,2025-05-30T00:00:00.000Z,Sold,2025-05-01T00:00:00.000Z,Contingent,2025-04-15T00:00:00.000Z,Price change,2025-04-04T00:00:00.000Z,Price change,2025-03-18T00:00:00.000Z,Price change,2025-03-07T00:00:00.000Z,Price change,2025-01-11T00:00:00.000Z,Listed for sale,2024-12-19T00:00:00.000Z,Listing removed,2024-12-17T00:00:00.000Z,Listed for sale,2023-06-16T00:00:00.000Z,Sold,,,,,,,,,,,,,,,,,,,,,,,,,,,,,,
"5000 Red Fox Trl, Bauxite, AR 72011",5000 Red Fox Trl,FOR_RENT,4,1672,1695,1695,27,https://www.zillow.com/homedetails/5000-Red-Fox-Trl-Bauxite-AR-72011/2069984402_zpid/,/homedetails/5000-Red-Fox-Trl-Bauxite-AR-72011/2069984402_zpid/,252452,2026-07-28T00:00:00.000Z,Listed for rent,2026-06-24T00:00:00.000Z,Sold,2026-06-24T00:00:00.000Z,Contingent,2026-03-06T00:00:00.000Z,Listed for sale,2022-03-09T00:00:00.000Z,Sold,,,,,,,,,,,,,,,,,,,,,,,,,,,,,,,,,,,,,,,,,,,,,,
"5041 Red Fox Trl, Bauxite, AR 72011",5041 Red Fox Trl,FOR_RENT,3,1200,1600,1600,68,https://www.zillow.com/homedetails/5041-Red-Fox-Trl-Bauxite-AR-72011/2071703035_zpid/,/homedetails/5041-Red-Fox-Trl-Bauxite-AR-72011/2071703035_zpid/,191000,2026-06-23T00:00:00.000Z,Price change,2026-06-16T00:00:00.000Z,Listed for rent,2021-09-17T00:00:00.000Z,Sold,2021-06-24T00:00:00.000Z,Pending sale,2021-06-23T00:00:00.000Z,Contingent,2021-06-04T00:00:00.000Z,Price change,2021-04-30T00:00:00.000Z,Price change,2021-04-22T00:00:00.000Z,Price change,2021-04-16T00:00:00.000Z,Price change,2021-04-14T00:00:00.000Z,Listed for sale,,,,,,,,,,,,,,,,,,,,,,,,,,,,,,,,,,,,
"2707 1st, Maumelle, AR 72113",2707 1st,FOR_RENT,4,2300,1995,1995,19,https://www.zillow.com/homedetails/2707-1st-Maumelle-AR-72113/453435487_zpid/,/homedetails/2707-1st-Maumelle-AR-72113/453435487_zpid/,,2026-08-04T00:00:00.000Z,Listed for rent,2025-07-31T00:00:00.000Z,Listing removed,2025-06-17T00:00:00.000Z,Listed for rent,,,,,,,,,,,,,,,,,,,,,,,,,,,,,,,,,,,,,,,,,,,,,,,,,,
"160 Bighorn Trl, Maumelle, AR 72113",160 Bighorn Trl,FOR_RENT,5,1884,2050,2050,43,https://www.zillow.com/homedetails/160-Bighorn-Trl-Maumelle-AR-72113/461212873_zpid/,/homedetails/160-Bighorn-Trl-Maumelle-AR-72113/461212873_zpid/,,2026-08-19T00:00:00.000Z,Listing removed,2026-07-11T00:00:00.000Z,Listed for rent,2026-06-24T00:00:00.000Z,Contingent,2026-03-22T00:00:00.000Z,Listed for sale,,,,,,,,,,,,,,,,,,,,,,,,,,,,,,,,,,,,,,,,,,,,,,,,
"144 Jonathan Dr, Maumelle, AR 72113",144 Jonathan Dr,FOR_RENT,3,1402,1800,1800,21,https://www.zillow.com/homedetails/144-Jonathan-Dr-Maumelle-AR-72113/462538135_zpid/,/homedetails/144-Jonathan-Dr-Maumelle-AR-72113/462538135_zpid/,225150,2026-08-23T00:00:00.000Z,Price change,2026-08-02T00:00:00.000Z,Listed for rent,2026-07-31T00:00:00.000Z,Sold,2026-07-06T00:00:00.000Z,Contingent,2026-06-17T00:00:00.000Z,Price change,2026-06-08T00:00:00.000Z,Price change,2026-05-19T00:00:00.000Z,Listed for sale,,,,,,,,,,,,,,,,,,,,,,,,,,,,,,,,,,,,,,,,,,
"503 Cain Trl, Maumelle, AR 72113",503 Cain Trl,FOR_RENT,3,1646,2300,2300,23,https://www.zillow.com/homedetails/503-Cain-Trl-Maumelle-AR-72113/457576378_zpid/,/homedetails/503-Cain-Trl-Maumelle-AR-72113/457576378_zpid/,292000,2026-07-31T00:00:00.000Z,Listed for rent,2026-03-17T00:00:00.000Z,Sold,2026-02-23T00:00:00.000Z,Contingent,2026-01-30T00:00:00.000Z,Price change,2025-10-20T00:00:00.000Z,Listed for sale,,,,,,,,,,,,,,,,,,,,,,,,,,,,,,,,,,,,,,,,,,,,,,
"8616 Eastwood Creek Dr, North Little Rock, AR 72113",8616 Eastwood Creek Dr,FOR_RENT,3,1722,1950,1950,3,https://www.zillow.com/homedetails/8616-Eastwood-Creek-Dr-North-Little-Rock-AR-72113/2059022685_zpid/,/homedetails/8616-Eastwood-Creek-Dr-North-Little-Rock-AR-72113/2059022685_zpid/,246600,2026-08-20T00:00:00.000Z,Listed for rent,2026-08-20T00:00:00.000Z,Listing removed,2026-08-08T00:00:00.000Z,Price change,2026-07-16T00:00:00.000Z,Listed for rent,2023-06-12T00:00:00.000Z,Sold,2023-05-02T00:00:00.000Z,Contingent,2023-03-02T00:00:00.000Z,Listed for sale,2023-03-01T00:00:00.000Z,Contingent,2023-02-24T00:00:00.000Z,Listed for sale,,,,,,,,,,,,,,,,,,,,,,,,,,,,,,,,,,,,,,
"170 Bighorn Trl, Maumelle, AR 72113",170 Bighorn Trl,FOR_RENT,3,1382,1850,1850,1,https://www.zillow.com/homedetails/170-Bighorn-Trl-Maumelle-AR-72113/461017693_zpid/,/homedetails/170-Bighorn-Trl-Maumelle-AR-72113/461017693_zpid/,,2026-08-22T00:00:00.000Z,Listed for rent,2026-08-22T00:00:00.000Z,Listing removed,2026-08-19T00:00:00.000Z,Listing removed,2026-07-11T00:00:00.000Z,Listed for rent,2026-06-24T00:00:00.000Z,Contingent,2026-03-13T00:00:00.000Z,Listed for sale,,,,,,,,,,,,,,,,,,,,,,,,,,,,,,,,,,,,,,,,,,,,
"165 Bighorn Trl, Maumelle, AR 72113",165 Bighorn Trl,FOR_RENT,4,1533,1895,1895,44,https://www.zillow.com/homedetails/165-Bighorn-Trl-Maumelle-AR-72113/461212840_zpid/,/homedetails/165-Bighorn-Trl-Maumelle-AR-72113/461212840_zpid/,,2026-08-19T00:00:00.000Z,Listing removed,2026-07-10T00:00:00.000Z,Listed for rent,2026-06-24T00:00:00.000Z,Contingent,2026-03-22T00:00:00.000Z,Listed for sale,,,,,,,,,,,,,,,,,,,,,,,,,,,,,,,,,,,,,,,,,,,,,,,,
"6003 NW Reynolds St, Bentonville, AR 72713",6003 NW Reynolds St,FOR_RENT,3,1761,1645,1645,106,https://www.zillow.com/homedetails/6003-NW-Reynolds-St-Bentonville-AR-72713/2062784345_zpid/,/homedetails/6003-NW-Reynolds-St-Bentonville-AR-72713/2062784345_zpid/,306445,2026-06-18T00:00:00.000Z,Price change,2026-06-04T00:00:00.000Z,Price change,2026-05-21T00:00:00.000Z,Price change,2026-05-09T00:00:00.000Z,Listed for rent,2023-02-28T00:00:00.000Z,Sold,2023-02-10T00:00:00.000Z,Price change,2022-12-09T00:00:00.000Z,Price change,2022-11-12T00:00:00.000Z,Price change,2022-08-19T00:00:00.000Z,Price change,2022-06-13T00:00:00.000Z,Listed for sale,,,,,,,,,,,,,,,,,,,,,,,,,,,,,,,,,,,,
"2400 SW Ednruance Way #2, Maumelle, AR 72113",2400 SW Ednruance Way #2,FOR_RENT,3,1200,2125,2125,62,https://www.zillow.com/homedetails/2400-SW-Ednruance-Way-2-Maumelle-AR-72113/463401793_zpid/,/homedetails/2400-SW-Ednruance-Way-2-Maumelle-AR-72113/463401793_zpid/,,2026-06-23T00:00:00.000Z,Listed for rent,,,,,,,,,,,,,,,,,,,,,,,,,,,,,,,,,,,,,,,,,,,,,,,,,,,,,,
